Date;Match ID;League;country;Time;Status;Diff_Prob;OddAsianOverGoals_FT;AsianOverGoals_FT;OddAsianUnderGoals_FT;AsianUnderGoals_FT;corners_home;corners_away;corners_FT;corners_home_HT;corners_away_HT;Corners_HT;attack_FT;dangerous_attack_FT;possession_FT;Home;Home Pos;Home Red Cards;Home Yellow Cards;Odd_H_FT;Goals_H_HT;Goals_H_FT;Score;Odd_D_FT;Away;Away Pos;Away Red Cards;Away Yellow Cards;Odd_A_FT;Goals_A_HT;Goals_A_FT;Handicap;Corners (FT);Corners (HT);Total Goals Line (FT);Total Goals Line (HT);Dangerous Attacks (FT);Dangerous Attacks (HT);half_dangerous_attack_away;half_dangerous_attack_home;half_possession_away;half_possession_home;half_shoot_off_target_away;half_shoot_off_target_home;half_shoot_on_target_away;half_shoot_on_target_home;odds_lose_odds;odds_win_odds;odds_draw_odds;handicap_goal_over_line;handicap_goal_over_odds;handicap_goal_under_odds;handicap_goal_under_line;attack_away;attack_home;dangerous_attack_away;dangerous_attack_home;possession_away;possession_home;shoot_off_target_away;shoot_off_target_home;shoot_on_target_away;shoot_on_target_home;GoalMinutes;goal_minutes_real;goal_periods;is_extra_time;goal_scorers;goal_diff_before_list;goal_diff_after_list;period_result_before_list;period_result_after_list;pct_time_drawing;pct_time_home_winning;pct_time_away_winning;pct_time_drawing_HT;pct_time_home_winning_HT;pct_time_away_winning_HT;api_H_id;api_A_id;api_H_name;api_A_name;odd_yes_abertura;odd_yes_fechamento;category
2026-05-03;193835907;Australia New South Wales U20 League;Australia;00:00;Full;-0.018115942028985532;1.95;3.5;1.85;3.5;4.0;2.0;;2.0;2.0;4.0;240.0;134.0;;Wollongong Wolves U20;;0.0;1.0;2.4;0;2.0;2 - 1;3.7;Rockdale Ilinden FC U20;;0.0;0.0;2.3;1;1.0;0.0;4 - 2;2-2;3.5;1.5;69 - 65;26 - 45;45.0;26.0;;;5.0;2.0;5.0;1.0;;;;;;;;104.0;136.0;65.0;69.0;;;5.0;4.0;7.0;5.0;;[12 65 80];[1 2 2];[False False False];['Rockdale Ilinden FC U20' 'Wollongong Wolves U20' 'Wollongong Wolves U20'];[ 0 -1  0];[-1  0  1];['D' 'A' 'D'];['A' 'D' 'H'];0.3;0.11;0.59;0.27;0.0;0.73;2940.0;92210.0;wollongong wolves fc;rockdale ilinden fc;;;Youth
2026-05-03;193417691;Australia Northern NSW Premier League;Australia;00:00;Full;-0.5664711632453567;1.825;3.5;1.975;3.5;3.0;4.0;;2.0;3.0;5.0;322.0;205.0;100.0;Kahibah FC;;0.0;2.0;6.0;1;1.0;1 - 3;4.75;Broadmeadow Magic;;0.0;2.0;1.364;1;3.0;+1.5;3 - 4;2-3;3.5;1.5;77 - 128;36 - 56;56.0;36.0;56.0;44.0;10.0;2.0;5.0;2.0;;;;;;;;175.0;147.0;128.0;77.0;51.0;49.0;17.0;3.0;9.0;2.0;;[ 2 15 64 67];[1 1 2 2];[False False False False];['Broadmeadow Magic' 'Kahibah FC' 'Broadmeadow Magic' 'Broadmeadow Magic'];[ 0 -1  0 -1];[-1  0 -1 -2];['D' 'A' 'D' 'A'];['A' 'D' 'A' 'A'];0.57;0.0;0.43;0.71;0.0;0.29;;;;;;;
2026-05-03;193711628;Mexico Liga MX;Mexico;00:15;Full;-0.3300142247510668;2.05;2.0, 2.5;1.75;2.0, 2.5;2.0;5.0;;1.0;2.0;3.0;167.0;67.0;100.0;Atlas;;0.0;2.0;4.75;0;2.0;2 - 3;3.4;Cruz Azul;;0.0;3.0;1.85;1;3.0;+0.5;2 - 5;1-2;2.25;0.75;33 - 34;10 - 11;11.0;10.0;54.0;46.0;0.0;5.0;4.0;0.0;;;;;;;;73.0;94.0;34.0;33.0;44.0;56.0;1.0;11.0;9.0;2.0;;[48 55 69 81 87];[1 2 2 2 2];[ True False False False False];['Cruz Azul' 'Cruz Azul' 'Atlas' 'Atlas' 'Cruz Azul'];[ 0 -1 -2 -1  0];[-1 -2 -1  0 -1];['D' 'A' 'A' 'A' 'D'];['A' 'A' 'A' 'D' 'A'];0.6;0.0;0.4;1.0;0.0;0.0;376766.0;1947.0;atlas fc;cf cruz azul;1.9;2.1;
2026-05-03;193893183;India I-League 3;India;00:30;Full;-0.29332450988501946;1.975;3.0, 3.5;1.825;3.0, 3.5;2.0;8.0;;2.0;0.0;2.0;230.0;153.0;;Ara FC;;1.0;2.0;3.5;1;1.0;1 - 1;4.0;Mawlai SC;;0.0;1.0;1.727;0;1.0;+0.5;2 - 8;2-0;3.25;1.25;52 - 101;32 - 38;38.0;32.0;;;5.0;2.0;0.0;1.0;;;;;;;;143.0;87.0;101.0;52.0;;;6.0;4.0;5.0;1.0;;[18 62];[1 2];[False False];['Ara FC' 'Mawlai SC'];[0 1];[1 0];['D' 'H'];['H' 'D'];0.51;0.49;0.0;0.4;0.6;0.0;;;;;;;
2026-05-03;193971777;India I-League 3;India;00:30;Full;-0.26143790849673204;1.9;3.0;1.9;3.0;2.0;11.0;;0.0;8.0;8.0;102.0;120.0;;Techtro Swades United FC;;0.0;1.0;3.4;0;1.0;1 - 2;3.75;Royal Rangers FC;;0.0;1.0;1.8;0;2.0;+0.5;2 - 11;0-8;3.0;1.25;38 - 82;21 - 52;52.0;21.0;;;1.0;0.0;3.0;0.0;;;;;;;;57.0;45.0;82.0;38.0;;;3.0;0.0;6.0;1.0;;[54 73 85];[2 2 2];[False False False];['Royal Rangers FC' 'Royal Rangers FC' 'Techtro Swades United FC'];[ 0 -1 -2];[-1 -2 -1];['D' 'A' 'A'];['A' 'A' 'A'];0.6;0.0;0.4;1.0;0.0;0.0;;;;;;;
2026-05-03;193887297;Japan L1 League Women;Japan;01:00;Full;0.4144736842105263;1.85;2.5;1.95;2.5;10.0;6.0;;3.0;0.0;3.0;94.0;110.0;;Iga FC Kunoichi (W);;0.0;0.0;1.6;0;1.0;1 - 2;3.7;Okayama Yunogo Belle (W);;0.0;0.0;4.75;0;2.0;-1.0;10 - 6;3-0;2.5;1.0;72 - 38;33 - 15;15.0;33.0;;;3.0;2.0;2.0;3.0;;;;;;;;40.0;54.0;38.0;72.0;;;4.0;7.0;7.0;9.0;;[70 75 90];[2 2 2];[False False False];"['Okayama Yunogo Belle (W)' 'Okayama Yunogo Belle (W)'
 'Iga FC Kunoichi (W)']";[ 0 -1 -2];[-1 -2 -1];['D' 'A' 'A'];['A' 'A' 'A'];0.78;0.0;0.22;1.0;0.0;0.0;;;;;;;Women
2026-05-03;193887292;Japan L2 League Women;Japan;01:00;Full;-0.12028869286287086;1.85;2.5;1.95;2.5;3.0;7.0;;1.0;3.0;4.0;162.0;156.0;;FC Osaka Speranza (W);;0.0;1.0;2.9;1;1.0;1 - 0;3.4;Diosa Izumo (W);;0.0;0.0;2.15;0;0.0;+0.25;3 - 7;1-3;2.5;1.0;77 - 79;35 - 31;31.0;35.0;;;3.0;0.0;2.0;4.0;;;;;;;;100.0;62.0;79.0;77.0;;;7.0;4.0;4.0;8.0;;[31];[1];[False];['FC Osaka Speranza (W)'];[0];[1];['D'];['H'];0.34;0.66;0.0;0.69;0.31;0.0;;;;;;;Women
2026-05-03;193887276;Japan L2 League Women;Japan;01:00;Full;0.3955342902711324;2.025;2.0, 2.5;1.775;2.0, 2.5;3.0;2.0;;1.0;0.0;1.0;99.0;76.0;100.0;Kibi University (W);;0.0;0.0;1.65;1;2.0;2 - 0;3.3;Veertien Mie (W);;0.0;1.0;4.75;0;0.0;-0.75;3 - 2;1-0;2.25;1.0;45 - 31;19 - 17;17.0;19.0;47.0;53.0;2.0;3.0;3.0;2.0;;;;;;;;48.0;51.0;31.0;45.0;46.0;54.0;3.0;9.0;6.0;6.0;;[ 5 73];[1 2];[False False];['Kibi University (W)' 'Kibi University (W)'];[0 1];[1 2];['D' 'H'];['H' 'H'];0.06;0.94;0.0;0.11;0.89;0.0;;;;;;;Women
2026-05-03;193883977;Japan Women Empowerment League;Japan;01:00;Full;-0.19696969696969696;1.85;2.0, 2.5;1.95;2.0, 2.5;2.0;2.0;;0.0;1.0;1.0;169.0;98.0;100.0;JEF Utd Chiba (W);;0.0;3.0;3.3;0;0.0;0 - 1;3.2;Cerezo Osaka (W);;0.0;0.0;2.0;1;1.0;+0.25;2 - 2;0-1;2.25;1.0;47 - 51;21 - 27;27.0;21.0;42.0;58.0;3.0;2.0;1.0;2.0;;;;;;;;81.0;88.0;51.0;47.0;44.0;56.0;6.0;6.0;5.0;4.0;;[29];[1];[False];['Cerezo Osaka (W)'];[0];[-1];['D'];['A'];0.32;0.0;0.68;0.64;0.0;0.36;3144.0;3141.0;jef united chiba;cerezo osaka;;;Women
2026-05-03;193971446;Japan JFL Cup;Japan;01:00;Full;0.12028869286287086;1.825;2.0, 2.5;1.975;2.0, 2.5;2.0;9.0;;2.0;3.0;5.0;146.0;160.0;;Minebea Mitsumi;;1.0;0.0;2.15;0;0.0;0 - 2;3.4;Verspah Oita;;1.0;2.0;2.9;1;2.0;-0.25;2 - 9;2-3;2.25;1.0;79 - 81;39 - 39;39.0;39.0;;;0.0;2.0;3.0;0.0;;;;;;;;71.0;75.0;81.0;79.0;;;1.0;6.0;6.0;0.0;;[34 81];[1 2];[False False];['Verspah Oita' 'Verspah Oita'];[ 0 -1];[-1 -2];['D' 'A'];['A' 'A'];0.38;0.0;0.62;0.76;0.0;0.24;;;;;;;
2026-05-03;193200102;Japan J2/J3 Centennial League;Japan;01:00;Full;0.367965367965368;1.95;2.5;1.85;2.5;7.0;3.0;;4.0;1.0;5.0;120.0;111.0;100.0;Vanraure Hachinohe;;0.0;1.0;1.65;0;0.0;0 - 1;3.7;Thespa Gunma;;0.0;0.0;4.2;0;1.0;-0.75;7 - 3;4-1;2.5;1.0;75 - 36;42 - 16;16.0;42.0;46.0;54.0;2.0;4.0;1.0;0.0;;;;;;;;53.0;67.0;36.0;75.0;45.0;55.0;4.0;5.0;4.0;0.0;;[51];[2];[False];['Thespa Gunma'];[0];[-1];['D'];['A'];0.57;0.0;0.43;1.0;0.0;0.0;118478.0;21906.0;vanraure hachinohe fc;thespakusatsu;1.9;1.83;
2026-05-03;193832309;Japan L1 League Women;Japan;01:00;Full;0.3752926074152383;1.85;2.5, 3.0;1.95;2.5, 3.0;3.0;1.0;;3.0;0.0;3.0;183.0;77.0;100.0;Yokohama FC Seagulls (W);;0.0;0.0;1.615;1;3.0;3 - 1;3.8;Nittaidai FC (W);;0.0;0.0;4.1;1;1.0;-0.75;3 - 1;3-0;2.75;1.0;42 - 35;23 - 12;12.0;23.0;54.0;46.0;0.0;2.0;2.0;6.0;;;;;;;;89.0;94.0;35.0;42.0;51.0;49.0;0.0;6.0;5.0;9.0;;[26 34 46 58];[1 1 2 2];[False False False False];"['Nittaidai FC (W)' 'Yokohama FC Seagulls (W)' 'Yokohama FC Seagulls (W)'
 'Yokohama FC Seagulls (W)']";[ 0 -1  0  1];[-1  0  1  2];['D' 'A' 'D' 'H'];['A' 'D' 'H' 'H'];0.42;0.49;0.09;0.82;0.0;0.18;;;;;;;Women
2026-05-03;193832307;Japan JFL Cup;Japan;01:00;Full;-0.06189555125725338;2.0;2.0, 2.5;1.8;2.0, 2.5;3.0;3.0;;1.0;2.0;3.0;131.0;75.0;100.0;Veertien Mie;;0.0;1.0;2.75;0;0.0;0 - 2;3.1;Maruyasu Okazaki;;0.0;1.0;2.35;1;2.0;0.0;3 - 3;1-2;2.25;0.75;44 - 31;23 - 15;15.0;23.0;49.0;51.0;3.0;2.0;1.0;2.0;;;;;;;;61.0;70.0;31.0;44.0;46.0;54.0;4.0;9.0;3.0;3.0;;[32 84];[1 2];[False False];['Maruyasu Okazaki' 'Maruyasu Okazaki'];[ 0 -1];[-1 -2];['D' 'A'];['A' 'A'];0.36;0.0;0.64;0.71;0.0;0.29;;;;;;;
2026-05-03;193832305;Japan J2/J3 Centennial League;Japan;01:00;Full;0.14253563390847712;2.025;2.0, 2.5;1.775;2.0, 2.5;8.0;0.0;;2.0;0.0;2.0;147.0;93.0;100.0;Matsumoto Y FC;;0.0;2.0;2.15;0;0.0;0 - 1;3.0;Ventforet Kofu;;0.0;4.0;3.1;0;1.0;0.0;8 - 0;2-0;2.25;0.75;67 - 26;26 - 12;12.0;26.0;40.0;60.0;1.0;2.0;0.0;1.0;;;;;;;;60.0;87.0;26.0;67.0;39.0;61.0;2.0;11.0;1.0;2.0;;[47];[2];[False];['Ventforet Kofu'];[0];[-1];['D'];['A'];0.52;0.0;0.48;1.0;0.0;0.0;26011.0;5762.0;matsumoto yamaga fc;ventforet kofu;1.9;2.0;
2026-05-03;193832293;Japan L2 League Women;Japan;01:00;Full;-0.20588235294117646;2.025;2.0, 2.5;1.775;2.0, 2.5;1.0;4.0;;0.0;3.0;3.0;157.0;79.0;100.0;SEISA OSA Rheia FC (W);;0.0;1.0;3.4;0;1.0;1 - 2;3.1;Bunnys Gunma FC White Star (W);;0.0;2.0;2.0;2;2.0;+0.25;1 - 4;0-3;2.25;1.0;29 - 50;12 - 30;30.0;12.0;50.0;50.0;5.0;3.0;7.0;1.0;;;;;;;;83.0;74.0;50.0;29.0;48.0;52.0;7.0;9.0;9.0;3.0;;[ 2 22 86];[1 1 2];[False False False];"['Bunnys Gunma FC White Star (W)' 'Bunnys Gunma FC White Star (W)'
 'SEISA OSA Rheia FC (W)']";[ 0 -1 -2];[-1 -2 -1];['D' 'A' 'A'];['A' 'A' 'A'];0.02;0.0;0.98;0.04;0.0;0.96;;;;;;;Women
2026-05-03;193857099;Australia Tasmania Super League Women;Australia;01:00;Full;0.7407605307685458;1.85;4.0, 4.5;1.95;4.0, 4.5;8.0;4.0;;5.0;1.0;6.0;227.0;149.0;;South Hobart (W);;0.0;1.0;1.182;3;6.0;6 - 0;6.5;Launceston United (W);;0.0;1.0;9.5;0;0.0;-2.25;8 - 4;5-1;4.25;1.75;107 - 42;52 - 24;24.0;52.0;;;2.0;4.0;3.0;7.0;;;;;;;;105.0;122.0;42.0;107.0;;;3.0;11.0;4.0;14.0;;[27 33 40 62 77 86];[1 1 1 2 2 2];[False False False False False False];"['South Hobart (W)' 'South Hobart (W)' 'South Hobart (W)'
 'South Hobart (W)' 'South Hobart (W)' 'South Hobart (W)']";[0 1 2 3 4 5];[1 2 3 4 5 6];['D' 'H' 'H' 'H' 'H' 'H'];['H' 'H' 'H' 'H' 'H' 'H'];0.3;0.7;0.0;0.6;0.4;0.0;;;;;;;Women
2026-05-03;193832311;Japan L1 League Women;Japan;01:00;Full;0.25252525252525254;1.9;3.0;1.9;3.0;6.0;3.0;;2.0;3.0;5.0;168.0;83.0;100.0;Shizuoka SSU Asregina (W);;0.0;0.0;1.8;1;1.0;1 - 0;3.8;Viamaterras Miyazaki (W);;0.0;1.0;3.3;0;0.0;-0.5;6 - 3;2-3;3.0;1.25;34 - 49;14 - 25;25.0;14.0;64.0;36.0;5.0;6.0;3.0;4.0;;;;;;;;92.0;76.0;49.0;34.0;60.0;40.0;8.0;15.0;4.0;7.0;;[21];[1];[False];['Shizuoka SSU Asregina (W)'];[0];[1];['D'];['H'];0.23;0.77;0.0;0.47;0.53;0.0;;;;;;;Women
2026-05-03;193966463;Japan Women Empowerment League;Japan;01:05;Full;-0.044579533941236094;2.0;2.0, 2.5;1.8;2.0, 2.5;2.0;3.0;;1.0;1.0;2.0;86.0;51.0;100.0;Sanfrecce Hiroshima (W);;0.0;0.0;2.625;2;2.0;2 - 0;3.25;NTV Beleza (W);;0.0;1.0;2.35;0;0.0;+0.25;2 - 3;1-1;2.25;1.0;29 - 22;21 - 8;8.0;21.0;38.0;62.0;2.0;4.0;0.0;3.0;;;;;;;;38.0;48.0;22.0;29.0;46.0;54.0;6.0;8.0;5.0;3.0;;[ 9 43];[1 1];[False False];['Sanfrecce Hiroshima (W)' 'Sanfrecce Hiroshima (W)'];[0 1];[1 2];['D' 'H'];['H' 'H'];0.1;0.9;0.0;0.2;0.8;0.0;3135.0;;sanfrecce hiroshima;;;;Women
2026-05-03;193832302;Japan Regional League;Japan;01:30;Full;0.3560606060606061;1.925;3.0;1.875;3.0;2.0;10.0;;0.0;2.0;2.0;182.0;60.0;100.0;Mitsubishi Mizushima;;0.0;3.0;1.65;2;5.0;5 - 1;3.8;Yonago Genki SC;;0.0;0.0;4.0;1;1.0;-0.75;2 - 10;0-2;3.0;1.25;30 - 30;13 - 17;17.0;13.0;63.0;37.0;3.0;2.0;2.0;2.0;;;;;;;;97.0;85.0;30.0;30.0;63.0;37.0;6.0;5.0;3.0;6.0;;[15 17 28 52 57 68];[1 1 1 2 2 2];[False False False False False False];"['Mitsubishi Mizushima' 'Mitsubishi Mizushima' 'Yonago Genki SC'
 'Mitsubishi Mizushima' 'Mitsubishi Mizushima' 'Mitsubishi Mizushima']";[0 1 2 1 2 3];[1 2 1 2 3 4];['D' 'H' 'H' 'H' 'H' 'H'];['H' 'H' 'H' 'H' 'H' 'H'];0.17;0.83;0.0;0.33;0.67;0.0;;;;;;;
2026-05-03;193853205;Australia Capital Territory Premier League Women;Australia;01:30;Full;0.9512659432705121;1.975;4.0;1.825;4.0;10.0;3.0;;5.0;1.0;6.0;202.0;103.0;;Canberra Olympic (W);;0.0;0.0;1.03;2;7.0;7 - 1;15.0;West Canberra Wanderers FC (W);;0.0;1.0;51.0;1;1.0;-3.25;10 - 3;5-1;4.0;1.75;74 - 29;35 - 11;11.0;35.0;;;1.0;2.0;1.0;3.0;;;;;;;;95.0;107.0;29.0;74.0;;;1.0;4.0;1.0;9.0;;[ 3 17 38 53 58 64 84 88];[1 1 1 2 2 2 2 2];[False False False False False False False False];"['West Canberra Wanderers FC (W)' 'Canberra Olympic (W)'
 'Canberra Olympic (W)' 'Canberra Olympic (W)' 'Canberra Olympic (W)'
 'Canberra Olympic (W)' 'Canberra Olympic (W)' 'Canberra Olympic (W)']";[ 0 -1  0  1  2  3  4  5];[-1  0  1  2  3  4  5  6];['D' 'A' 'D' 'H' 'H' 'H' 'H' 'H'];['A' 'D' 'H' 'H' 'H' 'H' 'H' 'H'];0.27;0.58;0.16;0.53;0.16;0.31;;;;;;;Women
2026-05-03;193417553;Australia New South Wales Premier League;Australia;01:30;Full;0.5664711632453567;1.825;3.0;1.975;3.0;11.0;1.0;;2.0;0.0;2.0;166.0;90.0;100.0;Sydney United 58;;0.0;1.0;1.364;1;3.0;3 - 0;4.75;Sydney Olympic;;0.0;4.0;6.0;0;0.0;-1.5;11 - 1;2-0;3.0;1.25;67 - 23;29 - 11;11.0;29.0;38.0;62.0;2.0;5.0;0.0;2.0;;;;;;;;76.0;90.0;23.0;67.0;41.0;59.0;2.0;10.0;0.0;6.0;;[17 78 83];[1 2 2];[False False False];['Sydney United 58' 'Sydney United 58' 'Sydney United 58'];[0 1 2];[1 2 3];['D' 'H' 'H'];['H' 'H' 'H'];0.19;0.81;0.0;0.38;0.62;0.0;2939.0;2938.0;sydney united 58 fc;sydney olympic fc;1.83;1.83;
2026-05-03;193883954;Japan Regional League;Japan;01:30;Full;-0.5664711632453567;1.975;3.5;1.825;3.5;1.0;8.0;;1.0;3.0;4.0;194.0;100.0;100.0;Llamas Kochi FC;;0.0;2.0;6.0;0;1.0;1 - 9;4.75;SONIO Takamatsu;;0.0;0.0;1.364;3;9.0;+1.25;1 - 8;1-3;3.5;1.5;26 - 74;12 - 30;30.0;12.0;65.0;35.0;8.0;4.0;4.0;1.0;;;;;;;;123.0;71.0;74.0;26.0;67.0;33.0;15.0;5.0;15.0;3.0;;[14 36 46 48 56 61 74 84 86 87];[1 1 1 2 2 2 2 2 2 2];[False False  True False False False False False False False];"['SONIO Takamatsu' 'SONIO Takamatsu' 'SONIO Takamatsu' 'SONIO Takamatsu'
 'SONIO Takamatsu' 'SONIO Takamatsu' 'SONIO Takamatsu' 'SONIO Takamatsu'
 'SONIO Takamatsu' 'Llamas Kochi FC']";[ 0 -1 -2 -3 -4 -5 -6 -7 -8 -9];[-1 -2 -3 -4 -5 -6 -7 -8 -9 -8];['D' 'A' 'A' 'A' 'A' 'A' 'A' 'A' 'A' 'A'];['A' 'A' 'A' 'A' 'A' 'A' 'A' 'A' 'A' 'A'];0.16;0.0;0.84;0.3;0.0;0.7;;;;;;;
2026-05-03;193855899;Australia New South Wales NPL Women;Australia;01:40;Full;-0.20373514431239387;1.95;3.0;1.85;3.0;4.0;6.0;;2.0;3.0;5.0;222.0;108.0;100.0;Bulls FC Academy (W);;0.0;0.0;3.1;1;3.0;3 - 2;3.8;Apia L Tigers (W);;0.0;1.0;1.9;1;2.0;+0.5;4 - 6;2-3;3.0;1.25;66 - 42;34 - 16;16.0;34.0;49.0;51.0;1.0;4.0;3.0;1.0;;;;;;;;103.0;119.0;42.0;66.0;51.0;49.0;4.0;9.0;5.0;5.0;;[10 32 59 61 64];[1 1 2 2 2];[False False False False False];"['Apia L Tigers (W)' 'Bulls FC Academy (W)' 'Bulls FC Academy (W)'
 'Bulls FC Academy (W)' 'Apia L Tigers (W)']";[ 0 -1  0  1  2];[-1  0  1  2  1];['D' 'A' 'D' 'H' 'H'];['A' 'D' 'H' 'H' 'H'];0.41;0.34;0.24;0.51;0.0;0.49;;92202.0;;apia leichhardt;;;Women
2026-05-03;193200130;Japan J2/J3 Centennial League;Japan;02:00;Full;-0.13178294573643412;1.875;2.0, 2.5;1.925;2.0, 2.5;6.0;8.0;;3.0;5.0;8.0;130.0;109.0;100.0;Zweigen Kanazawa;;0.0;3.0;3.0;0;0.0;0 - 1;3.1;Kataller Toyama;;0.0;3.0;2.15;1;1.0;+0.25;6 - 8;3-5;2.25;1.0;60 - 49;27 - 29;29.0;27.0;61.0;39.0;3.0;2.0;3.0;1.0;;;;;;;;69.0;61.0;49.0;60.0;51.0;49.0;4.0;7.0;4.0;2.0;;[17];[1];[False];['Kataller Toyama'];[0];[-1];['D'];['A'];0.19;0.0;0.81;0.38;0.0;0.62;38138.0;34035.0;zweigen kanazawa;kataller toyama;1.83;1.83;
2026-05-03;193200118;Japan J2/J3 Centennial League;Japan;02:00;Full;0.37527362244648194;1.8;2.0, 2.5;2.0;2.0, 2.5;5.0;0.0;;1.0;0.0;1.0;196.0;106.0;100.0;FC Imabari;;0.0;0.0;1.65;1;1.0;1 - 2;3.5;Nara Club;;0.0;2.0;4.333;2;2.0;-0.75;5 - 0;1-0;2.25;1.0;72 - 34;22 - 17;17.0;22.0;52.0;48.0;0.0;4.0;3.0;1.0;;;;;;;;83.0;113.0;34.0;72.0;42.0;58.0;0.0;9.0;3.0;4.0;;[ 7 14 36];[1 1 1];[False False False];['Nara Club' 'FC Imabari' 'Nara Club'];[ 0 -1  0];[-1  0 -1];['D' 'A' 'D'];['A' 'D' 'A'];0.32;0.0;0.68;0.64;0.0;0.36;79907.0;38148.0;fc imabari;nara club;2.0;2.0;
2026-05-03;193855903;Australia New South Wales NPL Women;Australia;02:00;Full;0.09474590869939709;1.9;3.0;1.9;3.0;7.0;5.0;;2.0;4.0;6.0;160.0;126.0;;Macarthur Rams (W);;0.0;1.0;2.15;0;2.0;2 - 3;3.6;Gladesville Ravens (W);;0.0;1.0;2.7;1;3.0;-0.25;7 - 5;2-4;3.0;1.25;65 - 61;31 - 35;35.0;31.0;;;1.0;2.0;1.0;0.0;;;;;;;;81.0;79.0;61.0;65.0;;;1.0;7.0;3.0;2.0;;[20 48 58 84 96];[1 2 2 2 2];[False False False False  True];"['Gladesville Ravens (W)' 'Gladesville Ravens (W)' 'Macarthur Rams (W)'
 'Gladesville Ravens (W)' 'Macarthur Rams (W)']";[ 0 -1 -2 -1 -2];[-1 -2 -1 -2 -1];['D' 'A' 'A' 'A' 'A'];['A' 'A' 'A' 'A' 'A'];0.21;0.0;0.79;0.44;0.0;0.56;;;;;;;Women
2026-05-03;193826010;Japan Women Empowerment League;Japan;02:00;Full;0.5664711632453567;2.0;2.5, 3.0;1.8;2.5, 3.0;4.0;2.0;;2.0;0.0;2.0;171.0;47.0;100.0;Urawa Red Diamonds (W);;0.0;1.0;1.364;0;0.0;0 - 1;4.75;Mynavi Sendai (W);;0.0;1.0;6.0;0;1.0;-1.25;4 - 2;2-0;2.75;1.25;33 - 14;18 - 5;5.0;18.0;48.0;52.0;2.0;1.0;1.0;1.0;;;;;;;;72.0;99.0;14.0;33.0;48.0;52.0;5.0;3.0;2.0;1.0;;[83];[2];[False];['Mynavi Sendai (W)'];[0];[-1];['D'];['A'];0.92;0.0;0.08;1.0;0.0;0.0;3145.0;;urawa red diamonds;;;;Women
2026-05-03;193825975;Japan Women Empowerment League;Japan;02:00;Full;0.8474584300535317;1.9;3.0, 3.5;1.9;3.0, 3.5;9.0;3.0;;4.0;1.0;5.0;255.0;114.0;100.0;INAC Leonessa (W);;0.0;1.0;1.111;2;5.0;5 - 1;8.0;AC Nagano Parceiro (W);;0.0;0.0;19.0;0;1.0;-2.5;9 - 3;4-1;3.25;1.5;67 - 47;27 - 17;17.0;27.0;40.0;60.0;1.0;1.0;2.0;3.0;;;;;;;;114.0;141.0;47.0;67.0;39.0;61.0;2.0;12.0;4.0;10.0;;[ 2 19 58 61 70 86];[1 1 2 2 2 2];[False False False False False False];"['INAC Leonessa (W)' 'INAC Leonessa (W)' 'INAC Leonessa (W)'
 'AC Nagano Parceiro (W)' 'INAC Leonessa (W)' 'INAC Leonessa (W)']";[0 1 2 3 2 3];[1 2 3 2 3 4];['D' 'H' 'H' 'H' 'H' 'H'];['H' 'H' 'H' 'H' 'H' 'H'];0.02;0.98;0.0;0.04;0.96;0.0;;;;;;;Women
2026-05-03;193417556;Australia New South Wales Premier League;Australia;02:00;Full;-0.11255411255411252;1.925;3.0;1.875;3.0;3.0;5.0;;1.0;0.0;1.0;244.0;148.0;100.0;Wollongong Wolves;;0.0;0.0;2.75;2;2.0;2 - 2;3.7;Rockdale Ilinden FC;;0.0;1.0;2.1;0;2.0;+0.25;3 - 5;1-0;3.0;1.25;60 - 88;24 - 43;43.0;24.0;61.0;39.0;4.0;2.0;2.0;5.0;;;;;;;;144.0;100.0;88.0;60.0;59.0;41.0;9.0;6.0;8.0;8.0;;[15 30 76 93];[1 1 2 2];[False False False  True];"['Wollongong Wolves' 'Wollongong Wolves' 'Rockdale Ilinden FC'
 'Rockdale Ilinden FC']";[0 1 2 1];[1 2 1 0];['D' 'H' 'H' 'H'];['H' 'H' 'H' 'D'];0.16;0.84;0.0;0.33;0.67;0.0;2940.0;92210.0;wollongong wolves fc;rockdale ilinden fc;1.5;1.5;
2026-05-03;193417695;Australia Northern NSW Premier League;Australia;02:00;Full;0.026619343389529815;2.0;3.0, 3.5;1.8;3.0, 3.5;7.0;5.0;;1.0;4.0;5.0;140.0;110.0;100.0;Weston Workers FC;;0.0;2.0;2.3;1;2.0;2 - 2;3.7;Edgeworth Eagles;;0.0;1.0;2.45;1;2.0;0.0;7 - 5;1-4;3.25;1.25;60 - 50;24 - 29;29.0;24.0;39.0;61.0;3.0;3.0;2.0;1.0;;;;;;;;72.0;68.0;50.0;60.0;41.0;59.0;8.0;8.0;4.0;5.0;;[33 41 72 76];[1 1 2 2];[False False False False];"['Edgeworth Eagles' 'Weston Workers FC' 'Edgeworth Eagles'
 'Weston Workers FC']";[ 0 -1  0 -1];[-1  0 -1  0];['D' 'A' 'D' 'A'];['A' 'D' 'A' 'D'];0.87;0.0;0.13;0.82;0.0;0.18;;;;;;;
2026-05-03;193200107;Japan J2/J3 Centennial League;Japan;02:00;Full;0.32476857194143144;1.975;2.0, 2.5;1.825;2.0, 2.5;6.0;2.0;;2.0;0.0;2.0;150.0;75.0;100.0;Albirex Niigata Singapore;;0.0;0.0;1.8;1;2.0;2 - 1;3.2;Kamatamare Sanuki;;0.0;1.0;4.333;0;1.0;-0.5;6 - 2;2-0;2.25;1.0;39 - 36;22 - 15;15.0;22.0;31.0;69.0;1.0;4.0;3.0;5.0;;;;;;;;73.0;77.0;36.0;39.0;38.0;62.0;4.0;9.0;6.0;8.0;;[45 61 68];[1 2 2];[False False False];['Albirex Niigata' 'Albirex Niigata' 'Kamatamare Sanuki'];[ 0 -1 -2];[-1 -2 -3];['D' 'A' 'A'];['A' 'A' 'A'];0.5;0.0;0.5;1.0;0.0;0.0;34081.0;38157.0;albirex niigata (s);kamatamare sanuki;;;
2026-05-03;193830068;Australia Capital Territory Premier League Women;Australia;02:00;Full;0.5507246376811595;1.9;3.5;1.9;3.5;4.0;3.0;;3.0;1.0;4.0;131.0;118.0;;Belconnen United (W);;0.0;1.0;1.38;1;2.0;2 - 0;4.75;Canberra Croatia FC (W);;0.0;2.0;5.75;0;0.0;-1.5;4 - 3;3-1;3.5;1.5;68 - 50;24 - 31;31.0;24.0;;;1.0;3.0;1.0;3.0;;;;;;;;72.0;59.0;50.0;68.0;;;1.0;4.0;3.0;8.0;;[ 7 70];[1 2];[False False];['Belconnen United (W)' 'Belconnen United (W)'];[0 1];[1 2];['D' 'H'];['H' 'H'];0.08;0.92;0.0;0.16;0.84;0.0;;;;;;;Women
2026-05-03;193200109;Japan J2/J3 Centennial League;Japan;02:00;Full;-0.2589285714285714;1.8;2.5, 3.0;2.0;2.5, 3.0;7.0;4.0;;4.0;1.0;5.0;165.0;88.0;100.0;Fukushima Utd;;0.0;2.0;3.2;0;1.0;1 - 2;4.2;Omiya Ardija;;0.0;1.0;1.75;0;2.0;+0.75;7 - 4;4-1;2.75;1.25;43 - 45;23 - 23;23.0;23.0;59.0;41.0;4.0;3.0;1.0;0.0;;;;;;;;85.0;80.0;45.0;43.0;52.0;48.0;7.0;3.0;5.0;2.0;;[75 94 96];[2 2 2];[False  True  True];['Omiya Ardija' 'Fukushima Utd' 'Omiya Ardija'];[ 0 -1  0];[-1  0 -1];['D' 'A' 'D'];['A' 'D' 'A'];0.8;0.0;0.2;1.0;0.0;0.0;38140.0;5130.0;fukushima united fc;rb omiya ardija;1.83;1.66;
2026-05-03;193832295;Japan L2 League Women;Japan;02:00;Full;-0.16522423288749022;1.95;2.0, 2.5;1.85;2.0, 2.5;0.0;6.0;;0.0;1.0;1.0;175.0;74.0;100.0;Nankatsu SC (W);;0.0;0.0;3.1;2;2.0;2 - 2;3.25;FC Yamato Sylphid (W);;0.0;1.0;2.05;1;2.0;+0.25;0 - 6;0-1;2.25;1.0;20 - 54;9 - 29;29.0;9.0;61.0;39.0;6.0;2.0;8.0;3.0;;;;;;;;94.0;81.0;54.0;20.0;58.0;42.0;11.0;3.0;17.0;5.0;;[ 1 11 36 53];[1 1 1 2];[False False False False];"['Nankatsu SC (W)' 'FC Yamato Sylphid (W)' 'Nankatsu SC (W)'
 'FC Yamato Sylphid (W)']";[0 1 0 1];[1 0 1 0];['D' 'H' 'D' 'H'];['H' 'D' 'H' 'D'];0.7;0.3;0.0;0.58;0.42;0.0;;;;;;;Women
2026-05-03;193200141;Japan J2/J3 Centennial League;Japan;02:00;Full;0.07114624505928857;1.875;2.0, 2.5;1.925;2.0, 2.5;3.0;8.0;;1.0;2.0;3.0;180.0;104.0;100.0;Montedio Yamagata;;0.0;1.0;2.3;1;2.0;2 - 2;3.2;Tochigi SC;;0.0;0.0;2.75;1;2.0;0.0;3 - 8;1-2;2.25;1.0;38 - 66;17 - 33;33.0;17.0;57.0;43.0;3.0;1.0;2.0;1.0;;;;;;;;99.0;81.0;66.0;38.0;57.0;43.0;8.0;3.0;4.0;2.0;;[30 38 56 58];[1 1 2 2];[False False False False];['Tochigi SC' 'Montedio Yamagata' 'Montedio Yamagata' 'Tochigi SC'];[ 0 -1  0  1];[-1  0  1  0];['D' 'A' 'D' 'H'];['A' 'D' 'H' 'D'];0.89;0.02;0.09;0.82;0.0;0.18;21902.0;26009.0;montedio yamagata;tochigi sc;1.83;1.83;
2026-05-03;193835914;Australia NPL Victoria Women;Australia;02:00;Full;0.923076923076923;1.825;4.5;1.975;4.5;13.0;2.0;;4.0;0.0;4.0;195.0;144.0;100.0;Melbourne Victory NPL (W);;0.0;0.0;1.04;3;5.0;5 - 0;17.0;Bentleigh Greens (W);;0.0;0.0;26.0;0;0.0;-3.5;13 - 2;4-0;4.5;2.0;102 - 42;54 - 16;16.0;54.0;34.0;66.0;2.0;4.0;1.0;3.0;;;;;;;;75.0;120.0;42.0;102.0;33.0;67.0;4.0;12.0;1.0;10.0;;[ 6 16 42 61 89];[1 1 1 2 2];[False False False False False];"['Melbourne Victory NPL (W)' 'Melbourne Victory NPL (W)'
 'Melbourne Victory NPL (W)' 'Melbourne Victory NPL (W)'
 'Melbourne Victory NPL (W)']";[0 1 2 3 4];[1 2 3 4 5];['D' 'H' 'H' 'H' 'H'];['H' 'H' 'H' 'H' 'H'];0.07;0.93;0.0;0.13;0.87;0.0;;92921.0;;bentleigh greens;;;Women
2026-05-03;193200139;Japan J2/J3 Centennial League;Japan;02:00;Full;0.3382352941176471;1.825;2.0, 2.5;1.975;2.0, 2.5;4.0;5.0;;2.0;2.0;4.0;183.0;85.0;100.0;Roasso Kumamoto;;0.0;1.0;1.7;0;2.0;2 - 0;3.5;Reilac Shiga;;0.0;1.0;4.0;0;0.0;-0.75;4 - 5;2-2;2.25;1.0;35 - 50;15 - 24;24.0;15.0;41.0;59.0;3.0;2.0;1.0;1.0;;;;;;;;93.0;90.0;50.0;35.0;47.0;53.0;6.0;3.0;1.0;3.0;;[53 72];[2 2];[False False];['Roasso Kumamoto' 'Roasso Kumamoto'];[0 1];[1 2];['D' 'H'];['H' 'H'];0.59;0.41;0.0;1.0;0.0;0.0;21903.0;439336.0;roasso kumamoto;reilac shiga fc;2.0;2.1;
2026-05-03;193832313;Japan L1 League Women;Japan;02:00;Full;0.509009009009009;1.95;2.5, 3.0;1.85;2.5, 3.0;5.0;3.0;;3.0;2.0;5.0;167.0;69.0;100.0;Setagaya Sfida (W);;0.0;1.0;1.48;1;2.0;2 - 0;3.75;Vonds Ichihara (W);;0.0;0.0;6.0;0;0.0;-1.0;5 - 3;3-2;2.75;1.0;36 - 33;21 - 12;12.0;21.0;38.0;62.0;3.0;3.0;0.0;5.0;;;;;;;;68.0;99.0;33.0;36.0;44.0;56.0;4.0;4.0;0.0;7.0;;[29 66];[1 2];[False False];['Setagaya Sfida (W)' 'Setagaya Sfida (W)'];[0 1];[1 2];['D' 'H'];['H' 'H'];0.32;0.68;0.0;0.64;0.36;0.0;;;;;;;Women
2026-05-03;192940808;Japan J-League;Japan;02:00;Full;-0.13175230566534918;1.775;2.0;2.025;2.0;3.0;10.0;;1.0;3.0;4.0;194.0;77.0;100.0;Tokyo Verdy;;0.0;1.0;3.3;0;1.0;1 - 0;3.2;Kashiwa Reysol;;0.0;0.0;2.3;0;0.0;+0.25;3 - 10;1-3;2.0;0.75;32 - 45;16 - 19;19.0;16.0;81.0;19.0;0.0;5.0;2.0;0.0;;;;;;;;113.0;81.0;45.0;32.0;74.0;26.0;5.0;8.0;4.0;3.0;;[90];[2];[False];['Tokyo Verdy'];[0];[1];['D'];['H'];1.0;0.0;0.0;1.0;0.0;0.0;3139.0;3140.0;tokyo verdy;kashiwa reysol;2.1;2.0;
2026-05-03;193202392;South Korea K League 2;South Korea;02:00;Full;0.348251811985181;1.825;2.0, 2.5;1.975;2.0, 2.5;4.0;4.0;;1.0;2.0;3.0;216.0;146.0;100.0;Hwaseong FC;8.0;0.0;3.0;1.727;0;2.0;2 - 0;3.5;Ansan Greeners FC;10.0;0.0;1.0;4.333;0;0.0;-0.75;4 - 4;1-2;2.25;1.0;77 - 69;43 - 18;18.0;43.0;51.0;49.0;0.0;0.0;1.0;2.0;;;;;;;;113.0;103.0;69.0;77.0;57.0;43.0;1.0;3.0;1.0;4.0;;[52 99];[2 2];[False  True];['Hwaseong FC' 'Hwaseong FC'];[0 1];[1 2];['D' 'H'];['H' 'H'];0.53;0.47;0.0;1.0;0.0;0.0;202343.0;319507.0;hwaseong fc;ansan greeners fc;1.9;1.9;
2026-05-03;193202396;South Korea K League 2;South Korea;02:00;Full;0.14685314685314682;1.95;2.0, 2.5;1.85;2.0, 2.5;2.0;8.0;;1.0;4.0;5.0;201.0;101.0;100.0;Seoul E-Land FC;3.0;0.0;5.0;2.2;1;2.0;2 - 1;3.1;Gimpo FC;5.0;2.0;1.0;3.25;1;1.0;-0.25;2 - 8;1-4;2.25;1.0;39 - 62;20 - 29;29.0;20.0;50.0;50.0;4.0;4.0;1.0;1.0;;;;;;;;112.0;89.0;62.0;39.0;50.0;50.0;9.0;6.0;2.0;3.0;;[14 40 86];[1 1 2];[False False False];['Seoul E-Land FC' 'Gimpo FC' 'Seoul E-Land FC'];[0 1 0];[1 0 1];['D' 'H' 'D'];['H' 'D' 'H'];0.67;0.33;0.0;0.42;0.58;0.0;191070.0;202341.0;seoul e-land fc;gimpo fc;1.9;1.9;
2026-05-03;193833746;Taiwan League Division 2;Taiwan;02:00;Full;0.3801269810181332;1.975;3.5;1.825;3.5;6.0;5.0;;0.0;1.0;1.0;152.0;97.0;100.0;Taichung Rock FC Reserves;;0.0;1.0;1.571;0;0.0;0 - 2;4.5;Ming Chuan Desafio;;0.0;0.0;3.9;0;2.0;-1.0;6 - 5;0-1;3.5;1.5;55 - 42;24 - 12;12.0;24.0;49.0;51.0;1.0;5.0;0.0;2.0;;;;;;;;66.0;86.0;42.0;55.0;44.0;56.0;8.0;12.0;6.0;3.0;;[60 96];[2 2];[False  True];['Ming Chuan Desafio' 'Ming Chuan Desafio'];[ 0 -1];[-1 -2];['D' 'A'];['A' 'A'];0.62;0.0;0.38;1.0;0.0;0.0;;;;;;;Youth
2026-05-03;193202390;South Korea K League 2;South Korea;02:00;Full;0.38383838383838387;1.925;2.5, 3.0;1.875;2.5, 3.0;6.0;2.0;;4.0;2.0;6.0;195.0;114.0;100.0;Daegu FC;;0.0;0.0;1.65;0;2.0;2 - 0;3.75;Gyeongnam FC;;0.0;1.0;4.5;0;0.0;-0.75;6 - 2;4-2;2.75;1.25;66 - 48;42 - 14;14.0;42.0;50.0;50.0;1.0;0.0;0.0;0.0;;;;;;;;88.0;107.0;48.0;66.0;50.0;50.0;1.0;3.0;0.0;2.0;;[52 72];[2 2];[False False];['Daegu FC' 'Daegu FC'];[0 1];[1 2];['D' 'H'];['H' 'H'];0.58;0.42;0.0;1.0;0.0;0.0;7644.0;22020.0;daegu fc;gyeongnam fc;1.8;1.72;
2026-05-03;193200112;Japan J2/J3 Centennial League;Japan;02:00;Full;-0.02721088435374147;1.8;2.0;2.0;2.0;3.0;5.0;;2.0;2.0;4.0;150.0;101.0;100.0;Giravanz Kitakyushu;;0.0;1.0;2.625;2;2.0;2 - 1;3.0;Oita;;0.0;3.0;2.45;1;1.0;+0.25;3 - 5;2-2;2.0;0.75;51 - 50;24 - 20;20.0;24.0;49.0;51.0;6.0;4.0;1.0;4.0;;;;;;;;76.0;74.0;50.0;51.0;51.0;49.0;16.0;7.0;1.0;6.0;;[19 36 41];[1 1 1];[False False False];['Giravanz Kitakyushu' 'Oita' 'Giravanz Kitakyushu'];[0 1 0];[1 0 1];['D' 'H' 'D'];['H' 'D' 'H'];0.27;0.73;0.0;0.53;0.47;0.0;40029.0;5129.0;giravanz kitakyushu;oita trinita;1.9;2.2;
2026-05-03;192940812;Japan J-League;Japan;03:00;Full;0.3174603174603175;1.975;2.5;1.825;2.5;7.0;3.0;;4.0;1.0;5.0;207.0;103.0;100.0;Cerezo Osaka;;0.0;2.0;1.8;1;1.0;1 - 1;3.6;Avispa Fukuoka;;0.0;0.0;4.2;1;1.0;-0.75;7 - 3;4-1;2.5;1.0;58 - 45;15 - 15;15.0;15.0;33.0;67.0;3.0;2.0;1.0;1.0;;;;;;;;81.0;126.0;45.0;58.0;30.0;70.0;7.0;7.0;2.0;1.0;;[11 46];[1 1];[False  True];['Avispa Fukuoka' 'Cerezo Osaka'];[ 0 -1];[-1  0];['D' 'A'];['A' 'D'];0.61;0.0;0.39;0.24;0.0;0.76;3141.0;3143.0;cerezo osaka;avispa fukuoka;1.75;1.8;
2026-05-03;193893200;South Korea K4 League;South Korea;03:00;Full;-0.33182503770739064;1.825;2.5, 3.0;1.975;2.5, 3.0;3.0;7.0;;0.0;4.0;4.0;144.0;137.0;100.0;Pyeongtaek Citizen FC;;0.0;3.0;3.9;1;1.0;1 - 2;3.75;Namyangju FC;;0.0;1.0;1.7;1;2.0;+0.75;3 - 7;0-4;2.75;1.25;39 - 98;11 - 54;54.0;11.0;62.0;38.0;8.0;1.0;3.0;1.0;;;;;;;;69.0;75.0;98.0;39.0;56.0;44.0;14.0;6.0;5.0;1.0;;[16 33 49];[1 1 2];[False False False];['Namyangju FC' 'Pyeongtaek Citizen FC' 'Namyangju FC'];[ 0 -1  0];[-1  0 -1];['D' 'A' 'D'];['A' 'D' 'A'];0.36;0.0;0.64;0.62;0.0;0.38;;;;;;;
2026-05-03;193853207;Australia Capital Territory Premier League Women;Australia;03:00;Full;0.92752603433718;2.0;4.0;1.8;4.0;9.0;0.0;;6.0;0.0;6.0;111.0;111.0;;Tuggeranong Utd (W);;0.0;0.0;1.045;0;1.0;1 - 0;13.0;Majura FC (W);;0.0;0.0;34.0;0;0.0;-3.0;9 - 0;6-0;4.0;1.75;89 - 22;44 - 13;13.0;44.0;;;1.0;0.0;0.0;1.0;;;;;;;;40.0;71.0;22.0;89.0;;;1.0;9.0;1.0;6.0;;[61];[2];[False];['Tuggeranong Utd (W)'];[0];[1];['D'];['H'];0.68;0.32;0.0;1.0;0.0;0.0;;;;;;;Women
2026-05-03;193856468;Australia Queensland Premier League 2;Australia;03:00;Full;-0.47029855340104654;1.85;4.0;1.95;4.0;6.0;10.0;;2.0;6.0;8.0;157.0;133.0;;Samford Rangers;11.0;0.0;1.0;4.5;1;1.0;1 - 3;5.0;SWQ Thunder;5.0;0.0;1.0;1.444;2;3.0;+1.25;6 - 10;2-6;4.0;1.75;38 - 95;19 - 40;40.0;19.0;;;5.0;1.0;8.0;4.0;;;;;;;;103.0;54.0;95.0;38.0;;;10.0;2.0;19.0;5.0;;[ 6 15 38 61];[1 1 1 2];[False False False False];['Samford Rangers' 'SWQ Thunder' 'SWQ Thunder' 'SWQ Thunder'];[ 0  1  0 -1];[ 1  0 -1 -2];['D' 'H' 'D' 'A'];['H' 'D' 'A' 'A'];0.32;0.1;0.58;0.64;0.2;0.16;;;;;;;
2026-05-03;193830076;Australia NPL Queensland Women;Australia;03:00;Full;0.034782608695652195;1.925;3.0;1.875;3.0;7.0;1.0;;4.0;1.0;5.0;236.0;168.0;100.0;Souths United NPL (W);;0.0;0.0;2.3;0;0.0;0 - 1;3.6;Capalaba (W);;0.0;0.0;2.5;1;1.0;0.0;7 - 1;4-1;3.0;1.25;105 - 63;52 - 27;27.0;52.0;43.0;57.0;3.0;3.0;2.0;4.0;;;;;;;;93.0;143.0;63.0;105.0;41.0;59.0;5.0;7.0;4.0;5.0;;[21];[1];[False];['Capalaba (W)'];[0];[-1];['D'];['A'];0.23;0.0;0.77;0.47;0.0;0.53;;;;;;;Women
2026-05-03;193855976;Australia New South Wales U20 League;Australia;03:30;Full;0.8231669320778232;1.95;4.0, 4.5;1.85;4.0, 4.5;9.0;0.0;;4.0;0.0;4.0;112.0;79.0;;Sydney United U20;;0.0;1.0;1.111;1;3.0;3 - 1;9.0;Sydney Olympic U20;;0.0;0.0;13.0;0;1.0;-2.75;9 - 0;4-0;4.25;1.75;54 - 25;25 - 11;11.0;25.0;;;2.0;5.0;0.0;7.0;;;;;;;;46.0;66.0;25.0;54.0;;;3.0;7.0;2.0;13.0;;[33 48 74 90];[1 2 2 2];[False False False False];"['Sydney United U20' 'Sydney Olympic U20' 'Sydney United U20'
 'Sydney United U20']";[0 1 0 1];[1 0 1 2];['D' 'H' 'D' 'H'];['H' 'D' 'H' 'H'];0.66;0.34;0.0;0.73;0.27;0.0;2939.0;2938.0;sydney united 58 fc;sydney olympic fc;;;Youth
2026-05-03;193928090;Australia Darwin Premier League;Australia;03:30;Full;0.6176049766718507;1.85;3.5, 4.0;1.95;3.5, 4.0;3.0;4.0;;0.0;3.0;3.0;187.0;126.0;100.0;Mindil Aces;5.0;0.0;0.0;1.286;2;3.0;3 - 4;5.5;Casuarina FC;6.0;0.0;1.0;6.25;1;4.0;-1.75;3 - 4;0-3;3.75;1.5;77 - 49;35 - 21;21.0;35.0;36.0;64.0;1.0;5.0;1.0;3.0;;;;;;;;88.0;99.0;49.0;77.0;44.0;56.0;1.0;8.0;6.0;8.0;;[20 25 46 72 77 78 90];[1 1 1 2 2 2 2];[False False  True False False False False];"['Casuarina FC' 'Mindil Aces' 'Mindil Aces' 'Casuarina FC' 'Mindil Aces'
 'Casuarina FC' 'Casuarina FC']";[ 0 -1  0  1  0  1  0];[-1  0  1  0  1  0 -1];['D' 'A' 'D' 'H' 'D' 'H' 'D'];['A' 'D' 'H' 'D' 'H' 'D' 'A'];0.64;0.3;0.06;0.89;0.0;0.11;;;;;;;
2026-05-03;192940815;Japan J-League;Japan;04:00;Full;0.160427807486631;2.025;2.0, 2.5;1.775;2.0, 2.5;7.0;5.0;;3.0;3.0;6.0;177.0;57.0;100.0;Kashima Antlers;;0.0;0.0;2.2;0;1.0;1 - 1;3.25;Machida Zelvia;;0.0;4.0;3.4;0;1.0;-0.25;7 - 5;3-3;2.25;0.75;29 - 28;15 - 12;12.0;15.0;44.0;56.0;6.0;3.0;2.0;1.0;;;;;;;;80.0;97.0;28.0;29.0;40.0;60.0;9.0;7.0;4.0;3.0;;[50 53];[2 2];[False False];['Kashima Antlers' 'Machida Zelvia'];[0 1];[1 0];['D' 'H'];['H' 'D'];0.97;0.03;0.0;1.0;0.0;0.0;3134.0;44409.0;kashima antlers;machida zelvia;1.95;2.1;
2026-05-03;193824444;Mongolia Premier League;Mongolia;04:00;Full;-0.7551145977541917;1.975;4.5, 5.0;1.825;4.5, 5.0;3.0;9.0;;2.0;3.0;5.0;186.0;97.0;100.0;Khovd Western;;0.0;0.0;11.0;1;1.0;1 - 5;8.5;Deren FC;;0.0;1.0;1.182;4;5.0;+2.5;3 - 9;2-3;4.75;2.0;32 - 65;17 - 36;36.0;17.0;61.0;39.0;4.0;1.0;7.0;2.0;;;;;;;;108.0;78.0;65.0;32.0;60.0;40.0;6.0;2.0;11.0;3.0;;[ 8 12 20 30 38 90];[1 1 1 1 1 2];[False False False False False False];['Khovd Western' 'Deren FC' 'Deren FC' 'Deren FC' 'Deren FC' 'Deren FC'];[ 0  1  0 -1 -2 -3];[ 1  0 -1 -2 -3 -4];['D' 'H' 'D' 'A' 'A' 'A'];['H' 'D' 'A' 'A' 'A' 'A'];0.18;0.04;0.78;0.36;0.09;0.56;;;;;;;
2026-05-03;193893202;South Korea K4 League;South Korea;04:00;Full;0.4417894050193979;2.0;3.0;1.8;3.0;6.0;4.0;;3.0;2.0;5.0;53.0;114.0;100.0;Jinju Citizen FC;;0.0;0.0;1.533;1;4.0;4 - 0;4.1;Sejong SA;;0.0;2.0;4.75;0;0.0;-1.0;6 - 4;3-2;3.0;1.25;60 - 54;31 - 27;27.0;31.0;60.0;40.0;0.0;0.0;0.0;1.0;;;;;;;;25.0;28.0;54.0;60.0;57.0;43.0;0.0;0.0;0.0;7.0;;[ 1 52 79 83];[1 2 2 2];[False False False False];"['Jinju Citizen FC' 'Jinju Citizen FC' 'Jinju Citizen FC'
 'Jinju Citizen FC']";[0 1 2 3];[1 2 3 4];['D' 'H' 'H' 'H'];['H' 'H' 'H' 'H'];0.01;0.99;0.0;0.02;0.98;0.0;;;;;;;
2026-05-03;193948429;Indonesia U20 League;Indonesia;04:00;Full;0.2514360899842752;2.0;2.5, 3.0;1.8;2.5, 3.0;11.0;5.0;;5.0;3.0;8.0;78.0;114.0;;PSM Makassar U20;;0.0;3.0;1.833;1;1.0;1 - 2;3.6;Persebaya Surabaya U20;;0.0;0.0;3.4;1;2.0;-0.5;11 - 5;5-3;2.75;1.0;73 - 41;30 - 23;23.0;30.0;;;0.0;2.0;2.0;1.0;;;;;;;;42.0;36.0;41.0;73.0;;;2.0;8.0;3.0;2.0;;[22 46 61];[1 1 2];[False  True False];['Persebaya Surabaya U20' 'PSM Makassar U20' 'Persebaya Surabaya U20'];[ 0 -1  0];[-1  0 -1];['D' 'A' 'D'];['A' 'D' 'A'];0.41;0.0;0.59;0.48;0.0;0.52;;;;;;;Youth
2026-05-03;193948432;Indonesia U20 League;Indonesia;04:00;Full;-0.34346976758494446;1.9;3.0, 3.5;1.9;3.0, 3.5;2.0;7.0;;1.0;2.0;3.0;117.0;88.0;;Persijap Jepara U20;;0.0;2.0;3.9;2;2.0;2 - 0;4.0;Dewa United FC U20;;1.0;2.0;1.667;0;0.0;+0.75;2 - 7;1-2;3.25;1.25;43 - 45;23 - 16;16.0;23.0;;;1.0;3.0;2.0;5.0;;;;;;;;65.0;52.0;45.0;43.0;;;2.0;4.0;4.0;10.0;;[ 9 18];[1 1];[False False];['Persijap Jepara U20' 'Persijap Jepara U20'];[0 1];[1 2];['D' 'H'];['H' 'H'];0.1;0.9;0.0;0.2;0.8;0.0;;;;;;;Youth
2026-05-03;193820231;Hong Kong Premier League;Hong Kong;04:00;Full;-0.5762745034084609;2.0;3.0, 3.5;1.8;3.0, 3.5;3.0;4.0;;1.0;1.0;2.0;279.0;201.0;100.0;Hong Kong FC;;1.0;1.0;5.75;0;1.0;1 - 4;5.25;Southern District;;0.0;3.0;1.333;2;4.0;+1.5;3 - 4;1-1;3.25;1.25;88 - 113;46 - 58;58.0;46.0;50.0;50.0;6.0;4.0;2.0;2.0;;;;;;;;149.0;130.0;113.0;88.0;53.0;47.0;10.0;5.0;5.0;5.0;;[36 43 48 72 80];[1 1 2 2 2];[False False False False False];"['Southern District' 'Southern District' 'Hong Kong FC'
 'Southern District' 'Southern District']";[ 0 -1 -2 -1 -2];[-1 -2 -1 -2 -3];['D' 'A' 'A' 'A' 'A'];['A' 'A' 'A' 'A' 'A'];0.4;0.0;0.6;0.8;0.0;0.2;;;;;;;
2026-05-03;193774202;Australia A-League Women;Australia;04:00;Full;-0.10797342192691028;1.9;3.0;1.9;3.0;6.0;3.0;;3.0;2.0;5.0;202.0;83.0;100.0;Brisbane Roar (W);;0.0;0.0;2.8;1;2.0;2 - 1;3.4;Wellington Phoenix (W);;0.0;0.0;2.15;1;1.0;+0.25;6 - 3;3-2;3.0;1.25;61 - 22;36 - 18;18.0;36.0;45.0;55.0;3.0;7.0;2.0;3.0;;;;;;;;59.0;143.0;22.0;61.0;41.0;59.0;3.0;10.0;2.0;8.0;;[ 2 14 73];[1 1 2];[False False False];['Wellington Phoenix (W)' 'Brisbane Roar (W)' 'Brisbane Roar (W)'];[ 0 -1  0];[-1  0  1];['D' 'A' 'D'];['A' 'D' 'H'];0.68;0.19;0.13;0.73;0.0;0.27;5968.0;841742.0;brisbane roar fc;wellington phoenix;;;Women
2026-05-03;193856637;Australia New South Wales NPL Women;Australia;04:00;Full;-0.24786324786324787;1.825;3.0;1.975;3.0;3.0;5.0;;1.0;0.0;1.0;170.0;120.0;100.0;Western City Rangers (W);;0.0;0.0;3.25;0;1.0;1 - 4;3.9;Western Sydney Wanderers B (W);;0.0;1.0;1.8;3;4.0;+0.5;3 - 5;1-0;3.0;1.25;44 - 76;27 - 26;26.0;27.0;56.0;44.0;2.0;2.0;3.0;3.0;;;;;;;;97.0;73.0;76.0;44.0;58.0;42.0;6.0;7.0;8.0;6.0;;[11 15 37 75 93];[1 1 1 2 2];[False False False False  True];"['Western Sydney Wanderers B (W)' 'Western Sydney Wanderers B (W)'
 'Western Sydney Wanderers B (W)' 'Western Sydney Wanderers B (W)'
 'Western City Rangers (W)']";[ 0 -1 -2 -3 -4];[-1 -2 -3 -4 -3];['D' 'A' 'A' 'A' 'A'];['A' 'A' 'A' 'A' 'A'];0.12;0.0;0.88;0.24;0.0;0.76;;;;;;;Youth-Women
2026-05-03;193856471;Australia Queensland Premier League 2;Australia;04:00;Full;0.5142857142857142;2.0;4.0;1.8;4.0;7.0;4.0;;5.0;1.0;6.0;88.0;55.0;;Grange Thistle;2.0;0.0;2.0;1.4;2;3.0;3 - 3;5.25;Pine Hills;10.0;0.0;1.0;5.0;1;3.0;-1.5;7 - 4;5-1;4.0;1.5;39 - 16;23 - 7;7.0;23.0;;;1.0;4.0;3.0;9.0;;;;;;;;45.0;43.0;16.0;39.0;;;3.0;8.0;9.0;14.0;;[ 6 13 15 54 73 94];[1 1 1 2 2 2];[False False False False False  True];"['Pine Hills' 'Grange Thistle' 'Grange Thistle' 'Pine Hills'
 'Grange Thistle' 'Pine Hills']";[ 0 -1  0  1  0  1];[-1  0  1  0  1  0];['D' 'A' 'D' 'H' 'D' 'H'];['A' 'D' 'H' 'D' 'H' 'D'];0.29;0.64;0.07;0.18;0.67;0.16;;;;;;;
2026-05-03;193855907;Australia New South Wales NPL Women;Australia;04:00;Full;-0.342902711323764;1.95;3.0;1.85;3.0;2.0;10.0;;2.0;1.0;3.0;209.0;109.0;100.0;Manly Utd (W);;0.0;1.0;3.8;0;1.0;1 - 2;4.1;University NSW (W);;0.0;0.0;1.65;0;2.0;+0.75;2 - 10;2-1;3.0;1.25;49 - 60;28 - 21;21.0;28.0;53.0;47.0;1.0;4.0;0.0;3.0;;;;;;;;96.0;113.0;60.0;49.0;54.0;46.0;3.0;7.0;2.0;4.0;;[72 76 88];[2 2 2];[False False False];['Manly Utd (W)' 'University NSW (W)' 'University NSW (W)'];[0 1 0];[ 1  0 -1];['D' 'H' 'D'];['H' 'D' 'A'];0.93;0.04;0.02;1.0;0.0;0.0;92208.0;319451.0;manly united fc;university of nsw;;;Women
2026-05-03;193835910;Australia WA Premier League Women;Australia;04:00;Full;-0.946483542505328;1.975;4.5, 5.0;1.825;4.5, 5.0;2.0;6.0;;0.0;5.0;5.0;104.0;141.0;;Sorrento (W);;0.0;0.0;41.0;0;0.0;0 - 3;17.0;Balcatta FC (W);;0.0;1.0;1.03;0;3.0;+4.0;2 - 6;0-5;4.75;2.0;19 - 122;7 - 61;61.0;7.0;;;4.0;1.0;4.0;0.0;;;;;;;;65.0;39.0;122.0;19.0;;;11.0;3.0;12.0;1.0;;[61 74 87];[2 2 2];[False False False];['Balcatta FC (W)' 'Balcatta FC (W)' 'Balcatta FC (W)'];[ 0 -1 -2];[-1 -2 -3];['D' 'A' 'A'];['A' 'A' 'A'];0.68;0.0;0.32;1.0;0.0;0.0;7937.0;;asd sorrento 1945;;;;Women
2026-05-03;193775003;Australia NPL Queensland Women;Australia;04:00;Full;-0.008503401360544283;1.825;2.5, 3.0;1.975;2.5, 3.0;3.0;5.0;;1.0;2.0;3.0;219.0;135.0;100.0;Lions FC (W);;0.0;2.0;2.45;0;0.0;0 - 2;3.4;Eastern Suburbs NPL (W);;0.0;1.0;2.4;1;2.0;0.0;3 - 5;1-2;2.75;1.25;63 - 72;36 - 26;26.0;36.0;55.0;45.0;4.0;1.0;3.0;2.0;;;;;;;;109.0;110.0;72.0;63.0;54.0;46.0;9.0;4.0;11.0;4.0;;[26 88];[1 2];[False False];['Eastern Suburbs NPL (W)' 'Eastern Suburbs NPL (W)'];[ 0 -1];[-1 -2];['D' 'A'];['A' 'A'];0.29;0.0;0.71;0.58;0.0;0.42;47708.0;;lions fc;;;;Women
2026-05-03;193202398;South Korea K League 2;South Korea;04:30;Full;-0.2271062271062272;1.85;2.5;1.95;2.5;4.0;4.0;;4.0;0.0;4.0;199.0;126.0;100.0;Cheonan City;15.0;0.0;2.0;3.5;1;1.0;1 - 0;3.5;Chungnam Asan FC;7.0;0.0;1.0;1.95;0;0.0;+0.5;4 - 4;4-0;2.5;1.0;53 - 73;25 - 28;28.0;25.0;49.0;51.0;4.0;2.0;1.0;4.0;;;;;;;;96.0;103.0;73.0;53.0;51.0;49.0;6.0;7.0;4.0;6.0;;[43];[1];[False];['Cheonan City'];[0];[1];['D'];['H'];0.48;0.52;0.0;0.96;0.04;0.0;41263.0;676363.0;cheonan city fc;chungnam asan fc;1.8;1.72;
2026-05-03;193202400;South Korea K League 2;South Korea;04:30;Full;-0.425;1.825;2.5;1.975;2.5;4.0;5.0;;2.0;2.0;4.0;216.0;150.0;100.0;Gimhae FC 2008;;0.0;2.0;5.0;0;0.0;0 - 1;3.9;Busan I Park;;1.0;3.0;1.6;1;1.0;+1.0;4 - 5;2-2;2.5;1.0;74 - 76;21 - 42;42.0;21.0;58.0;42.0;2.0;1.0;2.0;1.0;;;;;;;;113.0;103.0;76.0;74.0;52.0;48.0;5.0;4.0;2.0;2.0;;[41];[1];[False];['Busan I Park'];[0];[-1];['D'];['A'];0.46;0.0;0.54;0.91;0.0;0.09;41260.0;7642.0;gimhae fc;busan i park;1.9;1.83;
2026-05-03;193202402;South Korea K League 2;South Korea;04:30;Full;0.1218637992831541;1.875;2.0, 2.5;1.925;2.0, 2.5;6.0;3.0;;4.0;0.0;4.0;123.0;94.0;100.0;Paju Frontier FC;6.0;1.0;0.0;2.25;0;0.0;0 - 0;3.1;Chungbuk Cheongju;14.0;0.0;0.0;3.1;0;0.0;-0.25;6 - 3;4-0;2.25;1.0;37 - 57;23 - 19;19.0;23.0;48.0;52.0;0.0;2.0;1.0;1.0;;;;;;;;64.0;59.0;57.0;37.0;58.0;42.0;3.0;5.0;1.0;1.0;;[];[];[];[];[];[];[];[];1.0;0.0;0.0;1.0;0.0;0.0;418115.0;567083.0;paju citizen fc;chungbuk cheongju fc;1.83;1.83;
2026-05-03;193944086;Hong Kong 1st Division;Hong Kong;04:30;Full;-0.11743450767841018;1.825;3.5;1.975;3.5;5.0;8.0;;3.0;6.0;9.0;135.0;106.0;;Citizen AA;;0.0;3.0;2.7;1;2.0;2 - 3;3.9;Shatin;;0.0;2.0;2.05;1;3.0;+0.25;5 - 8;3-6;3.5;1.5;51 - 55;21 - 27;27.0;21.0;;;4.0;2.0;2.0;4.0;;;;;;;;70.0;65.0;55.0;51.0;;;7.0;7.0;5.0;5.0;;[12 30 64 78 94];[1 1 2 2 2];[False False False False  True];['Citizen AA' 'Shatin' 'Citizen AA' 'Shatin' 'Shatin'];[0 1 0 1 0];[ 1  0  1  0 -1];['D' 'H' 'D' 'H' 'D'];['H' 'D' 'H' 'D' 'A'];0.66;0.34;0.0;0.6;0.4;0.0;;;;;;;
2026-05-03;193836340;Australia New South Wales NPL Women;Australia;04:30;Full;-0.034782608695652195;1.85;3.0;1.95;3.0;3.0;6.0;;3.0;1.0;4.0;228.0;112.0;100.0;Hills United FC (W);;0.0;0.0;2.5;1;1.0;1 - 2;3.6;Northern Tigers FC (W);;0.0;1.0;2.3;1;2.0;0.0;3 - 6;3-1;3.0;1.25;49 - 63;34 - 20;20.0;34.0;48.0;52.0;2.0;3.0;1.0;3.0;;;;;;;;121.0;107.0;63.0;49.0;49.0;51.0;4.0;5.0;5.0;4.0;;[15 41 63];[1 1 2];[False False False];['Northern Tigers FC (W)' 'Hills United FC (W)' 'Northern Tigers FC (W)'];[ 0 -1  0];[-1  0 -1];['D' 'A' 'D'];['A' 'D' 'A'];0.41;0.0;0.59;0.42;0.0;0.58;;;;;;;Women
2026-05-03;193202404;South Korea K League 2;South Korea;04:30;Full;-0.18207282913165262;1.925;2.0, 2.5;1.875;2.0, 2.5;4.0;5.0;;3.0;3.0;6.0;224.0;142.0;100.0;Yongin FC;;1.0;2.0;3.4;0;1.0;1 - 2;3.2;Seongnam FC;;0.0;1.0;2.1;0;2.0;+0.25;4 - 5;3-3;2.25;1.0;65 - 77;27 - 41;41.0;27.0;60.0;40.0;4.0;2.0;3.0;1.0;;;;;;;;118.0;106.0;77.0;65.0;56.0;44.0;7.0;3.0;9.0;2.0;;[52 55 59];[2 2 2];[False False False];['Seongnam FC' 'Seongnam FC' 'Yongin FC'];[ 0 -1 -2];[-1 -2 -1];['D' 'A' 'A'];['A' 'A' 'A'];0.58;0.0;0.42;1.0;0.0;0.0;41266.0;7651.0;yongin city fc;seongnam ilhwa;1.9;1.9;
2026-05-03;193876551;Australia New South Wales NPL Women;Australia;04:40;Full;0.23751023751023742;1.8;2.5, 3.0;2.0;2.5, 3.0;8.0;3.0;;7.0;1.0;8.0;128.0;159.0;;Sydney Olympic FC (W);;0.0;0.0;1.85;0;2.0;2 - 2;3.75;Illawarra Stingrays (W);;0.0;0.0;3.3;0;2.0;-0.5;8 - 3;7-1;2.75;1.25;82 - 77;43 - 28;28.0;43.0;;;1.0;3.0;1.0;2.0;;;;;;;;66.0;62.0;77.0;82.0;;;3.0;7.0;10.0;8.0;;[48 50 67 71];[2 2 2 2];[False False False False];"['Sydney Olympic FC (W)' 'Illawarra Stingrays (W)'
 'Illawarra Stingrays (W)' 'Sydney Olympic FC (W)']";[ 0  1  0 -1];[ 1  0 -1  0];['D' 'H' 'D' 'A'];['H' 'D' 'A' 'D'];0.93;0.02;0.04;1.0;0.0;0.0;;;;;;;Women
2026-05-03;193886489;Australia WA Premier League Women;Australia;04:45;Full;0.6442716433385174;1.975;3.5, 4.0;1.825;3.5, 4.0;7.0;3.0;;3.0;2.0;5.0;257.0;167.0;100.0;Subiaco AFC (W);;0.0;1.0;1.286;1;3.0;3 - 0;4.75;UWA-Nedlands FC (W);;0.0;1.0;7.5;0;0.0;-1.5;7 - 3;3-2;3.75;1.5;117 - 50;62 - 23;23.0;62.0;47.0;53.0;2.0;2.0;1.0;5.0;;;;;;;;101.0;156.0;50.0;117.0;44.0;56.0;7.0;11.0;2.0;9.0;;[39 61 80];[1 2 2];[False False False];['Subiaco AFC (W)' 'Subiaco AFC (W)' 'Subiaco AFC (W)'];[0 1 2];[1 2 3];['D' 'H' 'H'];['H' 'H' 'H'];0.43;0.57;0.0;0.87;0.13;0.0;;;;;;;Women
2026-05-03;194020549;Indonesia U20 League;Indonesia;05:00;Full;0.021052631578947323;1.95;2.5;1.85;2.5;5.0;4.0;;0.0;2.0;2.0;174.0;107.0;;PSIM Yogyakarta U20;;0.0;2.0;2.375;1;2.0;2 - 1;3.4;Madura United U20;;0.0;1.0;2.5;1;1.0;0.0;5 - 4;0-2;2.5;1.0;62 - 45;33 - 16;16.0;33.0;;;0.0;1.0;2.0;1.0;;;;;;;;81.0;93.0;45.0;62.0;;;3.0;2.0;4.0;3.0;;[18 34 65];[1 1 2];[False False False];['PSIM Yogyakarta U20' 'Madura United U20' 'PSIM Yogyakarta U20'];[0 1 0];[1 0 1];['D' 'H' 'D'];['H' 'D' 'H'];0.54;0.46;0.0;0.64;0.36;0.0;;;;;;;Youth
2026-05-03;192940817;Japan J-League;Japan;05:00;Full;-0.02178649237472774;1.825;2.5;1.975;2.5;9.0;9.0;;3.0;4.0;7.0;172.0;103.0;100.0;V-Varen Nagasaki;;0.0;1.0;2.7;1;1.0;1 - 2;3.3;Nagoya Grampus;;0.0;0.0;2.55;1;2.0;+0.25;9 - 9;3-4;2.5;1.0;67 - 36;36 - 18;18.0;36.0;47.0;53.0;4.0;4.0;3.0;3.0;;;;;;;;78.0;94.0;36.0;67.0;43.0;57.0;7.0;11.0;5.0;8.0;;[29 34 54];[1 1 2];[False False False];['V-Varen Nagasaki' 'Nagoya Grampus' 'Nagoya Grampus'];[0 1 0];[ 1  0 -1];['D' 'H' 'D'];['H' 'D' 'A'];0.54;0.06;0.4;0.89;0.11;0.0;38154.0;3136.0;v-varen nagasaki;nagoya grampus;1.7;1.7;
2026-05-03;193982924;Romania Liga 3 Women;Romania;05:00;Full;0.47029855340104654;1.8;4.0, 4.5;2.0;4.0, 4.5;5.0;1.0;;3.0;0.0;3.0;184.0;147.0;;FC Voluntari (W);;0.0;0.0;1.444;0;2.0;2 - 0;5.25;CSU Suceava (W);;0.0;2.0;4.5;0;0.0;-1.25;5 - 1;3-0;4.25;2.0;87 - 60;41 - 29;29.0;41.0;;;1.0;4.0;0.0;6.0;;;;;;;;86.0;98.0;60.0;87.0;;;3.0;7.0;2.0;9.0;;[68 84];[2 2];[False False];['FC Voluntari (W)' 'FC Voluntari (W)'];[0 1];[1 2];['D' 'H'];['H' 'H'];0.76;0.24;0.0;1.0;0.0;0.0;;;;;;;Women
2026-05-03;193937366;Georgia Liga 3;Georgia;05:00;Full;0.4851994851994852;1.8;3.0;2.0;3.0;12.0;2.0;;6.0;2.0;8.0;224.0;145.0;;Wit Georgia;;0.0;1.0;1.48;0;3.0;3 - 2;4.1;Dinamo Tbilisi II;;0.0;3.0;5.25;1;2.0;-1.0;12 - 2;6-2;3.0;1.25;96 - 49;45 - 19;19.0;45.0;;;1.0;1.0;1.0;4.0;;;;;;;;91.0;133.0;49.0;96.0;;;2.0;6.0;2.0;12.0;;[ 9 51 52 66 90];[1 2 2 2 2];[False False False False False];"['Dinamo Tbilisi II' 'Wit Georgia' 'Wit Georgia' 'Wit Georgia'
 'Dinamo Tbilisi II']";[ 0 -1  0  1  2];[-1  0  1  2  1];['D' 'A' 'D' 'H' 'H'];['A' 'D' 'H' 'H' 'H'];0.11;0.42;0.47;0.2;0.0;0.8;;;;;;;Youth
2026-05-03;193914351;Taiwan Premier League;Taiwan;05:00;Full;-0.30126101782152737;1.9;2.5, 3.0;1.9;2.5, 3.0;2.0;14.0;;2.0;7.0;9.0;132.0;79.0;100.0;AC Taipei;2.0;0.0;2.0;3.6;1;1.0;1 - 0;3.8;Tainan City;1.0;0.0;1.0;1.727;0;0.0;+0.75;2 - 14;2-7;2.75;1.25;23 - 56;10 - 25;25.0;10.0;50.0;50.0;1.0;3.0;3.0;1.0;;;;;;;;69.0;63.0;56.0;23.0;52.0;48.0;3.0;3.0;6.0;3.0;;[14];[1];[False];['AC Taipei'];[0];[1];['D'];['H'];0.16;0.84;0.0;0.31;0.69;0.0;;;;;;;
2026-05-03;193886480;Australia Queensland Premier League 2;Australia;05:00;Full;-0.2760084925690021;2.0;3.5;1.8;3.5;8.0;10.0;;6.0;7.0;13.0;187.0;156.0;;Virginia United;;0.0;2.0;3.3;0;1.0;1 - 1;4.2;Moreton City Excelsior B;;0.0;1.0;1.727;0;1.0;+0.75;8 - 10;6-7;3.5;1.5;61 - 95;29 - 50;50.0;29.0;;;3.0;0.0;7.0;6.0;;;;;;;;122.0;65.0;95.0;61.0;;;5.0;3.0;14.0;14.0;;[72 92];[2 2];[False  True];['Virginia United' 'Moreton City Excelsior B'];[0 1];[1 0];['D' 'H'];['H' 'D'];0.78;0.22;0.0;1.0;0.0;0.0;;1098129.0;;moreton city excelsior fc;;;Youth
2026-05-03;193932029;China Super League Women;China;05:00;Full;0.425;2.0;2.0, 2.5;1.8;2.0, 2.5;4.0;5.0;;1.0;4.0;5.0;131.0;92.0;100.0;Jiangsu (W);;0.0;2.0;1.6;1;2.0;2 - 0;3.5;Changchun Dazhong (W);;0.0;1.0;5.0;0;0.0;-0.75;4 - 5;1-4;2.25;0.75;48 - 44;28 - 27;27.0;28.0;42.0;58.0;3.0;3.0;2.0;2.0;;;;;;;;61.0;70.0;44.0;48.0;46.0;54.0;9.0;6.0;2.0;5.0;;[44 57];[1 2];[False False];['Jiangsu (W)' 'Jiangsu (W)'];[0 1];[1 2];['D' 'H'];['H' 'H'];0.49;0.51;0.0;0.98;0.02;0.0;;;;;;;Women
2026-05-03;193887670;Hungary NB III;Hungary;05:00;Full;0.0;1.9;3.0;1.9;3.0;10.0;1.0;;6.0;1.0;7.0;142.0;78.0;100.0;Paksi II;;0.0;3.0;2.4;1;1.0;1 - 3;3.6;BFC Siofok;;0.0;1.0;2.4;2;3.0;0.0;10 - 1;6-1;3.0;1.25;47 - 31;25 - 13;13.0;25.0;33.0;67.0;2.0;6.0;3.0;3.0;;;;;;;;64.0;78.0;31.0;47.0;39.0;61.0;5.0;10.0;5.0;6.0;;[ 5 13 43 70];[1 1 1 2];[False False False False];['Paksi II' 'BFC Siofok' 'BFC Siofok' 'BFC Siofok'];[ 0  1  0 -1];[ 1  0 -1 -2];['D' 'H' 'D' 'A'];['H' 'D' 'A' 'A'];0.39;0.09;0.52;0.78;0.18;0.04;6059.0;;paksi fc;;;;Youth
2026-05-03;194020541;Indonesia U20 League;Indonesia;05:00;Full;0.021052631578947323;1.9;2.5, 3.0;1.9;2.5, 3.0;7.0;8.0;;4.0;5.0;9.0;107.0;113.0;;Persis Solo U20;;0.0;1.0;2.375;0;1.0;1 - 3;3.5;Borneo FC U20;;0.0;2.0;2.5;0;3.0;0.0;7 - 8;4-5;2.75;1.25;58 - 55;26 - 31;31.0;26.0;;;6.0;1.0;1.0;2.0;;;;;;;;54.0;53.0;55.0;58.0;;;10.0;6.0;5.0;4.0;;[56 71 82 92];[2 2 2 2];[False False False  True];['Borneo FC U20' 'Borneo FC U20' 'Borneo FC U20' 'Persis Solo U20'];[ 0 -1 -2 -3];[-1 -2 -3 -2];['D' 'A' 'A' 'A'];['A' 'A' 'A' 'A'];0.61;0.0;0.39;1.0;0.0;0.0;;;;;;;Youth
2026-05-03;193983341;Taiwan Premier League;Taiwan;05:00;Full;-0.06349206349206349;1.85;2.5;1.95;2.5;5.0;4.0;;4.0;1.0;5.0;122.0;97.0;100.0;Taichung Rock FC;5.0;0.0;1.0;2.625;0;1.0;1 - 0;3.5;Taipei City Tatung;6.0;0.0;2.0;2.25;0;0.0;0.0;5 - 4;4-1;2.5;1.0;53 - 44;21 - 21;21.0;21.0;60.0;40.0;4.0;3.0;2.0;3.0;;;;;;;;56.0;66.0;44.0;53.0;59.0;41.0;14.0;6.0;2.0;6.0;;[62];[2];[False];['Taichung Rock FC'];[0];[1];['D'];['H'];0.69;0.31;0.0;1.0;0.0;0.0;;;;;;;
2026-05-03;193052674;Czechia 2. Liga;Czech Republic;05:15;Full;0.16666666666666669;1.85;2.5, 3.0;1.95;2.5, 3.0;7.0;3.0;;2.0;2.0;4.0;181.0;97.0;100.0;Slavia Prague B;;0.0;5.0;2.0;0;0.0;0 - 3;3.5;Banik Ostrava B;;0.0;0.0;3.0;1;3.0;-0.25;7 - 3;2-2;2.75;1.25;43 - 54;15 - 27;27.0;15.0;43.0;57.0;4.0;2.0;2.0;1.0;;;;;;;;96.0;85.0;54.0;43.0;40.0;60.0;7.0;4.0;4.0;1.0;;[42 51 56];[1 2 2];[False False False];['Banik Ostrava B' 'Banik Ostrava B' 'Banik Ostrava B'];[ 0 -1 -2];[-1 -2 -3];['D' 'A' 'A'];['A' 'A' 'A'];0.47;0.0;0.53;0.93;0.0;0.07;602164.0;610536.0;sk slavia prague b;fc banik ostrava b;1.57;1.53;Youth
2026-05-03;193877257;Czechia 3. Liga;Czech Republic;05:15;Full;0.3282828282828283;1.85;2.5, 3.0;1.95;2.5, 3.0;4.0;6.0;;1.0;4.0;5.0;219.0;125.0;100.0;MFK Karvina B;;2.0;0.0;1.65;0;0.0;0 - 5;4.2;TJ Start Brno;;0.0;3.0;3.6;1;5.0;-0.75;4 - 6;1-4;2.75;1.25;62 - 63;33 - 42;42.0;33.0;41.0;59.0;5.0;4.0;4.0;1.0;;;;;;;;100.0;119.0;63.0;62.0;43.0;57.0;9.0;8.0;10.0;3.0;;[31 69 83 91 93];[1 2 2 2 2];[False False False  True  True];"['TJ Start Brno' 'TJ Start Brno' 'TJ Start Brno' 'TJ Start Brno'
 'TJ Start Brno']";[ 0 -1 -2 -3 -4];[-1 -2 -3 -4 -5];['D' 'A' 'A' 'A' 'A'];['A' 'A' 'A' 'A' 'A'];0.33;0.0;0.67;0.69;0.0;0.31;23951.0;;mfk karvina;;;;Youth
2026-05-03;193886559;Czechia 3. Liga;Czech Republic;05:15;Full;-0.1679929266136163;1.825;3.0;1.975;3.0;4.0;4.0;;2.0;1.0;3.0;176.0;110.0;100.0;FK Jablonec B;;0.0;0.0;2.9;0;0.0;0 - 3;4.1;Banik Most-Sous;;0.0;3.0;1.95;1;3.0;+0.75;4 - 4;2-1;3.0;1.25;40 - 70;18 - 38;38.0;18.0;59.0;41.0;3.0;0.0;2.0;4.0;;;;;;;;88.0;88.0;70.0;40.0;53.0;47.0;5.0;1.0;4.0;4.0;;[41 74 91];[1 2 2];[False False  True];['Banik Most-Sous' 'Banik Most-Sous' 'Banik Most-Sous'];[ 0 -1 -2];[-1 -2 -3];['D' 'A' 'A'];['A' 'A' 'A'];0.45;0.0;0.55;0.91;0.0;0.09;2205.0;;fk jablonec;;;;Youth
2026-05-03;193052677;Czechia 2. Liga;Czech Republic;05:15;Full;-0.044579533941236094;1.95;2.5, 3.0;1.85;2.5, 3.0;6.0;7.0;;2.0;3.0;5.0;96.0;110.0;100.0;Viktoria Zizkov;;0.0;1.0;2.625;2;3.0;3 - 1;3.25;FC Silon Taborsko;;0.0;2.0;2.35;1;1.0;0.0;6 - 7;2-3;2.75;1.0;46 - 64;21 - 25;25.0;21.0;44.0;56.0;4.0;2.0;2.0;2.0;;;;;;;;51.0;45.0;64.0;46.0;52.0;48.0;9.0;4.0;6.0;4.0;;[31 39 42 71];[1 1 1 2];[False False False False];['FC Silon Taborsko' 'Viktoria Zizkov' 'Viktoria Zizkov' 'Viktoria Zizkov'];[ 0 -1  0  1];[-1  0  1  2];['D' 'A' 'D' 'H'];['A' 'D' 'H' 'H'];0.38;0.53;0.09;0.76;0.07;0.18;2211.0;24782.0;fk viktoria zizkov;fc silon taborsko;1.66;1.61;
2026-05-03;193886563;Czechia 3. Liga;Czech Republic;05:15;Full;0.27731092436974786;1.925;2.5;1.875;2.5;1.0;7.0;;0.0;6.0;6.0;220.0;119.0;100.0;Sigma Olomouc B;;0.0;3.0;1.75;0;0.0;0 - 1;3.9;Frydek Mistek;;0.0;5.0;3.4;1;1.0;-0.25;1 - 7;0-6;2.5;1.0;70 - 49;30 - 22;22.0;30.0;49.0;51.0;5.0;1.0;1.0;1.0;;;;;;;;95.0;125.0;49.0;70.0;46.0;54.0;7.0;3.0;4.0;3.0;;[29];[1];[False];['Frydek Mistek'];[0];[-1];['D'];['A'];0.32;0.0;0.68;0.64;0.0;0.36;2207.0;;sk sigma olomouc;;;;Youth
2026-05-03;193886567;Czechia 3. Liga;Czech Republic;05:15;Full;0.3025210084033614;1.8;3.0;2.0;3.0;4.0;6.0;;3.0;3.0;6.0;199.0;121.0;100.0;FC Brno II;;0.0;1.0;1.7;1;2.0;2 - 1;4.1;Slovacko B;;0.0;2.0;3.5;0;1.0;-0.75;4 - 6;3-3;3.0;1.5;58 - 63;26 - 29;29.0;26.0;60.0;40.0;3.0;2.0;2.0;1.0;;;;;;;;106.0;93.0;63.0;58.0;57.0;43.0;5.0;5.0;5.0;5.0;;[28 76 78];[1 2 2];[False False False];['FC Brno II' 'FC Brno II' 'Slovacko B'];[0 1 2];[1 2 1];['D' 'H' 'H'];['H' 'H' 'H'];0.31;0.69;0.0;0.62;0.38;0.0;2210.0;4871.0;fc zbrojovka brno;1. fc slovacko uherske hradiste;;;Youth
2026-05-03;193886553;Czechia 3. Liga;Czech Republic;05:15;Full;0.3104575163398693;1.9;3.5, 4.0;1.9;3.5, 4.0;7.0;3.0;;4.0;3.0;7.0;189.0;113.0;100.0;Slovan Liberec B;;0.0;1.0;1.7;3;8.0;8 - 1;4.1;Slovan Velvary;;0.0;3.0;3.6;0;1.0;-1.5;7 - 3;4-3;3.75;1.25;72 - 41;39 - 25;25.0;39.0;46.0;54.0;4.0;7.0;0.0;7.0;;;;;;;;82.0;107.0;41.0;72.0;42.0;58.0;5.0;10.0;2.0;15.0;;[ 8 10 44 67 69 75 84 86 89];[1 1 1 2 2 2 2 2 2];[False False False False False False False False False];"['Slovan Liberec B' 'Slovan Liberec B' 'Slovan Liberec B' 'Slovan Velvary'
 'Slovan Liberec B' 'Slovan Liberec B' 'Slovan Liberec B'
 'Slovan Liberec B' 'Slovan Liberec B']";[0 1 2 3 2 3 4 5 6];[1 2 3 2 3 4 5 6 7];['D' 'H' 'H' 'H' 'H' 'H' 'H' 'H' 'H'];['H' 'H' 'H' 'H' 'H' 'H' 'H' 'H' 'H'];0.09;0.91;0.0;0.18;0.82;0.0;2219.0;;fc slovan liberec;;;;Youth
2026-05-03;193886555;Czechia 3. Liga;Czech Republic;05:15;Full;0.4143150152061674;1.85;2.5, 3.0;1.95;2.5, 3.0;3.0;3.0;;3.0;0.0;3.0;204.0;136.0;100.0;SK Unicov;;0.0;1.0;1.571;0;0.0;0 - 4;4.0;MFK Vitkovice;;0.0;3.0;4.5;2;4.0;-0.75;3 - 3;3-0;2.75;1.25;78 - 58;41 - 30;30.0;41.0;55.0;45.0;3.0;3.0;5.0;2.0;;;;;;;;99.0;105.0;58.0;78.0;51.0;49.0;7.0;5.0;9.0;4.0;;[22 35 56 88];[1 1 2 2];[False False False False];['MFK Vitkovice' 'MFK Vitkovice' 'MFK Vitkovice' 'MFK Vitkovice'];[ 0 -1 -2 -3];[-1 -2 -3 -4];['D' 'A' 'A' 'A'];['A' 'A' 'A' 'A'];0.24;0.0;0.76;0.49;0.0;0.51;;;;;;;
2026-05-03;193931543;Czechia 4. Liga;Czech Republic;05:15;Full;0.0;1.9;3.0;1.9;3.0;4.0;2.0;;2.0;0.0;2.0;195.0;113.0;100.0;Meteor Praha VIII;;0.0;2.0;2.35;0;1.0;1 - 2;3.9;FC Tempo Prague;;0.0;4.0;2.35;1;2.0;+0.25;4 - 2;2-0;3.0;1.25;63 - 50;30 - 25;25.0;30.0;50.0;50.0;2.0;0.0;3.0;3.0;;;;;;;;100.0;95.0;50.0;63.0;53.0;47.0;4.0;2.0;4.0;4.0;;[43 70 89];[1 2 2];[False False False];['FC Tempo Prague' 'Meteor Praha VIII' 'FC Tempo Prague'];[ 0 -1  0];[-1  0 -1];['D' 'A' 'D'];['A' 'D' 'A'];0.69;0.0;0.31;0.96;0.0;0.04;;;;;;;
2026-05-03;193949249;Slovakia 3. Liga;Slovakia;05:30;Full;0.25983945132881303;1.8;2.5;2.0;2.5;8.0;3.0;;3.0;1.0;4.0;152.0;77.0;100.0;Dunajska Streda B;;0.0;1.0;1.833;0;1.0;1 - 1;3.5;MSK Senec;;0.0;2.0;3.5;0;1.0;-0.5;8 - 3;3-1;2.5;1.0;47 - 30;22 - 14;14.0;22.0;31.0;69.0;4.0;3.0;1.0;0.0;;;;;;;;53.0;99.0;30.0;47.0;30.0;70.0;7.0;6.0;3.0;4.0;;[58 77];[2 2];[False False];['MSK Senec' 'Dunajska Streda B'];[ 0 -1];[-1  0];['D' 'A'];['A' 'D'];0.79;0.0;0.21;1.0;0.0;0.0;23833.0;;dac 1904 dunajska streda;;;;Youth
2026-05-03;193886485;Australia Queensland Premier League 2;Australia;05:30;Full;-0.3203463203463204;1.8;4.0;2.0;4.0;5.0;4.0;;3.0;3.0;6.0;183.0;111.0;;Southside Eagles;12.0;0.0;4.0;3.5;0;1.0;1 - 0;4.5;Souths United;1.0;1.0;2.0;1.65;0;0.0;+1.0;5 - 4;3-3;4.0;1.75;67 - 44;34 - 22;22.0;34.0;;;3.0;6.0;2.0;1.0;;;;;;;;85.0;98.0;44.0;67.0;;;6.0;9.0;2.0;6.0;;[72];[2];[False];['Southside Eagles'];[0];[1];['D'];['H'];0.8;0.2;0.0;1.0;0.0;0.0;;;;;;;
2026-05-03;193201910;Slovakia 2. Liga;Slovakia;05:30;Full;0.3409435575040671;1.9;3.0;1.9;3.0;1.0;5.0;;1.0;3.0;4.0;244.0;152.0;100.0;MSK Zilina B;12.0;2.0;3.0;1.727;1;1.0;1 - 1;3.9;OFK Malzenice;5.0;0.0;2.0;4.2;0;1.0;-0.5;1 - 5;1-3;3.0;1.25;61 - 91;30 - 38;38.0;30.0;58.0;42.0;4.0;2.0;1.0;2.0;;;;;;;;137.0;107.0;91.0;61.0;59.0;41.0;11.0;5.0;3.0;3.0;;[29 94];[1 2];[False  True];['MSK Zilina B' 'OFK Malzenice'];[0 1];[1 0];['D' 'H'];['H' 'D'];0.31;0.69;0.0;0.64;0.36;0.0;2402.0;;msk zilina;;;;Youth
2026-05-03;193914293;Indonesia Super League;Indonesia;05:30;Full;0.20032051282051289;1.975;2.5, 3.0;1.825;2.5, 3.0;1.0;10.0;;0.0;1.0;1.0;160.0;78.0;100.0;Persik Kediri;;0.0;3.0;1.95;3;3.0;3 - 2;3.4;Arema FC;;0.0;3.0;3.2;0;2.0;-0.25;1 - 10;0-1;2.75;1.0;31 - 47;20 - 19;19.0;20.0;50.0;50.0;3.0;2.0;3.0;5.0;;;;;;;;91.0;69.0;47.0;31.0;61.0;39.0;12.0;3.0;8.0;7.0;;[ 8 28 43 86 96];[1 1 1 2 2];[False False False False  True];['Persik Kediri' 'Persik Kediri' 'Persik Kediri' 'Arema FC' 'Arema FC'];[0 1 2 3 2];[1 2 3 2 1];['D' 'H' 'H' 'H' 'H'];['H' 'H' 'H' 'H' 'H'];0.08;0.92;0.0;0.18;0.82;0.0;;47465.0;;arema fc;;;
2026-05-03;193836347;Austria Landesliga;Austria;05:30;Full;-0.16917293233082703;1.925;3.0, 3.5;1.875;3.0, 3.5;7.0;3.0;;3.0;0.0;3.0;297.0;143.0;100.0;SV Spittal/Drau;;0.0;2.0;2.8;3;3.0;3 - 1;4.2;Austria Klagenfurt II;;0.0;1.0;1.9;0;1.0;+0.5;7 - 3;3-0;3.25;1.25;61 - 82;30 - 39;39.0;30.0;68.0;32.0;0.0;2.0;3.0;5.0;;;;;;;;184.0;113.0;82.0;61.0;63.0;37.0;3.0;6.0;5.0;5.0;;[22 28 32 53];[1 1 1 2];[False False False False];"['SV Spittal/Drau' 'SV Spittal/Drau' 'SV Spittal/Drau'
 'Austria Klagenfurt II']";[0 1 2 3];[1 2 3 2];['D' 'H' 'H' 'H'];['H' 'H' 'H' 'H'];0.24;0.76;0.0;0.49;0.51;0.0;;43254.0;;sk austria klagenfurt;;;Youth
2026-05-03;193189750;Austria 2. Liga;Austria;05:30;Full;0.08730158730158727;1.8;2.5, 3.0;2.0;2.5, 3.0;2.0;6.0;;1.0;3.0;4.0;179.0;120.0;100.0;Austria Klagenfurt;;0.0;1.0;2.25;0;2.0;2 - 1;3.6;Rapid Vienna II;;0.0;1.0;2.8;1;1.0;0.0;2 - 6;1-3;2.75;1.25;41 - 79;21 - 33;33.0;21.0;50.0;50.0;4.0;3.0;4.0;3.0;;;;;;;;110.0;69.0;79.0;41.0;50.0;50.0;6.0;4.0;4.0;7.0;;[15 61 77];[1 2 2];[False False False];['Rapid Vienna II' 'Austria Klagenfurt' 'Austria Klagenfurt'];[ 0 -1  0];[-1  0  1];['D' 'A' 'D'];['A' 'D' 'H'];0.34;0.14;0.51;0.33;0.0;0.67;43254.0;2092.0;sk austria klagenfurt;rapid wien ii;1.66;1.61;Youth
2026-05-03;193189756;Austria 2. Liga;Austria;05:30;Full;0.5386746217771149;2.025;3.0;1.775;3.0;6.0;7.0;;3.0;1.0;4.0;134.0;82.0;100.0;Austria Lustenau;;0.0;2.0;1.444;1;2.0;2 - 0;4.5;SW Bregenz;;0.0;1.0;6.5;0;0.0;-1.25;6 - 7;3-1;3.0;1.25;42 - 40;24 - 14;14.0;24.0;50.0;50.0;0.0;3.0;2.0;1.0;;;;;;;;62.0;72.0;40.0;42.0;50.0;50.0;6.0;4.0;3.0;2.0;;[40 70];[1 2];[False False];['Austria Lustenau' 'Austria Lustenau'];[0 1];[1 2];['D' 'H'];['H' 'H'];0.44;0.56;0.0;0.89;0.11;0.0;2062.0;7786.0;austria lustenau;schwarz-weiss bregenz;1.83;1.83;
2026-05-03;193828029;Poland Ekstraliga Women;Poland;06:00;Full;0.5224071702944943;1.85;3.0;1.95;3.0;11.0;3.0;;8.0;0.0;8.0;152.0;115.0;100.0;Rekord Bielsko-Biala (W);;0.0;0.0;1.42;1;5.0;5 - 1;4.5;Pogon Tczew (W);;0.0;3.0;5.5;0;1.0;-1.25;11 - 3;8-0;3.0;1.25;67 - 48;43 - 20;20.0;43.0;49.0;51.0;1.0;6.0;1.0;4.0;;;;;;;;85.0;67.0;48.0;67.0;51.0;49.0;6.0;9.0;3.0;9.0;;[35 49 68 70 78 82];[1 2 2 2 2 2];[False False False False False False];"['Rekord Bielsko-Biala (W)' 'Rekord Bielsko-Biala (W)' 'Pogon Tczew (W)'
 'Rekord Bielsko-Biala (W)' 'Rekord Bielsko-Biala (W)'
 'Rekord Bielsko-Biala (W)']";[0 1 2 1 2 3];[1 2 1 2 3 4];['D' 'H' 'H' 'H' 'H' 'H'];['H' 'H' 'H' 'H' 'H' 'H'];0.39;0.61;0.0;0.78;0.22;0.0;240366.0;;rekord bielsko biala;;;;Women
2026-05-03;193944104;Hungary NB III;Hungary;06:00;Full;-0.00886524822695034;1.85;3.0;1.95;3.0;5.0;4.0;;2.0;1.0;3.0;215.0;135.0;;Ujpest II;;0.0;2.0;2.4;1;1.0;1 - 2;3.6;Szombathelyi Haladas;;0.0;1.0;2.35;1;2.0;0.0;5 - 4;2-1;3.0;1.25;84 - 51;34 - 21;21.0;34.0;;;1.0;1.0;1.0;4.0;;;;;;;;101.0;114.0;51.0;84.0;;;3.0;1.0;2.0;7.0;;[14 40 57];[1 1 2];[False False False];['Szombathelyi Haladas' 'Ujpest II' 'Szombathelyi Haladas'];[ 0 -1  0];[-1  0 -1];['D' 'A' 'D'];['A' 'D' 'A'];0.34;0.0;0.66;0.42;0.0;0.58;1924.0;;ujpest fc budapest;;;;Youth
2026-05-03;193881659;China Super League Women;China;06:00;Full;-0.035714285714285754;1.95;2.0, 2.5;1.85;2.0, 2.5;7.0;3.0;;2.0;1.0;3.0;122.0;94.0;100.0;Shaanxi Athletic (W);;0.0;2.0;2.625;0;0.0;0 - 1;3.2;Guangdong (W);;0.0;1.0;2.4;1;1.0;0.0;7 - 3;2-1;2.25;1.0;55 - 39;24 - 15;15.0;24.0;53.0;47.0;2.0;7.0;1.0;2.0;;;;;;;;75.0;47.0;39.0;55.0;56.0;44.0;6.0;12.0;2.0;2.0;;[19];[1];[False];['Guangdong (W)'];[0];[-1];['D'];['A'];0.21;0.0;0.79;0.42;0.0;0.58;;;;;;;Women
2026-05-03;193994562;Germany Bundesliga U19;Germany;06:00;Schedule;0.16499442586399116;1.8;3.0, 3.5;2.0;3.0, 3.5;8.0;4.0;;6.0;3.0;9.0;0.0;0.0;;TSG Hoffenheim U19;;0.0;0.0;1.95;2;2.0;2 - 0;4.0;Schalke U19;;0.0;0.0;2.875;0;0.0;-0.5 (-0.25);8 - 4;6-3;3.25 (2.75);nan;-;-;0.0;0.0;;;0.0;0.0;0.0;2.0;;;;;;;;0.0;0.0;0.0;0.0;;;0.0;0.0;0.0;2.0;;[34 41];[1 1];[False False];['TSG Hoffenheim U19' 'TSG Hoffenheim U19'];[0 1];[1 2];['D' 'H'];['H' 'H'];0.38;0.62;0.0;0.76;0.24;0.0;2569.0;2530.0;tsg hoffenheim;schalke 04;;;Youth
2026-05-03;193944098;Hungary NB III;Hungary;06:00;Full;0.4991789819376027;1.925;3.0;1.875;3.0;7.0;3.0;;3.0;2.0;5.0;124.0;114.0;;Kisvarda II;;0.0;3.0;1.45;1;4.0;4 - 1;4.1;Diosgyori VTK II;;0.0;1.0;5.25;1;1.0;-1.25;7 - 3;3-2;3.0;1.25;74 - 40;36 - 23;23.0;36.0;;;0.0;0.0;1.0;1.0;;;;;;;;63.0;61.0;40.0;74.0;;;0.0;0.0;1.0;4.0;;[ 4 42 61 79 83];[1 1 2 2 2];[False False False False False];"['Kisvarda II' 'Diosgyori VTK II' 'Kisvarda II' 'Kisvarda II'
 'Kisvarda II']";[0 1 0 1 2];[1 0 1 2 3];['D' 'H' 'D' 'H' 'H'];['H' 'D' 'H' 'H' 'H'];0.26;0.74;0.0;0.16;0.84;0.0;;5121.0;;diosgyori vtk;;;Youth
2026-05-03;193980641;Japan Regional League;Japan;06:00;Full;-0.2514360899842752;1.8;2.5;2.0;2.5;2.0;5.0;;0.0;2.0;2.0;157.0;87.0;100.0;Tokai FC;;0.0;1.0;3.4;0;0.0;0 - 3;3.6;AS Kariya;;0.0;2.0;1.833;2;3.0;+0.5;2 - 5;0-2;2.5;1.0;36 - 51;18 - 25;25.0;18.0;57.0;43.0;2.0;2.0;5.0;2.0;;;;;;;;89.0;68.0;51.0;36.0;53.0;47.0;9.0;2.0;9.0;3.0;;[25 37 92];[1 1 2];[False False  True];['AS Kariya' 'AS Kariya' 'AS Kariya'];[ 0 -1 -2];[-1 -2 -3];['D' 'A' 'A'];['A' 'A' 'A'];0.27;0.0;0.73;0.56;0.0;0.44;;;;;;;
2026-05-03;193949293;Slovakia Youth League;Slovakia;06:00;Full;-0.4444444444444444;1.95;3.5;1.85;3.5;1.0;4.0;;0.0;2.0;2.0;204.0;106.0;100.0;MFK Zemplin Michalovce U19;;0.0;2.0;4.5;0;0.0;0 - 1;4.5;MSK Zilina U19;;0.0;1.0;1.5;1;1.0;+1.0;1 - 4;0-2;3.5;1.5;48 - 58;19 - 29;29.0;19.0;58.0;42.0;5.0;1.0;3.0;0.0;;;;;;;;106.0;98.0;58.0;48.0;54.0;46.0;6.0;3.0;5.0;1.0;;[31];[1];[False];['MSK Zilina U19'];[0];[-1];['D'];['A'];0.34;0.0;0.66;0.69;0.0;0.31;7885.0;2402.0;mfk zemplin michalovce;msk zilina;;;Youth
2026-05-03;193886494;Austria League 1 Women;Austria;06:00;Full;-0.2637362637362637;1.8;3.0;2.0;3.0;4.0;7.0;;0.0;6.0;6.0;165.0;126.0;;SCR Altach (W);;0.0;0.0;3.25;1;1.0;1 - 3;4.2;First Vienna FC 1894 (W);;0.0;1.0;1.75;0;3.0;+0.5;4 - 7;0-6;3.0;1.25;37 - 89;8 - 57;57.0;8.0;;;8.0;1.0;1.0;1.0;;;;;;;;93.0;72.0;89.0;37.0;;;10.0;3.0;5.0;6.0;;[ 4 61 74 77];[1 2 2 2];[False False False False];"['SCR Altach (W)' 'First Vienna FC 1894 (W)' 'First Vienna FC 1894 (W)'
 'First Vienna FC 1894 (W)']";[ 0  1  0 -1];[ 1  0 -1 -2];['D' 'H' 'D' 'A'];['H' 'D' 'A' 'A'];0.19;0.63;0.18;0.09;0.91;0.0;4856.0;2054.0;scr altach;first vienna fc 1894;;;Women
2026-05-03;193944138;Hungary NB III;Hungary;06:00;Full;0.2113344683080146;1.9;3.0;1.9;3.0;1.0;0.0;;0.0;0.0;0.0;150.0;130.0;;Ferencvarosi TC II;;0.0;3.0;1.909;0;2.0;2 - 3;3.5;Majosi SE;;0.0;4.0;3.2;1;3.0;-0.5;1 - 0;0-0;3.0;1.25;67 - 63;31 - 36;36.0;31.0;;;3.0;2.0;3.0;2.0;;;;;;;;74.0;76.0;63.0;67.0;;;3.0;3.0;7.0;6.0;;[23 47 50 62 64];[1 2 2 2 2];[False False False False False];"['Majosi SE' 'Ferencvarosi TC II' 'Ferencvarosi TC II' 'Majosi SE'
 'Majosi SE']";[ 0 -1  0  1  0];[-1  0  1  0 -1];['D' 'A' 'D' 'H' 'D'];['A' 'D' 'H' 'D' 'A'];0.31;0.13;0.56;0.51;0.0;0.49;1925.0;;ferencvarosi budapest;;;;Youth
2026-05-03;193915221;Vietnam V-League 2;Vietnam;06:00;Full;-0.016006402561024313;1.8;2.0, 2.5;2.0;2.0, 2.5;2.0;8.0;;1.0;4.0;5.0;124.0;115.0;100.0;Ho Chi Minh City;;0.0;0.0;2.55;1;3.0;3 - 0;3.1;Quy Nhon United;;0.0;2.0;2.45;0;0.0;0.0;2 - 8;1-4;2.25;1.0;54 - 61;26 - 27;27.0;26.0;48.0;52.0;1.0;5.0;0.0;1.0;;;;;;;;79.0;45.0;61.0;54.0;56.0;44.0;3.0;10.0;0.0;3.0;;[48 54 64];[1 2 2];[ True False False];['Ho Chi Minh City' 'Ho Chi Minh City' 'Ho Chi Minh City'];[0 1 2];[1 2 3];['D' 'H' 'H'];['H' 'H' 'H'];0.53;0.47;0.0;1.0;0.0;0.0;;;;;;;
2026-05-03;193915240;Thailand Division 3;Thailand;06:00;Full;0.4851994851994852;1.85;2.5;1.95;2.5;4.0;3.0;;0.0;3.0;3.0;158.0;79.0;100.0;PT Satun;;0.0;0.0;1.48;1;2.0;2 - 0;4.0;Thonburi United FC;;0.0;0.0;5.25;0;0.0;-1.0;4 - 3;0-3;2.5;1.0;44 - 35;24 - 14;14.0;24.0;48.0;52.0;2.0;2.0;2.0;4.0;;;;;;;;76.0;82.0;35.0;44.0;51.0;49.0;4.0;9.0;3.0;7.0;;[ 6 78];[1 2];[False False];['PT Satun' 'PT Satun'];[0 1];[1 2];['D' 'H'];['H' 'H'];0.07;0.93;0.0;0.13;0.87;0.0;;;;;;;
2026-05-03;193915218;Vietnam V-League 2;Vietnam;06:00;Full;0.044579533941236094;1.85;2.0, 2.5;1.95;2.0, 2.5;2.0;9.0;;0.0;7.0;7.0;118.0;75.0;100.0;Dong Thap;11.0;1.0;1.0;2.35;0;0.0;0 - 0;3.3;PVF-CAND II;7.0;0.0;3.0;2.625;0;0.0;0.0;2 - 9;0-7;2.25;1.0;27 - 48;12 - 22;22.0;12.0;64.0;36.0;2.0;1.0;3.0;0.0;;;;;;;;59.0;59.0;48.0;27.0;63.0;37.0;8.0;3.0;5.0;4.0;;[];[];[];[];[];[];[];[];1.0;0.0;0.0;1.0;0.0;0.0;;340516.0;;pvf cong an nhan dan fc;;;Youth
2026-05-03;193200143;Japan J2/J3 Centennial League;Japan;06:00;Full;-0.367965367965368;1.8;2.0, 2.5;2.0;2.0, 2.5;3.0;12.0;;1.0;7.0;8.0;94.0;57.0;100.0;FC Ryukyu;;0.0;0.0;4.2;1;1.0;1 - 1;3.6;Kagoshima United;;0.0;1.0;1.65;1;1.0;+0.75;3 - 12;1-7;2.25;1.0;21 - 36;11 - 17;17.0;11.0;55.0;45.0;5.0;3.0;5.0;1.0;;;;;;;;52.0;42.0;36.0;21.0;55.0;45.0;9.0;3.0;10.0;2.0;;[ 6 32];[1 1];[False False];['FC Ryukyu' 'Kagoshima United'];[0 1];[1 0];['D' 'H'];['H' 'D'];0.71;0.29;0.0;0.42;0.58;0.0;44528.0;162632.0;fc ryukyu;kagoshima united;2.0;2.0;
2026-05-03;193882246;Hungary NB III;Hungary;06:00;Full;0.2698412698412699;1.825;3.0;1.975;3.0;9.0;3.0;;5.0;2.0;7.0;140.0;80.0;100.0;Nyiregyhaza II;;0.0;1.0;1.8;2;8.0;8 - 2;3.6;FC Tiszaujvaros;;0.0;1.0;3.5;1;2.0;-0.5;9 - 3;5-2;3.0;1.25;46 - 34;25 - 16;16.0;25.0;51.0;49.0;5.0;4.0;2.0;6.0;;;;;;;;67.0;73.0;34.0;46.0;49.0;51.0;6.0;7.0;5.0;15.0;;[11 35 44 46 52 55 61 63 69 79];[1 1 1 2 2 2 2 2 2 2];[False False False False False False False False False False];"['Nyiregyhaza II' 'Nyiregyhaza II' 'FC Tiszaujvaros' 'Nyiregyhaza II'
 'FC Tiszaujvaros' 'Nyiregyhaza II' 'Nyiregyhaza II' 'Nyiregyhaza II'
 'Nyiregyhaza II' 'Nyiregyhaza II']";[0 1 2 1 2 1 2 3 4 5];[1 2 1 2 1 2 3 4 5 6];['D' 'H' 'H' 'H' 'H' 'H' 'H' 'H' 'H' 'H'];['H' 'H' 'H' 'H' 'H' 'H' 'H' 'H' 'H' 'H'];0.12;0.88;0.0;0.24;0.76;0.0;5124.0;;nyiregyhaza spartacus fc;;;;Youth
2026-05-03;193886525;Croatia First League Women;Croatia;06:00;Full;0.707219494453537;1.8;4.0;2.0;4.0;9.0;3.0;;4.0;2.0;6.0;266.0;144.0;100.0;ZNK Osijek (W);;0.0;0.0;1.222;4;7.0;7 - 1;6.0;ZNK Split (W);;0.0;0.0;9.0;1;1.0;-2.25;9 - 3;4-2;4.0;1.75;97 - 47;50 - 27;27.0;50.0;37.0;63.0;1.0;6.0;1.0;6.0;;;;;;;;106.0;160.0;47.0;97.0;36.0;64.0;3.0;9.0;1.0;13.0;;[10 17 25 42 46 58 65 81];[1 1 1 1 1 2 2 2];[False False False False  True False False False];"['ZNK Osijek (W)' 'ZNK Osijek (W)' 'ZNK Osijek (W)' 'ZNK Osijek (W)'
 'ZNK Split (W)' 'ZNK Osijek (W)' 'ZNK Osijek (W)' 'ZNK Osijek (W)']";[0 1 2 3 4 3 4 5];[1 2 3 4 3 4 5 6];['D' 'H' 'H' 'H' 'H' 'H' 'H' 'H'];['H' 'H' 'H' 'H' 'H' 'H' 'H' 'H'];0.11;0.89;0.0;0.22;0.78;0.0;;;;;;;Women
2026-05-03;193985946;Malta Challenge League Cup;Malta;06:00;Full;-0.016006402561024313;1.825;2.5;1.975;2.5;6.0;6.0;;5.0;3.0;8.0;124.0;84.0;100.0;Melita FC Saint Julian;;0.0;2.0;2.55;0;0.0;0 - 3;3.2;Birzebbuga;;0.0;0.0;2.45;1;3.0;0.0;6 - 6;5-3;2.5;1.0;50 - 34;26 - 15;15.0;26.0;42.0;58.0;1.0;5.0;2.0;0.0;;;;;;;;54.0;70.0;34.0;50.0;40.0;60.0;3.0;10.0;8.0;0.0;;[29 72 77];[1 2 2];[False False False];['Birzebbuga' 'Birzebbuga' 'Birzebbuga'];[ 0 -1 -2];[-1 -2 -3];['D' 'A' 'A'];['A' 'A' 'A'];0.32;0.0;0.68;0.64;0.0;0.36;;;;;;;
2026-05-03;193880178;Finland Kolmonen;Finland;06:00;Full;0.30576237693637737;1.95;4.0;1.85;4.0;4.0;2.0;;4.0;0.0;4.0;208.0;95.0;100.0;Gnistan/Ogeli;;0.0;1.0;1.667;0;1.0;1 - 2;4.5;RiPS;;0.0;2.0;3.4;1;2.0;-0.75;4 - 2;4-0;4.0;1.75;51 - 44;30 - 20;20.0;30.0;42.0;58.0;1.0;2.0;4.0;2.0;;;;;;;;100.0;108.0;44.0;51.0;44.0;56.0;3.0;9.0;6.0;5.0;;[39 74 82];[1 2 2];[False False False];['RiPS' 'RiPS' 'Gnistan/Ogeli'];[ 0 -1 -2];[-1 -2 -1];['D' 'A' 'A'];['A' 'A' 'A'];0.43;0.0;0.57;0.87;0.0;0.13;;;;;;;
2026-05-03;193936758;Ethiopia Higher League;Ethiopia;06:30;Full;-0.17316017316017313;1.925;2.0;1.875;2.0;4.0;9.0;;4.0;3.0;7.0;194.0;98.0;100.0;Yeka Sub City FC;;0.0;2.0;3.3;0;0.0;0 - 1;2.9;Dessie Ketema;;0.0;0.0;2.1;0;1.0;+0.25;4 - 9;4-3;2.0;0.75;28 - 70;18 - 30;30.0;18.0;53.0;47.0;3.0;1.0;0.0;1.0;;;;;;;;100.0;94.0;70.0;28.0;57.0;43.0;4.0;2.0;2.0;1.0;;[68];[2];[False];['Dessie Ketema'];[0];[-1];['D'];['A'];0.76;0.0;0.24;1.0;0.0;0.0;;;;;;;
2026-05-03;193936578;Estonia Esiliiga B;Estonia;06:30;Full;0.18841087990024158;1.85;4.0, 4.5;1.95;4.0, 4.5;5.0;2.0;;4.0;0.0;4.0;159.0;81.0;100.0;Parnu JK Vaprus II;;0.0;4.0;1.833;5;7.0;7 - 2;4.75;JK Tammeka Tartu II;;0.0;3.0;2.8;0;2.0;-0.5;5 - 2;4-0;4.25;1.75;50 - 31;24 - 9;9.0;24.0;38.0;62.0;0.0;4.0;1.0;6.0;;;;;;;;62.0;97.0;31.0;50.0;45.0;55.0;6.0;8.0;5.0;12.0;;[ 6 30 32 43 46 54 69 71 73];[1 1 1 1 1 2 2 2 2];[False False False False  True False False False False];"['Parnu JK Vaprus II' 'Parnu JK Vaprus II' 'Parnu JK Vaprus II'
 'Parnu JK Vaprus II' 'Parnu JK Vaprus II' 'Parnu JK Vaprus II'
 'JK Tammeka Tartu II' 'JK Tammeka Tartu II' 'Parnu JK Vaprus II']";[0 1 2 3 4 5 6 5 4];[1 2 3 4 5 6 5 4 5];['D' 'H' 'H' 'H' 'H' 'H' 'H' 'H' 'H'];['H' 'H' 'H' 'H' 'H' 'H' 'H' 'H' 'H'];0.07;0.93;0.0;0.13;0.87;0.0;318005.0;138566.0;parnu jk vaprus;tartu jk tammeka;;;Youth
2026-05-03;193879888;Denmark Elitedivisionen Women;Denmark;06:30;Full;0.3617847858999628;1.975;2.5;1.825;2.5;7.0;2.0;;5.0;1.0;6.0;132.0;56.0;100.0;Brøndby IF (W);;0.0;0.0;1.667;1;2.0;2 - 0;3.6;Fortuna Hjørring (W);;0.0;0.0;4.2;0;0.0;-0.75;7 - 2;5-1;2.5;1.0;33 - 23;17 - 10;10.0;17.0;42.0;58.0;3.0;4.0;2.0;5.0;;;;;;;;65.0;67.0;23.0;33.0;47.0;53.0;4.0;8.0;4.0;6.0;;[ 8 69];[1 2];[False False];['Brøndby IF (W)' 'Brøndby IF (W)'];[0 1];[1 2];['D' 'H'];['H' 'H'];0.09;0.91;0.0;0.18;0.82;0.0;;;;;;;Women
2026-05-03;193941658;Denmark Elitedivisionen Women;Denmark;06:30;Full;-0.07295941632466935;1.85;3.0;1.95;3.0;4.0;5.0;;2.0;1.0;3.0;89.0;54.0;100.0;FC Nordsjaelland (W);;1.0;2.0;2.55;0;1.0;1 - 1;4.0;HB Koge (W);;0.0;1.0;2.15;0;1.0;+0.25;4 - 5;2-1;3.0;1.25;26 - 28;17 - 13;13.0;17.0;29.0;71.0;3.0;2.0;0.0;0.0;;;;;;;;43.0;46.0;28.0;26.0;38.0;62.0;6.0;3.0;2.0;1.0;;[51 52];[2 2];[False False];['FC Nordsjaelland (W)' 'HB Koge (W)'];[0 1];[1 0];['D' 'H'];['H' 'D'];0.99;0.01;0.0;1.0;0.0;0.0;1292.0;;fc nordsjaelland;;;;Women
2026-05-03;193940873;India I-League 3;India;06:30;Full;0.3752926074152383;1.85;2.5, 3.0;1.95;2.5, 3.0;11.0;0.0;;5.0;0.0;5.0;281.0;173.0;;FC Raengdai;;0.0;2.0;1.615;0;0.0;0 - 1;4.0;Sunrise Club Odisha;;0.0;0.0;4.1;1;1.0;-0.75;11 - 0;5-0;2.75;1.25;136 - 37;64 - 19;19.0;64.0;;;0.0;3.0;1.0;3.0;;;;;;;;104.0;177.0;37.0;136.0;;;1.0;9.0;1.0;6.0;;[18];[1];[False];['Sunrise Club Odisha'];[0];[-1];['D'];['A'];0.2;0.0;0.8;0.4;0.0;0.6;;;;;;;
2026-05-03;617437;Spain Tercera Group 10;Spain;06:59;Full;;;2.25;;2.25;5.0;9.0;;3.0;4.0;7.0;139.0;69.0;100.0;Cordoba B;;0.0;2.0;;2;2.0;2 - 0;;CD San Roque de Lepe;;0.0;2.0;;0;0.0;-0.25;5 - 9;3-4;2.25;nan;35 - 34;17 - 14;14.0;17.0;41.0;59.0;0.0;3.0;5.0;5.0;;;;;;;;63.0;76.0;34.0;35.0;49.0;51.0;6.0;6.0;9.0;7.0;;[23 25];[1 1];[False False];['Cordoba B' 'Cordoba B'];[0 1];[1 2];['D' 'H'];['H' 'H'];0.26;0.74;0.0;0.51;0.49;0.0;2850.0;;cordoba cf;;;;Youth
2026-05-03;193203325;Spain Segunda Division RFEF Group 5;Spain;07:00;Full;0.37527362244648194;1.8;2.5;2.0;2.5;10.0;1.0;;6.0;1.0;7.0;167.0;73.0;100.0;Elche Ilicitano;;0.0;2.0;1.65;0;1.0;1 - 3;3.6;CD Quintanar del Rey;;1.0;3.0;4.333;2;3.0;-0.75;10 - 1;6-1;2.5;1.0;52 - 21;20 - 13;13.0;20.0;43.0;57.0;1.0;4.0;4.0;1.0;;;;;;;;75.0;92.0;21.0;52.0;40.0;60.0;3.0;14.0;6.0;7.0;;[ 7 43 71 91];[1 1 2 2];[False False False  True];"['CD Quintanar del Rey' 'CD Quintanar del Rey' 'CD Quintanar del Rey'
 'Elche Ilicitano']";[ 0 -1 -2 -3];[-1 -2 -3 -2];['D' 'A' 'A' 'A'];['A' 'A' 'A' 'A'];0.08;0.0;0.92;0.16;0.0;0.84;;;;;;;
2026-05-03;193203323;Spain Segunda Division RFEF Group 5;Spain;07:00;Full;0.40866873065015485;1.95;2.5, 3.0;1.85;2.5, 3.0;1.0;3.0;;0.0;2.0;2.0;197.0;106.0;100.0;CF Intercity;;0.0;2.0;1.615;2;2.0;2 - 0;3.5;CD Colonia Moscardo;;0.0;1.0;4.75;0;0.0;-0.75;1 - 3;0-2;2.75;1.0;43 - 63;19 - 36;36.0;19.0;68.0;32.0;5.0;3.0;1.0;2.0;;;;;;;;108.0;89.0;63.0;43.0;62.0;38.0;7.0;4.0;2.0;2.0;;[15 40];[1 1];[False False];['CF Intercity' 'CF Intercity'];[0 1];[1 2];['D' 'H'];['H' 'H'];0.17;0.83;0.0;0.33;0.67;0.0;;;;;;;
2026-05-03;193203344;Spain Segunda Division RFEF Group 5;Spain;07:00;Full;0.12028869286287086;2.025;2.5;1.775;2.5;1.0;6.0;;0.0;1.0;1.0;187.0;105.0;100.0;Orihuela;;0.0;2.0;2.15;0;2.0;2 - 1;3.25;Getafe B;;0.0;1.0;2.9;0;1.0;-0.25;1 - 6;0-1;2.5;1.0;49 - 56;29 - 16;16.0;29.0;60.0;40.0;2.0;3.0;0.0;0.0;;;;;;;;102.0;85.0;56.0;49.0;61.0;39.0;3.0;4.0;3.0;3.0;;[53 66 89];[2 2 2];[False False False];['Orihuela' 'Orihuela' 'Getafe B'];[0 1 2];[1 2 1];['D' 'H' 'H'];['H' 'H' 'H'];0.59;0.41;0.0;1.0;0.0;0.0;;2859.0;;getafe cf;;;Youth
2026-05-03;193203369;Spain Segunda Division RFEF Group 5;Spain;07:00;Full;0.09961685823754785;1.9;2.5;1.9;2.5;11.0;7.0;;5.0;5.0;10.0;168.0;116.0;100.0;RSD Alcala;;0.0;8.0;2.25;1;1.0;1 - 2;3.1;CD Coria;;0.0;2.0;2.9;2;2.0;-0.25;11 - 7;5-5;2.5;1.0;74 - 42;33 - 24;24.0;33.0;43.0;57.0;5.0;7.0;5.0;3.0;;;;;;;;72.0;96.0;42.0;74.0;39.0;61.0;7.0;11.0;5.0;8.0;;[13 31 48];[1 1 1];[False False  True];['RSD Alcala' 'CD Coria' 'CD Coria'];[0 1 0];[ 1  0 -1];['D' 'H' 'D'];['H' 'D' 'A'];0.33;0.2;0.47;0.62;0.38;0.0;;;;;;;
2026-05-03;193203329;Spain Segunda Division RFEF Group 5;Spain;07:00;Full;0.17530487804878053;1.975;2.5;1.825;2.5;5.0;2.0;;1.0;1.0;2.0;172.0;89.0;100.0;Navalcarnero;;0.0;1.0;2.05;1;3.0;3 - 1;3.2;Fuenlabrada;;0.0;1.0;3.2;1;1.0;-0.25;5 - 2;1-1;2.5;1.0;51 - 38;24 - 16;16.0;24.0;45.0;55.0;1.0;5.0;2.0;2.0;;;;;;;;89.0;83.0;38.0;51.0;46.0;54.0;4.0;10.0;4.0;4.0;;[32 41 89 95];[1 1 2 2];[False False False  True];['Navalcarnero' 'Fuenlabrada' 'Navalcarnero' 'Navalcarnero'];[0 1 0 1];[1 0 1 2];['D' 'H' 'D' 'H'];['H' 'D' 'H' 'H'];0.84;0.16;0.0;0.8;0.2;0.0;;;;;;;
2026-05-03;193203374;Spain Segunda Division RFEF Group 5;Spain;07:00;Full;-0.1875;1.8;2.5;2.0;2.5;7.0;5.0;;3.0;5.0;8.0;218.0;111.0;100.0;Tenerife B;;0.0;2.0;3.2;0;1.0;1 - 3;3.4;UD San Sebastian Reyes;;0.0;2.0;2.0;1;3.0;+0.25;7 - 5;3-5;2.5;1.0;62 - 49;29 - 25;25.0;29.0;39.0;61.0;2.0;4.0;2.0;1.0;;;;;;;;79.0;139.0;49.0;62.0;39.0;61.0;2.0;8.0;6.0;6.0;;[10 69 73 89];[1 2 2 2];[False False False False];"['UD San Sebastian Reyes' 'UD San Sebastian Reyes' 'Tenerife B'
 'UD San Sebastian Reyes']";[ 0 -1 -2 -1];[-1 -2 -1 -2];['D' 'A' 'A' 'A'];['A' 'A' 'A' 'A'];0.11;0.0;0.89;0.22;0.0;0.78;2822.0;;tenerife cd;;;;Youth
2026-05-03;193203372;Spain Segunda Division RFEF Group 5;Spain;07:00;Full;-0.12836438923395443;1.975;2.5, 3.0;1.825;2.5, 3.0;5.0;1.0;;4.0;1.0;5.0;184.0;60.0;100.0;Socuéllamos;;1.0;2.0;2.875;0;1.0;1 - 1;3.4;Las Palmas B;;0.0;0.0;2.1;0;1.0;+0.25;5 - 1;4-1;2.75;1.25;34 - 26;17 - 11;11.0;17.0;45.0;55.0;0.0;6.0;0.0;1.0;;;;;;;;105.0;79.0;26.0;34.0;50.0;50.0;5.0;8.0;1.0;2.0;;[77 83];[2 2];[False False];['Socuéllamos' 'Las Palmas B'];[0 1];[1 0];['D' 'H'];['H' 'D'];0.93;0.07;0.0;1.0;0.0;0.0;;6577.0;;ud las palmas;;;Youth
2026-05-03;193203364;Spain Segunda Division RFEF Group 5;Spain;07:00;Full;0.348251811985181;1.775;2.0, 2.5;2.025;2.0, 2.5;9.0;1.0;;3.0;1.0;4.0;206.0;126.0;100.0;Real Madrid C;;0.0;2.0;1.727;0;0.0;0 - 1;3.4;Conquense;;0.0;4.0;4.333;0;1.0;-0.75;9 - 1;3-1;2.25;1.0;77 - 49;33 - 23;23.0;33.0;45.0;55.0;2.0;2.0;0.0;3.0;;;;;;;;95.0;111.0;49.0;77.0;43.0;57.0;4.0;5.0;1.0;3.0;;[71];[2];[False];['Conquense'];[0];[-1];['D'];['A'];0.79;0.0;0.21;1.0;0.0;0.0;;;;;;;
2026-05-03;193202857;Spain Segunda Division RFEF Group 1;Spain;07:00;Full;-0.7130674476699113;1.875;3.0;1.925;3.0;3.0;3.0;;1.0;2.0;3.0;160.0;90.0;100.0;UD Samano;;0.0;1.0;9.5;0;0.0;0 - 5;5.25;Bergantinos;;0.0;0.0;1.222;0;5.0;+1.75;3 - 3;1-2;3.0;1.25;29 - 61;12 - 24;24.0;12.0;56.0;44.0;2.0;0.0;2.0;0.0;;;;;;;;90.0;70.0;61.0;29.0;54.0;46.0;7.0;1.0;8.0;4.0;;[59 64 68 79 86];[2 2 2 2 2];[False False False False False];['Bergantinos' 'Bergantinos' 'Bergantinos' 'Bergantinos' 'Bergantinos'];[ 0 -1 -2 -3 -4];[-1 -2 -3 -4 -5];['D' 'A' 'A' 'A' 'A'];['A' 'A' 'A' 'A' 'A'];0.66;0.0;0.34;1.0;0.0;0.0;;;;;;;
2026-05-03;193202997;Spain Segunda Division RFEF Group 2;Spain;07:00;Full;-0.20512820512820518;1.9;2.5;1.9;2.5;8.0;3.0;;4.0;2.0;6.0;220.0;101.0;100.0;Mutilvera;;0.0;2.0;3.25;0;0.0;0 - 2;3.5;Amorebieta;;0.0;3.0;1.95;2;2.0;+0.5;8 - 3;4-2;2.5;1.0;70 - 31;34 - 22;22.0;34.0;43.0;57.0;1.0;5.0;7.0;2.0;;;;;;;;91.0;129.0;31.0;70.0;40.0;60.0;3.0;9.0;7.0;4.0;;[41 45];[1 1];[False False];['Amorebieta' 'Amorebieta'];[ 0 -1];[-1 -2];['D' 'A'];['A' 'A'];0.46;0.0;0.54;0.91;0.0;0.09;;;;;;;
2026-05-03;193202848;Spain Segunda Division RFEF Group 1;Spain;07:00;Full;0.20032051282051289;1.9;2.5;1.9;2.5;4.0;3.0;;1.0;1.0;2.0;185.0;86.0;100.0;Real Avila;;0.0;3.0;1.95;0;0.0;0 - 4;3.4;Deportivo Fabril;;0.0;2.0;3.2;1;4.0;-0.25;4 - 3;1-1;2.5;1.0;46 - 40;19 - 18;18.0;19.0;61.0;39.0;7.0;2.0;1.0;4.0;;;;;;;;96.0;89.0;40.0;46.0;53.0;47.0;12.0;10.0;6.0;8.0;;[33 68 71 81];[1 2 2 2];[False False False False];"['Deportivo Fabril' 'Deportivo Fabril' 'Deportivo Fabril'
 'Deportivo Fabril']";[ 0 -1 -2 -3];[-1 -2 -3 -4];['D' 'A' 'A' 'A'];['A' 'A' 'A' 'A'];0.37;0.0;0.63;0.73;0.0;0.27;;24342.0;;rc deportivo fabril;;;
2026-05-03;193203215;Spain Segunda Division RFEF Group 4;Spain;07:00;Full;0.15447154471544722;1.85;2.5;1.95;2.5;2.0;4.0;;0.0;1.0;1.0;110.0;75.0;100.0;Xerez CD;;0.0;2.0;2.05;1;1.0;1 - 0;3.4;UCAM Murcia CF;;0.0;6.0;3.0;0;0.0;-0.25;2 - 4;0-1;2.5;0.75;36 - 39;13 - 15;15.0;13.0;42.0;58.0;1.0;1.0;0.0;1.0;;;;;;;;55.0;55.0;39.0;36.0;45.0;55.0;4.0;2.0;1.0;2.0;;[25];[1];[False];['Xerez CD'];[0];[1];['D'];['H'];0.28;0.72;0.0;0.56;0.44;0.0;;;;;;;
2026-05-03;193203074;Spain Segunda Division RFEF Group 3;Spain;07:00;Full;0.26276276276276267;2.0;2.5;1.8;2.5;3.0;4.0;;2.0;1.0;3.0;198.0;72.0;100.0;UE Olot;;0.0;2.0;1.85;1;2.0;2 - 0;3.3;Valencia Mestalla;;0.0;0.0;3.6;0;0.0;-0.5;3 - 4;2-1;2.5;1.25;26 - 46;13 - 22;22.0;13.0;70.0;30.0;1.0;2.0;0.0;1.0;;;;;;;;130.0;68.0;46.0;26.0;71.0;29.0;4.0;3.0;3.0;4.0;;[ 6 71];[1 2];[False False];['UE Olot' 'UE Olot'];[0 1];[1 2];['D' 'H'];['H' 'H'];0.07;0.93;0.0;0.13;0.87;0.0;;;;;;;
2026-05-03;193203079;Spain Segunda Division RFEF Group 3;Spain;07:00;Full;-0.4618395303326811;2.0;2.0, 2.5;1.8;2.0, 2.5;0.0;4.0;;0.0;4.0;4.0;177.0;88.0;100.0;UE Porreres;;0.0;1.0;5.25;0;0.0;0 - 0;3.8;Alcoyano;;0.0;2.0;1.533;0;0.0;+1.0;0 - 4;0-4;2.25;1.0;42 - 46;20 - 23;23.0;20.0;55.0;45.0;1.0;1.0;1.0;0.0;;;;;;;;93.0;84.0;46.0;42.0;52.0;48.0;4.0;1.0;2.0;2.0;;[];[];[];[];[];[];[];[];1.0;0.0;0.0;1.0;0.0;0.0;;;;;;;
2026-05-03;193202962;Spain Segunda Division RFEF Group 2;Spain;07:00;Full;-0.16522423288749022;1.825;2.5;1.975;2.5;5.0;2.0;;3.0;0.0;3.0;142.0;86.0;100.0;CD Ebro;;0.0;4.0;3.1;0;0.0;0 - 3;3.3;UD Logrones;;0.0;3.0;2.05;2;3.0;+0.25;5 - 2;3-0;2.5;1.0;51 - 35;21 - 18;18.0;21.0;50.0;50.0;0.0;4.0;2.0;2.0;;;;;;;;67.0;75.0;35.0;51.0;50.0;50.0;2.0;6.0;4.0;3.0;;[33 44 83];[1 1 2];[False False False];['UD Logrones' 'UD Logrones' 'UD Logrones'];[ 0 -1 -2];[-1 -2 -3];['D' 'A' 'A'];['A' 'A' 'A'];0.37;0.0;0.63;0.73;0.0;0.27;;;;;;;
2026-05-03;193203005;Spain Segunda Division RFEF Group 2;Spain;07:00;Full;0.2923976608187135;1.85;2.5;1.95;2.5;8.0;0.0;;1.0;0.0;1.0;186.0;134.0;100.0;Sestao River;;1.0;2.0;1.8;1;1.0;1 - 0;3.4;Utebo;;0.0;1.0;3.8;0;0.0;-0.5;8 - 0;1-0;2.5;1.0;78 - 56;31 - 27;27.0;31.0;50.0;50.0;2.0;8.0;2.0;2.0;;;;;;;;102.0;84.0;56.0;78.0;50.0;50.0;5.0;15.0;3.0;4.0;;[7];[1];[False];['Sestao River'];[0];[1];['D'];['H'];0.08;0.92;0.0;0.16;0.84;0.0;;;;;;;
2026-05-03;193202859;Spain Segunda Division RFEF Group 1;Spain;07:00;Full;0.7333333333333334;1.825;3.0;1.975;3.0;2.0;5.0;;0.0;3.0;3.0;224.0;134.0;100.0;Valladolid Promesas;;0.0;1.0;1.2;1;2.0;2 - 0;5.5;Burgos Promesas;;0.0;2.0;10.0;0;0.0;-2.0;2 - 5;0-3;3.0;1.25;74 - 60;38 - 30;30.0;38.0;56.0;44.0;1.0;5.0;1.0;1.0;;;;;;;;98.0;126.0;60.0;74.0;53.0;47.0;3.0;9.0;1.0;4.0;;[ 4 95];[1 2];[False  True];['Valladolid Promesas' 'Valladolid Promesas'];[0 1];[1 2];['D' 'H'];['H' 'H'];0.04;0.96;0.0;0.09;0.91;0.0;;;;;;;
2026-05-03;193203175;Spain Segunda Division RFEF Group 4;Spain;07:00;Full;0.8272715910511186;1.95;3.0;1.85;3.0;8.0;1.0;;2.0;1.0;3.0;221.0;80.0;100.0;Aguilas;;0.0;0.0;1.143;1;2.0;2 - 0;6.0;Almeria B;;0.0;2.0;21.0;0;0.0;-2.25;8 - 1;2-1;3.0;1.25;52 - 28;20 - 13;13.0;20.0;51.0;49.0;1.0;1.0;1.0;3.0;;;;;;;;106.0;115.0;28.0;52.0;52.0;48.0;4.0;5.0;1.0;6.0;;[28 92];[1 2];[False  True];['Aguilas' 'Aguilas'];[0 1];[1 2];['D' 'H'];['H' 'H'];0.3;0.7;0.0;0.62;0.38;0.0;;2858.0;;ud almeria;;;Youth
2026-05-03;193202846;Spain Segunda Division RFEF Group 1;Spain;07:00;Full;0.07407407407407407;1.975;2.5, 3.0;1.825;2.5, 3.0;6.0;3.0;;4.0;0.0;4.0;200.0;132.0;100.0;Real Oviedo Vetusta;;0.0;2.0;2.25;0;3.0;3 - 2;3.3;UP Langreo;;0.0;3.0;2.7;0;2.0;-0.25;6 - 3;4-0;2.75;1.0;51 - 81;30 - 32;32.0;30.0;40.0;60.0;1.0;2.0;0.0;0.0;;;;;;;;104.0;96.0;81.0;51.0;50.0;50.0;7.0;4.0;3.0;3.0;;[70 71 77 94 97];[2 2 2 2 2];[False False False  True  True];"['Real Oviedo Vetusta' 'Real Oviedo Vetusta' 'UP Langreo' 'UP Langreo'
 'Real Oviedo Vetusta']";[0 1 2 1 0];[1 2 1 0 1];['D' 'H' 'H' 'H' 'D'];['H' 'H' 'H' 'D' 'H'];0.75;0.25;0.0;1.0;0.0;0.0;;;;;;;
2026-05-03;193202841;Spain Segunda Division RFEF Group 1;Spain;07:00;Full;0.580952380952381;1.85;2.0;1.95;2.0;3.0;3.0;;2.0;1.0;3.0;119.0;50.0;100.0;Numancia;;0.0;0.0;1.4;1;1.0;1 - 0;3.8;Marino de Luanco;;0.0;1.0;7.5;0;0.0;-1.25;3 - 3;2-1;2.0;0.75;32 - 18;17 - 11;11.0;17.0;49.0;51.0;2.0;1.0;1.0;4.0;;;;;;;;55.0;64.0;18.0;32.0;54.0;46.0;6.0;5.0;2.0;6.0;;[1];[1];[False];['Numancia'];[0];[1];['D'];['H'];0.01;0.99;0.0;0.02;0.98;0.0;;;;;;;
2026-05-03;193980653;Mongolia Premier League;Mongolia;07:00;Full;-0.8222222222222222;1.875;5.0;1.925;5.0;1.0;6.0;;1.0;5.0;6.0;246.0;130.0;100.0;Khovd FC;;0.0;2.0;15.0;0;0.0;0 - 9;8.0;Central Stallions;;0.0;1.0;1.125;2;9.0;+3.5;1 - 6;1-5;5.0;2.0;54 - 76;28 - 35;35.0;28.0;53.0;47.0;6.0;4.0;5.0;1.0;;;;;;;;122.0;124.0;76.0;54.0;56.0;44.0;13.0;6.0;14.0;3.0;;[ 8 13 52 53 56 58 71 74 83];[1 1 2 2 2 2 2 2 2];[False False False False False False False False False];"['Central Stallions' 'Central Stallions' 'Central Stallions'
 'Central Stallions' 'Central Stallions' 'Central Stallions'
 'Central Stallions' 'Central Stallions' 'Central Stallions']";[ 0 -1 -2 -3 -4 -5 -6 -7 -8];[-1 -2 -3 -4 -5 -6 -7 -8 -9];['D' 'A' 'A' 'A' 'A' 'A' 'A' 'A' 'A'];['A' 'A' 'A' 'A' 'A' 'A' 'A' 'A' 'A'];0.09;0.0;0.91;0.18;0.0;0.82;;;;;;;
2026-05-03;193203211;Spain Segunda Division RFEF Group 4;Spain;07:00;Full;-0.23219814241486064;1.9;2.5, 3.0;1.9;2.5, 3.0;6.0;4.0;;2.0;1.0;3.0;143.0;137.0;100.0;Atletico Malagueno;;0.0;2.0;3.4;1;3.0;3 - 3;3.5;Melilla;;0.0;1.0;1.9;0;3.0;+0.5;6 - 4;2-1;2.75;1.0;70 - 67;27 - 34;34.0;27.0;49.0;51.0;1.0;1.0;2.0;3.0;;;;;;;;68.0;75.0;67.0;70.0;48.0;52.0;5.0;7.0;7.0;7.0;;[ 4 49 55 57 69 93];[1 2 2 2 2 2];[False False False False False  True];"['Atletico Malagueno' 'Atletico Malagueno' 'Atletico Malagueno' 'Melilla'
 'Melilla' 'Melilla']";[0 1 2 3 2 1];[1 2 3 2 1 0];['D' 'H' 'H' 'H' 'H' 'H'];['H' 'H' 'H' 'H' 'H' 'D'];0.04;0.96;0.0;0.09;0.91;0.0;;;;;;;
2026-05-03;193203213;Spain Segunda Division RFEF Group 4;Spain;07:00;Full;0.5442253521126761;1.95;2.5;1.85;2.5;5.0;3.0;;2.0;1.0;3.0;228.0;121.0;100.0;Recreativo Huelva;;0.0;1.0;1.42;2;3.0;3 - 2;4.0;Xerez Deportivo FC;;0.0;0.0;6.25;1;2.0;-1.25;5 - 3;2-1;2.5;1.0;76 - 45;40 - 16;16.0;40.0;40.0;60.0;1.0;4.0;3.0;2.0;;;;;;;;94.0;134.0;45.0;76.0;44.0;56.0;4.0;7.0;4.0;5.0;;[ 9 12 21 61 81];[1 1 1 2 2];[False False False False False];"['Recreativo Huelva' 'Xerez Deportivo FC' 'Recreativo Huelva'
 'Xerez Deportivo FC' 'Recreativo Huelva']";[0 1 0 1 0];[1 0 1 0 1];['D' 'H' 'D' 'H' 'D'];['H' 'D' 'H' 'D' 'H'];0.42;0.58;0.0;0.4;0.6;0.0;;;;;;;
2026-05-03;193203357;Spain Segunda Division RFEF Group 5;Spain;07:00;Full;0.8082239720034996;1.825;3.0;1.975;3.0;10.0;2.0;;5.0;1.0;6.0;195.0;133.0;100.0;Rayo Majadahonda;;0.0;1.0;1.143;2;3.0;3 - 0;7.0;Rayo Vallecano B;;0.0;4.0;15.0;0;0.0;-2.5;10 - 2;5-1;3.0;1.5;89 - 44;52 - 25;25.0;52.0;38.0;62.0;1.0;6.0;1.0;3.0;;;;;;;;88.0;107.0;44.0;89.0;42.0;58.0;3.0;11.0;1.0;4.0;;[13 36 72];[1 1 2];[False False False];['Rayo Majadahonda' 'Rayo Majadahonda' 'Rayo Majadahonda'];[0 1 2];[1 2 3];['D' 'H' 'H'];['H' 'H' 'H'];0.14;0.86;0.0;0.29;0.71;0.0;;2818.0;;rayo vallecano;;;Youth
2026-05-03;193202956;Spain Segunda Division RFEF Group 2;Spain;07:00;Full;0.33182503770739064;2.025;3.0;1.775;3.0;5.0;10.0;;3.0;5.0;8.0;332.0;149.0;100.0;SD Beasain;;0.0;5.0;1.7;2;3.0;3 - 2;3.8;Deportivo Aragon;;0.0;1.0;3.9;0;2.0;-0.75;5 - 10;3-5;3.0;1.25;63 - 86;34 - 35;35.0;34.0;56.0;44.0;7.0;3.0;0.0;2.0;;;;;;;;187.0;145.0;86.0;63.0;62.0;38.0;16.0;6.0;2.0;3.0;;[17 40 58 66 69];[1 1 2 2 2];[False False False False False];"['SD Beasain' 'SD Beasain' 'SD Beasain' 'Deportivo Aragon'
 'Deportivo Aragon']";[0 1 2 3 2];[1 2 3 2 1];['D' 'H' 'H' 'H' 'H'];['H' 'H' 'H' 'H' 'H'];0.19;0.81;0.0;0.38;0.62;0.0;;;;;;;
2026-05-03;193203179;Spain Segunda Division RFEF Group 4;Spain;07:00;Full;0.6442307692307692;1.8;2.5;2.0;2.5;4.0;3.0;;2.0;1.0;3.0;192.0;100.0;100.0;Deportiva Minera;;0.0;2.0;1.3;0;1.0;1 - 0;4.5;CF Lorca Deportiva;;0.0;2.0;8.0;0;0.0;-1.5;4 - 3;2-1;2.5;1.0;61 - 39;34 - 14;14.0;34.0;50.0;50.0;3.0;3.0;1.0;4.0;;;;;;;;92.0;100.0;39.0;61.0;50.0;50.0;6.0;7.0;3.0;7.0;;[58];[2];[False];['Deportiva Minera'];[0];[1];['D'];['H'];0.64;0.36;0.0;1.0;0.0;0.0;;;;;;;
2026-05-03;193203002;Spain Segunda Division RFEF Group 2;Spain;07:00;Full;0.26777595926532094;2.0;2.5;1.8;2.5;12.0;4.0;;4.0;3.0;7.0;146.0;68.0;100.0;SD Logrones;;0.0;2.0;1.833;0;0.0;0 - 1;3.3;Tudelano;;0.0;1.0;3.6;0;1.0;-0.75;12 - 4;4-3;2.5;1.0;44 - 24;23 - 11;11.0;23.0;46.0;54.0;2.0;8.0;1.0;2.0;;;;;;;;71.0;75.0;24.0;44.0;48.0;52.0;3.0;14.0;3.0;6.0;;[52];[2];[False];['Tudelano'];[0];[-1];['D'];['A'];0.58;0.0;0.42;1.0;0.0;0.0;;;;;;;
2026-05-03;193203101;Spain Segunda Division RFEF Group 3;Spain;07:00;Full;0.2752834667728285;1.775;2.0, 2.5;2.025;2.0, 2.5;4.0;5.0;;2.0;2.0;4.0;219.0;116.0;100.0;UE Sant Andreu;;0.0;2.0;1.833;0;0.0;0 - 1;3.3;UD Barbastro;;0.0;2.0;3.7;0;1.0;-0.5;4 - 5;2-2;2.25;1.0;58 - 58;28 - 25;25.0;28.0;50.0;50.0;7.0;0.0;0.0;1.0;;;;;;;;90.0;129.0;58.0;58.0;50.0;50.0;10.0;6.0;4.0;4.0;;[87];[2];[False];['UD Barbastro'];[0];[-1];['D'];['A'];0.97;0.0;0.03;1.0;0.0;0.0;;;;;;;
2026-05-03;193986962;Portugal Campeonato Nacional Women;Portugal;07:00;Full;-0.08730158730158727;1.875;2.0, 2.5;1.925;2.0, 2.5;5.0;8.0;;0.0;8.0;8.0;174.0;126.0;100.0;Racing Power (W);;0.0;2.0;2.8;0;1.0;1 - 2;3.2;Braga (W);;0.0;2.0;2.25;1;2.0;+0.25;5 - 8;0-8;2.25;1.0;71 - 55;23 - 36;36.0;23.0;67.0;33.0;9.0;3.0;2.0;1.0;;;;;;;;86.0;88.0;55.0;71.0;49.0;51.0;9.0;9.0;3.0;4.0;;[ 4 68 73];[1 2 2];[False False False];['Braga (W)' 'Braga (W)' 'Racing Power (W)'];[ 0 -1 -2];[-1 -2 -1];['D' 'A' 'A'];['A' 'A' 'A'];0.04;0.0;0.96;0.09;0.0;0.91;;2999.0;;sc braga;;;Women
2026-05-03;193202992;Spain Segunda Division RFEF Group 2;Spain;07:00;Full;-0.26143790849673204;1.875;2.5;1.925;2.5;7.0;2.0;;2.0;1.0;3.0;221.0;97.0;100.0;Gernika;;0.0;2.0;3.4;0;0.0;0 - 0;3.8;CD Alaves B;;0.0;0.0;1.8;0;0.0;+0.5;7 - 2;2-1;2.5;1.0;48 - 49;22 - 24;24.0;22.0;50.0;50.0;7.0;4.0;1.0;1.0;;;;;;;;116.0;105.0;49.0;48.0;49.0;51.0;8.0;6.0;3.0;2.0;;[];[];[];[];[];[];[];[];1.0;0.0;0.0;1.0;0.0;0.0;;2885.0;;deportivo alaves;;;Youth
2026-05-03;193202837;Spain Segunda Division RFEF Group 1;Spain;07:00;Full;0.17316017316017313;1.825;2.0;1.975;2.0;6.0;3.0;;3.0;3.0;6.0;258.0;137.0;100.0;Coruxo;;0.0;3.0;2.1;1;3.0;3 - 1;3.0;Gimnastica Segoviana;;0.0;1.0;3.3;0;1.0;-0.25;6 - 3;3-3;2.0;0.75;64 - 73;25 - 44;44.0;25.0;55.0;45.0;4.0;1.0;1.0;3.0;;;;;;;;141.0;117.0;73.0;64.0;57.0;43.0;5.0;2.0;5.0;9.0;;[15 74 88 91];[1 2 2 2];[False False False  True];['Coruxo' 'Coruxo' 'Coruxo' 'Gimnastica Segoviana'];[0 1 2 3];[1 2 3 2];['D' 'H' 'H' 'H'];['H' 'H' 'H' 'H'];0.16;0.84;0.0;0.33;0.67;0.0;;;;;;;
2026-05-03;193936244;Finland U21 League;Finland;07:00;Full;0.7979797979797979;1.9;4.0, 4.5;1.9;4.0, 4.5;6.0;2.0;;2.0;0.0;2.0;191.0;124.0;;JaPS U21;;0.0;1.0;1.125;0;0.0;0 - 1;9.0;MP U21;;0.0;1.0;11.0;0;1.0;-2.5;6 - 2;2-0;4.25;1.75;78 - 46;37 - 15;15.0;37.0;;;0.0;2.0;0.0;0.0;;;;;;;;86.0;105.0;46.0;78.0;;;2.0;4.0;3.0;0.0;;[86];[2];[False];['MP U21'];[0];[-1];['D'];['A'];0.96;0.0;0.04;1.0;0.0;0.0;23422.0;5115.0;japs;mikkelin palloilijat;;;Youth
2026-05-03;193202954;Spain Segunda Division RFEF Group 2;Spain;07:00;Full;0.31588090086246307;1.925;3.0;1.875;3.0;2.0;9.0;;2.0;7.0;9.0;172.0;88.0;100.0;Basconia;;1.0;1.0;1.727;3;5.0;5 - 1;3.7;Ejea;;1.0;3.0;3.8;0;1.0;-0.75;2 - 9;2-7;3.0;1.25;39 - 49;21 - 27;27.0;21.0;60.0;40.0;2.0;1.0;0.0;6.0;;;;;;;;86.0;86.0;49.0;39.0;59.0;41.0;4.0;4.0;2.0;9.0;;[ 5 14 25 62 66 81];[1 1 1 2 2 2];[False False False False False False];['Basconia' 'Basconia' 'Basconia' 'Basconia' 'Ejea' 'Basconia'];[0 1 2 3 4 3];[1 2 3 4 3 4];['D' 'H' 'H' 'H' 'H' 'H'];['H' 'H' 'H' 'H' 'H' 'H'];0.06;0.94;0.0;0.11;0.89;0.0;;;;;;;
2026-05-03;193203207;Spain Segunda Division RFEF Group 4;Spain;07:00;Full;0.4633431085043988;1.9;2.0, 2.5;1.9;2.0, 2.5;3.0;7.0;;1.0;1.0;2.0;178.0;118.0;100.0;CD Union Malacitano;;0.0;1.0;1.55;1;1.0;1 - 0;3.5;Puente Genil;;0.0;2.0;5.5;0;0.0;-0.75;3 - 7;1-1;2.25;1.0;63 - 55;26 - 20;20.0;26.0;57.0;43.0;2.0;5.0;1.0;1.0;;;;;;;;94.0;84.0;55.0;63.0;55.0;45.0;6.0;11.0;1.0;2.0;;[30];[1];[False];['CD Union Malacitano'];[0];[1];['D'];['H'];0.33;0.67;0.0;0.67;0.33;0.0;;;;;;;
2026-05-03;193203070;Spain Segunda Division RFEF Group 3;Spain;07:00;Full;0.43009349858664936;2.0;3.5;1.8;3.5;2.0;5.0;;2.0;2.0;4.0;175.0;45.0;100.0;Castellon B;;0.0;2.0;1.533;3;4.0;4 - 2;4.0;Girona B;;0.0;1.0;4.5;0;2.0;-1.25;2 - 5;2-2;3.5;1.25;28 - 17;19 - 8;8.0;19.0;47.0;53.0;0.0;8.0;2.0;6.0;;;;;;;;91.0;84.0;17.0;28.0;54.0;46.0;2.0;8.0;6.0;8.0;;[11 36 44 47 50 84];[1 1 1 2 2 2];[False False False False False False];"['Castellon B' 'Castellon B' 'Castellon B' 'Girona B' 'Girona B'
 'Castellon B']";[0 1 2 3 2 1];[1 2 3 2 1 2];['D' 'H' 'H' 'H' 'H' 'H'];['H' 'H' 'H' 'H' 'H' 'H'];0.12;0.88;0.0;0.24;0.76;0.0;;24264.0;;girona fc;;;Youth
2026-05-03;193918669;Portugal Liga 3;Portugal;07:00;Full;0.14285714285714285;1.9;2.5;1.9;2.5;13.0;2.0;;5.0;1.0;6.0;224.0;173.0;100.0;Guimaraes B;;1.0;2.0;2.1;0;0.0;0 - 2;3.25;CD Mafra;;0.0;2.0;3.0;1;2.0;-0.25;13 - 2;5-1;2.5;1.0;103 - 70;48 - 32;32.0;48.0;41.0;59.0;2.0;8.0;3.0;2.0;;;;;;;;97.0;127.0;70.0;103.0;42.0;58.0;3.0;14.0;4.0;2.0;;[ 8 69];[1 2];[False False];['CD Mafra' 'CD Mafra'];[ 0 -1];[-1 -2];['D' 'A'];['A' 'A'];0.09;0.0;0.91;0.18;0.0;0.82;3009.0;;vitoria sc guimaraes;;;;Youth
2026-05-03;193109816;Spain Primera Division RFEF Group 2;Spain;07:00;Full;0.3174603174603175;1.85;2.0, 2.5;1.95;2.0, 2.5;0.0;5.0;;0.0;1.0;1.0;245.0;114.0;100.0;Villarreal B;;0.0;2.0;1.8;1;1.0;1 - 0;3.2;Hercules;;0.0;2.0;4.2;0;0.0;-0.5;0 - 5;0-1;2.25;1.0;42 - 72;24 - 26;26.0;24.0;60.0;40.0;2.0;2.0;0.0;2.0;;;;;;;;146.0;99.0;72.0;42.0;61.0;39.0;2.0;5.0;2.0;2.0;;[26];[1];[False];['Villarreal B'];[0];[1];['D'];['H'];0.29;0.71;0.0;0.58;0.42;0.0;24338.0;2877.0;villarreal cf b;hercules de alicante cf;2.0;1.9;Youth
2026-05-03;193108886;Spain Primera Division RFEF Group 1;Spain;07:00;Full;0.06189555125725338;1.875;2.0, 2.5;1.925;2.0, 2.5;7.0;3.0;;2.0;1.0;3.0;227.0;151.0;100.0;CD Arenteiro;;0.0;3.0;2.35;0;0.0;0 - 4;3.2;Cacereno;;0.0;2.0;2.75;0;4.0;-0.25;7 - 3;2-1;2.25;1.0;81 - 70;45 - 38;38.0;45.0;50.0;50.0;5.0;3.0;1.0;1.0;;;;;;;;100.0;127.0;70.0;81.0;50.0;50.0;12.0;8.0;7.0;1.0;;[52 58 66 70];[2 2 2 2];[False False False False];['Cacereno' 'Cacereno' 'Cacereno' 'Cacereno'];[ 0 -1 -2 -3];[-1 -2 -3 -4];['D' 'A' 'A' 'A'];['A' 'A' 'A' 'A'];0.58;0.0;0.42;1.0;0.0;0.0;366802.0;2878.0;cd arenteiro;cp cacereno sad;1.83;1.9;
2026-05-03;193914306;Kazakhstan Premier League;Kazakhstan;07:00;Full;-0.27027027027027023;1.95;2.5, 3.0;1.85;2.5, 3.0;4.0;3.0;;3.0;1.0;4.0;139.0;97.0;100.0;FK Ulytau;8.0;0.0;4.0;3.7;1;1.0;1 - 0;3.3;FC Elimai Semey;4.0;0.0;4.0;1.85;0;0.0;+0.5;4 - 3;3-1;2.75;1.0;33 - 64;21 - 31;31.0;21.0;60.0;40.0;4.0;4.0;0.0;8.0;;;;;;;;96.0;43.0;64.0;33.0;63.0;37.0;9.0;5.0;2.0;10.0;;[5];[1];[False];['FK Ulytau'];[0];[1];['D'];['H'];0.06;0.94;0.0;0.11;0.89;0.0;;;;;;;
2026-05-03;193109804;Spain Primera Division RFEF Group 2;Spain;07:00;Full;-0.00816326530612238;1.775;2.0, 2.5;2.025;2.0, 2.5;3.0;3.0;;0.0;2.0;2.0;144.0;72.0;100.0;Juventud Torremolinos CF;;0.0;4.0;2.5;0;3.0;3 - 1;3.2;Atletico Madrid B;;0.0;1.0;2.45;1;1.0;0.0;3 - 3;0-2;2.25;1.0;43 - 29;21 - 17;17.0;21.0;60.0;40.0;1.0;2.0;4.0;2.0;;;;;;;;72.0;72.0;29.0;43.0;56.0;44.0;4.0;4.0;4.0;9.0;;[46 54 68 85];[1 2 2 2];[ True False False False];"['Atletico Madrid B' 'Juventud Torremolinos CF' 'Juventud Torremolinos CF'
 'Juventud Torremolinos CF']";[ 0 -1  0  1];[-1  0  1  2];['D' 'A' 'D' 'H'];['A' 'D' 'H' 'H'];0.67;0.24;0.09;1.0;0.0;0.0;369282.0;24326.0;juventud torremolinos cf;atletico madrid b;1.83;1.83;Youth
2026-05-03;193948507;Türkiye Womens League;Turkey;07:00;Full;0.47619047619047616;1.9;2.5, 3.0;1.9;2.5, 3.0;7.0;4.0;;3.0;2.0;5.0;238.0;150.0;100.0;Fenerbahce (W);;0.0;2.0;1.5;1;1.0;1 - 0;3.9;Fomget GSK (W);;0.0;2.0;5.25;0;0.0;-1.0;7 - 4;3-2;2.75;1.25;78 - 72;35 - 40;40.0;35.0;43.0;57.0;1.0;1.0;1.0;2.0;;;;;;;;120.0;118.0;72.0;78.0;48.0;52.0;2.0;4.0;1.0;2.0;;[30];[1];[False];['Fenerbahce (W)'];[0];[1];['D'];['H'];0.33;0.67;0.0;0.67;0.33;0.0;3052.0;;fenerbahce istanbul;;;;Women
2026-05-03;193882243;Hong Kong Premier League;Hong Kong;07:00;Full;0.10582010582010581;2.025;3.0, 3.5;1.775;3.0, 3.5;5.0;6.0;;4.0;0.0;4.0;274.0;162.0;100.0;HK Rangers FC;;0.0;2.0;2.1;1;1.0;1 - 2;3.75;Kowloon City;;0.0;3.0;2.7;2;2.0;-0.25;5 - 6;4-0;3.25;1.25;85 - 77;48 - 35;35.0;48.0;44.0;56.0;3.0;5.0;3.0;3.0;;;;;;;;130.0;144.0;77.0;85.0;47.0;53.0;8.0;9.0;6.0;7.0;;[11 45 51];[1 1 1];[False False  True];['Kowloon City' 'HK Rangers FC' 'Kowloon City'];[ 0 -1  0];[-1  0 -1];['D' 'A' 'D'];['A' 'D' 'A'];0.19;0.0;0.81;0.33;0.0;0.67;;;;;;;
2026-05-03;194020556;Türkiye U19 League;Turkey;07:00;Full;0.09157509157509158;1.9;3.0, 3.5;1.9;3.0, 3.5;5.0;0.0;;2.0;0.0;2.0;128.0;104.0;;Adana 01 U19;;0.0;3.0;2.1;0;0.0;0 - 2;4.0;Manisa FK U19;;0.0;3.0;2.6;2;2.0;-0.25;5 - 0;2-0;3.25;1.25;63 - 41;19 - 24;24.0;19.0;;;2.0;3.0;2.0;3.0;;;;;;;;71.0;57.0;41.0;63.0;;;2.0;5.0;2.0;5.0;;[25 32];[1 1];[False False];['Manisa FK U19' 'Manisa FK U19'];[ 0 -1];[-1 -2];['D' 'A'];['A' 'A'];0.28;0.0;0.72;0.56;0.0;0.44;;216878.0;;manisa futbol kulubu;;;Youth
2026-05-03;193982187;Poland IV Liga;Poland;07:00;Full;0.34141726866185074;1.975;4.0;1.825;4.0;5.0;6.0;;2.0;4.0;6.0;0.0;0.0;100.0;Lechia Zielona Góra II;;0.0;1.0;1.615;0;2.0;2 - 2;4.75;Odra Nietkow;;0.0;2.0;3.6;1;2.0;-1.0;5 - 6;2-4;4.0;1.5;-;-;0.0;0.0;38.0;62.0;0.0;0.0;1.0;0.0;;;;;;;;0.0;0.0;0.0;0.0;38.0;62.0;0.0;0.0;2.0;2.0;;[28 54 69 79];[1 2 2 2];[False False False False];"['Odra Nietkow' 'Lechia Zielona Góra II' 'Odra Nietkow'
 'Lechia Zielona Góra II']";[ 0 -1  0 -1];[-1  0 -1  0];['D' 'A' 'D' 'A'];['A' 'D' 'A' 'D'];0.6;0.0;0.4;0.62;0.0;0.38;;;;;;;Youth
2026-05-03;193947024;Republic of Ireland Leinster Senior League;Ireland;07:00;Full;0.3926347984039994;1.975;3.0, 3.5;1.825;3.0, 3.5;3.0;5.0;;2.0;4.0;6.0;125.0;63.0;100.0;Finglas United;;0.0;0.0;1.571;1;4.0;4 - 2;4.1;UCD II;;0.0;1.0;4.1;2;2.0;-1.0;3 - 5;2-4;3.25;1.25;34 - 29;14 - 15;15.0;14.0;47.0;53.0;3.0;2.0;3.0;1.0;;;;;;;;57.0;68.0;29.0;34.0;44.0;56.0;5.0;3.0;3.0;6.0;;[33 38 42 78 85 87];[1 1 1 2 2 2];[False False False False False False];"['UCD II' 'Finglas United' 'UCD II' 'Finglas United' 'Finglas United'
 'Finglas United']";[ 0 -1  0 -1  0  1];[-1  0 -1  0  1  2];['D' 'A' 'D' 'A' 'D' 'H'];['A' 'D' 'A' 'D' 'H' 'H'];0.49;0.06;0.46;0.82;0.0;0.18;;3168.0;;university college dublin;;;Youth
2026-05-03;193758228;Ukraine Vyscha Liga;Ukraine;07:00;Full;0.14285714285714285;1.95;2.0, 2.5;1.85;2.0, 2.5;4.0;3.0;;3.0;1.0;4.0;178.0;66.0;100.0;Obolon Kyiv;12.0;0.0;3.0;2.1;1;1.0;1 - 1;3.1;FC Kudrivka;11.0;0.0;2.0;3.0;0;1.0;-0.25;4 - 3;3-1;2.25;1.0;31 - 35;17 - 13;13.0;17.0;60.0;40.0;0.0;3.0;0.0;4.0;;;;;;;;99.0;79.0;35.0;31.0;60.0;40.0;3.0;3.0;2.0;5.0;;[23 92];[1 2];[False  True];['Obolon Kyiv' 'FC Kudrivka'];[0 1];[1 0];['D' 'H'];['H' 'D'];0.25;0.75;0.0;0.51;0.49;0.0;3312.0;543813.0;fc obolon kyiv;fk kudrivka;1.9;1.9;
2026-05-03;193953279;Macau 1st Division;Macau;07:00;Full;0.5874125874125873;1.85;4.0;1.95;4.0;5.0;3.0;;2.0;1.0;3.0;159.0;79.0;100.0;Cheng Fung;;0.0;1.0;1.3;3;5.0;5 - 0;6.25;Artilheiros;;0.0;3.0;5.5;0;0.0;-1.75;5 - 3;2-1;4.0;1.75;46 - 33;23 - 13;13.0;23.0;40.0;60.0;2.0;2.0;3.0;8.0;;;;;;;;78.0;81.0;33.0;46.0;40.0;60.0;3.0;10.0;6.0;14.0;;[12 17 42 48 55];[1 1 1 2 2];[False False False False False];['Cheng Fung' 'Cheng Fung' 'Cheng Fung' 'Cheng Fung' 'Cheng Fung'];[0 1 2 3 4];[1 2 3 4 5];['D' 'H' 'H' 'H' 'H'];['H' 'H' 'H' 'H' 'H'];0.13;0.87;0.0;0.27;0.73;0.0;;;;;;;
2026-05-03;193946870;Norway Division 2 Group 2;Norway;07:00;Full;-0.12416851441241689;1.825;3.0;1.975;3.0;5.0;3.0;;1.0;2.0;3.0;170.0;124.0;100.0;Levanger;;0.0;0.0;2.75;1;2.0;2 - 3;3.7;Tromsdalen;;0.0;2.0;2.05;1;3.0;0.0;5 - 3;1-2;3.0;1.25;66 - 58;26 - 36;36.0;26.0;69.0;31.0;3.0;7.0;4.0;2.0;;;;;;;;88.0;82.0;58.0;66.0;56.0;44.0;4.0;10.0;6.0;3.0;;[12 26 59 62 67];[1 1 2 2 2];[False False False False False];['Tromsdalen' 'Levanger' 'Tromsdalen' 'Tromsdalen' 'Levanger'];[ 0 -1  0 -1 -2];[-1  0 -1 -2 -1];['D' 'A' 'D' 'A' 'A'];['A' 'D' 'A' 'A' 'A'];0.5;0.0;0.5;0.69;0.0;0.31;866.0;669.0;levanger fk;tromsdalen uil;1.44;1.44;
2026-05-03;193755285;Portugal Segunda Liga;Portugal;07:00;Full;0.0;1.825;2.0, 2.5;1.975;2.0, 2.5;7.0;8.0;;5.0;4.0;9.0;167.0;104.0;100.0;Portimonense;17.0;0.0;2.0;2.55;2;3.0;3 - 2;3.1;Chaves;11.0;0.0;2.0;2.55;2;2.0;0.0;7 - 8;5-4;2.25;1.0;52 - 52;19 - 27;27.0;19.0;50.0;50.0;3.0;0.0;6.0;4.0;;;;;;;;85.0;82.0;52.0;52.0;50.0;50.0;5.0;2.0;7.0;7.0;;[ 7 11 21 25 94];[1 1 1 1 2];[False False False False  True];['Portimonense' 'Chaves' 'Portimonense' 'Chaves' 'Portimonense'];[0 1 0 1 0];[1 0 1 0 1];['D' 'H' 'D' 'H' 'D'];['H' 'D' 'H' 'D' 'H'];0.91;0.09;0.0;0.82;0.18;0.0;3026.0;3025.0;portimonense sad;gd chaves;1.83;1.8;
2026-05-03;193109794;Spain Primera Division RFEF Group 2;Spain;07:00;Full;0.14204545454545453;1.9;1.5, 2.0;1.9;1.5, 2.0;2.0;4.0;;0.0;1.0;1.0;142.0;66.0;100.0;Teruel;;1.0;5.0;2.2;0;0.0;0 - 0;2.9;SD Tarazona;;0.0;2.0;3.2;0;0.0;-0.25;2 - 4;0-1;1.75;0.75;23 - 43;16 - 17;17.0;16.0;52.0;48.0;2.0;3.0;1.0;1.0;;;;;;;;77.0;65.0;43.0;23.0;57.0;43.0;11.0;8.0;2.0;1.0;;[];[];[];[];[];[];[];[];1.0;0.0;0.0;1.0;0.0;0.0;43751.0;336771.0;cd teruel;sd tarazona;2.37;2.37;
2026-05-03;193050869;Poland II Liga;Poland;07:00;Full;0.1847745750184775;1.925;2.5;1.875;2.5;5.0;9.0;;1.0;4.0;5.0;164.0;137.0;100.0;Sandecja Nowy Sacz;;0.0;1.0;2.05;0;0.0;0 - 0;3.2;Podhale Nowy Targ;;0.0;0.0;3.3;0;0.0;-0.25;5 - 9;1-4;2.5;1.0;65 - 72;36 - 34;34.0;36.0;53.0;47.0;5.0;2.0;2.0;3.0;;;;;;;;83.0;81.0;72.0;65.0;55.0;45.0;16.0;5.0;2.0;6.0;;[];[];[];[];[];[];[];[];1.0;0.0;0.0;1.0;0.0;0.0;36766.0;350248.0;sandecja nowy sacz;podhale nowy targ;1.72;1.72;Youth
2026-05-03;193203118;Spain Segunda Division RFEF Group 3;Spain;07:00;Full;-0.42601092163891596;1.8;2.5;2.0;2.5;6.0;7.0;;3.0;5.0;8.0;199.0;156.0;100.0;Torrent C.F.;;0.0;1.0;4.75;1;3.0;3 - 1;3.8;Barcelona Atletic;;1.0;2.0;1.571;1;1.0;+1.0;6 - 7;3-5;2.5;1.0;62 - 94;26 - 51;51.0;26.0;55.0;45.0;1.0;1.0;2.0;2.0;;;;;;;;118.0;81.0;94.0;62.0;55.0;45.0;4.0;8.0;5.0;7.0;;[38 41 75 78];[1 1 2 2];[False False False False];['Torrent C.F.' 'Barcelona Atletic' 'Torrent C.F.' 'Torrent C.F.'];[0 1 0 1];[1 0 1 2];['D' 'H' 'D' 'H'];['H' 'D' 'H' 'H'];0.8;0.2;0.0;0.93;0.07;0.0;;;;;;;
2026-05-03;193203114;Spain Segunda Division RFEF Group 3;Spain;07:00;Full;-0.25604551920341395;1.9;2.0, 2.5;1.9;2.0, 2.5;3.0;5.0;;1.0;3.0;4.0;208.0;180.0;100.0;Terrassa;;0.0;1.0;3.7;0;0.0;0 - 1;3.2;Reus FC Reddis;;0.0;3.0;1.9;0;1.0;+0.5;3 - 5;1-3;2.25;1.0;82 - 98;44 - 44;44.0;44.0;48.0;52.0;4.0;3.0;1.0;4.0;;;;;;;;97.0;111.0;98.0;82.0;50.0;50.0;7.0;6.0;6.0;6.0;;[76];[2];[False];['Reus FC Reddis'];[0];[-1];['D'];['A'];0.84;0.0;0.16;1.0;0.0;0.0;;;;;;;
2026-05-03;193202853;Spain Segunda Division RFEF Group 1;Spain;07:00;Full;0.16666666666666669;1.95;2.5;1.85;2.5;9.0;2.0;;7.0;1.0;8.0;184.0;91.0;100.0;SD Sarriana;;0.0;3.0;2.0;1;3.0;3 - 4;3.6;Rayo Cantabria;;0.0;2.0;3.0;2;4.0;-0.25;9 - 2;7-1;2.5;1.0;56 - 35;25 - 18;18.0;25.0;35.0;65.0;2.0;10.0;2.0;2.0;;;;;;;;76.0;108.0;35.0;56.0;35.0;65.0;5.0;19.0;4.0;9.0;;[ 9 27 28 61 64 78 85];[1 1 1 2 2 2 2];[False False False False False False False];"['Rayo Cantabria' 'SD Sarriana' 'Rayo Cantabria' 'Rayo Cantabria'
 'Rayo Cantabria' 'SD Sarriana' 'SD Sarriana']";[ 0 -1  0 -1 -2 -3 -2];[-1  0 -1 -2 -3 -2 -1];['D' 'A' 'D' 'A' 'A' 'A' 'A'];['A' 'D' 'A' 'A' 'A' 'A' 'A'];0.11;0.0;0.89;0.22;0.0;0.78;;;;;;;
2026-05-03;194023579;Kenya Cup;Kenya;07:00;Full;0.13194444444444442;1.925;1.5, 2.0;1.875;1.5, 2.0;5.0;4.0;;4.0;1.0;5.0;179.0;90.0;100.0;Ulinzi Stars;;0.0;1.0;2.25;1;1.0;1 - 2;2.8;Tusker;;0.0;0.0;3.2;1;2.0;-0.25;5 - 4;4-1;1.75;0.5;36 - 54;17 - 22;22.0;17.0;53.0;47.0;1.0;2.0;2.0;4.0;;;;;;;;102.0;77.0;54.0;36.0;56.0;44.0;4.0;5.0;3.0;5.0;;[25 42 93];[1 1 2];[False False  True];['Tusker' 'Ulinzi Stars' 'Tusker'];[ 0 -1  0];[-1  0 -1];['D' 'A' 'D'];['A' 'D' 'A'];0.82;0.0;0.18;0.62;0.0;0.38;;;;;;;
2026-05-03;193203108;Spain Segunda Division RFEF Group 3;Spain;07:00;Full;0.40866873065015485;1.975;2.0;1.825;2.0;4.0;4.0;;0.0;2.0;2.0;160.0;83.0;100.0;Ibiza Islas Pitiusas;;0.0;1.0;1.615;2;3.0;3 - 1;3.5;Poblense;;0.0;0.0;4.75;1;1.0;-0.75;4 - 4;0-2;2.0;0.75;46 - 37;23 - 18;18.0;23.0;48.0;52.0;4.0;5.0;4.0;2.0;;;;;;;;77.0;83.0;37.0;46.0;49.0;51.0;7.0;11.0;8.0;5.0;;[ 5 14 44 87];[1 1 1 2];[False False False False];"['Poblense' 'Ibiza Islas Pitiusas' 'Ibiza Islas Pitiusas'
 'Ibiza Islas Pitiusas']";[ 0 -1  0  1];[-1  0  1  2];['D' 'A' 'D' 'H'];['A' 'D' 'H' 'H'];0.39;0.51;0.1;0.78;0.02;0.2;;;;;;;
2026-05-03;193202855;Spain Segunda Division RFEF Group 1;Spain;07:00;Full;0.27738264580369837;1.9;2.0, 2.5;1.9;2.0, 2.5;9.0;3.0;;5.0;0.0;5.0;169.0;94.0;;UD Ourense;;0.0;2.0;1.85;0;1.0;1 - 1;3.2;Atletico Astorga;;0.0;2.0;3.8;0;1.0;-0.5;9 - 3;5-0;2.25;1.0;70 - 24;38 - 7;7.0;38.0;;;2.0;7.0;0.0;1.0;;;;;;;;49.0;120.0;24.0;70.0;;;9.0;12.0;3.0;4.0;;[47 79];[2 2];[False False];['UD Ourense' 'Atletico Astorga'];[0 1];[1 0];['D' 'H'];['H' 'D'];0.64;0.36;0.0;1.0;0.0;0.0;;167154.0;;atletico astorga fc;;;
2026-05-03;193953103;Spain Tercera Group 14;Spain;07:00;Full;0.7424242424242424;1.825;2.5;1.975;2.5;4.0;3.0;;3.0;1.0;4.0;206.0;84.0;100.0;Don Benito;;0.0;0.0;1.2;4;8.0;8 - 1;5.25;CD Diocesano;;0.0;1.0;11.0;0;1.0;-1.75;4 - 3;3-1;2.5;1.0;47 - 37;28 - 18;18.0;28.0;39.0;61.0;4.0;2.0;5.0;8.0;;;;;;;;95.0;111.0;37.0;47.0;44.0;56.0;10.0;4.0;8.0;13.0;;[18 37 41 45 46 47 50 64 69];[1 1 1 1 2 2 2 2 2];[False False False False False False False False False];"['Don Benito' 'Don Benito' 'Don Benito' 'Don Benito' 'CD Diocesano'
 'Don Benito' 'Don Benito' 'Don Benito' 'Don Benito']";[0 1 2 3 4 3 4 5 6];[1 2 3 4 3 4 5 6 7];['D' 'H' 'H' 'H' 'H' 'H' 'H' 'H' 'H'];['H' 'H' 'H' 'H' 'H' 'H' 'H' 'H' 'H'];0.2;0.8;0.0;0.4;0.6;0.0;;;;;;;
2026-05-03;193202851;Spain Segunda Division RFEF Group 1;Spain;07:00;Full;0.6263736263736264;1.875;2.5, 3.0;1.925;2.5, 3.0;8.0;4.0;;5.0;1.0;6.0;260.0;154.0;100.0;Salamanca CF UDS;;0.0;0.0;1.3;1;2.0;2 - 1;4.75;Lealtad;;0.0;1.0;7.0;0;1.0;-1.5;8 - 4;5-1;2.75;1.25;90 - 64;44 - 29;29.0;44.0;36.0;64.0;4.0;5.0;1.0;4.0;;;;;;;;103.0;157.0;64.0;90.0;37.0;63.0;5.0;9.0;3.0;8.0;;[43 71 73];[1 2 2];[False False False];['Salamanca CF UDS' 'Lealtad' 'Salamanca CF UDS'];[0 1 0];[1 0 1];['D' 'H' 'D'];['H' 'D' 'H'];0.5;0.5;0.0;0.96;0.04;0.0;;;;;;;
2026-05-03;193953224;Lithuania II Lyga;Lithuania;07:00;Full;0.17900688210111804;1.9;3.5;1.9;3.5;8.0;3.0;;6.0;2.0;8.0;169.0;150.0;;Suduva Marijampole II;3.0;0.0;3.0;1.909;2;4.0;4 - 1;4.0;FK Viltis Vilnius;2.0;1.0;1.0;2.9;0;1.0;-0.5;8 - 3;6-2;3.5;1.25;101 - 49;50 - 24;24.0;50.0;;;2.0;6.0;0.0;5.0;;;;;;;;76.0;93.0;49.0;101.0;;;8.0;12.0;2.0;9.0;;[ 8 22 46 89 91];[1 1 2 2 2];[False False False False  True];"['Suduva Marijampole II' 'Suduva Marijampole II' 'Suduva Marijampole II'
 'FK Viltis Vilnius' 'Suduva Marijampole II']";[0 1 2 3 2];[1 2 3 2 3];['D' 'H' 'H' 'H' 'H'];['H' 'H' 'H' 'H' 'H'];0.09;0.91;0.0;0.18;0.82;0.0;5343.0;;fk suduva marijampole;;;;Youth
2026-05-03;193948505;Türkiye Womens League;Turkey;07:00;Full;0.39421301638587586;2.025;3.0, 3.5;1.775;3.0, 3.5;3.0;2.0;;0.0;2.0;2.0;199.0;127.0;100.0;Besiktas (W);;0.0;3.0;1.6;1;1.0;1 - 1;3.8;Yuksekova Belediyespor (W);;0.0;2.0;4.333;0;1.0;-1.0;3 - 2;0-2;3.25;1.25;76 - 51;32 - 25;25.0;32.0;50.0;50.0;2.0;6.0;0.0;3.0;;;;;;;;87.0;112.0;51.0;76.0;47.0;53.0;6.0;10.0;1.0;3.0;;[ 7 89];[1 2];[False False];['Besiktas (W)' 'Yuksekova Belediyespor (W)'];[0 1];[1 0];['D' 'H'];['H' 'D'];0.09;0.91;0.0;0.16;0.84;0.0;3050.0;;besiktas istanbul;;;;Women
2026-05-03;193915225;Vietnam V-League 2;Vietnam;07:00;Full;0.0;1.975;2.5;1.825;2.5;6.0;6.0;;3.0;2.0;5.0;133.0;58.0;100.0;Khanh Hoa;4.0;0.0;3.0;2.45;0;1.0;1 - 1;3.3;Xuan Thien Phu Tho;8.0;0.0;2.0;2.45;1;1.0;0.0;6 - 6;3-2;2.5;1.0;28 - 30;13 - 13;13.0;13.0;53.0;47.0;1.0;2.0;2.0;0.0;;;;;;;;76.0;57.0;30.0;28.0;54.0;46.0;7.0;4.0;2.0;2.0;;[31 55];[1 2];[False False];['Xuan Thien Phu Tho' 'Khanh Hoa'];[ 0 -1];[-1  0];['D' 'A'];['A' 'D'];0.73;0.0;0.27;0.69;0.0;0.31;;;;;;;
2026-05-03;193985320;Spain Tercera Group 10;Spain;07:00;Full;0.15360983102918585;1.925;2.0, 2.5;1.875;2.0, 2.5;7.0;1.0;;5.0;1.0;6.0;165.0;114.0;;Conil CF;;0.0;1.0;2.1;1;3.0;3 - 2;3.1;Atletico Onubense;;1.0;1.0;3.1;2;2.0;-0.25;7 - 1;5-1;2.25;1.0;84 - 30;32 - 21;21.0;32.0;;;0.0;4.0;2.0;2.0;;;;;;;;53.0;112.0;30.0;84.0;;;1.0;11.0;3.0;5.0;;[13 21 25 53 81];[1 1 1 2 2];[False False False False False];['Conil CF' 'Atletico Onubense' 'Atletico Onubense' 'Conil CF' 'Conil CF'];[ 0  1  0 -1  0];[ 1  0 -1  0  1];['D' 'H' 'D' 'A' 'D'];['H' 'D' 'A' 'D' 'H'];0.5;0.19;0.31;0.38;0.18;0.44;;;;;;;
2026-05-03;193985322;Spain Tercera Group 10;Spain;07:00;Full;0.13196480938416422;1.825;2.0, 2.5;1.975;2.0, 2.5;5.0;6.0;;3.0;3.0;6.0;234.0;126.0;;CD Utrera;;0.0;1.0;2.2;0;1.0;1 - 0;3.0;Sevilla C;;0.0;0.0;3.1;0;0.0;-0.25;5 - 6;3-3;2.25;1.0;51 - 75;31 - 30;30.0;31.0;;;3.0;2.0;2.0;1.0;;;;;;;;127.0;107.0;75.0;51.0;;;8.0;5.0;3.0;2.0;;[47];[2];[False];['CD Utrera'];[0];[1];['D'];['H'];0.52;0.48;0.0;1.0;0.0;0.0;;;;;;;
2026-05-03;193985590;Spain Tercera Group 13;Spain;07:00;Full;-0.3174603174603175;2.0;2.0, 2.5;1.8;2.0, 2.5;2.0;6.0;;0.0;0.0;0.0;134.0;76.0;;El Palmar CF Estrella Grana;;0.0;2.0;4.2;0;0.0;0 - 0;3.2;At. Pulpileno;;0.0;3.0;1.8;0;0.0;+0.5;2 - 6;0-0;2.25;0.75;28 - 48;8 - 16;16.0;8.0;;;6.0;1.0;1.0;1.0;;;;;;;;87.0;47.0;48.0;28.0;;;12.0;4.0;5.0;3.0;;[];[];[];[];[];[];[];[];1.0;0.0;0.0;1.0;0.0;0.0;;;;;;;
2026-05-03;193202406;South Korea K League 2;South Korea;07:00;Full;-0.08730158730158727;1.95;2.5, 3.0;1.85;2.5, 3.0;5.0;2.0;;3.0;1.0;4.0;200.0;116.0;100.0;Suwon FC;6.0;0.0;2.0;2.8;0;3.0;3 - 1;3.5;Suwon Bluewings;2.0;0.0;3.0;2.25;1;1.0;+0.25;5 - 2;3-1;2.75;1.25;51 - 65;23 - 29;29.0;23.0;50.0;50.0;1.0;0.0;3.0;0.0;;;;;;;;118.0;82.0;65.0;51.0;50.0;50.0;5.0;0.0;3.0;3.0;;[18 50 72 86];[1 2 2 2];[False False False False];['Suwon Bluewings' 'Suwon FC' 'Suwon FC' 'Suwon FC'];[ 0 -1  0  1];[-1  0  1  2];['D' 'A' 'D' 'H'];['A' 'D' 'H' 'H'];0.44;0.2;0.36;0.4;0.0;0.6;41261.0;7652.0;suwon fc;suwon bluewings;1.61;1.61;
2026-05-03;193005986;Netherlands Eredivisie;Netherlands;07:15;Full;-0.1875;1.9;3.0, 3.5;1.9;3.0, 3.5;7.0;5.0;;3.0;2.0;5.0;154.0;104.0;100.0;FC Volendam;;0.0;3.0;3.2;0;0.0;0 - 2;4.1;Heerenveen;;0.0;3.0;2.0;1;2.0;+0.5;7 - 5;3-2;3.25;1.25;57 - 47;21 - 32;32.0;21.0;55.0;45.0;3.0;4.0;1.0;1.0;;;;;;;;89.0;65.0;47.0;57.0;51.0;49.0;7.0;8.0;2.0;4.0;;[ 8 86];[1 2];[False False];['Heerenveen' 'Heerenveen'];[ 0 -1];[-1 -2];['D' 'A'];['A' 'A'];0.09;0.0;0.91;0.18;0.0;0.82;2968.0;2964.0;fc volendam;sc heerenveen;1.44;1.44;
2026-05-03;193882208;Netherlands Eredivisie Women;Netherlands;07:15;Full;0.30476190476190473;1.8;3.0;2.0;3.0;15.0;2.0;;5.0;1.0;6.0;151.0;100.0;100.0;AZ (W);;0.0;2.0;1.75;1;1.0;1 - 5;3.7;Heerenveen (W);;0.0;0.0;3.75;1;5.0;-0.75;15 - 2;5-1;3.0;1.5;59 - 41;25 - 17;17.0;25.0;41.0;59.0;6.0;5.0;2.0;3.0;;;;;;;;66.0;85.0;41.0;59.0;41.0;59.0;8.0;13.0;7.0;8.0;;[14 19 58 64 74 93];[1 1 2 2 2 2];[False False False False False  True];"['Heerenveen (W)' 'AZ (W)' 'Heerenveen (W)' 'Heerenveen (W)'
 'Heerenveen (W)' 'Heerenveen (W)']";[ 0 -1  0 -1 -2 -3];[-1  0 -1 -2 -3 -4];['D' 'A' 'D' 'A' 'A' 'A'];['A' 'D' 'A' 'A' 'A' 'A'];0.57;0.0;0.43;0.89;0.0;0.11;2950.0;2964.0;az alkmaar;sc heerenveen;;;Women
2026-05-03;192785624;Poland Ekstraklasa;Poland;07:15;Full;0.3955342902711324;1.975;3.0, 3.5;1.825;3.0, 3.5;3.0;9.0;;3.0;6.0;9.0;194.0;113.0;100.0;GKS Katowice;6.0;0.0;0.0;1.65;3;5.0;5 - 1;4.0;Termalica BB Nieciecza;18.0;0.0;1.0;4.75;1;1.0;-1.0;3 - 9;3-6;3.25;1.25;38 - 75;23 - 39;39.0;23.0;62.0;38.0;12.0;3.0;1.0;5.0;;;;;;;;124.0;70.0;75.0;38.0;57.0;43.0;19.0;5.0;3.0;8.0;;[18 22 31 42 58 64];[1 1 1 1 2 2];[False False False False False False];"['GKS Katowice' 'GKS Katowice' 'GKS Katowice' 'Termalica BB Nieciecza'
 'GKS Katowice' 'GKS Katowice']";[0 1 2 3 2 3];[1 2 3 2 3 4];['D' 'H' 'H' 'H' 'H' 'H'];['H' 'H' 'H' 'H' 'H' 'H'];0.2;0.8;0.0;0.4;0.6;0.0;3112.0;36851.0;gks katowice;bruk-bet termalica nieciecza;1.53;1.53;
2026-05-03;193948513;Türkiye U19 League;Turkey;07:22;Full;0.025531914893617003;1.975;3.0, 3.5;1.825;3.0, 3.5;4.0;5.0;;4.0;1.0;5.0;233.0;103.0;100.0;Fatih Karagumruk U19;;0.0;5.0;2.35;2;4.0;4 - 1;3.5;Genclerbirligi U19;;0.0;2.0;2.5;0;1.0;0.0;4 - 5;4-1;3.25;1.25;58 - 45;35 - 18;18.0;35.0;38.0;62.0;1.0;1.0;1.0;9.0;;;;;;;;110.0;123.0;45.0;58.0;55.0;45.0;4.0;3.0;4.0;12.0;;[13 33 59 84 92];[1 1 2 2 2];[False False False False  True];"['Fatih Karagumruk U19' 'Fatih Karagumruk U19' 'Fatih Karagumruk U19'
 'Fatih Karagumruk U19' 'Genclerbirligi U19']";[0 1 2 3 4];[1 2 3 4 3];['D' 'H' 'H' 'H' 'H'];['H' 'H' 'H' 'H' 'H'];0.14;0.86;0.0;0.29;0.71;0.0;4954.0;7802.0;fatih karagumruk istanbul;genclerbirligi sk;;;Youth
2026-05-03;193991891;Paraguay Reserve League;Paraguay;07:30;Full;0.7735646958011996;1.9;4.0;1.9;4.0;6.0;4.0;;2.0;2.0;4.0;192.0;132.0;;Libertad Asuncion Reserves;;0.0;2.0;1.167;2;3.0;3 - 1;7.0;Sportivo San Lorenzo Reserves;;0.0;3.0;12.0;1;1.0;-2.5;6 - 4;2-2;4.0;1.75;76 - 56;33 - 21;21.0;33.0;;;1.0;4.0;3.0;2.0;;;;;;;;86.0;106.0;56.0;76.0;;;1.0;10.0;3.0;5.0;;[ 9 40 43 64];[1 1 1 2];[False False False False];"['Libertad Asuncion Reserves' 'Sportivo San Lorenzo Reserves'
 'Libertad Asuncion Reserves' 'Libertad Asuncion Reserves']";[0 1 0 1];[1 0 1 2];['D' 'H' 'D' 'H'];['H' 'D' 'H' 'H'];0.13;0.87;0.0;0.27;0.73;0.0;;;;;;;Youth
2026-05-03;193942585;Italy Serie A Women;Italy;07:30;Full;-0.15447154471544722;1.8;2.5;2.0;2.5;4.0;4.0;;0.0;2.0;2.0;118.0;60.0;100.0;Parma (W);;0.0;1.0;3.0;1;1.0;1 - 3;3.25;Lazio (W);;0.0;1.0;2.05;1;3.0;+0.25;4 - 4;0-2;2.5;1.0;33 - 27;12 - 19;19.0;12.0;53.0;47.0;5.0;3.0;4.0;2.0;;;;;;;;61.0;57.0;27.0;33.0;45.0;55.0;6.0;7.0;6.0;4.0;;[11 21 57 78];[1 1 2 2];[False False False False];['Parma (W)' 'Lazio (W)' 'Lazio (W)' 'Lazio (W)'];[ 0  1  0 -1];[ 1  0 -1 -2];['D' 'H' 'D' 'A'];['H' 'D' 'A' 'A'];0.52;0.11;0.37;0.78;0.22;0.0;2690.0;2699.0;parma calcio;lazio rome;;;Women
2026-05-03;193887679;India League Women;India;07:30;Full;-0.6153846153846153;2.0;3.0;1.8;3.0;1.0;6.0;;1.0;3.0;4.0;275.0;167.0;;SESA FA (W);;0.0;0.0;6.5;0;0.0;0 - 3;5.0;Kickstart Karnataka FC (W);;0.0;2.0;1.3;2;3.0;+1.5;1 - 6;1-3;3.0;1.25;53 - 114;16 - 63;63.0;16.0;;;9.0;2.0;6.0;0.0;;;;;;;;153.0;122.0;114.0;53.0;;;16.0;4.0;7.0;3.0;;[17 29 67];[1 1 2];[False False False];"['Kickstart Karnataka FC (W)' 'Kickstart Karnataka FC (W)'
 'Kickstart Karnataka FC (W)']";[ 0 -1 -2];[-1 -2 -3];['D' 'A' 'A'];['A' 'A' 'A'];0.19;0.0;0.81;0.38;0.0;0.62;;;;;;;Women
2026-05-03;193887684;India League Women;India;07:30;Full;0.39844199933315155;1.925;2.5, 3.0;1.875;2.5, 3.0;2.0;5.0;;1.0;2.0;3.0;227.0;194.0;;Sethu FC (W);;0.0;0.0;1.571;2;2.0;2 - 1;4.0;Sribhumi FC (W);;0.0;0.0;4.2;1;1.0;-1.0;2 - 5;1-2;2.75;1.25;117 - 77;55 - 36;36.0;55.0;;;3.0;1.0;2.0;2.0;;;;;;;;106.0;121.0;77.0;117.0;;;6.0;5.0;3.0;10.0;;[13 20 38];[1 1 1];[False False False];['Sethu FC (W)' 'Sethu FC (W)' 'Sribhumi FC (W)'];[0 1 2];[1 2 1];['D' 'H' 'H'];['H' 'H' 'H'];0.14;0.86;0.0;0.29;0.71;0.0;;;;;;;Women
2026-05-03;193940207;India I-League 2nd Division;India;07:30;Full;-0.1313628899835796;1.8;2.5;2.0;2.5;4.0;4.0;;3.0;2.0;5.0;125.0;107.0;;FC Bengaluru United;5.0;0.0;2.0;2.9;1;3.0;3 - 1;3.4;Delhi FC;1.0;0.0;3.0;2.1;0;1.0;+0.25;4 - 4;3-2;2.5;1.0;68 - 39;34 - 20;20.0;34.0;;;1.0;0.0;0.0;1.0;;;;;;;;64.0;61.0;39.0;68.0;;;1.0;3.0;1.0;4.0;;[10 52 53 88];[1 2 2 2];[False False False False];"['FC Bengaluru United' 'Delhi FC' 'FC Bengaluru United'
 'FC Bengaluru United']";[0 1 0 1];[1 0 1 2];['D' 'H' 'D' 'H'];['H' 'D' 'H' 'H'];0.12;0.88;0.0;0.22;0.78;0.0;;;;;;;
2026-05-03;193947700;Spain Tercera Group 5;Spain;07:30;Full;0.2485380116959064;2.025;2.5;1.775;2.5;5.0;2.0;;3.0;1.0;4.0;170.0;95.0;100.0;Vilanova Geltru;;0.0;1.0;1.9;1;1.0;1 - 0;3.25;CF Can Vidalet;;0.0;2.0;3.6;0;0.0;-0.5;5 - 2;3-1;2.5;1.0;51 - 44;26 - 16;16.0;26.0;36.0;64.0;1.0;2.0;3.0;3.0;;;;;;;;83.0;87.0;44.0;51.0;46.0;54.0;1.0;7.0;4.0;5.0;;[28];[1];[False];['Vilanova Geltru'];[0];[1];['D'];['H'];0.31;0.69;0.0;0.62;0.38;0.0;;;;;;;
2026-05-03;193947697;Spain Tercera Group 5;Spain;07:30;Full;0.25482625482625476;1.9;2.5;1.9;2.5;3.0;9.0;;1.0;2.0;3.0;193.0;134.0;100.0;CP San Cristobal;;1.0;4.0;1.85;2;4.0;4 - 0;3.5;CE Europa B;;1.0;2.0;3.5;0;0.0;-0.5;3 - 9;1-2;2.5;1.0;57 - 77;38 - 27;27.0;38.0;49.0;51.0;3.0;1.0;1.0;2.0;;;;;;;;105.0;88.0;77.0;57.0;61.0;39.0;8.0;2.0;2.0;4.0;;[ 8 31 62 89];[1 1 2 2];[False False False False];"['CP San Cristobal' 'CP San Cristobal' 'CP San Cristobal'
 'CP San Cristobal']";[0 1 2 3];[1 2 3 4];['D' 'H' 'H' 'H'];['H' 'H' 'H' 'H'];0.09;0.91;0.0;0.18;0.82;0.0;;135672.0;;ce europa;;;Youth
2026-05-03;193190765;Bulgaria First League;Bulgaria;07:30;Full;0.21511627906976744;1.975;2.0;1.825;2.0;8.0;1.0;;3.0;1.0;4.0;217.0;115.0;100.0;Arda Kardzhali;;0.0;1.0;2.15;0;0.0;0 - 0;2.875;Cherno More Varna;;0.0;2.0;4.0;0;0.0;-0.25;8 - 1;3-1;2.0;0.75;78 - 37;44 - 18;18.0;44.0;45.0;55.0;3.0;7.0;2.0;1.0;;;;;;;;91.0;126.0;37.0;78.0;40.0;60.0;6.0;13.0;2.0;3.0;;[];[];[];[];[];[];[];[];1.0;0.0;0.0;1.0;0.0;0.0;364786.0;3280.0;fc arda kardzhali;pfc cherno more varna;2.1;2.2;
2026-05-03;193004653;Italy Serie A;Italy;07:30;Full;0.3016122460857924;1.875;2.0, 2.5;1.975;2.0, 2.5;7.0;2.0;;5.0;1.0;6.0;174.0;68.0;100.0;Bologna;9.0;0.0;2.0;1.909;0;0.0;0 - 0;3.25;Cagliari;16.0;0.0;1.0;4.5;0;0.0;-0.5;7 - 2;5-1;2.25;1.0;49 - 19;26 - 12;12.0;26.0;35.0;65.0;3.0;4.0;1.0;2.0;;;;;;;;48.0;126.0;19.0;49.0;36.0;64.0;6.0;9.0;2.0;4.0;;[];[];[];[];[];[];[];[];1.0;0.0;0.0;1.0;0.0;0.0;2685.0;2719.0;bologna fc;cagliari calcio;1.95;1.95;
2026-05-03;192947590;Sweden Superettan;Sweden;08:00;Full;-0.02354788069073782;1.9;2.5;1.9;2.5;6.0;3.0;;4.0;0.0;4.0;166.0;75.0;100.0;Ostersunds FK;1.0;0.0;3.0;2.6;3;3.0;3 - 2;3.2;IFK Varnamo;1.0;0.0;1.0;2.45;0;2.0;0.0;6 - 3;4-0;2.5;1.0;44 - 31;25 - 9;9.0;25.0;40.0;60.0;2.0;4.0;1.0;7.0;;;;;;;;74.0;92.0;31.0;44.0;45.0;55.0;8.0;9.0;3.0;8.0;;[31 35 46 65 72];[1 1 1 2 2];[False False  True False False];"['Ostersunds FK' 'Ostersunds FK' 'Ostersunds FK' 'IFK Varnamo'
 'IFK Varnamo']";[0 1 2 3 2];[1 2 3 2 1];['D' 'H' 'H' 'H' 'H'];['H' 'H' 'H' 'H' 'H'];0.34;0.66;0.0;0.67;0.33;0.0;1836.0;1842.0;ostersunds fk;ifk varnamo;1.7;1.7;
2026-05-03;193946913;Norway Division 2 Group 2;Norway;08:00;Full;0.7130674476699113;1.975;3.5;1.825;3.5;3.0;4.0;;0.0;2.0;2.0;181.0;95.0;100.0;Honefoss;;0.0;2.0;1.222;0;3.0;3 - 1;5.5;Trygg/Lade;;0.0;0.0;9.5;1;1.0;-1.5;3 - 4;0-2;3.5;1.5;59 - 36;32 - 18;18.0;32.0;46.0;54.0;7.0;8.0;5.0;6.0;;;;;;;;77.0;104.0;36.0;59.0;46.0;54.0;13.0;16.0;7.0;11.0;;[28 48 51 78];[1 2 2 2];[False False False False];['Trygg/Lade' 'Honefoss' 'Honefoss' 'Honefoss'];[ 0 -1  0  1];[-1  0  1  2];['D' 'A' 'D' 'H'];['A' 'D' 'H' 'H'];0.34;0.43;0.22;0.62;0.0;0.38;678.0;250563.0;hoenefoss bk;trygg/lade;1.72;1.66;
2026-05-03;193982529;Republic of Ireland Leinster Senior League;Ireland;08:00;Full;-0.09157509157509158;1.975;3.5;1.825;3.5;6.0;2.0;;5.0;0.0;5.0;212.0;104.0;;Killester Donnycarney FC;;0.0;0.0;2.6;0;2.0;2 - 1;3.75;Wayside Celtic;;0.0;1.0;2.1;1;1.0;+0.25;6 - 2;5-0;3.5;1.25;61 - 43;32 - 20;20.0;32.0;;;3.0;2.0;1.0;0.0;;;;;;;;99.0;113.0;43.0;61.0;;;6.0;5.0;2.0;3.0;;[ 6 62 81];[1 2 2];[False False False];['Wayside Celtic' 'Killester Donnycarney FC' 'Killester Donnycarney FC'];[ 0 -1  0];[-1  0  1];['D' 'A' 'D'];['A' 'D' 'H'];0.28;0.1;0.62;0.13;0.0;0.87;;;;;;;
2026-05-03;193915237;Thailand Division 2;Thailand;08:00;Full;0.15447154471544722;1.825;3.0, 3.5;1.975;3.0, 3.5;4.0;8.0;;2.0;3.0;5.0;215.0;139.0;100.0;Police Tero FC;4.0;0.0;2.0;2.05;1;2.0;2 - 1;3.7;Nong Bua Pitchaya;5.0;0.0;3.0;3.0;0;1.0;-0.25;4 - 8;2-3;3.25;1.25;51 - 88;28 - 39;39.0;28.0;50.0;50.0;0.0;0.0;0.0;1.0;;;;;;;;130.0;85.0;88.0;51.0;50.0;50.0;0.0;0.0;2.0;2.0;;[ 4 53 57];[1 2 2];[False False False];['Police Tero FC' 'Police Tero FC' 'Nong Bua Pitchaya'];[0 1 2];[1 2 1];['D' 'H' 'H'];['H' 'H' 'H'];0.04;0.96;0.0;0.09;0.91;0.0;;;;;;;
2026-05-03;193915245;Thailand Division 3;Thailand;08:00;Full;0.19023986765922257;1.925;2.5, 3.0;1.875;2.5, 3.0;4.0;5.0;;1.0;1.0;2.0;229.0;159.0;100.0;Chiangmai FC;;0.0;2.0;1.95;1;1.0;1 - 5;3.6;Prime Bangkok;;0.0;1.0;3.1;1;5.0;-0.5;4 - 5;1-1;2.75;1.25;91 - 68;33 - 37;37.0;33.0;44.0;56.0;4.0;3.0;2.0;2.0;;;;;;;;104.0;125.0;68.0;91.0;42.0;58.0;5.0;7.0;8.0;3.0;;[17 45 67 80 88 94];[1 1 2 2 2 2];[False False False False False  True];"['Prime Bangkok' 'Chiangmai FC' 'Prime Bangkok' 'Prime Bangkok'
 'Prime Bangkok' 'Prime Bangkok']";[ 0 -1  0 -1 -2 -3];[-1  0 -1 -2 -3 -4];['D' 'A' 'D' 'A' 'A' 'A'];['A' 'D' 'A' 'A' 'A' 'A'];0.41;0.0;0.59;0.38;0.0;0.62;;;;;;;
2026-05-03;193881649;China Division 1;China;08:00;Full;0.08730158730158727;1.875;2.0, 2.5;1.925;2.0, 2.5;0.0;2.0;;0.0;2.0;2.0;275.0;123.0;100.0;Ningbo Professional FC;;0.0;0.0;2.25;3;3.0;3 - 1;3.2;Changchun Yatai;;0.0;0.0;2.8;1;1.0;-0.25;0 - 2;0-2;2.25;1.0;56 - 67;18 - 35;35.0;18.0;59.0;41.0;3.0;0.0;1.0;3.0;;;;;;;;133.0;142.0;67.0;56.0;55.0;45.0;5.0;2.0;3.0;5.0;;[ 7 12 14 35];[1 1 1 1];[False False False False];"['Ningbo Professional FC' 'Changchun Yatai' 'Ningbo Professional FC'
 'Ningbo Professional FC']";[0 1 0 1];[1 0 1 2];['D' 'H' 'D' 'H'];['H' 'D' 'H' 'H'];0.1;0.9;0.0;0.2;0.8;0.0;252173.0;34694.0;ningbo professional fc;changchun yatai;1.83;1.9;
2026-05-03;193952537;Sweden 2.div Västra Götaland;Sweden;08:00;Full;-0.013729977116704872;1.825;3.0, 3.5;1.975;3.0, 3.5;5.0;1.0;;0.0;1.0;1.0;170.0;65.0;100.0;BK Astrio;;1.0;1.0;2.375;0;0.0;0 - 3;3.8;Qviding FIF;;0.0;0.0;2.3;2;3.0;0.0;5 - 1;0-1;3.25;1.25;27 - 38;9 - 20;20.0;9.0;46.0;54.0;4.0;2.0;2.0;0.0;;;;;;;;99.0;71.0;38.0;27.0;42.0;58.0;5.0;5.0;5.0;1.0;;[33 42 79];[1 1 2];[False False False];['Qviding FIF' 'Qviding FIF' 'Qviding FIF'];[ 0 -1 -2];[-1 -2 -3];['D' 'A' 'A'];['A' 'A' 'A'];0.37;0.0;0.63;0.73;0.0;0.27;210372.0;1815.0;bk astrio;qviding fif;1.4;1.4;
2026-05-03;193830103;Cambodia Premier League;Cambodia;08:00;Full;-0.09090909090909088;1.8;2.5;2.0;2.5;5.0;5.0;;2.0;2.0;4.0;140.0;77.0;100.0;Boeung Ket FC;;0.0;2.0;2.75;0;2.0;2 - 0;3.4;Phnom Penh Crown;;0.0;1.0;2.2;0;0.0;+0.25;5 - 5;2-2;2.5;1.0;39 - 38;16 - 20;20.0;16.0;58.0;42.0;6.0;4.0;1.0;2.0;;;;;;;;84.0;56.0;38.0;39.0;57.0;43.0;8.0;11.0;3.0;10.0;;[86 94];[2 2];[False  True];['Boeung Ket FC' 'Boeung Ket FC'];[0 1];[1 2];['D' 'H'];['H' 'H'];0.91;0.09;0.0;1.0;0.0;0.0;;;;;;;
2026-05-03;193937974;France Division 2 Women;France;08:00;Full;-0.16522423288749022;1.775;2.0, 2.5;2.025;2.0, 2.5;6.0;3.0;;2.0;1.0;3.0;160.0;81.0;100.0;Nice (W);;0.0;3.0;3.1;0;0.0;0 - 2;3.3;Le Mans (W);;0.0;1.0;2.05;1;2.0;+0.25;6 - 3;2-1;2.25;1.0;50 - 31;24 - 17;17.0;24.0;48.0;52.0;2.0;2.0;1.0;0.0;;;;;;;;66.0;94.0;31.0;50.0;49.0;51.0;3.0;4.0;4.0;3.0;;[34 50];[1 2];[False False];['Le Mans (W)' 'Le Mans (W)'];[ 0 -1];[-1 -2];['D' 'A'];['A' 'A'];0.38;0.0;0.62;0.76;0.0;0.24;1661.0;1672.0;ogc nice;le mans fc;;;Women
2026-05-03;193933823;Faroe Islands League Women;Faroe Islands;08:00;Full;-0.2698412698412699;1.85;3.0;1.95;3.0;0.0;6.0;;0.0;3.0;3.0;182.0;66.0;100.0;HB Torshavn (W);;0.0;1.0;3.5;1;2.0;2 - 2;3.6;KI Klaksvik (W);;0.0;1.0;1.8;0;2.0;+0.5;0 - 6;0-3;3.0;1.25;29 - 37;13 - 18;18.0;13.0;59.0;41.0;3.0;1.0;0.0;2.0;;;;;;;;84.0;98.0;37.0;29.0;56.0;44.0;5.0;3.0;5.0;3.0;;[ 2 62 77 94];[1 2 2 2];[False False False  True];['HB Torshavn (W)' 'KI Klaksvik (W)' 'KI Klaksvik (W)' 'HB Torshavn (W)'];[ 0  1  0 -1];[ 1  0 -1  0];['D' 'H' 'D' 'A'];['H' 'D' 'A' 'D'];0.18;0.64;0.18;0.04;0.96;0.0;;;;;;;Women
2026-05-03;192939475;England Super League Women;England;08:00;Full;0.7280701754385965;1.825;3.0, 3.5;1.975;3.0, 3.5;11.0;7.0;;4.0;4.0;8.0;180.0;119.0;100.0;Man City (W);;0.0;2.0;1.2;0;1.0;1 - 0;7.0;Liverpool (W);;0.0;2.0;9.5;0;0.0;-2.0;11 - 7;4-4;3.25;1.5;64 - 55;27 - 30;30.0;27.0;46.0;54.0;4.0;1.0;0.0;0.0;;;;;;;;88.0;92.0;55.0;64.0;41.0;59.0;7.0;6.0;0.0;3.0;;[91];[2];[ True];['Man City (W)'];[0];[1];['D'];['H'];1.0;0.0;0.0;1.0;0.0;0.0;142658.0;66774.0;manchester city wfc;liverpool lfc;2.0;2.0;Women
2026-05-03;193886536;Czechia First League;Czech Republic;08:00;Full;0.193687230989957;1.95;2.5;1.85;2.5;4.0;4.0;;1.0;0.0;1.0;154.0;83.0;100.0;FK Teplice;;0.0;1.0;2.05;1;1.0;1 - 1;3.3;Slovacko;;0.0;3.0;3.4;0;1.0;-0.5;4 - 4;1-0;2.5;1.0;40 - 43;19 - 20;20.0;19.0;50.0;50.0;2.0;3.0;1.0;3.0;;;;;;;;82.0;72.0;43.0;40.0;50.0;50.0;3.0;5.0;4.0;4.0;;[15 79];[1 2];[False False];['FK Teplice' 'Slovacko'];[0 1];[1 0];['D' 'H'];['H' 'D'];0.29;0.71;0.0;0.33;0.67;0.0;2208.0;4871.0;fk teplice;1. fc slovacko uherske hradiste;1.8;1.8;
2026-05-03;192945878;Scotland Premiership;Scotland;08:00;Full;-0.36909304038107676;1.925;3.0;1.925;3.0;0.0;13.0;;0.0;7.0;7.0;156.0;90.0;;Hibernian;5.0;1.0;3.0;4.333;1;1.0;1 - 2;4.2;Celtic;3.0;0.0;3.0;1.667;1;2.0;+0.75;0 - 13;0-7;3.0;1.25;10 - 80;3 - 38;38.0;3.0;;;11.0;1.0;2.0;1.0;;;;;;;;126.0;30.0;80.0;10.0;;;17.0;3.0;5.0;1.0;;[41 48 72];[1 1 2];[False  True False];['Celtic' 'Hibernian' 'Celtic'];[ 0 -1  0];[-1  0 -1];['D' 'A' 'D'];['A' 'D' 'A'];0.72;0.0;0.28;0.85;0.0;0.15;2354.0;2352.0;hibernian fc;celtic glasgow;1.61;1.61;
2026-05-03;193915228;Thailand Premier League;Thailand;08:00;Full;0.4144736842105263;1.975;2.5, 3.0;1.825;2.5, 3.0;4.0;4.0;;2.0;3.0;5.0;151.0;52.0;100.0;Prachuap FC;6.0;0.0;2.0;1.6;1;2.0;2 - 0;3.8;Uthai Thani FC;11.0;0.0;1.0;4.75;0;0.0;-0.75;4 - 4;2-3;2.75;1.0;31 - 21;16 - 11;11.0;16.0;49.0;51.0;0.0;3.0;1.0;2.0;;;;;;;;70.0;81.0;21.0;31.0;48.0;52.0;2.0;6.0;1.0;3.0;;[11 68];[1 2];[False False];['Prachuap FC' 'Prachuap FC'];[0 1];[1 2];['D' 'H'];['H' 'H'];0.12;0.88;0.0;0.24;0.76;0.0;321791.0;672413.0;prachuap fc;uthai thani fc;1.83;1.83;
2026-05-03;193937957;France Division 2 Women;France;08:00;Full;0.2888888888888889;1.8;2.5;2.0;2.5;2.0;3.0;;1.0;0.0;1.0;215.0;125.0;100.0;Saint Malo (W);;0.0;1.0;1.8;1;1.0;1 - 0;3.5;Rodez AF (W);;0.0;1.0;3.75;0;0.0;-0.5;2 - 3;1-0;2.5;1.0;56 - 69;30 - 22;22.0;30.0;49.0;51.0;1.0;3.0;1.0;3.0;;;;;;;;113.0;102.0;69.0;56.0;53.0;47.0;3.0;6.0;2.0;3.0;;[48];[1];[ True];['Saint Malo (W)'];[0];[1];['D'];['H'];0.53;0.47;0.0;1.0;0.0;0.0;;;;;;;Women
2026-05-03;192939557;England Super League Women;England;08:00;Full;0.14285714285714285;2.0;2.5, 3.0;1.8;2.5, 3.0;4.0;4.0;;2.0;2.0;4.0;170.0;124.0;100.0;Tottenham (W);;0.0;0.0;2.1;2;2.0;2 - 1;3.25;London City Lionesses (W);;0.0;1.0;3.0;0;1.0;-0.25;4 - 4;2-2;2.75;1.0;54 - 70;24 - 38;38.0;24.0;48.0;52.0;1.0;1.0;3.0;5.0;;;;;;;;103.0;67.0;70.0;54.0;49.0;51.0;3.0;7.0;7.0;7.0;;[13 28 90];[1 1 2];[False False False];['Tottenham (W)' 'Tottenham (W)' 'London City Lionesses (W)'];[0 1 2];[1 2 1];['D' 'H' 'H'];['H' 'H' 'H'];0.14;0.86;0.0;0.29;0.71;0.0;301890.0;606004.0;tottenham hotspur fc;london city lionesses;1.66;1.61;Women
2026-05-03;193830098;Cambodia Premier League;Cambodia;08:00;Schedule;-0.1679929266136163;1.9;3.0, 3.5;1.9;3.0, 3.5;0.0;1.0;;0.0;1.0;1.0;31.0;15.0;;Angkor Tiger FC;;0.0;1.0;2.9;0;0.0;0 - 0;4.0;Svay Rieng FC;;0.0;2.0;1.95;0;0.0;+0.5 (-0.75);0 - 1;0-1;3.25 ( 4);1.25 ( 2);9 - 6;nan;;;;;;;;;;;;;;;;17.0;14.0;6.0;9.0;;;0.0;0.0;0.0;0.0;;[];[];[];[];[];[];[];[];1.0;0.0;0.0;1.0;0.0;0.0;;;;;;;
2026-05-03;193953094;Spain Tercera Group 12;Spain;08:00;Full;0.5017626321974148;1.9;2.0, 2.5;1.9;2.0, 2.5;9.0;0.0;;4.0;0.0;4.0;149.0;81.0;100.0;UD San Fernando;;0.0;1.0;1.48;2;5.0;5 - 0;3.7;Tenerife C;;0.0;1.0;5.75;0;0.0;-1.0;9 - 0;4-0;2.25;1.0;51 - 30;25 - 13;13.0;25.0;56.0;44.0;2.0;8.0;0.0;4.0;;;;;;;;71.0;78.0;30.0;51.0;48.0;52.0;2.0;20.0;0.0;12.0;;[34 44 58 79 91];[1 1 2 2 2];[False False False False  True];"['UD San Fernando' 'UD San Fernando' 'UD San Fernando' 'UD San Fernando'
 'UD San Fernando']";[0 1 2 3 4];[1 2 3 4 5];['D' 'H' 'H' 'H' 'H'];['H' 'H' 'H' 'H' 'H'];0.37;0.63;0.0;0.76;0.24;0.0;;;;;;;
2026-05-03;193914357;Taiwan Premier League;Taiwan;08:00;Full;-0.36215816703621584;1.8;2.5;2.0;2.5;6.0;10.0;;1.0;7.0;8.0;135.0;78.0;100.0;Taiwan Power Company;;0.0;0.0;4.1;0;0.0;0 - 2;3.75;Hang Yuen;;0.0;1.0;1.65;1;2.0;+0.75;6 - 10;1-7;2.5;1.0;35 - 43;10 - 28;28.0;10.0;60.0;40.0;1.0;2.0;3.0;0.0;;;;;;;;71.0;64.0;43.0;35.0;55.0;45.0;4.0;3.0;4.0;1.0;;[42 53];[1 2];[False False];['Hang Yuen' 'Hang Yuen'];[ 0 -1];[-1 -2];['D' 'A'];['A' 'A'];0.47;0.0;0.53;0.93;0.0;0.07;;;;;;;
2026-05-03;193940428;Latvia 1. Liga;Latvia;08:00;Full;-0.5835208802200551;1.9;3.5;1.9;3.5;5.0;10.0;;1.0;8.0;9.0;210.0;112.0;;FK Smiltene/BJSS;12.0;0.0;4.0;6.0;1;2.0;2 - 3;5.0;JDFS Alberts;8.0;1.0;3.0;1.333;3;3.0;+1.5;5 - 10;1-8;3.5;1.5;42 - 70;14 - 43;43.0;14.0;;;7.0;0.0;5.0;1.0;;;;;;;;107.0;103.0;70.0;42.0;;;13.0;2.0;8.0;2.0;;[10 28 35 44 54];[1 1 1 1 2];[False False False False False];"['JDFS Alberts' 'JDFS Alberts' 'FK Smiltene/BJSS' 'JDFS Alberts'
 'FK Smiltene/BJSS']";[ 0 -1 -2 -1 -2];[-1 -2 -1 -2 -1];['D' 'A' 'A' 'A' 'A'];['A' 'A' 'A' 'A' 'A'];0.11;0.0;0.89;0.22;0.0;0.78;;;;;;;
2026-05-03;193948337;Sweden Damallsvenskan;Sweden;08:00;Full;-0.07407407407407407;1.85;2.5;1.95;2.5;4.0;10.0;;1.0;6.0;7.0;150.0;97.0;100.0;Vaxjo (W);;0.0;0.0;2.7;0;1.0;1 - 2;3.3;Pitea IF (W);;0.0;0.0;2.25;0;2.0;+0.25;4 - 10;1-6;2.5;1.0;35 - 62;14 - 31;31.0;14.0;46.0;54.0;3.0;0.0;2.0;0.0;;;;;;;;71.0;79.0;62.0;35.0;47.0;53.0;5.0;2.0;4.0;4.0;;[48 51 92];[2 2 2];[False False  True];['Pitea IF (W)' 'Pitea IF (W)' 'Vaxjo (W)'];[ 0 -1 -2];[-1 -2 -1];['D' 'A' 'A'];['A' 'A' 'A'];0.52;0.0;0.48;1.0;0.0;0.0;;1873.0;;piteaa if;;;Women
2026-05-03;193946411;Hungary NB III;Hungary;08:00;Full;0.5403726708074534;1.95;3.0, 3.5;1.85;3.0, 3.5;1.0;5.0;;0.0;1.0;1.0;141.0;76.0;100.0;III Keruleti TVE;;0.0;1.0;1.4;2;3.0;3 - 0;4.333;Budapest Honved II;;1.0;3.0;5.75;0;0.0;-1.25;1 - 5;0-1;3.25;1.25;37 - 39;18 - 21;21.0;18.0;46.0;54.0;1.0;4.0;1.0;3.0;;;;;;;;76.0;65.0;39.0;37.0;42.0;58.0;4.0;6.0;3.0;4.0;;[10 44 67];[1 1 2];[False False False];['III Keruleti TVE' 'III Keruleti TVE' 'III Keruleti TVE'];[0 1 2];[1 2 3];['D' 'H' 'H'];['H' 'H' 'H'];0.11;0.89;0.0;0.22;0.78;0.0;;1916.0;;budapest honved fc;;;Youth
2026-05-03;193939599;Kenya Super League;Kenya;08:00;Full;0.18207282913165262;1.95;2.0;1.85;2.0;6.0;4.0;;4.0;3.0;7.0;206.0;182.0;100.0;Mombasa United;;0.0;1.0;2.1;0;0.0;0 - 0;2.9;Migori Youth;;0.0;3.0;3.4;0;0.0;-0.25;6 - 4;4-3;2.0;0.75;90 - 92;43 - 45;45.0;43.0;45.0;55.0;3.0;2.0;1.0;0.0;;;;;;;;93.0;113.0;92.0;90.0;43.0;57.0;9.0;7.0;3.0;0.0;;[];[];[];[];[];[];[];[];1.0;0.0;0.0;1.0;0.0;0.0;;;;;;;Youth
2026-05-03;193952534;Sweden Elitettan;Sweden;08:00;Full;0.43009349858664936;1.825;3.0, 3.5;1.975;3.0, 3.5;8.0;5.0;;5.0;2.0;7.0;132.0;63.0;100.0;KIF Orebro (W);;0.0;0.0;1.533;1;2.0;2 - 1;4.0;Trelleborgs FF (W);;0.0;0.0;4.5;0;1.0;-1.0;8 - 5;5-2;3.25;1.25;33 - 30;13 - 17;17.0;13.0;51.0;49.0;1.0;5.0;3.0;6.0;;;;;;;;57.0;75.0;30.0;33.0;46.0;54.0;3.0;11.0;5.0;9.0;;[43 58 93];[1 2 2];[False False  True];['KIF Orebro (W)' 'KIF Orebro (W)' 'Trelleborgs FF (W)'];[0 1 2];[1 2 1];['D' 'H' 'H'];['H' 'H' 'H'];0.46;0.54;0.0;0.96;0.04;0.0;;1771.0;;trelleborgs ff;;;Women
2026-05-03;193914360;Taiwan Premier League;Taiwan;08:00;Full;0.7735646958011996;1.95;3.5;1.85;3.5;3.0;4.0;;3.0;4.0;7.0;145.0;82.0;100.0;Taichung Futuro;4.0;0.0;0.0;1.167;1;4.0;4 - 0;6.25;Ming Chuan University;8.0;0.0;1.0;12.0;0;0.0;-2.25;3 - 4;3-4;3.5;1.5;48 - 34;25 - 18;18.0;25.0;43.0;57.0;1.0;6.0;2.0;1.0;;;;;;;;58.0;87.0;34.0;48.0;49.0;51.0;3.0;16.0;3.0;5.0;;[ 5 50 79 80];[1 2 2 2];[False False False False];['Taichung Futuro' 'Taichung Futuro' 'Taichung Futuro' 'Taichung Futuro'];[0 1 2 3];[1 2 3 4];['D' 'H' 'H' 'H'];['H' 'H' 'H' 'H'];0.06;0.94;0.0;0.11;0.89;0.0;;;;;;;
2026-05-03;193880190;Finland Kansallinen Liiga Women;Finland;08:00;Full;0.4991789819376027;1.875;3.5;1.925;3.5;10.0;4.0;;8.0;0.0;8.0;230.0;125.0;100.0;HPS (W);;0.0;2.0;1.45;1;2.0;2 - 0;4.2;PK-35 Vantaa (W);;0.0;1.0;5.25;0;0.0;-1.25;10 - 4;8-0;3.5;1.5;81 - 44;50 - 10;10.0;50.0;38.0;62.0;0.0;6.0;0.0;4.0;;;;;;;;127.0;103.0;44.0;81.0;48.0;52.0;3.0;7.0;0.0;10.0;;[43 53];[1 2];[False False];['HPS (W)' 'HPS (W)'];[0 1];[1 2];['D' 'H'];['H' 'H'];0.48;0.52;0.0;0.96;0.04;0.0;49530.0;;hps;;;;Women
2026-05-03;193915205;Vietnam V-League;Vietnam;08:00;Full;0.15261627906976744;2.0;2.5;1.8;2.5;8.0;4.0;;3.0;0.0;3.0;74.0;112.0;100.0;Song Lam Nghe An;;1.0;2.0;2.15;0;0.0;0 - 1;3.0;Hoang Anh Gia Lai;;0.0;3.0;3.2;0;1.0;-0.25;8 - 4;3-0;2.5;1.0;77 - 35;36 - 20;20.0;36.0;34.0;66.0;1.0;5.0;0.0;0.0;;;;;;;;22.0;52.0;35.0;77.0;28.0;72.0;4.0;10.0;1.0;0.0;;[58];[2];[False];['Hoang Anh Gia Lai'];[0];[-1];['D'];['A'];0.64;0.0;0.36;1.0;0.0;0.0;33129.0;33125.0;song lam nghe an;hoang anh gia lai;1.83;1.8;
2026-05-03;193770840;Kenya Premier League;Kenya;08:00;Full;0.04285714285714287;1.875;1.5, 2.0;1.925;1.5, 2.0;2.0;6.0;;0.0;3.0;3.0;250.0;191.0;100.0;Bidco United;17.0;0.0;1.0;2.5;0;0.0;0 - 0;2.8;Kariobangi Sharks;16.0;0.0;1.0;2.8;0;0.0;0.0;2 - 6;0-3;1.75;0.75;100 - 91;51 - 48;48.0;51.0;50.0;50.0;3.0;2.0;3.0;0.0;;;;;;;;125.0;125.0;91.0;100.0;49.0;51.0;5.0;8.0;3.0;1.0;;[];[];[];[];[];[];[];[];1.0;0.0;0.0;1.0;0.0;0.0;;;;;;;
2026-05-03;193926476;Austria Women League 2;Austria;08:00;Full;0.4448886920615515;1.8;3.0;2.0;3.0;4.0;1.0;;3.0;1.0;4.0;170.0;71.0;100.0;Austria Klagenfurt (W);;0.0;1.0;1.48;1;3.0;3 - 0;4.75;Wacker Innsbruck (W);;0.0;0.0;4.333;0;0.0;-1.25;4 - 1;3-1;3.0;1.25;47 - 24;28 - 10;10.0;28.0;53.0;47.0;4.0;9.0;1.0;5.0;;;;;;;;79.0;91.0;24.0;47.0;50.0;50.0;6.0;10.0;1.0;9.0;;[ 9 60 69];[1 2 2];[False False False];"['Austria Klagenfurt (W)' 'Austria Klagenfurt (W)'
 'Austria Klagenfurt (W)']";[0 1 2];[1 2 3];['D' 'H' 'H'];['H' 'H' 'H'];0.1;0.9;0.0;0.2;0.8;0.0;43254.0;;sk austria klagenfurt;;;;Women
2026-05-03;194024372;Uzbekistan Super Cup Women;Uzbekistan;08:00;Full;0.7333333333333334;1.9;4.0;1.9;4.0;4.0;2.0;;2.0;0.0;2.0;0.0;0.0;;Sevinch (W);;0.0;1.0;1.2;3;5.0;5 - 0;7.0;OKMK (W);;0.0;1.0;10.0;0;0.0;-2.25;4 - 2;2-0;4.0;1.75;-;-;0.0;0.0;;;0.0;0.0;0.0;3.0;;;;;;;;0.0;0.0;0.0;0.0;;;0.0;0.0;0.0;5.0;;[ 3  8 42 58 73];[1 1 1 2 2];[False False False False False];['Sevinch (W)' 'Sevinch (W)' 'Sevinch (W)' 'Sevinch (W)' 'Sevinch (W)'];[0 1 2 3 4];[1 2 3 4 5];['D' 'H' 'H' 'H' 'H'];['H' 'H' 'H' 'H' 'H'];0.03;0.97;0.0;0.07;0.93;0.0;;;;;;;Women
2026-05-03;193936248;Finland Kolmonen;Finland;08:00;Full;0.38200339558573854;1.925;4.0;1.875;4.0;8.0;3.0;;5.0;1.0;6.0;206.0;102.0;100.0;SJK-j;;0.0;1.0;1.55;0;2.0;2 - 0;5.0;LBK;;1.0;2.0;3.8;0;0.0;-1.0;8 - 3;5-1;4.0;1.75;53 - 49;26 - 21;21.0;26.0;44.0;56.0;2.0;6.0;1.0;4.0;;;;;;;;99.0;107.0;49.0;53.0;43.0;57.0;4.0;10.0;2.0;7.0;;[85 88];[2 2];[False False];['SJK-j' 'SJK-j'];[0 1];[1 2];['D' 'H'];['H' 'H'];0.94;0.06;0.0;1.0;0.0;0.0;;;;;;;
2026-05-03;193830107;Cambodia Premier League;Cambodia;08:00;Full;0.3087685253290349;1.95;2.5, 3.0;1.85;2.5, 3.0;9.0;10.0;;7.0;6.0;13.0;246.0;141.0;100.0;Naga World FC;;1.0;0.0;1.727;0;1.0;1 - 3;3.6;MOI Kompong Dewa FC;;0.0;3.0;3.7;2;3.0;-0.75;9 - 10;7-6;2.75;1.0;80 - 61;47 - 26;26.0;47.0;46.0;54.0;17.0;22.0;4.0;1.0;;;;;;;;123.0;123.0;61.0;80.0;49.0;51.0;25.0;32.0;7.0;4.0;;[30 44 48 63];[1 1 2 2];[False False False False];"['MOI Kompong Dewa FC' 'MOI Kompong Dewa FC' 'Naga World FC'
 'MOI Kompong Dewa FC']";[ 0 -1 -2 -1];[-1 -2 -1 -2];['D' 'A' 'A' 'A'];['A' 'A' 'A' 'A'];0.33;0.0;0.67;0.67;0.0;0.33;;;;;;;
2026-05-03;193982328;Poland III Liga;Poland;08:00;Full;0.24642289348171692;2.0;3.0;1.8;3.0;9.0;2.0;;5.0;1.0;6.0;175.0;149.0;;Pogon-Sokol Lubaczow;;0.0;1.0;1.85;0;1.0;1 - 3;3.6;Podlasie Biala Podlaska;;0.0;3.0;3.4;2;3.0;-0.5;9 - 2;5-1;3.0;1.25;105 - 44;58 - 17;17.0;58.0;;;3.0;3.0;3.0;1.0;;;;;;;;57.0;118.0;44.0;105.0;;;9.0;10.0;7.0;6.0;;[10 33 53 82];[1 1 2 2];[False False False False];"['Podlasie Biala Podlaska' 'Podlasie Biala Podlaska'
 'Podlasie Biala Podlaska' 'Pogon-Sokol Lubaczow']";[ 0 -1 -2 -3];[-1 -2 -3 -2];['D' 'A' 'A' 'A'];['A' 'A' 'A' 'A'];0.11;0.0;0.89;0.22;0.0;0.78;;;;;;;
2026-05-03;193195791;Denmark Division 1;Denmark;08:00;Full;-0.1014492753623189;2.025;2.5;1.775;2.5;12.0;9.0;;7.0;3.0;10.0;194.0;99.0;;Kolding IF;;0.0;1.0;3.0;1;1.0;1 - 1;3.3;Hvidovre IF;;0.0;0.0;2.3;0;1.0;+0.25;12 - 9;7-3;2.5;1.0;43 - 56;17 - 25;25.0;17.0;;;4.0;2.0;1.0;1.0;;;;;;;;103.0;91.0;56.0;43.0;;;15.0;6.0;3.0;5.0;;[39 54];[1 2];[False False];['Kolding IF' 'Hvidovre IF'];[0 1];[1 0];['D' 'H'];['H' 'D'];0.83;0.17;0.0;0.87;0.13;0.0;22162.0;1305.0;kolding if;hvidovre if;1.8;1.8;
2026-05-03;193953092;Spain Tercera Group 12;Spain;08:00;Full;0.08080808080808077;1.825;2.0, 2.5;1.975;2.0, 2.5;9.0;1.0;;4.0;1.0;5.0;301.0;164.0;100.0;CD Arcangel San Miguel;;0.0;4.0;2.25;0;1.0;1 - 1;3.2;Panaderia Pulido;;0.0;4.0;2.75;1;1.0;-0.25;9 - 1;4-1;2.25;1.0;92 - 72;30 - 43;43.0;30.0;67.0;33.0;5.0;3.0;1.0;2.0;;;;;;;;155.0;146.0;72.0;92.0;58.0;42.0;5.0;9.0;3.0;5.0;;[38 84];[1 2];[False False];['Panaderia Pulido' 'CD Arcangel San Miguel'];[ 0 -1];[-1  0];['D' 'A'];['A' 'D'];0.49;0.0;0.51;0.84;0.0;0.16;;;;;;;
2026-05-03;193754971;Lithuania A Lyga;Lithuania;08:15;Full;-0.3498800239952009;1.825;2.5;1.975;2.5;3.0;4.0;;0.0;2.0;2.0;106.0;76.0;100.0;FK Panevezys;;0.0;3.0;4.0;0;2.0;2 - 1;3.6;FK Zalgiris Vilnius;;0.0;3.0;1.667;1;1.0;+0.75;3 - 4;0-2;2.5;1.0;36 - 40;17 - 17;17.0;17.0;55.0;45.0;1.0;1.0;1.0;0.0;;;;;;;;52.0;54.0;40.0;36.0;52.0;48.0;1.0;2.0;1.0;4.0;;[48 58 94];[1 2 2];[ True False  True];['FK Zalgiris Vilnius' 'FK Panevezys' 'FK Panevezys'];[ 0 -1  0];[-1  0  1];['D' 'A' 'D'];['A' 'D' 'H'];0.89;0.0;0.11;1.0;0.0;0.0;197434.0;5345.0;fk panevezys;vilnius fk zalgiris;1.72;1.83;
2026-05-03;193001720;Germany 3. Liga;Germany;08:30;Full;-0.05228758169934633;1.95;3.0;1.85;3.0;2.0;5.0;;2.0;1.0;3.0;163.0;107.0;100.0;MSV Duisburg;4.0;0.0;2.0;2.55;1;2.0;2 - 1;3.5;Cottbus;2.0;0.0;3.0;2.25;0;1.0;0.0;2 - 5;2-1;3.0;1.25;40 - 67;20 - 29;29.0;20.0;64.0;36.0;2.0;1.0;1.0;2.0;;;;;;;;94.0;69.0;67.0;40.0;65.0;35.0;13.0;1.0;3.0;3.0;;[32 56 91];[1 2 2];[False False  True];['MSV Duisburg' 'MSV Duisburg' 'Cottbus'];[0 1 2];[1 2 1];['D' 'H' 'H'];['H' 'H' 'H'];0.35;0.65;0.0;0.71;0.29;0.0;2543.0;2532.0;msv duisburg;energie cottbus;1.5;1.5;
2026-05-03;192933581;Germany Bundesliga II;Germany;08:30;Full;-0.1172901921132457;1.925;3.0, 3.5;1.875;3.0, 3.5;5.0;3.0;;2.0;2.0;4.0;156.0;64.0;100.0;Karlsruher SC;11.0;0.0;1.0;2.875;0;2.0;2 - 1;4.0;Darmstadt;5.0;0.0;2.0;2.15;0;1.0;+0.25;5 - 3;2-2;3.25;1.25;27 - 37;10 - 16;16.0;10.0;52.0;48.0;8.0;5.0;1.0;0.0;;;;;;;;78.0;78.0;37.0;27.0;52.0;48.0;12.0;11.0;2.0;11.0;;[58 70 86];[2 2 2];[False False False];['Karlsruher SC' 'Darmstadt' 'Karlsruher SC'];[0 1 0];[1 0 1];['D' 'H' 'D'];['H' 'D' 'H'];0.82;0.18;0.0;1.0;0.0;0.0;2553.0;2576.0;karlsruher sc;sv darmstadt 98;1.4;1.4;Youth
2026-05-03;193949306;Slovenia 3. SNL;Slovenia;08:30;Full;0.2113344683080146;1.95;3.0;1.85;3.0;0.0;11.0;;0.0;3.0;3.0;173.0;164.0;100.0;NK IB 1975 Ljubljana;;0.0;1.0;1.909;2;3.0;3 - 1;3.6;NK Ziri;;0.0;4.0;3.2;0;1.0;-0.5;0 - 11;0-3;3.0;1.25;61 - 103;26 - 53;53.0;26.0;59.0;41.0;2.0;1.0;4.0;3.0;;;;;;;;95.0;78.0;103.0;61.0;56.0;44.0;5.0;3.0;7.0;7.0;;[ 9 31 52 92];[1 1 2 2];[False False False  True];"['NK IB 1975 Ljubljana' 'NK IB 1975 Ljubljana' 'NK Ziri'
 'NK IB 1975 Ljubljana']";[0 1 2 1];[1 2 1 2];['D' 'H' 'H' 'H'];['H' 'H' 'H' 'H'];0.1;0.9;0.0;0.2;0.8;0.0;;;;;;;
2026-05-03;193190233;Belgium First Division A;Belgium;08:30;Full;-0.007843137254901933;1.9;2.5, 3.0;1.9;2.5, 3.0;7.0;4.0;;5.0;1.0;6.0;166.0;60.0;100.0;KV Mechelen;5.0;0.0;2.0;2.55;1;1.0;1 - 0;3.5;Gent;4.0;0.0;3.0;2.5;0;0.0;0.0;7 - 4;5-1;2.75;1.0;36 - 24;14 - 8;8.0;14.0;43.0;57.0;2.0;4.0;0.0;1.0;;;;;;;;88.0;78.0;24.0;36.0;49.0;51.0;7.0;6.0;1.0;3.0;;[16];[1];[False];['KV Mechelen'];[0];[1];['D'];['H'];0.18;0.82;0.0;0.36;0.64;0.0;5044.0;2903.0;yellow-red kv mechelen;kaa gent;1.57;1.61;
2026-05-03;193941660;Denmark Danmarksserien Promotion;Denmark;08:30;Full;0.2760084925690021;1.825;3.5;1.975;3.5;6.0;3.0;;2.0;0.0;2.0;85.0;61.0;100.0;Vorup FB;;0.0;0.0;1.727;3;3.0;3 - 2;4.333;Esbjerg 2;;1.0;2.0;3.3;0;2.0;-0.75;6 - 3;2-0;3.5;1.5;36 - 25;14 - 11;11.0;14.0;53.0;47.0;2.0;3.0;1.0;3.0;;;;;;;;45.0;40.0;25.0;36.0;47.0;53.0;3.0;10.0;5.0;4.0;;[ 5 17 43 58 66];[1 1 1 2 2];[False False False False False];['Vorup FB' 'Vorup FB' 'Vorup FB' 'Esbjerg 2' 'Esbjerg 2'];[0 1 2 3 2];[1 2 3 2 1];['D' 'H' 'H' 'H' 'H'];['H' 'H' 'H' 'H' 'H'];0.06;0.94;0.0;0.11;0.89;0.0;;;;;;;
2026-05-03;193985379;Czechia 5. Liga;Czech Republic;08:30;Full;-0.04844961240310075;1.9;4.0, 4.5;1.9;4.0, 4.5;0.0;2.0;;0.0;1.0;1.0;241.0;87.0;;TJ Sokol Lhota;;1.0;3.0;2.4;0;3.0;3 - 3;4.2;TJ Start Luby;;0.0;2.0;2.15;2;3.0;+0.25;0 - 2;0-1;4.25;1.75;44 - 43;18 - 26;26.0;18.0;;;3.0;2.0;3.0;1.0;;;;;;;;114.0;127.0;43.0;44.0;;;4.0;5.0;4.0;5.0;;[12 34 54 79 86 94];[1 1 2 2 2 2];[False False False False False  True];"['TJ Start Luby' 'TJ Start Luby' 'TJ Sokol Lhota' 'TJ Sokol Lhota'
 'TJ Start Luby' 'TJ Sokol Lhota']";[ 0 -1 -2 -1  0 -1];[-1 -2 -1  0 -1  0];['D' 'A' 'A' 'A' 'D' 'A'];['A' 'A' 'A' 'D' 'A' 'D'];0.2;0.0;0.8;0.27;0.0;0.73;;;;;;;
2026-05-03;192933583;Germany Bundesliga II;Germany;08:30;Full;0.17530487804878053;1.95;3.0, 3.5;1.85;3.0, 3.5;1.0;7.0;;1.0;3.0;4.0;168.0;82.0;100.0;Magdeburg;16.0;0.0;2.0;2.05;0;1.0;1 - 0;3.8;Hertha Berlin;6.0;0.0;4.0;3.2;0;0.0;-0.25;1 - 7;1-3;3.25;1.25;19 - 63;11 - 20;20.0;11.0;47.0;53.0;3.0;6.0;1.0;0.0;;;;;;;;102.0;66.0;63.0;19.0;53.0;47.0;10.0;6.0;2.0;3.0;;[61];[2];[False];['Magdeburg'];[0];[1];['D'];['H'];0.68;0.32;0.0;1.0;0.0;0.0;2591.0;2528.0;1. fc magdeburg;hertha bsc;1.36;1.4;Youth
2026-05-03;192940961;Hungary NB I;Hungary;08:30;Full;0.12028869286287086;1.85;3.0;1.95;3.0;2.0;3.0;;0.0;1.0;1.0;229.0;133.0;100.0;Paksi;5.0;0.0;4.0;2.15;2;5.0;5 - 2;3.8;Debreceni VSC;3.0;0.0;4.0;2.9;2;2.0;-0.25;2 - 3;0-1;3.0;1.25;65 - 68;34 - 19;19.0;34.0;50.0;50.0;2.0;3.0;2.0;2.0;;;;;;;;127.0;102.0;68.0;65.0;50.0;50.0;2.0;4.0;3.0;5.0;;[ 5  7 25 44 65 70 95];[1 1 1 1 2 2 2];[False False False False False False  True];['Paksi' 'Debreceni VSC' 'Paksi' 'Debreceni VSC' 'Paksi' 'Paksi' 'Paksi'];[0 1 0 1 0 1 2];[1 0 1 0 1 2 3];['D' 'H' 'D' 'H' 'D' 'H' 'H'];['H' 'D' 'H' 'D' 'H' 'H' 'H'];0.46;0.54;0.0;0.53;0.47;0.0;6059.0;1921.0;paksi fc;debreceni vsc;1.5;1.5;
2026-05-03;193881653;China Division 1;China;08:30;Full;-0.25983945132881303;1.9;2.5, 3.0;1.9;2.5, 3.0;3.0;5.0;;0.0;5.0;5.0;195.0;77.0;100.0;Meizhou Hakka;;0.0;2.0;3.5;1;1.0;1 - 4;3.6;Shenzhen Juniors;;0.0;2.0;1.833;2;4.0;+0.5;3 - 5;0-5;2.75;1.25;28 - 49;6 - 30;30.0;6.0;66.0;34.0;2.0;1.0;5.0;2.0;;;;;;;;107.0;88.0;49.0;28.0;58.0;42.0;5.0;2.0;7.0;3.0;;[14 25 32 68 79];[1 1 1 2 2];[False False False False False];"['Shenzhen Juniors' 'Shenzhen Juniors' 'Meizhou Hakka' 'Shenzhen Juniors'
 'Shenzhen Juniors']";[ 0 -1 -2 -1 -2];[-1 -2 -1 -2 -3];['D' 'A' 'A' 'A' 'A'];['A' 'A' 'A' 'A' 'A'];0.16;0.0;0.84;0.31;0.0;0.69;245357.0;1110231.0;meizhou hakka;shenzhen juniors fc;1.72;1.66;
2026-05-03;192933576;Germany Bundesliga II;Germany;08:30;Full;0.4618395303326811;1.9;3.0;1.9;3.0;10.0;6.0;;3.0;4.0;7.0;148.0;89.0;100.0;Hannover 96;3.0;0.0;0.0;1.533;2;3.0;3 - 3;4.5;SC Preussen Munster;18.0;0.0;6.0;5.25;2;3.0;-1.25;10 - 6;3-4;3.0;1.25;56 - 33;21 - 10;10.0;21.0;27.0;73.0;3.0;4.0;2.0;2.0;;;;;;;;56.0;92.0;33.0;56.0;31.0;69.0;9.0;9.0;6.0;7.0;;[25 39 46 49 86 93];[1 1 1 1 2 2];[False False  True  True False  True];"['SC Preussen Munster' 'SC Preussen Munster' 'Hannover 96' 'Hannover 96'
 'Hannover 96' 'SC Preussen Munster']";[ 0 -1 -2 -1  0  1];[-1 -2 -1  0  1  0];['D' 'A' 'A' 'A' 'D' 'H'];['A' 'A' 'A' 'D' 'H' 'D'];0.67;0.08;0.26;0.51;0.0;0.49;2541.0;2590.0;hannover 96;sc preussen 06 munster;1.66;1.72;Youth
2026-05-03;192933557;Germany Bundesliga II;Germany;08:30;Full;0.0;1.825;2.5, 3.0;1.975;2.5, 3.0;4.0;5.0;;2.0;3.0;5.0;153.0;89.0;100.0;Greuther Furth;17.0;0.0;2.0;2.55;1;1.0;1 - 1;3.6;Nurnberg;9.0;0.0;2.0;2.55;1;1.0;0.0;4 - 5;2-3;2.75;1.0;44 - 45;24 - 14;14.0;24.0;63.0;37.0;2.0;3.0;2.0;4.0;;;;;;;;81.0;72.0;45.0;44.0;59.0;41.0;12.0;4.0;6.0;6.0;;[13 48];[1 1];[False  True];['Greuther Furth' 'Nurnberg'];[0 1];[1 0];['D' 'H'];['H' 'D'];0.61;0.39;0.0;0.27;0.73;0.0;2551.0;2523.0;greuther furth;1 fc nuremberg;1.44;1.61;Youth
2026-05-03;193915231;Thailand Premier League;Thailand;08:30;Full;0.5604395604395604;2.0;3.0;1.8;3.0;11.0;3.0;;6.0;1.0;7.0;129.0;80.0;100.0;Ratchaburi FC;3.0;0.0;0.0;1.4;3;6.0;6 - 1;4.2;Rayong FC;7.0;0.0;1.0;6.5;0;1.0;-1.0;11 - 3;6-1;3.0;1.25;57 - 23;24 - 5;5.0;24.0;35.0;65.0;1.0;5.0;2.0;4.0;;;;;;;;54.0;75.0;23.0;57.0;36.0;64.0;5.0;12.0;4.0;10.0;;[ 4 10 46 59 72 80 85];[1 1 1 2 2 2 2];[False False  True False False False False];"['Ratchaburi FC' 'Ratchaburi FC' 'Ratchaburi FC' 'Ratchaburi FC'
 'Rayong FC' 'Ratchaburi FC' 'Ratchaburi FC']";[0 1 2 3 4 3 4];[1 2 3 4 3 4 5];['D' 'H' 'H' 'H' 'H' 'H' 'H'];['H' 'H' 'H' 'H' 'H' 'H' 'H'];0.04;0.96;0.0;0.09;0.91;0.0;85743.0;337511.0;ratchaburi fc;rayong fc;1.8;1.8;
2026-05-03;192933553;Germany Bundesliga II;Germany;08:30;Full;0.13178294573643412;1.925;3.0;1.875;3.0;2.0;5.0;;1.0;1.0;2.0;130.0;75.0;100.0;Elversberg;4.0;0.0;3.0;2.15;4;5.0;5 - 1;3.75;Paderborn;2.0;1.0;4.0;3.0;0;1.0;-0.25;2 - 5;1-1;3.0;1.25;14 - 61;7 - 13;13.0;7.0;55.0;45.0;0.0;2.0;0.0;4.0;;;;;;;;80.0;50.0;61.0;14.0;58.0;42.0;4.0;3.0;4.0;5.0;;[ 6 17 28 41 65 93];[1 1 1 1 2 2];[False False False False False  True];"['Elversberg' 'Elversberg' 'Elversberg' 'Elversberg' 'Paderborn'
 'Elversberg']";[0 1 2 3 4 3];[1 2 3 4 3 4];['D' 'H' 'H' 'H' 'H' 'H'];['H' 'H' 'H' 'H' 'H' 'H'];0.06;0.94;0.0;0.13;0.87;0.0;2598.0;2561.0;sv 07 elversberg;sc paderborn 07;1.44;1.5;Youth
2026-05-03;193949289;Singapore Premier League;Singapore;08:30;Full;-0.27731092436974786;1.85;3.0;1.95;3.0;6.0;3.0;;0.0;3.0;3.0;170.0;105.0;100.0;Tampines Rovers FC;2.0;0.0;0.0;3.4;0;0.0;0 - 0;3.9;Lion City Sailors FC;1.0;0.0;3.0;1.75;0;0.0;+0.5;6 - 3;0-3;3.0;1.25;56 - 49;25 - 31;31.0;25.0;50.0;50.0;3.0;2.0;0.0;2.0;;;;;;;;101.0;69.0;49.0;56.0;50.0;50.0;5.0;4.0;0.0;2.0;;[];[];[];[];[];[];[];[];1.0;0.0;0.0;1.0;0.0;0.0;3043.0;3041.0;bg tampines rovers;lion city sailors fc;1.44;1.53;
2026-05-03;193840981;England National League;England;08:30;Full;0.028895768833849256;1.85;3.0;1.95;3.0;5.0;7.0;;2.0;5.0;7.0;169.0;136.0;100.0;Carlisle;3.0;0.0;2.0;2.375;1;1.0;1 - 1;3.6;Boreham Wood;4.0;0.0;4.0;2.55;1;1.0;-0.25;5 - 7;2-5;3.0;1.25;62 - 74;29 - 40;40.0;29.0;50.0;50.0;7.0;4.0;3.0;2.0;;;;;;;;87.0;82.0;74.0;62.0;50.0;50.0;11.0;6.0;3.0;5.0;;[28 40];[1 1];[False False];['Boreham Wood' 'Carlisle'];[ 0 -1];[-1  0];['D' 'A'];['A' 'D'];0.87;0.0;0.13;0.73;0.0;0.27;78.0;36467.0;carlisle united;boreham wood fc;1.44;1.44;
2026-05-03;193881655;China Division 1;China;08:30;Full;0.2350427350427351;1.775;2.0;2.025;2.0;2.0;6.0;;0.0;3.0;3.0;133.0;101.0;100.0;Nanjing City;11.0;0.0;5.0;1.95;1;1.0;1 - 0;3.1;Suzhou Dongwu;14.0;0.0;3.0;3.6;0;0.0;-0.5;2 - 6;0-3;2.0;0.75;44 - 57;20 - 26;26.0;20.0;50.0;50.0;0.0;0.0;1.0;2.0;;;;;;;;74.0;59.0;57.0;44.0;50.0;50.0;1.0;1.0;2.0;3.0;;[46];[1];[ True];['Nanjing City'];[0];[1];['D'];['H'];0.51;0.49;0.0;1.0;0.0;0.0;754361.0;164044.0;nanjing city;suzhou dongwu;2.25;2.1;
2026-05-03;193941646;Czechia Div 2 Women;Czech Republic;09:00;Full;-0.33348076072534283;1.975;3.5, 4.0;1.825;3.5, 4.0;7.0;3.0;;2.0;1.0;3.0;174.0;112.0;100.0;FK Teplice (W);;1.0;3.0;3.5;1;1.0;1 - 3;4.75;Ceske Budejovice (W);;0.0;3.0;1.615;0;3.0;+0.75;7 - 3;2-1;3.75;1.5;53 - 59;25 - 34;34.0;25.0;58.0;42.0;3.0;2.0;2.0;5.0;;;;;;;;92.0;82.0;59.0;53.0;55.0;45.0;8.0;8.0;6.0;7.0;;[20 57 61 90];[1 2 2 2];[False False False False];"['FK Teplice (W)' 'Ceske Budejovice (W)' 'Ceske Budejovice (W)'
 'Ceske Budejovice (W)']";[ 0  1  0 -1];[ 1  0 -1 -2];['D' 'H' 'D' 'A'];['H' 'D' 'A' 'A'];0.27;0.41;0.32;0.44;0.56;0.0;2208.0;2221.0;fk teplice;sk dynamo ceske budejovice;;;Women
2026-05-03;193194987;Denmark Superligaen;Denmark;09:00;Full;0.425;1.95;3.5;1.85;3.5;8.0;3.0;;4.0;2.0;6.0;236.0;128.0;100.0;Odense BK;8.0;1.0;0.0;1.6;1;2.0;2 - 3;4.2;Silkeborg IF;11.0;0.0;0.0;5.0;1;3.0;-1.0;8 - 3;4-2;3.5;1.5;100 - 28;49 - 12;12.0;49.0;35.0;65.0;6.0;8.0;5.0;1.0;;;;;;;;78.0;158.0;28.0;100.0;34.0;66.0;6.0;12.0;7.0;5.0;;[18 41 53 85 94];[1 1 2 2 2];[False False False False  True];['Silkeborg IF' 'Odense BK' 'Silkeborg IF' 'Silkeborg IF' 'Odense BK'];[ 0 -1  0 -1 -2];[-1  0 -1 -2 -1];['D' 'A' 'D' 'A' 'A'];['A' 'D' 'A' 'A' 'A'];0.32;0.0;0.68;0.49;0.0;0.51;1286.0;1285.0;odense boldklub;silkeborg if;1.5;1.44;
2026-05-03;193830093;Brazil Campeonato Catarinense U20;Brazil;09:00;Full;-0.06349206349206349;1.8;2.5, 3.0;2.0;2.5, 3.0;4.0;3.0;;1.0;2.0;3.0;153.0;109.0;100.0;Figueirense U20;;0.0;3.0;2.625;1;1.0;1 - 1;3.5;Chapecoense U20;;0.0;2.0;2.25;1;1.0;+0.25;4 - 3;1-2;2.75;1.25;45 - 64;15 - 21;21.0;15.0;42.0;58.0;4.0;2.0;1.0;2.0;;;;;;;;85.0;68.0;64.0;45.0;51.0;49.0;10.0;6.0;3.0;2.0;;[10 42];[1 1];[False False];['Figueirense U20' 'Chapecoense U20'];[0 1];[1 0];['D' 'H'];['H' 'D'];0.64;0.36;0.0;0.29;0.71;0.0;1985.0;21845.0;figueirense fc sc;chapecoense sc;;;Youth
2026-05-03;193952387;Sweden 2.div Södra Svealand;Sweden;09:00;Full;-0.09523809523809523;1.85;3.0, 3.5;1.95;3.0, 3.5;5.0;5.0;;3.0;1.0;4.0;137.0;156.0;;Fittja IF;;0.0;3.0;2.625;3;5.0;5 - 3;4.0;Smedby AIS;;0.0;1.0;2.1;1;3.0;+0.25;5 - 5;3-1;3.25;1.25;67 - 89;32 - 39;39.0;32.0;;;4.0;4.0;7.0;7.0;;;;;;;;68.0;69.0;89.0;67.0;;;11.0;7.0;14.0;13.0;;[ 4 10 19 42 67 75 86 94];[1 1 1 1 2 2 2 2];[False False False False False False False  True];"['Fittja IF' 'Fittja IF' 'Smedby AIS' 'Fittja IF' 'Fittja IF' 'Smedby AIS'
 'Smedby AIS' 'Fittja IF']";[0 1 2 1 2 3 2 1];[1 2 1 2 3 2 1 2];['D' 'H' 'H' 'H' 'H' 'H' 'H' 'H'];['H' 'H' 'H' 'H' 'H' 'H' 'H' 'H'];0.04;0.96;0.0;0.09;0.91;0.0;693257.0;7096.0;fittja if;smedby ais;1.44;1.44;
2026-05-03;193914396;Uzbekistan PFL;Uzbekistan;09:00;Full;-0.3955342902711324;1.9;2.0, 2.5;1.9;2.0, 2.5;6.0;8.0;;1.0;5.0;6.0;155.0;80.0;100.0;AGMK;;0.0;2.0;4.75;0;0.0;0 - 0;3.5;Neftchi Fargona;;0.0;2.0;1.65;0;0.0;+0.75;6 - 8;1-5;2.25;1.0;37 - 43;17 - 23;23.0;17.0;60.0;40.0;2.0;2.0;4.0;2.0;;;;;;;;82.0;73.0;43.0;37.0;52.0;48.0;2.0;6.0;6.0;2.0;;[];[];[];[];[];[];[];[];1.0;0.0;0.0;1.0;0.0;0.0;;;;;;;
2026-05-03;193777578;Lithuania 1 Lyga;Lithuania;09:00;Full;-0.6347478338147079;2.0;3.0, 3.5;1.8;3.0, 3.5;2.0;11.0;;1.0;5.0;6.0;136.0;102.0;100.0;FK Transinvest II;12.0;0.0;0.0;7.0;1;1.0;1 - 7;5.0;FK Minija;2.0;0.0;0.0;1.286;1;7.0;+1.5;2 - 11;1-5;3.25;1.25;21 - 81;11 - 50;50.0;11.0;64.0;36.0;6.0;1.0;4.0;2.0;;;;;;;;90.0;46.0;81.0;21.0;61.0;39.0;7.0;1.0;11.0;2.0;;[20 42 53 59 63 67 80 82];[1 1 2 2 2 2 2 2];[False False False False False False False False];"['FK Transinvest II' 'FK Minija' 'FK Minija' 'FK Minija' 'FK Minija'
 'FK Minija' 'FK Minija' 'FK Minija']";[ 0  1  0 -1 -2 -3 -4 -5];[ 1  0 -1 -2 -3 -4 -5 -6];['D' 'H' 'D' 'A' 'A' 'A' 'A' 'A'];['H' 'D' 'A' 'A' 'A' 'A' 'A' 'A'];0.34;0.24;0.41;0.51;0.49;0.0;885005.0;;fk transinvest;;;;Youth
2026-05-03;193757945;Switzerland Challenge League;Switzerland;09:00;Full;0.17530487804878053;1.825;3.0;1.975;3.0;7.0;3.0;;5.0;3.0;8.0;185.0;82.0;100.0;AC Bellinzona;;0.0;2.0;2.05;1;2.0;2 - 4;3.8;FC Rapperswil-Jona;;0.0;3.0;3.2;3;4.0;-0.25;7 - 3;5-3;3.0;1.25;49 - 33;16 - 17;17.0;16.0;50.0;50.0;4.0;1.0;4.0;5.0;;;;;;;;82.0;103.0;33.0;49.0;50.0;50.0;8.0;7.0;6.0;7.0;;[ 1  3 33 42 59 95];[1 1 1 1 2 2];[False False False False False  True];"['FC Rapperswil-Jona' 'AC Bellinzona' 'FC Rapperswil-Jona'
 'FC Rapperswil-Jona' 'AC Bellinzona' 'FC Rapperswil-Jona']";[ 0 -1  0 -1 -2 -1];[-1  0 -1 -2 -1 -2];['D' 'A' 'D' 'A' 'A' 'A'];['A' 'D' 'A' 'A' 'A' 'A'];0.33;0.0;0.67;0.69;0.0;0.31;2459.0;37390.0;ac bellinzona;fc rapperswil-jona;1.57;1.5;
2026-05-03;192609717;Switzerland Super League;Switzerland;09:00;Full;0.10971786833855796;1.8;3.0;2.0;3.0;5.0;7.0;;2.0;2.0;4.0;189.0;101.0;100.0;St Gallen;;0.0;6.0;2.2;0;0.0;0 - 3;3.6;FC Sion;;0.0;4.0;2.9;1;3.0;-0.25;5 - 7;2-2;3.0;1.25;70 - 31;29 - 9;9.0;29.0;48.0;52.0;3.0;8.0;3.0;4.0;;;;;;;;79.0;110.0;31.0;70.0;46.0;54.0;6.0;13.0;7.0;5.0;;[43 63 76];[1 2 2];[False False False];['FC Sion' 'FC Sion' 'FC Sion'];[ 0 -1 -2];[-1 -2 -3];['D' 'A' 'A'];['A' 'A' 'A'];0.48;0.0;0.52;0.96;0.0;0.04;2442.0;2452.0;fc st. gallen 1879;fc sion;1.5;1.44;
2026-05-03;193828039;Argentina Championship Women;Argentina;09:00;Full;0.44606104695219917;1.95;2.0, 2.5;1.85;2.0, 2.5;7.0;2.0;;2.0;2.0;4.0;203.0;95.0;100.0;Huracan (W);;0.0;1.0;1.571;0;1.0;1 - 0;3.5;Union Santa Fe (W);;0.0;2.0;5.25;0;0.0;-0.75;7 - 2;2-2;2.25;1.0;65 - 30;21 - 15;15.0;21.0;47.0;53.0;0.0;0.0;1.0;2.0;;;;;;;;88.0;115.0;30.0;65.0;45.0;55.0;1.0;4.0;1.0;8.0;;[66];[2];[False];['Huracan (W)'];[0];[1];['D'];['H'];0.73;0.27;0.0;1.0;0.0;0.0;7629.0;3204.0;ca huracan;union de santa fe;;;Women
2026-05-03;193937368;Georgia Liga 3;Georgia;09:00;Full;0.2012538231467243;1.9;3.0;1.9;3.0;4.0;1.0;;3.0;1.0;4.0;211.0;132.0;;FC Merani Tbilisi;;0.0;1.0;1.909;1;1.0;1 - 0;3.75;Lokomotiv Tbilisi;;0.0;2.0;3.1;0;0.0;-0.5;4 - 1;3-1;3.0;1.25;54 - 78;32 - 32;32.0;32.0;;;4.0;4.0;1.0;4.0;;;;;;;;123.0;88.0;78.0;54.0;;;7.0;5.0;3.0;7.0;;[46];[1];[ True];['FC Merani Tbilisi'];[0];[1];['D'];['H'];0.51;0.49;0.0;1.0;0.0;0.0;;;;;;;
2026-05-03;193937375;Georgia Liga 3;Georgia;09:00;Full;0.09474590869939709;1.85;2.5, 3.0;1.95;2.5, 3.0;3.0;2.0;;0.0;0.0;0.0;272.0;133.0;;FC Margveti 2006;;0.0;2.0;2.15;0;0.0;0 - 2;3.5;Kolkheti Khobi;;0.0;1.0;2.7;2;2.0;-0.25;3 - 2;0-0;2.75;1.25;62 - 71;15 - 40;40.0;15.0;;;2.0;2.0;4.0;1.0;;;;;;;;138.0;134.0;71.0;62.0;;;4.0;5.0;6.0;2.0;;[16 30];[1 1];[False False];['Kolkheti Khobi' 'Kolkheti Khobi'];[ 0 -1];[-1 -2];['D' 'A'];['A' 'A'];0.18;0.0;0.82;0.36;0.0;0.64;;;;;;;
2026-05-03;193936254;Finland Kolmonen;Finland;09:00;Full;0.7000000000000001;1.825;3.5, 4.0;1.975;3.5, 4.0;2.0;4.0;;2.0;2.0;4.0;261.0;180.0;;GrIFK Reservi;;0.0;1.0;1.2;1;2.0;2 - 4;6.5;MPS;;0.0;2.0;7.5;3;4.0;-2.0;2 - 4;2-2;3.75;1.5;105 - 75;40 - 34;34.0;40.0;;;1.0;8.0;5.0;2.0;;;;;;;;93.0;168.0;75.0;105.0;;;5.0;14.0;7.0;7.0;;[10 15 22 26 47 83];[1 1 1 1 2 2];[False False False False False False];['MPS' 'GrIFK Reservi' 'MPS' 'MPS' 'GrIFK Reservi' 'MPS'];[ 0 -1  0 -1 -2 -1];[-1  0 -1 -2 -1 -2];['D' 'A' 'D' 'A' 'A' 'A'];['A' 'D' 'A' 'A' 'A' 'A'];0.19;0.0;0.81;0.38;0.0;0.62;;;;;;;
2026-05-03;193953227;Lithuania II Lyga;Lithuania;09:00;Full;-0.8940005380683347;1.9;4.5;1.9;4.5;7.0;7.0;;3.0;3.0;6.0;482.0;263.0;;DFK Dainava II;;0.0;2.0;21.0;2;2.0;2 - 4;11.0;Vilnius Football Academy;;0.0;2.0;1.062;2;4.0;+3.25;7 - 7;3-3;4.5;2.0;79 - 184;46 - 79;79.0;46.0;;;1.0;1.0;2.0;2.0;;;;;;;;323.0;159.0;184.0;79.0;;;1.0;2.0;9.0;3.0;;[21 33 35 44 71 90];[1 1 1 1 2 2];[False False False False False False];"['DFK Dainava II' 'Vilnius Football Academy' 'DFK Dainava II'
 'Vilnius Football Academy' 'Vilnius Football Academy'
 'Vilnius Football Academy']";[ 0  1  0  1  0 -1];[ 1  0  1  0 -1 -2];['D' 'H' 'D' 'H' 'D' 'A'];['H' 'D' 'H' 'D' 'A' 'A'];0.56;0.23;0.21;0.53;0.47;0.0;;;;;;;Youth
2026-05-03;193937372;Georgia Liga 3;Georgia;09:00;Full;0.325077399380805;1.95;3.0;1.85;3.0;2.0;4.0;;0.0;4.0;4.0;242.0;144.0;;FC Orbi;;0.0;1.0;1.7;2;4.0;4 - 0;3.75;FC Gonio;;0.0;3.0;3.8;0;0.0;-0.75;2 - 4;0-4;3.0;1.25;62 - 82;27 - 45;45.0;27.0;;;3.0;4.0;2.0;2.0;;;;;;;;139.0;103.0;82.0;62.0;;;5.0;6.0;5.0;5.0;;[ 8 11 70 90];[1 1 2 2];[False False False False];['FC Orbi' 'FC Orbi' 'FC Orbi' 'FC Orbi'];[0 1 2 3];[1 2 3 4];['D' 'H' 'H' 'H'];['H' 'H' 'H' 'H'];0.09;0.91;0.0;0.18;0.82;0.0;;;;;;;
2026-05-03;194020560;Croatia U19 League;Croatia;09:00;Full;0.4143743067084565;2.0;3.0, 3.5;1.8;3.0, 3.5;10.0;2.0;;5.0;2.0;7.0;232.0;166.0;100.0;NK Osijek U19;;0.0;1.0;1.55;1;1.0;1 - 2;4.2;NK Sesvete U19;;0.0;3.0;4.333;1;2.0;-1.0;10 - 2;5-2;3.25;1.25;96 - 70;44 - 45;45.0;44.0;47.0;53.0;9.0;3.0;2.0;4.0;;;;;;;;95.0;137.0;70.0;96.0;43.0;57.0;10.0;8.0;4.0;4.0;;[ 6 22 84];[1 1 2];[False False False];['NK Sesvete U19' 'NK Osijek U19' 'NK Sesvete U19'];[ 0 -1  0];[-1  0 -1];['D' 'A' 'D'];['A' 'D' 'A'];0.76;0.0;0.24;0.64;0.0;0.36;2040.0;54297.0;nk osijek;nk sesvete;;;Youth
2026-05-03;193984286;Kenya Super League;Kenya;09:00;Full;0.2535641980377444;1.8;2.0;2.0;2.0;4.0;4.0;;1.0;3.0;4.0;205.0;127.0;100.0;Luanda Villa SC;16.0;0.0;1.0;1.909;0;1.0;1 - 0;3.1;Darajani Gogo;15.0;0.0;2.0;3.7;0;0.0;-0.5;4 - 4;1-3;2.0;nan;69 - 58;30 - 34;34.0;30.0;64.0;36.0;8.0;4.0;1.0;0.0;;;;;;;;104.0;101.0;58.0;69.0;58.0;42.0;10.0;14.0;1.0;4.0;;[67];[2];[False];['Luanda Villa SC'];[0];[1];['D'];['H'];0.74;0.26;0.0;1.0;0.0;0.0;;;;;;;
2026-05-03;192946441;Spain Segunda;Spain;09:00;Full;0.5503791982665223;1.9;3.0;1.9;3.0;12.0;3.0;;6.0;1.0;7.0;181.0;88.0;100.0;Racing Santander;1.0;0.0;0.0;1.42;0;4.0;4 - 2;4.75;Huesca;19.0;1.0;3.0;6.5;1;2.0;-1.25;12 - 3;6-1;3.0;1.25;61 - 27;40 - 9;9.0;40.0;34.0;66.0;2.0;7.0;2.0;5.0;;;;;;;;61.0;120.0;27.0;61.0;36.0;64.0;5.0;8.0;5.0;12.0;;[  5  47  53  66  72 101];[1 2 2 2 2 2];[False False False False False  True];"['Huesca' 'Racing Santander' 'Racing Santander' 'Racing Santander'
 'Huesca' 'Racing Santander']";[ 0 -1  0  1  2  1];[-1  0  1  2  1  2];['D' 'A' 'D' 'H' 'H' 'H'];['A' 'D' 'H' 'H' 'H' 'H'];0.11;0.48;0.42;0.11;0.0;0.89;2835.0;24265.0;racing santander;sd huesca;1.72;1.72;
2026-05-03;193948511;Türkiye U19 League;Turkey;09:00;Full;0.30115830115830117;2.0;3.0;1.8;3.0;3.0;2.0;;2.0;0.0;2.0;182.0;100.0;100.0;Kayserispor U19;;0.0;3.0;1.75;0;2.0;2 - 4;3.7;Eyupspor U19;;0.0;4.0;3.7;2;4.0;-0.75;3 - 2;2-0;3.0;1.25;49 - 51;20 - 22;22.0;20.0;48.0;52.0;4.0;5.0;3.0;4.0;;;;;;;;91.0;91.0;51.0;49.0;47.0;53.0;8.0;9.0;6.0;7.0;;[13 37 50 82 94 95];[1 1 2 2 2 2];[False False False False  True  True];"['Eyupspor U19' 'Eyupspor U19' 'Eyupspor U19' 'Eyupspor U19'
 'Kayserispor U19' 'Kayserispor U19']";[ 0 -1 -2 -3 -4 -3];[-1 -2 -3 -4 -3 -2];['D' 'A' 'A' 'A' 'A' 'A'];['A' 'A' 'A' 'A' 'A' 'A'];0.14;0.0;0.86;0.29;0.0;0.71;3072.0;7040.0;kayserispor;eyupspor;;;Youth
2026-05-03;193914311;Kazakhstan Premier League;Kazakhstan;09:00;Full;0.059523809523809534;1.925;2.0;1.875;2.0;4.0;3.0;;2.0;0.0;2.0;142.0;83.0;100.0;FK Atyrau;;1.0;1.0;2.4;1;1.0;1 - 0;2.875;Altay;;0.0;2.0;2.8;0;0.0;0.0;4 - 3;2-0;2.0;0.75;35 - 48;17 - 17;17.0;17.0;56.0;44.0;2.0;2.0;1.0;2.0;;;;;;;;79.0;63.0;48.0;35.0;60.0;40.0;3.0;2.0;3.0;2.0;;[31];[1];[False];['FK Atyrau'];[0];[1];['D'];['H'];0.34;0.66;0.0;0.69;0.31;0.0;;;;;;;
2026-05-03;193194989;Denmark Superligaen;Denmark;09:00;Full;0.44606104695219917;1.9;2.5, 3.0;1.9;2.5, 3.0;3.0;6.0;;2.0;3.0;5.0;214.0;104.0;100.0;Randers FC;9.0;1.0;0.0;1.571;0;1.0;1 - 0;4.2;Vejle;12.0;0.0;2.0;5.25;0;0.0;-1.0;3 - 6;2-3;2.75;1.25;46 - 58;24 - 18;18.0;24.0;63.0;37.0;1.0;8.0;5.0;0.0;;;;;;;;116.0;98.0;58.0;46.0;65.0;35.0;5.0;11.0;9.0;1.0;;[60];[2];[False];['Randers FC'];[0];[1];['D'];['H'];0.67;0.33;0.0;1.0;0.0;0.0;1301.0;4872.0;randers fc;vejle bk;1.75;1.8;
2026-05-03;192946776;Spain La Liga;Spain;09:00;Full;0.3777089783281734;1.925;2.5, 3.0;1.925;2.5, 3.0;4.0;2.0;;1.0;1.0;2.0;196.0;84.0;100.0;Celta Vigo;6.0;0.0;2.0;1.7;2;3.0;3 - 1;3.9;Elche;17.0;0.0;1.0;4.75;0;1.0;-0.75;4 - 2;1-1;2.75;1.25;25 - 59;10 - 26;26.0;10.0;66.0;34.0;4.0;0.0;3.0;2.0;;;;;;;;135.0;61.0;59.0;25.0;67.0;33.0;11.0;2.0;4.0;4.0;;[14 30 82 85];[1 1 2 2];[False False False False];['Celta Vigo' 'Celta Vigo' 'Elche' 'Celta Vigo'];[0 1 2 1];[1 2 1 2];['D' 'H' 'H' 'H'];['H' 'H' 'H' 'H'];0.16;0.84;0.0;0.31;0.69;0.0;2821.0;2846.0;rc celta de vigo;elche cf;1.7;1.7;
2026-05-03;193836371;Azerbaijan Premier League;Azerbaijan;09:00;Full;-0.4618395303326811;1.925;2.5;1.875;2.5;4.0;8.0;;4.0;4.0;8.0;183.0;110.0;100.0;Shamakhi FK;8.0;0.0;0.0;5.25;0;0.0;0 - 3;3.7;Sabah;1.0;0.0;3.0;1.533;1;3.0;+1.0;4 - 8;4-4;2.5;1.0;42 - 68;25 - 34;34.0;25.0;65.0;35.0;5.0;3.0;6.0;2.0;;;;;;;;104.0;79.0;68.0;42.0;66.0;34.0;11.0;6.0;12.0;3.0;;[37 77 91];[1 2 2];[False False  True];['Sabah' 'Sabah' 'Sabah'];[ 0 -1 -2];[-1 -2 -3];['D' 'A' 'A'];['A' 'A' 'A'];0.41;0.0;0.59;0.82;0.0;0.18;;;;;;;
2026-05-03;193757956;Switzerland Challenge League;Switzerland;09:00;Full;0.3351363565749149;1.85;3.0;1.95;3.0;3.0;3.0;;2.0;2.0;4.0;169.0;129.0;100.0;Yverdon Sport FC;3.0;0.0;2.0;1.727;2;3.0;3 - 5;4.0;Etoile Carouge;7.0;0.0;2.0;4.1;2;5.0;-0.75;3 - 3;2-2;3.0;1.25;64 - 65;30 - 21;21.0;30.0;50.0;50.0;3.0;6.0;3.0;3.0;;;;;;;;94.0;75.0;65.0;64.0;50.0;50.0;4.0;14.0;9.0;4.0;;[ 6 11 29 42 52 62 76 81];[1 1 1 1 2 2 2 2];[False False False False False False False False];"['Yverdon Sport FC' 'Yverdon Sport FC' 'Etoile Carouge' 'Etoile Carouge'
 'Etoile Carouge' 'Yverdon Sport FC' 'Etoile Carouge' 'Etoile Carouge']";[ 0  1  2  1  0 -1  0 -1];[ 1  2  1  0 -1  0 -1 -2];['D' 'H' 'H' 'H' 'D' 'A' 'D' 'A'];['H' 'H' 'H' 'D' 'A' 'D' 'A' 'A'];0.33;0.4;0.27;0.2;0.8;0.0;2460.0;2497.0;yverdon-sport;etoile carouge fc;;;
2026-05-03;193756169;Sweden 1.div Norra;Sweden;09:00;Full;0.6168542135533884;1.85;2.5, 3.0;1.95;2.5, 3.0;4.0;3.0;;1.0;3.0;4.0;164.0;61.0;100.0;FC Stockholm Internazionale;;0.0;0.0;1.333;0;1.0;1 - 1;4.5;Sollentuna FK;;0.0;1.0;7.5;0;1.0;-1.5;4 - 3;1-3;2.75;1.25;38 - 23;16 - 10;10.0;16.0;53.0;47.0;3.0;2.0;1.0;2.0;;;;;;;;89.0;75.0;23.0;38.0;50.0;50.0;3.0;8.0;3.0;4.0;;[87 93];[2 2];[False  True];['FC Stockholm Internazionale' 'Sollentuna FK'];[0 1];[1 0];['D' 'H'];['H' 'D'];0.94;0.06;0.0;1.0;0.0;0.0;258613.0;21882.0;fc stockholm internazionale;sollentuna fk;1.9;2.0;
2026-05-03;193946867;Norway Division 2 Group 1;Norway;09:00;Full;-0.09474590869939709;1.8;3.0;2.0;3.0;7.0;5.0;;2.0;1.0;3.0;177.0;117.0;100.0;SK Traeff;;0.0;2.0;2.7;1;2.0;2 - 2;3.6;Mjondalen;;0.0;2.0;2.15;1;2.0;+0.25;7 - 5;2-1;3.0;1.25;62 - 55;24 - 20;20.0;24.0;44.0;56.0;3.0;3.0;1.0;3.0;;;;;;;;92.0;85.0;55.0;62.0;48.0;52.0;6.0;8.0;2.0;4.0;;[20 39 59 73];[1 1 2 2];[False False False False];['Mjondalen' 'SK Traeff' 'SK Traeff' 'Mjondalen'];[ 0 -1  0  1];[-1  0  1  0];['D' 'A' 'D' 'H'];['A' 'D' 'H' 'D'];0.63;0.16;0.21;0.58;0.0;0.42;689.0;903.0;sk traeff;mjoendalen if;1.5;1.5;
2026-05-03;193941664;Denmark Danmarksserien Relegation;Denmark;09:00;Full;-0.09157509157509158;1.975;3.5;1.825;3.5;5.0;6.0;;0.0;2.0;2.0;126.0;73.0;100.0;Hvidovre IF 2;;0.0;3.0;2.6;0;1.0;1 - 2;3.9;Næstved IF 2;;0.0;2.0;2.1;1;2.0;+0.25;5 - 6;0-2;3.5;1.5;37 - 36;16 - 20;20.0;16.0;56.0;44.0;3.0;4.0;2.0;1.0;;;;;;;;69.0;57.0;36.0;37.0;51.0;49.0;6.0;9.0;6.0;3.0;;[21 89 93];[1 2 2];[False False  True];['Næstved IF 2' 'Næstved IF 2' 'Hvidovre IF 2'];[ 0 -1 -2];[-1 -2 -1];['D' 'A' 'A'];['A' 'A' 'A'];0.23;0.0;0.77;0.47;0.0;0.53;;;;;;;
2026-05-03;193941662;Denmark Danmarksserien Promotion;Denmark;09:00;Full;0.7000000000000001;1.9;3.5;1.9;3.5;8.0;3.0;;3.0;2.0;5.0;169.0;77.0;100.0;Holstebro;;0.0;1.0;1.2;0;3.0;3 - 0;6.5;Tarup-Paarup;;0.0;3.0;7.5;0;0.0;-2.0;8 - 3;3-2;3.5;1.5;50 - 27;28 - 14;14.0;28.0;43.0;57.0;2.0;2.0;1.0;0.0;;;;;;;;83.0;86.0;27.0;50.0;44.0;56.0;4.0;7.0;4.0;6.0;;[51 71 92];[2 2 2];[False False  True];['Holstebro' 'Holstebro' 'Holstebro'];[0 1 2];[1 2 3];['D' 'H' 'H'];['H' 'H' 'H'];0.55;0.45;0.0;1.0;0.0;0.0;;;;;;;
2026-05-03;193981207;Sweden 2.div Norra Svealand;Sweden;09:00;Full;0.3691950464396285;1.95;3.5;1.85;3.5;5.0;4.0;;4.0;4.0;8.0;128.0;99.0;;Bollstanäs SK;;0.0;2.0;1.615;1;1.0;1 - 3;4.2;IFK Lidingo;;0.0;2.0;4.0;0;3.0;-0.75;5 - 4;4-4;3.5;1.5;53 - 46;25 - 27;27.0;25.0;;;3.0;2.0;1.0;4.0;;;;;;;;67.0;61.0;46.0;53.0;;;5.0;4.0;5.0;9.0;;[12 48 57 64];[1 2 2 2];[False False False False];['Bollstanäs SK' 'IFK Lidingo' 'IFK Lidingo' 'IFK Lidingo'];[ 0  1  0 -1];[ 1  0 -1 -2];['D' 'H' 'D' 'A'];['H' 'D' 'A' 'A'];0.23;0.4;0.37;0.27;0.73;0.0;35625.0;1870.0;bollstanas sk;ifk lidingo fk;1.44;1.4;
2026-05-03;193944121;Hungary NB III;Hungary;09:00;Full;0.765988938225442;1.95;3.5, 4.0;1.85;3.5, 4.0;6.0;6.0;;2.0;3.0;5.0;190.0;109.0;;Monori SE;;0.0;3.0;1.167;2;5.0;5 - 4;6.5;Szegedi VSE;;0.0;6.0;11.0;2;4.0;-2.25;6 - 6;2-3;3.75;1.5;52 - 57;20 - 27;27.0;20.0;;;2.0;3.0;4.0;4.0;;;;;;;;104.0;86.0;57.0;52.0;;;7.0;6.0;7.0;10.0;;[12 22 42 44 56 65 78 82 90];[1 1 1 1 2 2 2 2 2];[False False False False False False False False False];"['Monori SE' 'Szegedi VSE' 'Monori SE' 'Szegedi VSE' 'Szegedi VSE'
 'Monori SE' 'Monori SE' 'Szegedi VSE' 'Monori SE']";[ 0  1  0  1  0 -1  0  1  0];[ 1  0  1  0 -1  0  1  0  1];['D' 'H' 'D' 'H' 'D' 'A' 'D' 'H' 'D'];['H' 'D' 'H' 'D' 'A' 'D' 'H' 'D' 'H'];0.72;0.18;0.1;0.73;0.27;0.0;;;;;;;
2026-05-03;193987842;Switzerland Women Nationalliga B;Switzerland;09:00;Full;-0.45345345345345345;1.85;3.5, 4.0;1.95;3.5, 4.0;2.0;5.0;;0.0;3.0;3.0;166.0;54.0;100.0;FC Solothurn (W);;0.0;2.0;4.5;0;1.0;1 - 2;4.75;Etoile Carouge (W);;0.0;1.0;1.48;1;2.0;+1.25;2 - 5;0-3;3.75;1.75;18 - 36;8 - 18;18.0;8.0;55.0;45.0;4.0;4.0;6.0;2.0;;;;;;;;85.0;81.0;36.0;18.0;55.0;45.0;12.0;5.0;11.0;5.0;;[49 50 86];[1 2 2];[ True False False];['Etoile Carouge (W)' 'FC Solothurn (W)' 'Etoile Carouge (W)'];[ 0 -1  0];[-1  0 -1];['D' 'A' 'D'];['A' 'D' 'A'];0.94;0.0;0.06;1.0;0.0;0.0;;2497.0;;etoile carouge fc;;;Youth-Women
2026-05-03;192946941;Sweden Allsvenskan;Sweden;09:00;Full;0.6251875468867217;1.825;3.0;1.975;3.0;7.0;0.0;;5.0;0.0;5.0;201.0;121.0;100.0;Hammarby;;0.0;1.0;1.333;0;3.0;3 - 0;5.25;Västerås SK FK;;0.0;2.0;8.0;0;0.0;-1.5;7 - 0;5-0;3.0;1.25;97 - 24;55 - 16;16.0;55.0;36.0;64.0;2.0;8.0;0.0;1.0;;;;;;;;78.0;123.0;24.0;97.0;39.0;61.0;5.0;23.0;0.0;8.0;;[67 73 86];[2 2 2];[False False False];['Hammarby' 'Hammarby' 'Hammarby'];[0 1 2];[1 2 3];['D' 'H' 'H'];['H' 'H' 'H'];0.74;0.26;0.0;1.0;0.0;0.0;1758.0;1775.0;hammarby if;vasteraas sk;1.9;1.8;
2026-05-03;192946944;Sweden Allsvenskan;Sweden;09:00;Full;0.0639097744360902;1.825;2.5;1.975;2.5;5.0;2.0;;0.0;2.0;2.0;174.0;101.0;100.0;Malmo FF;;0.0;0.0;2.375;0;2.0;2 - 3;3.5;Mjällby AIF;;0.0;1.0;2.8;1;3.0;0.0;5 - 2;0-2;2.5;1.0;66 - 35;30 - 23;23.0;30.0;49.0;51.0;2.0;8.0;4.0;2.0;;;;;;;;61.0;113.0;35.0;66.0;48.0;52.0;3.0;15.0;6.0;6.0;;[ 2 49 57 70 82];[1 2 2 2 2];[False False False False False];['Mjällby AIF' 'Mjällby AIF' 'Malmo FF' 'Mjällby AIF' 'Malmo FF'];[ 0 -1 -2 -1 -2];[-1 -2 -1 -2 -1];['D' 'A' 'A' 'A' 'A'];['A' 'A' 'A' 'A' 'A'];0.02;0.0;0.98;0.04;0.0;0.96;1892.0;1783.0;malmo ff;mjallby aif;1.8;1.7;
2026-05-03;193915234;Thailand Premier League;Thailand;09:00;Full;0.4144736842105263;2.0;2.5;1.8;2.5;4.0;7.0;;3.0;0.0;3.0;183.0;113.0;100.0;Lamphun Warrior FC;13.0;0.0;1.0;1.6;0;0.0;0 - 0;3.5;Chiangrai Utd;10.0;0.0;3.0;4.75;0;0.0;-0.5;4 - 7;3-0;2.5;1.0;54 - 59;34 - 22;22.0;34.0;46.0;54.0;2.0;6.0;0.0;3.0;;;;;;;;91.0;92.0;59.0;54.0;50.0;50.0;7.0;6.0;0.0;4.0;;[];[];[];[];[];[];[];[];1.0;0.0;0.0;1.0;0.0;0.0;544779.0;66566.0;lamphun warriors fc;chiangrai united;2.0;1.9;
2026-05-03;193926490;Austria Women League 2;Austria;09:00;Full;0.4215287371947474;1.925;3.0, 3.5;1.875;3.0, 3.5;6.0;0.0;;3.0;0.0;3.0;106.0;49.0;100.0;USC Landhaus (W);;0.0;0.0;1.533;1;3.0;3 - 1;4.333;FC Pinzgau Saalfelden (W);;0.0;0.0;4.333;0;1.0;-1.25;6 - 0;3-0;3.25;1.5;34 - 15;18 - 6;6.0;18.0;47.0;53.0;0.0;3.0;0.0;4.0;;;;;;;;46.0;60.0;15.0;34.0;38.0;62.0;2.0;6.0;2.0;9.0;;[24 68 85 89];[1 2 2 2];[False False False False];"['USC Landhaus (W)' 'USC Landhaus (W)' 'USC Landhaus (W)'
 'FC Pinzgau Saalfelden (W)']";[0 1 2 3];[1 2 3 2];['D' 'H' 'H' 'H'];['H' 'H' 'H' 'H'];0.27;0.73;0.0;0.53;0.47;0.0;;;;;;;Women
2026-05-03;193953281;Macau 1st Division;Macau;09:00;Full;0.8222222222222222;1.925;4.5;1.875;4.5;10.0;3.0;;8.0;1.0;9.0;147.0;79.0;100.0;Macau Chiba FC;;0.0;0.0;1.125;3;7.0;7 - 1;8.0;Macau University;;0.0;2.0;15.0;0;1.0;-2.75;10 - 3;8-1;4.5;2.0;51 - 28;29 - 9;9.0;29.0;33.0;67.0;0.0;5.0;0.0;12.0;;;;;;;;66.0;81.0;28.0;51.0;44.0;56.0;3.0;11.0;2.0;20.0;;[13 24 41 50 68 70 74 83];[1 1 1 2 2 2 2 2];[False False False False False False False False];"['Macau Chiba FC' 'Macau Chiba FC' 'Macau Chiba FC' 'Macau University'
 'Macau Chiba FC' 'Macau Chiba FC' 'Macau Chiba FC' 'Macau Chiba FC']";[0 1 2 3 2 3 4 5];[1 2 3 2 3 4 5 6];['D' 'H' 'H' 'H' 'H' 'H' 'H' 'H'];['H' 'H' 'H' 'H' 'H' 'H' 'H' 'H'];0.14;0.86;0.0;0.29;0.71;0.0;;;;;;;
2026-05-03;193952672;Switzerland 1.Liga Classic;Switzerland;09:00;Full;0.48965517241379314;1.85;3.5;1.95;3.5;4.0;3.0;;3.0;2.0;5.0;239.0;120.0;;Servette II;;0.0;0.0;1.45;0;1.0;1 - 1;4.333;FC Monthey;;0.0;5.0;5.0;1;1.0;-1.25;4 - 3;3-2;3.5;1.5;73 - 47;30 - 20;20.0;30.0;;;1.0;1.0;1.0;1.0;;;;;;;;104.0;135.0;47.0;73.0;;;4.0;4.0;4.0;4.0;;[28 57];[1 2];[False False];['FC Monthey' 'Servette II'];[ 0 -1];[-1  0];['D' 'A'];['A' 'D'];0.68;0.0;0.32;0.62;0.0;0.38;2448.0;;servette geneva;;;;Youth
2026-05-03;193914296;Indonesia Super League;Indonesia;09:00;Full;0.5731378299120233;2.025;3.0, 3.5;1.775;3.0, 3.5;7.0;4.0;;4.0;2.0;6.0;171.0;90.0;100.0;Dewa United FC;;0.0;2.0;1.364;1;1.0;1 - 0;4.5;Semen Padang;;0.0;2.0;6.25;0;0.0;-1.5;7 - 4;4-2;3.25;1.25;62 - 28;35 - 15;15.0;35.0;30.0;70.0;0.0;5.0;3.0;3.0;;;;;;;;59.0;112.0;28.0;62.0;33.0;67.0;3.0;6.0;6.0;4.0;;[31];[1];[False];['Dewa United FC'];[0];[1];['D'];['H'];0.34;0.66;0.0;0.69;0.31;0.0;;;;;;;
2026-05-03;193946903;Norway Division 2 Group 1;Norway;09:00;Full;0.16666666666666669;1.825;3.0;1.975;3.0;5.0;6.0;;3.0;3.0;6.0;216.0;116.0;100.0;Vidar;;0.0;2.0;2.0;0;0.0;0 - 5;3.6;Notodden;;0.0;1.0;3.0;4;5.0;-0.25;5 - 6;3-3;3.0;1.25;42 - 74;18 - 29;29.0;18.0;58.0;42.0;3.0;1.0;6.0;1.0;;;;;;;;128.0;88.0;74.0;42.0;54.0;46.0;8.0;3.0;8.0;1.0;;[12 19 30 36 76];[1 1 1 1 2];[False False False False False];['Notodden' 'Notodden' 'Notodden' 'Notodden' 'Notodden'];[ 0 -1 -2 -3 -4];[-1 -2 -3 -4 -5];['D' 'A' 'A' 'A' 'A'];['A' 'A' 'A' 'A' 'A'];0.13;0.0;0.87;0.27;0.0;0.73;709.0;833.0;fk vidar;notodden fk;1.44;1.5;
2026-05-03;193982508;Bosnia & Herzegovina U19 Liga;Bosnia;09:00;Full;0.3498800239952009;1.775;2.5, 3.0;2.025;2.5, 3.0;5.0;1.0;;3.0;0.0;3.0;136.0;70.0;100.0;FK Sarajevo U19;;0.0;1.0;1.667;3;9.0;9 - 0;3.6;Zeljeznicar Banja Luka U19;;1.0;2.0;4.0;0;0.0;-1.0;5 - 1;3-0;2.75;1.25;65 - 5;35 - 1;1.0;35.0;24.0;76.0;0.0;9.0;0.0;8.0;;;;;;;;48.0;88.0;5.0;65.0;25.0;75.0;0.0;17.0;1.0;16.0;;[ 9 25 45 55 57 63 74 81 85];[1 1 1 2 2 2 2 2 2];[False False False False False False False False False];"['FK Sarajevo U19' 'FK Sarajevo U19' 'FK Sarajevo U19' 'FK Sarajevo U19'
 'FK Sarajevo U19' 'FK Sarajevo U19' 'FK Sarajevo U19' 'FK Sarajevo U19'
 'FK Sarajevo U19']";[0 1 2 3 4 5 6 7 8];[1 2 3 4 5 6 7 8 9];['D' 'H' 'H' 'H' 'H' 'H' 'H' 'H' 'H'];['H' 'H' 'H' 'H' 'H' 'H' 'H' 'H' 'H'];0.1;0.9;0.0;0.2;0.8;0.0;;;;;;;Youth
2026-05-03;193866417;Denmark Division 3;Denmark;09:00;Full;0.45614035087719296;1.975;3.0;1.825;3.0;6.0;3.0;;3.0;2.0;5.0;160.0;84.0;100.0;Nykobing;;0.0;1.0;1.5;1;5.0;5 - 1;4.2;Brønshøj;;0.0;4.0;4.75;1;1.0;-1.0;6 - 3;3-2;3.0;1.25;58 - 26;23 - 11;11.0;23.0;54.0;46.0;1.0;5.0;2.0;4.0;;;;;;;;70.0;90.0;26.0;58.0;46.0;54.0;2.0;12.0;3.0;14.0;;[11 26 77 81 84 92];[1 1 2 2 2 2];[False False False False False  True];['Nykobing' 'Brønshøj' 'Nykobing' 'Nykobing' 'Nykobing' 'Nykobing'];[0 1 0 1 2 3];[1 0 1 2 3 4];['D' 'H' 'D' 'H' 'H' 'H'];['H' 'D' 'H' 'H' 'H' 'H'];0.67;0.33;0.0;0.67;0.33;0.0;;;;;;;
2026-05-03;193948509;Türkiye U19 League;Turkey;09:00;Full;0.5507246376811595;1.85;3.0;1.95;3.0;2.0;2.0;;0.0;1.0;1.0;224.0;92.0;100.0;Antalyaspor U19;;0.0;1.0;1.38;3;5.0;5 - 1;4.75;Alanyaspor U19;;0.0;4.0;5.75;0;1.0;-1.25;2 - 2;0-1;3.0;1.25;68 - 24;32 - 7;7.0;32.0;26.0;74.0;1.0;2.0;0.0;4.0;;;;;;;;85.0;139.0;24.0;68.0;30.0;70.0;1.0;10.0;1.0;9.0;;[13 25 34 54 77 93];[1 1 1 2 2 2];[False False False False False  True];"['Antalyaspor U19' 'Antalyaspor U19' 'Antalyaspor U19' 'Antalyaspor U19'
 'Antalyaspor U19' 'Alanyaspor U19']";[0 1 2 3 4 5];[1 2 3 4 5 4];['D' 'H' 'H' 'H' 'H' 'H'];['H' 'H' 'H' 'H' 'H' 'H'];0.14;0.86;0.0;0.29;0.71;0.0;3056.0;6362.0;antalyaspor;alanyaspor;;;Youth
2026-05-03;193936262;Finland Kakkonen Group A;Finland;09:00;Full;0.49252077562326874;1.875;3.5, 4.0;1.925;3.5, 4.0;5.0;9.0;;4.0;5.0;9.0;132.0;101.0;100.0;HIFK;;0.0;2.0;1.444;1;2.0;2 - 1;4.5;Reipas;;0.0;2.0;5.0;0;1.0;-1.25;5 - 9;4-5;3.75;1.5;46 - 55;27 - 22;22.0;27.0;56.0;44.0;6.0;4.0;1.0;2.0;;;;;;;;60.0;72.0;55.0;46.0;55.0;45.0;10.0;5.0;4.0;3.0;;[14 48 70];[1 2 2];[False False False];['HIFK' 'HIFK' 'Reipas'];[0 1 2];[1 2 1];['D' 'H' 'H'];['H' 'H' 'H'];0.16;0.84;0.0;0.31;0.69;0.0;142654.0;66870.0;hifk;lahden reipas;1.4;1.4;
2026-05-03;193880998;Germany Bundesliga Women;Germany;09:00;Full;-0.5303123086344153;1.825;2.5, 3.0;1.975;2.5, 3.0;2.0;9.0;;0.0;6.0;6.0;176.0;73.0;100.0;SGS Essen (W);;0.0;1.0;5.75;0;0.0;0 - 4;4.2;Bayer Leverkusen (W);;0.0;0.0;1.42;2;4.0;+1.25;2 - 9;0-6;2.75;1.25;14 - 59;6 - 34;34.0;6.0;69.0;31.0;7.0;1.0;4.0;1.0;;;;;;;;108.0;68.0;59.0;14.0;67.0;33.0;13.0;3.0;8.0;2.0;;[ 4 41 68 88];[1 1 2 2];[False False False False];"['Bayer Leverkusen (W)' 'Bayer Leverkusen (W)' 'Bayer Leverkusen (W)'
 'Bayer Leverkusen (W)']";[ 0 -1 -2 -3];[-1 -2 -3 -4];['D' 'A' 'A' 'A'];['A' 'A' 'A' 'A'];0.04;0.0;0.96;0.09;0.0;0.91;5551.0;2681.0;sgs essen-schonebeck 19/68;bayer leverkusen;1.83;1.8;Women
2026-05-03;193915210;Vietnam V-League;Vietnam;09:15;Full;0.19696969696969696;1.85;2.5;1.95;2.5;1.0;5.0;;1.0;0.0;1.0;128.0;70.0;100.0;Viettel FC;;1.0;1.0;2.0;1;1.0;1 - 1;3.25;Ninh Binh;;0.0;3.0;3.3;0;1.0;-0.25;1 - 5;1-0;2.5;1.0;27 - 43;18 - 16;16.0;18.0;51.0;49.0;4.0;4.0;4.0;4.0;;;;;;;;64.0;64.0;43.0;27.0;62.0;38.0;8.0;6.0;5.0;4.0;;[30 52];[1 2];[False False];['Viettel FC' 'Ninh Binh'];[0 1];[1 0];['D' 'H'];['H' 'D'];0.76;0.24;0.0;0.67;0.33;0.0;40019.0;330079.0;the cong - viettel fc;ninh binh fc;1.66;1.66;
2026-05-03;144770;Türkiye U19 League;Turkey;09:28;Full;;;3.5;;3.5;3.0;2.0;;3.0;0.0;3.0;122.0;84.0;;BB Erzurumspor U19;;1.0;6.0;;1;1.0;1 - 1;;Eskisehirspor U19;;0.0;1.0;;1;1.0;0.0;3 - 2;3-0;3.5;nan;34 - 50;17 - 20;20.0;17.0;;;0.0;0.0;2.0;1.0;;;;;;;;63.0;59.0;50.0;34.0;;;0.0;1.0;3.0;1.0;;[12 19];[1 1];[False False];['BB Erzurumspor U19' 'Eskisehirspor U19'];[0 1];[1 0];['D' 'H'];['H' 'D'];0.92;0.08;0.0;0.84;0.16;0.0;;;;;;;Youth
2026-05-03;193394409;Paraguay Division Profesional;Paraguay;09:30;Full;-0.2485380116959064;1.975;2.5;1.825;2.5;3.0;2.0;;2.0;0.0;2.0;191.0;59.0;;Deportivo Recoleta;;0.0;1.0;3.6;1;2.0;2 - 1;3.3;Cerro Porteno;;1.0;2.0;1.9;1;1.0;+0.5;3 - 2;2-0;2.5;1.0;33 - 26;22 - 16;16.0;22.0;;;3.0;5.0;1.0;2.0;;;;;;;;101.0;90.0;26.0;33.0;;;5.0;9.0;2.0;3.0;;[14 21 51];[1 1 2];[False False False];['Deportivo Recoleta' 'Cerro Porteno' 'Deportivo Recoleta'];[0 1 0];[1 0 1];['D' 'H' 'D'];['H' 'D' 'H'];0.49;0.51;0.0;0.84;0.16;0.0;463345.0;5991.0;recoleta fc;cerro porteno;;;
2026-05-03;193006015;Netherlands Eredivisie;Netherlands;09:30;Full;0.47619047619047616;2.0;3.0, 3.5;1.8;3.0, 3.5;3.0;3.0;;3.0;2.0;5.0;200.0;80.0;100.0;PEC Zwolle;;0.0;2.0;1.5;1;1.0;1 - 0;5.0;Heracles;;1.0;3.0;5.25;0;0.0;-1.0;3 - 3;3-2;3.25;1.25;39 - 41;18 - 21;21.0;18.0;55.0;45.0;6.0;2.0;0.0;4.0;;;;;;;;105.0;95.0;41.0;39.0;55.0;45.0;10.0;5.0;3.0;7.0;;[19];[1];[False];['PEC Zwolle'];[0];[1];['D'];['H'];0.21;0.79;0.0;0.42;0.58;0.0;2971.0;2977.0;pec zwolle;heracles almelo;1.61;1.61;
2026-05-03;193006007;Netherlands Eredivisie;Netherlands;09:30;Full;-0.4848484848484848;1.8;3.0;2.0;3.0;1.0;8.0;;1.0;3.0;4.0;198.0;95.0;100.0;Fortuna Sittard;;1.0;2.0;5.5;0;1.0;1 - 2;4.75;Feyenoord;;0.0;3.0;1.5;0;2.0;+1.25;1 - 8;1-3;3.0;1.25;25 - 70;15 - 35;35.0;15.0;48.0;52.0;9.0;3.0;2.0;2.0;;;;;;;;105.0;93.0;70.0;25.0;54.0;46.0;12.0;3.0;5.0;4.0;;[51 84 90];[2 2 2];[False False False];['Fortuna Sittard' 'Feyenoord' 'Feyenoord'];[0 1 0];[ 1  0 -1];['D' 'H' 'D'];['H' 'D' 'A'];0.63;0.37;0.0;1.0;0.0;0.0;2957.0;2959.0;fortuna sittard;feyenoord rotterdam;1.61;1.61;
2026-05-03;193947440;Scotland Women FA Cup;Scotland;09:30;Full;0.946483542505328;1.9;5.0;1.9;5.0;7.0;3.0;;5.0;0.0;5.0;139.0;49.0;100.0;Rangers (W);;0.0;1.0;1.03;0;2.0;2 - 0;17.0;Montrose LFC (W);;0.0;2.0;41.0;0;0.0;-4.25;7 - 3;5-0;5.0;2.25;30 - 19;12 - 9;9.0;12.0;50.0;50.0;2.0;5.0;0.0;0.0;;;;;;;;60.0;79.0;19.0;30.0;50.0;50.0;3.0;9.0;2.0;4.0;;[52 93];[2 2];[False  True];['Rangers (W)' 'Rangers (W)'];[0 1];[1 2];['D' 'H'];['H' 'H'];0.56;0.44;0.0;1.0;0.0;0.0;2351.0;;glasgow rangers;;;;Women
2026-05-03;193050872;Poland II Liga;Poland;09:30;Full;0.033375052148518936;1.9;2.5;1.9;2.5;7.0;3.0;;2.0;3.0;5.0;161.0;101.0;100.0;Hutnik Krakow;;0.0;1.0;2.35;0;0.0;0 - 1;3.4;Warta Poznan;;0.0;3.0;2.55;1;1.0;0.0;7 - 3;2-3;2.5;1.0;70 - 31;25 - 17;17.0;25.0;44.0;56.0;1.0;4.0;1.0;0.0;;;;;;;;80.0;81.0;31.0;70.0;41.0;59.0;3.0;14.0;2.0;2.0;;[37];[1];[False];['Warta Poznan'];[0];[-1];['D'];['A'];0.41;0.0;0.59;0.82;0.0;0.18;38719.0;7922.0;ks hutnik krakow ssa;warta poznan;1.8;1.72;Youth
2026-05-03;193394413;Paraguay Division Profesional;Paraguay;09:30;Full;0.32903879559930516;1.975;2.5;1.825;2.5;4.0;0.0;;2.0;0.0;2.0;166.0;73.0;100.0;Olimpia Asuncion;;0.0;2.0;1.727;0;1.0;1 - 1;3.6;Sportivo Ameliano;;0.0;3.0;4.0;1;1.0;-0.5;4 - 0;2-0;2.5;1.0;49 - 24;30 - 10;10.0;30.0;50.0;50.0;2.0;11.0;2.0;4.0;;;;;;;;68.0;98.0;24.0;49.0;50.0;50.0;3.0;18.0;3.0;5.0;;[28 67];[1 2];[False False];['Sportivo Ameliano' 'Olimpia Asuncion'];[ 0 -1];[-1  0];['D' 'A'];['A' 'D'];0.57;0.0;0.43;0.62;0.0;0.38;5997.0;607728.0;club olimpia;sportivo ameliano;;;
2026-05-03;193992726;Bulgaria Premier League Women;Bulgaria;09:30;Full;0.8757419865453107;1.875;4.0, 4.5;1.925;4.0, 4.5;3.0;1.0;;1.0;1.0;2.0;138.0;123.0;;NSA Sofia (W);;0.0;2.0;1.083;0;1.0;1 - 0;12.0;Sevlievo (W);;0.0;3.0;21.0;0;0.0;-3.25;3 - 1;1-1;4.25;1.75;94 - 29;52 - 13;13.0;52.0;;;0.0;1.0;2.0;9.0;;;;;;;;59.0;79.0;29.0;94.0;;;0.0;9.0;2.0;11.0;;[77];[2];[False];['NSA Sofia (W)'];[0];[1];['D'];['H'];0.86;0.14;0.0;1.0;0.0;0.0;;;;;;;Women
2026-05-03;193946873;Norway Toppserien Women;Norway;09:30;Full;0.8860877684407096;1.975;4.0;1.825;4.0;9.0;2.0;;6.0;1.0;7.0;204.0;75.0;100.0;SK Brann (W);;0.0;1.0;1.071;3;6.0;6 - 0;12.0;Honefoss (W);;0.0;1.0;21.0;0;0.0;-2.75;9 - 2;6-1;4.0;1.75;53 - 22;22 - 8;8.0;22.0;25.0;75.0;0.0;7.0;0.0;4.0;;;;;;;;67.0;137.0;22.0;53.0;26.0;74.0;0.0;18.0;0.0;7.0;;[26 42 48 53 60 91];[1 1 1 2 2 2];[False False  True False False  True];"['SK Brann (W)' 'SK Brann (W)' 'SK Brann (W)' 'SK Brann (W)'
 'SK Brann (W)' 'SK Brann (W)']";[0 1 2 3 4 5];[1 2 3 4 5 6];['D' 'H' 'H' 'H' 'H' 'H'];['H' 'H' 'H' 'H' 'H' 'H'];0.29;0.71;0.0;0.54;0.46;0.0;1159.0;678.0;sk brann;hoenefoss bk;;;Women
2026-05-03;193949308;Slovenia 3. SNL;Slovenia;09:30;Full;-0.23751023751023742;1.925;3.0;1.875;3.0;1.0;3.0;;1.0;3.0;4.0;223.0;138.0;;NK Rudar Trbovlje;;1.0;4.0;3.3;1;1.0;1 - 2;3.7;SD Sencur;;1.0;4.0;1.85;0;2.0;+0.5;1 - 3;1-3;3.0;1.25;36 - 102;15 - 53;53.0;15.0;;;4.0;1.0;5.0;2.0;;;;;;;;142.0;81.0;102.0;36.0;;;13.0;6.0;7.0;3.0;;[14 49 68];[1 2 2];[False False False];['NK Rudar Trbovlje' 'SD Sencur' 'SD Sencur'];[0 1 0];[ 1  0 -1];['D' 'H' 'D'];['H' 'D' 'A'];0.37;0.39;0.24;0.31;0.69;0.0;;;;;;;
2026-05-03;193941652;Czechia Div 2 Women;Czech Republic;09:30;Full;0.4102564102564102;1.875;3.5;1.925;3.5;1.0;4.0;;1.0;3.0;4.0;255.0;141.0;100.0;SK Artis Brno (W);;0.0;1.0;1.5;0;2.0;2 - 0;5.0;Sigma Olomouc (W);;0.0;0.0;3.9;0;0.0;-1.0;1 - 4;1-3;3.5;1.5;92 - 49;45 - 22;22.0;45.0;54.0;46.0;3.0;3.0;1.0;3.0;;;;;;;;117.0;138.0;49.0;92.0;55.0;45.0;4.0;6.0;2.0;5.0;;[86 90];[2 2];[False False];['SK Artis Brno (W)' 'SK Artis Brno (W)'];[0 1];[1 2];['D' 'H'];['H' 'H'];0.96;0.04;0.0;1.0;0.0;0.0;35264.0;2207.0;sk artis brno;sk sigma olomouc;;;Women
2026-05-03;193939370;Kenya Cup;Kenya;09:30;Full;0.24615384615384622;1.775;1.5, 2.0;2.025;1.5, 2.0;10.0;3.0;;3.0;2.0;5.0;188.0;118.0;100.0;Nairobi United;;0.0;0.0;1.95;0;0.0;0 - 1;2.9;KCB;;0.0;2.0;3.75;1;1.0;-0.5;10 - 3;3-2;1.75;0.75;64 - 54;24 - 34;34.0;24.0;52.0;48.0;2.0;4.0;4.0;0.0;;;;;;;;80.0;108.0;54.0;64.0;41.0;59.0;3.0;8.0;5.0;3.0;;[34];[1];[False];['KCB'];[0];[-1];['D'];['A'];0.38;0.0;0.62;0.76;0.0;0.24;;;;;;;
2026-05-03;192496993;Poland I Liga;Poland;09:30;Full;0.3955342902711324;1.775;2.0, 2.5;2.025;2.0, 2.5;7.0;3.0;;5.0;1.0;6.0;198.0;130.0;100.0;Ruch Chorzow;;1.0;2.0;1.65;1;2.0;2 - 0;3.4;Odra Opole;;0.0;2.0;4.75;0;0.0;-0.5;7 - 3;5-1;2.25;1.0;73 - 57;44 - 24;24.0;44.0;44.0;56.0;3.0;4.0;0.0;1.0;;;;;;;;88.0;110.0;57.0;73.0;51.0;49.0;4.0;8.0;1.0;3.0;;[16 85];[1 2];[False False];['Ruch Chorzow' 'Ruch Chorzow'];[0 1];[1 2];['D' 'H'];['H' 'H'];0.18;0.82;0.0;0.36;0.64;0.0;3105.0;7916.0;ruch chorzow;odra opole;1.9;2.0;
2026-05-03;193758234;Ukraine Vyscha Liga;Ukraine;09:30;Full;-0.12121212121212122;2.05;2.0;1.75;2.0;7.0;4.0;;1.0;2.0;3.0;209.0;108.0;;FC Metalist 1925;6.0;0.0;0.0;3.0;0;0.0;0 - 1;3.0;Polissya Zhytomyr;3.0;0.0;1.0;2.2;1;1.0;+0.25;7 - 4;1-2;2.0;nan;65 - 43;27 - 24;24.0;27.0;;;3.0;1.0;1.0;0.0;;;;;;;;88.0;121.0;43.0;65.0;;;6.0;3.0;3.0;0.0;;[20];[1];[False];['Polissya Zhytomyr'];[0];[-1];['D'];['A'];0.22;0.0;0.78;0.44;0.0;0.56;373230.0;350828.0;fc metalist 1925 kharkiv;fc polissya zhytomyr;2.2;2.37;
2026-05-03;193952677;Switzerland 1.Liga Classic;Switzerland;09:30;Full;-0.16499442586399116;1.975;3.0, 3.5;1.825;3.0, 3.5;6.0;4.0;;3.0;3.0;6.0;175.0;84.0;;Winterthur II;;0.0;1.0;2.875;4;5.0;5 - 0;3.9;FC Wettswill-Bonsetetten;;0.0;0.0;1.95;0;0.0;+0.25;6 - 4;3-3;3.25;1.25;50 - 34;33 - 16;16.0;33.0;;;5.0;10.0;1.0;10.0;;;;;;;;77.0;98.0;34.0;50.0;;;7.0;15.0;1.0;13.0;;[10 25 33 46 67];[1 1 1 1 2];[False False False  True False];"['Winterthur II' 'Winterthur II' 'Winterthur II' 'Winterthur II'
 'Winterthur II']";[0 1 2 3 4];[1 2 3 4 5];['D' 'H' 'H' 'H' 'H'];['H' 'H' 'H' 'H' 'H'];0.11;0.89;0.0;0.22;0.78;0.0;2458.0;;fc winterthur;;;;Youth
2026-05-03;193189528;Austria Bundesliga;Austria;09:30;Full;0.3016512980187085;2.025;2.5;1.775;2.5;6.0;2.0;;4.0;0.0;4.0;197.0;84.0;100.0;FK Austria Vienna;;0.0;1.0;1.833;0;1.0;1 - 0;3.7;Hartberg;;0.0;0.0;4.1;0;0.0;-0.5;6 - 2;4-0;2.5;1.0;49 - 35;26 - 17;17.0;26.0;52.0;48.0;2.0;5.0;1.0;1.0;;;;;;;;105.0;92.0;35.0;49.0;52.0;48.0;5.0;8.0;1.0;3.0;;[69];[2];[False];['FK Austria Vienna'];[0];[1];['D'];['H'];0.77;0.23;0.0;1.0;0.0;0.0;2203.0;2075.0;fk austria wien;tsv hartberg;1.7;1.95;
2026-05-03;193332840;Uruguay Apertura;Uruguay;09:30;Full;0.03779289493575205;2.025;2.0, 2.5;1.775;2.0, 2.5;5.0;3.0;;3.0;2.0;5.0;131.0;81.0;100.0;Club Atletico Progreso;;0.0;3.0;2.45;0;0.0;0 - 1;3.0;Cerro Largo;;0.0;3.0;2.7;0;1.0;0.0;5 - 3;3-2;2.25;0.75;53 - 28;29 - 13;13.0;29.0;45.0;55.0;2.0;11.0;2.0;1.0;;;;;;;;60.0;71.0;28.0;53.0;43.0;57.0;6.0;18.0;3.0;4.0;;[56];[2];[False];['Cerro Largo'];[0];[-1];['D'];['A'];0.62;0.0;0.38;1.0;0.0;0.0;3238.0;25009.0;ca progreso;cerro largo fc;2.0;1.9;
2026-05-03;193953581;Malawi Super League;Malawi;09:30;Full;-0.3777089783281734;1.85;2.0;1.95;2.0;6.0;5.0;;3.0;2.0;5.0;200.0;149.0;;Creck SC;;0.0;1.0;4.75;0;1.0;1 - 2;3.2;Mighty Wanderers;;0.0;2.0;1.7;1;2.0;+0.75;6 - 5;3-2;2.0;0.75;90 - 59;38 - 31;31.0;38.0;;;1.0;1.0;5.0;2.0;;;;;;;;103.0;97.0;59.0;90.0;;;2.0;5.0;8.0;4.0;;[39 73 81];[1 2 2];[False False False];['Mighty Wanderers' 'Creck SC' 'Mighty Wanderers'];[ 0 -1  0];[-1  0 -1];['D' 'A' 'D'];['A' 'D' 'A'];0.52;0.0;0.48;0.87;0.0;0.13;;;;;;;
2026-05-03;193953584;Malawi Super League;Malawi;09:30;Full;0.32903879559930516;1.95;2.0;1.85;2.0;5.0;3.0;;3.0;2.0;5.0;337.0;296.0;;Karonga United;;0.0;0.0;1.727;1;1.0;1 - 2;3.4;Masters Security;;0.0;2.0;4.0;1;2.0;-0.75;5 - 3;3-2;2.0;0.75;172 - 124;69 - 68;68.0;69.0;;;3.0;2.0;2.0;1.0;;;;;;;;157.0;180.0;124.0;172.0;;;6.0;6.0;4.0;3.0;;[17 33 55];[1 1 2];[False False False];['Karonga United' 'Masters Security' 'Masters Security'];[0 1 0];[ 1  0 -1];['D' 'H' 'D'];['H' 'D' 'A'];0.43;0.18;0.39;0.64;0.36;0.0;;;;;;;
2026-05-03;192942570;Norway Eliteserien;Norway;09:30;Full;0.31501831501831495;1.975;3.0, 3.5;1.825;3.0, 3.5;3.0;3.0;;2.0;0.0;2.0;172.0;87.0;100.0;Lillestrom;;0.0;1.0;1.75;2;4.0;4 - 0;4.1;Sarpsborg;;0.0;4.0;3.9;0;0.0;-0.75;3 - 3;2-0;3.25;1.25;47 - 40;31 - 15;15.0;31.0;44.0;56.0;4.0;1.0;0.0;2.0;;;;;;;;82.0;90.0;40.0;47.0;51.0;49.0;11.0;7.0;1.0;4.0;;[ 4 11 76 90];[1 1 2 2];[False False False False];['Lillestrom' 'Lillestrom' 'Lillestrom' 'Lillestrom'];[0 1 2 3];[1 2 3 4];['D' 'H' 'H' 'H'];['H' 'H' 'H' 'H'];0.04;0.96;0.0;0.09;0.91;0.0;664.0;822.0;lillestroem sk;sarpsborg 08;1.5;1.5;
2026-05-03;193992735;Malawi Super League;Malawi;09:30;Full;0.5817805383022776;1.8;2.0, 2.5;2.0;2.0, 2.5;5.0;1.0;;2.0;0.0;2.0;175.0;75.0;;Nyasa Big Bullets FC;;0.0;0.0;1.38;0;1.0;1 - 0;3.9;Mafco;;0.0;1.0;7.0;0;0.0;-1.25;5 - 1;2-0;2.25;1.0;43 - 32;16 - 10;10.0;16.0;;;0.0;3.0;0.0;1.0;;;;;;;;92.0;83.0;32.0;43.0;;;2.0;5.0;0.0;2.0;;[47];[2];[False];['Nyasa Big Bullets FC'];[0];[1];['D'];['H'];0.52;0.48;0.0;1.0;0.0;0.0;;;;;;;
2026-05-03;193953586;Malawi Super League;Malawi;09:30;Full;-0.1014492753623189;2.0;2.0;1.8;2.0;4.0;0.0;;0.0;0.0;0.0;266.0;162.0;;Dedza Dynamos;;0.0;0.0;3.0;0;0.0;0 - 1;2.9;Civil Service Utd;;0.0;3.0;2.3;1;1.0;+0.25;4 - 0;0-0;2.0;0.75;107 - 55;50 - 22;22.0;50.0;;;2.0;2.0;1.0;3.0;;;;;;;;119.0;147.0;55.0;107.0;;;3.0;7.0;1.0;7.0;;[36];[1];[False];['Civil Service Utd'];[0];[-1];['D'];['A'];0.4;0.0;0.6;0.8;0.0;0.2;;;;;;;
2026-05-03;193949260;Slovakia 3. Liga;Slovakia;09:30;Full;0.45614035087719296;1.8;2.5, 3.0;2.0;2.5, 3.0;7.0;3.0;;3.0;2.0;5.0;224.0;146.0;100.0;FK Podkonice;;0.0;2.0;1.5;0;1.0;1 - 2;4.1;SK Novohrad Lucenec;;0.0;3.0;4.75;0;2.0;-1.0;7 - 3;3-2;2.75;1.25;88 - 58;38 - 31;31.0;38.0;51.0;49.0;2.0;7.0;1.0;0.0;;;;;;;;107.0;117.0;58.0;88.0;46.0;54.0;3.0;15.0;3.0;5.0;;[73 80 88];[2 2 2];[False False False];['SK Novohrad Lucenec' 'FK Podkonice' 'SK Novohrad Lucenec'];[ 0 -1  0];[-1  0 -1];['D' 'A' 'D'];['A' 'D' 'A'];0.9;0.0;0.1;1.0;0.0;0.0;;;;;;;
2026-05-03;192785626;Poland Ekstraklasa;Poland;09:45;Full;-0.03501400560224094;1.95;2.0;1.85;2.0;5.0;11.0;;5.0;4.0;9.0;173.0;131.0;100.0;Zaglebie Lubin;7.0;1.0;2.0;2.8;0;0.0;0 - 0;2.8;Cracovia Krakow;15.0;0.0;2.0;2.55;0;0.0;0.0;5 - 11;5-4;2.0;0.75;46 - 85;27 - 34;34.0;27.0;60.0;40.0;8.0;10.0;0.0;2.0;;;;;;;;96.0;77.0;85.0;46.0;67.0;33.0;16.0;13.0;2.0;2.0;;[];[];[];[];[];[];[];[];1.0;0.0;0.0;1.0;0.0;0.0;3113.0;4901.0;zaglebie lubin;mks cracovia krakow;1.9;2.2;
2026-05-03;339372;Paraguay Tercera Division;Paraguay;09:58;Full;;;2.5;;2.5;6.0;2.0;;2.0;2.0;4.0;207.0;150.0;100.0;Atletico Colegiales;;1.0;5.0;;0;0.0;0 - 2;;3 de Febrero FBC;;0.0;2.0;;2;2.0;+0.25;6 - 2;2-2;2.5;nan;97 - 53;39 - 26;26.0;39.0;51.0;49.0;2.0;3.0;3.0;0.0;;;;;;;;97.0;110.0;53.0;97.0;48.0;52.0;7.0;5.0;3.0;3.0;;[21 47];[1 1];[False  True];['3 de Febrero FBC' '3 de Febrero FBC'];[ 0 -1];[-1 -2];['D' 'A'];['A' 'A'];0.23;0.0;0.77;0.45;0.0;0.55;;;;;;;
2026-05-03;182077;Belgium Second Amateur Division Play-Offs;Belgium;09:58;Full;;;3;;3;5.0;9.0;;2.0;4.0;6.0;133.0;77.0;100.0;KLSK Londerzeel;;0.0;4.0;;0;1.0;1 - 1;;Antwerp II;;1.0;2.0;;1;1.0;0.0;5 - 9;2-4;3;nan;32 - 45;7 - 30;30.0;7.0;66.0;34.0;4.0;1.0;5.0;2.0;;;;;;;;75.0;58.0;45.0;32.0;55.0;45.0;5.0;3.0;6.0;7.0;;[21 80];[1 2];[False False];['Antwerp II' 'KLSK Londerzeel'];[ 0 -1];[-1  0];['D' 'A'];['A' 'D'];0.34;0.0;0.66;0.47;0.0;0.53;;2889.0;;royal antwerp fc;;;Youth
2026-05-03;193984290;Malaysia Super League;Malaysia;10:00;Full;0.1679929266136163;1.825;3.0, 3.5;1.975;3.0, 3.5;8.0;2.0;;4.0;2.0;6.0;141.0;79.0;100.0;Imigresen FC;;0.0;1.0;1.95;1;3.0;3 - 1;3.75;DPMM FC;;0.0;2.0;2.9;1;1.0;-0.5;8 - 2;4-2;3.25;1.25;52 - 27;28 - 16;16.0;28.0;49.0;51.0;2.0;7.0;1.0;1.0;;;;;;;;62.0;79.0;27.0;52.0;40.0;60.0;4.0;13.0;1.0;4.0;;[10 13 51 89];[1 1 2 2];[False False False False];['DPMM FC' 'Imigresen FC' 'Imigresen FC' 'Imigresen FC'];[ 0 -1  0  1];[-1  0  1  2];['D' 'A' 'D' 'H'];['A' 'D' 'H' 'H'];0.53;0.43;0.03;0.93;0.0;0.07;;;;;;;
2026-05-03;193951982;Croatia First League Women;Croatia;10:00;Full;0.30115830115830117;1.9;3.0;1.9;3.0;4.0;3.0;;1.0;1.0;2.0;249.0;121.0;;ZNK Hajduk Split (W);;0.0;1.0;1.75;0;1.0;1 - 0;3.6;Dinamo Maksimir (W);;0.0;0.0;3.7;0;0.0;-0.5;4 - 3;1-1;3.0;1.25;72 - 49;31 - 19;19.0;31.0;;;2.0;5.0;3.0;4.0;;;;;;;;117.0;132.0;49.0;72.0;;;6.0;8.0;3.0;5.0;;[50];[2];[False];['ZNK Hajduk Split (W)'];[0];[1];['D'];['H'];0.56;0.44;0.0;1.0;0.0;0.0;;;;;;;Women
2026-05-03;193936264;Finland U21 League;Finland;10:00;Full;-0.36987057076172297;1.9;3.0, 3.5;1.9;3.0, 3.5;4.0;3.0;;1.0;0.0;1.0;270.0;169.0;;FC Kontu U21;;0.0;4.0;3.75;0;2.0;2 - 8;4.75;Valtti U21;;0.0;0.0;1.571;4;8.0;+1.0;4 - 3;1-0;3.25;1.25;83 - 86;45 - 31;31.0;45.0;;;5.0;0.0;4.0;0.0;;;;;;;;130.0;140.0;86.0;83.0;;;9.0;1.0;8.0;4.0;;[ 6 31 34 40 49 52 55 68 76 80];[1 1 1 1 2 2 2 2 2 2];[False False False False False False False False False False];"['Valtti U21' 'Valtti U21' 'Valtti U21' 'Valtti U21' 'FC Kontu U21'
 'Valtti U21' 'Valtti U21' 'FC Kontu U21' 'Valtti U21' 'Valtti U21']";[ 0 -1 -2 -3 -4 -3 -4 -5 -4 -5];[-1 -2 -3 -4 -3 -4 -5 -4 -5 -6];['D' 'A' 'A' 'A' 'A' 'A' 'A' 'A' 'A' 'A'];['A' 'A' 'A' 'A' 'A' 'A' 'A' 'A' 'A' 'A'];0.07;0.0;0.93;0.13;0.0;0.87;;;;;;;Youth
2026-05-03;193951984;Croatia First League Women;Croatia;10:00;Full;-0.6624015748031495;1.8;3.5;2.0;3.5;3.0;5.0;;2.0;4.0;6.0;141.0;101.0;;NK Medimurje Cakovec (W);;0.0;2.0;8.0;0;0.0;0 - 5;5.0;ZNK Agram (W);;0.0;2.0;1.27;2;5.0;+1.75;3 - 5;2-4;3.5;1.5;45 - 56;17 - 29;29.0;17.0;;;5.0;1.0;3.0;2.0;;;;;;;;63.0;78.0;56.0;45.0;;;8.0;6.0;6.0;4.0;;[17 44 53 74 76];[1 1 2 2 2];[False False False False False];"['ZNK Agram (W)' 'ZNK Agram (W)' 'ZNK Agram (W)' 'ZNK Agram (W)'
 'ZNK Agram (W)']";[ 0 -1 -2 -3 -4];[-1 -2 -3 -4 -5];['D' 'A' 'A' 'A' 'A'];['A' 'A' 'A' 'A' 'A'];0.19;0.0;0.81;0.38;0.0;0.62;;;;;;;Women
2026-05-03;193005708;France Ligue 1;France;10:00;Full;0.580952380952381;1.875;2.5;1.975;2.5;14.0;5.0;;6.0;2.0;8.0;196.0;124.0;100.0;Lille;4.0;0.0;2.0;1.4;1;1.0;1 - 1;4.75;Le Havre;14.0;0.0;3.0;7.5;1;1.0;-1.25;14 - 5;6-2;2.5;1.0;92 - 32;37 - 18;18.0;37.0;39.0;61.0;1.0;8.0;2.0;4.0;;;;;;;;64.0;132.0;32.0;92.0;34.0;66.0;1.0;14.0;2.0;9.0;;[29 33];[1 1];[False False];['Lille' 'Le Havre'];[0 1];[1 0];['D' 'H'];['H' 'D'];0.96;0.04;0.0;0.91;0.09;0.0;1643.0;1662.0;lille osc;le havre ac;2.05;2.05;
2026-05-03;193880985;France U19 League;France;10:00;Full;0.04262574595055413;1.95;2.5, 3.0;1.85;2.5, 3.0;7.0;3.0;;5.0;3.0;8.0;217.0;140.0;100.0;C'Chartres U19;;0.0;0.0;2.3;1;3.0;3 - 1;3.5;Paris FC U19;;0.0;0.0;2.55;0;1.0;0.0;7 - 3;5-3;2.75;1.0;68 - 72;32 - 41;41.0;32.0;51.0;49.0;3.0;7.0;1.0;4.0;;;;;;;;129.0;88.0;72.0;68.0;55.0;45.0;5.0;9.0;3.0;10.0;;[ 2 49 86 90];[1 2 2 2];[False False False False];"[""C'Chartres U19"" 'Paris FC U19' ""C'Chartres U19"" ""C'Chartres U19""]";[0 1 0 1];[1 0 1 2];['D' 'H' 'D' 'H'];['H' 'D' 'H' 'H'];0.43;0.57;0.0;0.04;0.96;0.0;;6070.0;;paris fc;;;Youth
2026-05-03;193113231;South Africa Premier;South Africa;10:00;Full;0.6964924838940586;1.95;2.0, 2.5;1.85;2.0, 2.5;2.0;5.0;;1.0;3.0;4.0;208.0;127.0;100.0;Mamelodi Sundowns;;0.0;0.0;1.27;1;3.0;3 - 0;4.5;Polokwane City;;0.0;2.0;11.0;0;0.0;-1.5;2 - 5;1-3;2.25;1.0;82 - 45;49 - 16;16.0;49.0;26.0;74.0;2.0;3.0;0.0;2.0;;;;;;;;73.0;135.0;45.0;82.0;29.0;71.0;4.0;8.0;1.0;5.0;;[33 56 85];[1 2 2];[False False False];['Mamelodi Sundowns' 'Mamelodi Sundowns' 'Mamelodi Sundowns'];[0 1 2];[1 2 3];['D' 'H' 'H'];['H' 'H' 'H'];0.37;0.63;0.0;0.73;0.27;0.0;7665.0;25002.0;mamelodi sundowns;polokwane city;2.75;3.0;
2026-05-03;193939671;Kosovo Superliga;Kosovo;10:00;Full;0.28239584230625664;1.9;2.0, 2.5;1.9;2.0, 2.5;5.0;5.0;;3.0;4.0;7.0;387.0;178.0;100.0;KF Gjilani;;0.0;4.0;1.833;0;1.0;1 - 1;3.25;FC Ferizaj;;0.0;10.0;3.8;0;1.0;-0.5;5 - 5;3-4;2.25;1.0;105 - 73;44 - 41;41.0;44.0;50.0;50.0;1.0;4.0;0.0;1.0;;;;;;;;185.0;202.0;73.0;105.0;50.0;50.0;2.0;7.0;2.0;3.0;;[ 82 103];[2 2];[False  True];['KF Gjilani' 'FC Ferizaj'];[0 1];[1 0];['D' 'H'];['H' 'D'];0.8;0.2;0.0;1.0;0.0;0.0;;;;;;;
2026-05-03;193880989;France U19 League;France;10:00;Full;0.2698412698412699;1.825;2.5, 3.0;1.975;2.5, 3.0;2.0;1.0;;1.0;0.0;1.0;153.0;117.0;100.0;AAS Sarcelles U19;;0.0;2.0;1.8;3;3.0;3 - 0;3.7;US Orleans U19;;0.0;0.0;3.5;0;0.0;-0.5;2 - 1;1-0;2.75;1.25;52 - 65;33 - 23;23.0;33.0;45.0;55.0;1.0;0.0;1.0;3.0;;;;;;;;82.0;71.0;65.0;52.0;51.0;49.0;7.0;2.0;2.0;3.0;;[ 4 27 39];[1 1 1];[False False False];['AAS Sarcelles U19' 'AAS Sarcelles U19' 'AAS Sarcelles U19'];[0 1 2];[1 2 3];['D' 'H' 'H'];['H' 'H' 'H'];0.04;0.96;0.0;0.09;0.91;0.0;;6921.0;;us orleans;;;Youth
2026-05-03;193880980;France U19 League;France;10:00;Full;-0.19023986765922257;1.975;3.0, 3.5;1.825;3.0, 3.5;9.0;3.0;;6.0;3.0;9.0;151.0;103.0;100.0;FC 93 Bobigny U19;;1.0;3.0;3.1;1;1.0;1 - 1;3.6;Clermont Foot U19;;0.0;1.0;1.95;1;1.0;+0.5;9 - 3;6-3;3.25;1.25;53 - 50;31 - 20;20.0;31.0;60.0;40.0;4.0;4.0;2.0;1.0;;;;;;;;83.0;68.0;50.0;53.0;58.0;42.0;6.0;5.0;2.0;1.0;;[ 9 33];[1 1];[False False];['FC 93 Bobigny U19' 'Clermont Foot U19'];[0 1];[1 0];['D' 'H'];['H' 'D'];0.73;0.27;0.0;0.47;0.53;0.0;;1680.0;;clermont foot 63;;;Youth
2026-05-03;193938272;France U19 League;France;10:00;Full;-0.34346976758494446;1.9;3.0;1.9;3.0;1.0;5.0;;1.0;3.0;4.0;127.0;85.0;;ASPTT Dijon U19;;0.0;4.0;3.9;0;0.0;0 - 3;3.8;Strasbourg U19;;0.0;1.0;1.667;2;3.0;+0.75;1 - 5;1-3;3.0;1.25;40 - 45;21 - 24;24.0;21.0;;;5.0;1.0;4.0;0.0;;;;;;;;66.0;61.0;45.0;40.0;;;10.0;5.0;5.0;0.0;;[ 3 33 93];[1 1 2];[False False  True];['Strasbourg U19' 'Strasbourg U19' 'Strasbourg U19'];[ 0 -1 -2];[-1 -2 -3];['D' 'A' 'A'];['A' 'A' 'A'];0.03;0.0;0.97;0.07;0.0;0.93;;1659.0;;strasbourg alsace;;;Youth
2026-05-03;193965224;France U19 League;France;10:00;Full;-0.09523809523809523;1.9;3.0, 3.5;1.9;3.0, 3.5;4.0;9.0;;0.0;3.0;3.0;200.0;138.0;;Schiltigheim U19;;0.0;1.0;2.625;1;1.0;1 - 3;3.9;Dijon U19;;0.0;1.0;2.1;1;3.0;+0.25;4 - 9;0-3;3.25;1.25;58 - 80;33 - 36;36.0;33.0;;;8.0;3.0;4.0;4.0;;;;;;;;102.0;98.0;80.0;58.0;;;14.0;11.0;10.0;5.0;;[ 4 33 63 88];[1 1 2 2];[False False False False];['Schiltigheim U19' 'Dijon U19' 'Dijon U19' 'Dijon U19'];[ 0  1  0 -1];[ 1  0 -1 -2];['D' 'H' 'D' 'A'];['H' 'D' 'A' 'A'];0.38;0.32;0.3;0.36;0.64;0.0;;477222.0;;dijon fco;;;Youth
2026-05-03;193941077;Iraq Premier League;Iraq;10:00;Full;0.13194444444444442;1.8;1.5, 2.0;2.0;1.5, 2.0;6.0;2.0;;1.0;1.0;2.0;141.0;108.0;;Al-Hashd Al-Shaabi SC;;0.0;2.0;2.25;0;1.0;1 - 5;2.8;Kadhimiya SC;;0.0;2.0;3.2;3;5.0;-0.25;6 - 2;1-1;1.75;0.75;57 - 51;18 - 27;27.0;18.0;;;3.0;2.0;5.0;1.0;;;;;;;;69.0;72.0;51.0;57.0;;;3.0;5.0;9.0;3.0;;[15 26 34 63 65 74];[1 1 1 2 2 2];[False False False False False False];"['Kadhimiya SC' 'Kadhimiya SC' 'Kadhimiya SC' 'Al-Hashd Al-Shaabi SC'
 'Kadhimiya SC' 'Kadhimiya SC']";[ 0 -1 -2 -3 -2 -3];[-1 -2 -3 -2 -3 -4];['D' 'A' 'A' 'A' 'A' 'A'];['A' 'A' 'A' 'A' 'A' 'A'];0.17;0.0;0.83;0.33;0.0;0.67;;;;;;;
2026-05-03;193930709;Belgium First Amateur Division;Belgium;10:00;Full;-0.5107025938050869;2.0;2.5, 3.0;1.8;2.5, 3.0;1.0;3.0;;1.0;2.0;3.0;199.0;62.0;100.0;RSC Habay;;0.0;2.0;5.5;0;0.0;0 - 1;4.2;RAEC Mons;;0.0;3.0;1.444;0;1.0;+1.25;1 - 3;1-2;2.75;1.0;26 - 36;10 - 20;20.0;10.0;53.0;47.0;2.0;0.0;1.0;2.0;;;;;;;;100.0;99.0;36.0;26.0;52.0;48.0;4.0;3.0;4.0;2.0;;[51];[2];[False];['RAEC Mons'];[0];[-1];['D'];['A'];0.57;0.0;0.43;1.0;0.0;0.0;;;;;;;
2026-05-03;193938383;France U19 League;France;10:00;Full;0.5137491616364857;1.975;3.5;1.825;3.5;6.0;2.0;;4.0;0.0;4.0;181.0;101.0;;Guingamp U19;;0.0;1.0;1.42;2;5.0;5 - 1;4.5;Stade Poitevin U19;;0.0;1.0;5.25;1;1.0;-1.25;6 - 2;4-0;3.5;1.5;63 - 38;29 - 16;16.0;29.0;;;2.0;2.0;2.0;5.0;;;;;;;;88.0;93.0;38.0;63.0;;;5.0;9.0;4.0;8.0;;[ 2 10 27 58 61 77];[1 1 1 2 2 2];[False False False False False False];"['Guingamp U19' 'Guingamp U19' 'Stade Poitevin U19' 'Guingamp U19'
 'Guingamp U19' 'Guingamp U19']";[0 1 2 1 2 3];[1 2 1 2 3 4];['D' 'H' 'H' 'H' 'H' 'H'];['H' 'H' 'H' 'H' 'H' 'H'];0.02;0.98;0.0;0.04;0.96;0.0;1654.0;;ea guingamp;;;;Youth
2026-05-03;193938289;France U19 League;France;10:00;Full;0.3382352941176471;1.875;2.5, 3.0;1.925;2.5, 3.0;3.0;4.0;;3.0;1.0;4.0;110.0;68.0;100.0;Reims U19;;0.0;0.0;1.7;1;1.0;1 - 2;3.6;Montfermeil FC U19;;0.0;0.0;4.0;0;2.0;-0.75;3 - 4;3-1;2.75;1.25;35 - 33;20 - 10;10.0;20.0;28.0;72.0;3.0;5.0;1.0;1.0;;;;;;;;45.0;65.0;33.0;35.0;37.0;63.0;6.0;5.0;5.0;3.0;;[36 75 94];[1 2 2];[False False  True];['Reims U19' 'Montfermeil FC U19' 'Montfermeil FC U19'];[0 1 0];[ 1  0 -1];['D' 'H' 'D'];['H' 'D' 'A'];0.59;0.41;0.0;0.8;0.2;0.0;1682.0;;stade reims;;;;Youth
2026-05-03;193830051;Belgium First Amateur Division;Belgium;10:00;Full;-0.5664711632453567;1.825;3.0;1.975;3.0;2.0;4.0;;1.0;3.0;4.0;132.0;60.0;100.0;Union Rochefortoise;;0.0;1.0;6.0;0;3.0;3 - 5;4.75;Excelsior Virton;;0.0;1.0;1.364;3;5.0;+1.5;2 - 4;1-3;3.0;1.25;29 - 31;8 - 15;15.0;8.0;55.0;45.0;4.0;2.0;4.0;2.0;;;;;;;;68.0;64.0;31.0;29.0;53.0;47.0;7.0;7.0;9.0;5.0;;[ 7 34 38 49 58 68 70 92];[1 1 1 2 2 2 2 2];[False False False False False False False  True];"['Excelsior Virton' 'Excelsior Virton' 'Excelsior Virton'
 'Union Rochefortoise' 'Excelsior Virton' 'Union Rochefortoise'
 'Excelsior Virton' 'Union Rochefortoise']";[ 0 -1 -2 -3 -2 -3 -2 -3];[-1 -2 -3 -2 -3 -2 -3 -2];['D' 'A' 'A' 'A' 'A' 'A' 'A' 'A'];['A' 'A' 'A' 'A' 'A' 'A' 'A' 'A'];0.08;0.0;0.92;0.16;0.0;0.84;;;;;;;
2026-05-03;192947594;Sweden Superettan;Sweden;10:00;Full;0.09740259740259738;1.925;2.5, 3.0;1.875;2.5, 3.0;7.0;9.0;;1.0;4.0;5.0;177.0;86.0;100.0;Helsingborg;1.0;0.0;2.0;2.2;1;2.0;2 - 0;3.3;IK Brage;1.0;0.0;0.0;2.8;0;0.0;0.0;7 - 9;1-4;2.75;1.25;30 - 56;8 - 28;28.0;8.0;63.0;37.0;5.0;1.0;0.0;1.0;;;;;;;;92.0;85.0;56.0;30.0;59.0;41.0;7.0;4.0;2.0;3.0;;[21 51];[1 2];[False False];['Helsingborg' 'Helsingborg'];[0 1];[1 2];['D' 'H'];['H' 'H'];0.23;0.77;0.0;0.47;0.53;0.0;1890.0;1777.0;helsingborgs if;ik brage;1.61;1.61;
2026-05-03;193938388;France U19 League;France;10:00;Full;0.7130674476699113;1.85;3.0, 3.5;1.95;3.0, 3.5;6.0;2.0;;4.0;1.0;5.0;186.0;130.0;;Angers U19;;0.0;1.0;1.222;0;6.0;6 - 0;6.25;Vertou U19;;1.0;2.0;9.5;0;0.0;-2.0;6 - 2;4-1;3.25;1.25;100 - 30;48 - 15;15.0;48.0;;;0.0;4.0;2.0;1.0;;;;;;;;78.0;108.0;30.0;100.0;;;1.0;11.0;4.0;9.0;;[51 53 55 65 78 89];[2 2 2 2 2 2];[False False False False False False];"['Angers U19' 'Angers U19' 'Angers U19' 'Angers U19' 'Angers U19'
 'Angers U19']";[0 1 2 3 4 5];[1 2 3 4 5 6];['D' 'H' 'H' 'H' 'H' 'H'];['H' 'H' 'H' 'H' 'H' 'H'];0.57;0.43;0.0;1.0;0.0;0.0;1684.0;;angers sco;;;;Youth
2026-05-03;193914402;Uzbekistan PFL;Uzbekistan;10:00;Full;0.14253563390847712;1.875;2.0, 2.5;1.925;2.0, 2.5;4.0;5.0;;4.0;3.0;7.0;123.0;91.0;100.0;FK Kokand 1912;;1.0;1.0;2.15;1;1.0;1 - 0;3.1;Bunyodkor Tashkent;;1.0;2.0;3.1;0;0.0;-0.25;4 - 5;4-3;2.25;1.0;44 - 47;25 - 16;16.0;25.0;52.0;48.0;4.0;5.0;0.0;2.0;;;;;;;;57.0;66.0;47.0;44.0;65.0;35.0;10.0;11.0;1.0;3.0;;[36];[1];[False];['FK Kokand 1912'];[0];[1];['D'];['H'];0.4;0.6;0.0;0.8;0.2;0.0;;;;;;;
2026-05-03;193938391;France U19 League;France;10:00;Full;0.9461979913916787;1.975;5.5;1.825;5.5;7.0;2.0;;4.0;1.0;5.0;190.0;99.0;;Nantes U19;;0.0;1.0;1.025;3;4.0;4 - 2;23.0;St-Renan U19;;0.0;1.0;34.0;1;2.0;-4.5;7 - 2;4-1;5.5;2.25;77 - 22;38 - 8;8.0;38.0;;;1.0;6.0;1.0;6.0;;;;;;;;69.0;121.0;22.0;77.0;;;5.0;9.0;3.0;15.0;;[12 36 37 47 73 97];[1 1 1 1 2 2];[False False False  True False  True];"['St-Renan U19' 'Nantes U19' 'Nantes U19' 'Nantes U19' 'St-Renan U19'
 'Nantes U19']";[ 0 -1  0  1  2  1];[-1  0  1  2  1  2];['D' 'A' 'D' 'H' 'H' 'H'];['A' 'D' 'H' 'H' 'H' 'H'];0.13;0.62;0.25;0.28;0.21;0.51;1647.0;;fc nantes;;;;Youth
2026-05-03;193830021;Belgium First Amateur Division;Belgium;10:00;Full;0.4444444444444444;1.8;3.0;2.0;3.0;4.0;2.0;;1.0;1.0;2.0;168.0;97.0;100.0;RRC Stockay-Warfusee;;0.0;1.0;1.5;0;3.0;3 - 0;4.2;UR Namur;;0.0;1.0;4.5;0;0.0;-1.0;4 - 2;1-1;3.0;1.25;49 - 48;22 - 27;27.0;22.0;53.0;47.0;5.0;2.0;1.0;3.0;;;;;;;;91.0;77.0;48.0;49.0;57.0;43.0;12.0;8.0;4.0;7.0;;[57 85 92];[2 2 2];[False False  True];['RRC Stockay-Warfusee' 'RRC Stockay-Warfusee' 'RRC Stockay-Warfusee'];[0 1 2];[1 2 3];['D' 'H' 'H'];['H' 'H' 'H'];0.62;0.38;0.0;1.0;0.0;0.0;;;;;;;Women
2026-05-03;193830014;Belgium First Amateur Division;Belgium;10:00;Full;0.2113344683080146;1.975;2.5, 3.0;1.825;2.5, 3.0;3.0;2.0;;2.0;0.0;2.0;100.0;37.0;100.0;Charleroi II;;0.0;0.0;1.909;0;0.0;0 - 2;3.4;Standard Liege II;;0.0;0.0;3.2;2;2.0;-0.5;3 - 2;2-0;2.75;1.0;20 - 17;10 - 9;9.0;10.0;38.0;62.0;1.0;3.0;3.0;0.0;;;;;;;;44.0;56.0;17.0;20.0;39.0;61.0;4.0;6.0;3.0;1.0;;[ 9 24];[1 1];[False False];['Standard Liege II' 'Standard Liege II'];[ 0 -1];[-1 -2];['D' 'A'];['A' 'A'];0.1;0.0;0.9;0.2;0.0;0.8;2898.0;2901.0;royal charleroi sc;standard liege;;;Youth
2026-05-03;193830009;Belgium First Amateur Division;Belgium;10:00;Full;-0.034782608695652195;1.9;3.0;1.9;3.0;5.0;4.0;;1.0;1.0;2.0;154.0;87.0;100.0;Crossing Schaerbeek;;0.0;4.0;2.5;0;0.0;0 - 1;3.6;Union Saint Gilloise II;;0.0;3.0;2.3;0;1.0;0.0;5 - 4;1-1;3.0;1.25;42 - 45;14 - 24;24.0;14.0;61.0;39.0;1.0;4.0;2.0;1.0;;;;;;;;75.0;79.0;45.0;42.0;54.0;46.0;8.0;6.0;4.0;3.0;;[94];[2];[ True];['Union Saint Gilloise II'];[0];[-1];['D'];['A'];1.0;0.0;0.0;1.0;0.0;0.0;;4860.0;;union saint-gilloise;;;Youth
2026-05-03;193938525;France U19 League;France;10:00;Full;0.0735930735930736;1.775;2.5, 3.0;2.025;2.5, 3.0;4.0;6.0;;2.0;2.0;4.0;245.0;120.0;;Cavigal Nice U19;;0.0;2.0;2.2;0;0.0;0 - 0;3.5;SC Air Bel U19;;0.0;3.0;2.625;0;0.0;-0.25;4 - 6;2-2;2.75;1.25;70 - 50;34 - 26;26.0;34.0;;;6.0;2.0;4.0;1.0;;;;;;;;93.0;152.0;50.0;70.0;;;9.0;2.0;5.0;2.0;;[];[];[];[];[];[];[];[];1.0;0.0;0.0;1.0;0.0;0.0;;;;;;;Youth
2026-05-03;193887674;India I-League;India;10:00;Full;0.24642289348171692;1.8;2.5;2.0;2.5;6.0;7.0;;2.0;3.0;5.0;212.0;117.0;100.0;Diamond Harbour FC;1.0;1.0;3.0;1.85;0;1.0;1 - 2;3.6;Sreenidi Deccan;4.0;0.0;3.0;3.4;2;2.0;-0.5;6 - 7;2-3;2.5;1.0;54 - 63;15 - 44;44.0;15.0;66.0;34.0;4.0;0.0;4.0;2.0;;;;;;;;120.0;92.0;63.0;54.0;62.0;38.0;7.0;8.0;4.0;4.0;;[44 50 62];[1 1 2];[False  True False];['Sreenidi Deccan' 'Sreenidi Deccan' 'Diamond Harbour FC'];[ 0 -1 -2];[-1 -2 -1];['D' 'A' 'A'];['A' 'A' 'A'];0.49;0.0;0.51;0.88;0.0;0.12;923063.0;862153.0;diamond harbour fc;sreenidi deccan fc;1.66;1.72;
2026-05-03;193938532;France U19 League;France;10:00;Full;0.2012538231467243;1.975;3.0;1.825;3.0;5.0;9.0;;4.0;6.0;10.0;135.0;98.0;100.0;Saint Etienne U19;;0.0;0.0;1.909;2;4.0;4 - 2;3.75;Ajaccio GFCA U19;;0.0;1.0;3.1;1;2.0;-0.5;5 - 9;4-6;3.0;1.25;53 - 45;22 - 24;24.0;22.0;51.0;49.0;2.0;3.0;7.0;4.0;;;;;;;;62.0;73.0;45.0;53.0;46.0;54.0;3.0;10.0;10.0;8.0;;[18 19 32 84 87 89];[1 1 1 2 2 2];[False False False False False False];"['Saint Etienne U19' 'Saint Etienne U19' 'Ajaccio GFCA U19'
 'Ajaccio GFCA U19' 'Saint Etienne U19' 'Saint Etienne U19']";[0 1 2 1 0 1];[1 2 1 0 1 2];['D' 'H' 'H' 'H' 'D' 'H'];['H' 'H' 'H' 'D' 'H' 'H'];0.23;0.77;0.0;0.4;0.6;0.0;;;;;;;Youth
2026-05-03;193946910;Norway Division 2 Group 1;Norway;10:00;Full;0.4143150152061674;1.975;3.0;1.825;3.0;7.0;8.0;;5.0;5.0;10.0;238.0;143.0;100.0;Arendal;;0.0;2.0;1.571;0;0.0;0 - 0;3.9;Sandviken;;0.0;1.0;4.5;0;0.0;-1.0;7 - 8;5-5;3.0;1.25;83 - 60;36 - 30;30.0;36.0;50.0;50.0;4.0;1.0;0.0;4.0;;;;;;;;109.0;129.0;60.0;83.0;43.0;57.0;5.0;3.0;0.0;9.0;;[];[];[];[];[];[];[];[];1.0;0.0;0.0;1.0;0.0;0.0;755.0;7472.0;arendal fk;il sandviken;1.61;1.66;
2026-05-03;193950655;Italy Serie D;Italy;10:00;Full;0.5442253521126761;1.975;2.5;1.825;2.5;1.0;9.0;;0.0;7.0;7.0;138.0;65.0;;Lentigione;;0.0;0.0;1.42;2;2.0;2 - 2;3.9;A.C.D. Sant'Angelo;;0.0;3.0;6.25;1;2.0;-1.25;1 - 9;0-7;2.5;1.0;34 - 31;14 - 26;26.0;14.0;;;2.0;0.0;1.0;3.0;;;;;;;;72.0;66.0;31.0;34.0;;;2.0;2.0;2.0;3.0;;[12 24 44 65];[1 1 1 2];[False False False False];"['Lentigione' 'Lentigione' ""A.C.D. Sant'Angelo"" ""A.C.D. Sant'Angelo""]";[0 1 2 1];[1 2 1 0];['D' 'H' 'H' 'H'];['H' 'H' 'H' 'D'];0.41;0.59;0.0;0.27;0.73;0.0;;;;;;;
2026-05-03;193984248;Finland Kolmonen;Finland;10:00;Full;0.5835208802200551;1.95;4.0;1.85;4.0;7.0;5.0;;3.0;1.0;4.0;223.0;137.0;;JaPS II;;0.0;2.0;1.333;0;0.0;0 - 0;5.25;FC Lahti II;;0.0;0.0;6.0;0;0.0;-1.75;7 - 5;3-1;4.0;1.75;87 - 50;53 - 16;16.0;53.0;;;1.0;6.0;1.0;1.0;;;;;;;;101.0;122.0;50.0;87.0;;;4.0;8.0;3.0;1.0;;[];[];[];[];[];[];[];[];1.0;0.0;0.0;1.0;0.0;0.0;23422.0;;japs;;;;Youth
2026-05-03;193938138;France U19 League;France;10:00;Full;0.16666666666666669;1.975;3.0;1.825;3.0;10.0;4.0;;5.0;2.0;7.0;188.0;129.0;;Racing Paris U19;;0.0;2.0;2.0;1;3.0;3 - 3;3.5;US Quevilly U19;;0.0;1.0;3.0;0;3.0;-0.25;10 - 4;5-2;3.0;1.25;81 - 48;38 - 25;25.0;38.0;;;1.0;5.0;0.0;4.0;;;;;;;;76.0;112.0;48.0;81.0;;;1.0;9.0;4.0;6.0;;[46 54 57 63 85 95];[1 2 2 2 2 2];[ True False False False False  True];"['Racing Paris U19' 'US Quevilly U19' 'US Quevilly U19' 'US Quevilly U19'
 'Racing Paris U19' 'Racing Paris U19']";[ 0  1  0 -1 -2 -1];[ 1  0 -1 -2 -1  0];['D' 'H' 'D' 'A' 'A' 'A'];['H' 'D' 'A' 'A' 'A' 'D'];0.52;0.08;0.4;1.0;0.0;0.0;;233162.0;;quevilly-rouen metropole;;;Youth
2026-05-03;193852535;Zimbabwe Premier Soccer League;Zimbabwe;10:00;Full;0.08333333333333337;1.975;1.5, 2.0;1.825;1.5, 2.0;1.0;7.0;;0.0;1.0;1.0;99.0;79.0;;Chicken Inn FC;;0.0;3.0;2.4;2;2.0;2 - 1;2.75;Dynamos FC;;0.0;1.0;3.0;1;1.0;-0.25;1 - 7;0-1;1.75;0.75;20 - 59;8 - 32;32.0;8.0;;;2.0;0.0;1.0;2.0;;;;;;;;52.0;47.0;59.0;20.0;;;7.0;3.0;1.0;2.0;;[12 34 40];[1 1 1];[False False False];['Chicken Inn FC' 'Dynamos FC' 'Chicken Inn FC'];[0 1 0];[1 0 1];['D' 'H' 'D'];['H' 'D' 'H'];0.2;0.8;0.0;0.4;0.6;0.0;;;;;;;
2026-05-03;193938449;Greece Gamma Ethniki;Greece;10:00;Full;0.44606104695219917;1.9;2.0, 2.5;1.9;2.0, 2.5;6.0;2.0;;4.0;1.0;5.0;186.0;60.0;;Pyrgos AFC;;1.0;2.0;1.571;0;1.0;1 - 0;3.5;Aris Petroupolis;;1.0;1.0;5.25;0;0.0;-0.75;6 - 2;4-1;2.25;1.0;44 - 16;20 - 8;8.0;20.0;;;2.0;2.0;0.0;1.0;;;;;;;;68.0;118.0;16.0;44.0;;;5.0;7.0;0.0;4.0;;[89];[2];[False];['Pyrgos AFC'];[0];[1];['D'];['H'];0.99;0.01;0.0;1.0;0.0;0.0;;;;;;;
2026-05-03;193756175;Sweden 1.div Norra;Sweden;10:00;Full;-0.31588090086246307;1.95;3.0;1.85;3.0;2.0;4.0;;1.0;1.0;2.0;224.0;155.0;100.0;Piteå IF;;0.0;2.0;3.8;0;1.0;1 - 2;3.8;FC Arlanda;;0.0;1.0;1.727;1;2.0;+0.75;2 - 4;1-1;3.0;1.25;67 - 88;33 - 43;43.0;33.0;55.0;45.0;1.0;2.0;3.0;1.0;;;;;;;;118.0;106.0;88.0;67.0;50.0;50.0;4.0;2.0;8.0;3.0;;[33 67 93];[1 2 2];[False False  True];['FC Arlanda' 'FC Arlanda' 'Piteå IF'];[ 0 -1 -2];[-1 -2 -1];['D' 'A' 'A'];['A' 'A' 'A'];0.35;0.0;0.65;0.73;0.0;0.27;1873.0;342150.0;piteaa if;fc arlanda;1.53;1.57;
2026-05-03;193828034;Albania First Division;Albania;10:00;Full;0.3055555555555556;1.975;2.0, 2.5;1.825;2.0, 2.5;4.0;2.0;;1.0;2.0;3.0;218.0;109.0;100.0;Apolonia Fier;11.0;0.0;0.0;1.8;0;4.0;4 - 4;3.25;KS Burreli;7.0;0.0;1.0;4.0;1;4.0;-0.5;4 - 2;1-2;2.25;1.0;75 - 34;28 - 22;22.0;28.0;48.0;52.0;2.0;4.0;2.0;3.0;;;;;;;;99.0;119.0;34.0;75.0;47.0;53.0;3.0;10.0;5.0;14.0;;[18 51 53 60 73 86 88 91];[1 2 2 2 2 2 2 2];[False False False False False False False  True];"['KS Burreli' 'KS Burreli' 'KS Burreli' 'KS Burreli' 'Apolonia Fier'
 'Apolonia Fier' 'Apolonia Fier' 'Apolonia Fier']";[ 0 -1 -2 -3 -4 -3 -2 -1];[-1 -2 -3 -4 -3 -2 -1  0];['D' 'A' 'A' 'A' 'A' 'A' 'A' 'A'];['A' 'A' 'A' 'A' 'A' 'A' 'A' 'D'];0.2;0.0;0.8;0.4;0.0;0.6;;;;;;;
2026-05-03;193946886;Italy Serie D;Italy;10:00;Full;0.27027027027027023;1.95;2.0, 2.5;1.85;2.0, 2.5;3.0;4.0;;3.0;2.0;5.0;142.0;71.0;100.0;Nocerina;;0.0;3.0;1.85;0;0.0;0 - 1;3.2;Ischia;;0.0;1.0;3.7;0;1.0;-0.5;3 - 4;3-2;2.25;1.0;37 - 34;17 - 17;17.0;17.0;53.0;47.0;2.0;0.0;2.0;1.0;;;;;;;;77.0;65.0;34.0;37.0;52.0;48.0;3.0;2.0;7.0;1.0;;[67];[2];[False];['Ischia'];[0];[-1];['D'];['A'];0.74;0.0;0.26;1.0;0.0;0.0;;;;;;;
2026-05-03;193983156;San Marino Campionato;San Marino;10:00;Full;0.6933306055646481;1.975;3.0;1.825;3.0;9.0;2.0;;3.0;1.0;4.0;151.0;91.0;100.0;Virtus Acquaviva;;1.0;0.0;1.222;0;0.0;0 - 0;6.0;AC Juvenes Dogana;;0.0;1.0;8.0;0;0.0;-1.75;9 - 2;3-1;3.0;1.25;58 - 33;31 - 15;15.0;31.0;35.0;65.0;1.0;6.0;1.0;2.0;;;;;;;;68.0;83.0;33.0;58.0;40.0;60.0;5.0;14.0;4.0;5.0;;[];[];[];[];[];[];[];[];1.0;0.0;0.0;1.0;0.0;0.0;;;;;;;
2026-05-03;193980646;Malaysia Super League;Malaysia;10:00;Full;0.38109980834439044;1.975;3.0;1.825;3.0;5.0;2.0;;1.0;2.0;3.0;168.0;139.0;100.0;Negeri Sembilan;;0.0;1.0;1.615;0;0.0;0 - 0;3.8;Melaka FC;;0.0;3.0;4.2;0;0.0;-1.0;5 - 2;1-2;3.0;1.25;78 - 61;37 - 29;29.0;37.0;50.0;50.0;8.0;4.0;0.0;2.0;;;;;;;;82.0;86.0;61.0;78.0;46.0;54.0;15.0;8.0;0.0;4.0;;[];[];[];[];[];[];[];[];1.0;0.0;0.0;1.0;0.0;0.0;;;;;;;
2026-05-03;193953229;Lithuania II Lyga;Lithuania;10:00;Full;0.05454545454545451;1.95;3.0, 3.5;1.85;3.0, 3.5;6.0;6.0;;3.0;4.0;7.0;234.0;123.0;;FKS Ukmerge;7.0;0.0;2.0;2.2;2;2.0;2 - 1;3.8;FK Sirvena;6.0;0.0;0.0;2.5;0;1.0;0.0;6 - 6;3-4;3.25;1.25;54 - 69;29 - 33;33.0;29.0;;;4.0;1.0;1.0;7.0;;;;;;;;119.0;115.0;69.0;54.0;;;7.0;10.0;6.0;8.0;;[22 31 87];[1 1 2];[False False False];['FKS Ukmerge' 'FKS Ukmerge' 'FK Sirvena'];[0 1 2];[1 2 1];['D' 'H' 'H'];['H' 'H' 'H'];0.24;0.76;0.0;0.49;0.51;0.0;;;;;;;Youth
2026-05-03;194020564;Bolivia Copa Simon Bolivar;Bolivia;10:00;Full;0.24786324786324787;1.9;3.0;1.9;3.0;7.0;4.0;;4.0;3.0;7.0;128.0;120.0;;Deportivo Shalon;;1.0;3.0;1.8;0;0.0;0 - 2;4.0;Oruro Royal;;0.0;5.0;3.25;1;2.0;-0.5;7 - 4;4-3;3.0;1.25;63 - 57;33 - 31;31.0;33.0;;;5.0;4.0;2.0;1.0;;;;;;;;59.0;69.0;57.0;63.0;;;7.0;5.0;3.0;3.0;;[31 85];[1 2];[False False];['Oruro Royal' 'Oruro Royal'];[ 0 -1];[-1 -2];['D' 'A'];['A' 'A'];0.34;0.0;0.66;0.69;0.0;0.31;;;;;;;
2026-05-03;193942589;Italy Serie A Women;Italy;10:00;Full;0.4144736842105263;1.975;2.5;1.825;2.5;4.0;2.0;;1.0;0.0;1.0;196.0;111.0;100.0;Fiorentina (W);;0.0;2.0;1.6;0;1.0;1 - 0;3.5;FC Como (W);;0.0;1.0;4.75;0;0.0;-0.75;4 - 2;1-0;2.5;1.0;59 - 52;33 - 24;24.0;33.0;46.0;54.0;4.0;2.0;2.0;1.0;;;;;;;;100.0;96.0;52.0;59.0;44.0;56.0;5.0;6.0;4.0;2.0;;[76];[2];[False];['Fiorentina (W)'];[0];[1];['D'];['H'];0.84;0.16;0.0;1.0;0.0;0.0;2693.0;865429.0;acf fiorentina;ssd fc como;;;Women
2026-05-03;193944826;Montenegro Druga Liga;Montenegro;10:00;Full;0.11904761904761901;1.875;2.0, 2.5;1.925;2.0, 2.5;13.0;1.0;;5.0;1.0;6.0;266.0;169.0;100.0;FK Kom Podgorica;;0.0;4.0;2.1;0;1.0;1 - 2;3.5;FK Iskra Danilovgrad;;0.0;0.0;2.8;2;2.0;-0.25;13 - 1;5-1;2.25;1.0;110 - 59;41 - 32;32.0;41.0;47.0;53.0;2.0;4.0;2.0;1.0;;;;;;;;107.0;159.0;59.0;110.0;39.0;61.0;2.0;10.0;2.0;4.0;;[36 43 47];[1 1 2];[False False False];['FK Iskra Danilovgrad' 'FK Iskra Danilovgrad' 'FK Kom Podgorica'];[ 0 -1 -2];[-1 -2 -1];['D' 'A' 'A'];['A' 'A' 'A'];0.4;0.0;0.6;0.8;0.0;0.2;;;;;;;
2026-05-03;193881378;Paraguay Division Intermedia;Paraguay;10:00;Full;0.07763975155279507;1.975;2.0, 2.5;1.825;2.0, 2.5;1.0;4.0;;0.0;4.0;4.0;190.0;162.0;;Resistencia FC;10.0;0.0;3.0;2.3;1;1.0;1 - 3;3.1;Sol de America;12.0;0.0;4.0;2.8;1;3.0;-0.25;1 - 4;0-4;2.25;1.0;68 - 94;29 - 50;50.0;29.0;;;3.0;0.0;3.0;2.0;;;;;;;;109.0;81.0;94.0;68.0;;;4.0;0.0;5.0;2.0;;[30 40 74 77];[1 1 2 2];[False False False False];['Resistencia FC' 'Sol de America' 'Sol de America' 'Sol de America'];[ 0  1  0 -1];[ 1  0 -1 -2];['D' 'H' 'D' 'A'];['H' 'D' 'A' 'A'];0.71;0.11;0.18;0.78;0.22;0.0;;;;;;;
2026-05-03;192501191;England Premier League;England;10:00;Full;0.43452380952380953;1.9;2.5, 3.0;1.95;2.5, 3.0;7.0;1.0;;7.0;0.0;7.0;187.0;90.0;100.0;Bournemouth;8.0;0.0;0.0;1.6;2;3.0;3 - 0;4.0;Crystal Palace;14.0;0.0;2.0;5.25;0;0.0;-1.0;7 - 1;7-0;2.75;1.25;51 - 39;35 - 12;12.0;35.0;49.0;51.0;0.0;6.0;0.0;4.0;;;;;;;;86.0;101.0;39.0;51.0;51.0;49.0;6.0;11.0;1.0;5.0;;[10 32 77];[1 1 2];[False False False];['Bournemouth' 'Bournemouth' 'Bournemouth'];[0 1 2];[1 2 3];['D' 'H' 'H'];['H' 'H' 'H'];0.11;0.89;0.0;0.22;0.78;0.0;60.0;7.0;afc bournemouth;crystal palace;1.7;1.7;
2026-05-03;193940431;Latvia Virsliga;Latvia;10:00;Full;0.6442716433385174;1.975;3.0;1.825;3.0;10.0;3.0;;6.0;0.0;6.0;247.0;175.0;100.0;Riga FC;3.0;0.0;1.0;1.286;0;1.0;1 - 0;5.0;FK Liepaja;6.0;0.0;1.0;7.5;0;0.0;-1.75;10 - 3;6-0;3.0;1.25;122 - 53;56 - 24;24.0;56.0;41.0;59.0;3.0;4.0;0.0;0.0;;;;;;;;96.0;151.0;53.0;122.0;39.0;61.0;5.0;8.0;2.0;4.0;;[66];[2];[False];['Riga FC'];[0];[1];['D'];['H'];0.73;0.27;0.0;1.0;0.0;0.0;162368.0;146336.0;riga fc;fk liepaja;2.0;2.1;
2026-05-03;193937622;Italy Serie D;Italy;10:00;Full;0.14253563390847712;1.925;2.0, 2.5;1.875;2.0, 2.5;0.0;1.0;;0.0;1.0;1.0;146.0;102.0;100.0;Vibonese;;1.0;4.0;2.15;0;1.0;1 - 0;3.1;Acireale;;0.0;2.0;3.1;0;0.0;-0.25;0 - 1;0-1;2.25;1.0;49 - 53;28 - 24;24.0;28.0;36.0;64.0;3.0;5.0;1.0;1.0;;;;;;;;82.0;64.0;53.0;49.0;48.0;52.0;6.0;6.0;1.0;2.0;;[90];[2];[False];['Vibonese'];[0];[1];['D'];['H'];1.0;0.0;0.0;1.0;0.0;0.0;;;;;;;
2026-05-03;193952674;Switzerland 1.Liga Classic;Switzerland;10:00;Full;0.3627847900293721;1.95;3.0, 3.5;1.85;3.0, 3.5;10.0;8.0;;5.0;6.0;11.0;189.0;137.0;;Langenthal;;0.0;1.0;1.615;2;3.0;3 - 3;4.1;SV Muttenz;;0.0;3.0;3.9;1;3.0;-0.75;10 - 8;5-6;3.25;1.25;67 - 70;28 - 40;40.0;28.0;;;0.0;1.0;3.0;3.0;;;;;;;;108.0;81.0;70.0;67.0;;;0.0;7.0;6.0;6.0;;[28 39 47 51 56 80];[1 1 1 2 2 2];[False False  True False False False];"['Langenthal' 'Langenthal' 'SV Muttenz' 'SV Muttenz' 'SV Muttenz'
 'Langenthal']";[ 0  1  2  1  0 -1];[ 1  2  1  0 -1  0];['D' 'H' 'H' 'H' 'D' 'A'];['H' 'H' 'H' 'D' 'A' 'D'];0.48;0.26;0.27;0.6;0.4;0.0;;;;;;;
2026-05-03;193948339;Sweden Damallsvenskan;Sweden;10:00;Full;0.4666666666666666;1.9;2.5, 3.0;1.9;2.5, 3.0;4.0;4.0;;1.0;3.0;4.0;197.0;101.0;100.0;IFK Norrkoping (W);;0.0;0.0;1.5;0;0.0;0 - 2;4.0;Eskilstuna Utd (W);;0.0;0.0;5.0;2;2.0;-1.0;4 - 4;1-3;2.75;1.25;63 - 38;25 - 28;28.0;25.0;53.0;47.0;3.0;2.0;4.0;0.0;;;;;;;;78.0;119.0;38.0;63.0;45.0;55.0;3.0;5.0;5.0;2.0;;[23 27];[1 1];[False False];['Eskilstuna Utd (W)' 'Eskilstuna Utd (W)'];[ 0 -1];[-1 -2];['D' 'A'];['A' 'A'];0.26;0.0;0.74;0.51;0.0;0.49;1769.0;;ifk norrkoping fk;;;;Women
2026-05-03;193952530;Sweden 2.div Norra Götaland;Sweden;10:00;Full;0.09474590869939709;1.95;3.0;1.85;3.0;4.0;5.0;;1.0;1.0;2.0;227.0;155.0;;Stenungsunds IF;;0.0;4.0;2.15;0;2.0;2 - 0;3.6;IF Karlstad II;;0.0;1.0;2.7;0;0.0;-0.25;4 - 5;1-1;3.0;1.25;75 - 80;31 - 41;41.0;31.0;;;1.0;1.0;1.0;1.0;;;;;;;;123.0;104.0;80.0;75.0;;;4.0;4.0;3.0;4.0;;[50 55];[2 2];[False False];['Stenungsunds IF' 'Stenungsunds IF'];[0 1];[1 2];['D' 'H'];['H' 'H'];0.56;0.44;0.0;1.0;0.0;0.0;22347.0;802592.0;stenungsunds if;if karlstad fotbollutveckling;1.53;1.53;Youth
2026-05-03;193930713;Bosnia & Herzegovina 1st League;Bosnia;10:00;Full;0.24255024255024266;2.05;2.0, 2.5;1.75;2.0, 2.5;2.0;5.0;;2.0;2.0;4.0;298.0;156.0;;Buducnost Banovici;;0.0;1.0;1.95;1;1.0;1 - 1;3.1;Sloboda Tuzla;;0.0;6.0;3.7;0;1.0;-0.5;2 - 5;2-2;2.25;0.75;69 - 87;35 - 44;44.0;35.0;;;1.0;4.0;1.0;3.0;;;;;;;;171.0;127.0;87.0;69.0;;;1.0;7.0;5.0;4.0;;[ 8 49];[1 2];[False False];['Buducnost Banovici' 'Sloboda Tuzla'];[0 1];[1 0];['D' 'H'];['H' 'D'];0.54;0.46;0.0;0.18;0.82;0.0;;;;;;;
2026-05-03;193004674;Italy Serie A;Italy;10:00;Full;-0.36601307189542487;1.925;2.5, 3.0;1.925;2.5, 3.0;2.0;3.0;;1.0;2.0;3.0;186.0;85.0;100.0;Sassuolo;11.0;0.0;4.0;4.5;1;2.0;2 - 0;4.0;AC Milan;3.0;1.0;3.0;1.7;0;0.0;+0.75;2 - 3;1-2;2.75;1.25;41 - 44;22 - 17;17.0;22.0;50.0;50.0;2.0;4.0;0.0;2.0;;;;;;;;97.0;89.0;44.0;41.0;43.0;57.0;6.0;9.0;0.0;4.0;;[ 5 47];[1 2];[False False];['Sassuolo' 'Sassuolo'];[0 1];[1 2];['D' 'H'];['H' 'H'];0.06;0.94;0.0;0.11;0.89;0.0;2793.0;2692.0;sassuolo calcio;ac milan;1.7;1.7;
2026-05-03;193881376;Paraguay Division Intermedia;Paraguay;10:00;Full;0.2631578947368421;1.8;2.0;2.0;2.0;8.0;2.0;;5.0;1.0;6.0;164.0;111.0;100.0;General Caballero JLM;;0.0;2.0;1.9;3;4.0;4 - 2;3.1;Independiente FBC;;0.0;4.0;3.8;2;2.0;-0.5;8 - 2;5-1;2.0;0.75;54 - 57;31 - 26;26.0;31.0;37.0;63.0;2.0;3.0;5.0;8.0;;;;;;;;79.0;85.0;57.0;54.0;47.0;53.0;5.0;5.0;7.0;13.0;;[20 23 29 36 39 93];[1 1 1 1 1 2];[False False False False False  True];"['Independiente FBC' 'Independiente FBC' 'General Caballero JLM'
 'General Caballero JLM' 'General Caballero JLM' 'General Caballero JLM']";[ 0 -1 -2 -1  0  1];[-1 -2 -1  0  1  2];['D' 'A' 'A' 'A' 'D' 'H'];['A' 'A' 'A' 'D' 'H' 'H'];0.25;0.58;0.17;0.51;0.13;0.36;;;;;;;
2026-05-03;193756185;Sweden 1.div Norra;Sweden;10:00;Full;0.06993006993006995;1.95;3.0;1.85;3.0;11.0;6.0;;2.0;3.0;5.0;195.0;153.0;100.0;Umea FC;;0.0;2.0;2.2;1;2.0;2 - 1;3.5;Karlbergs BK;;0.0;1.0;2.6;0;1.0;-0.25;11 - 6;2-3;3.0;1.25;92 - 61;39 - 32;32.0;39.0;45.0;55.0;4.0;0.0;1.0;3.0;;;;;;;;81.0;114.0;61.0;92.0;43.0;57.0;9.0;6.0;6.0;6.0;;[24 73 89];[1 2 2];[False False False];['Umea FC' 'Karlbergs BK' 'Umea FC'];[0 1 0];[1 0 1];['D' 'H' 'D'];['H' 'D' 'H'];0.44;0.56;0.0;0.53;0.47;0.0;1774.0;22238.0;umea fc;karlbergs bk;1.44;1.5;
2026-05-03;193938278;France U19 League;France;10:00;Full;0.5731378299120233;2.0;3.0, 3.5;1.8;3.0, 3.5;4.0;2.0;;1.0;0.0;1.0;203.0;102.0;100.0;Sochaux U19;;0.0;1.0;1.364;2;7.0;7 - 0;4.5;Saint Priest U19;;0.0;2.0;6.25;0;0.0;-1.5;4 - 2;1-0;3.25;1.25;51 - 51;30 - 23;23.0;30.0;48.0;52.0;1.0;5.0;2.0;7.0;;;;;;;;101.0;102.0;51.0;51.0;49.0;51.0;4.0;6.0;4.0;12.0;;[36 52 49 52 63 78 84];[1 1 2 2 2 2 2];[False  True False False False False False];"['Sochaux U19' 'Sochaux U19' 'Sochaux U19' 'Sochaux U19' 'Sochaux U19'
 'Sochaux U19' 'Sochaux U19']";[0 1 2 3 4 5 6];[1 2 3 4 5 6 7];['D' 'H' 'H' 'H' 'H' 'H' 'H'];['H' 'H' 'H' 'H' 'H' 'H' 'H'];0.4;0.6;0.0;0.69;0.31;0.0;1657.0;;sochaux-montbeliard;;;;Youth
2026-05-03;193880181;Finland Ykkosliiga;Finland;10:00;Full;-0.39421301638587586;1.775;3.0;2.025;3.0;5.0;12.0;;4.0;4.0;8.0;119.0;138.0;100.0;EIF;;0.0;2.0;4.333;2;5.0;5 - 2;3.75;KTP;;0.0;2.0;1.6;1;2.0;+0.5;5 - 12;4-4;3.0;1.25;52 - 86;31 - 34;34.0;31.0;50.0;50.0;1.0;0.0;2.0;4.0;;;;;;;;66.0;53.0;86.0;52.0;50.0;50.0;3.0;0.0;4.0;8.0;;[ 8 36 40 46 50 83 94];[1 1 1 2 2 2 2];[False False False False False False  True];['KTP' 'EIF' 'EIF' 'EIF' 'EIF' 'KTP' 'EIF'];[ 0 -1  0  1  2  3  2];[-1  0  1  2  3  2  3];['D' 'A' 'D' 'H' 'H' 'H' 'H'];['A' 'D' 'H' 'H' 'H' 'H' 'H'];0.13;0.57;0.3;0.27;0.11;0.62;22372.0;2255.0;ekenas idrottsforening;fc ktp kotka;;;
2026-05-03;192946308;Slovenia Prva Liga;Slovenia;10:00;Full;-0.3174603174603175;1.875;2.5, 3.0;1.925;2.5, 3.0;5.0;2.0;;2.0;1.0;3.0;200.0;100.0;100.0;NS Mura;;0.0;2.0;4.2;0;0.0;0 - 1;3.5;FC Koper;;0.0;2.0;1.8;1;1.0;+0.5;5 - 2;2-1;2.75;1.25;67 - 33;24 - 22;22.0;24.0;55.0;45.0;2.0;5.0;2.0;2.0;;;;;;;;92.0;108.0;33.0;67.0;50.0;50.0;3.0;10.0;3.0;5.0;;[25];[1];[False];['FC Koper'];[0];[-1];['D'];['A'];0.28;0.0;0.72;0.56;0.0;0.44;2410.0;2417.0;mura murska sobota;fc koper;1.66;1.66;
2026-05-03;193830088;Brazil Paulista Serie B;Brazil;10:00;Full;-0.053830227743271286;2.0;2.5;1.8;2.5;4.0;7.0;;2.0;4.0;6.0;234.0;138.0;100.0;Uniao Mogi U23;;0.0;3.0;2.625;2;2.0;2 - 3;3.25;Maua U23;;0.0;2.0;2.3;1;3.0;0.0;4 - 7;2-4;2.5;1.0;55 - 83;25 - 39;39.0;25.0;58.0;42.0;2.0;2.0;5.0;6.0;;;;;;;;125.0;109.0;83.0;55.0;54.0;46.0;9.0;6.0;9.0;7.0;;[ 8 13 19 67 91];[1 1 1 2 2];[False False False False  True];['Maua U23' 'Uniao Mogi U23' 'Uniao Mogi U23' 'Maua U23' 'Maua U23'];[ 0 -1  0  1  0];[-1  0  1  0 -1];['D' 'A' 'D' 'H' 'D'];['A' 'D' 'H' 'D' 'A'];0.42;0.53;0.05;0.31;0.58;0.11;;;;;;;Youth
2026-05-03;193914316;Kazakhstan Premier League;Kazakhstan;10:00;Full;0.03678929765886285;1.85;2.0;1.95;2.0;5.0;9.0;;5.0;6.0;11.0;170.0;88.0;100.0;FK Zhenys;;0.0;3.0;2.6;0;1.0;1 - 0;2.8;Tobol Kostanay;;0.0;2.0;2.875;0;0.0;0.0;5 - 9;5-6;2.0;0.75;46 - 42;29 - 19;19.0;29.0;56.0;44.0;2.0;3.0;1.0;2.0;;;;;;;;90.0;80.0;42.0;46.0;56.0;44.0;8.0;5.0;2.0;4.0;;[86];[2];[False];['FK Zhenys'];[0];[1];['D'];['H'];0.96;0.04;0.0;1.0;0.0;0.0;;;;;;;
2026-05-03;193880995;France U19 League;France;10:00;Full;0.6445444319460067;1.8;3.0, 3.5;2.0;3.0, 3.5;2.0;1.0;;0.0;1.0;1.0;152.0;107.0;100.0;Marseille U19;;0.0;2.0;1.27;2;4.0;4 - 1;5.5;Balma SC U19;;0.0;2.0;7.0;1;1.0;-1.75;2 - 1;0-1;3.25;1.5;68 - 39;30 - 18;18.0;30.0;44.0;56.0;1.0;1.0;1.0;4.0;;;;;;;;56.0;96.0;39.0;68.0;41.0;59.0;2.0;6.0;2.0;7.0;;[10 24 44 56 88];[1 1 1 2 2];[False False False False False];"['Marseille U19' 'Marseille U19' 'Balma SC U19' 'Marseille U19'
 'Marseille U19']";[0 1 2 1 2];[1 2 1 2 3];['D' 'H' 'H' 'H' 'H'];['H' 'H' 'H' 'H' 'H'];0.11;0.89;0.0;0.22;0.78;0.0;1641.0;;olympique marseille;;;;Youth
2026-05-03;193755310;Portugal Segunda Liga;Portugal;10:00;Full;0.21870286576168935;1.85;2.0, 2.5;1.95;2.0, 2.5;15.0;6.0;;6.0;5.0;11.0;137.0;113.0;100.0;Pacos Ferreira;16.0;1.0;2.0;1.95;1;1.0;1 - 2;3.2;Feirense;9.0;0.0;8.0;3.4;2;2.0;-0.5;15 - 6;6-5;2.25;1.0;59 - 54;27 - 19;19.0;27.0;53.0;47.0;3.0;2.0;5.0;2.0;;;;;;;;64.0;73.0;54.0;59.0;52.0;48.0;11.0;2.0;6.0;4.0;;[ 6 10 26];[1 1 1];[False False False];['Feirense' 'Feirense' 'Pacos Ferreira'];[ 0 -1 -2];[-1 -2 -1];['D' 'A' 'A'];['A' 'A' 'A'];0.07;0.0;0.93;0.13;0.0;0.87;3003.0;4501.0;fc pacos ferreira;cd feirense;1.83;1.9;
2026-05-03;193880991;France U19 League;France;10:00;Full;0.30476190476190473;1.8;2.5, 3.0;2.0;2.5, 3.0;3.0;8.0;;2.0;5.0;7.0;144.0;120.0;100.0;Valenciennes U19;;0.0;1.0;1.75;0;1.0;1 - 4;3.6;Le Havre U19;;0.0;2.0;3.75;2;4.0;-0.75;3 - 8;2-5;2.75;1.25;54 - 66;29 - 28;28.0;29.0;41.0;59.0;3.0;3.0;4.0;2.0;;;;;;;;79.0;65.0;66.0;54.0;47.0;53.0;9.0;4.0;8.0;5.0;;[34 42 84 86 88];[1 1 2 2 2];[False False False False False];"['Le Havre U19' 'Le Havre U19' 'Valenciennes U19' 'Le Havre U19'
 'Le Havre U19']";[ 0 -1 -2 -1 -2];[-1 -2 -1 -2 -3];['D' 'A' 'A' 'A' 'A'];['A' 'A' 'A' 'A' 'A'];0.38;0.0;0.62;0.76;0.0;0.24;5061.0;1662.0;valenciennes fc;le havre ac;;;Youth
2026-05-03;193942884;Italy Serie B Women;Italy;10:00;Full;-0.4991789819376027;1.95;3.0;1.85;3.0;1.0;2.0;;0.0;1.0;1.0;147.0;91.0;100.0;Verona (W);;0.0;1.0;5.25;0;0.0;0 - 1;4.1;Bologna (W);;0.0;0.0;1.45;0;1.0;+1.0;1 - 2;0-1;3.0;1.25;48 - 43;18 - 21;21.0;18.0;59.0;41.0;4.0;2.0;3.0;0.0;;;;;;;;71.0;76.0;43.0;48.0;53.0;47.0;8.0;6.0;5.0;2.0;;[69];[2];[False];['Bologna (W)'];[0];[-1];['D'];['A'];0.77;0.0;0.23;1.0;0.0;0.0;2701.0;2685.0;hellas verona;bologna fc;;;Youth-Women
2026-05-03;193938460;Greece Gamma Ethniki;Greece;10:00;Full;0.4784026773306107;1.9;2.0;1.9;2.0;0.0;2.0;;0.0;1.0;1.0;261.0;154.0;;Ethnikos OFPF;;0.0;4.0;1.533;0;0.0;0 - 1;3.5;Zakynthos;;0.0;4.0;5.75;0;1.0;-1.0;0 - 2;0-1;2.0;0.75;83 - 71;40 - 33;33.0;40.0;;;2.0;3.0;1.0;2.0;;;;;;;;121.0;140.0;71.0;83.0;;;5.0;8.0;2.0;4.0;;[74];[2];[False];['Zakynthos'];[0];[-1];['D'];['A'];0.82;0.0;0.18;1.0;0.0;0.0;;;;;;;
2026-05-03;193190767;Bulgaria First League;Bulgaria;10:15;Full;0.29054054054054046;1.875;2.5;1.925;2.5;4.0;1.0;;1.0;0.0;1.0;196.0;122.0;100.0;Botev Plovdiv;;1.0;4.0;1.85;0;0.0;0 - 2;3.6;Lokomotiv Plovdiv;;0.0;3.0;4.0;1;2.0;-0.5;4 - 1;1-0;2.5;1.0;72 - 50;28 - 34;34.0;28.0;63.0;37.0;3.0;1.0;3.0;1.0;;;;;;;;92.0;104.0;50.0;72.0;52.0;48.0;5.0;6.0;7.0;3.0;;[18 93];[1 2];[False  True];['Lokomotiv Plovdiv' 'Lokomotiv Plovdiv'];[ 0 -1];[-1 -2];['D' 'A'];['A' 'A'];0.19;0.0;0.81;0.4;0.0;0.6;5241.0;3272.0;botev plovdiv;pfc lokomotiv plovdiv;1.83;1.72;
2026-05-03;193886541;Czechia First League;Czech Republic;10:30;Full;0.49275362318840576;1.975;2.5, 3.0;1.825;2.5, 3.0;8.0;3.0;;5.0;1.0;6.0;136.0;100.0;100.0;Viktoria Plzen;;0.0;1.0;1.5;1;3.0;3 - 1;3.9;Hradec Kralove;;0.0;1.0;5.75;1;1.0;-1.0;8 - 3;5-1;2.75;1.0;64 - 36;34 - 24;24.0;34.0;50.0;50.0;2.0;3.0;3.0;2.0;;;;;;;;65.0;71.0;36.0;64.0;50.0;50.0;3.0;11.0;4.0;7.0;;[ 9 11 46 67];[1 1 2 2];[False False False False];['Hradec Kralove' 'Viktoria Plzen' 'Viktoria Plzen' 'Viktoria Plzen'];[ 0 -1  0  1];[-1  0  1  2];['D' 'A' 'D' 'H'];['A' 'D' 'H' 'H'];0.49;0.49;0.02;0.96;0.0;0.04;4502.0;2217.0;fc viktoria plzen;fc hradec kralove;1.8;1.8;
2026-05-03;193987850;UAE Second Division;UAE;10:30;Full;0.03628117913832202;1.85;3.0, 3.5;1.95;3.0, 3.5;4.0;1.0;;1.0;1.0;2.0;238.0;114.0;;Legentus FC;;1.0;2.0;2.25;0;1.0;1 - 3;3.8;Al Rams;;0.0;2.0;2.45;1;3.0;0.0;4 - 1;1-1;3.25;( 0.5);60 - 54;29 - 22;22.0;29.0;;;4.0;2.0;2.0;1.0;;;;;;;;106.0;132.0;54.0;60.0;;;8.0;9.0;6.0;5.0;;[45 47 61 70];[1 2 2 2];[False False False False];['Al Rams' 'Al Rams' 'Al Rams' 'Legentus FC'];[ 0 -1 -2 -3];[-1 -2 -3 -2];['D' 'A' 'A' 'A'];['A' 'A' 'A' 'A'];0.5;0.0;0.5;1.0;0.0;0.0;;;;;;;
2026-05-03;192932650;Germany Bundesliga I;Germany;10:30;Full;-0.029629629629629672;2.0;2.5;1.85;2.5;7.0;7.0;;3.0;5.0;8.0;211.0;101.0;100.0;St Pauli;16.0;0.0;3.0;2.7;0;1.0;1 - 2;3.4;Mainz;10.0;0.0;1.0;2.5;2;2.0;0.0;7 - 7;3-5;2.5;1.0;54 - 47;23 - 21;21.0;23.0;51.0;49.0;6.0;4.0;3.0;0.0;;;;;;;;96.0;115.0;47.0;54.0;48.0;52.0;11.0;7.0;6.0;3.0;;[ 6 40 87];[1 1 2];[False False False];['Mainz' 'Mainz' 'St Pauli'];[ 0 -1 -2];[-1 -2 -1];['D' 'A' 'A'];['A' 'A' 'A'];0.07;0.0;0.93;0.13;0.0;0.87;2526.0;2556.0;fc st. pauli;fsv mainz;1.9;1.8;
2026-05-03;192939472;England Super League Women;England;10:30;Full;-0.87072945521699;1.85;3.5, 4.0;1.95;3.5, 4.0;2.0;13.0;;0.0;7.0;7.0;177.0;123.0;100.0;Leicester (W);;0.0;1.0;19.0;1;1.0;1 - 3;11.0;Chelsea (W);;0.0;0.0;1.083;3;3.0;+2.75;2 - 13;0-7;3.75;1.5;25 - 98;11 - 44;44.0;11.0;71.0;29.0;6.0;1.0;4.0;1.0;;;;;;;;108.0;69.0;98.0;25.0;71.0;29.0;9.0;3.0;7.0;1.0;;[13 27 33 42];[1 1 1 1];[False False False False];['Chelsea (W)' 'Chelsea (W)' 'Chelsea (W)' 'Leicester (W)'];[ 0 -1 -2 -3];[-1 -2 -3 -2];['D' 'A' 'A' 'A'];['A' 'A' 'A' 'A'];0.14;0.0;0.86;0.29;0.0;0.71;438552.0;38.0;leicester city wfc;chelsea fc;2.37;2.37;Women
2026-05-03;193951071;Oman League;Oman;10:55;Full;-0.036363636363636376;1.85;2.0;1.95;2.0;2.0;3.0;;1.0;1.0;2.0;184.0;88.0;100.0;Ibri Club;;0.0;3.0;2.75;1;1.0;1 - 2;2.875;Sur SC;;0.0;1.0;2.5;1;2.0;0.0;2 - 3;1-1;2.0;0.75;39 - 49;17 - 26;26.0;17.0;65.0;35.0;4.0;1.0;1.0;2.0;;;;;;;;100.0;84.0;49.0;39.0;56.0;44.0;10.0;4.0;3.0;2.0;;[ 6 42 50];[1 1 2];[False False False];['Ibri Club' 'Sur SC' 'Sur SC'];[0 1 0];[ 1  0 -1];['D' 'H' 'D'];['H' 'D' 'A'];0.16;0.4;0.44;0.2;0.8;0.0;652894.0;57439.0;ibri;sur sc;1.9;2.1;
2026-05-03;193941656;Czechia Div 2 Women;Czech Republic;11:00;Full;-0.3662669671581194;1.925;3.0, 3.5;1.875;3.0, 3.5;3.0;11.0;;1.0;7.0;8.0;219.0;133.0;;Pardubice (W);;0.0;0.0;3.7;0;0.0;0 - 1;4.75;Sparta Prague II (W);;0.0;0.0;1.571;0;1.0;+1.0;3 - 11;1-7;3.25;1.25;40 - 93;13 - 50;50.0;13.0;;;4.0;4.0;5.0;1.0;;;;;;;;146.0;73.0;93.0;40.0;;;12.0;7.0;9.0;2.0;;[89];[2];[False];['Sparta Prague II (W)'];[0];[-1];['D'];['A'];0.99;0.0;0.01;1.0;0.0;0.0;2230.0;;fk pardubice;;;;Youth-Women
2026-05-03;193982194;Poland IV Liga;Poland;11:00;Full;-0.10318949343339595;1.9;3.5;1.9;3.5;6.0;2.0;;5.0;0.0;5.0;203.0;71.0;100.0;Szombierki Bytom;;0.0;1.0;2.6;1;2.0;2 - 1;4.2;Drama Zbroslawice;;0.0;2.0;2.05;1;1.0;+0.25;6 - 2;5-0;3.5;1.5;37 - 34;19 - 15;15.0;19.0;37.0;63.0;1.0;3.0;3.0;3.0;;;;;;;;109.0;94.0;34.0;37.0;48.0;52.0;7.0;5.0;4.0;6.0;;[ 5 34 53];[1 1 2];[False False False];['Szombierki Bytom' 'Drama Zbroslawice' 'Szombierki Bytom'];[0 1 0];[1 0 1];['D' 'H' 'D'];['H' 'D' 'H'];0.27;0.73;0.0;0.36;0.64;0.0;;;;;;;
2026-05-03;192940966;Hungary NB I;Hungary;11:00;Full;-0.4618395303326811;1.85;3.0;1.95;3.0;3.0;5.0;;3.0;4.0;7.0;157.0;79.0;100.0;Ujpest;;0.0;4.0;5.25;0;0.0;0 - 5;4.333;Ferencvarosi TC;;0.0;1.0;1.533;2;5.0;+1.0;3 - 5;3-4;3.0;1.25;27 - 52;17 - 31;31.0;17.0;50.0;50.0;4.0;4.0;3.0;1.0;;;;;;;;81.0;76.0;52.0;27.0;50.0;50.0;5.0;7.0;6.0;1.0;;[19 40 48 64 99];[1 1 2 2 2];[False False False False  True];"['Ferencvarosi TC' 'Ferencvarosi TC' 'Ferencvarosi TC' 'Ferencvarosi TC'
 'Ferencvarosi TC']";[ 0 -1 -2 -3 -4];[-1 -2 -3 -4 -5];['D' 'A' 'A' 'A' 'A'];['A' 'A' 'A' 'A' 'A'];0.19;0.0;0.81;0.42;0.0;0.58;1924.0;1925.0;ujpest fc budapest;ferencvarosi budapest;1.61;1.66;
2026-05-03;193936268;Finland Kansallinen Liiga Women;Finland;11:00;Full;0.5792916760658695;1.825;3.0, 3.5;1.975;3.0, 3.5;6.0;4.0;;3.0;2.0;5.0;232.0;153.0;100.0;Aland United (W);;0.0;3.0;1.364;3;4.0;4 - 1;4.333;Ilves (W);;0.0;0.0;6.5;1;1.0;-1.5;6 - 4;3-2;3.25;1.5;70 - 83;36 - 38;38.0;36.0;64.0;36.0;3.0;1.0;2.0;4.0;;;;;;;;140.0;92.0;83.0;70.0;65.0;35.0;8.0;2.0;3.0;6.0;;[13 23 26 37 64];[1 1 1 1 2];[False False False False False];"['Aland United (W)' 'Aland United (W)' 'Aland United (W)' 'Ilves (W)'
 'Aland United (W)']";[0 1 2 3 2];[1 2 3 2 3];['D' 'H' 'H' 'H' 'H'];['H' 'H' 'H' 'H' 'H'];0.14;0.86;0.0;0.29;0.71;0.0;;;;;;;Women
2026-05-03;193785030;England National League;England;11:00;Full;0.2923976608187135;2.0;2.5, 3.0;1.8;2.5, 3.0;5.0;3.0;;3.0;0.0;3.0;200.0;143.0;100.0;Rochdale;2.0;0.0;1.0;1.8;1;2.0;2 - 1;3.6;Scunthorpe;5.0;0.0;5.0;3.8;0;1.0;-0.5;5 - 3;3-0;2.75;1.0;70 - 73;28 - 40;40.0;28.0;50.0;50.0;1.0;1.0;1.0;2.0;;;;;;;;88.0;112.0;73.0;70.0;50.0;50.0;3.0;4.0;5.0;5.0;;[ 3 57 81];[1 2 2];[False False False];['Rochdale' 'Rochdale' 'Scunthorpe'];[0 1 2];[1 2 1];['D' 'H' 'H'];['H' 'H' 'H'];0.03;0.97;0.0;0.07;0.93;0.0;103.0;85.0;rochdale afc;scunthorpe united;1.8;1.75;
2026-05-03;193383491;Cyprus Division 1;Cyprus;11:00;Full;-0.05102040816326525;1.825;2.0, 2.5;1.975;2.0, 2.5;7.0;8.0;;5.0;3.0;8.0;150.0;130.0;100.0;Apoel Nicosia;5.0;0.0;5.0;2.8;0;1.0;1 - 0;3.3;AEK Larnaca;2.0;0.0;1.0;2.45;0;0.0;0.0;7 - 8;5-3;2.25;1.0;50 - 80;29 - 34;34.0;29.0;50.0;50.0;2.0;5.0;1.0;2.0;;;;;;;;78.0;72.0;80.0;50.0;50.0;50.0;6.0;6.0;4.0;4.0;;[67];[2];[False];['Apoel Nicosia'];[0];[1];['D'];['H'];0.74;0.26;0.0;1.0;0.0;0.0;3398.0;3404.0;apoel nikosia;aek larnaca;1.9;1.83;
2026-05-03;193756207;Sweden 1.div Norra;Sweden;11:00;Full;0.2698412698412699;1.9;2.5, 3.0;1.9;2.5, 3.0;2.0;2.0;;1.0;1.0;2.0;185.0;76.0;100.0;Assyriska Föreningen;;0.0;4.0;1.8;0;3.0;3 - 3;3.6;FC Järfälla;;0.0;3.0;3.5;2;3.0;-0.5;2 - 2;1-1;2.75;1.25;42 - 34;12 - 17;17.0;12.0;64.0;36.0;3.0;3.0;2.0;2.0;;;;;;;;95.0;90.0;34.0;42.0;57.0;43.0;3.0;13.0;4.0;7.0;;[37 42 55 88 94 98];[1 1 2 2 2 2];[False False False False  True  True];"['FC Järfälla' 'FC Järfälla' 'Assyriska Föreningen' 'Assyriska Föreningen'
 'Assyriska Föreningen' 'FC Järfälla']";[ 0 -1 -2 -1  0  1];[-1 -2 -1  0  1  0];['D' 'A' 'A' 'A' 'D' 'H'];['A' 'A' 'A' 'D' 'H' 'D'];0.44;0.04;0.52;0.82;0.0;0.18;1782.0;22262.0;assyriska ff;fc jarfalla;1.66;1.66;
2026-05-03;193195793;Denmark Division 1;Denmark;11:00;Full;0.43452380952380953;1.95;2.5, 3.0;1.85;2.5, 3.0;3.0;0.0;;1.0;0.0;1.0;184.0;82.0;100.0;Lyngby;;0.0;2.0;1.6;1;1.0;1 - 2;4.0;Hillerød;;0.0;0.0;5.25;1;2.0;-0.75;3 - 0;1-0;2.75;1.25;56 - 26;27 - 14;14.0;27.0;45.0;55.0;0.0;2.0;1.0;3.0;;;;;;;;69.0;115.0;26.0;56.0;41.0;59.0;2.0;8.0;2.0;3.0;;[21 33 90];[1 1 2];[False False False];['Lyngby' 'Hillerød' 'Hillerød'];[0 1 0];[ 1  0 -1];['D' 'H' 'D'];['H' 'D' 'A'];0.87;0.13;0.0;0.73;0.27;0.0;1756.0;1371.0;lyngby bk;hillerod fodbold;1.83;1.72;
2026-05-03;193982322;Poland III Liga;Poland;11:00;Full;0.2113344683080146;1.825;2.5, 3.0;1.975;2.5, 3.0;5.0;7.0;;2.0;6.0;8.0;233.0;131.0;;Swit Nowy Dwor Mazowiecki;;0.0;4.0;1.909;2;2.0;2 - 4;3.6;GKS Wikielec;;0.0;1.0;3.2;1;4.0;-0.5;5 - 7;2-6;2.75;1.25;59 - 72;21 - 37;37.0;21.0;;;5.0;2.0;2.0;3.0;;;;;;;;100.0;133.0;72.0;59.0;;;7.0;2.0;6.0;4.0;;[27 42 48 51 63 75];[1 1 1 2 2 2];[False False  True False False False];"['Swit Nowy Dwor Mazowiecki' 'Swit Nowy Dwor Mazowiecki' 'GKS Wikielec'
 'GKS Wikielec' 'GKS Wikielec' 'GKS Wikielec']";[ 0  1  2  1  0 -1];[ 1  2  1  0 -1 -2];['D' 'H' 'H' 'H' 'D' 'A'];['H' 'H' 'H' 'D' 'A' 'A'];0.43;0.27;0.3;0.56;0.44;0.0;;;;;;;
2026-05-03;193880187;Finland Kakkonen Group C;Finland;11:00;Full;0.09523809523809523;1.875;4.0, 4.5;1.925;4.0, 4.5;11.0;6.0;;6.0;4.0;10.0;167.0;124.0;100.0;TP-47;;0.0;1.0;2.1;1;2.0;2 - 2;4.1;SJK Akatemia II;;0.0;2.0;2.625;0;2.0;-0.25;11 - 6;6-4;4.25;1.75;73 - 51;35 - 31;31.0;35.0;58.0;42.0;2.0;4.0;1.0;5.0;;;;;;;;82.0;85.0;51.0;73.0;52.0;48.0;3.0;8.0;3.0;9.0;;[44 64 78 87];[1 2 2 2];[False False False False];['TP-47' 'SJK Akatemia II' 'SJK Akatemia II' 'TP-47'];[ 0  1  0 -1];[ 1  0 -1  0];['D' 'H' 'D' 'A'];['H' 'D' 'A' 'D'];0.68;0.22;0.1;0.98;0.02;0.0;2280.0;1008155.0;tp-47;sjk akatemia/2;1.22;1.2;Youth
2026-05-03;193194991;Denmark Superligaen;Denmark;11:00;Full;-0.4142204827136335;1.975;3.5;1.825;3.5;6.0;4.0;;3.0;2.0;5.0;179.0;105.0;100.0;FC Fredericia;10.0;0.0;1.0;4.2;2;3.0;3 - 3;4.333;FC Copenhagen;7.0;0.0;3.0;1.533;2;3.0;+1.0;6 - 4;3-2;3.5;1.5;41 - 64;27 - 32;32.0;27.0;60.0;40.0;6.0;6.0;2.0;4.0;;;;;;;;107.0;72.0;64.0;41.0;57.0;43.0;13.0;9.0;6.0;7.0;;[ 1 11 25 32 83 87];[1 1 1 1 2 2];[False False False False False False];"['FC Fredericia' 'FC Copenhagen' 'FC Fredericia' 'FC Copenhagen'
 'FC Fredericia' 'FC Copenhagen']";[0 1 0 1 0 1];[1 0 1 0 1 0];['D' 'H' 'D' 'H' 'D' 'H'];['H' 'D' 'H' 'D' 'H' 'D'];0.77;0.23;0.0;0.62;0.38;0.0;1302.0;1284.0;fc fredericia;fc copenhagen;1.53;1.44;
2026-05-03;193982325;Poland III Liga;Poland;11:00;Full;-0.11904761904761901;1.875;2.5, 3.0;1.925;2.5, 3.0;4.0;8.0;;0.0;3.0;3.0;138.0;59.0;100.0;LKS Lomza;;0.0;1.0;2.8;1;3.0;3 - 0;3.6;Legia Warsaw II;;0.0;2.0;2.1;0;0.0;+0.25;4 - 8;0-3;2.75;1.25;25 - 34;13 - 13;13.0;13.0;59.0;41.0;3.0;2.0;1.0;1.0;;;;;;;;80.0;58.0;34.0;25.0;64.0;36.0;8.0;6.0;2.0;3.0;;[11 53 96];[1 2 2];[False False  True];['LKS Lomza' 'LKS Lomza' 'LKS Lomza'];[0 1 2];[1 2 3];['D' 'H' 'H'];['H' 'H' 'H'];0.11;0.89;0.0;0.24;0.76;0.0;;3106.0;;legia warszawa;;;Youth
2026-05-03;193199394;Greece Super League 1;Greece;11:00;Full;-0.1367521367521367;1.9;2.5;1.9;2.5;3.0;7.0;;1.0;2.0;3.0;191.0;85.0;100.0;OFI Crete;;0.0;2.0;3.25;0;0.0;0 - 2;3.25;Aris Salonika;;0.0;4.0;2.25;1;2.0;+0.25;3 - 7;1-2;2.5;1.0;38 - 47;25 - 19;19.0;25.0;37.0;63.0;1.0;5.0;2.0;1.0;;;;;;;;86.0;105.0;47.0;38.0;42.0;58.0;8.0;10.0;3.0;1.0;;[11 86];[1 2];[False False];['Aris Salonika' 'Aris Salonika'];[ 0 -1];[-1 -2];['D' 'A'];['A' 'A'];0.12;0.0;0.88;0.24;0.0;0.76;3241.0;3252.0;ofi crete;aris thessaloniki;1.95;1.9;
2026-05-03;193918681;UAE Division 1;UAE;11:00;Full;0.050167224080267636;1.85;2.5;1.95;2.5;5.0;1.0;;2.0;1.0;3.0;98.0;86.0;100.0;Al Arabi Umm Al Quwain;;0.0;2.0;2.3;0;1.0;1 - 0;3.4;Emirates Club RAK;;0.0;0.0;2.6;0;0.0;0.0;5 - 1;2-1;2.5;1.0;47 - 39;18 - 22;22.0;18.0;51.0;49.0;0.0;0.0;2.0;1.0;;;;;;;;45.0;53.0;39.0;47.0;47.0;53.0;0.0;2.0;2.0;3.0;;[57];[2];[False];['Al Arabi Umm Al Quwain'];[0];[1];['D'];['H'];0.63;0.37;0.0;1.0;0.0;0.0;;;;;;;
2026-05-03;193918672;UAE Division 1;UAE;11:00;Full;0.11904761904761901;2.0;3.0;1.8;3.0;4.0;5.0;;3.0;2.0;5.0;122.0;105.0;100.0;Al Hamriyah;;0.0;2.0;2.1;2;3.0;3 - 2;3.6;Al Fujairah;;0.0;2.0;2.8;1;2.0;-0.25;4 - 5;3-2;3.0;1.25;43 - 62;25 - 24;24.0;25.0;48.0;52.0;0.0;2.0;6.0;5.0;;;;;;;;62.0;60.0;62.0;43.0;53.0;47.0;6.0;4.0;8.0;7.0;;[24 38 40 50 94];[1 1 1 2 2];[False False False False  True];['Al Fujairah' 'Al Hamriyah' 'Al Hamriyah' 'Al Hamriyah' 'Al Fujairah'];[ 0 -1  0  1  2];[-1  0  1  2  1];['D' 'A' 'D' 'H' 'H'];['A' 'D' 'H' 'H' 'H'];0.28;0.57;0.15;0.58;0.11;0.31;;;;;;;
2026-05-03;193199391;Greece Super League 1;Greece;11:00;Full;0.4784026773306107;1.875;2.5, 3.0;1.925;2.5, 3.0;3.0;4.0;;1.0;2.0;3.0;169.0;64.0;100.0;Levadiakos;;0.0;2.0;1.533;2;5.0;5 - 2;4.333;Volos NFC;;1.0;1.0;5.75;0;2.0;-1.0;3 - 4;1-2;2.75;1.25;24 - 40;15 - 28;28.0;15.0;47.0;53.0;2.0;2.0;4.0;3.0;;;;;;;;79.0;90.0;40.0;24.0;44.0;56.0;5.0;5.0;6.0;8.0;;[21 32 56 74 82 90 94];[1 1 2 2 2 2 2];[False False False False False False  True];"['Levadiakos' 'Levadiakos' 'Levadiakos' 'Levadiakos' 'Volos NFC'
 'Volos NFC' 'Levadiakos']";[0 1 2 3 4 3 2];[1 2 3 4 3 2 3];['D' 'H' 'H' 'H' 'H' 'H' 'H'];['H' 'H' 'H' 'H' 'H' 'H' 'H'];0.22;0.78;0.0;0.47;0.53;0.0;5063.0;373128.0;apo levadiakos fc;volos nps;1.9;1.8;
2026-05-03;193944100;Hungary NB III;Hungary;11:00;Full;0.23751023751023742;1.875;3.0;1.925;3.0;7.0;3.0;;5.0;3.0;8.0;143.0;113.0;;Debreceni VSC II;;0.0;0.0;1.85;3;5.0;5 - 1;3.75;Putnok;;1.0;0.0;3.3;1;1.0;-0.5;7 - 3;5-3;3.0;1.25;74 - 39;37 - 27;27.0;37.0;;;1.0;3.0;1.0;4.0;;;;;;;;71.0;72.0;39.0;74.0;;;1.0;9.0;2.0;6.0;;[34 38 45 48 72 80];[1 1 1 1 2 2];[False False False  True False False];"['Putnok' 'Debreceni VSC II' 'Debreceni VSC II' 'Debreceni VSC II'
 'Debreceni VSC II' 'Debreceni VSC II']";[ 0 -1  0  1  2  3];[-1  0  1  2  3  4];['D' 'A' 'D' 'H' 'H' 'H'];['A' 'D' 'H' 'H' 'H' 'H'];0.46;0.5;0.04;0.85;0.06;0.08;1921.0;;debreceni vsc;;;;Youth
2026-05-03;193836369;Austria Regionalliga Mitte;Austria;11:00;Full;-0.5664711632453567;1.95;3.5;1.85;3.5;4.0;6.0;;1.0;4.0;5.0;199.0;116.0;100.0;Deutschlandsberger SC;;0.0;1.0;6.0;0;1.0;1 - 3;4.75;ASK Voitsberg;;0.0;0.0;1.364;1;3.0;+1.5;4 - 6;1-4;3.5;1.5;48 - 68;21 - 35;35.0;21.0;57.0;43.0;1.0;1.0;3.0;3.0;;;;;;;;101.0;98.0;68.0;48.0;53.0;47.0;3.0;4.0;7.0;6.0;;[11 69 78 85];[1 2 2 2];[False False False False];['ASK Voitsberg' 'ASK Voitsberg' 'ASK Voitsberg' 'Deutschlandsberger SC'];[ 0 -1 -2 -3];[-1 -2 -3 -2];['D' 'A' 'A' 'A'];['A' 'A' 'A' 'A'];0.12;0.0;0.88;0.24;0.0;0.76;;;;;;;
2026-05-03;193914333;Luxembourg Division Nationale;Luxembourg;11:00;Full;-0.09090909090909088;1.975;2.5, 3.0;1.825;2.5, 3.0;5.0;1.0;;3.0;0.0;3.0;206.0;136.0;;Racing FC Union;;0.0;4.0;2.75;0;0.0;0 - 5;3.6;Atert Bissen;;0.0;1.0;2.2;3;5.0;+0.25;5 - 1;3-0;2.75;1.0;86 - 50;42 - 28;28.0;42.0;;;1.0;4.0;4.0;2.0;;;;;;;;81.0;125.0;50.0;86.0;;;1.0;12.0;7.0;6.0;;[18 20 22 54 62];[1 1 1 2 2];[False False False False False];"['Atert Bissen' 'Atert Bissen' 'Atert Bissen' 'Atert Bissen'
 'Atert Bissen']";[ 0 -1 -2 -3 -4];[-1 -2 -3 -4 -5];['D' 'A' 'A' 'A' 'A'];['A' 'A' 'A' 'A' 'A'];0.2;0.0;0.8;0.4;0.0;0.6;;;;;;;
2026-05-03;193914337;Luxembourg Division Nationale;Luxembourg;11:00;Full;0.1172901921132457;1.975;2.5;1.825;2.5;4.0;3.0;;1.0;2.0;3.0;186.0;99.0;100.0;Jeunesse Esch;;0.0;0.0;2.15;1;1.0;1 - 1;3.3;UT Petange;;0.0;1.0;2.875;1;1.0;-0.25;4 - 3;1-2;2.5;1.0;52 - 47;26 - 21;21.0;26.0;44.0;56.0;3.0;0.0;2.0;1.0;;;;;;;;82.0;104.0;47.0;52.0;43.0;57.0;5.0;6.0;5.0;4.0;;[18 20];[1 1];[False False];['Jeunesse Esch' 'UT Petange'];[0 1];[1 0];['D' 'H'];['H' 'D'];0.98;0.02;0.0;0.96;0.04;0.0;;;;;;;
2026-05-03;193914340;Luxembourg Division Nationale;Luxembourg;11:00;Full;0.30115830115830117;2.0;2.5;1.8;2.5;5.0;2.0;;4.0;1.0;5.0;187.0;93.0;100.0;FC 03 Differdange;;0.0;1.0;1.75;0;0.0;0 - 0;3.6;UNA Strassen;;0.0;0.0;3.7;0;0.0;-0.5;5 - 2;4-1;2.5;1.0;66 - 27;30 - 11;11.0;30.0;29.0;71.0;2.0;6.0;0.0;3.0;;;;;;;;80.0;107.0;27.0;66.0;36.0;64.0;5.0;12.0;1.0;6.0;;[];[];[];[];[];[];[];[];1.0;0.0;0.0;1.0;0.0;0.0;;;;;;;
2026-05-03;193877719;Faroe Islands Premier League;Faroe Islands;11:00;Full;0.7915573053368329;1.8;3.0, 3.5;2.0;3.0, 3.5;6.0;3.0;;2.0;1.0;3.0;205.0;136.0;100.0;KÍ Klaksvík;;0.0;4.0;1.143;0;0.0;0 - 0;7.5;Skala IF;;0.0;3.0;12.0;0;0.0;-2.25;6 - 3;2-1;3.25;1.5;98 - 38;38 - 18;18.0;38.0;27.0;73.0;3.0;2.0;0.0;2.0;;;;;;;;82.0;123.0;38.0;98.0;30.0;70.0;6.0;11.0;0.0;3.0;;[];[];[];[];[];[];[];[];1.0;0.0;0.0;1.0;0.0;0.0;;;;;;;
2026-05-03;193879940;Faroe Islands Premier League;Faroe Islands;11:00;Full;0.6153846153846153;1.925;3.0, 3.5;1.875;3.0, 3.5;0.0;7.0;;0.0;3.0;3.0;194.0;83.0;100.0;HB Torshavn;4.0;0.0;3.0;1.3;1;1.0;1 - 1;5.0;AB Argir;4.0;0.0;3.0;6.5;0;1.0;-1.5;0 - 7;0-3;3.25;1.25;29 - 54;18 - 21;21.0;18.0;59.0;41.0;0.0;0.0;0.0;1.0;;;;;;;;100.0;94.0;54.0;29.0;57.0;43.0;9.0;0.0;3.0;1.0;;[13 82];[1 2];[False False];['HB Torshavn' 'AB Argir'];[0 1];[1 0];['D' 'H'];['H' 'D'];0.23;0.77;0.0;0.29;0.71;0.0;;;;;;;
2026-05-03;193952782;Lithuania 1 Lyga;Lithuania;11:00;Full;0.09474590869939709;1.85;2.5, 3.0;1.95;2.5, 3.0;5.0;4.0;;1.0;3.0;4.0;199.0;42.0;100.0;FA Siauliai II;14.0;0.0;1.0;2.15;0;2.0;2 - 0;3.6;Hegelmann Litauen II;13.0;0.0;1.0;2.7;0;0.0;-0.25;5 - 4;1-3;2.75;1.25;17 - 25;2 - 17;17.0;2.0;48.0;52.0;1.0;0.0;4.0;0.0;;;;;;;;107.0;92.0;25.0;17.0;49.0;51.0;3.0;1.0;4.0;3.0;;[69 80];[2 2];[False False];['FA Siauliai II' 'FA Siauliai II'];[0 1];[1 2];['D' 'H'];['H' 'H'];0.77;0.23;0.0;1.0;0.0;0.0;557322.0;171484.0;fa siauliai;fc hegelmann kaunas;;;Youth
2026-05-03;193936576;England Isthmian Division One South;England;11:00;Full;-0.06238859180035644;1.825;2.5, 3.0;1.975;2.5, 3.0;2.0;6.0;;1.0;3.0;4.0;135.0;91.0;100.0;Westfield;;1.0;2.0;2.55;0;0.0;0 - 2;3.6;Hanworth Villa;;0.0;3.0;2.2;1;2.0;+0.25;2 - 6;1-3;2.75;1.25;42 - 49;23 - 27;27.0;23.0;50.0;50.0;2.0;1.0;1.0;0.0;;;;;;;;66.0;69.0;49.0;42.0;50.0;50.0;4.0;1.0;5.0;1.0;;[15 69];[1 2];[False False];['Hanworth Villa' 'Hanworth Villa'];[ 0 -1];[-1 -2];['D' 'A'];['A' 'A'];0.17;0.0;0.83;0.33;0.0;0.67;;;;;;;
2026-05-03;193918676;UAE Division 1;UAE;11:00;Full;0.024509803921568596;1.825;2.0, 2.5;1.975;2.0, 2.5;5.0;13.0;;3.0;1.0;4.0;170.0;159.0;100.0;Al Urooba;;0.0;2.0;2.4;0;1.0;1 - 0;3.3;Dibba Al Hisn;;0.0;3.0;2.55;0;0.0;0.0;5 - 13;3-1;2.25;1.0;82 - 77;44 - 23;23.0;44.0;50.0;50.0;3.0;7.0;1.0;0.0;;;;;;;;77.0;93.0;77.0;82.0;50.0;50.0;8.0;11.0;3.0;2.0;;[59];[2];[False];['Al Urooba'];[0];[1];['D'];['H'];0.66;0.34;0.0;1.0;0.0;0.0;;;;;;;
2026-05-03;193918703;UAE Division 1;UAE;11:00;Full;-0.6442307692307692;2.0;3.0, 3.5;1.8;3.0, 3.5;1.0;6.0;;0.0;3.0;3.0;160.0;108.0;100.0;Masfout CSC;;0.0;2.0;8.0;0;0.0;0 - 2;4.5;Dubai United;;0.0;0.0;1.3;1;2.0;+1.5;1 - 6;0-3;3.25;1.25;43 - 65;17 - 33;33.0;17.0;60.0;40.0;3.0;2.0;4.0;2.0;;;;;;;;90.0;70.0;65.0;43.0;58.0;42.0;8.0;7.0;6.0;3.0;;[28 94];[1 2];[False  True];['Dubai United' 'Dubai United'];[ 0 -1];[-1 -2];['D' 'A'];['A' 'A'];0.3;0.0;0.7;0.62;0.0;0.38;;779068.0;;dubai united fc;;;
2026-05-03;193926437;Argentina Torneo A;Argentina;11:00;Full;0.1515151515151515;1.825;1.5, 2.0;1.975;1.5, 2.0;1.0;6.0;;1.0;3.0;4.0;183.0;103.0;100.0;Fundacion Amigos;;0.0;4.0;2.2;1;4.0;4 - 0;2.75;Sportivo Atenas;;0.0;3.0;3.3;0;0.0;-0.25;1 - 6;1-3;1.75;0.75;50 - 53;27 - 28;28.0;27.0;46.0;54.0;0.0;2.0;1.0;1.0;;;;;;;;98.0;85.0;53.0;50.0;51.0;49.0;4.0;5.0;4.0;6.0;;[30 52 55 74];[1 2 2 2];[False False False False];"['Fundacion Amigos' 'Fundacion Amigos' 'Fundacion Amigos'
 'Fundacion Amigos']";[0 1 2 3];[1 2 3 4];['D' 'H' 'H' 'H'];['H' 'H' 'H' 'H'];0.33;0.67;0.0;0.67;0.33;0.0;;475492.0;;csb atenas;;;
2026-05-03;193918685;UAE Division 1;UAE;11:00;Full;-0.43009349858664936;1.95;3.0;1.85;3.0;6.0;7.0;;5.0;5.0;10.0;232.0;144.0;100.0;Al Ittifaq Dubai;;0.0;2.0;4.5;1;1.0;1 - 4;4.1;Hatta Dubai;;0.0;1.0;1.533;2;4.0;+1.0;6 - 7;5-5;3.0;1.25;58 - 86;24 - 47;47.0;24.0;61.0;39.0;4.0;5.0;6.0;7.0;;;;;;;;139.0;93.0;86.0;58.0;59.0;41.0;10.0;8.0;11.0;11.0;;[ 7 29 47 61 67];[1 1 1 2 2];[False False  True False False];"['Hatta Dubai' 'Hatta Dubai' 'Al Ittifaq Dubai' 'Hatta Dubai'
 'Hatta Dubai']";[ 0 -1 -2 -1 -2];[-1 -2 -1 -2 -3];['D' 'A' 'A' 'A' 'A'];['A' 'A' 'A' 'A' 'A'];0.08;0.0;0.92;0.15;0.0;0.85;;;;;;;
2026-05-03;193985594;Spain Tercera Group 13;Spain;11:00;Full;0.5542857142857143;1.875;2.5;1.925;2.5;3.0;9.0;;2.0;2.0;4.0;194.0;116.0;;UCAM Murcia CF B;;0.0;2.0;1.4;0;1.0;1 - 1;4.2;Muleno;;0.0;1.0;6.25;0;1.0;-1.25;3 - 9;2-2;2.5;1.0;43 - 73;20 - 23;23.0;20.0;;;5.0;4.0;4.0;3.0;;;;;;;;100.0;94.0;73.0;43.0;;;16.0;8.0;8.0;8.0;;[59 78];[2 2];[False False];['UCAM Murcia CF B' 'Muleno'];[0 1];[1 0];['D' 'H'];['H' 'D'];0.79;0.21;0.0;1.0;0.0;0.0;;;;;;;Youth
2026-05-03;193941433;Brazil Campeonato Catarinense U20;Brazil;11:00;Full;-0.5792916760658695;1.925;3.0;1.875;3.0;5.0;3.0;;1.0;2.0;3.0;143.0;107.0;100.0;Carlos Renaux U20;;1.0;2.0;6.5;1;1.0;1 - 6;4.333;Barra SC U20;;0.0;3.0;1.364;2;6.0;+1.5;5 - 3;1-2;3.0;1.25;37 - 70;15 - 35;35.0;15.0;66.0;34.0;3.0;2.0;3.0;2.0;;;;;;;;81.0;62.0;70.0;37.0;63.0;37.0;5.0;3.0;7.0;2.0;;[ 8 20 32 48 70 86 87];[1 1 1 2 2 2 2];[False False False False False False False];"['Barra SC U20' 'Carlos Renaux U20' 'Barra SC U20' 'Barra SC U20'
 'Barra SC U20' 'Barra SC U20' 'Barra SC U20']";[ 0 -1  0 -1 -2 -3 -4];[-1  0 -1 -2 -3 -4 -5];['D' 'A' 'D' 'A' 'A' 'A' 'A'];['A' 'D' 'A' 'A' 'A' 'A' 'A'];0.22;0.0;0.78;0.44;0.0;0.56;;291538.0;;barra fc sc;;;Youth
2026-05-03;193881010;Germany Bundesliga Women;Germany;11:00;Full;-0.36909304038107676;1.825;2.5, 3.0;1.975;2.5, 3.0;0.0;5.0;;0.0;3.0;3.0;170.0;59.0;100.0;Carl Zeiss Jena (W);;0.0;2.0;4.333;0;1.0;1 - 5;3.5;Freiburg (W);;0.0;2.0;1.667;3;5.0;+0.75;0 - 5;0-3;2.75;1.25;35 - 24;13 - 10;10.0;13.0;54.0;46.0;4.0;2.0;5.0;1.0;;;;;;;;76.0;94.0;24.0;35.0;53.0;47.0;9.0;6.0;9.0;4.0;;[ 1 34 42 62 63 87];[1 1 1 2 2 2];[False False False False False False];"['Freiburg (W)' 'Freiburg (W)' 'Freiburg (W)' 'Freiburg (W)'
 'Carl Zeiss Jena (W)' 'Freiburg (W)']";[ 0 -1 -2 -3 -4 -3];[-1 -2 -3 -4 -3 -4];['D' 'A' 'A' 'A' 'A' 'A'];['A' 'A' 'A' 'A' 'A' 'A'];0.01;0.0;0.99;0.02;0.0;0.98;2614.0;2538.0;fc carl zeiss jena;sc freiburg;;;Women
2026-05-03;193340881;Croatia HNL;Croatia;11:00;Full;-0.16522423288749022;1.8;2.0, 2.5;2.0;2.0, 2.5;1.0;1.0;;1.0;1.0;2.0;227.0;93.0;100.0;NK Lokomotiva Zagreb;5.0;0.0;3.0;3.1;0;0.0;0 - 3;3.1;HNK Rijeka;4.0;0.0;0.0;2.05;1;3.0;+0.25;1 - 1;1-1;2.25;1.0;44 - 49;16 - 30;30.0;16.0;55.0;45.0;2.0;1.0;1.0;1.0;;;;;;;;122.0;105.0;49.0;44.0;54.0;46.0;6.0;2.0;4.0;1.0;;[14 54 81];[1 2 2];[False False False];['HNK Rijeka' 'HNK Rijeka' 'HNK Rijeka'];[ 0 -1 -2];[-1 -2 -3];['D' 'A' 'A'];['A' 'A' 'A'];0.16;0.0;0.84;0.31;0.0;0.69;36246.0;2039.0;nk lokomotiva zagreb;hnk rijeka;1.8;1.83;
2026-05-03;193836342;Austria Landesliga;Austria;11:00;Full;0.49252077562326874;1.975;3.5;1.825;3.5;4.0;9.0;;2.0;3.0;5.0;197.0;117.0;100.0;ASV Siegendorf;;0.0;4.0;1.444;2;3.0;3 - 0;4.5;Jennersdorf;;0.0;3.0;5.0;0;0.0;-1.25;4 - 9;2-3;3.5;1.25;48 - 69;26 - 33;33.0;26.0;56.0;44.0;5.0;2.0;2.0;3.0;;;;;;;;105.0;92.0;69.0;48.0;59.0;41.0;7.0;3.0;6.0;5.0;;[14 40 65];[1 1 2];[False False False];['ASV Siegendorf' 'ASV Siegendorf' 'ASV Siegendorf'];[0 1 2];[1 2 3];['D' 'H' 'H'];['H' 'H' 'H'];0.16;0.84;0.0;0.31;0.69;0.0;;;;;;;
2026-05-03;193918691;UAE Division 1;UAE;11:00;Full;0.34346976758494446;1.85;2.5, 3.0;1.95;2.5, 3.0;3.0;10.0;;1.0;2.0;3.0;111.0;114.0;100.0;Al Thaid;;0.0;2.0;1.667;0;1.0;1 - 0;3.8;Al Jazira Al Hamra;;0.0;2.0;3.9;0;0.0;-0.75;3 - 10;1-2;2.75;1.25;54 - 60;33 - 26;26.0;33.0;44.0;56.0;0.0;6.0;2.0;4.0;;;;;;;;58.0;53.0;60.0;54.0;50.0;50.0;4.0;10.0;3.0;7.0;;[64];[2];[False];['Al Thaid'];[0];[1];['D'];['H'];0.71;0.29;0.0;1.0;0.0;0.0;;;;;;;
2026-05-03;193914309;Kazakhstan Premier League;Kazakhstan;11:00;Full;-0.4784026773306107;1.85;2.5;1.95;2.5;3.0;6.0;;3.0;3.0;6.0;123.0;95.0;100.0;FK Kaspyi Aktau;16.0;0.0;3.0;5.75;0;1.0;1 - 0;3.6;FC Astana;5.0;1.0;1.0;1.533;0;0.0;+1.0;3 - 6;3-3;2.5;1.0;46 - 49;19 - 26;26.0;19.0;60.0;40.0;3.0;2.0;2.0;1.0;;;;;;;;59.0;64.0;49.0;46.0;54.0;46.0;9.0;7.0;3.0;3.0;;[95];[2];[ True];['FK Kaspyi Aktau'];[0];[1];['D'];['H'];1.0;0.0;0.0;1.0;0.0;0.0;;;;;;;
2026-05-03;193828062;Argentina Championship Women;Argentina;11:00;Full;0.1515151515151515;1.9;2.0;1.9;2.0;9.0;1.0;;5.0;0.0;5.0;221.0;142.0;100.0;Racing Club (W);;0.0;2.0;2.2;1;1.0;1 - 0;2.8;San Lorenzo (W);;0.0;2.0;3.3;0;0.0;-0.25;9 - 1;5-0;2.0;0.75;84 - 58;48 - 23;23.0;48.0;49.0;51.0;2.0;2.0;1.0;1.0;;;;;;;;101.0;120.0;58.0;84.0;52.0;48.0;3.0;3.0;1.0;2.0;;[24];[1];[False];['Racing Club (W)'];[0];[1];['D'];['H'];0.27;0.73;0.0;0.53;0.47;0.0;3215.0;3201.0;racing club avellaneda;ca san lorenzo de almagro;;;Women
2026-05-03;193828055;Argentina Championship Women;Argentina;11:00;Full;0.4618395303326811;1.925;2.0, 2.5;1.875;2.0, 2.5;5.0;2.0;;3.0;0.0;3.0;216.0;155.0;100.0;Belgrano (W);;0.0;3.0;1.533;0;0.0;0 - 2;3.7;San Luis FC (W);;0.0;3.0;5.25;1;2.0;-1.0;5 - 2;3-0;2.25;1.0;121 - 34;49 - 10;10.0;49.0;42.0;58.0;0.0;4.0;1.0;1.0;;;;;;;;68.0;148.0;34.0;121.0;36.0;64.0;2.0;8.0;3.0;3.0;;[15 61];[1 2];[False False];['San Luis FC (W)' 'San Luis FC (W)'];[ 0 -1];[-1 -2];['D' 'A'];['A' 'A'];0.17;0.0;0.83;0.33;0.0;0.67;3203.0;;ca belgrano de cordoba;;;;Women
2026-05-03;193941593;Czechia 5. Liga;Czech Republic;11:00;Full;0.0;1.975;3.5;1.825;3.5;6.0;11.0;;0.0;5.0;5.0;225.0;121.0;;Banik Sokolov B;;0.0;0.0;2.25;2;4.0;4 - 1;4.5;Banik Kralovske Porici;;0.0;1.0;2.25;0;1.0;0.0;6 - 11;0-5;3.5;1.5;58 - 63;24 - 32;32.0;24.0;;;7.0;1.0;2.0;6.0;;;;;;;;120.0;105.0;63.0;58.0;;;7.0;6.0;7.0;11.0;;[20 25 78 87 90];[1 1 2 2 2];[False False False False False];"['Banik Sokolov B' 'Banik Sokolov B' 'Banik Sokolov B' 'Banik Sokolov B'
 'Banik Kralovske Porici']";[0 1 2 3 4];[1 2 3 4 3];['D' 'H' 'H' 'H' 'H'];['H' 'H' 'H' 'H' 'H'];0.22;0.78;0.0;0.44;0.56;0.0;;;;;;;Youth
2026-05-03;193953353;North Macedonia First League;North Macedonia;11:00;Full;0.39421301638587586;1.925;2.5, 3.0;1.875;2.5, 3.0;8.0;3.0;;5.0;1.0;6.0;109.0;74.0;100.0;Tikves Kavadarci;;1.0;2.0;1.6;1;1.0;1 - 1;3.9;Aresimi 1973;;0.0;3.0;4.333;1;1.0;-0.75;8 - 3;5-1;2.75;1.25;33 - 41;22 - 14;14.0;22.0;49.0;51.0;0.0;4.0;3.0;3.0;;;;;;;;59.0;50.0;41.0;33.0;59.0;41.0;6.0;5.0;5.0;3.0;;[24 29];[1 1];[False False];['Tikves Kavadarci' 'Aresimi 1973'];[0 1];[1 0];['D' 'H'];['H' 'D'];0.94;0.06;0.0;0.89;0.11;0.0;;;;;;;
2026-05-03;193953350;North Macedonia First League;North Macedonia;11:00;Full;0.7274215146555572;1.825;3.0;1.975;3.0;7.0;1.0;;5.0;0.0;5.0;288.0;169.0;100.0;FC Struga Trim & Lum;;1.0;2.0;1.222;0;0.0;0 - 1;5.5;AP Brera Strumica;;0.0;1.0;11.0;0;1.0;-2.0;7 - 1;5-0;3.0;1.25;124 - 45;69 - 22;22.0;69.0;34.0;66.0;1.0;8.0;1.0;5.0;;;;;;;;97.0;191.0;45.0;124.0;34.0;66.0;2.0;10.0;4.0;7.0;;[88];[2];[False];['AP Brera Strumica'];[0];[-1];['D'];['A'];0.98;0.0;0.02;1.0;0.0;0.0;;;;;;;
2026-05-03;193947546;Serbia Prva Liga;Serbia;11:00;Full;0.30745849894786065;1.75;2.0;2.05;2.0;7.0;4.0;;3.0;3.0;6.0;215.0;116.0;100.0;FK Graficar Beograd;;0.0;0.0;1.833;0;0.0;0 - 1;3.1;FK Tekstilac Odzaci;;0.0;2.0;4.2;0;1.0;-0.5;7 - 4;3-3;2.0;0.75;59 - 57;32 - 26;26.0;32.0;39.0;61.0;1.0;5.0;1.0;3.0;;;;;;;;101.0;114.0;57.0;59.0;37.0;63.0;6.0;12.0;4.0;4.0;;[72];[2];[False];['FK Tekstilac Odzaci'];[0];[-1];['D'];['A'];0.8;0.0;0.2;1.0;0.0;0.0;;;;;;;
2026-05-03;193914345;Luxembourg Division Nationale;Luxembourg;11:00;Full;-0.050167224080267636;1.825;2.5;1.975;2.5;7.0;4.0;;5.0;4.0;9.0;154.0;74.0;100.0;FC Rodange;;1.0;3.0;2.6;0;0.0;0 - 3;3.3;UN Kaerjeng;;0.0;4.0;2.3;2;3.0;0.0;7 - 4;5-4;2.5;1.0;35 - 39;15 - 21;21.0;15.0;48.0;52.0;7.0;1.0;5.0;1.0;;;;;;;;81.0;73.0;39.0;35.0;48.0;52.0;11.0;5.0;7.0;1.0;;[26 38 87];[1 1 2];[False False False];['UN Kaerjeng' 'UN Kaerjeng' 'UN Kaerjeng'];[ 0 -1 -2];[-1 -2 -3];['D' 'A' 'A'];['A' 'A' 'A'];0.29;0.0;0.71;0.58;0.0;0.42;;;;;;;
2026-05-03;193941248;Israel Youth League;Israel;11:00;Full;-0.4143743067084565;1.8;3.0;2.0;3.0;5.0;11.0;;4.0;5.0;9.0;154.0;92.0;100.0;Beitar Jerusalem U19;;0.0;2.0;4.333;0;1.0;1 - 2;4.0;Hapoel Tel Aviv U19;;0.0;2.0;1.55;1;2.0;+1.0;5 - 11;4-5;3.0;1.25;47 - 45;25 - 18;18.0;25.0;52.0;48.0;2.0;3.0;5.0;5.0;;;;;;;;76.0;78.0;45.0;47.0;53.0;47.0;3.0;4.0;11.0;7.0;;[40 50 96];[1 2 2];[False False  True];['Hapoel Tel Aviv U19' 'Beitar Jerusalem U19' 'Hapoel Tel Aviv U19'];[ 0 -1  0];[-1  0 -1];['D' 'A' 'D'];['A' 'D' 'A'];0.9;0.0;0.1;0.89;0.0;0.11;5204.0;;beitar jerusalem fc;;;;Youth
2026-05-03;193108895;Spain Primera Division RFEF Group 1;Spain;11:00;Full;0.17948717948717957;1.9;2.5;1.9;2.5;6.0;5.0;;5.0;3.0;8.0;0.0;0.0;100.0;Athletic Bilbao B;;0.0;4.0;1.95;1;2.0;2 - 2;3.9;Ourense CF;;0.0;2.0;3.0;1;2.0;-0.25;6 - 5;5-3;2.5;1.0;-;-;0.0;0.0;47.0;53.0;0.0;0.0;1.0;1.0;;;;;;;;0.0;0.0;0.0;0.0;51.0;49.0;0.0;0.0;2.0;2.0;;[30 45 48 90];[1 1 2 2];[False False False False];['Ourense CF' 'Athletic Bilbao B' 'Athletic Bilbao B' 'Ourense CF'];[ 0 -1  0  1];[-1  0  1  0];['D' 'A' 'D' 'H'];['A' 'D' 'H' 'D'];0.37;0.47;0.17;0.67;0.0;0.33;24324.0;369052.0;athletic bilbao b;ourense cf;2.1;1.83;Youth
2026-05-03;193946896;Iceland 1 Deild Women;Iceland;11:00;Full;0.4820031298904539;1.8;3.5, 4.0;2.0;3.5, 4.0;11.0;3.0;;4.0;1.0;5.0;266.0;172.0;;KR Reykjavik (W);;0.0;2.0;1.42;0;4.0;4 - 3;5.25;Selfoss (W);;0.0;0.0;4.5;1;3.0;-1.25;11 - 3;4-1;3.75;1.75;106 - 66;53 - 31;31.0;53.0;;;0.0;2.0;3.0;2.0;;;;;;;;119.0;147.0;66.0;106.0;;;3.0;2.0;6.0;9.0;;[18 49 54 64 76 83 86];[1 2 2 2 2 2 2];[False False False False False False False];"['Selfoss (W)' 'KR Reykjavik (W)' 'KR Reykjavik (W)' 'KR Reykjavik (W)'
 'KR Reykjavik (W)' 'Selfoss (W)' 'Selfoss (W)']";[ 0 -1  0  1  2  3  2];[-1  0  1  2  3  2  1];['D' 'A' 'D' 'H' 'H' 'H' 'H'];['A' 'D' 'H' 'H' 'H' 'H' 'H'];0.26;0.4;0.34;0.4;0.0;0.6;1902.0;;kr reykjavik;;;;Women
2026-05-03;193981552;Portugal Campeonato Nacional Women;Portugal;11:00;Full;0.025531914893617003;1.85;2.5, 3.0;1.95;2.5, 3.0;5.0;10.0;;2.0;4.0;6.0;167.0;127.0;100.0;SF Damaiense (W);;0.0;1.0;2.35;1;1.0;1 - 2;3.5;Maritimo (W);;0.0;2.0;2.5;1;2.0;0.0;5 - 10;2-4;2.75;1.25;61 - 66;30 - 30;30.0;30.0;47.0;53.0;3.0;5.0;2.0;1.0;;;;;;;;80.0;87.0;66.0;61.0;50.0;50.0;4.0;8.0;3.0;2.0;;[21 38 90];[1 1 2];[False False False];['SF Damaiense (W)' 'Maritimo (W)' 'Maritimo (W)'];[0 1 0];[ 1  0 -1];['D' 'H' 'D'];['H' 'D' 'A'];0.81;0.19;0.0;0.62;0.38;0.0;;3007.0;;maritimo madeira;;;Women
2026-05-03;193918695;UAE Division 1;UAE;11:00;Full;0.20512820512820518;1.875;2.5, 3.0;1.925;2.5, 3.0;5.0;3.0;;2.0;1.0;3.0;129.0;96.0;100.0;Dubai City;;0.0;3.0;1.95;0;0.0;0 - 3;3.4;Majd FC;;0.0;4.0;3.25;1;3.0;-0.5;5 - 3;2-1;2.75;1.25;59 - 37;20 - 19;19.0;20.0;50.0;50.0;1.0;2.0;3.0;2.0;;;;;;;;70.0;59.0;37.0;59.0;46.0;54.0;2.0;7.0;7.0;3.0;;[40 47 68];[1 2 2];[False False False];['Majd FC' 'Majd FC' 'Majd FC'];[ 0 -1 -2];[-1 -2 -3];['D' 'A' 'A'];['A' 'A' 'A'];0.44;0.0;0.56;0.89;0.0;0.11;;;;;;;
2026-05-03;193879915;Egypt Division 1;Egypt;11:00;Full;-0.17676767676767674;1.9;1.5, 2.0;1.9;1.5, 2.0;4.0;6.0;;2.0;4.0;6.0;184.0;91.0;100.0;Haras El Hedoud;18.0;0.0;1.0;3.6;0;0.0;0 - 0;2.8;Talaea El Geish;14.0;0.0;2.0;2.2;0;0.0;+0.25;4 - 6;2-4;1.75;0.75;44 - 47;17 - 23;23.0;17.0;60.0;40.0;0.0;1.0;4.0;1.0;;;;;;;;87.0;97.0;47.0;44.0;56.0;44.0;5.0;8.0;6.0;2.0;;[];[];[];[];[];[];[];[];1.0;0.0;0.0;1.0;0.0;0.0;43566.0;43561.0;haras el hodood;talaea el gaish;2.37;2.5;
2026-05-03;193879922;Egypt Division 1;Egypt;11:00;Full;0.15873015873015872;1.9;1.5, 2.0;1.9;1.5, 2.0;2.0;3.0;;1.0;0.0;1.0;187.0;68.0;100.0;ZED FC;8.0;0.0;2.0;2.25;1;2.0;2 - 2;2.75;El Gounah;10.0;1.0;5.0;3.5;2;2.0;-0.25;2 - 3;1-0;1.75;0.75;52 - 16;18 - 7;7.0;18.0;35.0;65.0;1.0;4.0;2.0;1.0;;;;;;;;73.0;114.0;16.0;52.0;33.0;67.0;3.0;13.0;3.0;2.0;;[30 33 47 65];[1 1 1 2];[False False  True False];['El Gounah' 'El Gounah' 'ZED FC' 'ZED FC'];[ 0 -1 -2 -1];[-1 -2 -1  0];['D' 'A' 'A' 'A'];['A' 'A' 'A' 'D'];0.61;0.0;0.39;0.64;0.0;0.36;249057.0;43565.0;zed fc;el gouna fc;2.5;2.5;
2026-05-03;193914349;Luxembourg Division Nationale;Luxembourg;11:00;Full;0.2514360899842752;1.9;2.5, 3.0;1.9;2.5, 3.0;10.0;2.0;;2.0;1.0;3.0;174.0;99.0;100.0;US Hostert;;1.0;5.0;1.833;0;4.0;4 - 2;3.6;FC Mamer 32;;0.0;1.0;3.4;1;2.0;-0.5;10 - 2;2-1;2.75;1.25;60 - 39;30 - 16;16.0;30.0;32.0;68.0;0.0;10.0;1.0;2.0;;;;;;;;83.0;91.0;39.0;60.0;38.0;62.0;1.0;15.0;3.0;9.0;;[35 54 66 82 89 95];[1 2 2 2 2 2];[False False False False False  True];"['FC Mamer 32' 'US Hostert' 'US Hostert' 'FC Mamer 32' 'US Hostert'
 'US Hostert']";[ 0 -1  0  1  0  1];[-1  0  1  0  1  2];['D' 'A' 'D' 'H' 'D' 'H'];['A' 'D' 'H' 'D' 'H' 'H'];0.57;0.23;0.2;0.78;0.0;0.22;;;;;;;
2026-05-03;193190238;Belgium First Division A;Belgium;11:00;Full;0.34064158781444726;1.825;2.5;1.975;2.5;7.0;3.0;;6.0;1.0;7.0;203.0;83.0;100.0;Antwerp;;1.0;2.0;1.75;0;0.0;0 - 5;3.75;Standard Liege;;0.0;0.0;4.333;3;5.0;-0.5;7 - 3;6-1;2.5;1.0;59 - 24;33 - 13;13.0;33.0;35.0;65.0;2.0;4.0;5.0;3.0;;;;;;;;53.0;150.0;24.0;59.0;36.0;64.0;7.0;5.0;8.0;7.0;;[33 38 43 48 62];[1 1 1 2 2];[False False False False False];"['Standard Liege' 'Standard Liege' 'Standard Liege' 'Standard Liege'
 'Standard Liege']";[ 0 -1 -2 -3 -4];[-1 -2 -3 -4 -5];['D' 'A' 'A' 'A' 'A'];['A' 'A' 'A' 'A' 'A'];0.37;0.0;0.63;0.73;0.0;0.27;2889.0;2901.0;royal antwerp fc;standard liege;1.8;1.8;
2026-05-03;193946906;Norway Division 2 Group 1;Norway;11:00;Full;-0.36215816703621584;1.8;2.5;2.0;2.5;3.0;9.0;;1.0;2.0;3.0;218.0;165.0;100.0;Pors Grenland;;0.0;0.0;4.1;0;0.0;0 - 0;3.6;Sotra;;0.0;2.0;1.65;0;0.0;+0.75;3 - 9;1-2;2.5;1.0;70 - 95;33 - 43;43.0;33.0;60.0;40.0;9.0;3.0;0.0;0.0;;;;;;;;123.0;95.0;95.0;70.0;61.0;39.0;17.0;5.0;1.0;0.0;;[];[];[];[];[];[];[];[];1.0;0.0;0.0;1.0;0.0;0.0;729.0;94839.0;pors grenland;sotra sk;1.8;1.8;
2026-05-03;193108892;Spain Primera Division RFEF Group 1;Spain;11:00;Full;0.10797342192691028;1.85;2.5, 3.0;1.95;2.5, 3.0;6.0;2.0;;1.0;0.0;1.0;170.0;75.0;100.0;Merida;;0.0;3.0;2.15;0;0.0;0 - 2;3.5;Lugo;;0.0;5.0;2.8;2;2.0;-0.25;6 - 2;1-0;2.75;1.0;53 - 22;24 - 16;16.0;24.0;48.0;52.0;0.0;5.0;2.0;1.0;;;;;;;;81.0;89.0;22.0;53.0;42.0;58.0;3.0;11.0;2.0;5.0;;[ 7 34];[1 1];[False False];['Lugo' 'Lugo'];[ 0 -1];[-1 -2];['D' 'A'];['A' 'A'];0.08;0.0;0.92;0.16;0.0;0.84;24351.0;24332.0;merida ad;cd lugo;2.0;1.66;
2026-05-03;193941244;Israel Youth League;Israel;11:00;Full;-0.15447154471544722;1.85;2.5, 3.0;1.95;2.5, 3.0;8.0;5.0;;5.0;3.0;8.0;143.0;122.0;;Maccabi Petach Tikva U19;;0.0;2.0;3.0;0;1.0;1 - 0;3.5;Maccabi Haifa U19;;0.0;1.0;2.05;0;0.0;+0.25;8 - 5;5-3;2.75;1.25;60 - 62;28 - 31;31.0;28.0;;;2.0;4.0;2.0;3.0;;;;;;;;72.0;71.0;62.0;60.0;;;7.0;9.0;6.0;7.0;;[75];[2];[False];['Maccabi Petach Tikva U19'];[0];[1];['D'];['H'];0.83;0.17;0.0;1.0;0.0;0.0;5333.0;5197.0;maccabi petah tikva fc;maccabi haifa fc;;;Youth
2026-05-03;193936271;Finland Kakkonen Group C;Finland;11:00;Full;0.4215287371947474;1.85;4.0;1.95;4.0;8.0;3.0;;5.0;3.0;8.0;145.0;133.0;100.0;VPS-J;;0.0;2.0;1.533;0;2.0;2 - 2;5.5;Narpes Kraft;;0.0;1.0;4.333;0;2.0;-1.25;8 - 3;5-3;4.0;1.75;94 - 39;44 - 24;24.0;44.0;36.0;64.0;1.0;9.0;0.0;0.0;;;;;;;;87.0;58.0;39.0;94.0;39.0;61.0;6.0;18.0;3.0;3.0;;[49 57 78 85];[2 2 2 2];[False False False False];['VPS-J' 'Narpes Kraft' 'VPS-J' 'Narpes Kraft'];[0 1 0 1];[1 0 1 0];['D' 'H' 'D' 'H'];['H' 'D' 'H' 'D'];0.83;0.17;0.0;1.0;0.0;0.0;22397.0;2296.0;vps akatemia;narpes kraft;1.53;1.33;
2026-05-03;192946781;Spain La Liga;Spain;11:15;Full;0.28573923021277653;2.025;2.0;1.825;2.0;4.0;1.0;;2.0;0.0;2.0;177.0;68.0;100.0;Getafe;8.0;0.0;3.0;1.909;0;0.0;0 - 2;3.4;Rayo Vallecano;14.0;0.0;5.0;4.2;1;2.0;-0.5;4 - 1;2-0;2.0;0.75;53 - 15;28 - 13;13.0;28.0;54.0;46.0;3.0;3.0;2.0;0.0;;;;;;;;76.0;101.0;15.0;53.0;44.0;56.0;4.0;10.0;6.0;3.0;;[38 73];[1 2];[False False];['Rayo Vallecano' 'Rayo Vallecano'];[ 0 -1];[-1 -2];['D' 'A'];['A' 'A'];0.42;0.0;0.58;0.84;0.0;0.16;2859.0;2818.0;getafe cf;rayo vallecano;2.2;2.2;
2026-05-03;193914407;Uzbekistan PFL;Uzbekistan;11:15;Full;-0.3498800239952009;1.925;2.5, 3.0;1.875;2.5, 3.0;0.0;11.0;;0.0;4.0;4.0;134.0;85.0;100.0;Termez Surkhon;;0.0;2.0;4.0;1;1.0;1 - 1;3.6;Pakhtakor Tashkent;;0.0;2.0;1.667;0;1.0;+0.75;0 - 11;0-4;2.75;1.25;38 - 47;16 - 21;21.0;16.0;56.0;44.0;5.0;2.0;4.0;1.0;;;;;;;;69.0;65.0;47.0;38.0;60.0;40.0;11.0;5.0;11.0;1.0;;[41 91];[1 2];[False  True];['Termez Surkhon' 'Pakhtakor Tashkent'];[0 1];[1 0];['D' 'H'];['H' 'D'];0.45;0.55;0.0;0.91;0.09;0.0;;;;;;;
2026-05-03;192946437;Spain Segunda;Spain;11:15;Full;0.49275362318840576;1.825;2.5, 3.0;1.975;2.5, 3.0;6.0;2.0;;2.0;0.0;2.0;225.0;81.0;100.0;Sporting Gijon;;0.0;4.0;1.5;1;1.0;1 - 2;4.5;AD Ceuta;;0.0;3.0;5.75;2;2.0;-1.0;6 - 2;2-0;2.75;1.25;49 - 32;25 - 13;13.0;25.0;57.0;43.0;2.0;1.0;5.0;2.0;;;;;;;;95.0;130.0;32.0;49.0;54.0;46.0;8.0;8.0;9.0;3.0;;[25 28 30];[1 1 1];[False False False];['AD Ceuta' 'AD Ceuta' 'Sporting Gijon'];[ 0 -1 -2];[-1 -2 -1];['D' 'A' 'A'];['A' 'A' 'A'];0.28;0.0;0.72;0.56;0.0;0.44;2852.0;2869.0;sporting gijon;ad ceuta;1.8;1.8;
2026-05-03;193949251;Slovakia 3. Liga;Slovakia;11:30;Full;-0.23751023751023742;1.95;3.0, 3.5;1.85;3.0, 3.5;6.0;4.0;;5.0;2.0;7.0;233.0;163.0;100.0;FC Petrzalka B;;0.0;1.0;3.3;1;1.0;1 - 1;3.75;SK 1923 Gabcikovo;;0.0;2.0;1.85;0;1.0;+0.5;6 - 4;5-2;3.25;1.25;92 - 71;56 - 33;33.0;56.0;41.0;59.0;3.0;5.0;0.0;2.0;;;;;;;;109.0;124.0;71.0;92.0;47.0;53.0;8.0;9.0;3.0;3.0;;[45 57];[1 2];[False False];['FC Petrzalka B' 'SK 1923 Gabcikovo'];[0 1];[1 0];['D' 'H'];['H' 'D'];0.87;0.13;0.0;1.0;0.0;0.0;;;;;;;Youth
2026-05-03;192998005;UEFA Women's Champions League;International (Europe);11:30;Full;0.8222222222222222;1.9;4.0;1.9;4.0;9.0;3.0;;6.0;1.0;7.0;170.0;89.0;100.0;Barcelona (W);;0.0;1.0;1.125;2;4.0;4 - 2;8.0;Bayern Munich (W);;0.0;1.0;15.0;1;2.0;-2.5;9 - 3;6-1;4.0;1.75;57 - 32;42 - 14;14.0;42.0;33.0;67.0;3.0;11.0;1.0;5.0;;;;;;;;54.0;116.0;32.0;57.0;33.0;67.0;8.0;13.0;4.0;10.0;;[13 17 22 55 58 71];[1 1 1 2 2 2];[False False False False False False];"['Barcelona (W)' 'Bayern Munich (W)' 'Barcelona (W)' 'Barcelona (W)'
 'Barcelona (W)' 'Bayern Munich (W)']";[0 1 0 1 2 3];[1 0 1 2 3 2];['D' 'H' 'D' 'H' 'H' 'H'];['H' 'D' 'H' 'H' 'H' 'H'];0.2;0.8;0.0;0.4;0.6;0.0;2817.0;2672.0;fc barcelona;bayern munich;;;Women
2026-05-03;193941609;Czechia 5. Liga;Czech Republic;11:30;Full;0.21222040370976542;1.95;3.0, 3.5;1.85;3.0, 3.5;4.0;4.0;;3.0;3.0;6.0;221.0;135.0;;TJ Sokol Pohled;;0.0;1.0;1.833;1;1.0;1 - 3;4.333;Luka nad Jihlavou;;0.0;1.0;3.0;2;3.0;-0.5;4 - 4;3-3;3.25;1.25;67 - 68;30 - 33;33.0;30.0;;;2.0;3.0;4.0;4.0;;;;;;;;111.0;110.0;68.0;67.0;;;4.0;6.0;6.0;11.0;;[ 7 32 37 83];[1 1 1 2];[False False False False];"['TJ Sokol Pohled' 'Luka nad Jihlavou' 'Luka nad Jihlavou'
 'Luka nad Jihlavou']";[ 0  1  0 -1];[ 1  0 -1 -2];['D' 'H' 'D' 'A'];['H' 'D' 'A' 'A'];0.13;0.28;0.59;0.27;0.56;0.18;;;;;;;
2026-05-03;192501219;England Premier League;England;11:30;Full;0.06838905775075987;1.875;3.0;1.975;3.0;3.0;2.0;;2.0;0.0;2.0;202.0;82.0;100.0;Man Utd;3.0;0.0;2.0;2.35;2;3.0;3 - 2;3.7;Liverpool;4.0;0.0;2.0;2.8;0;2.0;-0.25;3 - 2;2-0;3.0;1.25;32 - 50;17 - 23;23.0;17.0;61.0;39.0;3.0;5.0;1.0;3.0;;;;;;;;129.0;73.0;50.0;32.0;62.0;38.0;8.0;12.0;5.0;6.0;;[ 6 14 47 56 77];[1 1 2 2 2];[False False False False False];['Man Utd' 'Man Utd' 'Liverpool' 'Liverpool' 'Man Utd'];[0 1 2 1 0];[1 2 1 0 1];['D' 'H' 'H' 'H' 'D'];['H' 'H' 'H' 'D' 'H'];0.3;0.7;0.0;0.13;0.87;0.0;35.0;44.0;manchester united;liverpool fc;1.44;1.44;
2026-05-03;192609728;Switzerland Super League;Switzerland;11:30;Full;-0.10971786833855796;1.925;3.0;1.875;3.0;2.0;3.0;;0.0;1.0;1.0;217.0;101.0;100.0;Grasshoppers;11.0;1.0;2.0;2.9;0;0.0;0 - 2;3.7;Servette;8.0;0.0;2.0;2.2;1;2.0;+0.25;2 - 3;0-1;3.0;1.25;15 - 86;5 - 35;35.0;5.0;54.0;46.0;5.0;3.0;2.0;0.0;;;;;;;;138.0;79.0;86.0;15.0;61.0;39.0;13.0;9.0;5.0;0.0;;[34 51];[1 2];[False False];['Servette' 'Servette'];[ 0 -1];[-1 -2];['D' 'A'];['A' 'A'];0.38;0.0;0.62;0.76;0.0;0.24;2449.0;2448.0;grasshopper club zurich;servette geneva;1.57;1.5;
2026-05-03;193931908;Czechia 4. Liga;Czech Republic;11:30;Full;0.43009349858664936;1.825;2.5, 3.0;1.975;2.5, 3.0;9.0;5.0;;4.0;1.0;5.0;183.0;116.0;;SK Zdirec Nad Doubravou;;0.0;0.0;1.533;1;2.0;2 - 0;4.1;TJ Dalnice Sperice;;0.0;3.0;4.5;0;0.0;-1.0;9 - 5;4-1;2.75;1.25;71 - 45;39 - 20;20.0;39.0;;;2.0;1.0;0.0;4.0;;;;;;;;90.0;93.0;45.0;71.0;;;4.0;8.0;0.0;6.0;;[31 85];[1 2];[False False];['SK Zdirec Nad Doubravou' 'SK Zdirec Nad Doubravou'];[0 1];[1 2];['D' 'H'];['H' 'H'];0.34;0.66;0.0;0.69;0.31;0.0;;;;;;;
2026-05-03;193931900;Czechia 4. Liga;Czech Republic;11:30;Full;0.465149359886202;1.975;3.5;1.825;3.5;5.0;8.0;;0.0;0.0;0.0;157.0;78.0;100.0;FK Bospor Bohumin;;0.0;3.0;1.48;0;1.0;1 - 2;4.5;Opava B;;0.0;1.0;4.75;2;2.0;-1.25;5 - 8;0-0;3.5;1.5;37 - 41;19 - 21;21.0;19.0;50.0;50.0;4.0;7.0;3.0;2.0;;;;;;;;75.0;82.0;41.0;37.0;49.0;51.0;12.0;15.0;6.0;4.0;;[ 1 20 78];[1 1 2];[False False False];['Opava B' 'Opava B' 'FK Bospor Bohumin'];[ 0 -1 -2];[-1 -2 -1];['D' 'A' 'A'];['A' 'A' 'A'];0.01;0.0;0.99;0.02;0.0;0.98;;2215.0;;sfc opava;;;Youth
2026-05-03;193931902;Czechia 4. Liga;Czech Republic;11:30;Full;0.018115942028985532;2.0;3.0, 3.5;1.8;3.0, 3.5;8.0;1.0;;0.0;0.0;0.0;159.0;76.0;100.0;SK Sulko Zabreh;;0.0;0.0;2.3;0;1.0;1 - 1;3.8;SSK Bilovec;;0.0;2.0;2.4;0;1.0;0.0;8 - 1;0-0;3.25;1.25;32 - 44;15 - 24;24.0;15.0;61.0;39.0;1.0;2.0;3.0;4.0;;;;;;;;80.0;79.0;44.0;32.0;61.0;39.0;4.0;7.0;6.0;7.0;;[48 73];[2 2];[False False];['SSK Bilovec' 'SK Sulko Zabreh'];[ 0 -1];[-1  0];['D' 'A'];['A' 'D'];0.72;0.0;0.28;1.0;0.0;0.0;;;;;;;
2026-05-03;192609733;Switzerland Super League;Switzerland;11:30;Full;0.16666666666666669;1.8;3.0;2.0;3.0;7.0;2.0;;3.0;0.0;3.0;202.0;96.0;100.0;Lugano;4.0;0.0;1.0;2.0;0;1.0;1 - 0;3.7;Young Boys;6.0;0.0;4.0;3.0;0;0.0;-0.25;7 - 2;3-0;3.0;1.25;40 - 56;19 - 34;34.0;19.0;43.0;57.0;4.0;3.0;1.0;1.0;;;;;;;;123.0;79.0;56.0;40.0;47.0;53.0;15.0;10.0;1.0;6.0;;[84];[2];[False];['Lugano'];[0];[1];['D'];['H'];0.93;0.07;0.0;1.0;0.0;0.0;2443.0;2445.0;fc lugano;young boys bern;1.44;1.44;
2026-05-03;193877259;Czechia 3. Liga;Czech Republic;11:30;Full;0.06238859180035644;1.95;3.0;1.85;3.0;2.0;5.0;;1.0;3.0;4.0;239.0;193.0;100.0;Polanka;;0.0;1.0;2.2;0;1.0;1 - 2;3.75;FK Blansko;;0.0;1.0;2.55;1;2.0;-0.25;2 - 5;1-3;3.0;1.25;96 - 97;42 - 54;54.0;42.0;50.0;50.0;0.0;1.0;7.0;1.0;;;;;;;;102.0;137.0;97.0;96.0;43.0;57.0;2.0;4.0;9.0;6.0;;[26 56 72];[1 2 2];[False False False];['FK Blansko' 'Polanka' 'FK Blansko'];[ 0 -1  0];[-1  0 -1];['D' 'A' 'D'];['A' 'D' 'A'];0.47;0.0;0.53;0.58;0.0;0.42;;;;;;;
2026-05-03;193887693;India League Women;India;11:30;Full;0.8222222222222222;1.9;3.5, 4.0;1.9;3.5, 4.0;3.0;5.0;;1.0;3.0;4.0;260.0;186.0;;East Bengal Club (W);;1.0;2.0;1.125;1;2.0;2 - 1;7.5;Gokulam Kerala FC (W);;0.0;2.0;15.0;0;1.0;-2.5;3 - 5;1-3;3.75;1.5;102 - 84;52 - 47;47.0;52.0;;;1.0;1.0;2.0;2.0;;;;;;;;106.0;154.0;84.0;102.0;;;2.0;6.0;6.0;5.0;;[ 6 66 70];[1 2 2];[False False False];['East Bengal Club (W)' 'East Bengal Club (W)' 'Gokulam Kerala FC (W)'];[0 1 2];[1 2 1];['D' 'H' 'H'];['H' 'H' 'H'];0.07;0.93;0.0;0.13;0.87;0.0;40655.0;;sc east bengal;;;;Women
2026-05-03;193941595;Czechia 5. Liga;Czech Republic;11:30;Full;0.8321678321678321;2.0;4.0;1.8;4.0;9.0;2.0;;6.0;1.0;7.0;256.0;170.0;;SK Olympia Rajecko;;0.0;1.0;1.1;0;2.0;2 - 0;8.0;FC Ivancice;;0.0;1.0;13.0;0;0.0;-2.75;9 - 2;6-1;4.0;1.5;114 - 56;49 - 24;24.0;49.0;;;1.0;3.0;1.0;0.0;;;;;;;;101.0;155.0;56.0;114.0;;;3.0;5.0;1.0;5.0;;[72 81];[2 2];[False False];['SK Olympia Rajecko' 'SK Olympia Rajecko'];[0 1];[1 2];['D' 'H'];['H' 'H'];0.8;0.2;0.0;1.0;0.0;0.0;;;;;;;
2026-05-03;193887690;India League Women;India;11:30;Full;0.3123721289326385;1.85;2.5, 3.0;1.95;2.5, 3.0;4.0;4.0;;1.0;3.0;4.0;253.0;176.0;;Nita FA (W);;0.0;0.0;1.727;0;0.0;0 - 0;3.75;Garhwal United (W);;0.0;0.0;3.75;0;0.0;-0.75;4 - 4;1-3;2.75;1.25;108 - 68;43 - 36;36.0;43.0;;;4.0;5.0;3.0;0.0;;;;;;;;125.0;128.0;68.0;108.0;;;7.0;15.0;3.0;2.0;;[];[];[];[];[];[];[];[];1.0;0.0;0.0;1.0;0.0;0.0;;;;;;;Women
2026-05-03;193836373;Azerbaijan Premier League;Azerbaijan;11:30;Full;0.350140056022409;1.875;2.0, 2.5;1.925;2.0, 2.5;8.0;3.0;;0.0;1.0;1.0;223.0;155.0;100.0;Zira IK;5.0;0.0;3.0;1.7;0;1.0;1 - 0;3.5;FK Qabala;11.0;0.0;0.0;4.2;0;0.0;-1.0;8 - 3;0-1;2.25;1.0;84 - 71;21 - 35;35.0;21.0;34.0;66.0;6.0;0.0;2.0;0.0;;;;;;;;106.0;117.0;71.0;84.0;35.0;65.0;10.0;6.0;3.0;2.0;;[78];[2];[False];['Zira IK'];[0];[1];['D'];['H'];0.87;0.13;0.0;1.0;0.0;0.0;;;;;;;
2026-05-03;192946947;Sweden Allsvenskan;Sweden;11:30;Full;0.0;1.8;2.0, 2.5;2.0;2.0, 2.5;4.0;5.0;;1.0;4.0;5.0;161.0;73.0;100.0;Elfsborg;1.0;0.0;0.0;2.7;1;1.0;1 - 1;3.1;AIK;1.0;0.0;1.0;2.7;1;1.0;0.0;4 - 5;1-4;2.25;1.0;26 - 47;12 - 28;28.0;12.0;65.0;35.0;3.0;3.0;4.0;3.0;;;;;;;;90.0;71.0;47.0;26.0;62.0;38.0;5.0;7.0;5.0;4.0;;[8 9];[1 1];[False False];['Elfsborg' 'AIK'];[0 1];[1 0];['D' 'H'];['H' 'D'];0.99;0.01;0.0;0.98;0.02;0.0;1762.0;1764.0;if elfsborg;aik;1.9;1.8;
2026-05-03;193940363;Kyrgyzstan National League;Kyrgyzstan;11:30;Full;0.2936507936507936;1.925;3.0;1.875;3.0;6.0;2.0;;4.0;1.0;5.0;140.0;152.0;;FK Alga;;0.0;4.0;1.75;0;2.0;2 - 2;3.75;FC Asia;;0.0;2.0;3.6;1;2.0;-0.5;6 - 2;4-1;3.0;1.25;76 - 76;40 - 40;40.0;40.0;;;0.0;0.0;1.0;0.0;;;;;;;;69.0;71.0;76.0;76.0;;;0.0;0.0;2.0;2.0;;[21 51 79 90];[1 2 2 2];[False False False False];['FC Asia' 'FK Alga' 'FK Alga' 'FC Asia'];[ 0 -1  0  1];[-1  0  1  0];['D' 'A' 'D' 'H'];['A' 'D' 'H' 'D'];0.54;0.12;0.33;0.47;0.0;0.53;;;;;;;
2026-05-03;193755340;Portugal Segunda Liga;Portugal;11:30;Full;0.38935370820572723;2.0;2.5;1.8;2.5;2.0;6.0;;1.0;3.0;4.0;159.0;107.0;100.0;UD Leiria;;0.0;5.0;1.667;0;0.0;0 - 3;3.3;SC Farense;;0.0;2.0;4.75;1;3.0;-0.75;2 - 6;1-3;2.5;1.0;60 - 47;21 - 21;21.0;21.0;50.0;50.0;1.0;1.0;3.0;1.0;;;;;;;;70.0;89.0;47.0;60.0;50.0;50.0;3.0;6.0;6.0;5.0;;[ 40  60 100];[1 2 2];[False False  True];['SC Farense' 'SC Farense' 'SC Farense'];[ 0 -1 -2];[-1 -2 -3];['D' 'A' 'A'];['A' 'A' 'A'];0.4;0.0;0.6;0.89;0.0;0.11;3000.0;2998.0;ud leiria;sc farense;1.8;1.83;
2026-05-03;193946876;Norway Division 3 Group 5;Norway;11:30;Full;0.19571295433364388;1.85;3.5, 4.0;1.95;3.5, 4.0;7.0;3.0;;3.0;0.0;3.0;273.0;100.0;100.0;Lillestrøm 2;;0.0;3.0;1.85;1;3.0;3 - 2;4.333;Finnsnes IL;;0.0;3.0;2.9;0;2.0;-0.5;7 - 3;3-0;3.75;1.5;63 - 37;27 - 10;10.0;27.0;43.0;57.0;1.0;3.0;0.0;5.0;;;;;;;;111.0;162.0;37.0;63.0;47.0;53.0;2.0;4.0;5.0;13.0;;[ 5 55 76 80 90];[1 2 2 2 2];[False False False False False];['Lillestrøm 2' 'Finnsnes IL' 'Finnsnes IL' 'Lillestrøm 2' 'Lillestrøm 2'];[ 0  1  0 -1  0];[ 1  0 -1  0  1];['D' 'H' 'D' 'A' 'D'];['H' 'D' 'A' 'D' 'H'];0.4;0.56;0.04;0.11;0.89;0.0;;;;;;;
2026-05-03;193940367;Kyrgyzstan National League;Kyrgyzstan;11:30;Full;-0.16666666666666669;2.0;3.0;1.8;3.0;7.0;3.0;;3.0;1.0;4.0;126.0;110.0;;FK Kyrgyzaltyn;;0.0;3.0;3.0;0;1.0;1 - 3;3.6;FC Asiagoal;;0.0;1.0;2.0;2;3.0;+0.25;7 - 3;3-1;3.0;1.25;48 - 62;19 - 32;32.0;19.0;;;5.0;2.0;2.0;0.0;;;;;;;;58.0;68.0;62.0;48.0;;;12.0;8.0;3.0;1.0;;[30 43 62 70];[1 1 2 2];[False False False False];['FC Asiagoal' 'FC Asiagoal' 'FK Kyrgyzaltyn' 'FC Asiagoal'];[ 0 -1 -2 -1];[-1 -2 -1 -2];['D' 'A' 'A' 'A'];['A' 'A' 'A' 'A'];0.33;0.0;0.67;0.67;0.0;0.33;;;;;;;
2026-05-03;193836362;Austria Landesliga;Austria;11:30;Full;0.009661835748792202;2.0;3.0, 3.5;1.8;3.0, 3.5;0.0;9.0;;0.0;4.0;4.0;223.0;123.0;100.0;TSV Grafenstein;;0.0;1.0;2.25;0;0.0;0 - 1;4.1;FC Lendorf;;0.0;1.0;2.3;0;1.0;0.0;0 - 9;0-4;3.25;1.25;42 - 81;22 - 36;36.0;22.0;60.0;40.0;3.0;0.0;1.0;0.0;;;;;;;;113.0;110.0;81.0;42.0;57.0;43.0;6.0;3.0;3.0;2.0;;[62];[2];[False];['FC Lendorf'];[0];[-1];['D'];['A'];0.69;0.0;0.31;1.0;0.0;0.0;;;;;;;
2026-05-03;193983208;Scotland Women Premier League 2;Scotland;11:30;Full;-0.4791288566243195;1.9;3.0, 3.5;1.9;3.0, 3.5;5.0;7.0;;3.0;5.0;8.0;104.0;71.0;100.0;Dundee Utd (W);;0.0;0.0;4.75;1;2.0;2 - 2;4.75;Kilmarnock (W);;0.0;0.0;1.45;1;2.0;+1.25;5 - 7;3-5;3.25;1.5;27 - 44;11 - 23;23.0;11.0;63.0;37.0;2.0;0.0;1.0;1.0;;;;;;;;53.0;51.0;44.0;27.0;54.0;46.0;8.0;1.0;2.0;2.0;;[30 33 52 60];[1 1 2 2];[False False False False];['Kilmarnock (W)' 'Dundee Utd (W)' 'Dundee Utd (W)' 'Kilmarnock (W)'];[ 0 -1  0  1];[-1  0  1  0];['D' 'A' 'D' 'H'];['A' 'D' 'H' 'D'];0.88;0.09;0.03;0.93;0.0;0.07;2349.0;2347.0;dundee united;kilmarnock fc;;;Women
2026-05-03;193986907;Spain Youth League;Spain;11:30;Full;-0.4666666666666666;1.95;2.5, 3.0;1.85;2.5, 3.0;3.0;3.0;;1.0;1.0;2.0;241.0;162.0;;UCD Canada Atletico U19;;0.0;4.0;5.0;1;1.0;1 - 1;3.9;Granada U19;;0.0;2.0;1.5;0;1.0;+1.0;3 - 3;1-1;2.75;1.0;75 - 87;36 - 42;42.0;36.0;;;2.0;1.0;1.0;3.0;;;;;;;;135.0;106.0;87.0;75.0;;;4.0;2.0;5.0;4.0;;[17 84];[1 2];[False False];['UCD Canada Atletico U19' 'Granada U19'];[0 1];[1 0];['D' 'H'];['H' 'D'];0.26;0.74;0.0;0.38;0.62;0.0;;33779.0;;granada cf;;;Youth
2026-05-03;193836352;Austria Landesliga;Austria;11:30;Full;-0.08403361344537807;1.925;3.0, 3.5;1.875;3.0, 3.5;8.0;6.0;;3.0;4.0;7.0;142.0;128.0;100.0;SVG Bleiburg;;0.0;3.0;2.55;1;2.0;2 - 1;4.0;ATSV Wolfsberg;;0.0;2.0;2.1;0;1.0;+0.5;8 - 6;3-4;3.25;1.25;56 - 72;26 - 30;30.0;26.0;51.0;49.0;3.0;1.0;0.0;3.0;;;;;;;;81.0;61.0;72.0;56.0;55.0;45.0;4.0;7.0;2.0;4.0;;[13 63 77];[1 2 2];[False False False];['SVG Bleiburg' 'SVG Bleiburg' 'ATSV Wolfsberg'];[0 1 2];[1 2 1];['D' 'H' 'H'];['H' 'H' 'H'];0.14;0.86;0.0;0.29;0.71;0.0;;;;;;;
2026-05-03;193836345;Austria Landesliga;Austria;11:30;Full;0.3560606060606061;2.0;3.0;1.8;3.0;4.0;3.0;;4.0;3.0;7.0;182.0;89.0;100.0;SV Eberau;;0.0;1.0;1.65;0;0.0;0 - 2;3.9;USV Halbturn;;0.0;1.0;4.0;2;2.0;-0.75;4 - 3;4-3;3.0;1.25;57 - 32;19 - 14;14.0;19.0;32.0;68.0;4.0;5.0;4.0;1.0;;;;;;;;62.0;120.0;32.0;57.0;31.0;69.0;9.0;6.0;4.0;3.0;;[20 23];[1 1];[False False];['USV Halbturn' 'USV Halbturn'];[ 0 -1];[-1 -2];['D' 'A'];['A' 'A'];0.22;0.0;0.78;0.44;0.0;0.56;;;;;;;
2026-05-03;192943801;Portugal Primeira Liga;Portugal;11:30;Full;0.13175230566534918;2.0;2.0, 2.5;1.85;2.0, 2.5;7.0;2.0;;4.0;0.0;4.0;194.0;68.0;100.0;Casa Pia;16.0;2.0;7.0;2.3;0;0.0;0 - 1;3.1;Tondela;17.0;0.0;3.0;3.3;0;1.0;-0.25;7 - 2;4-0;2.25;1.0;46 - 22;20 - 13;13.0;20.0;49.0;51.0;1.0;0.0;0.0;1.0;;;;;;;;92.0;102.0;22.0;46.0;50.0;50.0;3.0;1.0;5.0;3.0;;[68];[2];[False];['Tondela'];[0];[-1];['D'];['A'];0.76;0.0;0.24;1.0;0.0;0.0;36365.0;38396.0;casa pia lisbon;cd tondela;1.95;1.95;
2026-05-03;193001722;Germany 3. Liga;Germany;11:30;Full;-0.09740259740259738;1.95;2.5, 3.0;1.85;2.5, 3.0;3.0;8.0;;0.0;4.0;4.0;169.0;110.0;100.0;Wehen SV;;0.0;3.0;2.8;1;2.0;2 - 3;3.3;VfL Osnabruck;;0.0;0.0;2.2;0;3.0;+0.25;3 - 8;0-4;2.75;1.0;54 - 56;20 - 33;33.0;20.0;50.0;50.0;4.0;5.0;2.0;1.0;;;;;;;;86.0;83.0;56.0;54.0;50.0;50.0;6.0;8.0;10.0;4.0;;[32 59 68 86 92];[1 2 2 2 2];[False False False False  True];['Wehen SV' 'VfL Osnabruck' 'VfL Osnabruck' 'Wehen SV' 'VfL Osnabruck'];[ 0  1  0 -1  0];[ 1  0 -1  0 -1];['D' 'H' 'D' 'A' 'D'];['H' 'D' 'A' 'D' 'A'];0.51;0.29;0.2;0.71;0.29;0.0;2597.0;2581.0;sv wehen wiesbaden;vfl 1899 osnabruck;1.66;1.61;
2026-05-03;193986904;Spain Youth League;Spain;11:30;Full;0.4215287371947474;2.0;3.0;1.8;3.0;3.0;0.0;;2.0;0.0;2.0;212.0;103.0;;UD Tomares U19;;0.0;0.0;1.533;4;6.0;6 - 1;4.2;Melilla U19;;0.0;1.0;4.333;0;1.0;-0.75;3 - 0;2-0;3.0;1.25;65 - 38;37 - 14;14.0;37.0;;;1.0;8.0;1.0;5.0;;;;;;;;80.0;132.0;38.0;65.0;;;2.0;10.0;5.0;10.0;;[ 7 12 28 46 49 70 82];[1 1 1 1 2 2 2];[False False False  True False False False];"['UD Tomares U19' 'UD Tomares U19' 'UD Tomares U19' 'UD Tomares U19'
 'Melilla U19' 'UD Tomares U19' 'UD Tomares U19']";[0 1 2 3 4 3 4];[1 2 3 4 3 4 5];['D' 'H' 'H' 'H' 'H' 'H' 'H'];['H' 'H' 'H' 'H' 'H' 'H' 'H'];0.08;0.92;0.0;0.15;0.85;0.0;;;;;;;Youth
2026-05-03;192946950;Sweden Allsvenskan;Sweden;11:30;Full;0.49275362318840576;1.95;3.0;1.85;3.0;8.0;2.0;;4.0;2.0;6.0;203.0;97.0;100.0;GAIS;;0.0;0.0;1.5;1;4.0;4 - 0;4.5;Orgryte IS;;0.0;1.0;5.75;0;0.0;-1.0;8 - 2;4-2;3.0;1.25;62 - 35;25 - 27;27.0;25.0;59.0;41.0;4.0;8.0;1.0;1.0;;;;;;;;89.0;114.0;35.0;62.0;50.0;50.0;4.0;13.0;1.0;6.0;;[33 46 52 90];[1 2 2 2];[False False False False];['GAIS' 'GAIS' 'GAIS' 'GAIS'];[0 1 2 3];[1 2 3 4];['D' 'H' 'H' 'H'];['H' 'H' 'H' 'H'];0.37;0.63;0.0;0.73;0.27;0.0;1786.0;1766.0;gais;orgryte is;1.95;1.7;
2026-05-03;193006019;Netherlands Eredivisie;Netherlands;11:45;Full;0.0;1.95;3.0, 3.5;1.85;3.0, 3.5;4.0;3.0;;0.0;1.0;1.0;206.0;100.0;100.0;AZ;;0.0;0.0;2.5;1;2.0;2 - 2;3.9;FC Twente;;0.0;0.0;2.5;1;2.0;0.0;4 - 3;0-1;3.25;1.25;56 - 44;25 - 17;17.0;25.0;42.0;58.0;2.0;5.0;2.0;1.0;;;;;;;;100.0;106.0;44.0;56.0;42.0;58.0;7.0;16.0;3.0;3.0;;[13 32 55 95];[1 1 2 2];[False False False  True];['AZ' 'FC Twente' 'FC Twente' 'AZ'];[ 0  1  0 -1];[ 1  0 -1  0];['D' 'H' 'D' 'A'];['H' 'D' 'A' 'D'];0.38;0.2;0.42;0.58;0.42;0.0;2950.0;2955.0;az alkmaar;fc twente enschede;1.4;1.4;
2026-05-03;193882225;Netherlands Eredivisie Women;Netherlands;11:45;Full;0.6442307692307692;1.8;3.0;2.0;3.0;5.0;6.0;;2.0;4.0;6.0;147.0;85.0;100.0;FC Twente (W);;0.0;1.0;1.3;0;3.0;3 - 2;4.75;PEC Zwolle (W);;0.0;0.0;8.0;1;2.0;-1.5;5 - 6;2-4;3.0;1.25;40 - 45;16 - 28;28.0;16.0;61.0;39.0;6.0;4.0;3.0;0.0;;;;;;;;82.0;65.0;45.0;40.0;51.0;49.0;7.0;10.0;9.0;4.0;;[31 66 67 68 80];[1 2 2 2 2];[False False False False False];"['PEC Zwolle (W)' 'PEC Zwolle (W)' 'FC Twente (W)' 'FC Twente (W)'
 'FC Twente (W)']";[ 0 -1 -2 -1  0];[-1 -2 -1  0  1];['D' 'A' 'A' 'A' 'D'];['A' 'A' 'A' 'D' 'H'];0.48;0.11;0.41;0.69;0.0;0.31;2955.0;2971.0;fc twente enschede;pec zwolle;;;Women
2026-05-03;193882231;Netherlands Eredivisie Women;Netherlands;11:45;Full;0.39421301638587586;1.975;2.5, 3.0;1.825;2.5, 3.0;8.0;2.0;;5.0;1.0;6.0;162.0;87.0;100.0;Feyenoord (W);;0.0;2.0;1.6;1;3.0;3 - 0;3.8;FC Utrecht (W);;0.0;0.0;4.333;0;0.0;-0.75;8 - 2;5-1;2.75;1.25;54 - 33;30 - 13;13.0;30.0;43.0;57.0;1.0;4.0;1.0;3.0;;;;;;;;74.0;88.0;33.0;54.0;49.0;51.0;5.0;9.0;2.0;8.0;;[38 46 90];[1 2 2];[False False False];['Feyenoord (W)' 'Feyenoord (W)' 'Feyenoord (W)'];[0 1 2];[1 2 3];['D' 'H' 'H'];['H' 'H' 'H'];0.42;0.58;0.0;0.84;0.16;0.0;2959.0;2948.0;feyenoord rotterdam;fc utrecht;;;Women
2026-05-03;193882237;Netherlands Eredivisie Women;Netherlands;11:45;Full;-0.8614718614718615;1.95;3.5, 4.0;1.85;3.5, 4.0;0.0;4.0;;0.0;1.0;1.0;135.0;92.0;100.0;HERA United (W);;0.0;0.0;21.0;0;1.0;1 - 2;9.5;PSV (W);;0.0;0.0;1.1;2;2.0;+2.5;0 - 4;0-1;3.75;1.5;43 - 49;22 - 25;25.0;22.0;60.0;40.0;1.0;2.0;2.0;1.0;;;;;;;;72.0;63.0;49.0;43.0;59.0;41.0;6.0;5.0;2.0;4.0;;[ 9 23 74];[1 1 2];[False False False];['PSV (W)' 'PSV (W)' 'HERA United (W)'];[ 0 -1 -2];[-1 -2 -1];['D' 'A' 'A'];['A' 'A' 'A'];0.1;0.0;0.9;0.2;0.0;0.8;;2952.0;;psv eindhoven;;;Women
2026-05-03;193006025;Netherlands Eredivisie;Netherlands;11:45;Full;0.20979020979020985;1.8;3.0;2.0;3.0;6.0;8.0;;4.0;3.0;7.0;170.0;116.0;100.0;Sparta Rotterdam;;0.0;1.0;1.95;1;2.0;2 - 2;4.0;Go Ahead Eagles;;1.0;4.0;3.3;0;2.0;-0.5;6 - 8;4-3;3.0;1.25;53 - 63;22 - 32;32.0;22.0;54.0;46.0;5.0;9.0;1.0;1.0;;;;;;;;87.0;83.0;63.0;53.0;53.0;47.0;11.0;22.0;5.0;3.0;;[47 51 57 77];[1 2 2 2];[ True False False False];['Sparta Rotterdam' 'Go Ahead Eagles' 'Sparta Rotterdam' 'Go Ahead Eagles'];[0 1 0 1];[1 0 1 0];['D' 'H' 'D' 'H'];['H' 'D' 'H' 'D'];0.73;0.27;0.0;1.0;0.0;0.0;2960.0;2979.0;sparta rotterdam;go ahead eagles;1.5;1.44;
2026-05-03;193882217;Netherlands Eredivisie Women;Netherlands;11:45;Full;-0.8798827732947931;1.975;4.0;1.825;4.0;0.0;12.0;;0.0;5.0;5.0;117.0;78.0;100.0;Excelsior (W);;1.0;1.0;23.0;0;0.0;0 - 2;11.0;Ajax (W);;0.0;0.0;1.083;0;2.0;+2.75;0 - 12;0-5;4.0;1.75;11 - 67;5 - 26;26.0;5.0;75.0;25.0;8.0;0.0;3.0;0.0;;;;;;;;79.0;38.0;67.0;11.0;75.0;25.0;18.0;0.0;9.0;0.0;;[68 76];[2 2];[False False];['Ajax (W)' 'Ajax (W)'];[ 0 -1];[-1 -2];['D' 'A'];['A' 'A'];0.76;0.0;0.24;1.0;0.0;0.0;2967.0;2953.0;excelsior rotterdam;ajax amsterdam;;;Women
2026-05-03;193882240;Netherlands Eredivisie Women;Netherlands;11:45;Full;0.6073304040295788;1.9;3.0;1.9;3.0;9.0;4.0;;7.0;1.0;8.0;274.0;155.0;100.0;ADO Den Haag (W);;0.0;0.0;1.333;1;4.0;4 - 2;4.5;NAC (W);;0.0;2.0;7.0;1;2.0;-1.5;9 - 4;7-1;3.0;1.25;108 - 47;57 - 20;20.0;57.0;34.0;66.0;0.0;5.0;3.0;8.0;;;;;;;;100.0;174.0;47.0;108.0;41.0;59.0;2.0;11.0;6.0;13.0;;[19 44 59 62 71 91];[1 1 2 2 2 2];[False False False False False  True];"['NAC (W)' 'ADO Den Haag (W)' 'NAC (W)' 'ADO Den Haag (W)'
 'ADO Den Haag (W)' 'ADO Den Haag (W)']";[ 0 -1  0 -1  0  1];[-1  0 -1  0  1  2];['D' 'A' 'D' 'A' 'D' 'H'];['A' 'D' 'A' 'D' 'H' 'H'];0.47;0.22;0.31;0.44;0.0;0.56;2966.0;2947.0;ado den haag;nac breda;;;Women
2026-05-03;344483;Spain Regional League;Spain;11:57;Full;;;2.5;;2.5;7.0;5.0;;4.0;4.0;8.0;150.0;89.0;100.0;CD Sant Jordi;;0.0;3.0;;0;0.0;0 - 4;;UD Alaro;;0.0;2.0;;1;4.0;-0.75;7 - 5;4-4;2.5;nan;44 - 45;23 - 24;24.0;23.0;44.0;56.0;2.0;1.0;4.0;2.0;;;;;;;;72.0;78.0;45.0;44.0;45.0;55.0;6.0;4.0;9.0;3.0;;[48 47 57 63];[1 2 2 2];[ True False False False];['UD Alaro' 'UD Alaro' 'UD Alaro' 'UD Alaro'];[ 0 -1 -2 -3];[-1 -2 -3 -4];['D' 'A' 'A' 'A'];['A' 'A' 'A' 'A'];0.53;0.0;0.47;1.0;0.0;0.0;;;;;;;
2026-05-03;193945208;Morocco GNF 2;Morocco;12:00;Full;0.23780487804878053;1.925;1.5, 2.0;1.875;1.5, 2.0;5.0;4.0;;3.0;1.0;4.0;159.0;85.0;100.0;Chabab Ben Guerir;;0.0;1.0;2.05;0;1.0;1 - 0;2.7;Stade Marocain Du Rabat;;0.0;5.0;4.0;0;0.0;-0.25;5 - 4;3-1;1.75;0.75;37 - 48;24 - 15;15.0;24.0;33.0;67.0;0.0;4.0;0.0;1.0;;;;;;;;77.0;82.0;48.0;37.0;44.0;56.0;5.0;4.0;2.0;2.0;;[65];[2];[False];['Chabab Ben Guerir'];[0];[1];['D'];['H'];0.72;0.28;0.0;1.0;0.0;0.0;;;;;;;
2026-05-03;194030952;Hungary NB III;Hungary;12:00;Full;-0.025531914893617003;1.875;2.5, 3.0;1.925;2.5, 3.0;3.0;2.0;;2.0;0.0;2.0;167.0;75.0;100.0;Tiszafured VSE;;0.0;2.0;2.5;0;0.0;0 - 1;3.5;DEAC;;0.0;5.0;2.35;0;1.0;0.0;3 - 2;2-0;2.75;1.25;38 - 37;16 - 20;20.0;16.0;48.0;52.0;3.0;7.0;1.0;1.0;;;;;;;;75.0;92.0;37.0;38.0;47.0;53.0;5.0;8.0;3.0;4.0;;[63];[2];[False];['DEAC'];[0];[-1];['D'];['A'];0.7;0.0;0.3;1.0;0.0;0.0;;;;;;;
2026-05-03;193876230;Armenia Premier League;Armenia;12:00;Full;0.38383838383838387;1.8;2.0, 2.5;2.0;2.0, 2.5;4.0;4.0;;1.0;2.0;3.0;156.0;106.0;100.0;Noah;5.0;0.0;5.0;1.65;0;0.0;0 - 0;3.6;Pyunik Yerevan;3.0;0.0;6.0;4.5;0;0.0;-0.75;4 - 4;1-2;2.25;1.0;61 - 45;25 - 28;28.0;25.0;50.0;50.0;4.0;3.0;2.0;0.0;;;;;;;;79.0;77.0;45.0;61.0;50.0;50.0;6.0;7.0;2.0;1.0;;[];[];[];[];[];[];[];[];1.0;0.0;0.0;1.0;0.0;0.0;;;;;;;
2026-05-03;194025659;Bolivia Copa Simon Bolivar;Bolivia;12:00;Full;-0.38204545053860134;1.825;3.5;1.975;3.5;3.0;2.0;;3.0;0.0;3.0;0.0;0.0;;Club AFIZ;;1.0;4.0;3.7;1;1.0;1 - 1;5.0;CD Guadalajara Qaqachaca;;0.0;2.0;1.533;1;1.0;+1.0;3 - 2;3-0;3.5;1.5;-;-;0.0;0.0;;;0.0;0.0;1.0;1.0;;;;;;;;0.0;0.0;0.0;0.0;;;0.0;0.0;1.0;1.0;;[32 37];[1 1];[False False];['Club AFIZ' 'CD Guadalajara Qaqachaca'];[0 1];[1 0];['D' 'H'];['H' 'D'];0.94;0.06;0.0;0.89;0.11;0.0;;;;;;;
2026-05-03;193877264;Czechia 3. Liga;Czech Republic;12:00;Full;-0.4417894050193979;1.85;3.0;1.95;3.0;0.0;4.0;;0.0;2.0;2.0;277.0;119.0;100.0;SK Sokol Brozany;;0.0;2.0;4.75;1;1.0;1 - 0;4.0;SK Sokol Zapy;;0.0;3.0;1.533;0;0.0;+1.0;0 - 4;0-2;3.0;1.25;48 - 71;21 - 38;38.0;21.0;61.0;39.0;3.0;2.0;2.0;2.0;;;;;;;;146.0;131.0;71.0;48.0;53.0;47.0;7.0;4.0;5.0;2.0;;[43];[1];[False];['SK Sokol Brozany'];[0];[1];['D'];['H'];0.48;0.52;0.0;0.96;0.04;0.0;;;;;;;
2026-05-03;192496999;Poland I Liga;Poland;12:00;Full;0.13178294573643412;1.95;2.5;1.85;2.5;5.0;1.0;;1.0;0.0;1.0;158.0;143.0;100.0;Chrobry Glogow;;0.0;3.0;2.15;1;3.0;3 - 2;3.1;GKS Tychy;;0.0;2.0;3.0;1;2.0;-0.25;5 - 1;1-0;2.5;1.0;64 - 79;29 - 39;39.0;29.0;45.0;55.0;2.0;2.0;2.0;2.0;;;;;;;;76.0;82.0;79.0;64.0;46.0;54.0;3.0;7.0;3.0;6.0;;[18 48 55 72 76];[1 1 2 2 2];[False  True False False False];"['GKS Tychy' 'Chrobry Glogow' 'Chrobry Glogow' 'GKS Tychy'
 'Chrobry Glogow']";[ 0 -1  0  1  0];[-1  0  1  0  1];['D' 'A' 'D' 'H' 'D'];['A' 'D' 'H' 'D' 'H'];0.32;0.34;0.33;0.38;0.0;0.62;53296.0;35272.0;chrobry glogow;gks tychy;1.72;1.72;
2026-05-03;193941628;Czechia 5. Liga;Czech Republic;12:00;Full;0.23297491039426527;2.0;3.0, 3.5;1.8;3.0, 3.5;3.0;12.0;;3.0;4.0;7.0;129.0;131.0;;Tj Sokol Tuchomerice;;0.0;0.0;1.8;1;2.0;2 - 1;4.2;Cesky Brod;;0.0;0.0;3.1;0;1.0;-0.5;3 - 12;3-4;3.25;1.25;40 - 91;25 - 39;39.0;25.0;;;2.0;0.0;3.0;2.0;;;;;;;;60.0;69.0;91.0;40.0;;;4.0;1.0;10.0;6.0;;[23 68 91];[1 2 2];[False False  True];['Tj Sokol Tuchomerice' 'Tj Sokol Tuchomerice' 'Cesky Brod'];[0 1 2];[1 2 1];['D' 'H' 'H'];['H' 'H' 'H'];0.25;0.75;0.0;0.51;0.49;0.0;;;;;;;
2026-05-03;193941642;Czechia 5. Liga;Czech Republic;12:00;Full;-0.17600838135149288;1.95;3.5, 4.0;1.85;3.5, 4.0;5.0;7.0;;5.0;4.0;9.0;241.0;112.0;;SK Rakovnik;;0.0;4.0;2.875;0;3.0;3 - 1;4.2;Sokol Libis;;0.0;1.0;1.909;0;1.0;+0.5;5 - 7;5-4;3.75;1.5;54 - 58;34 - 27;27.0;34.0;;;2.0;2.0;3.0;5.0;;;;;;;;121.0;120.0;58.0;54.0;;;6.0;4.0;4.0;9.0;;[57 65 77 92];[2 2 2 2];[False False False  True];['SK Rakovnik' 'SK Rakovnik' 'Sokol Libis' 'SK Rakovnik'];[0 1 2 1];[1 2 1 2];['D' 'H' 'H' 'H'];['H' 'H' 'H' 'H'];0.62;0.38;0.0;1.0;0.0;0.0;;;;;;;
2026-05-03;193949904;Cameroon Elite One;Cameroon;12:00;Full;0.2891434806328423;1.8;2.0;2.0;2.0;4.0;2.0;;2.0;2.0;4.0;198.0;59.0;100.0;Canon de Yaounde;;0.0;2.0;1.833;0;0.0;0 - 0;3.25;Panthere Sportive Du Nde;;0.0;2.0;3.9;0;0.0;-0.75;4 - 2;2-2;2.0;0.75;39 - 20;21 - 9;9.0;21.0;46.0;54.0;2.0;3.0;0.0;0.0;;;;;;;;95.0;103.0;20.0;39.0;47.0;53.0;2.0;4.0;0.0;1.0;;[];[];[];[];[];[];[];[];1.0;0.0;0.0;1.0;0.0;0.0;;;;;;;
2026-05-03;193876235;Armenia Premier League;Armenia;12:00;Full;-0.1875;1.9;2.5;1.9;2.5;2.0;6.0;;0.0;3.0;3.0;138.0;82.0;;FC Urartu;;0.0;3.0;3.2;0;0.0;0 - 2;3.3;Ararat Armenia;;0.0;5.0;2.0;0;2.0;+0.25;2 - 6;0-3;2.5;1.0;39 - 43;17 - 25;25.0;17.0;;;5.0;3.0;3.0;1.0;;;;;;;;82.0;56.0;43.0;39.0;;;6.0;7.0;7.0;3.0;;[73 95];[2 2];[False  True];['Ararat Armenia' 'Ararat Armenia'];[ 0 -1];[-1 -2];['D' 'A'];['A' 'A'];0.77;0.0;0.23;1.0;0.0;0.0;;;;;;;
2026-05-03;192941021;Hungary NB II;Hungary;12:00;Full;-0.3617847858999628;1.8;2.5;2.0;2.5;1.0;2.0;;0.0;2.0;2.0;258.0;145.0;100.0;Kozarmisleny SE;;0.0;2.0;4.2;1;2.0;2 - 1;3.7;Kecskemeti TE;;0.0;3.0;1.667;0;1.0;+0.75;1 - 2;0-2;2.5;1.0;69 - 76;24 - 44;44.0;24.0;48.0;52.0;2.0;0.0;0.0;1.0;;;;;;;;143.0;115.0;76.0;69.0;52.0;48.0;2.0;3.0;1.0;2.0;;[15 53 71];[1 2 2];[False False False];['Kozarmisleny SE' 'Kozarmisleny SE' 'Kecskemeti TE'];[0 1 2];[1 2 1];['D' 'H' 'H'];['H' 'H' 'H'];0.17;0.83;0.0;0.33;0.67;0.0;;;;;;;Youth
2026-05-03;193944158;Hungary NB III;Hungary;12:00;Full;-0.5020445851470783;1.975;3.0;1.825;3.0;3.0;6.0;;2.0;3.0;5.0;146.0;99.0;;Balatonfuredi FC;;0.0;3.0;5.25;1;1.0;1 - 3;4.333;Dorogi FC;;0.0;2.0;1.444;3;3.0;+1.25;3 - 6;2-3;3.0;1.25;43 - 56;22 - 29;29.0;22.0;;;2.0;3.0;5.0;4.0;;;;;;;;79.0;67.0;56.0;43.0;;;6.0;6.0;6.0;6.0;;[28 37 39 41];[1 1 1 1];[False False False False];['Balatonfuredi FC' 'Dorogi FC' 'Dorogi FC' 'Dorogi FC'];[ 0  1  0 -1];[ 1  0 -1 -2];['D' 'H' 'D' 'A'];['H' 'D' 'A' 'A'];0.33;0.1;0.57;0.67;0.2;0.13;;;;;;;
2026-05-03;192941026;Hungary NB II;Hungary;12:00;Full;-0.29914529914529914;1.95;2.0, 2.5;1.85;2.0, 2.5;2.0;7.0;;1.0;1.0;2.0;352.0;144.0;;Szeged-Csanad Grosics;12.0;0.0;2.0;3.9;0;0.0;0 - 0;3.4;Budapest Honved;2.0;0.0;3.0;1.8;0;0.0;+0.5;2 - 7;1-1;2.25;1.0;75 - 69;44 - 25;25.0;44.0;;;0.0;2.0;0.0;1.0;;;;;;;;157.0;195.0;69.0;75.0;;;4.0;4.0;0.0;1.0;;[];[];[];[];[];[];[];[];1.0;0.0;0.0;1.0;0.0;0.0;;1916.0;;budapest honved fc;;;Youth
2026-05-03;193944140;Hungary NB III;Hungary;12:00;Full;-0.5963413930405679;2.0;3.0, 3.5;1.8;3.0, 3.5;1.0;6.0;;0.0;4.0;4.0;230.0;138.0;;Penzugyor SE;;1.0;2.0;6.5;1;1.0;1 - 3;4.75;Kaposvari Rakoczi;;0.0;1.0;1.333;1;3.0;+1.5;1 - 6;0-4;3.25;1.25;54 - 84;26 - 51;51.0;26.0;;;4.0;0.0;2.0;4.0;;;;;;;;134.0;96.0;84.0;54.0;;;7.0;1.0;5.0;4.0;;[25 42 64 85];[1 1 2 2];[False False False False];"['Penzugyor SE' 'Kaposvari Rakoczi' 'Kaposvari Rakoczi'
 'Kaposvari Rakoczi']";[ 0  1  0 -1];[ 1  0 -1 -2];['D' 'H' 'D' 'A'];['H' 'D' 'A' 'A'];0.52;0.19;0.29;0.62;0.38;0.0;;;;;;;
2026-05-03;193981945;Peru Campeonato Nacional Women;Peru;12:00;Full;-0.8474584300535317;2.0;3.0, 3.5;1.8;3.0, 3.5;0.0;3.0;;0.0;1.0;1.0;239.0;127.0;;Carlos Mannucci (W);;1.0;1.0;19.0;0;0.0;0 - 1;7.5;Atletico Andahuaylas (W);;1.0;1.0;1.111;0;1.0;+2.25;0 - 3;0-1;3.25;1.25;47 - 80;20 - 44;44.0;20.0;;;4.0;0.0;3.0;2.0;;;;;;;;126.0;113.0;80.0;47.0;;;11.0;0.0;6.0;2.0;;[76];[2];[False];['Atletico Andahuaylas (W)'];[0];[-1];['D'];['A'];0.84;0.0;0.16;1.0;0.0;0.0;;;;;;;Women
2026-05-03;193944106;Hungary NB III;Hungary;12:00;Full;0.5762745034084609;1.875;3.5, 4.0;1.925;3.5, 4.0;7.0;6.0;;3.0;5.0;8.0;114.0;113.0;;Budaorsi SC;;0.0;0.0;1.333;5;8.0;8 - 0;5.0;Zsambeki SK;;0.0;0.0;5.75;0;0.0;-1.75;7 - 6;3-5;3.75;1.5;70 - 43;35 - 25;25.0;35.0;;;2.0;2.0;2.0;8.0;;;;;;;;60.0;54.0;43.0;70.0;;;6.0;13.0;3.0;13.0;;[ 1  5  9 15 18 51 77 79];[1 1 1 1 1 2 2 2];[False False False False False False False False];"['Budaorsi SC' 'Budaorsi SC' 'Budaorsi SC' 'Budaorsi SC' 'Budaorsi SC'
 'Budaorsi SC' 'Budaorsi SC' 'Budaorsi SC']";[0 1 2 3 4 5 6 7];[1 2 3 4 5 6 7 8];['D' 'H' 'H' 'H' 'H' 'H' 'H' 'H'];['H' 'H' 'H' 'H' 'H' 'H' 'H' 'H'];0.01;0.99;0.0;0.02;0.98;0.0;;;;;;;
2026-05-03;194036241;Hungary NB III;Hungary;12:00;Full;0.5507246376811595;1.975;3.0, 3.5;1.825;3.0, 3.5;3.0;2.0;;2.0;0.0;2.0;184.0;108.0;100.0;FC Tatabanya;;0.0;4.0;1.38;2;4.0;4 - 0;4.5;ETO Akademia;;0.0;1.0;5.75;0;0.0;-1.25;3 - 2;2-0;3.25;1.25;58 - 50;24 - 28;28.0;24.0;63.0;37.0;2.0;3.0;0.0;3.0;;;;;;;;104.0;80.0;50.0;58.0;61.0;39.0;10.0;8.0;0.0;5.0;;[10 42 84 87];[1 1 2 2];[False False False False];['FC Tatabanya' 'FC Tatabanya' 'FC Tatabanya' 'FC Tatabanya'];[0 1 2 3];[1 2 3 4];['D' 'H' 'H' 'H'];['H' 'H' 'H' 'H'];0.11;0.89;0.0;0.22;0.78;0.0;;;;;;;
2026-05-03;193926462;Angola Girabola;Angola;12:00;Full;0.3233315148208765;2.05;2.0;1.75;2.0;4.0;5.0;;1.0;4.0;5.0;261.0;101.0;;Kabuscorp;9.0;0.0;4.0;1.833;0;4.0;4 - 0;2.875;Sagrada Esperanca;11.0;1.0;1.0;4.5;0;0.0;-0.5;4 - 5;1-4;2.0;0.75;63 - 38;28 - 23;23.0;28.0;;;1.0;3.0;1.0;0.0;;;;;;;;122.0;139.0;38.0;63.0;;;2.0;6.0;1.0;4.0;;[61 64 74 83];[2 2 2 2];[False False False False];['Kabuscorp' 'Kabuscorp' 'Kabuscorp' 'Kabuscorp'];[0 1 2 3];[1 2 3 4];['D' 'H' 'H' 'H'];['H' 'H' 'H' 'H'];0.68;0.32;0.0;1.0;0.0;0.0;;;;;;;
2026-05-03;193945197;Morocco GNF 2;Morocco;12:00;Full;0.1270903010033445;1.9;1.5, 2.0;1.9;1.5, 2.0;6.0;5.0;;5.0;1.0;6.0;189.0;92.0;100.0;KAC Kenitra;;0.0;2.0;2.3;0;2.0;2 - 1;2.7;Union Sportive Boujaad;;0.0;3.0;3.25;1;1.0;-0.25;6 - 5;5-1;1.75;0.75;54 - 38;29 - 17;17.0;29.0;36.0;64.0;2.0;3.0;1.0;0.0;;;;;;;;74.0;115.0;38.0;54.0;36.0;64.0;4.0;4.0;2.0;3.0;;[ 3 53 88];[1 2 2];[False False False];['Union Sportive Boujaad' 'KAC Kenitra' 'KAC Kenitra'];[ 0 -1  0];[-1  0  1];['D' 'A' 'D'];['A' 'D' 'H'];0.42;0.02;0.56;0.07;0.0;0.93;;;;;;;
2026-05-03;193944134;Hungary NB III;Hungary;12:00;Full;0.5324675324675325;1.9;3.0, 3.5;1.9;3.0, 3.5;5.0;5.0;;3.0;1.0;4.0;214.0;140.0;;Csepel;;0.0;3.0;1.4;1;6.0;6 - 2;4.5;Martfui LSE;;0.0;1.0;5.5;2;2.0;-1.25;5 - 5;3-1;3.25;1.25;94 - 46;46 - 25;25.0;46.0;;;1.0;2.0;2.0;3.0;;;;;;;;86.0;128.0;46.0;94.0;;;4.0;4.0;2.0;8.0;;[15 38 41 53 57 76 89 93];[1 1 1 2 2 2 2 2];[False False False False False False False  True];"['Martfui LSE' 'Csepel' 'Martfui LSE' 'Csepel' 'Csepel' 'Csepel' 'Csepel'
 'Csepel']";[ 0 -1  0 -1  0  1  2  3];[-1  0 -1  0  1  2  3  4];['D' 'A' 'D' 'A' 'D' 'H' 'H' 'H'];['A' 'D' 'A' 'D' 'H' 'H' 'H' 'H'];0.24;0.39;0.38;0.4;0.0;0.6;;;;;;;
2026-05-03;193944145;Hungary NB III;Hungary;12:00;Full;-0.28528528528528535;1.825;2.5;1.975;2.5;2.0;9.0;;1.0;3.0;4.0;164.0;156.0;;MTK Budapest II;;1.0;4.0;3.7;1;1.0;1 - 1;3.5;Pecsi MFC;;0.0;4.0;1.8;1;1.0;+0.5;2 - 9;1-3;2.5;1.0;47 - 109;27 - 46;46.0;27.0;;;4.0;1.0;5.0;2.0;;;;;;;;83.0;81.0;109.0;47.0;;;4.0;1.0;10.0;3.0;;[16 40];[1 1];[False False];['MTK Budapest II' 'Pecsi MFC'];[0 1];[1 0];['D' 'H'];['H' 'D'];0.73;0.27;0.0;0.47;0.53;0.0;1915.0;;mtk budapest;;;;Youth
2026-05-03;193982190;Poland IV Liga;Poland;12:00;Full;-0.1068524970963996;1.85;3.0, 3.5;1.95;3.0, 3.5;9.0;5.0;;1.0;3.0;4.0;193.0;95.0;100.0;MKS Makowianka;;0.0;3.0;2.625;0;1.0;1 - 0;4.0;KS Mszczonowianka;;0.0;1.0;2.05;0;0.0;+0.25;9 - 5;1-3;3.25;1.25;44 - 51;22 - 26;26.0;22.0;49.0;51.0;7.0;3.0;2.0;1.0;;;;;;;;105.0;88.0;51.0;44.0;51.0;49.0;9.0;7.0;4.0;5.0;;[71];[2];[False];['MKS Makowianka'];[0];[1];['D'];['H'];0.79;0.21;0.0;1.0;0.0;0.0;;;;;;;
2026-05-03;193944151;Hungary NB III;Hungary;12:00;Full;-0.23751023751023742;1.925;3.0;1.875;3.0;5.0;8.0;;3.0;5.0;8.0;151.0;152.0;;PEAC FC;;0.0;1.0;3.3;0;1.0;1 - 1;3.6;Ivancsa;;0.0;2.0;1.85;0;1.0;+0.5;5 - 8;3-5;3.0;1.25;68 - 84;34 - 40;40.0;34.0;;;2.0;0.0;0.0;2.0;;;;;;;;81.0;70.0;84.0;68.0;;;5.0;1.0;1.0;3.0;;[61 65];[2 2];[False False];['Ivancsa' 'PEAC FC'];[ 0 -1];[-1  0];['D' 'A'];['A' 'D'];0.96;0.0;0.04;1.0;0.0;0.0;;;;;;;
2026-05-03;193881624;Chile Primera Division Women;Chile;12:00;Full;-0.034782608695652195;1.825;3.0;1.975;3.0;2.0;3.0;;1.0;0.0;1.0;132.0;120.0;;Palestino (W);;0.0;5.0;2.5;2;3.0;3 - 1;3.5;Deportes Iquique (W);;0.0;2.0;2.3;0;1.0;0.0;2 - 3;1-0;3.0;1.25;49 - 71;31 - 28;28.0;31.0;;;1.0;3.0;1.0;3.0;;;;;;;;55.0;77.0;71.0;49.0;;;3.0;4.0;7.0;4.0;;[13 22 86 94];[1 1 2 2];[False False False  True];['Palestino (W)' 'Palestino (W)' 'Deportes Iquique (W)' 'Palestino (W)'];[0 1 2 1];[1 2 1 2];['D' 'H' 'H' 'H'];['H' 'H' 'H' 'H'];0.14;0.86;0.0;0.29;0.71;0.0;3157.0;;cd palestino;;;;Women
2026-05-03;193944113;Hungary NB III;Hungary;12:00;Full;0.3087685253290349;1.875;2.5, 3.0;1.925;2.5, 3.0;6.0;3.0;;1.0;0.0;1.0;255.0;151.0;;Komarom VSE;;0.0;0.0;1.727;3;4.0;4 - 3;3.7;Bicskei TC;;0.0;3.0;3.7;1;3.0;-0.5;6 - 3;1-0;2.75;1.25;73 - 78;29 - 36;36.0;29.0;;;2.0;2.0;4.0;7.0;;;;;;;;134.0;121.0;78.0;73.0;;;4.0;4.0;8.0;15.0;;[ 4 21 35 38 50 55 77];[1 1 1 1 2 2 2];[False False False False False False False];"['Komarom VSE' 'Komarom VSE' 'Komarom VSE' 'Bicskei TC' 'Bicskei TC'
 'Bicskei TC' 'Komarom VSE']";[0 1 2 3 2 1 0];[1 2 3 2 1 0 1];['D' 'H' 'H' 'H' 'H' 'H' 'D'];['H' 'H' 'H' 'H' 'H' 'D' 'H'];0.29;0.71;0.0;0.09;0.91;0.0;;;;;;;
2026-05-03;193886520;Bosnia & Herzegovina 1st League;Bosnia;12:00;Full;-0.2485380116959064;1.95;2.0, 2.5;1.85;2.0, 2.5;7.0;4.0;;4.0;2.0;6.0;131.0;57.0;100.0;NK Vitez;;0.0;0.0;3.6;0;0.0;0 - 3;3.3;NK Celik Zenica;;0.0;3.0;1.9;1;3.0;+0.5;7 - 4;4-2;2.25;1.0;28 - 29;12 - 18;18.0;12.0;64.0;36.0;3.0;2.0;4.0;2.0;;;;;;;;71.0;60.0;29.0;28.0;50.0;50.0;6.0;6.0;8.0;2.0;;[26 53 89];[1 2 2];[False False False];['NK Celik Zenica' 'NK Celik Zenica' 'NK Celik Zenica'];[ 0 -1 -2];[-1 -2 -3];['D' 'A' 'A'];['A' 'A' 'A'];0.29;0.0;0.71;0.58;0.0;0.42;;;;;;;
2026-05-03;193944090;Hungary NB III;Hungary;12:00;Full;-0.375;1.95;3.0;1.85;3.0;2.0;6.0;;0.0;5.0;5.0;176.0;88.0;100.0;Mosonmagyarovari;;0.0;1.0;4.0;0;0.0;0 - 3;4.1;Gyirmot SE;;0.0;2.0;1.6;3;3.0;+1.0;2 - 6;0-5;3.0;1.25;41 - 47;8 - 30;30.0;8.0;59.0;41.0;6.0;1.0;3.0;0.0;;;;;;;;86.0;90.0;47.0;41.0;51.0;49.0;6.0;4.0;3.0;1.0;;[ 9 10 31];[1 1 1];[False False False];['Gyirmot SE' 'Gyirmot SE' 'Gyirmot SE'];[ 0 -1 -2];[-1 -2 -3];['D' 'A' 'A'];['A' 'A' 'A'];0.1;0.0;0.9;0.2;0.0;0.8;;;;;;;
2026-05-03;193886528;Bosnia & Herzegovina 1st League;Bosnia;12:00;Full;-0.044579533941236094;2.0;2.5;1.8;2.5;10.0;5.0;;5.0;4.0;9.0;185.0;149.0;100.0;FK Tuzla City;;0.0;1.0;2.625;1;1.0;1 - 2;3.2;FK Igman Konjic;;0.0;3.0;2.35;0;2.0;0.0;10 - 5;5-4;2.5;1.0;96 - 53;47 - 25;25.0;47.0;49.0;51.0;2.0;6.0;1.0;3.0;;;;;;;;85.0;100.0;53.0;96.0;43.0;57.0;3.0;11.0;5.0;4.0;;[32 46 87];[1 2 2];[False False False];['FK Tuzla City' 'FK Igman Konjic' 'FK Igman Konjic'];[0 1 0];[ 1  0 -1];['D' 'H' 'D'];['H' 'D' 'A'];0.81;0.16;0.03;0.71;0.29;0.0;;;;;;;
2026-05-03;193944102;Hungary NB III;Hungary;12:00;Full;-0.45614035087719296;1.8;2.5, 3.0;2.0;2.5, 3.0;3.0;4.0;;0.0;1.0;1.0;115.0;95.0;;Fuzesabonyi SC;;1.0;5.0;4.75;0;0.0;0 - 0;4.1;Cigand SE;;1.0;5.0;1.5;0;0.0;+1.0;3 - 4;0-1;2.75;1.25;30 - 65;16 - 33;33.0;16.0;;;5.0;0.0;2.0;0.0;;;;;;;;45.0;70.0;65.0;30.0;;;9.0;1.0;3.0;0.0;;[];[];[];[];[];[];[];[];1.0;0.0;0.0;1.0;0.0;0.0;;;;;;;
2026-05-03;193758244;Ukraine Vyscha Liga;Ukraine;12:00;Full;0.0;1.825;2.5;1.975;2.5;8.0;5.0;;2.0;2.0;4.0;132.0;65.0;100.0;Dynamo Kyiv;4.0;0.0;2.0;2.4;1;1.0;1 - 2;3.4;Shakhtar Donetsk;2.0;0.0;2.0;2.4;0;2.0;0.0;8 - 5;2-2;2.5;1.0;32 - 33;13 - 16;16.0;13.0;50.0;50.0;2.0;1.0;1.0;3.0;;;;;;;;69.0;63.0;33.0;32.0;50.0;50.0;4.0;4.0;5.0;5.0;;[13 50 69];[1 2 2];[False False False];['Dynamo Kyiv' 'Shakhtar Donetsk' 'Shakhtar Donetsk'];[0 1 0];[ 1  0 -1];['D' 'H' 'D'];['H' 'D' 'A'];0.36;0.41;0.23;0.29;0.71;0.0;3305.0;3313.0;fc dynamo kyiv;fc shakhtar donetsk;1.66;1.72;
2026-05-03;192942589;Norway Eliteserien;Norway;12:00;Full;0.36601307189542487;2.0;3.0, 3.5;1.8;3.0, 3.5;8.0;2.0;;3.0;1.0;4.0;208.0;103.0;100.0;Sandefjord;;0.0;1.0;1.7;0;1.0;1 - 0;4.1;Aalesund;;0.0;3.0;4.5;0;0.0;-0.75;8 - 2;3-1;3.25;1.25;60 - 43;39 - 23;23.0;39.0;37.0;63.0;2.0;10.0;2.0;3.0;;;;;;;;89.0;119.0;43.0;60.0;38.0;62.0;8.0;19.0;4.0;7.0;;[88];[2];[False];['Sandefjord'];[0];[1];['D'];['H'];0.98;0.02;0.0;1.0;0.0;0.0;676.0;677.0;sandefjord fotball;aalesunds fk;1.57;1.53;
2026-05-03;192942594;Norway Eliteserien;Norway;12:00;Full;-0.3685124798098315;1.825;2.0, 2.5;1.975;2.0, 2.5;3.0;2.0;;2.0;1.0;3.0;220.0;93.0;100.0;IK Start;;0.0;3.0;4.75;0;1.0;1 - 1;3.7;Tromso;;0.0;2.0;1.727;1;1.0;+0.75;3 - 2;2-1;2.25;1.0;56 - 37;29 - 15;15.0;29.0;51.0;49.0;3.0;9.0;1.0;0.0;;;;;;;;106.0;114.0;37.0;56.0;47.0;53.0;5.0;12.0;2.0;1.0;;[33 75];[1 2];[False False];['Tromso' 'IK Start'];[ 0 -1];[-1  0];['D' 'A'];['A' 'D'];0.53;0.0;0.47;0.73;0.0;0.27;667.0;660.0;ik start;tromsoe il;1.75;2.0;
2026-05-03;193914327;Kazakhstan Premier League;Kazakhstan;12:00;Full;0.32903879559930516;1.875;2.5;1.925;2.5;5.0;1.0;;1.0;0.0;1.0;145.0;100.0;100.0;Ordabasy Shymkent;;0.0;2.0;1.727;1;2.0;2 - 0;3.5;FK Aktobe;;0.0;2.0;4.0;0;0.0;-0.75;5 - 1;1-0;2.5;1.0;49 - 51;24 - 29;29.0;24.0;48.0;52.0;5.0;3.0;0.0;2.0;;;;;;;;80.0;65.0;51.0;49.0;54.0;46.0;8.0;9.0;0.0;6.0;;[ 2 94];[1 2];[False  True];['Ordabasy Shymkent' 'Ordabasy Shymkent'];[0 1];[1 2];['D' 'H'];['H' 'H'];0.02;0.98;0.0;0.04;0.96;0.0;;;;;;;
2026-05-03;192946165;Slovakia Super Liga;Slovakia;12:00;Full;-0.1111111111111111;2.025;3.0;1.775;3.0;3.0;5.0;;2.0;3.0;5.0;248.0;146.0;100.0;AS Trencin;;0.0;0.0;3.0;0;1.0;1 - 2;3.5;KFC Komarno;;0.0;3.0;2.25;0;2.0;+0.25;3 - 5;2-3;3.0;1.25;89 - 57;25 - 29;29.0;25.0;47.0;53.0;1.0;3.0;0.0;2.0;;;;;;;;98.0;150.0;57.0;89.0;41.0;59.0;3.0;8.0;4.0;6.0;;[60 90 94];[2 2 2];[False False  True];['KFC Komarno' 'AS Trencin' 'KFC Komarno'];[ 0 -1  0];[-1  0 -1];['D' 'A' 'D'];['A' 'D' 'A'];0.68;0.0;0.32;1.0;0.0;0.0;2398.0;191850.0;as trencin;kfc komarno;;;
2026-05-03;193945189;Morocco GNF 2;Morocco;12:00;Full;0.3233315148208765;1.875;1.5, 2.0;1.925;1.5, 2.0;4.0;6.0;;1.0;3.0;4.0;120.0;65.0;100.0;Widad Temara;;0.0;4.0;1.833;1;3.0;3 - 2;2.875;JS Soualem;;2.0;6.0;4.5;0;2.0;-0.5;4 - 6;1-3;1.75;0.75;30 - 35;15 - 20;20.0;15.0;42.0;58.0;1.0;1.0;2.0;1.0;;;;;;;;51.0;69.0;35.0;30.0;49.0;51.0;1.0;3.0;5.0;4.0;;[37 59 85 90 93];[1 2 2 2 2];[False False False False  True];['Widad Temara' 'Widad Temara' 'JS Soualem' 'JS Soualem' 'Widad Temara'];[0 1 2 1 0];[1 2 1 0 1];['D' 'H' 'H' 'H' 'D'];['H' 'H' 'H' 'D' 'H'];0.43;0.57;0.0;0.82;0.18;0.0;;;;;;;
2026-05-03;192941017;Hungary NB II;Hungary;12:00;Full;-0.050167224080267636;2.025;2.0, 2.5;1.775;2.0, 2.5;9.0;4.0;;5.0;4.0;9.0;212.0;154.0;;BVSC Zuglo;;0.0;3.0;2.6;1;1.0;1 - 0;3.3;Fehervar FC;;0.0;2.0;2.3;0;0.0;0.0;9 - 4;5-4;2.25;1.0;82 - 72;43 - 32;32.0;43.0;;;1.0;0.0;0.0;2.0;;;;;;;;123.0;89.0;72.0;82.0;;;2.0;1.0;2.0;4.0;;[37];[1];[False];['BVSC Zuglo'];[0];[1];['D'];['H'];0.41;0.59;0.0;0.82;0.18;0.0;;;;;;;Youth
2026-05-03;193914278;Ghana Premier League;Ghana;12:00;Half;0.5613682092555332;1.875;2.0, 2.5;1.925;2.0, 2.5;3.0;3.0;;3.0;3.0;6.0;56.0;37.0;100.0;Medeama SC;;0.0;0.0;1.42;2;2.0;2 - 0;3.75;Bibiani Gold Stars;;0.0;1.0;7.0;0;0.0;-1.25 (-0.25);3 - 3;3-3;2.25 (3.25);1.0;16 - 21;16 - 21;21.0;16.0;44.0;56.0;3.0;6.0;0.0;3.0;;;;;;;;29.0;27.0;21.0;16.0;44.0;56.0;3.0;6.0;0.0;3.0;;[20 46];[1 1];[False  True];['Medeama SC' 'Medeama SC'];[0 1];[1 2];['D' 'H'];['H' 'H'];0.22;0.78;0.0;0.43;0.57;0.0;;;;;;;
2026-05-03;193981540;Portugal Campeonato Nacional;Portugal;12:00;Full;0.20588235294117646;1.925;2.0, 2.5;1.875;2.0, 2.5;6.0;0.0;;1.0;0.0;1.0;189.0;117.0;100.0;Leca;;0.0;1.0;2.0;0;1.0;1 - 0;3.2;Rebordosa;;0.0;4.0;3.4;0;0.0;-0.25;6 - 0;1-0;2.25;1.0;70 - 47;34 - 21;21.0;34.0;38.0;62.0;2.0;9.0;1.0;3.0;;;;;;;;104.0;85.0;47.0;70.0;43.0;57.0;5.0;16.0;1.0;5.0;;[56];[2];[False];['Leca'];[0];[1];['D'];['H'];0.62;0.38;0.0;1.0;0.0;0.0;;;;;;;
2026-05-03;193949275;Slovakia 3. Liga;Slovakia;12:00;Full;0.3123721289326385;1.925;3.0;1.875;3.0;4.0;4.0;;2.0;4.0;6.0;188.0;106.0;;Tj Druzstevnik Velke Ludince;;0.0;1.0;1.727;1;3.0;3 - 1;3.7;Slovan Duslo Šala;;0.0;2.0;3.75;1;1.0;-0.75;4 - 4;2-4;3.0;1.25;60 - 46;32 - 20;20.0;32.0;;;3.0;4.0;2.0;2.0;;;;;;;;90.0;98.0;46.0;60.0;;;6.0;8.0;4.0;6.0;;[18 43 65 68];[1 1 2 2];[False False False False];"['Tj Druzstevnik Velke Ludince' 'Slovan Duslo Šala'
 'Tj Druzstevnik Velke Ludince' 'Tj Druzstevnik Velke Ludince']";[0 1 0 1];[1 0 1 2];['D' 'H' 'D' 'H'];['H' 'D' 'H' 'H'];0.44;0.56;0.0;0.44;0.56;0.0;;;;;;;
2026-05-03;193981544;Portugal Campeonato Nacional;Portugal;12:00;Full;0.15261627906976744;1.925;2.0;1.875;2.0;4.0;3.0;;1.0;0.0;1.0;192.0;100.0;100.0;Oliveira Hospital;;0.0;4.0;2.15;1;1.0;1 - 1;3.0;Louletano DC;;0.0;2.0;3.2;1;1.0;-0.25;4 - 3;1-0;2.0;0.75;58 - 42;25 - 15;15.0;25.0;40.0;60.0;4.0;5.0;4.0;2.0;;;;;;;;86.0;106.0;42.0;58.0;40.0;60.0;8.0;8.0;4.0;5.0;;[35 40];[1 1];[False False];['Louletano DC' 'Oliveira Hospital'];[ 0 -1];[-1  0];['D' 'A'];['A' 'D'];0.94;0.0;0.06;0.89;0.0;0.11;;;;;;;
2026-05-03;192942582;Norway Eliteserien;Norway;12:00;Full;0.00366300366300365;1.9;2.5, 3.0;1.9;2.5, 3.0;4.0;3.0;;2.0;1.0;3.0;204.0;86.0;100.0;Kristiansund BK;;0.0;2.0;2.6;0;1.0;1 - 1;3.4;HamKam;;0.0;2.0;2.625;0;1.0;0.0;4 - 3;2-1;2.75;1.25;62 - 24;45 - 9;9.0;45.0;35.0;65.0;1.0;3.0;0.0;1.0;;;;;;;;68.0;136.0;24.0;62.0;41.0;59.0;6.0;3.0;1.0;4.0;;[60 95];[2 2];[False  True];['Kristiansund BK' 'HamKam'];[0 1];[1 0];['D' 'H'];['H' 'D'];0.63;0.37;0.0;1.0;0.0;0.0;957.0;666.0;kristiansund bk;hamkam;1.61;1.57;
2026-05-03;193981546;Portugal Campeonato Nacional;Portugal;12:00;Full;0.19696969696969696;1.775;2.0;2.025;2.0;4.0;0.0;;1.0;0.0;1.0;269.0;160.0;100.0;GD Vitoria de Sernache;;0.0;1.0;2.0;0;0.0;0 - 0;3.1;Malveira;;0.0;2.0;3.3;0;0.0;-0.25;4 - 0;1-0;2.0;0.75;94 - 66;44 - 30;30.0;44.0;41.0;59.0;3.0;1.0;0.0;0.0;;;;;;;;119.0;150.0;66.0;94.0;39.0;61.0;7.0;2.0;1.0;1.0;;[];[];[];[];[];[];[];[];1.0;0.0;0.0;1.0;0.0;0.0;;;;;;;
2026-05-03;193949253;Slovakia 3. Liga;Slovakia;12:00;Full;0.35597758497081067;1.95;3.0;1.85;3.0;9.0;4.0;;4.0;1.0;5.0;157.0;94.0;100.0;FK Belusa;;0.0;3.0;1.667;1;2.0;2 - 1;3.7;FK Nove Zamky;;1.0;2.0;4.1;1;1.0;-0.75;9 - 4;4-1;3.0;1.25;57 - 37;24 - 21;21.0;24.0;39.0;61.0;0.0;3.0;2.0;2.0;;;;;;;;60.0;97.0;37.0;57.0;38.0;62.0;1.0;5.0;2.0;3.0;;[ 3 20 89];[1 1 2];[False False False];['FK Nove Zamky' 'FK Belusa' 'FK Belusa'];[ 0 -1  0];[-1  0  1];['D' 'A' 'D'];['A' 'D' 'H'];0.8;0.01;0.19;0.62;0.0;0.38;;;;;;;
2026-05-03;193930711;Bosnia & Herzegovina 1st League;Bosnia;12:00;Full;0.6168542135533884;1.85;2.5;1.95;2.5;6.0;1.0;;3.0;1.0;4.0;217.0;90.0;100.0;NK Stupcanica Olovo;;0.0;3.0;1.333;1;2.0;2 - 2;4.2;NK Travnik;;0.0;1.0;7.5;1;2.0;-1.25;6 - 1;3-1;2.5;1.0;63 - 27;30 - 9;9.0;30.0;38.0;62.0;1.0;2.0;1.0;2.0;;;;;;;;103.0;114.0;27.0;63.0;42.0;58.0;3.0;6.0;3.0;3.0;;[16 21 66 93];[1 1 2 2];[False False False  True];['NK Stupcanica Olovo' 'NK Travnik' 'NK Stupcanica Olovo' 'NK Travnik'];[0 1 0 1];[1 0 1 0];['D' 'H' 'D' 'H'];['H' 'D' 'H' 'D'];0.66;0.34;0.0;0.89;0.11;0.0;;;;;;;
2026-05-03;193948342;Tanzania Premier League;Tanzania;12:00;Full;0.02380952380952378;1.925;1.5, 2.0;1.875;1.5, 2.0;2.0;3.0;;1.0;0.0;1.0;168.0;109.0;100.0;Simba Sports Club;2.0;0.0;2.0;2.625;2;2.0;2 - 2;2.6;Young Africans FC;1.0;0.0;2.0;2.8;1;2.0;0.0;2 - 3;1-0;1.75;0.75;47 - 62;20 - 30;30.0;20.0;50.0;50.0;4.0;2.0;2.0;3.0;;;;;;;;94.0;74.0;62.0;47.0;50.0;50.0;6.0;4.0;6.0;6.0;;[ 3 10 18 51];[1 1 1 2];[False False False False];"['Simba Sports Club' 'Simba Sports Club' 'Young Africans FC'
 'Young Africans FC']";[0 1 2 1];[1 2 1 0];['D' 'H' 'H' 'H'];['H' 'H' 'H' 'D'];0.47;0.53;0.0;0.07;0.93;0.0;;;;;;;
2026-05-03;193332845;Uruguay Apertura;Uruguay;12:00;Full;0.08070432868672045;1.975;2.0, 2.5;1.825;2.0, 2.5;4.0;4.0;;1.0;2.0;3.0;217.0;160.0;100.0;Boston River;;0.0;1.0;2.35;1;2.0;2 - 1;2.9;Central Espanol;;0.0;1.0;2.9;0;1.0;-0.25;4 - 4;1-2;2.25;1.0;66 - 94;32 - 41;41.0;32.0;38.0;62.0;0.0;1.0;5.0;1.0;;;;;;;;111.0;106.0;94.0;66.0;44.0;56.0;1.0;3.0;15.0;5.0;;[12 51 68];[1 2 2];[False False False];['Boston River' 'Boston River' 'Central Espanol'];[0 1 2];[1 2 1];['D' 'H' 'H'];['H' 'H' 'H'];0.13;0.87;0.0;0.27;0.73;0.0;174970.0;3232.0;ca boston river;central espanol fc;1.9;1.9;
2026-05-03;192941019;Hungary NB II;Hungary;12:00;Full;-0.040916530278232444;1.85;2.0, 2.5;1.95;2.0, 2.5;10.0;4.0;;4.0;0.0;4.0;139.0;145.0;;Karcagi SE;8.0;0.0;2.0;2.6;0;0.0;0 - 1;3.3;Szentlorinc SE;16.0;0.0;2.0;2.35;0;1.0;0.0;10 - 4;4-0;2.25;1.0;83 - 62;42 - 24;24.0;42.0;;;0.0;0.0;0.0;0.0;;;;;;;;62.0;77.0;62.0;83.0;;;0.0;0.0;1.0;0.0;;[53];[2];[False];['Szentlorinc SE'];[0];[-1];['D'];['A'];0.59;0.0;0.41;1.0;0.0;0.0;;;;;;;Youth
2026-05-03;193986005;Nigeria Premier League;Nigeria;12:00;Full;0.37903879559930514;1.875;2.0;1.925;2.0;7.0;4.0;;1.0;3.0;4.0;162.0;89.0;100.0;Bayelsa United;;0.0;1.0;1.727;0;0.0;0 - 2;3.1;Enugu Rangers Intl FC;;0.0;3.0;5.0;1;2.0;-0.5;7 - 4;1-3;2.0;0.75;56 - 33;27 - 19;19.0;27.0;37.0;63.0;1.0;5.0;3.0;2.0;;;;;;;;72.0;90.0;33.0;56.0;32.0;68.0;3.0;11.0;4.0;7.0;;[33 85];[1 2];[False False];['Enugu Rangers Intl FC' 'Enugu Rangers Intl FC'];[ 0 -1];[-1 -2];['D' 'A'];['A' 'A'];0.37;0.0;0.63;0.73;0.0;0.27;;;;;;;
2026-05-03;193948344;Tunisia League 1;Tunisia;12:00;Full;0.6964924838940586;1.95;2.0, 2.5;1.85;2.0, 2.5;3.0;1.0;;2.0;0.0;2.0;124.0;60.0;100.0;CS Sfaxien;3.0;0.0;4.0;1.27;2;2.0;2 - 0;4.333;Olympique de Beja;12.0;0.0;1.0;11.0;0;0.0;-1.5;3 - 1;2-0;2.25;1.0;30 - 30;18 - 14;14.0;18.0;32.0;68.0;0.0;4.0;0.0;4.0;;;;;;;;62.0;62.0;30.0;30.0;40.0;60.0;4.0;5.0;4.0;5.0;;[31 37];[1 1];[False False];['CS Sfaxien' 'CS Sfaxien'];[0 1];[1 2];['D' 'H'];['H' 'H'];0.34;0.66;0.0;0.69;0.31;0.0;;;;;;;
2026-05-03;193948348;Tunisia League 1;Tunisia;12:00;Full;0.6154907710884939;1.95;2.0;1.85;2.0;3.0;2.0;;2.0;1.0;3.0;143.0;57.0;100.0;Club Africain;2.0;0.0;4.0;1.364;0;2.0;2 - 0;3.6;Stade Tunisien;4.0;0.0;3.0;8.5;0;0.0;-1.25;3 - 2;2-1;2.0;0.75;31 - 26;19 - 13;13.0;19.0;39.0;61.0;1.0;5.0;2.0;1.0;;;;;;;;74.0;69.0;26.0;31.0;42.0;58.0;6.0;7.0;5.0;5.0;;[52 57];[2 2];[False False];['Club Africain' 'Club Africain'];[0 1];[1 2];['D' 'H'];['H' 'H'];0.58;0.42;0.0;1.0;0.0;0.0;;;;;;;
2026-05-03;193952814;Tunisia League 1;Tunisia;12:00;Full;-0.5238095238095237;1.85;1.5, 2.0;1.95;1.5, 2.0;4.0;7.0;;2.0;3.0;5.0;174.0;92.0;100.0;AS Gabes;15.0;0.0;2.0;7.0;0;0.0;0 - 2;3.25;JS Kairouanaise;14.0;0.0;3.0;1.5;0;2.0;+1.0;4 - 7;2-3;1.75;0.75;44 - 48;24 - 19;19.0;24.0;50.0;50.0;3.0;4.0;1.0;2.0;;;;;;;;88.0;86.0;48.0;44.0;50.0;50.0;11.0;7.0;5.0;4.0;;[87 90];[2 2];[False False];['JS Kairouanaise' 'JS Kairouanaise'];[ 0 -1];[-1 -2];['D' 'A'];['A' 'A'];0.97;0.0;0.03;1.0;0.0;0.0;;;;;;;
2026-05-03;193981542;Portugal Campeonato Nacional;Portugal;12:00;Full;0.17530487804878053;1.9;2.5;1.9;2.5;6.0;4.0;;1.0;2.0;3.0;184.0;150.0;100.0;SC Vianense;;0.0;5.0;2.05;1;1.0;1 - 0;3.2;Braganca;;0.0;3.0;3.2;0;0.0;-0.25;6 - 4;1-2;2.5;1.0;62 - 88;34 - 37;37.0;34.0;43.0;57.0;6.0;1.0;2.0;2.0;;;;;;;;92.0;92.0;88.0;62.0;45.0;55.0;7.0;2.0;3.0;3.0;;[26];[1];[False];['SC Vianense'];[0];[1];['D'];['H'];0.29;0.71;0.0;0.58;0.42;0.0;;;;;;;
2026-05-03;193189532;Austria Bundesliga;Austria;12:00;Full;0.425;1.975;3.0, 3.5;1.825;3.0, 3.5;4.0;9.0;;2.0;4.0;6.0;189.0;99.0;100.0;FC Salzburg;2.0;0.0;0.0;1.6;1;1.0;1 - 1;4.2;SK Sturm Graz;1.0;0.0;2.0;5.0;0;1.0;-1.0;4 - 9;2-4;3.25;1.25;45 - 54;21 - 20;20.0;21.0;54.0;46.0;7.0;5.0;1.0;3.0;;;;;;;;95.0;94.0;54.0;45.0;55.0;45.0;12.0;8.0;3.0;8.0;;[22 93];[1 2];[False  True];['FC Salzburg' 'SK Sturm Graz'];[0 1];[1 0];['D' 'H'];['H' 'D'];0.24;0.76;0.0;0.49;0.51;0.0;2046.0;2051.0;fc salzburg;sk sturm graz;1.5;1.53;
2026-05-03;193982201;Poland IV Liga;Poland;12:00;Full;0.6933306055646481;1.875;4.0;1.925;4.0;3.0;9.0;;0.0;7.0;7.0;149.0;87.0;100.0;AKS 1947 Busko-Zdroj;;0.0;0.0;1.222;0;2.0;2 - 1;6.5;Hetman Wloszczowa;;0.0;3.0;8.0;0;1.0;-2.0;3 - 9;0-7;4.0;1.75;49 - 38;22 - 20;20.0;22.0;48.0;52.0;3.0;2.0;4.0;1.0;;;;;;;;65.0;84.0;38.0;49.0;49.0;51.0;7.0;10.0;7.0;7.0;;[58 71 72];[2 2 2];[False False False];['AKS 1947 Busko-Zdroj' 'Hetman Wloszczowa' 'AKS 1947 Busko-Zdroj'];[0 1 0];[1 0 1];['D' 'H' 'D'];['H' 'D' 'H'];0.66;0.34;0.0;1.0;0.0;0.0;;;;;;;
2026-05-03;192941023;Hungary NB II;Hungary;12:00;Full;0.16522423288749022;1.975;2.5;1.825;2.5;4.0;4.0;;3.0;1.0;4.0;161.0;71.0;100.0;Mezokovesd Zsory;;0.0;4.0;2.05;1;1.0;1 - 0;3.4;Csakvari TK;;0.0;3.0;3.1;0;0.0;-0.25;4 - 4;3-1;2.5;1.0;35 - 36;14 - 17;17.0;14.0;37.0;63.0;4.0;8.0;0.0;4.0;;;;;;;;83.0;78.0;36.0;35.0;47.0;53.0;10.0;13.0;1.0;8.0;;[33];[1];[False];['Mezokovesd Zsory'];[0];[1];['D'];['H'];0.37;0.63;0.0;0.73;0.27;0.0;;;;;;;Youth
2026-05-03;193947543;Norway Division 2 Group 2;Norway;12:00;Full;0.21795989537925015;1.85;3.0, 3.5;1.95;3.0, 3.5;3.0;7.0;;2.0;1.0;3.0;0.0;0.0;;Follo;;0.0;4.0;1.85;1;2.0;2 - 0;3.9;Junkeren;;1.0;5.0;3.1;0;0.0;-0.5;3 - 7;2-1;3.25;1.25;-;-;0.0;0.0;;;0.0;0.0;0.0;1.0;;;;;;;;0.0;0.0;0.0;0.0;;;0.0;0.0;0.0;2.0;;[34 77];[1 2];[False False];['Follo' 'Follo'];[0 1];[1 2];['D' 'H'];['H' 'H'];0.38;0.62;0.0;0.76;0.24;0.0;855.0;94841.0;follo;ik junkeren;1.44;1.44;
2026-05-03;193947548;Norway Division 3 Group 2;Norway;12:00;Full;-0.5037593984962406;1.9;4.0, 4.5;1.9;4.0, 4.5;2.0;6.0;;1.0;3.0;4.0;117.0;104.0;;Aalesunds FK 2;;0.0;3.0;4.75;1;2.0;2 - 3;5.5;Melhus;;0.0;0.0;1.4;1;3.0;+1.5;2 - 6;1-3;4.25;1.75;41 - 63;19 - 33;33.0;19.0;;;6.0;1.0;2.0;1.0;;;;;;;;41.0;76.0;63.0;41.0;;;9.0;4.0;5.0;4.0;;[30 48 59 73 91];[1 1 2 2 2];[False  True False False  True];['Melhus' 'Aalesunds FK 2' 'Aalesunds FK 2' 'Melhus' 'Melhus'];[ 0 -1  0  1  0];[-1  0  1  0 -1];['D' 'A' 'D' 'H' 'D'];['A' 'D' 'H' 'D' 'A'];0.65;0.15;0.2;0.62;0.0;0.38;;;;;;;
2026-05-03;193005712;France Ligue 1;France;12:15;Full;0.40940383351901044;2.0;2.5;1.85;2.5;4.0;6.0;;3.0;1.0;4.0;181.0;73.0;100.0;Auxerre;16.0;0.0;2.0;1.667;1;3.0;3 - 1;3.8;Angers;13.0;1.0;3.0;5.25;0;1.0;-0.75;4 - 6;3-1;2.5;1.0;39 - 34;28 - 22;22.0;28.0;49.0;51.0;1.0;6.0;1.0;5.0;;;;;;;;81.0;100.0;34.0;39.0;44.0;56.0;7.0;10.0;3.0;9.0;;[12 61 67 78];[1 2 2 2];[False False False False];['Auxerre' 'Auxerre' 'Auxerre' 'Angers'];[0 1 2 3];[1 2 3 2];['D' 'H' 'H' 'H'];['H' 'H' 'H' 'H'];0.13;0.87;0.0;0.27;0.73;0.0;1646.0;1684.0;aj auxerre;angers sco;2.1;1.9;
2026-05-03;193005715;France Ligue 1;France;12:15;Full;0.2222222222222222;1.925;2.5, 3.0;1.925;2.5, 3.0;7.0;3.0;;6.0;1.0;7.0;173.0;77.0;100.0;Paris FC;12.0;0.0;2.0;2.0;2;4.0;4 - 0;3.6;Brest;11.0;0.0;1.0;3.6;0;0.0;-0.5;7 - 3;6-1;2.75;1.25;54 - 23;35 - 11;11.0;35.0;42.0;58.0;2.0;6.0;0.0;3.0;;;;;;;;79.0;94.0;23.0;54.0;49.0;51.0;9.0;8.0;1.0;7.0;;[13 20 67 89];[1 1 2 2];[False False False False];['Paris FC' 'Paris FC' 'Paris FC' 'Paris FC'];[0 1 2 3];[1 2 3 4];['D' 'H' 'H' 'H'];['H' 'H' 'H' 'H'];0.14;0.86;0.0;0.29;0.71;0.0;6070.0;1715.0;paris fc;stade brest 29;1.75;1.61;
2026-05-03;193330033;Romania Liga I;Romania;12:15;Full;0.2535641980377444;1.95;2.0, 2.5;1.85;2.0, 2.5;5.0;4.0;;0.0;3.0;3.0;214.0;95.0;100.0;Petrolul Ploiesti;;0.0;2.0;1.909;0;1.0;1 - 1;3.3;UTA Arad;;0.0;2.0;3.7;1;1.0;-0.5;5 - 4;0-3;2.25;1.0;61 - 34;29 - 18;18.0;29.0;43.0;57.0;7.0;5.0;1.0;3.0;;;;;;;;93.0;121.0;34.0;61.0;40.0;60.0;9.0;12.0;3.0;4.0;;[12 97];[1 2];[False  True];['UTA Arad' 'Petrolul Ploiesti'];[ 0 -1];[-1  0];['D' 'A'];['A' 'D'];0.12;0.0;0.88;0.27;0.0;0.73;25856.0;221210.0;fc petrolul ploiesti;fc uta arad;1.9;2.0;
2026-05-03;193005717;France Ligue 1;France;12:15;Full;-0.0777058279370953;2.0;2.5, 3.0;1.85;2.5, 3.0;8.0;3.0;;5.0;2.0;7.0;179.0;89.0;100.0;Strasbourg;8.0;0.0;1.0;2.875;1;1.0;1 - 2;3.5;Toulouse;10.0;0.0;3.0;2.35;1;2.0;+0.25;8 - 3;5-2;2.75;1.0;42 - 47;25 - 25;25.0;25.0;48.0;52.0;3.0;2.0;4.0;2.0;;;;;;;;97.0;82.0;47.0;42.0;46.0;54.0;10.0;5.0;6.0;4.0;;[27 43 84];[1 1 2];[False False False];['Strasbourg' 'Toulouse' 'Toulouse'];[0 1 0];[ 1  0 -1];['D' 'H' 'D'];['H' 'D' 'A'];0.76;0.18;0.07;0.64;0.36;0.0;1659.0;1681.0;strasbourg alsace;toulouse fc;1.7;1.61;
2026-05-03;696787;Angola Girabola;Angola;12:26;Full;;;1.75;;1.75;3.0;8.0;;2.0;4.0;6.0;121.0;129.0;;Luanda City;;0.0;2.0;;1;1.0;1 - 2;;Desportivo da Huila;;0.0;0.0;;1;2.0;0.0;3 - 8;2-4;1.75;( 2.5);69 - 60;39 - 33;33.0;39.0;;;0.0;1.0;1.0;1.0;;;;;;;;61.0;60.0;60.0;69.0;;;2.0;3.0;2.0;2.0;;[12 13 62];[1 1 2];[False False False];['Luanda City' 'Desportivo da Huila' 'Desportivo da Huila'];[0 1 0];[ 1  0 -1];['D' 'H' 'D'];['H' 'D' 'A'];0.68;0.01;0.31;0.98;0.02;0.0;;;;;;;
2026-05-03;193952200;Togo Premier Division;Togo;12:30;Full;0.5708920187793428;1.775;2.0;2.025;2.0;4.0;1.0;;2.0;1.0;3.0;0.0;0.0;;ASC Kara;;0.0;1.0;1.42;1;1.0;1 - 0;3.6;Semassi FC;;0.0;1.0;7.5;0;0.0;-1.25;4 - 1;2-1;2.0;0.75;-;-;0.0;0.0;;;0.0;0.0;0.0;1.0;;;;;;;;0.0;0.0;0.0;0.0;;;0.0;0.0;0.0;1.0;;[22];[1];[False];['ASC Kara'];[0];[1];['D'];['H'];0.24;0.76;0.0;0.49;0.51;0.0;;;;;;;
2026-05-03;193986001;Niger Super League;Niger;12:30;Full;-0.1218637992831541;1.95;2.0;1.85;2.0;6.0;5.0;;0.0;3.0;3.0;112.0;123.0;;Renaissance CB;;0.0;2.0;3.1;0;0.0;0 - 1;2.9;AS ZAM;;0.0;3.0;2.25;1;1.0;+0.25;6 - 5;0-3;2.0;0.75;55 - 68;16 - 30;30.0;16.0;;;4.0;1.0;2.0;1.0;;;;;;;;66.0;46.0;68.0;55.0;;;9.0;2.0;5.0;4.0;;[24];[1];[False];['AS ZAM'];[0];[-1];['D'];['A'];0.27;0.0;0.73;0.53;0.0;0.47;;;;;;;
2026-05-03;193953037;Spain Tercera Group 15;Spain;12:30;Full;0.20032051282051289;1.9;2.5;1.9;2.5;1.0;4.0;;0.0;1.0;1.0;153.0;67.0;100.0;Ardoi;;1.0;5.0;1.95;0;2.0;2 - 2;3.4;CD Beti Onak;;0.0;1.0;3.2;0;2.0;-0.5;1 - 4;0-1;2.5;1.0;33 - 34;13 - 17;17.0;13.0;52.0;48.0;1.0;4.0;2.0;2.0;;;;;;;;84.0;69.0;34.0;33.0;53.0;47.0;5.0;11.0;8.0;4.0;;[77 79 91 96];[2 2 2 2];[False False  True  True];['CD Beti Onak' 'CD Beti Onak' 'Ardoi' 'Ardoi'];[ 0 -1 -2 -1];[-1 -2 -1  0];['D' 'A' 'A' 'A'];['A' 'A' 'A' 'D'];0.8;0.0;0.2;1.0;0.0;0.0;;;;;;;
2026-05-03;192785636;Poland Ekstraklasa;Poland;12:30;Full;0.25604551920341395;1.875;2.5;1.925;2.5;5.0;9.0;;3.0;2.0;5.0;129.0;109.0;100.0;Pogon Szczecin;15.0;0.0;1.0;1.9;1;3.0;3 - 0;3.4;Wisla Plock;7.0;0.0;2.0;3.7;0;0.0;-0.5;5 - 9;3-2;2.5;1.0;45 - 64;32 - 19;19.0;32.0;36.0;64.0;3.0;3.0;1.0;2.0;;;;;;;;66.0;63.0;64.0;45.0;49.0;51.0;8.0;4.0;4.0;7.0;;[48 75 93];[1 2 2];[ True False  True];['Pogon Szczecin' 'Pogon Szczecin' 'Pogon Szczecin'];[0 1 2];[1 2 3];['D' 'H' 'H'];['H' 'H' 'H'];0.52;0.48;0.0;1.0;0.0;0.0;3117.0;3122.0;pogon szczecin;wisla plock;1.66;1.75;
2026-05-03;193918664;Portugal Liga 3;Portugal;12:30;Full;0.2923976608187135;2.025;2.5;1.775;2.5;6.0;2.0;;4.0;1.0;5.0;190.0;127.0;100.0;Braga B;;1.0;3.0;1.8;0;0.0;0 - 0;3.5;AD Fafe;;1.0;3.0;3.8;0;0.0;-0.5;6 - 2;4-1;2.5;1.0;64 - 63;36 - 19;19.0;36.0;51.0;49.0;5.0;5.0;1.0;1.0;;;;;;;;93.0;97.0;63.0;64.0;52.0;48.0;9.0;8.0;6.0;2.0;;[];[];[];[];[];[];[];[];1.0;0.0;0.0;1.0;0.0;0.0;2999.0;45146.0;sc braga;ad fafe;;;Youth
2026-05-03;192946312;Slovenia Prva Liga;Slovenia;12:30;Full;-0.47567567567567565;2.0;3.5;1.8;3.5;3.0;11.0;;2.0;6.0;8.0;152.0;93.0;100.0;NK Radomlje;;0.0;3.0;5.0;1;2.0;2 - 1;4.75;NK Maribor;;0.0;6.0;1.48;1;1.0;+1.25;3 - 11;2-6;3.5;1.5;28 - 65;16 - 29;29.0;16.0;63.0;37.0;2.0;1.0;1.0;1.0;;;;;;;;83.0;69.0;65.0;28.0;59.0;41.0;6.0;2.0;2.0;6.0;;[ 9 44 59];[1 1 2];[False False False];['NK Maribor' 'NK Radomlje' 'NK Radomlje'];[ 0 -1  0];[-1  0  1];['D' 'A' 'D'];['A' 'D' 'H'];0.27;0.34;0.39;0.22;0.0;0.78;37737.0;2420.0;nk radomlje;nk maribor;1.66;1.53;
2026-05-03;193918666;Portugal Liga 3;Portugal;12:30;Full;-0.016006402561024313;2.025;2.0, 2.5;1.775;2.0, 2.5;6.0;1.0;;2.0;0.0;2.0;217.0;126.0;100.0;USC Paredes;;0.0;5.0;2.55;0;2.0;2 - 2;3.2;AD Marco 09;;0.0;2.0;2.45;1;2.0;0.0;6 - 1;2-0;2.25;0.75;82 - 44;31 - 26;26.0;31.0;41.0;59.0;3.0;2.0;3.0;3.0;;;;;;;;93.0;124.0;44.0;82.0;40.0;60.0;5.0;7.0;4.0;8.0;;[ 9 68 90 98];[1 2 2 2];[False False False  True];['AD Marco 09' 'USC Paredes' 'USC Paredes' 'AD Marco 09'];[ 0 -1  0  1];[-1  0  1  0];['D' 'A' 'D' 'H'];['A' 'D' 'H' 'D'];0.32;0.08;0.6;0.2;0.0;0.8;;;;;;;
2026-05-03;193714951;Italy Serie C Play-Offs;Italy;12:30;Full;0.348251811985181;1.85;2.0, 2.5;1.95;2.0, 2.5;4.0;2.0;;2.0;0.0;2.0;171.0;126.0;100.0;Cittadella;;0.0;0.0;1.727;2;2.0;2 - 2;3.3;Arzignano Valchiampo;;0.0;3.0;4.333;0;2.0;-0.75;4 - 2;2-0;2.25;1.0;64 - 62;39 - 24;24.0;39.0;54.0;46.0;1.0;3.0;2.0;7.0;;;;;;;;82.0;89.0;62.0;64.0;52.0;48.0;4.0;7.0;11.0;9.0;;[13 18 53 76];[1 1 2 2];[False False False False];['Cittadella' 'Cittadella' 'Arzignano Valchiampo' 'Arzignano Valchiampo'];[0 1 2 1];[1 2 1 0];['D' 'H' 'H' 'H'];['H' 'H' 'H' 'D'];0.3;0.7;0.0;0.29;0.71;0.0;2717.0;170634.0;as cittadella;fc arzignano valchiampo;2.0;2.0;
2026-05-03;193952209;Togo Premier Division;Togo;12:30;Full;0.38823529411764707;1.85;1.5, 2.0;1.95;1.5, 2.0;3.0;7.0;;2.0;3.0;5.0;0.0;0.0;;ASKO Kara;;0.0;1.0;1.7;1;2.0;2 - 0;3.1;AS OTR;;0.0;0.0;5.0;0;0.0;-0.75;3 - 7;2-3;1.75;0.75;-;-;0.0;0.0;;;0.0;0.0;0.0;1.0;;;;;;;;0.0;0.0;0.0;0.0;;;0.0;0.0;0.0;2.0;;[ 2 76];[1 2];[False False];['ASKO Kara' 'ASKO Kara'];[0 1];[1 2];['D' 'H'];['H' 'H'];0.02;0.98;0.0;0.04;0.96;0.0;;;;;;;
2026-05-03;193930559;Croatia 3.NL;Croatia;12:30;Full;0.2888888888888889;1.9;2.5, 3.0;1.9;2.5, 3.0;6.0;4.0;;1.0;3.0;4.0;138.0;66.0;100.0;NK Tomislav Cerna;;0.0;2.0;1.8;0;2.0;2 - 2;3.4;Slavija Pleternica;;0.0;3.0;3.75;1;2.0;-0.5;6 - 4;1-3;2.75;1.25;38 - 28;18 - 11;11.0;18.0;43.0;57.0;2.0;6.0;1.0;1.0;;;;;;;;62.0;76.0;28.0;38.0;37.0;63.0;4.0;10.0;2.0;7.0;;[45 48 69 89];[1 2 2 2];[False False False False];"['Slavija Pleternica' 'Slavija Pleternica' 'NK Tomislav Cerna'
 'NK Tomislav Cerna']";[ 0 -1 -2 -1];[-1 -2 -1  0];['D' 'A' 'A' 'A'];['A' 'A' 'A' 'D'];0.51;0.0;0.49;1.0;0.0;0.0;;;;;;;
2026-05-03;193918659;Portugal Liga 3;Portugal;12:30;Full;0.44606104695219917;1.95;2.5;1.85;2.5;1.0;5.0;;1.0;4.0;5.0;231.0;103.0;100.0;Sao Joao Ver;;0.0;2.0;1.571;1;2.0;2 - 1;3.5;AD Sanjoanense;;0.0;2.0;5.25;1;1.0;-1.0;1 - 5;1-4;2.5;1.0;48 - 55;26 - 23;23.0;26.0;45.0;55.0;2.0;2.0;2.0;2.0;;;;;;;;114.0;117.0;55.0;48.0;51.0;49.0;5.0;3.0;2.0;4.0;;[ 6 14 74];[1 1 2];[False False False];['AD Sanjoanense' 'Sao Joao Ver' 'Sao Joao Ver'];[ 0 -1  0];[-1  0  1];['D' 'A' 'D'];['A' 'D' 'H'];0.73;0.18;0.09;0.82;0.0;0.18;;;;;;;
2026-05-03;192932655;Germany Bundesliga I;Germany;12:30;Full;-0.2350427350427351;1.875;3.0;1.975;3.0;1.0;1.0;;1.0;1.0;2.0;175.0;62.0;100.0;Borussia M'gladbach;14.0;0.0;3.0;3.6;0;1.0;1 - 0;3.8;Borussia Dortmund;2.0;0.0;1.0;1.95;0;0.0;+0.5;1 - 1;1-1;3.0;1.25;39 - 23;22 - 6;6.0;22.0;44.0;56.0;0.0;4.0;1.0;2.0;;;;;;;;106.0;69.0;23.0;39.0;49.0;51.0;5.0;8.0;1.0;4.0;;[88];[2];[False];"[""Borussia M'gladbach""]";[0];[1];['D'];['H'];0.98;0.02;0.0;1.0;0.0;0.0;2527.0;2673.0;borussia monchengladbach;borussia dortmund;1.53;1.5;
2026-05-03;193109822;Spain Primera Division RFEF Group 2;Spain;12:45;Full;0.5403726708074534;1.925;2.5, 3.0;1.875;2.5, 3.0;2.0;4.0;;1.0;2.0;3.0;187.0;107.0;100.0;UD Ibiza;;0.0;0.0;1.4;2;4.0;4 - 0;4.333;Atletico Sanluqueno;;0.0;2.0;5.75;0;0.0;-1.25;2 - 4;1-2;2.75;1.25;61 - 46;33 - 27;27.0;33.0;40.0;60.0;0.0;2.0;2.0;5.0;;;;;;;;90.0;97.0;46.0;61.0;45.0;55.0;2.0;6.0;2.0;8.0;;[37 40 70 78];[1 1 2 2];[False False False False];['UD Ibiza' 'UD Ibiza' 'UD Ibiza' 'UD Ibiza'];[0 1 2 3];[1 2 3 4];['D' 'H' 'H' 'H'];['H' 'H' 'H' 'H'];0.41;0.59;0.0;0.82;0.18;0.0;24368.0;77413.0;ud ibiza;atletico sanluqueno;2.5;2.0;
2026-05-03;193952993;Lithuania A Lyga Women;Lithuania;12:45;Full;-0.4444444444444444;1.95;2.5;1.85;2.5;3.0;3.0;;1.0;1.0;2.0;224.0;138.0;;FK Zalgiris Vilnius (W);;0.0;0.0;4.5;1;2.0;2 - 2;4.333;MFA Zalgiris (W);;1.0;3.0;1.5;1;2.0;+1.0;3 - 3;1-1;2.5;1.0;75 - 63;36 - 31;31.0;36.0;;;2.0;6.0;3.0;4.0;;;;;;;;106.0;118.0;63.0;75.0;;;4.0;11.0;7.0;9.0;;[25 32 51 77];[1 1 2 2];[False False False False];"['MFA Zalgiris (W)' 'FK Zalgiris Vilnius (W)' 'FK Zalgiris Vilnius (W)'
 'MFA Zalgiris (W)']";[ 0 -1  0  1];[-1  0  1  0];['D' 'A' 'D' 'H'];['A' 'D' 'H' 'D'];0.63;0.29;0.08;0.84;0.0;0.16;5345.0;;vilnius fk zalgiris;;;;Women
2026-05-03;192943515;Peru Liga 1;Peru;13:00;Full;0.36601307189542487;1.975;2.5, 3.0;1.825;2.5, 3.0;7.0;3.0;;2.0;0.0;2.0;149.0;74.0;100.0;Sporting Cristal;;0.0;2.0;1.7;2;2.0;2 - 2;3.75;Cusco FC;;0.0;2.0;4.5;2;2.0;-0.75;7 - 3;2-0;2.75;1.0;43 - 31;17 - 3;3.0;17.0;49.0;51.0;1.0;5.0;2.0;5.0;;;;;;;;65.0;84.0;31.0;43.0;50.0;50.0;7.0;10.0;2.0;10.0;;[ 8 15 22 39];[1 1 1 1];[False False False False];['Sporting Cristal' 'Cusco FC' 'Cusco FC' 'Sporting Cristal'];[ 0  1  0 -1];[ 1  0 -1  0];['D' 'H' 'D' 'A'];['H' 'D' 'A' 'D'];0.73;0.08;0.19;0.47;0.16;0.38;2302.0;63760.0;sporting cristal;cusco fc;1.72;1.72;
2026-05-03;193985975;Mexico Liga MX U19 Femenil;Mexico;13:00;Full;0.10971786833855796;2.0;2.0, 2.5;1.8;2.0, 2.5;3.0;4.0;;1.0;0.0;1.0;127.0;149.0;;Atletico San Luis U19 (W);;0.0;0.0;2.2;0;1.0;1 - 1;3.2;Santos Laguna U19 (W);;0.0;1.0;2.9;0;1.0;-0.25;3 - 4;1-0;2.25;0.75;71 - 78;38 - 38;38.0;38.0;;;1.0;4.0;0.0;0.0;;;;;;;;59.0;68.0;78.0;71.0;;;3.0;8.0;2.0;4.0;;[47 72];[2 2];[False False];['Atletico San Luis U19 (W)' 'Santos Laguna U19 (W)'];[0 1];[1 0];['D' 'H'];['H' 'D'];0.72;0.28;0.0;1.0;0.0;0.0;600138.0;1948.0;atletico san luis;club santos laguna;;;Youth-Women
2026-05-03;193770792;Jordan League;Jordan;13:00;Full;-0.5442253521126761;1.875;2.5;1.925;2.5;2.0;15.0;;1.0;8.0;9.0;172.0;88.0;100.0;Al Salt;;0.0;2.0;6.25;0;1.0;1 - 1;3.9;Al-Wehdat;;0.0;3.0;1.42;1;1.0;+1.0;2 - 15;1-8;2.5;1.0;34 - 54;19 - 30;30.0;19.0;60.0;40.0;5.0;2.0;5.0;1.0;;;;;;;;93.0;79.0;54.0;34.0;59.0;41.0;11.0;4.0;6.0;3.0;;[39 58];[1 2];[False False];['Al-Wehdat' 'Al Salt'];[ 0 -1];[-1  0];['D' 'A'];['A' 'D'];0.79;0.0;0.21;0.87;0.0;0.13;321509.0;40650.0;al salt;al wehdat;;;Women
2026-05-03;193004665;Italy Serie A;Italy;13:00;Full;0.7691006117402057;1.975;3.0;1.875;3.0;14.0;1.0;;9.0;1.0;10.0;217.0;113.0;100.0;Juventus;;0.0;1.0;1.182;0;1.0;1 - 1;7.0;Verona;;0.0;4.0;13.0;1;1.0;-2.0;14 - 1;9-1;3.0;1.25;103 - 10;44 - 3;3.0;44.0;27.0;73.0;2.0;11.0;1.0;2.0;;;;;;;;63.0;154.0;10.0;103.0;24.0;76.0;4.0;22.0;3.0;7.0;;[34 62];[1 2];[False False];['Verona' 'Juventus'];[ 0 -1];[-1  0];['D' 'A'];['A' 'D'];0.69;0.0;0.31;0.76;0.0;0.24;2687.0;2701.0;juventus turin;hellas verona;2.05;2.37;
2026-05-03;193985148;Spain Tercera Group 1;Spain;13:00;Full;0.09661835748792269;1.775;2.0;2.025;2.0;8.0;1.0;;5.0;0.0;5.0;251.0;112.0;;CD Barco;;0.0;2.0;2.25;1;1.0;1 - 2;3.0;Somozas;;0.0;0.0;2.875;0;2.0;-0.25;8 - 1;5-0;2.0;0.75;57 - 55;26 - 19;19.0;26.0;;;1.0;3.0;0.0;3.0;;;;;;;;126.0;125.0;55.0;57.0;;;4.0;5.0;5.0;5.0;;[29 68 72];[1 2 2];[False False False];['CD Barco' 'Somozas' 'Somozas'];[0 1 0];[ 1  0 -1];['D' 'H' 'D'];['H' 'D' 'A'];0.37;0.43;0.2;0.64;0.36;0.0;;;;;;;
2026-05-03;193985988;Mexico Liga MX U19 Femenil;Mexico;13:00;Full;-0.08730158730158727;1.85;2.0, 2.5;1.95;2.0, 2.5;4.0;0.0;;2.0;0.0;2.0;111.0;81.0;;Mazatlan FC U19 (W);;0.0;0.0;2.8;1;1.0;1 - 3;3.2;Leon U19 (W);;0.0;0.0;2.25;2;3.0;+0.25;4 - 0;2-0;2.25;1.0;51 - 30;22 - 18;18.0;22.0;;;3.0;2.0;6.0;2.0;;;;;;;;65.0;46.0;30.0;51.0;;;4.0;4.0;7.0;4.0;;[ 8 38 47 61];[1 1 1 2];[False False  True False];['Leon U19 (W)' 'Mazatlan FC U19 (W)' 'Leon U19 (W)' 'Leon U19 (W)'];[ 0 -1  0 -1];[-1  0 -1 -2];['D' 'A' 'D' 'A'];['A' 'D' 'A' 'A'];0.19;0.0;0.81;0.36;0.0;0.64;1946.0;376764.0;mazatlan fc;club leon;;;Youth-Women
2026-05-03;193944936;Morocco League Women;Morocco;13:00;Full;0.8757419865453107;1.95;4.0;1.85;4.0;4.0;2.0;;2.0;0.0;2.0;197.0;120.0;;UTS Touarga (W);;0.0;1.0;1.083;3;8.0;8 - 2;9.5;Lionnes Assa-Mahbes (W);;0.0;2.0;21.0;1;2.0;-3.0;4 - 2;2-0;4.0;1.75;78 - 42;41 - 18;18.0;41.0;;;3.0;7.0;3.0;7.0;;;;;;;;105.0;92.0;42.0;78.0;;;4.0;9.0;5.0;18.0;;[ 6 19 44 48 51 71 72 80 80 87];[1 1 1 1 2 2 2 2 2 2];[False False False  True False False False False False False];"['UTS Touarga (W)' 'UTS Touarga (W)' 'Lionnes Assa-Mahbes (W)'
 'UTS Touarga (W)' 'UTS Touarga (W)' 'Lionnes Assa-Mahbes (W)'
 'UTS Touarga (W)' 'UTS Touarga (W)' 'UTS Touarga (W)' 'UTS Touarga (W)']";[0 1 2 1 2 3 2 3 4 5];[1 2 1 2 3 2 3 4 5 6];['D' 'H' 'H' 'H' 'H' 'H' 'H' 'H' 'H' 'H'];['H' 'H' 'H' 'H' 'H' 'H' 'H' 'H' 'H' 'H'];0.07;0.93;0.0;0.12;0.88;0.0;;;;;;;Women
2026-05-03;193186938;Argentina Nacional B;Argentina;13:00;Full;0.2651162790697674;1.95;1.5, 2.0;1.85;1.5, 2.0;1.0;3.0;;1.0;1.0;2.0;227.0;118.0;100.0;CA Atlanta;;0.0;1.0;2.15;2;3.0;3 - 1;2.5;Tristan Suarez;;0.0;3.0;5.0;0;1.0;-0.25;1 - 3;1-1;1.75;0.75;42 - 76;20 - 29;29.0;20.0;41.0;59.0;1.0;1.0;1.0;2.0;;;;;;;;120.0;107.0;76.0;42.0;47.0;53.0;5.0;2.0;2.0;4.0;;[25 38 46 69];[1 1 2 2];[False False False False];['CA Atlanta' 'CA Atlanta' 'Tristan Suarez' 'CA Atlanta'];[0 1 2 1];[1 2 1 2];['D' 'H' 'H' 'H'];['H' 'H' 'H' 'H'];0.28;0.72;0.0;0.56;0.44;0.0;53799.0;93513.0;ca atlanta;csd tristan suarez;2.62;2.5;Youth
2026-05-03;193951076;Qatar Reserve League;Qatar;13:00;Full;-0.21795989537925015;1.9;2.5;1.9;2.5;0.0;14.0;;0.0;6.0;6.0;141.0;83.0;100.0;Al-Sailiya SC U23;;0.0;1.0;3.1;0;1.0;1 - 3;3.9;Al-Shahaniya SC U23;;0.0;0.0;1.85;1;3.0;+0.5;0 - 14;0-6;2.5;1.0;36 - 47;21 - 23;23.0;21.0;62.0;38.0;3.0;2.0;5.0;0.0;;;;;;;;80.0;61.0;47.0;36.0;60.0;40.0;9.0;4.0;8.0;2.0;;[19 51 83 84];[1 2 2 2];[False False False False];"['Al-Shahaniya SC U23' 'Al-Shahaniya SC U23' 'Al-Sailiya SC U23'
 'Al-Shahaniya SC U23']";[ 0 -1 -2 -1];[-1 -2 -1 -2];['D' 'A' 'A' 'A'];['A' 'A' 'A' 'A'];0.21;0.0;0.79;0.42;0.0;0.58;44439.0;170364.0;al-sailiya sc;al shahaniya;;;Youth
2026-05-03;193199396;Greece Super League 1;Greece;13:00;Full;-0.09408602150537637;1.825;2.0;1.975;2.0;3.0;9.0;;1.0;6.0;7.0;205.0;93.0;100.0;PAOK Salonika;;0.0;1.0;3.1;1;3.0;3 - 1;3.1;Olympiacos;;0.0;1.0;2.4;1;1.0;+0.25;3 - 9;1-6;2.0;0.75;27 - 66;7 - 30;30.0;7.0;51.0;49.0;6.0;0.0;5.0;2.0;;;;;;;;112.0;93.0;66.0;27.0;55.0;45.0;11.0;2.0;7.0;4.0;;[15 29 55 65];[1 1 2 2];[False False False False];['PAOK Salonika' 'Olympiacos' 'PAOK Salonika' 'PAOK Salonika'];[0 1 0 1];[1 0 1 2];['D' 'H' 'D' 'H'];['H' 'D' 'H' 'H'];0.46;0.54;0.0;0.69;0.31;0.0;3251.0;3245.0;paok thessaloniki;olympiacos piraeus;1.95;2.05;
2026-05-03;193944940;Morocco League Women;Morocco;13:00;Full;-0.4851994851994852;1.875;2.5, 3.0;1.925;2.5, 3.0;5.0;5.0;;2.0;2.0;4.0;129.0;93.0;100.0;RSB Berkane (W);;0.0;4.0;5.25;1;1.0;1 - 2;4.1;FAR Rabat (W);;0.0;5.0;1.48;1;2.0;+1.0;5 - 5;2-2;2.75;1.25;47 - 46;26 - 20;20.0;26.0;47.0;53.0;1.0;2.0;5.0;2.0;;;;;;;;65.0;64.0;46.0;47.0;51.0;49.0;4.0;3.0;7.0;5.0;;[14 47 49];[1 1 2];[False  True False];['RSB Berkane (W)' 'FAR Rabat (W)' 'FAR Rabat (W)'];[0 1 0];[ 1  0 -1];['D' 'H' 'D'];['H' 'D' 'A'];0.18;0.37;0.46;0.3;0.7;0.0;80395.0;24394.0;rs berkane;as far rabat;;;Women
2026-05-03;193937381;Georgia Liga 3;Georgia;13:00;Full;0.3123721289326385;1.8;2.5, 3.0;2.0;2.5, 3.0;2.0;9.0;;2.0;2.0;4.0;241.0;102.0;;FC Tbilisi 2025;;0.0;2.0;1.727;1;1.0;1 - 1;3.75;Guria Lanchkhuti;;0.0;4.0;3.75;1;1.0;-0.75;2 - 9;2-2;2.75;1.25;48 - 54;28 - 16;16.0;28.0;;;3.0;1.0;1.0;2.0;;;;;;;;106.0;135.0;54.0;48.0;;;8.0;5.0;2.0;3.0;;[40 43];[1 1];[False False];['Guria Lanchkhuti' 'FC Tbilisi 2025'];[ 0 -1];[-1  0];['D' 'A'];['A' 'D'];0.97;0.0;0.03;0.93;0.0;0.07;;;;;;;
2026-05-03;193880184;Finland Kakkonen Group A;Finland;13:00;Full;-0.06238859180035644;1.95;3.0, 3.5;1.85;3.0, 3.5;6.0;5.0;;3.0;3.0;6.0;264.0;187.0;100.0;PPJ;;0.0;1.0;2.55;0;0.0;0 - 0;3.8;Puiu;;0.0;1.0;2.2;0;0.0;+0.25;6 - 5;3-3;3.25;1.25;99 - 88;43 - 38;38.0;43.0;47.0;53.0;2.0;1.0;3.0;0.0;;;;;;;;119.0;145.0;88.0;99.0;44.0;56.0;4.0;2.0;4.0;1.0;;[];[];[];[];[];[];[];[];1.0;0.0;0.0;1.0;0.0;0.0;193664.0;2283.0;ppj helsinki;puistolan urheilijat;1.44;1.44;
2026-05-03;193945052;Morocco GNF 1;Morocco;13:00;Full;-0.36601307189542487;1.95;2.0, 2.5;1.85;2.0, 2.5;2.0;6.0;;0.0;1.0;1.0;190.0;118.0;100.0;Renaissance Zemamra;;0.0;4.0;4.5;0;1.0;1 - 0;3.2;WAC Casablanca;;0.0;2.0;1.7;0;0.0;+0.5;2 - 6;0-1;2.25;1.0;52 - 66;24 - 27;27.0;24.0;47.0;53.0;0.0;4.0;3.0;0.0;;;;;;;;100.0;90.0;66.0;52.0;59.0;41.0;2.0;4.0;3.0;1.0;;[70];[2];[False];['Renaissance Zemamra'];[0];[1];['D'];['H'];0.78;0.22;0.0;1.0;0.0;0.0;368674.0;36268.0;renaissance zemamra;wydad ac;2.2;2.0;
2026-05-03;193985959;Mexico Liga MX U19;Mexico;13:00;Full;0.3087685253290349;1.9;3.5, 4.0;1.9;3.5, 4.0;10.0;3.0;;6.0;2.0;8.0;108.0;78.0;;Toluca U19;;0.0;3.0;1.727;2;3.0;3 - 0;3.8;Chivas Guadalajara U19;;0.0;1.0;3.7;0;0.0;-0.75;10 - 3;6-2;3.75;1.5;51 - 27;31 - 13;13.0;31.0;;;0.0;3.0;2.0;4.0;;;;;;;;61.0;47.0;27.0;51.0;;;3.0;10.0;2.0;8.0;;[18 23 62];[1 1 2];[False False False];['Toluca U19' 'Toluca U19' 'Toluca U19'];[0 1 2];[1 2 3];['D' 'H' 'H'];['H' 'H' 'H'];0.2;0.8;0.0;0.4;0.6;0.0;1931.0;1938.0;deportivo toluca fc;cd guadalajara;;;Youth
2026-05-03;193511027;Iceland Premier League;Iceland;13:00;Full;-0.3560606060606061;2.025;3.0, 3.5;1.775;3.0, 3.5;3.0;6.0;;1.0;4.0;5.0;164.0;95.0;100.0;IBV Vestmannaeyjar;;0.0;4.0;4.0;1;1.0;1 - 2;3.8;Breidablik;;0.0;3.0;1.65;1;2.0;+0.75;3 - 6;1-4;3.25;1.25;42 - 53;16 - 33;33.0;16.0;66.0;34.0;4.0;5.0;1.0;2.0;;;;;;;;83.0;81.0;53.0;42.0;58.0;42.0;5.0;8.0;3.0;4.0;;[ 1 20 58];[1 1 2];[False False False];['IBV Vestmannaeyjar' 'Breidablik' 'Breidablik'];[0 1 0];[ 1  0 -1];['D' 'H' 'D'];['H' 'D' 'A'];0.43;0.21;0.36;0.58;0.42;0.0;1895.0;1901.0;ibv vestmannaeyjar;breidablik kopavogur;1.5;1.53;
2026-05-03;193932434;Iceland Premier League;Iceland;13:00;Full;0.1399787910922588;1.875;3.5;1.925;3.5;10.0;6.0;;6.0;5.0;11.0;166.0;94.0;100.0;Stjarnan;;0.0;2.0;2.05;1;1.0;1 - 2;3.75;IA Akranes;;0.0;2.0;2.875;0;2.0;-0.25;10 - 6;6-5;3.5;1.5;46 - 48;18 - 28;28.0;18.0;60.0;40.0;3.0;3.0;2.0;4.0;;;;;;;;93.0;73.0;48.0;46.0;56.0;44.0;5.0;9.0;5.0;5.0;;[10 58 87];[1 2 2];[False False False];['Stjarnan' 'IA Akranes' 'IA Akranes'];[0 1 0];[ 1  0 -1];['D' 'H' 'D'];['H' 'D' 'A'];0.43;0.53;0.03;0.22;0.78;0.0;1912.0;1898.0;stjarnan gardabae;ia akranes;1.36;1.36;
2026-05-03;193985244;Spain Tercera Group 4;Spain;13:00;Full;0.12121212121212122;2.0;2.0, 2.5;1.8;2.0, 2.5;9.0;6.0;;9.0;4.0;13.0;277.0;181.0;;San Ignacio;;0.0;2.0;2.2;0;0.0;0 - 1;3.2;CD Alaves C;;0.0;2.0;3.0;0;1.0;-0.25;9 - 6;9-4;2.25;0.75;94 - 87;46 - 37;37.0;46.0;;;7.0;8.0;0.0;0.0;;;;;;;;138.0;139.0;87.0;94.0;;;9.0;11.0;3.0;0.0;;[88];[2];[False];['CD Alaves C'];[0];[-1];['D'];['A'];0.98;0.0;0.02;1.0;0.0;0.0;;;;;;;
2026-05-03;193930556;Croatia 3.NL;Croatia;13:00;Full;0.707219494453537;1.9;3.0;1.9;3.0;11.0;1.0;;9.0;0.0;9.0;151.0;87.0;100.0;NK Zagorec Krapina;;0.0;0.0;1.222;1;1.0;1 - 1;5.25;NK Bistra;;0.0;0.0;9.0;1;1.0;-1.75;11 - 1;9-0;3.0;1.25;56 - 31;26 - 15;15.0;26.0;36.0;64.0;3.0;5.0;3.0;4.0;;;;;;;;59.0;92.0;31.0;56.0;35.0;65.0;7.0;12.0;3.0;7.0;;[13 46];[1 1];[False  True];['NK Bistra' 'NK Zagorec Krapina'];[ 0 -1];[-1  0];['D' 'A'];['A' 'D'];0.63;0.0;0.37;0.28;0.0;0.72;;;;;;;
2026-05-03;193982491;Qatar Reserve League;Qatar;13:00;Full;0.3691950464396285;1.8;2.5, 3.0;2.0;2.5, 3.0;10.0;5.0;;2.0;1.0;3.0;152.0;81.0;100.0;Al-Rayyan SC U23;;0.0;2.0;1.615;0;2.0;2 - 0;4.1;Al-Wakrah SC U23;;0.0;1.0;4.0;0;0.0;-0.75;10 - 5;2-1;2.75;1.25;47 - 34;22 - 19;19.0;22.0;44.0;56.0;1.0;4.0;2.0;2.0;;;;;;;;69.0;83.0;34.0;47.0;42.0;58.0;2.0;8.0;4.0;7.0;;[53 75];[2 2];[False False];['Al-Rayyan SC U23' 'Al-Rayyan SC U23'];[0 1];[1 2];['D' 'H'];['H' 'H'];0.59;0.41;0.0;1.0;0.0;0.0;40660.0;44440.0;al rayyan sc;al wakrah sc;;;Youth-Women
2026-05-03;193982482;Qatar Reserve League;Qatar;13:00;Full;0.025531914893617003;1.825;2.0, 2.5;1.975;2.0, 2.5;4.0;3.0;;2.0;1.0;3.0;211.0;118.0;;Umm Salal U23;;1.0;2.0;2.35;0;1.0;1 - 1;3.5;Qatar SC Doha U23;;0.0;1.0;2.5;0;1.0;0.0;4 - 3;2-1;2.25;1.0;54 - 64;27 - 29;29.0;27.0;;;6.0;0.0;1.0;1.0;;;;;;;;126.0;85.0;64.0;54.0;;;6.0;1.0;2.0;6.0;;[73 83];[2 2];[False False];['Qatar SC Doha U23' 'Umm Salal U23'];[ 0 -1];[-1  0];['D' 'A'];['A' 'D'];0.89;0.0;0.11;1.0;0.0;0.0;32490.0;25914.0;umm-salal sc;qatar sc;;;Youth
2026-05-03;193194993;Denmark Superligaen;Denmark;13:00;Full;0.5817805383022776;1.825;3.0, 3.5;1.975;3.0, 3.5;9.0;5.0;;3.0;1.0;4.0;199.0;115.0;100.0;AGF Aarhus;;0.0;2.0;1.38;0;2.0;2 - 1;5.25;Sonderjyske;;0.0;0.0;7.0;0;1.0;-1.5;9 - 5;3-1;3.25;1.5;81 - 34;34 - 16;16.0;34.0;37.0;63.0;1.0;7.0;2.0;2.0;;;;;;;;63.0;136.0;34.0;81.0;38.0;62.0;4.0;11.0;7.0;9.0;;[52 81 94];[2 2 2];[False False  True];['AGF Aarhus' 'Sonderjyske' 'AGF Aarhus'];[0 1 0];[1 0 1];['D' 'H' 'D'];['H' 'D' 'H'];0.69;0.31;0.0;1.0;0.0;0.0;1291.0;1295.0;agf aarhus;soenderjyske;1.61;1.61;
2026-05-03;193383504;Cyprus Division 1;Cyprus;13:00;Full;0.014245014245014231;1.825;2.0, 2.5;1.975;2.0, 2.5;2.0;4.0;;2.0;2.0;4.0;157.0;95.0;100.0;Apollon Limassol;3.0;0.0;3.0;2.6;2;2.0;2 - 1;3.2;Pafos FC;4.0;0.0;4.0;2.7;1;1.0;0.0;2 - 4;2-2;2.25;1.0;36 - 59;23 - 26;26.0;23.0;50.0;50.0;1.0;4.0;3.0;2.0;;;;;;;;74.0;83.0;59.0;36.0;50.0;50.0;5.0;7.0;7.0;2.0;;[10 21 25];[1 1 1];[False False False];['Apollon Limassol' 'Apollon Limassol' 'Pafos FC'];[0 1 2];[1 2 1];['D' 'H' 'H'];['H' 'H' 'H'];0.11;0.89;0.0;0.22;0.78;0.0;3402.0;171626.0;apollon limassol;pafos fc;1.72;1.8;
2026-05-03;192944179;Saudi Arabia Pro League;Saudi Arabia;13:00;Full;0.13178294573643412;1.8;2.5, 3.0;2.0;2.5, 3.0;6.0;3.0;;0.0;2.0;2.0;164.0;84.0;100.0;Al Shabab Riyadh;;0.0;1.0;2.15;1;1.0;1 - 5;3.4;Al Taawon Buraidah;;0.0;2.0;3.0;2;5.0;-0.25;6 - 3;0-2;2.75;1.25;44 - 40;23 - 22;22.0;23.0;45.0;55.0;3.0;2.0;4.0;1.0;;;;;;;;84.0;80.0;40.0;44.0;50.0;50.0;4.0;6.0;8.0;2.0;;[24 30 35 49 54 74];[1 1 1 2 2 2];[False False False False False False];"['Al Shabab Riyadh' 'Al Taawon Buraidah' 'Al Taawon Buraidah'
 'Al Taawon Buraidah' 'Al Taawon Buraidah' 'Al Taawon Buraidah']";[ 0  1  0 -1 -2 -3];[ 1  0 -1 -2 -3 -4];['D' 'H' 'D' 'A' 'A' 'A'];['H' 'D' 'A' 'A' 'A' 'A'];0.32;0.07;0.61;0.64;0.13;0.22;34313.0;56021.0;al-shabab fc (sa);al-taawoun fc;1.57;1.57;
2026-05-03;193946900;Norway Toppserien Women;Norway;13:00;Full;-0.42601092163891596;1.875;2.5, 3.0;1.925;2.5, 3.0;3.0;5.0;;0.0;4.0;4.0;179.0;83.0;;Bodo/Glimt (W);;0.0;0.0;4.75;0;0.0;0 - 4;3.8;Stabaek (W);;0.0;2.0;1.571;3;4.0;+1.0;3 - 5;0-4;2.75;1.25;16 - 67;6 - 39;39.0;6.0;;;3.0;2.0;8.0;1.0;;;;;;;;125.0;54.0;67.0;16.0;;;7.0;2.0;11.0;3.0;;[19 30 36 73];[1 1 1 2];[False False False False];['Stabaek (W)' 'Stabaek (W)' 'Stabaek (W)' 'Stabaek (W)'];[ 0 -1 -2 -3];[-1 -2 -3 -4];['D' 'A' 'A' 'A'];['A' 'A' 'A' 'A'];0.21;0.0;0.79;0.42;0.0;0.58;656.0;1162.0;bodoe/glimt;stabaek if;;;Women
2026-05-03;193881628;Chile Segunda;Chile;13:00;Full;0.02354788069073782;1.975;2.0, 2.5;1.825;2.0, 2.5;1.0;6.0;;1.0;1.0;2.0;278.0;124.0;100.0;Concon National;6.0;1.0;3.0;2.45;0;0.0;0 - 1;3.2;Brujas de Salamanca;3.0;0.0;2.0;2.6;1;1.0;-0.25;1 - 6;1-1;2.25;1.0;57 - 67;25 - 25;25.0;25.0;56.0;44.0;6.0;2.0;1.0;0.0;;;;;;;;134.0;144.0;67.0;57.0;48.0;52.0;10.0;8.0;2.0;0.0;;[19];[1];[False];['Brujas de Salamanca'];[0];[-1];['D'];['A'];0.21;0.0;0.79;0.42;0.0;0.58;;;;;;;
2026-05-03;193951098;San Marino Campionato;San Marino;13:00;Full;0.5258541089566021;1.875;2.5;1.925;2.5;8.0;3.0;;5.0;1.0;6.0;182.0;146.0;100.0;Tre Penne;3.0;0.0;2.0;1.444;0;0.0;0 - 0;4.1;SS Cosmos;8.0;0.0;3.0;6.0;0;0.0;-1.25;8 - 3;5-1;2.5;1.0;72 - 74;38 - 32;32.0;38.0;38.0;62.0;1.0;2.0;2.0;1.0;;;;;;;;94.0;88.0;74.0;72.0;42.0;58.0;4.0;7.0;3.0;1.0;;[];[];[];[];[];[];[];[];1.0;0.0;0.0;1.0;0.0;0.0;;;;;;;
2026-05-03;193931998;Canada Northern Super League Women;Canada;13:00;Full;0.40350877192982454;1.9;3.0;1.9;3.0;8.0;9.0;;2.0;3.0;5.0;245.0;156.0;;AFC Toronto (W);;0.0;0.0;1.5;0;0.0;0 - 0;5.5;Halifax Tides FC (W);;0.0;1.0;3.8;0;0.0;-1.0;8 - 9;2-3;3.0;1.25;87 - 69;31 - 33;33.0;31.0;;;1.0;6.0;3.0;0.0;;;;;;;;114.0;131.0;69.0;87.0;;;2.0;7.0;4.0;3.0;;[];[];[];[];[];[];[];[];1.0;0.0;0.0;1.0;0.0;0.0;;;;;;;Women
2026-05-03;193879897;Ecuador LigaPro Serie B;Ecuador;13:00;Full;0.284130284130284;1.85;2.0;1.95;2.0;3.0;2.0;;2.0;2.0;4.0;162.0;78.0;100.0;Atletico FC Guayaquil;2.0;0.0;2.0;1.85;0;0.0;0 - 0;3.1;CD Cuenca Jrs;4.0;0.0;1.0;3.9;0;0.0;-0.5;3 - 2;2-2;2.0;0.75;52 - 26;29 - 12;12.0;29.0;36.0;64.0;3.0;4.0;0.0;0.0;;;;;;;;62.0;100.0;26.0;52.0;36.0;64.0;6.0;12.0;3.0;0.0;;[];[];[];[];[];[];[];[];1.0;0.0;0.0;1.0;0.0;0.0;;;;;;;Youth
2026-05-03;193836376;Bahrain Premier League;Bahrain;13:00;Full;-0.5078369905956113;1.9;2.5;1.9;2.5;2.0;7.0;;2.0;3.0;5.0;118.0;86.0;100.0;Bahrain SC;;0.0;1.0;5.5;0;0.0;0 - 4;4.1;Malkiya;;0.0;1.0;1.45;3;4.0;+1.0;2 - 7;2-3;2.5;1.0;39 - 47;20 - 23;23.0;20.0;56.0;44.0;3.0;1.0;4.0;2.0;;;;;;;;58.0;60.0;47.0;39.0;59.0;41.0;6.0;4.0;7.0;3.0;;[ 8 20 24 77];[1 1 1 2];[False False False False];['Malkiya' 'Malkiya' 'Malkiya' 'Malkiya'];[ 0 -1 -2 -3];[-1 -2 -3 -4];['D' 'A' 'A' 'A'];['A' 'A' 'A' 'A'];0.09;0.0;0.91;0.18;0.0;0.82;60428.0;45477.0;al bahrain;malkiya club;2.25;2.1;
2026-05-03;193836379;Bahrain Premier League;Bahrain;13:00;Full;-0.7183306055646481;1.825;2.5, 3.0;1.975;2.5, 3.0;2.0;7.0;;2.0;2.0;4.0;230.0;168.0;100.0;Budaiya;;0.0;1.0;10.0;0;0.0;0 - 1;5.25;Al Khalidiyah;;0.0;3.0;1.222;1;1.0;+1.5;2 - 7;2-2;2.75;1.25;78 - 90;44 - 38;38.0;44.0;49.0;51.0;1.0;4.0;3.0;1.0;;;;;;;;112.0;118.0;90.0;78.0;50.0;50.0;6.0;7.0;3.0;1.0;;[2];[1];[False];['Al Khalidiyah'];[0];[-1];['D'];['A'];0.02;0.0;0.98;0.04;0.0;0.96;193666.0;761576.0;al budaiya;al-khaldiya sc;1.9;2.37;
2026-05-03;193986260;Spain Regional League;Spain;13:00;Full;0.49385749385749383;1.85;3.0;1.95;3.0;6.0;3.0;;3.0;2.0;5.0;164.0;64.0;100.0;Alcantarilla FC;;0.0;3.0;1.48;0;1.0;1 - 0;4.2;Archena FC;;0.0;5.0;5.5;0;0.0;-1.0;6 - 3;3-2;3.0;1.25;36 - 28;16 - 13;13.0;16.0;48.0;52.0;2.0;0.0;1.0;1.0;;;;;;;;70.0;94.0;28.0;36.0;47.0;53.0;2.0;4.0;2.0;2.0;;[83];[2];[False];['Alcantarilla FC'];[0];[1];['D'];['H'];0.92;0.08;0.0;1.0;0.0;0.0;;;;;;;
2026-05-03;193953130;Spain Tercera Group 1;Spain;13:00;Full;0.15360983102918585;2.0;2.0, 2.5;1.8;2.0, 2.5;4.0;6.0;;2.0;3.0;5.0;193.0;102.0;100.0;Gran Pena;;0.0;2.0;2.1;3;4.0;4 - 1;3.2;Racing Club Villalbes;;0.0;2.0;3.1;0;1.0;-0.25;4 - 6;2-3;2.25;0.75;48 - 54;27 - 22;22.0;27.0;54.0;46.0;3.0;6.0;2.0;6.0;;;;;;;;104.0;89.0;54.0;48.0;55.0;45.0;7.0;7.0;5.0;13.0;;[22 34 44 56 58];[1 1 1 2 2];[False False False False False];['Gran Pena' 'Gran Pena' 'Gran Pena' 'Gran Pena' 'Racing Club Villalbes'];[0 1 2 3 4];[1 2 3 4 3];['D' 'H' 'H' 'H' 'H'];['H' 'H' 'H' 'H' 'H'];0.24;0.76;0.0;0.49;0.51;0.0;;;;;;;
2026-05-03;193930104;Burkina Faso League;Burkina Faso;13:00;Full;0.14141414141414138;1.975;1.5, 2.0;1.825;1.5, 2.0;4.0;2.0;;3.0;1.0;4.0;170.0;93.0;;Sonabel;;0.0;2.0;2.25;2;2.0;2 - 0;2.7;ASF Bobo Dioulasso;;0.0;1.0;3.3;0;0.0;-0.25;4 - 2;3-1;1.75;0.75;43 - 50;23 - 24;24.0;23.0;;;0.0;2.0;1.0;2.0;;;;;;;;90.0;80.0;50.0;43.0;;;2.0;4.0;1.0;3.0;;[ 2 34];[1 1];[False False];['Sonabel' 'Sonabel'];[0 1];[1 2];['D' 'H'];['H' 'H'];0.02;0.98;0.0;0.04;0.96;0.0;;;;;;;
2026-05-03;193190757;Bulgaria First League;Bulgaria;13:00;Full;-0.017316017316017285;1.95;2.0, 2.5;1.85;2.0, 2.5;4.0;10.0;;3.0;5.0;8.0;169.0;165.0;100.0;CSKA Sofia;;0.0;4.0;2.75;1;1.0;1 - 0;3.1;Ludogorets Razgrad;;0.0;4.0;2.625;0;0.0;0.0;4 - 10;3-5;2.25;1.0;73 - 92;30 - 40;40.0;30.0;50.0;50.0;4.0;1.0;1.0;2.0;;;;;;;;96.0;73.0;92.0;73.0;50.0;50.0;10.0;5.0;1.0;4.0;;[11];[1];[False];['CSKA Sofia'];[0];[1];['D'];['H'];0.12;0.88;0.0;0.24;0.76;0.0;3275.0;43840.0;pfc cska sofia;pfc ludogorets 1945 razgrad;1.83;1.83;
2026-05-03;193953066;Spain Tercera Group 1;Spain;13:00;Full;0.38383838383838387;2.025;2.5;1.775;2.5;7.0;4.0;;3.0;1.0;4.0;168.0;72.0;100.0;CD Boiro;;0.0;3.0;1.65;1;3.0;3 - 1;3.6;Montaneros;;0.0;2.0;4.5;0;1.0;-0.75;7 - 4;3-1;2.5;1.0;32 - 40;16 - 18;18.0;16.0;51.0;49.0;3.0;8.0;1.0;1.0;;;;;;;;88.0;80.0;40.0;32.0;55.0;45.0;6.0;13.0;6.0;3.0;;[21 52 75 79];[1 2 2 2];[False False False False];['CD Boiro' 'Montaneros' 'CD Boiro' 'CD Boiro'];[0 1 0 1];[1 0 1 2];['D' 'H' 'D' 'H'];['H' 'D' 'H' 'H'];0.49;0.51;0.0;0.47;0.53;0.0;;;;;;;
2026-05-03;193930113;Burkina Faso League;Burkina Faso;13:00;Full;0.3450292397660819;2.05;2.0;1.75;2.0;5.0;2.0;;2.0;0.0;2.0;177.0;168.0;;Etoile Filante Ouagadougou;;0.0;1.0;1.8;0;3.0;3 - 0;2.9;AJEB FC;;0.0;1.0;4.75;0;0.0;-0.5;5 - 2;2-0;2.0;0.75;88 - 80;41 - 35;35.0;41.0;;;3.0;4.0;0.0;0.0;;;;;;;;86.0;91.0;80.0;88.0;;;5.0;9.0;2.0;5.0;;[52 81 94];[2 2 2];[False False  True];"['Etoile Filante Ouagadougou' 'Etoile Filante Ouagadougou'
 'Etoile Filante Ouagadougou']";[0 1 2];[1 2 3];['D' 'H' 'H'];['H' 'H' 'H'];0.55;0.45;0.0;1.0;0.0;0.0;;;;;;;
2026-05-03;193776649;Saudi Arabia Division 1;Saudi Arabia;13:10;Full;0.15447154471544722;1.95;2.5;1.85;2.5;11.0;0.0;;3.0;0.0;3.0;169.0;105.0;100.0;Al Batin;17.0;0.0;5.0;2.05;0;0.0;0 - 0;3.5;Al-Bukayriyah FC;9.0;0.0;2.0;3.0;0;0.0;-0.25;11 - 0;3-0;2.5;1.0;68 - 37;28 - 18;18.0;28.0;50.0;50.0;1.0;5.0;0.0;0.0;;;;;;;;83.0;86.0;37.0;68.0;50.0;50.0;6.0;9.0;0.0;0.0;;[];[];[];[];[];[];[];[];1.0;0.0;0.0;1.0;0.0;0.0;;;;;;;
2026-05-03;193109828;Spain Primera Division RFEF Group 2;Spain;13:15;Full;0.284130284130284;1.8;2.0;2.0;2.0;7.0;2.0;;3.0;1.0;4.0;239.0;110.0;100.0;Sabadell;;0.0;1.0;1.85;0;2.0;2 - 2;3.1;Real Murcia;;0.0;2.0;3.9;2;2.0;-0.5;7 - 2;3-1;2.0;0.75;68 - 42;35 - 20;20.0;35.0;43.0;57.0;1.0;4.0;5.0;2.0;;;;;;;;107.0;132.0;42.0;68.0;38.0;62.0;2.0;8.0;7.0;6.0;;[17 18 84 89];[1 1 2 2];[False False False False];['Real Murcia' 'Real Murcia' 'Sabadell' 'Sabadell'];[ 0 -1 -2 -1];[-1 -2 -1  0];['D' 'A' 'A' 'A'];['A' 'A' 'A' 'D'];0.2;0.0;0.8;0.38;0.0;0.62;24335.0;4487.0;ce sabadell fc;real murcia cf;2.2;2.2;
2026-05-03;193877722;Faroe Islands Premier League;Faroe Islands;13:15;Full;0.14297729184188396;1.875;2.5, 3.0;1.925;2.5, 3.0;7.0;1.0;;4.0;0.0;4.0;182.0;137.0;100.0;B68 Toftir;7.0;0.0;1.0;2.05;0;1.0;1 - 1;3.6;EB/Streymur;9.0;0.0;2.0;2.9;1;1.0;-0.25;7 - 1;4-0;2.75;1.25;86 - 51;36 - 21;21.0;36.0;38.0;62.0;0.0;0.0;2.0;3.0;;;;;;;;80.0;102.0;51.0;86.0;36.0;64.0;4.0;2.0;3.0;6.0;;[28 80];[1 2];[False False];['EB/Streymur' 'B68 Toftir'];[ 0 -1];[-1  0];['D' 'A'];['A' 'D'];0.42;0.0;0.58;0.62;0.0;0.38;;;;;;;
2026-05-03;193776653;Saudi Arabia Division 1;Saudi Arabia;13:25;Full;0.3082706766917293;1.85;2.5;1.95;2.5;4.0;10.0;;1.0;3.0;4.0;156.0;94.0;100.0;Al Taee;10.0;0.0;1.0;1.75;1;2.0;2 - 1;3.5;Al Jandal;14.0;0.0;1.0;3.8;0;1.0;-0.5;4 - 10;1-3;2.5;1.0;45 - 49;24 - 16;16.0;24.0;50.0;50.0;1.0;3.0;1.0;2.0;;;;;;;;80.0;76.0;49.0;45.0;50.0;50.0;4.0;11.0;3.0;4.0;;[28 76 89];[1 2 2];[False False False];['Al Taee' 'Al Jandal' 'Al Taee'];[0 1 0];[1 0 1];['D' 'H' 'D'];['H' 'D' 'H'];0.46;0.54;0.0;0.62;0.38;0.0;;;;;;;
2026-05-03;193986168;Spain Regional League;Spain;13:30;Full;0.5792916760658695;1.95;3.0;1.85;3.0;11.0;4.0;;5.0;2.0;7.0;164.0;87.0;100.0;Atletico Arnoia;;0.0;1.0;1.364;1;5.0;5 - 1;4.2;Tyde FC;;0.0;4.0;6.5;1;1.0;-1.25;11 - 4;5-2;3.0;1.25;48 - 39;25 - 18;18.0;25.0;37.0;63.0;6.0;6.0;2.0;4.0;;;;;;;;78.0;86.0;39.0;48.0;48.0;52.0;10.0;10.0;8.0;9.0;;[ 4 20 52 58 67 93];[1 1 2 2 2 2];[False False False False False  True];"['Atletico Arnoia' 'Tyde FC' 'Atletico Arnoia' 'Atletico Arnoia'
 'Atletico Arnoia' 'Atletico Arnoia']";[0 1 0 1 2 3];[1 0 1 2 3 4];['D' 'H' 'D' 'H' 'H' 'H'];['H' 'D' 'H' 'H' 'H' 'H'];0.39;0.61;0.0;0.64;0.36;0.0;;;;;;;
2026-05-03;193994727;Mali Premiere Division;Mali;13:30;Full;-0.047329276538201515;1.85;1.5, 2.0;1.95;1.5, 2.0;5.0;9.0;;2.0;4.0;6.0;121.0;117.0;;AS Korofina;7.0;1.0;2.0;2.9;0;0.0;0 - 3;2.6;USFAS Bamako;6.0;0.0;3.0;2.55;2;3.0;0.0;5 - 9;2-4;1.75;0.75;62 - 55;30 - 33;33.0;30.0;;;3.0;1.0;3.0;0.0;;;;;;;;58.0;63.0;55.0;62.0;;;3.0;2.0;6.0;3.0;;[12 14 67];[1 1 2];[False False False];['USFAS Bamako' 'USFAS Bamako' 'USFAS Bamako'];[ 0 -1 -2];[-1 -2 -3];['D' 'A' 'A'];['A' 'A' 'A'];0.13;0.0;0.87;0.27;0.0;0.73;;;;;;;
2026-05-03;193881346;Chile Primera B;Chile;13:30;Full;0.1067193675889328;1.85;2.0, 2.5;1.95;2.0, 2.5;9.0;2.0;;5.0;2.0;7.0;222.0;127.0;100.0;Magallanes;;0.0;3.0;2.2;0;2.0;2 - 3;3.2;Deportes Copiapo;;0.0;3.0;2.875;1;3.0;-0.25;9 - 2;5-2;2.25;1.0;77 - 50;49 - 18;18.0;49.0;50.0;50.0;2.0;5.0;2.0;4.0;;;;;;;;98.0;124.0;50.0;77.0;50.0;50.0;2.0;8.0;5.0;9.0;;[ 6 52 71 92 97];[1 2 2 2 2];[False False False  True  True];"['Deportes Copiapo' 'Magallanes' 'Magallanes' 'Deportes Copiapo'
 'Deportes Copiapo']";[ 0 -1  0  1  0];[-1  0  1  0 -1];['D' 'A' 'D' 'H' 'D'];['A' 'D' 'H' 'D' 'A'];0.31;0.22;0.47;0.13;0.0;0.87;;;;;;;Youth
2026-05-03;193190241;Belgium First Division A;Belgium;13:30;Full;-0.3969728242174063;1.9;3.0, 3.5;1.9;3.0, 3.5;8.0;4.0;;3.0;3.0;6.0;192.0;97.0;100.0;Anderlecht;6.0;0.0;2.0;4.5;0;1.0;1 - 3;4.333;Club Brugge;2.0;0.0;2.0;1.615;1;3.0;+1.0;8 - 4;3-3;3.25;1.25;57 - 40;16 - 18;18.0;16.0;45.0;55.0;9.0;3.0;2.0;1.0;;;;;;;;75.0;117.0;40.0;57.0;40.0;60.0;15.0;11.0;8.0;4.0;;[ 8 59 61 83];[1 2 2 2];[False False False False];['Club Brugge' 'Club Brugge' 'Club Brugge' 'Anderlecht'];[ 0 -1 -2 -3];[-1 -2 -3 -2];['D' 'A' 'A' 'A'];['A' 'A' 'A' 'A'];0.09;0.0;0.91;0.18;0.0;0.82;2900.0;2888.0;rsc anderlecht;club brugge;1.53;1.5;
2026-05-03;193886548;Czechia First League;Czech Republic;13:30;Full;0.4451612903225806;1.9;2.5, 3.0;1.9;2.5, 3.0;9.0;4.0;;4.0;1.0;5.0;153.0;90.0;100.0;Sparta Prague;;1.0;1.0;1.55;1;2.0;2 - 0;3.9;FK Jablonec;;1.0;1.0;5.0;0;0.0;-1.0;9 - 4;4-1;2.75;1.25;61 - 29;25 - 18;18.0;25.0;50.0;50.0;2.0;3.0;0.0;1.0;;;;;;;;68.0;85.0;29.0;61.0;50.0;50.0;5.0;11.0;2.0;6.0;;[47 77];[1 2];[ True False];['Sparta Prague' 'Sparta Prague'];[0 1];[1 2];['D' 'H'];['H' 'H'];0.52;0.48;0.0;1.0;0.0;0.0;2218.0;2205.0;sparta prague;fk jablonec;1.75;1.75;
2026-05-03;193067297;Argentina Liga Profesional;Argentina;13:30;Full;-0.025542784163473775;2.025;2.0;1.775;2.0;5.0;7.0;;4.0;0.0;4.0;179.0;133.0;100.0;Aldosivi;;0.0;0.0;2.9;1;1.0;1 - 1;2.9;Independiente Rivadavia;;0.0;3.0;2.7;1;1.0;0.0;5 - 7;4-0;2.0;0.75;69 - 64;37 - 22;22.0;37.0;65.0;35.0;2.0;4.0;1.0;4.0;;;;;;;;88.0;91.0;64.0;69.0;61.0;39.0;11.0;12.0;4.0;4.0;;[4 8];[1 1];[False False];['Aldosivi' 'Independiente Rivadavia'];[0 1];[1 0];['D' 'H'];['H' 'D'];0.96;0.04;0.0;0.91;0.09;0.0;36836.0;36842.0;ca aldosivi;independiente rivadavia;;;
2026-05-03;193932017;Chile Copa de la Liga;Chile;13:30;Full;-0.19696969696969696;1.95;2.5;1.85;2.5;7.0;4.0;;3.0;2.0;5.0;174.0;114.0;100.0;Universidad de Concepcion;;0.0;6.0;3.3;1;2.0;2 - 2;3.25;Universidad Catolica;;1.0;5.0;2.0;2;2.0;+0.25;7 - 4;3-2;2.5;1.0;81 - 33;29 - 18;18.0;29.0;50.0;50.0;1.0;1.0;3.0;5.0;;;;;;;;61.0;113.0;33.0;81.0;50.0;50.0;3.0;5.0;3.0;7.0;;[ 3 13 29 81];[1 1 1 2];[False False False False];"['Universidad de Concepcion' 'Universidad Catolica' 'Universidad Catolica'
 'Universidad de Concepcion']";[ 0  1  0 -1];[ 1  0 -1  0];['D' 'H' 'D' 'A'];['H' 'D' 'A' 'D'];0.31;0.11;0.58;0.42;0.22;0.36;5034.0;3151.0;universidad de concepcion;cd universidad catolica;1.8;1.72;
2026-05-03;193914299;Israel Premier League;Israel;13:30;Full;0.040100250626566414;1.875;2.5;1.925;2.5;3.0;12.0;;2.0;3.0;5.0;190.0;134.0;100.0;Hapoel Ironi Kiryat Shmona;;0.0;1.0;2.375;1;2.0;2 - 0;3.2;Hapoel Haifa;;0.0;0.0;2.625;0;0.0;-0.25;3 - 12;2-3;2.5;1.0;48 - 86;26 - 34;34.0;26.0;51.0;49.0;2.0;3.0;2.0;3.0;;;;;;;;104.0;86.0;86.0;48.0;54.0;46.0;13.0;8.0;5.0;5.0;;[23 68];[1 2];[False False];['Hapoel Ironi Kiryat Shmona' 'Hapoel Ironi Kiryat Shmona'];[0 1];[1 2];['D' 'H'];['H' 'H'];0.26;0.74;0.0;0.51;0.49;0.0;5399.0;5201.0;hapoel ironi kiryat shmona fc;hapoel haifa fc;1.66;1.66;
2026-05-03;192946798;Spain La Liga;Spain;13:30;Full;0.46262419395012877;1.9;2.5;1.95;2.5;5.0;4.0;;5.0;2.0;7.0;179.0;94.0;100.0;Real Betis;5.0;0.0;0.0;1.571;2;3.0;3 - 0;4.1;Real Oviedo;20.0;0.0;0.0;5.75;0;0.0;-1.0;5 - 4;5-2;2.5;1.0;51 - 43;34 - 27;27.0;34.0;46.0;54.0;5.0;3.0;3.0;3.0;;;;;;;;98.0;81.0;43.0;51.0;46.0;54.0;11.0;5.0;5.0;5.0;;[22 45 58];[1 1 2];[False False False];['Real Betis' 'Real Betis' 'Real Betis'];[0 1 2];[1 2 3];['D' 'H' 'H'];['H' 'H' 'H'];0.24;0.76;0.0;0.49;0.51;0.0;2816.0;2851.0;real betis seville;real oviedo;1.9;1.95;
2026-05-03;193984288;Mali Premiere Division;Mali;13:30;Full;-0.028520499108734443;1.825;1.5, 2.0;1.975;1.5, 2.0;2.0;5.0;;1.0;3.0;4.0;181.0;129.0;100.0;FC Diarra;3.0;0.0;3.0;2.75;1;1.0;1 - 0;2.75;FC Binga;4.0;0.0;2.0;2.55;0;0.0;0.0;2 - 5;1-3;1.75;nan;62 - 67;33 - 33;33.0;33.0;58.0;42.0;2.0;2.0;0.0;6.0;;;;;;;;93.0;88.0;67.0;62.0;65.0;35.0;4.0;3.0;1.0;7.0;;[20];[1];[False];['FC Diarra'];[0];[1];['D'];['H'];0.22;0.78;0.0;0.44;0.56;0.0;;;;;;;
2026-05-03;192946444;Spain Segunda;Spain;13:30;Full;-0.08558262014483209;2.025;2.0, 2.5;1.775;2.0, 2.5;2.0;2.0;;1.0;0.0;1.0;205.0;110.0;100.0;Real Sociedad B;13.0;0.0;4.0;3.1;0;0.0;0 - 0;3.0;Burgos;7.0;0.0;2.0;2.45;0;0.0;+0.25;2 - 2;1-0;2.25;0.75;67 - 43;34 - 20;20.0;34.0;53.0;47.0;1.0;5.0;0.0;0.0;;;;;;;;81.0;124.0;43.0;67.0;52.0;48.0;5.0;12.0;2.0;4.0;;[];[];[];[];[];[];[];[];1.0;0.0;0.0;1.0;0.0;0.0;24360.0;2854.0;real sociedad san sebastian b;burgos cf;1.83;1.9;Youth
2026-05-03;193340883;Croatia HNL;Croatia;13:45;Full;0.4848484848484848;1.8;2.5, 3.0;2.0;2.5, 3.0;4.0;3.0;;1.0;1.0;2.0;222.0;134.0;100.0;Hajduk Split;2.0;0.0;3.0;1.5;2;3.0;3 - 1;3.75;NK Varazdin;3.0;1.0;0.0;5.5;1;1.0;-1.0;4 - 3;1-1;2.75;1.25;67 - 67;43 - 27;27.0;43.0;42.0;58.0;3.0;2.0;2.0;5.0;;;;;;;;113.0;109.0;67.0;67.0;50.0;50.0;4.0;4.0;3.0;10.0;;[21 27 46 96];[1 1 1 2];[False False  True  True];['NK Varazdin' 'Hajduk Split' 'Hajduk Split' 'Hajduk Split'];[ 0 -1  0  1];[-1  0  1  2];['D' 'A' 'D' 'H'];['A' 'D' 'H' 'H'];0.42;0.52;0.06;0.87;0.0;0.13;2036.0;282653.0;hnk hajduk split;nk varazdin;1.83;1.72;
2026-05-03;192947736;Türkiye Super Lig;Turkey;14:00;Full;0.07183908045977011;2.0;2.5;1.8;2.5;1.0;6.0;;1.0;3.0;4.0;183.0;72.0;100.0;Fatih Karagumruk;;0.0;2.0;2.4;1;1.0;1 - 0;3.3;Genclerbirligi;;0.0;2.0;2.9;0;0.0;-0.25;1 - 6;1-3;2.5;1.0;20 - 52;9 - 22;22.0;9.0;58.0;42.0;5.0;0.0;1.0;2.0;;;;;;;;114.0;69.0;52.0;20.0;63.0;37.0;10.0;3.0;2.0;3.0;;[17];[1];[False];['Fatih Karagumruk'];[0];[1];['D'];['H'];0.19;0.81;0.0;0.38;0.62;0.0;4954.0;7802.0;fatih karagumruk istanbul;genclerbirligi sk;1.72;1.8;
2026-05-03;192947740;Türkiye Super Lig;Turkey;14:00;Full;0.3492063492063492;1.9;2.5;1.9;2.5;9.0;3.0;;5.0;3.0;8.0;192.0;104.0;100.0;Kayserispor;;0.0;0.0;1.75;0;1.0;1 - 1;3.7;Eyupspor;;0.0;0.0;4.5;1;1.0;-0.5;9 - 3;5-3;2.5;1.0;61 - 43;20 - 29;29.0;20.0;50.0;50.0;5.0;8.0;5.0;1.0;;;;;;;;77.0;115.0;43.0;61.0;46.0;54.0;7.0;15.0;5.0;6.0;;[ 4 60];[1 2];[False False];['Eyupspor' 'Kayserispor'];[ 0 -1];[-1  0];['D' 'A'];['A' 'D'];0.38;0.0;0.62;0.09;0.0;0.91;3072.0;7040.0;kayserispor;eyupspor;1.8;1.83;
2026-05-03;192947738;Türkiye Super Lig;Turkey;14:00;Full;0.15032679738562088;2.025;2.0, 2.5;1.775;2.0, 2.5;6.0;5.0;;3.0;4.0;7.0;139.0;65.0;100.0;Kasimpasa;;0.0;0.0;2.25;1;1.0;1 - 1;3.1;Kocaelispor;;0.0;1.0;3.4;1;1.0;-0.25;6 - 5;3-4;2.25;0.75;41 - 24;17 - 15;15.0;17.0;49.0;51.0;4.0;4.0;1.0;2.0;;;;;;;;48.0;91.0;24.0;41.0;39.0;61.0;4.0;9.0;1.0;4.0;;[ 3 23];[1 1];[False False];['Kasimpasa' 'Kocaelispor'];[0 1];[1 0];['D' 'H'];['H' 'D'];0.78;0.22;0.0;0.56;0.44;0.0;6063.0;3065.0;kasimpasa istanbul;kocaelispor;2.0;1.9;
2026-05-03;193879935;Egypt Division 1;Egypt;14:00;Full;0.18733850129198965;1.9;2.0;1.9;2.0;8.0;3.0;;1.0;2.0;3.0;211.0;112.0;100.0;National Bank of Egypt;11.0;0.0;2.0;2.15;0;2.0;2 - 1;2.875;Modern Sport FC;13.0;0.0;2.0;3.6;1;1.0;-0.25;8 - 3;1-2;2.0;0.75;78 - 34;37 - 19;19.0;37.0;30.0;70.0;3.0;5.0;1.0;3.0;;;;;;;;86.0;125.0;34.0;78.0;28.0;72.0;5.0;8.0;1.0;6.0;;[26 76 93];[1 2 2];[False False  True];['Modern Sport FC' 'National Bank of Egypt' 'National Bank of Egypt'];[ 0 -1  0];[-1  0  1];['D' 'A' 'D'];['A' 'D' 'H'];0.46;0.0;0.54;0.58;0.0;0.42;376278.0;375678.0;national bank of egypt sc;modern sport fc;2.2;2.1;
2026-05-03;193951107;Senegal Premier League;Senegal;14:00;Full;-0.2313946216385241;2.025;1.5, 2.0;1.775;1.5, 2.0;4.0;5.0;;1.0;4.0;5.0;211.0;199.0;;AS Camberene;16.0;0.0;2.0;3.9;0;0.0;0 - 0;2.7;US Goree;3.0;0.0;1.0;2.05;0;0.0;+0.25;4 - 5;1-4;1.75;0.5;96 - 103;44 - 41;41.0;44.0;;;2.0;3.0;2.0;3.0;;;;;;;;101.0;110.0;103.0;96.0;;;7.0;6.0;3.0;5.0;;[];[];[];[];[];[];[];[];1.0;0.0;0.0;1.0;0.0;0.0;;;;;;;
2026-05-03;193985602;Spain Tercera Group 13;Spain;14:00;Full;0.36909304038107676;1.8;2.0, 2.5;2.0;2.0, 2.5;8.0;1.0;;5.0;1.0;6.0;250.0;94.0;;Mazarron;;0.0;6.0;1.667;0;2.0;2 - 3;3.5;Aguilas B;;0.0;4.0;4.333;1;3.0;-0.75;8 - 1;5-1;2.25;1.0;55 - 39;21 - 16;16.0;21.0;;;2.0;1.0;2.0;0.0;;;;;;;;136.0;114.0;39.0;55.0;;;7.0;7.0;5.0;5.0;;[ 7 46 47 50 87];[1 2 2 2 2];[False False False False False];['Aguilas B' 'Mazarron' 'Mazarron' 'Aguilas B' 'Aguilas B'];[ 0 -1  0  1  0];[-1  0  1  0 -1];['D' 'A' 'D' 'H' 'D'];['A' 'D' 'H' 'D' 'A'];0.5;0.03;0.47;0.16;0.0;0.84;;;;;;;Youth
2026-05-03;193951103;Senegal Premier League;Senegal;14:00;Full;0.023809523809523836;2.025;1.5, 2.0;1.775;1.5, 2.0;8.0;2.0;;4.0;0.0;4.0;121.0;140.0;;ASC HLM;13.0;0.0;3.0;2.8;0;2.0;2 - 1;2.375;Guediawaye FC;12.0;0.0;2.0;3.0;1;1.0;0.0;8 - 2;4-0;1.75;0.5;82 - 58;44 - 23;23.0;44.0;;;4.0;3.0;3.0;5.0;;;;;;;;61.0;60.0;58.0;82.0;;;9.0;7.0;5.0;10.0;;[27 78 90];[1 2 2];[False False False];['Guediawaye FC' 'ASC HLM' 'ASC HLM'];[ 0 -1  0];[-1  0  1];['D' 'A' 'D'];['A' 'D' 'H'];0.43;0.0;0.57;0.6;0.0;0.4;;;;;;;
2026-05-03;192943799;Portugal Primeira Liga;Portugal;14:00;Full;0.36601307189542487;1.9;2.5, 3.0;1.95;2.5, 3.0;5.0;4.0;;2.0;2.0;4.0;186.0;73.0;100.0;Braga;4.0;0.0;3.0;1.7;1;1.0;1 - 1;4.0;Estoril;10.0;0.0;3.0;4.5;0;1.0;-0.75;5 - 4;2-2;2.75;1.25;42 - 31;15 - 16;16.0;15.0;49.0;51.0;3.0;2.0;2.0;1.0;;;;;;;;86.0;100.0;31.0;42.0;50.0;50.0;6.0;7.0;5.0;3.0;;[23 79];[1 2];[False False];['Braga' 'Estoril'];[0 1];[1 0];['D' 'H'];['H' 'D'];0.38;0.62;0.0;0.51;0.49;0.0;2999.0;4500.0;sc braga;estoril praia;1.7;1.7;
2026-05-03;193951101;Senegal Premier League;Senegal;14:00;Full;0.09803921568627455;1.925;1.5;1.875;1.5;6.0;6.0;;1.0;2.0;3.0;178.0;136.0;;Ajel de Rufisque;1.0;0.0;0.0;2.55;0;0.0;0 - 1;2.35;Stade de Mbour;11.0;1.0;4.0;3.4;0;1.0;-0.25;6 - 6;1-2;1.5;0.5;70 - 66;30 - 30;30.0;30.0;;;4.0;3.0;0.0;2.0;;;;;;;;77.0;101.0;66.0;70.0;;;7.0;3.0;5.0;4.0;;[62];[2];[False];['Stade de Mbour'];[0];[-1];['D'];['A'];0.69;0.0;0.31;1.0;0.0;0.0;;;;;;;
2026-05-03;193932047;Costa Rica Segunda;Costa Rica;14:00;Full;0.044579533941236094;1.925;2.5, 3.0;1.875;2.5, 3.0;4.0;2.0;;2.0;1.0;3.0;208.0;110.0;100.0;Quepos Cambute FC;;0.0;1.0;2.35;1;1.0;1 - 0;3.2;ADR Jicaral;;0.0;3.0;2.625;0;0.0;0.0;4 - 2;2-1;2.75;1.25;67 - 43;37 - 17;17.0;37.0;40.0;60.0;1.0;6.0;1.0;3.0;;;;;;;;103.0;105.0;43.0;67.0;48.0;52.0;4.0;9.0;1.0;3.0;;[42];[1];[False];['Quepos Cambute FC'];[0];[1];['D'];['H'];0.47;0.53;0.0;0.93;0.07;0.0;;;;;;;
2026-05-03;193880580;Argentina Torneo A;Argentina;14:00;Full;0.3714285714285714;2.025;2.0;1.775;2.0;6.0;1.0;;4.0;1.0;5.0;97.0;87.0;;Deportivo Rincon;;0.0;1.0;1.75;0;0.0;0 - 0;2.9;San Martin de Mendoza;;0.0;3.0;5.0;0;0.0;-0.5;6 - 1;4-1;2.0;0.75;52 - 35;26 - 21;21.0;26.0;;;2.0;3.0;3.0;4.0;;;;;;;;41.0;56.0;35.0;52.0;;;3.0;4.0;3.0;7.0;;[];[];[];[];[];[];[];[];1.0;0.0;0.0;1.0;0.0;0.0;405425.0;4474.0;deportivo rincon;ac san martin de mendoza;;;
2026-05-03;192947729;Türkiye Super Lig;Turkey;14:00;Full;-0.03501400560224094;1.825;2.0, 2.5;1.975;2.0, 2.5;3.0;8.0;;2.0;5.0;7.0;183.0;86.0;100.0;Antalyaspor;;0.0;1.0;2.8;0;0.0;0 - 0;3.1;Alanyaspor;;0.0;4.0;2.55;0;0.0;0.0;3 - 8;2-5;2.25;1.0;35 - 51;13 - 34;34.0;13.0;46.0;54.0;5.0;2.0;1.0;1.0;;;;;;;;97.0;86.0;51.0;35.0;45.0;55.0;7.0;5.0;3.0;1.0;;[];[];[];[];[];[];[];[];1.0;0.0;0.0;1.0;0.0;0.0;3056.0;6362.0;antalyaspor;alanyaspor;1.8;1.8;
2026-05-03;193939401;Guatemala Segunda Division;Guatemala;14:00;Full;0.39421301638587586;1.9;2.5, 3.0;1.9;2.5, 3.0;9.0;1.0;;4.0;0.0;4.0;246.0;207.0;;Deportivo Fraijanes;;0.0;4.0;1.6;1;4.0;4 - 2;3.8;Deportivo Patulul;;0.0;4.0;4.333;1;2.0;-0.75;9 - 1;4-0;2.75;1.25;138 - 69;78 - 33;33.0;78.0;;;1.0;7.0;1.0;1.0;;;;;;;;111.0;135.0;69.0;138.0;;;2.0;8.0;2.0;5.0;;[10 37 62 66 72 75];[1 1 2 2 2 2];[False False False False False False];"['Deportivo Patulul' 'Deportivo Fraijanes' 'Deportivo Fraijanes'
 'Deportivo Fraijanes' 'Deportivo Fraijanes' 'Deportivo Patulul']";[ 0 -1  0  1  2  3];[-1  0  1  2  3  2];['D' 'A' 'D' 'H' 'H' 'H'];['A' 'D' 'H' 'H' 'H' 'H'];0.39;0.31;0.3;0.4;0.0;0.6;;;;;;;
2026-05-03;192941047;Hungary NB II;Hungary;14:00;Full;0.20588235294117646;1.975;2.0, 2.5;1.825;2.0, 2.5;5.0;2.0;;2.0;1.0;3.0;201.0;95.0;100.0;Soroksar;13.0;0.0;1.0;2.0;3;3.0;3 - 1;3.2;FC Ajka;10.0;0.0;3.0;3.4;0;1.0;-0.25;5 - 2;2-1;2.25;1.0;47 - 48;20 - 22;22.0;20.0;58.0;42.0;1.0;2.0;1.0;5.0;;;;;;;;117.0;84.0;48.0;47.0;55.0;45.0;3.0;4.0;5.0;7.0;;[ 2  9 34 62];[1 1 1 2];[False False False False];['Soroksar' 'Soroksar' 'Soroksar' 'FC Ajka'];[0 1 2 3];[1 2 3 2];['D' 'H' 'H' 'H'];['H' 'H' 'H' 'H'];0.02;0.98;0.0;0.04;0.96;0.0;;;;;;;Youth
2026-05-03;193944156;Hungary NBI Women;Hungary;14:00;Full;0.5963413930405679;1.9;3.0;1.9;3.0;12.0;0.0;;3.0;0.0;3.0;229.0;137.0;;Budapest Honved (W);;0.0;1.0;1.333;0;2.0;2 - 2;4.5;Pecsi MFC (W);;0.0;0.0;6.5;0;2.0;-1.5;12 - 0;3-0;3.0;1.25;111 - 26;46 - 11;11.0;46.0;;;0.0;4.0;0.0;3.0;;;;;;;;91.0;138.0;26.0;111.0;;;3.0;13.0;2.0;9.0;;[80 81 83 87];[2 2 2 2];[False False False False];"['Pecsi MFC (W)' 'Budapest Honved (W)' 'Pecsi MFC (W)'
 'Budapest Honved (W)']";[ 0 -1  0 -1];[-1  0 -1  0];['D' 'A' 'D' 'A'];['A' 'D' 'A' 'D'];0.94;0.0;0.06;1.0;0.0;0.0;1916.0;;budapest honved fc;;;;Women
2026-05-03;193879929;Egypt Division 1;Egypt;14:00;Full;0.13981762917933133;1.85;1.5;1.95;1.5;6.0;2.0;;2.0;1.0;3.0;160.0;95.0;100.0;Ghazl El Mahallah;16.0;0.0;2.0;2.35;0;0.0;0 - 0;2.6;Ismaily SC;21.0;0.0;2.0;3.5;0;0.0;-0.25;6 - 2;2-1;1.5;0.5;64 - 31;34 - 12;12.0;34.0;41.0;59.0;1.0;2.0;1.0;0.0;;;;;;;;78.0;82.0;31.0;64.0;42.0;58.0;2.0;3.0;1.0;0.0;;[];[];[];[];[];[];[];[];1.0;0.0;0.0;1.0;0.0;0.0;58319.0;42366.0;ghazl el mahallah;ismaily sc;3.0;2.75;
2026-05-03;193914302;Israel Premier League;Israel;14:00;Full;0.1923076923076923;1.9;2.5;1.9;2.5;5.0;1.0;;2.0;1.0;3.0;180.0;122.0;100.0;MS Ashdod;;1.0;1.0;2.0;0;0.0;0 - 3;3.25;Ironi Tiberias;;0.0;2.0;3.25;1;3.0;-0.25;5 - 1;2-1;2.5;1.0;94 - 28;51 - 20;20.0;51.0;33.0;67.0;1.0;8.0;2.0;2.0;;;;;;;;65.0;115.0;28.0;94.0;30.0;70.0;2.0;13.0;5.0;2.0;;[ 3 61 74];[1 2 2];[False False False];['Ironi Tiberias' 'Ironi Tiberias' 'Ironi Tiberias'];[ 0 -1 -2];[-1 -2 -3];['D' 'A' 'A'];['A' 'A' 'A'];0.03;0.0;0.97;0.07;0.0;0.93;5391.0;61702.0;ms ashdod;ironi tiberias;1.66;1.72;
2026-05-03;193914363;USA NWSL Women;USA;14:00;Full;-0.4229390681003584;1.875;2.5, 3.0;1.925;2.5, 3.0;11.0;5.0;;7.0;4.0;11.0;172.0;105.0;100.0;Chicago Stars (W);;0.0;0.0;4.5;0;0.0;0 - 2;3.9;Portland Thorns (W);;0.0;0.0;1.55;1;2.0;+1.0;11 - 5;7-4;2.75;1.25;58 - 47;25 - 30;30.0;25.0;52.0;48.0;6.0;6.0;4.0;2.0;;;;;;;;85.0;87.0;47.0;58.0;49.0;51.0;8.0;9.0;5.0;3.0;;[17 89];[1 2];[False False];['Portland Thorns (W)' 'Portland Thorns (W)'];[ 0 -1];[-1 -2];['D' 'A'];['A' 'A'];0.19;0.0;0.81;0.38;0.0;0.62;34714.0;151008.0;chicago stars fc;portland thorns fc;1.9;1.9;Women
2026-05-03;192946167;Slovakia Super Liga;Slovakia;14:00;Full;-0.13178294573643412;1.975;3.0;1.825;3.0;3.0;3.0;;0.0;1.0;1.0;166.0;67.0;100.0;FK Zeleziarne Podbrezova;;0.0;4.0;3.0;0;0.0;0 - 3;3.75;Spartak Trnava;;0.0;3.0;2.15;2;3.0;+0.25;3 - 3;0-1;3.0;1.25;28 - 39;15 - 21;21.0;15.0;55.0;45.0;4.0;2.0;2.0;0.0;;;;;;;;86.0;80.0;39.0;28.0;62.0;38.0;10.0;4.0;5.0;0.0;;[12 38 60];[1 1 2];[False False False];['Spartak Trnava' 'Spartak Trnava' 'Spartak Trnava'];[ 0 -1 -2];[-1 -2 -3];['D' 'A' 'A'];['A' 'A' 'A'];0.13;0.0;0.87;0.27;0.0;0.73;7887.0;2406.0;fk zeleziarne podbrezova;fc spartak trnava;;;
2026-05-03;193982210;Poland IV Liga;Poland;14:00;Full;0.13066202090592338;1.975;2.5, 3.0;1.825;2.5, 3.0;2.0;6.0;;0.0;2.0;2.0;131.0;71.0;100.0;Wiara Lecha Poznan;;0.0;2.0;2.05;0;1.0;1 - 1;3.7;Warta Srem;;0.0;1.0;2.8;1;1.0;-0.25;2 - 6;0-2;2.75;1.0;32 - 39;15 - 19;19.0;15.0;41.0;59.0;2.0;1.0;3.0;1.0;;;;;;;;59.0;72.0;39.0;32.0;46.0;54.0;5.0;3.0;4.0;5.0;;[17 60];[1 2];[False False];['Warta Srem' 'Wiara Lecha Poznan'];[ 0 -1];[-1  0];['D' 'A'];['A' 'D'];0.52;0.0;0.48;0.38;0.0;0.62;;;;;;;
2026-05-03;193190243;Belgium First Division A;Belgium;14:15;Full;-0.015384615384615441;1.95;2.5, 3.0;1.85;2.5, 3.0;4.0;5.0;;2.0;0.0;2.0;225.0;118.0;100.0;Dender;;1.0;1.0;2.6;2;2.0;2 - 1;3.5;RAAL La Louviere;;0.0;1.0;2.5;1;1.0;0.0;4 - 5;2-0;2.75;1.0;53 - 65;25 - 31;31.0;25.0;46.0;54.0;2.0;3.0;1.0;2.0;;;;;;;;100.0;125.0;65.0;53.0;48.0;52.0;6.0;4.0;5.0;2.0;;[31 34 44];[1 1 1];[False False False];['RAAL La Louviere' 'Dender' 'Dender'];[ 0 -1  0];[-1  0  1];['D' 'A' 'D'];['A' 'D' 'H'];0.46;0.51;0.03;0.91;0.02;0.07;2922.0;752197.0;fcv dender eh;raal la louviere;1.7;1.61;
2026-05-03;192942599;Norway Eliteserien;Norway;14:15;Full;0.2271062271062272;1.975;3.0;1.825;3.0;11.0;3.0;;5.0;1.0;6.0;215.0;87.0;100.0;Valerenga;;0.0;6.0;1.95;1;2.0;2 - 2;3.7;KFUM;;0.0;1.0;3.5;1;2.0;-0.5;11 - 3;5-1;3.0;1.25;46 - 41;20 - 24;24.0;20.0;51.0;49.0;6.0;3.0;2.0;3.0;;;;;;;;123.0;92.0;41.0;46.0;51.0;49.0;8.0;13.0;5.0;6.0;;[ 2 33 51 55];[1 1 2 2];[False False False False];['Valerenga' 'KFUM' 'Valerenga' 'KFUM'];[0 1 0 1];[1 0 1 0];['D' 'H' 'D' 'H'];['H' 'D' 'H' 'D'];0.61;0.39;0.0;0.31;0.69;0.0;1165.0;786.0;vaalerenga if;kfum oslo;1.57;1.53;
2026-05-03;192932658;Germany Bundesliga I;Germany;14:30;Full;0.00816326530612238;1.825;2.5, 3.0;2.025;2.5, 3.0;1.0;7.0;;0.0;0.0;0.0;177.0;91.0;100.0;SC Freiburg;8.0;0.0;1.0;2.45;0;1.0;1 - 1;3.25;Wolfsburg;17.0;0.0;1.0;2.5;0;1.0;0.0;1 - 7;0-0;2.75;1.25;46 - 45;25 - 17;17.0;25.0;36.0;64.0;4.0;4.0;1.0;1.0;;;;;;;;90.0;87.0;45.0;46.0;37.0;63.0;9.0;8.0;4.0;3.0;;[55 75];[2 2];[False False];['Wolfsburg' 'SC Freiburg'];[ 0 -1];[-1  0];['D' 'A'];['A' 'D'];0.78;0.0;0.22;1.0;0.0;0.0;2538.0;2524.0;sc freiburg;vfl wolfsburg;1.61;1.53;
2026-05-03;193985964;Mexico Liga MX U19;Mexico;14:30;Full;0.2113344683080146;1.825;2.5, 3.0;1.975;2.5, 3.0;3.0;7.0;;0.0;5.0;5.0;184.0;116.0;;Club America U19;;0.0;2.0;1.909;1;3.0;3 - 0;3.4;Pachuca U19;;0.0;3.0;3.2;0;0.0;-0.5;3 - 7;0-5;2.75;1.25;52 - 64;30 - 32;32.0;30.0;;;7.0;1.0;2.0;3.0;;;;;;;;105.0;79.0;64.0;52.0;;;10.0;3.0;8.0;7.0;;[ 1 47 72];[1 2 2];[False False False];['Club America U19' 'Club America U19' 'Club America U19'];[0 1 2];[1 2 3];['D' 'H' 'H'];['H' 'H' 'H'];0.01;0.99;0.0;0.02;0.98;0.0;1939.0;1936.0;cf america;cf pachuca;;;Youth
2026-05-03;193001724;Germany 3. Liga;Germany;14:30;Full;0.34346976758494446;1.875;3.0, 3.5;1.925;3.0, 3.5;2.0;2.0;;0.0;1.0;1.0;161.0;92.0;100.0;FC Ingolstadt;15.0;0.0;2.0;1.667;3;3.0;3 - 5;3.9;Erzgebirge Aue;19.0;0.0;2.0;3.9;1;5.0;-0.75;2 - 2;0-1;3.25;1.25;49 - 43;19 - 24;24.0;19.0;50.0;50.0;2.0;3.0;3.0;4.0;;;;;;;;78.0;83.0;43.0;49.0;50.0;50.0;3.0;9.0;8.0;5.0;;[ 7 13 18 36 53 63 69 89];[1 1 1 1 2 2 2 2];[False False False False False False False False];"['FC Ingolstadt' 'FC Ingolstadt' 'Erzgebirge Aue' 'FC Ingolstadt'
 'Erzgebirge Aue' 'Erzgebirge Aue' 'Erzgebirge Aue' 'Erzgebirge Aue']";[ 0  1  2  1  2  1  0 -1];[ 1  2  1  2  1  0 -1 -2];['D' 'H' 'H' 'H' 'H' 'H' 'D' 'A'];['H' 'H' 'H' 'H' 'H' 'D' 'A' 'A'];0.14;0.62;0.23;0.16;0.84;0.0;5880.0;2566.0;fc ingolstadt 04;erzgebirge aue;1.5;1.44;
2026-05-03;193701842;Serbia Super Liga;Serbia;14:30;Full;0.028520499108734443;1.9;2.0, 2.5;1.9;2.0, 2.5;5.0;4.0;;4.0;2.0;6.0;235.0;123.0;100.0;Javor Ivanjica;12.0;0.0;0.0;2.55;0;0.0;0 - 0;3.2;IMT Novi Belgrade;9.0;0.0;2.0;2.75;0;0.0;0.0;5 - 4;4-2;2.25;1.0;50 - 73;23 - 34;34.0;23.0;50.0;50.0;1.0;1.0;1.0;0.0;;;;;;;;147.0;88.0;73.0;50.0;50.0;50.0;8.0;2.0;2.0;1.0;;[];[];[];[];[];[];[];[];1.0;0.0;0.0;1.0;0.0;0.0;5144.0;425691.0;fk javor ivanjica;fk imt novi beograd;;;
2026-05-03;193701855;Serbia Super Liga;Serbia;14:30;Full;0.09219858156028371;1.975;2.5;1.825;2.5;1.0;3.0;;1.0;1.0;2.0;249.0;145.0;100.0;FK Radnicki 1923;;0.0;4.0;2.35;1;2.0;2 - 2;3.2;TSC;;0.0;4.0;3.0;0;2.0;-0.25;1 - 3;1-1;2.5;1.0;63 - 82;39 - 38;38.0;39.0;50.0;50.0;3.0;3.0;0.0;1.0;;;;;;;;117.0;132.0;82.0;63.0;50.0;50.0;6.0;3.0;3.0;2.0;;[ 7 48 52 64];[1 2 2 2];[False False False False];['FK Radnicki 1923' 'FK Radnicki 1923' 'TSC' 'TSC'];[0 1 2 1];[1 2 1 0];['D' 'H' 'H' 'H'];['H' 'H' 'H' 'D'];0.37;0.63;0.0;0.16;0.84;0.0;43981.0;368638.0;fk radnicki 1923 kragujevac;fk tsc backa topola;;;
2026-05-03;193701846;Serbia Super Liga;Serbia;14:30;Full;0.6325404880631923;1.85;2.5;1.95;2.5;3.0;3.0;;2.0;0.0;2.0;246.0;134.0;100.0;Mladost Lucani;;0.0;3.0;1.333;2;2.0;2 - 1;4.5;Spartak Subotica;;0.0;1.0;8.5;1;1.0;-1.25;3 - 3;2-0;2.5;1.0;92 - 42;55 - 17;17.0;55.0;50.0;50.0;4.0;3.0;2.0;2.0;;;;;;;;106.0;140.0;42.0;92.0;50.0;50.0;6.0;6.0;3.0;7.0;;[32 34 36];[1 1 1];[False False False];['Mladost Lucani' 'Spartak Subotica' 'Mladost Lucani'];[0 1 0];[1 0 1];['D' 'H' 'D'];['H' 'D' 'H'];0.38;0.62;0.0;0.76;0.24;0.0;7771.0;36967.0;fk mladost lucani;fk spartak subotica;;;
2026-05-03;193932042;Colombia Liga Femenina;Colombia;14:30;Full;-0.1111111111111111;2.025;2.0, 2.5;1.775;2.0, 2.5;1.0;3.0;;1.0;3.0;4.0;180.0;103.0;100.0;Independiente Santa Fe (W);;0.0;1.0;3.0;0;0.0;0 - 0;3.0;Millonarios (W);;0.0;2.0;2.25;0;0.0;+0.25;1 - 3;1-3;2.25;0.75;57 - 46;27 - 30;30.0;27.0;48.0;52.0;2.0;2.0;0.0;1.0;;;;;;;;90.0;90.0;46.0;57.0;46.0;54.0;3.0;4.0;1.0;2.0;;[];[];[];[];[];[];[];[];1.0;0.0;0.0;1.0;0.0;0.0;6116.0;6117.0;independiente santa fe;millonarios fc;;;Women
2026-05-03;193050875;Poland II Liga;Poland;14:30;Full;0.015384615384615441;1.85;2.0, 2.5;1.95;2.0, 2.5;5.0;6.0;;3.0;4.0;7.0;172.0;37.0;100.0;Chojniczanka Chojnice;;0.0;2.0;2.5;1;2.0;2 - 2;3.1;Olimpia Grudziadz;;0.0;2.0;2.6;1;2.0;0.0;5 - 6;3-4;2.25;1.0;17 - 20;7 - 8;8.0;7.0;51.0;49.0;0.0;0.0;2.0;1.0;;;;;;;;87.0;85.0;20.0;17.0;51.0;49.0;2.0;2.0;3.0;3.0;;[ 8 20 58 63];[1 1 2 2];[False False False False];"['Olimpia Grudziadz' 'Chojniczanka Chojnice' 'Chojniczanka Chojnice'
 'Olimpia Grudziadz']";[ 0 -1  0  1];[-1  0  1  0];['D' 'A' 'D' 'H'];['A' 'D' 'H' 'D'];0.81;0.06;0.13;0.73;0.0;0.27;105963.0;37179.0;mks chojniczanka chojnice;olimpia grudziadz;1.66;1.8;Youth
2026-05-03;193932038;Colombia Liga Femenina;Colombia;14:30;Full;-0.06838905775075987;1.975;2.0, 2.5;1.825;2.0, 2.5;4.0;11.0;;1.0;7.0;8.0;208.0;147.0;100.0;Fortaleza CEIF (W);;0.0;2.0;2.8;0;0.0;0 - 2;2.9;Internacional de Bogota (W);;0.0;1.0;2.35;1;2.0;+0.25;4 - 11;1-7;2.25;1.0;68 - 79;35 - 40;40.0;35.0;58.0;42.0;7.0;1.0;2.0;2.0;;;;;;;;101.0;107.0;79.0;68.0;52.0;48.0;15.0;6.0;6.0;5.0;;[38 94];[1 2];[False  True];['Internacional de Bogota (W)' 'Internacional de Bogota (W)'];[ 0 -1];[-1 -2];['D' 'A'];['A' 'A'];0.4;0.0;0.6;0.84;0.0;0.16;89368.0;1317886.0;fortaleza fc;internacional de bogota.;;;Women
2026-05-03;193773242;Bosnia & Herzegovina Premier Liga;Bosnia;14:30;Full;-0.007541478129713508;1.975;2.0;1.825;2.0;6.0;3.0;;4.0;1.0;5.0;158.0;85.0;100.0;FK Sarajevo;;1.0;2.0;2.6;0;0.0;0 - 1;3.0;Borac Banja Luka;;0.0;3.0;2.55;1;1.0;0.0;6 - 3;4-1;2.0;0.75;39 - 46;20 - 21;21.0;20.0;56.0;44.0;4.0;3.0;2.0;0.0;;;;;;;;84.0;74.0;46.0;39.0;46.0;54.0;8.0;5.0;3.0;1.0;;[35];[1];[False];['Borac Banja Luka'];[0];[-1];['D'];['A'];0.39;0.0;0.61;0.78;0.0;0.22;;;;;;;
2026-05-03;193701851;Serbia Super Liga;Serbia;14:30;Full;-0.5017626321974148;2.0;2.5, 3.0;1.8;2.5, 3.0;1.0;2.0;;0.0;1.0;1.0;225.0;108.0;100.0;FK Napredak;;0.0;3.0;5.75;0;0.0;0 - 1;4.1;Radnicki Nis;;0.0;1.0;1.48;0;1.0;+1.0;1 - 2;0-1;2.75;1.0;49 - 59;21 - 35;35.0;21.0;50.0;50.0;3.0;4.0;4.0;0.0;;;;;;;;118.0;107.0;59.0;49.0;50.0;50.0;5.0;4.0;6.0;0.0;;[65];[2];[False];['Radnicki Nis'];[0];[-1];['D'];['A'];0.72;0.0;0.28;1.0;0.0;0.0;7674.0;25737.0;fk napredak krusevac;fk radnicki nis;;;
2026-05-03;193776657;Saudi Arabia Division 1;Saudi Arabia;14:50;Full;-0.3498800239952009;1.875;2.5;1.925;2.5;5.0;6.0;;1.0;1.0;2.0;158.0;100.0;100.0;Jeddah Club;;0.0;3.0;4.0;0;1.0;1 - 1;3.8;Al Zulfi;;0.0;1.0;1.667;0;1.0;+0.75;5 - 6;1-1;2.5;1.0;42 - 58;19 - 27;27.0;19.0;50.0;50.0;4.0;1.0;1.0;0.0;;;;;;;;91.0;67.0;58.0;42.0;50.0;50.0;10.0;6.0;3.0;1.0;;[61 78];[2 2];[False False];['Jeddah Club' 'Al Zulfi'];[0 1];[1 0];['D' 'H'];['H' 'D'];0.81;0.19;0.0;1.0;0.0;0.0;;;;;;;
2026-05-03;193714977;Italy Serie C Play-Offs;Italy;15:00;Full;0.2350427350427351;1.975;2.0, 2.5;1.825;2.0, 2.5;9.0;4.0;;4.0;2.0;6.0;159.0;113.0;100.0;Trento;;0.0;0.0;1.95;0;1.0;1 - 2;3.2;Giana Erminio;;0.0;1.0;3.6;1;2.0;-0.5;9 - 4;4-2;2.25;1.0;83 - 30;35 - 15;15.0;35.0;30.0;70.0;1.0;4.0;4.0;3.0;;;;;;;;57.0;102.0;30.0;83.0;30.0;70.0;4.0;7.0;8.0;8.0;;[ 4 65 68];[1 2 2];[False False False];['Giana Erminio' 'Giana Erminio' 'Trento'];[ 0 -1 -2];[-1 -2 -1];['D' 'A' 'A'];['A' 'A' 'A'];0.04;0.0;0.96;0.09;0.0;0.91;347514.0;117232.0;ac trento;as giana erminio;2.25;2.0;
2026-05-03;193714971;Italy Serie C Play-Offs;Italy;15:00;Full;0.08695652173913049;1.9;2.0;1.9;2.0;1.0;3.0;;1.0;2.0;3.0;227.0;99.0;100.0;ASD Pineto Calcio;;0.0;2.0;2.3;0;2.0;2 - 1;3.1;Gubbio;;0.0;2.0;2.875;1;1.0;-0.25;1 - 3;1-2;2.0;0.75;49 - 50;35 - 17;17.0;35.0;42.0;58.0;2.0;2.0;2.0;1.0;;;;;;;;102.0;125.0;50.0;49.0;52.0;48.0;3.0;5.0;3.0;3.0;;[24 49 77];[1 2 2];[False False False];['Gubbio' 'ASD Pineto Calcio' 'ASD Pineto Calcio'];[ 0 -1  0];[-1  0  1];['D' 'A' 'D'];['A' 'D' 'H'];0.58;0.14;0.28;0.53;0.0;0.47;275501.0;2782.0;asd pineto calcio;as gubbio;2.2;2.1;
2026-05-03;193947550;Serbia Prva Liga;Serbia;15:00;Full;0.2222222222222222;2.0;2.0;1.8;2.0;0.0;2.0;;0.0;1.0;1.0;172.0;83.0;100.0;FK Macva Sabac;;1.0;6.0;2.0;0;1.0;1 - 0;3.0;FK Vozdovac;;1.0;4.0;3.6;0;0.0;-0.25;0 - 2;0-1;2.0;0.75;47 - 36;25 - 18;18.0;25.0;58.0;42.0;1.0;2.0;1.0;2.0;;;;;;;;88.0;84.0;36.0;47.0;61.0;39.0;2.0;3.0;2.0;4.0;;[65];[2];[False];['FK Macva Sabac'];[0];[1];['D'];['H'];0.72;0.28;0.0;1.0;0.0;0.0;;;;;;;
2026-05-03;192944176;Saudi Arabia Pro League;Saudi Arabia;15:00;Full;-0.2113344683080146;1.85;3.0, 3.5;1.95;3.0, 3.5;6.0;5.0;;5.0;1.0;6.0;180.0;80.0;100.0;Al Qadisiya Al Khubar;;0.0;1.0;3.2;1;3.0;3 - 1;3.9;Al-Nassr Riyadh;;0.0;3.0;1.909;1;1.0;+0.5;6 - 5;5-1;3.25;1.25;49 - 31;22 - 16;16.0;22.0;48.0;52.0;4.0;4.0;4.0;3.0;;;;;;;;87.0;93.0;31.0;49.0;48.0;52.0;10.0;6.0;4.0;6.0;;[24 39 55 78];[1 1 2 2];[False False False False];"['Al Qadisiya Al Khubar' 'Al-Nassr Riyadh' 'Al Qadisiya Al Khubar'
 'Al Qadisiya Al Khubar']";[0 1 0 1];[1 0 1 2];['D' 'H' 'D' 'H'];['H' 'D' 'H' 'H'];0.44;0.56;0.0;0.67;0.33;0.0;56027.0;23400.0;al qadsiah;al nassr club;1.4;1.4;
2026-05-03;193714964;Italy Serie C Play-Offs;Italy;15:00;Full;0.1620859760394644;1.925;2.0, 2.5;1.875;2.0, 2.5;1.0;3.0;;1.0;0.0;1.0;133.0;95.0;100.0;Monopoli;;0.0;1.0;2.15;0;0.0;0 - 2;2.9;SSD Casarano Calcio;;0.0;1.0;3.3;2;2.0;-0.25;1 - 3;1-0;2.25;1.0;63 - 32;31 - 16;16.0;31.0;50.0;50.0;1.0;2.0;3.0;1.0;;;;;;;;62.0;71.0;32.0;63.0;46.0;54.0;1.0;6.0;4.0;3.0;;[13 25];[1 1];[False False];['SSD Casarano Calcio' 'SSD Casarano Calcio'];[ 0 -1];[-1 -2];['D' 'A'];['A' 'A'];0.14;0.0;0.86;0.29;0.0;0.71;25137.0;43684.0;ss monopoli;s.s.d. casarano calcio;1.83;1.83;
2026-05-03;193186862;Argentina Nacional B;Argentina;15:00;Full;-0.07965686274509809;1.775;1.5;2.025;1.5;4.0;6.0;;2.0;1.0;3.0;278.0;176.0;100.0;Almagro;;0.0;2.0;3.2;0;1.0;1 - 1;2.75;Temperley;;0.0;2.0;2.55;1;1.0;0.0;4 - 6;2-1;1.5;0.5;87 - 89;56 - 38;38.0;56.0;50.0;50.0;1.0;3.0;2.0;3.0;;;;;;;;146.0;132.0;89.0;87.0;50.0;50.0;7.0;3.0;6.0;7.0;;[24 71];[1 2];[False False];['Temperley' 'Almagro'];[ 0 -1];[-1  0];['D' 'A'];['A' 'D'];0.48;0.0;0.52;0.53;0.0;0.47;4938.0;112499.0;club almagro;ca temperley;2.62;2.62;Youth
2026-05-03;192944146;Saudi Arabia Pro League;Saudi Arabia;15:00;Full;0.7691006117402057;1.85;3.0, 3.5;1.95;3.0, 3.5;6.0;6.0;;3.0;5.0;8.0;166.0;92.0;100.0;Al Ahli Jeddah;;0.0;0.0;1.182;3;4.0;4 - 0;6.0;Al Akhdoud;;1.0;2.0;13.0;0;0.0;-2.0;6 - 6;3-5;3.25;1.5;70 - 22;29 - 17;17.0;29.0;37.0;63.0;0.0;7.0;1.0;5.0;;;;;;;;60.0;106.0;22.0;70.0;33.0;67.0;1.0;12.0;2.0;8.0;;[26 36 43 72];[1 1 1 2];[False False False False];['Al Ahli Jeddah' 'Al Ahli Jeddah' 'Al Ahli Jeddah' 'Al Ahli Jeddah'];[0 1 2 3];[1 2 3 4];['D' 'H' 'H' 'H'];['H' 'H' 'H' 'H'];0.29;0.71;0.0;0.58;0.42;0.0;34469.0;529779.0;al ahli saudi fc;al-okhdood club;2.0;2.0;
2026-05-03;193187005;Argentina Nacional B;Argentina;15:00;Full;0.42596698051694004;2.0;2.0;1.8;2.0;2.0;0.0;;1.0;0.0;1.0;234.0;132.0;100.0;Club Atletico Mitre;;0.0;2.0;1.667;1;2.0;2 - 0;3.4;Acassuso;;0.0;5.0;5.75;0;0.0;-0.75;2 - 0;1-0;2.0;0.75;69 - 63;25 - 29;29.0;25.0;60.0;40.0;4.0;0.0;2.0;2.0;;;;;;;;123.0;111.0;63.0;69.0;60.0;40.0;5.0;0.0;3.0;4.0;;[ 4 81];[1 2];[False False];['Club Atletico Mitre' 'Club Atletico Mitre'];[0 1];[1 2];['D' 'H'];['H' 'H'];0.04;0.96;0.0;0.09;0.91;0.0;313625.0;112491.0;mitre santiago del estero;ca acassuso;;;Youth
2026-05-03;193187085;Argentina Nacional B;Argentina;15:00;Full;0.21511627906976744;1.95;1.5, 2.0;1.85;1.5, 2.0;5.0;1.0;;3.0;1.0;4.0;220.0;130.0;100.0;CA Colegiales;;0.0;0.0;2.15;1;2.0;2 - 0;2.9;San Martin SJ;;0.0;1.0;4.0;0;0.0;-0.25;5 - 1;3-1;1.75;0.75;68 - 62;42 - 33;33.0;42.0;55.0;45.0;3.0;2.0;0.0;3.0;;;;;;;;123.0;97.0;62.0;68.0;60.0;40.0;3.0;5.0;4.0;4.0;;[ 1 84];[1 2];[False False];['CA Colegiales' 'CA Colegiales'];[0 1];[1 2];['D' 'H'];['H' 'H'];0.01;0.99;0.0;0.02;0.98;0.0;112493.0;7772.0;ca colegiales;san martin de san juan;;;Youth
2026-05-03;192501185;England Premier League;England;15:00;Full;0.17316017316017313;1.975;2.5, 3.0;1.875;2.5, 3.0;5.0;5.0;;0.0;3.0;3.0;174.0;63.0;100.0;Aston Villa;5.0;0.0;2.0;2.1;0;1.0;1 - 2;3.6;Tottenham;18.0;0.0;5.0;3.3;2;2.0;-0.25;5 - 5;0-3;2.75;1.0;31 - 32;9 - 21;21.0;9.0;62.0;38.0;4.0;0.0;4.0;0.0;;;;;;;;105.0;69.0;32.0;31.0;55.0;45.0;5.0;4.0;5.0;1.0;;[12 25 96];[1 1 2];[False False  True];['Tottenham' 'Tottenham' 'Aston Villa'];[ 0 -1 -2];[-1 -2 -1];['D' 'A' 'A'];['A' 'A' 'A'];0.12;0.0;0.88;0.27;0.0;0.73;40.0;33.0;aston villa;tottenham hotspur;1.53;1.61;
2026-05-03;193941423;Brazil Campeonato Gaucho U20;Brazil;15:00;Full;0.2752834667728285;1.875;2.5, 3.0;1.925;2.5, 3.0;0.0;12.0;;0.0;5.0;5.0;181.0;84.0;;APAFUT U20;;2.0;2.0;1.833;1;1.0;1 - 2;3.5;CE Bento Goncalves RS U20;;0.0;3.0;3.7;1;2.0;-0.5;0 - 12;0-5;2.75;1.25;15 - 69;8 - 30;30.0;8.0;;;4.0;0.0;3.0;1.0;;;;;;;;113.0;68.0;69.0;15.0;;;9.0;0.0;10.0;1.0;;[13 46 84];[1 1 2];[False  True False];['APAFUT U20' 'CE Bento Goncalves RS U20' 'CE Bento Goncalves RS U20'];[0 1 0];[ 1  0 -1];['D' 'H' 'D'];['H' 'D' 'A'];0.57;0.37;0.07;0.28;0.72;0.0;;;;;;;Youth
2026-05-03;193984928;Brazil Campeonato Gaucho U20;Brazil;15:00;Full;-0.21870286576168935;1.875;2.0, 2.5;1.925;2.0, 2.5;6.0;2.0;;4.0;1.0;5.0;162.0;73.0;100.0;Brasil de Farroupilha U20;;0.0;3.0;3.4;0;0.0;0 - 2;3.3;Juventude U20;;0.0;4.0;1.95;0;2.0;+0.5;6 - 2;4-1;2.25;1.0;40 - 33;17 - 20;20.0;17.0;57.0;43.0;4.0;2.0;0.0;3.0;;;;;;;;75.0;87.0;33.0;40.0;53.0;47.0;10.0;6.0;4.0;5.0;;[47 90];[2 2];[False False];['Juventude U20' 'Juventude U20'];[ 0 -1];[-1 -2];['D' 'A'];['A' 'A'];0.52;0.0;0.48;1.0;0.0;0.0;;1980.0;;ec juventude rs;;;Youth
2026-05-03;193999701;Brazil Catarinense 2;Brazil;15:00;Full;-0.24605669053023682;1.975;2.0, 2.5;1.825;2.0, 2.5;3.0;3.0;;0.0;1.0;1.0;190.0;71.0;100.0;SC Jaragua;;0.0;3.0;3.6;0;1.0;1 - 2;3.2;Fluminense SC;;0.0;3.0;1.909;0;2.0;+0.5;3 - 3;0-1;2.25;1.0;29 - 42;12 - 20;20.0;12.0;55.0;45.0;7.0;0.0;0.0;1.0;;;;;;;;90.0;100.0;42.0;29.0;51.0;49.0;12.0;1.0;4.0;3.0;;[49 67 77];[2 2 2];[False False False];['SC Jaragua' 'Fluminense SC' 'Fluminense SC'];[0 1 0];[ 1  0 -1];['D' 'H' 'D'];['H' 'D' 'A'];0.66;0.2;0.14;1.0;0.0;0.0;;;;;;;
2026-05-03;193330035;Romania Liga I;Romania;15:00;Full;0.3776578017729787;1.875;2.0, 2.5;1.925;2.0, 2.5;4.0;6.0;;3.0;4.0;7.0;197.0;71.0;100.0;CS U Craiova;;0.0;0.0;1.667;0;2.0;2 - 1;3.3;Dinamo Bucharest;;0.0;1.0;4.5;0;1.0;-0.75;4 - 6;3-4;2.25;1.0;38 - 33;20 - 17;17.0;20.0;49.0;51.0;4.0;6.0;1.0;3.0;;;;;;;;87.0;110.0;33.0;38.0;44.0;56.0;6.0;9.0;2.0;8.0;;[59 61 91];[2 2 2];[False False  True];['Dinamo Bucharest' 'CS U Craiova' 'CS U Craiova'];[ 0 -1  0];[-1  0  1];['D' 'A' 'D'];['A' 'D' 'H'];0.98;0.0;0.02;1.0;0.0;0.0;116223.0;3292.0;cs universitatea craiova;fc dinamo bucuresti 1948;1.9;2.0;
2026-05-03;193883494;Brazil Catarinense 2;Brazil;15:00;Full;-0.09740259740259738;2.0;2.0, 2.5;1.8;2.0, 2.5;8.0;6.0;;5.0;1.0;6.0;151.0;125.0;100.0;Metropolitano;;1.0;3.0;2.8;0;0.0;0 - 0;3.3;Hercilio Luz;;0.0;3.0;2.2;0;0.0;+0.25;8 - 6;5-1;2.25;0.75;50 - 75;27 - 35;35.0;27.0;47.0;53.0;1.0;3.0;0.0;1.0;;;;;;;;78.0;73.0;75.0;50.0;56.0;44.0;6.0;5.0;2.0;2.0;;[];[];[];[];[];[];[];[];1.0;0.0;0.0;1.0;0.0;0.0;;;;;;;
2026-05-03;193883115;Brazil Campeonato Baiano U20;Brazil;15:00;Full;-0.2923976608187135;1.95;2.5, 3.0;1.85;2.5, 3.0;2.0;5.0;;1.0;2.0;3.0;169.0;75.0;100.0;Catuense BA U20;;0.0;3.0;3.8;1;1.0;1 - 3;3.4;Grapiuna U20;;0.0;0.0;1.8;1;3.0;+0.5;2 - 5;1-2;2.75;1.0;22 - 53;15 - 20;20.0;15.0;65.0;35.0;4.0;6.0;3.0;2.0;;;;;;;;106.0;63.0;53.0;22.0;65.0;35.0;9.0;6.0;9.0;2.0;;[45 49 71 78];[1 1 2 2];[False  True False False];['Catuense BA U20' 'Grapiuna U20' 'Grapiuna U20' 'Grapiuna U20'];[ 0  1  0 -1];[ 1  0 -1 -2];['D' 'H' 'D' 'A'];['H' 'D' 'A' 'A'];0.74;0.04;0.21;0.92;0.08;0.0;;;;;;;Youth
2026-05-03;193830073;Brazil Serie A2 Women;Brazil;15:00;Full;0.7902313624678663;1.85;2.5, 3.0;1.95;2.5, 3.0;8.0;0.0;;3.0;0.0;3.0;181.0;63.0;100.0;Ceara (W);;0.0;0.0;1.167;1;3.0;3 - 1;6.5;UD Alagoana (W);;0.0;1.0;15.0;0;1.0;-2.0;8 - 0;3-0;2.75;1.25;45 - 18;23 - 11;11.0;23.0;37.0;63.0;1.0;6.0;2.0;5.0;;;;;;;;76.0;105.0;18.0;45.0;38.0;62.0;2.0;11.0;4.0;10.0;;[42 72 81 94];[1 2 2 2];[False False False  True];['Ceara (W)' 'Ceara (W)' 'UD Alagoana (W)' 'Ceara (W)'];[0 1 2 1];[1 2 1 2];['D' 'H' 'H' 'H'];['H' 'H' 'H' 'H'];0.45;0.55;0.0;0.93;0.07;0.0;2001.0;;ceara sc ce;;;;Women
2026-05-03;193830065;Brazil Campeonato Baiano 2;Brazil;15:00;Full;-0.5503791982665223;1.825;2.0, 2.5;1.975;2.0, 2.5;4.0;5.0;;2.0;2.0;4.0;144.0;73.0;100.0;Leonico;;0.0;3.0;6.5;0;0.0;0 - 3;3.8;SSA FC;;0.0;1.0;1.42;1;3.0;+1.25;4 - 5;2-2;2.25;1.0;22 - 51;7 - 29;29.0;7.0;68.0;32.0;5.0;0.0;2.0;0.0;;;;;;;;92.0;52.0;51.0;22.0;62.0;38.0;9.0;2.0;4.0;0.0;;[47 50 60];[1 2 2];[ True False False];['SSA FC' 'SSA FC' 'SSA FC'];[ 0 -1 -2];[-1 -2 -3];['D' 'A' 'A'];['A' 'A' 'A'];0.52;0.0;0.48;1.0;0.0;0.0;;;;;;;
2026-05-03;193714961;Italy Serie C Play-Offs;Italy;15:00;Full;0.09961685823754785;1.925;2.5;1.875;2.5;2.0;3.0;;1.0;2.0;3.0;328.0;175.0;100.0;Lumezzane;;0.0;3.0;2.25;0;0.0;0 - 0;3.1;Alcione Milano;;0.0;2.0;2.9;0;0.0;-0.25;2 - 3;1-2;2.5;1.0;71 - 104;44 - 59;59.0;44.0;64.0;36.0;3.0;0.0;0.0;2.0;;;;;;;;195.0;133.0;104.0;71.0;67.0;33.0;6.0;0.0;0.0;3.0;;[];[];[];[];[];[];[];[];1.0;0.0;0.0;1.0;0.0;0.0;2738.0;834514.0;ac lumezzane;alcione milano;2.25;1.66;
2026-05-03;193884429;Brazil Campeonato Gaucho U20;Brazil;15:00;Full;0.1313628899835796;1.875;2.0, 2.5;1.925;2.0, 2.5;5.0;2.0;;0.0;1.0;1.0;238.0;110.0;100.0;Novo Hamburgo U20;;0.0;2.0;2.1;1;2.0;2 - 2;3.4;Ypiranga RS U20;;0.0;6.0;2.9;1;2.0;-0.25;5 - 2;0-1;2.25;1.0;53 - 57;25 - 26;26.0;25.0;46.0;54.0;3.0;1.0;2.0;1.0;;;;;;;;131.0;107.0;57.0;53.0;51.0;49.0;8.0;4.0;3.0;2.0;;[11 38 52 82];[1 1 2 2];[False False False False];"['Novo Hamburgo U20' 'Ypiranga RS U20' 'Novo Hamburgo U20'
 'Ypiranga RS U20']";[0 1 0 1];[1 0 1 0];['D' 'H' 'D' 'H'];['H' 'D' 'H' 'D'];0.37;0.63;0.0;0.4;0.6;0.0;21983.0;32766.0;ec novo hamburgo rs;ypiranga fc rs;;;Youth
2026-05-03;193884434;Brazil Campeonato Gaucho U20;Brazil;15:00;Full;-0.15447154471544722;1.85;2.5;1.95;2.5;4.0;1.0;;2.0;0.0;2.0;204.0;139.0;100.0;Sao Jose RS U20;;0.0;0.0;3.0;1;1.0;1 - 1;3.4;Gremio U20;;0.0;0.0;2.05;1;1.0;+0.25;4 - 1;2-0;2.5;1.0;79 - 60;33 - 29;29.0;33.0;58.0;42.0;5.0;4.0;3.0;2.0;;;;;;;;110.0;94.0;60.0;79.0;59.0;41.0;11.0;5.0;3.0;2.0;;[ 8 15];[1 1];[False False];['Sao Jose RS U20' 'Gremio U20'];[0 1];[1 0];['D' 'H'];['H' 'D'];0.92;0.08;0.0;0.84;0.16;0.0;32767.0;5926.0;ec sao jose rs;gremio fb porto alegrense rs;;;Youth
2026-05-03;193714966;Italy Serie C Play-Offs;Italy;15:00;Full;0.03779289493575205;2.0;2.0, 2.5;1.8;2.0, 2.5;3.0;8.0;;2.0;0.0;2.0;238.0;171.0;100.0;US Pianese;;1.0;3.0;2.45;0;1.0;1 - 1;3.0;Ternana;;0.0;2.0;2.7;0;1.0;0.0;3 - 8;2-0;2.25;0.75;53 - 118;31 - 48;48.0;31.0;53.0;47.0;3.0;2.0;0.0;1.0;;;;;;;;157.0;81.0;118.0;53.0;66.0;34.0;17.0;3.0;5.0;4.0;;[59 65];[2 2];[False False];['US Pianese' 'Ternana'];[0 1];[1 0];['D' 'H'];['H' 'D'];0.93;0.07;0.0;1.0;0.0;0.0;117356.0;2708.0;us pianese;ternana calcio;2.0;1.9;
2026-05-03;193199400;Greece Super League 1;Greece;15:00;Full;-0.2628205128205129;1.9;2.0, 2.5;1.9;2.0, 2.5;2.0;7.0;;1.0;3.0;4.0;207.0;102.0;100.0;Panathinaikos;;1.0;1.0;4.0;0;0.0;0 - 0;3.3;AEK Athens;;0.0;5.0;1.95;0;0.0;+0.5;2 - 7;1-3;2.25;1.0;26 - 76;14 - 35;35.0;14.0;63.0;37.0;7.0;1.0;2.0;1.0;;;;;;;;125.0;82.0;76.0;26.0;65.0;35.0;10.0;3.0;4.0;4.0;;[];[];[];[];[];[];[];[];1.0;0.0;0.0;1.0;0.0;0.0;3248.0;3250.0;panathinaikos athens;aek athens;1.9;1.95;
2026-05-03;193714957;Italy Serie C Play-Offs;Italy;15:00;Full;0.2485380116959064;1.875;2.5;1.925;2.5;8.0;5.0;;4.0;3.0;7.0;180.0;125.0;100.0;Crotone;;0.0;2.0;1.9;0;1.0;1 - 1;3.3;Audace Cerignola;;0.0;3.0;3.6;0;1.0;-0.5;8 - 5;4-3;2.5;1.0;69 - 56;32 - 23;23.0;32.0;39.0;61.0;3.0;6.0;0.0;4.0;;;;;;;;78.0;102.0;56.0;69.0;43.0;57.0;5.0;12.0;2.0;6.0;;[52 92];[2 2];[False  True];['Crotone' 'Audace Cerignola'];[0 1];[1 0];['D' 'H'];['H' 'D'];0.57;0.43;0.0;1.0;0.0;0.0;2718.0;368732.0;fc crotone;audace cerignola;1.9;1.72;
2026-05-03;193880553;Argentina Torneo A;Argentina;15:00;Full;-0.07482993197278909;1.85;1.5, 2.0;1.95;1.5, 2.0;0.0;7.0;;0.0;1.0;1.0;224.0;122.0;100.0;CA Germinal;;0.0;6.0;3.0;1;1.0;1 - 0;2.7;CA Alvarado;;1.0;1.0;2.45;0;0.0;0.0;0 - 7;0-1;1.75;0.75;50 - 72;23 - 24;24.0;23.0;57.0;43.0;5.0;2.0;3.0;1.0;;;;;;;;121.0;103.0;72.0;50.0;59.0;41.0;15.0;9.0;6.0;2.0;;[15];[1];[False];['CA Germinal'];[0];[1];['D'];['H'];0.17;0.83;0.0;0.33;0.67;0.0;;397002.0;;ca alvarado;2.37;2.37;
2026-05-03;193511019;Iceland Premier League;Iceland;15:00;Full;-0.48965517241379314;1.95;3.0, 3.5;1.85;3.0, 3.5;7.0;4.0;;4.0;4.0;8.0;169.0;95.0;100.0;Keflavik;;0.0;0.0;5.0;1;1.0;1 - 3;4.333;Vikingur Reykjavik;;0.0;1.0;1.45;1;3.0;+1.25;7 - 4;4-4;3.25;1.25;48 - 47;15 - 26;26.0;15.0;66.0;34.0;3.0;3.0;2.0;1.0;;;;;;;;95.0;74.0;47.0;48.0;61.0;39.0;6.0;9.0;6.0;3.0;;[20 33 78 92];[1 1 2 2];[False False False  True];['Vikingur Reykjavik' 'Keflavik' 'Vikingur Reykjavik' 'Vikingur Reykjavik'];[ 0 -1  0 -1];[-1  0 -1 -2];['D' 'A' 'D' 'A'];['A' 'D' 'A' 'A'];0.71;0.0;0.29;0.71;0.0;0.29;1900.0;1908.0;keflavik if;vikingur reykjavik;1.66;1.61;
2026-05-03;193880550;Argentina Torneo A;Argentina;15:00;Full;0.29304748469389047;1.9;1.5, 2.0;1.9;1.5, 2.0;2.0;2.0;;0.0;1.0;1.0;173.0;61.0;100.0;Club Villa Mitre;;0.0;2.0;1.909;0;0.0;0 - 0;2.8;Olimpo B Blanca;;0.0;1.0;4.333;0;0.0;-0.5;2 - 2;0-1;1.75;0.75;40 - 21;18 - 13;13.0;18.0;43.0;57.0;1.0;3.0;1.0;4.0;;;;;;;;76.0;97.0;21.0;40.0;44.0;56.0;1.0;6.0;2.0;4.0;;[];[];[];[];[];[];[];[];1.0;0.0;0.0;1.0;0.0;0.0;269551.0;3222.0;villa mitre de bahia blanca;club olimpo;2.62;2.62;Youth
2026-05-03;193945056;Morocco GNF 1;Morocco;15:00;Full;0.06033717834960067;1.975;2.0;1.825;2.0;4.0;1.0;;0.0;1.0;1.0;0.0;0.0;100.0;UTS Rabat;;0.0;5.0;2.45;0;0.0;0 - 2;2.8;FUS Rabat;;0.0;2.0;2.875;1;2.0;0.0;4 - 1;0-1;2.0;0.75;-;-;0.0;0.0;55.0;45.0;0.0;0.0;1.0;1.0;;;;;;;;0.0;0.0;0.0;0.0;46.0;54.0;0.0;0.0;1.0;1.0;;[43 80];[1 2];[False False];['FUS Rabat' 'FUS Rabat'];[ 0 -1];[-1 -2];['D' 'A'];['A' 'A'];0.48;0.0;0.52;0.96;0.0;0.04;118834.0;55027.0;union touarga;fus rabat;2.0;2.1;
2026-05-03;193918655;Portugal Liga 3;Portugal;15:00;Full;0.425;1.85;2.0, 2.5;1.95;2.0, 2.5;2.0;1.0;;1.0;1.0;2.0;226.0;133.0;100.0;Academica;;1.0;5.0;1.6;0;1.0;1 - 0;3.5;Varzim;;0.0;1.0;5.0;0;0.0;-0.75;2 - 1;1-1;2.25;1.0;80 - 53;37 - 30;30.0;37.0;48.0;52.0;1.0;3.0;0.0;1.0;;;;;;;;107.0;119.0;53.0;80.0;52.0;48.0;4.0;6.0;2.0;2.0;;[51];[2];[False];['Academica'];[0];[1];['D'];['H'];0.57;0.43;0.0;1.0;0.0;0.0;;;;;;;
2026-05-03;193196532;Ecuador LigaPro Serie A;Ecuador;15:00;Full;0.17940199335548174;2.05;2.0, 2.5;1.75;2.0, 2.5;11.0;2.0;;6.0;2.0;8.0;187.0;115.0;100.0;Macara;;0.0;2.0;2.15;0;1.0;1 - 2;3.1;Orense;;0.0;4.0;3.5;1;2.0;-0.25;11 - 2;6-2;2.25;0.75;65 - 50;34 - 9;9.0;34.0;36.0;64.0;0.0;7.0;4.0;0.0;;;;;;;;67.0;120.0;50.0;65.0;38.0;62.0;2.0;18.0;5.0;3.0;;[22 53 91];[1 2 2];[False False  True];['Orense' 'Macara' 'Orense'];[ 0 -1  0];[-1  0 -1];['D' 'A' 'D'];['A' 'D' 'A'];0.66;0.0;0.34;0.49;0.0;0.51;6001.0;403235.0;csd macara;orense sc;;;
2026-05-03;193981951;Peru Campeonato Nacional Women;Peru;15:00;Full;0.9461979913916787;1.825;4.5, 5.0;1.975;4.5, 5.0;4.0;0.0;;2.0;0.0;2.0;224.0;144.0;;Alianza Lima (W);;0.0;0.0;1.025;4;7.0;7 - 1;17.0;UNSAAC (W);;0.0;0.0;34.0;0;1.0;-4.0;4 - 0;2-0;4.75;2.25;100 - 44;54 - 22;22.0;54.0;;;0.0;7.0;1.0;9.0;;;;;;;;90.0;134.0;44.0;100.0;;;0.0;9.0;4.0;17.0;;[19 24 29 38 56 68 77 93];[1 1 1 1 2 2 2 2];[False False False False False False False  True];"['Alianza Lima (W)' 'Alianza Lima (W)' 'Alianza Lima (W)'
 'Alianza Lima (W)' 'Alianza Lima (W)' 'Alianza Lima (W)'
 'Alianza Lima (W)' 'UNSAAC (W)']";[0 1 2 3 4 5 6 7];[1 2 3 4 5 6 7 6];['D' 'H' 'H' 'H' 'H' 'H' 'H' 'H'];['H' 'H' 'H' 'H' 'H' 'H' 'H' 'H'];0.2;0.8;0.0;0.42;0.58;0.0;2311.0;;alianza lima;;;;Women
2026-05-03;193987880;Uruguay Primera Division Amateur;Uruguay;15:00;Full;-0.16849816849816845;1.75;2.0;2.05;2.0;6.0;7.0;;4.0;4.0;8.0;161.0;84.0;100.0;Villa Espanola;;1.0;5.0;3.25;0;0.0;0 - 1;3.0;CA Terremoto;;1.0;4.0;2.1;1;1.0;+0.25;6 - 7;4-4;2.0;0.75;44 - 40;24 - 24;24.0;24.0;54.0;46.0;8.0;6.0;1.0;2.0;;;;;;;;79.0;82.0;40.0;44.0;47.0;53.0;9.0;12.0;2.0;3.0;;[42];[1];[False];['CA Terremoto'];[0];[-1];['D'];['A'];0.47;0.0;0.53;0.93;0.0;0.07;;;;;;;
2026-05-03;193987859;Uruguay Primera Division Amateur;Uruguay;15:00;Full;-0.3351363565749149;2.0;2.0, 2.5;1.8;2.0, 2.5;5.0;7.0;;5.0;4.0;9.0;173.0;79.0;100.0;CA Lito;;0.0;3.0;4.1;2;3.0;3 - 1;3.4;Platense Montevideo;;1.0;2.0;1.727;0;1.0;+0.75;5 - 7;5-4;2.25;0.75;44 - 35;28 - 16;16.0;28.0;40.0;60.0;4.0;5.0;1.0;2.0;;;;;;;;81.0;92.0;35.0;44.0;43.0;57.0;7.0;7.0;3.0;3.0;;[13 37 59 90];[1 1 2 2];[False False False False];['CA Lito' 'CA Lito' 'Platense Montevideo' 'CA Lito'];[0 1 2 1];[1 2 1 2];['D' 'H' 'H' 'H'];['H' 'H' 'H' 'H'];0.14;0.86;0.0;0.29;0.71;0.0;;;;;;;
2026-05-03;193714942;Italy Serie C Play-Offs;Italy;15:00;Full;0.1847745750184775;1.95;2.5;1.85;2.5;3.0;5.0;;3.0;4.0;7.0;178.0;102.0;100.0;Casertana;;0.0;3.0;2.05;0;1.0;1 - 0;3.1;Atalanta U23;;0.0;0.0;3.3;0;0.0;-0.25;3 - 5;3-4;2.5;1.0;41 - 61;31 - 24;24.0;31.0;49.0;51.0;6.0;6.0;0.0;3.0;;;;;;;;96.0;82.0;61.0;41.0;58.0;42.0;11.0;7.0;1.0;6.0;;[78];[2];[False];['Casertana'];[0];[1];['D'];['H'];0.87;0.13;0.0;1.0;0.0;0.0;53857.0;2686.0;casertana fc;atalanta bc;;;Youth
2026-05-03;193945064;Morocco GNF 1;Morocco;15:00;Full;0.6964924838940586;2.0;2.5;1.8;2.5;5.0;3.0;;3.0;1.0;4.0;148.0;126.0;100.0;Raja Casablanca;;0.0;1.0;1.27;1;1.0;1 - 0;4.2;Difaa El Jadida;;1.0;3.0;11.0;0;0.0;-1.5;5 - 3;3-1;2.5;1.0;79 - 47;42 - 18;18.0;42.0;27.0;73.0;1.0;6.0;0.0;3.0;;;;;;;;70.0;78.0;47.0;79.0;31.0;69.0;3.0;7.0;1.0;3.0;;[14];[1];[False];['Raja Casablanca'];[0];[1];['D'];['H'];0.16;0.84;0.0;0.31;0.69;0.0;41757.0;55043.0;raja casablanca athletic;difaa hassani d'el-jadida;2.62;2.62;
2026-05-03;193511012;Iceland Premier League;Iceland;15:00;Full;-0.21381578947368418;1.95;3.0, 3.5;1.85;3.0, 3.5;2.0;10.0;;1.0;3.0;4.0;323.0;183.0;100.0;FH Hafnarfjordur;;0.0;2.0;3.2;3;3.0;3 - 4;3.6;Fram Reykjavik;;0.0;1.0;1.9;1;4.0;+0.25;2 - 10;1-3;3.25;1.25;89 - 94;50 - 46;46.0;50.0;61.0;39.0;4.0;0.0;2.0;3.0;;;;;;;;163.0;160.0;94.0;89.0;55.0;45.0;7.0;2.0;5.0;3.0;;[ 6  8 11 45 52 65 73];[1 1 1 1 2 2 2];[False False False False False False False];"['FH Hafnarfjordur' 'Fram Reykjavik' 'FH Hafnarfjordur' 'FH Hafnarfjordur'
 'Fram Reykjavik' 'Fram Reykjavik' 'Fram Reykjavik']";[0 1 0 1 2 1 0];[ 1  0  1  2  1  0 -1];['D' 'H' 'D' 'H' 'H' 'H' 'D'];['H' 'D' 'H' 'H' 'H' 'D' 'A'];0.19;0.62;0.19;0.2;0.8;0.0;1894.0;1893.0;fh hafnarfjordur;fram reykjavik;1.44;1.44;
2026-05-03;193880548;Argentina Torneo A;Argentina;15:03;Full;0.3685124798098315;1.95;2.0;1.85;2.0;5.0;2.0;;2.0;1.0;3.0;207.0;131.0;100.0;Escobar FC;;0.0;1.0;1.727;0;3.0;3 - 2;3.0;Defensores de Belgrano VR;;1.0;3.0;4.75;1;2.0;-0.5;5 - 2;2-1;2.0;0.75;86 - 45;39 - 25;25.0;39.0;51.0;49.0;1.0;4.0;3.0;5.0;;;;;;;;92.0;115.0;45.0;86.0;42.0;58.0;3.0;11.0;5.0;9.0;;[37 50 61 83 88];[1 2 2 2 2];[False False False False False];"['Defensores de Belgrano VR' 'Escobar FC' 'Defensores de Belgrano VR'
 'Escobar FC' 'Escobar FC']";[ 0 -1  0 -1  0];[-1  0 -1  0  1];['D' 'A' 'D' 'A' 'D'];['A' 'D' 'A' 'D' 'H'];0.59;0.02;0.39;0.82;0.0;0.18;1298359.0;;escobar fc;;2.25;2.37;
2026-05-03;192497003;Poland I Liga;Poland;15:15;Full;-0.34965034965034963;1.9;3.0, 3.5;1.9;3.0, 3.5;5.0;7.0;;3.0;5.0;8.0;284.0;152.0;100.0;Stal Rzeszow;;0.0;1.0;3.9;1;1.0;1 - 2;3.9;Wisla Krakow;;0.0;0.0;1.65;0;2.0;+0.75;5 - 7;3-5;3.25;1.25;49 - 103;25 - 55;55.0;25.0;67.0;33.0;6.0;7.0;3.0;4.0;;;;;;;;174.0;110.0;103.0;49.0;63.0;37.0;11.0;10.0;6.0;4.0;;[26 49 71];[1 2 2];[False False False];['Stal Rzeszow' 'Wisla Krakow' 'Wisla Krakow'];[0 1 0];[ 1  0 -1];['D' 'H' 'D'];['H' 'D' 'A'];0.53;0.26;0.21;0.58;0.42;0.0;37207.0;3111.0;zks stal rzeszow;wisla krakow;1.61;1.5;
2026-05-03;192943517;Peru Liga 1;Peru;15:15;Full;-0.3998800239952009;1.95;2.5;1.85;2.5;0.0;9.0;;0.0;4.0;4.0;140.0;74.0;100.0;Juan Pablo II College;;1.0;2.0;5.0;0;1.0;1 - 4;3.7;Universitario de Deportes;;0.0;4.0;1.667;3;4.0;+0.75;0 - 9;0-4;2.5;1.0;20 - 54;16 - 23;23.0;16.0;64.0;36.0;3.0;4.0;6.0;0.0;;;;;;;;87.0;53.0;54.0;20.0;64.0;36.0;7.0;5.0;10.0;1.0;;[23 24 30 82 90];[1 1 1 2 2];[False False False False False];"['Universitario de Deportes' 'Universitario de Deportes'
 'Universitario de Deportes' 'Juan Pablo II College'
 'Universitario de Deportes']";[ 0 -1 -2 -3 -2];[-1 -2 -3 -2 -3];['D' 'A' 'A' 'A' 'A'];['A' 'A' 'A' 'A' 'A'];0.26;0.0;0.74;0.51;0.0;0.49;1041663.0;2305.0;juan pablo ii college;universitario de deportes;2.0;1.9;Youth
2026-05-03;193820558;Argentina Primera C Metropolitana;Argentina;15:30;Full;0.4547190556102078;1.925;2.0, 2.5;1.875;2.0, 2.5;8.0;3.0;;5.0;3.0;8.0;311.0;181.0;100.0;Berazategui;;0.0;3.0;1.571;1;2.0;2 - 0;3.4;CA Lugano;;1.0;5.0;5.5;0;0.0;-0.75;8 - 3;5-3;2.25;1.0;90 - 91;44 - 43;43.0;44.0;43.0;57.0;1.0;2.0;3.0;2.0;;;;;;;;165.0;146.0;91.0;90.0;46.0;54.0;4.0;4.0;4.0;3.0;;[38 56];[1 2];[False False];['Berazategui' 'Berazategui'];[0 1];[1 2];['D' 'H'];['H' 'H'];0.42;0.58;0.0;0.84;0.16;0.0;388236.0;182126.0;ad berazategui;ca lugano;;;
2026-05-03;193941421;Brazil Campeonato Paranaense U20;Brazil;15:30;Full;-0.08417508417508418;1.975;3.0;1.825;3.0;3.0;5.0;;1.0;3.0;4.0;0.0;0.0;100.0;Hope International U20;;0.0;3.0;2.7;0;0.0;0 - 1;3.5;Operario PR U20;;1.0;4.0;2.2;0;1.0;+0.25;3 - 5;1-3;3.0;1.25;-;-;0.0;0.0;56.0;44.0;0.0;0.0;0.0;0.0;;;;;;;;0.0;0.0;0.0;0.0;51.0;49.0;0.0;0.0;1.0;0.0;;[87];[2];[False];['Operario PR U20'];[0];[-1];['D'];['A'];0.97;0.0;0.03;1.0;0.0;0.0;;39634.0;;operario ferroviario ec pr;;;Youth
2026-05-03;193992061;Paraguay Women League;Paraguay;15:30;Full;0.4791288566243195;1.85;3.0;1.95;3.0;5.0;0.0;;1.0;0.0;1.0;195.0;139.0;100.0;2 de Mayo (W);;0.0;0.0;1.45;0;2.0;2 - 1;4.75;Deportivo Recoleta (W);;0.0;1.0;4.75;1;1.0;-1.25;5 - 0;1-0;3.0;1.25;92 - 47;37 - 28;28.0;37.0;50.0;50.0;2.0;6.0;3.0;2.0;;;;;;;;87.0;108.0;47.0;92.0;46.0;54.0;5.0;13.0;4.0;6.0;;[32 46 59];[1 2 2];[False False False];['Deportivo Recoleta (W)' '2 de Mayo (W)' '2 de Mayo (W)'];[ 0 -1  0];[-1  0  1];['D' 'A' 'D'];['A' 'D' 'H'];0.5;0.34;0.16;0.71;0.0;0.29;5992.0;463345.0;cs 2 de mayo;recoleta fc;;;Women
2026-05-03;193109835;Spain Primera Division RFEF Group 2;Spain;15:30;Full;0.5238095238095238;1.925;2.5, 3.0;1.875;2.5, 3.0;1.0;6.0;;1.0;2.0;3.0;158.0;53.0;100.0;Eldense;;0.0;2.0;1.4;3;3.0;3 - 1;4.75;Marbella FC;;0.0;3.0;5.25;0;1.0;-1.25;1 - 6;1-2;2.75;1.25;22 - 31;13 - 12;12.0;13.0;50.0;50.0;1.0;1.0;1.0;4.0;;;;;;;;73.0;85.0;31.0;22.0;50.0;50.0;4.0;3.0;2.0;4.0;;[ 1 18 30 59];[1 1 1 2];[False False False False];['Eldense' 'Eldense' 'Eldense' 'Marbella FC'];[0 1 2 3];[1 2 3 2];['D' 'H' 'H' 'H'];['H' 'H' 'H' 'H'];0.01;0.99;0.0;0.02;0.98;0.0;47321.0;24348.0;club deportivo eldense;marbella fc;2.25;2.0;
2026-05-03;193186898;Argentina Nacional B;Argentina;15:30;Full;0.19444444444444442;1.8;1.5;2.0;1.5;3.0;6.0;;3.0;3.0;6.0;179.0;96.0;100.0;Almirante Brown;;0.0;1.0;2.25;0;1.0;1 - 0;2.7;CA Chaco For Ever;;1.0;2.0;4.0;0;0.0;-0.25;3 - 6;3-3;1.5;0.5;43 - 53;26 - 23;23.0;26.0;50.0;50.0;2.0;0.0;0.0;2.0;;;;;;;;83.0;96.0;53.0;43.0;50.0;50.0;4.0;0.0;0.0;5.0;;[84];[2];[False];['Almirante Brown'];[0];[1];['D'];['H'];0.93;0.07;0.0;1.0;0.0;0.0;43740.0;332409.0;club almirante brown;ca chaco for ever;2.62;2.62;Youth
2026-05-03;193820497;Argentina Primera C Metropolitana;Argentina;15:30;Full;-0.07622504537205077;1.975;2.0;1.825;2.0;6.0;4.0;;1.0;3.0;4.0;0.0;0.0;100.0;Puerto Nuevo;;0.0;6.0;2.9;0;1.0;1 - 4;2.8;Club Leandro N. Alem;;0.0;3.0;2.375;2;4.0;+0.25;6 - 4;1-3;2.0;0.75;-;-;0.0;0.0;49.0;51.0;0.0;0.0;2.0;0.0;;;;;;;;0.0;0.0;0.0;0.0;39.0;61.0;0.0;0.0;4.0;1.0;;[26 43 76 78 89];[1 1 2 2 2];[False False False False False];"['Club Leandro N. Alem' 'Club Leandro N. Alem' 'Club Leandro N. Alem'
 'Club Leandro N. Alem' 'Puerto Nuevo']";[ 0 -1 -2 -3 -4];[-1 -2 -3 -4 -3];['D' 'A' 'A' 'A' 'A'];['A' 'A' 'A' 'A' 'A'];0.29;0.0;0.71;0.58;0.0;0.42;377562.0;337371.0;ca puerto nuevo;cdm leandro n. alem;;;
2026-05-03;193828065;Argentina Primera B Metropolitana;Argentina;15:30;Full;-0.05102040816326525;2.025;2.0;1.775;2.0;4.0;2.0;;3.0;0.0;3.0;0.0;0.0;100.0;Deportivo Liniers;13.0;1.0;4.0;2.8;0;0.0;0 - 1;2.8;Talleres Remedios;8.0;1.0;6.0;2.45;1;1.0;0.0;4 - 2;3-0;2.0;0.75;-;-;0.0;0.0;47.0;53.0;0.0;0.0;1.0;1.0;;;;;;;;0.0;0.0;0.0;0.0;43.0;57.0;0.0;0.0;1.0;1.0;;[13];[1];[False];['Talleres Remedios'];[0];[-1];['D'];['A'];0.14;0.0;0.86;0.29;0.0;0.71;196432.0;210418.0;csd liniers;ca talleres de remedios;2.5;2.25;Youth
2026-05-03;193820507;Argentina Primera C Metropolitana;Argentina;15:30;Full;-0.07482993197278909;1.925;1.5, 2.0;1.875;1.5, 2.0;4.0;5.0;;4.0;3.0;7.0;255.0;146.0;100.0;Victoriano Arenas;;0.0;3.0;3.0;1;3.0;3 - 0;2.625;Estrella del Sur Alejandro Korn;;0.0;3.0;2.45;0;0.0;0.0;4 - 5;4-3;1.75;0.75;75 - 71;30 - 41;41.0;30.0;57.0;43.0;3.0;0.0;1.0;2.0;;;;;;;;134.0;121.0;71.0;75.0;54.0;46.0;7.0;3.0;1.0;4.0;;[11 48 89];[1 2 2];[False False False];['Victoriano Arenas' 'Victoriano Arenas' 'Victoriano Arenas'];[0 1 2];[1 2 3];['D' 'H' 'H'];['H' 'H' 'H'];0.12;0.88;0.0;0.24;0.76;0.0;377564.0;1074128.0;ca victoriano arenas;club estrella del sur (alejandro korn);;;
2026-05-03;193187162;Argentina Nacional B;Argentina;15:30;Full;0.40476190476190477;2.0;2.0, 2.5;1.8;2.0, 2.5;10.0;1.0;;4.0;1.0;5.0;224.0;157.0;100.0;Gimnasia Jujuy;;0.0;1.0;1.75;0;1.0;1 - 1;3.0;Deportivo Maipu;;1.0;4.0;6.0;1;1.0;-0.75;10 - 1;4-1;2.25;1.0;124 - 33;50 - 20;20.0;50.0;42.0;58.0;2.0;6.0;2.0;3.0;;;;;;;;88.0;136.0;33.0;124.0;36.0;64.0;2.0;13.0;3.0;5.0;;[ 6 67];[1 2];[False False];['Deportivo Maipu' 'Gimnasia Jujuy'];[ 0 -1];[-1  0];['D' 'A'];['A' 'D'];0.32;0.0;0.68;0.13;0.0;0.87;5292.0;240854.0;gimnasia y esgrima de jujuy;cd maipu;;;Youth
2026-05-03;193830308;Brazil Serie D;Brazil;15:30;Full;0.13175230566534918;1.775;1.5, 2.0;2.025;1.5, 2.0;6.0;11.0;;4.0;6.0;10.0;155.0;72.0;100.0;Azuriz;;1.0;0.0;2.3;1;1.0;1 - 1;2.7;Sao Jose RS;;1.0;5.0;3.3;0;1.0;-0.25;6 - 11;4-6;1.75;0.75;29 - 43;19 - 16;16.0;19.0;57.0;43.0;1.0;6.0;2.0;2.0;;;;;;;;76.0;79.0;43.0;29.0;54.0;46.0;6.0;10.0;6.0;4.0;;[21 68];[1 2];[False False];['Azuriz' 'Sao Jose RS'];[0 1];[1 0];['D' 'H'];['H' 'D'];0.48;0.52;0.0;0.47;0.53;0.0;;32767.0;;ec sao jose rs;;;
2026-05-03;193830164;Brazil Serie D;Brazil;15:30;Full;-0.2381201825937289;1.975;2.5;1.825;2.5;10.0;3.0;;4.0;3.0;7.0;103.0;66.0;100.0;Oratorio;;0.0;4.0;3.5;1;1.0;1 - 2;3.3;Aguia de Maraba;;0.0;3.0;1.909;2;2.0;+0.5;10 - 3;4-3;2.5;1.0;40 - 26;19 - 12;12.0;19.0;53.0;47.0;1.0;5.0;6.0;2.0;;;;;;;;47.0;56.0;26.0;40.0;55.0;45.0;4.0;8.0;6.0;3.0;;[11 17 36];[1 1 1];[False False False];['Oratorio' 'Aguia de Maraba' 'Aguia de Maraba'];[0 1 0];[ 1  0 -1];['D' 'H' 'D'];['H' 'D' 'A'];0.33;0.07;0.6;0.67;0.13;0.2;90266.0;33998.0;oratorio rc ap;aguia de maraba fc pa;2.0;1.8;
2026-05-03;193820530;Argentina Primera C Metropolitana;Argentina;15:30;Full;0.160427807486631;1.9;1.5, 2.0;1.9;1.5, 2.0;4.0;3.0;;3.0;1.0;4.0;0.0;0.0;100.0;Club Mercedes;;1.0;3.0;2.2;1;1.0;1 - 1;2.75;Juventud Unida San Miguel;;0.0;3.0;3.4;1;1.0;-0.25;4 - 3;3-1;1.75;0.75;-;-;0.0;0.0;42.0;58.0;0.0;0.0;1.0;1.0;;;;;;;;0.0;0.0;0.0;0.0;58.0;42.0;0.0;0.0;1.0;1.0;;[ 5 24];[1 1];[False False];['Juventud Unida San Miguel' 'Club Mercedes'];[ 0 -1];[-1  0];['D' 'A'];['A' 'D'];0.79;0.0;0.21;0.58;0.0;0.42;354964.0;377574.0;club mercedes;juventud unida san miguel;;;
2026-05-03;193332848;Uruguay Apertura;Uruguay;15:30;Full;0.2350427350427351;1.825;2.0;1.975;2.0;7.0;5.0;;3.0;1.0;4.0;168.0;116.0;100.0;Racing Club de Montevideo;;1.0;1.0;1.95;1;1.0;1 - 1;3.0;Montevideo City Torque;;1.0;3.0;3.6;1;1.0;-0.5;7 - 5;3-1;2.0;0.75;60 - 56;30 - 28;28.0;30.0;52.0;48.0;3.0;1.0;1.0;1.0;;;;;;;;97.0;71.0;56.0;60.0;54.0;46.0;6.0;4.0;2.0;3.0;;[16 20];[1 1];[False False];['Racing Club de Montevideo' 'Montevideo City Torque'];[0 1];[1 0];['D' 'H'];['H' 'D'];0.96;0.04;0.0;0.91;0.09;0.0;25010.0;174972.0;racing club montevideo;montevideo city torque;1.83;2.1;
2026-05-03;193820545;Argentina Primera C Metropolitana;Argentina;15:30;Full;0.14141414141414138;1.9;1.5, 2.0;1.9;1.5, 2.0;6.0;3.0;;6.0;2.0;8.0;201.0;127.0;100.0;CA Claypole;;0.0;4.0;2.25;0;1.0;1 - 2;2.7;El Porvenir;;0.0;4.0;3.3;1;2.0;-0.25;6 - 3;6-2;1.75;0.75;68 - 59;32 - 26;26.0;32.0;50.0;50.0;0.0;2.0;2.0;0.0;;;;;;;;88.0;113.0;59.0;68.0;50.0;50.0;2.0;3.0;3.0;4.0;;[26 49 57];[1 2 2];[False False False];['El Porvenir' 'CA Claypole' 'El Porvenir'];[ 0 -1  0];[-1  0 -1];['D' 'A' 'D'];['A' 'D' 'A'];0.38;0.0;0.62;0.58;0.0;0.42;377570.0;388934.0;ca claypole;club el porvenir;;;
2026-05-03;193820560;Argentina Primera C Metropolitana;Argentina;15:30;Full;0.13194444444444442;2.05;2.0;1.75;2.0;5.0;5.0;;2.0;3.0;5.0;215.0;115.0;100.0;Yupanqui;;0.0;2.0;2.25;1;2.0;2 - 0;2.8;Central Ballester;;2.0;3.0;3.2;0;0.0;-0.25;5 - 5;2-3;2.0;0.75;62 - 53;24 - 27;27.0;24.0;45.0;55.0;3.0;1.0;0.0;2.0;;;;;;;;110.0;105.0;53.0;62.0;46.0;54.0;4.0;2.0;0.0;4.0;;[44 95];[1 2];[False  True];['Yupanqui' 'Yupanqui'];[0 1];[1 2];['D' 'H'];['H' 'H'];0.46;0.54;0.0;0.98;0.02;0.0;377558.0;377552.0;yupanqui;central ballester;;;
2026-05-03;193992750;Mali Premiere Division;Mali;15:30;Full;0.1122019635343619;1.85;1.5, 2.0;1.95;1.5, 2.0;7.0;5.0;;2.0;4.0;6.0;132.0;116.0;;US Bougouba;9.0;1.0;2.0;2.3;0;0.0;0 - 2;2.75;Onze Créateurs;12.0;0.0;1.0;3.1;2;2.0;-0.25;7 - 5;2-4;1.75;0.75;55 - 61;20 - 39;39.0;20.0;;;0.0;2.0;4.0;1.0;;;;;;;;62.0;70.0;61.0;55.0;;;1.0;4.0;7.0;2.0;;[43 48];[1 1];[False  True];['Onze Créateurs' 'Onze Créateurs'];[ 0 -1];[-1 -2];['D' 'A'];['A' 'A'];0.48;0.0;0.52;0.9;0.0;0.1;;;;;;;
2026-05-03;193820554;Argentina Primera C Metropolitana;Argentina;15:30;Full;-0.13194444444444442;1.75;1.5, 2.0;2.05;1.5, 2.0;4.0;4.0;;3.0;3.0;6.0;92.0;64.0;100.0;CA Atlas;;1.0;1.0;3.2;2;3.0;3 - 2;2.8;Leones de Rosario;;0.0;1.0;2.25;1;2.0;+0.25;4 - 4;3-3;1.75;0.75;25 - 39;17 - 17;17.0;17.0;62.0;38.0;1.0;1.0;1.0;5.0;;;;;;;;54.0;38.0;39.0;25.0;63.0;37.0;4.0;1.0;3.0;7.0;;[ 5 13 39 63 80];[1 1 1 2 2];[False False False False False];['CA Atlas' 'Leones de Rosario' 'CA Atlas' 'CA Atlas' 'Leones de Rosario'];[0 1 0 1 2];[1 0 1 2 1];['D' 'H' 'D' 'H' 'H'];['H' 'D' 'H' 'H' 'H'];0.34;0.66;0.0;0.69;0.31;0.0;182701.0;1314460.0;ca atlas;leones de rosario fc;;;
2026-05-03;193004663;Italy Serie A;Italy;15:45;Full;0.7564102564102564;1.825;3.0;2.025;3.0;8.0;3.0;;4.0;2.0;6.0;181.0;86.0;100.0;Inter Milan;1.0;0.0;1.0;1.2;1;2.0;2 - 0;7.0;Parma;12.0;0.0;0.0;13.0;0;0.0;-1.75;8 - 3;4-2;3.0;1.25;64 - 22;30 - 10;10.0;30.0;42.0;58.0;2.0;5.0;0.0;2.0;;;;;;;;70.0;111.0;22.0;64.0;41.0;59.0;4.0;7.0;0.0;5.0;;[46 80];[1 2];[ True False];['Inter Milan' 'Inter Milan'];[0 1];[1 2];['D' 'H'];['H' 'H'];0.51;0.49;0.0;1.0;0.0;0.0;2697.0;2690.0;inter milano;parma calcio;2.0;2.05;
2026-05-03;193005719;France Ligue 1;France;15:45;Full;0.15360983102918585;1.9;3.0;1.95;3.0;7.0;5.0;;3.0;3.0;6.0;156.0;77.0;100.0;Lyon;4.0;0.0;0.0;2.1;2;4.0;4 - 2;3.8;Rennes;5.0;0.0;3.0;3.1;1;2.0;-0.25;7 - 5;3-3;3.0;1.25;46 - 31;28 - 13;13.0;28.0;48.0;52.0;0.0;5.0;3.0;2.0;;;;;;;;62.0;94.0;31.0;46.0;50.0;50.0;3.0;9.0;5.0;8.0;;[ 6 37 42 49 52 75];[1 1 1 2 2 2];[False False False False False False];['Rennes' 'Lyon' 'Lyon' 'Rennes' 'Lyon' 'Lyon'];[ 0 -1  0  1  0  1];[-1  0  1  0  1  2];['D' 'A' 'D' 'H' 'D' 'H'];['A' 'D' 'H' 'D' 'H' 'H'];0.16;0.5;0.34;0.24;0.07;0.69;1649.0;1658.0;olympique lyon;stade rennais fc;1.61;1.5;
2026-05-03;193714959;Italy Serie C Play-Offs;Italy;15:45;Full;0.2738738738738738;1.95;2.0, 2.5;1.85;2.0, 2.5;4.0;5.0;;2.0;3.0;5.0;225.0;124.0;100.0;Juventus U23;;0.0;1.0;1.85;1;2.0;2 - 2;3.25;Vis Pesaro;;0.0;0.0;3.75;0;2.0;-0.5;4 - 5;2-3;2.25;1.0;61 - 63;34 - 34;34.0;34.0;52.0;48.0;3.0;3.0;1.0;3.0;;;;;;;;118.0;107.0;63.0;61.0;51.0;49.0;6.0;3.0;7.0;7.0;;[14 48 53 65];[1 2 2 2];[False False False False];['Juventus U23' 'Juventus U23' 'Vis Pesaro' 'Vis Pesaro'];[0 1 2 1];[1 2 1 0];['D' 'H' 'H' 'H'];['H' 'H' 'H' 'D'];0.43;0.57;0.0;0.31;0.69;0.0;474236.0;2754.0;juventus next gen;vis pesaro 1898;1.9;2.0;Youth
2026-05-03;193830166;Brazil Serie D;Brazil;16:00;Full;0.1218637992831541;2.05;2.0, 2.5;1.75;2.0, 2.5;8.0;5.0;;6.0;5.0;11.0;114.0;74.0;100.0;Parnahyba;;0.0;5.0;2.25;0;3.0;3 - 1;2.875;IAPE;;1.0;7.0;3.1;1;1.0;-0.25;8 - 5;6-5;2.25;0.75;44 - 30;20 - 15;15.0;20.0;50.0;50.0;1.0;3.0;3.0;0.0;;;;;;;;48.0;66.0;30.0;44.0;51.0;49.0;3.0;8.0;5.0;9.0;;[33 61 74 86];[1 2 2 2];[False False False False];['IAPE' 'Parnahyba' 'Parnahyba' 'Parnahyba'];[ 0 -1  0  1];[-1  0  1  2];['D' 'A' 'D' 'H'];['A' 'D' 'H' 'H'];0.51;0.18;0.31;0.73;0.0;0.27;35282.0;49203.0;parnahyba sc pi;iape ma;2.1;2.0;
2026-05-03;193192159;Brazil Serie B;Brazil;16:00;Full;0.3300142247510668;2.0;2.0, 2.5;1.8;2.0, 2.5;5.0;4.0;;4.0;1.0;5.0;185.0;72.0;100.0;Operario PR;;0.0;2.0;1.85;2;3.0;3 - 0;3.2;Londrina;;0.0;5.0;4.75;0;0.0;-0.5;5 - 4;4-1;2.25;0.75;24 - 48;12 - 25;25.0;12.0;46.0;54.0;3.0;2.0;3.0;3.0;;;;;;;;94.0;91.0;48.0;24.0;45.0;55.0;7.0;9.0;3.0;5.0;;[ 5 29 60];[1 1 2];[False False False];['Operario PR' 'Operario PR' 'Operario PR'];[0 1 2];[1 2 3];['D' 'H' 'H'];['H' 'H' 'H'];0.06;0.94;0.0;0.11;0.89;0.0;39634.0;2022.0;operario ferroviario ec pr;londrina ec pr;2.1;2.1;Youth
2026-05-03;193830292;Brazil Serie D;Brazil;16:00;Full;0.08995502248875564;1.825;2.0, 2.5;1.975;2.0, 2.5;9.0;7.0;;8.0;4.0;12.0;133.0;69.0;100.0;CSE;;0.0;3.0;2.3;2;3.0;3 - 2;2.875;Jacuipense;;0.0;1.0;2.9;1;2.0;0.0;9 - 7;8-4;2.25;1.0;21 - 48;12 - 24;24.0;12.0;58.0;42.0;7.0;7.0;5.0;2.0;;;;;;;;76.0;57.0;48.0;21.0;64.0;36.0;11.0;8.0;7.0;4.0;;[34 44 47 64 65];[1 1 1 2 2];[False False  True False False];['CSE' 'Jacuipense' 'CSE' 'Jacuipense' 'CSE'];[0 1 0 1 0];[1 0 1 0 1];['D' 'H' 'D' 'H' 'D'];['H' 'D' 'H' 'D' 'H'];0.42;0.58;0.0;0.79;0.21;0.0;529969.0;87166.0;cs esportiva al;ec jacuipense ba;1.72;1.83;
2026-05-03;193830299;Brazil Serie D;Brazil;16:00;Full;0.1218637992831541;1.8;2.0;2.0;2.0;4.0;4.0;;2.0;3.0;5.0;159.0;122.0;100.0;Sao Luiz;;0.0;2.0;2.25;0;0.0;0 - 1;2.875;Cianorte;;1.0;3.0;3.1;0;1.0;-0.25;4 - 4;2-3;2.0;0.75;63 - 59;27 - 37;37.0;27.0;50.0;50.0;6.0;5.0;3.0;3.0;;;;;;;;80.0;79.0;59.0;63.0;50.0;50.0;9.0;10.0;6.0;6.0;;[90];[2];[False];['Cianorte'];[0];[-1];['D'];['A'];1.0;0.0;0.0;1.0;0.0;0.0;32768.0;21892.0;ec sao luiz rs;cianorte fc pr;2.0;2.0;
2026-05-03;193881360;Chile Primera B;Chile;16:00;Full;0.20512820512820518;1.925;2.5;1.875;2.5;5.0;4.0;;3.0;1.0;4.0;311.0;122.0;100.0;Santiago Wanderers;6.0;0.0;0.0;1.95;2;2.0;2 - 2;3.3;Deportes Temuco;9.0;0.0;2.0;3.25;1;2.0;-0.5;5 - 4;3-1;2.5;1.0;52 - 70;24 - 32;32.0;24.0;50.0;50.0;4.0;5.0;2.0;2.0;;;;;;;;167.0;144.0;70.0;52.0;50.0;50.0;7.0;8.0;5.0;5.0;;[ 8 17 33 93];[1 1 1 2];[False False False  True];"['Santiago Wanderers' 'Deportes Temuco' 'Santiago Wanderers'
 'Deportes Temuco']";[0 1 0 1];[1 0 1 0];['D' 'H' 'D' 'H'];['H' 'D' 'H' 'D'];0.26;0.74;0.0;0.53;0.47;0.0;;;;;;;Youth
2026-05-03;193067285;Argentina Liga Profesional;Argentina;16:00;Full;0.3300142247510668;2.0;2.0;1.8;2.0;3.0;2.0;;1.0;1.0;2.0;138.0;75.0;100.0;Belgrano;;0.0;1.0;1.85;2;4.0;4 - 0;3.3;Sarmiento;;0.0;1.0;4.75;0;0.0;-0.5;3 - 2;1-1;2.0;0.75;45 - 30;18 - 7;7.0;18.0;39.0;61.0;1.0;4.0;0.0;3.0;;;;;;;;66.0;72.0;30.0;45.0;48.0;52.0;3.0;6.0;3.0;6.0;;[36 43 55 86];[1 1 2 2];[False False False False];['Belgrano' 'Belgrano' 'Belgrano' 'Belgrano'];[0 1 2 3];[1 2 3 4];['D' 'H' 'H' 'H'];['H' 'H' 'H' 'H'];0.4;0.6;0.0;0.8;0.2;0.0;3203.0;42338.0;ca belgrano de cordoba;ca sarmiento junin;;;
2026-05-03;193192684;Canada Premier League;Canada;16:00;Full;-0.4057502538142655;1.875;2.5, 3.0;1.925;2.5, 3.0;6.0;3.0;;3.0;2.0;5.0;189.0;96.0;100.0;Supra du Quebec;;1.0;6.0;4.333;0;0.0;0 - 1;4.5;Cavalry FC;;0.0;1.0;1.571;0;1.0;+1.0;6 - 3;3-2;2.75;1.25;45 - 51;21 - 29;29.0;21.0;54.0;46.0;2.0;3.0;2.0;0.0;;;;;;;;115.0;74.0;51.0;45.0;54.0;46.0;7.0;7.0;4.0;2.0;;[88];[2];[False];['Cavalry FC'];[0];[-1];['D'];['A'];0.98;0.0;0.02;1.0;0.0;0.0;1319810.0;543877.0;fc supra du quebec;cavalry fc;2.2;1.83;
2026-05-03;193201641;USA MLS;USA;16:00;Full;0.32476857194143144;1.875;2.5;1.925;2.5;6.0;3.0;;2.0;2.0;4.0;235.0;113.0;100.0;New York City;;0.0;1.0;1.8;0;0.0;0 - 2;3.75;DC United;;0.0;4.0;4.333;1;2.0;-0.75;6 - 3;2-2;2.5;1.0;75 - 38;26 - 28;28.0;26.0;33.0;67.0;7.0;1.0;5.0;3.0;;;;;;;;82.0;153.0;38.0;75.0;27.0;73.0;12.0;5.0;8.0;6.0;;[29 75];[1 2];[False False];['DC United' 'DC United'];[ 0 -1];[-1 -2];['D' 'A'];['A' 'A'];0.32;0.0;0.68;0.64;0.0;0.36;167510.0;2502.0;new york city fc;dc united;1.8;1.8;
2026-05-03;193067312;Argentina Liga Profesional;Argentina;16:00;Full;-0.13981762917933133;1.825;2.0;1.975;2.0;3.0;11.0;;3.0;6.0;9.0;203.0;130.0;100.0;Gimnasia LP;;0.0;3.0;3.5;1;2.0;2 - 0;2.875;Argentinos Jrs;;0.0;6.0;2.35;0;0.0;+0.25;3 - 11;3-6;2.0;0.75;41 - 89;18 - 38;38.0;18.0;58.0;42.0;4.0;1.0;1.0;1.0;;;;;;;;127.0;76.0;89.0;41.0;65.0;35.0;11.0;10.0;3.0;2.0;;[13 59];[1 2];[False False];['Gimnasia LP' 'Gimnasia LP'];[0 1];[1 2];['D' 'H'];['H' 'H'];0.14;0.86;0.0;0.29;0.71;0.0;3205.0;3216.0;gimnasia y esgrima la plata;argentinos juniors;2.37;2.0;
2026-05-03;193995250;Bolivia Copa Simon Bolivar;Bolivia;16:00;Full;-0.7333333333333334;1.9;4.0;1.9;4.0;3.0;5.0;;2.0;1.0;3.0;153.0;128.0;;Independiente Unificada;;1.0;2.0;10.0;1;1.0;1 - 1;7.0;CD Rio San Juan Humi;;1.0;3.0;1.2;1;1.0;+2.25;3 - 5;2-1;4.0;1.75;61 - 67;33 - 32;32.0;33.0;;;6.0;6.0;1.0;1.0;;;;;;;;74.0;79.0;67.0;61.0;;;11.0;12.0;6.0;2.0;;[43 45];[1 1];[False False];['Independiente Unificada' 'CD Rio San Juan Humi'];[0 1];[1 0];['D' 'H'];['H' 'D'];0.98;0.02;0.0;0.96;0.04;0.0;;;;;;;
2026-05-03;193191322;Brazil Serie A;Brazil;16:00;Full;0.24358974358974356;2.025;2.5;1.825;2.5;14.0;10.0;;5.0;8.0;13.0;170.0;110.0;100.0;Sao Paulo;;0.0;2.0;2.0;1;2.0;2 - 2;3.4;Bahia;;0.0;3.0;3.9;0;2.0;-0.5;14 - 10;5-8;2.5;1.0;43 - 67;22 - 33;33.0;22.0;60.0;40.0;7.0;7.0;3.0;3.0;;;;;;;;105.0;65.0;67.0;43.0;62.0;38.0;12.0;10.0;8.0;8.0;;[17 62 73 97];[1 2 2 2];[False False False  True];['Sao Paulo' 'Bahia' 'Sao Paulo' 'Bahia'];[0 1 0 1];[1 0 1 0];['D' 'H' 'D' 'H'];['H' 'D' 'H' 'D'];0.29;0.71;0.0;0.38;0.62;0.0;1981.0;1955.0;sao paulo fc sp;ec bahia ba;1.9;1.8;
2026-05-03;194039068;Paraguay Tercera Division;Paraguay;16:00;Full;0.2271062271062272;1.85;2.5, 3.0;1.95;2.5, 3.0;1.0;8.0;;0.0;5.0;5.0;216.0;205.0;100.0;Club Olimpia de Ita;;0.0;1.0;1.95;0;2.0;2 - 0;3.25;Club General Martin Ledesma;;0.0;2.0;3.5;0;0.0;-0.5;1 - 8;0-5;2.75;1.25;98 - 107;56 - 56;56.0;56.0;50.0;50.0;3.0;3.0;0.0;0.0;;;;;;;;108.0;108.0;107.0;98.0;55.0;45.0;7.0;10.0;0.0;4.0;;[51 90];[2 2];[False False];['Club Olimpia de Ita' 'Club Olimpia de Ita'];[0 1];[1 2];['D' 'H'];['H' 'H'];0.57;0.43;0.0;1.0;0.0;0.0;;;;;;;
2026-05-03;193192163;Brazil Serie B;Brazil;16:00;Full;0.19444444444444442;1.85;2.0;1.95;2.0;2.0;6.0;;2.0;5.0;7.0;183.0;86.0;100.0;Sao Bernardo;4.0;0.0;2.0;2.25;1;3.0;3 - 0;2.75;Ponte Preta;16.0;0.0;3.0;4.0;0;0.0;-0.25;2 - 6;2-5;2.0;0.75;28 - 58;19 - 24;24.0;19.0;44.0;56.0;6.0;4.0;0.0;4.0;;;;;;;;102.0;81.0;58.0;28.0;52.0;48.0;11.0;5.0;0.0;6.0;;[13 52 79];[1 2 2];[False False False];['Sao Bernardo' 'Sao Bernardo' 'Sao Bernardo'];[0 1 2];[1 2 3];['D' 'H' 'H'];['H' 'H' 'H'];0.14;0.86;0.0;0.29;0.71;0.0;47504.0;1969.0;sao bernardo fc;aa ponte preta sp;2.1;2.0;Youth
2026-05-03;193987897;USA UPSL;USA;16:00;Schedule;0.009250693802035193;1.8;3.5;2.0;3.5;0.0;0.0;;0.0;0.0;0.0;0.0;0.0;;Elevate Soccer Project;;0.0;0.0;2.3;0;0.0;0 - 0;4.0;Plantation FC;;0.0;0.0;2.35;0;0.0;0.0;0 - 0;0-0;3.5;1.5;-;nan;;;;;;;;;;;;;;;;0.0;0.0;0.0;0.0;;;0.0;0.0;0.0;0.0;;[];[];[];[];[];[];[];[];1.0;0.0;0.0;1.0;0.0;0.0;;;;;;;
2026-05-03;193187367;Argentina Nacional B;Argentina;16:00;Full;0.2570178944346564;1.9;1.5, 2.0;1.9;1.5, 2.0;5.0;3.0;;4.0;2.0;6.0;132.0;119.0;100.0;Patronato Parana;;0.0;4.0;2.05;2;2.0;2 - 1;2.9;Nueva Chicago;;1.0;4.0;4.333;0;1.0;-0.5;5 - 3;4-2;1.75;0.75;61 - 58;36 - 27;27.0;36.0;40.0;60.0;1.0;6.0;3.0;3.0;;;;;;;;68.0;64.0;58.0;61.0;46.0;54.0;5.0;7.0;5.0;6.0;;[35 41 77];[1 1 2];[False False False];['Patronato Parana' 'Patronato Parana' 'Nueva Chicago'];[0 1 2];[1 2 1];['D' 'H' 'H'];['H' 'H' 'H'];0.39;0.61;0.0;0.78;0.22;0.0;43741.0;3200.0;ca patronato parana;nueva chicago;2.37;2.5;Youth
2026-05-03;192946785;Spain La Liga;Spain;16:00;Full;-0.3777089783281734;1.95;3.0;1.9;3.0;5.0;6.0;;3.0;3.0;6.0;194.0;82.0;100.0;Espanyol;11.0;0.0;3.0;4.75;0;0.0;0 - 2;3.9;Real Madrid;2.0;0.0;4.0;1.7;0;2.0;+0.75;5 - 6;3-3;3.0;1.25;42 - 40;16 - 18;18.0;16.0;67.0;33.0;7.0;6.0;1.0;0.0;;;;;;;;121.0;73.0;40.0;42.0;66.0;34.0;10.0;14.0;5.0;3.0;;[55 66];[2 2];[False False];['Real Madrid' 'Real Madrid'];[ 0 -1];[-1 -2];['D' 'A'];['A' 'A'];0.61;0.0;0.39;1.0;0.0;0.0;2814.0;2829.0;espanyol barcelona;real madrid;1.53;1.57;
2026-05-03;193918722;Venezuela Segunda Division;Venezuela;16:00;Full;0.2142857142857143;1.975;2.0;1.825;2.0;3.0;4.0;;3.0;2.0;5.0;211.0;79.0;100.0;Bolivar SC;;0.0;5.0;2.0;0;0.0;0 - 0;3.0;Aragua;;0.0;4.0;3.5;0;0.0;-0.25;3 - 4;3-2;2.0;0.75;37 - 42;17 - 18;18.0;17.0;44.0;56.0;4.0;5.0;2.0;1.0;;;;;;;;102.0;109.0;42.0;37.0;44.0;56.0;11.0;8.0;2.0;3.0;;[];[];[];[];[];[];[];[];1.0;0.0;0.0;1.0;0.0;0.0;;;;;;;
2026-05-03;194039070;Paraguay Tercera Division;Paraguay;16:00;Full;-0.20588235294117646;2.0;2.5;1.8;2.5;9.0;2.0;;1.0;0.0;1.0;185.0;131.0;100.0;29 de Septiembre FBC;;1.0;2.0;3.4;0;1.0;1 - 2;3.1;River Plate Asuncion;;1.0;3.0;2.0;0;2.0;+0.25;9 - 2;1-0;2.5;1.0;67 - 64;30 - 35;35.0;30.0;62.0;38.0;5.0;2.0;1.0;0.0;;;;;;;;93.0;92.0;64.0;67.0;50.0;50.0;9.0;3.0;7.0;4.0;;[60 80 87];[2 2 2];[False False False];['River Plate Asuncion' 'River Plate Asuncion' '29 de Septiembre FBC'];[ 0 -1 -2];[-1 -2 -1];['D' 'A' 'A'];['A' 'A' 'A'];0.67;0.0;0.33;1.0;0.0;0.0;;;;;;;
2026-05-03;193830090;USA MLS Next Pro League;USA;16:00;Full;-0.10582010582010581;2.0;3.0, 3.5;1.8;3.0, 3.5;4.0;0.0;;2.0;0.0;2.0;217.0;113.0;100.0;Philadelphia Union II;;0.0;3.0;2.7;0;1.0;1 - 2;3.7;New York Red Bulls II;;0.0;3.0;2.1;0;2.0;+0.25;4 - 0;2-0;3.25;1.25;68 - 45;29 - 19;19.0;29.0;64.0;36.0;1.0;5.0;1.0;1.0;;;;;;;;99.0;118.0;45.0;68.0;53.0;47.0;3.0;7.0;6.0;8.0;;[51 67 72];[2 2 2];[False False False];['Philadelphia Union II' 'New York Red Bulls II' 'New York Red Bulls II'];[0 1 0];[ 1  0 -1];['D' 'H' 'D'];['H' 'D' 'A'];0.62;0.18;0.2;1.0;0.0;0.0;;;;;;;Youth
2026-05-03;193067322;Argentina Liga Profesional;Argentina;16:00;Full;0.18803418803418798;1.85;1.5, 2.0;1.95;1.5, 2.0;6.0;1.0;;4.0;0.0;4.0;181.0;99.0;100.0;Racing Club;;0.0;1.0;2.25;0;0.0;0 - 0;2.75;Huracan;;0.0;2.0;3.9;0;0.0;-0.25;6 - 1;4-0;1.75;0.75;56 - 43;32 - 15;15.0;32.0;36.0;64.0;2.0;4.0;1.0;0.0;;;;;;;;83.0;98.0;43.0;56.0;37.0;63.0;4.0;8.0;1.0;1.0;;[];[];[];[];[];[];[];[];1.0;0.0;0.0;1.0;0.0;0.0;3215.0;7629.0;racing club avellaneda;ca huracan;;;
2026-05-03;193191319;Brazil Serie A;Brazil;16:00;Full;0.46262419395012877;1.925;2.5;1.925;2.5;5.0;6.0;;3.0;2.0;5.0;119.0;70.0;100.0;Flamengo;;0.0;3.0;1.571;0;2.0;2 - 2;4.0;Vasco da Gama;;0.0;3.0;5.75;0;2.0;-1.0;5 - 6;3-2;2.5;1.0;34 - 36;10 - 7;7.0;10.0;43.0;57.0;7.0;3.0;2.0;3.0;;;;;;;;73.0;46.0;36.0;34.0;52.0;48.0;14.0;6.0;6.0;6.0;;[60 84 97];[2 2 2];[False False  True];['Flamengo' 'Vasco da Gama' 'Vasco da Gama'];[0 1 0];[ 1  0 -1];['D' 'H' 'D'];['H' 'D' 'A'];0.75;0.25;0.0;1.0;0.0;0.0;5981.0;1974.0;cr flamengo rj;cr vasco da gama rj;2.0;1.95;
2026-05-03;193830080;Brazil Serie A2 Women;Brazil;16:00;Full;0.12121212121212122;1.925;2.0, 2.5;1.875;2.0, 2.5;3.0;6.0;;0.0;2.0;2.0;260.0;123.0;100.0;Minas ICESP DF (W);;0.0;2.0;2.2;0;1.0;1 - 1;3.0;Itabirito (W);;0.0;4.0;3.0;0;1.0;-0.25;3 - 6;0-2;2.25;1.0;56 - 67;24 - 31;31.0;24.0;50.0;50.0;4.0;5.0;1.0;1.0;;;;;;;;124.0;136.0;67.0;56.0;51.0;49.0;8.0;9.0;4.0;5.0;;[46 79];[2 2];[False False];['Itabirito (W)' 'Minas ICESP DF (W)'];[ 0 -1];[-1  0];['D' 'A'];['A' 'D'];0.63;0.0;0.37;1.0;0.0;0.0;;;;;;;Women
2026-05-03;193926445;Argentina Torneo A;Argentina;16:00;Full;0.42871885596343806;1.925;2.0;1.875;2.0;3.0;4.0;;2.0;2.0;4.0;237.0;107.0;100.0;Sol de America de Formosa;;0.0;1.0;1.615;1;3.0;3 - 0;3.1;Tucuman Central;;1.0;4.0;5.25;0;0.0;-0.75;3 - 4;2-2;2.0;0.75;52 - 55;26 - 23;23.0;26.0;47.0;53.0;4.0;1.0;2.0;4.0;;;;;;;;115.0;122.0;55.0;52.0;53.0;47.0;5.0;2.0;6.0;7.0;;[ 9 57 94];[1 2 2];[False False  True];"['Sol de America de Formosa' 'Sol de America de Formosa'
 'Sol de America de Formosa']";[0 1 2];[1 2 3];['D' 'H' 'H'];['H' 'H' 'H'];0.1;0.9;0.0;0.2;0.8;0.0;330655.0;1319304.0;ca sol de america de formosa;club tucuman central deportes;2.62;2.5;
2026-05-03;193880582;Argentina Torneo A;Argentina;16:00;Full;0.36601307189542487;1.95;2.0, 2.5;1.85;2.0, 2.5;7.0;4.0;;2.0;1.0;3.0;237.0;130.0;100.0;Sarmiento de Resistencia;;0.0;2.0;1.7;0;1.0;1 - 1;3.25;Boca Unidos;;0.0;4.0;4.5;0;1.0;-0.75;7 - 4;2-1;2.25;1.0;72 - 58;26 - 28;28.0;26.0;47.0;53.0;1.0;3.0;2.0;1.0;;;;;;;;113.0;124.0;58.0;72.0;45.0;55.0;7.0;7.0;3.0;6.0;;[53 80];[2 2];[False False];['Boca Unidos' 'Sarmiento de Resistencia'];[ 0 -1];[-1  0];['D' 'A'];['A' 'D'];0.7;0.0;0.3;1.0;0.0;0.0;65670.0;36835.0;ca sarmiento de resistencia;ca boca unidos corrientes;2.1;2.1;
2026-05-03;193926443;Argentina Torneo A;Argentina;16:00;Full;0.0;2.0;2.0;1.8;2.0;3.0;7.0;;1.0;2.0;3.0;265.0;137.0;100.0;Sportivo Las Parejas;;0.0;3.0;2.625;0;0.0;0 - 0;2.8;CA Douglas Haig;;0.0;4.0;2.625;0;0.0;0.0;3 - 7;1-2;2.0;0.75;75 - 62;39 - 27;27.0;39.0;63.0;37.0;0.0;2.0;0.0;2.0;;;;;;;;140.0;125.0;62.0;75.0;58.0;42.0;2.0;6.0;0.0;4.0;;[];[];[];[];[];[];[];[];1.0;0.0;0.0;1.0;0.0;0.0;348532.0;76199.0;sportivo las parejas;douglas haig;2.2;2.2;
2026-05-03;193880557;Argentina Torneo A;Argentina;16:00;Full;0.05217391304347829;1.775;1.5, 2.0;2.025;1.5, 2.0;2.0;2.0;;2.0;1.0;3.0;154.0;87.0;100.0;Club Atlético El Linqueño;;0.0;0.0;2.5;1;1.0;1 - 1;2.75;Gimnasia Y Esgrima De Chivilcoy;;0.0;1.0;2.875;0;1.0;0.0;2 - 2;2-1;1.75;0.75;45 - 42;24 - 19;19.0;24.0;37.0;63.0;1.0;3.0;1.0;3.0;;;;;;;;79.0;75.0;42.0;45.0;51.0;49.0;6.0;4.0;3.0;3.0;;[10 92];[1 2];[False  True];['Club Atlético El Linqueño' 'Gimnasia Y Esgrima De Chivilcoy'];[0 1];[1 0];['D' 'H'];['H' 'D'];0.11;0.89;0.0;0.22;0.78;0.0;354960.0;1191759.0;ca linqueno;gimnasia de chivilcoy;2.25;2.25;
2026-05-03;193926454;Argentina Torneo A;Argentina;16:00;Full;0.17940199335548174;1.85;1.5, 2.0;1.95;1.5, 2.0;2.0;4.0;;1.0;1.0;2.0;278.0;158.0;100.0;CDA Monte Maiz;;0.0;0.0;2.15;2;2.0;2 - 0;2.75;Cipolletti;;0.0;2.0;3.5;0;0.0;-0.25;2 - 4;1-1;1.75;0.75;69 - 89;39 - 38;38.0;39.0;54.0;46.0;3.0;8.0;0.0;4.0;;;;;;;;153.0;125.0;89.0;69.0;60.0;40.0;5.0;11.0;5.0;5.0;;[12 22];[1 1];[False False];['CDA Monte Maiz' 'CDA Monte Maiz'];[0 1];[1 2];['D' 'H'];['H' 'H'];0.13;0.87;0.0;0.27;0.73;0.0;854829.0;341072.0;cd argentino monte maiz;club cipolletti;2.5;2.5;
2026-05-03;193880566;Argentina Torneo A;Argentina;16:00;Full;0.8082239720034996;2.0;3.0, 3.5;1.8;3.0, 3.5;2.0;4.0;;1.0;2.0;3.0;238.0;122.0;100.0;CA 9 de Julio Rafaela;;0.0;1.0;1.143;1;4.0;4 - 1;6.5;Gimnasia C. Uruguay;;0.0;2.0;15.0;0;1.0;-2.0;2 - 4;1-2;3.25;1.25;52 - 70;30 - 31;31.0;30.0;44.0;56.0;2.0;2.0;1.0;1.0;;;;;;;;130.0;108.0;70.0;52.0;54.0;46.0;4.0;5.0;2.0;4.0;;[33 48 70 87 91];[1 2 2 2 2];[False False False False  True];"['CA 9 de Julio Rafaela' 'CA 9 de Julio Rafaela' 'CA 9 de Julio Rafaela'
 'Gimnasia C. Uruguay' 'CA 9 de Julio Rafaela']";[0 1 2 3 2];[1 2 3 2 3];['D' 'H' 'H' 'H' 'H'];['H' 'H' 'H' 'H' 'H'];0.36;0.64;0.0;0.73;0.27;0.0;331181.0;;ca 9 de julio rafaela;;2.5;2.1;
2026-05-03;193067327;Argentina Liga Profesional;Argentina;16:00;Full;0.05837173579109062;1.75;1.5, 2.0;2.05;1.5, 2.0;3.0;11.0;;2.0;3.0;5.0;154.0;132.0;100.0;Rosario Central;;0.0;2.0;2.625;1;1.0;1 - 1;2.8;Tigre;;1.0;2.0;3.1;0;1.0;0.0;3 - 11;2-3;1.75;0.75;52 - 80;22 - 31;31.0;22.0;42.0;58.0;4.0;4.0;1.0;2.0;;;;;;;;87.0;67.0;80.0;52.0;56.0;44.0;13.0;10.0;4.0;5.0;;[38 81];[1 2];[False False];['Rosario Central' 'Tigre'];[0 1];[1 0];['D' 'H'];['H' 'D'];0.52;0.48;0.0;0.84;0.16;0.0;3217.0;7628.0;ca rosario central;ca tigre;;;
2026-05-03;193830318;Brazil Serie D;Brazil;16:00;Full;0.3016512980187085;1.975;2.0, 2.5;1.825;2.0, 2.5;11.0;5.0;;4.0;3.0;7.0;241.0;173.0;100.0;Brasiliense;;0.0;0.0;1.833;0;1.0;1 - 1;3.1;Aparecidense;;0.0;2.0;4.1;1;1.0;-0.5;11 - 5;4-3;2.25;1.0;110 - 63;39 - 39;39.0;39.0;47.0;53.0;5.0;7.0;1.0;3.0;;;;;;;;96.0;145.0;63.0;110.0;40.0;60.0;7.0;17.0;1.0;8.0;;[ 8 99];[1 2];[False  True];['Aparecidense' 'Brasiliense'];[ 0 -1];[-1  0];['D' 'A'];['A' 'D'];0.08;0.0;0.92;0.18;0.0;0.82;2024.0;32794.0;brasiliense fc df;aa aparecidense go;2.0;2.1;
2026-05-03;193914365;USA NWSL Women;USA;16:00;Full;0.12028869286287086;2.0;2.5;1.8;2.5;4.0;1.0;;1.0;1.0;2.0;144.0;120.0;100.0;Boston Legacy FC (W);;0.0;1.0;2.15;1;3.0;3 - 2;3.25;Denver Summit FC (W);;0.0;1.0;2.9;1;2.0;-0.25;4 - 1;1-1;2.5;1.0;66 - 54;37 - 25;25.0;37.0;41.0;59.0;3.0;6.0;1.0;5.0;;;;;;;;59.0;85.0;54.0;66.0;40.0;60.0;6.0;7.0;3.0;7.0;;[18 44 77 90 94];[1 1 2 2 2];[False False False False  True];"['Denver Summit FC (W)' 'Boston Legacy FC (W)' 'Denver Summit FC (W)'
 'Boston Legacy FC (W)' 'Boston Legacy FC (W)']";[ 0 -1  0 -1  0];[-1  0 -1  0  1];['D' 'A' 'D' 'A' 'D'];['A' 'D' 'A' 'D' 'H'];0.59;0.0;0.41;0.42;0.0;0.58;1319036.0;1319038.0;boston legacy fc;denver summit fc;1.83;1.83;Women
2026-05-03;193830162;Brazil Serie D;Brazil;16:00;Full;0.05217391304347829;1.85;2.0;1.95;2.0;6.0;7.0;;2.0;5.0;7.0;168.0;113.0;100.0;Nova Iguacu;;0.0;2.0;2.5;0;0.0;0 - 0;2.8;Velo Clube;;1.0;2.0;2.875;0;0.0;0.0;6 - 7;2-5;2.0;0.75;71 - 42;27 - 28;28.0;27.0;50.0;50.0;5.0;2.0;1.0;3.0;;;;;;;;83.0;85.0;42.0;71.0;50.0;50.0;6.0;9.0;1.0;5.0;;[];[];[];[];[];[];[];[];1.0;0.0;0.0;1.0;0.0;0.0;6981.0;88736.0;nova iguacu rj;ae velo clube sp;2.1;2.1;
2026-05-03;193883718;Brazil Campeonato Cearense B;Brazil;16:00;Full;-0.47049753899068975;1.825;2.0, 2.5;1.975;2.0, 2.5;1.0;7.0;;1.0;3.0;4.0;106.0;125.0;;Barbalha;;0.0;4.0;5.5;1;1.0;1 - 0;3.6;Icasa;;0.0;2.0;1.533;0;0.0;+1.0;1 - 7;1-3;2.25;1.0;31 - 94;17 - 42;42.0;17.0;;;1.0;0.0;3.0;1.0;;;;;;;;55.0;51.0;94.0;31.0;;;5.0;0.0;5.0;1.0;;[25];[1];[False];['Barbalha'];[0];[1];['D'];['H'];0.28;0.72;0.0;0.56;0.44;0.0;;;;;;;Youth
2026-05-03;192946439;Spain Segunda;Spain;16:00;Full;0.3174603174603175;1.8;2.0, 2.5;2.0;2.0, 2.5;3.0;7.0;;2.0;2.0;4.0;186.0;71.0;100.0;Las Palmas;5.0;0.0;1.0;1.8;1;2.0;2 - 1;3.8;Valladolid;18.0;0.0;2.0;4.2;0;1.0;-0.5;3 - 7;2-2;2.25;1.0;46 - 25;27 - 8;8.0;27.0;37.0;63.0;0.0;4.0;0.0;2.0;;;;;;;;54.0;132.0;25.0;46.0;43.0;57.0;6.0;9.0;3.0;4.0;;[ 2 56 80];[1 2 2];[False False False];['Las Palmas' 'Las Palmas' 'Valladolid'];[0 1 2];[1 2 1];['D' 'H' 'H'];['H' 'H' 'H'];0.02;0.98;0.0;0.04;0.96;0.0;6577.0;2831.0;ud las palmas;real valladolid;1.83;1.9;
2026-05-03;193830279;Brazil Serie D;Brazil;16:00;Full;0.4431818181818182;1.975;2.0, 2.5;1.825;2.0, 2.5;14.0;5.0;;7.0;3.0;10.0;169.0;121.0;100.0;America RN;;0.0;1.0;1.6;0;0.0;0 - 0;3.3;Maguary;;0.0;2.0;5.5;0;0.0;-0.75;14 - 5;7-3;2.25;1.0;79 - 42;40 - 20;20.0;40.0;39.0;61.0;1.0;8.0;2.0;5.0;;;;;;;;68.0;101.0;42.0;79.0;38.0;62.0;3.0;17.0;5.0;5.0;;[];[];[];[];[];[];[];[];1.0;0.0;0.0;1.0;0.0;0.0;2023.0;925353.0;america fc rn;maguary pe;2.25;2.2;
2026-05-03;193776944;Bolivia Primera Division;Bolivia;16:00;Full;-0.3969728242174063;1.975;3.5;1.825;3.5;2.0;7.0;;1.0;1.0;2.0;214.0;93.0;100.0;GV San Jose;;0.0;3.0;4.5;1;1.0;1 - 2;4.5;Bolivar;;0.0;3.0;1.615;0;2.0;+1.0;2 - 7;1-1;3.5;1.5;37 - 56;26 - 22;22.0;26.0;58.0;42.0;4.0;10.0;1.0;2.0;;;;;;;;144.0;70.0;56.0;37.0;64.0;36.0;12.0;15.0;8.0;2.0;;[50 73 98];[1 2 2];[ True False  True];['GV San Jose' 'Bolivar' 'Bolivar'];[0 1 0];[ 1  0 -1];['D' 'H' 'D'];['H' 'D' 'A'];0.77;0.23;0.0;1.0;0.0;0.0;1015661.0;7059.0;gv club deportivo san jose de oruro;club bolivar;1.44;1.44;
2026-05-03;193830284;Brazil Serie D;Brazil;16:00;Full;-0.04285714285714287;1.85;2.0;1.95;2.0;8.0;3.0;;7.0;1.0;8.0;158.0;77.0;100.0;CRAC;;0.0;3.0;2.8;1;1.0;1 - 0;2.75;Betim;;0.0;0.0;2.5;0;0.0;0.0;8 - 3;7-1;2.0;0.75;37 - 40;20 - 14;14.0;20.0;33.0;67.0;5.0;5.0;0.0;3.0;;;;;;;;80.0;78.0;40.0;37.0;46.0;54.0;11.0;8.0;1.0;4.0;;[5];[1];[False];['CRAC'];[0];[1];['D'];['H'];0.06;0.94;0.0;0.11;0.89;0.0;21893.0;673709.0;cra catalano go;betim futebol mg;2.0;2.1;
2026-05-03;193830190;Brazil Serie D;Brazil;16:00;Full;0.6762904636920384;1.8;2.5;2.0;2.5;4.0;0.0;;2.0;0.0;2.0;179.0;91.0;100.0;Sousa;;1.0;5.0;1.27;0;1.0;1 - 0;4.75;Laguna RN;;1.0;1.0;9.0;0;0.0;-1.5;4 - 0;2-0;2.5;1.0;58 - 33;27 - 14;14.0;27.0;41.0;59.0;5.0;6.0;2.0;3.0;;;;;;;;76.0;103.0;33.0;58.0;46.0;54.0;10.0;11.0;5.0;8.0;;[54];[2];[False];['Sousa'];[0];[1];['D'];['H'];0.6;0.4;0.0;1.0;0.0;0.0;21864.0;951925.0;sousa ec pb;club laguna saf;2.25;2.62;
2026-05-03;193187045;Argentina Nacional B;Argentina;16:00;Full;-0.05787037037037035;1.8;1.5;2.0;1.5;1.0;4.0;;0.0;2.0;2.0;214.0;113.0;100.0;Club Ciudad de Bolivar;;0.0;5.0;3.2;1;2.0;2 - 4;2.625;Ferro Carril Oeste;;0.0;2.0;2.7;1;4.0;0.0;1 - 4;0-2;1.5;0.5;50 - 63;18 - 26;26.0;18.0;41.0;59.0;0.0;0.0;1.0;1.0;;;;;;;;115.0;99.0;63.0;50.0;51.0;49.0;1.0;1.0;4.0;2.0;;[18 38 50 61 81 88];[1 1 2 2 2 2];[False False False False False False];"['Ferro Carril Oeste' 'Club Ciudad de Bolivar' 'Ferro Carril Oeste'
 'Club Ciudad de Bolivar' 'Ferro Carril Oeste' 'Ferro Carril Oeste']";[ 0 -1  0 -1  0 -1];[-1  0 -1  0 -1 -2];['D' 'A' 'D' 'A' 'D' 'A'];['A' 'D' 'A' 'D' 'A' 'A'];0.56;0.0;0.44;0.56;0.0;0.44;672813.0;36841.0;club ciudad de bolivar;ferro carril oeste;2.62;2.62;Youth
2026-05-03;193830277;Brazil Serie D;Brazil;16:00;Full;-0.3685124798098315;1.775;2.0;2.025;2.0;2.0;7.0;;1.0;1.0;2.0;99.0;60.0;100.0;Atletico Alagoinhas;;0.0;5.0;4.75;0;2.0;2 - 1;3.1;ASA;;0.0;3.0;1.727;0;1.0;+0.5;2 - 7;1-1;2.0;0.75;27 - 33;13 - 15;15.0;13.0;43.0;57.0;8.0;0.0;1.0;0.0;;;;;;;;48.0;51.0;33.0;27.0;47.0;53.0;13.0;4.0;4.0;4.0;;[52 75 77];[2 2 2];[False False False];['ASA' 'Atletico Alagoinhas' 'Atletico Alagoinhas'];[ 0 -1  0];[-1  0  1];['D' 'A' 'D'];['A' 'D' 'H'];0.6;0.14;0.26;1.0;0.0;0.0;525349.0;2019.0;alagoinhas ac ba;as arapiraquense al;2.25;2.2;
2026-05-03;193918762;Venezuela Segunda Division;Venezuela;16:30;Full;0.0;1.825;2.5;1.975;2.5;10.0;7.0;;6.0;4.0;10.0;147.0;74.0;100.0;Atletico Barinas;;0.0;2.0;2.5;1;2.0;2 - 1;3.2;Academia Puerto Cabello II;;0.0;4.0;2.5;1;1.0;0.0;10 - 7;6-4;2.5;1.0;36 - 38;18 - 23;23.0;18.0;43.0;57.0;1.0;2.0;1.0;3.0;;;;;;;;74.0;73.0;38.0;36.0;48.0;52.0;2.0;6.0;1.0;4.0;;[17 34 76];[1 1 2];[False False False];['Atletico Barinas' 'Academia Puerto Cabello II' 'Atletico Barinas'];[0 1 0];[1 0 1];['D' 'H' 'D'];['H' 'D' 'H'];0.66;0.34;0.0;0.62;0.38;0.0;;266595.0;;academia puerto cabello;;;Youth
2026-05-03;192943812;Portugal Primeira Liga;Portugal;16:30;Full;-0.32476857194143144;1.925;2.5;1.925;2.5;9.0;7.0;;6.0;3.0;9.0;177.0;116.0;100.0;Rio Ave;12.0;0.0;1.0;4.333;0;0.0;0 - 0;3.6;Gil Vicente;6.0;0.0;2.0;1.8;0;0.0;+0.75;9 - 7;6-3;2.5;1.0;48 - 68;29 - 24;24.0;29.0;52.0;48.0;6.0;11.0;2.0;0.0;;;;;;;;86.0;91.0;68.0;48.0;56.0;44.0;12.0;18.0;2.0;1.0;;[];[];[];[];[];[];[];[];1.0;0.0;0.0;1.0;0.0;0.0;3036.0;3010.0;rio ave fc;gil vicente barcelos;1.8;1.8;
2026-05-03;193980634;Paraguay Reserve League;Paraguay;16:30;Full;-0.5037593984962406;2.0;4.0, 4.5;1.8;4.0, 4.5;1.0;9.0;;0.0;1.0;1.0;256.0;124.0;100.0;Rubio Nu Reserves;;0.0;1.0;4.75;4;5.0;5 - 4;5.5;Sportivo Luqueno Reserves;;0.0;0.0;1.4;2;4.0;+1.5;1 - 9;0-1;4.25;1.5;49 - 75;29 - 31;31.0;29.0;57.0;43.0;3.0;5.0;3.0;4.0;;;;;;;;146.0;110.0;75.0;49.0;60.0;40.0;11.0;7.0;7.0;6.0;;[20 28 41 42 43 45 54 62 86];[1 1 1 1 1 1 2 2 2];[False False False False False False False False False];"['Rubio Nu Reserves' 'Rubio Nu Reserves' 'Sportivo Luqueno Reserves'
 'Rubio Nu Reserves' 'Rubio Nu Reserves' 'Sportivo Luqueno Reserves'
 'Sportivo Luqueno Reserves' 'Sportivo Luqueno Reserves'
 'Rubio Nu Reserves']";[0 1 2 1 2 3 2 1 0];[1 2 1 2 3 2 1 0 1];['D' 'H' 'H' 'H' 'H' 'H' 'H' 'H' 'D'];['H' 'H' 'H' 'H' 'H' 'H' 'H' 'D' 'H'];0.49;0.51;0.0;0.44;0.56;0.0;;;;;;;Youth
2026-05-03;193187228;Argentina Nacional B;Argentina;16:30;Full;0.21645021645021645;2.0;1.5, 2.0;1.8;1.5, 2.0;3.0;3.0;;3.0;0.0;3.0;263.0;142.0;100.0;Godoy Cruz;;0.0;5.0;2.2;2;2.0;2 - 2;2.75;CD Moron;;0.0;4.0;4.2;1;2.0;-0.5;3 - 3;3-0;1.75;0.75;74 - 68;33 - 30;30.0;33.0;51.0;49.0;2.0;3.0;3.0;2.0;;;;;;;;129.0;134.0;68.0;74.0;51.0;49.0;5.0;5.0;5.0;3.0;;[10 37 39 46];[1 1 1 2];[False False False False];['Godoy Cruz' 'CD Moron' 'Godoy Cruz' 'CD Moron'];[0 1 0 1];[1 0 1 0];['D' 'H' 'D' 'H'];['H' 'D' 'H' 'D'];0.62;0.38;0.0;0.27;0.73;0.0;6074.0;93109.0;cd godoy cruz;deportivo moron;2.5;2.62;Youth
2026-05-03;193187319;Argentina Nacional B;Argentina;16:30;Full;0.39751552795031053;1.775;1.5, 2.0;2.025;1.5, 2.0;5.0;3.0;;1.0;1.0;2.0;353.0;216.0;100.0;Ferrocarril Midland;;0.0;0.0;1.75;1;2.0;2 - 1;3.0;CA Guemes;;0.0;3.0;5.75;0;1.0;-0.75;5 - 3;1-1;1.75;0.75;116 - 100;48 - 55;55.0;48.0;62.0;38.0;0.0;2.0;0.0;4.0;;;;;;;;167.0;186.0;100.0;116.0;61.0;39.0;5.0;6.0;2.0;7.0;;[33 52 80];[1 2 2];[False False False];['Ferrocarril Midland' 'CA Guemes' 'Ferrocarril Midland'];[0 1 0];[1 0 1];['D' 'H' 'D'];['H' 'D' 'H'];0.68;0.32;0.0;0.73;0.27;0.0;388194.0;266889.0;ca ferrocarril midland;ca guemes;2.62;2.5;Youth
2026-05-03;193881636;Chile Segunda;Chile;16:30;Full;0.5604395604395604;1.9;2.5;1.9;2.5;3.0;5.0;;1.0;5.0;6.0;256.0;127.0;100.0;Santiago Morning;;0.0;2.0;1.4;1;1.0;1 - 0;3.8;Deportes Rengo;;0.0;4.0;6.5;0;0.0;-1.25;3 - 5;1-5;2.5;1.0;73 - 54;29 - 29;29.0;29.0;55.0;45.0;3.0;4.0;2.0;1.0;;;;;;;;117.0;139.0;54.0;73.0;49.0;51.0;6.0;8.0;2.0;2.0;;[4];[1];[False];['Santiago Morning'];[0];[1];['D'];['H'];0.04;0.96;0.0;0.09;0.91;0.0;;;;;;;
2026-05-03;193918767;Venezuela Segunda Division;Venezuela;16:30;Full;0.15360983102918585;1.925;2.5;1.875;2.5;6.0;5.0;;3.0;1.0;4.0;187.0;124.0;100.0;Atletico El Vigia;;0.0;3.0;2.1;0;0.0;0 - 1;3.2;Real Frontera;;0.0;3.0;3.1;0;1.0;-0.25;6 - 5;3-1;2.5;1.0;86 - 38;48 - 14;14.0;48.0;45.0;55.0;3.0;4.0;1.0;3.0;;;;;;;;84.0;103.0;38.0;86.0;44.0;56.0;4.0;6.0;2.0;3.0;;[95];[2];[ True];['Real Frontera'];[0];[-1];['D'];['A'];1.0;0.0;0.0;1.0;0.0;0.0;;;;;;;
2026-05-03;193926450;Argentina Torneo A;Argentina;16:30;Full;0.42871885596343806;1.85;2.0;1.95;2.0;7.0;2.0;;4.0;1.0;5.0;231.0;157.0;100.0;CA Sarmiento de la Banda;;0.0;3.0;1.615;0;1.0;1 - 2;3.2;Defensores Puerto Vilelas;;0.0;1.0;5.25;1;2.0;-0.75;7 - 2;4-1;2.0;0.75;102 - 55;43 - 25;25.0;43.0;45.0;55.0;0.0;1.0;1.0;0.0;;;;;;;;99.0;132.0;55.0;102.0;43.0;57.0;0.0;2.0;2.0;1.0;;[27 47 63];[1 2 2];[False False False];"['Defensores Puerto Vilelas' 'CA Sarmiento de la Banda'
 'Defensores Puerto Vilelas']";[ 0 -1  0];[-1  0 -1];['D' 'A' 'D'];['A' 'D' 'A'];0.48;0.0;0.52;0.6;0.0;0.4;593568.0;790236.0;ca sarmiento de la banda;ca defensores de vilelas;2.62;2.5;
2026-05-03;193918754;Venezuela Segunda Division;Venezuela;16:30;Full;0.3382352941176471;1.85;2.5;1.95;2.5;5.0;3.0;;3.0;3.0;6.0;194.0;114.0;100.0;Urena SC;;0.0;2.0;1.7;0;0.0;0 - 2;3.7;Zamora II;;0.0;2.0;4.0;1;2.0;-0.75;5 - 3;3-3;2.5;1.0;76 - 38;31 - 16;16.0;31.0;44.0;56.0;1.0;3.0;1.0;0.0;;;;;;;;94.0;100.0;38.0;76.0;40.0;60.0;6.0;12.0;2.0;4.0;;[37 60];[1 2];[False False];['Zamora II' 'Zamora II'];[ 0 -1];[-1 -2];['D' 'A'];['A' 'A'];0.41;0.0;0.59;0.82;0.0;0.18;;;;;;;Youth
2026-05-03;193932045;Colombia Liga Femenina;Colombia;17:00;Full;0.16369047619047616;1.75;2.0;2.05;2.0;4.0;1.0;;2.0;1.0;3.0;196.0;116.0;;Orsomarso (W);;0.0;1.0;2.1;0;0.0;0 - 0;3.1;Internacional FC de Palmira (W);;0.0;3.0;3.2;0;0.0;-0.25;4 - 1;2-1;2.0;0.75;56 - 60;28 - 32;32.0;28.0;;;1.0;2.0;2.0;0.0;;;;;;;;109.0;87.0;60.0;56.0;;;4.0;6.0;2.0;0.0;;[];[];[];[];[];[];[];[];1.0;0.0;0.0;1.0;0.0;0.0;;;;;;;Women
2026-05-03;193830263;Brazil Serie C;Brazil;17:00;Full;0.25641025641025644;1.8;2.0;2.0;2.0;8.0;5.0;;1.0;3.0;4.0;239.0;151.0;100.0;Volta Redonda;;0.0;2.0;1.95;0;1.0;1 - 1;2.875;Brusque;;0.0;3.0;3.9;1;1.0;-0.5;8 - 5;1-3;2.0;0.75;105 - 46;45 - 28;28.0;45.0;50.0;50.0;3.0;8.0;3.0;4.0;;;;;;;;105.0;134.0;46.0;105.0;50.0;50.0;5.0;15.0;4.0;7.0;;[12 81];[1 2];[False False];['Brusque' 'Volta Redonda'];[ 0 -1];[-1  0];['D' 'A'];['A' 'D'];0.23;0.0;0.77;0.27;0.0;0.73;6982.0;21884.0;volta redonda fc rj;brusque fc sc;2.1;2.1;
2026-05-03;193830290;Brazil Serie D;Brazil;17:00;Full;-0.033375052148518936;1.9;2.5;1.9;2.5;6.0;4.0;;5.0;1.0;6.0;148.0;85.0;100.0;Operario VG;;0.0;2.0;2.55;0;0.0;0 - 1;3.25;Ceilandia;;0.0;8.0;2.35;0;1.0;0.0;6 - 4;5-1;2.5;1.0;51 - 34;22 - 14;14.0;22.0;48.0;52.0;2.0;5.0;0.0;2.0;;;;;;;;75.0;73.0;34.0;51.0;50.0;50.0;5.0;14.0;1.0;6.0;;[96];[2];[ True];['Ceilandia'];[0];[-1];['D'];['A'];1.0;0.0;0.0;1.0;0.0;0.0;35276.0;35279.0;ce operario varzea-grandense mt;ceilandia ec df;2.1;1.66;
2026-05-03;193881642;Chile Segunda;Chile;17:00;Full;-0.22971682124919107;1.9;2.5;1.9;2.5;4.0;6.0;;2.0;2.0;4.0;119.0;59.0;100.0;General Velásquez;7.0;1.0;5.0;3.4;0;0.0;0 - 1;3.4;Provincial Osorno;4.0;0.0;3.0;1.909;1;1.0;+0.5;4 - 6;2-2;2.5;1.0;27 - 32;12 - 17;17.0;12.0;49.0;51.0;1.0;2.0;2.0;0.0;;;;;;;;56.0;63.0;32.0;27.0;48.0;52.0;3.0;5.0;3.0;0.0;;[2];[1];[False];['Provincial Osorno'];[0];[-1];['D'];['A'];0.02;0.0;0.98;0.04;0.0;0.96;;;;;;;
2026-05-03;193932033;Colombia Liga Femenina;Colombia;17:00;Full;0.06033717834960067;1.825;2.0;1.975;2.0;6.0;4.0;;3.0;1.0;4.0;192.0;135.0;100.0;America de Cali (W);;0.0;3.0;2.45;0;0.0;0 - 1;2.75;Deportivo Cali (W);;0.0;3.0;2.875;0;1.0;-0.25;6 - 4;3-1;2.0;0.75;77 - 58;44 - 30;30.0;44.0;50.0;50.0;2.0;2.0;1.0;1.0;;;;;;;;80.0;112.0;58.0;77.0;50.0;50.0;2.0;4.0;3.0;1.0;;[94];[2];[ True];['Deportivo Cali (W)'];[0];[-1];['D'];['A'];1.0;0.0;0.0;1.0;0.0;0.0;6102.0;6112.0;america de cali;deportivo cali;;;Women
2026-05-03;193830251;Brazil Serie C;Brazil;17:00;Full;0.17316017316017313;1.925;2.0;1.875;2.0;8.0;5.0;;4.0;2.0;6.0;230.0;98.0;100.0;Ferroviaria;;0.0;2.0;2.1;0;1.0;1 - 0;2.9;Anapolis;;0.0;3.0;3.3;0;0.0;-0.25;8 - 5;4-2;2.0;0.75;57 - 41;26 - 17;17.0;26.0;39.0;61.0;3.0;7.0;0.0;2.0;;;;;;;;108.0;122.0;41.0;57.0;44.0;56.0;5.0;12.0;1.0;5.0;;[73];[2];[False];['Ferroviaria'];[0];[1];['D'];['H'];0.81;0.19;0.0;1.0;0.0;0.0;35285.0;21872.0;ferroviaria araraquara sp;anapolis fc go;2.2;2.2;
2026-05-03;193830169;Brazil Serie D;Brazil;17:00;Full;0.2350427350427351;1.9;2.0, 2.5;1.9;2.0, 2.5;3.0;7.0;;2.0;2.0;4.0;171.0;72.0;100.0;EC Primavera MT;;0.0;4.0;1.95;0;2.0;2 - 0;3.0;Inhumas;;0.0;4.0;3.6;0;0.0;-0.5;3 - 7;2-2;2.25;1.0;27 - 45;11 - 17;17.0;11.0;49.0;51.0;4.0;2.0;1.0;2.0;;;;;;;;94.0;77.0;45.0;27.0;52.0;48.0;11.0;6.0;2.0;5.0;;[46 52];[2 2];[False False];['EC Primavera MT' 'EC Primavera MT'];[0 1];[1 2];['D' 'H'];['H' 'H'];0.51;0.49;0.0;1.0;0.0;0.0;689755.0;511102.0;primavera ac mt;inhumas ec go;1.9;1.9;Youth
2026-05-03;193830158;Brazil Serie D;Brazil;17:00;Full;0.5238095238095237;1.975;2.0, 2.5;1.825;2.0, 2.5;11.0;2.0;;3.0;2.0;5.0;150.0;114.0;100.0;Nacional AM;;1.0;1.0;1.5;0;0.0;0 - 0;3.3;Sao Raimundo RR;;0.0;1.0;7.0;0;0.0;-1.0;11 - 2;3-2;2.25;1.0;90 - 24;31 - 18;18.0;31.0;38.0;62.0;4.0;7.0;1.0;0.0;;;;;;;;53.0;97.0;24.0;90.0;31.0;69.0;5.0;15.0;1.0;4.0;;[];[];[];[];[];[];[];[];1.0;0.0;0.0;1.0;0.0;0.0;21859.0;90278.0;nacional fc am;sao raimundo ec rr;2.2;2.37;
2026-05-03;193830186;Brazil Serie D;Brazil;17:00;Full;0.28573923021277653;1.975;2.0;1.825;2.0;9.0;1.0;;4.0;1.0;5.0;183.0;75.0;100.0;Sampaio Correa;;0.0;0.0;1.909;0;0.0;0 - 0;2.9;Maracanã;;0.0;2.0;4.2;0;0.0;-0.5;9 - 1;4-1;2.0;0.75;57 - 18;42 - 2;2.0;42.0;50.0;50.0;1.0;5.0;0.0;1.0;;;;;;;;61.0;122.0;18.0;57.0;50.0;50.0;2.0;9.0;0.0;1.0;;[];[];[];[];[];[];[];[];1.0;0.0;0.0;1.0;0.0;0.0;2005.0;87156.0;sampaio correa fc ma;maracana ec ce;2.2;2.25;
2026-05-03;193830111;Brazil Serie C;Brazil;17:00;Full;0.284130284130284;1.95;2.0;1.85;2.0;1.0;1.0;;1.0;0.0;1.0;273.0;167.0;100.0;Amazonas;;0.0;5.0;1.85;0;1.0;1 - 1;3.0;Caxias;;0.0;5.0;3.9;0;1.0;-0.5;1 - 1;1-0;2.0;0.75;94 - 73;54 - 30;30.0;54.0;50.0;50.0;1.0;6.0;3.0;1.0;;;;;;;;125.0;148.0;73.0;94.0;50.0;50.0;5.0;10.0;6.0;2.0;;[66 94];[2 2];[False  True];['Amazonas' 'Caxias'];[0 1];[1 0];['D' 'H'];['H' 'D'];0.7;0.3;0.0;1.0;0.0;0.0;663997.0;2000.0;amazonas fc am;ser caxias do sul;2.5;2.37;
2026-05-03;193918741;Venezuela Segunda Division;Venezuela;17:00;Full;0.3955342902711324;1.95;2.0, 2.5;1.85;2.0, 2.5;3.0;4.0;;0.0;3.0;3.0;200.0;102.0;100.0;Deportivo Miranda FC;;0.0;3.0;1.65;0;1.0;1 - 0;3.3;Atletico Avila;;1.0;4.0;4.75;0;0.0;-0.75;3 - 4;0-3;2.25;1.0;53 - 49;22 - 21;21.0;22.0;36.0;64.0;1.0;2.0;0.0;2.0;;;;;;;;85.0;115.0;49.0;53.0;40.0;60.0;2.0;3.0;1.0;4.0;;[83];[2];[False];['Deportivo Miranda FC'];[0];[1];['D'];['H'];0.92;0.08;0.0;1.0;0.0;0.0;;;;;;;
2026-05-03;193918748;Venezuela Segunda Division;Venezuela;17:00;Full;0.20588235294117646;1.925;2.0, 2.5;1.875;2.0, 2.5;2.0;2.0;;1.0;1.0;2.0;123.0;120.0;100.0;Dynamo Puerto FC;;0.0;2.0;2.0;0;0.0;0 - 0;3.2;Mineros de Guayana;;0.0;4.0;3.4;0;0.0;-0.25;2 - 2;1-1;2.25;1.0;65 - 55;29 - 24;24.0;29.0;47.0;53.0;3.0;2.0;2.0;0.0;;;;;;;;58.0;65.0;55.0;65.0;45.0;55.0;4.0;6.0;2.0;1.0;;[];[];[];[];[];[];[];[];1.0;0.0;0.0;1.0;0.0;0.0;;;;;;;
2026-05-03;193881646;Chile Tercera;Chile;17:00;Full;0.26777595926532094;1.9;2.5, 3.0;1.9;2.5, 3.0;3.0;9.0;;0.0;5.0;5.0;204.0;98.0;100.0;Malleco Unido;;1.0;3.0;1.833;1;1.0;1 - 0;3.5;Comunal Cabrero;;0.0;4.0;3.6;0;0.0;-0.5;3 - 9;0-5;2.75;1.25;31 - 67;12 - 29;29.0;12.0;52.0;48.0;4.0;2.0;2.0;1.0;;;;;;;;108.0;96.0;67.0;31.0;58.0;42.0;10.0;8.0;4.0;1.0;;[3];[1];[False];['Malleco Unido'];[0];[1];['D'];['H'];0.03;0.97;0.0;0.07;0.93;0.0;;;;;;;
2026-05-03;193933147;Dominican Republic Liga;Dominican Republic;17:00;Full;0.08070432868672045;1.95;2.0, 2.5;1.85;2.0, 2.5;1.0;9.0;;1.0;5.0;6.0;0.0;0.0;;Salcedo FC;;0.0;5.0;2.35;1;1.0;1 - 0;2.9;Delfines Del Este;;0.0;4.0;2.9;0;0.0;-0.25;1 - 9;1-5;2.25;1.0;-;-;0.0;0.0;;;0.0;0.0;0.0;1.0;;;;;;;;0.0;0.0;0.0;0.0;;;0.0;0.0;0.0;1.0;;[17];[1];[False];['Salcedo FC'];[0];[1];['D'];['H'];0.19;0.81;0.0;0.38;0.62;0.0;;;;;;;
2026-05-03;193945082;Morocco GNF 1;Morocco;17:00;Full;-0.3777089783281734;1.95;2.0, 2.5;1.85;2.0, 2.5;3.0;4.0;;2.0;0.0;2.0;188.0;97.0;100.0;IRT Tanger;;0.0;3.0;4.75;0;0.0;0 - 0;3.1;FAR Rabat;;0.0;2.0;1.7;0;0.0;+0.75;3 - 4;2-0;2.25;1.0;42 - 55;22 - 17;17.0;22.0;56.0;44.0;0.0;5.0;0.0;1.0;;;;;;;;99.0;89.0;55.0;42.0;62.0;38.0;3.0;7.0;1.0;1.0;;[];[];[];[];[];[];[];[];1.0;0.0;0.0;1.0;0.0;0.0;87180.0;24394.0;ittihad tanger;as far rabat;2.2;2.0;
2026-05-03;193187457;Argentina Nacional B;Argentina;17:00;Full;0.17940199335548174;1.825;1.5, 2.0;1.975;1.5, 2.0;10.0;3.0;;6.0;0.0;6.0;171.0;75.0;100.0;Racing de Cordoba;;1.0;2.0;2.15;1;2.0;2 - 2;2.8;Deportivo Madryn;;1.0;3.0;3.5;1;2.0;-0.25;10 - 3;6-0;1.75;0.75;50 - 25;27 - 10;10.0;27.0;50.0;50.0;2.0;6.0;1.0;2.0;;;;;;;;80.0;91.0;25.0;50.0;50.0;50.0;6.0;8.0;3.0;5.0;;[22 27 78 88];[1 1 2 2];[False False False False];"['Deportivo Madryn' 'Racing de Cordoba' 'Deportivo Madryn'
 'Racing de Cordoba']";[ 0 -1  0 -1];[-1  0 -1  0];['D' 'A' 'D' 'A'];['A' 'D' 'A' 'D'];0.83;0.0;0.17;0.89;0.0;0.11;399415.0;258463.0;ca racing de cordoba;deportivo madryn;2.62;2.37;Youth
2026-05-03;193880577;Argentina Torneo A;Argentina;17:00;Full;0.3147667534289746;2.025;2.0;1.775;2.0;7.0;2.0;;4.0;1.0;5.0;182.0;89.0;100.0;Juventud Antoniana;;1.0;1.0;1.833;0;0.0;0 - 3;2.875;San Martin Formosa;;0.0;4.0;4.333;1;3.0;-0.5;7 - 2;4-1;2.0;0.75;49 - 40;25 - 19;19.0;25.0;43.0;57.0;2.0;3.0;1.0;3.0;;;;;;;;83.0;99.0;40.0;49.0;40.0;60.0;4.0;5.0;7.0;4.0;;[22 81 96];[1 2 2];[False False  True];['San Martin Formosa' 'San Martin Formosa' 'San Martin Formosa'];[ 0 -1 -2];[-1 -2 -3];['D' 'A' 'A'];['A' 'A' 'A'];0.23;0.0;0.77;0.49;0.0;0.51;93519.0;269301.0;juventud antoniana;sportivo general san martin formosa;2.5;2.5;
2026-05-03;193830152;Brazil Serie D;Brazil;17:00;Full;0.34064158781444726;1.95;2.0, 2.5;1.85;2.0, 2.5;4.0;2.0;;3.0;1.0;4.0;211.0;112.0;100.0;Ferroviario;;0.0;3.0;1.75;1;2.0;2 - 1;3.2;Piaui;;0.0;3.0;4.333;1;1.0;-0.75;4 - 2;3-1;2.25;1.0;78 - 34;44 - 20;20.0;44.0;46.0;54.0;1.0;9.0;2.0;3.0;;;;;;;;93.0;118.0;34.0;78.0;46.0;54.0;3.0;14.0;3.0;4.0;;[30 44 79];[1 1 2];[False False False];['Ferroviario' 'Piaui' 'Ferroviario'];[0 1 0];[1 0 1];['D' 'H' 'D'];['H' 'D' 'H'];0.72;0.28;0.0;0.69;0.31;0.0;32672.0;189920.0;ferroviario ac ce;piaui pi;2.0;2.0;
2026-05-03;193981723;Peru Liga 2;Peru;17:10;Full;0.5963413930405679;1.95;3.0;1.85;3.0;6.0;1.0;;5.0;1.0;6.0;124.0;68.0;100.0;Unión Comercio;;0.0;3.0;1.333;0;1.0;1 - 2;4.75;Pirata FC;;0.0;4.0;6.5;1;2.0;-1.5;6 - 1;5-1;3.0;1.25;55 - 13;28 - 11;11.0;28.0;36.0;64.0;0.0;5.0;1.0;0.0;;;;;;;;39.0;85.0;13.0;55.0;38.0;62.0;0.0;9.0;2.0;1.0;;[ 9 50 54];[1 2 2];[False False False];['Pirata FC' 'Pirata FC' 'Unión Comercio'];[ 0 -1 -2];[-1 -2 -1];['D' 'A' 'A'];['A' 'A' 'A'];0.1;0.0;0.9;0.2;0.0;0.8;;;;;;;
2026-05-03;193981760;Peru Liga 2;Peru;17:15;Full;0.49385749385749383;1.975;2.5, 3.0;1.825;2.5, 3.0;8.0;2.0;;2.0;2.0;4.0;105.0;60.0;100.0;Comerciantes FC;;0.0;3.0;1.48;0;1.0;1 - 1;4.0;CD Estudiantil CNI;;1.0;6.0;5.5;0;1.0;-1.25;8 - 2;2-2;2.75;1.0;40 - 20;17 - 10;10.0;17.0;55.0;45.0;2.0;0.0;0.0;2.0;;;;;;;;51.0;54.0;20.0;40.0;55.0;45.0;3.0;3.0;1.0;4.0;;[66 92];[2 2];[False  True];['Comerciantes FC' 'CD Estudiantil CNI'];[0 1];[1 0];['D' 'H'];['H' 'D'];0.72;0.28;0.0;1.0;0.0;0.0;;;;;;;
2026-05-03;193981747;Peru Liga 2;Peru;17:15;Full;0.3055555555555556;2.025;2.5;1.775;2.5;6.0;6.0;;3.0;1.0;4.0;165.0;61.0;100.0;Club Ada Jaen;;0.0;1.0;1.8;0;2.0;2 - 2;3.25;CD Universidad San Martin;;0.0;1.0;4.0;1;2.0;-0.75;6 - 6;3-1;2.5;1.0;36 - 25;21 - 10;10.0;21.0;43.0;57.0;1.0;6.0;3.0;4.0;;;;;;;;75.0;90.0;25.0;36.0;45.0;55.0;3.0;7.0;6.0;9.0;;[14 53 62 83];[1 2 2 2];[False False False False];"['CD Universidad San Martin' 'Club Ada Jaen' 'Club Ada Jaen'
 'CD Universidad San Martin']";[ 0 -1  0  1];[-1  0  1  0];['D' 'A' 'D' 'H'];['A' 'D' 'H' 'D'];0.33;0.23;0.43;0.31;0.0;0.69;;;;;;;
2026-05-03;193768773;Colombia Primera A;Colombia;17:30;Full;0.02747252747252743;2.025;2.0, 2.5;1.775;2.0, 2.5;5.0;3.0;;3.0;1.0;4.0;197.0;77.0;100.0;Deportes Tolima;;1.0;5.0;2.6;1;1.0;1 - 1;3.1;Deportivo Cali;;0.0;2.0;2.8;0;1.0;0.0;5 - 3;3-1;2.25;0.75;19 - 58;10 - 37;37.0;10.0;55.0;45.0;8.0;1.0;1.0;3.0;;;;;;;;142.0;55.0;58.0;19.0;55.0;45.0;11.0;9.0;4.0;4.0;;[12 53];[1 2];[False False];['Deportes Tolima' 'Deportivo Cali'];[0 1];[1 0];['D' 'H'];['H' 'D'];0.54;0.46;0.0;0.27;0.73;0.0;6111.0;6112.0;cd tolima;deportivo cali;;;
2026-05-03;193766704;Colombia Primera A;Colombia;17:30;Full;0.5892857142857143;1.85;2.5;1.95;2.5;10.0;2.0;;6.0;1.0;7.0;164.0;79.0;100.0;Independiente Medellin;;1.0;4.0;1.4;0;1.0;1 - 2;4.5;Rionegro Aguilas;;0.0;3.0;8.0;1;2.0;-1.25;10 - 2;6-1;2.5;1.0;70 - 9;34 - 6;6.0;34.0;31.0;69.0;3.0;8.0;1.0;1.0;;;;;;;;44.0;120.0;9.0;70.0;29.0;71.0;5.0;15.0;4.0;6.0;;[20 78 94];[1 2 2];[False False  True];['Rionegro Aguilas' 'Rionegro Aguilas' 'Independiente Medellin'];[ 0 -1 -2];[-1 -2 -1];['D' 'A' 'A'];['A' 'A' 'A'];0.21;0.0;0.79;0.44;0.0;0.56;6115.0;48244.0;independiente medellin;aguilas doradas rionegro;;;
2026-05-03;193936239;El Salvador Segunda Division;El Salvador;17:30;Full;0.06441223832528187;1.8;2.5;2.0;2.5;3.0;6.0;;3.0;3.0;6.0;201.0;160.0;;CD Neo Pipil;;0.0;4.0;2.3;0;1.0;1 - 1;3.3;CD Adet Aruba;;0.0;5.0;2.7;0;1.0;0.0;3 - 6;3-3;2.5;1.0;58 - 102;24 - 55;55.0;24.0;;;5.0;2.0;1.0;1.0;;;;;;;;125.0;76.0;102.0;58.0;;;9.0;4.0;5.0;3.0;;[52 97];[2 2];[False  True];['CD Neo Pipil' 'CD Adet Aruba'];[0 1];[1 0];['D' 'H'];['H' 'D'];0.54;0.46;0.0;1.0;0.0;0.0;;;;;;;
2026-05-03;193984280;Jamaica Premier League;Jamaica;17:30;Full;-0.17530487804878053;1.95;2.5;1.85;2.5;1.0;6.0;;0.0;4.0;4.0;160.0;157.0;100.0;Tivoli Gardens;10.0;0.0;1.0;3.2;0;0.0;0 - 2;3.25;Cavalier;6.0;0.0;0.0;2.05;0;2.0;+0.5;1 - 6;0-4;2.5;1.0;69 - 88;31 - 43;43.0;31.0;43.0;57.0;0.0;0.0;3.0;0.0;;;;;;;;68.0;92.0;88.0;69.0;45.0;55.0;5.0;1.0;10.0;0.0;;[50 88];[2 2];[False False];['Cavalier' 'Cavalier'];[ 0 -1];[-1 -2];['D' 'A'];['A' 'A'];0.56;0.0;0.44;1.0;0.0;0.0;;;;;;;
2026-05-03;193768789;Colombia Primera A;Colombia;17:30;Full;-0.02178649237472774;1.75;2.0;2.05;2.0;6.0;3.0;;2.0;0.0;2.0;149.0;73.0;100.0;Fortaleza CEIF;;0.0;1.0;2.7;1;2.0;2 - 1;3.3;Atletico Bucaramanga;;0.0;2.0;2.55;0;1.0;+0.25;6 - 3;2-0;2.0;0.75;39 - 34;20 - 16;16.0;20.0;36.0;64.0;6.0;3.0;0.0;2.0;;;;;;;;58.0;91.0;34.0;39.0;40.0;60.0;13.0;7.0;1.0;3.0;;[39 78 93];[1 2 2];[False False  True];['Fortaleza CEIF' 'Fortaleza CEIF' 'Atletico Bucaramanga'];[0 1 2];[1 2 1];['D' 'H' 'H'];['H' 'H' 'H'];0.42;0.58;0.0;0.87;0.13;0.0;89368.0;6103.0;fortaleza fc;ca bucaramanga;;;
2026-05-03;193196535;Ecuador LigaPro Serie A;Ecuador;17:30;Full;0.18733850129198965;1.85;2.0;1.95;2.0;2.0;5.0;;1.0;2.0;3.0;152.0;60.0;100.0;Delfin SC;;0.0;2.0;2.15;0;1.0;1 - 0;3.0;Mushuc Runa;;0.0;3.0;3.6;0;0.0;-0.25;2 - 5;1-2;2.0;0.75;33 - 27;16 - 15;15.0;16.0;52.0;48.0;3.0;2.0;3.0;1.0;;;;;;;;67.0;85.0;27.0;33.0;48.0;52.0;6.0;7.0;3.0;4.0;;[86];[2];[False];['Delfin SC'];[0];[1];['D'];['H'];0.96;0.04;0.0;1.0;0.0;0.0;241468.0;134976.0;delfin sc;mushuc runa sc;;;
2026-05-03;193768912;Colombia Primera A;Colombia;17:30;Full;0.3016122460857924;1.95;2.0, 2.5;1.85;2.0, 2.5;4.0;1.0;;1.0;1.0;2.0;185.0;68.0;100.0;Independiente Santa Fe;;0.0;1.0;1.909;0;3.0;3 - 1;3.2;Internacional de Bogota;;0.0;3.0;4.5;0;1.0;-0.25;4 - 1;1-1;2.25;0.75;40 - 28;21 - 17;17.0;21.0;46.0;54.0;9.0;4.0;2.0;1.0;;;;;;;;84.0;101.0;28.0;40.0;48.0;52.0;14.0;7.0;5.0;7.0;;[49 70 74 83];[2 2 2 2];[False False False False];"['Internacional de Bogota' 'Independiente Santa Fe'
 'Independiente Santa Fe' 'Independiente Santa Fe']";[ 0 -1  0  1];[-1  0  1  2];['D' 'A' 'D' 'H'];['A' 'D' 'H' 'H'];0.59;0.18;0.23;1.0;0.0;0.0;6116.0;1317886.0;independiente santa fe;internacional de bogota.;;;
2026-05-03;193768716;Colombia Primera A;Colombia;17:30;Full;-0.2738344683080146;2.025;2.0, 2.5;1.775;2.0, 2.5;3.0;8.0;;3.0;5.0;8.0;195.0;75.0;100.0;Alianza;;0.0;6.0;4.0;1;2.0;2 - 2;3.4;Millonarios;;0.0;2.0;1.909;0;2.0;+0.5;3 - 8;3-5;2.25;1.0;37 - 38;23 - 21;21.0;23.0;52.0;48.0;2.0;0.0;3.0;2.0;;;;;;;;115.0;80.0;38.0;37.0;56.0;44.0;7.0;3.0;8.0;5.0;;[45 55 58 90];[1 2 2 2];[False False False False];['Alianza' 'Alianza' 'Millonarios' 'Millonarios'];[0 1 2 1];[1 2 1 0];['D' 'H' 'H' 'H'];['H' 'H' 'H' 'D'];0.5;0.5;0.0;1.0;0.0;0.0;1098993.0;6117.0;alianza fc valledupar;millonarios fc;2.0;2.0;
2026-05-03;193936214;El Salvador Segunda Division;El Salvador;17:30;Schedule;0.12836438923395443;1.8;2.5;2.0;2.5;4.0;1.0;;4.0;1.0;5.0;18.0;25.0;;Juventud Independiente;;0.0;0.0;2.1;0;0.0;0 - 0;3.4;Sensunte Cabanas FC;;0.0;0.0;2.875;0;0.0;-0.25 (-0.25);4 - 1;4-1;2.5 (2.25);1.0 (0.75);15 - 10;nan;;;;;;;;;;;;;;;;6.0;12.0;10.0;15.0;;;0.0;0.0;0.0;0.0;;[];[];[];[];[];[];[];[];1.0;0.0;0.0;1.0;0.0;0.0;;;;;;;
2026-05-03;193879906;Ecuador LigaPro Serie B;Ecuador;17:30;Full;0.13178294573643412;1.925;2.0;1.875;2.0;5.0;1.0;;1.0;1.0;2.0;212.0;104.0;100.0;Vinotinto Ecuador;;1.0;3.0;2.15;1;2.0;2 - 2;3.0;Independiente Juniors;;1.0;3.0;3.0;2;2.0;-0.25;5 - 1;1-1;2.0;0.75;65 - 39;33 - 20;20.0;33.0;45.0;55.0;3.0;4.0;3.0;4.0;;;;;;;;112.0;100.0;39.0;65.0;48.0;52.0;5.0;9.0;5.0;6.0;;[ 8 34 37 76];[1 1 1 2];[False False False False];"['Independiente Juniors' 'Vinotinto Ecuador' 'Independiente Juniors'
 'Vinotinto Ecuador']";[ 0 -1  0 -1];[-1  0 -1  0];['D' 'A' 'D' 'A'];['A' 'D' 'A' 'D'];0.28;0.0;0.72;0.24;0.0;0.76;;;;;;;Youth
2026-05-03;193947059;Jamaica Premier League;Jamaica;17:30;Full;0.3969728242174063;1.95;2.5;1.85;2.5;1.0;7.0;;1.0;3.0;4.0;192.0;119.0;100.0;Waterhouse;4.0;0.0;0.0;1.615;1;3.0;3 - 0;3.6;Chapelton Maroons FC;8.0;0.0;2.0;4.5;0;0.0;-0.75;1 - 7;1-3;2.5;1.0;45 - 74;26 - 37;37.0;26.0;43.0;57.0;7.0;1.0;1.0;1.0;;;;;;;;96.0;96.0;74.0;45.0;47.0;53.0;13.0;2.0;1.0;6.0;;[29 60 72];[1 2 2];[False False False];['Waterhouse' 'Waterhouse' 'Waterhouse'];[0 1 2];[1 2 3];['D' 'H' 'H'];['H' 'H' 'H'];0.32;0.68;0.0;0.64;0.36;0.0;;;;;;;
2026-05-03;193886809;Suriname Major League;Suriname;17:30;Full;0.707219494453537;1.9;3.5;1.9;3.5;11.0;1.0;;7.0;0.0;7.0;140.0;103.0;;Inter Moengo Tapoe;;0.0;0.0;1.222;4;9.0;9 - 0;5.5;SV Flora;;0.0;1.0;9.0;0;0.0;-2.0;11 - 1;7-0;3.5;1.5;79 - 24;43 - 5;5.0;43.0;;;1.0;3.0;0.0;11.0;;;;;;;;63.0;77.0;24.0;79.0;;;2.0;8.0;4.0;23.0;;[12 22 42 45 47 52 65 67 82];[1 1 1 1 2 2 2 2 2];[False False False False False False False False False];"['Inter Moengo Tapoe' 'Inter Moengo Tapoe' 'Inter Moengo Tapoe'
 'Inter Moengo Tapoe' 'Inter Moengo Tapoe' 'Inter Moengo Tapoe'
 'Inter Moengo Tapoe' 'Inter Moengo Tapoe' 'Inter Moengo Tapoe']";[0 1 2 3 4 5 6 7 8];[1 2 3 4 5 6 7 8 9];['D' 'H' 'H' 'H' 'H' 'H' 'H' 'H' 'H'];['H' 'H' 'H' 'H' 'H' 'H' 'H' 'H' 'H'];0.13;0.87;0.0;0.27;0.73;0.0;;;;;;;
2026-05-03;193992754;Jamaica Premier League;Jamaica;17:30;Full;0.3123721289326385;1.775;2.5, 3.0;2.025;2.5, 3.0;7.0;6.0;;0.0;4.0;4.0;114.0;95.0;100.0;Molynes United FC;12.0;0.0;2.0;1.727;0;0.0;0 - 1;3.7;Harbour View FC;13.0;0.0;2.0;3.75;0;1.0;-0.75;7 - 6;0-4;2.75;1.25;51 - 44;21 - 19;19.0;21.0;52.0;48.0;1.0;4.0;0.0;1.0;;;;;;;;64.0;50.0;44.0;51.0;48.0;52.0;3.0;5.0;3.0;1.0;;[66];[2];[False];['Harbour View FC'];[0];[-1];['D'];['A'];0.73;0.0;0.27;1.0;0.0;0.0;;;;;;;
2026-05-03;193984284;Jamaica Premier League;Jamaica;17:30;Full;-0.015384615384615441;2.025;2.0, 2.5;1.775;2.0, 2.5;8.0;5.0;;4.0;3.0;7.0;123.0;65.0;100.0;Racing United FC;5.0;0.0;1.0;2.6;0;1.0;1 - 1;3.0;Portmore United;3.0;0.0;1.0;2.5;1;1.0;+0.25;8 - 5;4-3;2.25;nan;38 - 27;14 - 19;19.0;14.0;57.0;43.0;1.0;2.0;2.0;1.0;;;;;;;;58.0;65.0;27.0;38.0;49.0;51.0;1.0;4.0;4.0;4.0;;[ 8 90];[1 2];[False False];['Portmore United' 'Racing United FC'];[ 0 -1];[-1  0];['D' 'A'];['A' 'D'];0.09;0.0;0.91;0.18;0.0;0.82;;;;;;;
2026-05-03;193947042;Jamaica Premier League;Jamaica;17:30;Full;0.6666666666666667;1.9;3.0, 3.5;1.9;3.0, 3.5;11.0;3.0;;2.0;2.0;4.0;177.0;97.0;100.0;Montego Bay Utd;1.0;0.0;0.0;1.25;0;0.0;0 - 2;5.5;Treasure Beach FC;11.0;0.0;1.0;7.5;0;2.0;-1.75;11 - 3;2-2;3.25;1.5;59 - 38;23 - 24;24.0;23.0;44.0;56.0;4.0;1.0;1.0;2.0;;;;;;;;84.0;93.0;38.0;59.0;39.0;61.0;9.0;4.0;3.0;4.0;;[49 69];[2 2];[False False];['Treasure Beach FC' 'Treasure Beach FC'];[ 0 -1];[-1 -2];['D' 'A'];['A' 'A'];0.54;0.0;0.46;1.0;0.0;0.0;;;;;;;
2026-05-03;193980664;Paraguay Women League;Paraguay;17:30;Full;0.5604395604395604;1.975;3.5, 4.0;1.825;3.5, 4.0;4.0;3.0;;3.0;0.0;3.0;183.0;128.0;100.0;Nacional-Humaita (W);;0.0;1.0;1.4;2;3.0;3 - 1;4.333;Sportivo Ameliano (W);;0.0;2.0;6.5;1;1.0;-1.25;4 - 3;3-0;3.75;1.75;57 - 71;30 - 30;30.0;30.0;40.0;60.0;0.0;1.0;2.0;4.0;;;;;;;;90.0;93.0;71.0;57.0;48.0;52.0;2.0;8.0;3.0;5.0;;[27 33 43 70];[1 1 1 2];[False False False False];"['Nacional-Humaita (W)' 'Sportivo Ameliano (W)' 'Nacional-Humaita (W)'
 'Nacional-Humaita (W)']";[0 1 0 1];[1 0 1 2];['D' 'H' 'D' 'H'];['H' 'D' 'H' 'H'];0.41;0.59;0.0;0.82;0.18;0.0;;607728.0;;sportivo ameliano;2.0;1.83;Women
2026-05-03;192943519;Peru Liga 1;Peru;17:30;Full;0.2966381015161502;1.9;2.0, 2.5;1.9;2.0, 2.5;4.0;4.0;;4.0;1.0;5.0;140.0;71.0;100.0;Alianza Atletico;;0.0;2.0;1.85;3;4.0;4 - 1;3.5;Sport Huancayo;;1.0;3.0;4.1;1;1.0;-0.75;4 - 4;4-1;2.25;1.0;40 - 31;23 - 17;17.0;23.0;43.0;57.0;1.0;2.0;1.0;4.0;;;;;;;;68.0;72.0;31.0;40.0;46.0;54.0;6.0;6.0;1.0;5.0;;[10 16 21 37 76];[1 1 1 1 2];[False False False False False];"['Sport Huancayo' 'Alianza Atletico' 'Alianza Atletico' 'Alianza Atletico'
 'Alianza Atletico']";[ 0 -1  0  1  2];[-1  0  1  2  3];['D' 'A' 'D' 'H' 'H'];['A' 'D' 'H' 'H' 'H'];0.17;0.77;0.07;0.33;0.53;0.13;2307.0;33895.0;alianza atletico;sport huancayo;1.9;2.0;
2026-05-03;193981964;Peru Campeonato Nacional Women;Peru;17:30;Full;0.8577667547312234;1.8;4.0;2.0;4.0;12.0;2.0;;8.0;2.0;10.0;171.0;124.0;;Sporting Cristal (W);;0.0;2.0;1.091;2;5.0;5 - 1;9.5;Flamengo FBC (W);;0.0;1.0;17.0;1;1.0;-2.75;12 - 2;8-2;4.0;1.75;97 - 27;50 - 16;16.0;50.0;;;2.0;6.0;1.0;2.0;;;;;;;;57.0;114.0;27.0;97.0;;;4.0;9.0;1.0;6.0;;[ 2 11 15 64 82 86];[1 1 1 2 2 2];[False False False False False False];"['Sporting Cristal (W)' 'Sporting Cristal (W)' 'Flamengo FBC (W)'
 'Sporting Cristal (W)' 'Sporting Cristal (W)' 'Sporting Cristal (W)']";[0 1 2 1 2 3];[1 2 1 2 3 4];['D' 'H' 'H' 'H' 'H' 'H'];['H' 'H' 'H' 'H' 'H' 'H'];0.02;0.98;0.0;0.04;0.96;0.0;2302.0;;sporting cristal;;;;Women
2026-05-03;193933377;El Salvador Liga Feminina;El Salvador;17:45;Full;0.43009349858664936;1.825;3.0, 3.5;1.975;3.0, 3.5;3.0;8.0;;3.0;1.0;4.0;230.0;196.0;;Municipal Limeno (W);;0.0;2.0;1.533;2;3.0;3 - 1;4.0;Inter FA (W);;0.0;6.0;4.5;1;1.0;-1.0;3 - 8;3-1;3.25;1.5;63 - 133;33 - 52;52.0;33.0;;;0.0;0.0;2.0;4.0;;;;;;;;128.0;102.0;133.0;63.0;;;5.0;1.0;5.0;5.0;;[24 34 47 71];[1 1 1 2];[False False  True False];"['Inter FA (W)' 'Municipal Limeno (W)' 'Municipal Limeno (W)'
 'Municipal Limeno (W)']";[ 0 -1  0  1];[-1  0  1  2];['D' 'A' 'D' 'H'];['A' 'D' 'H' 'H'];0.41;0.48;0.11;0.79;0.0;0.21;;;;;;;Women
2026-05-03;193948600;USA USL Super League Women;USA;18:00;Full;0.4143150152061674;1.95;2.5, 3.0;1.85;2.5, 3.0;2.0;5.0;;2.0;1.0;3.0;147.0;62.0;100.0;Sporting JAX (W);;1.0;0.0;1.571;1;2.0;2 - 1;3.8;Brooklyn (W);;0.0;2.0;4.5;0;1.0;-0.75;2 - 5;2-1;2.75;1.25;27 - 35;15 - 11;11.0;15.0;38.0;62.0;1.0;2.0;3.0;1.0;;;;;;;;70.0;77.0;35.0;27.0;45.0;55.0;7.0;2.0;8.0;2.0;;[17 58 67];[1 2 2];[False False False];['Sporting JAX (W)' 'Sporting JAX (W)' 'Brooklyn (W)'];[0 1 2];[1 2 1];['D' 'H' 'H'];['H' 'H' 'H'];0.19;0.81;0.0;0.38;0.62;0.0;1232571.0;1312976.0;sporting jacksonville;brooklyn fc;1.8;1.8;Women
2026-05-03;193992760;Nicaragua Liga de Ascenso;Nicaragua;18:00;Full;0.1774193548387097;1.95;2.5, 3.0;1.85;2.5, 3.0;5.0;1.0;;2.0;0.0;2.0;0.0;0.0;;San Marcos FC;;0.0;1.0;2.0;1;1.0;1 - 0;3.3;Matiguas FC;;0.0;3.0;3.1;0;0.0;-0.25;5 - 1;2-0;2.75;1.0;-;-;0.0;0.0;;;0.0;0.0;0.0;1.0;;;;;;;;0.0;0.0;0.0;0.0;;;0.0;0.0;0.0;1.0;;[41];[1];[False];['San Marcos FC'];[0];[1];['D'];['H'];0.46;0.54;0.0;0.91;0.09;0.0;;;;;;;
2026-05-03;193984264;Guatemala Liga Nacional Women;Guatemala;18:00;Full;0.21862348178137647;2.0;3.0;1.8;3.0;5.0;2.0;;2.0;2.0;4.0;128.0;102.0;;UNIFUT Antigua (W);;0.0;3.0;1.9;0;1.0;1 - 0;3.7;FC Cremas (W);;1.0;4.0;3.25;0;0.0;-0.75;5 - 2;2-2;3.0;1.25;73 - 29;33 - 13;13.0;33.0;;;0.0;10.0;0.0;1.0;;;;;;;;72.0;56.0;29.0;73.0;;;1.0;17.0;0.0;3.0;;[78];[2];[False];['UNIFUT Antigua (W)'];[0];[1];['D'];['H'];0.87;0.13;0.0;1.0;0.0;0.0;;;;;;;Women
2026-05-03;193192168;Brazil Serie B;Brazil;18:00;Full;0.160427807486631;1.975;2.0, 2.5;1.825;2.0, 2.5;9.0;11.0;;5.0;7.0;12.0;167.0;77.0;100.0;Sport Recife;8.0;0.0;2.0;2.2;0;2.0;2 - 0;3.25;Ceara;7.0;0.0;4.0;3.4;0;0.0;-0.25;9 - 11;5-7;2.25;1.0;24 - 53;14 - 25;25.0;14.0;50.0;50.0;2.0;7.0;1.0;1.0;;;;;;;;98.0;69.0;53.0;24.0;55.0;45.0;9.0;11.0;1.0;5.0;;[53 71];[2 2];[False False];['Sport Recife' 'Sport Recife'];[0 1];[1 2];['D' 'H'];['H' 'H'];0.59;0.41;0.0;1.0;0.0;0.0;1959.0;2001.0;sc recife pe;ceara sc ce;2.0;1.9;Youth
2026-05-03;193693992;Brazil Serie A1 Women;Brazil;18:00;Full;-0.1875;1.875;2.5;1.925;2.5;0.0;6.0;;0.0;1.0;1.0;161.0;81.0;100.0;Botafogo (W);;2.0;2.0;3.2;0;0.0;0 - 3;3.25;Bragantino (W);;0.0;1.0;2.0;0;3.0;+0.25;0 - 6;0-1;2.5;1.0;23 - 58;14 - 25;25.0;14.0;69.0;31.0;12.0;2.0;4.0;3.0;;;;;;;;109.0;52.0;58.0;23.0;72.0;28.0;21.0;4.0;12.0;4.0;;[72 77 88];[2 2 2];[False False False];['Bragantino (W)' 'Bragantino (W)' 'Bragantino (W)'];[ 0 -1 -2];[-1 -2 -3];['D' 'A' 'A'];['A' 'A' 'A'];0.8;0.0;0.2;1.0;0.0;0.0;1958.0;1999.0;botafogo fr rj;red bull bragantino sp;;;Women
2026-05-03;193914368;USA NWSL Women;USA;18:00;Full;0.5157421289355323;1.975;2.5, 3.0;1.825;2.5, 3.0;3.0;5.0;;0.0;5.0;5.0;206.0;107.0;100.0;Gotham FC (W);;0.0;0.0;1.45;1;1.0;1 - 0;4.0;Racing Louisville FC (W);;0.0;3.0;5.75;0;0.0;-1.25;3 - 5;0-5;2.75;1.25;63 - 44;28 - 24;24.0;28.0;38.0;62.0;2.0;5.0;1.0;3.0;;;;;;;;93.0;113.0;44.0;63.0;37.0;63.0;4.0;7.0;1.0;6.0;;[16];[1];[False];['Gotham FC (W)'];[0];[1];['D'];['H'];0.18;0.82;0.0;0.36;0.64;0.0;34718.0;781492.0;gotham fc;racing louisville fc;2.2;2.1;Women
2026-05-03;193830193;Brazil Serie D;Brazil;18:00;Full;0.12121212121212122;1.95;2.0, 2.5;1.85;2.0, 2.5;4.0;3.0;;2.0;0.0;2.0;138.0;75.0;100.0;Tombense;;0.0;4.0;2.2;0;0.0;0 - 0;3.1;Rio Branco ES;;0.0;2.0;3.0;0;0.0;-0.25;4 - 3;2-0;2.25;1.0;40 - 35;20 - 16;16.0;20.0;42.0;58.0;2.0;7.0;0.0;2.0;;;;;;;;71.0;67.0;35.0;40.0;46.0;54.0;11.0;9.0;2.0;4.0;;[];[];[];[];[];[];[];[];1.0;0.0;0.0;1.0;0.0;0.0;87202.0;49199.0;tombense fc mg;rio branco ac es;1.8;1.9;
2026-05-03;193776957;Bolivia Primera Division;Bolivia;18:15;Full;0.7424242424242424;1.825;3.5, 4.0;1.975;3.5, 4.0;7.0;0.0;;3.0;0.0;3.0;180.0;56.0;100.0;The Strongest;;0.0;1.0;1.2;1;3.0;3 - 1;6.5;ABB;;0.0;1.0;11.0;1;1.0;-1.5;7 - 0;3-0;3.75;1.5;26 - 30;18 - 11;11.0;18.0;35.0;65.0;4.0;7.0;1.0;3.0;;;;;;;;87.0;93.0;30.0;26.0;46.0;54.0;9.0;14.0;4.0;6.0;;[23 32 62 86];[1 1 2 2];[False False False False];['ABB' 'The Strongest' 'The Strongest' 'The Strongest'];[ 0 -1  0  1];[-1  0  1  2];['D' 'A' 'D' 'H'];['A' 'D' 'H' 'H'];0.59;0.31;0.1;0.8;0.0;0.2;32529.0;926557.0;the strongest;academia del balompie boliviano;1.61;1.53;
2026-05-03;193830095;USA MLS Next Pro League;USA;18:30;Full;0.22804054054054046;1.9;3.0, 3.5;1.9;3.0, 3.5;3.0;3.0;;1.0;3.0;4.0;226.0;101.0;100.0;Real Monarchs SLC;;0.0;2.0;1.85;0;0.0;0 - 3;3.75;Portland Timbers II;;0.0;3.0;3.2;1;3.0;-0.75;3 - 3;1-3;3.25;1.25;50 - 51;19 - 29;29.0;19.0;36.0;64.0;4.0;2.0;2.0;0.0;;;;;;;;113.0;113.0;51.0;50.0;38.0;62.0;6.0;8.0;5.0;3.0;;[13 56 86];[1 2 2];[False False False];['Portland Timbers II' 'Portland Timbers II' 'Portland Timbers II'];[ 0 -1 -2];[-1 -2 -3];['D' 'A' 'A'];['A' 'A' 'A'];0.14;0.0;0.86;0.29;0.0;0.71;;22007.0;;portland timbers;;;Youth
2026-05-03;193067325;Argentina Liga Profesional;Argentina;18:30;Full;0.4826910835822358;1.95;2.0, 2.5;1.85;2.0, 2.5;6.0;1.0;;2.0;1.0;3.0;208.0;116.0;100.0;River Plate;;0.0;2.0;1.571;0;0.0;0 - 1;3.8;Atlético Tucumán;;0.0;2.0;6.5;1;1.0;-0.75;6 - 1;2-1;2.25;1.0;79 - 37;32 - 20;20.0;32.0;20.0;80.0;1.0;6.0;3.0;1.0;;;;;;;;74.0;134.0;37.0;79.0;24.0;76.0;3.0;15.0;3.0;4.0;;[19];[1];[False];['Atlético Tucumán'];[0];[-1];['D'];['A'];0.21;0.0;0.79;0.42;0.0;0.58;3211.0;36833.0;ca river plate (arg);atletico tucuman;;;
2026-05-03;193192215;Brazil Serie B;Brazil;18:30;Full;0.16666666666666663;1.975;2.0;1.825;2.0;5.0;1.0;;2.0;1.0;3.0;184.0;66.0;100.0;Atletico GO;;1.0;3.0;2.25;0;0.0;0 - 0;3.0;Juventude;;0.0;3.0;3.6;0;0.0;-0.25;5 - 1;2-1;2.0;0.75;45 - 21;29 - 12;12.0;29.0;61.0;39.0;3.0;5.0;1.0;5.0;;;;;;;;85.0;99.0;21.0;45.0;50.0;50.0;4.0;10.0;1.0;6.0;;[];[];[];[];[];[];[];[];1.0;0.0;0.0;1.0;0.0;0.0;7314.0;1980.0;ac goianiense go;ec juventude rs;2.1;2.2;Youth
2026-05-03;193191326;Brazil Serie A;Brazil;18:30;Full;-0.3097535569264163;1.8;2.0, 2.5;2.05;2.0, 2.5;5.0;2.0;;1.0;0.0;1.0;170.0;73.0;100.0;Chapecoense;20.0;0.0;2.0;4.333;2;1.0;1 - 2;3.5;Bragantino;9.0;0.0;2.0;1.85;1;2.0;+0.5;5 - 2;1-0;2.25;1.0;49 - 24;13 - 9;9.0;13.0;52.0;48.0;1.0;5.0;1.0;2.0;;;;;;;;74.0;96.0;24.0;49.0;45.0;55.0;5.0;16.0;2.0;3.0;;[23 23 41 73];[1 1 1 2];[False False False False];['Chapecoense' 'Chapecoense' 'Bragantino' 'Bragantino'];[0 1 2 1];[1 2 1 0];['D' 'H' 'H' 'H'];['H' 'H' 'H' 'D'];0.44;0.56;0.0;0.51;0.49;0.0;21845.0;1999.0;chapecoense sc;red bull bragantino sp;1.9;1.8;
2026-05-03;193201643;USA MLS;USA;18:30;Full;-0.017316017316017285;1.8;2.5;2.0;2.5;4.0;6.0;;2.0;4.0;6.0;139.0;91.0;100.0;Austin FC;;0.0;3.0;2.75;0;2.0;2 - 0;3.3;St. Louis City SC;;0.0;3.0;2.625;0;0.0;0.0;4 - 6;2-4;2.5;1.0;40 - 51;21 - 34;34.0;21.0;48.0;52.0;7.0;4.0;4.0;5.0;;;;;;;;74.0;65.0;51.0;40.0;44.0;56.0;11.0;7.0;5.0;7.0;;[69 81];[2 2];[False False];['Austin FC' 'Austin FC'];[0 1];[1 2];['D' 'H'];['H' 'H'];0.77;0.23;0.0;1.0;0.0;0.0;772256.0;874725.0;austin fc;saint louis city sc;1.66;1.66;
2026-05-03;193984270;Honduras Liga Nacional;Honduras;18:30;Full;0.19696969696969696;2.0;2.5;1.8;2.5;3.0;2.0;;3.0;2.0;5.0;90.0;87.0;100.0;CD Marathon;5.0;0.0;5.0;2.0;1;1.0;1 - 0;3.25;Real Espana;1.0;2.0;2.0;3.3;0;0.0;-0.25;3 - 2;3-2;2.5;nan;57 - 30;23 - 16;16.0;23.0;33.0;67.0;3.0;5.0;1.0;3.0;;;;;;;;32.0;58.0;30.0;57.0;31.0;69.0;6.0;9.0;1.0;4.0;;[17];[1];[False];['CD Marathon'];[0];[1];['D'];['H'];0.19;0.81;0.0;0.38;0.62;0.0;;;;;;;
2026-05-03;193881362;Chile Primera B;Chile;18:30;Full;0.26276276276276267;1.85;2.5;1.95;2.5;2.0;10.0;;2.0;5.0;7.0;283.0;127.0;100.0;Cobreloa;;0.0;4.0;1.85;1;2.0;2 - 0;3.4;CD Antofagasta;;0.0;1.0;3.6;0;0.0;-0.25;2 - 10;2-5;2.5;1.0;54 - 73;30 - 33;33.0;30.0;50.0;50.0;10.0;3.0;4.0;4.0;;;;;;;;148.0;135.0;73.0;54.0;50.0;50.0;15.0;7.0;6.0;8.0;;[ 4 60];[1 2];[False False];['Cobreloa' 'Cobreloa'];[0 1];[1 2];['D' 'H'];['H' 'H'];0.04;0.96;0.0;0.09;0.91;0.0;;;;;;;Youth
2026-05-03;193193628;Chile Liga de Primera;Chile;18:30;Full;0.28241335044929394;1.825;2.0, 2.5;1.975;2.0, 2.5;4.0;3.0;;3.0;1.0;4.0;233.0;87.0;100.0;Colo Colo;;0.0;1.0;1.9;1;3.0;3 - 1;3.25;Coquimbo Unido;;0.0;3.0;4.1;0;1.0;-0.5;4 - 3;3-1;2.25;1.0;45 - 42;27 - 11;11.0;27.0;33.0;67.0;2.0;7.0;1.0;4.0;;;;;;;;101.0;132.0;42.0;45.0;38.0;62.0;5.0;7.0;3.0;8.0;;[50 56 84 86];[1 2 2 2];[ True False False False];['Colo Colo' 'Coquimbo Unido' 'Colo Colo' 'Colo Colo'];[0 1 0 1];[1 0 1 2];['D' 'H' 'D' 'H'];['H' 'D' 'H' 'H'];0.87;0.13;0.0;1.0;0.0;0.0;3155.0;3165.0;colo-colo;coquimbo unido;1.9;1.9;
2026-05-03;193191336;Brazil Serie A;Brazil;18:30;Full;0.15032679738562088;2.025;2.0, 2.5;1.825;2.0, 2.5;3.0;3.0;;1.0;1.0;2.0;184.0;93.0;100.0;Internacional;17.0;0.0;4.0;2.25;1;2.0;2 - 0;3.2;Fluminense;3.0;0.0;3.0;3.4;0;0.0;-0.25;3 - 3;1-1;2.25;1.0;52 - 41;27 - 15;15.0;27.0;63.0;37.0;1.0;5.0;0.0;3.0;;;;;;;;96.0;88.0;41.0;52.0;68.0;32.0;5.0;9.0;6.0;9.0;;[39 49];[1 2];[False False];['Internacional' 'Internacional'];[0 1];[1 2];['D' 'H'];['H' 'H'];0.43;0.57;0.0;0.87;0.13;0.0;1966.0;1961.0;sc internacional rs;fluminense fc rj;1.95;1.95;
2026-05-03;193983054;Costa Rica Segunda Division Women;Costa Rica;19:00;Full;0.0444444444444444;1.9;2.5, 3.0;1.9;2.5, 3.0;3.0;3.0;;2.0;2.0;4.0;176.0;166.0;;Cubujuqui (W);;1.0;2.0;2.25;0;0.0;0 - 2;3.75;FF San Ramon (W);;1.0;2.0;2.5;1;2.0;0.0;3 - 3;2-2;2.75;1.25;73 - 93;47 - 44;44.0;47.0;;;2.0;2.0;3.0;2.0;;;;;;;;88.0;88.0;93.0;73.0;;;8.0;2.0;7.0;3.0;;[22 87];[1 2];[False False];['FF San Ramon (W)' 'FF San Ramon (W)'];[ 0 -1];[-1 -2];['D' 'A'];['A' 'A'];0.24;0.0;0.76;0.49;0.0;0.51;;;;;;;Women
2026-05-03;193830100;USA MLS Next Pro League;USA;19:00;Full;0.3025210084033614;1.95;4.0;1.85;4.0;4.0;5.0;;0.0;3.0;3.0;136.0;130.0;100.0;Columbus Crew II;;0.0;3.0;1.7;1;3.0;3 - 1;4.1;Inter Miami CF II;;0.0;1.0;3.5;1;1.0;-0.75;4 - 5;0-3;4.0;1.75;76 - 54;36 - 26;26.0;36.0;47.0;53.0;0.0;2.0;3.0;3.0;;;;;;;;64.0;72.0;54.0;76.0;48.0;52.0;4.0;5.0;4.0;5.0;;[ 9 44 53 66];[1 1 2 2];[False False False False];"['Inter Miami CF II' 'Columbus Crew II' 'Columbus Crew II'
 'Columbus Crew II']";[ 0 -1  0  1];[-1  0  1  2];['D' 'A' 'D' 'H'];['A' 'D' 'H' 'H'];0.2;0.41;0.39;0.22;0.0;0.78;2504.0;;columbus crew;;;;Youth
2026-05-03;193974168;Ecuador LigaPro Serie A;Ecuador;19:00;Full;0.02380952380952378;1.875;2.0;1.925;2.0;3.0;6.0;;2.0;3.0;5.0;172.0;84.0;100.0;Leones FC;;0.0;3.0;2.625;1;2.0;2 - 0;3.0;Emelec;;0.0;3.0;2.8;0;0.0;0.0;3 - 6;2-3;2.0;0.75;35 - 49;25 - 19;19.0;25.0;50.0;50.0;2.0;4.0;0.0;2.0;;;;;;;;94.0;78.0;49.0;35.0;55.0;45.0;7.0;7.0;3.0;4.0;;[52 60];[1 2];[ True False];['Leones FC' 'Leones FC'];[0 1];[1 2];['D' 'H'];['H' 'H'];0.58;0.42;0.0;1.0;0.0;0.0;671275.0;5255.0;leones futbol club;cs emelec;;;
2026-05-03;193985955;Mexico Segunda Division;Mexico;19:00;Full;0.3409435575040671;1.875;2.5;1.925;2.5;4.0;1.0;;3.0;0.0;3.0;0.0;0.0;;Real Apodaca FC;;1.0;2.0;1.727;1;2.0;2 - 4;3.3;Deportiva Venados;;0.0;2.0;4.2;4;4.0;-0.5;4 - 1;3-0;2.5;1.0;-;-;0.0;0.0;;;0.0;0.0;4.0;1.0;;;;;;;;0.0;0.0;0.0;0.0;;;0.0;0.0;4.0;2.0;;[ 2  4  7  9 38 53];[1 1 1 1 1 2];[False False False False False False];"['Deportiva Venados' 'Deportiva Venados' 'Real Apodaca FC'
 'Deportiva Venados' 'Deportiva Venados' 'Real Apodaca FC']";[ 0 -1 -2 -1 -2 -3];[-1 -2 -1 -2 -3 -2];['D' 'A' 'A' 'A' 'A' 'A'];['A' 'A' 'A' 'A' 'A' 'A'];0.02;0.0;0.98;0.04;0.0;0.96;;;;;;;
2026-05-03;193881374;Costa Rica Primera Division;Costa Rica;19:00;Full;-0.15360983102918585;1.975;2.0, 2.5;1.825;2.0, 2.5;3.0;3.0;;1.0;0.0;1.0;225.0;112.0;100.0;Municipal Liberia;4.0;0.0;3.0;3.1;1;1.0;1 - 1;3.2;Deportivo Saprissa;2.0;0.0;2.0;2.1;0;1.0;+0.25;3 - 3;1-0;2.25;0.75;48 - 64;17 - 40;40.0;17.0;64.0;36.0;4.0;1.0;0.0;1.0;;;;;;;;124.0;101.0;64.0;48.0;57.0;43.0;9.0;3.0;3.0;3.0;;[ 8 64];[1 2];[False False];['Municipal Liberia' 'Deportivo Saprissa'];[0 1];[1 0];['D' 'H'];['H' 'D'];0.38;0.62;0.0;0.18;0.82;0.0;6575.0;6574.0;municipal liberia;deportivo saprissa san jose;1.72;2.0;
2026-05-03;193930704;Barbados Premier League;Barbados;19:00;Full;0.8889880067400138;1.95;4.5;1.85;4.5;10.0;1.0;;7.0;0.0;7.0;0.0;0.0;;Paradise FC;;0.0;2.0;1.062;7;11.0;11 - 2;13.0;Wotton FC;;0.0;1.0;19.0;0;2.0;-3.5;10 - 1;7-0;4.5;2.0;-;-;0.0;0.0;;;0.0;0.0;0.0;7.0;;;;;;;;0.0;0.0;0.0;0.0;;;0.0;0.0;2.0;11.0;;[10 11 24 31 34 40 40 56 60 61 71 73 89];[1 1 1 1 1 1 1 2 2 2 2 2 2];"[False False False False False False False False False False False False
 False]";"['Paradise FC' 'Paradise FC' 'Paradise FC' 'Paradise FC' 'Paradise FC'
 'Paradise FC' 'Paradise FC' 'Paradise FC' 'Wotton FC' 'Paradise FC'
 'Paradise FC' 'Paradise FC' 'Wotton FC']";[ 0  1  2  3  4  5  6  7  8  7  8  9 10];[ 1  2  3  4  5  6  7  8  7  8  9 10  9];['D' 'H' 'H' 'H' 'H' 'H' 'H' 'H' 'H' 'H' 'H' 'H' 'H'];['H' 'H' 'H' 'H' 'H' 'H' 'H' 'H' 'H' 'H' 'H' 'H' 'H'];0.11;0.89;0.0;0.22;0.78;0.0;;;;;;;
2026-05-03;193830257;Brazil Serie C;Brazil;19:00;Full;0.5442253521126761;1.925;2.5, 3.0;1.875;2.5, 3.0;3.0;2.0;;0.0;1.0;1.0;158.0;73.0;100.0;Maringa;;1.0;2.0;1.42;1;4.0;4 - 2;3.8;Itabaiana;;1.0;1.0;6.25;1;2.0;-1.25;3 - 2;0-1;2.75;1.25;48 - 25;22 - 15;15.0;22.0;44.0;56.0;0.0;4.0;4.0;2.0;;;;;;;;74.0;84.0;25.0;48.0;46.0;54.0;1.0;7.0;6.0;8.0;;[ 6 36 69 89 91];[1 1 2 2 2];[False False False False  True];['Maringa' 'Itabaiana' 'Itabaiana' 'Maringa' 'Maringa'];[ 0  1  0 -1  0];[ 1  0 -1  0  1];['D' 'H' 'D' 'A' 'D'];['H' 'D' 'A' 'D' 'H'];0.45;0.33;0.22;0.33;0.67;0.0;135324.0;21853.0;maringa fc pr;ao itabaiana se;2.2;1.9;
2026-05-03;193830105;USA MLS Next Pro League;USA;19:00;Full;0.11904761904761901;1.825;2.5, 3.0;1.975;2.5, 3.0;6.0;8.0;;6.0;3.0;9.0;191.0;120.0;100.0;CT United;;0.0;2.0;2.1;0;0.0;0 - 0;3.5;New England Revolution II;;0.0;3.0;2.8;0;0.0;-0.25;6 - 8;6-3;2.75;1.25;51 - 69;33 - 25;25.0;33.0;60.0;40.0;1.0;3.0;1.0;0.0;;;;;;;;99.0;92.0;69.0;51.0;60.0;40.0;6.0;5.0;1.0;1.0;;[];[];[];[];[];[];[];[];1.0;0.0;0.0;1.0;0.0;0.0;;;;;;;Youth
2026-05-03;193926471;Aruba Division Di Honor;Aruba;19:00;Full;0.9270557029177718;1.85;5.0, 5.5;1.95;5.0, 5.5;4.0;2.0;;3.0;2.0;5.0;129.0;100.0;;SV Deportivo Nacional;;0.0;2.0;1.04;2;7.0;7 - 0;17.0;Real Koyari;;0.0;0.0;29.0;0;0.0;-4.0;4 - 2;3-2;5.25;2.25;79 - 21;44 - 14;14.0;44.0;;;0.0;2.0;1.0;9.0;;;;;;;;63.0;66.0;21.0;79.0;;;1.0;8.0;2.0;16.0;;[16 44 55 59 68 73 81];[1 1 2 2 2 2 2];[False False False False False False False];"['SV Deportivo Nacional' 'SV Deportivo Nacional' 'SV Deportivo Nacional'
 'SV Deportivo Nacional' 'SV Deportivo Nacional' 'SV Deportivo Nacional'
 'SV Deportivo Nacional']";[0 1 2 3 4 5 6];[1 2 3 4 5 6 7];['D' 'H' 'H' 'H' 'H' 'H' 'H'];['H' 'H' 'H' 'H' 'H' 'H' 'H'];0.18;0.82;0.0;0.36;0.64;0.0;;;;;;;
2026-05-03;193838152;Venezuela Primera Division;Venezuela;19:00;Full;0.3955342902711324;1.85;2.5;1.95;2.5;6.0;4.0;;2.0;3.0;5.0;151.0;94.0;100.0;Carabobo;7.0;0.0;5.0;1.65;0;0.0;0 - 0;3.6;Metropolitanos FC;3.0;0.0;4.0;4.75;0;0.0;-0.75;6 - 4;2-3;2.5;1.0;44 - 50;20 - 35;35.0;20.0;48.0;52.0;1.0;5.0;1.0;0.0;;;;;;;;79.0;72.0;50.0;44.0;39.0;61.0;6.0;16.0;4.0;2.0;;[];[];[];[];[];[];[];[];1.0;0.0;0.0;1.0;0.0;0.0;6229.0;162480.0;carabobo fc;metropolitanos fc;1.9;1.9;
2026-05-03;193830261;Brazil Serie C;Brazil;19:00;Full;0.25604551920341395;2.0;2.0, 2.5;1.8;2.0, 2.5;10.0;4.0;;6.0;1.0;7.0;212.0;126.0;100.0;Paysandu;;0.0;3.0;1.9;3;4.0;4 - 2;3.2;Botafogo PB;;0.0;1.0;3.7;2;2.0;-0.5;10 - 4;6-1;2.25;1.0;79 - 47;45 - 16;16.0;45.0;50.0;50.0;2.0;5.0;2.0;6.0;;;;;;;;101.0;111.0;47.0;79.0;50.0;50.0;5.0;13.0;4.0;10.0;;[ 3 17 23 27 49 90];[1 1 1 1 1 2];[False False False False  True False];['Botafogo PB' 'Botafogo PB' 'Paysandu' 'Paysandu' 'Paysandu' 'Paysandu'];[ 0 -1 -2 -1  0  1];[-1 -2 -1  0  1  2];['D' 'A' 'A' 'A' 'D' 'H'];['A' 'A' 'A' 'D' 'H' 'H'];0.28;0.46;0.27;0.51;0.0;0.49;1997.0;49196.0;paysandu sc pa;botafogo fc pb;2.2;2.1;
2026-05-03;193777675;Guatemala Liga Nacional;Guatemala;19:30;Full;0.5507246376811595;1.8;2.0, 2.5;2.0;2.0, 2.5;4.0;4.0;;2.0;3.0;5.0;226.0;162.0;100.0;CSD Municipal;;0.0;3.0;1.38;1;2.0;2 - 0;4.5;Guastatoya;;0.0;1.0;5.75;0;0.0;-1.25;4 - 4;2-3;2.25;1.0;92 - 70;48 - 38;38.0;48.0;39.0;61.0;3.0;2.0;1.0;3.0;;;;;;;;96.0;130.0;70.0;92.0;38.0;62.0;4.0;6.0;5.0;5.0;;[25 84];[1 2];[False False];['CSD Municipal' 'CSD Municipal'];[0 1];[1 2];['D' 'H'];['H' 'H'];0.28;0.72;0.0;0.56;0.44;0.0;;;;;;;
2026-05-03;193766940;Colombia Primera A;Colombia;19:45;Full;0.6081378299120234;1.875;2.5, 3.0;1.925;2.5, 3.0;7.0;1.0;;3.0;1.0;4.0;163.0;51.0;100.0;America de Cali;;0.0;3.0;1.364;1;1.0;1 - 0;4.75;Deportivo Pereira;;0.0;0.0;8.0;0;0.0;-1.25;7 - 1;3-1;2.75;1.25;28 - 23;18 - 8;8.0;18.0;52.0;48.0;3.0;4.0;0.0;5.0;;;;;;;;74.0;89.0;23.0;28.0;57.0;43.0;5.0;8.0;0.0;6.0;;[36];[1];[False];['America de Cali'];[0];[1];['D'];['H'];0.4;0.6;0.0;0.8;0.2;0.0;6102.0;6109.0;america de cali;deportivo pereira fc sa;;;
2026-05-03;193760524;Colombia Primera A;Colombia;19:45;Full;0.2738344683080146;1.8;2.0, 2.5;2.0;2.0, 2.5;5.0;2.0;;2.0;2.0;4.0;138.0;53.0;100.0;Junior;;0.0;2.0;1.909;0;4.0;4 - 3;3.4;Deportivo Pasto;;0.0;3.0;4.0;1;3.0;-0.5;5 - 2;2-2;2.25;1.0;22 - 31;11 - 21;21.0;11.0;55.0;45.0;4.0;1.0;1.0;2.0;;;;;;;;63.0;75.0;31.0;22.0;54.0;46.0;5.0;2.0;5.0;6.0;;[17 54 56 63 71 78 82];[1 2 2 2 2 2 2];[False False False False False False False];"['Deportivo Pasto' 'Junior' 'Deportivo Pasto' 'Junior' 'Junior' 'Junior'
 'Deportivo Pasto']";[ 0 -1  0 -1  0  1  2];[-1  0 -1  0  1  2  1];['D' 'A' 'D' 'A' 'D' 'H' 'H'];['A' 'D' 'A' 'D' 'H' 'H' 'H'];0.3;0.21;0.49;0.38;0.0;0.62;6105.0;6113.0;cd junior fc;ad pasto;;;
2026-05-03;192943521;Peru Liga 1;Peru;20:00;Full;0.5714285714285714;1.95;2.5, 3.0;1.85;2.5, 3.0;11.0;1.0;;4.0;0.0;4.0;187.0;63.0;100.0;FBC Melgar;;0.0;1.0;1.4;0;2.0;2 - 0;4.5;UTC Cajamarca;;0.0;2.0;7.0;0;0.0;-1.25;11 - 1;4-0;2.75;1.25;39 - 24;20 - 15;15.0;20.0;38.0;62.0;2.0;6.0;1.0;2.0;;;;;;;;78.0;109.0;24.0;39.0;37.0;63.0;5.0;12.0;2.0;8.0;;[74 78];[2 2];[False False];['FBC Melgar' 'FBC Melgar'];[0 1];[1 2];['D' 'H'];['H' 'H'];0.82;0.18;0.0;1.0;0.0;0.0;2308.0;87854.0;fbc melgar;utc de cajamarca;2.0;1.83;
2026-05-03;193192695;Canada Premier League;Canada;20:00;Full;-0.16369047619047616;1.875;2.5, 3.0;1.925;2.5, 3.0;6.0;5.0;;3.0;4.0;7.0;177.0;80.0;100.0;Pacific FC;;0.0;2.0;3.2;0;1.0;1 - 3;3.4;Vancouver FC;;0.0;1.0;2.1;1;3.0;+0.25;6 - 5;3-4;2.75;1.25;42 - 38;17 - 26;26.0;17.0;50.0;50.0;7.0;5.0;3.0;1.0;;;;;;;;75.0;102.0;38.0;42.0;42.0;58.0;10.0;9.0;5.0;3.0;;[37 60 78 82];[1 2 2 2];[False False False False];['Vancouver FC' 'Vancouver FC' 'Pacific FC' 'Vancouver FC'];[ 0 -1 -2 -1];[-1 -2 -1 -2];['D' 'A' 'A' 'A'];['A' 'A' 'A' 'A'];0.41;0.0;0.59;0.82;0.0;0.18;543883.0;986603.0;pacific fc;vancouver fc;1.57;1.61;
2026-05-03;193332851;Uruguay Apertura;Uruguay;20:00;Full;-0.13196480938416422;1.9;2.0, 2.5;1.9;2.0, 2.5;1.0;9.0;;1.0;3.0;4.0;200.0;114.0;100.0;Albion FC;;0.0;2.0;3.1;3;3.0;3 - 2;3.1;Nacional De Football;;0.0;1.0;2.2;1;2.0;+0.25;1 - 9;1-3;2.25;1.0;42 - 72;26 - 24;24.0;26.0;45.0;55.0;4.0;2.0;2.0;3.0;;;;;;;;92.0;108.0;72.0;42.0;55.0;45.0;5.0;3.0;5.0;4.0;;[ 8 17 31 43 79];[1 1 1 1 2];[False False False False False];"['Albion FC' 'Albion FC' 'Nacional De Football' 'Albion FC'
 'Nacional De Football']";[0 1 2 1 2];[1 2 1 2 1];['D' 'H' 'H' 'H' 'H'];['H' 'H' 'H' 'H' 'H'];0.09;0.91;0.0;0.18;0.82;0.0;417775.0;3230.0;albion fc;club nacional de football;1.9;1.83;
2026-05-03;193987839;Suriname Major League;Suriname;20:00;Full;0.9124869383490073;1.8;3.5, 4.0;2.0;3.5, 4.0;5.0;0.0;;3.0;0.0;3.0;167.0;111.0;;SV Leo Victor;;0.0;2.0;1.056;1;4.0;4 - 0;12.0;FC Inter Wanica;;0.0;1.0;29.0;0;0.0;-3.25;5 - 0;3-0;3.75;1.5;89 - 22;43 - 10;10.0;43.0;;;0.0;7.0;0.0;3.0;;;;;;;;68.0;99.0;22.0;89.0;;;2.0;14.0;0.0;8.0;;[44 74 79 88];[1 2 2 2];[False False False False];['SV Leo Victor' 'SV Leo Victor' 'SV Leo Victor' 'SV Leo Victor'];[0 1 2 3];[1 2 3 4];['D' 'H' 'H' 'H'];['H' 'H' 'H' 'H'];0.49;0.51;0.0;0.98;0.02;0.0;;;;;;;
2026-05-03;192948097;USA USL Championship;USA;20:00;Full;-0.08080808080808077;1.9;2.5;1.9;2.5;5.0;2.0;;2.0;1.0;3.0;87.0;74.0;100.0;Monterey Bay FC;;0.0;3.0;2.75;1;1.0;1 - 2;3.3;Tulsa;;0.0;2.0;2.25;0;2.0;+0.25;5 - 2;2-1;2.5;1.0;44 - 30;13 - 18;18.0;13.0;48.0;52.0;1.0;1.0;0.0;1.0;;;;;;;;44.0;43.0;30.0;44.0;40.0;60.0;2.0;4.0;2.0;1.0;;[25 49 57];[1 2 2];[False False False];['Monterey Bay FC' 'Tulsa' 'Tulsa'];[0 1 0];[ 1  0 -1];['D' 'H' 'D'];['H' 'D' 'A'];0.37;0.27;0.37;0.56;0.44;0.0;868669.0;206015.0;monterey bay fc;fc tulsa;1.8;1.72;
2026-05-03;193830114;USA MLS Next Pro League;USA;20:00;Full;-0.008503401360544283;1.95;2.5, 3.0;1.85;2.5, 3.0;4.0;6.0;;2.0;2.0;4.0;140.0;118.0;100.0;FC Cincinnati II;;0.0;2.0;2.45;0;5.0;5 - 0;3.4;Toronto FC II;;0.0;1.0;2.4;0;0.0;0.0;4 - 6;2-2;2.75;1.0;67 - 51;38 - 16;16.0;38.0;50.0;50.0;4.0;5.0;0.0;3.0;;;;;;;;76.0;64.0;51.0;67.0;58.0;42.0;6.0;7.0;4.0;12.0;;[48 51 61 80 86];[2 2 2 2 2];[False False False False False];"['FC Cincinnati II' 'FC Cincinnati II' 'FC Cincinnati II'
 'FC Cincinnati II' 'FC Cincinnati II']";[0 1 2 3 4];[1 2 3 4 5];['D' 'H' 'H' 'H' 'H'];['H' 'H' 'H' 'H' 'H'];0.53;0.47;0.0;1.0;0.0;0.0;245305.0;7080.0;fc cincinnati;toronto fc;;;Youth
2026-05-03;193914372;USA NWSL Women;USA;20:00;Full;0.5186077321450079;1.775;2.5, 3.0;2.025;2.5, 3.0;4.0;2.0;;1.0;1.0;2.0;188.0;110.0;100.0;San Diego Wave (W);;0.0;2.0;1.444;0;0.0;0 - 1;4.1;Bay FC (W);;0.0;4.0;5.75;1;1.0;-1.25;4 - 2;1-1;2.75;1.25;66 - 44;34 - 23;23.0;34.0;45.0;55.0;2.0;2.0;2.0;2.0;;;;;;;;85.0;103.0;44.0;66.0;47.0;53.0;5.0;4.0;3.0;4.0;;[5];[1];[False];['Bay FC (W)'];[0];[-1];['D'];['A'];0.06;0.0;0.94;0.11;0.0;0.89;874723.0;1100237.0;san diego wave fc;bay fc;2.0;1.9;Women
2026-05-03;193711633;Mexico Liga MX;Mexico;20:00;Full;0.1709986320109439;1.775;2.0, 2.5;2.025;2.0, 2.5;7.0;1.0;;4.0;1.0;5.0;178.0;75.0;100.0;Club America;;0.0;1.0;2.15;1;3.0;3 - 3;3.4;Unam Pumas;;0.0;1.0;3.4;2;3.0;-0.25;7 - 1;4-1;2.25;1.0;61 - 14;28 - 9;9.0;28.0;40.0;60.0;1.0;7.0;4.0;4.0;;;;;;;;78.0;100.0;14.0;61.0;37.0;63.0;5.0;16.0;6.0;7.0;;[ 5 13 44 52 78 85];[1 1 1 2 2 2];[False False False False False False];"['Unam Pumas' 'Club America' 'Unam Pumas' 'Unam Pumas' 'Club America'
 'Club America']";[ 0 -1  0 -1 -2 -1];[-1  0 -1 -2 -1  0];['D' 'A' 'D' 'A' 'A' 'A'];['A' 'D' 'A' 'A' 'A' 'D'];0.46;0.0;0.54;0.8;0.0;0.2;1939.0;334073.0;cf america;pumas unam;;;
2026-05-03;193830156;Brazil Serie D;Brazil;20:00;Full;-0.00366300366300365;1.95;2.0, 2.5;1.85;2.0, 2.5;5.0;3.0;;4.0;0.0;4.0;195.0;109.0;100.0;Monte Roraima;;1.0;2.0;2.625;2;2.0;2 - 2;2.875;Manaus;;0.0;3.0;2.6;0;2.0;0.0;5 - 3;4-0;2.25;1.0;50 - 59;30 - 18;18.0;30.0;42.0;58.0;3.0;2.0;0.0;2.0;;;;;;;;106.0;89.0;59.0;50.0;53.0;47.0;7.0;4.0;6.0;2.0;;[19 39 81 83];[1 1 2 2];[False False False False];['Monte Roraima' 'Monte Roraima' 'Manaus' 'Manaus'];[0 1 2 1];[1 2 1 0];['D' 'H' 'H' 'H'];['H' 'H' 'H' 'D'];0.29;0.71;0.0;0.42;0.58;0.0;1104921.0;290390.0;monte roraima rr;manaus fc am;1.9;1.83;
2026-05-03;193987888;USA UPSL;USA;20:00;Full;0.04638218923933213;1.8;3.5;2.0;3.5;3.0;10.0;;1.0;6.0;7.0;117.0;55.0;;Florida Wolves FC;;0.0;2.0;2.2;0;0.0;0 - 4;4.0;Rush Select Academy;;0.0;0.0;2.45;1;4.0;0.0;3 - 10;1-6;3.5;1.5;12 - 43;4 - 26;26.0;4.0;;;3.0;1.0;5.0;0.0;;;;;;;;68.0;49.0;43.0;12.0;;;3.0;3.0;9.0;0.0;;[35 47 54 70];[1 2 2 2];[False False False False];"['Rush Select Academy' 'Rush Select Academy' 'Rush Select Academy'
 'Rush Select Academy']";[ 0 -1 -2 -3];[-1 -2 -3 -4];['D' 'A' 'A' 'A'];['A' 'A' 'A' 'A'];0.39;0.0;0.61;0.78;0.0;0.22;;;;;;;
2026-05-03;193394415;Paraguay Division Profesional;Paraguay;20:00;Full;0.044526901669758756;1.9;2.0;1.9;2.0;2.0;5.0;;2.0;3.0;5.0;219.0;82.0;100.0;Guarani Asuncion;;0.0;1.0;2.45;0;0.0;0 - 1;3.0;Nacional Asuncion;;0.0;0.0;2.75;0;1.0;0.0;2 - 5;2-3;2.0;0.75;41 - 41;28 - 23;23.0;28.0;50.0;50.0;2.0;6.0;0.0;0.0;;;;;;;;111.0;108.0;41.0;41.0;50.0;50.0;7.0;9.0;3.0;0.0;;[82];[2];[False];['Nacional Asuncion'];[0];[-1];['D'];['A'];0.91;0.0;0.09;1.0;0.0;0.0;5994.0;33001.0;club guarani asuncion;nacional asuncion;2.1;2.1;
2026-05-03;193830109;USA MLS Next Pro League;USA;20:00;Full;-0.1679929266136163;1.825;3.0, 3.5;1.975;3.0, 3.5;12.0;5.0;;5.0;4.0;9.0;161.0;112.0;100.0;Orlando City SC II;;0.0;2.0;2.9;0;2.0;2 - 2;3.9;Crown Legacy;;0.0;2.0;1.95;1;2.0;+0.5;12 - 5;5-4;3.25;1.5;56 - 56;27 - 25;25.0;27.0;46.0;54.0;1.0;6.0;3.0;1.0;;;;;;;;82.0;79.0;56.0;56.0;42.0;58.0;6.0;13.0;4.0;4.0;;[18 61 80 94];[1 2 2 2];[False False False  True];['Crown Legacy' 'Crown Legacy' 'Orlando City SC II' 'Orlando City SC II'];[ 0 -1 -2 -1];[-1 -2 -1  0];['D' 'A' 'A' 'A'];['A' 'A' 'A' 'D'];0.19;0.0;0.81;0.4;0.0;0.6;;;;;;;Youth
2026-05-03;193982451;Mexico Liga de Expansion;Mexico;20:00;Full;0.13194444444444442;1.9;2.0, 2.5;1.9;2.0, 2.5;13.0;3.0;;9.0;1.0;10.0;191.0;109.0;100.0;Cancun FC;;0.0;3.0;2.25;1;1.0;1 - 1;3.3;Jaiba Brava;;0.0;2.0;3.2;0;1.0;-0.25;13 - 3;9-1;2.25;1.0;65 - 44;46 - 21;21.0;46.0;40.0;60.0;2.0;4.0;2.0;10.0;;;;;;;;93.0;98.0;44.0;65.0;48.0;52.0;6.0;10.0;3.0;15.0;;[49 92];[1 2];[ True  True];['Cancun FC' 'Jaiba Brava'];[0 1];[1 0];['D' 'H'];['H' 'D'];0.53;0.47;0.0;1.0;0.0;0.0;;;;;;;
2026-05-03;193980622;Mexico Liga TDP;Mexico;20:30;Full;0.36858974358974356;1.875;3.0;1.925;3.0;3.0;4.0;;2.0;1.0;3.0;0.0;0.0;100.0;Héroes de Zaci FC II;;1.0;2.0;1.6;0;0.0;0 - 1;4.333;Dragones de Oaxaca II;;1.0;4.0;3.9;0;1.0;-1.0;3 - 4;2-1;3.0;1.25;-;-;0.0;0.0;52.0;48.0;0.0;0.0;0.0;0.0;;;;;;;;0.0;0.0;0.0;0.0;54.0;46.0;0.0;0.0;1.0;0.0;;[67];[2];[False];['Dragones de Oaxaca II'];[0];[-1];['D'];['A'];0.74;0.0;0.26;1.0;0.0;0.0;;;;;;;Youth
2026-05-03;193191338;Brazil Serie A;Brazil;20:30;Full;0.10897435897435898;1.95;2.0;1.9;2.0;1.0;5.0;;1.0;1.0;2.0;197.0;72.0;100.0;Mirassol;19.0;0.0;5.0;2.4;2;2.0;2 - 1;2.9;Corinthians;15.0;0.0;2.0;3.25;0;1.0;-0.25;1 - 5;1-1;2.0;0.75;33 - 39;20 - 16;16.0;20.0;54.0;46.0;1.0;2.0;1.0;3.0;;;;;;;;115.0;82.0;39.0;33.0;62.0;38.0;8.0;2.0;3.0;5.0;;[23 33 80];[1 1 2];[False False False];['Mirassol' 'Mirassol' 'Corinthians'];[0 1 2];[1 2 1];['D' 'H' 'H'];['H' 'H' 'H'];0.26;0.74;0.0;0.51;0.49;0.0;21982.0;1957.0;mirassol fc sp;sc corinthians sp;2.0;2.05;
2026-05-03;193192171;Brazil Serie B;Brazil;20:30;Full;0.2799320292836244;1.775;2.0, 2.5;2.025;2.0, 2.5;3.0;4.0;;1.0;2.0;3.0;193.0;77.0;100.0;America MG;;0.0;4.0;1.909;1;1.0;1 - 2;3.4;CRB;;0.0;4.0;4.1;1;2.0;-0.5;3 - 4;1-2;2.25;1.0;39 - 38;15 - 16;16.0;15.0;61.0;39.0;4.0;3.0;3.0;2.0;;;;;;;;100.0;93.0;38.0;39.0;56.0;44.0;8.0;6.0;8.0;4.0;;[12 41 84];[1 1 2];[False False False];['America MG' 'CRB' 'CRB'];[0 1 0];[ 1  0 -1];['D' 'H' 'D'];['H' 'D' 'A'];0.61;0.32;0.07;0.36;0.64;0.0;1973.0;22032.0;america fc mg;cr brasil al;1.9;1.83;Youth
2026-05-03;193192174;Brazil Serie B;Brazil;20:30;Full;0.08558262014483209;1.975;2.0, 2.5;1.825;2.0, 2.5;5.0;3.0;;0.0;3.0;3.0;2.0;3.0;100.0;Avai;;1.0;5.0;2.45;1;3.0;3 - 3;3.0;Novorizontino;;1.0;1.0;3.1;0;3.0;-0.25;5 - 3;0-3;2.25;1.0;1 - 2;-;0.0;0.0;82.0;18.0;0.0;0.0;0.0;1.0;;;;;;;;1.0;1.0;2.0;1.0;67.0;33.0;0.0;0.0;3.0;3.0;;[ 23  48  74  91 102 105];[1 2 2 2 2 2];[False False False  True  True  True];['Avai' 'Novorizontino' 'Novorizontino' 'Avai' 'Novorizontino' 'Avai'];[ 0  1  0 -1  0 -1];[ 1  0 -1  0 -1  0];['D' 'H' 'D' 'A' 'D' 'A'];['H' 'D' 'A' 'D' 'A' 'D'];0.57;0.24;0.19;0.51;0.49;0.0;7315.0;135514.0;avai fc sc;gremio novorizontino sp;2.0;1.83;Youth
2026-05-03;193830118;USA MLS Next Pro League;USA;21:00;Full;0.06238859180035644;1.875;3.0;1.925;3.0;3.0;10.0;;1.0;8.0;9.0;207.0;126.0;100.0;Colorado Rapids II;;1.0;2.0;2.2;0;1.0;1 - 3;3.6;Houston Dynamo II;;0.0;3.0;2.55;2;3.0;-0.25;3 - 10;1-8;3.0;1.25;53 - 73;20 - 47;47.0;20.0;44.0;56.0;8.0;1.0;9.0;1.0;;;;;;;;101.0;106.0;73.0;53.0;47.0;53.0;13.0;4.0;10.0;3.0;;[26 49 52 53];[1 1 2 2];[False  True False False];"['Houston Dynamo II' 'Houston Dynamo II' 'Houston Dynamo II'
 'Colorado Rapids II']";[ 0 -1 -2 -3];[-1 -2 -3 -2];['D' 'A' 'A' 'A'];['A' 'A' 'A' 'A'];0.29;0.0;0.71;0.53;0.0;0.47;2510.0;2508.0;colorado rapids;houston dynamo;;;Youth
2026-05-03;193980660;Panama Liga de Futbol Nacional;Panama;21:00;Full;-0.009250693802035193;1.9;3.5, 4.0;1.9;3.5, 4.0;9.0;7.0;;5.0;5.0;10.0;190.0;160.0;100.0;Cetes FC;;1.0;2.0;2.35;0;1.0;1 - 2;3.9;FC Panama Norte;;0.0;5.0;2.3;2;2.0;0.0;9 - 7;5-5;3.75;1.5;105 - 55;43 - 31;31.0;43.0;39.0;61.0;4.0;7.0;5.0;4.0;;;;;;;;77.0;113.0;55.0;105.0;36.0;64.0;8.0;16.0;6.0;9.0;;[ 1  8 51];[1 1 2];[False False False];['FC Panama Norte' 'FC Panama Norte' 'Cetes FC'];[ 0 -1 -2];[-1 -2 -1];['D' 'A' 'A'];['A' 'A' 'A'];0.01;0.0;0.99;0.02;0.0;0.98;;;;;;;
2026-05-03;193830126;USA MLS Next Pro League;USA;21:00;Full;-0.018115942028985532;1.825;3.0, 3.5;1.975;3.0, 3.5;7.0;8.0;;0.0;7.0;7.0;165.0;119.0;100.0;Sporting Kansas City II;;0.0;1.0;2.4;1;2.0;2 - 2;3.75;Tacoma Defiance;;0.0;2.0;2.3;1;2.0;0.0;7 - 8;0-7;3.25;1.5;47 - 72;19 - 48;48.0;19.0;61.0;39.0;4.0;1.0;3.0;2.0;;;;;;;;89.0;76.0;72.0;47.0;60.0;40.0;10.0;4.0;4.0;3.0;;[40 45 57 63];[1 1 2 2];[False False False False];"['Sporting Kansas City II' 'Tacoma Defiance' 'Tacoma Defiance'
 'Sporting Kansas City II']";[ 0  1  0 -1];[ 1  0 -1  0];['D' 'H' 'D' 'A'];['H' 'D' 'A' 'D'];0.88;0.06;0.07;0.89;0.11;0.0;;;;;;;Youth
2026-05-03;193982474;Aruba Division Di Honor;Aruba;21:00;Full;0.13636363636363635;1.875;3.5;1.925;3.5;5.0;2.0;;1.0;1.0;2.0;141.0;81.0;100.0;SV Atlantico Deportivo;;0.0;1.0;2.0;0;0.0;0 - 1;3.8;SV Caravel;;0.0;2.0;2.75;0;1.0;-0.25;5 - 2;1-1;3.5;1.5;37 - 44;14 - 25;25.0;14.0;45.0;55.0;5.0;0.0;2.0;0.0;;;;;;;;77.0;64.0;44.0;37.0;48.0;52.0;9.0;0.0;5.0;0.0;;[73];[2];[False];['SV Caravel'];[0];[-1];['D'];['A'];0.81;0.0;0.19;1.0;0.0;0.0;;;;;;;
2026-05-03;193982431;Chile Copa de la Liga;Chile;21:00;Full;0.18207282913165262;1.825;2.5;1.975;2.5;5.0;9.0;;3.0;5.0;8.0;260.0;166.0;100.0;Deportes Limache;;0.0;2.0;2.1;0;1.0;1 - 1;3.25;O'Higgins;;0.0;1.0;3.4;0;1.0;-0.25;5 - 9;3-5;2.5;0.75;79 - 87;35 - 40;40.0;35.0;50.0;50.0;6.0;3.0;2.0;6.0;;;;;;;;144.0;116.0;87.0;79.0;50.0;50.0;13.0;9.0;4.0;11.0;;[50 78];[2 2];[False False];"['Deportes Limache' ""O'Higgins""]";[0 1];[1 0];['D' 'H'];['H' 'D'];0.69;0.31;0.0;1.0;0.0;0.0;434002.0;3163.0;deportes limache;cd o´higgins;1.66;1.66;
2026-05-03;193982503;Barbados Premier League;Barbados;21:00;Full;-0.23284823284823275;1.95;2.5, 3.0;1.85;2.5, 3.0;3.0;8.0;;2.0;5.0;7.0;0.0;0.0;;Ellerton FC;;0.0;1.0;3.25;0;1.0;1 - 2;3.6;Weymouth Wales;;0.0;1.0;1.85;1;2.0;+0.5;3 - 8;2-5;2.75;1.0;-;-;0.0;0.0;;;0.0;0.0;1.0;0.0;;;;;;;;0.0;0.0;0.0;0.0;;;0.0;0.0;2.0;1.0;;[ 7 66 93];[1 2 2];[False False  True];['Weymouth Wales' 'Ellerton FC' 'Weymouth Wales'];[ 0 -1  0];[-1  0 -1];['D' 'A' 'D'];['A' 'D' 'A'];0.37;0.0;0.63;0.16;0.0;0.84;;;;;;;
2026-05-03;193984272;Honduras Liga Nacional;Honduras;21:15;Full;-0.3226285391890487;1.85;2.5, 3.0;1.95;2.5, 3.0;4.0;4.0;;3.0;2.0;5.0;138.0;155.0;100.0;Genesis de Comayagua;6.0;0.0;4.0;3.9;0;1.0;1 - 1;3.6;Motagua;2.0;0.0;3.0;1.727;1;1.0;+0.75;4 - 4;3-2;2.75;1.25;79 - 76;37 - 36;36.0;37.0;48.0;52.0;2.0;2.0;2.0;2.0;;;;;;;;68.0;70.0;76.0;79.0;53.0;47.0;6.0;3.0;7.0;3.0;;[31 59];[1 2];[False False];['Motagua' 'Genesis de Comayagua'];[ 0 -1];[-1  0];['D' 'A'];['A' 'D'];0.69;0.0;0.31;0.69;0.0;0.31;;;;;;;
2026-05-03;193985743;Panama Liga de Futbol Nacional;Panama;22:00;Full;-0.018115942028985532;1.875;3.5, 4.0;1.925;3.5, 4.0;5.0;3.0;;2.0;1.0;3.0;159.0;141.0;;CD Tenerife Academia Panama;;0.0;5.0;2.4;1;3.0;3 - 0;3.75;CF Don Bosco;;0.0;3.0;2.3;0;0.0;0.0;5 - 3;2-1;3.75;1.5;73 - 68;40 - 31;31.0;40.0;;;7.0;7.0;3.0;5.0;;;;;;;;84.0;75.0;68.0;73.0;;;14.0;15.0;4.0;8.0;;[19 84 94];[1 2 2];[False False  True];"['CD Tenerife Academia Panama' 'CD Tenerife Academia Panama'
 'CD Tenerife Academia Panama']";[0 1 2];[1 2 3];['D' 'H' 'H'];['H' 'H' 'H'];0.2;0.8;0.0;0.42;0.58;0.0;;;;;;;
2026-05-03;193980649;Mexico Liga MX Femenil;Mexico;22:00;Full;0.5107025938050869;1.975;3.0, 3.5;1.825;3.0, 3.5;7.0;7.0;;3.0;6.0;9.0;0.0;0.0;;Tigres UANL (W);;0.0;1.0;1.444;0;1.0;1 - 2;4.333;Toluca (W);;0.0;1.0;5.5;1;2.0;-1.25;7 - 7;3-6;3.25;1.25;-;-;0.0;0.0;;;0.0;0.0;1.0;0.0;;;;;;;;0.0;0.0;0.0;0.0;;;0.0;0.0;2.0;1.0;;[30 53 81];[1 2 2];[False False False];['Toluca (W)' 'Toluca (W)' 'Tigres UANL (W)'];[ 0 -1 -2];[-1 -2 -1];['D' 'A' 'A'];['A' 'A' 'A'];0.33;0.0;0.67;0.67;0.0;0.33;334075.0;1931.0;cf tigres uanl;deportivo toluca fc;;;Women
2026-05-03;193980637;Guatemala Primera Division;Guatemala;22:00;Full;0.6624015748031495;1.925;3.0;1.875;3.0;1.0;2.0;;1.0;0.0;1.0;136.0;109.0;100.0;Suchitepequez;;0.0;2.0;1.27;3;3.0;3 - 0;5.0;Chichicasteco FC;;0.0;1.0;8.0;0;0.0;-1.75;1 - 2;1-0;3.0;1.25;61 - 48;31 - 22;22.0;31.0;42.0;58.0;3.0;1.0;1.0;3.0;;;;;;;;61.0;75.0;48.0;61.0;46.0;54.0;5.0;4.0;1.0;4.0;;[ 7 23 42];[1 1 1];[False False False];['Suchitepequez' 'Suchitepequez' 'Suchitepequez'];[0 1 2];[1 2 3];['D' 'H' 'H'];['H' 'H' 'H'];0.08;0.92;0.0;0.16;0.84;0.0;;;;;;;
2026-05-03;193777682;Guatemala Liga Nacional;Guatemala;22:00;Full;0.6723418187771139;1.8;2.5;2.0;2.5;5.0;2.0;;2.0;0.0;2.0;85.0;55.0;100.0;Xelaju;;0.0;5.0;1.286;2;2.0;2 - 0;4.333;Marquense;;1.0;6.0;9.5;0;0.0;-1.5;5 - 2;2-0;2.5;1.0;33 - 22;18 - 13;13.0;18.0;38.0;62.0;3.0;3.0;2.0;6.0;;;;;;;;40.0;45.0;22.0;33.0;44.0;56.0;6.0;9.0;2.0;6.0;;[20 30];[1 1];[False False];['Xelaju' 'Xelaju'];[0 1];[1 2];['D' 'H'];['H' 'H'];0.22;0.78;0.0;0.44;0.56;0.0;;;;;;;
2026-05-03;193982445;Mexico Liga de Expansion;Mexico;22:05;Full;0.22972972972972977;1.95;2.5;1.85;2.5;4.0;1.0;;1.0;0.0;1.0;200.0;93.0;100.0;Tepatitlan de Morelos;;0.0;2.0;2.0;0;1.0;1 - 1;3.4;Mineros de Zacatecas;;1.0;4.0;3.7;0;1.0;-0.5;4 - 1;1-0;2.5;1.0;55 - 38;17 - 24;24.0;17.0;54.0;46.0;5.0;3.0;2.0;1.0;;;;;;;;86.0;114.0;38.0;55.0;50.0;50.0;7.0;5.0;4.0;3.0;;[62 77];[2 2];[False False];['Mineros de Zacatecas' 'Tepatitlan de Morelos'];[ 0 -1];[-1  0];['D' 'A'];['A' 'D'];0.83;0.0;0.17;1.0;0.0;0.0;;;;;;;
2026-05-03;193711643;Mexico Liga MX;Mexico;22:15;Full;0.3174603174603175;1.925;2.5, 3.0;1.875;2.5, 3.0;10.0;4.0;;3.0;1.0;4.0;192.0;92.0;100.0;Toluca;;0.0;1.0;1.8;0;0.0;0 - 1;3.9;Pachuca;;0.0;2.0;4.2;1;1.0;-0.75;10 - 4;3-1;2.75;1.25;67 - 25;31 - 8;8.0;31.0;33.0;67.0;3.0;6.0;3.0;1.0;;;;;;;;72.0;120.0;25.0;67.0;34.0;66.0;9.0;12.0;6.0;4.0;;[8];[1];[False];['Pachuca'];[0];[-1];['D'];['A'];0.09;0.0;0.91;0.18;0.0;0.82;1931.0;1936.0;deportivo toluca fc;cf pachuca;1.66;1.66;
2026-05-03;193994455;China U20 League;China;23:00;Full;-0.027777777777777735;2.0;3.0, 3.5;1.8;3.0, 3.5;3.0;11.0;;2.0;5.0;7.0;190.0;107.0;100.0;Nantong Zhiyun U20;;0.0;2.0;2.4;1;1.0;1 - 3;4.0;Henan U20;;0.0;2.0;2.25;1;3.0;0.0;3 - 11;2-5;3.25;1.25;33 - 74;22 - 38;38.0;22.0;59.0;41.0;11.0;4.0;5.0;2.0;;;;;;;;107.0;83.0;74.0;33.0;61.0;39.0;22.0;5.0;13.0;3.0;;[23 41 70 91];[1 1 2 2];[False False False  True];['Henan U20' 'Nantong Zhiyun U20' 'Henan U20' 'Henan U20'];[ 0 -1  0 -1];[-1  0 -1 -2];['D' 'A' 'D' 'A'];['A' 'D' 'A' 'A'];0.57;0.0;0.43;0.6;0.0;0.4;327153.0;34692.0;nantong zhiyun;henan;;;Youth
2026-05-03;193994461;China U20 League;China;23:00;Full;-0.7280701754385965;1.9;3.0, 3.5;1.9;3.0, 3.5;6.0;3.0;;1.0;1.0;2.0;152.0;98.0;100.0;Linyi Yihu U20;;0.0;0.0;9.5;1;1.0;1 - 3;5.75;Tianjin Jinmen Tigers U20;;0.0;0.0;1.2;2;3.0;+2.0;6 - 3;1-1;3.25;1.25;48 - 50;18 - 27;27.0;18.0;72.0;28.0;2.0;1.0;5.0;4.0;;;;;;;;96.0;56.0;50.0;48.0;66.0;34.0;3.0;2.0;8.0;4.0;;[20 29 36 69];[1 1 1 2];[False False False False];"['Tianjin Jinmen Tigers U20' 'Tianjin Jinmen Tigers U20' 'Linyi Yihu U20'
 'Tianjin Jinmen Tigers U20']";[ 0 -1 -2 -1];[-1 -2 -1 -2];['D' 'A' 'A' 'A'];['A' 'A' 'A' 'A'];0.22;0.0;0.78;0.44;0.0;0.56;;3367.0;;tianjin jinmen tiger;;;Youth
2026-05-03;193994463;China U20 League;China;23:00;Full;0.6073304040295788;1.9;3.0;1.9;3.0;10.0;1.0;;4.0;1.0;5.0;151.0;104.0;100.0;Qingdao West Coast U20;;0.0;2.0;1.333;2;4.0;4 - 2;4.5;Shijiazhuang U20;;0.0;1.0;7.0;1;2.0;-1.5;10 - 1;4-1;3.0;1.25;74 - 30;37 - 16;16.0;37.0;37.0;63.0;2.0;5.0;2.0;6.0;;;;;;;;67.0;84.0;30.0;74.0;33.0;67.0;4.0;11.0;4.0;12.0;;[13 20 45 69 86 90];[1 1 1 2 2 2];[False False False False False False];"['Qingdao West Coast U20' 'Shijiazhuang U20' 'Qingdao West Coast U20'
 'Shijiazhuang U20' 'Qingdao West Coast U20' 'Qingdao West Coast U20']";[0 1 0 1 0 1];[1 0 1 0 1 2];['D' 'H' 'D' 'H' 'D' 'H'];['H' 'D' 'H' 'D' 'H' 'H'];0.61;0.39;0.0;0.84;0.16;0.0;754363.0;;qingdao west coast fc;;;;Youth
2026-05-03;193994477;China U20 League;China;23:00;Full;0.027777777777777735;1.9;3.0;1.9;3.0;7.0;4.0;;2.0;3.0;5.0;151.0;103.0;100.0;Yunnan Yukun U20;;0.0;2.0;2.25;0;0.0;0 - 1;4.0;Ningbo Professional U20;;0.0;4.0;2.4;1;1.0;0.0;7 - 4;2-3;3.0;1.25;64 - 39;19 - 19;19.0;19.0;53.0;47.0;2.0;4.0;1.0;0.0;;;;;;;;69.0;82.0;39.0;64.0;45.0;55.0;3.0;15.0;3.0;3.0;;[48];[1];[ True];['Ningbo Professional U20'];[0];[-1];['D'];['A'];0.53;0.0;0.47;1.0;0.0;0.0;1009011.0;;yunnan yukun;;;;Youth
2026-05-03;193994458;China U20 League;China;23:00;Full;0.6754734627075052;1.8;3.0;2.0;3.0;7.0;0.0;;4.0;0.0;4.0;120.0;89.0;100.0;Hubei Istar U20;;0.0;0.0;1.222;3;9.0;9 - 0;6.25;Wenzhou Professional U20;;0.0;1.0;7.0;0;0.0;-2.0;7 - 0;4-0;3.0;1.25;80 - 9;35 - 3;3.0;35.0;37.0;63.0;0.0;7.0;0.0;6.0;;;;;;;;22.0;98.0;9.0;80.0;37.0;63.0;3.0;12.0;2.0;30.0;;[34 36 45 50 51 57 66 80 88];[1 1 1 2 2 2 2 2 2];[False False False False False False False False False];"['Hubei Istar U20' 'Hubei Istar U20' 'Hubei Istar U20' 'Hubei Istar U20'
 'Hubei Istar U20' 'Hubei Istar U20' 'Hubei Istar U20' 'Hubei Istar U20'
 'Hubei Istar U20']";[0 1 2 3 4 5 6 7 8];[1 2 3 4 5 6 7 8 9];['D' 'H' 'H' 'H' 'H' 'H' 'H' 'H' 'H'];['H' 'H' 'H' 'H' 'H' 'H' 'H' 'H' 'H'];0.38;0.62;0.0;0.76;0.24;0.0;;;;;;;Youth
2026-05-03;193830144;USA MLS Next Pro League;USA;23:00;Full;0.13636363636363635;1.825;3.5, 4.0;1.975;3.5, 4.0;4.0;8.0;;2.0;2.0;4.0;197.0;112.0;100.0;Los Angeles FC II;;0.0;2.0;2.0;2;2.0;2 - 1;4.0;Vancouver Whitecaps II;;0.0;1.0;2.75;1;1.0;-0.25;4 - 8;2-2;3.75;1.5;46 - 66;21 - 29;29.0;21.0;49.0;51.0;3.0;1.0;2.0;2.0;;;;;;;;99.0;98.0;66.0;46.0;50.0;50.0;10.0;6.0;3.0;3.0;;[13 30 37];[1 1 1];[False False False];['Vancouver Whitecaps II' 'Los Angeles FC II' 'Los Angeles FC II'];[ 0 -1  0];[-1  0  1];['D' 'A' 'D'];['A' 'D' 'H'];0.22;0.59;0.19;0.44;0.18;0.38;;22010.0;;vancouver whitecaps fc;;;Youth
