Date;Match ID;League;country;Time;Status;Stats;Diff_Prob;OddAsianOverGoals_FT;AsianOverGoals_FT;OddAsianUnderGoals_FT;AsianUnderGoals_FT;corners_home;corners_away;corners_FT;corners_home_HT;corners_away_HT;Corners_HT;attack_FT;dangerous_attack_FT;possession_FT;Home;Home Pos;Home Red Cards;Home Yellow Cards;Odd_H_FT;Goals_H_HT;Goals_H_FT;Score;Odd_D_FT;Away;Away Pos;Away Red Cards;Away Yellow Cards;Odd_A_FT;Goals_A_HT;Goals_A_FT;Handicap;Corners (FT);Corners (HT);Total Goals Line (FT);Total Goals Line (HT);Dangerous Attacks (FT);Dangerous Attacks (HT);half_dangerous_attack_away;half_dangerous_attack_home;half_possession_away;half_possession_home;half_shoot_off_target_away;half_shoot_off_target_home;half_shoot_on_target_away;half_shoot_on_target_home;odds_lose_odds;odds_win_odds;odds_draw_odds;handicap_goal_over_line;handicap_goal_over_odds;handicap_goal_under_odds;handicap_goal_under_line;attack_away;attack_home;dangerous_attack_away;dangerous_attack_home;possession_away;possession_home;shoot_off_target_away;shoot_off_target_home;shoot_on_target_away;shoot_on_target_home;GoalMinutes;goal_minutes_real;goal_periods;is_extra_time;goal_scorers;goal_diff_before_list;goal_diff_after_list;period_result_before_list;period_result_after_list;pct_time_drawing;pct_time_home_winning;pct_time_away_winning;pct_time_drawing_HT;pct_time_home_winning_HT;pct_time_away_winning_HT;api_H_id;api_A_id;api_H_name;api_A_name;odd_yes_abertura;odd_yes_fechamento;category
2026-05-17;194651889;Fiji National League;Fiji;00:00;Full;True;-0.2936507936507936;1.9;3.0;1.9;3.0;0.0;0.0;;0.0;0.0;0.0;0.0;0.0;;Nadi FC;;0.0;0.0;3.6;1;1.0;1 - 2;3.75;Lautoka FC;;0.0;0.0;1.75;0;2.0;+0.5;0 - 0;0-0;3.0;1.25;-;-;0.0;0.0;;;0.0;0.0;0.0;0.0;;;;;;;;0.0;0.0;0.0;0.0;;;0.0;0.0;2.0;1.0;;[28 82 85];[1 2 2];[False False False];['Nadi FC' 'Lautoka FC' 'Lautoka FC'];[0 1 0];[ 1  0 -1];['D' 'H' 'D'];['H' 'D' 'A'];0.34;0.6;0.06;0.62;0.38;0.0;;;;;;;
2026-05-17;194651885;Fiji National League;Fiji;00:00;Full;True;0.09474590869939709;1.8;2.5, 3.0;2.0;2.5, 3.0;6.0;3.0;;4.0;2.0;6.0;0.0;0.0;;BA FC;;0.0;0.0;2.15;1;2.0;2 - 3;3.5;Rewa FC;;0.0;1.0;2.7;1;3.0;-0.25;6 - 3;4-2;2.75;1.0;-;-;0.0;0.0;;;0.0;0.0;1.0;1.0;;;;;;;;0.0;0.0;0.0;0.0;;;0.0;0.0;3.0;2.0;;[42 43 48 52 73];[1 1 2 2 2];[False False False False False];['BA FC' 'Rewa FC' 'BA FC' 'Rewa FC' 'Rewa FC'];[0 1 0 1 0];[ 1  0  1  0 -1];['D' 'H' 'D' 'H' 'D'];['H' 'D' 'H' 'D' 'A'];0.76;0.06;0.19;0.98;0.02;0.0;;;;;;;
2026-05-17;194592035;Australia Northern NSW Reserves League;Australia;00:00;Schedule;False;0.24570546226597184;1.85;3.5;1.95;3.5;0.0;0.0;;0.0;0.0;0.0;0.0;0.0;;Newcastle Olympic FC Reserves;;0.0;0.0;1.727;0;0.0;0 - 0;5.0;Weston Workers Reserves;;0.0;0.0;3.0;0;0.0;-0.75;0 - 0;0-0;3.5;1.5;-;nan;;;;;;;;;;;;;;;;0.0;0.0;0.0;0.0;;;0.0;0.0;0.0;0.0;;[];[];[];[];[];[];[];[];1.0;0.0;0.0;1.0;0.0;0.0;;;;;;;Youth
2026-05-17;194651893;Fiji National League;Fiji;00:00;Full;True;0.2514360899842752;1.9;3.0;1.9;3.0;2.0;3.0;;1.0;3.0;4.0;123.0;85.0;100.0;Navua FC;;0.0;2.0;1.833;1;1.0;1 - 1;3.7;Nasinu FC;;1.0;3.0;3.4;0;1.0;-0.5;2 - 3;1-3;3.0;1.25;48 - 37;17 - 19;19.0;17.0;39.0;61.0;0.0;0.0;1.0;1.0;;;;;;;;64.0;59.0;37.0;48.0;46.0;54.0;0.0;0.0;3.0;1.0;;[ 2 73];[1 2];[False False];['Navua FC' 'Nasinu FC'];[0 1];[1 0];['D' 'H'];['H' 'D'];0.21;0.79;0.0;0.04;0.96;0.0;;;;;;;
2026-05-17;194752524;Fiji National League;Fiji;00:00;Full;True;-0.4444444444444444;1.9;3.0, 3.5;1.9;3.0, 3.5;3.0;3.0;;3.0;3.0;6.0;0.0;0.0;;Nadroga FC;;0.0;0.0;4.5;2;4.0;4 - 1;4.5;Suva FC;;0.0;0.0;1.5;1;1.0;+1.0;3 - 3;3-3;3.25;1.25;-;-;0.0;0.0;;;0.0;0.0;1.0;2.0;;;;;;;;0.0;0.0;0.0;0.0;;;0.0;0.0;1.0;4.0;;[15 25 40 60 95];[1 1 1 2 2];[False False False False  True];['Suva FC' 'Nadroga FC' 'Nadroga FC' 'Nadroga FC' 'Nadroga FC'];[ 0 -1  0  1  2];[-1  0  1  2  3];['D' 'A' 'D' 'H' 'H'];['A' 'D' 'H' 'H' 'H'];0.32;0.58;0.11;0.67;0.11;0.22;;;;;;;
2026-05-17;194638911;OFC Pro League;International (Oceania);00:00;Full;True;0.19696969696969696;1.875;2.0, 2.5;1.925;2.0, 2.5;3.0;10.0;;3.0;4.0;7.0;0.0;0.0;;Bula;;0.0;3.0;2.0;1;1.0;1 - 1;3.25;Vanuatu United;;1.0;2.0;3.3;0;1.0;-0.5;3 - 10;3-4;2.25;1.0;-;-;0.0;0.0;;;0.0;0.0;0.0;2.0;;;;;;;;0.0;0.0;0.0;0.0;;;0.0;0.0;1.0;2.0;;[ 18 101];[1 2];[False  True];['Bula' 'Vanuatu United'];[0 1];[1 0];['D' 'H'];['H' 'D'];0.18;0.82;0.0;0.4;0.6;0.0;;;;;;;
2026-05-17;194507595;Australia Northern NSW Premier League;Australia;00:00;Full;True;0.2698412698412699;1.975;3.0;1.825;3.0;5.0;3.0;;2.0;1.0;3.0;191.0;143.0;100.0;Broadmeadow Magic;;0.0;2.0;1.8;2;3.0;3 - 2;3.7;Edgeworth Eagles;;0.0;2.0;3.5;1;2.0;-0.5;5 - 3;2-1;3.0;1.25;83 - 60;44 - 18;18.0;44.0;50.0;50.0;0.0;0.0;1.0;3.0;;;;;;;;88.0;103.0;60.0;83.0;50.0;50.0;2.0;3.0;4.0;7.0;;[23 29 37 53 62];[1 1 1 2 2];[False False False False False];"['Broadmeadow Magic' 'Edgeworth Eagles' 'Broadmeadow Magic'
 'Broadmeadow Magic' 'Edgeworth Eagles']";[0 1 0 1 2];[1 0 1 2 1];['D' 'H' 'D' 'H' 'H'];['H' 'D' 'H' 'H' 'H'];0.34;0.66;0.0;0.69;0.31;0.0;;;;;;;
2026-05-17;193381857;Japan J-League;Japan;01:00;Full;True;-0.33333333333333337;1.8;2.0, 2.5;2.0;2.0, 2.5;5.0;3.0;;2.0;2.0;4.0;181.0;74.0;100.0;V-Varen Nagasaki;;0.0;2.0;4.5;2;2.0;2 - 2;3.5;Vissel Kobe;;0.0;1.0;1.8;2;2.0;+0.5;5 - 3;2-2;2.25;1.0;39 - 35;14 - 22;22.0;14.0;53.0;47.0;6.0;3.0;5.0;5.0;;;;;;;;100.0;81.0;35.0;39.0;53.0;47.0;8.0;7.0;5.0;6.0;;[21 27 32 45];[1 1 1 1];[False False False False];['V-Varen Nagasaki' 'Vissel Kobe' 'Vissel Kobe' 'V-Varen Nagasaki'];[ 0  1  0 -1];[ 1  0 -1  0];['D' 'H' 'D' 'A'];['H' 'D' 'A' 'D'];0.79;0.07;0.14;0.58;0.13;0.29;38154.0;3146.0;v-varen nagasaki;vissel kobe;2.0;1.95;
2026-05-17;194596835;Japan JFL Cup;Japan;01:00;Full;True;0.24642289348171692;1.925;2.5, 3.0;1.875;2.5, 3.0;7.0;3.0;;3.0;3.0;6.0;116.0;62.0;100.0;Criacao Shinjuku;;0.0;2.0;1.85;0;1.0;1 - 4;3.7;YSCC;;0.0;1.0;3.4;2;4.0;-0.5;7 - 3;3-3;2.75;1.25;42 - 20;19 - 11;11.0;19.0;51.0;49.0;6.0;6.0;6.0;3.0;;;;;;;;51.0;65.0;20.0;42.0;36.0;64.0;7.0;13.0;9.0;10.0;;[19 29 63 65 71];[1 1 2 2 2];[False False False False False];['YSCC' 'YSCC' 'YSCC' 'YSCC' 'Criacao Shinjuku'];[ 0 -1 -2 -3 -4];[-1 -2 -3 -4 -3];['D' 'A' 'A' 'A' 'A'];['A' 'A' 'A' 'A' 'A'];0.21;0.0;0.79;0.42;0.0;0.58;;;;;;;
2026-05-17;194596838;Japan JFL Cup;Japan;01:00;Full;True;-0.08417508417508418;2.0;2.5, 3.0;1.8;2.5, 3.0;1.0;4.0;;1.0;1.0;2.0;171.0;110.0;100.0;Okinawa SV;;0.0;1.0;2.7;0;1.0;1 - 0;3.5;Honda FC;;0.0;0.0;2.2;0;0.0;+0.25;1 - 4;1-1;2.75;1.0;60 - 50;38 - 19;19.0;38.0;45.0;55.0;1.0;2.0;2.0;1.0;;;;;;;;90.0;81.0;50.0;60.0;56.0;44.0;14.0;3.0;5.0;5.0;;[76];[2];[False];['Okinawa SV'];[0];[1];['D'];['H'];0.84;0.16;0.0;1.0;0.0;0.0;;;;;;;
2026-05-17;194596816;Japan JFL Cup;Japan;01:00;Full;True;0.23219814241486064;1.9;2.5;1.9;2.5;6.0;2.0;;2.0;1.0;3.0;143.0;78.0;100.0;Reinmeer Aomori;;0.0;0.0;1.9;0;2.0;2 - 0;3.5;Briobecca Urayasu SC;;0.0;1.0;3.4;0;0.0;-0.5;6 - 2;2-1;2.5;1.0;41 - 37;23 - 15;15.0;23.0;38.0;62.0;0.0;5.0;1.0;1.0;;;;;;;;64.0;79.0;37.0;41.0;45.0;55.0;3.0;9.0;3.0;4.0;;[53 89];[2 2];[False False];['Reinmeer Aomori' 'Reinmeer Aomori'];[0 1];[1 2];['D' 'H'];['H' 'H'];0.59;0.41;0.0;1.0;0.0;0.0;;;;;;;
2026-05-17;194640772;Japan Regional League;Japan;01:00;Full;True;0.9034914361001317;1.95;4.0;1.85;4.0;9.0;1.0;;5.0;0.0;5.0;180.0;76.0;100.0;KMG Holdings;;0.0;0.0;1.056;4;4.0;4 - 0;11.0;CA Celeste;;0.0;0.0;23.0;0;0.0;-3.25;9 - 1;5-0;4.0;1.75;48 - 28;26 - 10;10.0;26.0;39.0;61.0;1.0;3.0;1.0;7.0;;;;;;;;83.0;97.0;28.0;48.0;44.0;56.0;7.0;6.0;1.0;10.0;;[ 4 18 25 36];[1 1 1 1];[False False False False];['KMG Holdings' 'KMG Holdings' 'KMG Holdings' 'KMG Holdings'];[0 1 2 3];[1 2 3 4];['D' 'H' 'H' 'H'];['H' 'H' 'H' 'H'];0.04;0.96;0.0;0.09;0.91;0.0;;;;;;;
2026-05-17;194596827;Japan JFL Cup;Japan;01:00;Full;True;0.0735930735930736;1.95;2.5, 3.0;1.85;2.5, 3.0;10.0;6.0;;5.0;3.0;8.0;124.0;62.0;100.0;Yokogawa Musashino FC;;0.0;0.0;2.2;1;2.0;2 - 0;3.6;Vonds Ichihara;;0.0;0.0;2.625;0;0.0;0.0;10 - 6;5-3;2.75;1.0;30 - 32;15 - 15;15.0;15.0;51.0;49.0;2.0;4.0;1.0;1.0;;;;;;;;69.0;55.0;32.0;30.0;52.0;48.0;4.0;9.0;5.0;3.0;;[31 71];[1 2];[False False];['Yokogawa Musashino FC' 'Yokogawa Musashino FC'];[0 1];[1 2];['D' 'H'];['H' 'H'];0.34;0.66;0.0;0.69;0.31;0.0;;;;;;;
2026-05-17;194596812;Japan Challenge League Women;Japan;01:00;Full;True;0.4666666666666666;;2.5;;2.5;11.0;4.0;;6.0;1.0;7.0;137.0;166.0;;Okayama Yunogo Belle (W);;0.0;0.0;1.5;0;0.0;0 - 1;4.0;Nittaidai FC (W);;0.0;0.0;5.0;0;1.0;-0.75;11 - 4;6-1;2.5;nan;102 - 64;60 - 27;27.0;60.0;;;0.0;4.0;1.0;2.0;;;;;;;;72.0;65.0;64.0;102.0;;;3.0;8.0;3.0;5.0;;[86];[2];[False];['Nittaidai FC (W)'];[0];[-1];['D'];['A'];0.96;0.0;0.04;1.0;0.0;0.0;;;;;;;Women
2026-05-17;194596842;Japan Regional League;Japan;01:00;Full;True;-0.5186077321450079;1.9;3.0;1.9;3.0;3.0;5.0;;2.0;3.0;5.0;192.0;50.0;100.0;Artista Asama;;0.0;1.0;5.75;0;0.0;0 - 0;4.1;Toyama Shinjo Club;;0.0;1.0;1.444;0;0.0;+1.25;3 - 5;2-3;3.0;1.25;30 - 20;20 - 9;9.0;20.0;43.0;57.0;1.0;3.0;0.0;4.0;;;;;;;;76.0;116.0;20.0;30.0;46.0;54.0;6.0;7.0;4.0;5.0;;[];[];[];[];[];[];[];[];1.0;0.0;0.0;1.0;0.0;0.0;;;;;;;
2026-05-17;194640770;Japan L2 League Women;Japan;01:30;Full;True;0.35681657337708295;1.875;2.0, 2.5;1.925;2.0, 2.5;9.0;2.0;;4.0;1.0;5.0;161.0;144.0;;Diavorosso Hiroshima (W);;0.0;0.0;1.727;2;2.0;2 - 1;3.2;FC Yamato Sylphid (W);;0.0;0.0;4.5;0;1.0;-1.0;9 - 2;4-1;2.25;1.0;90 - 54;41 - 32;32.0;41.0;;;2.0;3.0;0.0;4.0;;;;;;;;92.0;69.0;54.0;90.0;;;3.0;8.0;3.0;9.0;;[ 7 39 58];[1 1 2];[False False False];"['Diavorosso Hiroshima (W)' 'Diavorosso Hiroshima (W)'
 'FC Yamato Sylphid (W)']";[0 1 2];[1 2 1];['D' 'H' 'H'];['H' 'H' 'H'];0.08;0.92;0.0;0.16;0.84;0.0;;;;;;;Women
2026-05-17;194591094;Australia Capital Territory Premier League Women;Australia;01:30;Full;True;0.9607843137254901;1.85;5.0;1.95;5.0;3.0;0.0;;1.0;0.0;1.0;201.0;129.0;;Canberra Olympic (W);;0.0;2.0;1.02;0;1.0;1 - 1;21.0;Tuggeranong Utd (W);;0.0;1.0;51.0;1;1.0;-4.25;3 - 0;1-0;5.0;2.25;86 - 43;48 - 22;22.0;48.0;;;1.0;6.0;2.0;5.0;;;;;;;;88.0;113.0;43.0;86.0;;;2.0;10.0;2.0;6.0;;[12 94];[1 2];[False  True];['Tuggeranong Utd (W)' 'Canberra Olympic (W)'];[ 0 -1];[-1  0];['D' 'A'];['A' 'D'];0.13;0.0;0.87;0.27;0.0;0.73;;;;;;;Women
2026-05-17;194588587;Australia New South Wales NPL Women;Australia;01:40;Full;True;0.31796502384737685;2.0;3.0;1.8;3.0;6.0;2.0;;1.0;1.0;2.0;151.0;177.0;100.0;Bulls FC Academy (W);;0.0;1.0;1.7;1;2.0;2 - 2;3.9;Manly Utd (W);;0.0;0.0;3.7;1;2.0;-0.75;6 - 2;1-1;3.0;1.25;103 - 74;53 - 26;26.0;53.0;44.0;56.0;0.0;1.0;2.0;3.0;;;;;;;;79.0;72.0;74.0;103.0;42.0;58.0;1.0;4.0;6.0;6.0;;[25 28 54 80];[1 1 2 2];[False False False False];"['Bulls FC Academy (W)' 'Manly Utd (W)' 'Bulls FC Academy (W)'
 'Manly Utd (W)']";[0 1 0 1];[1 0 1 0];['D' 'H' 'D' 'H'];['H' 'D' 'H' 'D'];0.68;0.32;0.0;0.93;0.07;0.0;;92208.0;;manly united fc;;;Women
2026-05-17;194588070;Australia South Australia State League Reserves;Australia;01:45;Full;True;0.3066950464396285;1.85;4.0;1.95;4.0;10.0;2.0;;4.0;1.0;5.0;217.0;152.0;;Adelaide Olympic Reserves;;0.0;2.0;1.615;0;0.0;0 - 4;5.25;Cumberland United Reserves;;0.0;1.0;3.2;1;4.0;-1.0;10 - 2;4-1;4.0;1.75;78 - 74;38 - 41;41.0;38.0;;;5.0;3.0;3.0;3.0;;;;;;;;101.0;116.0;74.0;78.0;;;11.0;7.0;6.0;5.0;;[34 51 64 71];[1 2 2 2];[False False False False];"['Cumberland United Reserves' 'Cumberland United Reserves'
 'Cumberland United Reserves' 'Cumberland United Reserves']";[ 0 -1 -2 -3];[-1 -2 -3 -4];['D' 'A' 'A' 'A'];['A' 'A' 'A' 'A'];0.38;0.0;0.62;0.76;0.0;0.24;;;;;;;Youth
2026-05-17;194591969;Australia Northern NSW Premier League Women;Australia;02:00;Full;True;0.92296918767507;1.9;4.5;1.9;4.5;3.0;5.0;;2.0;1.0;3.0;309.0;193.0;100.0;Maitland FC (W);;0.0;0.0;1.05;0;1.0;1 - 1;13.0;Lake Macquarie (W);;0.0;0.0;34.0;1;1.0;-3.5;3 - 5;2-1;4.5;2.0;132 - 61;61 - 35;35.0;61.0;40.0;60.0;2.0;3.0;2.0;1.0;;;;;;;;125.0;184.0;61.0;132.0;38.0;62.0;3.0;7.0;2.0;4.0;;[47 81];[1 2];[ True False];['Lake Macquarie (W)' 'Maitland FC (W)'];[ 0 -1];[-1  0];['D' 'A'];['A' 'D'];0.62;0.0;0.38;1.0;0.0;0.0;;;;;;;Women
2026-05-17;194589702;South Korea K4 League;South Korea;02:00;Full;True;0.11904761904761901;1.9;2.5, 3.0;1.9;2.5, 3.0;4.0;14.0;;2.0;9.0;11.0;118.0;86.0;100.0;Gijang United;;0.0;2.0;2.1;1;1.0;1 - 0;3.5;Sejong SA;;0.0;1.0;2.8;0;0.0;-0.25;4 - 14;2-9;2.75;1.25;29 - 57;14 - 30;30.0;14.0;55.0;45.0;0.0;1.0;0.0;1.0;;;;;;;;68.0;50.0;57.0;29.0;56.0;44.0;0.0;2.0;1.0;1.0;;[16];[1];[False];['Gijang United'];[0];[1];['D'];['H'];0.18;0.82;0.0;0.36;0.64;0.0;;;;;;;
2026-05-17;194709727;Japan Regional League;Japan;02:00;Full;True;0.16849816849816845;2.0;2.0, 2.5;1.8;2.0, 2.5;9.0;0.0;;2.0;0.0;2.0;181.0;86.0;100.0;Nankatsu SC;;0.0;0.0;2.1;0;1.0;1 - 0;3.0;Shibuya City FC;;0.0;4.0;3.25;0;0.0;-0.25;9 - 0;2-0;2.25;0.75;49 - 37;23 - 22;22.0;23.0;47.0;53.0;2.0;4.0;0.0;2.0;;;;;;;;78.0;103.0;37.0;49.0;46.0;54.0;3.0;15.0;1.0;4.0;;[58];[2];[False];['Nankatsu SC'];[0];[1];['D'];['H'];0.64;0.36;0.0;1.0;0.0;0.0;;;;;;;
2026-05-17;194587992;South Korea K3 League;South Korea;02:00;Full;True;-0.3214285714285714;1.825;2.0, 2.5;1.975;2.0, 2.5;1.0;4.0;;0.0;0.0;0.0;169.0;69.0;100.0;Mokpo City FC;;0.0;1.0;4.0;0;0.0;0 - 1;3.4;Gyeongju HNP;;0.0;2.0;1.75;0;1.0;+0.5;1 - 4;0-0;2.25;1.0;28 - 41;6 - 22;22.0;6.0;62.0;38.0;5.0;0.0;1.0;1.0;;;;;;;;89.0;80.0;41.0;28.0;57.0;43.0;6.0;4.0;5.0;2.0;;[89];[2];[False];['Gyeongju HNP'];[0];[-1];['D'];['A'];0.99;0.0;0.01;1.0;0.0;0.0;;;;;;;
2026-05-17;194587990;South Korea K3 League;South Korea;02:00;Full;True;0.47619047619047616;1.975;2.5;1.825;2.5;5.0;2.0;;3.0;2.0;5.0;199.0;142.0;100.0;Siheung City AC;;0.0;1.0;1.5;1;1.0;1 - 1;3.8;Gangneung City;;0.0;1.0;5.25;0;1.0;-1.0;5 - 2;3-2;2.5;1.0;91 - 51;44 - 26;26.0;44.0;36.0;64.0;0.0;4.0;1.0;1.0;;;;;;;;85.0;114.0;51.0;91.0;39.0;61.0;2.0;6.0;3.0;1.0;;[ 1 53];[1 2];[False False];['Siheung City AC' 'Gangneung City'];[0 1];[1 0];['D' 'H'];['H' 'D'];0.42;0.58;0.0;0.02;0.98;0.0;;;;;;;
2026-05-17;194092274;Japan J2/J3 Centennial League;Japan;02:00;Full;True;0.1067193675889328;1.9;2.0, 2.5;1.9;2.0, 2.5;5.0;3.0;;4.0;1.0;5.0;155.0;70.0;100.0;Kataller Toyama;;0.0;0.0;2.2;2;2.0;2 - 2;3.2;Tokushima Vortis;;0.0;3.0;2.875;1;2.0;-0.25;5 - 3;4-1;2.25;1.0;34 - 36;17 - 6;6.0;17.0;42.0;58.0;1.0;5.0;3.0;4.0;;;;;;;;84.0;71.0;36.0;34.0;50.0;50.0;7.0;10.0;7.0;6.0;;[15 24 47 72];[1 1 1 2];[False False  True False];['Tokushima Vortis' 'Kataller Toyama' 'Kataller Toyama' 'Tokushima Vortis'];[ 0 -1  0  1];[-1  0  1  0];['D' 'A' 'D' 'H'];['A' 'D' 'H' 'D'];0.62;0.28;0.1;0.81;0.0;0.19;34035.0;21907.0;kataller toyama;tokushima vortis;1.9;1.9;
2026-05-17;194092242;Japan J2/J3 Centennial League;Japan;02:00;Full;True;0.16522423288749022;1.95;2.0, 2.5;1.85;2.0, 2.5;6.0;4.0;;5.0;4.0;9.0;167.0;106.0;100.0;Blaublitz Akita;;0.0;0.0;2.05;1;3.0;3 - 1;3.25;Thespa Gunma;;0.0;1.0;3.1;0;1.0;-0.25;6 - 4;5-4;2.25;1.0;66 - 40;29 - 20;20.0;29.0;52.0;48.0;0.0;5.0;0.0;1.0;;;;;;;;83.0;84.0;40.0;66.0;48.0;52.0;1.0;7.0;1.0;3.0;;[ 2 52 68 74];[1 2 2 2];[False False False False];['Blaublitz Akita' 'Blaublitz Akita' 'Thespa Gunma' 'Blaublitz Akita'];[0 1 2 1];[1 2 1 2];['D' 'H' 'H' 'H'];['H' 'H' 'H' 'H'];0.02;0.98;0.0;0.04;0.96;0.0;44523.0;21906.0;blaublitz akita;thespakusatsu;2.0;2.1;
2026-05-17;194564862;Australia New South Wales League 1;Australia;02:00;Full;True;0.16666666666666669;1.825;2.5, 3.0;1.975;2.5, 3.0;4.0;8.0;;2.0;3.0;5.0;111.0;94.0;;Central Coast Mariners NPL;;0.0;1.0;2.0;2;5.0;5 - 3;3.7;Hills United FC;;0.0;4.0;3.0;2;3.0;-0.25;4 - 8;2-3;2.75;1.25;32 - 62;18 - 27;27.0;18.0;;;1.0;4.0;10.0;6.0;;;;;;;;69.0;42.0;62.0;32.0;;;6.0;5.0;22.0;11.0;;[ 8 12 18 33 60 62 67 77];[1 1 1 1 2 2 2 2];[False False False False False False False False];"['Central Coast Mariners NPL' 'Hills United FC'
 'Central Coast Mariners NPL' 'Hills United FC'
 'Central Coast Mariners NPL' 'Central Coast Mariners NPL'
 'Hills United FC' 'Central Coast Mariners NPL']";[0 1 0 1 0 1 2 1];[1 0 1 0 1 2 1 2];['D' 'H' 'D' 'H' 'D' 'H' 'H' 'H'];['H' 'D' 'H' 'D' 'H' 'H' 'H' 'H'];0.46;0.54;0.0;0.58;0.42;0.0;;;;;;;
2026-05-17;194640774;Japan Regional League;Japan;02:00;Full;True;0.39421301638587586;1.975;3.0;1.825;3.0;3.0;3.0;;1.0;3.0;4.0;167.0;72.0;100.0;Gakunan F Mosuperio;;0.0;2.0;1.6;0;0.0;0 - 0;3.8;Fujieda City Hall FC;;0.0;4.0;4.333;0;0.0;-1.0;3 - 3;1-3;3.0;1.25;34 - 38;15 - 25;25.0;15.0;52.0;48.0;3.0;3.0;1.0;1.0;;;;;;;;83.0;84.0;38.0;34.0;50.0;50.0;4.0;9.0;1.0;2.0;;[];[];[];[];[];[];[];[];1.0;0.0;0.0;1.0;0.0;0.0;;;;;;;
2026-05-17;193381872;Japan J-League;Japan;02:00;Full;True;0.08333333333333337;1.9;2.0, 2.5;1.9;2.0, 2.5;2.0;4.0;;1.0;3.0;4.0;232.0;74.0;100.0;Fagiano Okayama;;0.0;0.0;2.4;1;2.0;2 - 0;3.2;Shimizu S-Pulse;;0.0;1.0;3.0;0;0.0;-0.25;2 - 4;1-3;2.25;1.0;40 - 34;26 - 18;18.0;26.0;52.0;48.0;5.0;3.0;0.0;3.0;;;;;;;;141.0;91.0;34.0;40.0;60.0;40.0;8.0;8.0;2.0;5.0;;[11 79];[1 2];[False False];['Fagiano Okayama' 'Fagiano Okayama'];[0 1];[1 2];['D' 'H'];['H' 'H'];0.12;0.88;0.0;0.24;0.76;0.0;34034.0;3133.0;fagiano okayama;shimizu s-pulse;1.95;1.9;
2026-05-17;193381869;Japan J-League;Japan;02:00;Full;True;-0.38823529411764707;1.85;2.0, 2.5;1.95;2.0, 2.5;9.0;0.0;;5.0;0.0;5.0;146.0;73.0;100.0;JEF Utd Chiba;;1.0;2.0;5.0;0;0.0;0 - 2;3.7;Kashima Antlers;;0.0;0.0;1.7;1;2.0;+0.75;9 - 0;5-0;2.25;1.0;37 - 36;8 - 18;18.0;8.0;69.0;31.0;4.0;4.0;3.0;2.0;;;;;;;;85.0;61.0;36.0;37.0;61.0;39.0;6.0;6.0;5.0;4.0;;[43 88];[1 2];[False False];['Kashima Antlers' 'Kashima Antlers'];[ 0 -1];[-1 -2];['D' 'A'];['A' 'A'];0.48;0.0;0.52;0.96;0.0;0.04;3144.0;3134.0;jef united chiba;kashima antlers;1.95;2.0;
2026-05-17;194618077;Australia New South Wales NPL Women;Australia;02:00;Full;True;-0.04262574595055413;1.975;3.0, 3.5;1.825;3.0, 3.5;7.0;1.0;;4.0;1.0;5.0;136.0;99.0;100.0;Macarthur Rams (W);;0.0;1.0;2.55;1;3.0;3 - 2;3.5;Northern Tigers FC (W);;0.0;1.0;2.3;2;2.0;0.0;7 - 1;4-1;3.25;1.25;56 - 43;-;0.0;0.0;;;0.0;0.0;0.0;0.0;;;;;;;;68.0;68.0;43.0;56.0;55.0;45.0;5.0;2.0;3.0;9.0;;[ 2 14 17 71 95];[1 1 1 2 2];[False False False False  True];"['Northern Tigers FC (W)' 'Macarthur Rams (W)' 'Northern Tigers FC (W)'
 'Macarthur Rams (W)' 'Macarthur Rams (W)']";[ 0 -1  0 -1  0];[-1  0 -1  0  1];['D' 'A' 'D' 'A' 'D'];['A' 'D' 'A' 'D' 'H'];0.31;0.0;0.69;0.11;0.0;0.89;;;;;;;Women
2026-05-17;194507597;Australia Northern NSW Premier League;Australia;02:00;Full;True;-0.1814882032667876;1.8;3.0, 3.5;2.0;3.0, 3.5;6.0;7.0;;3.0;4.0;7.0;191.0;136.0;100.0;Newcastle Olympic FC;;0.0;2.0;2.9;1;1.0;1 - 2;4.0;Weston Workers FC;;0.0;2.0;1.9;2;2.0;+0.5;6 - 7;3-4;3.25;1.5;56 - 80;25 - 50;50.0;25.0;62.0;38.0;10.0;3.0;2.0;4.0;;;;;;;;111.0;80.0;80.0;56.0;61.0;39.0;15.0;5.0;4.0;6.0;;[26 30 47];[1 1 1];[False False  True];['Weston Workers FC' 'Newcastle Olympic FC' 'Weston Workers FC'];[ 0 -1  0];[-1  0 -1];['D' 'A' 'D'];['A' 'D' 'A'];0.48;0.0;0.52;0.91;0.0;0.09;;;;;;;
2026-05-17;194092248;Japan J2/J3 Centennial League;Japan;02:00;Full;True;0.32903879559930516;1.9;2.0, 2.5;1.9;2.0, 2.5;6.0;5.0;;3.0;2.0;5.0;166.0;109.0;100.0;Kagoshima United;;0.0;0.0;1.727;0;2.0;2 - 1;3.4;Roasso Kumamoto;;0.0;2.0;4.0;0;1.0;-0.75;6 - 5;3-2;2.25;1.0;68 - 41;38 - 22;22.0;38.0;47.0;53.0;2.0;8.0;0.0;1.0;;;;;;;;83.0;83.0;41.0;68.0;45.0;55.0;3.0;10.0;1.0;4.0;;[57 60 66];[2 2 2];[False False False];['Roasso Kumamoto' 'Kagoshima United' 'Kagoshima United'];[ 0 -1  0];[-1  0  1];['D' 'A' 'D'];['A' 'D' 'H'];0.7;0.27;0.03;1.0;0.0;0.0;162632.0;21903.0;kagoshima united;roasso kumamoto;2.1;2.0;
2026-05-17;194589714;South Korea K4 League;South Korea;02:00;Full;True;0.675;2.0;3.0, 3.5;1.8;3.0, 3.5;5.0;3.0;;3.0;0.0;3.0;103.0;70.0;100.0;Jincheon HR;;0.0;2.0;1.25;1;3.0;3 - 0;5.5;Seosan Pioneer;;0.0;1.0;8.0;0;0.0;-1.75;5 - 3;3-0;3.25;1.25;37 - 33;16 - 11;11.0;16.0;29.0;71.0;3.0;5.0;2.0;2.0;;;;;;;;38.0;65.0;33.0;37.0;39.0;61.0;5.0;10.0;3.0;6.0;;[24 55 91];[1 2 2];[False False  True];['Jincheon HR' 'Jincheon HR' 'Jincheon HR'];[0 1 2];[1 2 3];['D' 'H' 'H'];['H' 'H' 'H'];0.26;0.74;0.0;0.53;0.47;0.0;;;;;;;
2026-05-17;194588597;Australia Queensland Premier League 3;Australia;02:00;Full;True;0.8424242424242424;1.95;5.0, 5.5;1.85;5.0, 5.5;8.0;7.0;;2.0;1.0;3.0;175.0;166.0;;Logan Roos FC;4.0;0.0;3.0;1.1;2;2.0;2 - 5;10.0;Redcliffe Dolphins SC;13.0;0.0;0.0;15.0;3;5.0;-3.25;8 - 7;2-1;5.25;2.25;88 - 78;37 - 43;43.0;37.0;;;0.0;2.0;7.0;4.0;;;;;;;;62.0;113.0;78.0;88.0;;;9.0;7.0;9.0;9.0;;[12 21 23 38 44 56 67];[1 1 1 1 1 2 2];[False False False False False False False];"['Logan Roos FC' 'Logan Roos FC' 'Redcliffe Dolphins SC'
 'Redcliffe Dolphins SC' 'Redcliffe Dolphins SC' 'Redcliffe Dolphins SC'
 'Redcliffe Dolphins SC']";[ 0  1  2  1  0 -1 -2];[ 1  2  1  0 -1 -2 -3];['D' 'H' 'H' 'H' 'D' 'A' 'A'];['H' 'H' 'H' 'D' 'A' 'A' 'A'];0.2;0.29;0.51;0.4;0.58;0.02;;;;;;;
2026-05-17;194588127;Australia Cup Qualifying;Australia;02:00;Schedule;False;-0.5953177257525083;1.9;4.0;1.9;4.0;0.0;0.0;;0.0;0.0;0.0;0.0;0.0;;Kingborough Lions;;0.0;0.0;5.75;0;0.0;0 - 0;5.75;South Hobart;;0.0;0.0;1.3;0;0.0;+1.75;0 - 0;0-0;4.0;1.75;-;nan;;;;;;;;;;;;;;;;0.0;0.0;0.0;0.0;;;0.0;0.0;0.0;0.0;;[];[];[];[];[];[];[];[];1.0;0.0;0.0;1.0;0.0;0.0;;;;;;;
2026-05-17;194092270;Japan J2/J3 Centennial League;Japan;02:00;Full;True;0.5792916760658695;1.875;3.0, 3.5;1.925;3.0, 3.5;2.0;4.0;;0.0;2.0;2.0;172.0;96.0;100.0;Omiya Ardija;;0.0;2.0;1.364;0;1.0;1 - 2;4.5;Nagano Parceiro;;0.0;2.0;6.5;0;2.0;-1.5;2 - 4;0-2;3.25;1.25;51 - 45;23 - 21;21.0;23.0;53.0;47.0;3.0;5.0;1.0;2.0;;;;;;;;83.0;89.0;45.0;51.0;47.0;53.0;6.0;7.0;5.0;4.0;;[61 71 85];[2 2 2];[False False False];['Omiya Ardija' 'Nagano Parceiro' 'Nagano Parceiro'];[0 1 0];[ 1  0 -1];['D' 'H' 'D'];['H' 'D' 'A'];0.83;0.11;0.06;1.0;0.0;0.0;5130.0;79883.0;rb omiya ardija;ac nagano parceiro;1.66;1.66;
2026-05-17;194092263;Japan J2/J3 Centennial League;Japan;02:00;Full;True;-0.2350427350427351;1.775;2.0;2.025;2.0;3.0;8.0;;3.0;1.0;4.0;124.0;71.0;100.0;Oita;;0.0;0.0;3.6;0;1.0;1 - 2;3.1;Tegevajaro Miyazaki;;0.0;1.0;1.95;1;2.0;+0.5;3 - 8;3-1;2.0;0.75;30 - 41;15 - 19;19.0;15.0;48.0;52.0;2.0;3.0;2.0;0.0;;;;;;;;63.0;61.0;41.0;30.0;56.0;44.0;10.0;5.0;5.0;2.0;;[31 65 78];[1 2 2];[False False False];['Tegevajaro Miyazaki' 'Oita' 'Tegevajaro Miyazaki'];[ 0 -1  0];[-1  0 -1];['D' 'A' 'D'];['A' 'D' 'A'];0.49;0.0;0.51;0.69;0.0;0.31;5129.0;441260.0;oita trinita;tegevajaro miyazaki;2.2;2.2;
2026-05-17;194591016;Australia Capital Territory Premier League;Australia;02:00;Full;True;-0.6666666666666667;1.925;4.0;1.875;4.0;3.0;8.0;;1.0;3.0;4.0;143.0;148.0;100.0;Canberra White Eagles;;1.0;2.0;7.5;1;1.0;1 - 4;6.25;Canberra Juventus;;0.0;2.0;1.25;1;4.0;+2.0;3 - 8;1-3;4.0;1.75;66 - 82;28 - 41;41.0;28.0;57.0;43.0;3.0;1.0;6.0;4.0;;;;;;;;74.0;69.0;82.0;66.0;54.0;46.0;6.0;4.0;11.0;7.0;;[ 4 27 47 74 91];[1 1 2 2 2];[False False False False  True];"['Canberra Juventus' 'Canberra White Eagles' 'Canberra Juventus'
 'Canberra Juventus' 'Canberra Juventus']";[ 0 -1  0 -1 -2];[-1  0 -1 -2 -3];['D' 'A' 'D' 'A' 'A'];['A' 'D' 'A' 'A' 'A'];0.26;0.0;0.74;0.49;0.0;0.51;;;;;;;
2026-05-17;194092253;Japan J2/J3 Centennial League;Japan;02:00;Full;True;-0.05303030303030304;1.9;2.0, 2.5;1.9;2.0, 2.5;7.0;4.0;;3.0;2.0;5.0;159.0;101.0;100.0;Kochi United;;0.0;2.0;2.75;0;0.0;0 - 1;3.0;Ehime FC;;0.0;4.0;2.4;1;1.0;0.0;7 - 4;3-2;2.25;1.0;50 - 51;21 - 26;26.0;21.0;61.0;39.0;1.0;1.0;3.0;1.0;;;;;;;;81.0;78.0;51.0;50.0;54.0;46.0;4.0;5.0;3.0;1.0;;[13];[1];[False];['Ehime FC'];[0];[-1];['D'];['A'];0.14;0.0;0.86;0.29;0.0;0.71;281405.0;8060.0;kochi united sc;ehime fc;1.83;1.83;
2026-05-17;194092246;Japan J2/J3 Centennial League;Japan;02:00;Full;True;0.25482625482625476;1.95;2.5;1.85;2.5;13.0;4.0;;7.0;0.0;7.0;154.0;128.0;100.0;Iwaki FC;;0.0;0.0;1.85;0;1.0;1 - 1;3.5;Matsumoto Y FC;;0.0;2.0;3.5;1;1.0;-0.5;13 - 4;7-0;2.5;1.0;91 - 37;48 - 14;14.0;48.0;37.0;63.0;1.0;10.0;1.0;3.0;;;;;;;;63.0;91.0;37.0;91.0;41.0;59.0;3.0;13.0;2.0;4.0;;[18 69];[1 2];[False False];['Matsumoto Y FC' 'Iwaki FC'];[ 0 -1];[-1  0];['D' 'A'];['A' 'D'];0.43;0.0;0.57;0.4;0.0;0.6;345090.0;26011.0;iwaki fc;matsumoto yamaga fc;1.83;1.83;
2026-05-17;194588560;Australia NPL Victoria Women;Australia;02:00;Full;True;0.39421301638587586;1.95;3.5;1.85;3.5;3.0;3.0;;3.0;2.0;5.0;247.0;180.0;100.0;Melbourne Victory NPL (W);;0.0;0.0;1.6;1;2.0;2 - 0;3.75;Preston Lions (W);;0.0;0.0;4.333;0;0.0;-0.75;3 - 3;3-2;3.5;1.5;114 - 66;59 - 24;24.0;59.0;49.0;51.0;3.0;6.0;3.0;7.0;;;;;;;;96.0;151.0;66.0;114.0;48.0;52.0;6.0;10.0;6.0;18.0;;[23 63];[1 2];[False False];['Melbourne Victory NPL (W)' 'Melbourne Victory NPL (W)'];[0 1];[1 2];['D' 'H'];['H' 'H'];0.26;0.74;0.0;0.51;0.49;0.0;;364598.0;;preston lions fc;;;Women
2026-05-17;194092280;Japan J2/J3 Centennial League;Japan;02:00;Full;True;0.3382352941176471;1.825;2.5;1.975;2.5;3.0;7.0;;2.0;1.0;3.0;143.0;70.0;100.0;Yokohama FC;;0.0;1.0;1.7;0;1.0;1 - 0;3.6;Tochigi SC;;0.0;2.0;4.0;0;0.0;-0.75;3 - 7;2-1;2.5;1.0;36 - 34;13 - 13;13.0;13.0;36.0;64.0;0.0;3.0;3.0;0.0;;;;;;;;50.0;93.0;34.0;36.0;42.0;58.0;4.0;5.0;9.0;2.0;;[96];[2];[ True];['Yokohama FC'];[0];[1];['D'];['H'];1.0;0.0;0.0;1.0;0.0;0.0;7061.0;26009.0;yokohama fc;tochigi sc;1.83;1.83;
2026-05-17;194092244;Japan J2/J3 Centennial League;Japan;02:00;Full;True;0.25482625482625476;1.95;2.5;1.85;2.5;5.0;2.0;;1.0;2.0;3.0;135.0;76.0;100.0;FC Imabari;;0.0;1.0;1.85;1;1.0;1 - 2;3.5;Kamatamare Sanuki;;0.0;1.0;3.5;0;2.0;-0.5;5 - 2;1-2;2.5;1.0;33 - 43;18 - 25;25.0;18.0;61.0;39.0;2.0;2.0;1.0;2.0;;;;;;;;69.0;66.0;43.0;33.0;52.0;48.0;4.0;5.0;5.0;4.0;;[11 52 74];[1 2 2];[False False False];['FC Imabari' 'Kamatamare Sanuki' 'Kamatamare Sanuki'];[0 1 0];[ 1  0 -1];['D' 'H' 'D'];['H' 'D' 'A'];0.37;0.46;0.18;0.24;0.76;0.0;79907.0;38157.0;fc imabari;kamatamare sanuki;1.9;1.83;
2026-05-17;194092272;Japan J2/J3 Centennial League;Japan;02:00;Full;True;0.18011257035647282;1.925;2.0;1.875;2.0;3.0;2.0;;0.0;0.0;0.0;259.0;124.0;100.0;FC Osaka;;0.0;1.0;2.05;0;1.0;1 - 1;3.2;Zweigen Kanazawa;;0.0;1.0;3.25;1;1.0;-0.25;3 - 2;0-0;2.0;0.75;76 - 48;24 - 18;18.0;24.0;44.0;56.0;1.0;2.0;6.0;1.0;;;;;;;;129.0;130.0;48.0;76.0;43.0;57.0;3.0;10.0;6.0;2.0;;[45 71];[1 2];[False False];['Zweigen Kanazawa' 'FC Osaka'];[ 0 -1];[-1  0];['D' 'A'];['A' 'D'];0.71;0.0;0.29;1.0;0.0;0.0;223228.0;38138.0;fc osaka;zweigen kanazawa;2.1;2.2;
2026-05-17;194590687;Hong Kong 2nd Division;Hong Kong;02:27;Full;True;0.49369903632320244;1.975;3.0, 3.5;1.825;3.0, 3.5;4.0;2.0;;1.0;2.0;3.0;211.0;115.0;100.0;Fukien;;0.0;3.0;1.42;0;0.0;0 - 1;5.0;Kwong Wah;;0.0;1.0;4.75;1;1.0;-1.25;4 - 2;1-2;3.25;1.25;67 - 48;27 - 34;34.0;27.0;46.0;54.0;3.0;2.0;3.0;2.0;;;;;;;;95.0;116.0;48.0;67.0;39.0;61.0;5.0;4.0;4.0;3.0;;[8];[1];[False];['Kwong Wah'];[0];[-1];['D'];['A'];0.09;0.0;0.91;0.18;0.0;0.82;;;;;;;
2026-05-17;194776903;Japan L1 League Women;Japan;02:30;Full;True;-0.08080808080808077;1.9;2.5;1.9;2.5;4.0;5.0;;3.0;2.0;5.0;182.0;105.0;100.0;Loveledge Nagoya (W);;0.0;0.0;2.75;2;3.0;3 - 0;3.2;Shizuoka SSU Asregina (W);;0.0;0.0;2.25;0;0.0;+0.25;4 - 5;3-2;2.5;1.0;47 - 58;29 - 28;28.0;29.0;52.0;48.0;4.0;5.0;2.0;4.0;;;;;;;;109.0;73.0;58.0;47.0;54.0;46.0;10.0;6.0;4.0;6.0;;[37 41 86];[1 1 2];[False False False];['Loveledge Nagoya (W)' 'Loveledge Nagoya (W)' 'Loveledge Nagoya (W)'];[0 1 2];[1 2 3];['D' 'H' 'H'];['H' 'H' 'H'];0.41;0.59;0.0;0.82;0.18;0.0;;;;;;;Women
2026-05-17;193381874;Japan J-League;Japan;03:00;Full;True;0.05102040816326525;1.95;2.5, 3.0;1.85;2.5, 3.0;4.0;3.0;;1.0;1.0;2.0;179.0;102.0;100.0;Cerezo Osaka;;0.0;1.0;2.45;3;6.0;6 - 1;3.4;Nagoya Grampus;;0.0;0.0;2.8;1;1.0;-0.25;4 - 3;1-1;2.75;1.0;45 - 57;21 - 26;26.0;21.0;61.0;39.0;4.0;2.0;5.0;4.0;;;;;;;;94.0;85.0;57.0;45.0;61.0;39.0;7.0;7.0;6.0;9.0;;[12 22 39 42 54 87 89];[1 1 1 1 2 2 2];[False False False False False False False];"['Cerezo Osaka' 'Cerezo Osaka' 'Cerezo Osaka' 'Nagoya Grampus'
 'Cerezo Osaka' 'Cerezo Osaka' 'Cerezo Osaka']";[0 1 2 3 2 3 4];[1 2 3 2 3 4 5];['D' 'H' 'H' 'H' 'H' 'H' 'H'];['H' 'H' 'H' 'H' 'H' 'H' 'H'];0.13;0.87;0.0;0.27;0.73;0.0;3141.0;3136.0;cerezo osaka;nagoya grampus;1.57;1.61;
2026-05-17;194565464;Australia Queensland Premier League 2;Australia;03:00;Full;True;-0.35833333333333334;1.8;4.0;2.0;4.0;7.0;8.0;;2.0;7.0;9.0;230.0;149.0;;Samford Rangers;12.0;1.0;2.0;3.75;0;1.0;1 - 5;4.333;Taringa Rovers;6.0;0.0;3.0;1.6;3;5.0;+1.0;7 - 8;2-7;4.0;1.75;75 - 74;40 - 37;37.0;40.0;;;1.0;2.0;5.0;1.0;;;;;;;;110.0;120.0;74.0;75.0;;;3.0;5.0;10.0;5.0;;[ 3 26 30 51 62 74];[1 1 1 2 2 2];[False False False False False False];"['Taringa Rovers' 'Taringa Rovers' 'Taringa Rovers' 'Taringa Rovers'
 'Samford Rangers' 'Taringa Rovers']";[ 0 -1 -2 -3 -4 -3];[-1 -2 -3 -4 -3 -4];['D' 'A' 'A' 'A' 'A' 'A'];['A' 'A' 'A' 'A' 'A' 'A'];0.03;0.0;0.97;0.07;0.0;0.93;;;;;;;
2026-05-17;194589719;South Korea K4 League;South Korea;03:00;Full;True;-0.39844199933315155;2.0;3.0, 3.5;1.8;3.0, 3.5;3.0;6.0;;2.0;1.0;3.0;124.0;107.0;100.0;Pyeongtaek Citizen FC;;1.0;2.0;4.2;1;2.0;2 - 3;4.0;Geoje Citizen FC;;0.0;1.0;1.571;0;3.0;+1.0;3 - 6;2-1;3.25;1.25;40 - 67;27 - 24;24.0;27.0;53.0;47.0;4.0;7.0;3.0;2.0;;;;;;;;70.0;54.0;67.0;40.0;64.0;36.0;10.0;9.0;9.0;3.0;;[19 46 60 82 85];[1 2 2 2 2];[False False False False False];"['Pyeongtaek Citizen FC' 'Pyeongtaek Citizen FC' 'Geoje Citizen FC'
 'Geoje Citizen FC' 'Geoje Citizen FC']";[0 1 2 1 0];[ 1  2  1  0 -1];['D' 'H' 'H' 'H' 'D'];['H' 'H' 'H' 'D' 'A'];0.24;0.7;0.06;0.42;0.58;0.0;;;;;;;
2026-05-17;193381877;Japan J-League;Japan;03:00;Full;True;-0.24255024255024266;1.95;2.5, 3.0;1.85;2.5, 3.0;1.0;10.0;;1.0;8.0;9.0;178.0;85.0;100.0;Kyoto Sanga FC;;0.0;2.0;3.7;0;0.0;0 - 4;3.5;Sanfrecce Hiroshima;;0.0;1.0;1.95;1;4.0;+0.5;1 - 10;1-8;2.75;1.0;37 - 48;19 - 23;23.0;19.0;49.0;51.0;6.0;1.0;3.0;2.0;;;;;;;;88.0;90.0;48.0;37.0;44.0;56.0;8.0;1.0;7.0;3.0;;[29 49 51 75];[1 2 2 2];[False False False False];"['Sanfrecce Hiroshima' 'Sanfrecce Hiroshima' 'Sanfrecce Hiroshima'
 'Sanfrecce Hiroshima']";[ 0 -1 -2 -3];[-1 -2 -3 -4];['D' 'A' 'A' 'A'];['A' 'A' 'A' 'A'];0.32;0.0;0.68;0.64;0.0;0.36;3149.0;3135.0;kyoto sanga fc;sanfrecce hiroshima;1.75;1.66;
2026-05-17;194092282;Japan J2/J3 Centennial League;Japan;03:30;Full;True;-0.15261627906976744;2.0;2.0, 2.5;1.8;2.0, 2.5;8.0;6.0;;6.0;1.0;7.0;116.0;71.0;100.0;Reilac Shiga;;0.0;0.0;3.2;0;1.0;1 - 0;3.0;Giravanz Kitakyushu;;0.0;1.0;2.15;0;0.0;+0.25;8 - 6;6-1;2.25;1.0;44 - 27;20 - 13;13.0;20.0;49.0;51.0;1.0;3.0;3.0;0.0;;;;;;;;62.0;54.0;27.0;44.0;52.0;48.0;3.0;6.0;6.0;2.0;;[91];[2];[ True];['Reilac Shiga'];[0];[1];['D'];['H'];1.0;0.0;0.0;1.0;0.0;0.0;439336.0;40029.0;reilac shiga fc;giravanz kitakyushu;1.9;2.0;
2026-05-17;194655329;Australia Darwin Premier League;Australia;03:30;Full;True;-0.19298245614035087;1.875;4.0, 4.5;1.925;4.0, 4.5;1.0;6.0;;0.0;2.0;2.0;191.0;125.0;100.0;Garuda FC;;0.0;0.0;3.0;1;1.0;1 - 2;4.0;Palmerston Rovers FC;;0.0;3.0;1.9;1;2.0;+0.5;1 - 6;0-2;4.25;1.75;57 - 68;20 - 28;28.0;20.0;45.0;55.0;4.0;0.0;1.0;2.0;;;;;;;;99.0;92.0;68.0;57.0;43.0;57.0;8.0;1.0;4.0;3.0;;[ 6 44 73];[1 1 2];[False False False];['Palmerston Rovers FC' 'Garuda FC' 'Palmerston Rovers FC'];[ 0 -1  0];[-1  0 -1];['D' 'A' 'D'];['A' 'D' 'A'];0.39;0.0;0.61;0.16;0.0;0.84;;;;;;;
2026-05-17;194588591;Australia New South Wales NPL Women;Australia;03:50;Full;True;0.7460236886632826;1.9;3.5;1.9;3.5;5.0;2.0;;2.0;2.0;4.0;212.0;152.0;100.0;Apia L Tigers (W);;0.0;1.0;1.182;2;5.0;5 - 1;6.25;Illawarra Stingrays (W);;0.0;1.0;10.0;0;1.0;-2.25;5 - 2;2-2;3.5;1.5;117 - 35;56 - 18;18.0;56.0;26.0;74.0;5.0;3.0;2.0;7.0;;;;;;;;77.0;135.0;35.0;117.0;28.0;72.0;7.0;5.0;5.0;18.0;;[28 31 50 51 72 76];[1 1 2 2 2 2];[False False False False False False];"['Apia L Tigers (W)' 'Apia L Tigers (W)' 'Apia L Tigers (W)'
 'Apia L Tigers (W)' 'Apia L Tigers (W)' 'Illawarra Stingrays (W)']";[0 1 2 3 4 5];[1 2 3 4 5 4];['D' 'H' 'H' 'H' 'H' 'H'];['H' 'H' 'H' 'H' 'H' 'H'];0.31;0.69;0.0;0.62;0.38;0.0;92202.0;;apia leichhardt;;;;Women
2026-05-17;194590682;Hong Kong Premier League;Hong Kong;04:00;Full;True;0.12416851441241689;1.825;3.0, 3.5;1.975;3.0, 3.5;5.0;9.0;;2.0;5.0;7.0;181.0;122.0;100.0;Lee Man FC;;0.0;4.0;2.05;2;2.0;2 - 3;3.9;Tai Po;;0.0;1.0;2.75;2;3.0;-0.25;5 - 9;2-5;3.25;1.25;62 - 60;25 - 32;32.0;25.0;51.0;49.0;4.0;4.0;4.0;3.0;;;;;;;;81.0;100.0;60.0;62.0;50.0;50.0;7.0;9.0;8.0;3.0;;[14 32 36 47 64];[1 1 1 1 2];[False False False  True False];['Lee Man FC' 'Lee Man FC' 'Tai Po' 'Tai Po' 'Tai Po'];[0 1 2 1 0];[ 1  2  1  0 -1];['D' 'H' 'H' 'H' 'D'];['H' 'H' 'H' 'D' 'A'];0.34;0.37;0.29;0.3;0.7;0.0;;;;;;;
2026-05-17;194588034;Australia South Australia State League 1;Australia;04:00;Full;True;0.0444444444444444;2.025;3.0;1.775;3.0;2.0;2.0;;2.0;2.0;4.0;228.0;136.0;100.0;Adelaide Olympic;;0.0;2.0;2.25;0;2.0;2 - 1;3.7;Cumberland United;;0.0;0.0;2.5;0;1.0;0.0;2 - 2;2-2;3.0;1.25;64 - 72;38 - 27;27.0;38.0;41.0;59.0;3.0;3.0;2.0;2.0;;;;;;;;124.0;104.0;72.0;64.0;50.0;50.0;7.0;4.0;3.0;5.0;;[56 73 82];[2 2 2];[False False False];['Adelaide Olympic' 'Adelaide Olympic' 'Cumberland United'];[0 1 2];[1 2 1];['D' 'H' 'H'];['H' 'H' 'H'];0.62;0.38;0.0;1.0;0.0;0.0;;;;;;;
2026-05-17;194565473;Australia Queensland Premier League 2;Australia;04:00;Full;True;0.5953177257525083;1.875;4.5;1.925;4.5;10.0;3.0;;5.0;1.0;6.0;101.0;92.0;;Moreton City Excelsior B;;0.0;0.0;1.3;5;8.0;8 - 0;5.75;Brisbane Knights;;0.0;1.0;5.75;0;0.0;-1.75;10 - 3;5-1;4.5;2.0;56 - 36;26 - 17;17.0;26.0;;;0.0;7.0;1.0;5.0;;;;;;;;52.0;49.0;36.0;56.0;;;6.0;13.0;2.0;8.0;;[ 3  7 25 35 41 50 81 83];[1 1 1 1 1 2 2 2];[False False False False False False False False];"['Moreton City Excelsior B' 'Moreton City Excelsior B'
 'Moreton City Excelsior B' 'Moreton City Excelsior B'
 'Moreton City Excelsior B' 'Moreton City Excelsior B'
 'Moreton City Excelsior B' 'Moreton City Excelsior B']";[0 1 2 3 4 5 6 7];[1 2 3 4 5 6 7 8];['D' 'H' 'H' 'H' 'H' 'H' 'H' 'H'];['H' 'H' 'H' 'H' 'H' 'H' 'H' 'H'];0.03;0.97;0.0;0.07;0.93;0.0;1098129.0;;moreton city excelsior fc;;;;Youth
2026-05-17;194588706;Australia WA Premier League Women;Australia;04:00;Full;True;0.14285714285714285;1.875;3.5;1.925;3.5;4.0;1.0;;2.0;1.0;3.0;274.0;163.0;100.0;UWA-Nedlands FC (W);;0.0;2.0;2.0;0;1.0;1 - 3;3.75;Sorrento (W);;0.0;0.0;2.8;2;3.0;-0.25;4 - 1;2-1;3.5;1.5;87 - 76;31 - 43;43.0;31.0;49.0;51.0;2.0;0.0;2.0;3.0;;;;;;;;124.0;150.0;76.0;87.0;47.0;53.0;5.0;5.0;4.0;6.0;;[15 42 67 75];[1 1 2 2];[False False False False];['Sorrento (W)' 'Sorrento (W)' 'UWA-Nedlands FC (W)' 'Sorrento (W)'];[ 0 -1 -2 -1];[-1 -2 -1 -2];['D' 'A' 'A' 'A'];['A' 'A' 'A' 'A'];0.17;0.0;0.83;0.33;0.0;0.67;;7937.0;;asd sorrento 1945;;;Women
2026-05-17;194594801;China FA Cup;China;04:00;Full;True;-0.7333333333333334;1.9;3.0, 3.5;1.9;3.0, 3.5;3.0;2.0;;0.0;0.0;0.0;181.0;96.0;;Wuhan Lianzhen;;0.0;2.0;10.0;0;0.0;0 - 1;7.0;Guangdong GZ-Power;;0.0;1.0;1.2;0;1.0;+2.0;3 - 2;0-0;3.25;1.25;40 - 56;16 - 27;27.0;16.0;;;6.0;1.0;3.0;0.0;;;;;;;;103.0;78.0;56.0;40.0;;;8.0;3.0;5.0;1.0;;[58];[2];[False];['Guangdong GZ-Power'];[0];[-1];['D'];['A'];0.64;0.0;0.36;1.0;0.0;0.0;;1110267.0;;guandong gz-power fc;;;
2026-05-17;194594804;China FA Cup;China;04:00;Full;True;-0.6358974358974359;1.9;3.0, 3.5;1.9;3.0, 3.5;2.0;14.0;;0.0;8.0;8.0;346.0;197.0;;Shanghai Zetian;;0.0;1.0;7.5;1;4.0;4 - 2;6.0;Dingnan Ganilan FC;;0.0;2.0;1.3;1;2.0;+1.75;2 - 14;0-8;3.25;1.25;70 - 127;33 - 59;59.0;33.0;;;5.0;3.0;1.0;2.0;;;;;;;;201.0;145.0;127.0;70.0;;;12.0;6.0;3.0;6.0;;[25 42 50 68 82 98];[1 1 2 2 2 2];[False False False False False  True];"['Shanghai Zetian' 'Dingnan Ganilan FC' 'Shanghai Zetian'
 'Shanghai Zetian' 'Shanghai Zetian' 'Dingnan Ganilan FC']";[0 1 0 1 2 3];[1 0 1 2 3 2];['D' 'H' 'D' 'H' 'H' 'H'];['H' 'D' 'H' 'H' 'H' 'H'];0.34;0.66;0.0;0.62;0.38;0.0;;204595.0;;jiangxi dingnan united;;;
2026-05-17;194588704;Australia WA Premier League Women;Australia;04:00;Full;True;0.765988938225442;1.875;4.0;1.925;4.0;5.0;4.0;;2.0;1.0;3.0;0.0;0.0;;Perth Redstar FC (W);;0.0;2.0;1.167;0;1.0;1 - 0;6.5;Subiaco AFC (W);;0.0;0.0;11.0;0;0.0;-2.25;5 - 4;2-1;4.0;1.75;-;-;0.0;0.0;;;0.0;0.0;0.0;0.0;;;;;;;;0.0;0.0;0.0;0.0;;;0.0;0.0;0.0;1.0;;[62];[2];[False];['Perth Redstar FC (W)'];[0];[1];['D'];['H'];0.69;0.31;0.0;1.0;0.0;0.0;1237385.0;;perth redstar fc;;;;Women
2026-05-17;194588595;Australia New South Wales NPL Women;Australia;04:00;Full;True;-0.2637362637362637;1.8;3.0, 3.5;2.0;3.0, 3.5;2.0;4.0;;0.0;1.0;1.0;185.0;166.0;100.0;Sydney University (W);;0.0;1.0;3.25;2;3.0;3 - 0;4.2;Western Sydney Wanderers (W);;0.0;0.0;1.75;0;0.0;+0.5;2 - 4;0-1;3.25;1.5;81 - 85;35 - 41;41.0;35.0;62.0;38.0;3.0;1.0;2.0;3.0;;;;;;;;109.0;76.0;85.0;81.0;60.0;40.0;4.0;5.0;8.0;9.0;;[29 37 86];[1 1 2];[False False False];['Sydney University (W)' 'Sydney University (W)' 'Sydney University (W)'];[0 1 2];[1 2 3];['D' 'H' 'H'];['H' 'H' 'H'];0.32;0.68;0.0;0.64;0.36;0.0;;72926.0;;western sydney wanderers;;;Women
2026-05-17;194592131;Mongolia Premier League;Mongolia;04:00;Full;True;0.13066202090592338;2.0;3.0, 3.5;1.8;3.0, 3.5;8.0;4.0;;3.0;2.0;5.0;123.0;82.0;100.0;FC Ulaanbaatar;;0.0;3.0;2.05;1;3.0;3 - 1;3.8;Khangarid Klub;;1.0;2.0;2.8;0;1.0;-0.25;8 - 4;3-2;3.25;1.25;47 - 35;18 - 13;13.0;18.0;44.0;56.0;3.0;0.0;0.0;3.0;;;;;;;;57.0;66.0;35.0;47.0;44.0;56.0;6.0;2.0;1.0;6.0;;[ 1 48 53 67];[1 2 2 2];[False False False False];['FC Ulaanbaatar' 'FC Ulaanbaatar' 'Khangarid Klub' 'FC Ulaanbaatar'];[0 1 2 1];[1 2 1 2];['D' 'H' 'H' 'H'];['H' 'H' 'H' 'H'];0.01;0.99;0.0;0.02;0.98;0.0;;;;;;;
2026-05-17;194592232;Australia NPL Queensland Women;Australia;04:00;Full;True;0.9124869383490073;1.825;4.0;1.975;4.0;9.0;2.0;;2.0;1.0;3.0;244.0;134.0;100.0;Eastern Suburbs NPL (W);;0.0;0.0;1.056;3;4.0;4 - 1;12.0;Souths United NPL (W);;0.0;1.0;29.0;1;1.0;-3.0;9 - 2;2-1;4.0;1.75;80 - 54;35 - 32;32.0;35.0;45.0;55.0;4.0;2.0;3.0;8.0;;;;;;;;114.0;130.0;54.0;80.0;44.0;56.0;4.0;12.0;6.0;14.0;;[13 18 45 48 65];[1 1 1 1 2];[False False False  True False];"['Souths United NPL (W)' 'Eastern Suburbs NPL (W)'
 'Eastern Suburbs NPL (W)' 'Eastern Suburbs NPL (W)'
 'Eastern Suburbs NPL (W)']";[ 0 -1  0  1  2];[-1  0  1  2  3];['D' 'A' 'D' 'H' 'H'];['A' 'D' 'H' 'H' 'H'];0.44;0.5;0.06;0.83;0.06;0.1;;;;;;;Women
2026-05-17;194588599;Australia Queensland Premier League 3;Australia;04:00;Full;True;0.6571428571428573;1.8;4.0, 4.5;2.0;4.0, 4.5;11.0;4.0;;4.0;2.0;6.0;86.0;92.0;;Mount Gravatt Hawks;;0.0;2.0;1.25;0;2.0;2 - 2;6.25;North Brisbane FC;;0.0;1.0;7.0;1;2.0;-2.0;11 - 4;4-2;4.25;1.75;59 - 33;27 - 15;15.0;27.0;;;4.0;4.0;1.0;2.0;;;;;;;;52.0;34.0;33.0;59.0;;;4.0;11.0;3.0;6.0;;[31 53 66 74];[1 2 2 2];[False False False False];"['North Brisbane FC' 'Mount Gravatt Hawks' 'Mount Gravatt Hawks'
 'North Brisbane FC']";[ 0 -1  0  1];[-1  0  1  0];['D' 'A' 'D' 'H'];['A' 'D' 'H' 'D'];0.67;0.09;0.24;0.69;0.0;0.31;;;;;;;
2026-05-17;194565023;Australia New South Wales League 2;Australia;04:15;Full;True;-0.42857142857142855;1.85;3.0, 3.5;1.95;3.0, 3.5;2.0;10.0;;1.0;3.0;4.0;176.0;174.0;;South Coast Flame FC;;0.0;1.0;4.2;1;1.0;1 - 1;4.5;Mounties Wanderers;;1.0;3.0;1.5;0;1.0;+1.0;2 - 10;1-3;3.25;1.25;72 - 102;32 - 47;47.0;32.0;;;6.0;4.0;1.0;4.0;;;;;;;;92.0;84.0;102.0;72.0;;;9.0;7.0;6.0;9.0;;[32 63];[1 2];[False False];['South Coast Flame FC' 'Mounties Wanderers'];[0 1];[1 0];['D' 'H'];['H' 'D'];0.66;0.34;0.0;0.71;0.29;0.0;;;;;;;
2026-05-17;194642840;China FA Cup;China;04:30;Full;True;-0.4191950464396285;2.0;2.5;1.8;2.5;6.0;4.0;;3.0;0.0;3.0;169.0;99.0;;Guizhou Xufengtang;;0.0;1.0;5.0;0;0.0;0 - 0;4.0;Shijiazhuang Gongfu FC;;0.0;1.0;1.615;0;0.0;+1.0;6 - 4;3-0;2.5;1.0;42 - 57;21 - 20;20.0;21.0;;;2.0;0.0;0.0;1.0;;;;;;;;94.0;75.0;57.0;42.0;;;5.0;4.0;0.0;1.0;;[];[];[];[];[];[];[];[];1.0;0.0;0.0;1.0;0.0;0.0;;793002.0;;shijiazhuang gongfu fc;;;
2026-05-17;193203810;South Korea K League 2;South Korea;04:30;Full;True;-0.4143150152061674;1.9;2.5, 3.0;1.9;2.5, 3.0;1.0;4.0;;0.0;3.0;3.0;172.0;148.0;100.0;Gimhae FC 2008;;0.0;1.0;4.5;0;1.0;1 - 4;3.9;Daegu FC;;0.0;4.0;1.571;1;4.0;+0.75;1 - 4;0-3;2.75;1.25;61 - 87;28 - 41;41.0;28.0;60.0;40.0;7.0;0.0;3.0;0.0;;;;;;;;90.0;82.0;87.0;61.0;60.0;40.0;11.0;1.0;8.0;3.0;;[25 54 80 84 90];[1 2 2 2 2];[False False False False False];['Daegu FC' 'Gimhae FC 2008' 'Daegu FC' 'Daegu FC' 'Daegu FC'];[ 0 -1  0 -1 -2];[-1  0 -1 -2 -3];['D' 'A' 'D' 'A' 'A'];['A' 'D' 'A' 'A' 'A'];0.57;0.0;0.43;0.56;0.0;0.44;41260.0;7644.0;gimhae fc;daegu fc;1.8;1.72;
2026-05-17;193203818;South Korea K League 2;South Korea;04:30;Full;True;-0.14253563390847712;1.975;2.0, 2.5;1.825;2.0, 2.5;4.0;6.0;;2.0;1.0;3.0;159.0;85.0;100.0;Hwaseong FC;6.0;0.0;0.0;3.1;2;3.0;3 - 2;3.0;Busan I Park;1.0;0.0;1.0;2.15;2;2.0;+0.25;4 - 6;2-1;2.25;1.0;39 - 46;16 - 20;20.0;16.0;52.0;48.0;5.0;1.0;4.0;5.0;;;;;;;;79.0;80.0;46.0;39.0;54.0;46.0;9.0;8.0;5.0;6.0;;[16 21 30 37 74];[1 1 1 1 2];[False False False False False];['Hwaseong FC' 'Hwaseong FC' 'Busan I Park' 'Busan I Park' 'Hwaseong FC'];[0 1 2 1 0];[1 2 1 0 1];['D' 'H' 'H' 'H' 'D'];['H' 'H' 'H' 'D' 'H'];0.59;0.41;0.0;0.53;0.47;0.0;202343.0;7642.0;hwaseong fc;busan i park;1.9;1.9;
2026-05-17;193203821;South Korea K League 2;South Korea;04:30;Full;True;0.3024453024453024;1.95;2.0;1.85;2.0;4.0;6.0;;1.0;5.0;6.0;223.0;130.0;100.0;Seongnam FC;;0.0;2.0;1.85;0;1.0;1 - 1;3.0;Gyeongnam FC;;0.0;4.0;4.2;0;1.0;-0.5;4 - 6;1-5;2.0;0.75;72 - 58;29 - 31;31.0;29.0;50.0;50.0;1.0;2.0;3.0;0.0;;;;;;;;114.0;109.0;58.0;72.0;50.0;50.0;6.0;8.0;6.0;2.0;;[97 99];[2 2];[ True  True];['Gyeongnam FC' 'Seongnam FC'];[ 0 -1];[-1  0];['D' 'A'];['A' 'D'];0.98;0.0;0.02;1.0;0.0;0.0;7651.0;22020.0;seongnam ilhwa;gyeongnam fc;2.1;2.25;
2026-05-17;193717009;South Korea K League 1;South Korea;04:30;Full;True;0.07482993197278909;1.875;2.0;1.925;2.0;5.0;2.0;;2.0;1.0;3.0;233.0;142.0;100.0;Jeju United;;0.0;1.0;2.45;0;1.0;1 - 2;2.875;FC Anyang;;0.0;3.0;3.0;1;2.0;0.0;5 - 2;2-1;2.0;0.75;85 - 57;31 - 25;25.0;31.0;50.0;50.0;3.0;8.0;2.0;3.0;;;;;;;;115.0;118.0;57.0;85.0;50.0;50.0;7.0;17.0;3.0;8.0;;[35 46 64];[1 2 2];[False False False];['FC Anyang' 'FC Anyang' 'Jeju United'];[ 0 -1 -2];[-1 -2 -1];['D' 'A' 'A'];['A' 'A' 'A'];0.39;0.0;0.61;0.78;0.0;0.22;7649.0;32675.0;jeju sk fc;fc anyang;1.83;2.0;
2026-05-17;194618075;Australia New South Wales NPL Women;Australia;04:30;Full;True;0.15517241379310343;2.0;3.0;1.8;3.0;2.0;3.0;;1.0;2.0;3.0;183.0;90.0;100.0;Hills United FC (W);;0.0;0.0;2.0;1;1.0;1 - 0;3.6;Gladesville Ravens (W);;0.0;0.0;2.9;0;0.0;-0.25;2 - 3;1-2;3.0;1.25;53 - 37;24 - 15;15.0;24.0;50.0;50.0;2.0;3.0;2.0;5.0;;;;;;;;91.0;92.0;37.0;53.0;49.0;51.0;7.0;10.0;4.0;6.0;;[17];[1];[False];['Hills United FC (W)'];[0];[1];['D'];['H'];0.19;0.81;0.0;0.38;0.62;0.0;;;;;;;Women
2026-05-17;194763539;CAFA U20 Championship;International (Asia);04:30;Full;True;0.4057502538142655;1.85;3.0, 3.5;1.95;3.0, 3.5;14.0;1.0;;4.0;0.0;4.0;152.0;93.0;;Kyrgyzstan U20;;0.0;1.0;1.571;0;0.0;0 - 0;4.0;Afghanistan U20;;0.0;2.0;4.333;0;0.0;-1.0;14 - 1;4-0;3.25;1.25;81 - 12;37 - 5;5.0;37.0;;;1.0;2.0;1.0;6.0;;;;;;;;57.0;95.0;12.0;81.0;;;2.0;6.0;1.0;10.0;;[];[];[];[];[];[];[];[];1.0;0.0;0.0;1.0;0.0;0.0;;;;;;;Youth
2026-05-17;193717012;South Korea K League 1;South Korea;04:40;Full;True;0.348251811985181;1.9;2.5;1.9;2.5;6.0;1.0;;4.0;0.0;4.0;212.0;130.0;100.0;Jeonbuk Motors;;0.0;1.0;1.727;0;1.0;1 - 0;3.5;Gimcheon Sangmu FC;;0.0;2.0;4.333;0;0.0;-0.75;6 - 1;4-0;2.5;1.0;78 - 52;27 - 24;24.0;27.0;50.0;50.0;0.0;3.0;0.0;0.0;;;;;;;;101.0;111.0;52.0;78.0;50.0;50.0;5.0;7.0;1.0;2.0;;[97];[2];[ True];['Jeonbuk Motors'];[0];[1];['D'];['H'];1.0;0.0;0.0;1.0;0.0;0.0;6908.0;7647.0;jeonbuk fc;gimcheon sangmu fc;1.83;1.8;
2026-05-17;194621574;Australia New South Wales NPL Women;Australia;04:40;Full;True;0.17948717948717957;1.9;3.0, 3.5;1.9;3.0, 3.5;2.0;5.0;;2.0;4.0;6.0;207.0;85.0;100.0;Sydney Olympic FC (W);;0.0;1.0;1.95;0;3.0;3 - 1;3.8;Western City Rangers (W);;0.0;3.0;3.0;1;1.0;-0.5;2 - 5;2-4;3.25;1.25;52 - 33;24 - 21;21.0;24.0;53.0;47.0;3.0;4.0;1.0;0.0;;;;;;;;97.0;110.0;33.0;52.0;55.0;45.0;3.0;5.0;2.0;5.0;;[17 52 53 94];[1 2 2 2];[False False False  True];"['Western City Rangers (W)' 'Sydney Olympic FC (W)'
 'Sydney Olympic FC (W)' 'Sydney Olympic FC (W)']";[ 0 -1  0  1];[-1  0  1  2];['D' 'A' 'D' 'H'];['A' 'D' 'H' 'H'];0.19;0.44;0.37;0.38;0.0;0.62;;;;;;;Women
2026-05-17;194640099;Australia Queensland Premier League 3;Australia;05:00;Full;True;0.30576237693637737;1.875;3.5, 4.0;1.925;3.5, 4.0;10.0;2.0;;6.0;1.0;7.0;121.0;152.0;;Moggill;5.0;0.0;1.0;1.667;2;4.0;4 - 0;4.333;North Lakes United;8.0;0.0;2.0;3.4;0;0.0;-0.75;10 - 2;6-1;3.75;1.5;90 - 62;52 - 26;26.0;52.0;;;2.0;7.0;1.0;9.0;;;;;;;;63.0;58.0;62.0;90.0;;;3.0;11.0;4.0;17.0;;[24 38 55 72];[1 1 2 2];[False False False False];['Moggill' 'Moggill' 'Moggill' 'Moggill'];[0 1 2 3];[1 2 3 4];['D' 'H' 'H' 'H'];['H' 'H' 'H' 'H'];0.27;0.73;0.0;0.53;0.47;0.0;;;;;;;
2026-05-17;194642927;China Super League Women;China;05:00;Full;True;0.5646376811594204;1.975;2.5;1.825;2.5;8.0;1.0;;3.0;0.0;3.0;134.0;88.0;100.0;Shanghai Shengli (W);;0.0;0.0;1.38;0;0.0;0 - 0;4.5;Changchun Dazhong (W);;0.0;2.0;6.25;0;0.0;-1.25;8 - 1;3-0;2.5;1.0;76 - 12;33 - 3;3.0;33.0;36.0;64.0;2.0;8.0;0.0;1.0;;;;;;;;24.0;110.0;12.0;76.0;39.0;61.0;4.0;14.0;1.0;5.0;;[];[];[];[];[];[];[];[];1.0;0.0;0.0;1.0;0.0;0.0;;;;;;;Women
2026-05-17;194641313;China Super League Women;China;05:00;Full;True;0.14253563390847712;1.8;2.0;2.0;2.0;6.0;4.0;;6.0;2.0;8.0;185.0;95.0;100.0;Beijing (W);;0.0;1.0;2.15;0;3.0;3 - 2;3.1;Jiangsu (W);;0.0;2.0;3.1;0;2.0;-0.25;6 - 4;6-2;2.0;0.75;69 - 26;31 - 12;12.0;31.0;43.0;57.0;0.0;6.0;0.0;0.0;;;;;;;;66.0;119.0;26.0;69.0;39.0;61.0;0.0;6.0;3.0;5.0;;[59 63 77 87 92];[2 2 2 2 2];[False False False False  True];['Beijing (W)' 'Jiangsu (W)' 'Jiangsu (W)' 'Beijing (W)' 'Beijing (W)'];[ 0  1  0 -1  0];[ 1  0 -1  0  1];['D' 'H' 'D' 'A' 'D'];['H' 'D' 'A' 'D' 'H'];0.85;0.04;0.11;1.0;0.0;0.0;;;;;;;Women
2026-05-17;194530164;Taiwan Premier League;Taiwan;05:00;Full;True;0.6263736263736264;1.95;3.5;1.85;3.5;5.0;8.0;;2.0;2.0;4.0;130.0;61.0;100.0;Taiwan Power Company;7.0;0.0;1.0;1.3;3;3.0;3 - 0;4.75;Ming Chuan University;8.0;1.0;2.0;7.0;0;0.0;-1.75;5 - 8;2-2;3.5;1.5;30 - 31;15 - 12;12.0;15.0;48.0;52.0;2.0;2.0;0.0;4.0;;;;;;;;79.0;51.0;31.0;30.0;55.0;45.0;3.0;5.0;4.0;6.0;;[23 42 44];[1 1 1];[False False False];['Taiwan Power Company' 'Taiwan Power Company' 'Taiwan Power Company'];[0 1 2];[1 2 3];['D' 'H' 'H'];['H' 'H' 'H'];0.26;0.74;0.0;0.51;0.49;0.0;;;;;;;
2026-05-17;194530166;Taiwan Premier League;Taiwan;05:00;Full;True;-0.16666666666666669;1.825;2.5;1.975;2.5;2.0;3.0;;2.0;1.0;3.0;135.0;98.0;100.0;Taichung Rock FC;5.0;0.0;2.0;3.0;0;1.0;1 - 2;3.5;AC Taipei;2.0;0.0;1.0;2.0;0;2.0;+0.25;2 - 3;2-1;2.5;1.0;43 - 55;18 - 30;30.0;18.0;52.0;48.0;7.0;4.0;1.0;2.0;;;;;;;;59.0;76.0;55.0;43.0;46.0;54.0;13.0;7.0;5.0;5.0;;[53 68 97];[2 2 2];[False False  True];['AC Taipei' 'AC Taipei' 'Taichung Rock FC'];[ 0 -1 -2];[-1 -2 -1];['D' 'A' 'A'];['A' 'A' 'A'];0.55;0.0;0.45;1.0;0.0;0.0;;;;;;;
2026-05-17;194530168;Taiwan Premier League;Taiwan;05:00;Full;True;-0.2698412698412699;2.0;2.5, 3.0;1.8;2.5, 3.0;4.0;3.0;;1.0;3.0;4.0;154.0;91.0;100.0;Taipei City Tatung;6.0;0.0;0.0;3.5;0;0.0;0 - 1;3.6;Taichung Futuro;4.0;0.0;0.0;1.8;0;1.0;+0.5;4 - 3;1-3;2.75;1.0;36 - 55;13 - 32;32.0;13.0;52.0;48.0;4.0;0.0;3.0;3.0;;;;;;;;77.0;77.0;55.0;36.0;44.0;56.0;7.0;4.0;5.0;3.0;;[78];[2];[False];['Taichung Futuro'];[0];[-1];['D'];['A'];0.87;0.0;0.13;1.0;0.0;0.0;;;;;;;
2026-05-17;194641385;Czechia 3. Liga;Czech Republic;05:15;Full;True;0.43009349858664936;2.0;3.0, 3.5;1.8;3.0, 3.5;6.0;8.0;;3.0;5.0;8.0;193.0;165.0;100.0;MFK Karvina B;;0.0;5.0;1.533;1;2.0;2 - 2;4.2;Hlucin;;1.0;3.0;4.5;1;2.0;-1.0;6 - 8;3-5;3.25;1.25;78 - 87;35 - 36;36.0;35.0;49.0;51.0;3.0;4.0;4.0;3.0;;;;;;;;93.0;100.0;87.0;78.0;46.0;54.0;6.0;12.0;6.0;5.0;;[24 28 58 61];[1 1 2 2];[False False False False];['Hlucin' 'MFK Karvina B' 'Hlucin' 'MFK Karvina B'];[ 0 -1  0 -1];[-1  0 -1  0];['D' 'A' 'D' 'A'];['A' 'D' 'A' 'D'];0.92;0.0;0.08;0.91;0.0;0.09;23951.0;;mfk karvina;;;;Youth
2026-05-17;194645439;Indonesia Super League;Indonesia;05:30;Full;True;0.20512820512820518;1.975;3.0;1.825;3.0;6.0;9.0;;4.0;1.0;5.0;156.0;84.0;100.0;Bali United;;0.0;1.0;1.95;2;4.0;4 - 1;3.5;Bhayangkara FC;;0.0;2.0;3.25;0;1.0;-0.25;6 - 9;4-1;3.0;1.25;40 - 44;24 - 17;17.0;24.0;47.0;53.0;2.0;3.0;3.0;4.0;;;;;;;;80.0;76.0;44.0;40.0;52.0;48.0;7.0;9.0;9.0;6.0;;[29 40 63 71 87];[1 1 2 2 2];[False False False False False];['Bali United' 'Bali United' 'Bhayangkara FC' 'Bali United' 'Bali United'];[0 1 2 1 2];[1 2 1 2 3];['D' 'H' 'H' 'H' 'H'];['H' 'H' 'H' 'H' 'H'];0.32;0.68;0.0;0.64;0.36;0.0;64299.0;;bali united;;;;
2026-05-17;194697227;Vietnam Division 2;Vietnam;05:30;Full;True;0.425;1.9;2.0, 2.5;1.9;2.0, 2.5;5.0;1.0;;4.0;1.0;5.0;123.0;67.0;100.0;Ha Noi FC II;;0.0;3.0;1.6;0;0.0;0 - 0;3.5;PVF;;0.0;1.0;5.0;0;0.0;-0.75;5 - 1;4-1;2.25;1.0;45 - 22;23 - 12;12.0;23.0;43.0;57.0;2.0;6.0;2.0;2.0;;;;;;;;46.0;77.0;22.0;45.0;37.0;63.0;4.0;8.0;4.0;3.0;;[];[];[];[];[];[];[];[];1.0;0.0;0.0;1.0;0.0;0.0;33130.0;;hanoi fc;;;;Youth
2026-05-17;194697229;Vietnam Division 2;Vietnam;05:30;Full;True;0.29054054054054046;2.05;2.0, 2.5;1.75;2.0, 2.5;4.0;7.0;;3.0;3.0;6.0;132.0;106.0;100.0;CLB Bong da Hue;;0.0;3.0;1.85;1;4.0;4 - 1;3.1;Ha Tinh;;0.0;0.0;4.0;0;1.0;-0.5;4 - 7;3-3;2.25;1.0;54 - 52;24 - 20;20.0;24.0;45.0;55.0;3.0;3.0;0.0;3.0;;;;;;;;65.0;67.0;52.0;54.0;51.0;49.0;10.0;6.0;2.0;6.0;;[24 52 59 86 88];[1 2 2 2 2];[False False False False False];"['CLB Bong da Hue' 'Ha Tinh' 'CLB Bong da Hue' 'CLB Bong da Hue'
 'CLB Bong da Hue']";[0 1 0 1 2];[1 0 1 2 3];['D' 'H' 'D' 'H' 'H'];['H' 'D' 'H' 'H' 'H'];0.34;0.66;0.0;0.53;0.47;0.0;;;;;;;
2026-05-17;194640892;Austria Women League 2;Austria;05:30;Full;True;0.5592247864337625;1.8;3.5;2.0;3.5;3.0;1.0;;1.0;0.0;1.0;183.0;66.0;100.0;Luv Graz (W);;0.0;3.0;1.364;0;0.0;0 - 1;4.75;Rot-Weiss Rankweil (W);;0.0;0.0;5.75;1;1.0;-1.5;3 - 1;1-0;3.5;1.5;44 - 22;22 - 13;13.0;22.0;36.0;64.0;3.0;5.0;4.0;3.0;;;;;;;;78.0;105.0;22.0;44.0;34.0;66.0;4.0;8.0;5.0;5.0;;[6];[1];[False];['Rot-Weiss Rankweil (W)'];[0];[-1];['D'];['A'];0.07;0.0;0.93;0.13;0.0;0.87;;;;;;;Women
2026-05-17;194647283;Hungary NB III;Hungary;06:00;Full;True;-0.16666666666666669;1.925;2.5, 3.0;1.875;2.5, 3.0;6.0;5.0;;1.0;1.0;2.0;94.0;94.0;;Ferencvarosi TC II;;0.0;4.0;3.0;3;3.0;3 - 4;3.5;Pecsi MFC;;0.0;1.0;2.0;2;4.0;+0.25;6 - 5;1-1;2.75;1.25;42 - 52;12 - 18;18.0;12.0;;;0.0;1.0;2.0;6.0;;;;;;;;41.0;53.0;52.0;42.0;;;2.0;3.0;4.0;6.0;;[34 34 34 41 46 54 67];[1 1 1 1 1 2 2];[False False False False  True False False];"['Ferencvarosi TC II' 'Ferencvarosi TC II' 'Ferencvarosi TC II'
 'Pecsi MFC' 'Pecsi MFC' 'Pecsi MFC' 'Pecsi MFC']";[0 1 2 3 2 1 0];[ 1  2  3  2  1  0 -1];['D' 'H' 'H' 'H' 'H' 'H' 'D'];['H' 'H' 'H' 'H' 'H' 'D' 'A'];0.52;0.22;0.26;0.74;0.26;0.0;1925.0;;ferencvarosi budapest;;;;Youth
2026-05-17;194645907;Hungary NB III;Hungary;06:00;Full;True;0.4666666666666666;1.975;3.0, 3.5;1.825;3.0, 3.5;5.0;0.0;;3.0;0.0;3.0;93.0;79.0;;Debreceni VSC II;;0.0;3.0;1.5;0;4.0;4 - 1;4.0;FC Tiszaujvaros;;0.0;3.0;5.0;0;1.0;-1.0;5 - 0;3-0;3.25;1.25;55 - 24;27 - 12;12.0;27.0;;;3.0;6.0;0.0;2.0;;;;;;;;54.0;39.0;24.0;55.0;;;4.0;9.0;1.0;8.0;;[48 50 59 67 84];[2 2 2 2 2];[False False False False False];"['Debreceni VSC II' 'Debreceni VSC II' 'Debreceni VSC II'
 'FC Tiszaujvaros' 'Debreceni VSC II']";[0 1 2 3 2];[1 2 3 2 3];['D' 'H' 'H' 'H' 'H'];['H' 'H' 'H' 'H' 'H'];0.53;0.47;0.0;1.0;0.0;0.0;1921.0;;debreceni vsc;;;;Youth
2026-05-17;194092285;Japan J2/J3 Centennial League;Japan;06:00;Full;True;0.05303030303030304;1.9;2.0, 2.5;1.9;2.0, 2.5;12.0;5.0;;2.0;3.0;5.0;151.0;104.0;100.0;FC Ryukyu;;0.0;0.0;2.4;1;1.0;1 - 3;3.0;Gainare Tottori;;0.0;1.0;2.75;2;3.0;0.0;12 - 5;2-3;2.25;1.0;56 - 48;22 - 30;30.0;22.0;46.0;54.0;0.0;1.0;2.0;4.0;;;;;;;;63.0;88.0;48.0;56.0;46.0;54.0;0.0;6.0;3.0;4.0;;[ 9 21 42 51];[1 1 1 2];[False False False False];['FC Ryukyu' 'Gainare Tottori' 'Gainare Tottori' 'Gainare Tottori'];[ 0  1  0 -1];[ 1  0 -1 -2];['D' 'H' 'D' 'A'];['H' 'D' 'A' 'A'];0.33;0.13;0.53;0.67;0.27;0.07;44528.0;38141.0;fc ryukyu;gainare tottori;1.83;1.83;
2026-05-17;194653955;Thailand University League;Thailand;06:00;Schedule;False;-0.4057502538142655;1.825;3.0;1.975;3.0;0.0;0.0;;0.0;0.0;0.0;0.0;0.0;;Vongchavalitkul Uni;;0.0;0.0;4.333;0;0.0;0 - 0;4.1;Pitchayabundit College;;0.0;0.0;1.571;0;0.0;+1.0;0 - 0;0-0;3.0;1.25;-;nan;;;;;;;;;;;;;;;;0.0;0.0;0.0;0.0;;;0.0;0.0;0.0;0.0;;[];[];[];[];[];[];[];[];1.0;0.0;0.0;1.0;0.0;0.0;;;;;;;
2026-05-17;194645918;Hungary NB III;Hungary;06:00;Full;True;0.4215287371947474;2.025;3.0, 3.5;1.775;3.0, 3.5;7.0;3.0;;5.0;2.0;7.0;191.0;113.0;;Ujpest II;;0.0;1.0;1.533;3;3.0;3 - 0;4.333;Papai Perutz;;1.0;4.0;4.333;0;0.0;-1.0;7 - 3;5-2;3.25;1.25;74 - 39;36 - 20;20.0;36.0;;;1.0;2.0;0.0;4.0;;;;;;;;90.0;101.0;39.0;74.0;;;1.0;8.0;2.0;4.0;;[ 5 37 44];[1 1 1];[False False False];['Ujpest II' 'Ujpest II' 'Ujpest II'];[0 1 2];[1 2 3];['D' 'H' 'H'];['H' 'H' 'H'];0.06;0.94;0.0;0.11;0.89;0.0;1924.0;;ujpest fc budapest;;;;Youth
2026-05-17;194637064;Andorra Premier Division;Andorra;06:00;Full;True;0.49385749385749383;1.975;2.5, 3.0;1.825;2.5, 3.0;9.0;0.0;;7.0;0.0;7.0;206.0;110.0;;AC d'Escaldes;;0.0;2.0;1.48;2;2.0;2 - 0;4.0;Penya Encarnada;;0.0;2.0;5.5;0;0.0;-1.0;9 - 0;7-0;2.75;1.0;62 - 48;43 - 10;10.0;43.0;;;4.0;10.0;0.0;8.0;;;;;;;;119.0;87.0;48.0;62.0;;;12.0;13.0;2.0;8.0;;[16 46];[1 1];[False  True];"[""AC d'Escaldes"" ""AC d'Escaldes""]";[0 1];[1 2];['D' 'H'];['H' 'H'];0.18;0.82;0.0;0.35;0.65;0.0;;;;;;;
2026-05-17;194712336;Germany Bundesliga U19;Germany;06:00;Full;True;-0.15346409793764426;1.9;3.0, 3.5;1.9;3.0, 3.5;12.0;3.0;;2.0;0.0;2.0;0.0;0.0;;Paderborn U19;;0.0;3.0;2.7;0;1.0;1 - 1;4.5;Cologne U19;;0.0;2.0;1.909;1;1.0;+0.5;12 - 3;2-0;3.25;1.25;-;-;0.0;0.0;;;0.0;0.0;1.0;0.0;;;;;;;;0.0;0.0;0.0;0.0;;;0.0;0.0;1.0;1.0;;[ 5 70];[1 2];[False False];['Cologne U19' 'Paderborn U19'];[ 0 -1];[-1  0];['D' 'A'];['A' 'D'];0.28;0.0;0.72;0.11;0.0;0.89;2561.0;2671.0;sc paderborn 07;1. fc cologne;;;Youth
2026-05-17;194641327;Croatia U19 League;Croatia;06:00;Schedule;False;0.13636363636363635;1.8;3.0;2.0;3.0;0.0;0.0;;0.0;0.0;0.0;0.0;0.0;;NK Osijek U19;;0.0;0.0;2.0;0;0.0;0 - 0;3.9;HNK Rijeka U19;;0.0;0.0;2.75;0;0.0;-0.25;0 - 0;0-0;3.0;1.25;-;nan;;;;;;;;;;;;;;;;0.0;0.0;0.0;0.0;;;0.0;0.0;0.0;0.0;;[];[];[];[];[];[];[];[];1.0;0.0;0.0;1.0;0.0;0.0;2040.0;2039.0;nk osijek;hnk rijeka;;;Youth
2026-05-17;194642929;China Super League Women;China;06:00;Full;True;-0.09661835748792269;1.8;2.0;2.0;2.0;2.0;8.0;;2.0;3.0;5.0;110.0;69.0;100.0;Shaanxi Athletic (W);;0.0;0.0;2.875;1;1.0;1 - 0;3.1;Shandong (W);;0.0;0.0;2.25;0;0.0;+0.25;2 - 8;2-3;2.0;0.75;35 - 34;25 - 14;14.0;25.0;56.0;44.0;1.0;2.0;1.0;3.0;;;;;;;;57.0;53.0;34.0;35.0;63.0;37.0;2.0;3.0;1.0;3.0;;[35];[1];[False];['Shaanxi Athletic (W)'];[0];[1];['D'];['H'];0.39;0.61;0.0;0.78;0.22;0.0;;;;;;;Women
2026-05-17;194641568;Türkiye U19 League;Turkey;06:00;Full;True;0.49252077562326874;1.85;3.0, 3.5;1.95;3.0, 3.5;5.0;9.0;;3.0;5.0;8.0;136.0;63.0;100.0;Trabzonspor U19;;0.0;2.0;1.444;3;4.0;4 - 1;4.5;Genclerbirligi U19;;1.0;3.0;5.0;1;1.0;-1.25;5 - 9;3-5;3.25;1.25;29 - 34;15 - 18;18.0;15.0;48.0;52.0;5.0;3.0;5.0;4.0;;;;;;;;67.0;69.0;34.0;29.0;46.0;54.0;8.0;5.0;6.0;6.0;;[ 3 14 27 44 70];[1 1 1 1 2];[False False False False False];"['Trabzonspor U19' 'Genclerbirligi U19' 'Trabzonspor U19'
 'Trabzonspor U19' 'Trabzonspor U19']";[0 1 0 1 2];[1 0 1 2 3];['D' 'H' 'D' 'H' 'H'];['H' 'D' 'H' 'H' 'H'];0.18;0.82;0.0;0.36;0.64;0.0;3051.0;7802.0;trabzonspor;genclerbirligi sk;;;Youth
2026-05-17;194539021;Hungary NB III;Hungary;06:00;Full;True;0.1774193548387097;1.95;2.5, 3.0;1.85;2.5, 3.0;5.0;3.0;;2.0;2.0;4.0;153.0;71.0;100.0;Kisvarda II;;0.0;2.0;2.0;0;2.0;2 - 0;3.4;Cigand SE;;0.0;2.0;3.1;0;0.0;0.0;5 - 3;2-2;2.75;1.25;39 - 32;19 - 17;17.0;19.0;41.0;59.0;1.0;2.0;1.0;0.0;;;;;;;;66.0;87.0;32.0;39.0;45.0;55.0;2.0;6.0;2.0;3.0;;[77 91];[2 2];[False  True];['Kisvarda II' 'Kisvarda II'];[0 1];[1 2];['D' 'H'];['H' 'H'];0.85;0.15;0.0;1.0;0.0;0.0;;;;;;;Youth
2026-05-17;194539023;Hungary NB III;Hungary;06:00;Full;True;0.21862348178137647;1.9;2.5, 3.0;1.9;2.5, 3.0;2.0;8.0;;0.0;4.0;4.0;163.0;88.0;100.0;Puskas Academy II;;0.0;2.0;1.9;2;3.0;3 - 1;3.6;Bicskei TC;;1.0;2.0;3.25;0;1.0;-0.5;2 - 8;0-4;2.75;1.25;43 - 45;21 - 21;21.0;21.0;49.0;51.0;5.0;3.0;3.0;2.0;;;;;;;;76.0;87.0;45.0;43.0;47.0;53.0;8.0;9.0;5.0;5.0;;[35 39 55 73];[1 1 2 2];[False False False False];['Puskas Academy II' 'Puskas Academy II' 'Bicskei TC' 'Puskas Academy II'];[0 1 2 1];[1 2 1 2];['D' 'H' 'H' 'H'];['H' 'H' 'H' 'H'];0.39;0.61;0.0;0.78;0.22;0.0;25596.0;;puskas akademia fc felcsut;;;;Youth
2026-05-17;194658447;Poland IV Liga;Poland;06:00;Full;True;0.56836936506854;1.825;3.0, 3.5;1.975;3.0, 3.5;4.0;4.0;;1.0;3.0;4.0;167.0;77.0;100.0;Izolator Boguchwala;;0.0;1.0;1.333;1;3.0;3 - 0;5.5;Wislok Wisniowa;;0.0;2.0;5.5;0;0.0;-1.25;4 - 4;1-3;3.25;1.5;44 - 33;19 - 15;15.0;19.0;44.0;56.0;3.0;5.0;1.0;2.0;;;;;;;;70.0;97.0;33.0;44.0;37.0;63.0;4.0;8.0;1.0;7.0;;[45 56 90];[1 2 2];[False False False];['Izolator Boguchwala' 'Izolator Boguchwala' 'Izolator Boguchwala'];[0 1 2];[1 2 3];['D' 'H' 'H'];['H' 'H' 'H'];0.5;0.5;0.0;1.0;0.0;0.0;;;;;;;
2026-05-17;194539027;Hungary NB III;Hungary;06:00;Full;True;0.3498800239952009;1.8;3.0;2.0;3.0;8.0;4.0;;5.0;3.0;8.0;95.0;70.0;100.0;MTK Budapest II;;0.0;2.0;1.667;0;2.0;2 - 0;3.8;Dunaujvaros FC;;1.0;1.0;4.0;0;0.0;-0.5;8 - 4;5-3;3.0;1.25;41 - 29;23 - 17;17.0;23.0;39.0;61.0;1.0;1.0;2.0;3.0;;;;;;;;55.0;40.0;29.0;41.0;41.0;59.0;4.0;1.0;3.0;5.0;;[63 85];[2 2];[False False];['MTK Budapest II' 'MTK Budapest II'];[0 1];[1 2];['D' 'H'];['H' 'H'];0.7;0.3;0.0;1.0;0.0;0.0;1915.0;;mtk budapest;;;;Youth
2026-05-17;194647290;Hungary NB III;Hungary;06:00;Schedule;False;-0.10797342192691028;1.925;2.5, 3.0;1.875;2.5, 3.0;0.0;0.0;;0.0;0.0;0.0;0.0;0.0;;Paksi II;;0.0;0.0;2.8;0;0.0;0 - 0;3.4;Majosi SE;;0.0;0.0;2.15;0;0.0;0.0;0 - 0;0-0;2.75;1.25;-;nan;;;;;;;;;;;;;;;;0.0;0.0;0.0;0.0;;;0.0;0.0;0.0;0.0;;[];[];[];[];[];[];[];[];1.0;0.0;0.0;1.0;0.0;0.0;6059.0;;paksi fc;;;;Youth
2026-05-17;194660095;Spain Regional League;Spain;06:30;Full;True;0.1923076923076923;1.85;2.5;1.95;2.5;5.0;3.0;;1.0;2.0;3.0;187.0;86.0;100.0;CP Parla Escuela;;0.0;1.0;2.0;2;2.0;2 - 2;3.3;Real Aranjuez;;0.0;4.0;3.25;1;2.0;0.0;5 - 3;1-2;2.5;1.0;41 - 45;23 - 22;22.0;23.0;52.0;48.0;4.0;0.0;3.0;4.0;;;;;;;;100.0;87.0;45.0;41.0;53.0;47.0;7.0;2.0;4.0;5.0;;[34 37 48 60];[1 1 1 2];[False False  True False];['CP Parla Escuela' 'Real Aranjuez' 'CP Parla Escuela' 'Real Aranjuez'];[0 1 0 1];[1 0 1 0];['D' 'H' 'D' 'H'];['H' 'D' 'H' 'D'];0.83;0.17;0.0;0.94;0.06;0.0;;;;;;;
2026-05-17;194652202;Spain Tercera Group 18;Spain;06:30;Full;True;0.05303030303030304;1.9;2.0;1.9;2.0;9.0;8.0;;7.0;1.0;8.0;154.0;54.0;100.0;Manchego;;0.0;2.0;2.4;0;0.0;0 - 0;3.0;CD Tarancon;;0.0;2.0;2.75;0;0.0;0.0;9 - 8;7-1;2.0;0.75;28 - 26;20 - 4;4.0;20.0;53.0;47.0;1.0;1.0;0.0;2.0;;;;;;;;82.0;72.0;26.0;28.0;55.0;45.0;6.0;4.0;2.0;2.0;;[];[];[];[];[];[];[];[];1.0;0.0;0.0;1.0;0.0;0.0;;;;;;;
2026-05-17;194527064;Portugal Segunda Liga;Portugal;07:00;Full;True;-0.007843137254901933;1.775;2.0, 2.5;2.025;2.0, 2.5;6.0;5.0;;4.0;4.0;8.0;188.0;118.0;100.0;UD Oliveirense;;0.0;1.0;2.55;1;1.0;1 - 5;3.2;Felgueiras 1932;;0.0;0.0;2.5;2;5.0;0.0;6 - 5;4-4;2.25;1.0;60 - 58;22 - 31;31.0;22.0;49.0;51.0;4.0;3.0;3.0;2.0;;;;;;;;88.0;100.0;58.0;60.0;47.0;53.0;11.0;8.0;7.0;5.0;;[14 23 35 47 82 93];[1 1 1 2 2 2];[False False False False False  True];"['UD Oliveirense' 'Felgueiras 1932' 'Felgueiras 1932' 'Felgueiras 1932'
 'Felgueiras 1932' 'Felgueiras 1932']";[ 0  1  0 -1 -2 -3];[ 1  0 -1 -2 -3 -4];['D' 'H' 'D' 'A' 'A' 'A'];['H' 'D' 'A' 'A' 'A' 'A'];0.28;0.1;0.62;0.58;0.2;0.22;21831.0;3030.0;ud oliveirense;fc felgueiras 1932;;;
2026-05-17;193717028;South Korea K League 1;South Korea;07:00;Full;True;-0.19841269841269837;1.85;2.0;1.95;2.0;2.0;6.0;;0.0;5.0;5.0;214.0;138.0;100.0;Bucheon FC 1995;;0.0;2.0;3.6;0;2.0;2 - 0;3.0;Pohang Steelers;;0.0;1.0;2.1;0;0.0;+0.25;2 - 6;0-5;2.0;0.75;47 - 91;16 - 52;52.0;16.0;50.0;50.0;3.0;0.0;2.0;0.0;;;;;;;;143.0;71.0;91.0;47.0;50.0;50.0;7.0;5.0;4.0;2.0;;[63 86];[2 2];[False False];['Bucheon FC 1995' 'Bucheon FC 1995'];[0 1];[1 2];['D' 'H'];['H' 'H'];0.7;0.3;0.0;1.0;0.0;0.0;92539.0;7650.0;bucheon fc 1995;fc pohang steelers;2.1;2.2;
2026-05-17;193717036;South Korea K League 1;South Korea;07:00;Full;True;0.14253563390847712;1.775;2.0, 2.5;2.025;2.0, 2.5;3.0;1.0;;2.0;0.0;2.0;189.0;121.0;100.0;Gangwon FC;;0.0;3.0;2.15;2;2.0;2 - 0;3.25;Ulsan HD;;1.0;2.0;3.1;0;0.0;-0.25;3 - 1;2-0;2.25;1.0;65 - 56;44 - 15;15.0;44.0;50.0;50.0;2.0;7.0;2.0;3.0;;;;;;;;88.0;101.0;56.0;65.0;50.0;50.0;4.0;8.0;4.0;5.0;;[21 45];[1 1];[False False];['Gangwon FC' 'Gangwon FC'];[0 1];[1 2];['D' 'H'];['H' 'H'];0.23;0.77;0.0;0.47;0.53;0.0;34220.0;7653.0;gangwon fc;ulsan hd fc;1.83;1.8;
2026-05-17;194659401;Spain Tercera Group 6;Spain;07:00;Full;True;0.0;2.025;2.5;1.775;2.5;6.0;0.0;;2.0;0.0;2.0;183.0;113.0;;Villarreal C;;0.0;3.0;2.5;0;1.0;1 - 3;2.75;Levante B;;0.0;4.0;2.5;1;3.0;0.0;6 - 0;2-0;2.5;1.0;85 - 28;29 - 16;16.0;29.0;;;4.0;2.0;1.0;2.0;;;;;;;;72.0;111.0;28.0;85.0;;;4.0;6.0;4.0;5.0;;[25 50 64 86];[1 2 2 2];[False False False False];['Levante B' 'Levante B' 'Levante B' 'Villarreal C'];[ 0 -1 -2 -3];[-1 -2 -3 -2];['D' 'A' 'A' 'A'];['A' 'A' 'A' 'A'];0.28;0.0;0.72;0.56;0.0;0.44;;2849.0;;levante ud;;;Youth
2026-05-17;194652204;Spain Tercera Group 18;Spain;07:00;Full;True;-0.020979020979020935;2.05;2.0;1.75;2.0;4.0;1.0;;2.0;1.0;3.0;190.0;61.0;100.0;Albacete B;;0.0;4.0;2.75;0;0.0;0 - 0;2.75;Toledo;;0.0;4.0;2.6;0;0.0;0.0;4 - 1;2-1;2.0;0.75;36 - 25;18 - 11;11.0;18.0;49.0;51.0;4.0;2.0;2.0;3.0;;;;;;;;83.0;107.0;25.0;36.0;48.0;52.0;7.0;5.0;3.0;7.0;;[];[];[];[];[];[];[];[];1.0;0.0;0.0;1.0;0.0;0.0;;;;;;;Youth
2026-05-17;194658438;Poland III Liga;Poland;07:00;Full;True;0.45614035087719296;1.8;2.5, 3.0;2.0;2.5, 3.0;7.0;6.0;;5.0;3.0;8.0;168.0;144.0;;Gornik Polkowice;;0.0;0.0;1.5;1;3.0;3 - 1;4.0;MKS Kluczbork;;0.0;0.0;4.75;0;1.0;-1.0;7 - 6;5-3;2.75;1.25;64 - 80;31 - 41;41.0;31.0;;;8.0;2.0;1.0;3.0;;;;;;;;97.0;71.0;80.0;64.0;;;16.0;3.0;5.0;6.0;;[21 67 74 82];[1 2 2 2];[False False False False];['Gornik Polkowice' 'MKS Kluczbork' 'Gornik Polkowice' 'Gornik Polkowice'];[0 1 0 1];[1 0 1 2];['D' 'H' 'D' 'H'];['H' 'D' 'H' 'H'];0.31;0.69;0.0;0.47;0.53;0.0;;;;;;;
2026-05-17;194621299;Vietnam V-League;Vietnam;07:00;Full;True;0.02178649237472774;1.8;2.0;2.0;2.0;7.0;7.0;;0.0;6.0;6.0;138.0;57.0;100.0;Hoang Anh Gia Lai;;0.0;1.0;2.55;0;0.0;0 - 2;2.8;Hong Linh Ha Tinh;;0.0;2.0;2.7;1;2.0;0.0;7 - 7;0-6;2.0;0.75;33 - 24;9 - 13;13.0;9.0;47.0;53.0;6.0;0.0;2.0;0.0;;;;;;;;58.0;80.0;24.0;33.0;40.0;60.0;6.0;0.0;4.0;3.0;;[53 56];[1 2];[ True False];['Hong Linh Ha Tinh' 'Hong Linh Ha Tinh'];[ 0 -1];[-1 -2];['D' 'A'];['A' 'A'];0.59;0.0;0.41;1.0;0.0;0.0;33125.0;541735.0;hoang anh gia lai;ha tinh fc;2.1;2.0;
2026-05-17;194658416;Poland Youth League;Poland;07:00;Full;True;0.19298245614035087;1.8;3.0;2.0;3.0;6.0;2.0;;3.0;1.0;4.0;147.0;82.0;100.0;Slask Wroclaw U19;;0.0;2.0;1.9;0;1.0;1 - 1;3.9;Stal Rzeszow U19;;0.0;2.0;3.0;1;1.0;-0.5;6 - 2;3-1;3.0;1.25;59 - 23;29 - 14;14.0;29.0;44.0;56.0;3.0;6.0;2.0;2.0;;;;;;;;55.0;92.0;23.0;59.0;42.0;58.0;8.0;14.0;4.0;5.0;;[ 4 91];[1 2];[False  True];['Stal Rzeszow U19' 'Slask Wroclaw U19'];[ 0 -1];[-1  0];['D' 'A'];['A' 'D'];0.04;0.0;0.96;0.09;0.0;0.91;3108.0;37207.0;wks slask wroclaw;zks stal rzeszow;;;Youth
2026-05-17;194640239;Republic of Ireland Leinster Senior League;Ireland;07:00;Full;True;-0.06238859180035644;2.0;3.0, 3.5;1.8;3.0, 3.5;3.0;4.0;;2.0;3.0;5.0;175.0;115.0;100.0;Usher Celtic;;0.0;2.0;2.55;0;1.0;1 - 1;3.75;St Francis FC;;0.0;1.0;2.2;1;1.0;+0.25;3 - 4;2-3;3.25;1.25;64 - 51;28 - 20;20.0;28.0;51.0;49.0;2.0;2.0;2.0;3.0;;;;;;;;81.0;94.0;51.0;64.0;51.0;49.0;4.0;4.0;5.0;5.0;;[36 82];[1 2];[False False];['St Francis FC' 'Usher Celtic'];[ 0 -1];[-1  0];['D' 'A'];['A' 'D'];0.49;0.0;0.51;0.8;0.0;0.2;;;;;;;
2026-05-17;194652192;Spain Segunda Division RFEF Play-Offs;Spain;07:00;Full;True;0.09090909090909088;1.8;2.0;2.0;2.0;1.0;3.0;;1.0;1.0;2.0;150.0;89.0;100.0;CD Alaves B;;1.0;2.0;2.2;0;0.0;0 - 1;3.3;Real Jaen;;0.0;3.0;2.75;0;1.0;-0.25;1 - 3;1-1;2.0;0.75;35 - 54;24 - 25;25.0;24.0;63.0;37.0;3.0;1.0;1.0;0.0;;;;;;;;82.0;68.0;54.0;35.0;71.0;29.0;6.0;1.0;4.0;0.0;;[61];[2];[False];['Real Jaen'];[0];[-1];['D'];['A'];0.68;0.0;0.32;1.0;0.0;0.0;2885.0;;deportivo alaves;;;;Youth
2026-05-17;194652190;Spain Segunda Division RFEF Play-Offs;Spain;07:00;Full;True;0.3884080628255044;1.925;2.0, 2.5;1.875;2.0, 2.5;6.0;4.0;;4.0;3.0;7.0;149.0;75.0;100.0;Atletico Baleares;;0.0;2.0;1.615;0;1.0;1 - 1;3.7;Coruxo;;1.0;3.0;4.333;0;1.0;-0.75;6 - 4;4-3;2.25;1.0;39 - 36;19 - 20;20.0;19.0;42.0;58.0;6.0;7.0;5.0;0.0;;;;;;;;67.0;82.0;36.0;39.0;41.0;59.0;8.0;12.0;6.0;3.0;;[53 85];[2 2];[False False];['Coruxo' 'Atletico Baleares'];[ 0 -1];[-1  0];['D' 'A'];['A' 'D'];0.64;0.0;0.36;1.0;0.0;0.0;;;;;;;
2026-05-17;194652185;Spain Segunda Division RFEF Play-Offs;Spain;07:00;Full;True;0.2738738738738738;1.85;2.0, 2.5;1.95;2.0, 2.5;4.0;2.0;;3.0;1.0;4.0;179.0;111.0;100.0;Deportiva Minera;;0.0;2.0;1.85;0;0.0;0 - 1;3.3;CD Coria;;0.0;4.0;3.75;0;1.0;-0.5;4 - 2;3-1;2.25;1.0;63 - 48;24 - 24;24.0;24.0;50.0;50.0;2.0;8.0;2.0;1.0;;;;;;;;88.0;91.0;48.0;63.0;50.0;50.0;4.0;11.0;8.0;3.0;;[86];[2];[False];['CD Coria'];[0];[-1];['D'];['A'];0.96;0.0;0.04;1.0;0.0;0.0;;;;;;;
2026-05-17;194640366;Finland Kansallinen Liiga Women;Finland;07:00;Full;True;-0.15517241379310343;1.8;3.5;2.0;3.5;8.0;2.0;;2.0;2.0;4.0;286.0;192.0;100.0;IF Gnistan (W);;0.0;1.0;2.9;2;2.0;2 - 3;3.7;Ilves (W);;0.0;0.0;2.0;1;3.0;+0.25;8 - 2;2-2;3.5;1.5;101 - 91;47 - 46;46.0;47.0;54.0;46.0;8.0;1.0;5.0;7.0;;;;;;;;147.0;139.0;91.0;101.0;54.0;46.0;13.0;6.0;8.0;7.0;;[17 25 40 47 58];[1 1 1 2 2];[False False False False False];['IF Gnistan (W)' 'Ilves (W)' 'IF Gnistan (W)' 'Ilves (W)' 'Ilves (W)'];[0 1 0 1 0];[ 1  0  1  0 -1];['D' 'H' 'D' 'H' 'D'];['H' 'D' 'H' 'D' 'A'];0.48;0.17;0.36;0.71;0.29;0.0;2271.0;;if gnistan;;;;Women
2026-05-17;194644293;Spain Segunda Division RFEF Play-Offs;Spain;07:00;Full;True;0.19696969696969696;1.9;2.0;1.9;2.0;2.0;6.0;;0.0;2.0;2.0;189.0;71.0;100.0;UD San Sebastian Reyes;;0.0;2.0;2.0;1;1.0;1 - 1;3.25;Alcoyano;;0.0;4.0;3.3;0;1.0;-0.25;2 - 6;0-2;2.0;0.75;33 - 38;17 - 21;21.0;17.0;50.0;50.0;5.0;2.0;2.0;1.0;;;;;;;;100.0;89.0;38.0;33.0;50.0;50.0;6.0;4.0;3.0;3.0;;[22 73];[1 2];[False False];['UD San Sebastian Reyes' 'Alcoyano'];[0 1];[1 0];['D' 'H'];['H' 'D'];0.43;0.57;0.0;0.49;0.51;0.0;;;;;;;
2026-05-17;194645273;Spain Primera Federacion Women;Spain;07:00;Full;True;0.5;1.9;2.0, 2.5;1.9;2.0, 2.5;1.0;14.0;;1.0;7.0;8.0;220.0;146.0;100.0;Valencia (W);;1.0;2.0;1.5;3;4.0;4 - 3;3.6;Fundacion Albacete (W);;0.0;3.0;6.0;1;3.0;-1.0;1 - 14;1-7;2.25;1.0;67 - 79;30 - 37;37.0;30.0;48.0;52.0;1.0;3.0;2.0;5.0;;;;;;;;108.0;112.0;79.0;67.0;54.0;46.0;5.0;4.0;7.0;10.0;;[24 28 33 34 48 67 91];[1 1 1 1 2 2 2];[False False False False False False  True];"['Valencia (W)' 'Valencia (W)' 'Valencia (W)' 'Fundacion Albacete (W)'
 'Valencia (W)' 'Fundacion Albacete (W)' 'Fundacion Albacete (W)']";[0 1 2 3 2 3 2];[1 2 3 2 3 2 1];['D' 'H' 'H' 'H' 'H' 'H' 'H'];['H' 'H' 'H' 'H' 'H' 'H' 'H'];0.26;0.74;0.0;0.53;0.47;0.0;2828.0;;valencia cf;;;;Women
2026-05-17;194537201;Ukraine Vyscha Liga;Ukraine;07:00;Full;True;0.13196480938416422;1.875;2.0;1.925;2.0;3.0;2.0;;2.0;1.0;3.0;190.0;98.0;100.0;FC Rukh Lviv;;0.0;1.0;2.2;0;1.0;1 - 3;3.0;PFC Oleksandria;;0.0;3.0;3.1;2;3.0;-0.25;3 - 2;2-1;2.0;0.75;64 - 34;32 - 17;17.0;32.0;50.0;50.0;0.0;0.0;2.0;0.0;;;;;;;;83.0;107.0;34.0;64.0;48.0;52.0;0.0;1.0;5.0;3.0;;[ 8 48 46 72];[1 1 2 2];[False  True False False];['PFC Oleksandria' 'PFC Oleksandria' 'PFC Oleksandria' 'FC Rukh Lviv'];[ 0 -1 -2 -3];[-1 -2 -3 -2];['D' 'A' 'A' 'A'];['A' 'A' 'A' 'A'];0.09;0.0;0.91;0.17;0.0;0.83;277645.0;25479.0;fc rukh lviv;fc oleksandriya;;;
2026-05-17;194639509;Finland Ykkonen Women;Finland;07:00;Full;True;0.3926347984039994;1.9;3.0, 3.5;1.9;3.0, 3.5;5.0;5.0;;2.0;2.0;4.0;200.0;111.0;;FC Honka (W);;0.0;1.0;1.571;1;3.0;3 - 1;4.2;ONS (W);;0.0;0.0;4.1;1;1.0;-1.0;5 - 5;2-2;3.25;1.25;65 - 46;25 - 22;22.0;25.0;;;4.0;1.0;1.0;3.0;;;;;;;;92.0;108.0;46.0;65.0;;;7.0;7.0;3.0;7.0;;[15 22 46 50];[1 1 2 2];[False False False False];['ONS (W)' 'FC Honka (W)' 'FC Honka (W)' 'FC Honka (W)'];[ 0 -1  0  1];[-1  0  1  2];['D' 'A' 'D' 'H'];['A' 'D' 'H' 'H'];0.43;0.49;0.08;0.84;0.0;0.16;2260.0;;fc honka;;;;Women
2026-05-17;194659406;Spain Tercera Group 7;Spain;07:00;Full;True;0.016006402561024313;1.825;2.0, 2.5;1.975;2.0, 2.5;3.0;4.0;;0.0;2.0;2.0;187.0;128.0;;Las Rozas;;0.0;4.0;2.45;0;1.0;1 - 0;3.1;Torrejon;;0.0;2.0;2.55;0;0.0;0.0;3 - 4;0-2;2.25;1.0;65 - 63;29 - 31;31.0;29.0;;;3.0;3.0;1.0;1.0;;;;;;;;91.0;96.0;63.0;65.0;;;5.0;8.0;4.0;6.0;;[53];[2];[False];['Las Rozas'];[0];[1];['D'];['H'];0.59;0.41;0.0;1.0;0.0;0.0;;;;;;;
2026-05-17;193714575;Italy Serie A;Italy;07:00;Full;True;-0.6135265700483092;1.825;2.5;2.025;2.5;1.0;6.0;;0.0;5.0;5.0;196.0;64.0;100.0;Pisa;20.0;0.0;2.0;9.0;0;0.0;0 - 3;4.5;Napoli;2.0;0.0;2.0;1.38;2;3.0;+1.25;1 - 6;0-5;2.5;1.0;17 - 47;14 - 38;38.0;14.0;74.0;26.0;4.0;1.0;4.0;0.0;;;;;;;;147.0;49.0;47.0;17.0;77.0;23.0;5.0;2.0;5.0;2.0;;[21 27 92];[1 1 2];[False False  True];['Napoli' 'Napoli' 'Napoli'];[ 0 -1 -2];[-1 -2 -3];['D' 'A' 'A'];['A' 'A' 'A'];0.23;0.0;0.77;0.47;0.0;0.53;2737.0;2714.0;pisa sc;ssc napoli;2.0;2.2;
2026-05-17;194660166;Spain Regional League Play-Offs;Spain;07:00;Full;True;0.2923976608187135;1.8;2.5;2.0;2.5;3.0;2.0;;3.0;2.0;5.0;148.0;73.0;100.0;Castuera;;0.0;0.0;1.8;5;6.0;6 - 1;3.4;UD Fuente de Cantos;;0.0;0.0;3.8;0;1.0;-0.5;3 - 2;3-2;2.5;1.0;48 - 25;32 - 14;14.0;32.0;49.0;51.0;1.0;6.0;0.0;6.0;;;;;;;;69.0;79.0;25.0;48.0;44.0;56.0;2.0;8.0;1.0;7.0;;[ 8 15 33 35 38 47 75];[1 1 1 1 1 2 2];[False False False False False False False];"['Castuera' 'Castuera' 'Castuera' 'Castuera' 'Castuera'
 'UD Fuente de Cantos' 'Castuera']";[0 1 2 3 4 5 4];[1 2 3 4 5 4 5];['D' 'H' 'H' 'H' 'H' 'H' 'H'];['H' 'H' 'H' 'H' 'H' 'H' 'H'];0.09;0.91;0.0;0.18;0.82;0.0;;;;;;;
2026-05-17;193714565;Italy Serie A;Italy;07:00;Full;True;-0.40606060606060607;2.025;2.5;1.825;2.5;4.0;4.0;;0.0;1.0;1.0;144.0;50.0;100.0;Genoa;14.0;0.0;2.0;5.0;0;1.0;1 - 2;3.9;AC Milan;4.0;0.0;3.0;1.65;0;2.0;+0.75;4 - 4;0-1;2.5;1.0;21 - 29;11 - 14;14.0;11.0;37.0;63.0;1.0;4.0;1.0;0.0;;;;;;;;65.0;79.0;29.0;21.0;38.0;62.0;2.0;9.0;6.0;2.0;;[51 81 87];[2 2 2];[False False False];['AC Milan' 'AC Milan' 'Genoa'];[ 0 -1 -2];[-1 -2 -1];['D' 'A' 'A'];['A' 'A' 'A'];0.57;0.0;0.43;1.0;0.0;0.0;2713.0;2692.0;genoa cfc;ac milan;1.95;2.0;
2026-05-17;194534177;Latvia 1. Liga;Latvia;07:00;Full;True;-0.21381578947368418;1.8;3.0;2.0;3.0;3.0;8.0;;2.0;5.0;7.0;200.0;145.0;;Riga FC II;10.0;1.0;0.0;3.2;0;0.0;0 - 4;3.75;Marupes SC;6.0;0.0;3.0;1.9;0;4.0;+0.5;3 - 8;2-5;3.0;1.25;38 - 107;20 - 52;52.0;20.0;;;5.0;2.0;1.0;0.0;;;;;;;;118.0;82.0;107.0;38.0;;;9.0;4.0;10.0;0.0;;[61 77 83 90];[2 2 2 2];[False False False False];['Marupes SC' 'Marupes SC' 'Marupes SC' 'Marupes SC'];[ 0 -1 -2 -3];[-1 -2 -3 -4];['D' 'A' 'A' 'A'];['A' 'A' 'A' 'A'];0.68;0.0;0.32;1.0;0.0;0.0;162368.0;;riga fc;;;;Youth
2026-05-17;194539031;Mongolia Premier League;Mongolia;07:00;Full;True;0.5246376811594204;1.925;3.5;1.875;3.5;6.0;2.0;;1.0;1.0;2.0;178.0;114.0;100.0;Deren FC;;0.0;2.0;1.38;1;1.0;1 - 1;5.25;Hunters FC;;2.0;2.0;5.0;0;1.0;-1.5;6 - 2;1-1;3.5;1.5;61 - 53;27 - 22;22.0;27.0;35.0;65.0;1.0;1.0;1.0;2.0;;;;;;;;85.0;93.0;53.0;61.0;41.0;59.0;4.0;7.0;2.0;4.0;;[ 1 98];[1 2];[False  True];['Deren FC' 'Hunters FC'];[0 1];[1 0];['D' 'H'];['H' 'D'];0.01;0.99;0.0;0.02;0.98;0.0;;;;;;;
2026-05-17;194658430;Poland III Liga;Poland;07:00;Full;True;-0.38109756097560976;1.975;3.0;1.825;3.0;3.0;6.0;;1.0;4.0;5.0;138.0;77.0;100.0;Lech Poznan II;;1.0;4.0;4.1;2;2.0;2 - 4;4.0;Zawisza Bydgoszcz;;0.0;3.0;1.6;2;4.0;+0.75;3 - 6;1-4;3.0;1.25;30 - 47;16 - 24;24.0;16.0;55.0;45.0;1.0;3.0;5.0;4.0;;;;;;;;80.0;58.0;47.0;30.0;58.0;42.0;9.0;4.0;8.0;6.0;;[14 20 34 40 51 61];[1 1 1 1 2 2];[False False False False False False];"['Lech Poznan II' 'Zawisza Bydgoszcz' 'Zawisza Bydgoszcz' 'Lech Poznan II'
 'Zawisza Bydgoszcz' 'Zawisza Bydgoszcz']";[ 0  1  0 -1  0 -1];[ 1  0 -1  0 -1 -2];['D' 'H' 'D' 'A' 'D' 'A'];['H' 'D' 'A' 'D' 'A' 'A'];0.43;0.07;0.5;0.73;0.13;0.13;3121.0;;kks lech poznan;;;;Youth
2026-05-17;194539025;Hungary NB III;Hungary;07:00;Full;True;0.2698412698412699;1.825;3.0;1.975;3.0;4.0;6.0;;3.0;3.0;6.0;202.0;73.0;100.0;Vasas SC II;;0.0;2.0;1.8;2;4.0;4 - 4;3.6;Dunaharaszti MTK;;0.0;2.0;3.5;2;4.0;-0.5;4 - 6;3-3;3.0;1.25;40 - 33;22 - 17;17.0;22.0;51.0;49.0;4.0;4.0;4.0;5.0;;;;;;;;99.0;103.0;33.0;40.0;47.0;53.0;7.0;7.0;6.0;13.0;;[ 5  7 11 20 56 61 63 93];[1 1 1 1 2 2 2 2];[False False False False False False False  True];"['Vasas SC II' 'Dunaharaszti MTK' 'Dunaharaszti MTK' 'Vasas SC II'
 'Dunaharaszti MTK' 'Vasas SC II' 'Vasas SC II' 'Dunaharaszti MTK']";[ 0  1  0 -1  0 -1  0  1];[ 1  0 -1  0 -1  0  1  0];['D' 'H' 'D' 'A' 'D' 'A' 'D' 'H'];['H' 'D' 'A' 'D' 'A' 'D' 'H' 'D'];0.51;0.34;0.15;0.76;0.04;0.2;;;;;;;Youth
2026-05-17;194658423;Poland III Liga;Poland;07:00;Full;True;0.07295941632466935;1.95;3.5;1.85;3.5;7.0;8.0;;4.0;5.0;9.0;193.0;102.0;100.0;Widzew Lodz II;;1.0;2.0;2.15;0;0.0;0 - 2;3.8;Mlawianka Mlawa;;0.0;2.0;2.55;1;2.0;-0.25;7 - 8;4-5;3.5;1.5;43 - 59;21 - 29;29.0;21.0;62.0;38.0;5.0;1.0;2.0;1.0;;;;;;;;107.0;86.0;59.0;43.0;56.0;44.0;8.0;2.0;4.0;1.0;;[40 90];[1 2];[False False];['Mlawianka Mlawa' 'Mlawianka Mlawa'];[ 0 -1];[-1 -2];['D' 'A'];['A' 'A'];0.44;0.0;0.56;0.89;0.0;0.11;3115.0;;widzew lodz;;;;Youth
2026-05-17;194652220;Spain Tercera Group 3;Spain;07:00;Full;True;-0.032051282051282104;1.925;2.0, 2.5;1.875;2.0, 2.5;4.0;3.0;;4.0;1.0;5.0;186.0;66.0;100.0;Escobedo;;0.0;4.0;2.6;0;0.0;0 - 0;2.9;Laredo;;0.0;2.0;2.4;0;0.0;0.0;4 - 3;4-1;2.25;1.0;34 - 32;14 - 16;16.0;14.0;43.0;57.0;1.0;2.0;0.0;1.0;;;;;;;;91.0;95.0;32.0;34.0;46.0;54.0;1.0;6.0;3.0;3.0;;[];[];[];[];[];[];[];[];1.0;0.0;0.0;1.0;0.0;0.0;;;;;;;
2026-05-17;194652212;Spain Tercera Group 15;Spain;07:00;Full;True;0.035714285714285754;1.925;2.0, 2.5;1.875;2.0, 2.5;5.0;5.0;;0.0;4.0;4.0;156.0;75.0;100.0;Subiza;;0.0;2.0;2.4;0;1.0;1 - 0;3.2;Izarra;;1.0;5.0;2.625;0;0.0;0.0;5 - 5;0-4;2.25;1.0;40 - 35;15 - 20;20.0;15.0;37.0;63.0;5.0;2.0;4.0;1.0;;;;;;;;69.0;87.0;35.0;40.0;30.0;70.0;7.0;13.0;8.0;7.0;;[92];[2];[ True];['Subiza'];[0];[1];['D'];['H'];1.0;0.0;0.0;1.0;0.0;0.0;;;;;;;
2026-05-17;194659410;Spain Tercera Group 11;Spain;07:00;Full;True;-0.08730158730158727;1.925;2.5;1.875;2.5;6.0;3.0;;3.0;2.0;5.0;132.0;99.0;;Llosetense;;0.0;3.0;2.8;0;1.0;1 - 1;3.2;Manacor;;0.0;2.0;2.25;0;1.0;+0.25;6 - 3;3-2;2.5;1.0;53 - 46;29 - 19;19.0;29.0;;;2.0;2.0;0.0;2.0;;;;;;;;66.0;66.0;46.0;53.0;;;8.0;4.0;1.0;5.0;;[57 69];[2 2];[False False];['Llosetense' 'Manacor'];[0 1];[1 0];['D' 'H'];['H' 'D'];0.87;0.13;0.0;1.0;0.0;0.0;;;;;;;
2026-05-17;193714573;Italy Serie A;Italy;07:00;Full;True;0.6168542135533884;2.025;3.0;1.825;3.0;6.0;2.0;;2.0;1.0;3.0;166.0;100.0;100.0;Juventus;3.0;0.0;1.0;1.333;0;0.0;0 - 2;5.75;Fiorentina;15.0;0.0;3.0;7.5;1;2.0;-1.5;6 - 2;2-1;3.0;1.25;75 - 25;28 - 20;20.0;28.0;52.0;48.0;4.0;5.0;2.0;3.0;;;;;;;;67.0;99.0;25.0;75.0;42.0;58.0;6.0;17.0;4.0;9.0;;[34 83];[1 2];[False False];['Fiorentina' 'Fiorentina'];[ 0 -1];[-1 -2];['D' 'A'];['A' 'A'];0.38;0.0;0.62;0.76;0.0;0.24;2687.0;2693.0;juventus turin;acf fiorentina;1.95;1.95;
2026-05-17;194652194;Spain Segunda Division RFEF Play-Offs;Spain;07:00;Full;True;0.06441223832528187;1.775;2.0;2.025;2.0;3.0;4.0;;0.0;3.0;3.0;176.0;86.0;100.0;Poblense;;0.0;1.0;2.3;1;2.0;2 - 1;3.3;Numancia;;0.0;4.0;2.7;0;1.0;-0.25;3 - 4;0-3;2.0;0.75;41 - 45;11 - 25;25.0;11.0;65.0;35.0;3.0;3.0;1.0;1.0;;;;;;;;95.0;81.0;45.0;41.0;58.0;42.0;5.0;4.0;2.0;4.0;;[ 7 61 88];[1 2 2];[False False False];['Poblense' 'Numancia' 'Poblense'];[0 1 0];[1 0 1];['D' 'H' 'D'];['H' 'D' 'H'];0.38;0.62;0.0;0.16;0.84;0.0;;;;;;;
2026-05-17;194644373;Spain Tercera - Play-Offs;Unknown;07:00;Full;True;-0.02178649237472774;1.95;2.0;1.85;2.0;2.0;8.0;;2.0;2.0;4.0;208.0;132.0;100.0;Palencia;;0.0;4.0;2.7;1;2.0;2 - 0;2.8;Cristo Atletico;;0.0;5.0;2.55;0;0.0;0.0;2 - 8;2-2;2.0;0.75;41 - 91;21 - 36;36.0;21.0;57.0;43.0;4.0;1.0;1.0;1.0;;;;;;;;132.0;76.0;91.0;41.0;66.0;34.0;10.0;2.0;3.0;3.0;;[ 3 62];[1 2];[False False];['Palencia' 'Palencia'];[0 1];[1 2];['D' 'H'];['H' 'H'];0.03;0.97;0.0;0.07;0.93;0.0;;;;;;;
2026-05-17;194658421;Poland III Liga;Poland;07:00;Full;True;0.3215686274509804;1.85;3.0, 3.5;1.95;3.0, 3.5;3.0;4.0;;3.0;3.0;6.0;264.0;118.0;;Lechia Tomaszow Mazowiecki;;0.0;1.0;1.7;1;2.0;2 - 0;3.9;Swit Nowy Dwor Mazowiecki;;0.0;2.0;3.75;0;0.0;-0.5;3 - 4;3-3;3.25;1.25;51 - 67;26 - 23;23.0;26.0;;;6.0;3.0;1.0;1.0;;;;;;;;148.0;116.0;67.0;51.0;;;14.0;6.0;2.0;3.0;;[ 6 80];[1 2];[False False];['Lechia Tomaszow Mazowiecki' 'Lechia Tomaszow Mazowiecki'];[0 1];[1 2];['D' 'H'];['H' 'H'];0.07;0.93;0.0;0.13;0.87;0.0;;;;;;;
2026-05-17;194539049;Poland III Liga;Poland;07:00;Full;True;-0.38109756097560976;1.85;3.0;1.95;3.0;4.0;6.0;;1.0;3.0;4.0;0.0;0.0;100.0;Cracovia Krakow II;;0.0;1.0;4.1;1;3.0;3 - 3;4.1;Chelmianka Chelm;;0.0;4.0;1.6;1;3.0;+0.75;4 - 6;1-3;3.0;1.25;-;-;0.0;0.0;45.0;55.0;0.0;0.0;1.0;1.0;;;;;;;;0.0;0.0;0.0;0.0;47.0;53.0;0.0;0.0;3.0;3.0;;[ 1 25 54 84 93 96];[1 1 2 2 2 2];[False False False False  True  True];"['Chelmianka Chelm' 'Cracovia Krakow II' 'Chelmianka Chelm'
 'Cracovia Krakow II' 'Chelmianka Chelm' 'Cracovia Krakow II']";[ 0 -1  0 -1  0 -1];[-1  0 -1  0 -1  0];['D' 'A' 'D' 'A' 'D' 'A'];['A' 'D' 'A' 'D' 'A' 'D'];0.41;0.0;0.59;0.47;0.0;0.53;4901.0;;mks cracovia krakow;;;;Youth
2026-05-17;194539047;Poland III Liga;Poland;07:00;Full;True;-0.465149359886202;1.95;3.0;1.85;3.0;3.0;5.0;;0.0;1.0;1.0;220.0;134.0;100.0;Lipno Steszew;;0.0;1.0;4.75;0;0.0;0 - 5;4.333;KTS-K Luzino;;0.0;1.0;1.48;2;5.0;+1.25;3 - 5;0-1;3.0;1.25;57 - 77;32 - 33;33.0;32.0;35.0;65.0;4.0;4.0;4.0;1.0;;;;;;;;95.0;125.0;77.0;57.0;37.0;63.0;13.0;6.0;9.0;2.0;;[ 1 12 52 61 72];[1 1 2 2 2];[False False False False False];"['KTS-K Luzino' 'KTS-K Luzino' 'KTS-K Luzino' 'KTS-K Luzino'
 'KTS-K Luzino']";[ 0 -1 -2 -3 -4];[-1 -2 -3 -4 -5];['D' 'A' 'A' 'A' 'A'];['A' 'A' 'A' 'A' 'A'];0.01;0.0;0.99;0.02;0.0;0.98;;;;;;;
2026-05-17;194539039;Poland III Liga;Poland;07:00;Full;True;0.11904761904761901;1.875;2.5, 3.0;1.925;2.5, 3.0;2.0;9.0;;2.0;3.0;5.0;135.0;58.0;100.0;Karkonosze Jelenia Gora;;0.0;3.0;2.1;1;3.0;3 - 1;3.6;Polonia Nysa;;0.0;2.0;2.8;0;1.0;-0.25;2 - 9;2-3;2.75;1.25;28 - 30;14 - 9;9.0;14.0;48.0;52.0;1.0;3.0;0.0;1.0;;;;;;;;65.0;70.0;30.0;28.0;53.0;47.0;9.0;5.0;2.0;4.0;;[38 60 80 81];[1 2 2 2];[False False False False];"['Karkonosze Jelenia Gora' 'Karkonosze Jelenia Gora'
 'Karkonosze Jelenia Gora' 'Polonia Nysa']";[0 1 2 3];[1 2 3 2];['D' 'H' 'H' 'H'];['H' 'H' 'H' 'H'];0.42;0.58;0.0;0.84;0.16;0.0;;;;;;;
2026-05-17;193381881;Japan J-League;Japan;07:00;Full;True;-0.14141414141414138;1.9;2.0, 2.5;1.9;2.0, 2.5;9.0;2.0;;3.0;0.0;3.0;206.0;105.0;100.0;Kawasaki Frontale;;0.0;1.0;3.3;0;1.0;1 - 1;3.0;Machida Zelvia;;0.0;1.0;2.25;1;1.0;+0.25;9 - 2;3-0;2.25;1.0;85 - 20;29 - 17;17.0;29.0;44.0;56.0;3.0;6.0;1.0;5.0;;;;;;;;84.0;122.0;20.0;85.0;35.0;65.0;3.0;11.0;1.0;9.0;;[40 89];[1 2];[False False];['Machida Zelvia' 'Kawasaki Frontale'];[ 0 -1];[-1  0];['D' 'A'];['A' 'D'];0.46;0.0;0.54;0.89;0.0;0.11;5127.0;44409.0;kawasaki frontale;machida zelvia;1.53;1.9;
2026-05-17;193714553;Italy Serie A;Italy;07:00;Full;True;0.5128205128205128;1.875;2.5;1.975;2.5;8.0;3.0;;5.0;1.0;6.0;159.0;57.0;100.0;Roma;5.0;1.0;2.0;1.5;1;2.0;2 - 0;4.2;Lazio;9.0;1.0;3.0;6.5;0;0.0;-1.0;8 - 3;5-1;2.5;1.0;22 - 35;13 - 17;17.0;13.0;48.0;52.0;3.0;4.0;1.0;2.0;;;;;;;;81.0;78.0;35.0;22.0;51.0;49.0;4.0;9.0;2.0;7.0;;[40 66];[1 2];[False False];['Roma' 'Roma'];[0 1];[1 2];['D' 'H'];['H' 'H'];0.44;0.56;0.0;0.89;0.11;0.0;2702.0;2699.0;as roma;lazio rome;2.0;2.0;
2026-05-17;193714563;Italy Serie A;Italy;07:00;Full;True;0.7040682414698162;1.8;2.5, 3.0;2.05;2.5, 3.0;15.0;2.0;;11.0;1.0;12.0;171.0;94.0;100.0;Como;6.0;0.0;2.0;1.27;0;1.0;1 - 0;5.25;Parma;13.0;0.0;0.0;12.0;0;0.0;-1.5;15 - 2;11-1;2.75;1.25;84 - 10;57 - 5;5.0;57.0;26.0;74.0;0.0;11.0;0.0;3.0;;;;;;;;57.0;114.0;10.0;84.0;34.0;66.0;0.0;16.0;2.0;7.0;;[58];[2];[False];['Como'];[0];[1];['D'];['H'];0.64;0.36;0.0;1.0;0.0;0.0;2704.0;2690.0;como 1907;parma calcio;2.2;2.25;
2026-05-17;194477081;South Korea K League 2;South Korea;07:00;Full;True;-0.012889366272824943;1.975;2.5, 3.0;1.825;2.5, 3.0;3.0;5.0;;1.0;4.0;5.0;128.0;88.0;100.0;Chungnam Asan FC;8.0;0.0;3.0;2.45;0;1.0;1 - 3;3.5;Suwon FC;4.0;0.0;0.0;2.375;2;3.0;0.0;3 - 5;1-4;2.75;1.0;42 - 46;16 - 19;19.0;16.0;50.0;50.0;0.0;1.0;4.0;1.0;;;;;;;;54.0;74.0;46.0;42.0;50.0;50.0;4.0;1.0;5.0;4.0;;[14 41 53 86];[1 1 2 2];[False False False False];['Suwon FC' 'Suwon FC' 'Chungnam Asan FC' 'Suwon FC'];[ 0 -1 -2 -1];[-1 -2 -1 -2];['D' 'A' 'A' 'A'];['A' 'A' 'A' 'A'];0.16;0.0;0.84;0.31;0.0;0.69;676363.0;41261.0;chungnam asan fc;suwon fc;1.66;1.61;
2026-05-17;193267659;Poland Ekstraklasa;Poland;07:15;Full;True;0.0;1.975;2.5;1.825;2.5;9.0;0.0;;4.0;0.0;4.0;180.0;110.0;100.0;Piast Gliwice;13.0;0.0;6.0;2.55;0;1.0;1 - 3;3.2;Rakow Czestochowa;4.0;0.0;1.0;2.55;3;3.0;0.0;9 - 0;4-0;2.5;1.0;93 - 17;42 - 10;10.0;42.0;32.0;68.0;0.0;5.0;3.0;3.0;;;;;;;;71.0;109.0;17.0;93.0;33.0;67.0;1.0;15.0;5.0;9.0;;[ 1 20 25 89];[1 1 1 2];[False False False False];"['Rakow Czestochowa' 'Rakow Czestochowa' 'Rakow Czestochowa'
 'Piast Gliwice']";[ 0 -1 -2 -3];[-1 -2 -3 -2];['D' 'A' 'A' 'A'];['A' 'A' 'A' 'A'];0.01;0.0;0.99;0.02;0.0;0.98;7918.0;35268.0;gks piast gliwice;rks rakow czestochowa;1.8;1.75;
2026-05-17;193286263;Poland II Liga;Poland;07:15;Full;True;0.07407407407407407;1.95;2.5, 3.0;1.85;2.5, 3.0;8.0;6.0;;1.0;2.0;3.0;234.0;155.0;100.0;Sandecja Nowy Sacz;;0.0;5.0;2.25;0;1.0;1 - 3;3.4;Olimpia Grudziadz;;0.0;0.0;2.7;3;3.0;-0.25;8 - 6;1-2;2.75;1.0;104 - 51;33 - 36;36.0;33.0;51.0;49.0;5.0;5.0;5.0;3.0;;;;;;;;94.0;140.0;51.0;104.0;43.0;57.0;7.0;9.0;6.0;6.0;;[ 7 37 43 88];[1 1 1 2];[False False False False];"['Olimpia Grudziadz' 'Olimpia Grudziadz' 'Olimpia Grudziadz'
 'Sandecja Nowy Sacz']";[ 0 -1 -2 -3];[-1 -2 -3 -2];['D' 'A' 'A' 'A'];['A' 'A' 'A' 'A'];0.08;0.0;0.92;0.16;0.0;0.84;36766.0;37179.0;sandecja nowy sacz;olimpia grudziadz;1.72;1.61;Youth
2026-05-17;194644894;Spain Tercera - Play-Offs;Unknown;07:30;Full;True;0.00366300366300365;1.825;2.0;1.975;2.0;3.0;3.0;;2.0;1.0;3.0;158.0;94.0;100.0;CE L'Hospitalet;;1.0;3.0;2.6;0;0.0;0 - 2;2.75;Badalona;;0.0;2.0;2.625;1;2.0;0.0;3 - 3;2-1;2.0;0.75;53 - 41;22 - 22;22.0;22.0;47.0;53.0;3.0;1.0;1.0;1.0;;;;;;;;75.0;83.0;41.0;53.0;47.0;53.0;3.0;5.0;3.0;4.0;;[ 16 100];[1 2];[False  True];['Badalona' 'Badalona'];[ 0 -1];[-1 -2];['D' 'A'];['A' 'A'];0.16;0.0;0.84;0.36;0.0;0.64;;;;;;;
2026-05-17;194652198;Spain Women Segunda Play-Offs;Spain;07:30;Full;True;0.16499442586399116;1.8;2.5, 3.0;2.0;2.5, 3.0;8.0;2.0;;4.0;2.0;6.0;233.0;70.0;100.0;FC Badalona B (W);;0.0;0.0;1.95;1;4.0;4 - 1;4.1;Real Sociedad II (W);;0.0;2.0;2.875;0;1.0;-0.5;8 - 2;4-2;2.75;1.25;37 - 33;15 - 15;15.0;15.0;48.0;52.0;2.0;4.0;2.0;2.0;;;;;;;;123.0;110.0;33.0;37.0;51.0;49.0;4.0;10.0;4.0;7.0;;[20 51 86 94 97];[1 2 2 2 2];[False False False  True  True];"['FC Badalona B (W)' 'FC Badalona B (W)' 'Real Sociedad II (W)'
 'FC Badalona B (W)' 'FC Badalona B (W)']";[0 1 2 1 2];[1 2 1 2 3];['D' 'H' 'H' 'H' 'H'];['H' 'H' 'H' 'H' 'H'];0.21;0.79;0.0;0.44;0.56;0.0;;;;;;;Youth-Women
2026-05-17;194660168;Spain Regional League Play-Offs;Spain;07:30;Full;True;0.2271062271062272;1.95;2.0, 2.5;1.85;2.0, 2.5;9.0;3.0;;7.0;2.0;9.0;137.0;57.0;100.0;CF Trujillo;;0.0;5.0;1.95;2;2.0;2 - 1;3.1;CP Oliva;;0.0;2.0;3.5;0;1.0;-0.5;9 - 3;7-2;2.25;1.0;32 - 25;13 - 10;10.0;13.0;50.0;50.0;1.0;3.0;2.0;4.0;;;;;;;;69.0;68.0;25.0;32.0;49.0;51.0;5.0;7.0;4.0;5.0;;[11 46 53];[1 1 2];[False  True False];['CF Trujillo' 'CF Trujillo' 'CP Oliva'];[0 1 2];[1 2 1];['D' 'H' 'H'];['H' 'H' 'H'];0.12;0.88;0.0;0.24;0.76;0.0;;;;;;;
2026-05-17;194660175;Spain Regional League Play-Offs;Spain;07:30;Full;True;0.2113344683080146;1.85;2.5;1.95;2.5;6.0;2.0;;2.0;1.0;3.0;205.0;78.0;100.0;CP Chinato;;0.0;1.0;1.909;3;3.0;3 - 2;3.6;CD Hernan Cortes;;0.0;3.0;3.2;1;2.0;-0.5;6 - 2;2-1;2.5;1.0;53 - 25;26 - 11;11.0;26.0;44.0;56.0;0.0;9.0;2.0;4.0;;;;;;;;91.0;114.0;25.0;53.0;43.0;57.0;2.0;15.0;3.0;11.0;;[ 3  8 18 51 78];[1 1 1 1 2];[False False False  True False];"['CP Chinato' 'CP Chinato' 'CD Hernan Cortes' 'CP Chinato'
 'CD Hernan Cortes']";[0 1 2 1 2];[1 2 1 2 1];['D' 'H' 'H' 'H' 'H'];['H' 'H' 'H' 'H' 'H'];0.03;0.97;0.0;0.06;0.94;0.0;;;;;;;
2026-05-17;194652236;Spain Tercera Group 9;Spain;07:30;Full;True;-0.284130284130284;1.775;2.0;2.025;2.0;3.0;3.0;;2.0;1.0;3.0;189.0;80.0;100.0;Churriana de la Vega CF;;0.0;2.0;3.9;0;1.0;1 - 1;3.2;Motril;;0.0;3.0;1.85;1;1.0;+0.25;3 - 3;2-1;2.0;0.75;39 - 41;17 - 20;20.0;17.0;53.0;47.0;2.0;4.0;2.0;1.0;;;;;;;;96.0;93.0;41.0;39.0;54.0;46.0;7.0;7.0;2.0;2.0;;[16 69];[1 2];[False False];['Motril' 'Churriana de la Vega CF'];[ 0 -1];[-1  0];['D' 'A'];['A' 'D'];0.41;0.0;0.59;0.36;0.0;0.64;;;;;;;
2026-05-17;194653360;Switzerland U19 Elite;Switzerland;08:00;Full;True;0.3104575163398693;1.95;3.5;1.85;3.5;7.0;5.0;;3.0;2.0;5.0;150.0;67.0;100.0;FC Zurich U19;;0.0;0.0;1.7;0;1.0;1 - 0;4.1;Winterthur U19;;0.0;2.0;3.6;0;0.0;-0.75;7 - 5;3-2;3.5;1.5;38 - 29;14 - 20;20.0;14.0;49.0;51.0;4.0;4.0;1.0;1.0;;;;;;;;64.0;86.0;29.0;38.0;44.0;56.0;7.0;6.0;1.0;3.0;;[56];[2];[False];['FC Zurich U19'];[0];[1];['D'];['H'];0.62;0.38;0.0;1.0;0.0;0.0;2450.0;2458.0;fc zurich;fc winterthur;;;Youth
2026-05-17;193320764;Sweden Superettan;Sweden;08:00;Full;True;0.2350427350427351;1.875;2.5;1.925;2.5;6.0;2.0;;4.0;1.0;5.0;148.0;80.0;100.0;Ostersunds FK;;0.0;1.0;1.95;0;2.0;2 - 1;3.4;Sandvikens IF;;0.0;1.0;3.6;0;1.0;-0.5;6 - 2;4-1;2.5;1.0;51 - 29;32 - 10;10.0;32.0;52.0;48.0;2.0;5.0;2.0;3.0;;;;;;;;67.0;81.0;29.0;51.0;49.0;51.0;5.0;9.0;3.0;5.0;;[52 78 95];[2 2 2];[False False  True];['Ostersunds FK' 'Ostersunds FK' 'Sandvikens IF'];[0 1 2];[1 2 1];['D' 'H' 'H'];['H' 'H' 'H'];0.55;0.45;0.0;1.0;0.0;0.0;1836.0;1844.0;ostersunds fk;sandvikens if;1.75;1.75;
2026-05-17;194658462;Poland IV Liga;Poland;08:00;Full;True;0.1814882032667876;1.8;3.0, 3.5;2.0;3.0, 3.5;4.0;6.0;;2.0;1.0;3.0;194.0;100.0;100.0;Concordia Elblag;;0.0;2.0;1.9;1;2.0;2 - 0;4.0;Mamry Gizycko;;0.0;1.0;2.9;0;0.0;-0.5;4 - 6;2-1;3.25;1.5;49 - 51;28 - 24;24.0;28.0;58.0;42.0;4.0;3.0;0.0;2.0;;;;;;;;104.0;90.0;51.0;49.0;61.0;39.0;5.0;5.0;2.0;5.0;;[46 55];[1 2];[ True False];['Concordia Elblag' 'Concordia Elblag'];[0 1];[1 2];['D' 'H'];['H' 'H'];0.51;0.49;0.0;1.0;0.0;0.0;;;;;;;
2026-05-17;194640112;Sweden 2.div Västra Götaland;Sweden;08:00;Full;True;0.3367221292583588;1.95;3.0, 3.5;1.85;3.0, 3.5;8.0;5.0;;1.0;3.0;4.0;165.0;126.0;100.0;Jonsereds IF;;0.0;0.0;1.667;0;0.0;0 - 5;4.0;Lindome GIF;;0.0;2.0;3.8;1;5.0;-0.75;8 - 5;1-3;3.25;1.25;64 - 62;22 - 37;37.0;22.0;52.0;48.0;2.0;0.0;3.0;2.0;;;;;;;;80.0;85.0;62.0;64.0;46.0;54.0;4.0;3.0;7.0;5.0;;[12 49 54 67 69];[1 2 2 2 2];[False False False False False];['Lindome GIF' 'Lindome GIF' 'Lindome GIF' 'Lindome GIF' 'Lindome GIF'];[ 0 -1 -2 -3 -4];[-1 -2 -3 -4 -5];['D' 'A' 'A' 'A' 'A'];['A' 'A' 'A' 'A' 'A'];0.13;0.0;0.87;0.27;0.0;0.73;7089.0;5949.0;jonsereds if;lindome gif;1.5;1.5;
2026-05-17;194539055;Sweden 1.div Södra;Sweden;08:00;Full;True;0.3884080628255044;1.775;2.5, 3.0;2.025;2.5, 3.0;3.0;1.0;;3.0;1.0;4.0;170.0;83.0;100.0;Lunds BK;;0.0;0.0;1.615;1;5.0;5 - 0;3.75;Utsiktens BK;;0.0;0.0;4.333;0;0.0;-0.75;3 - 1;3-1;2.75;1.25;51 - 32;28 - 9;9.0;28.0;29.0;71.0;1.0;2.0;2.0;1.0;;;;;;;;75.0;95.0;32.0;51.0;41.0;59.0;2.0;4.0;4.0;9.0;;[42 46 67 81 86];[1 2 2 2 2];[False False False False False];['Lunds BK' 'Lunds BK' 'Lunds BK' 'Lunds BK' 'Lunds BK'];[0 1 2 3 4];[1 2 3 4 5];['D' 'H' 'H' 'H' 'H'];['H' 'H' 'H' 'H' 'H'];0.47;0.53;0.0;0.93;0.07;0.0;1829.0;7536.0;lunds bk;utsiktens bk;1.72;1.66;
2026-05-17;194659415;Spain Tercera Group 14;Spain;08:00;Full;True;0.10295126973232671;1.95;2.0, 2.5;1.85;2.0, 2.5;5.0;4.0;;2.0;1.0;3.0;305.0;136.0;;CD Azuaga;;0.0;1.0;2.35;0;0.0;0 - 1;2.7;Moralo;;0.0;1.0;3.1;1;1.0;-0.25;5 - 4;2-1;2.25;1.0;79 - 57;34 - 21;21.0;34.0;;;4.0;3.0;1.0;4.0;;;;;;;;138.0;167.0;57.0;79.0;;;8.0;8.0;2.0;8.0;;[42];[1];[False];['Moralo'];[0];[-1];['D'];['A'];0.47;0.0;0.53;0.93;0.0;0.07;;;;;;;
2026-05-17;194539053;Sweden 1.div Södra;Sweden;08:00;Full;True;0.3776578017729787;1.9;2.5;1.9;2.5;11.0;2.0;;7.0;1.0;8.0;215.0;150.0;100.0;Jonkopings Sodra;;0.0;3.0;1.667;1;2.0;2 - 0;3.5;Hässleholms IF;;0.0;3.0;4.5;0;0.0;-0.75;11 - 2;7-1;2.5;1.0;83 - 67;47 - 30;30.0;47.0;32.0;68.0;2.0;5.0;0.0;3.0;;;;;;;;102.0;113.0;67.0;83.0;40.0;60.0;5.0;8.0;1.0;4.0;;[40 60];[1 2];[False False];['Jonkopings Sodra' 'Jonkopings Sodra'];[0 1];[1 2];['D' 'H'];['H' 'H'];0.44;0.56;0.0;0.89;0.11;0.0;1841.0;22274.0;jonkopings sodra if;hassleholms if;1.72;1.83;
2026-05-17;194621365;Vietnam V-League 2;Vietnam;08:00;Full;True;0.5078369905956113;1.875;2.5;1.925;2.5;1.0;7.0;;1.0;4.0;5.0;118.0;115.0;100.0;Quy Nhon United;;0.0;1.0;1.45;0;1.0;1 - 1;3.9;Quang Ninh FC;;0.0;2.0;5.5;0;1.0;-1.0;1 - 7;1-4;2.5;1.0;56 - 59;31 - 35;35.0;31.0;40.0;60.0;4.0;2.0;2.0;1.0;;;;;;;;54.0;64.0;59.0;56.0;41.0;59.0;9.0;5.0;4.0;3.0;;[84 92];[2 2];[False  True];['Quang Ninh FC' 'Quy Nhon United'];[ 0 -1];[-1  0];['D' 'A'];['A' 'D'];0.91;0.0;0.09;1.0;0.0;0.0;;;;;;;
2026-05-17;194621302;Vietnam V-League;Vietnam;08:00;Full;True;0.21870286576168935;1.85;2.5;1.95;2.5;6.0;0.0;;3.0;0.0;3.0;274.0;135.0;100.0;Nam Dinh;;0.0;1.0;1.95;0;0.0;0 - 2;3.25;Viettel FC;;1.0;2.0;3.4;2;2.0;-0.25;6 - 0;3-0;2.5;1.0;96 - 39;48 - 23;23.0;48.0;40.0;60.0;0.0;0.0;2.0;2.0;;;;;;;;90.0;184.0;39.0;96.0;35.0;65.0;2.0;3.0;2.0;2.0;;[38 43];[1 1];[False False];['Viettel FC' 'Viettel FC'];[ 0 -1];[-1 -2];['D' 'A'];['A' 'A'];0.42;0.0;0.58;0.84;0.0;0.16;33127.0;40019.0;nam dinh fc;the cong - viettel fc;1.72;1.72;
2026-05-17;194658418;Poland Youth League;Poland;08:00;Full;True;0.08403361344537807;1.825;3.0, 3.5;1.975;3.0, 3.5;6.0;7.0;;5.0;3.0;8.0;130.0;85.0;100.0;Zaglebie Lubin U19;;0.0;4.0;2.1;1;1.0;1 - 2;3.9;Lech Poznan U19;;0.0;2.0;2.55;1;2.0;-0.25;6 - 7;5-3;3.25;1.25;41 - 44;22 - 21;21.0;22.0;50.0;50.0;8.0;9.0;2.0;4.0;;;;;;;;69.0;61.0;44.0;41.0;56.0;44.0;12.0;15.0;3.0;5.0;;[10 24 91];[1 1 2];[False False  True];['Lech Poznan U19' 'Zaglebie Lubin U19' 'Lech Poznan U19'];[ 0 -1  0];[-1  0 -1];['D' 'A' 'D'];['A' 'D' 'A'];0.85;0.0;0.15;0.69;0.0;0.31;3113.0;3121.0;zaglebie lubin;kks lech poznan;;;Youth
2026-05-17;194640116;Sweden 2.div Västra Götaland;Sweden;08:00;Full;True;-0.018115942028985532;1.925;3.0, 3.5;1.875;3.0, 3.5;3.0;8.0;;1.0;3.0;4.0;145.0;61.0;100.0;BK Astrio;;1.0;3.0;2.4;2;2.0;2 - 1;3.7;Galtabäcks BK;;0.0;0.0;2.3;0;1.0;-0.25;3 - 8;1-3;3.25;1.25;26 - 35;15 - 16;16.0;15.0;44.0;56.0;4.0;1.0;2.0;4.0;;;;;;;;81.0;64.0;35.0;26.0;53.0;47.0;4.0;6.0;7.0;7.0;;[16 39 62];[1 1 2];[False False False];['BK Astrio' 'BK Astrio' 'Galtabäcks BK'];[0 1 2];[1 2 1];['D' 'H' 'H'];['H' 'H' 'H'];0.18;0.82;0.0;0.36;0.64;0.0;210372.0;1321832.0;bk astrio;galtabacks bk;1.44;1.44;
2026-05-17;194621306;Vietnam V-League;Vietnam;08:00;Full;True;-0.38383838383838387;1.8;2.5, 3.0;2.0;2.5, 3.0;4.0;8.0;;0.0;3.0;3.0;134.0;73.0;100.0;PVF-CAND;;0.0;3.0;4.5;0;0.0;0 - 4;3.6;Ha Noi FC;;0.0;1.0;1.65;2;4.0;+0.75;4 - 8;0-3;2.75;1.25;34 - 39;14 - 16;16.0;14.0;60.0;40.0;3.0;0.0;5.0;1.0;;;;;;;;68.0;66.0;39.0;34.0;55.0;45.0;5.0;4.0;12.0;5.0;;[16 34 65 79];[1 1 2 2];[False False False False];['Ha Noi FC' 'Ha Noi FC' 'Ha Noi FC' 'Ha Noi FC'];[ 0 -1 -2 -3];[-1 -2 -3 -4];['D' 'A' 'A' 'A'];['A' 'A' 'A' 'A'];0.18;0.0;0.82;0.36;0.0;0.64;340516.0;33130.0;pvf cong an nhan dan fc;hanoi fc;1.8;1.66;
2026-05-17;194530170;Taiwan Premier League;Taiwan;08:00;Full;True;-0.20512820512820518;1.925;2.5;1.875;2.5;2.0;6.0;;1.0;4.0;5.0;154.0;93.0;100.0;Hang Yuen;;0.0;0.0;3.25;0;0.0;0 - 0;3.5;Tainan City;;0.0;4.0;1.95;0;0.0;+0.25;2 - 6;1-4;2.5;1.0;42 - 51;12 - 29;29.0;12.0;54.0;46.0;9.0;2.0;2.0;0.0;;;;;;;;87.0;67.0;51.0;42.0;47.0;53.0;12.0;7.0;4.0;2.0;;[];[];[];[];[];[];[];[];1.0;0.0;0.0;1.0;0.0;0.0;;;;;;;
2026-05-17;194647249;Hungary NB III;Hungary;08:00;Full;True;-0.23786142935079102;1.85;2.5, 3.0;1.95;2.5, 3.0;2.0;9.0;;1.0;4.0;5.0;85.0;126.0;;III Keruleti TVE;;1.0;3.0;3.25;2;3.0;3 - 1;3.8;ESMTK;;1.0;3.0;1.833;0;1.0;+0.5;2 - 9;1-4;2.75;1.25;51 - 75;25 - 33;33.0;25.0;;;3.0;3.0;0.0;2.0;;;;;;;;53.0;32.0;75.0;51.0;;;5.0;7.0;1.0;3.0;;[20 32 49 89];[1 1 2 2];[False False False False];['III Keruleti TVE' 'III Keruleti TVE' 'III Keruleti TVE' 'ESMTK'];[0 1 2 3];[1 2 3 2];['D' 'H' 'H' 'H'];['H' 'H' 'H' 'H'];0.22;0.78;0.0;0.44;0.56;0.0;;;;;;;
2026-05-17;194594170;Poland IV Liga;Poland;08:00;Schedule;False;-0.05454545454545451;1.85;3.0;1.95;3.0;0.0;0.0;;0.0;0.0;0.0;0.0;0.0;;Sokol Bozepole Wielkie;;0.0;0.0;2.5;0;0.0;0 - 0;3.8;Arka Gdynia II;;0.0;0.0;2.2;0;0.0;+0.25;0 - 0;0-0;3.0;1.25;-;nan;;;;;;;;;;;;;;;;0.0;0.0;0.0;0.0;;;0.0;0.0;0.0;0.0;;[];[];[];[];[];[];[];[];1.0;0.0;0.0;1.0;0.0;0.0;;5064.0;;mks arka gdynia;;;Youth
2026-05-17;194646343;Czechia Div 1 Women;Czech Republic;08:00;Full;True;-0.11743450767841018;1.925;3.0, 3.5;1.875;3.0, 3.5;7.0;2.0;;5.0;1.0;6.0;141.0;74.0;100.0;Viktoria Plzen (W);;0.0;1.0;2.7;0;0.0;0 - 3;4.0;Lokomotiva BH Herspice (W);;0.0;2.0;2.05;0;3.0;+0.25;7 - 2;5-1;3.25;1.25;46 - 28;25 - 12;12.0;25.0;34.0;66.0;3.0;3.0;2.0;1.0;;;;;;;;60.0;81.0;28.0;46.0;35.0;65.0;3.0;5.0;7.0;2.0;;[64 71 84];[2 2 2];[False False False];"['Lokomotiva BH Herspice (W)' 'Lokomotiva BH Herspice (W)'
 'Lokomotiva BH Herspice (W)']";[ 0 -1 -2];[-1 -2 -3];['D' 'A' 'A'];['A' 'A' 'A'];0.71;0.0;0.29;1.0;0.0;0.0;4502.0;;fc viktoria plzen;;;;Women
2026-05-17;194621660;Cambodia Premier League;Cambodia;08:00;Schedule;False;0.7979675617470894;;;;;0.0;0.0;;0.0;0.0;0.0;0.0;0.0;;Angkor Tiger FC;;0.0;0.0;1.143;0;0.0;0 - 0;7.0;Naga World FC;;0.0;0.0;13.0;0;0.0;nan;0 - 0;0-0;;nan;-;nan;;;;;;;;;;;;;;;;0.0;0.0;0.0;0.0;;;0.0;0.0;0.0;0.0;;[];[];[];[];[];[];[];[];1.0;0.0;0.0;1.0;0.0;0.0;;;;;;;
2026-05-17;194639512;Finland Ykkonen Women;Finland;08:00;Full;True;0.9085081585081585;1.875;4.0, 4.5;1.925;4.0, 4.5;2.0;3.0;;2.0;1.0;3.0;206.0;121.0;;EBK (W);;0.0;0.0;1.056;2;3.0;3 - 1;12.0;PK Keski-Uusimaa (W);;0.0;0.0;26.0;1;1.0;-3.25;2 - 3;2-1;4.25;1.75;57 - 64;25 - 35;35.0;25.0;;;4.0;0.0;1.0;3.0;;;;;;;;107.0;99.0;64.0;57.0;;;6.0;2.0;2.0;7.0;;[ 4  5 45 87];[1 1 1 2];[False False False False];['PK Keski-Uusimaa (W)' 'EBK (W)' 'EBK (W)' 'EBK (W)'];[ 0 -1  0  1];[-1  0  1  2];['D' 'A' 'D' 'H'];['A' 'D' 'H' 'H'];0.49;0.5;0.01;0.98;0.0;0.02;;22393.0;;pk keski-uusimaa;;;Women
2026-05-17;194645838;Finland Kakkonen Group B;Finland;08:00;Full;True;0.12416851441241689;1.925;3.5;1.875;3.5;11.0;6.0;;5.0;3.0;8.0;194.0;118.0;100.0;FC Ilves II;;0.0;1.0;2.05;1;3.0;3 - 2;3.8;P-Iirot;;0.0;4.0;2.75;1;2.0;-0.25;11 - 6;5-3;3.5;1.5;67 - 51;37 - 24;24.0;37.0;44.0;56.0;5.0;6.0;3.0;1.0;;;;;;;;105.0;89.0;51.0;67.0;47.0;53.0;11.0;8.0;6.0;4.0;;[ 5 18 49 77 89];[1 1 2 2 2];[False False False False False];['FC Ilves II' 'P-Iirot' 'P-Iirot' 'FC Ilves II' 'FC Ilves II'];[ 0  1  0 -1  0];[ 1  0 -1  0  1];['D' 'H' 'D' 'A' 'D'];['H' 'D' 'A' 'D' 'H'];0.53;0.16;0.31;0.71;0.29;0.0;22386.0;5117.0;tampereen ilves;p-iirot;;;Youth
2026-05-17;194639885;Sweden 1.div Norra;Sweden;08:00;Full;True;0.1172901921132457;1.775;2.5, 3.0;2.025;2.5, 3.0;11.0;5.0;;2.0;5.0;7.0;110.0;89.0;100.0;FBK Karlstad;;0.0;2.0;2.15;0;1.0;1 - 1;3.5;Umea FC;;0.0;1.0;2.875;1;1.0;-0.25;11 - 5;2-5;2.75;1.25;48 - 41;20 - 25;25.0;20.0;59.0;41.0;1.0;0.0;1.0;0.0;;;;;;;;64.0;46.0;41.0;48.0;52.0;48.0;1.0;3.0;1.0;2.0;;[48 91];[1 2];[ True  True];['Umea FC' 'FBK Karlstad'];[ 0 -1];[-1  0];['D' 'A'];['A' 'D'];0.53;0.0;0.47;1.0;0.0;0.0;22236.0;1774.0;fbk karlstad;umea fc;1.5;1.57;
2026-05-17;194639345;Sweden 2.div Norra Svealand;Sweden;08:00;Full;True;0.675;1.85;3.0, 3.5;1.95;3.0, 3.5;1.0;4.0;;0.0;1.0;1.0;187.0;82.0;100.0;Enskede IK;;0.0;1.0;1.25;1;2.0;2 - 1;5.5;Helges IF;;0.0;2.0;8.0;0;1.0;-1.75;1 - 4;0-1;3.25;1.5;47 - 35;24 - 17;17.0;24.0;41.0;59.0;4.0;2.0;1.0;3.0;;;;;;;;91.0;96.0;35.0;47.0;47.0;53.0;6.0;5.0;3.0;7.0;;[33 75 85];[1 2 2];[False False False];['Enskede IK' 'Enskede IK' 'Helges IF'];[0 1 2];[1 2 1];['D' 'H' 'H'];['H' 'H' 'H'];0.37;0.63;0.0;0.73;0.27;0.0;5290.0;;enskede ik;;;;
2026-05-17;194621666;Cambodia Premier League;Cambodia;08:00;Full;True;0.4143743067084565;1.875;3.0;1.925;3.0;11.0;5.0;;7.0;1.0;8.0;122.0;85.0;100.0;Boeung Ket FC;;0.0;3.0;1.55;3;4.0;4 - 3;4.1;MOI Kompong Dewa FC;;0.0;4.0;4.333;0;3.0;-1.0;11 - 5;7-1;3.0;1.25;48 - 37;25 - 14;14.0;25.0;48.0;52.0;3.0;3.0;1.0;5.0;;;;;;;;57.0;65.0;37.0;48.0;49.0;51.0;6.0;5.0;10.0;9.0;;[ 2 24 36 77 80 84 90];[1 1 1 2 2 2 2];[False False False False False False False];"['Boeung Ket FC' 'Boeung Ket FC' 'Boeung Ket FC' 'MOI Kompong Dewa FC'
 'Boeung Ket FC' 'MOI Kompong Dewa FC' 'MOI Kompong Dewa FC']";[0 1 2 3 2 3 2];[1 2 3 2 3 2 1];['D' 'H' 'H' 'H' 'H' 'H' 'H'];['H' 'H' 'H' 'H' 'H' 'H' 'H'];0.02;0.98;0.0;0.04;0.96;0.0;;;;;;;
2026-05-17;194639000;Denmark Division 2;Denmark;08:00;Full;True;-0.040916530278232444;1.875;2.0, 2.5;1.925;2.0, 2.5;7.0;3.0;;3.0;1.0;4.0;161.0;73.0;100.0;FC Helsingor;;0.0;5.0;2.6;0;1.0;1 - 1;3.2;Skive;;0.0;3.0;2.35;1;1.0;0.0;7 - 3;3-1;2.25;1.0;32 - 41;15 - 18;18.0;15.0;50.0;50.0;0.0;2.0;3.0;4.0;;;;;;;;81.0;80.0;41.0;32.0;50.0;50.0;8.0;5.0;8.0;7.0;;[36 60];[1 2];[False False];['Skive' 'FC Helsingor'];[ 0 -1];[-1  0];['D' 'A'];['A' 'D'];0.73;0.0;0.27;0.8;0.0;0.2;6392.0;1304.0;fc helsingoer;skive ik;1.83;1.83;
2026-05-17;194646589;Denmark Division 2;Denmark;08:00;Full;True;0.16666666666666669;1.825;2.5, 3.0;1.975;2.5, 3.0;7.0;9.0;;6.0;3.0;9.0;112.0;104.0;100.0;Vendsyssel FF;;0.0;1.0;2.0;0;1.0;1 - 2;3.6;AB;;0.0;3.0;3.0;0;2.0;-0.25;7 - 9;6-3;2.75;1.25;41 - 63;24 - 19;19.0;24.0;50.0;50.0;6.0;4.0;2.0;3.0;;;;;;;;64.0;48.0;63.0;41.0;50.0;50.0;14.0;7.0;7.0;6.0;;[57 80 93];[2 2 2];[False False  True];['Vendsyssel FF' 'AB' 'AB'];[0 1 0];[ 1  0 -1];['D' 'H' 'D'];['H' 'D' 'A'];0.75;0.25;0.0;1.0;0.0;0.0;1314.0;218750.0;vendsyssel ff;ab gladsaxe;1.57;1.57;
2026-05-17;194646720;Kazakhstan Premier League;Kazakhstan;08:00;Full;True;0.25716780164134795;1.9;2.0, 2.5;1.9;2.0, 2.5;4.0;2.0;;3.0;1.0;4.0;163.0;94.0;100.0;FK Kyzylzhar;;0.0;3.0;1.909;0;1.0;1 - 2;3.1;FC Altai Semey;;0.0;1.0;3.75;0;2.0;-0.5;4 - 2;3-1;2.25;1.0;58 - 36;32 - 16;16.0;32.0;42.0;58.0;1.0;4.0;0.0;1.0;;;;;;;;74.0;89.0;36.0;58.0;43.0;57.0;3.0;5.0;4.0;2.0;;[84 92 93];[2 2 2];[False  True  True];['FC Altai Semey' 'FK Kyzylzhar' 'FC Altai Semey'];[ 0 -1  0];[-1  0 -1];['D' 'A' 'D'];['A' 'D' 'A'];0.91;0.0;0.09;1.0;0.0;0.0;;;;;;;
2026-05-17;194536433;Sweden Damallsvenskan;Sweden;08:00;Full;True;-0.23284823284823275;1.925;3.0;1.875;3.0;3.0;6.0;;2.0;2.0;4.0;329.0;125.0;100.0;Vittsjö GIK (W);;0.0;0.0;3.25;0;1.0;1 - 0;3.7;Djurgardens (W);;0.0;1.0;1.85;0;0.0;+0.5;3 - 6;2-2;3.0;1.25;77 - 48;45 - 21;21.0;45.0;52.0;48.0;1.0;2.0;2.0;2.0;;;;;;;;151.0;178.0;48.0;77.0;54.0;46.0;2.0;5.0;6.0;7.0;;[64];[2];[False];['Vittsjö GIK (W)'];[0];[1];['D'];['H'];0.71;0.29;0.0;1.0;0.0;0.0;;;;;;;Women
2026-05-17;194621663;Cambodia Premier League;Cambodia;08:00;Full;True;0.09157509157509158;1.975;3.0, 3.5;1.825;3.0, 3.5;7.0;3.0;;4.0;2.0;6.0;248.0;140.0;100.0;Svay Rieng FC;;0.0;0.0;2.1;1;1.0;1 - 2;4.0;Phnom Penh Crown;;0.0;1.0;2.6;2;2.0;-0.25;7 - 3;4-2;3.25;1.25;73 - 67;31 - 42;42.0;31.0;43.0;57.0;9.0;9.0;6.0;4.0;;;;;;;;115.0;133.0;67.0;73.0;42.0;58.0;17.0;20.0;6.0;4.0;;[ 4  9 13];[1 1 1];[False False False];['Phnom Penh Crown' 'Phnom Penh Crown' 'Svay Rieng FC'];[ 0 -1 -2];[-1 -2 -1];['D' 'A' 'A'];['A' 'A' 'A'];0.04;0.0;0.96;0.09;0.0;0.91;;;;;;;
2026-05-17;194526046;Lithuania A Lyga;Lithuania;08:15;Full;True;0.0;1.95;2.5, 3.0;1.85;2.5, 3.0;0.0;6.0;;0.0;2.0;2.0;129.0;84.0;100.0;FK Transinvest;;0.0;3.0;2.45;1;1.0;1 - 0;3.4;FK Zalgiris Vilnius;;0.0;2.0;2.45;0;0.0;0.0;0 - 6;0-2;2.75;nan;30 - 54;18 - 31;31.0;18.0;61.0;39.0;6.0;6.0;0.0;2.0;;;;;;;;70.0;59.0;54.0;30.0;60.0;40.0;10.0;11.0;1.0;3.0;;[36];[1];[False];['FK Transinvest'];[0];[1];['D'];['H'];0.4;0.6;0.0;0.8;0.2;0.0;885005.0;5345.0;fk transinvest;vilnius fk zalgiris;1.57;1.61;
2026-05-17;192998816;England Premier League;England;08:30;Full;True;0.425;1.825;3.0;2.025;3.0;7.0;6.0;;2.0;4.0;6.0;151.0;100.0;100.0;Man Utd;3.0;0.0;2.0;1.6;1;3.0;3 - 2;4.333;Nottm Forest;16.0;0.0;1.0;5.0;0;2.0;-1.0;7 - 6;2-4;3.0;1.25;58 - 42;22 - 17;17.0;22.0;48.0;52.0;3.0;8.0;1.0;2.0;;;;;;;;74.0;77.0;42.0;58.0;51.0;49.0;7.0;21.0;4.0;8.0;;[ 6 53 55 76 78];[1 2 2 2 2];[False False False False False];['Man Utd' 'Nottm Forest' 'Man Utd' 'Man Utd' 'Nottm Forest'];[0 1 0 1 2];[1 0 1 2 1];['D' 'H' 'D' 'H' 'H'];['H' 'D' 'H' 'H' 'H'];0.09;0.91;0.0;0.13;0.87;0.0;35.0;14.0;manchester united;nottingham forest;1.66;1.57;
2026-05-17;194641307;China FA Cup;China;08:30;Full;True;-0.2222222222222222;1.825;2.0, 2.5;1.975;2.0, 2.5;2.0;8.0;;2.0;3.0;5.0;157.0;73.0;;Jiangxi Lushan;;0.0;1.0;3.6;2;2.0;2 - 0;3.4;Dalian K'un City;;0.0;0.0;2.0;0;0.0;+0.5;2 - 8;2-3;2.25;1.0;26 - 47;14 - 29;29.0;14.0;;;3.0;2.0;1.0;1.0;;;;;;;;78.0;79.0;47.0;26.0;;;4.0;2.0;3.0;2.0;;[ 6 27];[1 1];[False False];['Jiangxi Lushan' 'Jiangxi Lushan'];[0 1];[1 2];['D' 'H'];['H' 'H'];0.07;0.93;0.0;0.13;0.87;0.0;;1110197.0;;dalian kun city;;;
2026-05-17;194641311;China FA Cup;China;08:30;Full;True;-0.348251811985181;1.9;2.0, 2.5;1.9;2.0, 2.5;3.0;6.0;;3.0;4.0;7.0;93.0;40.0;100.0;Hubei Istar;;0.0;0.0;4.333;0;0.0;0 - 4;3.9;Guangxi Hengchen;;0.0;0.0;1.727;2;4.0;+0.75;3 - 6;3-4;2.25;1.0;15 - 25;7 - 14;14.0;7.0;63.0;37.0;1.0;0.0;2.0;0.0;;;;;;;;44.0;49.0;25.0;15.0;57.0;43.0;4.0;0.0;4.0;0.0;;[36 44 52 74];[1 1 2 2];[False False False False];"['Guangxi Hengchen' 'Guangxi Hengchen' 'Guangxi Hengchen'
 'Guangxi Hengchen']";[ 0 -1 -2 -3];[-1 -2 -3 -4];['D' 'A' 'A' 'A'];['A' 'A' 'A' 'A'];0.4;0.0;0.6;0.8;0.0;0.2;;1110227.0;;guangxi hengchen fc;;;
2026-05-17;193331780;Estonia Meistriliiga;Estonia;08:30;Full;True;-0.3382352941176471;1.9;2.5, 3.0;1.9;2.5, 3.0;2.0;6.0;;2.0;3.0;5.0;215.0;129.0;100.0;Paide Linnameeskond;;2.0;1.0;4.0;1;1.0;1 - 3;3.7;FC Levadia Tallinn;;0.0;2.0;1.7;3;3.0;+0.75;2 - 6;2-3;2.75;1.25;42 - 87;28 - 40;40.0;28.0;55.0;45.0;2.0;2.0;3.0;2.0;;;;;;;;129.0;86.0;87.0;42.0;65.0;35.0;11.0;3.0;4.0;4.0;;[11 17 24 27];[1 1 1 1];[False False False False];"['FC Levadia Tallinn' 'FC Levadia Tallinn' 'FC Levadia Tallinn'
 'Paide Linnameeskond']";[ 0 -1 -2 -3];[-1 -2 -3 -2];['D' 'A' 'A' 'A'];['A' 'A' 'A' 'A'];0.12;0.0;0.88;0.24;0.0;0.76;32476.0;3342.0;paide linnameeskond;fci levadia tallinn;1.61;1.72;
2026-05-17;194592495;Paraguay Reserve League;Paraguay;08:30;Full;True;-0.4666666666666666;1.85;3.0;1.95;3.0;3.0;7.0;;1.0;5.0;6.0;177.0;166.0;;Sportivo Trinidense Reserves;;1.0;1.0;5.0;0;0.0;0 - 3;4.0;Cerro Porteno Reserves;;0.0;0.0;1.5;1;3.0;+1.25;3 - 7;1-5;3.0;1.25;70 - 96;36 - 53;53.0;36.0;;;0.0;2.0;2.0;0.0;;;;;;;;102.0;75.0;96.0;70.0;;;3.0;4.0;7.0;2.0;;[35 56 85];[1 2 2];[False False False];"['Cerro Porteno Reserves' 'Cerro Porteno Reserves'
 'Cerro Porteno Reserves']";[ 0 -1 -2];[-1 -2 -3];['D' 'A' 'A'];['A' 'A' 'A'];0.39;0.0;0.61;0.78;0.0;0.22;;;;;;;Youth
2026-05-17;193331424;Belgium First Division A;Belgium;08:30;Full;True;0.27888707037643207;1.9;2.5, 3.0;1.9;2.5, 3.0;2.0;2.0;;1.0;2.0;3.0;184.0;73.0;100.0;Anderlecht;6.0;0.0;0.0;1.833;1;2.0;2 - 2;3.6;KV Mechelen;5.0;0.0;4.0;3.75;1;2.0;-0.5;2 - 2;1-2;2.75;1.25;41 - 32;18 - 13;13.0;18.0;46.0;54.0;3.0;5.0;1.0;5.0;;;;;;;;86.0;98.0;32.0;41.0;41.0;59.0;4.0;7.0;2.0;8.0;;[15 17 60 91];[1 1 2 2];[False False False  True];['KV Mechelen' 'Anderlecht' 'KV Mechelen' 'Anderlecht'];[ 0 -1  0 -1];[-1  0 -1  0];['D' 'A' 'D' 'A'];['A' 'D' 'A' 'D'];0.64;0.0;0.36;0.96;0.0;0.04;2900.0;5044.0;rsc anderlecht;yellow-red kv mechelen;1.66;1.61;
2026-05-17;194535905;Singapore Premier League;Singapore;08:30;Full;True;0.025531914893617003;1.8;3.0;2.0;3.0;6.0;7.0;;1.0;3.0;4.0;148.0;104.0;100.0;Tampines Rovers FC;3.0;1.0;1.0;2.35;0;3.0;3 - 2;3.5;Lion City Sailors FC;1.0;0.0;3.0;2.5;0;2.0;0.0;6 - 7;1-3;3.0;1.25;47 - 57;18 - 33;33.0;18.0;50.0;50.0;4.0;2.0;4.0;2.0;;;;;;;;83.0;65.0;57.0;47.0;50.0;50.0;6.0;6.0;9.0;5.0;;[50 57 59 75 78];[2 2 2 2 2];[False False False False False];"['Lion City Sailors FC' 'Tampines Rovers FC' 'Lion City Sailors FC'
 'Tampines Rovers FC' 'Tampines Rovers FC']";[ 0 -1  0 -1  0];[-1  0 -1  0  1];['D' 'A' 'D' 'A' 'D'];['A' 'D' 'A' 'D' 'H'];0.61;0.13;0.26;1.0;0.0;0.0;3043.0;3041.0;bg tampines rovers;lion city sailors fc;;;
2026-05-17;194532477;India Super League;India;08:30;Full;True;0.29914529914529914;2.025;2.0, 2.5;1.775;2.0, 2.5;4.0;5.0;;1.0;2.0;3.0;226.0;131.0;100.0;Sporting Club Delhi;11.0;0.0;2.0;1.8;0;0.0;0 - 0;3.3;Inter Kashi FC;10.0;0.0;0.0;3.9;0;0.0;-0.5;4 - 5;1-2;2.25;0.75;54 - 77;22 - 38;38.0;22.0;49.0;51.0;5.0;2.0;4.0;1.0;;;;;;;;112.0;114.0;77.0;54.0;46.0;54.0;11.0;7.0;5.0;1.0;;[];[];[];[];[];[];[];[];1.0;0.0;0.0;1.0;0.0;0.0;643680.0;1061008.0;sporting club delhi;inter kashi fc;2.1;2.1;
2026-05-17;194537198;Ukraine Vyscha Liga;Ukraine;08:40;Schedule;False;-0.5224071702944943;1.8;3.0;2.0;3.0;1.0;0.0;;1.0;0.0;1.0;12.0;7.0;100.0;FC Kryvbas Kriviy Rih;5.0;0.0;0.0;5.5;0;0.0;0 - 0;4.333;Shakhtar Donetsk;2.0;0.0;0.0;1.42;0;0.0;+1.25 (+1.25);1 - 0;1-0;3.0 (2.75);1.25 (0.75);5 - 2;nan;;;;;;;;;;;;;;;;6.0;6.0;2.0;5.0;50.0;50.0;1.0;1.0;0.0;1.0;;[];[];[];[];[];[];[];[];1.0;0.0;0.0;1.0;0.0;0.0;3320.0;3313.0;fc kryvbas kriviy rih;fc shakhtar donetsk;;;
2026-05-17;194530179;Croatia 1.NL;Croatia;08:45;Full;True;0.45468509984639016;1.8;2.0, 2.5;2.0;2.0, 2.5;10.0;7.0;;6.0;4.0;10.0;274.0;151.0;100.0;NK Jarun;11.0;0.0;1.0;1.55;0;0.0;0 - 2;3.6;NK Dubrava Zagreb;7.0;0.0;2.0;5.25;1;2.0;-0.75;10 - 7;6-4;2.25;1.0;84 - 67;42 - 27;27.0;42.0;44.0;56.0;4.0;8.0;2.0;0.0;;;;;;;;118.0;156.0;67.0;84.0;45.0;55.0;11.0;16.0;6.0;0.0;;[21 82];[1 2];[False False];['NK Dubrava Zagreb' 'NK Dubrava Zagreb'];[ 0 -1];[-1 -2];['D' 'A'];['A' 'A'];0.23;0.0;0.77;0.47;0.0;0.53;476940.0;393756.0;nk jarun zagreb;nk dubrava zagreb;1.9;2.1;
2026-05-17;194530843;Germany Bundesliga Women;Germany;09:00;Full;True;0.5017626321974148;1.875;3.0;1.925;3.0;18.0;2.0;;12.0;0.0;12.0;125.0;61.0;100.0;Bayer Leverkusen (W);;0.0;2.0;1.48;0;1.0;1 - 3;3.9;Werder Bremen (W);;0.0;1.0;5.75;1;3.0;-1.25;18 - 2;12-0;3.0;1.25;47 - 14;24 - 1;1.0;24.0;42.0;58.0;1.0;3.0;1.0;4.0;;;;;;;;43.0;82.0;14.0;47.0;43.0;57.0;4.0;7.0;5.0;8.0;;[ 4 62 73 85];[1 2 2 2];[False False False False];"['Werder Bremen (W)' 'Werder Bremen (W)' 'Bayer Leverkusen (W)'
 'Werder Bremen (W)']";[ 0 -1 -2 -1];[-1 -2 -1 -2];['D' 'A' 'A' 'A'];['A' 'A' 'A' 'A'];0.04;0.0;0.96;0.09;0.0;0.91;2681.0;2534.0;bayer leverkusen;werder bremen;;;Women
2026-05-17;194641553;Thailand Cup;Thailand;09:00;Full;True;0.20032051282051289;2.0;2.5, 3.0;1.8;2.5, 3.0;5.0;4.0;;1.0;2.0;3.0;135.0;64.0;100.0;Prachuap FC;;0.0;5.0;1.95;0;1.0;1 - 0;3.5;Lamphun Warrior FC;;0.0;2.0;3.2;0;0.0;-0.5;5 - 4;1-2;2.75;1.25;30 - 34;2 - 17;17.0;2.0;58.0;42.0;2.0;0.0;1.0;1.0;;;;;;;;71.0;64.0;34.0;30.0;54.0;46.0;8.0;4.0;2.0;3.0;;[74];[2];[False];['Prachuap FC'];[0];[1];['D'];['H'];0.82;0.18;0.0;1.0;0.0;0.0;321791.0;544779.0;prachuap fc;lamphun warriors fc;;;
2026-05-17;193003629;Spain Segunda;Spain;09:00;Full;True;0.38109980834439044;2.025;3.0, 3.5;1.775;3.0, 3.5;2.0;1.0;;0.0;0.0;0.0;168.0;99.0;100.0;Deportivo La Coruna;;0.0;2.0;1.615;0;2.0;2 - 1;4.75;FC Andorra;;0.0;4.0;4.2;1;1.0;-0.75;2 - 1;0-0;3.25;1.25;53 - 46;18 - 17;17.0;18.0;65.0;35.0;4.0;2.0;4.0;3.0;;;;;;;;103.0;65.0;46.0;53.0;65.0;35.0;6.0;7.0;7.0;9.0;;[34 48 81];[1 2 2];[False False False];['FC Andorra' 'Deportivo La Coruna' 'Deportivo La Coruna'];[ 0 -1  0];[-1  0  1];['D' 'A' 'D'];['A' 'D' 'H'];0.74;0.1;0.16;0.76;0.0;0.24;2832.0;610334.0;rc deportivo de la coruna;fc andorra;1.72;1.57;
2026-05-17;193331487;Denmark Superligaen;Denmark;09:00;Full;True;0.3955342902711324;1.825;3.0, 3.5;1.975;3.0, 3.5;8.0;4.0;;3.0;2.0;5.0;167.0;104.0;100.0;Odense BK;;0.0;1.0;1.65;0;0.0;0 - 1;4.2;Vejle;;0.0;2.0;4.75;1;1.0;-0.75;8 - 4;3-2;3.25;1.5;83 - 21;26 - 5;5.0;26.0;36.0;64.0;2.0;5.0;2.0;1.0;;;;;;;;45.0;122.0;21.0;83.0;33.0;67.0;5.0;15.0;3.0;5.0;;[5];[1];[False];['Vejle'];[0];[-1];['D'];['A'];0.06;0.0;0.94;0.11;0.0;0.89;1286.0;4872.0;odense boldklub;vejle bk;1.66;1.5;
2026-05-17;193320654;Sweden Allsvenskan;Sweden;09:00;Full;True;0.44606104695219917;1.9;3.0;1.9;3.0;10.0;3.0;;5.0;2.0;7.0;143.0;70.0;100.0;Hammarby;1.0;0.0;0.0;1.571;3;4.0;4 - 1;4.1;Malmo FF;1.0;0.0;2.0;5.25;1;1.0;-1.0;10 - 3;5-2;3.0;1.25;45 - 25;13 - 14;14.0;13.0;44.0;56.0;1.0;5.0;1.0;3.0;;;;;;;;64.0;79.0;25.0;45.0;49.0;51.0;6.0;12.0;1.0;11.0;;[13 29 38 44 73];[1 1 1 1 2];[False False False False False];['Hammarby' 'Hammarby' 'Malmo FF' 'Hammarby' 'Hammarby'];[0 1 2 1 2];[1 2 1 2 3];['D' 'H' 'H' 'H' 'H'];['H' 'H' 'H' 'H' 'H'];0.14;0.86;0.0;0.29;0.71;0.0;1758.0;1892.0;hammarby if;malmo ff;1.7;1.66;
2026-05-17;193754240;Greece Super League 1;Greece;09:00;Full;True;0.3097535569264163;1.85;2.0, 2.5;1.95;2.0, 2.5;4.0;2.0;;2.0;1.0;3.0;206.0;97.0;100.0;Panserraikos;;0.0;3.0;1.85;0;1.0;1 - 1;3.4;Panetolikos;;0.0;2.0;4.333;1;1.0;-0.5;4 - 2;2-1;2.25;1.0;59 - 38;23 - 28;28.0;23.0;60.0;40.0;4.0;3.0;3.0;1.0;;;;;;;;92.0;114.0;38.0;59.0;51.0;49.0;8.0;11.0;6.0;4.0;;[14 65];[1 2];[False False];['Panetolikos' 'Panserraikos'];[ 0 -1];[-1  0];['D' 'A'];['A' 'D'];0.43;0.0;0.57;0.31;0.0;0.69;6347.0;7004.0;panserraikos fc;panaitolikos agrinio;;;
2026-05-17;193320650;Sweden Allsvenskan;Sweden;09:00;Full;True;0.014245014245014231;1.875;2.0, 2.5;1.925;2.0, 2.5;4.0;3.0;;4.0;1.0;5.0;144.0;92.0;100.0;Brommapojkarna;1.0;0.0;4.0;2.6;1;1.0;1 - 0;3.2;Kalmar FF;1.0;0.0;0.0;2.7;0;0.0;0.0;4 - 3;4-1;2.25;1.0;27 - 65;10 - 20;20.0;10.0;49.0;51.0;3.0;0.0;4.0;2.0;;;;;;;;94.0;50.0;65.0;27.0;52.0;48.0;13.0;1.0;9.0;3.0;;[25];[1];[False];['Brommapojkarna'];[0];[1];['D'];['H'];0.28;0.72;0.0;0.56;0.44;0.0;1787.0;1891.0;if brommapojkarna;kalmar ff;1.7;1.9;
2026-05-17;194530851;Germany Bundesliga Women;Germany;09:00;Full;True;-0.2777777777777778;1.875;3.0;1.925;3.0;12.0;6.0;;6.0;3.0;9.0;161.0;85.0;100.0;SGS Essen (W);;0.0;1.0;3.6;0;1.0;1 - 1;3.5;Freiburg (W);;0.0;3.0;1.8;0;1.0;+0.5;12 - 6;6-3;3.0;1.25;51 - 34;23 - 16;16.0;23.0;56.0;44.0;1.0;1.0;0.0;2.0;;;;;;;;88.0;73.0;34.0;51.0;53.0;47.0;6.0;6.0;3.0;6.0;;[71 86];[2 2];[False False];['SGS Essen (W)' 'Freiburg (W)'];[0 1];[1 0];['D' 'H'];['H' 'D'];0.83;0.17;0.0;1.0;0.0;0.0;5551.0;2538.0;sgs essen-schonebeck 19/68;sc freiburg;;;Women
2026-05-17;194640260;Scotland Premier League Women;Scotland;09:00;Full;True;-0.8412664795891354;1.8;3.0;2.0;3.0;2.0;7.0;;1.0;4.0;5.0;210.0;87.0;100.0;Partick Thistle (W);;0.0;0.0;17.0;0;1.0;1 - 3;9.0;Hibernian (W);;0.0;1.0;1.111;3;3.0;+2.25;2 - 7;1-4;3.0;1.25;23 - 64;11 - 28;28.0;11.0;50.0;50.0;3.0;2.0;6.0;0.0;;;;;;;;125.0;85.0;64.0;23.0;50.0;50.0;12.0;3.0;11.0;1.0;;[19 21 40 78];[1 1 1 2];[False False False False];['Hibernian (W)' 'Hibernian (W)' 'Hibernian (W)' 'Partick Thistle (W)'];[ 0 -1 -2 -3];[-1 -2 -3 -2];['D' 'A' 'A' 'A'];['A' 'A' 'A' 'A'];0.21;0.0;0.79;0.42;0.0;0.58;;2354.0;;hibernian fc;;;Women
2026-05-17;194530865;Germany Bundesliga Women;Germany;09:00;Full;True;-0.8689712365239406;1.85;3.5, 4.0;1.95;3.5, 4.0;3.0;8.0;;0.0;4.0;4.0;139.0;86.0;100.0;Hamburger SV (W);;0.0;2.0;21.0;0;0.0;0 - 1;9.5;Bayern Munich (W);;0.0;1.0;1.091;0;1.0;+2.5;3 - 8;0-4;3.75;1.5;23 - 63;8 - 28;28.0;8.0;71.0;29.0;2.0;1.0;0.0;1.0;;;;;;;;88.0;51.0;63.0;23.0;72.0;28.0;7.0;3.0;3.0;5.0;;[89];[2];[False];['Bayern Munich (W)'];[0];[-1];['D'];['A'];0.99;0.0;0.01;1.0;0.0;0.0;2676.0;2672.0;hamburger sv;bayern munich;;;Women
2026-05-17;194530867;Germany Bundesliga Women;Germany;09:00;Full;True;0.47567567567567565;1.85;3.0, 3.5;1.95;3.0, 3.5;5.0;5.0;;1.0;1.0;2.0;125.0;79.0;100.0;TSG 1899 Hoffenheim (W);;0.0;2.0;1.48;0;0.0;0 - 0;4.2;RB Leipzig (W);;0.0;1.0;5.0;0;0.0;-1.0;5 - 5;1-1;3.25;1.25;36 - 43;7 - 19;19.0;7.0;49.0;51.0;4.0;2.0;1.0;0.0;;;;;;;;59.0;66.0;43.0;36.0;45.0;55.0;10.0;6.0;4.0;3.0;;[];[];[];[];[];[];[];[];1.0;0.0;0.0;1.0;0.0;0.0;2569.0;36360.0;tsg hoffenheim;rb leipzig;;;Women
2026-05-17;194530870;Germany Bundesliga Women;Germany;09:00;Full;True;0.8334233423342334;2.0;4.0, 4.5;1.8;4.0, 4.5;9.0;6.0;;3.0;2.0;5.0;110.0;75.0;100.0;Wolfsburg (W);;0.0;1.0;1.111;2;3.0;3 - 1;9.5;Nurnberg (W);;0.0;1.0;15.0;0;1.0;-2.75;9 - 6;3-2;4.25;1.75;48 - 27;20 - 4;4.0;20.0;24.0;76.0;3.0;8.0;1.0;2.0;;;;;;;;36.0;74.0;27.0;48.0;29.0;71.0;11.0;15.0;4.0;5.0;;[13 40 76 78];[1 1 2 2];[False False False False];['Wolfsburg (W)' 'Wolfsburg (W)' 'Nurnberg (W)' 'Wolfsburg (W)'];[0 1 2 1];[1 2 1 2];['D' 'H' 'H' 'H'];['H' 'H' 'H' 'H'];0.14;0.86;0.0;0.29;0.71;0.0;2524.0;164534.0;vfl wolfsburg;1. fc nuremberg;;;Women
2026-05-17;193331478;Denmark Superligaen;Denmark;09:00;Full;True;0.1774193548387097;1.9;3.5;1.9;3.5;4.0;6.0;;0.0;4.0;4.0;189.0;102.0;100.0;FC Fredericia;;0.0;1.0;2.0;3;4.0;4 - 1;4.2;Silkeborg IF;;0.0;1.0;3.1;0;1.0;-0.5;4 - 6;0-4;3.5;1.5;70 - 32;25 - 14;14.0;25.0;38.0;62.0;4.0;7.0;1.0;6.0;;;;;;;;56.0;133.0;32.0;70.0;38.0;62.0;5.0;16.0;2.0;11.0;;[26 33 41 74 79];[1 1 1 2 2];[False False False False False];"['FC Fredericia' 'FC Fredericia' 'FC Fredericia' 'FC Fredericia'
 'Silkeborg IF']";[0 1 2 3 4];[1 2 3 4 3];['D' 'H' 'H' 'H' 'H'];['H' 'H' 'H' 'H' 'H'];0.29;0.71;0.0;0.58;0.42;0.0;1302.0;1285.0;fc fredericia;silkeborg if;1.4;1.36;
2026-05-17;194640894;Austria Women League 2;Austria;09:00;Full;True;0.8757419865453107;1.925;3.5, 4.0;1.875;3.5, 4.0;5.0;2.0;;4.0;1.0;5.0;172.0;75.0;100.0;Austria Klagenfurt (W);;0.0;1.0;1.083;3;5.0;5 - 1;10.0;FC Pinzgau Saalfelden (W);;0.0;0.0;21.0;0;1.0;-2.75;5 - 2;4-1;3.75;1.5;51 - 24;24 - 9;9.0;24.0;35.0;65.0;0.0;8.0;1.0;6.0;;;;;;;;76.0;96.0;24.0;51.0;39.0;61.0;1.0;12.0;3.0;11.0;;[ 4 30 45 61 83 89];[1 1 1 2 2 2];[False False False False False False];"['Austria Klagenfurt (W)' 'Austria Klagenfurt (W)'
 'Austria Klagenfurt (W)' 'FC Pinzgau Saalfelden (W)'
 'Austria Klagenfurt (W)' 'Austria Klagenfurt (W)']";[0 1 2 3 2 3];[1 2 3 2 3 4];['D' 'H' 'H' 'H' 'H' 'H'];['H' 'H' 'H' 'H' 'H' 'H'];0.04;0.96;0.0;0.09;0.91;0.0;43254.0;;sk austria klagenfurt;;;;Women
2026-05-17;194640120;Austria League 1 Women;Austria;09:00;Full;True;0.00886524822695034;1.875;3.0;1.925;3.0;4.0;1.0;;1.0;0.0;1.0;212.0;130.0;100.0;FC Sudburgenland/TSV Hartberg (W);;0.0;1.0;2.35;0;2.0;2 - 2;3.7;Kleinmunchen/Blau-Weiss Linz (W);;0.0;2.0;2.4;2;2.0;0.0;4 - 1;1-0;3.0;1.25;55 - 75;17 - 41;41.0;17.0;62.0;38.0;5.0;3.0;6.0;0.0;;;;;;;;114.0;98.0;75.0;55.0;55.0;45.0;6.0;5.0;10.0;7.0;;[ 2 24 50 96];[1 1 2 2];[False False False  True];"['Kleinmunchen/Blau-Weiss Linz (W)' 'Kleinmunchen/Blau-Weiss Linz (W)'
 'FC Sudburgenland/TSV Hartberg (W)' 'FC Sudburgenland/TSV Hartberg (W)']";[ 0 -1 -2 -1];[-1 -2 -1  0];['D' 'A' 'A' 'A'];['A' 'A' 'A' 'D'];0.02;0.0;0.98;0.04;0.0;0.96;;;;;;;Women
2026-05-17;193331482;Denmark Superligaen;Denmark;09:00;Full;True;0.40866873065015485;1.95;3.0, 3.5;1.85;3.0, 3.5;6.0;5.0;;4.0;3.0;7.0;148.0;79.0;100.0;FC Copenhagen;;0.0;1.0;1.615;3;5.0;5 - 0;4.2;Randers FC;;0.0;0.0;4.75;0;0.0;-1.0;6 - 5;4-3;3.25;1.25;57 - 22;28 - 11;11.0;28.0;40.0;60.0;3.0;6.0;1.0;12.0;;;;;;;;60.0;88.0;22.0;57.0;37.0;63.0;4.0;8.0;2.0;16.0;;[ 6  8 34 50 76];[1 1 1 2 2];[False False False False False];"['FC Copenhagen' 'FC Copenhagen' 'FC Copenhagen' 'FC Copenhagen'
 'FC Copenhagen']";[0 1 2 3 4];[1 2 3 4 5];['D' 'H' 'H' 'H' 'H'];['H' 'H' 'H' 'H' 'H'];0.07;0.93;0.0;0.13;0.87;0.0;1284.0;1301.0;fc copenhagen;randers fc;1.66;1.53;
2026-05-17;194530861;Germany Bundesliga Women;Germany;09:00;Full;True;0.6263736263736264;1.975;3.5, 4.0;1.825;3.5, 4.0;11.0;2.0;;5.0;1.0;6.0;187.0;104.0;100.0;Eintracht Frankfurt (W);;0.0;0.0;1.3;2;4.0;4 - 2;5.0;Union Berlin (W);;0.0;3.0;7.0;2;2.0;-1.5;11 - 2;5-1;3.75;1.5;80 - 24;37 - 11;11.0;37.0;45.0;55.0;1.0;7.0;2.0;5.0;;;;;;;;79.0;108.0;24.0;80.0;44.0;56.0;3.0;12.0;2.0;11.0;;[ 4 23 37 41 49 55];[1 1 1 1 2 2];[False False False False False False];"['Union Berlin (W)' 'Union Berlin (W)' 'Eintracht Frankfurt (W)'
 'Eintracht Frankfurt (W)' 'Eintracht Frankfurt (W)'
 'Eintracht Frankfurt (W)']";[ 0 -1 -2 -1  0  1];[-1 -2 -1  0  1  2];['D' 'A' 'A' 'A' 'D' 'H'];['A' 'A' 'A' 'D' 'H' 'H'];0.13;0.46;0.41;0.18;0.0;0.82;2674.0;36618.0;eintracht frankfurt;fc union berlin;;;Women
2026-05-17;194650873;Ethiopia Premier League Women;Ethiopia;09:00;Schedule;False;0.31165311653116534;1.975;2.0;1.825;2.0;0.0;0.0;;0.0;0.0;0.0;0.0;0.0;;Ethiopia Nigd Bank (W);;0.0;0.0;1.8;0;0.0;0 - 0;3.2;Ethio Electric FC (W);;0.0;0.0;4.1;0;0.0;-0.5;0 - 0;0-0;2.0;0.75;-;nan;;;;;;;;;;;;;;;;0.0;0.0;0.0;0.0;;;0.0;0.0;0.0;0.0;;[];[];[];[];[];[];[];[];1.0;0.0;0.0;1.0;0.0;0.0;;;;;;;Women
2026-05-17;194640380;Finland Ykkonen;Finland;09:00;Full;True;0.3489247761693583;1.95;4.0;1.85;4.0;2.0;14.0;;0.0;8.0;8.0;228.0;167.0;100.0;FC Inter II;;0.0;1.0;1.615;2;4.0;4 - 2;4.333;KUPS Akatemia;;0.0;2.0;3.7;0;2.0;-1.0;2 - 14;0-8;4.0;1.75;60 - 107;20 - 68;68.0;20.0;62.0;38.0;4.0;2.0;2.0;3.0;;;;;;;;137.0;91.0;107.0;60.0;57.0;43.0;5.0;4.0;7.0;8.0;;[12 38 51 53 79 89];[1 1 2 2 2 2];[False False False False False False];"['FC Inter II' 'FC Inter II' 'FC Inter II' 'KUPS Akatemia' 'KUPS Akatemia'
 'FC Inter II']";[0 1 2 3 2 1];[1 2 3 2 1 2];['D' 'H' 'H' 'H' 'H' 'H'];['H' 'H' 'H' 'H' 'H' 'H'];0.13;0.87;0.0;0.27;0.73;0.0;283675.0;879079.0;fc inter turku 2;kups akatemia;1.28;1.3;Youth
2026-05-17;194647266;Hungary NB III;Hungary;09:00;Full;True;0.6358974358974359;2.0;3.0, 3.5;1.8;3.0, 3.5;4.0;7.0;;0.0;4.0;4.0;156.0;141.0;;Monori SE;;0.0;4.0;1.3;0;0.0;0 - 1;4.75;Budapest Honved II;;0.0;1.0;7.5;0;1.0;-1.75;4 - 7;0-4;3.25;1.25;57 - 84;26 - 46;46.0;26.0;;;5.0;0.0;0.0;2.0;;;;;;;;77.0;79.0;84.0;57.0;;;7.0;3.0;2.0;2.0;;[74];[2];[False];['Budapest Honved II'];[0];[-1];['D'];['A'];0.82;0.0;0.18;1.0;0.0;0.0;;1916.0;;budapest honved fc;;;Youth
2026-05-17;194763559;CAFA U20 Championship;International (Asia);09:00;Full;True;0.3627847900293721;2.0;3.0;1.8;3.0;2.0;4.0;;1.0;3.0;4.0;214.0;133.0;100.0;Uzbekistan U20;;0.0;4.0;1.615;0;3.0;3 - 0;4.0;Tajikistan U20;;0.0;4.0;3.9;0;0.0;-0.75;2 - 4;1-3;3.0;1.25;88 - 45;42 - 31;31.0;42.0;50.0;50.0;3.0;2.0;0.0;3.0;;;;;;;;85.0;129.0;45.0;88.0;50.0;50.0;3.0;2.0;1.0;6.0;;[51 92 96];[2 2 2];[False  True  True];['Uzbekistan U20' 'Uzbekistan U20' 'Uzbekistan U20'];[0 1 2];[1 2 3];['D' 'H' 'H'];['H' 'H' 'H'];0.53;0.47;0.0;1.0;0.0;0.0;132956.0;23488.0;uzbekistan;tajikistan;;;Youth
2026-05-17;194652783;Sweden 2.div Södra Svealand;Sweden;09:00;Full;True;0.21795989537925015;1.875;3.5;1.925;3.5;4.0;5.0;;3.0;1.0;4.0;137.0;131.0;;Fittja IF;;0.0;2.0;1.85;3;3.0;3 - 2;4.0;IF Eker Örebro;;0.0;0.0;3.1;2;2.0;-0.5;4 - 5;3-1;3.5;1.5;76 - 55;34 - 18;18.0;34.0;;;1.0;2.0;2.0;3.0;;;;;;;;69.0;68.0;55.0;76.0;;;2.0;4.0;5.0;4.0;;[ 6 11 24 31 44];[1 1 1 1 1];[False False False False False];['IF Eker Örebro' 'Fittja IF' 'IF Eker Örebro' 'Fittja IF' 'Fittja IF'];[ 0 -1  0 -1  0];[-1  0 -1  0  1];['D' 'A' 'D' 'A' 'D'];['A' 'D' 'A' 'D' 'H'];0.36;0.51;0.13;0.71;0.02;0.27;693257.0;22276.0;fittja if;if eker orebro;1.36;1.36;
2026-05-17;194644631;Brazil Paulista Serie B;Brazil;09:00;Schedule;False;-0.9031580472258438;1.825;3.5, 4.0;1.975;3.5, 4.0;0.0;0.0;;0.0;0.0;0.0;0.0;0.0;;Gremio Catanduvense U23;;0.0;0.0;26.0;0;0.0;0 - 0;11.0;Independente SP U23;;0.0;0.0;1.062;0;0.0;+2.5;0 - 0;0-0;3.75;1.5;-;nan;;;;;;;;;;;;;;;;0.0;0.0;0.0;0.0;;;0.0;0.0;0.0;0.0;;[];[];[];[];[];[];[];[];1.0;0.0;0.0;1.0;0.0;0.0;;;;;;;Youth
2026-05-17;194647563;Indonesia Super League;Indonesia;09:00;Schedule;False;-0.35744831050352294;1.95;2.5, 3.0;1.85;2.5, 3.0;2.0;1.0;;2.0;1.0;3.0;25.0;10.0;100.0;PSM Makassar;;0.0;0.0;4.333;0;0.0;0 - 0;3.6;Persib Bandung;;0.0;0.0;1.7;0;0.0;+0.75 ( +0.5);2 - 1;2-1;2.75 (1.75);1.0 ( 0.5);5 - 5;nan;;;;;;;;;;;;;;;;13.0;12.0;5.0;5.0;50.0;50.0;0.0;1.0;0.0;1.0;;[];[];[];[];[];[];[];[];1.0;0.0;0.0;1.0;0.0;0.0;;;;;;;
2026-05-17;194646578;Denmark Danmarksserien Relegation;Denmark;09:00;Full;True;-0.03628117913832202;1.85;3.0, 3.5;1.95;3.0, 3.5;5.0;5.0;;1.0;4.0;5.0;189.0;82.0;100.0;Ringkøbing IF;;0.0;1.0;2.45;0;1.0;1 - 2;3.8;Viby;;0.0;0.0;2.25;1;2.0;0.0;5 - 5;1-4;3.25;1.25;49 - 33;27 - 18;18.0;27.0;43.0;57.0;5.0;5.0;2.0;0.0;;;;;;;;86.0;103.0;33.0;49.0;41.0;59.0;10.0;8.0;3.0;3.0;;[ 1 51 72];[1 2 2];[False False False];['Viby' 'Ringkøbing IF' 'Viby'];[ 0 -1  0];[-1  0 -1];['D' 'A' 'D'];['A' 'D' 'A'];0.24;0.0;0.76;0.02;0.0;0.98;;;;;;;
2026-05-17;194653049;Sweden 2.div Norra Svealand;Sweden;09:00;Full;True;-0.26143790849673204;1.9;3.0;1.9;3.0;4.0;2.0;;2.0;0.0;2.0;171.0;71.0;;Bollstanäs SK;;0.0;3.0;3.4;0;3.0;3 - 1;3.75;Falu BS FK;;0.0;1.0;1.8;0;1.0;+0.5;4 - 2;2-0;3.0;1.25;33 - 38;13 - 21;21.0;13.0;;;1.0;2.0;1.0;0.0;;;;;;;;82.0;89.0;38.0;33.0;;;4.0;3.0;4.0;4.0;;[52 56 67 72];[2 2 2 2];[False False False False];['Bollstanäs SK' 'Bollstanäs SK' 'Bollstanäs SK' 'Falu BS FK'];[0 1 2 3];[1 2 3 2];['D' 'H' 'H' 'H'];['H' 'H' 'H' 'H'];0.58;0.42;0.0;1.0;0.0;0.0;35625.0;5948.0;bollstanas sk;falu bs fk;1.57;1.57;
2026-05-17;194640373;Finland Kansallinen Liiga Women;Finland;09:00;Full;True;0.7222222222222223;1.825;3.5, 4.0;1.975;3.5, 4.0;4.0;4.0;;0.0;1.0;1.0;195.0;107.0;100.0;PK-35 Vantaa (W);;0.0;0.0;1.2;2;2.0;2 - 1;6.0;VIFK (W);;0.0;0.0;9.0;1;1.0;-2.0;4 - 4;0-1;3.75;1.5;45 - 62;16 - 30;30.0;16.0;42.0;58.0;2.0;1.0;3.0;5.0;;;;;;;;104.0;91.0;62.0;45.0;48.0;52.0;5.0;4.0;5.0;6.0;;[ 6 15 18];[1 1 1];[False False False];['PK-35 Vantaa (W)' 'VIFK (W)' 'PK-35 Vantaa (W)'];[0 1 0];[1 0 1];['D' 'H' 'D'];['H' 'D' 'H'];0.1;0.9;0.0;0.2;0.8;0.0;;;;;;;Women
2026-05-17;194641544;Thailand Cup;Thailand;09:00;Full;True;0.6644844517184942;1.85;3.0, 3.5;1.95;3.0, 3.5;9.0;4.0;;4.0;0.0;4.0;103.0;61.0;100.0;Buriram United;;0.0;1.0;1.222;2;5.0;5 - 0;7.0;Ayutthaya United;;0.0;4.0;6.5;0;0.0;-2.0;9 - 4;4-0;3.25;1.5;34 - 27;13 - 9;9.0;13.0;32.0;68.0;3.0;2.0;0.0;3.0;;;;;;;;43.0;60.0;27.0;34.0;36.0;64.0;8.0;9.0;0.0;8.0;;[17 41 63 71 80];[1 1 2 2 2];[False False False False False];"['Buriram United' 'Buriram United' 'Buriram United' 'Buriram United'
 'Buriram United']";[0 1 2 3 4];[1 2 3 4 5];['D' 'H' 'H' 'H' 'H'];['H' 'H' 'H' 'H' 'H'];0.19;0.81;0.0;0.38;0.62;0.0;34218.0;314323.0;buriram united;ayutthaya united fc;;;
2026-05-17;194638988;Czechia Div 1 Women;Czech Republic;09:00;Full;True;0.13636363636363635;1.9;3.0, 3.5;1.9;3.0, 3.5;4.0;12.0;;3.0;3.0;6.0;161.0;72.0;100.0;Slovacko (W);;0.0;0.0;2.0;1;2.0;2 - 4;4.1;Slovan Liberec (W);;0.0;1.0;2.75;4;4.0;-0.25;4 - 12;3-3;3.25;1.25;36 - 36;18 - 18;18.0;18.0;50.0;50.0;1.0;4.0;7.0;2.0;;;;;;;;81.0;80.0;36.0;36.0;55.0;45.0;2.0;8.0;11.0;3.0;;[ 2 13 16 29 42 60];[1 1 1 1 1 2];[False False False False False False];"['Slovacko (W)' 'Slovan Liberec (W)' 'Slovan Liberec (W)'
 'Slovan Liberec (W)' 'Slovan Liberec (W)' 'Slovacko (W)']";[ 0  1  0 -1 -2 -3];[ 1  0 -1 -2 -3 -2];['D' 'H' 'D' 'A' 'A' 'A'];['H' 'D' 'A' 'A' 'A' 'A'];0.06;0.12;0.82;0.11;0.24;0.64;4871.0;2219.0;1. fc slovacko uherske hradiste;fc slovan liberec;;;Women
2026-05-17;194641565;Türkiye U19 League;Turkey;09:00;Full;True;0.49252077562326874;1.925;3.0, 3.5;1.875;3.0, 3.5;8.0;1.0;;2.0;1.0;3.0;241.0;105.0;100.0;Antalyaspor U19;;0.0;0.0;1.444;1;4.0;4 - 0;4.5;Kocaelispor U19;;0.0;2.0;5.0;0;0.0;-1.25;8 - 1;2-1;3.25;1.25;60 - 45;17 - 30;30.0;17.0;41.0;59.0;5.0;1.0;4.0;2.0;;;;;;;;120.0;121.0;45.0;60.0;37.0;63.0;6.0;4.0;7.0;11.0;;[33 61 73 86];[1 2 2 2];[False False False False];['Antalyaspor U19' 'Antalyaspor U19' 'Antalyaspor U19' 'Antalyaspor U19'];[0 1 2 3];[1 2 3 4];['D' 'H' 'H' 'H'];['H' 'H' 'H' 'H'];0.37;0.63;0.0;0.73;0.27;0.0;3056.0;3065.0;antalyaspor;kocaelispor;;;Youth
2026-05-17;194645443;Indonesia Super League;Indonesia;09:00;Full;True;-0.3969728242174063;1.9;2.5, 3.0;1.9;2.5, 3.0;2.0;6.0;;1.0;2.0;3.0;203.0;130.0;100.0;Persijap Jepara;;0.0;2.0;4.5;0;0.0;0 - 0;3.75;Borneo FC;;0.0;0.0;1.615;0;0.0;+1.0;2 - 6;1-2;2.75;1.25;66 - 64;28 - 29;29.0;28.0;56.0;44.0;0.0;2.0;0.0;0.0;;;;;;;;94.0;109.0;64.0;66.0;53.0;47.0;0.0;4.0;0.0;1.0;;[];[];[];[];[];[];[];[];1.0;0.0;0.0;1.0;0.0;0.0;;;;;;;
2026-05-17;194645445;Indonesia Super League;Indonesia;09:00;Full;True;0.14253563390847712;2.0;2.5, 3.0;1.8;2.5, 3.0;9.0;1.0;;6.0;0.0;6.0;216.0;116.0;100.0;PSIM Yogyakarta;;1.0;4.0;2.15;2;2.0;2 - 1;3.25;Madura United;;0.0;0.0;3.1;0;1.0;-0.25;9 - 1;6-0;2.75;1.0;71 - 45;43 - 15;15.0;43.0;33.0;67.0;1.0;6.0;0.0;5.0;;;;;;;;96.0;120.0;45.0;71.0;39.0;61.0;4.0;9.0;2.0;7.0;;[18 34 62];[1 1 2];[False False False];['PSIM Yogyakarta' 'PSIM Yogyakarta' 'Madura United'];[0 1 2];[1 2 1];['D' 'H' 'H'];['H' 'H' 'H'];0.2;0.8;0.0;0.4;0.6;0.0;;;;;;;
2026-05-17;194747469;Finland Ykkonen Women;Finland;09:00;Full;True;0.27731092436974786;1.9;3.0, 3.5;1.9;3.0, 3.5;2.0;7.0;;1.0;0.0;1.0;0.0;0.0;;HJS (W);;0.0;1.0;1.75;2;3.0;3 - 2;3.9;HJK II (W);;0.0;0.0;3.4;0;2.0;-0.5;2 - 7;1-0;3.25;nan;-;-;0.0;0.0;;;0.0;0.0;0.0;2.0;;;;;;;;0.0;0.0;0.0;0.0;;;0.0;0.0;2.0;3.0;;[17 19 50 62 74];[1 1 2 2 2];[False False False False False];['HJS (W)' 'HJS (W)' 'HJK II (W)' 'HJS (W)' 'HJK II (W)'];[0 1 2 1 2];[1 2 1 2 1];['D' 'H' 'H' 'H' 'H'];['H' 'H' 'H' 'H' 'H'];0.19;0.81;0.0;0.38;0.62;0.0;330431.0;;hjs;;;;Youth-Women
2026-05-17;194763532;Finland U21 League;Finland;09:00;Full;False;0.47029855340104654;1.95;4.0, 4.5;1.85;4.0, 4.5;9.0;1.0;;5.0;0.0;5.0;0.0;0.0;;NoPS U21;;0.0;0.0;1.444;0;0.0;0 - 0;5.0;TPS U21;;0.0;0.0;4.5;0;0.0;-1.25;9 - 1;5-0;4.25;1.75;-;-;0.0;0.0;;;0.0;0.0;0.0;0.0;;;;;;;;0.0;0.0;0.0;0.0;;;0.0;0.0;0.0;0.0;;[];[];[];[];[];[];[];[];1.0;0.0;0.0;1.0;0.0;0.0;;;;;;;Youth
2026-05-17;194646722;Kazakhstan Premier League;Kazakhstan;09:00;Full;True;-0.3174603174603175;1.8;2.0;2.0;2.0;2.0;5.0;;1.0;3.0;4.0;191.0;80.0;100.0;FK Zhenys;8.0;0.0;2.0;4.2;0;1.0;1 - 2;3.1;Kairat Almaty;1.0;0.0;1.0;1.8;0;2.0;+0.5;2 - 5;1-3;2.0;0.75;37 - 43;14 - 25;25.0;14.0;61.0;39.0;5.0;0.0;3.0;1.0;;;;;;;;111.0;80.0;43.0;37.0;57.0;43.0;7.0;3.0;8.0;3.0;;[52 65 88];[2 2 2];[False False False];['Kairat Almaty' 'Kairat Almaty' 'FK Zhenys'];[ 0 -1 -2];[-1 -2 -1];['D' 'A' 'A'];['A' 'A' 'A'];0.58;0.0;0.42;1.0;0.0;0.0;;;;;;;
2026-05-17;194699291;Lithuania II Lyga;Lithuania;09:00;Schedule;False;-0.7349125775521714;1.9;4.0;1.9;4.0;0.0;0.0;;0.0;0.0;0.0;0.0;0.0;;DFK Dainava II;;0.0;0.0;9.0;0;0.0;0 - 0;6.25;FK Panevezys II;;0.0;0.0;1.182;0;0.0;+2.0;0 - 0;0-0;4.0;1.75;-;nan;;;;;;;;;;;;;;;;0.0;0.0;0.0;0.0;;;0.0;0.0;0.0;0.0;;[];[];[];[];[];[];[];[];1.0;0.0;0.0;1.0;0.0;0.0;;197434.0;;fk panevezys;;;Youth
2026-05-17;194542236;Poland III Liga;Poland;09:00;Full;True;0.23284823284823275;2.0;3.0;1.8;3.0;7.0;3.0;;5.0;1.0;6.0;216.0;153.0;100.0;Wisla Plock II;;0.0;2.0;1.85;0;1.0;1 - 1;3.7;Olimpia Elblag;;0.0;2.0;3.25;0;1.0;-0.5;7 - 3;5-1;3.0;1.25;84 - 69;54 - 29;29.0;54.0;35.0;65.0;2.0;6.0;1.0;2.0;;;;;;;;95.0;121.0;69.0;84.0;43.0;57.0;4.0;7.0;2.0;5.0;;[61 83];[2 2];[False False];['Wisla Plock II' 'Olimpia Elblag'];[0 1];[1 0];['D' 'H'];['H' 'D'];0.76;0.24;0.0;1.0;0.0;0.0;3122.0;;wisla plock;;;;Youth
2026-05-17;194640255;Scotland Premier League Women;Scotland;09:10;Full;True;0.0;2.0;2.5, 3.0;1.8;2.5, 3.0;3.0;2.0;;2.0;1.0;3.0;206.0;108.0;100.0;Hearts (W);;0.0;2.0;2.45;0;0.0;0 - 0;3.4;Glasgow City (W);;0.0;1.0;2.45;0;0.0;0.0;3 - 2;2-1;2.75;1.25;41 - 67;17 - 32;32.0;17.0;50.0;50.0;3.0;2.0;1.0;0.0;;;;;;;;128.0;78.0;67.0;41.0;50.0;50.0;4.0;4.0;4.0;2.0;;[];[];[];[];[];[];[];[];1.0;0.0;0.0;1.0;0.0;0.0;2353.0;;heart of midlothian fc;;;;Women
2026-05-17;194640054;Malaysia Super League;Malaysia;09:15;Full;True;0.5579710144927538;1.825;2.5, 3.0;1.975;2.5, 3.0;2.0;2.0;;1.0;0.0;1.0;253.0;115.0;100.0;Kuching City FC;2.0;0.0;0.0;1.38;1;1.0;1 - 0;4.333;Kuala Lumpur City;4.0;0.0;2.0;6.0;0;0.0;-1.25;2 - 2;1-0;2.75;1.25;67 - 48;33 - 12;12.0;33.0;36.0;64.0;1.0;4.0;0.0;1.0;;;;;;;;115.0;138.0;48.0;67.0;42.0;58.0;2.0;7.0;2.0;5.0;;[29];[1];[False];['Kuching City FC'];[0];[1];['D'];['H'];0.32;0.68;0.0;0.64;0.36;0.0;;;;;;;
2026-05-17;194621308;Vietnam V-League;Vietnam;09:15;Full;True;0.7424242424242424;1.8;3.0, 3.5;2.0;3.0, 3.5;3.0;1.0;;3.0;1.0;4.0;113.0;69.0;100.0;Cong An Ha Noi;;0.0;4.0;1.2;0;2.0;2 - 0;5.5;Thanh Hoa;;1.0;5.0;11.0;0;0.0;-2.0;3 - 1;3-1;3.25;1.5;46 - 23;17 - 9;9.0;17.0;39.0;61.0;0.0;5.0;1.0;1.0;;;;;;;;45.0;68.0;23.0;46.0;35.0;65.0;4.0;13.0;1.0;8.0;;[88 98];[2 2];[False  True];['Cong An Ha Noi' 'Cong An Ha Noi'];[0 1];[1 2];['D' 'H'];['H' 'H'];0.9;0.1;0.0;1.0;0.0;0.0;196371.0;33030.0;cong an ha noi fc;dong a thanh hoa;2.37;1.9;
2026-05-17;194650883;Malawi Super League;Malawi;09:30;Full;True;-0.036363636363636376;2.025;2.0;1.775;2.0;4.0;2.0;;2.0;1.0;3.0;259.0;158.0;;Dedza Dynamos;;0.0;0.0;2.75;0;0.0;0 - 2;2.875;Blue Eagles;;0.0;1.0;2.5;1;2.0;0.0;4 - 2;2-1;2.0;0.75;85 - 73;33 - 37;37.0;33.0;;;3.0;5.0;1.0;0.0;;;;;;;;130.0;129.0;73.0;85.0;;;5.0;6.0;3.0;2.0;;[14 46];[1 2];[False False];['Blue Eagles' 'Blue Eagles'];[ 0 -1];[-1 -2];['D' 'A'];['A' 'A'];0.16;0.0;0.84;0.31;0.0;0.69;;;;;;;
2026-05-17;194650889;Malawi Super League;Malawi;09:30;Full;True;0.2738344683080146;1.975;2.0;1.825;2.0;7.0;2.0;;3.0;2.0;5.0;163.0;135.0;;Karonga United;;0.0;1.0;1.909;1;1.0;1 - 1;2.9;MAFCO;;0.0;4.0;4.0;0;1.0;-0.5;7 - 2;3-2;2.0;0.75;76 - 59;30 - 28;28.0;30.0;;;0.0;1.0;0.0;1.0;;;;;;;;75.0;88.0;59.0;76.0;;;1.0;1.0;1.0;1.0;;[ 4 85];[1 2];[False False];['Karonga United' 'MAFCO'];[0 1];[1 0];['D' 'H'];['H' 'D'];0.1;0.9;0.0;0.09;0.91;0.0;;;;;;;
2026-05-17;194537205;Ukraine Vyscha Liga;Ukraine;09:30;Full;True;0.26990553306342774;1.85;2.0;1.95;2.0;2.0;2.0;;0.0;1.0;1.0;122.0;48.0;100.0;Kolos Kovalivka;7.0;0.0;4.0;1.9;0;0.0;0 - 2;3.0;Obolon Kyiv;12.0;0.0;3.0;3.9;2;2.0;-0.5;2 - 2;0-1;2.0;0.75;25 - 23;9 - 11;11.0;9.0;45.0;55.0;0.0;4.0;5.0;0.0;;;;;;;;54.0;68.0;23.0;25.0;37.0;63.0;2.0;5.0;6.0;3.0;;[ 4 29];[1 1];[False False];['Obolon Kyiv' 'Obolon Kyiv'];[ 0 -1];[-1 -2];['D' 'A'];['A' 'A'];0.04;0.0;0.96;0.09;0.0;0.91;213176.0;3312.0;kolos kovalivka;fc obolon kyiv;;;
2026-05-17;193714518;Netherlands Eredivisie;Netherlands;09:30;Full;True;-0.425;1.925;3.0, 3.5;1.875;3.0, 3.5;9.0;5.0;;4.0;3.0;7.0;177.0;73.0;100.0;Heracles;;0.0;1.0;5.0;1;1.0;1 - 2;4.333;FC Groningen;;0.0;1.0;1.6;1;2.0;+1.0;9 - 5;4-3;3.25;1.25;42 - 31;13 - 19;19.0;13.0;52.0;48.0;3.0;4.0;3.0;2.0;;;;;;;;95.0;82.0;31.0;42.0;48.0;52.0;9.0;8.0;5.0;4.0;;[ 4 17 56];[1 1 2];[False False False];['FC Groningen' 'Heracles' 'FC Groningen'];[ 0 -1  0];[-1  0 -1];['D' 'A' 'D'];['A' 'D' 'A'];0.48;0.0;0.52;0.71;0.0;0.29;2977.0;2951.0;heracles almelo;fc groningen;1.53;1.53;
2026-05-17;194650899;Malawi Super League;Malawi;09:30;Full;True;0.4547190556102078;1.975;2.0, 2.5;1.825;2.0, 2.5;7.0;3.0;;4.0;1.0;5.0;209.0;152.0;;Silver Strikers;;0.0;2.0;1.571;2;3.0;3 - 0;3.4;Masters Security;;0.0;2.0;5.5;0;0.0;-1.0;7 - 3;4-1;2.25;1.0;78 - 74;45 - 26;26.0;45.0;;;0.0;3.0;2.0;4.0;;;;;;;;97.0;112.0;74.0;78.0;;;1.0;7.0;4.0;6.0;;[23 42 93];[1 1 2];[False False  True];['Silver Strikers' 'Silver Strikers' 'Silver Strikers'];[0 1 2];[1 2 3];['D' 'H' 'H'];['H' 'H' 'H'];0.25;0.75;0.0;0.51;0.49;0.0;;;;;;;
2026-05-17;193323556;Austria Bundesliga;Austria;09:30;Full;True;-0.1709986320109439;1.95;2.5;1.85;2.5;8.0;5.0;;5.0;5.0;10.0;186.0;98.0;100.0;FK Austria Vienna;;0.0;2.0;3.4;0;0.0;0 - 3;3.3;LASK Linz;;0.0;0.0;2.15;1;3.0;+0.25;8 - 5;5-5;2.5;1.0;65 - 33;22 - 27;27.0;22.0;48.0;52.0;4.0;3.0;2.0;1.0;;;;;;;;87.0;99.0;33.0;65.0;44.0;56.0;5.0;8.0;5.0;1.0;;[38 49 76];[1 2 2];[False False False];['LASK Linz' 'LASK Linz' 'LASK Linz'];[ 0 -1 -2];[-1 -2 -3];['D' 'A' 'A'];['A' 'A' 'A'];0.42;0.0;0.58;0.84;0.0;0.16;2203.0;2058.0;fk austria wien;lask linz;1.61;1.8;
2026-05-17;193714498;Netherlands Eredivisie;Netherlands;09:30;Full;True;0.0;1.95;3.0;1.85;3.0;7.0;0.0;;2.0;0.0;2.0;204.0;89.0;100.0;FC Volendam;;0.0;2.0;2.625;1;1.0;1 - 2;3.3;Telstar;;0.0;2.0;2.625;1;2.0;0.0;7 - 0;2-0;3.0;1.25;47 - 42;8 - 31;31.0;8.0;61.0;39.0;3.0;1.0;1.0;2.0;;;;;;;;95.0;109.0;42.0;47.0;49.0;51.0;5.0;8.0;2.0;8.0;;[ 2 44 89];[1 1 2];[False False False];['FC Volendam' 'Telstar' 'Telstar'];[0 1 0];[ 1  0 -1];['D' 'H' 'D'];['H' 'D' 'A'];0.52;0.47;0.01;0.07;0.93;0.0;2968.0;2972.0;fc volendam;sc telstar;1.44;1.57;
2026-05-17;193714495;Netherlands Eredivisie;Netherlands;09:30;Full;True;0.6325404880631923;1.85;3.5;1.95;3.5;7.0;6.0;;3.0;4.0;7.0;178.0;104.0;100.0;AZ;;0.0;1.0;1.333;2;3.0;3 - 3;5.25;NAC;;0.0;1.0;8.5;0;3.0;-1.5;7 - 6;3-4;3.5;1.5;60 - 44;38 - 24;24.0;38.0;44.0;56.0;5.0;1.0;4.0;7.0;;;;;;;;92.0;86.0;44.0;60.0;45.0;55.0;7.0;5.0;10.0;12.0;;[ 8 12 61 71 89 90];[1 1 2 2 2 2];[False False False False False False];['AZ' 'AZ' 'NAC' 'NAC' 'NAC' 'AZ'];[ 0  1  2  1  0 -1];[ 1  2  1  0 -1  0];['D' 'H' 'H' 'H' 'D' 'A'];['H' 'H' 'H' 'D' 'A' 'D'];0.29;0.7;0.01;0.18;0.82;0.0;2950.0;2947.0;az alkmaar;nac breda;1.57;1.57;
2026-05-17;194650912;Malawi Super League;Malawi;09:30;Schedule;False;0.5066666666666666;1.825;2.0, 2.5;1.975;2.0, 2.5;0.0;0.0;;0.0;0.0;0.0;0.0;0.0;;Nyasa Big Bullets FC;;0.0;0.0;1.5;0;0.0;0 - 0;3.5;Red Lions;;0.0;0.0;6.25;0;0.0;-1.0;0 - 0;0-0;2.25;1.0;-;nan;;;;;;;;;;;;;;;;0.0;0.0;0.0;0.0;;;0.0;0.0;0.0;0.0;;[];[];[];[];[];[];[];[];1.0;0.0;0.0;1.0;0.0;0.0;;;;;;;
2026-05-17;193323569;Austria Bundesliga;Austria;09:30;Full;True;0.25716780164134795;1.9;2.5, 3.0;1.9;2.5, 3.0;9.0;3.0;;4.0;1.0;5.0;155.0;80.0;100.0;SK Sturm Graz;;0.0;0.0;1.909;0;2.0;2 - 0;3.75;Rapid Vienna;;1.0;0.0;3.75;0;0.0;-0.5;9 - 3;4-1;2.75;1.25;63 - 17;30 - 7;7.0;30.0;41.0;59.0;0.0;9.0;0.0;4.0;;;;;;;;62.0;93.0;17.0;63.0;33.0;67.0;3.0;16.0;1.0;9.0;;[88 91];[2 2];[False  True];['SK Sturm Graz' 'SK Sturm Graz'];[0 1];[1 2];['D' 'H'];['H' 'H'];0.97;0.03;0.0;1.0;0.0;0.0;2051.0;2055.0;sk sturm graz;sk rapid;1.7;1.61;
2026-05-17;193323562;Austria Bundesliga;Austria;09:30;Full;True;0.7000000000000001;1.825;3.0, 3.5;1.975;3.0, 3.5;13.0;2.0;;7.0;1.0;8.0;190.0;86.0;100.0;FC Salzburg;;0.0;1.0;1.25;0;1.0;1 - 3;6.5;Hartberg;;0.0;1.0;10.0;2;3.0;-1.75;13 - 2;7-1;3.25;1.5;73 - 13;29 - 4;4.0;29.0;35.0;65.0;2.0;8.0;4.0;3.0;;;;;;;;41.0;149.0;13.0;73.0;34.0;66.0;3.0;16.0;6.0;6.0;;[22 42 83 90];[1 1 2 2];[False False False False];['Hartberg' 'Hartberg' 'FC Salzburg' 'Hartberg'];[ 0 -1 -2 -1];[-1 -2 -1 -2];['D' 'A' 'A' 'A'];['A' 'A' 'A' 'A'];0.24;0.0;0.76;0.49;0.0;0.51;2046.0;2075.0;fc salzburg;tsv hartberg;1.7;1.8;
2026-05-17;193714549;Netherlands Eredivisie;Netherlands;09:30;Full;True;-0.2923976608187135;1.8;3.0, 3.5;2.0;3.0, 3.5;2.0;12.0;;0.0;7.0;7.0;173.0;95.0;100.0;PEC Zwolle;;0.0;0.0;3.8;0;0.0;0 - 2;4.2;Feyenoord;;0.0;0.0;1.8;0;2.0;+0.75;2 - 12;0-7;3.25;1.5;30 - 65;17 - 40;40.0;17.0;49.0;51.0;6.0;1.0;4.0;1.0;;;;;;;;95.0;78.0;65.0;30.0;51.0;49.0;14.0;6.0;7.0;1.0;;[79 87];[2 2];[False False];['Feyenoord' 'Feyenoord'];[ 0 -1];[-1 -2];['D' 'A'];['A' 'A'];0.88;0.0;0.12;1.0;0.0;0.0;2971.0;2959.0;pec zwolle;feyenoord rotterdam;1.4;1.4;
2026-05-17;193714530;Netherlands Eredivisie;Netherlands;09:30;Full;True;0.5817805383022776;1.95;4.0;1.85;4.0;13.0;4.0;;10.0;3.0;13.0;189.0;119.0;100.0;NEC;;0.0;1.0;1.38;2;2.0;2 - 1;5.25;Go Ahead Eagles;;0.0;2.0;7.0;0;1.0;-1.75;13 - 4;10-3;4.0;1.5;94 - 25;64 - 12;12.0;64.0;32.0;68.0;1.0;10.0;1.0;8.0;;;;;;;;67.0;122.0;25.0;94.0;42.0;58.0;3.0;23.0;2.0;12.0;;[12 27 55];[1 1 2];[False False False];['NEC' 'NEC' 'Go Ahead Eagles'];[0 1 2];[1 2 1];['D' 'H' 'H'];['H' 'H' 'H'];0.13;0.87;0.0;0.27;0.73;0.0;2962.0;2979.0;nec nijmegen;go ahead eagles;1.5;1.5;
2026-05-17;193336447;Poland I Liga;Poland;09:30;Full;True;0.12121212121212122;2.0;2.5, 3.0;1.8;2.5, 3.0;7.0;3.0;;5.0;2.0;7.0;282.0;185.0;100.0;Miedz Legnica;;0.0;2.0;2.2;0;1.0;1 - 2;3.3;Ruch Chorzow;;0.0;3.0;3.0;2;2.0;-0.25;7 - 3;5-2;2.75;1.0;121 - 64;62 - 25;25.0;62.0;50.0;50.0;3.0;6.0;3.0;1.0;;;;;;;;116.0;166.0;64.0;121.0;50.0;50.0;10.0;10.0;4.0;3.0;;[12 37 52];[1 1 2];[False False False];['Ruch Chorzow' 'Ruch Chorzow' 'Miedz Legnica'];[ 0 -1 -2];[-1 -2 -1];['D' 'A' 'A'];['A' 'A' 'A'];0.13;0.0;0.87;0.27;0.0;0.73;35330.0;3105.0;miedz legnica;ruch chorzow;1.66;1.61;
2026-05-17;193714546;Netherlands Eredivisie;Netherlands;09:30;Full;True;0.509009009009009;1.825;3.0, 3.5;1.975;3.0, 3.5;2.0;5.0;;2.0;1.0;3.0;183.0;101.0;100.0;FC Utrecht;;0.0;0.0;1.48;1;2.0;2 - 0;4.75;Fortuna Sittard;;0.0;1.0;6.0;0;0.0;-1.0;2 - 5;2-1;3.25;1.5;55 - 46;35 - 22;22.0;35.0;32.0;68.0;3.0;10.0;1.0;5.0;;;;;;;;93.0;90.0;46.0;55.0;42.0;58.0;11.0;13.0;2.0;6.0;;[39 65];[1 2];[False False];['FC Utrecht' 'FC Utrecht'];[0 1];[1 2];['D' 'H'];['H' 'H'];0.43;0.57;0.0;0.87;0.13;0.0;2948.0;2957.0;fc utrecht;fortuna sittard;1.53;1.57;
2026-05-17;193714540;Netherlands Eredivisie;Netherlands;09:30;Full;True;0.2535641980377444;1.925;3.0;1.875;3.0;5.0;2.0;;1.0;1.0;2.0;215.0;88.0;100.0;Sparta Rotterdam;;0.0;4.0;1.909;0;2.0;2 - 3;3.9;Excelsior;;0.0;0.0;3.7;1;3.0;-0.25;5 - 2;1-1;3.0;1.25;47 - 41;29 - 19;19.0;29.0;48.0;52.0;5.0;3.0;1.0;1.0;;;;;;;;102.0;113.0;41.0;47.0;47.0;53.0;12.0;12.0;4.0;5.0;;[14 50 53 62 91];[1 2 2 2 2];[False False False False  True];['Excelsior' 'Excelsior' 'Sparta Rotterdam' 'Excelsior' 'Sparta Rotterdam'];[ 0 -1 -2 -1 -2];[-1 -2 -1 -2 -1];['D' 'A' 'A' 'A' 'A'];['A' 'A' 'A' 'A' 'A'];0.15;0.0;0.85;0.31;0.0;0.69;2960.0;2967.0;sparta rotterdam;excelsior rotterdam;1.5;1.44;
2026-05-17;193714534;Netherlands Eredivisie;Netherlands;09:30;Full;True;0.1172901921132457;1.825;3.5, 4.0;1.975;3.5, 4.0;11.0;9.0;;1.0;6.0;7.0;179.0;80.0;100.0;PSV;;0.0;1.0;2.15;2;5.0;5 - 1;4.0;FC Twente;;0.0;1.0;2.875;1;1.0;-0.25;11 - 9;1-6;3.75;1.5;42 - 38;17 - 24;24.0;17.0;53.0;47.0;7.0;2.0;5.0;3.0;;;;;;;;83.0;96.0;38.0;42.0;48.0;52.0;12.0;8.0;6.0;6.0;;[15 16 44 53 56 84];[1 1 1 2 2 2];[False False False False False False];['PSV' 'FC Twente' 'PSV' 'PSV' 'PSV' 'PSV'];[0 1 0 1 2 3];[1 0 1 2 3 4];['D' 'H' 'D' 'H' 'H' 'H'];['H' 'D' 'H' 'H' 'H' 'H'];0.48;0.52;0.0;0.96;0.04;0.0;2952.0;2955.0;psv eindhoven;fc twente enschede;1.36;1.25;
2026-05-17;193714502;Netherlands Eredivisie;Netherlands;09:30;Full;True;-0.16522423288749022;1.975;3.5, 4.0;1.825;3.5, 4.0;10.0;6.0;;5.0;2.0;7.0;221.0;125.0;100.0;Heerenveen;;0.0;0.0;3.1;0;0.0;0 - 0;4.0;Ajax;;0.0;3.0;2.05;0;0.0;+0.25;10 - 6;5-2;3.75;1.5;69 - 56;29 - 24;24.0;29.0;52.0;48.0;6.0;3.0;2.0;2.0;;;;;;;;105.0;116.0;56.0;69.0;47.0;53.0;16.0;12.0;6.0;4.0;;[];[];[];[];[];[];[];[];1.0;0.0;0.0;1.0;0.0;0.0;2964.0;2953.0;sc heerenveen;ajax amsterdam;1.4;1.33;
2026-05-17;194785421;Uzbekistan Cup;Uzbekistan;09:35;Full;True;-0.016006402561024313;1.825;2.0, 2.5;1.975;2.0, 2.5;2.0;6.0;;0.0;4.0;4.0;161.0;93.0;100.0;PFC Terdu;;0.0;4.0;2.55;0;0.0;0 - 1;3.2;Jayxun;;0.0;3.0;2.45;1;1.0;0.0;2 - 6;0-4;2.25;nan;53 - 40;19 - 19;19.0;19.0;47.0;53.0;3.0;7.0;2.0;1.0;;;;;;;;76.0;85.0;40.0;53.0;48.0;52.0;6.0;10.0;6.0;3.0;;[43];[1];[False];['Jayxun'];[0];[-1];['D'];['A'];0.48;0.0;0.52;0.96;0.0;0.04;;;;;;;
2026-05-17;193267669;Poland Ekstraklasa;Poland;09:45;Full;True;-0.016666666666666663;1.9;3.0;1.9;3.0;4.0;9.0;;3.0;3.0;6.0;126.0;122.0;100.0;GKS Katowice;5.0;0.0;4.0;2.5;1;2.0;2 - 2;3.6;Jagiellonia Bialystok;3.0;0.0;0.0;2.4;1;2.0;0.0;4 - 9;3-3;3.0;1.25;55 - 67;19 - 37;37.0;19.0;67.0;33.0;7.0;1.0;3.0;2.0;;;;;;;;68.0;58.0;67.0;55.0;59.0;41.0;9.0;3.0;7.0;5.0;;[ 3 31 56 78];[1 1 2 2];[False False False False];"['GKS Katowice' 'Jagiellonia Bialystok' 'Jagiellonia Bialystok'
 'GKS Katowice']";[ 0  1  0 -1];[ 1  0 -1  0];['D' 'H' 'D' 'A'];['H' 'D' 'A' 'D'];0.44;0.31;0.24;0.38;0.62;0.0;3112.0;7691.0;gks katowice;jagiellonia bialystok;1.53;1.5;
2026-05-17;484342;Brazil Campeonato Paraense A2;Brazil;09:57;Full;True;;;2.75;;2.75;0.0;4.0;;0.0;2.0;2.0;186.0;124.0;;Urumajo;;1.0;2.0;;0;1.0;1 - 0;;Paragominas FC;;0.0;3.0;;0;0.0;+0.5;0 - 4;0-2;2.75;(0.75);48 - 76;24 - 30;30.0;24.0;;;3.0;2.0;1.0;0.0;;;;;;;;102.0;84.0;76.0;48.0;;;11.0;3.0;4.0;3.0;;[86];[2];[False];['Urumajo'];[0];[1];['D'];['H'];0.96;0.04;0.0;1.0;0.0;0.0;;;;;;;
2026-05-17;194536444;Sweden Damallsvenskan;Sweden;10:00;Full;True;0.09090909090909088;1.9;2.5;1.9;2.5;6.0;4.0;;2.0;3.0;5.0;187.0;110.0;;AIK (W);;0.0;2.0;2.2;1;2.0;2 - 1;3.3;Pitea IF (W);;0.0;2.0;2.75;1;1.0;-0.25;6 - 4;2-3;2.5;1.0;59 - 51;30 - 30;30.0;30.0;;;4.0;4.0;2.0;4.0;;;;;;;;83.0;104.0;51.0;59.0;;;5.0;9.0;3.0;9.0;;[13 44 81];[1 1 2];[False False False];['AIK (W)' 'Pitea IF (W)' 'AIK (W)'];[0 1 0];[1 0 1];['D' 'H' 'D'];['H' 'D' 'H'];0.56;0.44;0.0;0.31;0.69;0.0;1764.0;1873.0;aik;piteaa if;;;Women
2026-05-17;194536440;Sweden Damallsvenskan;Sweden;10:00;Full;True;0.367965367965368;1.85;2.5, 3.0;1.95;2.5, 3.0;2.0;4.0;;0.0;2.0;2.0;185.0;111.0;;Eskilstuna Utd (W);;0.0;0.0;1.65;1;1.0;1 - 0;3.75;IK Uppsala (W);;0.0;2.0;4.2;0;0.0;-0.75;2 - 4;0-2;2.75;1.25;44 - 67;20 - 30;30.0;20.0;;;1.0;0.0;0.0;1.0;;;;;;;;113.0;72.0;67.0;44.0;;;2.0;3.0;0.0;1.0;;[41];[1];[False];['Eskilstuna Utd (W)'];[0];[1];['D'];['H'];0.46;0.54;0.0;0.91;0.09;0.0;;;;;;;Women
2026-05-17;194536437;Sweden Damallsvenskan;Sweden;10:00;Full;True;0.22080416527771157;1.85;2.5, 3.0;1.95;2.5, 3.0;4.0;3.0;;2.0;2.0;4.0;213.0;54.0;100.0;IFK Norrkoping (W);;0.0;2.0;1.909;1;3.0;3 - 0;3.5;Brommapojkarna (W);;0.0;1.0;3.3;0;0.0;-0.5;4 - 3;2-2;2.75;1.25;22 - 32;10 - 16;16.0;10.0;47.0;53.0;5.0;2.0;2.0;1.0;;;;;;;;116.0;97.0;32.0;22.0;50.0;50.0;12.0;4.0;5.0;4.0;;[26 63 68];[1 2 2];[False False False];['IFK Norrkoping (W)' 'IFK Norrkoping (W)' 'IFK Norrkoping (W)'];[0 1 2];[1 2 3];['D' 'H' 'H'];['H' 'H' 'H'];0.29;0.71;0.0;0.58;0.42;0.0;1769.0;1787.0;ifk norrkoping fk;if brommapojkarna;;;Women
2026-05-17;194589287;Finland Ykkosliiga;Finland;10:00;Full;True;0.3123721289326385;1.775;3.0;2.025;3.0;5.0;3.0;;4.0;2.0;6.0;140.0;116.0;100.0;EIF;;0.0;0.0;1.727;2;3.0;3 - 0;3.7;SJK Akatemia;;0.0;1.0;3.75;0;0.0;-0.75;5 - 3;4-2;3.0;1.25;50 - 66;26 - 29;29.0;26.0;54.0;46.0;4.0;3.0;2.0;4.0;;;;;;;;77.0;63.0;66.0;50.0;56.0;44.0;5.0;4.0;2.0;6.0;;[24 43 49];[1 1 2];[False False False];['EIF' 'EIF' 'EIF'];[0 1 2];[1 2 3];['D' 'H' 'H'];['H' 'H' 'H'];0.27;0.73;0.0;0.53;0.47;0.0;22372.0;89908.0;ekenas idrottsforening;sjk akatemia;1.5;1.5;
2026-05-17;194753248;Republic of Ireland FAI Cup;Ireland;10:00;Full;True;0.22971682124919107;1.85;2.5, 3.0;1.95;2.5, 3.0;4.0;5.0;;1.0;5.0;6.0;255.0;143.0;100.0;College Corinthians FC;;1.0;5.0;1.909;0;2.0;2 - 1;3.4;Killester Donnycarney FC;;0.0;1.0;3.4;1;1.0;-0.5;4 - 5;1-5;2.75;1.25;68 - 75;29 - 36;36.0;29.0;52.0;48.0;8.0;3.0;5.0;3.0;;;;;;;;132.0;123.0;75.0;68.0;55.0;45.0;12.0;8.0;6.0;6.0;;[12 59 71];[1 2 2];[False False False];"['Killester Donnycarney FC' 'College Corinthians FC'
 'College Corinthians FC']";[ 0 -1  0];[-1  0  1];['D' 'A' 'D'];['A' 'D' 'H'];0.27;0.21;0.52;0.27;0.0;0.73;;;;;;;
2026-05-17;194707274;Zimbabwe Premier Soccer League;Zimbabwe;10:00;Full;True;0.0;1.95;1.5, 2.0;1.85;1.5, 2.0;9.0;2.0;;5.0;1.0;6.0;89.0;67.0;;Highlanders FC;;0.0;2.0;2.7;0;0.0;0 - 0;2.7;Ngezi Platinum FC;;0.0;2.0;2.7;0;0.0;0.0;9 - 2;5-1;1.75;0.75;46 - 21;22 - 11;11.0;22.0;;;4.0;3.0;0.0;0.0;;;;;;;;45.0;44.0;21.0;46.0;;;6.0;5.0;0.0;0.0;;[];[];[];[];[];[];[];[];1.0;0.0;0.0;1.0;0.0;0.0;;;;;;;
2026-05-17;194542251;France Division 2 Women;France;10:00;Full;True;0.29914529914529914;1.85;2.0, 2.5;1.95;2.0, 2.5;5.0;4.0;;3.0;2.0;5.0;247.0;140.0;100.0;Auxerre (W);;0.0;0.0;1.8;0;0.0;0 - 3;3.3;Nice (W);;0.0;3.0;3.9;1;3.0;-0.5;5 - 4;3-2;2.25;1.0;85 - 55;40 - 37;37.0;40.0;42.0;58.0;2.0;6.0;3.0;2.0;;;;;;;;100.0;147.0;55.0;85.0;42.0;58.0;5.0;12.0;7.0;5.0;;[ 5 48 93];[1 2 2];[False False  True];['Nice (W)' 'Nice (W)' 'Nice (W)'];[ 0 -1 -2];[-1 -2 -3];['D' 'A' 'A'];['A' 'A' 'A'];0.05;0.0;0.95;0.11;0.0;0.89;1646.0;1661.0;aj auxerre;ogc nice;;;Women
2026-05-17;194707269;Zimbabwe Premier Soccer League;Zimbabwe;10:00;Full;True;0.3097535569264163;1.9;1.5, 2.0;1.9;1.5, 2.0;3.0;4.0;;3.0;2.0;5.0;160.0;165.0;;Dynamos FC;;0.0;1.0;1.85;3;3.0;3 - 0;2.875;Triangle United;;0.0;3.0;4.333;0;0.0;-0.5;3 - 4;3-2;1.75;0.75;70 - 95;31 - 41;41.0;31.0;;;3.0;2.0;2.0;4.0;;;;;;;;78.0;82.0;95.0;70.0;;;6.0;6.0;3.0;5.0;;[13 18 23];[1 1 1];[False False False];['Dynamos FC' 'Dynamos FC' 'Dynamos FC'];[0 1 2];[1 2 3];['D' 'H' 'H'];['H' 'H' 'H'];0.14;0.86;0.0;0.29;0.71;0.0;;;;;;;
2026-05-17;194532855;Iceland Premier League;Iceland;10:00;Full;True;-0.6571428571428573;1.925;3.5;1.875;3.5;3.0;6.0;;2.0;3.0;5.0;131.0;100.0;100.0;IBV Vestmannaeyjar;;0.0;1.0;7.0;0;0.0;0 - 2;5.75;Vikingur Reykjavik;;0.0;2.0;1.25;0;2.0;+1.75;3 - 6;2-3;3.5;1.5;42 - 58;29 - 26;26.0;29.0;63.0;37.0;1.0;1.0;3.0;0.0;;;;;;;;77.0;54.0;58.0;42.0;55.0;45.0;3.0;1.0;7.0;1.0;;[51 56];[2 2];[False False];['Vikingur Reykjavik' 'Vikingur Reykjavik'];[ 0 -1];[-1 -2];['D' 'A'];['A' 'A'];0.57;0.0;0.43;1.0;0.0;0.0;1895.0;1908.0;ibv vestmannaeyjar;vikingur reykjavik;;;
2026-05-17;194653516;Tanzania Cup;Tanzania;10:00;Full;True;-0.3885626051231147;1.875;1.5, 2.0;1.925;1.5, 2.0;2.0;6.0;;2.0;3.0;5.0;244.0;211.0;;Mashujaa FC;;0.0;3.0;5.25;0;0.0;0 - 1;2.9;Azam FC;;0.0;3.0;1.727;1;1.0;+0.5;2 - 6;2-3;1.75;0.75;62 - 149;32 - 82;82.0;32.0;;;3.0;3.0;4.0;0.0;;;;;;;;140.0;104.0;149.0;62.0;;;4.0;4.0;6.0;1.0;;[50];[1];[ True];['Azam FC'];[0];[-1];['D'];['A'];0.56;0.0;0.44;1.0;0.0;0.0;;;;;;;
2026-05-17;194650426;Brazil Paulista Serie B;Brazil;10:00;Full;True;-0.1774193548387097;1.85;2.5;1.95;2.5;2.0;10.0;;1.0;4.0;5.0;155.0;86.0;100.0;Riopretano U23;;0.0;4.0;3.1;0;1.0;1 - 1;3.4;Assisense U23;;0.0;4.0;2.0;0;1.0;+0.25;2 - 10;1-4;2.5;1.0;38 - 48;19 - 24;24.0;19.0;53.0;47.0;7.0;0.0;2.0;2.0;;;;;;;;80.0;75.0;48.0;38.0;56.0;44.0;10.0;6.0;7.0;3.0;;[59 68];[2 2];[False False];['Riopretano U23' 'Assisense U23'];[0 1];[1 0];['D' 'H'];['H' 'D'];0.9;0.1;0.0;1.0;0.0;0.0;;;;;;;Youth
2026-05-17;194640629;Paraguay Division Intermedia;Paraguay;10:00;Full;True;0.13178294573643412;1.975;2.0, 2.5;1.825;2.0, 2.5;2.0;3.0;;1.0;1.0;2.0;173.0;134.0;100.0;Paraguari AC;14.0;0.0;2.0;2.15;1;1.0;1 - 0;3.2;Sportivo Carapegua;6.0;0.0;4.0;3.0;0;0.0;-0.25;2 - 3;1-1;2.25;1.0;64 - 70;32 - 29;29.0;32.0;64.0;36.0;1.0;2.0;1.0;2.0;;;;;;;;88.0;85.0;70.0;64.0;61.0;39.0;7.0;2.0;3.0;4.0;;[31];[1];[False];['Paraguari AC'];[0];[1];['D'];['H'];0.34;0.66;0.0;0.69;0.31;0.0;;;;;;;
2026-05-17;194640889;Austria Regionalliga West;Austria;10:00;Full;True;-0.034782608695652195;1.925;3.0;1.875;3.0;7.0;6.0;;4.0;1.0;5.0;209.0;135.0;;SCR Altach II;;0.0;1.0;2.5;1;1.0;1 - 0;3.7;SVG Reichenau;;0.0;2.0;2.3;0;0.0;0.0;7 - 6;4-1;3.0;1.25;58 - 77;25 - 28;28.0;25.0;;;1.0;2.0;4.0;3.0;;;;;;;;111.0;98.0;77.0;58.0;;;4.0;7.0;5.0;4.0;;[17];[1];[False];['SCR Altach II'];[0];[1];['D'];['H'];0.19;0.81;0.0;0.38;0.62;0.0;4856.0;;scr altach;;;;Youth
2026-05-17;193332190;Scotland Premiership;Scotland;10:00;Full;True;0.044526901669758756;1.975;2.5, 3.0;1.875;2.5, 3.0;7.0;2.0;;3.0;2.0;5.0;188.0;67.0;100.0;Dundee;;0.0;0.0;2.45;1;3.0;3 - 2;3.4;Aberdeen;;0.0;0.0;2.75;2;2.0;0.0;7 - 2;3-2;2.75;1.25;38 - 29;14 - 15;15.0;14.0;43.0;57.0;3.0;3.0;2.0;1.0;;;;;;;;92.0;96.0;29.0;38.0;44.0;56.0;6.0;6.0;2.0;3.0;;[10 23 51 61 90];[1 1 1 2 2];[False False  True False False];['Dundee' 'Aberdeen' 'Aberdeen' 'Dundee' 'Dundee'];[ 0  1  0 -1  0];[ 1  0 -1  0  1];['D' 'H' 'D' 'A' 'D'];['H' 'D' 'A' 'D' 'H'];0.74;0.14;0.11;0.75;0.25;0.0;2357.0;2355.0;dundee fc;aberdeen fc;1.7;1.57;
2026-05-17;193332195;Scotland Premiership;Scotland;10:00;Full;True;-0.046296296296296335;1.85;2.5, 3.0;2.0;2.5, 3.0;6.0;1.0;;3.0;1.0;4.0;184.0;118.0;100.0;Livingston;12.0;0.0;1.0;2.7;1;1.0;1 - 4;3.6;Kilmarnock;11.0;0.0;2.0;2.4;2;4.0;+0.25;6 - 1;3-1;2.75;1.25;62 - 56;37 - 16;16.0;37.0;45.0;55.0;3.0;2.0;2.0;2.0;;;;;;;;95.0;89.0;56.0;62.0;48.0;52.0;10.0;3.0;4.0;6.0;;[19 24 34 53 58];[1 1 1 2 2];[False False False False False];['Livingston' 'Kilmarnock' 'Kilmarnock' 'Kilmarnock' 'Kilmarnock'];[ 0  1  0 -1 -2];[ 1  0 -1 -2 -3];['D' 'H' 'D' 'A' 'A'];['H' 'D' 'A' 'A' 'A'];0.32;0.06;0.62;0.64;0.11;0.24;2356.0;2347.0;livingston fc;kilmarnock fc;1.61;1.57;
2026-05-17;194621764;Cameroon Elite One;Cameroon;10:00;Schedule;False;-0.38935370820572723;1.85;2.0;1.95;2.0;0.0;0.0;;0.0;0.0;0.0;0.0;0.0;;Canon de Yaounde;5.0;0.0;0.0;4.75;0;0.0;0 - 0;3.2;Dynamo de Douala;4.0;0.0;0.0;1.667;0;0.0;+0.5;0 - 0;0-0;2.0;0.75;-;nan;;;;;;;;;;;;;;;;0.0;0.0;0.0;0.0;;;0.0;0.0;0.0;0.0;;[];[];[];[];[];[];[];[];1.0;0.0;0.0;1.0;0.0;0.0;;;;;;;
2026-05-17;194640751;Poland III Liga;Poland;10:00;Full;True;-0.675;1.85;3.0, 3.5;1.95;3.0, 3.5;1.0;8.0;;0.0;6.0;6.0;210.0;126.0;100.0;Elana Torun;;0.0;0.0;8.0;0;0.0;0 - 4;5.25;Unia Swarzedz;;0.0;0.0;1.25;1;4.0;+2.0;1 - 8;0-6;3.25;1.25;16 - 110;5 - 60;60.0;5.0;72.0;28.0;12.0;2.0;3.0;1.0;;;;;;;;156.0;54.0;110.0;16.0;72.0;28.0;15.0;2.0;11.0;3.0;;[38 50 64 81];[1 2 2 2];[False False False False];['Unia Swarzedz' 'Unia Swarzedz' 'Unia Swarzedz' 'Unia Swarzedz'];[ 0 -1 -2 -3];[-1 -2 -3 -4];['D' 'A' 'A' 'A'];['A' 'A' 'A' 'A'];0.42;0.0;0.58;0.84;0.0;0.16;;;;;;;
2026-05-17;194640461;France Division 2 Women;France;10:00;Full;True;0.6251875468867217;2.0;2.5, 3.0;1.8;2.5, 3.0;5.0;1.0;;1.0;1.0;2.0;171.0;94.0;100.0;Le Mans (W);;0.0;0.0;1.333;1;3.0;3 - 0;4.2;Guingamp (W);;0.0;0.0;8.0;0;0.0;-1.5;5 - 1;1-1;2.75;1.0;64 - 30;32 - 17;17.0;32.0;33.0;67.0;1.0;5.0;0.0;2.0;;;;;;;;71.0;100.0;30.0;64.0;36.0;64.0;1.0;12.0;0.0;4.0;;[40 53 91];[1 2 2];[False False  True];['Le Mans (W)' 'Le Mans (W)' 'Le Mans (W)'];[0 1 2];[1 2 3];['D' 'H' 'H'];['H' 'H' 'H'];0.44;0.56;0.0;0.89;0.11;0.0;1672.0;1654.0;le mans fc;ea guingamp;;;Women
2026-05-17;193332202;Scotland Premiership;Scotland;10:00;Full;True;0.1014492753623189;1.875;2.5, 3.0;1.975;2.5, 3.0;10.0;2.0;;7.0;0.0;7.0;210.0;90.0;100.0;St Mirren;10.0;0.0;0.0;2.3;0;1.0;1 - 1;3.5;Dundee Utd;7.0;0.0;2.0;3.0;1;1.0;-0.25;10 - 2;7-0;2.75;1.25;67 - 23;27 - 11;11.0;27.0;46.0;54.0;1.0;0.0;1.0;4.0;;;;;;;;88.0;122.0;23.0;67.0;51.0;49.0;3.0;9.0;3.0;8.0;;[27 69];[1 2];[False False];['Dundee Utd' 'St Mirren'];[ 0 -1];[-1  0];['D' 'A'];['A' 'D'];0.53;0.0;0.47;0.6;0.0;0.4;2359.0;2349.0;st mirren fc;dundee united;1.66;1.57;
2026-05-17;193320770;Sweden Superettan;Sweden;10:00;Full;True;0.20979020979020985;1.9;2.5, 3.0;1.9;2.5, 3.0;2.0;5.0;;0.0;4.0;4.0;188.0;76.0;100.0;Nordic United FC;;0.0;1.0;1.95;0;1.0;1 - 4;3.6;Falkenbergs FF;;0.0;0.0;3.3;2;4.0;-0.5;2 - 5;0-4;2.75;1.25;48 - 28;22 - 16;16.0;22.0;49.0;51.0;3.0;2.0;5.0;1.0;;;;;;;;93.0;95.0;28.0;48.0;46.0;54.0;4.0;9.0;9.0;3.0;;[27 45 48 59 78];[1 1 2 2 2];[False False False False False];"['Falkenbergs FF' 'Falkenbergs FF' 'Falkenbergs FF' 'Falkenbergs FF'
 'Nordic United FC']";[ 0 -1 -2 -3 -4];[-1 -2 -3 -4 -3];['D' 'A' 'A' 'A' 'A'];['A' 'A' 'A' 'A' 'A'];0.3;0.0;0.7;0.6;0.0;0.4;781030.0;1812.0;nordic united fc;falkenbergs ff;1.66;1.66;
2026-05-17;194643697;Paraguay Division Intermedia;Paraguay;10:00;Full;True;0.27738264580369837;2.0;2.0, 2.5;1.8;2.0, 2.5;4.0;3.0;;2.0;2.0;4.0;213.0;101.0;100.0;General Caballero JLM;;0.0;1.0;1.85;1;3.0;3 - 2;3.2;Sol de America;;0.0;1.0;3.8;1;2.0;-0.5;4 - 3;2-2;2.25;( 0.5);41 - 60;21 - 30;30.0;21.0;50.0;50.0;5.0;5.0;3.0;4.0;;;;;;;;114.0;99.0;60.0;41.0;50.0;50.0;8.0;7.0;5.0;9.0;;[37 45 51 55 92];[1 1 2 2 2];[False False False False  True];"['General Caballero JLM' 'Sol de America' 'General Caballero JLM'
 'General Caballero JLM' 'Sol de America']";[0 1 0 1 2];[1 0 1 2 1];['D' 'H' 'D' 'H' 'H'];['H' 'D' 'H' 'H' 'H'];0.47;0.53;0.0;0.82;0.18;0.0;;;;;;;
2026-05-17;194653223;Switzerland 1.Liga Promotion;Switzerland;10:00;Schedule;False;-0.14297729184188396;1.825;3.0;1.975;3.0;0.0;0.0;;0.0;0.0;0.0;0.0;0.0;;FC Kreuzlingen;16.0;0.0;0.0;2.9;0;0.0;0 - 0;3.6;Bavois;5.0;0.0;0.0;2.05;0;0.0;+0.25;0 - 0;0-0;3.0;1.25;-;nan;;;;;;;;;;;;;;;;0.0;0.0;0.0;0.0;;;0.0;0.0;0.0;0.0;;[];[];[];[];[];[];[];[];1.0;0.0;0.0;1.0;0.0;0.0;;;;;;;
2026-05-17;194641572;Uruguay Segunda;Uruguay;10:00;Full;True;0.28239584230625664;1.95;2.0, 2.5;1.85;2.0, 2.5;5.0;4.0;;1.0;1.0;2.0;198.0;105.0;100.0;Rentistas;;0.0;3.0;1.833;1;1.0;1 - 0;3.2;Miramar Misiones;;0.0;5.0;3.8;0;0.0;-0.5;5 - 4;1-1;2.25;1.0;49 - 56;25 - 17;17.0;25.0;44.0;56.0;0.0;0.0;1.0;2.0;;;;;;;;96.0;102.0;56.0;49.0;52.0;48.0;1.0;2.0;1.0;2.0;;[39];[1];[False];['Rentistas'];[0];[1];['D'];['H'];0.43;0.57;0.0;0.87;0.13;0.0;;;;;;;
2026-05-17;194542263;France Division 2 Women;France;10:00;Full;True;-0.16522423288749022;1.975;2.5;1.825;2.5;5.0;4.0;;2.0;2.0;4.0;165.0;92.0;100.0;Grenoble Claix (W);;0.0;3.0;3.1;1;2.0;2 - 2;3.3;Toulouse (W);;0.0;1.0;2.05;0;2.0;+0.25;5 - 4;2-2;2.5;1.0;37 - 55;13 - 27;27.0;13.0;66.0;34.0;6.0;1.0;2.0;2.0;;;;;;;;97.0;68.0;55.0;37.0;65.0;35.0;9.0;5.0;5.0;6.0;;[21 54 77 96];[1 2 2 2];[False False False  True];['Grenoble Claix (W)' 'Toulouse (W)' 'Toulouse (W)' 'Grenoble Claix (W)'];[ 0  1  0 -1];[ 1  0 -1  0];['D' 'H' 'D' 'A'];['H' 'D' 'A' 'D'];0.46;0.34;0.2;0.47;0.53;0.0;;1681.0;;toulouse fc;;;Women
2026-05-17;194658433;Poland III Liga;Poland;10:00;Full;True;0.14297729184188396;1.8;2.5, 3.0;2.0;2.5, 3.0;10.0;4.0;;7.0;2.0;9.0;156.0;86.0;100.0;Blekitni Stargard;;0.0;2.0;2.05;1;1.0;1 - 1;3.5;Notec Czarnkow;;0.0;2.0;2.9;0;1.0;-0.25;10 - 4;7-2;2.75;1.25;53 - 33;22 - 16;16.0;22.0;45.0;55.0;4.0;10.0;2.0;2.0;;;;;;;;72.0;84.0;33.0;53.0;41.0;59.0;6.0;20.0;5.0;10.0;;[33 63];[1 2];[False False];['Blekitni Stargard' 'Notec Czarnkow'];[0 1];[1 0];['D' 'H'];['H' 'D'];0.67;0.33;0.0;0.73;0.27;0.0;;;;;;;
2026-05-17;194542266;France Division 2 Women;France;10:00;Full;True;0.22328548644338114;1.9;2.5;1.9;2.5;7.0;4.0;;5.0;2.0;7.0;178.0;133.0;100.0;Lille (W);;2.0;1.0;1.9;0;0.0;0 - 0;3.4;Saint Malo (W);;0.0;3.0;3.3;0;0.0;-0.5;7 - 4;5-2;2.5;1.0;89 - 44;43 - 19;19.0;43.0;31.0;69.0;0.0;6.0;0.0;0.0;;;;;;;;82.0;96.0;44.0;89.0;33.0;67.0;0.0;7.0;1.0;3.0;;[];[];[];[];[];[];[];[];1.0;0.0;0.0;1.0;0.0;0.0;1643.0;;lille osc;;;;Women
2026-05-17;193320777;Sweden Superettan;Sweden;10:00;Full;True;0.07407407407407407;1.825;2.5, 3.0;1.975;2.5, 3.0;9.0;7.0;;3.0;4.0;7.0;162.0;79.0;100.0;Osters IF;;0.0;1.0;2.25;0;1.0;1 - 4;3.25;Ljungskile SK;;0.0;0.0;2.7;1;4.0;-0.25;9 - 7;3-4;2.75;1.25;46 - 33;21 - 15;15.0;21.0;37.0;63.0;3.0;6.0;2.0;2.0;;;;;;;;73.0;89.0;33.0;46.0;36.0;64.0;4.0;8.0;8.0;7.0;;[12 52 77 86 90];[1 2 2 2 2];[False False False False False];"['Ljungskile SK' 'Ljungskile SK' 'Osters IF' 'Ljungskile SK'
 'Ljungskile SK']";[ 0 -1 -2 -1 -2];[-1 -2 -1 -2 -3];['D' 'A' 'A' 'A' 'A'];['A' 'A' 'A' 'A' 'A'];0.13;0.0;0.87;0.27;0.0;0.73;1781.0;1824.0;osters if;ljungskile sk;1.57;1.57;
2026-05-17;194545259;South Africa National Div 1;South Africa;10:00;Full;True;-0.08080808080808077;1.875;2.0, 2.5;1.925;2.0, 2.5;6.0;3.0;;3.0;0.0;3.0;177.0;101.0;100.0;Baroka FC;;0.0;0.0;2.75;0;0.0;0 - 0;3.3;Upington City;;0.0;2.0;2.25;0;0.0;+0.25;6 - 3;3-0;2.25;1.0;52 - 49;23 - 26;26.0;23.0;42.0;58.0;4.0;7.0;2.0;1.0;;;;;;;;84.0;93.0;49.0;52.0;41.0;59.0;8.0;12.0;3.0;5.0;;[];[];[];[];[];[];[];[];1.0;0.0;0.0;1.0;0.0;0.0;;;;;;;
2026-05-17;194545257;Italy Serie B Women;Italy;10:00;Full;True;-0.2777777777777778;1.8;2.5, 3.0;2.0;2.5, 3.0;2.0;7.0;;1.0;4.0;5.0;138.0;86.0;100.0;Brescia (W);9.0;0.0;0.0;3.6;0;1.0;1 - 2;3.6;Bologna (W);5.0;0.0;1.0;1.8;1;2.0;+0.5;2 - 7;1-4;2.75;1.25;42 - 44;22 - 22;22.0;22.0;54.0;46.0;6.0;1.0;5.0;2.0;;;;;;;;66.0;72.0;44.0;42.0;51.0;49.0;11.0;7.0;8.0;4.0;;[ 3 63 65];[1 2 2];[False False False];['Bologna (W)' 'Brescia (W)' 'Bologna (W)'];[ 0 -1  0];[-1  0 -1];['D' 'A' 'D'];['A' 'D' 'A'];0.06;0.0;0.94;0.07;0.0;0.93;;2685.0;;bologna fc;;;Youth-Women
2026-05-17;194724919;Cameroon Elite One;Cameroon;10:00;Schedule;False;0.348251811985181;1.85;2.0, 2.5;1.95;2.0, 2.5;0.0;0.0;;0.0;0.0;0.0;0.0;0.0;;PWD de Bamenda;8.0;0.0;0.0;1.727;0;0.0;0 - 0;3.25;Unisport Bafang;1.0;0.0;0.0;4.333;0;0.0;-0.25;0 - 0;0-0;2.25;1.0;-;nan;;;;;;;;;;;;;;;;0.0;0.0;0.0;0.0;;;0.0;0.0;0.0;0.0;;[];[];[];[];[];[];[];[];1.0;0.0;0.0;1.0;0.0;0.0;;;;;;;
2026-05-17;193716911;Slovenia Prva Liga;Slovenia;10:00;Full;True;-0.2698412698412699;1.975;3.0;1.825;3.0;2.0;3.0;;2.0;2.0;4.0;226.0;126.0;100.0;NS Mura;;0.0;7.0;3.5;1;2.0;2 - 1;3.7;NK Maribor;;0.0;3.0;1.8;0;1.0;+0.5;2 - 3;2-2;3.0;1.25;48 - 78;18 - 44;44.0;18.0;65.0;35.0;4.0;2.0;0.0;3.0;;;;;;;;138.0;88.0;78.0;48.0;65.0;35.0;7.0;2.0;2.0;5.0;;[ 1 66 90];[1 2 2];[False False False];['NS Mura' 'NS Mura' 'NK Maribor'];[0 1 2];[1 2 1];['D' 'H' 'H'];['H' 'H' 'H'];0.01;0.99;0.0;0.02;0.98;0.0;2410.0;2420.0;mura murska sobota;nk maribor;1.61;1.57;
2026-05-17;194538984;Uruguay Torneo Intermedio;Uruguay;10:00;Full;True;-0.06033717834960067;1.8;2.0;2.0;2.0;2.0;5.0;;0.0;1.0;1.0;220.0;164.0;100.0;Central Espanol;;1.0;4.0;2.875;1;2.0;2 - 1;3.0;Defensor Sporting;;0.0;2.0;2.45;1;1.0;0.0;2 - 5;0-1;2.0;0.75;75 - 89;38 - 41;41.0;38.0;66.0;34.0;4.0;0.0;2.0;1.0;;;;;;;;125.0;95.0;89.0;75.0;61.0;39.0;5.0;0.0;4.0;3.0;;[29 31 62];[1 1 2];[False False False];['Defensor Sporting' 'Central Espanol' 'Central Espanol'];[ 0 -1  0];[-1  0  1];['D' 'A' 'D'];['A' 'D' 'H'];0.67;0.31;0.02;0.96;0.0;0.04;3232.0;3229.0;central espanol fc;defensor sporting;1.9;2.0;
2026-05-17;194640464;France Division 2 Women;France;10:00;Full;True;0.23219814241486064;1.925;2.5;1.875;2.5;4.0;2.0;;0.0;2.0;2.0;184.0;86.0;100.0;Metz (W);;0.0;0.0;1.9;1;4.0;4 - 4;3.5;Thonon Evian FC (W);;0.0;2.0;3.4;2;4.0;-0.5;4 - 2;0-2;2.5;1.0;39 - 47;12 - 25;25.0;12.0;60.0;40.0;4.0;1.0;3.0;2.0;;;;;;;;95.0;89.0;47.0;39.0;54.0;46.0;6.0;4.0;6.0;9.0;;[22 28 33 50 57 59 73 95];[1 1 1 2 2 2 2 2];[False False False False False False False  True];"['Metz (W)' 'Thonon Evian FC (W)' 'Thonon Evian FC (W)' 'Metz (W)'
 'Thonon Evian FC (W)' 'Thonon Evian FC (W)' 'Metz (W)' 'Metz (W)']";[ 0  1  0 -1  0 -1 -2 -1];[ 1  0 -1  0 -1 -2 -1  0];['D' 'H' 'D' 'A' 'D' 'A' 'A' 'A'];['H' 'D' 'A' 'D' 'A' 'A' 'A' 'D'];0.36;0.06;0.58;0.6;0.13;0.27;1651.0;;fc metz;;;;Women
2026-05-17;194645449;Italy Serie A Women;Italy;10:00;Full;True;-0.5403726708074534;1.875;2.5, 3.0;1.925;2.5, 3.0;4.0;2.0;;0.0;1.0;1.0;268.0;181.0;100.0;Ternana (W);;0.0;1.0;5.75;0;1.0;1 - 0;4.2;AC Milan (W);;0.0;1.0;1.4;0;0.0;+1.25;4 - 2;0-1;2.75;1.25;92 - 89;44 - 41;41.0;44.0;64.0;36.0;2.0;3.0;0.0;2.0;;;;;;;;142.0;126.0;89.0;92.0;62.0;38.0;6.0;9.0;2.0;5.0;;[92];[2];[ True];['Ternana (W)'];[0];[1];['D'];['H'];1.0;0.0;0.0;1.0;0.0;0.0;943869.0;2692.0;ternana;ac milan;;;Women
2026-05-17;194645460;Italy Serie A Women;Italy;10:00;Full;True;0.3617847858999628;1.975;2.5, 3.0;1.825;2.5, 3.0;6.0;1.0;;1.0;0.0;1.0;230.0;158.0;100.0;Napoli (W);;0.0;1.0;1.667;0;1.0;1 - 1;3.6;Sassuolo (W);;0.0;1.0;4.2;1;1.0;-0.75;6 - 1;1-0;2.75;1.25;102 - 56;48 - 27;27.0;48.0;32.0;68.0;4.0;3.0;2.0;1.0;;;;;;;;111.0;119.0;56.0;102.0;34.0;66.0;9.0;7.0;3.0;5.0;;[ 4 69];[1 2];[False False];['Sassuolo (W)' 'Napoli (W)'];[ 0 -1];[-1  0];['D' 'A'];['A' 'D'];0.28;0.0;0.72;0.09;0.0;0.91;659283.0;2793.0;ssd napoli;sassuolo calcio;1.83;1.8;Women
2026-05-17;194645480;Italy Serie B Women;Italy;10:00;Full;True;0.6358974358974359;2.025;3.0, 3.5;1.775;3.0, 3.5;3.0;2.0;;1.0;1.0;2.0;207.0;161.0;100.0;Cesena (W);;0.0;3.0;1.3;1;4.0;4 - 0;4.75;Frosinone (W);;0.0;2.0;7.5;0;0.0;-1.5;3 - 2;1-1;3.25;1.25;92 - 69;40 - 41;41.0;40.0;48.0;52.0;3.0;4.0;0.0;1.0;;;;;;;;92.0;115.0;69.0;92.0;48.0;52.0;3.0;9.0;1.0;7.0;;[23 47 52 70];[1 2 2 2];[False False False False];['Cesena (W)' 'Cesena (W)' 'Cesena (W)' 'Cesena (W)'];[0 1 2 3];[1 2 3 4];['D' 'H' 'H' 'H'];['H' 'H' 'H' 'H'];0.26;0.74;0.0;0.51;0.49;0.0;2742.0;2801.0;cesena fc;frosinone calcio;;;Youth-Women
2026-05-17;194645484;Italy Serie B Women;Italy;10:00;Full;True;0.707219494453537;2.0;3.0, 3.5;1.8;3.0, 3.5;5.0;2.0;;3.0;1.0;4.0;125.0;125.0;100.0;Como 1907 (W);;0.0;0.0;1.222;2;4.0;4 - 1;5.25;Vicenza (W);;0.0;0.0;9.0;0;1.0;-1.75;5 - 2;3-1;3.25;1.25;80 - 45;43 - 21;21.0;43.0;36.0;64.0;2.0;6.0;1.0;4.0;;;;;;;;59.0;66.0;45.0;80.0;39.0;61.0;5.0;17.0;6.0;8.0;;[19 24 50 52 83];[1 1 2 2 2];[False False False False False];"['Como 1907 (W)' 'Como 1907 (W)' 'Vicenza (W)' 'Como 1907 (W)'
 'Como 1907 (W)']";[0 1 2 1 2];[1 2 1 2 3];['D' 'H' 'H' 'H' 'H'];['H' 'H' 'H' 'H' 'H'];0.21;0.79;0.0;0.42;0.58;0.0;;2722.0;;l.r. vicenza;;;Youth-Women
2026-05-17;194645487;Italy Serie B Women;Italy;10:00;Full;True;-0.26777595926532094;1.9;2.5, 3.0;1.9;2.5, 3.0;5.0;6.0;;3.0;4.0;7.0;155.0;80.0;100.0;ASD Trastevere (W);;0.0;1.0;3.6;0;0.0;0 - 2;3.4;Freedom (W);;0.0;0.0;1.833;0;2.0;+0.5;5 - 6;3-4;2.75;1.25;30 - 50;11 - 24;24.0;11.0;59.0;41.0;6.0;3.0;3.0;1.0;;;;;;;;94.0;61.0;50.0;30.0;57.0;43.0;12.0;5.0;7.0;2.0;;[78 80];[2 2];[False False];['Freedom (W)' 'Freedom (W)'];[ 0 -1];[-1 -2];['D' 'A'];['A' 'A'];0.87;0.0;0.13;1.0;0.0;0.0;;;;;;;Youth-Women
2026-05-17;194646514;Croatia First League Women;Croatia;10:00;Full;True;-0.14297729184188396;2.0;2.5, 3.0;1.8;2.5, 3.0;2.0;0.0;;2.0;0.0;2.0;194.0;107.0;100.0;ZNK Dinamo (W);;0.0;1.0;2.9;0;0.0;0 - 2;3.6;ZNK Hajduk Split (W);;0.0;1.0;2.05;1;2.0;+0.25;2 - 0;2-0;2.75;1.0;51 - 56;27 - 26;26.0;27.0;45.0;55.0;3.0;3.0;4.0;0.0;;;;;;;;102.0;92.0;56.0;51.0;53.0;47.0;10.0;3.0;6.0;4.0;;[33 87];[1 2];[False False];['ZNK Hajduk Split (W)' 'ZNK Hajduk Split (W)'];[ 0 -1];[-1 -2];['D' 'A'];['A' 'A'];0.37;0.0;0.63;0.73;0.0;0.27;;;;;;;Women
2026-05-17;194646691;Italy Serie B Women;Italy;10:00;Full;True;-0.11904761904761901;1.975;3.0;1.825;3.0;6.0;4.0;;2.0;2.0;4.0;151.0;95.0;100.0;Venezia (W);;0.0;2.0;2.8;2;6.0;6 - 4;3.4;San Marino Academy (W);;0.0;1.0;2.1;2;4.0;+0.25;6 - 4;2-2;3.0;1.25;55 - 40;30 - 19;19.0;30.0;52.0;48.0;2.0;2.0;4.0;7.0;;;;;;;;68.0;83.0;40.0;55.0;51.0;49.0;4.0;5.0;8.0;14.0;;[22 36 43 44 51 55 61 65 73 85];[1 1 1 1 2 2 2 2 2 2];[False False False False False False False False False False];"['San Marino Academy (W)' 'San Marino Academy (W)' 'Venezia (W)'
 'Venezia (W)' 'Venezia (W)' 'Venezia (W)' 'Venezia (W)' 'Venezia (W)'
 'San Marino Academy (W)' 'San Marino Academy (W)']";[ 0 -1 -2 -1  0  1  2  3  4  3];[-1 -2 -1  0  1  2  3  4  3  2];['D' 'A' 'A' 'A' 'D' 'H' 'H' 'H' 'H' 'H'];['A' 'A' 'A' 'D' 'H' 'H' 'H' 'H' 'H' 'H'];0.32;0.43;0.24;0.51;0.0;0.49;2688.0;;venezia fc;;;;Youth-Women
2026-05-17;194646688;Italy Serie B Women;Italy;10:00;Full;True;-0.6526049766718507;1.95;3.0;1.85;3.0;6.0;7.0;;5.0;4.0;9.0;140.0;80.0;100.0;Verona (W);;0.0;0.0;8.0;0;1.0;1 - 2;4.75;Lumezzane (W);;0.0;0.0;1.286;0;2.0;+1.5;6 - 7;5-4;3.0;1.5;38 - 42;16 - 22;22.0;16.0;54.0;46.0;4.0;3.0;5.0;2.0;;;;;;;;73.0;67.0;42.0;38.0;53.0;47.0;6.0;8.0;10.0;7.0;;[67 72 94];[2 2 2];[False False  True];['Lumezzane (W)' 'Lumezzane (W)' 'Verona (W)'];[ 0 -1 -2];[-1 -2 -1];['D' 'A' 'A'];['A' 'A' 'A'];0.71;0.0;0.29;1.0;0.0;0.0;2701.0;2738.0;hellas verona;ac lumezzane;;;Youth-Women
2026-05-17;194647430;India I-League;India;10:00;Full;True;-0.28239584230625664;1.9;2.5, 3.0;1.9;2.5, 3.0;5.0;3.0;;4.0;2.0;6.0;181.0;93.0;;Dempo SC;;0.0;2.0;3.8;0;1.0;1 - 1;3.3;Diamond Harbour FC;;0.0;3.0;1.833;0;1.0;+0.5;5 - 3;4-2;2.75;1.25;50 - 43;27 - 20;20.0;27.0;;;3.0;2.0;1.0;0.0;;;;;;;;91.0;90.0;43.0;50.0;;;4.0;4.0;2.0;2.0;;[50 91];[2 2];[False  True];['Dempo SC' 'Diamond Harbour FC'];[0 1];[1 0];['D' 'H'];['H' 'D'];0.55;0.45;0.0;1.0;0.0;0.0;34217.0;923063.0;dempo sc;diamond harbour fc;1.57;1.61;
2026-05-17;194545261;South Africa National Div 1;South Africa;10:00;Full;True;0.38935370820572723;1.95;2.0, 2.5;1.85;2.0, 2.5;5.0;6.0;;2.0;4.0;6.0;120.0;84.0;100.0;Kruger United;;0.0;2.0;1.667;1;2.0;2 - 2;3.3;The Bees FC;;0.0;2.0;4.75;0;2.0;-0.75;5 - 6;2-4;2.25;1.0;37 - 47;16 - 20;20.0;16.0;39.0;61.0;2.0;3.0;2.0;1.0;;;;;;;;58.0;62.0;47.0;37.0;44.0;56.0;8.0;4.0;6.0;3.0;;[37 62 72 82];[1 2 2 2];[False False False False];['Kruger United' 'The Bees FC' 'Kruger United' 'The Bees FC'];[0 1 0 1];[1 0 1 0];['D' 'H' 'D' 'H'];['H' 'D' 'H' 'D'];0.61;0.39;0.0;0.82;0.18;0.0;;;;;;;
2026-05-17;194545263;South Africa National Div 1;South Africa;10:00;Full;True;-0.5;2.0;2.0, 2.5;1.8;2.0, 2.5;3.0;4.0;;1.0;0.0;1.0;218.0;148.0;100.0;Leicesterford City FC;;0.0;1.0;6.0;1;2.0;2 - 4;3.6;Cape Town City;;0.0;0.0;1.5;2;4.0;+1.0;3 - 4;1-0;2.25;0.75;65 - 83;36 - 39;39.0;36.0;56.0;44.0;3.0;5.0;5.0;3.0;;;;;;;;101.0;117.0;83.0;65.0;57.0;43.0;10.0;6.0;11.0;5.0;;[ 9 35 39 51 58 66];[1 1 1 2 2 2];[False False False False False False];"['Cape Town City' 'Leicesterford City FC' 'Cape Town City'
 'Leicesterford City FC' 'Cape Town City' 'Cape Town City']";[ 0 -1  0 -1  0 -1];[-1  0 -1  0 -1 -2];['D' 'A' 'D' 'A' 'D' 'A'];['A' 'D' 'A' 'D' 'A' 'A'];0.22;0.0;0.78;0.29;0.0;0.71;;;;;;;
2026-05-17;194545270;South Africa National Div 1;South Africa;10:00;Full;True;0.08995502248875564;2.05;2.0, 2.5;1.75;2.0, 2.5;4.0;3.0;;1.0;1.0;2.0;234.0;147.0;100.0;University of Pretoria;;0.0;2.0;2.3;3;6.0;6 - 2;3.0;Midlands Wanderers FC;;0.0;0.0;2.9;1;2.0;-0.25;4 - 3;1-1;2.25;0.75;49 - 98;22 - 50;50.0;22.0;65.0;35.0;0.0;0.0;3.0;3.0;;;;;;;;136.0;98.0;98.0;49.0;62.0;38.0;1.0;1.0;4.0;7.0;;[ 8 16 22 38 64 68 76 84];[1 1 1 1 2 2 2 2];[False False False False False False False False];"['University of Pretoria' 'University of Pretoria'
 'University of Pretoria' 'Midlands Wanderers FC' 'University of Pretoria'
 'Midlands Wanderers FC' 'University of Pretoria' 'University of Pretoria']";[0 1 2 3 2 3 2 3];[1 2 3 2 3 2 3 4];['D' 'H' 'H' 'H' 'H' 'H' 'H' 'H'];['H' 'H' 'H' 'H' 'H' 'H' 'H' 'H'];0.09;0.91;0.0;0.18;0.82;0.0;;;;;;;
2026-05-17;194639803;Brazil Paulista Serie B;Brazil;10:00;Full;True;0.5503791982665223;1.825;2.5, 3.0;1.975;2.5, 3.0;6.0;0.0;;3.0;0.0;3.0;222.0;123.0;100.0;Itaquaquecetuba U23;;0.0;3.0;1.42;2;4.0;4 - 1;3.9;Uniao Mogi U23;;0.0;2.0;6.5;0;1.0;-1.25;6 - 0;3-0;2.75;1.25;94 - 29;46 - 8;8.0;46.0;34.0;66.0;1.0;8.0;0.0;2.0;;;;;;;;89.0;133.0;29.0;94.0;33.0;67.0;2.0;19.0;2.0;6.0;;[32 49 50 51 66];[1 1 2 2 2];[False  True False False False];"['Itaquaquecetuba U23' 'Itaquaquecetuba U23' 'Itaquaquecetuba U23'
 'Itaquaquecetuba U23' 'Uniao Mogi U23']";[0 1 2 3 4];[1 2 3 4 3];['D' 'H' 'H' 'H' 'H'];['H' 'H' 'H' 'H' 'H'];0.36;0.64;0.0;0.65;0.35;0.0;;;;;;;Youth
2026-05-17;194646724;Kazakhstan Premier League;Kazakhstan;10:00;Full;True;0.3333333333333333;2.0;2.0, 2.5;1.8;2.0, 2.5;5.0;4.0;;1.0;2.0;3.0;173.0;74.0;100.0;FK Aktobe;7.0;0.0;4.0;1.75;0;1.0;1 - 1;3.25;FK Atyrau;11.0;0.0;3.0;4.2;0;1.0;-0.75;5 - 4;1-2;2.25;1.0;48 - 26;21 - 9;9.0;21.0;37.0;63.0;0.0;1.0;0.0;1.0;;;;;;;;73.0;100.0;26.0;48.0;39.0;61.0;1.0;4.0;3.0;7.0;;[56 65];[2 2];[False False];['FK Atyrau' 'FK Aktobe'];[ 0 -1];[-1  0];['D' 'A'];['A' 'D'];0.9;0.0;0.1;1.0;0.0;0.0;;;;;;;
2026-05-17;194639279;Sweden 2.div Norra Götaland;Sweden;10:00;Full;True;-0.034782608695652195;1.875;3.0;1.925;3.0;4.0;7.0;;0.0;4.0;4.0;245.0;151.0;100.0;Stenungsunds IF;;0.0;0.0;2.5;1;1.0;1 - 1;3.6;Motala AIF FK;;0.0;0.0;2.3;0;1.0;0.0;4 - 7;0-4;3.0;1.25;47 - 104;21 - 44;44.0;21.0;63.0;37.0;5.0;1.0;0.0;2.0;;;;;;;;157.0;88.0;104.0;47.0;62.0;38.0;9.0;3.0;1.0;3.0;;[ 3 55];[1 2];[False False];['Stenungsunds IF' 'Motala AIF FK'];[0 1];[1 0];['D' 'H'];['H' 'D'];0.42;0.58;0.0;0.07;0.93;0.0;22347.0;1784.0;stenungsunds if;motala aif fk;1.5;1.5;
2026-05-17;194697218;Republic of Ireland FAI Cup;Ireland;10:00;Full;True;0.675;1.85;3.0, 3.5;1.95;3.0, 3.5;10.0;3.0;;4.0;2.0;6.0;224.0;112.0;100.0;Lucan United;;0.0;3.0;1.25;0;2.0;2 - 2;5.5;University College Cork;;0.0;5.0;8.0;0;2.0;-1.75;10 - 3;4-2;3.25;1.5;66 - 46;27 - 22;22.0;27.0;36.0;64.0;3.0;7.0;2.0;2.0;;;;;;;;105.0;119.0;46.0;66.0;40.0;60.0;5.0;12.0;6.0;4.0;;[61 67 72 93];[2 2 2 2];[False False False  True];"['University College Cork' 'University College Cork' 'Lucan United'
 'Lucan United']";[ 0 -1 -2 -1];[-1 -2 -1  0];['D' 'A' 'A' 'A'];['A' 'A' 'A' 'D'];0.66;0.0;0.34;1.0;0.0;0.0;;;;;;;
2026-05-17;193714568;Italy Serie A;Italy;10:00;Full;True;0.6358974358974359;1.95;3.0;1.9;3.0;10.0;2.0;;5.0;2.0;7.0;198.0;108.0;100.0;Inter Milan;;0.0;0.0;1.3;0;1.0;1 - 1;6.5;Verona;;0.0;2.0;7.5;0;1.0;-1.5;10 - 2;5-2;3.0;1.25;75 - 33;44 - 12;12.0;44.0;21.0;79.0;3.0;5.0;2.0;2.0;;;;;;;;61.0;137.0;33.0;75.0;26.0;74.0;9.0;11.0;5.0;6.0;;[47 91];[2 2];[False  True];['Inter Milan' 'Verona'];[0 1];[1 0];['D' 'H'];['H' 'D'];0.52;0.48;0.0;1.0;0.0;0.0;2697.0;2701.0;inter milano;hellas verona;2.1;2.0;
2026-05-17;194658472;South Africa National Div 1;South Africa;10:00;Full;True;0.42601092163891596;1.95;2.0, 2.5;1.85;2.0, 2.5;12.0;3.0;;5.0;0.0;5.0;213.0;150.0;;Casric Stars FC;;0.0;3.0;1.571;1;3.0;3 - 1;3.7;Gomora United;;0.0;1.0;4.75;1;1.0;-0.75;12 - 3;5-0;2.25;1.0;93 - 57;44 - 27;27.0;44.0;;;5.0;7.0;3.0;3.0;;;;;;;;113.0;100.0;57.0;93.0;;;6.0;14.0;4.0;8.0;;[21 32 69 92];[1 1 2 2];[False False False  True];['Casric Stars FC' 'Gomora United' 'Casric Stars FC' 'Casric Stars FC'];[0 1 0 1];[1 0 1 2];['D' 'H' 'D' 'H'];['H' 'D' 'H' 'H'];0.63;0.37;0.0;0.76;0.24;0.0;;;;;;;
2026-05-17;194658470;South Africa National Div 1;South Africa;10:00;Schedule;False;0.07763975155279507;1.9;2.0;1.9;2.0;0.0;0.0;;0.0;0.0;0.0;0.0;0.0;;Lerumo Lions;;0.0;0.0;2.3;0;0.0;0 - 0;3.2;Black Leopards;;0.0;0.0;2.8;0;0.0;-0.25;0 - 0;0-0;2.0;0.75;-;nan;;;;;;;;;;;;;;;;0.0;0.0;0.0;0.0;;;0.0;0.0;0.0;0.0;;[];[];[];[];[];[];[];[];1.0;0.0;0.0;1.0;0.0;0.0;;;;;;;
2026-05-17;194639515;Finland Ykkonen Women;Finland;10:00;Full;True;0.17900688210111804;1.9;3.5;1.9;3.5;4.0;2.0;;0.0;0.0;0.0;185.0;137.0;;KTP (W);;0.0;2.0;1.909;0;2.0;2 - 1;4.0;TPS (W);;0.0;0.0;2.9;0;1.0;-0.5;4 - 2;0-0;3.5;1.5;79 - 58;38 - 35;35.0;38.0;;;3.0;2.0;0.0;2.0;;;;;;;;80.0;105.0;58.0;79.0;;;4.0;8.0;1.0;7.0;;[67 73 88];[2 2 2];[False False False];['KTP (W)' 'KTP (W)' 'TPS (W)'];[0 1 2];[1 2 1];['D' 'H' 'H'];['H' 'H' 'H'];0.74;0.26;0.0;1.0;0.0;0.0;2255.0;;fc ktp kotka;;;;Women
2026-05-17;194701583;Italy Serie B Women;Italy;10:00;Full;True;0.5186077321450079;2.0;3.0, 3.5;1.8;3.0, 3.5;3.0;1.0;;0.0;0.0;0.0;152.0;79.0;100.0;ASD Res Roma (W);;0.0;1.0;1.444;1;2.0;2 - 3;4.2;SSD ACF Calcio Arezzo (W);;1.0;2.0;5.75;2;3.0;-1.25;3 - 1;0-0;3.25;1.25;44 - 35;17 - 22;22.0;17.0;47.0;53.0;3.0;2.0;9.0;3.0;;;;;;;;67.0;85.0;35.0;44.0;41.0;59.0;6.0;11.0;11.0;7.0;;[ 2 13 46 59 79];[1 1 1 2 2];[False False  True False False];"['ASD Res Roma (W)' 'SSD ACF Calcio Arezzo (W)'
 'SSD ACF Calcio Arezzo (W)' 'SSD ACF Calcio Arezzo (W)'
 'ASD Res Roma (W)']";[ 0  1  0 -1 -2];[ 1  0 -1 -2 -1];['D' 'H' 'D' 'A' 'A'];['H' 'D' 'A' 'A' 'A'];0.39;0.12;0.49;0.76;0.24;0.0;;;;;;;Youth-Women
2026-05-17;193001639;Germany Bundesliga II;Germany;10:30;Full;True;0.35744831050352294;1.875;3.0;1.925;3.0;3.0;9.0;;1.0;5.0;6.0;188.0;90.0;100.0;Dynamo Dresden;13.0;0.0;2.0;1.7;2;2.0;2 - 1;4.0;Holstein Kiel;11.0;0.0;3.0;4.333;0;1.0;-0.75;3 - 9;1-5;3.0;1.25;40 - 50;18 - 22;22.0;18.0;56.0;44.0;2.0;2.0;2.0;2.0;;;;;;;;122.0;66.0;50.0;40.0;59.0;41.0;6.0;8.0;4.0;2.0;;[14 36 81];[1 1 2];[False False False];['Dynamo Dresden' 'Dynamo Dresden' 'Holstein Kiel'];[0 1 2];[1 2 1];['D' 'H' 'H'];['H' 'H' 'H'];0.16;0.84;0.0;0.31;0.69;0.0;2595.0;2573.0;dynamo dresden;holstein kiel;1.53;1.57;Youth
2026-05-17;194640262;Scotland Premier League Women;Scotland;10:30;Full;True;-0.6358974358974359;1.875;3.0, 3.5;1.925;3.0, 3.5;3.0;0.0;;1.0;0.0;1.0;152.0;83.0;100.0;Hamilton (W);;0.0;1.0;7.5;0;0.0;0 - 5;4.75;Montrose LFC (W);;0.0;0.0;1.3;2;5.0;+1.5;3 - 0;1-0;3.25;1.5;21 - 62;10 - 36;36.0;10.0;50.0;50.0;2.0;1.0;5.0;2.0;;;;;;;;99.0;53.0;62.0;21.0;50.0;50.0;4.0;1.0;9.0;2.0;;[30 35 79 86 92];[1 1 2 2 2];[False False False False  True];"['Montrose LFC (W)' 'Montrose LFC (W)' 'Montrose LFC (W)'
 'Montrose LFC (W)' 'Montrose LFC (W)']";[ 0 -1 -2 -3 -4];[-1 -2 -3 -4 -5];['D' 'A' 'A' 'A' 'A'];['A' 'A' 'A' 'A' 'A'];0.33;0.0;0.67;0.67;0.0;0.33;2376.0;;hamilton academical fc;;;;Women
2026-05-17;194650434;Bosnia & Herzegovina U19 Liga;Bosnia;10:30;Full;True;0.26839826839826836;1.975;3.0;1.825;3.0;3.0;1.0;;1.0;0.0;1.0;184.0;66.0;100.0;FK Zvijezda 09 U19;;0.0;3.0;1.75;0;0.0;0 - 0;4.0;Borac Banja Luka U19;;0.0;2.0;3.3;0;0.0;-0.5;3 - 1;1-0;3.0;1.25;39 - 27;16 - 16;16.0;16.0;51.0;49.0;1.0;2.0;0.0;1.0;;;;;;;;79.0;105.0;27.0;39.0;44.0;56.0;3.0;5.0;0.0;3.0;;[];[];[];[];[];[];[];[];1.0;0.0;0.0;1.0;0.0;0.0;;;;;;;Youth
2026-05-17;193001585;Germany Bundesliga II;Germany;10:30;Full;True;0.3055555555555556;2.0;3.0, 3.5;1.8;3.0, 3.5;9.0;2.0;;3.0;1.0;4.0;167.0;88.0;100.0;Arminia Bielefeld;16.0;0.0;3.0;1.8;0;6.0;6 - 1;3.8;Hertha Berlin;6.0;0.0;0.0;4.0;1;1.0;-0.5;9 - 2;3-1;3.25;1.25;61 - 27;37 - 14;14.0;37.0;44.0;56.0;2.0;8.0;1.0;4.0;;;;;;;;61.0;106.0;27.0;61.0;47.0;53.0;6.0;17.0;3.0;12.0;;[37 49 59 65 75 92 96];[1 2 2 2 2 2 2];[False False False False False  True  True];"['Hertha Berlin' 'Arminia Bielefeld' 'Arminia Bielefeld'
 'Arminia Bielefeld' 'Arminia Bielefeld' 'Arminia Bielefeld'
 'Arminia Bielefeld']";[ 0 -1  0  1  2  3  4];[-1  0  1  2  3  4  5];['D' 'A' 'D' 'H' 'H' 'H' 'H'];['A' 'D' 'H' 'H' 'H' 'H' 'H'];0.49;0.39;0.12;0.82;0.0;0.18;2540.0;2528.0;arminia bielefeld;hertha bsc;1.44;1.5;Youth
2026-05-17;194646422;Czechia Div 2 Women;Czech Republic;10:30;Full;True;0.5513196480938416;1.95;3.5, 4.0;1.85;3.5, 4.0;11.0;1.0;;3.0;0.0;3.0;206.0;134.0;;Hradec Kralove (W);;0.0;3.0;1.364;2;6.0;6 - 1;5.0;Pardubice (W);;0.0;0.0;5.5;1;1.0;-1.5;11 - 1;3-0;3.75;1.5;92 - 42;56 - 20;20.0;56.0;;;3.0;5.0;4.0;9.0;;;;;;;;89.0;117.0;42.0;92.0;;;4.0;8.0;9.0;16.0;;[13 31 38 52 61 86 93];[1 1 1 2 2 2 2];[False False False False False False  True];"['Pardubice (W)' 'Hradec Kralove (W)' 'Hradec Kralove (W)'
 'Hradec Kralove (W)' 'Hradec Kralove (W)' 'Hradec Kralove (W)'
 'Hradec Kralove (W)']";[ 0 -1  0  1  2  3  4];[-1  0  1  2  3  4  5];['D' 'A' 'D' 'H' 'H' 'H' 'H'];['A' 'D' 'H' 'H' 'H' 'H' 'H'];0.22;0.59;0.19;0.44;0.16;0.4;2217.0;2230.0;fc hradec kralove;fk pardubice;;;Women
2026-05-17;193001634;Germany Bundesliga II;Germany;10:30;Full;True;0.29054054054054046;1.9;3.0;1.9;3.0;3.0;4.0;;0.0;3.0;3.0;261.0;85.0;100.0;Schalke;1.0;0.0;1.0;1.85;1;1.0;1 - 0;3.6;Eintracht Braunschweig;14.0;0.0;1.0;4.0;0;0.0;-0.5;3 - 4;0-3;3.0;1.25;53 - 32;22 - 18;18.0;22.0;35.0;65.0;3.0;4.0;2.0;2.0;;;;;;;;91.0;170.0;32.0;53.0;34.0;66.0;4.0;9.0;3.0;3.0;;[36];[1];[False];['Schalke'];[0];[1];['D'];['H'];0.4;0.6;0.0;0.8;0.2;0.0;2530.0;2557.0;schalke 04;eintracht braunschweig;1.61;1.53;Youth
2026-05-17;193001600;Germany Bundesliga II;Germany;10:30;Full;True;0.015384615384615441;1.9;3.5;1.9;3.5;11.0;2.0;;4.0;0.0;4.0;183.0;83.0;100.0;Karlsruher SC;9.0;0.0;2.0;2.5;1;1.0;1 - 2;3.6;Bochum;10.0;0.0;4.0;2.6;1;2.0;0.0;11 - 2;4-0;3.5;1.5;51 - 32;16 - 12;12.0;16.0;34.0;66.0;3.0;6.0;2.0;4.0;;;;;;;;66.0;117.0;32.0;51.0;37.0;63.0;9.0;11.0;4.0;5.0;;[ 4 19 70];[1 1 2];[False False False];['Bochum' 'Karlsruher SC' 'Bochum'];[ 0 -1  0];[-1  0 -1];['D' 'A' 'D'];['A' 'D' 'A'];0.61;0.0;0.39;0.67;0.0;0.33;2553.0;2542.0;karlsruher sc;vfl bochum;1.33;1.33;Youth
2026-05-17;193001597;Germany Bundesliga II;Germany;10:30;Full;True;0.47049753899068975;1.8;3.0;2.0;3.0;8.0;7.0;;3.0;1.0;4.0;175.0;120.0;100.0;Hannover 96;3.0;0.0;3.0;1.533;2;3.0;3 - 3;4.333;Nurnberg;8.0;0.0;5.0;5.5;1;3.0;-1.0;8 - 7;3-1;3.0;1.25;66 - 54;40 - 22;22.0;40.0;54.0;46.0;2.0;7.0;1.0;4.0;;;;;;;;102.0;73.0;54.0;66.0;54.0;46.0;11.0;14.0;6.0;9.0;;[25 30 45 47 51 83];[1 1 1 2 2 2];[False False False False False False];"['Nurnberg' 'Hannover 96' 'Hannover 96' 'Nurnberg' 'Hannover 96'
 'Nurnberg']";[ 0 -1  0  1  0  1];[-1  0  1  0  1  0];['D' 'A' 'D' 'H' 'D' 'H'];['A' 'D' 'H' 'D' 'H' 'D'];0.57;0.38;0.06;0.89;0.0;0.11;2541.0;2523.0;hannover 96;1 fc nuremberg;1.61;1.61;Youth
2026-05-17;193001595;Germany Bundesliga II;Germany;10:30;Full;True;0.14253563390847712;1.9;3.0;1.9;3.0;2.0;3.0;;0.0;0.0;0.0;168.0;77.0;100.0;Greuther Furth;17.0;0.0;2.0;2.15;3;3.0;3 - 0;3.7;Fortuna Dusseldorf;15.0;0.0;5.0;3.1;0;0.0;-0.25;2 - 3;0-0;3.0;1.25;34 - 43;22 - 14;14.0;22.0;64.0;36.0;2.0;3.0;0.0;6.0;;;;;;;;104.0;64.0;43.0;34.0;66.0;34.0;11.0;8.0;0.0;8.0;;[ 2 16 36];[1 1 1];[False False False];['Greuther Furth' 'Greuther Furth' 'Greuther Furth'];[0 1 2];[1 2 3];['D' 'H' 'H'];['H' 'H' 'H'];0.02;0.98;0.0;0.04;0.96;0.0;2551.0;2588.0;greuther furth;fortuna dusseldorf;1.44;1.5;Youth
2026-05-17;193001592;Germany Bundesliga II;Germany;10:30;Full;True;0.7424242424242424;1.875;3.5;1.925;3.5;6.0;2.0;;5.0;1.0;6.0;191.0;83.0;100.0;Elversberg;2.0;0.0;1.0;1.2;2;3.0;3 - 0;7.0;SC Preussen Munster;18.0;0.0;1.0;11.0;0;0.0;-2.0;6 - 2;5-1;3.5;1.5;61 - 22;44 - 11;11.0;44.0;28.0;72.0;3.0;4.0;0.0;2.0;;;;;;;;66.0;125.0;22.0;61.0;36.0;64.0;4.0;6.0;2.0;5.0;;[11 15 66];[1 1 2];[False False False];['Elversberg' 'Elversberg' 'Elversberg'];[0 1 2];[1 2 3];['D' 'H' 'H'];['H' 'H' 'H'];0.12;0.88;0.0;0.24;0.76;0.0;2598.0;2590.0;sv 07 elversberg;sc preussen 06 munster;1.72;1.8;Youth
2026-05-17;193001590;Germany Bundesliga II;Germany;10:30;Full;True;-0.22080416527771157;1.925;3.5;1.875;3.5;5.0;2.0;;2.0;2.0;4.0;178.0;81.0;100.0;Darmstadt;5.0;0.0;2.0;3.3;0;0.0;0 - 2;4.2;Paderborn;4.0;0.0;2.0;1.909;1;2.0;+0.5;5 - 2;2-2;3.5;1.5;53 - 28;29 - 21;21.0;29.0;51.0;49.0;1.0;6.0;4.0;3.0;;;;;;;;93.0;85.0;28.0;53.0;51.0;49.0;1.0;14.0;5.0;8.0;;[ 6 89];[1 2];[False False];['Paderborn' 'Paderborn'];[ 0 -1];[-1 -2];['D' 'A'];['A' 'A'];0.07;0.0;0.93;0.13;0.0;0.87;2576.0;2561.0;sv darmstadt 98;sc paderborn 07;1.4;1.36;Youth
2026-05-17;193001613;Germany Bundesliga II;Germany;10:30;Full;True;0.425;1.95;3.5;1.85;3.5;3.0;0.0;;1.0;0.0;1.0;177.0;59.0;100.0;Magdeburg;12.0;0.0;2.0;1.6;0;0.0;0 - 1;4.333;Kaiserslautern;7.0;0.0;2.0;5.0;0;1.0;-1.0;3 - 0;1-0;3.5;1.5;41 - 18;16 - 8;8.0;16.0;46.0;54.0;1.0;3.0;3.0;2.0;;;;;;;;79.0;98.0;18.0;41.0;43.0;57.0;3.0;10.0;4.0;4.0;;[63];[2];[False];['Kaiserslautern'];[0];[-1];['D'];['A'];0.7;0.0;0.3;1.0;0.0;0.0;2591.0;2675.0;1. fc magdeburg;1 fc kaiserslautern;1.44;1.44;Youth
2026-05-17;194646614;Estonia Esiliiga B;Estonia;11:00;Full;True;-0.029013539651837505;1.95;4.0, 4.5;1.85;4.0, 4.5;3.0;12.0;;2.0;6.0;8.0;162.0;61.0;100.0;Parnu JK Vaprus II;;0.0;3.0;2.35;4;4.0;4 - 0;4.2;JK Trans Narva II;;0.0;3.0;2.2;0;0.0;0.0;3 - 12;2-6;4.25;1.75;19 - 42;13 - 15;15.0;13.0;55.0;45.0;5.0;2.0;4.0;4.0;;;;;;;;90.0;72.0;42.0;19.0;62.0;38.0;16.0;3.0;6.0;4.0;;[ 5  9 36 46];[1 1 1 1];[False False False  True];"['Parnu JK Vaprus II' 'Parnu JK Vaprus II' 'Parnu JK Vaprus II'
 'Parnu JK Vaprus II']";[0 1 2 3];[1 2 3 4];['D' 'H' 'H' 'H'];['H' 'H' 'H' 'H'];0.06;0.94;0.0;0.11;0.89;0.0;318005.0;3343.0;parnu jk vaprus;jk narva trans;;;Youth
2026-05-17;194622605;Luxembourg Division Nationale;Luxembourg;11:00;Full;True;0.22328548644338114;1.9;2.5, 3.0;1.9;2.5, 3.0;4.0;4.0;;2.0;3.0;5.0;161.0;88.0;100.0;FC Rodange;;0.0;5.0;1.9;0;1.0;1 - 1;3.5;FC Mamer 32;;0.0;5.0;3.3;0;1.0;-0.5;4 - 4;2-3;2.75;1.25;40 - 48;14 - 23;23.0;14.0;55.0;45.0;5.0;1.0;1.0;1.0;;;;;;;;81.0;80.0;48.0;40.0;54.0;46.0;7.0;4.0;5.0;3.0;;[70 91];[2 2];[False  True];['FC Rodange' 'FC Mamer 32'];[0 1];[1 0];['D' 'H'];['H' 'D'];0.77;0.23;0.0;1.0;0.0;0.0;;;;;;;
2026-05-17;194534264;Lithuania 1 Lyga;Lithuania;11:00;Full;True;-0.15517241379310343;1.95;3.0;1.85;3.0;5.0;8.0;;1.0;5.0;6.0;149.0;111.0;100.0;FA Siauliai II;14.0;0.0;1.0;2.9;0;2.0;2 - 2;3.75;FK Ekranas;15.0;0.0;0.0;2.0;1;2.0;+0.25;5 - 8;1-5;3.0;1.25;52 - 59;21 - 28;28.0;21.0;35.0;65.0;1.0;0.0;1.0;0.0;;;;;;;;70.0;79.0;59.0;52.0;35.0;65.0;5.0;2.0;3.0;2.0;;[31 55 87 90];[1 2 2 2];[False False False False];['FK Ekranas' 'FK Ekranas' 'FA Siauliai II' 'FA Siauliai II'];[ 0 -1 -2 -1];[-1 -2 -1  0];['D' 'A' 'A' 'A'];['A' 'A' 'A' 'D'];0.34;0.0;0.66;0.69;0.0;0.31;557322.0;;fa siauliai;;;;Youth
2026-05-17;194640371;Finland Kakkonen Group B;Finland;11:00;Full;True;-0.4444444444444444;1.9;3.5;1.9;3.5;4.0;4.0;;2.0;3.0;5.0;249.0;152.0;;EBK;;0.0;3.0;4.5;0;2.0;2 - 3;4.5;HJS;;0.0;2.0;1.5;2;3.0;+1.0;4 - 4;2-3;3.5;1.5;73 - 79;36 - 35;35.0;36.0;;;0.0;2.0;4.0;1.0;;;;;;;;129.0;120.0;79.0;73.0;;;4.0;6.0;6.0;3.0;;[ 2 43 67 80 92];[1 1 2 2 2];[False False False False  True];['HJS' 'HJS' 'EBK' 'HJS' 'EBK'];[ 0 -1 -2 -1 -2];[-1 -2 -1 -2 -1];['D' 'A' 'A' 'A' 'A'];['A' 'A' 'A' 'A' 'A'];0.02;0.0;0.98;0.04;0.0;0.96;;330431.0;;hjs;;;Youth
2026-05-17;194640369;Finland Kansallinen Liiga Women;Finland;11:00;Full;True;-0.4991789819376027;2.0;3.0, 3.5;1.8;3.0, 3.5;6.0;6.0;;1.0;2.0;3.0;167.0;81.0;100.0;HPS (W);;0.0;0.0;5.25;0;1.0;1 - 2;4.2;HJK (W);;0.0;0.0;1.45;2;2.0;+1.25;6 - 6;1-2;3.25;1.25;38 - 43;19 - 19;19.0;19.0;50.0;50.0;4.0;2.0;2.0;2.0;;;;;;;;89.0;78.0;43.0;38.0;50.0;50.0;9.0;7.0;5.0;5.0;;[41 46 68];[1 1 2];[False  True False];['HJK (W)' 'HJK (W)' 'HPS (W)'];[ 0 -1 -2];[-1 -2 -1];['D' 'A' 'A'];['A' 'A' 'A'];0.46;0.0;0.54;0.89;0.0;0.11;49530.0;;hps;;;;Women
2026-05-17;194639441;Kazakhstan Premier League;Kazakhstan;11:00;Full;True;-0.16849816849816845;2.0;2.5;1.8;2.5;6.0;5.0;;3.0;2.0;5.0;126.0;103.0;100.0;Kaisar Kyzylorda;;0.0;3.0;3.25;2;2.0;2 - 1;3.1;Tobol Kostanay;;0.0;1.0;2.1;1;1.0;+0.25;6 - 5;3-2;2.5;0.75;40 - 63;24 - 28;28.0;24.0;60.0;40.0;7.0;2.0;3.0;4.0;;;;;;;;69.0;57.0;63.0;40.0;64.0;36.0;11.0;9.0;4.0;5.0;;[ 2  9 29];[1 1 1];[False False False];['Kaisar Kyzylorda' 'Kaisar Kyzylorda' 'Tobol Kostanay'];[0 1 2];[1 2 1];['D' 'H' 'H'];['H' 'H' 'H'];0.02;0.98;0.0;0.04;0.96;0.0;;;;;;;
2026-05-17;194645292;Finland Kolmonen;Finland;11:00;Full;True;-0.06802721088435376;1.95;4.0;1.85;4.0;5.0;8.0;;4.0;3.0;7.0;224.0;184.0;;EPS Reservi;;0.0;2.0;2.45;3;6.0;6 - 2;4.333;HooGee;;0.0;1.0;2.1;0;2.0;+0.25;5 - 8;4-3;4.0;1.75;90 - 94;54 - 39;39.0;54.0;;;3.0;6.0;3.0;3.0;;;;;;;;115.0;109.0;94.0;90.0;;;10.0;8.0;7.0;7.0;;[ 2  5 23 65 68 76 81 85];[1 1 1 2 2 2 2 2];[False False False False False False False False];"['EPS Reservi' 'EPS Reservi' 'EPS Reservi' 'EPS Reservi' 'HooGee'
 'EPS Reservi' 'HooGee' 'EPS Reservi']";[0 1 2 3 4 3 4 3];[1 2 3 4 3 4 3 4];['D' 'H' 'H' 'H' 'H' 'H' 'H' 'H'];['H' 'H' 'H' 'H' 'H' 'H' 'H' 'H'];0.02;0.98;0.0;0.04;0.96;0.0;;;;;;;
2026-05-17;194764496;Luxembourg Promotion D’Honneur;Luxembourg;11:00;Full;True;0.47567567567567565;1.975;3.0, 3.5;1.825;3.0, 3.5;3.0;8.0;;1.0;3.0;4.0;141.0;83.0;100.0;CS Fola Esch;;0.0;5.0;1.48;0;2.0;2 - 1;4.2;FC Marisca Mersch;;0.0;3.0;5.0;0;1.0;-1.25;3 - 8;1-3;3.25;1.25;39 - 44;17 - 19;19.0;17.0;46.0;54.0;3.0;3.0;2.0;2.0;;;;;;;;73.0;68.0;44.0;39.0;46.0;54.0;5.0;8.0;6.0;5.0;;[54 81 96];[2 2 2];[False False  True];['CS Fola Esch' 'FC Marisca Mersch' 'CS Fola Esch'];[0 1 0];[1 0 1];['D' 'H' 'D'];['H' 'D' 'H'];0.72;0.28;0.0;1.0;0.0;0.0;;;;;;;
2026-05-17;194646699;Italy Serie D;Italy;11:00;Full;True;-0.09961685823754785;1.9;2.0;1.9;2.0;3.0;2.0;;1.0;0.0;1.0;173.0;66.0;100.0;Nissa FC;;0.0;3.0;2.9;0;0.0;0 - 0;3.1;Reggina;;0.0;3.0;2.25;0;0.0;0.0;3 - 2;1-0;2.0;0.75;37 - 29;18 - 15;15.0;18.0;46.0;54.0;0.0;2.0;1.0;1.0;;;;;;;;83.0;90.0;29.0;37.0;51.0;49.0;2.0;7.0;4.0;5.0;;[];[];[];[];[];[];[];[];1.0;0.0;0.0;1.0;0.0;0.0;;;;;;;
2026-05-17;194646731;Kosovo Superliga;Kosovo;11:00;Schedule;False;0.509009009009009;1.975;2.5;1.825;2.5;0.0;0.0;;0.0;0.0;0.0;0.0;0.0;;KF Dukagjini;7.0;0.0;0.0;1.48;0;0.0;0 - 0;3.75;KF Drita;1.0;0.0;0.0;6.0;0;0.0;-0.75;0 - 0;0-0;2.5;1.0;-;nan;;;;;;;;;;;;;;;;0.0;0.0;0.0;0.0;;;0.0;0.0;0.0;0.0;;[];[];[];[];[];[];[];[];1.0;0.0;0.0;1.0;0.0;0.0;;;;;;;
2026-05-17;192998811;England Premier League;England;11:00;Full;True;0.31165311653116534;2.025;2.5, 3.0;1.825;2.5, 3.0;3.0;2.0;;2.0;0.0;2.0;174.0;82.0;100.0;Everton;10.0;0.0;3.0;1.8;1;1.0;1 - 3;3.75;Sunderland;12.0;0.0;0.0;4.1;0;3.0;-0.5;3 - 2;2-0;2.75;1.25;42 - 40;19 - 19;19.0;19.0;59.0;41.0;4.0;2.0;0.0;3.0;;;;;;;;84.0;90.0;40.0;42.0;51.0;49.0;4.0;6.0;3.0;4.0;;[43 59 81 91];[1 2 2 2];[False False False  True];['Everton' 'Sunderland' 'Sunderland' 'Sunderland'];[ 0  1  0 -1];[ 1  0 -1 -2];['D' 'H' 'D' 'A'];['H' 'D' 'A' 'A'];0.71;0.18;0.11;0.96;0.04;0.0;36704.0;41.0;everton fc;sunderland afc;;;
2026-05-17;194622603;Luxembourg Division Nationale;Luxembourg;11:00;Full;True;-0.5835208802200551;1.9;3.0;1.9;3.0;2.0;5.0;;0.0;3.0;3.0;166.0;57.0;100.0;Jeunesse Canach;;0.0;4.0;6.0;0;0.0;0 - 5;5.0;Atert Bissen;;0.0;0.0;1.333;2;5.0;+1.5;2 - 5;0-3;3.0;1.25;22 - 35;9 - 18;18.0;9.0;50.0;50.0;2.0;1.0;4.0;0.0;;;;;;;;85.0;81.0;35.0;22.0;51.0;49.0;11.0;3.0;9.0;3.0;;[28 34 48 79 87];[1 1 2 2 2];[False False False False False];"['Atert Bissen' 'Atert Bissen' 'Atert Bissen' 'Atert Bissen'
 'Atert Bissen']";[ 0 -1 -2 -3 -4];[-1 -2 -3 -4 -5];['D' 'A' 'A' 'A' 'A'];['A' 'A' 'A' 'A' 'A'];0.31;0.0;0.69;0.62;0.0;0.38;;;;;;;
2026-05-17;194622607;Luxembourg Division Nationale;Luxembourg;11:00;Full;True;0.4027777777777778;1.95;2.5;1.85;2.5;4.0;4.0;;3.0;0.0;3.0;159.0;69.0;100.0;US Mondorf-Les-Bains;;1.0;4.0;1.6;1;1.0;1 - 0;3.7;UT Petange;;0.0;2.0;4.5;0;0.0;-0.75;4 - 4;3-0;2.5;1.0;38 - 31;26 - 8;8.0;26.0;45.0;55.0;0.0;3.0;1.0;1.0;;;;;;;;74.0;85.0;31.0;38.0;54.0;46.0;10.0;7.0;4.0;1.0;;[41];[1];[False];['US Mondorf-Les-Bains'];[0];[1];['D'];['H'];0.46;0.54;0.0;0.91;0.09;0.0;;;;;;;
2026-05-17;194707686;Italy Serie D;Italy;11:00;Full;True;0.350140056022409;2.025;2.5;1.775;2.5;1.0;2.0;;0.0;2.0;2.0;173.0;67.0;100.0;AC Vigasio;;0.0;2.0;1.7;1;2.0;2 - 2;3.4;FC Obermais;;0.0;4.0;4.2;1;2.0;-0.75;1 - 2;0-2;2.5;1.0;33 - 34;17 - 17;17.0;17.0;53.0;47.0;6.0;3.0;4.0;2.0;;;;;;;;89.0;84.0;34.0;33.0;49.0;51.0;10.0;3.0;6.0;3.0;;[23 38 82 93];[1 1 2 2];[False False False  True];['AC Vigasio' 'FC Obermais' 'AC Vigasio' 'FC Obermais'];[0 1 0 1];[1 0 1 0];['D' 'H' 'D' 'H'];['H' 'D' 'H' 'D'];0.72;0.28;0.0;0.67;0.33;0.0;;;;;;;
2026-05-17;194532480;India Super League;India;11:00;Full;True;0.12836438923395443;1.9;2.5, 3.0;1.9;2.5, 3.0;13.0;5.0;;7.0;2.0;9.0;236.0;151.0;100.0;Mohun Bagan SG;;0.0;1.0;2.1;0;1.0;1 - 1;3.3;East Bengal Club;;1.0;2.0;2.875;0;1.0;-0.25;13 - 5;7-2;2.75;1.25;97 - 54;50 - 21;21.0;50.0;37.0;63.0;6.0;7.0;2.0;4.0;;;;;;;;101.0;135.0;54.0;97.0;42.0;58.0;13.0;17.0;6.0;8.0;;[85 90];[2 2];[False False];['East Bengal Club' 'Mohun Bagan SG'];[ 0 -1];[-1  0];['D' 'A'];['A' 'D'];0.94;0.0;0.06;1.0;0.0;0.0;759052.0;40655.0;mohun bagan super giant;sc east bengal;1.66;1.57;
2026-05-17;194707716;Italy Serie D;Italy;11:00;Full;True;0.14253563390847712;1.775;2.0;2.025;2.0;3.0;2.0;;2.0;2.0;4.0;171.0;136.0;;USD Casatese;;0.0;0.0;2.15;1;2.0;2 - 2;3.0;AC Chievo Verona;;0.0;2.0;3.1;1;2.0;-0.25;3 - 2;2-2;2.0;0.75;73 - 63;31 - 30;30.0;31.0;;;3.0;3.0;1.0;3.0;;;;;;;;88.0;83.0;63.0;73.0;;;4.0;9.0;3.0;5.0;;[11 37 73 87];[1 1 2 2];[False False False False];['USD Casatese' 'AC Chievo Verona' 'AC Chievo Verona' 'USD Casatese'];[ 0  1  0 -1];[ 1  0 -1  0];['D' 'H' 'D' 'A'];['H' 'D' 'A' 'D'];0.56;0.29;0.16;0.42;0.58;0.0;;;;;;;
2026-05-17;194091117;Serbia Super Liga;Serbia;11:00;Full;True;-0.3560606060606061;1.925;3.0, 3.5;1.875;3.0, 3.5;3.0;2.0;;0.0;0.0;0.0;175.0;87.0;100.0;FK Cukaricki;7.0;0.0;4.0;4.0;0;0.0;0 - 0;3.9;Partizan Belgrade;3.0;0.0;2.0;1.65;0;0.0;+1.75;3 - 2;0-0;3.25;1.25;21 - 66;11 - 34;34.0;11.0;50.0;50.0;6.0;2.0;6.0;0.0;;;;;;;;118.0;57.0;66.0;21.0;50.0;50.0;15.0;3.0;9.0;1.0;;[];[];[];[];[];[];[];[];1.0;0.0;0.0;1.0;0.0;0.0;5148.0;5152.0;fk cukaricki belgrade;fk partizan belgrade;1.61;1.66;
2026-05-17;194699308;Moldova Championship Women;Moldova;11:00;Full;True;0.56836936506854;1.9;2.5;1.9;2.5;2.0;2.0;;1.0;1.0;2.0;256.0;132.0;;Zimbru Chisinau (W);;0.0;0.0;1.333;2;4.0;4 - 0;5.25;Agarista CSF Anenii Noi (W);;0.0;1.0;5.5;0;0.0;-1.5;2 - 2;1-1;2.5;1.0;79 - 53;35 - 29;29.0;35.0;;;3.0;3.0;0.0;6.0;;;;;;;;115.0;141.0;53.0;79.0;;;4.0;4.0;1.0;10.0;;[ 6 21 47 60];[1 1 2 2];[False False False False];"['Zimbru Chisinau (W)' 'Zimbru Chisinau (W)' 'Zimbru Chisinau (W)'
 'Zimbru Chisinau (W)']";[0 1 2 3];[1 2 3 4];['D' 'H' 'H' 'H'];['H' 'H' 'H' 'H'];0.07;0.93;0.0;0.13;0.87;0.0;;;;;;;Women
2026-05-17;194490403;Latvia Virsliga;Latvia;11:00;Full;True;-0.38109980834439044;1.975;2.5, 3.0;1.825;2.5, 3.0;4.0;6.0;;0.0;3.0;3.0;156.0;112.0;100.0;FK Auda;3.0;0.0;4.0;4.2;0;0.0;0 - 3;3.8;RFS;1.0;0.0;2.0;1.615;2;3.0;+0.75;4 - 6;0-3;2.75;1.25;48 - 64;27 - 33;33.0;27.0;55.0;45.0;3.0;6.0;4.0;1.0;;;;;;;;71.0;85.0;64.0;48.0;54.0;46.0;5.0;7.0;8.0;2.0;;[29 51 75];[1 1 2];[False  True False];['RFS' 'RFS' 'RFS'];[ 0 -1 -2];[-1 -2 -3];['D' 'A' 'A'];['A' 'A' 'A'];0.32;0.0;0.68;0.57;0.0;0.43;5346.0;68718.0;fk auda riga;fc rfs;1.8;1.8;
2026-05-17;194646708;Italy Serie D;Italy;11:00;Full;True;0.5017626321974148;1.85;2.0, 2.5;1.95;2.0, 2.5;1.0;3.0;;0.0;2.0;2.0;204.0;114.0;100.0;Teramo;;1.0;1.0;1.48;2;3.0;3 - 1;3.6;San Nicolo Notaresco;;0.0;1.0;5.75;0;1.0;-1.0;1 - 3;0-2;2.25;1.0;47 - 67;22 - 29;29.0;22.0;60.0;40.0;2.0;2.0;3.0;2.0;;;;;;;;115.0;89.0;67.0;47.0;55.0;45.0;3.0;5.0;7.0;4.0;;[ 6 23 60 68];[1 1 2 2];[False False False False];['Teramo' 'Teramo' 'San Nicolo Notaresco' 'Teramo'];[0 1 2 1];[1 2 1 2];['D' 'H' 'H' 'H'];['H' 'H' 'H' 'H'];0.07;0.93;0.0;0.13;0.87;0.0;;;;;;;
2026-05-17;194701578;Italy Eccellenza;Italy;11:00;Full;True;0.23786142935079102;1.875;2.5, 3.0;1.925;2.5, 3.0;5.0;0.0;;3.0;0.0;3.0;206.0;76.0;100.0;Citta Di Cossato;;1.0;5.0;1.833;0;0.0;0 - 2;3.8;Fulgor Chiavazzanese;;0.0;3.0;3.25;2;2.0;-0.5;5 - 0;3-0;2.75;1.25;45 - 31;19 - 17;17.0;19.0;53.0;47.0;3.0;5.0;3.0;0.0;;;;;;;;94.0;112.0;31.0;45.0;45.0;55.0;6.0;11.0;4.0;3.0;;[24 36];[1 1];[False False];['Fulgor Chiavazzanese' 'Fulgor Chiavazzanese'];[ 0 -1];[-1 -2];['D' 'A'];['A' 'A'];0.27;0.0;0.73;0.53;0.0;0.47;;;;;;;
2026-05-17;194639480;Sweden 1.div Norra;Sweden;11:00;Full;True;0.1313628899835796;1.825;2.5, 3.0;1.975;2.5, 3.0;3.0;3.0;;2.0;2.0;4.0;169.0;83.0;100.0;Gefle IF;;0.0;0.0;2.1;0;0.0;0 - 0;3.4;Assyriska Föreningen;;0.0;1.0;2.9;0;0.0;-0.25;3 - 3;2-2;2.75;1.25;47 - 36;25 - 17;17.0;25.0;44.0;56.0;3.0;2.0;2.0;0.0;;;;;;;;76.0;93.0;36.0;47.0;45.0;55.0;4.0;5.0;3.0;0.0;;[];[];[];[];[];[];[];[];1.0;0.0;0.0;1.0;0.0;0.0;1778.0;1782.0;gefle if;assyriska ff;1.57;1.57;
2026-05-17;194659404;Spain Tercera Group 7;Spain;11:00;Full;True;0.03779289493575205;1.875;2.0, 2.5;1.925;2.0, 2.5;6.0;4.0;;3.0;1.0;4.0;225.0;136.0;;Leganes B;;0.0;0.0;2.45;0;0.0;0 - 1;3.1;Trival Valderas;;0.0;1.0;2.7;1;1.0;0.0;6 - 4;3-1;2.25;1.0;77 - 59;36 - 31;31.0;36.0;;;1.0;3.0;1.0;0.0;;;;;;;;93.0;132.0;59.0;77.0;;;3.0;11.0;2.0;2.0;;[8];[1];[False];['Trival Valderas'];[0];[-1];['D'];['A'];0.09;0.0;0.91;0.18;0.0;0.82;2845.0;;cd leganes;;;;Youth
2026-05-17;194653196;Switzerland 1.Liga Classic;Switzerland;11:00;Full;True;0.2425234340127957;1.8;3.0;2.0;3.0;4.0;3.0;;3.0;1.0;4.0;173.0;71.0;100.0;Meyrin;;0.0;4.0;1.833;0;1.0;1 - 2;3.8;Echallens;;0.0;1.0;3.3;0;2.0;-0.5;4 - 3;3-1;3.0;1.25;43 - 28;22 - 14;14.0;22.0;50.0;50.0;2.0;7.0;4.0;1.0;;;;;;;;74.0;99.0;28.0;43.0;49.0;51.0;6.0;11.0;7.0;4.0;;[64 82 86];[2 2 2];[False False False];['Echallens' 'Echallens' 'Meyrin'];[ 0 -1 -2];[-1 -2 -1];['D' 'A' 'A'];['A' 'A' 'A'];0.71;0.0;0.29;1.0;0.0;0.0;;;;;;;
2026-05-17;194652785;Luxembourg Promotion D’Honneur;Luxembourg;11:00;Full;True;-0.08050089445438285;1.925;3.0, 3.5;1.875;3.0, 3.5;2.0;10.0;;1.0;8.0;9.0;206.0;143.0;;SC Bettembourg;7.0;0.0;1.0;2.6;3;8.0;8 - 0;3.9;FC Etzella Ettelbruck;1.0;1.0;1.0;2.15;0;0.0;+0.25;2 - 10;1-8;3.25;1.25;52 - 91;25 - 51;51.0;25.0;;;3.0;1.0;0.0;3.0;;;;;;;;123.0;83.0;91.0;52.0;;;5.0;4.0;1.0;8.0;;[13 32 47 68 76 88 90 93];[1 1 1 2 2 2 2 2];[False False  True False False False False  True];"['SC Bettembourg' 'SC Bettembourg' 'SC Bettembourg' 'SC Bettembourg'
 'SC Bettembourg' 'SC Bettembourg' 'SC Bettembourg' 'SC Bettembourg']";[0 1 2 3 4 5 6 7];[1 2 3 4 5 6 7 8];['D' 'H' 'H' 'H' 'H' 'H' 'H' 'H'];['H' 'H' 'H' 'H' 'H' 'H' 'H' 'H'];0.14;0.86;0.0;0.28;0.72;0.0;;;;;;;
2026-05-17;194653053;Sweden 2.div Norra Svealand;Sweden;11:00;Full;True;0.4057502538142655;1.875;3.0;1.925;3.0;4.0;3.0;;3.0;0.0;3.0;270.0;153.0;;Skiljebo SK;;0.0;1.0;1.571;1;2.0;2 - 1;4.0;Kungsängens IF;;0.0;0.0;4.333;1;1.0;-1.0;4 - 3;3-0;3.0;1.25;93 - 60;53 - 24;24.0;53.0;;;2.0;6.0;2.0;1.0;;;;;;;;108.0;162.0;60.0;93.0;;;4.0;12.0;4.0;5.0;;[21 40 89];[1 1 2];[False False False];['Kungsängens IF' 'Skiljebo SK' 'Skiljebo SK'];[ 0 -1  0];[-1  0  1];['D' 'A' 'D'];['A' 'D' 'H'];0.78;0.01;0.21;0.58;0.0;0.42;1856.0;539791.0;skiljebo sk;kungsangens if;1.57;1.61;
2026-05-17;194622609;Luxembourg Division Nationale;Luxembourg;11:00;Full;True;0.16666666666666669;1.95;2.5;1.85;2.5;1.0;2.0;;1.0;1.0;2.0;218.0;132.0;100.0;Swift Hesperange;;0.0;0.0;2.0;0;3.0;3 - 0;3.5;Victoria Rosport;;0.0;1.0;3.0;0;0.0;-0.25;1 - 2;1-1;2.5;1.0;62 - 70;38 - 25;25.0;38.0;38.0;62.0;4.0;3.0;3.0;0.0;;;;;;;;113.0;105.0;70.0;62.0;50.0;50.0;7.0;5.0;3.0;4.0;;[51 56 58];[2 2 2];[False False False];['Swift Hesperange' 'Swift Hesperange' 'Swift Hesperange'];[0 1 2];[1 2 3];['D' 'H' 'H'];['H' 'H' 'H'];0.57;0.43;0.0;1.0;0.0;0.0;;;;;;;
2026-05-17;194640125;Azerbaijan Premier League;Azerbaijan;11:00;Full;True;0.425;1.9;2.5;1.9;2.5;11.0;2.0;;4.0;0.0;4.0;3.0;0.0;100.0;Zira IK;5.0;0.0;2.0;1.6;1;2.0;2 - 1;3.5;FK Sumqayit;7.0;0.0;1.0;5.0;1;1.0;-1.25;11 - 2;4-0;2.5;1.0;-;-;0.0;0.0;40.0;60.0;0.0;0.0;1.0;1.0;;;;;;;;2.0;1.0;0.0;0.0;40.0;60.0;0.0;0.0;1.0;2.0;;[19 44 98];[1 1 2];[False False  True];['Zira IK' 'FK Sumqayit' 'Zira IK'];[0 1 0];[1 0 1];['D' 'H' 'D'];['H' 'D' 'H'];0.74;0.26;0.0;0.44;0.56;0.0;;;;;;;
2026-05-17;194639883;Sweden 1.div Norra;Sweden;11:00;Full;True;0.17948717948717957;1.9;3.0;1.9;3.0;4.0;5.0;;0.0;4.0;4.0;134.0;93.0;100.0;Enköping;;0.0;2.0;1.95;0;1.0;1 - 0;3.8;Sollentuna FK;;0.0;1.0;3.0;0;0.0;-0.5;4 - 5;0-4;3.0;1.25;41 - 52;13 - 31;31.0;13.0;54.0;46.0;2.0;4.0;1.0;2.0;;;;;;;;73.0;61.0;52.0;41.0;50.0;50.0;7.0;7.0;1.0;4.0;;[95];[2];[ True];['Enköping'];[0];[1];['D'];['H'];1.0;0.0;0.0;1.0;0.0;0.0;1780.0;21882.0;enkopings sk;sollentuna fk;1.57;1.53;
2026-05-17;194646715;Italy Serie D;Italy;11:00;Full;True;0.27027027027027023;2.0;2.5;1.8;2.5;6.0;4.0;;2.0;1.0;3.0;120.0;61.0;100.0;Desenzano Calvina;;0.0;0.0;1.85;0;0.0;0 - 1;3.3;Grosseto;;1.0;0.0;3.7;1;1.0;-0.5;6 - 4;2-1;2.5;1.0;31 - 30;14 - 11;11.0;14.0;57.0;43.0;5.0;1.0;2.0;2.0;;;;;;;;58.0;62.0;30.0;31.0;49.0;51.0;9.0;4.0;5.0;8.0;;[42];[1];[False];['Grosseto'];[0];[-1];['D'];['A'];0.47;0.0;0.53;0.93;0.0;0.07;;;;;;;
2026-05-17;194640364;Faroe Islands Premier League;Faroe Islands;11:00;Full;True;-0.4143150152061674;1.875;2.5;1.925;2.5;9.0;4.0;;4.0;2.0;6.0;135.0;134.0;100.0;Skala IF;;0.0;4.0;4.5;0;1.0;1 - 2;3.9;B36 Torshavn;;0.0;3.0;1.571;0;2.0;+1.0;9 - 4;4-2;2.5;1.0;76 - 58;31 - 33;33.0;31.0;63.0;37.0;6.0;4.0;0.0;2.0;;;;;;;;74.0;61.0;58.0;76.0;55.0;45.0;9.0;12.0;4.0;7.0;;[58 70 71];[2 2 2];[False False False];['B36 Torshavn' 'B36 Torshavn' 'Skala IF'];[ 0 -1 -2];[-1 -2 -1];['D' 'A' 'A'];['A' 'A' 'A'];0.64;0.0;0.36;1.0;0.0;0.0;;;;;;;
2026-05-17;194522921;Belgium First Division A Play-Offs;Belgium;11:00;Full;True;0.12836438923395443;1.95;2.5, 3.0;1.85;2.5, 3.0;6.0;7.0;;5.0;1.0;6.0;161.0;96.0;100.0;Lommel;;0.0;1.0;2.1;0;3.0;3 - 2;3.4;Dender;;0.0;3.0;2.875;1;2.0;-0.25;6 - 7;5-1;2.75;1.0;52 - 44;26 - 25;25.0;26.0;48.0;52.0;6.0;7.0;2.0;2.0;;;;;;;;85.0;76.0;44.0;52.0;55.0;45.0;14.0;10.0;3.0;6.0;;[34 55 83 86 96];[1 2 2 2 2];[False False False False  True];['Dender' 'Lommel' 'Dender' 'Lommel' 'Lommel'];[ 0 -1  0 -1  0];[-1  0 -1  0  1];['D' 'A' 'D' 'A' 'D'];['A' 'D' 'A' 'D' 'H'];0.75;0.0;0.25;0.76;0.0;0.24;5046.0;2922.0;lommel sk;fcv dender eh;1.61;1.61;
2026-05-17;194639027;Egypt Division 1;Egypt;11:00;Full;True;0.2738344683080146;1.825;2.0;1.975;2.0;10.0;2.0;;5.0;1.0;6.0;163.0;89.0;100.0;National Bank of Egypt;;0.0;1.0;1.909;0;1.0;1 - 1;2.9;El Gounah;;0.0;2.0;4.0;1;1.0;-0.5;10 - 2;5-1;2.0;0.75;61 - 28;32 - 12;12.0;32.0;34.0;66.0;0.0;0.0;1.0;1.0;;;;;;;;61.0;102.0;28.0;61.0;32.0;68.0;3.0;5.0;3.0;3.0;;[39 92];[1 2];[False  True];['El Gounah' 'National Bank of Egypt'];[ 0 -1];[-1  0];['D' 'A'];['A' 'D'];0.42;0.0;0.58;0.87;0.0;0.13;376278.0;43565.0;national bank of egypt sc;el gouna fc;2.25;2.1;
2026-05-17;194639650;Sweden 1.div Södra;Sweden;11:00;Full;True;0.43463497453310695;1.975;2.5, 3.0;1.825;2.5, 3.0;3.0;3.0;;1.0;2.0;3.0;190.0;84.0;100.0;Eskilsminne IF;;0.0;0.0;1.55;0;1.0;1 - 1;3.8;Skövde AIK;;0.0;2.0;4.75;1;1.0;-0.75;3 - 3;1-2;2.75;1.0;50 - 34;23 - 13;13.0;23.0;52.0;48.0;0.0;3.0;1.0;2.0;;;;;;;;87.0;103.0;34.0;50.0;42.0;58.0;1.0;9.0;1.0;5.0;;[12 81];[1 2];[False False];['Skövde AIK' 'Eskilsminne IF'];[ 0 -1];[-1  0];['D' 'A'];['A' 'D'];0.23;0.0;0.77;0.27;0.0;0.73;62558.0;7063.0;eskilsminne if;skovde aik;1.66;1.72;
2026-05-17;194639655;Sweden 1.div Södra;Sweden;11:00;Full;True;0.1067193675889328;1.825;2.5;1.975;2.5;6.0;2.0;;3.0;1.0;4.0;129.0;81.0;100.0;BK Olympic;;0.0;2.0;2.2;0;2.0;2 - 3;3.3;Atvidabergs FF;;0.0;3.0;2.875;2;3.0;-0.25;6 - 2;3-1;2.5;1.0;57 - 24;29 - 11;11.0;29.0;40.0;60.0;0.0;1.0;3.0;2.0;;;;;;;;60.0;69.0;24.0;57.0;40.0;60.0;3.0;4.0;4.0;6.0;;[18 33 50 56 58];[1 1 2 2 2];[False False False False False];"['Atvidabergs FF' 'Atvidabergs FF' 'BK Olympic' 'BK Olympic'
 'Atvidabergs FF']";[ 0 -1 -2 -1  0];[-1 -2 -1  0 -1];['D' 'A' 'A' 'A' 'D'];['A' 'A' 'A' 'D' 'A'];0.22;0.0;0.78;0.4;0.0;0.6;47812.0;1789.0;bk olympic;aatvidabergs ff;1.57;1.72;
2026-05-17;194639658;Sweden 1.div Södra;Sweden;11:00;Full;True;0.5303123086344153;1.825;3.0;1.975;3.0;9.0;4.0;;6.0;1.0;7.0;239.0;122.0;100.0;Trelleborgs FF;;0.0;3.0;1.42;1;2.0;2 - 2;4.333;FC Trollhättan;;0.0;1.0;5.75;0;2.0;-1.25;9 - 4;6-1;3.0;1.25;71 - 51;34 - 26;26.0;34.0;50.0;50.0;3.0;5.0;1.0;6.0;;;;;;;;117.0;122.0;51.0;71.0;46.0;54.0;7.0;9.0;4.0;7.0;;[31 46 51 72];[1 2 2 2];[False False False False];['Trelleborgs FF' 'FC Trollhättan' 'Trelleborgs FF' 'FC Trollhättan'];[0 1 0 1];[1 0 1 0];['D' 'H' 'D' 'H'];['H' 'D' 'H' 'D'];0.6;0.4;0.0;0.69;0.31;0.0;1771.0;1791.0;trelleborgs ff;fc trollhattan;1.72;1.72;
2026-05-17;194640122;Azerbaijan Premier League;Azerbaijan;11:00;Full;True;0.30476190476190473;1.85;2.5, 3.0;1.95;2.5, 3.0;5.0;4.0;;1.0;3.0;4.0;157.0;96.0;100.0;Sabah;;1.0;0.0;1.75;1;1.0;1 - 2;3.6;Neftchi Baku;;0.0;1.0;3.75;1;2.0;-0.5;5 - 4;1-3;2.75;1.25;43 - 53;22 - 35;35.0;22.0;49.0;51.0;1.0;2.0;1.0;1.0;;;;;;;;83.0;74.0;53.0;43.0;45.0;55.0;3.0;3.0;2.0;1.0;;[ 3  9 70];[1 1 2];[False False False];['Sabah' 'Neftchi Baku' 'Neftchi Baku'];[0 1 0];[ 1  0 -1];['D' 'H' 'D'];['H' 'D' 'A'];0.71;0.07;0.22;0.87;0.13;0.0;;;;;;;
2026-05-17;194640523;Switzerland 1.Liga Classic;Switzerland;11:00;Full;True;0.2161421606157069;1.85;2.5, 3.0;1.95;2.5, 3.0;8.0;7.0;;1.0;4.0;5.0;140.0;142.0;100.0;FC Mendrisio;;0.0;2.0;1.909;0;1.0;1 - 0;3.6;USV Eschen/Mauren;;0.0;1.0;3.25;0;0.0;-0.5;8 - 7;1-4;2.75;1.25;71 - 71;33 - 30;30.0;33.0;59.0;41.0;5.0;1.0;0.0;1.0;;;;;;;;74.0;66.0;71.0;71.0;55.0;45.0;8.0;6.0;5.0;5.0;;[74];[2];[False];['FC Mendrisio'];[0];[1];['D'];['H'];0.82;0.18;0.0;1.0;0.0;0.0;;;;;;;
2026-05-17;192998829;England Premier League;England;11:00;Full;True;-0.2596491228070175;1.875;2.5;1.975;2.5;3.0;6.0;;1.0;4.0;5.0;187.0;89.0;100.0;Wolverhampton;20.0;0.0;1.0;3.75;1;1.0;1 - 1;3.8;Fulham;11.0;0.0;0.0;1.9;1;1.0;+0.5;3 - 6;1-4;2.5;1.0;30 - 59;16 - 31;31.0;16.0;71.0;29.0;4.0;3.0;3.0;2.0;;;;;;;;105.0;82.0;59.0;30.0;70.0;30.0;8.0;8.0;5.0;3.0;;[25 48];[1 1];[False  True];['Wolverhampton' 'Fulham'];[0 1];[1 0];['D' 'H'];['H' 'D'];0.74;0.26;0.0;0.52;0.48;0.0;3.0;43.0;wolverhampton wanderers;fulham fc;1.61;1.75;
2026-05-17;193331800;Estonia Meistriliiga;Estonia;11:00;Full;True;-0.5902806870548805;2.025;3.0;1.775;3.0;5.0;1.0;;2.0;1.0;3.0;182.0;114.0;100.0;FC Kuressaare;9.0;0.0;1.0;7.0;0;0.0;0 - 2;4.5;JK Nomme Kalju;3.0;0.0;1.0;1.364;1;2.0;+1.25;5 - 1;2-1;3.0;1.25;65 - 49;30 - 26;26.0;30.0;59.0;41.0;2.0;1.0;2.0;1.0;;;;;;;;96.0;86.0;49.0;65.0;55.0;45.0;5.0;5.0;4.0;2.0;;[10 49];[1 2];[False False];['JK Nomme Kalju' 'JK Nomme Kalju'];[ 0 -1];[-1 -2];['D' 'A'];['A' 'A'];0.11;0.0;0.89;0.22;0.0;0.78;7106.0;8091.0;fc kuressaare;nomme kalju fc;2.0;1.9;
2026-05-17;194641560;Türkiye 3. Lig Promotion Group Play-off;Turkey;11:00;Full;True;-0.12836438923395443;1.825;2.5;1.975;2.5;3.0;4.0;;2.0;4.0;6.0;217.0;109.0;100.0;Ayvalikgucu Belediyespor;;0.0;1.0;2.875;1;1.0;1 - 2;3.4;52 Orduspor FK;;0.0;1.0;2.1;0;2.0;+0.25;3 - 4;2-4;2.5;1.0;50 - 59;29 - 26;26.0;29.0;54.0;46.0;2.0;2.0;3.0;2.0;;;;;;;;106.0;111.0;59.0;50.0;56.0;44.0;7.0;3.0;5.0;4.0;;[35 68 79];[1 2 2];[False False False];['Ayvalikgucu Belediyespor' '52 Orduspor FK' '52 Orduspor FK'];[0 1 0];[ 1  0 -1];['D' 'H' 'D'];['H' 'D' 'A'];0.51;0.37;0.12;0.78;0.22;0.0;;;;;;;
2026-05-17;194645489;Italy Serie D;Italy;11:00;Full;True;0.29054054054054046;1.75;2.0;2.05;2.0;6.0;3.0;;3.0;2.0;5.0;196.0;103.0;100.0;Ligorna;;0.0;2.0;1.85;3;5.0;5 - 3;3.0;Varese;;0.0;4.0;4.0;0;3.0;-0.5;6 - 3;3-2;2.0;0.75;56 - 47;27 - 22;22.0;27.0;48.0;52.0;6.0;4.0;1.0;4.0;;;;;;;;97.0;99.0;47.0;56.0;48.0;52.0;11.0;11.0;4.0;6.0;;[23 40 44 53 59 61 74 78];[1 1 1 2 2 2 2 2];[False False False False False False False False];"['Ligorna' 'Ligorna' 'Ligorna' 'Ligorna' 'Varese' 'Varese' 'Ligorna'
 'Varese']";[0 1 2 3 4 3 2 3];[1 2 3 4 3 2 3 2];['D' 'H' 'H' 'H' 'H' 'H' 'H' 'H'];['H' 'H' 'H' 'H' 'H' 'H' 'H' 'H'];0.26;0.74;0.0;0.51;0.49;0.0;;;;;;;
2026-05-17;194645493;Italy Serie D;Italy;11:00;Full;True;0.17530487804878053;2.0;2.0, 2.5;1.8;2.0, 2.5;6.0;2.0;;1.0;1.0;2.0;179.0;124.0;100.0;Martina;;0.0;3.0;2.05;0;0.0;0 - 1;3.1;Paganese;;0.0;2.0;3.2;1;1.0;-0.25;6 - 2;1-1;2.25;0.75;77 - 47;33 - 27;27.0;33.0;57.0;43.0;1.0;1.0;2.0;1.0;;;;;;;;87.0;92.0;47.0;77.0;49.0;51.0;3.0;6.0;2.0;3.0;;[42];[1];[False];['Paganese'];[0];[-1];['D'];['A'];0.47;0.0;0.53;0.93;0.0;0.07;;;;;;;
2026-05-17;193718105;Türkiye Super Lig;Turkey;11:00;Full;True;0.24605669053023682;1.95;3.0;1.85;3.0;4.0;3.0;;1.0;0.0;1.0;155.0;65.0;100.0;Kayserispor;;0.0;0.0;1.909;0;2.0;2 - 1;3.9;Konyaspor;;1.0;1.0;3.6;0;1.0;-0.5;4 - 3;1-0;3.0;1.25;33 - 32;16 - 19;19.0;16.0;60.0;40.0;3.0;2.0;1.0;4.0;;;;;;;;69.0;86.0;32.0;33.0;51.0;49.0;12.0;7.0;3.0;9.0;;[47 49 74];[2 2 2];[False False False];['Konyaspor' 'Kayserispor' 'Kayserispor'];[ 0 -1  0];[-1  0  1];['D' 'A' 'D'];['A' 'D' 'H'];0.8;0.18;0.02;1.0;0.0;0.0;3072.0;3085.0;kayserispor;konyaspor;1.57;1.53;
2026-05-17;194658454;Poland IV Liga;Poland;11:00;Full;True;-0.4851994851994852;1.975;3.0;1.825;3.0;1.0;9.0;;0.0;2.0;2.0;168.0;87.0;100.0;Stal Gorzyce;;0.0;3.0;5.25;1;1.0;1 - 1;3.9;Stal Sanok;;0.0;1.0;1.48;0;1.0;+1.25;1 - 9;0-2;3.0;1.25;30 - 57;18 - 24;24.0;18.0;61.0;39.0;1.0;1.0;3.0;1.0;;;;;;;;93.0;75.0;57.0;30.0;62.0;38.0;7.0;2.0;8.0;2.0;;[24 91];[1 2];[False  True];['Stal Gorzyce' 'Stal Sanok'];[0 1];[1 0];['D' 'H'];['H' 'D'];0.26;0.74;0.0;0.53;0.47;0.0;;;;;;;
2026-05-17;193710984;Brazil Serie A;Brazil;11:00;Full;True;0.3977591036414566;2.05;2.5;1.8;2.5;3.0;3.0;;2.0;2.0;4.0;177.0;71.0;100.0;Santos;15.0;1.0;3.0;1.7;0;0.0;0 - 3;3.6;Coritiba;10.0;0.0;2.0;5.25;3;3.0;-0.75;3 - 3;2-2;2.5;1.0;46 - 25;28 - 14;14.0;28.0;35.0;65.0;0.0;3.0;5.0;2.0;;;;;;;;71.0;106.0;25.0;46.0;37.0;63.0;4.0;10.0;5.0;3.0;;[ 6 20 39];[1 1 1];[False False False];['Coritiba' 'Coritiba' 'Coritiba'];[ 0 -1 -2];[-1 -2 -3];['D' 'A' 'A'];['A' 'A' 'A'];0.07;0.0;0.93;0.13;0.0;0.87;1968.0;1982.0;santos fc sp;coritiba fc pr;1.95;1.95;
2026-05-17;192998813;England Premier League;England;11:00;Full;True;-0.17316017316017313;2.025;2.5, 3.0;1.825;2.5, 3.0;7.0;8.0;;5.0;3.0;8.0;176.0;113.0;100.0;Leeds;14.0;0.0;1.0;3.3;0;1.0;1 - 0;3.6;Brighton;7.0;0.0;0.0;2.1;0;0.0;+0.25;7 - 8;5-3;2.75;1.0;39 - 74;26 - 28;28.0;26.0;64.0;36.0;3.0;2.0;3.0;0.0;;;;;;;;100.0;76.0;74.0;39.0;66.0;34.0;11.0;6.0;8.0;1.0;;[96];[2];[ True];['Leeds'];[0];[1];['D'];['H'];1.0;0.0;0.0;1.0;0.0;0.0;34.0;30.0;leeds united;brighton & hove albion;1.57;1.61;
2026-05-17;193719933;Croatia HNL;Croatia;11:00;Full;True;-0.42601092163891596;1.85;2.5, 3.0;1.95;2.5, 3.0;5.0;1.0;;2.0;1.0;3.0;131.0;77.0;100.0;Slaven Belupo;8.0;0.0;0.0;4.75;1;1.0;1 - 4;3.6;Dinamo Zagreb;1.0;0.0;1.0;1.571;0;4.0;+0.75;5 - 1;2-1;2.75;1.25;38 - 39;14 - 21;21.0;14.0;61.0;39.0;3.0;2.0;2.0;4.0;;;;;;;;62.0;69.0;39.0;38.0;57.0;43.0;5.0;7.0;7.0;4.0;;[27 50 58 80 85];[1 2 2 2 2];[False False False False False];"['Slaven Belupo' 'Dinamo Zagreb' 'Dinamo Zagreb' 'Dinamo Zagreb'
 'Dinamo Zagreb']";[ 0  1  0 -1 -2];[ 1  0 -1 -2 -3];['D' 'H' 'D' 'A' 'A'];['H' 'D' 'A' 'A' 'A'];0.39;0.26;0.36;0.6;0.4;0.0;2042.0;2032.0;nk slaven belupo;gnk dinamo zagreb;1.66;1.83;
2026-05-17;194639888;Sweden 1.div Norra;Sweden;11:00;Full;True;0.1774193548387097;1.9;2.5, 3.0;1.9;2.5, 3.0;8.0;2.0;;3.0;0.0;3.0;165.0;71.0;100.0;IF Karlstad;;0.0;0.0;2.0;2;5.0;5 - 0;3.5;Vasalunds IF;;0.0;3.0;3.1;0;0.0;-0.25;8 - 2;3-0;2.75;1.25;44 - 27;22 - 7;7.0;22.0;34.0;66.0;0.0;1.0;1.0;5.0;;;;;;;;66.0;99.0;27.0;44.0;42.0;58.0;1.0;6.0;2.0;11.0;;[11 45 62 85 94];[1 1 2 2 2];[False False False False  True];['IF Karlstad' 'IF Karlstad' 'IF Karlstad' 'IF Karlstad' 'IF Karlstad'];[0 1 2 3 4];[1 2 3 4 5];['D' 'H' 'H' 'H' 'H'];['H' 'H' 'H' 'H' 'H'];0.12;0.88;0.0;0.24;0.76;0.0;732797.0;5950.0;if karlstad fotbol;vasalunds if;1.57;1.66;
2026-05-17;194647377;Iceland 1 Deild;Iceland;11:00;Full;True;-0.2857142857142857;1.95;3.0, 3.5;1.85;3.0, 3.5;3.0;8.0;;1.0;6.0;7.0;150.0;74.0;100.0;Aegir;12.0;0.0;1.0;3.5;0;1.0;1 - 2;3.75;IF Vestri;7.0;0.0;1.0;1.75;0;2.0;+0.5;3 - 8;1-6;3.25;1.25;31 - 43;15 - 22;22.0;15.0;52.0;48.0;3.0;3.0;1.0;0.0;;;;;;;;86.0;64.0;43.0;31.0;57.0;43.0;3.0;8.0;5.0;2.0;;[46 72 77];[2 2 2];[False False False];['Aegir' 'IF Vestri' 'IF Vestri'];[0 1 0];[ 1  0 -1];['D' 'H' 'D'];['H' 'D' 'A'];0.57;0.29;0.14;1.0;0.0;0.0;70092.0;256267.0;kf aegir;if vestri;1.5;1.5;
2026-05-17;193754242;Greece Super League 1;Greece;11:00;Full;True;0.2882205513784461;1.85;2.5;1.95;2.5;11.0;0.0;;7.0;0.0;7.0;159.0;94.0;100.0;Aris Salonika;;0.0;2.0;1.9;0;3.0;3 - 0;3.4;Levadiakos;;1.0;5.0;4.2;0;0.0;-0.5;11 - 0;7-0;2.5;1.0;65 - 29;23 - 14;14.0;23.0;48.0;52.0;2.0;6.0;1.0;2.0;;;;;;;;76.0;83.0;29.0;65.0;42.0;58.0;4.0;10.0;2.0;10.0;;[65 72 80];[2 2 2];[False False False];['Aris Salonika' 'Aris Salonika' 'Aris Salonika'];[0 1 2];[1 2 3];['D' 'H' 'H'];['H' 'H' 'H'];0.72;0.28;0.0;1.0;0.0;0.0;3252.0;5063.0;aris thessaloniki;apo levadiakos fc;1.95;1.95;
2026-05-17;194707699;Italy Serie D;Italy;11:00;Schedule;False;0.33333333333333337;;;;;0.0;0.0;;0.0;0.0;0.0;0.0;0.0;;Scafatese;;0.0;0.0;2.0;0;0.0;0 - 0;2.2;Barletta;;0.0;0.0;6.0;0;0.0;nan;0 - 0;0-0;;nan;-;nan;;;;;;;;;;;;;;;;0.0;0.0;0.0;0.0;;;0.0;0.0;0.0;0.0;;[];[];[];[];[];[];[];[];1.0;0.0;0.0;1.0;0.0;0.0;;;;;;;
2026-05-17;193754245;Greece Super League 1;Greece;11:00;Full;True;0.3409435575040671;1.8;3.0;2.0;3.0;4.0;3.0;;2.0;3.0;5.0;168.0;88.0;100.0;OFI Crete;;0.0;3.0;1.727;2;3.0;3 - 1;4.0;Volos NFC;;0.0;2.0;4.2;1;1.0;-0.75;4 - 3;2-3;3.0;1.25;36 - 52;18 - 25;25.0;18.0;44.0;56.0;5.0;9.0;3.0;2.0;;;;;;;;86.0;82.0;52.0;36.0;42.0;58.0;12.0;17.0;4.0;4.0;;[ 1 15 34 71];[1 1 1 2];[False False False False];['OFI Crete' 'Volos NFC' 'OFI Crete' 'OFI Crete'];[0 1 0 1];[1 0 1 2];['D' 'H' 'D' 'H'];['H' 'D' 'H' 'H'];0.22;0.78;0.0;0.44;0.56;0.0;3241.0;373128.0;ofi crete;volos nps;1.75;1.75;
2026-05-17;194646694;Italy Serie D;Italy;11:00;Full;True;0.38383838383838387;1.875;2.0, 2.5;1.925;2.0, 2.5;5.0;3.0;;2.0;3.0;5.0;191.0;85.0;100.0;Prato;;0.0;4.0;1.65;0;1.0;1 - 2;3.4;ASD Seravezza Calcio;;1.0;2.0;4.5;2;2.0;-0.75;5 - 3;2-3;2.25;1.0;50 - 35;26 - 22;22.0;26.0;42.0;58.0;4.0;4.0;2.0;3.0;;;;;;;;83.0;108.0;35.0;50.0;37.0;63.0;7.0;6.0;3.0;7.0;;[ 5 14 70];[1 1 2];[False False False];['ASD Seravezza Calcio' 'ASD Seravezza Calcio' 'Prato'];[ 0 -1 -2];[-1 -2 -1];['D' 'A' 'A'];['A' 'A' 'A'];0.06;0.0;0.94;0.11;0.0;0.89;;;;;;;
2026-05-17;194539299;CAF Champions League;International (Africa);11:00;Full;True;0.3685124798098315;1.95;2.0;1.85;2.0;4.0;1.0;;2.0;1.0;3.0;149.0;70.0;100.0;Mamelodi Sundowns;;0.0;0.0;1.727;1;1.0;1 - 0;3.2;FAR Rabat;;0.0;1.0;4.75;0;0.0;-0.75;4 - 1;2-1;2.0;0.75;38 - 32;18 - 17;17.0;18.0;30.0;70.0;2.0;1.0;0.0;2.0;;;;;;;;62.0;87.0;32.0;38.0;30.0;70.0;2.0;6.0;0.0;3.0;;[37];[1];[False];['Mamelodi Sundowns'];[0];[1];['D'];['H'];0.41;0.59;0.0;0.82;0.18;0.0;7665.0;24394.0;mamelodi sundowns;as far rabat;;;
2026-05-17;192998805;England Premier League;England;11:00;Full;True;0.36601307189542487;1.875;2.5, 3.0;1.975;2.5, 3.0;9.0;4.0;;5.0;4.0;9.0;194.0;89.0;100.0;Brentford;8.0;0.0;1.0;1.7;1;2.0;2 - 2;4.0;Crystal Palace;15.0;0.0;3.0;4.5;1;2.0;-0.75;9 - 4;5-4;2.75;1.25;52 - 37;22 - 24;24.0;22.0;47.0;53.0;9.0;2.0;4.0;1.0;;;;;;;;83.0;111.0;37.0;52.0;42.0;58.0;11.0;11.0;5.0;3.0;;[ 6 40 52 88];[1 1 2 2];[False False False False];['Crystal Palace' 'Brentford' 'Crystal Palace' 'Brentford'];[ 0 -1  0 -1];[-1  0 -1  0];['D' 'A' 'D' 'A'];['A' 'D' 'A' 'D'];0.22;0.0;0.78;0.24;0.0;0.76;50.0;7.0;brentford fc;crystal palace;1.66;1.66;
2026-05-17;194639475;Sweden 1.div Norra;Sweden;11:00;Full;True;0.27731092436974786;1.95;3.5;1.85;3.5;5.0;3.0;;1.0;1.0;2.0;161.0;72.0;100.0;IFK Stocksund;;1.0;1.0;1.75;2;2.0;2 - 3;4.0;Piteå IF;;0.0;0.0;3.4;2;3.0;-0.75;5 - 3;1-1;3.5;1.5;41 - 31;18 - 12;12.0;18.0;42.0;58.0;5.0;2.0;2.0;3.0;;;;;;;;66.0;95.0;31.0;41.0;45.0;55.0;7.0;8.0;3.0;5.0;;[ 5  8 41 46 69];[1 1 1 1 2];[False False False  True False];['IFK Stocksund' 'Piteå IF' 'Piteå IF' 'IFK Stocksund' 'Piteå IF'];[ 0  1  0 -1  0];[ 1  0 -1  0 -1];['D' 'H' 'D' 'A' 'D'];['H' 'D' 'A' 'D' 'A'];0.68;0.03;0.29;0.83;0.07;0.11;327273.0;1873.0;ifk stocksund;piteaa if;1.4;1.4;
2026-05-17;194785425;UAE Reserve League;UAE;11:10;Full;True;0.11904761904761901;1.825;3.0;1.975;3.0;4.0;3.0;;3.0;2.0;5.0;164.0;134.0;;Baniyas SC U23;;0.0;1.0;2.1;2;3.0;3 - 1;3.6;Al Jazira SC U23;;0.0;0.0;2.8;0;1.0;-0.25;4 - 3;3-2;3.0;1.25;57 - 77;27 - 31;31.0;27.0;;;0.0;0.0;0.0;2.0;;;;;;;;83.0;81.0;77.0;57.0;;;0.0;0.0;1.0;3.0;;[38 41 68 84];[1 1 2 2];[False False False False];['Baniyas SC U23' 'Baniyas SC U23' 'Al Jazira SC U23' 'Baniyas SC U23'];[0 1 2 1];[1 2 1 2];['D' 'H' 'H' 'H'];['H' 'H' 'H' 'H'];0.42;0.58;0.0;0.84;0.16;0.0;58689.0;8090.0;baniyas club;al jazira (uae);;;Youth
2026-05-17;194702786;UAE Reserve League;UAE;11:10;Full;True;-0.43009349858664936;1.9;3.0;1.9;3.0;5.0;4.0;;4.0;0.0;4.0;172.0;118.0;;Dibba Al Fujairah U23;;0.0;0.0;4.5;0;0.0;0 - 1;4.2;Al Ain SCC U23;;0.0;2.0;1.533;0;1.0;+1.0;5 - 4;4-0;3.0;1.25;55 - 63;28 - 25;25.0;28.0;;;3.0;2.0;0.0;0.0;;;;;;;;82.0;90.0;63.0;55.0;;;7.0;4.0;3.0;1.0;;[82];[2];[False];['Al Ain SCC U23'];[0];[-1];['D'];['A'];0.91;0.0;0.09;1.0;0.0;0.0;81309.0;37082.0;dibba al fujairah;al ain fc;;;Youth
2026-05-17;194702766;UAE Reserve League;UAE;11:10;Full;True;-0.012889366272824943;1.975;3.0, 3.5;1.825;3.0, 3.5;2.0;8.0;;2.0;5.0;7.0;109.0;91.0;;Al Bataeh U23;;0.0;1.0;2.45;0;2.0;2 - 0;3.6;Shabab Al Ahli Dubai U23;;0.0;1.0;2.375;0;0.0;0.0;2 - 8;2-5;3.25;1.25;54 - 37;27 - 15;15.0;27.0;;;0.0;8.0;0.0;0.0;;;;;;;;62.0;47.0;37.0;54.0;;;5.0;12.0;1.0;4.0;;[57 94];[2 2];[False  True];['Al Bataeh U23' 'Al Bataeh U23'];[0 1];[1 2];['D' 'H'];['H' 'H'];0.61;0.39;0.0;1.0;0.0;0.0;634516.0;370464.0;al bataeh (uae);shabab al ahli dubai;;;Youth
2026-05-17;194702776;UAE Reserve League;UAE;11:10;Full;True;0.23284823284823275;1.925;3.0;1.875;3.0;0.0;0.0;;0.0;0.0;0.0;148.0;100.0;100.0;Al Wahda Abu Dhabi U23;;0.0;1.0;1.85;1;5.0;5 - 1;3.8;Al Dhafra SCC U23;;0.0;0.0;3.25;0;1.0;-0.5;0 - 0;0-0;3.0;1.25;53 - 47;32 - 21;21.0;32.0;50.0;50.0;0.0;2.0;2.0;2.0;;;;;;;;70.0;78.0;47.0;53.0;49.0;51.0;1.0;4.0;4.0;9.0;;[38 50 59 65 86 90];[1 2 2 2 2 2];[False False False False False False];"['Al Wahda Abu Dhabi U23' 'Al Wahda Abu Dhabi U23'
 'Al Wahda Abu Dhabi U23' 'Al Wahda Abu Dhabi U23'
 'Al Wahda Abu Dhabi U23' 'Al Dhafra SCC U23']";[0 1 2 3 4 5];[1 2 3 4 5 4];['D' 'H' 'H' 'H' 'H' 'H'];['H' 'H' 'H' 'H' 'H' 'H'];0.42;0.58;0.0;0.84;0.16;0.0;342882.0;81305.0;al wahda fc (uae);al dhafra ssc;;;Youth
2026-05-17;193332614;Switzerland Super League;Switzerland;11:30;Full;True;0.3617847858999628;1.975;3.5;1.825;3.5;5.0;5.0;;3.0;3.0;6.0;155.0;83.0;100.0;Lugano;4.0;0.0;2.0;1.667;2;4.0;4 - 0;4.2;Basel;3.0;0.0;2.0;4.2;0;0.0;-0.75;5 - 5;3-3;3.5;1.5;39 - 44;28 - 20;20.0;28.0;45.0;55.0;4.0;4.0;4.0;5.0;;;;;;;;101.0;54.0;44.0;39.0;46.0;54.0;8.0;8.0;6.0;11.0;;[10 36 52 56];[1 1 2 2];[False False False False];['Lugano' 'Lugano' 'Lugano' 'Lugano'];[0 1 2 3];[1 2 3 4];['D' 'H' 'H' 'H'];['H' 'H' 'H' 'H'];0.11;0.89;0.0;0.22;0.78;0.0;2443.0;2501.0;fc lugano;fc basel 1893;1.44;1.44;
2026-05-17;193713831;Hungary NB II;Hungary;11:30;Full;True;0.7460236886632826;1.975;3.0, 3.5;1.825;3.0, 3.5;3.0;1.0;;2.0;1.0;3.0;222.0;120.0;100.0;Vasas SC;;0.0;1.0;1.182;1;2.0;2 - 1;6.25;FC Ajka;;0.0;2.0;10.0;0;1.0;-2.0;3 - 1;2-1;3.25;1.25;66 - 54;34 - 31;31.0;34.0;41.0;59.0;3.0;5.0;2.0;4.0;;;;;;;;116.0;106.0;54.0;66.0;43.0;57.0;5.0;14.0;4.0;12.0;;[32 55 72];[1 2 2];[False False False];['Vasas SC' 'Vasas SC' 'FC Ajka'];[0 1 2];[1 2 1];['D' 'H' 'H'];['H' 'H' 'H'];0.36;0.64;0.0;0.71;0.29;0.0;;;;;;;Youth
2026-05-17;193320657;Sweden Allsvenskan;Sweden;11:30;Full;True;0.1111111111111111;1.9;2.5, 3.0;1.9;2.5, 3.0;5.0;7.0;;3.0;4.0;7.0;193.0;95.0;100.0;Mjällby AIF;;1.0;1.0;2.25;0;0.0;0 - 1;3.4;BK Hacken;;0.0;3.0;3.0;0;1.0;-0.25;5 - 7;3-4;2.75;1.25;28 - 67;8 - 28;28.0;8.0;54.0;46.0;9.0;0.0;3.0;1.0;;;;;;;;121.0;72.0;67.0;28.0;59.0;41.0;14.0;3.0;5.0;4.0;;[75];[2];[False];['BK Hacken'];[0];[-1];['D'];['A'];0.83;0.0;0.17;1.0;0.0;0.0;1783.0;1760.0;mjallby aif;bk hacken;1.66;1.57;
2026-05-17;194646247;Czechia 5. Liga;Czech Republic;11:30;Full;True;0.23297491039426527;1.95;3.5;1.85;3.5;10.0;5.0;;3.0;2.0;5.0;250.0;180.0;;TJ Sokol Bedrichov;;0.0;1.0;1.8;1;1.0;1 - 2;4.2;SK Okrisky;;0.0;2.0;3.1;2;2.0;-0.5;10 - 5;3-2;3.5;1.5;87 - 93;39 - 47;47.0;39.0;;;2.0;1.0;5.0;1.0;;;;;;;;112.0;138.0;93.0;87.0;;;8.0;1.0;11.0;2.0;;[16 18 32];[1 1 1];[False False False];['TJ Sokol Bedrichov' 'SK Okrisky' 'SK Okrisky'];[0 1 0];[ 1  0 -1];['D' 'H' 'D'];['H' 'D' 'A'];0.33;0.02;0.64;0.67;0.04;0.29;;;;;;;
2026-05-17;194646251;Czechia 5. Liga;Czech Republic;11:30;Full;True;0.13636363636363635;1.9;3.0, 3.5;1.9;3.0, 3.5;6.0;8.0;;2.0;7.0;9.0;199.0;136.0;;Ledec nad Sazavou;;0.0;3.0;2.0;1;1.0;1 - 1;4.0;Luka nad Jihlavou;;0.0;1.0;2.75;0;1.0;-0.25;6 - 8;2-7;3.25;1.25;62 - 74;30 - 39;39.0;30.0;;;3.0;3.0;5.0;3.0;;;;;;;;107.0;92.0;74.0;62.0;;;5.0;4.0;6.0;6.0;;[12 70];[1 2];[False False];['Ledec nad Sazavou' 'Luka nad Jihlavou'];[0 1];[1 0];['D' 'H'];['H' 'D'];0.36;0.64;0.0;0.27;0.73;0.0;;;;;;;
2026-05-17;194646253;Czechia 5. Liga;Czech Republic;11:30;Full;True;0.7349125775521714;1.95;3.5, 4.0;1.85;3.5, 4.0;7.0;3.0;;3.0;2.0;5.0;186.0;138.0;;TJ Nova Ves;;2.0;1.0;1.182;0;2.0;2 - 2;6.5;FC Zdas Zdar Nad Sazavou B;;1.0;4.0;9.0;1;2.0;-2.0;7 - 3;3-2;3.75;1.5;80 - 58;33 - 34;34.0;33.0;;;0.0;5.0;2.0;0.0;;;;;;;;95.0;91.0;58.0;80.0;;;7.0;8.0;3.0;3.0;;[13 61 63 80];[1 2 2 2];[False False False False];"['FC Zdas Zdar Nad Sazavou B' 'TJ Nova Ves' 'FC Zdas Zdar Nad Sazavou B'
 'TJ Nova Ves']";[ 0 -1  0 -1];[-1  0 -1  0];['D' 'A' 'D' 'A'];['A' 'D' 'A' 'D'];0.28;0.0;0.72;0.29;0.0;0.71;;;;;;;Youth
2026-05-17;193320661;Sweden Allsvenskan;Sweden;11:30;Full;True;-0.1515151515151515;1.925;2.5;1.875;2.5;6.0;4.0;;2.0;1.0;3.0;177.0;104.0;100.0;Västerås SK FK;;0.0;2.0;3.3;1;1.0;1 - 1;3.25;AIK;;0.0;6.0;2.2;1;1.0;+0.25;6 - 4;2-1;2.5;1.0;60 - 44;24 - 13;13.0;24.0;46.0;54.0;2.0;4.0;3.0;1.0;;;;;;;;84.0;93.0;44.0;60.0;42.0;58.0;3.0;10.0;4.0;4.0;;[45 49];[1 1];[False  True];['Västerås SK FK' 'AIK'];[0 1];[1 0];['D' 'H'];['H' 'D'];0.96;0.04;0.0;0.92;0.08;0.0;1775.0;1764.0;vasteraas sk;aik;1.8;1.75;
2026-05-17;194699296;Lithuania II Lyga;Lithuania;11:30;Full;True;-0.22297309188180842;1.95;3.5, 4.0;1.85;3.5, 4.0;5.0;6.0;;3.0;3.0;6.0;228.0;153.0;;FK Viltis Vilnius;3.0;0.0;1.0;3.1;1;2.0;2 - 2;4.0;FK Sirvena;8.0;0.0;3.0;1.833;0;2.0;+0.5;5 - 6;3-3;3.75;1.5;59 - 94;34 - 41;41.0;34.0;;;3.0;5.0;3.0;2.0;;;;;;;;137.0;91.0;94.0;59.0;;;13.0;12.0;7.0;4.0;;[42 61 68 79];[1 2 2 2];[False False False False];['FK Viltis Vilnius' 'FK Sirvena' 'FK Viltis Vilnius' 'FK Sirvena'];[0 1 0 1];[1 0 1 0];['D' 'H' 'D' 'H'];['H' 'D' 'H' 'D'];0.67;0.33;0.0;0.93;0.07;0.0;;;;;;;Youth
2026-05-17;193332616;Switzerland Super League;Switzerland;11:30;Full;True;0.31588090086246307;1.975;3.5, 4.0;1.825;3.5, 4.0;3.0;9.0;;0.0;5.0;5.0;193.0;103.0;100.0;St Gallen;;0.0;3.0;1.727;0;1.0;1 - 1;4.333;FC Thun;;0.0;2.0;3.8;0;1.0;-0.75;3 - 9;0-5;3.75;1.5;56 - 47;33 - 21;21.0;33.0;52.0;48.0;7.0;3.0;1.0;4.0;;;;;;;;84.0;109.0;47.0;56.0;50.0;50.0;17.0;11.0;4.0;7.0;;[65 73];[2 2];[False False];['St Gallen' 'FC Thun'];[0 1];[1 0];['D' 'H'];['H' 'D'];0.91;0.09;0.0;1.0;0.0;0.0;2442.0;2454.0;fc st. gallen 1879;fc thun;1.36;1.36;
2026-05-17;193332612;Switzerland Super League;Switzerland;11:30;Full;True;0.0;1.95;3.5;1.85;3.5;5.0;5.0;;3.0;5.0;8.0;181.0;139.0;100.0;Young Boys;;0.0;0.0;2.45;1;3.0;3 - 3;4.0;FC Sion;;0.0;3.0;2.45;1;3.0;0.0;5 - 5;3-5;3.5;1.5;55 - 84;31 - 45;45.0;31.0;48.0;52.0;1.0;6.0;6.0;2.0;;;;;;;;99.0;82.0;84.0;55.0;47.0;53.0;3.0;14.0;8.0;6.0;;[ 8 24 50 59 65 90];[1 1 2 2 2 2];[False False False False False False];['FC Sion' 'Young Boys' 'Young Boys' 'FC Sion' 'Young Boys' 'FC Sion'];[ 0 -1  0  1  0  1];[-1  0  1  0  1  0];['D' 'A' 'D' 'H' 'D' 'H'];['A' 'D' 'H' 'D' 'H' 'D'];0.44;0.38;0.18;0.64;0.0;0.36;2445.0;2452.0;young boys bern;fc sion;1.44;1.36;
2026-05-17;194653974;Tunisia Cup;Tunisia;11:30;Full;True;-0.40940383351901044;1.85;1.5, 2.0;1.95;1.5, 2.0;0.0;5.0;;0.0;1.0;1.0;208.0;130.0;;ES Metlaoui;;0.0;2.0;5.25;0;1.0;1 - 3;3.1;Esperance de Tunis;;0.0;2.0;1.667;1;3.0;+0.75;0 - 5;0-1;1.75;0.75;61 - 69;30 - 25;25.0;30.0;;;5.0;3.0;2.0;1.0;;;;;;;;110.0;98.0;69.0;61.0;;;9.0;6.0;9.0;3.0;;[ 1 58 60 69];[1 2 2 2];[False False False False];"['Esperance de Tunis' 'Esperance de Tunis' 'Esperance de Tunis'
 'ES Metlaoui']";[ 0 -1 -2 -3];[-1 -2 -3 -2];['D' 'A' 'A' 'A'];['A' 'A' 'A' 'A'];0.01;0.0;0.99;0.02;0.0;0.98;;59628.0;;esperance sportive de tunis;;;
2026-05-17;194645447;Israel Youth League;Israel;11:30;Full;True;-0.11255411255411252;1.825;3.0;1.975;3.0;3.0;4.0;;3.0;1.0;4.0;249.0;126.0;100.0;Hapoel Petah Tikva U19;;0.0;1.0;2.75;0;0.0;0 - 0;3.6;Hapoel Beer Sheva U19;;0.0;2.0;2.1;0;0.0;+0.25;3 - 4;3-1;3.0;1.25;37 - 89;24 - 49;49.0;24.0;52.0;48.0;4.0;4.0;0.0;1.0;;;;;;;;157.0;92.0;89.0;37.0;57.0;43.0;7.0;4.0;1.0;1.0;;[];[];[];[];[];[];[];[];1.0;0.0;0.0;1.0;0.0;0.0;;5202.0;;hapoel be`er sheva fc;;;Youth
2026-05-17;193713813;Hungary NB II;Hungary;11:30;Full;True;-0.2381201825937289;1.975;2.0, 2.5;1.825;2.0, 2.5;0.0;6.0;;0.0;2.0;2.0;223.0;97.0;;BVSC Zuglo;;0.0;2.0;3.5;2;4.0;4 - 1;3.3;Budapest Honved;;0.0;1.0;1.909;1;1.0;+0.5;0 - 6;0-2;2.25;1.0;33 - 64;27 - 26;26.0;27.0;;;2.0;3.0;1.0;5.0;;;;;;;;125.0;98.0;64.0;33.0;;;4.0;3.0;1.0;9.0;;[12 31 33 49 86];[1 1 1 2 2];[False False False False False];['Budapest Honved' 'BVSC Zuglo' 'BVSC Zuglo' 'BVSC Zuglo' 'BVSC Zuglo'];[ 0 -1  0  1  2];[-1  0  1  2  3];['D' 'A' 'D' 'H' 'H'];['A' 'D' 'H' 'H' 'H'];0.16;0.63;0.21;0.31;0.27;0.42;;1916.0;;budapest honved fc;;;Youth
2026-05-17;194647570;Italy Eccellenza;Italy;11:30;Full;True;0.09090909090909088;1.8;2.5;2.0;2.5;7.0;1.0;;2.0;0.0;2.0;164.0;69.0;100.0;Ars Et Labor Ferrara;;0.0;1.0;2.2;0;1.0;1 - 0;3.4;Medicina Fossatone ASD;;0.0;2.0;2.75;0;0.0;-0.25;7 - 1;2-0;2.5;1.0;43 - 26;23 - 11;11.0;23.0;37.0;63.0;1.0;4.0;0.0;1.0;;;;;;;;76.0;88.0;26.0;43.0;39.0;61.0;3.0;8.0;0.0;5.0;;[67];[2];[False];['Ars Et Labor Ferrara'];[0];[1];['D'];['H'];0.74;0.26;0.0;1.0;0.0;0.0;;;;;;;
2026-05-17;194527057;Portugal Segunda Liga;Portugal;11:30;Full;True;0.34433285509325684;1.925;2.5, 3.0;1.875;2.5, 3.0;9.0;8.0;;5.0;2.0;7.0;178.0;118.0;100.0;UD Leiria;6.0;0.0;1.0;1.7;1;2.0;2 - 2;3.5;Feirense;8.0;0.0;2.0;4.1;0;2.0;-0.75;9 - 8;5-2;2.75;1.25;61 - 57;24 - 38;38.0;24.0;54.0;46.0;3.0;3.0;0.0;3.0;;;;;;;;93.0;85.0;57.0;61.0;48.0;52.0;4.0;9.0;4.0;6.0;;[ 1 51 73 94];[1 2 2 2];[False False False  True];['UD Leiria' 'Feirense' 'Feirense' 'UD Leiria'];[ 0  1  0 -1];[ 1  0 -1  0];['D' 'H' 'D' 'A'];['H' 'D' 'A' 'D'];0.24;0.53;0.22;0.02;0.98;0.0;3000.0;4501.0;ud leiria;cd feirense;;;
2026-05-17;194649524;Kyrgyzstan Top Liga;Kyrgyzstan;11:30;Full;True;-0.024509803921568596;1.95;2.5;1.85;2.5;4.0;7.0;;1.0;6.0;7.0;135.0;143.0;;FC Abdish-Ata Kant;;0.0;2.0;2.55;1;1.0;1 - 2;3.25;FK Alay;;0.0;3.0;2.4;0;2.0;0.0;4 - 7;1-6;2.5;1.0;56 - 87;16 - 56;56.0;16.0;;;0.0;0.0;0.0;1.0;;;;;;;;68.0;67.0;87.0;56.0;;;0.0;0.0;2.0;1.0;;[51 57 64];[1 2 2];[ True False False];['FC Abdish-Ata Kant' 'FK Alay' 'FK Alay'];[0 1 0];[ 1  0 -1];['D' 'H' 'D'];['H' 'D' 'A'];0.64;0.07;0.29;1.0;0.0;0.0;;;;;;;
2026-05-17;194621766;Cameroon Elite One;Cameroon;11:30;Schedule;False;-0.08695652173913049;1.85;2.0, 2.5;1.95;2.0, 2.5;0.0;0.0;;0.0;0.0;0.0;0.0;0.0;;Victoria United;;0.0;0.0;2.875;0;0.0;0 - 0;3.0;Aigle Royal du Moungo;;0.0;0.0;2.3;0;0.0;-0.25;0 - 0;0-0;2.25;1.0;-;nan;;;;;;;;;;;;;;;;0.0;0.0;0.0;0.0;;;0.0;0.0;0.0;0.0;;[];[];[];[];[];[];[];[];1.0;0.0;0.0;1.0;0.0;0.0;;;;;;;
2026-05-17;194640881;Austria Landesliga;Austria;11:30;Full;True;0.4057502538142655;1.925;3.0;1.875;3.0;14.0;3.0;;9.0;0.0;9.0;151.0;86.0;100.0;ASV Neudorf/Parndorf;;0.0;1.0;1.571;2;4.0;4 - 2;3.9;Jennersdorf;;0.0;1.0;4.333;1;2.0;-1.0;14 - 3;9-0;3.0;1.25;42 - 44;22 - 18;18.0;22.0;37.0;63.0;3.0;5.0;2.0;3.0;;;;;;;;75.0;76.0;44.0;42.0;46.0;54.0;11.0;9.0;4.0;7.0;;[20 25 28 78 84 85];[1 1 1 2 2 2];[False False False False False False];"['ASV Neudorf/Parndorf' 'ASV Neudorf/Parndorf' 'Jennersdorf' 'Jennersdorf'
 'ASV Neudorf/Parndorf' 'ASV Neudorf/Parndorf']";[0 1 2 1 0 1];[1 2 1 0 1 2];['D' 'H' 'H' 'H' 'D' 'H'];['H' 'H' 'H' 'D' 'H' 'H'];0.29;0.71;0.0;0.44;0.56;0.0;;;;;;;
2026-05-17;194640875;Austria Amateur Cup;Austria;11:30;Schedule;False;-0.9414620217018846;1.875;5.5;1.925;5.5;0.0;0.0;;0.0;0.0;0.0;0.0;0.0;;SV Wolfau;;0.0;0.0;34.0;0;0.0;0 - 0;19.0;Oberwart;;0.0;0.0;1.03;0;0.0;+4.5;0 - 0;0-0;5.5;2.25;-;nan;;;;;;;;;;;;;;;;0.0;0.0;0.0;0.0;;;0.0;0.0;0.0;0.0;;[];[];[];[];[];[];[];[];1.0;0.0;0.0;1.0;0.0;0.0;;;;;;;
2026-05-17;194649529;Kyrgyzstan Top Liga;Kyrgyzstan;11:30;Full;True;0.08080808080808077;2.0;2.0, 2.5;1.8;2.0, 2.5;6.0;7.0;;4.0;1.0;5.0;120.0;121.0;;FC Talant;;1.0;3.0;2.25;0;1.0;1 - 1;3.25;OshMU Aldier;;1.0;4.0;2.75;0;1.0;-0.25;6 - 7;4-1;2.25;0.75;61 - 60;28 - 24;24.0;28.0;;;4.0;7.0;0.0;0.0;;;;;;;;47.0;73.0;60.0;61.0;;;11.0;7.0;1.0;1.0;;[61 77];[2 2];[False False];['FC Talant' 'OshMU Aldier'];[0 1];[1 0];['D' 'H'];['H' 'D'];0.82;0.18;0.0;1.0;0.0;0.0;;;;;;;
2026-05-17;194706300;Croatia 3.NL;Croatia;11:30;Schedule;False;0.13066202090592338;1.825;3.0, 3.5;1.975;3.0, 3.5;0.0;0.0;;0.0;0.0;0.0;0.0;0.0;;Rudar Mursko Sredisce;;0.0;0.0;2.05;0;0.0;0 - 0;3.6;HNK Daruvar;;0.0;0.0;2.8;0;0.0;-1.25;0 - 0;0-0;3.25;1.25;-;nan;;;;;;;;;;;;;;;;0.0;0.0;0.0;0.0;;;0.0;0.0;0.0;0.0;;[];[];[];[];[];[];[];[];1.0;0.0;0.0;1.0;0.0;0.0;;;;;;;
2026-05-17;194637839;Argentina Torneo A;Argentina;11:38;Full;True;0.4431818181818182;1.925;2.0;1.875;2.0;9.0;0.0;;1.0;0.0;1.0;0.0;0.0;100.0;Fundacion Amigos;;0.0;3.0;1.6;0;1.0;1 - 0;3.25;Huracan Las Heras;;0.0;2.0;5.5;0;0.0;-0.75;9 - 0;1-0;2.0;0.75;-;-;0.0;0.0;47.0;53.0;0.0;0.0;0.0;0.0;;;;;;;;0.0;0.0;0.0;0.0;47.0;53.0;0.0;0.0;0.0;1.0;;[84];[2];[False];['Fundacion Amigos'];[0];[1];['D'];['H'];0.93;0.07;0.0;1.0;0.0;0.0;;206435.0;;ca huracan las heras;;;
2026-05-17;194646518;Croatia First League Women;Croatia;12:00;Full;True;0.7280701754385965;1.825;3.0, 3.5;1.975;3.0, 3.5;4.0;3.0;;3.0;3.0;6.0;224.0;126.0;100.0;ZNK Agram (W);;0.0;0.0;1.2;0;4.0;4 - 1;5.5;NK Medimurje Cakovec (W);;1.0;2.0;9.5;1;1.0;-1.75;4 - 3;3-3;3.25;1.5;86 - 40;38 - 22;22.0;38.0;46.0;54.0;5.0;4.0;1.0;5.0;;;;;;;;95.0;129.0;40.0;86.0;41.0;59.0;5.0;14.0;3.0;16.0;;[36 55 68 74 80];[1 2 2 2 2];[False False False False False];"['NK Medimurje Cakovec (W)' 'ZNK Agram (W)' 'ZNK Agram (W)'
 'ZNK Agram (W)' 'ZNK Agram (W)']";[ 0 -1  0  1  2];[-1  0  1  2  3];['D' 'A' 'D' 'H' 'H'];['A' 'D' 'H' 'H' 'H'];0.54;0.24;0.21;0.8;0.0;0.2;;;;;;;Women
2026-05-17;193717889;Spain Primera Division RFEF Group 1;Spain;12:00;Full;True;0.3382352941176471;1.825;2.5;1.975;2.5;3.0;3.0;;1.0;1.0;2.0;268.0;112.0;100.0;Celta Fortuna;;0.0;1.0;1.7;0;0.0;0 - 1;3.5;Lugo;;0.0;2.0;4.0;0;1.0;-0.75;3 - 3;1-1;2.5;1.0;81 - 31;25 - 18;18.0;25.0;46.0;54.0;4.0;2.0;0.0;0.0;;;;;;;;104.0;164.0;31.0;81.0;40.0;60.0;5.0;6.0;2.0;3.0;;[94];[2];[ True];['Lugo'];[0];[-1];['D'];['A'];1.0;0.0;0.0;1.0;0.0;0.0;24336.0;24332.0;rc celta fortuna;cd lugo;1.83;1.8;
2026-05-17;194761002;Chile Ascenso Women;Chile;12:00;Full;True;0.04262574595055413;1.95;2.5, 3.0;1.85;2.5, 3.0;2.0;0.0;;1.0;0.0;1.0;117.0;138.0;;La Serena (W);;0.0;1.0;2.3;2;2.0;2 - 6;3.5;Cobreloa (W);;0.0;2.0;2.55;3;6.0;0.0;2 - 0;1-0;2.75;1.0;77 - 61;37 - 26;26.0;37.0;;;0.0;4.0;6.0;9.0;;;;;;;;49.0;68.0;61.0;77.0;;;3.0;8.0;11.0;10.0;;[ 5 11 17 38 43 69 75 77];[1 1 1 1 1 2 2 2];[False False False False False False False False];"['La Serena (W)' 'La Serena (W)' 'Cobreloa (W)' 'Cobreloa (W)'
 'Cobreloa (W)' 'Cobreloa (W)' 'Cobreloa (W)' 'Cobreloa (W)']";[ 0  1  2  1  0 -1 -2 -3];[ 1  2  1  0 -1 -2 -3 -4];['D' 'H' 'H' 'H' 'D' 'A' 'A' 'A'];['H' 'H' 'H' 'D' 'A' 'A' 'A' 'A'];0.11;0.37;0.52;0.22;0.73;0.04;5031.0;;deportes la serena;;;;Women
2026-05-17;194645900;Hungary NB III;Hungary;12:00;Full;True;0.050167224080267636;1.975;3.0, 3.5;1.825;3.0, 3.5;5.0;6.0;;2.0;3.0;5.0;191.0;187.0;;Godolloi SK;;0.0;2.0;2.3;0;3.0;3 - 1;3.4;Nyiregyhaza II;;0.0;0.0;2.6;0;1.0;0.0;5 - 6;2-3;3.25;1.25;87 - 100;38 - 58;58.0;38.0;;;1.0;3.0;1.0;1.0;;;;;;;;98.0;93.0;100.0;87.0;;;5.0;7.0;2.0;6.0;;[51 59 60 84];[2 2 2 2];[False False False False];['Godolloi SK' 'Godolloi SK' 'Godolloi SK' 'Nyiregyhaza II'];[0 1 2 3];[1 2 3 2];['D' 'H' 'H' 'H'];['H' 'H' 'H' 'H'];0.57;0.43;0.0;1.0;0.0;0.0;;5124.0;;nyiregyhaza spartacus fc;;;Youth
2026-05-17;194645916;Hungary NB III;Hungary;12:00;Full;True;-0.3776578017729787;2.0;2.5, 3.0;1.8;2.5, 3.0;1.0;6.0;;1.0;3.0;4.0;101.0;86.0;;Fuzesabonyi SC;;0.0;3.0;4.5;1;1.0;1 - 4;3.4;DEAC;;0.0;1.0;1.667;3;4.0;+0.75;1 - 6;1-3;2.75;1.0;24 - 62;9 - 40;40.0;9.0;;;5.0;0.0;5.0;2.0;;;;;;;;44.0;57.0;62.0;24.0;;;8.0;1.0;8.0;2.0;;[10 13 33 47 88];[1 1 1 1 2];[False False False  True False];['Fuzesabonyi SC' 'DEAC' 'DEAC' 'DEAC' 'DEAC'];[ 0  1  0 -1 -2];[ 1  0 -1 -2 -3];['D' 'H' 'D' 'A' 'A'];['H' 'D' 'A' 'A' 'A'];0.33;0.03;0.63;0.64;0.06;0.3;;;;;;;
2026-05-17;194646530;Czechia 4. Liga;Czech Republic;12:00;Full;True;-0.11743450767841018;1.95;3.0;1.85;3.0;6.0;6.0;;3.0;5.0;8.0;244.0;150.0;100.0;TJ Skastice;;0.0;0.0;2.7;2;2.0;2 - 3;4.0;SFK Holesov;;0.0;1.0;2.05;1;3.0;+0.25;6 - 6;3-5;3.0;1.25;68 - 82;20 - 49;49.0;20.0;67.0;33.0;4.0;1.0;2.0;3.0;;;;;;;;138.0;106.0;82.0;68.0;62.0;38.0;10.0;7.0;6.0;5.0;;[20 27 44 50 73];[1 1 1 2 2];[False False False False False];['TJ Skastice' 'TJ Skastice' 'SFK Holesov' 'SFK Holesov' 'SFK Holesov'];[0 1 2 1 0];[ 1  2  1  0 -1];['D' 'H' 'H' 'H' 'D'];['H' 'H' 'H' 'D' 'A'];0.48;0.33;0.19;0.44;0.56;0.0;;;;;;;
2026-05-17;194647300;Hungary NB III;Hungary;12:00;Schedule;False;-0.38109980834439044;2.0;3.0, 3.5;1.8;3.0, 3.5;0.0;0.0;;0.0;0.0;0.0;0.0;0.0;;Erdi VSE;;0.0;0.0;4.2;0;0.0;0 - 0;3.9;Kaposvari Rakoczi;;0.0;0.0;1.615;0;0.0;+0.75;0 - 0;0-0;3.25;1.25;-;nan;;;;;;;;;;;;;;;;0.0;0.0;0.0;0.0;;;0.0;0.0;0.0;0.0;;[];[];[];[];[];[];[];[];1.0;0.0;0.0;1.0;0.0;0.0;;;;;;;
2026-05-17;194639990;Latvia 1. Liga;Latvia;12:00;Schedule;False;0.43009349858664936;1.8;3.0;2.0;3.0;0.0;0.0;;0.0;0.0;0.0;0.0;0.0;;Skanstes SK;7.0;0.0;0.0;1.533;0;0.0;0 - 0;4.2;JFK Ventspils;11.0;0.0;0.0;4.5;0;0.0;-1.0;0 - 0;0-0;3.0;1.25;-;nan;;;;;;;;;;;;;;;;0.0;0.0;0.0;0.0;;;0.0;0.0;0.0;0.0;;[];[];[];[];[];[];[];[];1.0;0.0;0.0;1.0;0.0;0.0;;;;;;;
2026-05-17;194647277;Hungary NB III;Hungary;12:00;Full;True;-0.2161421606157069;1.8;2.5, 3.0;2.0;2.5, 3.0;1.0;7.0;;0.0;3.0;3.0;128.0;112.0;;Csepel;;0.0;1.0;3.25;1;1.0;1 - 4;3.5;Gyulai Termal;;0.0;1.0;1.909;2;4.0;+0.5;1 - 7;0-3;2.75;1.25;34 - 78;15 - 43;43.0;15.0;;;6.0;1.0;2.0;1.0;;;;;;;;78.0;50.0;78.0;34.0;;;11.0;7.0;4.0;2.0;;[ 9 32 39 62 67];[1 1 1 2 2];[False False False False False];['Gyulai Termal' 'Gyulai Termal' 'Csepel' 'Gyulai Termal' 'Gyulai Termal'];[ 0 -1 -2 -1 -2];[-1 -2 -1 -2 -3];['D' 'A' 'A' 'A' 'A'];['A' 'A' 'A' 'A' 'A'];0.1;0.0;0.9;0.2;0.0;0.8;;;;;;;
2026-05-17;194647295;Hungary NB III;Hungary;12:00;Full;True;0.008503401360544283;1.825;2.5, 3.0;1.975;2.5, 3.0;8.0;6.0;;6.0;3.0;9.0;152.0;161.0;;Penzugyor SE;;0.0;5.0;2.4;1;2.0;2 - 2;3.5;Szekszardi;;0.0;6.0;2.45;0;2.0;0.0;8 - 6;6-3;2.75;1.25;93 - 68;56 - 26;26.0;56.0;;;2.0;10.0;0.0;3.0;;;;;;;;89.0;63.0;68.0;93.0;;;9.0;15.0;3.0;5.0;;[43 53 73 97];[1 2 2 2];[False False False  True];['Penzugyor SE' 'Szekszardi' 'Penzugyor SE' 'Szekszardi'];[0 1 0 1];[1 0 1 0];['D' 'H' 'D' 'H'];['H' 'D' 'H' 'D'];0.65;0.35;0.0;0.96;0.04;0.0;;;;;;;
2026-05-17;194764506;Morocco Cup;Morocco;12:00;Full;True;-0.7979675617470894;1.9;2.5, 3.0;1.9;2.5, 3.0;5.0;7.0;;2.0;3.0;5.0;163.0;101.0;;Raja Beni Mellal;;1.0;3.0;13.0;0;0.0;0 - 2;8.5;WAC Casablanca;;0.0;1.0;1.143;0;2.0;+2.0;5 - 7;2-3;2.75;1.25;41 - 60;19 - 27;27.0;19.0;;;4.0;3.0;1.0;1.0;;;;;;;;80.0;83.0;60.0;41.0;;;8.0;6.0;5.0;2.0;;[63 92];[2 2];[False  True];['WAC Casablanca' 'WAC Casablanca'];[ 0 -1];[-1 -2];['D' 'A'];['A' 'A'];0.68;0.0;0.32;1.0;0.0;0.0;;36268.0;;wydad ac;;;
2026-05-17;193717895;Spain Primera Division RFEF Group 1;Spain;12:00;Full;True;0.15360983102918585;1.925;2.0, 2.5;1.875;2.0, 2.5;12.0;1.0;;4.0;1.0;5.0;193.0;143.0;100.0;CF Talavera;;0.0;1.0;2.1;0;0.0;0 - 0;3.2;Ourense CF;;0.0;4.0;3.1;0;0.0;-0.25;12 - 1;4-1;2.25;1.0;101 - 42;54 - 16;16.0;54.0;50.0;50.0;1.0;7.0;1.0;0.0;;;;;;;;87.0;106.0;42.0;101.0;50.0;50.0;2.0;10.0;1.0;1.0;;[];[];[];[];[];[];[];[];1.0;0.0;0.0;1.0;0.0;0.0;47567.0;369052.0;cf talavera de la reina;ourense cf;2.1;1.83;
2026-05-17;194640264;Scotland Premier League Women;Scotland;12:00;Full;True;0.325077399380805;1.825;3.0;1.975;3.0;2.0;2.0;;0.0;1.0;1.0;123.0;75.0;100.0;Motherwell (W);;0.0;1.0;1.7;1;2.0;2 - 2;3.6;Aberdeen (W);;0.0;1.0;3.8;0;2.0;-0.75;2 - 2;0-1;3.0;1.25;29 - 46;8 - 21;21.0;8.0;50.0;50.0;1.0;2.0;2.0;2.0;;;;;;;;56.0;67.0;46.0;29.0;50.0;50.0;3.0;5.0;5.0;3.0;;[24 61 81 85];[1 2 2 2];[False False False False];['Motherwell (W)' 'Aberdeen (W)' 'Aberdeen (W)' 'Motherwell (W)'];[ 0  1  0 -1];[ 1  0 -1  0];['D' 'H' 'D' 'A'];['H' 'D' 'A' 'D'];0.54;0.41;0.04;0.53;0.47;0.0;2346.0;2355.0;motherwell fc;aberdeen fc;;;Women
2026-05-17;194764500;Morocco Cup;Morocco;12:00;Schedule;False;-0.37527362244648194;2.0;2.0, 2.5;1.8;2.0, 2.5;0.0;0.0;;0.0;0.0;0.0;0.0;0.0;;KAC Kenitra;;0.0;0.0;4.333;0;0.0;0 - 0;3.6;IRT Tanger;;0.0;0.0;1.65;0;0.0;+0.75;0 - 0;0-0;2.25;1.0;-;nan;;;;;;;;;;;;;;;;0.0;0.0;0.0;0.0;;;0.0;0.0;0.0;0.0;;[];[];[];[];[];[];[];[];1.0;0.0;0.0;1.0;0.0;0.0;;87180.0;;ittihad tanger;;;
2026-05-17;194647306;Hungary NB III;Hungary;12:00;Full;True;0.11904761904761901;1.8;2.5, 3.0;2.0;2.5, 3.0;6.0;3.0;;5.0;3.0;8.0;144.0;156.0;;PEAC FC;;0.0;2.0;2.1;1;1.0;1 - 1;3.5;Balatonlelle SE;;0.0;3.0;2.8;1;1.0;-0.25;6 - 3;5-3;2.75;1.25;95 - 61;48 - 27;27.0;48.0;;;1.0;1.0;2.0;5.0;;;;;;;;68.0;76.0;61.0;95.0;;;4.0;2.0;4.0;5.0;;[ 4 42];[1 1];[False False];['PEAC FC' 'Balatonlelle SE'];[0 1];[1 0];['D' 'H'];['H' 'D'];0.58;0.42;0.0;0.16;0.84;0.0;;;;;;;
2026-05-17;194645435;Hungary NB III;Hungary;12:00;Full;True;-0.1313628899835796;1.925;2.5, 3.0;1.875;2.5, 3.0;3.0;7.0;;3.0;2.0;5.0;128.0;64.0;100.0;Mosonmagyarovari;;0.0;4.0;2.9;0;0.0;0 - 1;3.5;FC Tatabanya;;0.0;3.0;2.1;0;1.0;+0.25;3 - 7;3-2;2.75;1.25;35 - 29;20 - 14;14.0;20.0;56.0;44.0;3.0;1.0;2.0;3.0;;;;;;;;68.0;60.0;29.0;35.0;57.0;43.0;9.0;4.0;5.0;4.0;;[82];[2];[False];['FC Tatabanya'];[0];[-1];['D'];['A'];0.91;0.0;0.09;1.0;0.0;0.0;;;;;;;
2026-05-17;194645433;Hungary NB III;Hungary;12:00;Full;True;0.06349206349206349;1.875;2.5, 3.0;1.925;2.5, 3.0;8.0;4.0;;2.0;2.0;4.0;158.0;95.0;100.0;Budaorsi SC;;0.0;2.0;2.25;1;5.0;5 - 1;3.5;Veszprem FC;;0.0;1.0;2.625;0;1.0;-0.25;8 - 4;2-2;2.75;1.25;52 - 43;24 - 25;25.0;24.0;44.0;56.0;1.0;9.0;3.0;2.0;;;;;;;;70.0;88.0;43.0;52.0;45.0;55.0;3.0;17.0;7.0;7.0;;[18 46 57 68 72 75];[1 2 2 2 2 2];[False False False False False False];"['Budaorsi SC' 'Veszprem FC' 'Budaorsi SC' 'Budaorsi SC' 'Budaorsi SC'
 'Budaorsi SC']";[0 1 0 1 2 3];[1 0 1 2 3 4];['D' 'H' 'D' 'H' 'H' 'H'];['H' 'D' 'H' 'H' 'H' 'H'];0.32;0.68;0.0;0.4;0.6;0.0;;;;;;;
2026-05-17;194645295;Finland Kolmonen;Finland;12:00;Full;True;0.5238095238095238;2.0;3.5;1.8;3.5;2.0;3.0;;1.0;0.0;1.0;221.0;128.0;;JaPS II;;0.0;1.0;1.4;1;2.0;2 - 3;5.0;TuPS;;0.0;0.0;5.25;0;3.0;-1.5;2 - 3;1-0;3.5;1.5;58 - 70;26 - 39;39.0;26.0;;;5.0;3.0;3.0;2.0;;;;;;;;108.0;113.0;70.0;58.0;;;7.0;5.0;9.0;3.0;;[38 63 71 75 81];[1 2 2 2 2];[False False False False False];['JaPS II' 'JaPS II' 'TuPS' 'TuPS' 'TuPS'];[0 1 2 1 0];[ 1  2  1  0 -1];['D' 'H' 'H' 'H' 'D'];['H' 'H' 'H' 'D' 'A'];0.49;0.41;0.1;0.84;0.16;0.0;23422.0;;japs;;;;Youth
2026-05-17;194643054;Serbia Prva Liga;Serbia;12:00;Full;True;-0.08995502248875564;1.825;2.0;1.975;2.0;2.0;3.0;;1.0;0.0;1.0;250.0;93.0;100.0;FK Kabel Novi Sad;;0.0;2.0;2.9;0;0.0;0 - 2;2.875;FK Graficar Beograd;;0.0;2.0;2.3;1;2.0;+0.25;2 - 3;1-0;2.0;0.75;49 - 44;30 - 18;18.0;30.0;54.0;46.0;2.0;1.0;2.0;2.0;;;;;;;;123.0;127.0;44.0;49.0;51.0;49.0;6.0;5.0;5.0;3.0;;[11 82];[1 2];[False False];['FK Graficar Beograd' 'FK Graficar Beograd'];[ 0 -1];[-1 -2];['D' 'A'];['A' 'A'];0.12;0.0;0.88;0.24;0.0;0.76;;;;;;;
2026-05-17;193713823;Hungary NB II;Hungary;12:00;Full;True;0.27027027027027023;1.825;2.0, 2.5;1.975;2.0, 2.5;3.0;6.0;;3.0;2.0;5.0;143.0;65.0;100.0;Mezokovesd Zsory;4.0;0.0;2.0;1.85;0;0.0;0 - 1;3.3;Bekescsabai Elore SE;16.0;0.0;4.0;3.7;0;1.0;-0.5;3 - 6;3-2;2.25;1.0;37 - 28;19 - 11;11.0;19.0;44.0;56.0;1.0;2.0;0.0;1.0;;;;;;;;75.0;68.0;28.0;37.0;48.0;52.0;3.0;5.0;2.0;4.0;;[55];[2];[False];['Bekescsabai Elore SE'];[0];[-1];['D'];['A'];0.61;0.0;0.39;1.0;0.0;0.0;;;;;;;Youth
2026-05-17;194537212;Ukraine Vyscha Liga;Ukraine;12:00;Full;True;0.2923976608187135;2.025;2.5;1.775;2.5;10.0;4.0;;6.0;1.0;7.0;142.0;99.0;100.0;Karpaty Lviv;9.0;0.0;3.0;1.8;0;2.0;2 - 0;3.3;FC Veres Rivne;10.0;0.0;2.0;3.8;0;0.0;-0.5;10 - 4;6-1;2.5;1.0;66 - 33;39 - 16;16.0;39.0;34.0;66.0;1.0;4.0;1.0;3.0;;;;;;;;65.0;77.0;33.0;66.0;38.0;62.0;4.0;6.0;2.0;6.0;;[55 70];[2 2];[False False];['Karpaty Lviv' 'Karpaty Lviv'];[0 1];[1 2];['D' 'H'];['H' 'H'];0.61;0.39;0.0;1.0;0.0;0.0;3316.0;213180.0;karpaty lviv;veres rivne;;;
2026-05-17;194645922;Hungary NB III;Hungary;12:00;Full;True;0.2514360899842752;1.8;2.5, 3.0;2.0;2.5, 3.0;8.0;5.0;;4.0;1.0;5.0;250.0;158.0;;Komarom VSE;;0.0;3.0;1.833;1;3.0;3 - 1;3.6;ETO Akademia;;0.0;2.0;3.4;0;1.0;-0.5;8 - 5;4-1;2.75;1.0;81 - 77;51 - 30;30.0;51.0;;;2.0;4.0;1.0;5.0;;;;;;;;135.0;115.0;77.0;81.0;;;4.0;7.0;6.0;10.0;;[ 8 52 59 84];[1 2 2 2];[False False False False];['Komarom VSE' 'ETO Akademia' 'Komarom VSE' 'Komarom VSE'];[0 1 0 1];[1 0 1 2];['D' 'H' 'D' 'H'];['H' 'D' 'H' 'H'];0.17;0.83;0.0;0.18;0.82;0.0;;;;;;;
2026-05-17;194091123;Serbia Super Liga;Serbia;12:00;Full;True;0.02721088435374147;1.975;2.5;1.825;2.5;4.0;1.0;;2.0;0.0;2.0;187.0;88.0;100.0;FK Novi Pazar;5.0;1.0;1.0;2.45;1;2.0;2 - 2;3.1;FK Zeleznicar Pancevo;4.0;0.0;0.0;2.625;0;2.0;0.0;4 - 1;2-0;2.5;1.0;38 - 50;13 - 15;15.0;13.0;50.0;50.0;0.0;1.0;0.0;2.0;;;;;;;;99.0;88.0;50.0;38.0;50.0;50.0;0.0;3.0;2.0;5.0;;[ 9 58 76 95];[1 2 2 2];[False False False  True];"['FK Novi Pazar' 'FK Novi Pazar' 'FK Zeleznicar Pancevo'
 'FK Zeleznicar Pancevo']";[0 1 2 1];[1 2 1 0];['D' 'H' 'H' 'H'];['H' 'H' 'H' 'D'];0.09;0.91;0.0;0.2;0.8;0.0;25736.0;425695.0;fk novi pazar;fk zeleznicar pancevo;1.66;1.8;
2026-05-17;193717960;Spain Primera Division RFEF Group 1;Spain;12:00;Full;True;0.1620859760394644;1.775;2.0;2.025;2.0;6.0;2.0;;2.0;2.0;4.0;223.0;124.0;100.0;Zamora CF;;0.0;1.0;2.15;1;1.0;1 - 2;2.875;Cacereno;;0.0;0.0;3.3;0;2.0;-0.25;6 - 2;2-2;2.0;0.75;68 - 56;29 - 33;33.0;29.0;50.0;50.0;4.0;4.0;0.0;3.0;;;;;;;;109.0;114.0;56.0;68.0;50.0;50.0;7.0;8.0;3.0;6.0;;[38 72 89];[1 2 2];[False False False];['Zamora CF' 'Cacereno' 'Cacereno'];[0 1 0];[ 1  0 -1];['D' 'H' 'D'];['H' 'D' 'A'];0.61;0.38;0.01;0.84;0.16;0.0;24379.0;2878.0;zamora cf;cp cacereno sad;1.83;2.1;
2026-05-17;193717950;Spain Primera Division RFEF Group 1;Spain;12:00;Full;True;0.17530487804878053;1.95;2.0, 2.5;1.85;2.0, 2.5;3.0;5.0;;2.0;3.0;5.0;188.0;87.0;100.0;Tenerife;;0.0;0.0;2.05;2;3.0;3 - 0;3.1;Pontevedra;;1.0;1.0;3.2;0;0.0;-0.25;3 - 5;2-3;2.25;1.0;52 - 35;24 - 21;21.0;24.0;50.0;50.0;2.0;3.0;1.0;3.0;;;;;;;;76.0;112.0;35.0;52.0;50.0;50.0;5.0;8.0;3.0;5.0;;[10 18 49];[1 1 2];[False False False];['Tenerife' 'Tenerife' 'Tenerife'];[0 1 2];[1 2 3];['D' 'H' 'H'];['H' 'H' 'H'];0.11;0.89;0.0;0.22;0.78;0.0;2822.0;4941.0;tenerife cd;pontevedra cf;2.1;1.9;
2026-05-17;193717940;Spain Primera Division RFEF Group 1;Spain;12:00;Full;True;0.6821384169084127;1.825;2.5;1.975;2.5;9.0;5.0;;8.0;1.0;9.0;212.0;122.0;100.0;Real Madrid Castilla;;0.0;4.0;1.27;2;3.0;3 - 3;4.5;Arenas Club de Getxo;;0.0;3.0;9.5;2;3.0;-1.5;9 - 5;8-1;2.5;1.0;74 - 48;37 - 18;18.0;37.0;42.0;58.0;2.0;5.0;2.0;5.0;;;;;;;;103.0;109.0;48.0;74.0;43.0;57.0;4.0;12.0;5.0;8.0;;[19 42 45 49 92 95];[1 1 1 1 2 2];[False False False  True  True  True];"['Arenas Club de Getxo' 'Arenas Club de Getxo' 'Real Madrid Castilla'
 'Real Madrid Castilla' 'Arenas Club de Getxo' 'Real Madrid Castilla']";[ 0 -1 -2 -1  0 -1];[-1 -2 -1  0 -1  0];['D' 'A' 'A' 'A' 'D' 'A'];['A' 'A' 'A' 'D' 'A' 'D'];0.65;0.0;0.35;0.39;0.0;0.61;5069.0;216196.0;real madrid castilla;arenas club getxo;1.83;2.75;
2026-05-17;193717925;Spain Primera Division RFEF Group 1;Spain;12:00;Full;True;-0.024509803921568596;1.975;2.5;1.825;2.5;4.0;5.0;;1.0;2.0;3.0;238.0;137.0;100.0;Real Aviles CF;;0.0;1.0;2.55;1;1.0;1 - 4;3.2;Barakaldo;;0.0;2.0;2.4;2;4.0;0.0;4 - 5;1-2;2.5;1.0;59 - 78;25 - 38;38.0;25.0;53.0;47.0;3.0;5.0;4.0;2.0;;;;;;;;127.0;111.0;78.0;59.0;57.0;43.0;7.0;8.0;8.0;3.0;;[ 5 29 38 77 91];[1 1 1 2 2];[False False False False  True];['Real Aviles CF' 'Barakaldo' 'Barakaldo' 'Barakaldo' 'Barakaldo'];[ 0  1  0 -1 -2];[ 1  0 -1 -2 -3];['D' 'H' 'D' 'A' 'A'];['H' 'D' 'A' 'A' 'A'];0.15;0.26;0.58;0.31;0.53;0.16;77397.0;2879.0;real aviles cf;barakaldo cf;1.83;1.8;
2026-05-17;194652992;Morocco Cup;Morocco;12:00;Full;True;-0.19696969696969696;1.825;2.0;1.975;2.0;2.0;6.0;;1.0;2.0;3.0;161.0;99.0;100.0;US Amal Tiznit;;0.0;1.0;3.3;0;0.0;0 - 3;3.25;Difaa El Jadida;;0.0;2.0;2.0;2;3.0;+0.25;2 - 6;1-2;2.0;0.75;44 - 55;18 - 26;26.0;18.0;55.0;45.0;4.0;6.0;3.0;1.0;;;;;;;;78.0;83.0;55.0;44.0;57.0;43.0;7.0;7.0;8.0;1.0;;[21 26 81];[1 1 2];[False False False];['Difaa El Jadida' 'Difaa El Jadida' 'Difaa El Jadida'];[ 0 -1 -2];[-1 -2 -3];['D' 'A' 'A'];['A' 'A' 'A'];0.23;0.0;0.77;0.47;0.0;0.53;;55043.0;;difaa hassani d'el-jadida;;;
2026-05-17;193717905;Spain Primera Division RFEF Group 1;Spain;12:00;Full;False;-0.046296296296296335;1.875;2.0, 2.5;1.925;2.0, 2.5;5.0;0.0;;1.0;0.0;1.0;0.0;0.0;100.0;Racing Ferrol;;0.0;6.0;2.7;0;0.0;0 - 0;3.0;Osasuna B;;0.0;3.0;2.4;0;0.0;0.0;5 - 0;1-0;2.25;1.0;-;-;0.0;0.0;;;0.0;0.0;0.0;0.0;;;;;;;;0.0;0.0;0.0;0.0;52.0;48.0;0.0;0.0;0.0;0.0;;[];[];[];[];[];[];[];[];1.0;0.0;0.0;1.0;0.0;0.0;2843.0;24328.0;racing club de ferrol;ca osasuna b;1.83;1.83;Youth
2026-05-17;194640258;Scotland Women Premier League 2;Scotland;12:00;Full;True;-0.037878787878787845;1.8;3.0, 3.5;2.0;3.0, 3.5;5.0;5.0;;5.0;2.0;7.0;109.0;83.0;100.0;St Johnstone (W);;0.0;1.0;2.4;1;2.0;2 - 1;4.1;East Fife (W);;0.0;1.0;2.2;0;1.0;0.0;5 - 5;5-2;3.25;1.5;50 - 33;23 - 16;16.0;23.0;47.0;53.0;1.0;8.0;2.0;6.0;;;;;;;;55.0;54.0;33.0;50.0;52.0;48.0;4.0;13.0;6.0;8.0;;[35 79 93];[1 2 2];[False False  True];['St Johnstone (W)' 'East Fife (W)' 'St Johnstone (W)'];[0 1 0];[1 0 1];['D' 'H' 'D'];['H' 'D' 'H'];0.53;0.47;0.0;0.78;0.22;0.0;2348.0;2382.0;st. johnstone fc;east fife fc;;;Women
2026-05-17;193717882;Spain Primera Division RFEF Group 1;Spain;12:00;Full;True;0.13196480938416422;1.9;2.0, 2.5;1.9;2.0, 2.5;6.0;4.0;;4.0;1.0;5.0;225.0;114.0;100.0;Athletic Bilbao B;;0.0;2.0;2.2;1;2.0;2 - 1;3.0;CD Guadalajara S.A.D.;;0.0;1.0;3.1;0;1.0;-0.25;6 - 4;4-1;2.25;1.0;60 - 54;35 - 16;16.0;35.0;40.0;60.0;3.0;1.0;0.0;1.0;;;;;;;;102.0;123.0;54.0;60.0;50.0;50.0;8.0;5.0;1.0;3.0;;[28 70 77];[1 2 2];[False False False];['Athletic Bilbao B' 'Athletic Bilbao B' 'CD Guadalajara S.A.D.'];[0 1 2];[1 2 1];['D' 'H' 'H'];['H' 'H' 'H'];0.31;0.69;0.0;0.62;0.38;0.0;24324.0;;athletic bilbao b;;;;Youth
2026-05-17;194646523;Czechia 4. Liga;Czech Republic;12:00;Full;True;-0.10582010582010581;1.975;3.0, 3.5;1.825;3.0, 3.5;3.0;8.0;;3.0;4.0;7.0;222.0;78.0;100.0;TJ Svitavy;;1.0;3.0;2.7;1;1.0;1 - 2;3.9;MFK Chrudim B;;0.0;3.0;2.1;1;2.0;+0.25;3 - 8;3-4;3.25;1.25;34 - 44;16 - 20;20.0;16.0;53.0;47.0;3.0;1.0;2.0;4.0;;;;;;;;121.0;101.0;44.0;34.0;57.0;43.0;4.0;5.0;6.0;5.0;;[ 1  7 55];[1 1 2];[False False False];['MFK Chrudim B' 'TJ Svitavy' 'MFK Chrudim B'];[ 0 -1  0];[-1  0 -1];['D' 'A' 'D'];['A' 'D' 'A'];0.54;0.0;0.46;0.87;0.0;0.13;;36741.0;;mfk chrudim;;;Youth
2026-05-17;194785428;Kazakhstan Premier League;Kazakhstan;12:00;Full;True;0.5476190476190477;1.9;2.5, 3.0;1.9;2.5, 3.0;2.0;0.0;;2.0;0.0;2.0;173.0;100.0;100.0;Ordabasy Shymkent;;0.0;5.0;1.4;0;2.0;2 - 1;4.1;Zhetysu;;1.0;2.0;6.0;1;1.0;-1.25;2 - 0;2-0;2.75;1.25;63 - 37;27 - 21;21.0;27.0;42.0;58.0;4.0;2.0;2.0;1.0;;;;;;;;75.0;98.0;37.0;63.0;39.0;61.0;6.0;11.0;2.0;7.0;;[37 72 98];[1 2 2];[False False  True];['Zhetysu' 'Ordabasy Shymkent' 'Ordabasy Shymkent'];[ 0 -1  0];[-1  0  1];['D' 'A' 'D'];['A' 'D' 'H'];0.64;0.0;0.36;0.82;0.0;0.18;;;;;;;
2026-05-17;194621770;Cameroon Elite One;Cameroon;12:00;Full;True;0.47049753899068975;2.05;2.0, 2.5;1.75;2.0, 2.5;3.0;2.0;;2.0;0.0;2.0;175.0;51.0;100.0;Colombe du Dja et Lobo;;0.0;1.0;1.533;1;2.0;2 - 0;3.7;Panthere Sportive Du Nde;;0.0;2.0;5.5;0;0.0;-0.75;3 - 2;2-0;2.25;0.75;24 - 27;7 - 10;10.0;7.0;53.0;47.0;2.0;1.0;0.0;1.0;;;;;;;;87.0;88.0;27.0;24.0;59.0;41.0;4.0;2.0;1.0;4.0;;[18 51];[1 2];[False False];['Colombe du Dja et Lobo' 'Colombe du Dja et Lobo'];[0 1];[1 2];['D' 'H'];['H' 'H'];0.2;0.8;0.0;0.4;0.6;0.0;;;;;;;
2026-05-17;194698611;Austria Landesliga;Austria;12:00;Full;True;0.26143790849673204;2.0;3.0;1.8;3.0;3.0;5.0;;3.0;2.0;5.0;138.0;123.0;100.0;KAC 1909;;0.0;1.0;1.8;1;1.0;1 - 1;4.0;Austria Klagenfurt II;;0.0;0.0;3.4;1;1.0;-0.5;3 - 5;3-2;3.0;1.25;58 - 65;24 - 33;33.0;24.0;53.0;47.0;4.0;4.0;2.0;2.0;;;;;;;;73.0;65.0;65.0;58.0;57.0;43.0;11.0;6.0;5.0;2.0;;[11 42];[1 1];[False False];['KAC 1909' 'Austria Klagenfurt II'];[0 1];[1 0];['D' 'H'];['H' 'D'];0.66;0.34;0.0;0.31;0.69;0.0;;43254.0;;sk austria klagenfurt;;;Youth
2026-05-17;194658466;Poland IV Liga;Poland;12:00;Full;True;0.08780487804878051;1.9;3.5;1.9;3.5;9.0;9.0;;5.0;6.0;11.0;120.0;86.0;100.0;Mechanik Bobolice;;0.0;2.0;2.05;1;2.0;2 - 3;4.2;Gryf Kamien Pomorski;;0.0;3.0;2.5;0;3.0;-0.25;9 - 9;5-6;3.5;1.5;38 - 48;19 - 23;23.0;19.0;53.0;47.0;7.0;2.0;3.0;3.0;;;;;;;;60.0;60.0;48.0;38.0;58.0;42.0;11.0;7.0;7.0;5.0;;[ 8 74 83 84 86];[1 2 2 2 2];[False False False False False];"['Mechanik Bobolice' 'Gryf Kamien Pomorski' 'Gryf Kamien Pomorski'
 'Mechanik Bobolice' 'Gryf Kamien Pomorski']";[ 0  1  0 -1  0];[ 1  0 -1  0 -1];['D' 'H' 'D' 'A' 'D'];['H' 'D' 'A' 'D' 'A'];0.21;0.73;0.06;0.18;0.82;0.0;;;;;;;
2026-05-17;194698619;Bosnia & Herzegovina 1st League;Bosnia;12:00;Full;True;0.36215816703621584;1.95;2.5, 3.0;1.85;2.5, 3.0;4.0;4.0;;0.0;2.0;2.0;91.0;69.0;100.0;NK Stupcanica Olovo;;0.0;0.0;1.65;0;1.0;1 - 1;3.75;Sloboda Tuzla;;0.0;1.0;4.1;0;1.0;-0.75;4 - 4;0-2;2.75;1.0;36 - 33;13 - 17;17.0;13.0;51.0;49.0;2.0;2.0;0.0;0.0;;;;;;;;49.0;42.0;33.0;36.0;45.0;55.0;4.0;4.0;2.0;1.0;;[55 76];[2 2];[False False];['NK Stupcanica Olovo' 'Sloboda Tuzla'];[0 1];[1 0];['D' 'H'];['H' 'D'];0.77;0.23;0.0;1.0;0.0;0.0;;;;;;;
2026-05-17;193717875;Spain Primera Division RFEF Group 1;Spain;12:00;Full;True;-0.6358974358974359;1.775;2.0, 2.5;2.025;2.0, 2.5;3.0;7.0;;0.0;1.0;1.0;225.0;153.0;100.0;CD Arenteiro;;1.0;4.0;7.5;0;0.0;0 - 1;4.5;Ponferradina;;0.0;2.0;1.3;1;1.0;+1.25;3 - 7;0-1;2.25;1.0;48 - 105;20 - 55;55.0;20.0;50.0;50.0;7.0;0.0;1.0;1.0;;;;;;;;131.0;94.0;105.0;48.0;50.0;50.0;14.0;4.0;4.0;1.0;;[34];[1];[False];['Ponferradina'];[0];[-1];['D'];['A'];0.38;0.0;0.62;0.76;0.0;0.24;366802.0;6195.0;cd arenteiro;sd ponferradina;2.1;2.62;
2026-05-17;193717867;Spain Primera Division RFEF Group 1;Spain;12:00;Full;True;0.059523809523809534;1.8;2.0;2.0;2.0;4.0;4.0;;3.0;1.0;4.0;164.0;82.0;100.0;Merida;;0.0;6.0;2.4;1;1.0;1 - 1;2.875;Unionistas de Salamanca CF;;0.0;2.0;2.8;1;1.0;0.0;4 - 4;3-1;2.0;0.75;47 - 35;28 - 12;12.0;28.0;64.0;36.0;1.0;7.0;1.0;4.0;;;;;;;;75.0;89.0;35.0;47.0;60.0;40.0;8.0;11.0;3.0;6.0;;[37 46];[1 1];[False  True];['Merida' 'Unionistas de Salamanca CF'];[0 1];[1 0];['D' 'H'];['H' 'D'];0.9;0.1;0.0;0.8;0.2;0.0;24351.0;286017.0;merida ad;unionistas de salamanca cf;1.8;2.0;
2026-05-17;194659376;Spain Tercera Group 2;Spain;12:00;Full;True;-0.284130284130284;2.025;2.0, 2.5;1.775;2.0, 2.5;1.0;4.0;;0.0;0.0;0.0;165.0;119.0;;Mosconia;;0.0;0.0;3.9;0;0.0;0 - 0;3.2;Covadonga;;0.0;1.0;1.85;0;0.0;+0.5;1 - 4;0-0;2.25;0.75;46 - 73;22 - 29;29.0;22.0;;;0.0;1.0;0.0;1.0;;;;;;;;104.0;61.0;73.0;46.0;;;0.0;2.0;0.0;1.0;;[];[];[];[];[];[];[];[];1.0;0.0;0.0;1.0;0.0;0.0;;;;;;;
2026-05-17;194698631;Bosnia & Herzegovina U19 Liga;Bosnia;12:00;Full;True;-0.1679929266136163;1.9;3.0;1.9;3.0;4.0;5.0;;3.0;2.0;5.0;156.0;76.0;100.0;NK Celik Zenica U19;;0.0;2.0;2.9;0;1.0;1 - 2;3.9;Zeljeznicar U19;;0.0;3.0;1.95;2;2.0;+0.5;4 - 5;3-2;3.0;1.25;26 - 50;14 - 27;27.0;14.0;54.0;46.0;3.0;1.0;3.0;2.0;;;;;;;;84.0;72.0;50.0;26.0;56.0;44.0;9.0;3.0;5.0;5.0;;[37 41 85];[1 1 2];[False False False];['Zeljeznicar U19' 'Zeljeznicar U19' 'NK Celik Zenica U19'];[ 0 -1 -2];[-1 -2 -1];['D' 'A' 'A'];['A' 'A' 'A'];0.41;0.0;0.59;0.82;0.0;0.18;;;;;;;Youth
2026-05-17;194698597;Angola Girabola;Angola;12:00;Full;True;0.5996376811594204;1.85;2.0, 2.5;1.95;2.0, 2.5;1.0;9.0;;0.0;7.0;7.0;172.0;97.0;;Wiliete SC;;0.0;1.0;1.38;1;1.0;1 - 0;3.9;Luanda City;;0.0;1.0;8.0;0;0.0;-1.25;1 - 9;0-7;2.25;1.0;46 - 51;19 - 22;22.0;19.0;;;4.0;1.0;4.0;1.0;;;;;;;;84.0;88.0;51.0;46.0;;;10.0;4.0;5.0;2.0;;[32];[1];[False];['Wiliete SC'];[0];[1];['D'];['H'];0.36;0.64;0.0;0.71;0.29;0.0;;;;;;;
2026-05-17;193713829;Hungary NB II;Hungary;12:00;Full;True;0.024509803921568596;1.825;2.5;1.975;2.5;10.0;1.0;;4.0;1.0;5.0;201.0;154.0;;Tiszakecske FC;;0.0;3.0;2.4;0;1.0;1 - 2;3.25;Szentlorinc SE;;0.0;1.0;2.55;2;2.0;0.0;10 - 1;4-1;2.5;1.25;102 - 52;53 - 27;27.0;53.0;;;0.0;4.0;4.0;3.0;;;;;;;;82.0;119.0;52.0;102.0;;;3.0;8.0;4.0;7.0;;[10 15 57];[1 1 2];[False False False];['Szentlorinc SE' 'Szentlorinc SE' 'Tiszakecske FC'];[ 0 -1 -2];[-1 -2 -1];['D' 'A' 'A'];['A' 'A' 'A'];0.11;0.0;0.89;0.22;0.0;0.78;;;;;;;Youth
2026-05-17;194638916;Czechia 3. Liga;Czech Republic;12:00;Schedule;False;-0.5020445851470783;1.8;3.0;2.0;3.0;0.0;0.0;;0.0;0.0;0.0;0.0;0.0;;Polanka;;0.0;0.0;5.25;0;0.0;0 - 0;4.333;FK Hodonin;;0.0;0.0;1.444;0;0.0;+1.25;0 - 0;0-0;3.0;1.25;-;nan;;;;;;;;;;;;;;;;0.0;0.0;0.0;0.0;;;0.0;0.0;0.0;0.0;;[];[];[];[];[];[];[];[];1.0;0.0;0.0;1.0;0.0;0.0;;;;;;;
2026-05-17;193286265;Poland II Liga;Poland;12:00;Full;True;0.044579533941236094;1.775;2.0, 2.5;2.025;2.0, 2.5;5.0;5.0;;3.0;1.0;4.0;150.0;94.0;100.0;Hutnik Krakow;;0.0;2.0;2.35;1;1.0;1 - 0;3.2;Podhale Nowy Targ;;0.0;4.0;2.625;0;0.0;0.0;5 - 5;3-1;2.25;1.0;35 - 59;23 - 21;21.0;23.0;51.0;49.0;3.0;3.0;2.0;1.0;;;;;;;;80.0;70.0;59.0;35.0;58.0;42.0;9.0;6.0;4.0;3.0;;[45];[1];[False];['Hutnik Krakow'];[0];[1];['D'];['H'];0.5;0.5;0.0;1.0;0.0;0.0;38719.0;350248.0;ks hutnik krakow ssa;podhale nowy targ;1.66;1.83;Youth
2026-05-17;194658426;Poland III Liga;Poland;12:00;Full;True;-0.17948717948717957;1.8;2.5, 3.0;2.0;2.5, 3.0;3.0;3.0;;0.0;2.0;2.0;206.0;100.0;100.0;GKS Wikielec;;0.0;2.0;3.0;0;1.0;1 - 1;3.7;Warta Sieradz;;0.0;1.0;1.95;1;1.0;+0.25;3 - 3;0-2;2.75;1.25;36 - 64;13 - 31;31.0;13.0;70.0;30.0;6.0;1.0;4.0;2.0;;;;;;;;118.0;88.0;64.0;36.0;61.0;39.0;13.0;6.0;6.0;5.0;;[32 78];[1 2];[False False];['Warta Sieradz' 'GKS Wikielec'];[ 0 -1];[-1  0];['D' 'A'];['A' 'D'];0.49;0.0;0.51;0.71;0.0;0.29;;;;;;;
2026-05-17;194658409;Peru Campeonato Nacional Women;Peru;12:00;Schedule;False;0.23219814241486064;1.825;3.0;1.975;3.0;0.0;0.0;;0.0;0.0;0.0;8.0;11.0;;Yanapuma (W);7.0;0.0;0.0;1.9;0;0.0;0 - 0;3.5;Flamengo FBC (W);9.0;0.0;0.0;3.4;0;0.0;-0.5 ( -1);0 - 0;0-0;3.0 (2.75);1.25 (1.25);8 - 3;nan;;;;;;;;;;;;;;;;2.0;6.0;3.0;8.0;;;0.0;0.0;0.0;0.0;;[];[];[];[];[];[];[];[];1.0;0.0;0.0;1.0;0.0;0.0;;;;;;;Women
2026-05-17;193320783;Sweden Superettan;Sweden;12:00;Full;True;0.24060150375939848;1.85;2.5;1.95;2.5;6.0;4.0;;3.0;2.0;5.0;148.0;75.0;100.0;IFK Varnamo;1.0;0.0;2.0;1.9;0;2.0;2 - 2;3.4;Norrby IF;1.0;0.0;3.0;3.5;0;2.0;-0.5;6 - 4;3-2;2.5;1.0;38 - 37;21 - 13;13.0;21.0;49.0;51.0;1.0;5.0;3.0;2.0;;;;;;;;74.0;74.0;37.0;38.0;46.0;54.0;1.0;8.0;6.0;4.0;;[58 66 79 88];[2 2 2 2];[False False False False];['IFK Varnamo' 'Norrby IF' 'IFK Varnamo' 'Norrby IF'];[0 1 0 1];[1 0 1 0];['D' 'H' 'D' 'H'];['H' 'D' 'H' 'D'];0.81;0.19;0.0;1.0;0.0;0.0;1842.0;1849.0;ifk varnamo;norrby if;1.75;1.75;
2026-05-17;194658460;Poland IV Liga;Poland;12:00;Full;True;0.7183306055646481;1.925;2.5;1.875;2.5;8.0;2.0;;7.0;0.0;7.0;159.0;93.0;100.0;GKS Nowiny;;0.0;1.0;1.222;3;6.0;6 - 0;5.0;Piaskowianka Piaski;;0.0;1.0;10.0;0;0.0;-1.5;8 - 2;7-0;2.5;1.0;65 - 28;31 - 13;13.0;31.0;31.0;69.0;3.0;5.0;1.0;4.0;;;;;;;;58.0;101.0;28.0;65.0;34.0;66.0;9.0;10.0;1.0;10.0;;[ 2 11 36 55 59 87];[1 1 1 2 2 2];[False False False False False False];"['GKS Nowiny' 'GKS Nowiny' 'GKS Nowiny' 'GKS Nowiny' 'GKS Nowiny'
 'GKS Nowiny']";[0 1 2 3 4 5];[1 2 3 4 5 6];['D' 'H' 'H' 'H' 'H' 'H'];['H' 'H' 'H' 'H' 'H' 'H'];0.02;0.98;0.0;0.04;0.96;0.0;;;;;;;
2026-05-17;194652200;Spain Tercera Group 16;Spain;12:00;Full;True;0.28528528528528535;1.975;2.5;1.825;2.5;5.0;1.0;;2.0;0.0;2.0;0.0;0.0;;CD Calahorra;;0.0;5.0;1.8;0;0.0;0 - 2;3.5;Arnedo;;0.0;3.0;3.7;0;2.0;-0.5;5 - 1;2-0;2.5;1.0;-;-;0.0;0.0;;;0.0;0.0;0.0;0.0;;;;;;;;0.0;0.0;0.0;0.0;;;0.0;0.0;2.0;0.0;;[58 69];[2 2];[False False];['Arnedo' 'Arnedo'];[ 0 -1];[-1 -2];['D' 'A'];['A' 'A'];0.64;0.0;0.36;1.0;0.0;0.0;;;;;;;
2026-05-17;193713819;Hungary NB II;Hungary;12:00;Full;True;0.20032051282051289;1.925;2.5;1.875;2.5;1.0;5.0;;1.0;2.0;3.0;158.0;84.0;100.0;Kozarmisleny SE;;0.0;4.0;1.95;0;2.0;2 - 1;3.5;Karcagi SE;;1.0;2.0;3.2;1;1.0;-0.5;1 - 5;1-2;2.5;1.0;46 - 38;27 - 21;21.0;27.0;39.0;61.0;4.0;2.0;3.0;1.0;;;;;;;;75.0;83.0;38.0;46.0;39.0;61.0;10.0;5.0;3.0;3.0;;[10 50 69];[1 2 2];[False False False];['Karcagi SE' 'Kozarmisleny SE' 'Kozarmisleny SE'];[ 0 -1  0];[-1  0  1];['D' 'A' 'D'];['A' 'D' 'H'];0.32;0.23;0.44;0.22;0.0;0.78;;;;;;;Youth
2026-05-17;193713825;Hungary NB II;Hungary;12:00;Full;True;-0.16522423288749022;2.0;2.5, 3.0;1.8;2.5, 3.0;3.0;6.0;;2.0;3.0;5.0;230.0;107.0;100.0;Soroksar;13.0;1.0;2.0;3.1;1;3.0;3 - 0;3.3;Kecskemeti TE;3.0;0.0;1.0;2.05;0;0.0;+0.25;3 - 6;2-3;2.75;1.0;43 - 64;18 - 32;32.0;18.0;52.0;48.0;4.0;2.0;1.0;2.0;;;;;;;;129.0;101.0;64.0;43.0;58.0;42.0;11.0;7.0;2.0;5.0;;[19 50 55];[1 2 2];[False False False];['Soroksar' 'Soroksar' 'Soroksar'];[0 1 2];[1 2 3];['D' 'H' 'H'];['H' 'H' 'H'];0.21;0.79;0.0;0.42;0.58;0.0;;;;;;;Youth
2026-05-17;193713827;Hungary NB II;Hungary;12:00;Full;True;0.20979020979020985;2.0;2.5;1.8;2.5;11.0;3.0;;7.0;1.0;8.0;324.0;174.0;;Szeged-Csanad Grosics;;0.0;1.0;1.95;0;0.0;0 - 1;3.3;Csakvari TK;;0.0;3.0;3.3;0;1.0;-0.5;11 - 3;7-1;2.5;1.0;117 - 57;54 - 25;25.0;54.0;;;1.0;5.0;0.0;0.0;;;;;;;;133.0;191.0;57.0;117.0;;;4.0;9.0;1.0;1.0;;[88];[2];[False];['Csakvari TK'];[0];[-1];['D'];['A'];0.98;0.0;0.02;1.0;0.0;0.0;;;;;;;Youth
2026-05-17;193713840;Hungary NB II;Hungary;12:00;Full;True;0.2923976608187135;2.0;2.5;1.8;2.5;8.0;5.0;;5.0;2.0;7.0;197.0;110.0;100.0;Fehervar FC;7.0;0.0;0.0;1.8;1;1.0;1 - 3;3.4;Budafoki MTE;15.0;0.0;2.0;3.8;1;3.0;-0.5;8 - 5;5-2;2.5;1.0;59 - 51;31 - 25;25.0;31.0;51.0;49.0;3.0;3.0;1.0;3.0;;;;;;;;89.0;108.0;51.0;59.0;49.0;51.0;3.0;5.0;4.0;3.0;;[10 12 67 80];[1 1 2 2];[False False False False];['Budafoki MTE' 'Fehervar FC' 'Budafoki MTE' 'Budafoki MTE'];[ 0 -1  0 -1];[-1  0 -1 -2];['D' 'A' 'D' 'A'];['A' 'D' 'A' 'A'];0.72;0.0;0.28;0.96;0.0;0.04;;;;;;;Youth
2026-05-17;194622062;Chile Primera Division Women;Chile;12:00;Full;True;-0.25983945132881303;1.95;2.5, 3.0;1.85;2.5, 3.0;0.0;0.0;;0.0;0.0;0.0;216.0;52.0;;Deportes Iquique (W);;0.0;2.0;3.5;0;0.0;0 - 1;3.5;Universidad Catolica (W);;0.0;3.0;1.833;0;1.0;+0.5;0 - 0;0-0;2.75;1.25;21 - 31;10 - 17;17.0;10.0;;;4.0;4.0;1.0;0.0;;;;;;;;106.0;110.0;31.0;21.0;;;6.0;6.0;2.0;0.0;;[90];[2];[False];['Universidad Catolica (W)'];[0];[-1];['D'];['A'];1.0;0.0;0.0;1.0;0.0;0.0;;3151.0;;cd universidad catolica;;;Women
2026-05-17;194622064;Chile Primera Division Women;Chile;12:00;Full;True;-0.2777777777777778;1.825;2.5, 3.0;1.975;2.5, 3.0;6.0;4.0;;2.0;3.0;5.0;165.0;165.0;;Deportes Temuco (W);;0.0;1.0;3.6;0;0.0;0 - 1;3.7;Huachipato (W);;0.0;2.0;1.8;0;1.0;+0.5;6 - 4;2-3;2.75;1.25;73 - 92;38 - 49;49.0;38.0;;;3.0;2.0;4.0;0.0;;;;;;;;83.0;82.0;92.0;73.0;;;7.0;7.0;7.0;6.0;;[51];[2];[False];['Huachipato (W)'];[0];[-1];['D'];['A'];0.57;0.0;0.43;1.0;0.0;0.0;;3164.0;;huachipato;;;Women
2026-05-17;193336450;Poland I Liga;Poland;12:00;Full;True;0.16522423288749022;1.85;3.0;1.95;3.0;4.0;6.0;;1.0;5.0;6.0;196.0;97.0;100.0;Pogon Grodzisk Mazowiecki;;0.0;1.0;2.05;0;0.0;0 - 0;3.5;GKS Tychy;;0.0;1.0;3.1;0;0.0;-0.25;4 - 6;1-5;3.0;1.25;40 - 57;12 - 38;38.0;12.0;51.0;49.0;5.0;1.0;3.0;0.0;;;;;;;;99.0;97.0;57.0;40.0;43.0;57.0;10.0;6.0;3.0;1.0;;[];[];[];[];[];[];[];[];1.0;0.0;0.0;1.0;0.0;0.0;216968.0;35272.0;pogon grodzisk mazowiecki;gks tychy;1.5;1.5;
2026-05-17;194640104;Austria Landesliga;Austria;12:00;Full;True;-0.0444444444444444;1.875;3.0;1.925;3.0;8.0;4.0;;3.0;3.0;6.0;200.0;130.0;100.0;Floridsdorfer AC II;;0.0;0.0;2.5;1;1.0;1 - 2;3.75;Red Star Penzing;;0.0;4.0;2.25;1;2.0;0.0;8 - 4;3-3;3.0;1.25;87 - 43;41 - 26;26.0;41.0;42.0;58.0;3.0;3.0;1.0;1.0;;;;;;;;82.0;118.0;43.0;87.0;40.0;60.0;4.0;9.0;3.0;3.0;;[ 3  7 50];[1 1 2];[False False False];['Floridsdorfer AC II' 'Red Star Penzing' 'Red Star Penzing'];[0 1 0];[ 1  0 -1];['D' 'H' 'D'];['H' 'D' 'A'];0.51;0.04;0.44;0.91;0.09;0.0;7785.0;;fac wien;;;;Youth
2026-05-17;194701843;Scotland Premier League Women;Scotland;12:00;Full;True;0.5731378299120233;1.8;2.5, 3.0;2.0;2.5, 3.0;1.0;2.0;;1.0;1.0;2.0;102.0;60.0;100.0;Rangers (W);;0.0;3.0;1.364;2;4.0;4 - 0;4.333;Celtic (W);;0.0;2.0;6.25;0;0.0;-1.25;1 - 2;1-1;2.75;1.25;34 - 26;19 - 4;4.0;19.0;50.0;50.0;0.0;1.0;0.0;3.0;;;;;;;;53.0;49.0;26.0;34.0;50.0;50.0;1.0;2.0;2.0;7.0;;[15 50 47 82];[1 1 2 2];[False  True False False];['Rangers (W)' 'Rangers (W)' 'Rangers (W)' 'Rangers (W)'];[0 1 2 3];[1 2 3 4];['D' 'H' 'H' 'H'];['H' 'H' 'H' 'H'];0.17;0.83;0.0;0.3;0.7;0.0;2351.0;2352.0;glasgow rangers;celtic glasgow;;;Women
2026-05-17;194646717;Italy Serie D;Italy;12:00;Full;True;0.13178294573643412;1.9;2.0, 2.5;1.9;2.0, 2.5;3.0;10.0;;1.0;4.0;5.0;215.0;143.0;;FC Vado;;0.0;3.0;2.15;2;3.0;3 - 0;3.1;US Folgore Caratese;;0.0;2.0;3.0;0;0.0;-0.25;3 - 10;1-4;2.25;1.0;42 - 101;24 - 47;47.0;24.0;;;0.0;0.0;2.0;2.0;;;;;;;;136.0;79.0;101.0;42.0;;;8.0;3.0;5.0;7.0;;[35 39 79];[1 1 2];[False False False];['FC Vado' 'FC Vado' 'FC Vado'];[0 1 2];[1 2 3];['D' 'H' 'H'];['H' 'H' 'H'];0.39;0.61;0.0;0.78;0.22;0.0;;;;;;;
2026-05-17;194641332;Czechia First League;Czech Republic;12:00;Full;True;-0.1923076923076923;2.0;2.5, 3.0;1.8;2.5, 3.0;4.0;8.0;;3.0;2.0;5.0;217.0;153.0;100.0;Hradec Kralove;;0.0;0.0;3.25;1;3.0;3 - 1;3.6;Slavia Prague;;0.0;0.0;2.0;0;1.0;+0.25;4 - 8;3-2;2.75;1.0;57 - 96;42 - 37;37.0;42.0;50.0;50.0;7.0;4.0;2.0;3.0;;;;;;;;136.0;81.0;96.0;57.0;50.0;50.0;12.0;6.0;4.0;7.0;;[19 60 70 85];[1 2 2 2];[False False False False];['Hradec Kralove' 'Hradec Kralove' 'Hradec Kralove' 'Slavia Prague'];[0 1 2 3];[1 2 3 2];['D' 'H' 'H' 'H'];['H' 'H' 'H' 'H'];0.21;0.79;0.0;0.42;0.58;0.0;2217.0;2216.0;fc hradec kralove;slavia prague;1.75;1.66;
2026-05-17;194641337;Czechia First League;Czech Republic;12:00;Full;True;-0.09961685823754785;1.925;2.5;1.875;2.5;5.0;10.0;;2.0;4.0;6.0;189.0;114.0;100.0;Slovan Liberec;;0.0;3.0;2.9;0;0.0;0 - 2;3.25;Sparta Prague;;0.0;0.0;2.25;0;2.0;+0.25;5 - 10;2-4;2.5;1.0;47 - 67;22 - 32;32.0;22.0;50.0;50.0;4.0;6.0;2.0;2.0;;;;;;;;98.0;91.0;67.0;47.0;50.0;50.0;11.0;9.0;6.0;4.0;;[80 86];[2 2];[False False];['Sparta Prague' 'Sparta Prague'];[ 0 -1];[-1 -2];['D' 'A'];['A' 'A'];0.89;0.0;0.11;1.0;0.0;0.0;2219.0;2218.0;fc slovan liberec;sparta prague;1.8;1.7;
2026-05-17;194589291;Finland Ykkosliiga;Finland;12:00;Full;True;-0.1875;1.85;2.5;1.95;2.5;6.0;5.0;;5.0;2.0;7.0;167.0;122.0;100.0;KaPa;;0.0;2.0;3.2;0;0.0;0 - 0;3.4;PK-35;;0.0;2.0;2.0;0;0.0;+0.25;6 - 5;5-2;2.5;1.0;58 - 64;30 - 30;30.0;30.0;53.0;47.0;3.0;6.0;1.0;0.0;;;;;;;;83.0;84.0;64.0;58.0;52.0;48.0;6.0;9.0;3.0;2.0;;[];[];[];[];[];[];[];[];1.0;0.0;0.0;1.0;0.0;0.0;2273.0;50525.0;kapa kapylan pallo;pk-35 helsinki;1.72;1.72;
2026-05-17;194641343;Czechia First League;Czech Republic;12:00;Full;True;0.5229885057471265;1.85;2.5, 3.0;1.95;2.5, 3.0;7.0;4.0;;6.0;0.0;6.0;186.0;125.0;100.0;Viktoria Plzen;;0.0;0.0;1.45;4;5.0;5 - 0;4.333;FK Jablonec;;0.0;2.0;6.0;0;0.0;-1.25;7 - 4;6-0;2.75;1.25;78 - 47;38 - 12;12.0;38.0;50.0;50.0;0.0;5.0;0.0;7.0;;;;;;;;78.0;108.0;47.0;78.0;50.0;50.0;3.0;9.0;2.0;9.0;;[14 21 34 39 48];[1 1 1 1 2];[False False False False False];"['Viktoria Plzen' 'Viktoria Plzen' 'Viktoria Plzen' 'Viktoria Plzen'
 'Viktoria Plzen']";[0 1 2 3 4];[1 2 3 4 5];['D' 'H' 'H' 'H' 'H'];['H' 'H' 'H' 'H' 'H'];0.16;0.84;0.0;0.31;0.69;0.0;4502.0;2205.0;fc viktoria plzen;fk jablonec;1.9;1.9;
2026-05-17;193286261;Poland II Liga;Poland;12:15;Full;True;0.008503401360544283;1.9;2.5, 3.0;1.9;2.5, 3.0;11.0;1.0;;7.0;1.0;8.0;152.0;120.0;;Swit Szczecin;;0.0;4.0;2.4;0;4.0;4 - 3;3.5;Slask Wroclaw II;;0.0;2.0;2.45;2;3.0;0.0;11 - 1;7-1;2.75;1.25;74 - 46;40 - 29;29.0;40.0;;;2.0;6.0;3.0;2.0;;;;;;;;71.0;81.0;46.0;74.0;;;2.0;12.0;6.0;6.0;;[ 3  7 48 49 62 63 81];[1 1 2 2 2 2 2];[False False False False False False False];"['Slask Wroclaw II' 'Slask Wroclaw II' 'Swit Szczecin' 'Slask Wroclaw II'
 'Swit Szczecin' 'Swit Szczecin' 'Swit Szczecin']";[ 0 -1 -2 -1 -2 -1  0];[-1 -2 -1 -2 -1  0  1];['D' 'A' 'A' 'A' 'A' 'A' 'D'];['A' 'A' 'A' 'A' 'A' 'D' 'H'];0.23;0.1;0.67;0.07;0.0;0.93;432661.0;216014.0;oks swit szczecin;slask ii wroclaw;1.61;1.61;Youth
2026-05-17;194702753;Togo Premier Division;Togo;12:30;Schedule;False;0.5892857142857143;1.875;2.0;1.925;2.0;0.0;0.0;;0.0;0.0;0.0;0.0;0.0;;ASC Kara;;0.0;0.0;1.4;0;0.0;0 - 0;3.6;Gomido FC;;0.0;0.0;8.0;0;0.0;-1.25;0 - 0;0-0;2.0;0.75;-;nan;;;;;;;;;;;;;;;;0.0;0.0;0.0;0.0;;;0.0;0.0;0.0;0.0;;[];[];[];[];[];[];[];[];1.0;0.0;0.0;1.0;0.0;0.0;;;;;;;
2026-05-17;194639502;Finland Ykkonen Women;Finland;12:30;Full;True;0.6153846153846153;1.95;3.5, 4.0;1.85;3.5, 4.0;6.0;6.0;;3.0;2.0;5.0;134.0;137.0;;JyPK (W);;0.0;1.0;1.3;2;5.0;5 - 1;5.0;FC Lahti (W);;0.0;1.0;6.5;1;1.0;-1.75;6 - 6;3-2;3.75;1.5;77 - 60;40 - 29;29.0;40.0;;;1.0;2.0;4.0;8.0;;;;;;;;62.0;72.0;60.0;77.0;;;3.0;5.0;6.0;16.0;;[27 34 43 55 61 68];[1 1 1 2 2 2];[False False False False False False];['JyPK (W)' 'FC Lahti (W)' 'JyPK (W)' 'JyPK (W)' 'JyPK (W)' 'JyPK (W)'];[0 1 0 1 2 3];[1 0 1 2 3 4];['D' 'H' 'D' 'H' 'H' 'H'];['H' 'D' 'H' 'H' 'H' 'H'];0.4;0.6;0.0;0.8;0.2;0.0;;;;;;;Women
2026-05-17;194702757;Togo Premier Division;Togo;12:30;Schedule;False;0.058823529411764774;2.025;1.5, 2.0;1.775;1.5, 2.0;0.0;0.0;;0.0;0.0;0.0;0.0;0.0;;Tambo FC;;0.0;0.0;2.55;0;0.0;0 - 0;2.6;AS Binah;;0.0;0.0;3.0;0;0.0;0.0;0 - 0;0-0;1.75;0.5;-;nan;;;;;;;;;;;;;;;;0.0;0.0;0.0;0.0;;;0.0;0.0;0.0;0.0;;[];[];[];[];[];[];[];[];1.0;0.0;0.0;1.0;0.0;0.0;;;;;;;
2026-05-17;192107036;England FA Trophy;England;12:30;Full;True;0.2888888888888889;1.8;2.5;2.0;2.5;2.0;8.0;;1.0;4.0;5.0;211.0;133.0;100.0;Southend;;0.0;0.0;1.8;0;0.0;0 - 0;3.7;Wealdstone;;0.0;1.0;3.75;0;0.0;-0.5;2 - 8;1-4;2.5;1.0;71 - 62;32 - 31;31.0;32.0;66.0;34.0;3.0;4.0;1.0;0.0;;;;;;;;116.0;95.0;62.0;71.0;56.0;44.0;4.0;5.0;3.0;0.0;;[];[];[];[];[];[];[];[];1.0;0.0;0.0;1.0;0.0;0.0;99.0;238.0;southend united;wealdstone fc;;;
2026-05-17;194653513;Tanzania Cup;Tanzania;12:30;Full;True;0.5467980295566504;1.875;2.0;1.925;2.0;3.0;6.0;;0.0;3.0;3.0;166.0;94.0;;Simba Sports Club;;0.0;0.0;1.45;2;4.0;4 - 0;3.6;TRA United;;0.0;3.0;7.0;0;0.0;-1.0;3 - 6;0-3;2.0;0.75;57 - 37;35 - 15;15.0;35.0;;;3.0;2.0;0.0;3.0;;;;;;;;66.0;100.0;37.0;57.0;;;6.0;3.0;1.0;5.0;;[ 6 26 65 78];[1 1 2 2];[False False False False];"['Simba Sports Club' 'Simba Sports Club' 'Simba Sports Club'
 'Simba Sports Club']";[0 1 2 3];[1 2 3 4];['D' 'H' 'H' 'H'];['H' 'H' 'H' 'H'];0.07;0.93;0.0;0.13;0.87;0.0;;;;;;;
2026-05-17;194646521;Croatia First League Women;Croatia;12:30;Full;True;-0.16669161116515746;1.975;3.0, 3.5;1.825;3.0, 3.5;5.0;3.0;;0.0;1.0;1.0;152.0;87.0;;HNK Gorica (W);;0.0;0.0;2.8;0;0.0;0 - 3;4.2;ZNK Osijek (W);;0.0;2.0;1.909;2;3.0;+0.5;5 - 3;0-1;3.25;1.25;40 - 47;16 - 24;24.0;16.0;;;6.0;2.0;3.0;0.0;;;;;;;;70.0;82.0;47.0;40.0;;;11.0;4.0;8.0;0.0;;[33 48 79];[1 1 2];[False  True False];['ZNK Osijek (W)' 'ZNK Osijek (W)' 'ZNK Osijek (W)'];[ 0 -1 -2];[-1 -2 -3];['D' 'A' 'A'];['A' 'A' 'A'];0.37;0.0;0.63;0.69;0.0;0.31;43917.0;;hnk gorica;;;;Women
2026-05-17;194702749;Togo Premier Division;Togo;12:30;Full;True;0.07482993197278909;1.875;1.5, 2.0;1.925;1.5, 2.0;4.0;8.0;;2.0;3.0;5.0;234.0;165.0;;FC Espoir Tsevie;;0.0;2.0;2.45;1;1.0;1 - 0;2.7;AS OTR;;0.0;1.0;3.0;0;0.0;0.0;4 - 8;2-3;1.75;0.75;78 - 87;39 - 43;43.0;39.0;;;3.0;2.0;0.0;2.0;;;;;;;;117.0;117.0;87.0;78.0;;;6.0;4.0;0.0;2.0;;[22];[1];[False];['FC Espoir Tsevie'];[0];[1];['D'];['H'];0.24;0.76;0.0;0.49;0.51;0.0;;;;;;;
2026-05-17;194589295;Finland Ykkosliiga;Finland;12:30;Full;True;-0.35681657337708295;1.825;2.0, 2.5;1.975;2.0, 2.5;9.0;4.0;;5.0;2.0;7.0;74.0;82.0;100.0;MP;8.0;0.0;2.0;4.5;1;1.0;1 - 3;3.3;Jippo;3.0;0.0;1.0;1.727;0;3.0;+0.75;9 - 4;5-2;2.25;1.0;46 - 36;19 - 20;20.0;19.0;51.0;49.0;2.0;7.0;0.0;4.0;;;;;;;;27.0;47.0;36.0;46.0;46.0;54.0;4.0;9.0;4.0;5.0;;[38 47 52 78];[1 2 2 2];[False False False False];['MP' 'Jippo' 'Jippo' 'Jippo'];[ 0  1  0 -1];[ 1  0 -1 -2];['D' 'H' 'D' 'A'];['H' 'D' 'A' 'A'];0.48;0.1;0.42;0.84;0.16;0.0;5115.0;2263.0;mikkelin palloilijat;jippo;2.0;1.9;
2026-05-17;193267671;Poland Ekstraklasa;Poland;12:30;Full;True;0.035714285714285754;2.0;2.5, 3.0;1.8;2.5, 3.0;4.0;5.0;;3.0;1.0;4.0;133.0;91.0;100.0;Lechia Gdansk;16.0;1.0;3.0;2.4;0;1.0;1 - 2;3.4;Legia Warsaw;10.0;0.0;3.0;2.625;1;2.0;0.0;4 - 5;3-1;2.75;1.0;57 - 34;24 - 20;20.0;24.0;41.0;59.0;2.0;5.0;3.0;2.0;;;;;;;;57.0;76.0;34.0;57.0;38.0;62.0;3.0;10.0;5.0;6.0;;[11 63 93];[1 2 2];[False False  True];['Legia Warsaw' 'Lechia Gdansk' 'Legia Warsaw'];[ 0 -1  0];[-1  0 -1];['D' 'A' 'D'];['A' 'D' 'A'];0.44;0.0;0.56;0.24;0.0;0.76;7913.0;3106.0;ks lechia gdansk;legia warszawa;1.61;1.61;
2026-05-17;194646510;Croatia 3.NL;Croatia;12:30;Full;True;0.31501831501831495;1.8;2.5;2.0;2.5;5.0;4.0;;3.0;1.0;4.0;202.0;46.0;100.0;NK Neretvanac Opuzen;;0.0;4.0;1.75;1;3.0;3 - 0;3.5;NK Omis;;0.0;3.0;3.9;0;0.0;-0.75;5 - 4;3-1;2.5;1.0;27 - 19;14 - 7;7.0;14.0;52.0;48.0;2.0;1.0;1.0;2.0;;;;;;;;119.0;83.0;19.0;27.0;55.0;45.0;3.0;4.0;3.0;4.0;;[18 50 77];[1 2 2];[False False False];['NK Neretvanac Opuzen' 'NK Neretvanac Opuzen' 'NK Neretvanac Opuzen'];[0 1 2];[1 2 3];['D' 'H' 'H'];['H' 'H' 'H'];0.2;0.8;0.0;0.4;0.6;0.0;;;;;;;
2026-05-17;193716913;Slovenia Prva Liga;Slovenia;12:30;Full;True;0.4851994851994852;1.9;3.0;1.9;3.0;3.0;1.0;;1.0;1.0;2.0;229.0;110.0;100.0;Olimpija Ljubljana;4.0;0.0;1.0;1.48;1;2.0;2 - 1;4.1;NK Radomlje;6.0;0.0;3.0;5.25;0;1.0;-1.0;3 - 1;1-1;3.0;1.25;79 - 31;39 - 13;13.0;39.0;38.0;62.0;1.0;6.0;0.0;2.0;;;;;;;;94.0;135.0;31.0;79.0;38.0;62.0;2.0;16.0;2.0;3.0;;[42 61 70];[1 2 2];[False False False];['Olimpija Ljubljana' 'NK Radomlje' 'Olimpija Ljubljana'];[0 1 0];[1 0 1];['D' 'H' 'D'];['H' 'D' 'H'];0.57;0.43;0.0;0.93;0.07;0.0;2416.0;37737.0;olimpija ljubljana;nk radomlje;1.72;1.72;
2026-05-17;194785439;Ivory Coast Premier Division;Ivory Coast;12:30;Full;True;0.14204545454545453;1.75;1.5, 2.0;2.05;1.5, 2.0;2.0;6.0;;2.0;3.0;5.0;0.0;0.0;;ES D'Agboville;12.0;0.0;1.0;2.2;0;0.0;0 - 1;2.875;ISCA;14.0;0.0;0.0;3.2;0;1.0;-0.25;2 - 6;2-3;1.75;0.75;-;-;0.0;0.0;;;0.0;0.0;0.0;0.0;;;;;;;;0.0;0.0;0.0;0.0;;;0.0;0.0;1.0;0.0;;[52];[2];[False];['ISCA'];[0];[-1];['D'];['A'];0.58;0.0;0.42;1.0;0.0;0.0;;;;;;;
2026-05-17;194785448;Niger Super League;Niger;12:45;Full;True;0.7666666666666667;1.9;2.5, 3.0;1.9;2.5, 3.0;9.0;3.0;;4.0;2.0;6.0;138.0;149.0;;US Gendarmerie Nationale;;0.0;3.0;1.2;0;1.0;1 - 0;5.0;Olympic Niamey;;0.0;3.0;15.0;0;0.0;-1.75;9 - 3;4-2;2.75;1.25;83 - 66;42 - 34;34.0;42.0;;;0.0;1.0;3.0;2.0;;;;;;;;74.0;64.0;66.0;83.0;;;3.0;3.0;4.0;3.0;;[68];[2];[False];['US Gendarmerie Nationale'];[0];[1];['D'];['H'];0.76;0.24;0.0;1.0;0.0;0.0;;;;;;;
2026-05-17;194641577;Uruguay Segunda;Uruguay;13:00;Full;True;0.2891434806328423;1.825;2.0;1.975;2.0;5.0;5.0;;1.0;3.0;4.0;268.0;168.0;100.0;Atletico Fenix Montevideo;;0.0;3.0;1.833;0;1.0;1 - 2;3.1;Tacuarembo;;0.0;3.0;3.9;0;2.0;-0.5;5 - 5;1-3;2.0;nan;116 - 52;53 - 29;29.0;53.0;39.0;61.0;0.0;1.0;2.0;0.0;;;;;;;;96.0;172.0;52.0;116.0;39.0;61.0;0.0;3.0;4.0;1.0;;[61 72 95];[2 2 2];[False False  True];['Tacuarembo' 'Tacuarembo' 'Atletico Fenix Montevideo'];[ 0 -1 -2];[-1 -2 -1];['D' 'A' 'A'];['A' 'A' 'A'];0.64;0.0;0.36;1.0;0.0;0.0;;;;;;;
2026-05-17;194645469;Italy Serie A Women;Italy;13:00;Full;True;-0.47619047619047616;1.95;2.5, 3.0;1.85;2.5, 3.0;6.0;4.0;;0.0;2.0;2.0;131.0;66.0;100.0;Parma (W);;0.0;2.0;5.25;0;1.0;1 - 3;3.9;Juventus (W);;0.0;1.0;1.5;1;3.0;+1.0;6 - 4;0-2;2.75;1.25;38 - 28;18 - 16;16.0;18.0;46.0;54.0;3.0;2.0;2.0;4.0;;;;;;;;66.0;65.0;28.0;38.0;44.0;56.0;4.0;7.0;6.0;7.0;;[ 9 70 80 90];[1 2 2 2];[False False False False];['Juventus (W)' 'Juventus (W)' 'Parma (W)' 'Juventus (W)'];[ 0 -1 -2 -1];[-1 -2 -1 -2];['D' 'A' 'A' 'A'];['A' 'A' 'A' 'A'];0.1;0.0;0.9;0.2;0.0;0.8;2690.0;2687.0;parma calcio;juventus turin;;;Women
2026-05-17;194640719;Peru Liga 2;Peru;13:00;Full;True;0.09661835748792269;1.8;2.0, 2.5;2.0;2.0, 2.5;4.0;9.0;;1.0;4.0;5.0;217.0;154.0;100.0;Academia Deportiva Cantolao;;0.0;2.0;2.25;0;1.0;1 - 4;3.1;Carlos Mannucci;;0.0;3.0;2.875;0;4.0;-0.25;4 - 9;1-4;2.25;1.0;64 - 90;30 - 53;53.0;30.0;50.0;50.0;6.0;2.0;2.0;0.0;;;;;;;;112.0;105.0;90.0;64.0;50.0;50.0;6.0;4.0;7.0;2.0;;[58 67 70 79 92];[2 2 2 2 2];[False False False False  True];"['Carlos Mannucci' 'Carlos Mannucci' 'Academia Deportiva Cantolao'
 'Carlos Mannucci' 'Carlos Mannucci']";[ 0 -1 -2 -1 -2];[-1 -2 -1 -2 -3];['D' 'A' 'A' 'A' 'A'];['A' 'A' 'A' 'A' 'A'];0.63;0.0;0.37;1.0;0.0;0.0;;;;;;;
2026-05-17;194758690;Burkina Faso Cup;Burkina Faso;13:00;Full;True;0.07482993197278909;1.8;1.5, 2.0;2.0;1.5, 2.0;1.0;3.0;;0.0;1.0;1.0;163.0;166.0;;Real du Faso;;0.0;1.0;2.45;0;0.0;0 - 1;2.7;CFFEB;;0.0;4.0;3.0;0;1.0;0.0;1 - 3;0-1;1.75;0.75;83 - 83;41 - 38;38.0;41.0;;;0.0;7.0;1.0;1.0;;;;;;;;89.0;74.0;83.0;83.0;;;2.0;9.0;4.0;3.0;;[59];[2];[False];['CFFEB'];[0];[-1];['D'];['A'];0.66;0.0;0.34;1.0;0.0;0.0;;;;;;;
2026-05-17;194640205;Portugal Campeonato Nacional;Portugal;13:00;Full;True;-0.00366300366300365;1.95;2.0;1.85;2.0;3.0;3.0;;0.0;2.0;2.0;273.0;138.0;100.0;GD Vitoria de Sernache;;0.0;3.0;2.625;0;0.0;0 - 0;2.875;Oliveira Hospital;;0.0;1.0;2.6;0;0.0;0.0;3 - 3;0-2;2.0;0.75;69 - 69;41 - 38;38.0;41.0;49.0;51.0;2.0;2.0;1.0;0.0;;;;;;;;131.0;142.0;69.0;69.0;47.0;53.0;5.0;3.0;3.0;0.0;;[];[];[];[];[];[];[];[];1.0;0.0;0.0;1.0;0.0;0.0;;;;;;;
2026-05-17;193331496;Denmark Superligaen;Denmark;13:00;Full;True;0.2350427350427351;1.9;3.0;1.9;3.0;5.0;1.0;;5.0;0.0;5.0;170.0;81.0;100.0;Midtjylland;;0.0;3.0;1.95;2;2.0;2 - 3;3.6;Brondby;;0.0;2.0;3.6;0;3.0;-0.5;5 - 1;5-0;3.0;1.25;42 - 39;15 - 24;24.0;15.0;50.0;50.0;4.0;6.0;0.0;5.0;;;;;;;;71.0;99.0;39.0;42.0;44.0;56.0;8.0;11.0;5.0;8.0;;[12 23 66 81 93];[1 1 2 2 2];[False False False False  True];['Midtjylland' 'Midtjylland' 'Brondby' 'Brondby' 'Brondby'];[0 1 2 1 0];[ 1  2  1  0 -1];['D' 'H' 'H' 'H' 'D'];['H' 'H' 'H' 'D' 'A'];0.26;0.74;0.0;0.27;0.73;0.0;1289.0;1281.0;fc midtjylland;broendby if;1.61;1.5;
2026-05-17;194640361;Estonia Esiliiga B;Estonia;13:00;Full;True;-0.03628117913832202;1.9;3.0, 3.5;1.9;3.0, 3.5;7.0;4.0;;4.0;3.0;7.0;226.0;108.0;100.0;JK Tabasalu;;1.0;0.0;2.45;0;0.0;0 - 5;3.8;Levadia Tallinn III;;0.0;1.0;2.25;1;5.0;0.0;7 - 4;4-3;3.25;1.25;45 - 63;27 - 35;35.0;27.0;68.0;32.0;3.0;2.0;5.0;2.0;;;;;;;;134.0;92.0;63.0;45.0;62.0;38.0;4.0;3.0;9.0;2.0;;[10 62 79 85 89];[1 2 2 2 2];[False False False False False];"['Levadia Tallinn III' 'Levadia Tallinn III' 'Levadia Tallinn III'
 'Levadia Tallinn III' 'Levadia Tallinn III']";[ 0 -1 -2 -3 -4];[-1 -2 -3 -4 -5];['D' 'A' 'A' 'A' 'A'];['A' 'A' 'A' 'A' 'A'];0.11;0.0;0.89;0.22;0.0;0.78;;;;;;;Youth
2026-05-17;194706287;Croatia 3.NL;Croatia;13:00;Full;True;0.38109980834439044;1.9;3.0;1.9;3.0;4.0;8.0;;1.0;2.0;3.0;0.0;0.0;100.0;NK Bedem Ivankovo;;0.0;0.0;1.615;2;2.0;2 - 1;3.75;NK Radnicki Dalj;;0.0;0.0;4.2;0;1.0;-0.75;4 - 8;1-2;3.0;1.25;-;-;0.0;0.0;49.0;51.0;0.0;0.0;0.0;2.0;;;;;;;;0.0;0.0;0.0;0.0;51.0;49.0;0.0;0.0;1.0;2.0;;[31 42 67];[1 1 2];[False False False];['NK Bedem Ivankovo' 'NK Bedem Ivankovo' 'NK Radnicki Dalj'];[0 1 2];[1 2 1];['D' 'H' 'H'];['H' 'H' 'H'];0.34;0.66;0.0;0.69;0.31;0.0;;;;;;;
2026-05-17;194660098;Spain Regional League Play-Offs;Spain;13:00;Full;True;0.22080416527771157;1.8;2.5;2.0;2.5;6.0;5.0;;4.0;2.0;6.0;221.0;84.0;100.0;Turegano CF;;0.0;4.0;1.909;2;4.0;4 - 1;3.5;CD Betis CF;;0.0;2.0;3.3;0;1.0;-0.5;6 - 5;4-2;2.5;1.0;52 - 32;27 - 15;15.0;27.0;48.0;52.0;2.0;3.0;1.0;2.0;;;;;;;;108.0;113.0;32.0;52.0;47.0;53.0;5.0;7.0;3.0;5.0;;[18 27 62 84 94];[1 1 2 2 2];[False False False False  True];['Turegano CF' 'Turegano CF' 'Turegano CF' 'Turegano CF' 'CD Betis CF'];[0 1 2 3 4];[1 2 3 4 3];['D' 'H' 'H' 'H' 'H'];['H' 'H' 'H' 'H' 'H'];0.19;0.81;0.0;0.4;0.6;0.0;;;;;;;
2026-05-17;194660101;Spain Regional League Play-Offs;Spain;13:00;Full;True;0.05982905982905984;1.8;2.5;2.0;2.5;2.0;9.0;;1.0;4.0;5.0;167.0;75.0;100.0;La Baneza;;0.0;5.0;2.25;0;0.0;0 - 0;3.5;CD San Jose de Soria;;0.0;1.0;2.6;0;0.0;-0.25;2 - 9;1-4;2.5;1.0;37 - 38;19 - 18;18.0;19.0;42.0;58.0;2.0;3.0;1.0;1.0;;;;;;;;79.0;88.0;38.0;37.0;47.0;53.0;6.0;4.0;4.0;1.0;;[];[];[];[];[];[];[];[];1.0;0.0;0.0;1.0;0.0;0.0;;;;;;;
2026-05-17;193715883;Peru Liga 1;Peru;13:00;Full;True;0.36601307189542487;2.0;2.5, 3.0;1.8;2.5, 3.0;3.0;9.0;;1.0;3.0;4.0;146.0;60.0;100.0;AD Tarma;;0.0;2.0;1.7;2;2.0;2 - 0;3.4;Comerciantes Unidos;;0.0;4.0;4.5;0;0.0;-0.75;3 - 9;1-3;2.75;1.0;17 - 43;8 - 26;26.0;8.0;45.0;55.0;4.0;3.0;4.0;2.0;;;;;;;;72.0;74.0;43.0;17.0;44.0;56.0;8.0;4.0;6.0;6.0;;[16 47];[1 1];[False  True];['AD Tarma' 'AD Tarma'];[0 1];[1 2];['D' 'H'];['H' 'H'];0.18;0.82;0.0;0.34;0.66;0.0;655781.0;241860.0;asociacion deportiva tarma;comerciantes unidos;2.0;1.72;
2026-05-17;194647387;Iceland 1 Deild;Iceland;13:00;Full;True;0.5902806870548805;1.8;3.0;2.0;3.0;7.0;10.0;;4.0;3.0;7.0;115.0;75.0;100.0;Grindavik;9.0;0.0;2.0;1.364;1;3.0;3 - 1;4.333;Volsungur;11.0;0.0;1.0;7.0;1;1.0;-1.25;7 - 10;4-3;3.0;1.25;36 - 39;13 - 14;14.0;13.0;40.0;60.0;3.0;1.0;2.0;1.0;;;;;;;;55.0;60.0;39.0;36.0;50.0;50.0;8.0;6.0;3.0;8.0;;[ 3 17 53 67];[1 1 2 2];[False False False False];['Grindavik' 'Volsungur' 'Grindavik' 'Grindavik'];[0 1 0 1];[1 0 1 2];['D' 'H' 'D' 'H'];['H' 'D' 'H' 'H'];0.43;0.57;0.0;0.69;0.31;0.0;1897.0;5372.0;umf grindavik;volsungur;1.44;1.72;
2026-05-17;193714557;Italy Serie A;Italy;13:00;Full;True;0.34064158781444726;1.875;2.5, 3.0;1.975;2.5, 3.0;2.0;5.0;;1.0;5.0;6.0;183.0;85.0;100.0;Atalanta;7.0;0.0;1.0;1.75;0;0.0;0 - 1;4.0;Bologna;8.0;0.0;1.0;4.333;0;1.0;-0.75;2 - 5;1-5;2.75;1.25;35 - 50;19 - 29;29.0;19.0;53.0;47.0;3.0;5.0;3.0;0.0;;;;;;;;99.0;84.0;50.0;35.0;55.0;45.0;5.0;9.0;5.0;1.0;;[78];[2];[False];['Bologna'];[0];[-1];['D'];['A'];0.87;0.0;0.13;1.0;0.0;0.0;;2685.0;;bologna fc;1.75;1.66;
2026-05-17;194660119;Spain Regional League;Spain;13:00;Full;True;0.32903879559930516;1.825;2.5, 3.0;1.975;2.5, 3.0;4.0;5.0;;3.0;0.0;3.0;153.0;67.0;100.0;CD Egabrense;;0.0;2.0;1.727;1;2.0;2 - 1;3.5;Lebrijana;;2.0;1.0;4.0;0;1.0;-0.75;4 - 5;3-0;2.75;1.25;40 - 27;22 - 12;12.0;22.0;40.0;60.0;2.0;3.0;3.0;2.0;;;;;;;;72.0;81.0;27.0;40.0;40.0;60.0;6.0;5.0;7.0;6.0;;[32 75 92];[1 2 2];[False False  True];['CD Egabrense' 'Lebrijana' 'CD Egabrense'];[0 1 0];[1 0 1];['D' 'H' 'D'];['H' 'D' 'H'];0.53;0.47;0.0;0.71;0.29;0.0;;;;;;;
2026-05-17;193331503;Denmark Superligaen;Denmark;13:00;Full;True;-0.10971786833855796;1.85;3.0;1.95;3.0;3.0;4.0;;3.0;2.0;5.0;175.0;69.0;100.0;Sonderjyske;;0.0;2.0;2.9;0;1.0;1 - 4;3.8;FC Nordsjaelland;;0.0;1.0;2.2;3;4.0;+0.25;3 - 4;3-2;3.0;1.25;33 - 36;20 - 20;20.0;20.0;71.0;29.0;3.0;5.0;5.0;1.0;;;;;;;;105.0;70.0;36.0;33.0;65.0;35.0;8.0;8.0;8.0;6.0;;[ 6 13 39 49 86];[1 1 1 2 2];[False False False False False];"['FC Nordsjaelland' 'FC Nordsjaelland' 'FC Nordsjaelland' 'Sonderjyske'
 'FC Nordsjaelland']";[ 0 -1 -2 -3 -2];[-1 -2 -3 -2 -3];['D' 'A' 'A' 'A' 'A'];['A' 'A' 'A' 'A' 'A'];0.07;0.0;0.93;0.13;0.0;0.87;1295.0;1292.0;soenderjyske;fc nordsjaelland;1.44;1.5;
2026-05-17;194530467;Estonia Esiliiga;Estonia;13:00;Full;True;0.4448886920615515;1.875;3.5, 4.0;1.925;3.5, 4.0;5.0;1.0;;0.0;0.0;0.0;172.0;151.0;100.0;Tartu JK Welco;;0.0;4.0;1.48;2;3.0;3 - 3;4.75;FC Flora Tallinn II;;0.0;2.0;4.333;2;3.0;-1.25;5 - 1;0-0;3.75;1.5;92 - 59;43 - 30;30.0;43.0;53.0;47.0;2.0;4.0;3.0;4.0;;;;;;;;78.0;94.0;59.0;92.0;49.0;51.0;6.0;10.0;5.0;9.0;;[ 6 15 24 35 82 88];[1 1 1 1 2 2];[False False False False False False];"['Tartu JK Welco' 'Tartu JK Welco' 'FC Flora Tallinn II'
 'FC Flora Tallinn II' 'Tartu JK Welco' 'FC Flora Tallinn II']";[0 1 2 1 0 1];[1 2 1 0 1 0];['D' 'H' 'H' 'H' 'D' 'H'];['H' 'H' 'H' 'D' 'H' 'D'];0.61;0.39;0.0;0.36;0.64;0.0;;3346.0;;tallinna fc flora;;;Youth
2026-05-17;193331491;Denmark Superligaen;Denmark;13:00;Full;True;0.15360983102918585;1.9;3.0;1.9;3.0;3.0;2.0;;1.0;0.0;1.0;149.0;86.0;100.0;AGF Aarhus;;0.0;2.0;2.1;3;6.0;6 - 2;3.9;Viborg;;0.0;2.0;3.1;1;2.0;-0.25;3 - 2;1-0;3.0;1.25;40 - 46;21 - 20;20.0;21.0;29.0;71.0;4.0;1.0;1.0;4.0;;;;;;;;67.0;82.0;46.0;40.0;36.0;64.0;13.0;6.0;8.0;9.0;;[ 1 28 34 35 70 86 91 94];[1 1 1 1 2 2 2 2];[False False False False False False  True  True];"['AGF Aarhus' 'AGF Aarhus' 'Viborg' 'AGF Aarhus' 'AGF Aarhus' 'AGF Aarhus'
 'Viborg' 'AGF Aarhus']";[0 1 2 1 2 3 4 3];[1 2 1 2 3 4 3 4];['D' 'H' 'H' 'H' 'H' 'H' 'H' 'H'];['H' 'H' 'H' 'H' 'H' 'H' 'H' 'H'];0.01;0.99;0.0;0.02;0.98;0.0;1291.0;1288.0;agf aarhus;viborg ff;1.61;1.5;
2026-05-17;194530737;Georgia Erovnuli Liga;Georgia;13:00;Full;True;0.22971682124919107;1.875;2.5;1.925;2.5;5.0;4.0;;2.0;3.0;5.0;196.0;122.0;100.0;Samgurali;8.0;0.0;1.0;1.909;0;0.0;0 - 0;3.4;FC Spaeri;7.0;0.0;2.0;3.4;0;0.0;-0.5;5 - 4;2-3;2.5;1.0;75 - 47;31 - 24;24.0;31.0;59.0;41.0;3.0;3.0;2.0;0.0;;;;;;;;97.0;99.0;47.0;75.0;50.0;50.0;4.0;8.0;2.0;3.0;;[];[];[];[];[];[];[];[];1.0;0.0;0.0;1.0;0.0;0.0;;;;;;;
2026-05-17;194652232;Spain Tercera Group 17;Spain;13:00;Full;True;-0.10295126973232671;1.775;1.5, 2.0;2.025;1.5, 2.0;1.0;5.0;;1.0;0.0;1.0;168.0;64.0;100.0;Caspe;;0.0;3.0;3.1;1;1.0;1 - 1;2.45;CD Cuarte;;0.0;1.0;2.35;1;1.0;+0.25;1 - 5;1-0;1.75;0.75;40 - 24;21 - 11;11.0;21.0;60.0;40.0;1.0;3.0;3.0;3.0;;;;;;;;80.0;88.0;24.0;40.0;59.0;41.0;4.0;8.0;3.0;3.0;;[19 36];[1 1];[False False];['CD Cuarte' 'Caspe'];[ 0 -1];[-1  0];['D' 'A'];['A' 'D'];0.81;0.0;0.19;0.62;0.0;0.38;;;;;;;
2026-05-17;194532844;Iceland Premier League;Iceland;13:00;Full;True;-0.23284823284823275;1.9;3.5;1.9;3.5;7.0;13.0;;3.0;6.0;9.0;142.0;69.0;100.0;Thor Akureyri;;0.0;4.0;3.25;0;1.0;1 - 2;3.8;IA Akranes;;0.0;4.0;1.85;1;2.0;+0.5;7 - 13;3-6;3.5;1.5;33 - 36;9 - 19;19.0;9.0;54.0;46.0;2.0;4.0;2.0;0.0;;;;;;;;69.0;73.0;36.0;33.0;44.0;56.0;5.0;11.0;7.0;5.0;;[37 49 55];[1 2 2];[False False False];['IA Akranes' 'IA Akranes' 'Thor Akureyri'];[ 0 -1 -2];[-1 -2 -1];['D' 'A' 'A'];['A' 'A' 'A'];0.41;0.0;0.59;0.82;0.0;0.18;1903.0;1898.0;thor akureyri;ia akranes;1.36;1.36;
2026-05-17;194622066;Chile Primera Division Women;Chile;13:00;Full;True;0.28528528528528535;1.825;2.5;1.975;2.5;1.0;5.0;;0.0;3.0;3.0;207.0;119.0;;Union Espanola (W);;0.0;1.0;1.8;0;0.0;0 - 2;3.4;Palestino (W);;0.0;0.0;3.7;1;2.0;-0.5;1 - 5;0-3;2.5;1.0;52 - 67;17 - 37;37.0;17.0;;;5.0;1.0;1.0;0.0;;;;;;;;101.0;106.0;67.0;52.0;;;8.0;2.0;2.0;0.0;;[32 68];[1 2];[False False];['Palestino (W)' 'Palestino (W)'];[ 0 -1];[-1 -2];['D' 'A'];['A' 'A'];0.36;0.0;0.64;0.71;0.0;0.29;;3157.0;;cd palestino;;;Women
2026-05-17;194645924;Hungary NB III;Hungary;13:00;Full;True;-0.16666666666666669;1.85;2.5, 3.0;1.95;2.5, 3.0;5.0;4.0;;3.0;1.0;4.0;158.0;137.0;;SC Sopron;;0.0;2.0;3.0;0;2.0;2 - 1;3.6;Dorogi FC;;0.0;1.0;2.0;0;1.0;+0.25;5 - 4;3-1;2.75;1.25;58 - 79;27 - 34;34.0;27.0;;;4.0;1.0;3.0;0.0;;;;;;;;71.0;87.0;79.0;58.0;;;8.0;1.0;6.0;3.0;;[57 60 91];[2 2 2];[False False  True];['Dorogi FC' 'SC Sopron' 'SC Sopron'];[ 0 -1  0];[-1  0  1];['D' 'A' 'D'];['A' 'D' 'H'];0.97;0.0;0.03;1.0;0.0;0.0;;;;;;;
2026-05-17;194640203;Portugal Campeonato Nacional;Portugal;13:00;Full;True;0.050682261208576995;1.975;2.0, 2.5;1.825;2.0, 2.5;5.0;1.0;;2.0;0.0;2.0;170.0;136.0;100.0;Rebordosa;;0.0;4.0;2.375;0;1.0;1 - 1;3.1;Braganca;;0.0;5.0;2.7;0;1.0;0.0;5 - 1;2-0;2.25;1.0;81 - 55;27 - 34;34.0;27.0;39.0;61.0;0.0;1.0;0.0;1.0;;;;;;;;84.0;86.0;55.0;81.0;41.0;59.0;1.0;3.0;1.0;3.0;;[68 74];[2 2];[False False];['Braganca' 'Rebordosa'];[ 0 -1];[-1  0];['D' 'A'];['A' 'D'];0.93;0.0;0.07;1.0;0.0;0.0;;;;;;;
2026-05-17;194640201;Portugal Campeonato Nacional;Portugal;13:00;Full;True;0.18011257035647282;1.85;2.0;1.95;2.0;5.0;5.0;;2.0;2.0;4.0;205.0;129.0;100.0;Louletano DC;;0.0;2.0;2.05;1;1.0;1 - 1;3.1;Malveira;;0.0;2.0;3.25;1;1.0;-0.25;5 - 5;2-2;2.0;0.75;75 - 54;35 - 21;21.0;35.0;41.0;59.0;0.0;0.0;1.0;1.0;;;;;;;;88.0;117.0;54.0;75.0;47.0;53.0;2.0;5.0;2.0;2.0;;[40 44];[1 1];[False False];['Louletano DC' 'Malveira'];[0 1];[1 0];['D' 'H'];['H' 'D'];0.96;0.04;0.0;0.91;0.09;0.0;;;;;;;
2026-05-17;194659397;Spain Tercera Group 5;Spain;13:00;Full;True;-0.03678929765886285;2.025;2.0, 2.5;1.775;2.0, 2.5;4.0;2.0;;1.0;1.0;2.0;192.0;83.0;;Vilanova Geltru;;0.0;0.0;2.875;0;0.0;0 - 1;2.7;UE Cornella;;0.0;1.0;2.6;0;1.0;0.0;4 - 2;1-1;2.25;0.75;62 - 21;24 - 8;8.0;24.0;;;0.0;3.0;0.0;1.0;;;;;;;;68.0;124.0;21.0;62.0;;;1.0;4.0;2.0;5.0;;[51];[2];[False];['UE Cornella'];[0];[-1];['D'];['A'];0.57;0.0;0.43;1.0;0.0;0.0;;;;;;;
2026-05-17;194490405;Latvia Virsliga;Latvia;13:00;Full;True;0.3617847858999628;1.975;3.0;1.825;3.0;6.0;4.0;;2.0;2.0;4.0;183.0;140.0;100.0;FK Liepaja;5.0;0.0;1.0;1.667;1;2.0;2 - 1;3.75;BFC Daugavpils;6.0;0.0;2.0;4.2;0;1.0;-0.75;6 - 4;2-2;3.0;1.25;77 - 63;36 - 24;24.0;36.0;40.0;60.0;1.0;2.0;1.0;3.0;;;;;;;;90.0;93.0;63.0;77.0;48.0;52.0;3.0;2.0;2.0;5.0;;[46 54 59];[1 2 2];[ True False False];['FK Liepaja' 'FK Liepaja' 'BFC Daugavpils'];[0 1 2];[1 2 1];['D' 'H' 'H'];['H' 'H' 'H'];0.51;0.49;0.0;1.0;0.0;0.0;146336.0;41498.0;fk liepaja;bfc daugavpils;1.66;1.66;
2026-05-17;194645893;Hungary NB III;Hungary;13:00;Full;True;0.8757419865453107;1.825;3.5;1.975;3.5;7.0;6.0;;4.0;0.0;4.0;230.0;130.0;100.0;Szombathelyi Haladas;;0.0;1.0;1.083;1;1.0;1 - 0;9.0;Zsambeki SK;;0.0;3.0;21.0;0;0.0;-2.75;7 - 6;4-0;3.5;1.5;89 - 41;45 - 17;17.0;45.0;35.0;65.0;1.0;5.0;1.0;3.0;;;;;;;;82.0;148.0;41.0;89.0;32.0;68.0;4.0;17.0;3.0;5.0;;[44];[1];[False];['Szombathelyi Haladas'];[0];[1];['D'];['H'];0.49;0.51;0.0;0.98;0.02;0.0;;;;;;;
2026-05-17;194645496;Italy Serie A Women;Italy;13:00;Full;True;0.2113344683080146;1.975;2.5, 3.0;1.825;2.5, 3.0;1.0;7.0;;0.0;4.0;4.0;178.0;124.0;100.0;Fiorentina (W);;0.0;2.0;1.909;1;2.0;2 - 1;3.6;Lazio (W);;0.0;1.0;3.2;0;1.0;-0.5;1 - 7;0-4;2.75;1.25;52 - 72;26 - 32;32.0;26.0;47.0;53.0;2.0;0.0;2.0;1.0;;;;;;;;91.0;87.0;72.0;52.0;55.0;45.0;7.0;2.0;3.0;3.0;;[30 74 89];[1 2 2];[False False False];['Fiorentina (W)' 'Fiorentina (W)' 'Lazio (W)'];[0 1 2];[1 2 1];['D' 'H' 'H'];['H' 'H' 'H'];0.33;0.67;0.0;0.67;0.33;0.0;2693.0;2699.0;acf fiorentina;lazio rome;;;Women
2026-05-17;194652196;Spain Segunda Division RFEF Play-Offs;Spain;13:00;Full;True;0.22804054054054046;1.95;3.0;1.85;3.0;5.0;4.0;;3.0;3.0;6.0;144.0;62.0;100.0;SD Logrones;;0.0;6.0;1.85;0;1.0;1 - 0;3.75;Castellon B;;0.0;4.0;3.2;0;0.0;-0.5;5 - 4;3-3;3.0;1.0;27 - 35;12 - 17;17.0;12.0;62.0;38.0;1.0;1.0;0.0;3.0;;;;;;;;84.0;60.0;35.0;27.0;60.0;40.0;3.0;5.0;3.0;6.0;;[67];[2];[False];['SD Logrones'];[0];[1];['D'];['H'];0.74;0.26;0.0;1.0;0.0;0.0;;;;;;;Youth
2026-05-17;194644953;Spain Tercera - Play-Offs;Spain;13:00;Full;True;0.19047619047619047;1.975;2.0;1.825;2.0;6.0;5.0;;2.0;0.0;2.0;225.0;135.0;100.0;La Nucia;;0.0;6.0;2.1;2;3.0;3 - 1;2.9;Atletico Saguntino;;1.0;2.0;3.5;0;1.0;-0.25;6 - 5;2-0;2.0;0.75;74 - 61;31 - 26;26.0;31.0;50.0;50.0;0.0;1.0;1.0;3.0;;;;;;;;102.0;123.0;61.0;74.0;50.0;50.0;3.0;1.0;3.0;5.0;;[13 46 57 86];[1 1 2 2];[False  True False False];['La Nucia' 'La Nucia' 'La Nucia' 'Atletico Saguntino'];[0 1 2 3];[1 2 3 2];['D' 'H' 'H' 'H'];['H' 'H' 'H' 'H'];0.14;0.86;0.0;0.28;0.72;0.0;;;;;;;
2026-05-17;194640114;Austria Landesliga;Austria;13:00;Full;True;0.16499442586399116;1.8;3.0, 3.5;2.0;3.0, 3.5;3.0;10.0;;1.0;5.0;6.0;160.0;68.0;100.0;VST Volkermarkt;;0.0;1.0;1.95;1;2.0;2 - 1;4.0;SVG Bleiburg;;0.0;3.0;2.875;1;1.0;-0.5;3 - 10;1-5;3.25;1.5;26 - 42;8 - 19;19.0;8.0;54.0;46.0;3.0;2.0;2.0;3.0;;;;;;;;91.0;69.0;42.0;26.0;57.0;43.0;12.0;4.0;5.0;4.0;;[30 45 51];[1 1 2];[False False False];['VST Volkermarkt' 'SVG Bleiburg' 'VST Volkermarkt'];[0 1 0];[1 0 1];['D' 'H' 'D'];['H' 'D' 'H'];0.4;0.6;0.0;0.67;0.33;0.0;;;;;;;
2026-05-17;194652228;Spain Tercera Group 3;Spain;13:00;Full;True;0.12121212121212122;1.85;2.0, 2.5;1.95;2.0, 2.5;3.0;5.0;;0.0;4.0;4.0;190.0;61.0;100.0;CD Guarnizo;;0.0;3.0;2.2;0;0.0;0 - 0;2.9;Tropezon;;0.0;1.0;3.0;0;0.0;-0.25;3 - 5;0-4;2.25;1.0;24 - 37;9 - 23;23.0;9.0;51.0;49.0;1.0;3.0;1.0;0.0;;;;;;;;90.0;100.0;37.0;24.0;53.0;47.0;4.0;5.0;3.0;1.0;;[];[];[];[];[];[];[];[];1.0;0.0;0.0;1.0;0.0;0.0;;;;;;;
2026-05-17;194652230;Spain Tercera Group 14;Spain;13:00;Full;True;-0.28528528528528535;1.95;2.5;1.85;2.5;3.0;2.0;;2.0;2.0;4.0;171.0;63.0;100.0;CF Jaraiz;;0.0;5.0;3.7;0;1.0;1 - 0;3.4;CD Badajoz;;0.0;1.0;1.8;0;0.0;+0.5;3 - 2;2-2;2.5;1.0;29 - 34;14 - 19;19.0;14.0;42.0;58.0;5.0;4.0;3.0;2.0;;;;;;;;85.0;86.0;34.0;29.0;45.0;55.0;7.0;8.0;4.0;6.0;;[58];[2];[False];['CF Jaraiz'];[0];[1];['D'];['H'];0.64;0.36;0.0;1.0;0.0;0.0;;;;;;;
2026-05-17;194659413;Spain Tercera Group 13;Spain;13:00;Full;True;-0.00366300366300365;1.975;2.0;1.825;2.0;7.0;0.0;;3.0;0.0;3.0;158.0;49.0;100.0;Olimpico Totana;;0.0;3.0;2.625;0;0.0;0 - 0;2.5;Union Molinense CF;;0.0;1.0;2.6;0;0.0;0.0;7 - 0;3-0;2.0;0.75;37 - 12;14 - 6;6.0;14.0;46.0;54.0;2.0;1.0;0.0;3.0;;;;;;;;68.0;90.0;12.0;37.0;49.0;51.0;3.0;6.0;0.0;4.0;;[];[];[];[];[];[];[];[];1.0;0.0;0.0;1.0;0.0;0.0;;;;;;;
2026-05-17;194640213;Portugal Cup Women;Portugal;13:15;Full;True;0.9373299559058074;1.975;3.5, 4.0;1.825;3.5, 4.0;6.0;1.0;;2.0;0.0;2.0;209.0;101.0;100.0;Benfica (W);;0.0;0.0;1.045;2;2.0;2 - 0;12.0;FC Porto (W);;0.0;0.0;51.0;0;0.0;-3.0;6 - 1;2-0;3.75;1.5;73 - 28;44 - 14;14.0;44.0;31.0;69.0;1.0;3.0;0.0;4.0;;;;;;;;81.0;128.0;28.0;73.0;34.0;66.0;1.0;7.0;0.0;6.0;;[ 4 40];[1 1];[False False];['Benfica (W)' 'Benfica (W)'];[0 1];[1 2];['D' 'H'];['H' 'H'];0.04;0.96;0.0;0.09;0.91;0.0;3006.0;3002.0;sl benfica;fc porto;;;Women
2026-05-17;194649521;Faroe Islands Premier League;Faroe Islands;13:15;Full;True;-0.6933306055646481;1.975;3.5;1.825;3.5;7.0;9.0;;3.0;2.0;5.0;150.0;117.0;100.0;07 Vestur;9.0;0.0;1.0;8.0;1;1.0;1 - 6;5.75;NSI Runavik;1.0;0.0;0.0;1.222;3;6.0;+1.75;7 - 9;3-2;3.5;1.5;56 - 61;26 - 31;31.0;26.0;56.0;44.0;6.0;4.0;7.0;1.0;;;;;;;;77.0;73.0;61.0;56.0;54.0;46.0;10.0;6.0;11.0;2.0;;[ 8 22 28 37 56 65 80];[1 1 1 1 2 2 2];[False False False False False False False];"['NSI Runavik' 'NSI Runavik' 'NSI Runavik' '07 Vestur' 'NSI Runavik'
 'NSI Runavik' 'NSI Runavik']";[ 0 -1 -2 -3 -2 -3 -4];[-1 -2 -3 -2 -3 -4 -5];['D' 'A' 'A' 'A' 'A' 'A' 'A'];['A' 'A' 'A' 'A' 'A' 'A' 'A'];0.09;0.0;0.91;0.18;0.0;0.82;;;;;;;
2026-05-17;194640208;Portugal Campeonato Nacional;Portugal;13:15;Full;True;-0.08080808080808077;2.0;2.5;1.8;2.5;3.0;4.0;;2.0;3.0;5.0;128.0;74.0;100.0;SC Vianense;;0.0;3.0;2.75;1;3.0;3 - 4;3.25;Leca;;0.0;3.0;2.25;3;4.0;+0.25;3 - 4;2-3;2.5;1.0;40 - 34;10 - 19;19.0;10.0;48.0;52.0;5.0;0.0;3.0;2.0;;;;;;;;61.0;67.0;34.0;40.0;47.0;53.0;10.0;10.0;6.0;4.0;;[18 24 29 31 67 70 91];[1 1 1 1 2 2 2];[False False False False False False  True];['Leca' 'SC Vianense' 'Leca' 'Leca' 'SC Vianense' 'SC Vianense' 'Leca'];[ 0 -1  0 -1 -2 -1  0];[-1  0 -1 -2 -1  0 -1];['D' 'A' 'D' 'A' 'A' 'A' 'D'];['A' 'D' 'A' 'A' 'A' 'D' 'A'];0.48;0.0;0.52;0.51;0.0;0.49;;;;;;;
2026-05-17;194649519;Faroe Islands Premier League;Faroe Islands;13:15;Full;True;-0.8222222222222222;1.975;3.5, 4.0;1.825;3.5, 4.0;1.0;9.0;;1.0;6.0;7.0;165.0;122.0;100.0;B68 Toftir;;0.0;0.0;15.0;1;1.0;1 - 4;8.0;KÍ Klaksvík;;0.0;2.0;1.125;1;4.0;+2.5;1 - 9;1-6;3.75;1.5;24 - 98;11 - 57;57.0;11.0;76.0;24.0;5.0;0.0;6.0;1.0;;;;;;;;100.0;65.0;98.0;24.0;71.0;29.0;9.0;1.0;9.0;1.0;;[ 6 44 53 80 90];[1 1 2 2 2];[False False False False False];['B68 Toftir' 'KÍ Klaksvík' 'KÍ Klaksvík' 'KÍ Klaksvík' 'KÍ Klaksvík'];[ 0  1  0 -1 -2];[ 1  0 -1 -2 -3];['D' 'H' 'D' 'A' 'A'];['H' 'D' 'A' 'A' 'A'];0.17;0.42;0.41;0.16;0.84;0.0;;;;;;;
2026-05-17;193754250;Greece Super League 1;Greece;13:30;Full;True;-0.193687230989957;1.8;2.5;2.0;2.5;10.0;6.0;;1.0;4.0;5.0;168.0;91.0;100.0;Panathinaikos;;0.0;2.0;3.4;0;2.0;2 - 2;3.6;PAOK Salonika;;0.0;2.0;2.05;2;2.0;+0.25;10 - 6;1-4;2.5;1.0;53 - 38;18 - 14;14.0;18.0;46.0;54.0;4.0;3.0;3.0;1.0;;;;;;;;78.0;90.0;38.0;53.0;47.0;53.0;11.0;11.0;6.0;6.0;;[30 35 68 81];[1 1 2 2];[False False False False];['PAOK Salonika' 'PAOK Salonika' 'Panathinaikos' 'Panathinaikos'];[ 0 -1 -2 -1];[-1 -2 -1  0];['D' 'A' 'A' 'A'];['A' 'A' 'A' 'D'];0.43;0.0;0.57;0.67;0.0;0.33;3248.0;3251.0;panathinaikos athens;paok thessaloniki;1.95;1.66;
2026-05-17;194712203;Gambia GFA League;Gambia;13:30;Full;True;0.12250161186331399;1.8;1.5, 2.0;2.0;1.5, 2.0;8.0;1.0;;4.0;0.0;4.0;185.0;102.0;;Gambian Dutch Lions;;0.0;2.0;2.35;0;0.0;0 - 1;2.55;Team Rhino FC;;0.0;3.0;3.3;0;1.0;-0.25;8 - 1;4-0;1.75;0.75;55 - 47;24 - 24;24.0;24.0;;;3.0;3.0;1.0;0.0;;;;;;;;78.0;107.0;47.0;55.0;;;3.0;5.0;3.0;1.0;;[78];[2];[False];['Team Rhino FC'];[0];[-1];['D'];['A'];0.87;0.0;0.13;1.0;0.0;0.0;;;;;;;
2026-05-17;193754247;Greece Super League 1;Greece;13:30;Full;True;-0.09408602150537637;1.975;2.5;1.825;2.5;4.0;3.0;;2.0;1.0;3.0;192.0;80.0;100.0;AEK Athens;;0.0;3.0;3.1;0;1.0;1 - 1;3.1;Olympiacos;;0.0;3.0;2.4;1;1.0;+0.25;4 - 3;2-1;2.5;1.0;39 - 41;11 - 9;9.0;11.0;47.0;53.0;3.0;2.0;4.0;2.0;;;;;;;;119.0;73.0;41.0;39.0;45.0;55.0;8.0;7.0;5.0;4.0;;[41 72];[1 2];[False False];['Olympiacos' 'AEK Athens'];[ 0 -1];[-1  0];['D' 'A'];['A' 'D'];0.66;0.0;0.34;0.91;0.0;0.09;3250.0;3245.0;aek athens;olympiacos piraeus;2.0;1.75;
2026-05-17;193193646;Chile Liga de Primera;Chile;13:30;Full;True;0.17940199335548174;1.8;2.0, 2.5;2.0;2.0, 2.5;2.0;4.0;;2.0;0.0;2.0;217.0;79.0;100.0;Huachipato;;0.0;4.0;2.15;0;3.0;3 - 1;3.0;Union La Calera;;0.0;3.0;3.5;1;1.0;-0.25;2 - 4;2-0;2.25;1.0;34 - 45;17 - 18;18.0;17.0;46.0;54.0;0.0;5.0;1.0;1.0;;;;;;;;99.0;118.0;45.0;34.0;51.0;49.0;7.0;7.0;3.0;5.0;;[14 46 71 98];[1 2 2 2];[False False False  True];['Union La Calera' 'Huachipato' 'Huachipato' 'Huachipato'];[ 0 -1  0  1];[-1  0  1  2];['D' 'A' 'D' 'H'];['A' 'D' 'H' 'H'];0.4;0.28;0.33;0.31;0.0;0.69;3164.0;48242.0;huachipato;deportes union la calera;1.9;1.8;
2026-05-17;194658428;Poland III Liga;Poland;13:30;Full;True;-0.45614035087719296;1.875;2.5, 3.0;1.925;2.5, 3.0;2.0;9.0;;0.0;2.0;2.0;0.0;0.0;100.0;Bron Radom;;0.0;2.0;4.75;0;1.0;1 - 2;4.1;Legia Warsaw II;;0.0;1.0;1.5;1;2.0;+1.0;2 - 9;0-2;2.75;1.25;-;-;0.0;0.0;72.0;28.0;0.0;0.0;1.0;0.0;;;;;;;;0.0;0.0;0.0;0.0;66.0;34.0;0.0;0.0;2.0;1.0;;[ 7 61 79];[1 2 2];[False False False];['Legia Warsaw II' 'Bron Radom' 'Legia Warsaw II'];[ 0 -1  0];[-1  0 -1];['D' 'A' 'D'];['A' 'D' 'A'];0.28;0.0;0.72;0.16;0.0;0.84;;3106.0;;legia warszawa;;;Youth
2026-05-17;194091129;Serbia Super Liga;Serbia;13:30;Full;True;-0.47619047619047616;1.9;3.0;1.9;3.0;1.0;4.0;;0.0;1.0;1.0;204.0;87.0;100.0;FK Radnik Surdulica;8.0;0.0;4.0;5.25;0;0.0;0 - 0;4.1;Crvena Zvezda;1.0;0.0;1.0;1.5;0;0.0;+1.0;1 - 4;0-1;3.0;1.25;24 - 63;12 - 23;23.0;12.0;50.0;50.0;4.0;3.0;0.0;3.0;;;;;;;;111.0;93.0;63.0;24.0;50.0;50.0;9.0;9.0;4.0;4.0;;[];[];[];[];[];[];[];[];1.0;0.0;0.0;1.0;0.0;0.0;111127.0;5149.0;fk radnik surdulica;fk crvena zvezda belgrade;1.66;1.72;
2026-05-17;194712213;Gambia GFA League;Gambia;13:30;Full;True;-0.006734006734006703;1.925;1.5, 2.0;1.875;1.5, 2.0;1.0;1.0;;0.0;1.0;1.0;220.0;119.0;;Steve Biko FC;;0.0;1.0;2.75;0;1.0;1 - 1;2.625;Medina United FC;;0.0;0.0;2.7;0;1.0;0.0;1 - 1;0-1;1.75;0.75;67 - 52;22 - 24;24.0;22.0;;;5.0;2.0;1.0;0.0;;;;;;;;110.0;110.0;52.0;67.0;;;9.0;6.0;3.0;1.0;;[56 63];[2 2];[False False];['Medina United FC' 'Steve Biko FC'];[ 0 -1];[-1  0];['D' 'A'];['A' 'D'];0.92;0.0;0.08;1.0;0.0;0.0;;;;;;;
2026-05-17;194712207;Gambia GFA League;Gambia;13:30;Full;True;0.28573923021277653;1.75;1.5, 2.0;2.05;1.5, 2.0;5.0;1.0;;3.0;0.0;3.0;192.0;102.0;;Fortune FC;;0.0;2.0;1.909;0;0.0;0 - 0;2.8;Samger FC;;0.0;0.0;4.2;0;0.0;-0.5;5 - 1;3-0;1.75;0.75;61 - 41;22 - 20;20.0;22.0;;;2.0;0.0;3.0;0.0;;;;;;;;86.0;106.0;41.0;61.0;;;8.0;2.0;4.0;1.0;;[];[];[];[];[];[];[];[];1.0;0.0;0.0;1.0;0.0;0.0;;;;;;;
2026-05-17;193331434;Belgium First Division A;Belgium;13:30;Full;True;0.19696969696969696;1.9;2.5;1.9;2.5;6.0;10.0;;3.0;1.0;4.0;196.0;77.0;100.0;Club Brugge;2.0;0.0;1.0;2.0;3;5.0;5 - 0;3.5;Union Saint Gilloise;1.0;0.0;2.0;3.3;0;0.0;-0.5;6 - 10;3-1;2.5;1.0;33 - 44;23 - 21;21.0;23.0;42.0;58.0;6.0;9.0;0.0;3.0;;;;;;;;115.0;81.0;44.0;33.0;53.0;47.0;17.0;11.0;5.0;6.0;;[31 38 46 94];[1 1 1 2];[False False  True  True];['Club Brugge' 'Club Brugge' 'Club Brugge' 'Club Brugge'];[0 1 2 3];[1 2 3 4];['D' 'H' 'H' 'H'];['H' 'H' 'H' 'H'];0.33;0.67;0.0;0.67;0.33;0.0;2888.0;4860.0;club brugge;union saint-gilloise;1.66;1.75;
2026-05-17;194712209;Gambia GFA League;Gambia;13:30;Full;True;-0.12228260869565222;1.75;1.5, 2.0;2.05;1.5, 2.0;6.0;3.0;;3.0;0.0;3.0;216.0;120.0;;Hawks FC;;0.0;3.0;3.2;2;3.0;3 - 1;2.75;Bombada FC;;0.0;1.0;2.3;1;1.0;+0.25;6 - 3;3-0;1.75;0.75;49 - 71;29 - 33;33.0;29.0;;;0.0;0.0;2.0;3.0;;;;;;;;119.0;97.0;71.0;49.0;;;5.0;1.0;2.0;4.0;;[ 4 16 48 69];[1 1 1 2];[False False  True False];['Hawks FC' 'Hawks FC' 'Bombada FC' 'Hawks FC'];[0 1 2 1];[1 2 1 2];['D' 'H' 'H' 'H'];['H' 'H' 'H' 'H'];0.04;0.96;0.0;0.08;0.92;0.0;;;;;;;
2026-05-17;194659388;Spain Tercera Group 2;Spain;13:30;Full;True;0.016006402561024313;1.825;2.0, 2.5;1.975;2.0, 2.5;2.0;1.0;;1.0;0.0;1.0;155.0;65.0;;Caudal;;0.0;2.0;2.45;0;0.0;0 - 0;3.2;Sporting Gijon B;;0.0;3.0;2.55;0;0.0;0.0;2 - 1;1-0;2.25;1.0;37 - 28;23 - 17;17.0;23.0;;;2.0;1.0;2.0;1.0;;;;;;;;82.0;73.0;28.0;37.0;;;2.0;2.0;2.0;2.0;;[];[];[];[];[];[];[];[];1.0;0.0;0.0;1.0;0.0;0.0;;2852.0;;sporting gijon;;;Youth
2026-05-17;194712211;Gambia GFA League;Gambia;13:30;Full;True;0.16666666666666663;2.025;1.5, 2.0;1.775;1.5, 2.0;3.0;6.0;;2.0;5.0;7.0;221.0;138.0;;Real de Banjul;;0.0;0.0;2.25;2;2.0;2 - 2;2.55;Brikama United;;0.0;2.0;3.6;1;2.0;-0.25;3 - 6;2-5;1.75;0.5;62 - 76;35 - 39;39.0;35.0;;;0.0;1.0;1.0;2.0;;;;;;;;117.0;104.0;76.0;62.0;;;0.0;2.0;2.0;2.0;;[ 2 13 36 89];[1 1 1 2];[False False False False];['Real de Banjul' 'Real de Banjul' 'Brikama United' 'Brikama United'];[0 1 2 1];[1 2 1 0];['D' 'H' 'H' 'H'];['H' 'H' 'H' 'D'];0.03;0.97;0.0;0.04;0.96;0.0;;;;;;;
2026-05-17;194622600;Luxembourg Division Nationale;Luxembourg;13:30;Full;True;-0.20979020979020985;1.95;2.5;1.85;2.5;3.0;10.0;;1.0;6.0;7.0;172.0;88.0;100.0;Jeunesse Esch;;0.0;0.0;3.3;1;2.0;2 - 1;3.4;Progres Niederkorn;;0.0;1.0;1.95;1;1.0;+0.5;3 - 10;1-6;2.5;1.0;34 - 54;18 - 24;24.0;18.0;69.0;31.0;4.0;0.0;4.0;1.0;;;;;;;;99.0;73.0;54.0;34.0;68.0;32.0;6.0;0.0;6.0;3.0;;[25 42 50];[1 1 2];[False False False];['Progres Niederkorn' 'Jeunesse Esch' 'Jeunesse Esch'];[ 0 -1  0];[-1  0  1];['D' 'A' 'D'];['A' 'D' 'H'];0.37;0.44;0.19;0.62;0.0;0.38;;;;;;;
2026-05-17;194712216;Gambia GFA League;Gambia;13:30;Full;True;-0.009316770186335421;1.975;1.5, 2.0;1.825;1.5, 2.0;5.0;2.0;;4.0;1.0;5.0;179.0;168.0;;TMT FA;;0.0;2.0;2.875;0;0.0;0 - 0;2.4;Greater Tomorrow FC;;0.0;2.0;2.8;0;0.0;0.0;5 - 2;4-1;1.75;0.75;93 - 75;44 - 35;35.0;44.0;;;5.0;7.0;1.0;0.0;;;;;;;;99.0;80.0;75.0;93.0;;;10.0;14.0;1.0;3.0;;[];[];[];[];[];[];[];[];1.0;0.0;0.0;1.0;0.0;0.0;;;;;;;
2026-05-17;194652234;Spain Tercera Group 16;Spain;13:30;Full;True;-0.016006402561024313;1.85;2.0, 2.5;1.95;2.0, 2.5;2.0;5.0;;1.0;2.0;3.0;146.0;81.0;100.0;Oyonesa;;0.0;1.0;2.55;0;0.0;0 - 0;3.2;Varea;;0.0;4.0;2.45;0;0.0;0.0;2 - 5;1-2;2.25;1.0;40 - 41;19 - 23;23.0;19.0;39.0;61.0;5.0;4.0;1.0;2.0;;;;;;;;70.0;76.0;41.0;40.0;46.0;54.0;7.0;7.0;3.0;5.0;;[];[];[];[];[];[];[];[];1.0;0.0;0.0;1.0;0.0;0.0;;;;;;;
2026-05-17;192998821;England Premier League;England;13:30;Full;True;0.12121212121212122;1.825;3.0;2.025;3.0;9.0;1.0;;6.0;1.0;7.0;195.0;107.0;100.0;Newcastle;13.0;0.0;1.0;2.2;2;3.0;3 - 1;3.8;West Ham;18.0;0.0;3.0;3.0;0;1.0;-0.25;9 - 1;6-1;3.0;1.25;52 - 55;29 - 24;24.0;29.0;41.0;59.0;2.0;2.0;2.0;3.0;;;;;;;;101.0;94.0;55.0;52.0;44.0;56.0;7.0;8.0;8.0;7.0;;[15 19 65 69];[1 1 2 2];[False False False False];['Newcastle' 'Newcastle' 'Newcastle' 'West Ham'];[0 1 2 3];[1 2 3 2];['D' 'H' 'H' 'H'];['H' 'H' 'H' 'H'];0.17;0.83;0.0;0.33;0.67;0.0;39.0;37.0;newcastle united;west ham united;1.44;1.44;
2026-05-17;193719939;Croatia HNL;Croatia;13:45;Full;True;-0.3776578017729787;2.0;2.5;1.8;2.5;7.0;4.0;;1.0;3.0;4.0;218.0;120.0;100.0;Istra 1961;6.0;0.0;2.0;4.5;0;0.0;0 - 0;3.3;HNK Rijeka;4.0;1.0;2.0;1.667;0;0.0;+0.75;7 - 4;1-3;2.5;1.0;67 - 53;20 - 31;31.0;20.0;61.0;39.0;3.0;3.0;0.0;0.0;;;;;;;;108.0;110.0;53.0;67.0;50.0;50.0;4.0;7.0;1.0;1.0;;[];[];[];[];[];[];[];[];1.0;0.0;0.0;1.0;0.0;0.0;25529.0;2039.0;nk istra 1961;hnk rijeka;1.83;1.9;
2026-05-17;194639956;Mauritania Division 1;Mauritania;13:45;Full;True;-0.42871885596343806;2.025;2.0, 2.5;1.775;2.0, 2.5;3.0;6.0;;0.0;1.0;1.0;112.0;91.0;100.0;Nouakchott Kings;;0.0;3.0;5.25;2;3.0;3 - 2;3.3;FC Nouadhibou;;0.0;1.0;1.615;2;2.0;+0.75;3 - 6;0-1;2.25;0.75;31 - 60;11 - 29;29.0;11.0;72.0;28.0;3.0;1.0;8.0;3.0;;;;;;;;56.0;56.0;60.0;31.0;66.0;34.0;7.0;6.0;14.0;7.0;;[ 2  5 15 51 92];[1 1 1 1 2];[False False False  True  True];"['FC Nouadhibou' 'Nouakchott Kings' 'Nouakchott Kings' 'FC Nouadhibou'
 'Nouakchott Kings']";[ 0 -1  0  1  0];[-1  0  1  0  1];['D' 'A' 'D' 'H' 'D'];['A' 'D' 'H' 'D' 'H'];0.58;0.39;0.03;0.24;0.71;0.06;;;;;;;
2026-05-17;193332428;Spain La Liga;Spain;14:00;Full;True;-0.14253563390847712;1.95;2.5, 3.0;1.9;2.5, 3.0;4.0;4.0;;2.0;3.0;5.0;166.0;86.0;100.0;Sevilla;15.0;0.0;3.0;3.1;0;0.0;0 - 1;3.5;Real Madrid;2.0;0.0;0.0;2.15;1;1.0;+0.25;4 - 4;2-3;2.75;1.25;51 - 35;22 - 13;13.0;22.0;61.0;39.0;6.0;5.0;1.0;2.0;;;;;;;;64.0;102.0;35.0;51.0;59.0;41.0;11.0;8.0;1.0;6.0;;[15];[1];[False];['Real Madrid'];[0];[-1];['D'];['A'];0.17;0.0;0.83;0.33;0.0;0.67;2833.0;2829.0;sevilla fc;real madrid;1.53;1.61;
2026-05-17;193332423;Spain La Liga;Spain;14:00;Full;True;0.14141414141414138;1.9;2.5;1.95;2.5;3.0;2.0;;2.0;0.0;2.0;198.0;69.0;100.0;Real Sociedad;7.0;0.0;4.0;2.25;1;3.0;3 - 4;3.2;Valencia;12.0;1.0;0.0;3.3;2;4.0;-0.25;3 - 2;2-0;2.5;1.0;44 - 25;23 - 9;9.0;23.0;46.0;54.0;3.0;2.0;2.0;2.0;;;;;;;;86.0;112.0;25.0;44.0;45.0;55.0;7.0;5.0;6.0;3.0;;[ 3  8 22 60 63 89 93];[1 1 1 2 2 2 2];[False False False False False False  True];"['Real Sociedad' 'Valencia' 'Valencia' 'Real Sociedad' 'Real Sociedad'
 'Valencia' 'Valencia']";[ 0  1  0 -1  0  1  0];[ 1  0 -1  0  1  0 -1];['D' 'H' 'D' 'A' 'D' 'H' 'D'];['H' 'D' 'A' 'D' 'H' 'D' 'A'];0.26;0.33;0.41;0.38;0.11;0.51;2824.0;2828.0;real sociedad san sebastian;valencia cf;1.7;1.66;
2026-05-17;193332394;Spain La Liga;Spain;14:00;Full;True;0.36601307189542487;2.0;3.0;1.85;3.0;9.0;8.0;;2.0;2.0;4.0;208.0;137.0;100.0;Atletico Madrid;4.0;0.0;2.0;1.7;1;1.0;1 - 0;4.0;Girona;13.0;0.0;0.0;4.5;0;0.0;-0.75;9 - 8;2-2;3.0;1.25;48 - 89;24 - 41;41.0;24.0;54.0;46.0;5.0;6.0;6.0;3.0;;;;;;;;139.0;69.0;89.0;48.0;52.0;48.0;14.0;13.0;11.0;4.0;;[21];[1];[False];['Atletico Madrid'];[0];[1];['D'];['H'];0.23;0.77;0.0;0.47;0.53;0.0;2836.0;24264.0;atletico madrid;girona fc;1.7;1.61;
2026-05-17;193332417;Spain La Liga;Spain;14:00;Full;True;-0.2799320292836244;2.025;2.0, 2.5;1.825;2.0, 2.5;5.0;2.0;;4.0;1.0;5.0;180.0;91.0;100.0;Real Oviedo;20.0;0.0;3.0;4.1;0;0.0;0 - 1;3.4;CD Alaves;16.0;0.0;1.0;1.909;1;1.0;+0.5;5 - 2;4-1;2.25;0.75;56 - 35;25 - 15;15.0;25.0;34.0;66.0;2.0;4.0;1.0;0.0;;;;;;;;73.0;107.0;35.0;56.0;30.0;70.0;6.0;7.0;1.0;0.0;;[17];[1];[False];['CD Alaves'];[0];[-1];['D'];['A'];0.19;0.0;0.81;0.38;0.0;0.62;2851.0;2885.0;real oviedo;deportivo alaves;2.0;2.0;
2026-05-17;193332411;Spain La Liga;Spain;14:00;Full;True;0.24255024255024266;1.925;2.5, 3.0;1.925;2.5, 3.0;1.0;9.0;;1.0;3.0;4.0;198.0;102.0;100.0;Rayo Vallecano;14.0;0.0;2.0;1.95;1;2.0;2 - 0;3.5;Villarreal;3.0;0.0;1.0;3.7;0;0.0;-0.5;1 - 9;1-3;2.75;1.25;51 - 51;20 - 24;24.0;20.0;45.0;55.0;4.0;4.0;0.0;3.0;;;;;;;;76.0;122.0;51.0;51.0;47.0;53.0;9.0;8.0;2.0;7.0;;[28 47];[1 2];[False False];['Rayo Vallecano' 'Rayo Vallecano'];[0 1];[1 2];['D' 'H'];['H' 'H'];0.31;0.69;0.0;0.62;0.38;0.0;2818.0;2819.0;rayo vallecano;villarreal cf;1.61;1.61;
2026-05-17;193718072;Türkiye Super Lig;Turkey;14:00;Full;True;0.5902806870548805;1.825;3.0, 3.5;1.975;3.0, 3.5;6.0;0.0;;2.0;0.0;2.0;206.0;112.0;100.0;Fenerbahce;;0.0;5.0;1.364;0;3.0;3 - 3;5.5;Eyupspor;;0.0;2.0;7.0;2;3.0;-1.5;6 - 0;2-0;3.25;1.5;93 - 19;50 - 8;8.0;50.0;21.0;79.0;3.0;5.0;2.0;4.0;;;;;;;;56.0;150.0;19.0;93.0;22.0;78.0;3.0;11.0;3.0;7.0;;[17 36 68 79 82 87];[1 1 2 2 2 2];[False False False False False False];['Eyupspor' 'Eyupspor' 'Fenerbahce' 'Fenerbahce' 'Fenerbahce' 'Eyupspor'];[ 0 -1 -2 -1  0  1];[-1 -2 -1  0  1  0];['D' 'A' 'A' 'A' 'D' 'H'];['A' 'A' 'A' 'D' 'H' 'D'];0.26;0.06;0.69;0.38;0.0;0.62;3052.0;7040.0;fenerbahce istanbul;eyupspor;1.83;1.61;
2026-05-17;193332402;Spain La Liga;Spain;14:00;Full;True;0.14906832298136652;1.95;2.0;1.9;2.0;4.0;0.0;;3.0;0.0;3.0;177.0;78.0;100.0;Elche;17.0;0.0;2.0;2.3;1;1.0;1 - 0;2.875;Getafe;8.0;1.0;0.0;3.5;0;0.0;-0.25;4 - 0;3-0;2.0;0.75;48 - 30;38 - 4;4.0;38.0;24.0;76.0;0.0;5.0;0.0;3.0;;;;;;;;90.0;87.0;30.0;48.0;41.0;59.0;3.0;7.0;0.0;3.0;;[19];[1];[False];['Elche'];[0];[1];['D'];['H'];0.21;0.79;0.0;0.42;0.58;0.0;2846.0;2859.0;elche cf;getafe cf;2.05;2.1;
2026-05-17;193192712;Canada Premier League;Canada;14:00;Full;True;0.044579533941236094;1.975;2.5, 3.0;1.825;2.5, 3.0;1.0;5.0;;1.0;1.0;2.0;199.0;92.0;100.0;Atletico Ottawa;;0.0;2.0;2.35;1;1.0;1 - 0;3.3;HFX Wanderers FC;;0.0;3.0;2.625;0;0.0;0.0;1 - 5;1-1;2.75;1.0;41 - 51;25 - 19;19.0;25.0;33.0;67.0;0.0;1.0;0.0;2.0;;;;;;;;100.0;99.0;51.0;41.0;35.0;65.0;4.0;4.0;2.0;2.0;;[32];[1];[False];['Atletico Ottawa'];[0];[1];['D'];['H'];0.36;0.64;0.0;0.71;0.29;0.0;684069.0;543881.0;atletico ottawa;hfx wanderers fc;1.72;1.61;
2026-05-17;194659408;Spain Tercera Group 10;Spain;14:00;Full;True;0.1111111111111111;1.9;2.0;1.9;2.0;3.0;5.0;;3.0;3.0;6.0;269.0;146.0;;Bollullos CF;;0.0;4.0;2.25;0;1.0;1 - 0;3.0;Club Atletico Central;;0.0;2.0;3.0;0;0.0;-0.25;3 - 5;3-3;2.0;0.75;65 - 81;34 - 36;36.0;34.0;;;2.0;0.0;1.0;2.0;;;;;;;;137.0;132.0;81.0;65.0;;;3.0;3.0;1.0;3.0;;[54];[2];[False];['Bollullos CF'];[0];[1];['D'];['H'];0.6;0.4;0.0;1.0;0.0;0.0;;;;;;;
2026-05-17;193332397;Spain La Liga;Spain;14:00;Full;True;0.1981351981351981;1.8;2.0;2.05;2.0;9.0;2.0;;3.0;1.0;4.0;200.0;96.0;100.0;Osasuna;10.0;0.0;1.0;2.2;0;1.0;1 - 2;2.8;Espanyol;11.0;0.0;2.0;3.9;1;2.0;-0.25;9 - 2;3-1;2.0;0.75;70 - 26;31 - 14;14.0;31.0;40.0;60.0;3.0;8.0;1.0;3.0;;;;;;;;67.0;133.0;26.0;70.0;32.0;68.0;4.0;15.0;3.0;9.0;;[27 49 53];[1 2 2];[False False False];['Espanyol' 'Osasuna' 'Espanyol'];[ 0 -1  0];[-1  0 -1];['D' 'A' 'D'];['A' 'D' 'A'];0.34;0.0;0.66;0.6;0.0;0.4;2820.0;2814.0;ca osasuna;espanyol barcelona;1.8;2.0;
2026-05-17;193718058;Türkiye Super Lig;Turkey;14:00;Full;True;0.5;1.9;2.5;1.9;2.5;2.0;4.0;;1.0;2.0;3.0;158.0;59.0;100.0;Antalyaspor;;0.0;6.0;1.5;0;1.0;1 - 0;4.333;Kocaelispor;;0.0;6.0;6.0;0;0.0;-1.0;2 - 4;1-2;2.5;1.0;29 - 30;10 - 15;15.0;10.0;62.0;38.0;5.0;8.0;1.0;2.0;;;;;;;;73.0;85.0;30.0;29.0;59.0;41.0;7.0;11.0;1.0;5.0;;[79];[2];[False];['Antalyaspor'];[0];[1];['D'];['H'];0.88;0.12;0.0;1.0;0.0;0.0;3056.0;3065.0;antalyaspor;kocaelispor;1.9;2.0;
2026-05-17;193332408;Spain La Liga;Spain;14:00;Full;True;0.19841269841269837;1.9;2.5;1.95;2.5;4.0;6.0;;3.0;4.0;7.0;178.0;81.0;100.0;Levante;19.0;1.0;2.0;2.1;1;2.0;2 - 0;3.4;Mallorca;18.0;1.0;0.0;3.6;0;0.0;-0.25;4 - 6;3-4;2.5;1.0;31 - 50;17 - 26;26.0;17.0;68.0;32.0;4.0;3.0;3.0;1.0;;;;;;;;110.0;68.0;50.0;31.0;71.0;29.0;6.0;12.0;3.0;3.0;;[32 87];[1 2];[False False];['Levante' 'Levante'];[0 1];[1 2];['D' 'H'];['H' 'H'];0.36;0.64;0.0;0.71;0.29;0.0;2849.0;2826.0;levante ud;rcd mallorca;1.7;1.7;
2026-05-17;193718095;Türkiye Super Lig;Turkey;14:00;Full;True;-0.13196480938416422;1.825;2.5, 3.0;1.975;2.5, 3.0;2.0;7.0;;0.0;5.0;5.0;178.0;64.0;100.0;Kasimpasa;;0.0;0.0;3.1;1;1.0;1 - 0;3.4;Galatasaray;;0.0;1.0;2.2;0;0.0;+0.25;2 - 7;0-5;2.75;1.25;17 - 47;9 - 18;18.0;9.0;75.0;25.0;3.0;0.0;2.0;1.0;;;;;;;;117.0;61.0;47.0;17.0;71.0;29.0;7.0;3.0;5.0;3.0;;[27];[1];[False];['Kasimpasa'];[0];[1];['D'];['H'];0.3;0.7;0.0;0.6;0.4;0.0;6063.0;3061.0;kasimpasa istanbul;galatasaray istanbul;1.66;1.5;
2026-05-17;194532871;Iceland Premier League;Iceland;14:00;Full;True;0.09474590869939709;2.0;3.0, 3.5;1.8;3.0, 3.5;6.0;5.0;;2.0;1.0;3.0;317.0;208.0;100.0;FH Hafnarfjordur;;1.0;1.0;2.15;1;1.0;1 - 2;3.6;KA Akureyri;;0.0;3.0;2.7;0;2.0;-0.25;6 - 5;2-1;3.25;1.25;69 - 139;28 - 73;73.0;28.0;55.0;45.0;2.0;2.0;1.0;1.0;;;;;;;;198.0;119.0;139.0;69.0;61.0;39.0;4.0;5.0;3.0;2.0;;[32 54 86];[1 2 2];[False False False];['FH Hafnarfjordur' 'KA Akureyri' 'KA Akureyri'];[0 1 0];[ 1  0 -1];['D' 'H' 'D'];['H' 'D' 'A'];0.71;0.24;0.04;0.71;0.29;0.0;1894.0;1904.0;fh hafnarfjordur;ka akureyri;1.44;1.44;
2026-05-17;194527060;Portugal Segunda Liga;Portugal;14:00;Full;True;0.25482625482625476;1.975;2.5, 3.0;1.825;2.5, 3.0;8.0;1.0;;5.0;1.0;6.0;203.0;115.0;100.0;Leixoes;7.0;0.0;3.0;1.85;1;2.0;2 - 1;3.5;Lusitania Lourosa;12.0;2.0;1.0;3.5;0;1.0;-0.5;8 - 1;5-1;2.75;1.25;93 - 22;34 - 14;14.0;34.0;31.0;69.0;1.0;2.0;1.0;4.0;;;;;;;;74.0;129.0;22.0;93.0;35.0;65.0;2.0;7.0;2.0;9.0;;[39 74 81];[1 2 2];[False False False];['Leixoes' 'Leixoes' 'Lusitania Lourosa'];[0 1 2];[1 2 1];['D' 'H' 'H'];['H' 'H' 'H'];0.43;0.57;0.0;0.87;0.13;0.0;3018.0;35174.0;leixoes sc;lusitania fc lourosa;;;
2026-05-17;194639023;Egypt Division 1;Egypt;14:00;Full;True;0.08333333333333337;1.85;1.5, 2.0;1.95;1.5, 2.0;4.0;2.0;;2.0;1.0;3.0;166.0;85.0;100.0;Ismaily SC;;0.0;2.0;2.4;0;0.0;0 - 0;2.7;ZED FC;;0.0;3.0;3.0;0;0.0;-0.25;4 - 2;2-1;1.75;0.75;49 - 36;32 - 13;13.0;32.0;39.0;61.0;3.0;6.0;0.0;1.0;;;;;;;;71.0;95.0;36.0;49.0;43.0;57.0;5.0;7.0;3.0;2.0;;[];[];[];[];[];[];[];[];1.0;0.0;0.0;1.0;0.0;0.0;42366.0;249057.0;ismaily sc;zed fc;2.37;2.37;
2026-05-17;193332391;Spain La Liga;Spain;14:00;Full;True;0.16883116883116883;1.925;2.0, 2.5;1.925;2.0, 2.5;5.0;0.0;;4.0;0.0;4.0;214.0;100.0;100.0;Athletic Club;;0.0;2.0;2.2;0;1.0;1 - 1;3.2;Celta Vigo;;0.0;2.0;3.5;1;1.0;-0.25;5 - 0;4-0;2.25;1.0;87 - 13;28 - 8;8.0;28.0;43.0;57.0;0.0;7.0;2.0;6.0;;;;;;;;57.0;157.0;13.0;87.0;42.0;58.0;1.0;16.0;2.0;9.0;;[ 5 52];[1 2];[False False];['Celta Vigo' 'Athletic Club'];[ 0 -1];[-1  0];['D' 'A'];['A' 'D'];0.48;0.0;0.52;0.11;0.0;0.89;2825.0;2821.0;athletic bilbao;rc celta de vigo;1.9;1.9;
2026-05-17;194658464;Poland IV Liga;Poland;14:00;Full;True;0.21795989537925015;1.925;3.0;1.875;3.0;1.0;8.0;;1.0;1.0;2.0;145.0;66.0;100.0;Wiara Lecha Poznan;;0.0;2.0;1.85;0;1.0;1 - 1;3.9;Obra Koscian;;0.0;3.0;3.1;0;1.0;-0.5;1 - 8;1-1;3.0;1.25;31 - 35;18 - 13;13.0;18.0;47.0;53.0;2.0;3.0;1.0;3.0;;;;;;;;78.0;67.0;35.0;31.0;55.0;45.0;9.0;6.0;8.0;4.0;;[48 68];[2 2];[False False];['Wiara Lecha Poznan' 'Obra Koscian'];[0 1];[1 0];['D' 'H'];['H' 'D'];0.78;0.22;0.0;1.0;0.0;0.0;;;;;;;
2026-05-17;194699305;Mexico Liga MX U19;Mexico;14:00;Full;True;0.11743450767841018;1.9;3.0, 3.5;1.9;3.0, 3.5;2.0;5.0;;2.0;2.0;4.0;127.0;130.0;;Santos Laguna U19;;1.0;3.0;2.05;0;0.0;0 - 1;4.0;Tijuana U19;;0.0;3.0;2.7;0;1.0;-0.25;2 - 5;2-2;3.25;1.25;67 - 63;36 - 37;37.0;36.0;;;7.0;1.0;2.0;4.0;;;;;;;;62.0;65.0;63.0;67.0;;;10.0;2.0;4.0;9.0;;[75];[2];[False];['Tijuana U19'];[0];[-1];['D'];['A'];0.83;0.0;0.17;1.0;0.0;0.0;1948.0;334053.0;club santos laguna;club tijuana de caliente;;;Youth
2026-05-17;194644208;Spain Segunda Division RFEF Play-Offs;Spain;14:00;Full;True;0.4991789819376027;1.85;2.5;1.95;2.5;4.0;2.0;;2.0;0.0;2.0;191.0;125.0;100.0;Aguilas;;0.0;2.0;1.45;1;2.0;2 - 1;4.2;Utebo;;0.0;0.0;5.25;0;1.0;-1.0;4 - 2;2-0;2.5;1.0;75 - 50;37 - 22;22.0;37.0;50.0;50.0;2.0;7.0;1.0;1.0;;;;;;;;95.0;96.0;50.0;75.0;50.0;50.0;6.0;10.0;3.0;3.0;;[41 55 61];[1 2 2];[False False False];['Aguilas' 'Utebo' 'Aguilas'];[0 1 0];[1 0 1];['D' 'H' 'D'];['H' 'D' 'H'];0.52;0.48;0.0;0.91;0.09;0.0;;;;;;;
2026-05-17;194637062;Albania Championship;Albania;14:00;Full;True;0.18207282913165262;1.775;2.0;2.025;2.0;6.0;0.0;;0.0;0.0;0.0;236.0;107.0;100.0;AF Elbasani;;0.0;4.0;2.1;0;0.0;0 - 4;2.875;KF Egnatia;;0.0;7.0;3.4;3;4.0;-0.25;6 - 0;0-0;2.0;0.75;61 - 46;18 - 29;29.0;18.0;59.0;41.0;7.0;2.0;4.0;0.0;;;;;;;;105.0;131.0;46.0;61.0;50.0;50.0;10.0;7.0;6.0;2.0;;[28 46 48 88];[1 1 1 2];[False  True  True False];['KF Egnatia' 'KF Egnatia' 'KF Egnatia' 'KF Egnatia'];[ 0 -1 -2 -3];[-1 -2 -3 -4];['D' 'A' 'A' 'A'];['A' 'A' 'A' 'A'];0.31;0.0;0.69;0.58;0.0;0.42;;;;;;;
2026-05-17;194785450;Mali Premiere Division;Mali;14:00;Full;True;-0.03501400560224094;1.8;1.5, 2.0;2.0;1.5, 2.0;6.0;8.0;;4.0;5.0;9.0;153.0;164.0;;Real Bamako;4.0;0.0;0.0;2.8;0;0.0;0 - 0;2.75;Djoliba AC;1.0;0.0;0.0;2.55;0;0.0;0.0;6 - 8;4-5;1.75;0.75;72 - 92;43 - 43;43.0;43.0;;;3.0;0.0;0.0;0.0;;;;;;;;75.0;78.0;92.0;72.0;;;7.0;1.0;1.0;0.0;;[];[];[];[];[];[];[];[];1.0;0.0;0.0;1.0;0.0;0.0;;;;;;;
2026-05-17;194639018;Egypt Division 1;Egypt;14:00;Full;True;-0.036363636363636376;1.825;2.0;1.975;2.0;3.0;10.0;;3.0;6.0;9.0;199.0;115.0;100.0;Petrojet;;1.0;1.0;2.75;1;1.0;1 - 1;2.8;Modern Sport FC;;0.0;2.0;2.5;0;1.0;0.0;3 - 10;3-6;2.0;0.75;38 - 77;28 - 35;35.0;28.0;56.0;44.0;5.0;2.0;2.0;4.0;;;;;;;;105.0;94.0;77.0;38.0;67.0;33.0;11.0;3.0;5.0;4.0;;[16 93];[1 2];[False  True];['Petrojet' 'Modern Sport FC'];[0 1];[1 0];['D' 'H'];['H' 'D'];0.17;0.83;0.0;0.36;0.64;0.0;43567.0;375678.0;petrojet fc;modern sport fc;2.2;2.1;
2026-05-17;193718124;Türkiye Super Lig;Turkey;14:00;Full;True;-0.14204545454545453;1.825;2.5, 3.0;1.975;2.5, 3.0;5.0;3.0;;3.0;3.0;6.0;172.0;83.0;100.0;Trabzonspor;;0.0;1.0;3.2;0;0.0;0 - 3;3.5;Genclerbirligi;;0.0;1.0;2.2;1;3.0;+0.25;5 - 3;3-3;2.75;1.25;42 - 41;14 - 26;26.0;14.0;50.0;50.0;6.0;2.0;1.0;4.0;;;;;;;;67.0;105.0;41.0;42.0;45.0;55.0;7.0;6.0;6.0;5.0;;[45 88 93];[1 2 2];[False False  True];['Genclerbirligi' 'Genclerbirligi' 'Genclerbirligi'];[ 0 -1 -2];[-1 -2 -3];['D' 'A' 'A'];['A' 'A' 'A'];0.48;0.0;0.52;1.0;0.0;0.0;3051.0;7802.0;trabzonspor;genclerbirligi sk;1.8;1.53;
2026-05-17;194640486;Paraguay Women League;Paraguay;14:00;Full;True;-0.7000000000000001;1.975;3.0, 3.5;1.825;3.0, 3.5;2.0;4.0;;0.0;3.0;3.0;205.0;168.0;100.0;Sportivo San Lorenzo (W);;0.0;2.0;10.0;0;1.0;1 - 3;5.25;Libertad Asuncion (W);;0.0;3.0;1.25;2;3.0;+1.75;2 - 4;0-3;3.25;1.25;68 - 100;28 - 50;50.0;28.0;65.0;35.0;2.0;2.0;2.0;0.0;;;;;;;;115.0;90.0;100.0;68.0;68.0;32.0;5.0;3.0;6.0;1.0;;[ 9 39 57 62];[1 1 2 2];[False False False False];"['Libertad Asuncion (W)' 'Libertad Asuncion (W)' 'Libertad Asuncion (W)'
 'Sportivo San Lorenzo (W)']";[ 0 -1 -2 -3];[-1 -2 -3 -2];['D' 'A' 'A' 'A'];['A' 'A' 'A' 'A'];0.1;0.0;0.9;0.2;0.0;0.8;90972.0;5996.0;sportivo san lorenzo;libertad asuncion;;;Women
2026-05-17;194643830;Spain Tercera - Play-Offs;Spain;14:00;Full;True;0.06666666666666671;1.9;1.5, 2.0;1.9;1.5, 2.0;4.0;2.0;;1.0;1.0;2.0;224.0;142.0;100.0;Arenas;;0.0;1.0;2.5;1;1.0;1 - 0;2.625;UD Torre del Mar;;0.0;2.0;3.0;0;0.0;0.0;4 - 2;1-1;1.75;0.75;59 - 83;28 - 31;31.0;28.0;49.0;51.0;0.0;3.0;0.0;1.0;;;;;;;;117.0;107.0;83.0;59.0;49.0;51.0;5.0;4.0;2.0;2.0;;[13];[1];[False];['Arenas'];[0];[1];['D'];['H'];0.14;0.86;0.0;0.29;0.71;0.0;;;;;;;
2026-05-17;193715936;Romania Liga I;Romania;14:30;Full;True;0.2271062271062272;1.9;2.0, 2.5;1.9;2.0, 2.5;5.0;1.0;;2.0;0.0;2.0;153.0;61.0;100.0;CS U Craiova;;0.0;2.0;1.95;2;5.0;5 - 0;3.2;Universitatea Cluj;;1.0;6.0;3.5;0;0.0;-0.5;5 - 1;2-0;2.25;1.0;46 - 15;20 - 9;9.0;20.0;44.0;56.0;3.0;7.0;1.0;5.0;;;;;;;;67.0;86.0;15.0;46.0;44.0;56.0;3.0;9.0;1.0;12.0;;[ 3  9 48 59 72];[1 1 2 2 2];[False False False False False];"['CS U Craiova' 'CS U Craiova' 'CS U Craiova' 'CS U Craiova'
 'CS U Craiova']";[0 1 2 3 4];[1 2 3 4 5];['D' 'H' 'H' 'H' 'H'];['H' 'H' 'H' 'H' 'H'];0.03;0.97;0.0;0.07;0.93;0.0;116223.0;7734.0;cs universitatea craiova;fc universitatea cluj;1.9;1.9;
2026-05-17;193286267;Poland II Liga;Poland;14:30;Full;True;-0.23219814241486064;1.85;2.5;1.95;2.5;2.0;8.0;;1.0;4.0;5.0;154.0;96.0;100.0;KKS Kalisz;;0.0;0.0;3.4;0;0.0;0 - 2;3.3;Warta Poznan;;0.0;0.0;1.9;1;2.0;+0.5;2 - 8;1-4;2.5;1.0;30 - 66;18 - 31;31.0;18.0;61.0;39.0;4.0;2.0;2.0;0.0;;;;;;;;79.0;75.0;66.0;30.0;55.0;45.0;12.0;3.0;6.0;1.0;;[44 83];[1 2];[False False];['Warta Poznan' 'Warta Poznan'];[ 0 -1];[-1 -2];['D' 'A'];['A' 'A'];0.49;0.0;0.51;0.98;0.0;0.02;273491.0;7922.0;kks 1925 kalisz;warta poznan;1.8;1.72;Youth
2026-05-17;194536269;Slovenia 2. SNL;Slovenia;14:30;Full;True;0.15447154471544722;2.025;2.5;1.775;2.5;2.0;6.0;;2.0;6.0;8.0;227.0;133.0;100.0;NK Brinje Grosuplje;;0.0;2.0;2.05;2;2.0;2 - 1;3.4;NK Nafta 1903;;0.0;4.0;3.0;0;1.0;-0.25;2 - 6;2-6;2.5;1.0;68 - 65;31 - 24;24.0;31.0;45.0;55.0;2.0;1.0;2.0;4.0;;;;;;;;122.0;105.0;65.0;68.0;52.0;48.0;6.0;3.0;5.0;4.0;;[33 45 56];[1 1 2];[False False False];['NK Brinje Grosuplje' 'NK Brinje Grosuplje' 'NK Nafta 1903'];[0 1 2];[1 2 1];['D' 'H' 'H'];['H' 'H' 'H'];0.37;0.63;0.0;0.73;0.27;0.0;;;;;;;
2026-05-17;194532878;Iceland Premier League;Iceland;14:30;Full;True;-0.11255411255411252;1.975;3.5;1.825;3.5;7.0;3.0;;1.0;1.0;2.0;161.0;84.0;100.0;Keflavik;;0.0;2.0;2.75;1;1.0;1 - 1;3.8;Stjarnan;;0.0;2.0;2.1;0;1.0;+0.25;7 - 3;1-1;3.5;1.5;45 - 39;18 - 21;21.0;18.0;51.0;49.0;3.0;1.0;2.0;4.0;;;;;;;;81.0;80.0;39.0;45.0;53.0;47.0;3.0;5.0;6.0;8.0;;[41 49];[1 2];[False False];['Keflavik' 'Stjarnan'];[0 1];[1 0];['D' 'H'];['H' 'D'];0.91;0.09;0.0;0.91;0.09;0.0;1900.0;1912.0;keflavik if;stjarnan gardabae;1.4;1.36;
2026-05-17;194697246;Italy Serie C Play-Offs;Italy;15:00;Full;True;-0.2738738738738738;1.9;2.5;1.9;2.5;4.0;6.0;;2.0;4.0;6.0;186.0;94.0;100.0;Potenza;;0.0;2.0;3.75;0;0.0;0 - 0;3.5;Ascoli;;0.0;0.0;1.85;0;0.0;+0.5;4 - 6;2-4;2.5;1.0;32 - 62;17 - 33;33.0;17.0;56.0;44.0;4.0;6.0;2.0;0.0;;;;;;;;99.0;87.0;62.0;32.0;61.0;39.0;11.0;9.0;5.0;0.0;;[];[];[];[];[];[];[];[];1.0;0.0;0.0;1.0;0.0;0.0;7936.0;2707.0;potenza calcio;ascoli calcio 1898;1.9;1.8;
2026-05-17;194650439;Brazil Serie A2 Women;Brazil;15:00;Schedule;False;0.16666666666666669;1.925;2.5, 3.0;1.875;2.5, 3.0;0.0;0.0;;0.0;0.0;0.0;45.0;16.0;;Taubate (W);;0.0;0.0;2.0;0;0.0;0 - 0;3.6;Singburi Warriors;;0.0;0.0;3.0;0;0.0;-0.25 (-0.25);0 - 0;0-0;2.75 (2.25);1.25 (0.75);7 - 9;nan;;;;;;;;;;;;;;;;18.0;27.0;9.0;7.0;;;0.0;0.0;0.0;0.0;;[];[];[];[];[];[];[];[];1.0;0.0;0.0;1.0;0.0;0.0;;;;;;;Women
2026-05-17;194650449;Brazil Copa Espirito Santo;Brazil;15:00;Full;True;-0.2161421606157069;1.825;2.0, 2.5;1.975;2.0, 2.5;5.0;6.0;;4.0;4.0;8.0;180.0;108.0;100.0;Vilavelhense;;0.0;2.0;3.25;1;1.0;1 - 2;3.5;Porto Vitoria;;0.0;4.0;1.909;0;2.0;+0.5;5 - 6;4-4;2.25;1.0;47 - 61;27 - 29;29.0;27.0;47.0;53.0;0.0;4.0;1.0;3.0;;;;;;;;86.0;94.0;61.0;47.0;48.0;52.0;3.0;6.0;3.0;5.0;;[21 54 98];[1 2 2];[False False  True];['Vilavelhense' 'Porto Vitoria' 'Porto Vitoria'];[0 1 0];[ 1  0 -1];['D' 'H' 'D'];['H' 'D' 'A'];0.66;0.34;0.0;0.47;0.53;0.0;;838668.0;;porto vitoria es;;;
2026-05-17;194537705;USA MLS Next Pro League;USA;15:00;Full;True;0.2936507936507936;1.95;3.0, 3.5;1.85;3.0, 3.5;5.0;4.0;;2.0;1.0;3.0;198.0;123.0;100.0;New England Revolution II;;0.0;1.0;1.75;0;1.0;1 - 0;3.8;Orlando City SC II;;0.0;1.0;3.6;0;0.0;-0.75;5 - 4;2-1;3.25;1.25;66 - 57;25 - 30;30.0;25.0;63.0;37.0;3.0;3.0;1.0;1.0;;;;;;;;95.0;103.0;57.0;66.0;56.0;44.0;7.0;9.0;1.0;3.0;;[90];[2];[False];['New England Revolution II'];[0];[1];['D'];['H'];1.0;0.0;0.0;1.0;0.0;0.0;;;;;;;Youth
2026-05-17;194639785;Brazil Serie A U20;Brazil;15:00;Full;True;0.09090909090909088;1.8;2.5;2.0;2.5;10.0;6.0;;2.0;4.0;6.0;100.0;128.0;100.0;America MG U20;;0.0;6.0;2.2;1;1.0;1 - 1;3.4;Sao Paulo U20;;0.0;4.0;2.75;0;1.0;-0.25;10 - 6;2-4;2.5;1.0;69 - 59;28 - 32;32.0;28.0;59.0;41.0;5.0;5.0;2.0;2.0;;;;;;;;67.0;33.0;59.0;69.0;53.0;47.0;6.0;12.0;5.0;6.0;;[15 56];[1 2];[False False];['America MG U20' 'Sao Paulo U20'];[0 1];[1 0];['D' 'H'];['H' 'D'];0.54;0.46;0.0;0.33;0.67;0.0;1973.0;1981.0;america fc mg;sao paulo fc sp;;;Youth
2026-05-17;194748330;Brazil Catarinense 2;Brazil;15:00;Full;True;0.2752834667728285;1.875;2.0, 2.5;1.925;2.0, 2.5;8.0;2.0;;2.0;0.0;2.0;233.0;133.0;100.0;Metropolitano;;0.0;5.0;1.833;0;0.0;0 - 1;3.25;Tubarao;;0.0;3.0;3.7;0;1.0;-0.5;8 - 2;2-0;2.25;1.0;87 - 46;34 - 26;26.0;34.0;36.0;64.0;7.0;7.0;1.0;1.0;;;;;;;;91.0;142.0;46.0;87.0;39.0;61.0;9.0;13.0;2.0;4.0;;[84];[2];[False];['Tubarao'];[0];[-1];['D'];['A'];0.93;0.0;0.07;1.0;0.0;0.0;;;;;;;
2026-05-17;194699300;Mexico Liga TDP;Mexico;15:00;Full;True;0.2698412698412699;2.0;3.0;1.8;3.0;4.0;8.0;;1.0;2.0;3.0;160.0;80.0;100.0;Atletico Morelia UMSNH;;0.0;0.0;1.8;1;2.0;2 - 1;3.6;Tecos II;;0.0;3.0;3.5;0;1.0;-0.5;4 - 8;1-2;3.0;1.25;33 - 47;15 - 22;22.0;15.0;55.0;45.0;4.0;0.0;1.0;2.0;;;;;;;;81.0;79.0;47.0;33.0;54.0;46.0;9.0;1.0;6.0;5.0;;[37 60 76];[1 2 2];[False False False];['Atletico Morelia UMSNH' 'Atletico Morelia UMSNH' 'Tecos II'];[0 1 2];[1 2 1];['D' 'H' 'H'];['H' 'H' 'H'];0.41;0.59;0.0;0.82;0.18;0.0;;;;;;;Youth
2026-05-17;194639816;Brazil Paulista Serie B;Brazil;15:00;Full;True;0.028895768833849256;2.025;2.5;1.775;2.5;8.0;6.0;;6.0;3.0;9.0;195.0;129.0;100.0;SC Paulinense U23;;1.0;1.0;2.375;1;1.0;1 - 7;3.2;Guarulhos U23;;0.0;3.0;2.55;3;7.0;0.0;8 - 6;6-3;2.5;1.0;71 - 58;42 - 27;27.0;42.0;42.0;58.0;0.0;2.0;4.0;3.0;;;;;;;;82.0;113.0;58.0;71.0;41.0;59.0;4.0;5.0;12.0;3.0;;[14 24 50 53 61 66 77 89];[1 1 1 1 2 2 2 2];[False False  True  True False False False False];"['Guarulhos U23' 'Guarulhos U23' 'SC Paulinense U23' 'Guarulhos U23'
 'Guarulhos U23' 'Guarulhos U23' 'Guarulhos U23' 'Guarulhos U23']";[ 0 -1 -2 -1 -2 -3 -4 -5];[-1 -2 -1 -2 -3 -4 -5 -6];['D' 'A' 'A' 'A' 'A' 'A' 'A' 'A'];['A' 'A' 'A' 'A' 'A' 'A' 'A' 'A'];0.16;0.0;0.84;0.26;0.0;0.74;;;;;;;Youth
2026-05-17;194697232;Morocco Cup;Morocco;15:00;Full;True;-0.2142857142857143;1.85;2.0;1.95;2.0;2.0;4.0;;0.0;3.0;3.0;156.0;83.0;100.0;Chabab Atlas Khénifra;;0.0;3.0;3.5;0;0.0;0 - 2;3.1;CODM Meknes;;0.0;3.0;2.0;1;2.0;+0.25;2 - 4;0-3;2.0;0.75;39 - 44;18 - 21;21.0;18.0;57.0;43.0;3.0;4.0;3.0;1.0;;;;;;;;77.0;79.0;44.0;39.0;49.0;51.0;5.0;8.0;5.0;1.0;;[34 84];[1 2];[False False];['CODM Meknes' 'CODM Meknes'];[ 0 -1];[-1 -2];['D' 'A'];['A' 'A'];0.38;0.0;0.62;0.76;0.0;0.24;;55025.0;;codm meknes;;;
2026-05-17;194637813;Argentina Torneo A;Argentina;15:00;Full;True;0.3685124798098315;1.875;2.0;1.925;2.0;1.0;2.0;;1.0;1.0;2.0;157.0;89.0;100.0;Club Atlético El Linqueño;;0.0;2.0;1.727;0;0.0;0 - 0;3.1;Gimnasia C. Uruguay;;0.0;1.0;4.75;0;0.0;-0.75;1 - 2;1-1;2.0;0.75;47 - 42;27 - 16;16.0;27.0;36.0;64.0;5.0;2.0;1.0;2.0;;;;;;;;71.0;86.0;42.0;47.0;38.0;62.0;9.0;4.0;2.0;2.0;;[];[];[];[];[];[];[];[];1.0;0.0;0.0;1.0;0.0;0.0;354960.0;;ca linqueno;;;;
2026-05-17;194787143;Bolivia Copa Simon Bolivar;Bolivia;15:00;Full;True;-0.38109756097560976;1.8;3.5;2.0;3.5;3.0;4.0;;1.0;4.0;5.0;129.0;127.0;;Oruro Royal;;0.0;2.0;4.1;0;0.0;0 - 1;3.9;Club Ingenieros;;0.0;2.0;1.6;0;1.0;+0.75;3 - 4;1-4;3.5;1.5;58 - 69;29 - 39;39.0;29.0;;;10.0;3.0;4.0;1.0;;;;;;;;56.0;73.0;69.0;58.0;;;21.0;8.0;5.0;2.0;;[49];[2];[False];['Club Ingenieros'];[0];[-1];['D'];['A'];0.54;0.0;0.46;1.0;0.0;0.0;;;;;;;
2026-05-17;194697239;Italy Serie C Play-Offs;Italy;15:00;Full;True;-0.1111111111111111;1.8;2.0, 2.5;2.0;2.0, 2.5;3.0;3.0;;2.0;2.0;4.0;214.0;77.0;100.0;SSD Casarano Calcio;;0.0;0.0;3.0;0;0.0;0 - 3;3.0;Union Brescia;;0.0;2.0;2.25;1;3.0;+0.25;3 - 3;2-2;2.25;1.0;44 - 33;22 - 17;17.0;22.0;42.0;58.0;0.0;3.0;4.0;1.0;;;;;;;;94.0;120.0;33.0;44.0;44.0;56.0;1.0;6.0;7.0;2.0;;[19 57 59];[1 2 2];[False False False];['Union Brescia' 'Union Brescia' 'Union Brescia'];[ 0 -1 -2];[-1 -2 -3];['D' 'A' 'A'];['A' 'A' 'A'];0.21;0.0;0.79;0.42;0.0;0.58;43684.0;1276628.0;s.s.d. casarano calcio;union brescia;1.83;1.83;
2026-05-17;194639861;Brazil Serie D;Brazil;15:00;Full;True;0.5066666666666666;1.925;2.0, 2.5;1.875;2.0, 2.5;6.0;6.0;;3.0;3.0;6.0;184.0;134.0;100.0;Central PE;;0.0;2.0;1.5;0;0.0;0 - 0;3.6;Maguary;;0.0;2.0;6.25;0;0.0;-1.0;6 - 6;3-3;2.25;1.0;68 - 66;36 - 30;30.0;36.0;48.0;52.0;4.0;4.0;4.0;3.0;;;;;;;;88.0;96.0;66.0;68.0;50.0;50.0;8.0;10.0;5.0;4.0;;[];[];[];[];[];[];[];[];1.0;0.0;0.0;1.0;0.0;0.0;21844.0;925353.0;central sc pe;maguary pe;2.0;2.25;
2026-05-17;194748337;Brazil Catarinense 2;Brazil;15:00;Schedule;False;-0.7799749522114561;1.925;3.0, 3.5;1.875;3.0, 3.5;0.0;0.0;;0.0;0.0;0.0;0.0;0.0;;Jaragua;;0.0;0.0;13.0;0;0.0;0 - 0;6.25;Caravaggio SC;;0.0;0.0;1.167;0;0.0;+2.25;0 - 0;0-0;3.25;1.0;-;nan;;;;;;;;;;;;;;;;0.0;0.0;0.0;0.0;;;0.0;0.0;0.0;0.0;;[];[];[];[];[];[];[];[];1.0;0.0;0.0;1.0;0.0;0.0;;;;;;;
2026-05-17;194652181;Spain Primera Federacion Women;Spain;15:00;Full;True;-0.02721088435374147;1.875;2.0;1.925;2.0;0.0;4.0;;0.0;2.0;2.0;239.0;104.0;;Villarreal (W);;0.0;1.0;2.625;2;3.0;3 - 1;3.1;Osasuna (W);;0.0;1.0;2.45;0;1.0;0.0;0 - 4;0-2;2.0;0.75;43 - 61;16 - 28;28.0;16.0;;;5.0;2.0;0.0;3.0;;;;;;;;117.0;122.0;61.0;43.0;;;13.0;2.0;5.0;5.0;;[21 45 75 83];[1 1 2 2];[False False False False];['Villarreal (W)' 'Villarreal (W)' 'Osasuna (W)' 'Villarreal (W)'];[0 1 2 1];[1 2 1 2];['D' 'H' 'H' 'H'];['H' 'H' 'H' 'H'];0.23;0.77;0.0;0.47;0.53;0.0;2819.0;2820.0;villarreal cf;ca osasuna;;;Women
2026-05-17;194091125;Serbia Super Liga;Serbia;15:00;Full;True;-0.22328548644338114;1.975;3.0;1.825;3.0;8.0;3.0;;4.0;2.0;6.0;160.0;68.0;100.0;OFK Beograd;;0.0;4.0;3.3;0;1.0;1 - 2;3.6;Vojvodina;;0.0;1.0;1.9;1;2.0;+0.75;8 - 3;4-2;3.0;1.25;50 - 18;18 - 11;11.0;18.0;50.0;50.0;3.0;5.0;5.0;0.0;;;;;;;;67.0;93.0;18.0;50.0;50.0;50.0;6.0;10.0;7.0;3.0;;[16 62 71];[1 2 2];[False False False];['Vojvodina' 'OFK Beograd' 'Vojvodina'];[ 0 -1  0];[-1  0 -1];['D' 'A' 'D'];['A' 'D' 'A'];0.28;0.0;0.72;0.36;0.0;0.64;5153.0;5150.0;ofk beograd;fk vojvodina novi sad;1.53;1.61;
2026-05-17;194577020;Italy Serie B;Italy;15:00;Full;True;0.14141414141414138;1.95;2.0, 2.5;1.85;2.0, 2.5;6.0;2.0;;3.0;1.0;4.0;162.0;76.0;100.0;Catanzaro;5.0;0.0;1.0;2.25;3;3.0;3 - 0;3.2;Palermo;4.0;0.0;3.0;3.3;0;0.0;-0.25;6 - 2;3-1;2.25;1.0;30 - 46;10 - 13;13.0;10.0;55.0;45.0;2.0;3.0;0.0;3.0;;;;;;;;99.0;63.0;46.0;30.0;61.0;39.0;9.0;6.0;1.0;7.0;;[ 1 15 41];[1 1 1];[False False False];['Catanzaro' 'Catanzaro' 'Catanzaro'];[0 1 2];[1 2 3];['D' 'H' 'H'];['H' 'H' 'H'];0.01;0.99;0.0;0.02;0.98;0.0;2796.0;2715.0;us catanzaro;palermo fc;1.61;1.9;Youth
2026-05-17;194640130;Brazil Serie A3 Women;Brazil;15:00;Full;True;-0.24642289348171692;1.9;2.0, 2.5;1.9;2.0, 2.5;2.0;4.0;;0.0;2.0;2.0;194.0;112.0;100.0;Real Heips (W);;0.0;2.0;3.4;0;0.0;0 - 1;3.5;Coritiba (W);;0.0;0.0;1.85;0;1.0;+0.25;2 - 4;0-2;2.25;1.0;33 - 79;11 - 39;39.0;11.0;69.0;31.0;8.0;1.0;2.0;1.0;;;;;;;;127.0;67.0;79.0;33.0;64.0;36.0;10.0;2.0;5.0;2.0;;[81];[2];[False];['Coritiba (W)'];[0];[-1];['D'];['A'];0.9;0.0;0.1;1.0;0.0;0.0;;1982.0;;coritiba fc pr;;;Women
2026-05-17;194057600;Ecuador LigaPro Serie A;Ecuador;15:00;Full;True;0.06333567909922583;1.825;2.0;1.975;2.0;4.0;2.0;;4.0;1.0;5.0;161.0;70.0;100.0;Leones FC;;0.0;2.0;2.45;2;3.0;3 - 1;3.0;Mushuc Runa;;1.0;1.0;2.9;1;1.0;0.0;4 - 2;4-1;2.0;0.75;30 - 40;14 - 11;11.0;14.0;44.0;56.0;2.0;4.0;2.0;5.0;;;;;;;;84.0;77.0;40.0;30.0;53.0;47.0;6.0;11.0;6.0;8.0;;[31 40 54 92];[1 1 1 2];[False False  True  True];['Leones FC' 'Mushuc Runa' 'Leones FC' 'Leones FC'];[0 1 0 1];[1 0 1 2];['D' 'H' 'D' 'H'];['H' 'D' 'H' 'H'];0.49;0.51;0.0;0.83;0.17;0.0;671275.0;134976.0;leones futbol club;mushuc runa sc;2.0;2.0;
2026-05-17;194637830;Argentina Torneo A;Argentina;15:00;Full;True;0.03501400560224094;1.925;1.5, 2.0;1.875;1.5, 2.0;1.0;6.0;;0.0;4.0;4.0;170.0;73.0;100.0;Club Circulo Deportivo;;1.0;4.0;2.55;0;0.0;0 - 1;2.7;Kimberley Mar del Plata;;0.0;4.0;2.8;1;1.0;0.0;1 - 6;0-4;1.75;0.75;35 - 38;12 - 22;22.0;12.0;64.0;36.0;7.0;1.0;4.0;0.0;;;;;;;;89.0;81.0;38.0;35.0;56.0;44.0;12.0;5.0;5.0;1.0;;[34];[1];[False];['Kimberley Mar del Plata'];[0];[-1];['D'];['A'];0.38;0.0;0.62;0.76;0.0;0.24;564930.0;672815.0;cdc nicanor otamendi;kimberley de mar del plata;2.37;2.5;
2026-05-17;194640278;Mexico Liga MX Femenil;Mexico;15:00;Full;True;0.6073304040295788;1.95;3.0, 3.5;1.85;3.0, 3.5;4.0;5.0;;3.0;2.0;5.0;154.0;140.0;100.0;Club America (W);;0.0;0.0;1.333;1;3.0;3 - 0;4.333;Monterrey (W);;0.0;1.0;7.0;0;0.0;-1.25;4 - 5;3-2;3.25;1.25;85 - 55;51 - 23;23.0;51.0;36.0;64.0;2.0;4.0;1.0;2.0;;;;;;;;58.0;96.0;55.0;85.0;42.0;58.0;5.0;5.0;2.0;6.0;;[44 51 81];[1 2 2];[False False False];['Club America (W)' 'Club America (W)' 'Club America (W)'];[0 1 2];[1 2 3];['D' 'H' 'H'];['H' 'H' 'H'];0.49;0.51;0.0;0.98;0.02;0.0;340986.0;334061.0;club america;cf monterrey;1.66;1.66;Women
2026-05-17;194697252;Italy Serie C Play-Offs;Italy;15:00;Full;True;0.1709986320109439;1.8;2.0, 2.5;2.0;2.0, 2.5;5.0;3.0;;2.0;2.0;4.0;209.0;131.0;100.0;Salernitana;;0.0;0.0;2.15;0;2.0;2 - 0;3.1;Ravenna;;0.0;2.0;3.4;0;0.0;-0.25;5 - 3;2-2;2.25;1.0;61 - 70;45 - 25;25.0;45.0;38.0;62.0;2.0;8.0;1.0;5.0;;;;;;;;114.0;95.0;70.0;61.0;53.0;47.0;7.0;9.0;2.0;8.0;;[67 87];[2 2];[False False];['Salernitana' 'Salernitana'];[0 1];[1 2];['D' 'H'];['H' 'H'];0.74;0.26;0.0;1.0;0.0;0.0;2710.0;5318.0;us salernitana;ravenna fc 1913;1.83;1.83;
2026-05-17;194538987;Uruguay Torneo Intermedio;Uruguay;15:00;Full;True;0.3492063492063492;1.9;2.0;1.9;2.0;4.0;1.0;;4.0;0.0;4.0;170.0;112.0;100.0;Racing Club de Montevideo;;1.0;4.0;1.75;1;1.0;1 - 0;3.3;Cerro Largo;;0.0;3.0;4.5;0;0.0;-0.5;4 - 1;4-0;2.0;0.75;56 - 56;31 - 18;18.0;31.0;50.0;50.0;0.0;1.0;0.0;1.0;;;;;;;;98.0;72.0;56.0;56.0;50.0;50.0;1.0;2.0;0.0;1.0;;[14];[1];[False];['Racing Club de Montevideo'];[0];[1];['D'];['H'];0.16;0.84;0.0;0.31;0.69;0.0;25010.0;25009.0;racing club montevideo;cerro largo fc;2.2;2.37;
2026-05-17;194640392;Morocco Cup;Morocco;15:00;Full;True;-0.16369047619047616;1.775;2.0;2.025;2.0;1.0;2.0;;0.0;1.0;1.0;177.0;84.0;100.0;US Yacoub El Mansour;;0.0;3.0;3.2;1;1.0;1 - 0;3.0;MAS Fes;;0.0;2.0;2.1;0;0.0;+0.25;1 - 2;0-1;2.0;0.75;41 - 43;24 - 18;18.0;24.0;52.0;48.0;1.0;2.0;1.0;3.0;;;;;;;;94.0;83.0;43.0;41.0;60.0;40.0;4.0;6.0;2.0;3.0;;[32];[1];[False];['US Yacoub El Mansour'];[0];[1];['D'];['H'];0.36;0.64;0.0;0.71;0.29;0.0;1174823.0;55035.0;us yacoub mansour;maghreb as de fes;2.1;2.1;
2026-05-17;194644679;Brazil Campeonato Alagoano B;Brazil;15:00;Schedule;False;0.3214285714285714;1.95;2.5;1.85;2.5;0.0;0.0;;0.0;0.0;0.0;0.0;0.0;;Zumbi;;0.0;0.0;1.75;0;0.0;0 - 0;3.4;Desportivo Alianca;;0.0;0.0;4.0;0;0.0;-0.5;0 - 0;0-0;2.5;1.0;-;nan;;;;;;;;;;;;;;;;0.0;0.0;0.0;0.0;;;0.0;0.0;0.0;0.0;;[];[];[];[];[];[];[];[];1.0;0.0;0.0;1.0;0.0;0.0;;;;;;;Youth
2026-05-17;194748573;Brazil Campeonato Gaucho A2 U20;Brazil;15:00;Full;True;0.21870286576168935;1.8;2.0, 2.5;2.0;2.0, 2.5;2.0;6.0;;2.0;0.0;2.0;255.0;153.0;;Aimore U20;;0.0;2.0;1.95;1;3.0;3 - 1;3.3;Brasil de Pelotas U20;;0.0;3.0;3.4;1;1.0;-0.5;2 - 6;2-0;2.25;1.0;81 - 72;45 - 25;25.0;45.0;;;3.0;3.0;1.0;5.0;;;;;;;;135.0;120.0;72.0;81.0;;;9.0;10.0;4.0;12.0;;[11 45 56 61];[1 1 2 2];[False False False False];['Brasil de Pelotas U20' 'Aimore U20' 'Aimore U20' 'Aimore U20'];[ 0 -1  0  1];[-1  0  1  2];['D' 'A' 'D' 'H'];['A' 'D' 'H' 'H'];0.24;0.38;0.38;0.24;0.0;0.76;;1986.0;;gremio esportivo brasil;;;Youth
2026-05-17;194637816;Argentina Torneo A;Argentina;15:00;Full;True;0.5328185328185329;1.95;2.0;1.85;2.0;4.0;5.0;;2.0;1.0;3.0;147.0;78.0;100.0;Club Villa Mitre;;0.0;1.0;1.48;1;2.0;2 - 1;3.3;Sol de Mayo;;1.0;4.0;7.0;0;1.0;-1.0;4 - 5;2-1;2.0;0.75;37 - 41;16 - 23;23.0;16.0;38.0;62.0;1.0;2.0;2.0;6.0;;;;;;;;74.0;73.0;41.0;37.0;45.0;55.0;3.0;7.0;3.0;9.0;;[28 77 84];[1 2 2];[False False False];['Club Villa Mitre' 'Club Villa Mitre' 'Sol de Mayo'];[0 1 2];[1 2 1];['D' 'H' 'H'];['H' 'H' 'H'];0.31;0.69;0.0;0.62;0.38;0.0;269551.0;337369.0;villa mitre de bahia blanca;csd sol de mayo;3.0;2.75;
2026-05-17;194640868;Argentina Torneo A;Argentina;15:00;Full;True;0.2368421052631579;1.85;1.5, 2.0;1.95;1.5, 2.0;6.0;2.0;;4.0;0.0;4.0;150.0;107.0;;Deportivo Rincon;;0.0;1.0;2.0;1;1.0;1 - 0;2.875;CA Costa Brava;;0.0;2.0;3.8;0;0.0;-0.25;6 - 2;4-0;1.75;0.75;59 - 48;28 - 18;18.0;28.0;;;3.0;1.0;1.0;1.0;;;;;;;;79.0;71.0;48.0;59.0;;;7.0;1.0;3.0;4.0;;[12];[1];[False];['Deportivo Rincon'];[0];[1];['D'];['H'];0.13;0.87;0.0;0.27;0.73;0.0;405425.0;672871.0;deportivo rincon;costa brava de general pico;2.5;2.5;
2026-05-17;194644676;Brazil Campeonato Alagoano B;Brazil;15:00;Schedule;False;0.6947368421052632;1.95;3.0;1.85;3.0;0.0;0.0;;0.0;0.0;0.0;0.0;0.0;;Sporting FC Teotonio;;0.0;0.0;1.25;0;0.0;0 - 0;5.0;Miguelense;;0.0;0.0;9.5;0;0.0;-1.5;0 - 0;0-0;3.0;1.25;-;nan;;;;;;;;;;;;;;;;0.0;0.0;0.0;0.0;;;0.0;0.0;0.0;0.0;;[];[];[];[];[];[];[];[];1.0;0.0;0.0;1.0;0.0;0.0;;;;;;;Youth
2026-05-17;194644650;Brazil Campeonato Carioca C;Brazil;15:00;Full;True;0.2514360899842752;1.9;2.5;1.9;2.5;7.0;3.0;;3.0;0.0;3.0;200.0;185.0;;Vera Cruz RJ;;1.0;3.0;1.833;0;0.0;0 - 1;3.75;Barra Mansa;;1.0;3.0;3.4;1;1.0;-0.5;7 - 3;3-0;2.5;1.0;103 - 82;49 - 42;42.0;49.0;;;3.0;6.0;3.0;0.0;;;;;;;;92.0;108.0;82.0;103.0;;;7.0;12.0;5.0;0.0;;[30];[1];[False];['Barra Mansa'];[0];[-1];['D'];['A'];0.33;0.0;0.67;0.67;0.0;0.33;;;;;;;
2026-05-17;193710506;Argentina Nacional B;Argentina;15:00;Full;True;0.013227513227513199;1.875;2.0;1.925;2.0;6.0;3.0;;1.0;1.0;2.0;3.0;3.0;100.0;Deportivo Madryn;;0.0;1.0;2.7;0;0.0;0 - 1;2.9;Ferro Carril Oeste;;0.0;3.0;2.8;0;1.0;0.0;6 - 3;1-1;2.0;0.75;3 -;3 -;0.0;3.0;47.0;53.0;0.0;0.0;0.0;0.0;;;;;;;;0.0;3.0;0.0;3.0;46.0;54.0;0.0;0.0;1.0;0.0;;[64];[2];[False];['Ferro Carril Oeste'];[0];[-1];['D'];['A'];0.71;0.0;0.29;1.0;0.0;0.0;258463.0;36841.0;deportivo madryn;ferro carril oeste;2.37;2.0;Youth
2026-05-17;194532729;Saudi Arabia Pro League;Saudi Arabia;15:00;Full;True;-0.11904761904761901;1.9;3.0;1.9;3.0;4.0;11.0;;4.0;4.0;8.0;103.0;70.0;100.0;Al Shabab Riyadh;;1.0;3.0;2.8;0;3.0;3 - 2;3.9;Al Ittihad Jeddah;;0.0;1.0;2.1;0;2.0;+0.25;4 - 11;4-4;3.0;1.25;27 - 43;20 - 22;22.0;20.0;54.0;46.0;3.0;3.0;1.0;3.0;;;;;;;;55.0;48.0;43.0;27.0;53.0;47.0;4.0;3.0;8.0;8.0;;[54 59 67 88 99];[2 2 2 2 2];[False False False False  True];"['Al Shabab Riyadh' 'Al Shabab Riyadh' 'Al Ittihad Jeddah'
 'Al Shabab Riyadh' 'Al Ittihad Jeddah']";[0 1 2 1 2];[1 2 1 2 1];['D' 'H' 'H' 'H' 'H'];['H' 'H' 'H' 'H' 'H'];0.55;0.45;0.0;1.0;0.0;0.0;34313.0;34315.0;al-shabab fc (sa);al-ittihad club;1.5;1.5;
2026-05-17;194621487;Argentina Championship Women;Argentina;15:00;Full;True;-0.2606765735711725;1.875;2.0;1.925;2.0;4.0;4.0;;0.0;4.0;4.0;251.0;133.0;100.0;Gimnasia LP (W);;0.0;5.0;3.8;1;1.0;1 - 4;3.0;San Lorenzo (W);;0.0;3.0;1.909;1;4.0;+0.5;4 - 4;0-4;2.0;0.75;61 - 72;22 - 32;32.0;22.0;55.0;45.0;2.0;2.0;1.0;2.0;;;;;;;;125.0;126.0;72.0;61.0;53.0;47.0;7.0;7.0;5.0;5.0;;[ 1 27 62 74 93];[1 1 2 2 2];[False False False False  True];"['Gimnasia LP (W)' 'San Lorenzo (W)' 'San Lorenzo (W)' 'San Lorenzo (W)'
 'San Lorenzo (W)']";[ 0  1  0 -1 -2];[ 1  0 -1 -2 -3];['D' 'H' 'D' 'A' 'A'];['H' 'D' 'A' 'A' 'A'];0.39;0.28;0.33;0.42;0.58;0.0;3205.0;3201.0;gimnasia y esgrima la plata;ca san lorenzo de almagro;;;Women
2026-05-17;194644634;Brazil Paulista Serie B;Brazil;15:00;Full;True;0.27888707037643207;1.975;2.0, 2.5;1.825;2.0, 2.5;5.0;2.0;;1.0;2.0;3.0;213.0;137.0;100.0;Jose Bonifacio EC U23;;0.0;4.0;1.833;1;1.0;1 - 1;3.2;America SP U23;;0.0;2.0;3.75;1;1.0;-0.5;5 - 2;1-2;2.25;1.0;83 - 54;42 - 31;31.0;42.0;48.0;52.0;3.0;5.0;2.0;3.0;;;;;;;;110.0;103.0;54.0;83.0;47.0;53.0;7.0;13.0;3.0;3.0;;[16 23];[1 1];[False False];['America SP U23' 'Jose Bonifacio EC U23'];[ 0 -1];[-1  0];['D' 'A'];['A' 'D'];0.92;0.0;0.08;0.84;0.0;0.16;;;;;;;Youth
2026-05-17;194640717;Peru Liga 2;Peru;15:10;Full;True;0.3617847858999628;1.8;2.0, 2.5;2.0;2.0, 2.5;4.0;4.0;;2.0;3.0;5.0;236.0;188.0;100.0;Cesar Vallejo;;0.0;2.0;1.667;0;0.0;0 - 1;3.5;CD Universidad San Martin;;0.0;1.0;4.2;0;1.0;-0.75;4 - 4;2-3;2.25;1.0;111 - 77;50 - 45;45.0;50.0;50.0;50.0;5.0;5.0;4.0;0.0;;;;;;;;92.0;144.0;77.0;111.0;50.0;50.0;8.0;12.0;5.0;2.0;;[60];[2];[False];['CD Universidad San Martin'];[0];[-1];['D'];['A'];0.67;0.0;0.33;1.0;0.0;0.0;;;;;;;
2026-05-17;194532883;Iceland Premier League;Iceland;15:15;Full;True;0.24305555555555558;1.8;4.0;2.0;4.0;4.0;11.0;;2.0;5.0;7.0;241.0;119.0;100.0;KR Reykjavik;;0.0;2.0;1.8;1;2.0;2 - 2;4.1;Fram Reykjavik;;0.0;2.0;3.2;1;2.0;-0.5;4 - 11;2-5;4.0;1.75;59 - 60;33 - 27;27.0;33.0;32.0;68.0;2.0;4.0;5.0;3.0;;;;;;;;119.0;122.0;60.0;59.0;40.0;60.0;6.0;5.0;9.0;6.0;;[41 46 84 90];[1 1 2 2];[False  True False False];['Fram Reykjavik' 'KR Reykjavik' 'KR Reykjavik' 'Fram Reykjavik'];[ 0 -1  0  1];[-1  0  1  0];['D' 'A' 'D' 'H'];['A' 'D' 'H' 'D'];0.88;0.07;0.06;0.89;0.0;0.11;1902.0;1893.0;kr reykjavik;fram reykjavik;1.28;1.25;
2026-05-17;194532888;Iceland Premier League;Iceland;15:15;Full;True;-0.03628117913832202;1.925;3.5;1.875;3.5;4.0;13.0;;2.0;5.0;7.0;157.0;125.0;100.0;Valur Reykjavik;;0.0;0.0;2.45;1;3.0;3 - 2;3.75;Breidablik;;0.0;1.0;2.25;0;2.0;+0.25;4 - 13;2-5;3.5;1.5;36 - 89;20 - 39;39.0;20.0;56.0;44.0;6.0;5.0;3.0;2.0;;;;;;;;109.0;48.0;89.0;36.0;62.0;38.0;12.0;7.0;7.0;6.0;;[17 55 80 84 94];[1 2 2 2 2];[False False False False  True];"['Valur Reykjavik' 'Breidablik' 'Breidablik' 'Valur Reykjavik'
 'Valur Reykjavik']";[ 0  1  0 -1  0];[ 1  0 -1  0  1];['D' 'H' 'D' 'A' 'D'];['H' 'D' 'A' 'D' 'H'];0.55;0.4;0.04;0.38;0.62;0.0;1899.0;1901.0;valur reykjavik;breidablik kopavogur;1.4;1.36;
2026-05-17;193336455;Poland I Liga;Poland;15:15;Full;True;-0.02354788069073782;1.85;2.5;1.95;2.5;3.0;4.0;;0.0;2.0;2.0;206.0;126.0;100.0;Polonia Bytom;;0.0;1.0;2.6;1;1.0;1 - 3;3.1;Slask Wroclaw;;0.0;1.0;2.45;0;3.0;0.0;3 - 4;0-2;2.5;1.0;54 - 72;22 - 35;35.0;22.0;52.0;48.0;6.0;0.0;2.0;1.0;;;;;;;;105.0;101.0;72.0;54.0;51.0;49.0;9.0;4.0;5.0;1.0;;[36 53 59 75];[1 2 2 2];[False False False False];['Polonia Bytom' 'Slask Wroclaw' 'Slask Wroclaw' 'Slask Wroclaw'];[ 0  1  0 -1];[ 1  0 -1 -2];['D' 'H' 'D' 'A'];['H' 'D' 'A' 'A'];0.47;0.19;0.34;0.8;0.2;0.0;7692.0;3108.0;polonia bytom;wks slask wroclaw;1.57;1.61;
2026-05-17;193715885;Peru Liga 1;Peru;15:15;Full;True;0.2606765735711725;1.825;2.0, 2.5;1.975;2.0, 2.5;1.0;6.0;;0.0;5.0;5.0;161.0;72.0;100.0;Deportivo Garcilaso;;0.0;2.0;1.909;0;2.0;2 - 0;3.3;UTC Cajamarca;;0.0;5.0;3.8;0;0.0;-0.5;1 - 6;0-5;2.25;1.0;34 - 38;12 - 15;15.0;12.0;52.0;48.0;5.0;4.0;3.0;2.0;;;;;;;;87.0;74.0;38.0;34.0;55.0;45.0;7.0;8.0;5.0;5.0;;[61 73];[2 2];[False False];['Deportivo Garcilaso' 'Deportivo Garcilaso'];[0 1];[1 2];['D' 'H'];['H' 'H'];0.68;0.32;0.0;1.0;0.0;0.0;655773.0;87854.0;deportivo garcilaso;utc de cajamarca;1.9;1.83;
2026-05-17;194637819;Argentina Torneo A;Argentina;15:30;Full;True;0.14141414141414138;1.975;2.0;1.825;2.0;4.0;6.0;;2.0;1.0;3.0;212.0;127.0;100.0;CA 9 de Julio Rafaela;;0.0;3.0;2.25;1;2.0;2 - 0;2.75;CA Douglas Haig;;0.0;1.0;3.3;0;0.0;-0.25;4 - 6;2-1;2.0;0.75;57 - 70;32 - 35;35.0;32.0;62.0;38.0;2.0;1.0;1.0;1.0;;;;;;;;119.0;93.0;70.0;57.0;60.0;40.0;5.0;1.0;1.0;3.0;;[46 88];[1 2];[ True False];['CA 9 de Julio Rafaela' 'CA 9 de Julio Rafaela'];[0 1];[1 2];['D' 'H'];['H' 'H'];0.51;0.49;0.0;1.0;0.0;0.0;331181.0;76199.0;ca 9 de julio rafaela;douglas haig;2.2;2.2;
2026-05-17;194545472;Argentina Primera C Metropolitana;Argentina;15:30;Full;True;-0.20209059233449483;1.8;1.5, 2.0;2.0;1.5, 2.0;5.0;2.0;;3.0;1.0;4.0;196.0;131.0;100.0;Deportivo Paraguayo;;1.0;5.0;3.5;0;0.0;0 - 2;2.875;Lujan;;0.0;3.0;2.05;1;2.0;+0.25;5 - 2;3-1;1.75;0.75;68 - 63;28 - 34;34.0;28.0;53.0;47.0;3.0;4.0;1.0;0.0;;;;;;;;92.0;104.0;63.0;68.0;53.0;47.0;5.0;4.0;2.0;2.0;;[ 8 94];[1 2];[False  True];['Lujan' 'Lujan'];[ 0 -1];[-1 -2];['D' 'A'];['A' 'A'];0.09;0.0;0.91;0.18;0.0;0.82;377554.0;306574.0;deportivo paraguayo;club lujan;;;
2026-05-17;193710447;Argentina Nacional B;Argentina;15:30;Full;True;-0.08558262014483209;1.85;1.5, 2.0;1.95;1.5, 2.0;2.0;8.0;;1.0;1.0;2.0;70.0;34.0;100.0;Almagro;;1.0;2.0;3.1;0;1.0;1 - 2;3.0;San Martin SJ;;0.0;5.0;2.45;0;2.0;+0.25;2 - 8;1-1;1.75;0.75;13 - 21;8 - 4;4.0;8.0;50.0;50.0;1.0;0.0;0.0;1.0;;;;;;;;36.0;34.0;21.0;13.0;50.0;50.0;2.0;2.0;2.0;2.0;;[50 88 92];[2 2 2];[False False  True];['San Martin SJ' 'San Martin SJ' 'Almagro'];[ 0 -1 -2];[-1 -2 -1];['D' 'A' 'A'];['A' 'A' 'A'];0.54;0.0;0.46;1.0;0.0;0.0;4938.0;7772.0;club almagro;san martin de san juan;2.37;2.0;Youth
2026-05-17;194640859;Argentina Torneo A;Argentina;15:30;Full;True;0.22464698331193844;1.9;1.5, 2.0;1.9;1.5, 2.0;5.0;2.0;;1.0;1.0;2.0;245.0;139.0;100.0;Juventud Unida Universitario;;0.0;1.0;2.05;0;0.0;0 - 1;2.75;Sportivo Atenas;;0.0;1.0;3.8;1;1.0;-0.25;5 - 2;1-1;1.75;0.75;87 - 52;31 - 25;25.0;31.0;42.0;58.0;4.0;0.0;4.0;1.0;;;;;;;;103.0;142.0;52.0;87.0;37.0;63.0;6.0;6.0;4.0;3.0;;[26];[1];[False];['Sportivo Atenas'];[0];[-1];['D'];['A'];0.29;0.0;0.71;0.58;0.0;0.42;396508.0;475492.0;ca juventud unida universitario san luis;csb atenas;2.5;2.5;
2026-05-17;194698602;Argentina Torneo A;Argentina;15:30;Full;True;0.4180618421770191;1.75;1.5, 2.0;2.05;1.5, 2.0;5.0;7.0;;3.0;3.0;6.0;163.0;94.0;100.0;CDA Monte Maiz;;0.0;1.0;1.667;2;4.0;4 - 1;3.0;San Martin de Mendoza;;0.0;2.0;5.5;0;1.0;-0.75;5 - 7;3-3;1.75;0.75;42 - 52;27 - 26;26.0;27.0;50.0;50.0;2.0;3.0;3.0;4.0;;;;;;;;86.0;77.0;52.0;42.0;54.0;46.0;3.0;3.0;5.0;7.0;;[27 32 60 65 77];[1 1 2 2 2];[False False False False False];"['CDA Monte Maiz' 'CDA Monte Maiz' 'CDA Monte Maiz'
 'San Martin de Mendoza' 'CDA Monte Maiz']";[0 1 2 3 2];[1 2 3 2 3];['D' 'H' 'H' 'H' 'H'];['H' 'H' 'H' 'H' 'H'];0.3;0.7;0.0;0.6;0.4;0.0;854829.0;4474.0;cd argentino monte maiz;ac san martin de mendoza;2.75;2.62;
2026-05-17;194748721;Argentina Primera C Metropolitana;Argentina;15:30;Full;False;0.02178649237472774;2.05;2.0;1.75;2.0;5.0;3.0;;2.0;1.0;3.0;0.0;0.0;100.0;Puerto Nuevo;;0.0;1.0;2.55;0;0.0;0 - 0;2.75;Central Ballester;;1.0;3.0;2.7;0;0.0;0.0;5 - 3;2-1;2.0;nan;-;-;0.0;0.0;56.0;44.0;0.0;0.0;0.0;0.0;;;;;;;;0.0;0.0;0.0;0.0;48.0;52.0;0.0;0.0;0.0;0.0;;[];[];[];[];[];[];[];[];1.0;0.0;0.0;1.0;0.0;0.0;377562.0;377552.0;ca puerto nuevo;central ballester;;;
2026-05-17;194748716;Argentina Primera C Metropolitana;Argentina;15:30;Full;True;0.25641025641025644;1.925;2.0;1.875;2.0;4.0;8.0;;2.0;3.0;5.0;294.0;209.0;100.0;Club Leandro N. Alem;;1.0;2.0;1.95;0;1.0;1 - 0;2.8;Deportivo Muniz;;0.0;2.0;3.9;0;0.0;-0.5;4 - 8;2-3;2.0;nan;85 - 124;42 - 70;70.0;42.0;69.0;31.0;1.0;4.0;1.0;0.0;;;;;;;;172.0;122.0;124.0;85.0;74.0;26.0;11.0;5.0;3.0;1.0;;[63];[2];[False];['Club Leandro N. Alem'];[0];[1];['D'];['H'];0.7;0.3;0.0;1.0;0.0;0.0;337371.0;340928.0;cdm leandro n. alem;deportivo muniz;;;
2026-05-17;194698600;Argentina Primera C Metropolitana;Argentina;15:30;Full;True;0.15032679738562088;1.925;1.5, 2.0;1.875;1.5, 2.0;2.0;6.0;;1.0;0.0;1.0;199.0;134.0;100.0;Sacachispas;;0.0;4.0;2.25;1;3.0;3 - 0;2.75;CA Claypole;;0.0;4.0;3.4;0;0.0;-0.25;2 - 6;1-0;1.75;0.75;67 - 67;40 - 26;26.0;40.0;36.0;64.0;1.0;1.0;1.0;3.0;;;;;;;;100.0;99.0;67.0;67.0;45.0;55.0;4.0;4.0;1.0;5.0;;[38 53 75];[1 2 2];[False False False];['Sacachispas' 'Sacachispas' 'Sacachispas'];[0 1 2];[1 2 3];['D' 'H' 'H'];['H' 'H' 'H'];0.42;0.58;0.0;0.84;0.16;0.0;184969.0;377570.0;sacachispas fc;ca claypole;;;
2026-05-17;194637823;Argentina Torneo A;Argentina;15:30;Full;True;0.5998044965786901;1.95;2.5, 3.0;1.85;2.5, 3.0;9.0;5.0;;5.0;1.0;6.0;197.0;92.0;100.0;Juventud Antoniana;;0.0;4.0;1.364;0;0.0;0 - 0;4.2;Boca Unidos;;0.0;4.0;7.5;0;0.0;-1.25;9 - 5;5-1;2.75;1.0;54 - 38;23 - 14;14.0;23.0;38.0;62.0;3.0;5.0;0.0;5.0;;;;;;;;100.0;97.0;38.0;54.0;44.0;56.0;5.0;12.0;1.0;11.0;;[];[];[];[];[];[];[];[];1.0;0.0;0.0;1.0;0.0;0.0;93519.0;36835.0;juventud antoniana;ca boca unidos corrientes;2.5;2.2;
2026-05-17;194637825;Argentina Torneo A;Argentina;15:30;Full;True;-0.08333333333333337;1.825;1.5, 2.0;1.975;1.5, 2.0;7.0;3.0;;3.0;3.0;6.0;0.0;0.0;100.0;Atletico Escobar FC;;0.0;1.0;3.0;0;1.0;1 - 3;2.7;Sportivo Belgrano;;0.0;4.0;2.4;1;3.0;+0.25;7 - 3;3-3;1.75;0.75;-;-;0.0;0.0;47.0;53.0;0.0;0.0;1.0;0.0;;;;;;;;0.0;0.0;0.0;0.0;48.0;52.0;0.0;0.0;3.0;1.0;;[16 69 89 91];[1 2 2 2];[False False False  True];"['Sportivo Belgrano' 'Sportivo Belgrano' 'Sportivo Belgrano'
 'Atletico Escobar FC']";[ 0 -1 -2 -3];[-1 -2 -3 -2];['D' 'A' 'A' 'A'];['A' 'A' 'A' 'A'];0.18;0.0;0.82;0.36;0.0;0.64;;65664.0;;cs belgrano;2.37;2.37;
2026-05-17;194545462;Argentina Primera C Metropolitana;Argentina;15:30;Full;True;0.047329276538201515;1.875;1.5, 2.0;1.925;1.5, 2.0;2.0;7.0;;1.0;3.0;4.0;196.0;140.0;100.0;Argentino de Rosario;;1.0;5.0;2.55;0;0.0;0 - 0;2.7;Central Cordoba Rosario;;1.0;3.0;2.9;0;0.0;0.0;2 - 7;1-3;1.75;0.75;65 - 75;36 - 40;40.0;36.0;50.0;50.0;2.0;0.0;3.0;2.0;;;;;;;;97.0;99.0;75.0;65.0;50.0;50.0;3.0;1.0;4.0;2.0;;[];[];[];[];[];[];[];[];1.0;0.0;0.0;1.0;0.0;0.0;377568.0;224836.0;argentino de rosario;ca central cordoba rosario;;;
2026-05-17;194578762;Argentina Primera B Metropolitana;Argentina;15:30;Full;True;0.3024453024453024;1.975;2.0;1.825;2.0;8.0;2.0;;4.0;2.0;6.0;225.0;111.0;100.0;Club Comunicaciones;;0.0;4.0;1.85;0;0.0;0 - 0;3.0;Argentino Quilmes;;0.0;3.0;4.2;0;0.0;-0.5;8 - 2;4-2;2.0;0.75;68 - 43;25 - 26;26.0;25.0;47.0;53.0;1.0;2.0;0.0;0.0;;;;;;;;103.0;122.0;43.0;68.0;47.0;53.0;2.0;6.0;1.0;0.0;;[];[];[];[];[];[];[];[];1.0;0.0;0.0;1.0;0.0;0.0;112501.0;93525.0;club comunicaciones;argentino de quilmes;;;Youth
2026-05-17;193710515;Argentina Nacional B;Argentina;15:30;Full;True;0.4051257521210443;2.05;2.0, 2.5;1.75;2.0, 2.5;6.0;7.0;;3.0;0.0;3.0;223.0;135.0;100.0;Gimnasia Jujuy;;0.0;3.0;1.727;0;1.0;1 - 0;3.2;Temperley;;0.0;3.0;5.75;0;0.0;-0.75;6 - 7;3-0;2.25;0.75;69 - 66;37 - 16;16.0;37.0;50.0;50.0;0.0;3.0;0.0;0.0;;;;;;;;101.0;122.0;66.0;69.0;50.0;50.0;3.0;9.0;2.0;3.0;;[69];[2];[False];['Gimnasia Jujuy'];[0];[1];['D'];['H'];0.77;0.23;0.0;1.0;0.0;0.0;5292.0;112499.0;gimnasia y esgrima de jujuy;ca temperley;2.62;2.2;Youth
2026-05-17;194748704;Argentina Primera C Metropolitana;Argentina;15:30;Full;True;0.09408602150537637;1.975;1.5, 2.0;1.825;1.5, 2.0;4.0;0.0;;3.0;0.0;3.0;159.0;114.0;100.0;Victoriano Arenas;;0.0;2.0;2.4;1;2.0;2 - 2;2.625;Canuelas FC;;0.0;2.0;3.1;1;2.0;-0.25;4 - 0;3-0;1.75;0.75;62 - 52;32 - 26;26.0;32.0;38.0;62.0;0.0;1.0;5.0;5.0;;;;;;;;66.0;93.0;52.0;62.0;42.0;58.0;2.0;2.0;8.0;8.0;;[14 29 59 77];[1 1 2 2];[False False False False];['Canuelas FC' 'Victoriano Arenas' 'Canuelas FC' 'Victoriano Arenas'];[ 0 -1  0 -1];[-1  0 -1  0];['D' 'A' 'D' 'A'];['A' 'D' 'A' 'D'];0.63;0.0;0.37;0.67;0.0;0.33;377564.0;329911.0;ca victoriano arenas;canuelas fc;;;
2026-05-17;194697234;Italy Serie C Play-Offs;Italy;15:45;Full;True;-0.13194444444444442;1.825;2.0;1.975;2.0;1.0;6.0;;1.0;4.0;5.0;196.0;91.0;100.0;Lecco;;0.0;2.0;3.2;0;0.0;0 - 0;3.0;Catania;;0.0;2.0;2.25;0;0.0;+0.25;1 - 6;1-4;2.0;0.75;42 - 49;18 - 22;22.0;18.0;38.0;62.0;1.0;2.0;0.0;2.0;;;;;;;;94.0;102.0;49.0;42.0;41.0;59.0;4.0;6.0;2.0;4.0;;[];[];[];[];[];[];[];[];1.0;0.0;0.0;1.0;0.0;0.0;7933.0;2725.0;calcio lecco 1912;calcio catania;2.0;2.1;
2026-05-17;193714559;Italy Serie A;Italy;15:45;Full;True;0.14066496163682868;2.025;2.0, 2.5;1.825;2.0, 2.5;5.0;1.0;;3.0;1.0;4.0;202.0;77.0;100.0;Cagliari;16.0;0.0;1.0;2.3;2;2.0;2 - 1;3.1;Torino;12.0;0.0;1.0;3.4;1;1.0;-0.25;5 - 1;3-1;2.25;0.75;36 - 41;25 - 16;16.0;25.0;49.0;51.0;4.0;4.0;1.0;4.0;;;;;;;;101.0;101.0;41.0;36.0;55.0;45.0;7.0;9.0;3.0;4.0;;[38 39 47];[1 1 1];[False False  True];['Torino' 'Cagliari' 'Cagliari'];[ 0 -1  0];[-1  0  1];['D' 'A' 'D'];['A' 'D' 'H'];0.51;0.48;0.01;0.98;0.0;0.02;2719.0;2696.0;cagliari calcio;torino fc;1.9;1.95;
2026-05-17;193714583;Italy Serie A;Italy;15:45;Full;True;0.05517241379310345;1.9;2.0, 2.5;1.95;2.0, 2.5;5.0;5.0;;1.0;5.0;6.0;204.0;82.0;100.0;Udinese;10.0;0.0;1.0;2.5;0;0.0;0 - 1;3.2;Cremonese;18.0;0.0;3.0;2.9;1;1.0;0.0;5 - 5;1-5;2.25;1.0;60 - 22;21 - 18;18.0;21.0;40.0;60.0;3.0;1.0;4.0;1.0;;;;;;;;82.0;122.0;22.0;60.0;37.0;63.0;3.0;8.0;4.0;2.0;;[9];[1];[False];['Cremonese'];[0];[-1];['D'];['A'];0.1;0.0;0.9;0.2;0.0;0.8;2695.0;2761.0;udinese calcio;us cremonese;1.8;1.9;
2026-05-17;193714578;Italy Serie A;Italy;15:45;Full;True;0.0;1.85;2.0, 2.5;2.0;2.0, 2.5;2.0;8.0;;2.0;5.0;7.0;190.0;89.0;100.0;Sassuolo;11.0;0.0;1.0;2.7;1;2.0;2 - 3;3.2;Lecce;17.0;0.0;4.0;2.7;2;3.0;0.0;2 - 8;2-5;2.25;1.0;56 - 33;27 - 16;16.0;27.0;25.0;75.0;3.0;4.0;4.0;3.0;;;;;;;;73.0;117.0;33.0;56.0;26.0;74.0;5.0;9.0;6.0;6.0;;[14 20 25 82 96];[1 1 1 2 2];[False False False False  True];['Lecce' 'Sassuolo' 'Lecce' 'Sassuolo' 'Lecce'];[ 0 -1  0 -1  0];[-1  0 -1  0 -1];['D' 'A' 'D' 'A' 'D'];['A' 'D' 'A' 'D' 'A'];0.34;0.0;0.66;0.42;0.0;0.58;2793.0;2689.0;sassuolo calcio;us lecce;1.8;1.8;
2026-05-17;194640995;Brazil Serie D;Brazil;16:00;Full;True;0.4547190556102078;1.8;2.0;2.0;2.0;1.0;4.0;;0.0;2.0;2.0;241.0;134.0;100.0;CRAC;;1.0;8.0;1.571;1;2.0;2 - 1;3.25;ABECAT Ouvidorense;;0.0;5.0;5.5;1;1.0;-0.75;1 - 4;0-2;2.0;0.75;68 - 66;37 - 24;24.0;37.0;46.0;54.0;2.0;1.0;2.0;2.0;;;;;;;;109.0;132.0;66.0;68.0;46.0;54.0;3.0;3.0;6.0;3.0;;[24 43 68];[1 1 2];[False False False];['ABECAT Ouvidorense' 'CRAC' 'CRAC'];[ 0 -1  0];[-1  0  1];['D' 'A' 'D'];['A' 'D' 'H'];0.54;0.24;0.21;0.58;0.0;0.42;21893.0;1052105.0;cra catalano go;abecat ouvidorense go;2.37;2.37;
2026-05-17;194760054;Bolivia Copa Simon Bolivar;Bolivia;16:00;Full;True;-0.0444444444444444;1.85;3.0, 3.5;1.95;3.0, 3.5;1.0;9.0;;1.0;3.0;4.0;179.0;162.0;;Juan Aurich de Alcatuyo;;0.0;3.0;2.5;0;2.0;2 - 0;3.75;Independiente Unificada;;0.0;2.0;2.25;0;0.0;0.0;1 - 9;1-3;3.25;1.25;65 - 97;29 - 40;40.0;29.0;;;9.0;5.0;0.0;4.0;;;;;;;;92.0;87.0;97.0;65.0;;;24.0;11.0;0.0;6.0;;[47 55];[2 2];[False False];['Juan Aurich de Alcatuyo' 'Juan Aurich de Alcatuyo'];[0 1];[1 2];['D' 'H'];['H' 'H'];0.52;0.48;0.0;1.0;0.0;0.0;;;;;;;
2026-05-17;193710460;Argentina Nacional B;Argentina;16:00;Full;True;0.09049773755656104;1.775;1.5;2.025;1.5;8.0;1.0;;4.0;0.0;4.0;200.0;110.0;100.0;Club Atletico Mitre;;0.0;4.0;2.6;1;4.0;4 - 0;2.6;CA San Miguel;;2.0;0.0;3.4;0;0.0;-0.25;8 - 1;4-0;1.5;0.5;84 - 26;39 - 10;10.0;39.0;27.0;73.0;2.0;2.0;0.0;1.0;;;;;;;;67.0;133.0;26.0;84.0;26.0;74.0;4.0;5.0;1.0;7.0;;[28 57 83 89];[1 2 2 2];[False False False False];"['Club Atletico Mitre' 'Club Atletico Mitre' 'Club Atletico Mitre'
 'Club Atletico Mitre']";[0 1 2 3];[1 2 3 4];['D' 'H' 'H' 'H'];['H' 'H' 'H' 'H'];0.31;0.69;0.0;0.62;0.38;0.0;313625.0;373076.0;mitre santiago del estero;ca san miguel;2.5;2.62;Youth
2026-05-17;194087457;France Ligue 1;France;16:00;Full;True;0.5591874422899354;1.925;2.5, 3.0;1.925;2.5, 3.0;4.0;2.0;;2.0;2.0;4.0;206.0;110.0;100.0;Lille;3.0;0.0;3.0;1.444;0;0.0;0 - 2;4.5;Auxerre;15.0;0.0;2.0;7.5;1;2.0;-1.25;4 - 2;2-2;2.75;1.25;90 - 20;45 - 8;8.0;45.0;26.0;74.0;1.0;2.0;2.0;2.0;;;;;;;;71.0;135.0;20.0;90.0;27.0;73.0;2.0;7.0;3.0;3.0;;[32 90];[1 2];[False False];['Auxerre' 'Auxerre'];[ 0 -1];[-1 -2];['D' 'A'];['A' 'A'];0.36;0.0;0.64;0.71;0.0;0.29;1643.0;1646.0;lille osc;aj auxerre;1.95;1.95;
2026-05-17;194087476;France Ligue 1;France;16:00;Full;True;-0.16522423288749022;1.85;3.5;2.0;3.5;4.0;6.0;;0.0;3.0;3.0;159.0;89.0;100.0;Strasbourg;8.0;0.0;1.0;3.1;1;5.0;5 - 4;4.0;Monaco;7.0;0.0;2.0;2.05;3;4.0;+0.25;4 - 6;0-3;3.5;1.5;39 - 50;16 - 29;29.0;16.0;60.0;40.0;6.0;2.0;5.0;2.0;;;;;;;;107.0;52.0;50.0;39.0;60.0;40.0;12.0;7.0;10.0;7.0;;[10 34 42 47 55 58 61 72 84];[1 1 1 1 2 2 2 2 2];[False False False  True False False False False False];"['Monaco' 'Strasbourg' 'Monaco' 'Monaco' 'Monaco' 'Strasbourg'
 'Strasbourg' 'Strasbourg' 'Strasbourg']";[ 0 -1  0 -1 -2 -3 -2 -1  0];[-1  0 -1 -2 -3 -2 -1  0  1];['D' 'A' 'D' 'A' 'A' 'A' 'A' 'A' 'D'];['A' 'D' 'A' 'A' 'A' 'A' 'A' 'D' 'H'];0.33;0.07;0.6;0.38;0.0;0.62;1659.0;1653.0;strasbourg alsace;as monaco;1.44;1.33;
2026-05-17;194087454;France Ligue 1;France;16:00;Full;True;0.2966381015161502;2.025;2.5;1.825;2.5;6.0;3.0;;3.0;1.0;4.0;166.0;65.0;100.0;Brest;12.0;0.0;1.0;1.85;0;1.0;1 - 1;3.6;Angers;13.0;0.0;1.0;4.1;0;1.0;-0.5;6 - 3;3-1;2.5;1.0;46 - 19;19 - 12;12.0;19.0;42.0;58.0;3.0;5.0;1.0;2.0;;;;;;;;67.0;99.0;19.0;46.0;42.0;58.0;7.0;14.0;3.0;4.0;;[55 60];[2 2];[False False];['Brest' 'Angers'];[0 1];[1 0];['D' 'H'];['H' 'D'];0.94;0.06;0.0;1.0;0.0;0.0;1715.0;1684.0;stade brest 29;angers sco;1.7;1.7;
2026-05-17;194087473;France Ligue 1;France;16:00;Full;True;-0.4144736842105263;2.025;3.5;1.825;3.5;3.0;3.0;;2.0;0.0;2.0;205.0;75.0;100.0;Paris FC;11.0;0.0;2.0;4.75;0;2.0;2 - 1;4.5;PSG;1.0;0.0;0.0;1.6;0;1.0;+1.0;3 - 3;2-0;3.5;1.5;35 - 40;19 - 13;13.0;19.0;60.0;40.0;2.0;4.0;1.0;5.0;;;;;;;;100.0;105.0;40.0;35.0;63.0;37.0;7.0;8.0;2.0;9.0;;[50 76 94];[2 2 2];[False False  True];['PSG' 'Paris FC' 'Paris FC'];[ 0 -1  0];[-1  0  1];['D' 'A' 'D'];['A' 'D' 'H'];0.72;0.0;0.28;1.0;0.0;0.0;6070.0;1644.0;paris fc;paris saint-germain;1.57;1.44;
2026-05-17;194760052;Bolivia Copa Simon Bolivar;Bolivia;16:00;Full;True;-0.00886524822695034;1.825;3.0;1.975;3.0;4.0;6.0;;0.0;3.0;3.0;147.0;156.0;;Club Lions Tomina;;0.0;0.0;2.4;1;3.0;3 - 4;3.6;Atletico Sucre;;0.0;3.0;2.35;1;4.0;0.0;4 - 6;0-3;3.0;1.25;74 - 82;34 - 43;43.0;34.0;;;1.0;1.0;2.0;1.0;;;;;;;;65.0;82.0;82.0;74.0;;;5.0;2.0;8.0;4.0;;[10 31 50 55 60 82 87];[1 1 2 2 2 2 2];[False False False False False False False];"['Atletico Sucre' 'Club Lions Tomina' 'Atletico Sucre' 'Club Lions Tomina'
 'Atletico Sucre' 'Club Lions Tomina' 'Atletico Sucre']";[ 0 -1  0 -1  0 -1  0];[-1  0 -1  0 -1  0 -1];['D' 'A' 'D' 'A' 'D' 'A' 'D'];['A' 'D' 'A' 'D' 'A' 'D' 'A'];0.43;0.0;0.57;0.53;0.0;0.47;;;;;;;
2026-05-17;194087471;France Ligue 1;France;16:00;Full;True;0.6390764357756107;1.825;3.0;2.025;3.0;10.0;4.0;;5.0;3.0;8.0;225.0;96.0;100.0;Nice;16.0;0.0;2.0;1.333;0;0.0;0 - 0;5.25;Metz;18.0;0.0;1.0;9.0;0;0.0;-1.5;10 - 4;5-3;3.0;1.25;58 - 38;21 - 13;13.0;21.0;48.0;52.0;7.0;8.0;1.0;0.0;;;;;;;;108.0;117.0;38.0;58.0;51.0;49.0;12.0;17.0;3.0;4.0;;[];[];[];[];[];[];[];[];1.0;0.0;0.0;1.0;0.0;0.0;1661.0;1651.0;ogc nice;fc metz;1.75;1.8;
2026-05-17;194641601;Venezuela Segunda Division;Venezuela;16:00;Full;True;0.284130284130284;1.75;2.0;2.05;2.0;2.0;4.0;;0.0;2.0;2.0;240.0;114.0;100.0;Bolivar SC;;0.0;5.0;1.85;0;2.0;2 - 1;3.2;Monagas II;;1.0;3.0;3.9;1;1.0;-0.5;2 - 4;0-2;2.0;0.75;56 - 58;29 - 36;36.0;29.0;39.0;61.0;3.0;2.0;4.0;2.0;;;;;;;;105.0;135.0;58.0;56.0;40.0;60.0;3.0;3.0;5.0;5.0;;[15 46 60];[1 2 2];[False False False];['Monagas II' 'Bolivar SC' 'Bolivar SC'];[ 0 -1  0];[-1  0  1];['D' 'A' 'D'];['A' 'D' 'H'];0.32;0.33;0.34;0.33;0.0;0.67;;6233.0;;monagas sc;;;Youth
2026-05-17;193711515;Brazil Serie B;Brazil;16:00;Full;True;0.03678929765886285;1.975;2.0;1.825;2.0;5.0;3.0;;3.0;1.0;4.0;156.0;63.0;100.0;Athletic Club MG;;0.0;2.0;2.6;1;1.0;1 - 1;3.0;Juventude;;0.0;3.0;2.875;0;1.0;0.0;5 - 3;3-1;2.0;0.75;30 - 33;18 - 9;9.0;18.0;57.0;43.0;0.0;9.0;1.0;2.0;;;;;;;;70.0;86.0;33.0;30.0;56.0;44.0;5.0;13.0;4.0;5.0;;[28 93];[1 2];[False  True];['Athletic Club MG' 'Juventude'];[0 1];[1 0];['D' 'H'];['H' 'D'];0.3;0.7;0.0;0.62;0.38;0.0;547561.0;1980.0;athletic club sjdr mg;ec juventude rs;2.2;2.1;Youth
2026-05-17;194087469;France Ligue 1;France;16:00;Schedule;False;0.0;1.975;2.5, 3.0;1.875;2.5, 3.0;2.0;3.0;;2.0;3.0;5.0;42.0;16.0;100.0;Nantes;17.0;0.0;0.0;2.625;0;0.0;0 - 0;3.4;Toulouse;10.0;0.0;0.0;2.625;0;0.0;0.0 ( 0.0);2 - 3;2-3;2.75 ( 2);1.0 (0.75);9 - 7;nan;;;;;;;;;;;;;;;;23.0;19.0;7.0;9.0;43.0;57.0;1.0;1.0;1.0;1.0;;[];[];[];[];[];[];[];[];1.0;0.0;0.0;1.0;0.0;0.0;1647.0;1681.0;fc nantes;toulouse fc;1.61;1.61;
2026-05-17;193710989;Brazil Serie A;Brazil;16:00;Full;True;0.09408602150537637;1.95;2.0, 2.5;1.9;2.0, 2.5;3.0;2.0;;1.0;1.0;2.0;181.0;76.0;100.0;Botafogo;;0.0;6.0;2.4;2;3.0;3 - 1;3.1;Corinthians;;0.0;1.0;3.1;1;1.0;-0.25;3 - 2;1-1;2.25;1.0;30 - 46;15 - 12;12.0;15.0;64.0;36.0;4.0;5.0;1.0;2.0;;;;;;;;107.0;74.0;46.0;30.0;65.0;35.0;18.0;8.0;1.0;5.0;;[ 7 11 32 70];[1 1 1 2];[False False False False];['Botafogo' 'Corinthians' 'Botafogo' 'Botafogo'];[0 1 0 1];[1 0 1 2];['D' 'H' 'D' 'H'];['H' 'D' 'H' 'H'];0.31;0.69;0.0;0.62;0.38;0.0;1958.0;1957.0;botafogo fr rj;sc corinthians sp;1.8;1.9;
2026-05-17;193710528;Argentina Nacional B;Argentina;16:00;Full;True;0.19844961240310077;2.05;2.0;1.75;2.0;5.0;2.0;;3.0;2.0;5.0;176.0;128.0;100.0;Patronato Parana;;0.0;4.0;2.15;1;2.0;2 - 0;2.9;Chacarita Juniors;;1.0;1.0;3.75;0;0.0;-0.25;5 - 2;3-2;2.0;0.75;78 - 50;36 - 21;21.0;36.0;41.0;59.0;4.0;2.0;0.0;3.0;;;;;;;;98.0;78.0;50.0;78.0;44.0;56.0;5.0;7.0;2.0;7.0;;[48 69];[1 2];[ True False];['Patronato Parana' 'Patronato Parana'];[0 1];[1 2];['D' 'H'];['H' 'H'];0.53;0.47;0.0;1.0;0.0;0.0;43741.0;3214.0;ca patronato parana;chacarita juniors;2.25;2.25;Youth
2026-05-17;194640997;Brazil Serie D;Brazil;16:00;Full;True;0.24358974358974356;1.825;1.5, 2.0;1.975;1.5, 2.0;6.0;6.0;;3.0;4.0;7.0;143.0;64.0;100.0;Cianorte;;1.0;3.0;2.0;0;1.0;1 - 0;2.75;FC Cascavel;;0.0;2.0;3.9;0;0.0;-0.5;6 - 6;3-4;1.75;0.75;35 - 29;14 - 16;16.0;14.0;50.0;50.0;4.0;3.0;1.0;0.0;;;;;;;;69.0;74.0;29.0;35.0;51.0;49.0;5.0;5.0;2.0;1.0;;[82];[2];[False];['Cianorte'];[0];[1];['D'];['H'];0.91;0.09;0.0;1.0;0.0;0.0;21892.0;21891.0;cianorte fc pr;cascavel pr;;;
2026-05-17;194087465;France Ligue 1;France;16:00;Full;True;0.19696969696969696;2.025;3.5, 4.0;1.825;3.5, 4.0;4.0;11.0;;2.0;3.0;5.0;198.0;98.0;100.0;Marseille;6.0;0.0;3.0;2.0;2;3.0;3 - 1;4.0;Rennes;5.0;0.0;1.0;3.3;0;1.0;-0.5;4 - 11;2-3;3.75;1.5;41 - 57;22 - 22;22.0;22.0;47.0;53.0;9.0;9.0;1.0;6.0;;;;;;;;103.0;95.0;57.0;41.0;54.0;46.0;23.0;16.0;4.0;11.0;;[ 2 10 55 84];[1 1 2 2];[False False False False];['Marseille' 'Marseille' 'Marseille' 'Rennes'];[0 1 2 3];[1 2 3 2];['D' 'H' 'H' 'H'];['H' 'H' 'H' 'H'];0.02;0.98;0.0;0.04;0.96;0.0;1641.0;1658.0;olympique marseille;stade rennais fc;1.5;1.33;
2026-05-17;194087461;France Ligue 1;France;16:00;Full;True;0.3776578017729787;1.825;3.0;2.025;3.0;20.0;8.0;;8.0;5.0;13.0;145.0;94.0;100.0;Lyon;4.0;0.0;1.0;1.667;0;0.0;0 - 4;4.1;Lens;2.0;0.0;4.0;4.5;3;4.0;-0.75;20 - 8;8-5;3.0;1.25;63 - 31;16 - 21;21.0;16.0;48.0;52.0;4.0;2.0;4.0;1.0;;;;;;;;63.0;82.0;31.0;63.0;43.0;57.0;10.0;14.0;5.0;3.0;;[20 32 46 54];[1 1 1 2];[False False  True False];['Lens' 'Lens' 'Lens' 'Lens'];[ 0 -1 -2 -3];[-1 -2 -3 -4];['D' 'A' 'A' 'A'];['A' 'A' 'A' 'A'];0.22;0.0;0.78;0.43;0.0;0.57;1649.0;1648.0;olympique lyon;racing club de lens;1.57;1.53;
2026-05-17;194707234;USA UPSL;USA;16:00;Schedule;False;0.018912529550827395;1.875;3.5, 4.0;1.925;3.5, 4.0;0.0;0.0;;0.0;0.0;0.0;0.0;0.0;;Elevate Soccer Project;;0.0;0.0;2.25;0;0.0;0 - 0;4.1;City Soccer FC;;0.0;0.0;2.35;0;0.0;0.0;0 - 0;0-0;3.75;1.5;-;nan;;;;;;;;;;;;;;;;0.0;0.0;0.0;0.0;;;0.0;0.0;0.0;0.0;;[];[];[];[];[];[];[];[];1.0;0.0;0.0;1.0;0.0;0.0;;;;;;;
2026-05-17;194087459;France Ligue 1;France;16:00;Full;True;0.0;1.85;2.5;2.0;2.5;5.0;1.0;;2.0;1.0;3.0;191.0;100.0;100.0;Lorient;9.0;0.0;2.0;2.625;0;0.0;0 - 2;3.5;Le Havre;14.0;0.0;1.0;2.625;1;2.0;0.0;5 - 1;2-1;2.5;1.0;70 - 30;22 - 15;15.0;22.0;47.0;53.0;1.0;4.0;3.0;0.0;;;;;;;;78.0;113.0;30.0;70.0;40.0;60.0;3.0;11.0;5.0;1.0;;[33 62];[1 2];[False False];['Le Havre' 'Le Havre'];[ 0 -1];[-1 -2];['D' 'A'];['A' 'A'];0.37;0.0;0.63;0.73;0.0;0.27;1656.0;1662.0;fc lorient;le havre ac;1.66;1.7;
2026-05-17;194641582;Uruguay Segunda;Uruguay;16:00;Full;True;0.015384615384615441;2.025;2.0, 2.5;1.775;2.0, 2.5;3.0;1.0;;2.0;0.0;2.0;209.0;132.0;100.0;Huracán FC;;0.0;2.0;2.5;0;1.0;1 - 0;3.0;CA Atenas;;0.0;2.0;2.6;0;0.0;0.0;3 - 1;2-0;2.25;nan;70 - 62;34 - 31;31.0;34.0;44.0;56.0;0.0;3.0;2.0;1.0;;;;;;;;85.0;124.0;62.0;70.0;43.0;57.0;4.0;5.0;3.0;2.0;;[76];[2];[False];['Huracán FC'];[0];[1];['D'];['H'];0.84;0.16;0.0;1.0;0.0;0.0;;;;;;;
2026-05-17;194640654;Paraguay Reserve League;Paraguay;16:00;Full;True;-0.6207349081364829;1.8;3.5, 4.0;2.0;3.5, 4.0;5.0;5.0;;4.0;3.0;7.0;306.0;126.0;100.0;Rubio Nu Reserves;;0.0;1.0;6.0;0;0.0;0 - 5;6.5;Nacional Asuncion Reserves;;0.0;0.0;1.27;1;5.0;+1.75;5 - 5;4-3;3.75;1.5;42 - 84;25 - 37;37.0;25.0;59.0;41.0;9.0;7.0;1.0;2.0;;;;;;;;168.0;138.0;84.0;42.0;59.0;41.0;17.0;10.0;7.0;5.0;;[ 8 62 68 71 89];[1 2 2 2 2];[False False False False False];"['Nacional Asuncion Reserves' 'Nacional Asuncion Reserves'
 'Nacional Asuncion Reserves' 'Nacional Asuncion Reserves'
 'Nacional Asuncion Reserves']";[ 0 -1 -2 -3 -4];[-1 -2 -3 -4 -5];['D' 'A' 'A' 'A' 'A'];['A' 'A' 'A' 'A' 'A'];0.09;0.0;0.91;0.18;0.0;0.82;;;;;;;Youth
2026-05-17;193193649;Chile Liga de Primera;Chile;16:00;Full;True;-0.29914529914529914;2.0;2.5, 3.0;1.8;2.5, 3.0;5.0;8.0;;1.0;3.0;4.0;207.0;117.0;100.0;Cobresal;;0.0;2.0;3.9;0;1.0;1 - 0;3.5;Universidad de Chile;;0.0;1.0;1.8;0;0.0;+0.5;5 - 8;1-3;2.75;1.0;44 - 73;17 - 34;34.0;17.0;68.0;32.0;2.0;3.0;4.0;1.0;;;;;;;;141.0;66.0;73.0;44.0;68.0;32.0;9.0;11.0;5.0;5.0;;[76];[2];[False];['Cobresal'];[0];[1];['D'];['H'];0.84;0.16;0.0;1.0;0.0;0.0;3167.0;3161.0;cobresal;universidad de chile;1.83;1.72;
2026-05-17;194640864;Argentina Torneo A;Argentina;16:00;Full;True;0.469870570761723;1.75;2.0;2.05;2.0;4.0;6.0;;2.0;5.0;7.0;201.0;98.0;100.0;Sol de America de Formosa;;0.0;2.0;1.571;1;3.0;3 - 0;3.3;Sarmiento de Resistencia;;0.0;4.0;6.0;0;0.0;-0.75;4 - 6;2-5;2.0;0.75;51 - 47;23 - 25;25.0;23.0;50.0;50.0;2.0;2.0;1.0;3.0;;;;;;;;93.0;108.0;47.0;51.0;54.0;46.0;6.0;2.0;3.0;6.0;;[17 76 79];[1 2 2];[False False False];"['Sol de America de Formosa' 'Sol de America de Formosa'
 'Sol de America de Formosa']";[0 1 2];[1 2 3];['D' 'H' 'H'];['H' 'H' 'H'];0.19;0.81;0.0;0.38;0.62;0.0;330655.0;65670.0;ca sol de america de formosa;ca sarmiento de resistencia;2.37;2.37;
2026-05-17;194706272;Brazil Serie D;Brazil;16:00;Schedule;False;-0.4547190556102078;1.825;2.0, 2.5;1.975;2.0, 2.5;3.0;2.0;;3.0;1.0;4.0;205.0;111.0;100.0;CSE;;1.0;3.0;5.5;0;0.0;0 - 2;3.4;CSA;;0.0;1.0;1.571;1;2.0;+0.75 (+0.25);3 - 2;3-1;2.25 ( 2.5);1.0;39 - 44;27 - 19;19.0;27.0;58.0;42.0;3.0;1.0;2.0;0.0;;;;;;;;110.0;95.0;63.0;48.0;61.0;39.0;6.0;4.0;7.0;1.0;;[23 68 71 73 79 88];[1 2 2 2 2 2];[False False False False False False];['CSA' 'CSA' 'CSE' 'CSA' 'CSA' 'CSA'];[ 0 -1 -2 -1 -2 -3];[-1 -2 -1 -2 -3 -4];['D' 'A' 'A' 'A' 'A' 'A'];['A' 'A' 'A' 'A' 'A' 'A'];0.26;0.0;0.74;0.51;0.0;0.49;529969.0;2010.0;cs esportiva al;cs alagoano al;;;
2026-05-17;194785454;Bolivia Copa Simon Bolivar;Bolivia;16:00;Full;True;0.08403361344537807;1.9;2.5;1.9;2.5;5.0;1.0;;4.0;1.0;5.0;153.0;153.0;;Club AFIZ;;1.0;1.0;2.1;0;3.0;3 - 1;4.0;Deportivo Escara;;0.0;7.0;2.55;1;1.0;-0.25;5 - 1;4-1;2.5;1.0;83 - 70;43 - 29;29.0;43.0;;;5.0;2.0;2.0;4.0;;;;;;;;73.0;80.0;70.0;83.0;;;10.0;3.0;2.0;9.0;;[35 47 56 77];[1 2 2 2];[False False False False];['Deportivo Escara' 'Club AFIZ' 'Club AFIZ' 'Club AFIZ'];[ 0 -1  0  1];[-1  0  1  2];['D' 'A' 'D' 'H'];['A' 'D' 'H' 'H'];0.49;0.38;0.13;0.78;0.0;0.22;;;;;;;
2026-05-17;194697221;Brazil Serie D;Brazil;16:00;Full;True;0.7564102564102564;1.975;2.5, 3.0;1.825;2.5, 3.0;14.0;3.0;;6.0;1.0;7.0;200.0;106.0;100.0;America RN;;0.0;2.0;1.2;1;5.0;5 - 0;5.25;Laguna RN;;0.0;2.0;13.0;0;0.0;-1.75;14 - 3;6-1;2.75;1.0;63 - 43;29 - 18;18.0;29.0;43.0;57.0;1.0;1.0;1.0;6.0;;;;;;;;97.0;103.0;43.0;63.0;46.0;54.0;8.0;10.0;1.0;15.0;;[ 8 50 67 71 78];[1 2 2 2 2];[False False False False False];['America RN' 'America RN' 'America RN' 'America RN' 'America RN'];[0 1 2 3 4];[1 2 3 4 5];['D' 'H' 'H' 'H' 'H'];['H' 'H' 'H' 'H' 'H'];0.09;0.91;0.0;0.18;0.82;0.0;2023.0;951925.0;america fc rn;club laguna saf;3.4;2.62;
2026-05-17;194371164;Brazil Serie C;Brazil;16:00;Full;True;0.1111111111111111;1.95;2.0;1.85;2.0;7.0;5.0;;2.0;0.0;2.0;187.0;91.0;100.0;Caxias;;0.0;1.0;2.25;1;2.0;2 - 0;3.0;Paysandu;;1.0;3.0;3.0;0;0.0;-0.25;7 - 5;2-0;2.0;0.75;48 - 43;26 - 12;12.0;26.0;50.0;50.0;3.0;5.0;0.0;3.0;;;;;;;;99.0;88.0;43.0;48.0;50.0;50.0;4.0;7.0;3.0;9.0;;[22 73];[1 2];[False False];['Caxias' 'Caxias'];[0 1];[1 2];['D' 'H'];['H' 'H'];0.24;0.76;0.0;0.49;0.51;0.0;2000.0;1997.0;ser caxias do sul;paysandu sc pa;2.1;2.2;
2026-05-17;194371369;Chile Primera B;Chile;16:00;Full;True;0.15360983102918585;1.9;2.0, 2.5;1.9;2.0, 2.5;8.0;3.0;;4.0;0.0;4.0;296.0;112.0;100.0;San Luis Quillota;11.0;1.0;2.0;2.1;2;4.0;4 - 1;3.2;Puerto Montt;3.0;1.0;3.0;3.1;1;1.0;-0.25;8 - 3;4-0;2.25;1.0;66 - 46;40 - 23;23.0;40.0;50.0;50.0;6.0;8.0;2.0;3.0;;;;;;;;148.0;148.0;46.0;66.0;50.0;50.0;9.0;12.0;4.0;8.0;;[29 36 46 73 91];[1 1 1 2 2];[False False  True False  True];"['San Luis Quillota' 'San Luis Quillota' 'Puerto Montt'
 'San Luis Quillota' 'San Luis Quillota']";[0 1 2 1 2];[1 2 1 2 3];['D' 'H' 'H' 'H' 'H'];['H' 'H' 'H' 'H' 'H'];0.32;0.68;0.0;0.63;0.37;0.0;;;;;;;Youth
2026-05-17;194537707;USA MLS Next Pro League;USA;16:00;Full;True;0.33321335732853424;1.825;3.0, 3.5;1.975;3.0, 3.5;4.0;4.0;;2.0;0.0;2.0;187.0;87.0;100.0;Philadelphia Union II;;0.0;1.0;1.667;1;1.0;1 - 1;4.1;Columbus Crew II;;0.0;2.0;3.75;1;1.0;-0.75;4 - 4;2-0;3.25;1.25;56 - 31;33 - 14;14.0;33.0;56.0;44.0;2.0;7.0;1.0;2.0;;;;;;;;78.0;109.0;31.0;56.0;55.0;45.0;3.0;13.0;3.0;3.0;;[26 30];[1 1];[False False];['Columbus Crew II' 'Philadelphia Union II'];[ 0 -1];[-1  0];['D' 'A'];['A' 'D'];0.96;0.0;0.04;0.91;0.0;0.09;;2504.0;;columbus crew;;;Youth
2026-05-17;194706278;Brazil Campeonato Cearense B;Brazil;16:00;Full;True;0.15261627906976744;2.025;2.0, 2.5;1.775;2.0, 2.5;2.0;3.0;;1.0;2.0;3.0;163.0;100.0;100.0;Caucaia;;0.0;2.0;2.15;1;1.0;1 - 2;3.0;Guarani de Juazeiro;;0.0;2.0;3.2;0;2.0;-0.25;2 - 3;1-2;2.25;0.75;51 - 49;23 - 24;24.0;23.0;52.0;48.0;5.0;7.0;2.0;2.0;;;;;;;;84.0;79.0;49.0;51.0;53.0;47.0;12.0;10.0;7.0;3.0;;[19 49 81];[1 2 2];[False False False];['Caucaia' 'Guarani de Juazeiro' 'Guarani de Juazeiro'];[0 1 0];[ 1  0 -1];['D' 'H' 'D'];['H' 'D' 'A'];0.57;0.33;0.1;0.42;0.58;0.0;;;;;;;Youth
2026-05-17;193710987;Brazil Serie A;Brazil;16:00;Full;True;0.3998800239952009;1.975;2.5, 3.0;1.875;2.5, 3.0;7.0;3.0;;3.0;1.0;4.0;161.0;83.0;100.0;Bahia;;0.0;4.0;1.667;0;1.0;1 - 1;4.0;Gremio;;0.0;4.0;5.0;0;1.0;-0.75;7 - 3;3-1;2.75;1.0;61 - 22;28 - 10;10.0;28.0;41.0;59.0;1.0;5.0;0.0;3.0;;;;;;;;50.0;111.0;22.0;61.0;40.0;60.0;2.0;11.0;1.0;6.0;;[62 73];[2 2];[False False];['Gremio' 'Bahia'];[ 0 -1];[-1  0];['D' 'A'];['A' 'D'];0.88;0.0;0.12;1.0;0.0;0.0;1955.0;5926.0;ec bahia ba;gremio fb porto alegrense rs;1.8;1.75;
2026-05-17;194650451;Brazil Campeonato Matogrossense 2;Brazil;16:00;Full;True;-0.6347478338147079;1.875;3.5;1.925;3.5;3.0;15.0;;1.0;7.0;8.0;146.0;61.0;100.0;Atletico MT;;0.0;3.0;7.0;0;1.0;1 - 7;5.25;AD Uirapuru;;0.0;3.0;1.286;2;7.0;+1.75;3 - 15;1-7;3.5;1.5;16 - 45;10 - 18;18.0;10.0;61.0;39.0;5.0;3.0;2.0;1.0;;;;;;;;79.0;67.0;45.0;16.0;63.0;37.0;13.0;5.0;8.0;2.0;;[ 4 11 51 67 75 79 84 88];[1 1 2 2 2 2 2 2];[False False False False False False False False];"['AD Uirapuru' 'AD Uirapuru' 'AD Uirapuru' 'AD Uirapuru' 'Atletico MT'
 'AD Uirapuru' 'AD Uirapuru' 'AD Uirapuru']";[ 0 -1 -2 -3 -4 -3 -4 -5];[-1 -2 -3 -4 -3 -4 -5 -6];['D' 'A' 'A' 'A' 'A' 'A' 'A' 'A'];['A' 'A' 'A' 'A' 'A' 'A' 'A' 'A'];0.04;0.0;0.96;0.09;0.0;0.91;;;;;;;
2026-05-17;194639820;Brazil Serie D;Brazil;16:00;Full;True;0.3455537370430987;1.975;1.5, 2.0;1.825;1.5, 2.0;4.0;6.0;;0.0;2.0;2.0;205.0;83.0;100.0;Brasil de Pelotas;;1.0;1.0;1.833;0;0.0;0 - 0;2.75;Sao Jose RS;;1.0;1.0;5.0;0;0.0;-0.5;4 - 6;0-2;1.75;0.75;42 - 41;14 - 22;22.0;14.0;50.0;50.0;6.0;1.0;0.0;2.0;;;;;;;;101.0;104.0;41.0;42.0;50.0;50.0;13.0;4.0;3.0;5.0;;[];[];[];[];[];[];[];[];1.0;0.0;0.0;1.0;0.0;0.0;1986.0;32767.0;gremio esportivo brasil;ec sao jose rs;2.37;2.75;
2026-05-17;194637834;Argentina Torneo A;Argentina;16:00;Full;True;0.19047619047619047;2.0;2.0;1.8;2.0;13.0;1.0;;2.0;0.0;2.0;245.0;161.0;100.0;Sportivo Las Parejas;;0.0;0.0;2.1;0;1.0;1 - 0;2.875;Independiente Chivilcoy;;0.0;1.0;3.5;0;0.0;-0.25;13 - 1;2-0;2.0;0.75;98 - 63;34 - 43;43.0;34.0;41.0;59.0;3.0;3.0;0.0;5.0;;;;;;;;114.0;131.0;63.0;98.0;38.0;62.0;4.0;8.0;1.0;6.0;;[82];[2];[False];['Sportivo Las Parejas'];[0];[1];['D'];['H'];0.91;0.09;0.0;1.0;0.0;0.0;348532.0;300078.0;sportivo las parejas;independiente de chivilcoy;2.25;2.25;
2026-05-17;194637828;Argentina Torneo A;Argentina;16:00;Full;True;0.1122019635343619;1.975;2.0;1.825;2.0;8.0;8.0;;5.0;4.0;9.0;217.0;137.0;100.0;CA Bartolome Mitre;;0.0;3.0;2.3;0;2.0;2 - 0;2.8;San Martin Formosa;;0.0;2.0;3.1;0;0.0;-0.25;8 - 8;5-4;2.0;0.75;79 - 58;41 - 22;22.0;41.0;44.0;56.0;2.0;5.0;0.0;0.0;;;;;;;;99.0;118.0;58.0;79.0;46.0;54.0;6.0;7.0;0.0;2.0;;[58 82];[2 2];[False False];['CA Bartolome Mitre' 'CA Bartolome Mitre'];[0 1];[1 2];['D' 'H'];['H' 'H'];0.64;0.36;0.0;1.0;0.0;0.0;855135.0;269301.0;ca bartolome mitre;sportivo general san martin formosa;2.25;2.25;
2026-05-17;194639834;Brazil Serie D;Brazil;16:00;Full;True;0.1111111111111111;1.95;2.0, 2.5;1.85;2.0, 2.5;5.0;5.0;;2.0;2.0;4.0;154.0;128.0;100.0;Atletico Alagoinhas;;0.0;2.0;2.25;0;0.0;0 - 1;3.0;Jacuipense;;0.0;3.0;3.0;0;1.0;-0.25;5 - 5;2-2;2.25;1.0;70 - 58;31 - 31;31.0;31.0;55.0;45.0;3.0;7.0;3.0;1.0;;;;;;;;76.0;78.0;58.0;70.0;52.0;48.0;8.0;13.0;6.0;2.0;;[81];[2];[False];['Jacuipense'];[0];[-1];['D'];['A'];0.9;0.0;0.1;1.0;0.0;0.0;525349.0;87166.0;alagoinhas ac ba;ec jacuipense ba;1.9;1.9;
2026-05-17;194639863;Brazil Serie D;Brazil;16:00;Full;True;0.05303030303030304;1.9;2.0, 2.5;1.9;2.0, 2.5;8.0;2.0;;3.0;0.0;3.0;205.0;115.0;100.0;Tuna Luso;;0.0;3.0;2.4;2;2.0;2 - 1;2.9;Aguia de Maraba;;0.0;2.0;2.75;0;1.0;0.0;8 - 2;3-0;2.25;1.0;67 - 48;30 - 19;19.0;30.0;41.0;59.0;4.0;3.0;1.0;4.0;;;;;;;;99.0;106.0;48.0;67.0;48.0;52.0;8.0;7.0;4.0;5.0;;[26 47 91];[1 1 2];[False  True  True];['Tuna Luso' 'Tuna Luso' 'Aguia de Maraba'];[0 1 2];[1 2 1];['D' 'H' 'H'];['H' 'H' 'H'];0.29;0.71;0.0;0.55;0.45;0.0;21866.0;33998.0;tuna luso pa;aguia de maraba fc pa;1.83;1.83;
2026-05-17;194371160;Brazil Serie C;Brazil;16:00;Full;True;0.2142857142857143;1.875;2.0;1.925;2.0;8.0;3.0;;5.0;0.0;5.0;230.0;134.0;100.0;Ferroviaria;;0.0;3.0;2.0;0;1.0;1 - 0;3.1;Brusque;;1.0;5.0;3.5;0;0.0;-0.5;8 - 3;5-0;2.0;0.75;75 - 59;37 - 24;24.0;37.0;50.0;50.0;4.0;10.0;0.0;0.0;;;;;;;;115.0;115.0;59.0;75.0;50.0;50.0;10.0;12.0;2.0;2.0;;[65];[2];[False];['Ferroviaria'];[0];[1];['D'];['H'];0.72;0.28;0.0;1.0;0.0;0.0;35285.0;21884.0;ferroviaria araraquara sp;brusque fc sc;2.2;2.25;
2026-05-17;194640488;Paraguay Women League;Paraguay;16:15;Full;True;-0.36738351254480284;1.85;3.5, 4.0;1.95;3.5, 4.0;3.0;3.0;;1.0;2.0;3.0;214.0;127.0;100.0;Nacional-Humaita (W);;0.0;2.0;3.6;0;1.0;1 - 1;5.0;Guarani Asuncion (W);;0.0;3.0;1.55;1;1.0;+1.0;3 - 3;1-2;3.75;1.75;56 - 71;12 - 54;54.0;12.0;63.0;37.0;8.0;1.0;1.0;1.0;;;;;;;;107.0;107.0;71.0;56.0;52.0;48.0;9.0;2.0;1.0;4.0;;[ 7 82];[1 2];[False False];['Guarani Asuncion (W)' 'Nacional-Humaita (W)'];[ 0 -1];[-1  0];['D' 'A'];['A' 'D'];0.17;0.0;0.83;0.16;0.0;0.84;;5994.0;;club guarani asuncion;;;Women
2026-05-17;193003652;Spain Segunda;Spain;16:15;Full;True;0.3609022556390977;1.825;2.0, 2.5;1.975;2.0, 2.5;9.0;2.0;;7.0;2.0;9.0;186.0;98.0;100.0;Real Zaragoza;20.0;0.0;1.0;1.75;1;1.0;1 - 3;3.6;Sporting Gijon;9.0;0.0;3.0;4.75;2;3.0;-0.75;9 - 2;7-2;2.25;1.0;67 - 31;41 - 8;8.0;41.0;52.0;48.0;1.0;8.0;4.0;2.0;;;;;;;;88.0;98.0;31.0;67.0;44.0;56.0;3.0;13.0;8.0;5.0;;[23 29 41 95];[1 1 1 2];[False False False  True];['Real Zaragoza' 'Sporting Gijon' 'Sporting Gijon' 'Sporting Gijon'];[ 0  1  0 -1];[ 1  0 -1 -2];['D' 'H' 'D' 'A'];['H' 'D' 'A' 'A'];0.37;0.06;0.57;0.78;0.13;0.09;2815.0;2852.0;real zaragoza;sporting gijon;1.72;2.0;
2026-05-17;193332405;Spain La Liga;Spain;16:15;Full;True;0.6073304040295788;2.025;3.5, 4.0;1.825;3.5, 4.0;6.0;4.0;;4.0;2.0;6.0;203.0;103.0;100.0;Barcelona;1.0;0.0;1.0;1.333;1;3.0;3 - 1;6.0;Real Betis;5.0;0.0;0.0;7.0;0;1.0;-1.5;6 - 4;4-2;3.75;1.5;62 - 41;40 - 16;16.0;40.0;33.0;67.0;2.0;1.0;1.0;5.0;;;;;;;;72.0;131.0;41.0;62.0;37.0;63.0;5.0;6.0;2.0;8.0;;[28 62 69 74];[1 2 2 2];[False False False False];['Barcelona' 'Barcelona' 'Real Betis' 'Barcelona'];[0 1 2 1];[1 2 1 2];['D' 'H' 'H' 'H'];['H' 'H' 'H' 'H'];0.31;0.69;0.0;0.62;0.38;0.0;2817.0;2816.0;fc barcelona;real betis seville;;;
2026-05-17;194760056;Bolivia Copa Simon Bolivar;Bolivia;16:30;Schedule;False;-0.7222222222222223;1.8;3.0;2.0;3.0;6.0;3.0;;1.0;2.0;3.0;114.0;88.0;;Garcia Agreda;;0.0;1.0;9.0;0;0.0;0 - 0;6.25;Deportivo San Martin;;2.0;3.0;1.2;0;0.0;+2.0 ( 0.0);6 - 3;1-2;3.0 ( 0.5);nan;54 - 29;24 - 18;18.0;24.0;;;2.0;1.0;0.0;3.0;;;;;;;;63.0;51.0;30.0;58.0;;;2.0;5.0;1.0;5.0;;[];[];[];[];[];[];[];[];1.0;0.0;0.0;1.0;0.0;0.0;;;;;;;
2026-05-17;194637836;Argentina Torneo A;Argentina;16:30;Schedule;False;0.38935370820572723;1.825;2.0;1.975;2.0;8.0;2.0;;4.0;0.0;4.0;208.0;135.0;100.0;CA Sarmiento de la Banda;;0.0;2.0;1.667;0;0.0;0 - 0;3.2;Tucuman Central;;0.0;3.0;4.75;0;0.0;-0.75 (-0.25);8 - 2;4-0;2.0 (0.75);0.75;74 - 41;43 - 22;22.0;43.0;36.0;64.0;0.0;0.0;0.0;0.0;;;;;;;;101.0;107.0;49.0;86.0;40.0;60.0;1.0;1.0;0.0;1.0;;[79];[2];[False];['CA Sarmiento de la Banda'];[0];[1];['D'];['H'];0.88;0.12;0.0;1.0;0.0;0.0;593568.0;1319304.0;ca sarmiento de la banda;club tucuman central deportes;2.5;2.5;
2026-05-17;194527070;Portugal Segunda Liga;Portugal;16:30;Schedule;False;0.036437246963562764;1.975;2.5;1.825;2.5;4.0;4.0;;3.0;3.0;6.0;155.0;80.0;100.0;Portimonense;;0.0;0.0;2.375;1;1.0;1 - 0;3.3;SC Farense;;0.0;2.0;2.6;0;0.0;0.0 ( 0.0);4 - 4;3-3;2.5 ( 1.5);1.0;32 - 41;23 - 21;21.0;23.0;50.0;50.0;1.0;4.0;0.0;1.0;;;;;;;;86.0;69.0;44.0;36.0;50.0;50.0;4.0;8.0;1.0;2.0;;[26];[1];[False];['Portimonense'];[0];[1];['D'];['H'];0.29;0.71;0.0;0.58;0.42;0.0;3026.0;2998.0;portimonense sad;sc farense;;;
2026-05-17;194527066;Portugal Segunda Liga;Portugal;16:30;Schedule;False;0.3351363565749149;2.0;2.5, 3.0;1.8;2.5, 3.0;5.0;6.0;;3.0;4.0;7.0;166.0;106.0;100.0;Pacos Ferreira;17.0;0.0;0.0;1.727;0;1.0;1 - 1;3.5;Penafiel;14.0;0.0;2.0;4.1;0;1.0;-0.75 ( 0.0);5 - 6;3-4;2.75 ( 2.5);1.0;55 - 39;25 - 25;25.0;25.0;50.0;50.0;4.0;4.0;2.0;2.0;;;;;;;;79.0;87.0;44.0;62.0;50.0;50.0;7.0;14.0;6.0;7.0;;[58 83 95];[2 2 2];[False False  True];['Penafiel' 'Pacos Ferreira' 'Pacos Ferreira'];[ 0 -1  0];[-1  0  1];['D' 'A' 'D'];['A' 'D' 'H'];0.74;0.0;0.26;1.0;0.0;0.0;3003.0;3017.0;fc pacos ferreira;fc penafiel;;;
2026-05-17;193710525;Argentina Nacional B;Argentina;16:30;Schedule;False;0.2905982905982907;1.875;2.0;1.925;2.0;8.0;4.0;;3.0;3.0;6.0;56.0;177.0;100.0;Ferrocarril Midland;;0.0;0.0;1.95;1;2.0;2 - 0;3.1;Agropecuario;;0.0;3.0;4.5;0;0.0;-0.5 ( 0.0);8 - 4;3-3;2.0 ( 2.5);0.75;92 - 64;54 - 31;31.0;54.0;40.0;60.0;3.0;1.0;7.0;1.0;;;;;;;;32.0;24.0;71.0;106.0;43.0;57.0;6.0;5.0;7.0;5.0;;[10 65];[1 2];[False False];['Ferrocarril Midland' 'Ferrocarril Midland'];[0 1];[1 2];['D' 'H'];['H' 'H'];0.11;0.89;0.0;0.22;0.78;0.0;388194.0;371368.0;ca ferrocarril midland;agropecuario argentino;2.37;2.2;Youth
2026-05-17;194698615;Barbados Premier League;Barbados;17:00;Schedule;False;0.7349125775521714;1.975;3.5, 4.0;1.825;3.5, 4.0;4.0;0.0;;3.0;0.0;3.0;0.0;0.0;;Kickstart Rush;;0.0;0.0;1.182;10;10.0;10 - 0;6.5;St Andrew Lions;;0.0;0.0;9.0;0;0.0;-2.25 (-1.75);4 - 0;3-0;3.75 ( 12.5);1.5;-;-;0.0;0.0;;;0.0;0.0;0.0;10.0;;;;;;;;0.0;0.0;0.0;0.0;;;0.0;0.0;0.0;19.0;;[ 9 12 14 16 18 25 31 32 37 38 49 58 59 60 63 64 68 70 75];[1 1 1 1 1 1 1 1 1 1 2 2 2 2 2 2 2 2 2];"[False False False False False False False False False False False False
 False False False False False False False]";"['Kickstart Rush' 'Kickstart Rush' 'Kickstart Rush' 'Kickstart Rush'
 'Kickstart Rush' 'Kickstart Rush' 'Kickstart Rush' 'Kickstart Rush'
 'Kickstart Rush' 'Kickstart Rush' 'Kickstart Rush' 'Kickstart Rush'
 'Kickstart Rush' 'Kickstart Rush' 'Kickstart Rush' 'Kickstart Rush'
 'Kickstart Rush' 'Kickstart Rush' 'Kickstart Rush']";[ 0  1  2  3  4  5  6  7  8  9 10 11 12 13 14 15 16 17 18];[ 1  2  3  4  5  6  7  8  9 10 11 12 13 14 15 16 17 18 19];"['D' 'H' 'H' 'H' 'H' 'H' 'H' 'H' 'H' 'H' 'H' 'H' 'H' 'H' 'H' 'H' 'H' 'H'
 'H']";"['H' 'H' 'H' 'H' 'H' 'H' 'H' 'H' 'H' 'H' 'H' 'H' 'H' 'H' 'H' 'H' 'H' 'H'
 'H']";0.1;0.9;0.0;0.2;0.8;0.0;;;;;;;
2026-05-17;194490719;Paraguay Division Profesional;Paraguay;17:00;Schedule;False;-0.16369047619047616;2.0;2.5;1.8;2.5;1.0;4.0;;1.0;2.0;3.0;181.0;107.0;100.0;Sportivo San Lorenzo;;0.0;1.0;3.2;0;0.0;0 - 0;3.1;Sportivo Luqueno;;0.0;0.0;2.1;0;0.0;+0.25 ( 0.0);1 - 4;1-2;2.5 (0.75);1.0;36 - 32;32 - 21;21.0;32.0;51.0;49.0;2.0;6.0;1.0;1.0;;;;;;;;107.0;74.0;51.0;56.0;59.0;41.0;6.0;10.0;3.0;1.0;;[];[];[];[];[];[];[];[];1.0;0.0;0.0;1.0;0.0;0.0;90972.0;5998.0;sportivo san lorenzo;sportivo luqueno;1.8;1.8;
2026-05-17;194547372;Dominican Republic Liga;Dominican Republic;17:00;Half;False;-0.018808777429467072;1.9;2.0;1.9;2.0;1.0;0.0;;1.0;0.0;1.0;0.0;0.0;;Salcedo FC;;0.0;1.0;2.9;1;1.0;1 - 0;2.45;Cibao FC;;0.0;1.0;2.75;0;0.0;0.0 ( 0.0);1 - 0;1-0;2.0 (1.75);0.75;-;-;0.0;0.0;;;0.0;0.0;0.0;1.0;;;;;;;;0.0;0.0;0.0;0.0;;;0.0;0.0;0.0;2.0;;[46 69];[1 2];[ True False];['Salcedo FC' 'Salcedo FC'];[0 1];[1 2];['D' 'H'];['H' 'H'];0.51;0.49;0.0;1.0;0.0;0.0;;;;;;;
2026-05-17;194639823;Brazil Serie D;Brazil;17:00;Schedule;False;-0.40606060606060607;1.9;2.0, 2.5;1.9;2.0, 2.5;2.0;2.0;;2.0;2.0;4.0;205.0;141.0;100.0;Inhumas;;0.0;0.0;5.0;1;1.0;1 - 1;3.2;Aparecidense;;0.0;0.0;1.65;1;1.0;+0.75 (+0.25);2 - 2;2-2;2.25 ( 3);1.0;49 - 44;41 - 39;39.0;41.0;47.0;53.0;7.0;2.0;2.0;4.0;;;;;;;;89.0;116.0;64.0;77.0;43.0;57.0;8.0;6.0;3.0;6.0;;[13 48];[1 1];[False  True];['Aparecidense' 'Inhumas'];[ 0 -1];[-1  0];['D' 'A'];['A' 'D'];0.61;0.0;0.39;0.27;0.0;0.73;511102.0;32794.0;inhumas ec go;aa aparecidense go;2.0;2.1;
2026-05-17;194639828;Brazil Serie D;Brazil;17:00;Schedule;False;0.580952380952381;1.825;2.5;1.975;2.5;1.0;3.0;;1.0;3.0;4.0;172.0;97.0;100.0;Ferroviario;;0.0;1.0;1.4;0;0.0;0 - 0;4.1;FC Atlético Cearense;;0.0;1.0;7.5;0;0.0;-1.25 ( -0.5);1 - 3;1-3;2.5 ( 1);1.0;38 - 31;32 - 29;29.0;32.0;54.0;46.0;3.0;2.0;0.0;3.0;;;;;;;;80.0;92.0;42.0;55.0;51.0;49.0;4.0;6.0;1.0;6.0;;[55 68];[2 2];[False False];['Ferroviario' 'Ferroviario'];[0 1];[1 2];['D' 'H'];['H' 'H'];0.61;0.39;0.0;1.0;0.0;0.0;32672.0;33775.0;ferroviario ac ce;fc atletico ce;2.2;2.0;
2026-05-17;194622299;Colombia Liga Femenina;Colombia;17:00;Schedule;False;0.007541478129713508;2.05;2.0, 2.5;1.75;2.0, 2.5;1.0;1.0;;1.0;1.0;2.0;172.0;102.0;100.0;Orsomarso (W);;0.0;3.0;2.55;1;1.0;1 - 1;2.9;Internacional de Bogota (W);;0.0;1.0;2.6;1;1.0;0.0 ( 0.0);1 - 1;1-1;2.25 (2.75);1.0;33 - 43;24 - 39;39.0;24.0;68.0;32.0;4.0;2.0;2.0;1.0;;;;;;;;94.0;78.0;58.0;44.0;62.0;38.0;6.0;3.0;4.0;2.0;;[ 3 23];[1 1];[False False];['Orsomarso (W)' 'Internacional de Bogota (W)'];[0 1];[1 0];['D' 'H'];['H' 'D'];0.78;0.22;0.0;0.56;0.44;0.0;;1317886.0;;internacional de bogota.;;;Women
2026-05-17;194639826;Brazil Serie D;Brazil;17:00;Schedule;False;0.5128205128205128;1.825;2.0;1.975;2.0;2.0;1.0;;2.0;0.0;2.0;155.0;65.0;100.0;Sampaio Correa;;0.0;0.0;1.5;2;3.0;3 - 1;3.3;Parnahyba;;0.0;0.0;6.5;1;1.0;-1.0 ( -0.5);2 - 1;2-0;2.0 (5.25);0.75;42 - 3;42 - 2;2.0;42.0;35.0;65.0;1.0;6.0;1.0;5.0;;;;;;;;66.0;89.0;17.0;48.0;42.0;58.0;1.0;7.0;2.0;7.0;;[ 9 37 49 49 81];[1 1 1 2 2];[False False  True False False];"['Parnahyba' 'Sampaio Correa' 'Sampaio Correa' 'Sampaio Correa'
 'Sampaio Correa']";[ 0 -1  0  1  2];[-1  0  1  2  3];['D' 'A' 'D' 'H' 'H'];['A' 'D' 'H' 'H' 'H'];0.23;0.46;0.31;0.43;0.0;0.57;2005.0;35282.0;sampaio correa fc ma;parnahyba sc pi;2.1;2.5;
2026-05-17;193710519;Argentina Nacional B;Argentina;17:00;Schedule;False;-0.012315270935960576;2.0;1.5, 2.0;1.8;1.5, 2.0;5.0;1.0;;5.0;1.0;6.0;68.0;32.0;100.0;Gimnasia y Tiro;;0.0;1.0;2.9;0;0.0;0 - 0;2.7;San Martin de Tucuman;;0.0;1.0;2.8;0;0.0;0.0 ( 0.0);5 - 1;5-1;1.75 (0.75);0.75;17 - 5;15 - 5;5.0;15.0;50.0;50.0;0.0;1.0;0.0;2.0;;;;;;;;33.0;35.0;12.0;20.0;50.0;50.0;2.0;2.0;0.0;2.0;;[];[];[];[];[];[];[];[];1.0;0.0;0.0;1.0;0.0;0.0;258465.0;23950.0;gimnasia y tiro de salta;san martin de tucuman;2.5;2.5;Youth
2026-05-17;194633438;Argentina Liga Profesional;Argentina;17:00;Schedule;False;0.27727856225930686;1.85;1.5, 2.0;1.95;1.5, 2.0;3.0;1.0;;2.0;1.0;3.0;160.0;90.0;100.0;Argentinos Jrs;;0.0;1.0;2.05;1;1.0;1 - 0;2.8;Belgrano;;0.0;2.0;4.75;0;0.0;-0.5 (-0.25);3 - 1;2-1;1.75 (1.75);0.75;35 - 21;30 - 19;19.0;30.0;39.0;61.0;2.0;4.0;0.0;5.0;;;;;;;;78.0;82.0;45.0;45.0;48.0;52.0;5.0;6.0;1.0;6.0;;[7];[1];[False];['Argentinos Jrs'];[0];[1];['D'];['H'];0.08;0.92;0.0;0.16;0.84;0.0;3216.0;3203.0;argentinos juniors;ca belgrano de cordoba;2.2;2.5;
2026-05-17;194698607;Aruba Silver League;Aruba;17:00;Schedule;False;-0.14288208735563368;1.85;3.5;1.95;3.5;4.0;7.0;;3.0;5.0;8.0;99.0;88.0;;SV Jong Aruba;;0.0;0.0;2.625;2;2.0;2 - 2;4.75;SV River Plate;;0.0;0.0;1.909;2;2.0;+0.25 ( 0.0);4 - 7;3-5;3.5 ( 5.5);1.5;16 - 39;14 - 29;29.0;14.0;;;2.0;2.0;3.0;3.0;;;;;;;;57.0;42.0;66.0;22.0;;;8.0;2.0;5.0;3.0;;[ 4  6 10 23];[1 1 1 1];[False False False False];['SV Jong Aruba' 'SV River Plate' 'SV Jong Aruba' 'SV River Plate'];[0 1 0 1];[1 0 1 0];['D' 'H' 'D' 'H'];['H' 'D' 'H' 'D'];0.83;0.17;0.0;0.67;0.33;0.0;;;;;;;
2026-05-17;193710532;Argentina Nacional B;Argentina;17:00;Schedule;False;0.17777777777777776;1.775;1.5;2.025;1.5;2.0;0.0;;2.0;0.0;2.0;281.0;127.0;100.0;Quilmes;;0.0;0.0;2.25;0;0.0;0 - 1;2.8;Tristan Suarez;;0.0;0.0;3.75;1;1.0;-0.25 (-0.25);2 - 0;2-0;1.5 (1.75);0.75;54 - 24;48 - 22;22.0;48.0;40.0;60.0;1.0;3.0;1.0;3.0;;;;;;;;114.0;167.0;36.0;91.0;36.0;64.0;1.0;6.0;2.0;3.0;;[7];[1];[False];['Tristan Suarez'];[0];[-1];['D'];['A'];0.08;0.0;0.92;0.16;0.0;0.84;4936.0;93513.0;quilmes ac;csd tristan suarez;2.5;2.62;Youth
2026-05-17;194641605;Venezuela Segunda Division;Venezuela;17:00;Schedule;False;-0.036363636363636376;1.8;1.5, 2.0;2.0;1.5, 2.0;3.0;3.0;;2.0;3.0;5.0;193.0;82.0;100.0;Atletico Avila;;0.0;2.0;2.75;0;0.0;0 - 0;2.875;Dynamo Puerto FC;;0.0;2.0;2.5;0;0.0;0.0 ( 0.0);3 - 3;2-3;1.75 ( 0.5);0.75;23 - 34;17 - 30;30.0;17.0;42.0;58.0;1.0;4.0;1.0;1.0;;;;;;;;90.0;103.0;42.0;40.0;36.0;64.0;3.0;5.0;1.0;1.0;;[];[];[];[];[];[];[];[];1.0;0.0;0.0;1.0;0.0;0.0;;;;;;;
2026-05-17;194640993;Brazil Serie D;Brazil;17:00;Schedule;False;0.028520499108734443;1.95;2.0;1.85;2.0;4.0;1.0;;4.0;1.0;5.0;198.0;64.0;100.0;EC Primavera MT;;0.0;0.0;2.55;1;1.0;1 - 0;2.75;Luverdense;;0.0;1.0;2.75;0;0.0;0.0 ( 0.0);4 - 1;4-1;2.0 (1.75);0.75;20 - 20;15 - 15;15.0;15.0;59.0;41.0;4.0;2.0;0.0;2.0;;;;;;;;102.0;96.0;40.0;24.0;62.0;38.0;7.0;5.0;2.0;2.0;;[14];[1];[False];['EC Primavera MT'];[0];[1];['D'];['H'];0.16;0.84;0.0;0.31;0.69;0.0;689755.0;40161.0;primavera ac mt;luverdense ec mt;2.1;2.1;Youth
2026-05-17;194640991;Brazil Serie D;Brazil;17:00;Schedule;False;0.3955342902711324;1.975;2.5;1.825;2.5;0.0;0.0;;0.0;0.0;0.0;0.0;0.0;;Porto Velho;;0.0;0.0;1.65;0;0.0;0 - 0;3.4;Guaporé RO;;0.0;0.0;4.75;0;0.0;-0.75;0 - 0;0-0;2.5;1.0;-;nan;;;;;;;;;;;;;;;;0.0;0.0;0.0;0.0;;;0.0;0.0;0.0;0.0;;[];[];[];[];[];[];[];[];1.0;0.0;0.0;1.0;0.0;0.0;675171.0;675181.0;porto velho ec/ro;guapore  ro;1.83;1.83;
2026-05-17;193710512;Argentina Nacional B;Argentina;17:00;Schedule;False;0.29304748469389047;1.8;2.0;2.0;2.0;0.0;1.0;;0.0;0.0;0.0;208.0;108.0;100.0;Deportivo Maipu;;0.0;1.0;1.909;0;0.0;0 - 0;3.2;Nueva Chicago;;0.0;2.0;4.333;0;0.0;-0.5 (-0.25);0 - 1;0-0;2.0 (0.75);0.75;28 - 42;24 - 37;37.0;24.0;58.0;42.0;3.0;3.0;3.0;2.0;;;;;;;;102.0;106.0;57.0;51.0;52.0;48.0;6.0;5.0;4.0;4.0;;[68];[2];[False];['Deportivo Maipu'];[0];[1];['D'];['H'];0.76;0.24;0.0;1.0;0.0;0.0;240854.0;3200.0;cd maipu;nueva chicago;2.25;2.1;Youth
2026-05-17;194701826;Peru Liga 2;Peru;17:15;Half;False;0.350140056022409;1.9;2.0, 2.5;1.9;2.0, 2.5;7.0;1.0;;7.0;1.0;8.0;105.0;67.0;100.0;Unión Comercio;;0.0;0.0;1.7;0;0.0;0 - 0;3.5;Deportivo Llacuabamba;;0.0;5.0;4.2;0;0.0;-0.75 ( -0.5);7 - 1;7-1;2.25 (1.25);1.0;35 - 10;35 - 10;10.0;35.0;44.0;56.0;2.0;2.0;0.0;0.0;;;;;;;;36.0;69.0;14.0;53.0;43.0;57.0;2.0;5.0;0.0;0.0;;[];[];[];[];[];[];[];[];1.0;0.0;0.0;1.0;0.0;0.0;;;;;;;
2026-05-17;194622297;Colombia Liga Femenina;Colombia;17:28;Half;False;0.4431818181818182;1.95;2.0, 2.5;1.85;2.0, 2.5;2.0;0.0;;2.0;0.0;2.0;124.0;86.0;100.0;Independiente Santa Fe (W);;0.0;1.0;1.6;2;2.0;2 - 0;3.25;Independiente Medellin (W);;2.0;1.0;5.5;0;0.0;-0.75 (-1.25);2 - 0;2-0;2.25 (3.75);1.0;37 - 24;37 - 24;24.0;37.0;47.0;53.0;2.0;2.0;0.0;3.0;;;;;;;;55.0;69.0;32.0;54.0;48.0;52.0;3.0;5.0;0.0;4.0;;[ 5 31];[1 1];[False False];['Independiente Santa Fe (W)' 'Independiente Santa Fe (W)'];[0 1];[1 2];['D' 'H'];['H' 'H'];0.06;0.94;0.0;0.11;0.89;0.0;6116.0;6115.0;independiente santa fe;independiente medellin;;;Women
2026-05-17;194785456;Suriname Major League;Suriname;17:30;Schedule;False;0.4444444444444444;1.775;3.0;2.025;3.0;6.0;0.0;;6.0;0.0;6.0;67.0;39.0;;Robin Hood FC;;0.0;1.0;1.5;1;1.0;1 - 0;4.5;Inter Moengo Tapoe;;0.0;2.0;4.5;0;0.0;-1.0 ( -0.5);6 - 0;6-0;3.0 ( 2.5);1.25;19 - 10;nan;12.0;20.0;;;5.0;0.0;0.0;2.0;;;;;;;;24.0;43.0;17.0;22.0;;;6.0;0.0;0.0;2.0;;[24];[1];[False];['Robin Hood FC'];[0];[1];['D'];['H'];0.27;0.73;0.0;0.53;0.47;0.0;;;;;;;
2026-05-17;194592118;Brazil Serie D;Brazil;17:30;Schedule;False;0.5375586854460095;1.85;2.5, 3.0;1.95;2.5, 3.0;3.0;4.0;;3.0;4.0;7.0;101.0;58.0;100.0;Retro;;0.0;0.0;1.42;0;0.0;0 - 0;4.2;Decisao;;0.0;0.0;6.0;1;0.0;-1.25 (-0.75);3 - 4;3-4;2.75 ( 1.5);1.25 ( 0.5);26 - 20;nan;21.0;29.0;47.0;53.0;2.0;8.0;3.0;1.0;;;;;;;;40.0;61.0;22.0;36.0;45.0;55.0;2.0;11.0;3.0;2.0;;[47];[1];[ True];['Decisao'];[0];[-1];['D'];['A'];0.52;0.0;0.48;1.0;0.0;0.0;614088.0;617186.0;retro fc pe;decisao pe;;;
2026-05-17;194706320;Brazil Campeonato Brasiliense U20;Brazil;17:30;Schedule;False;-0.11904761904761901;2.0;3.0, 3.5;1.8;3.0, 3.5;1.0;2.0;;1.0;2.0;3.0;119.0;61.0;;Ceilandia U20;;0.0;1.0;2.8;0;0.0;0 - 0;3.6;Planaltina U20;;0.0;0.0;2.1;0;0.0;+0.25 ( 0.0);1 - 2;1-2;3.25 (1.75);1.25 ( 0.5);25 - 21;nan;22.0;28.0;;;1.0;5.0;1.0;3.0;;;;;;;;59.0;60.0;31.0;30.0;;;5.0;5.0;1.0;3.0;;[];[];[];[];[];[];[];[];1.0;0.0;0.0;1.0;0.0;0.0;35279.0;;ceilandia ec df;;;;Youth
2026-05-17;194639010;Ecuador LigaPro Serie B;Ecuador;17:30;Schedule;False;0.5467980295566504;1.9;2.5;1.9;2.5;6.0;0.0;;6.0;0.0;6.0;128.0;61.0;100.0;Club 9 de Octubre;1.0;0.0;0.0;1.45;2;2.0;2 - 1;3.5;El Nacional;12.0;0.0;2.0;7.0;1;1.0;-1.25 ( -0.5);6 - 0;6-0;2.5 ( 4.5);1.0;36 - 14;nan;14.0;36.0;50.0;50.0;3.0;4.0;3.0;4.0;;;;;;;;47.0;81.0;15.0;46.0;50.0;50.0;3.0;5.0;3.0;6.0;;[ 7 34 40];[1 1 1];[False False False];['El Nacional' 'Club 9 de Octubre' 'Club 9 de Octubre'];[ 0 -1  0];[-1  0  1];['D' 'A' 'D'];['A' 'D' 'H'];0.14;0.56;0.3;0.29;0.11;0.6;;;;;;;Youth
2026-05-17;193715887;Peru Liga 1;Peru;17:30;Schedule;False;0.580952380952381;1.925;2.5, 3.0;1.875;2.5, 3.0;4.0;0.0;;4.0;0.0;4.0;112.0;41.0;100.0;CD Los Chankas;;0.0;1.0;1.4;1;1.0;1 - 0;4.333;Deportivo Moquegua;;0.0;0.0;7.5;0;0.0;-1.25 (-0.75);4 - 0;4-0;2.75 ( 2.5);1.25;18 - 11;nan;11.0;18.0;33.0;67.0;3.0;8.0;0.0;1.0;;;;;;;;57.0;55.0;19.0;22.0;40.0;60.0;5.0;10.0;0.0;2.0;;[45];[1];[False];['CD Los Chankas'];[0];[1];['D'];['H'];0.5;0.5;0.0;1.0;0.0;0.0;330537.0;1084092.0;los chankas cyc;cd moquegua;1.8;1.9;
2026-05-17;194646468;Colombia Cup;Colombia;17:30;Half;False;0.30409356725146197;2.05;2.0, 2.5;1.75;2.0, 2.5;3.0;1.0;;3.0;1.0;4.0;93.0;63.0;100.0;Deportivo Pereira;;0.0;0.0;1.9;0;0.0;0 - 0;3.1;Real Soacha Cundinamarca;;0.0;0.0;4.5;0;0.0;-0.5 (-0.25);3 - 1;3-1;2.25 ( 1);0.75;39 - 11;39 - 11;11.0;39.0;42.0;58.0;1.0;6.0;0.0;7.0;;;;;;;;42.0;51.0;18.0;45.0;42.0;58.0;2.0;7.0;0.0;7.0;;[];[];[];[];[];[];[];[];1.0;0.0;0.0;1.0;0.0;0.0;6109.0;;deportivo pereira fc sa;;;;
2026-05-17;194658401;Peru Campeonato Nacional Women;Peru;17:30;Schedule;False;0.1774193548387097;1.925;2.5, 3.0;1.875;2.5, 3.0;5.0;2.0;;5.0;2.0;7.0;112.0;89.0;;Alianza Lima (W);2.0;0.0;1.0;2.0;1;1.0;1 - 1;3.4;Universitario de Deportes (W);1.0;0.0;1.0;3.1;1;1.0;-0.25 (-0.25);5 - 2;5-2;2.75 ( 3.5);1.25;43 - 23;nan;25.0;45.0;;;6.0;3.0;2.0;2.0;;;;;;;;55.0;57.0;38.0;51.0;;;7.0;3.0;3.0;3.0;;[ 2 45];[1 1];[False False];['Universitario de Deportes (W)' 'Alianza Lima (W)'];[ 0 -1];[-1  0];['D' 'A'];['A' 'D'];0.52;0.0;0.48;0.04;0.0;0.96;2311.0;2305.0;alianza lima;universitario de deportes;;;Women
2026-05-17;193192717;Canada Premier League;Canada;18:00;Schedule;False;-0.1923076923076923;2.0;2.5, 3.0;1.8;2.5, 3.0;0.0;2.0;;0.0;2.0;2.0;62.0;27.0;100.0;Pacific FC;;0.0;0.0;3.25;0;0.0;0 - 0;3.3;Inter Toronto;;0.0;0.0;2.0;0;0.0;+0.25 (+0.25);0 - 2;0-2;2.75 ( 2.5);1.0 ( 1);- 6;nan;;;;;;;;;;;;;;;;35.0;27.0;14.0;13.0;45.0;55.0;5.0;2.0;0.0;1.0;;[];[];[];[];[];[];[];[];1.0;0.0;0.0;1.0;0.0;0.0;543883.0;543891.0;pacific fc;inter toronto fc;1.72;1.66;
2026-05-17;194371169;Brazil Serie C;Brazil;18:00;Schedule;False;0.0;1.975;2.0;1.825;2.0;2.0;1.0;;2.0;1.0;3.0;102.0;68.0;100.0;Anapolis;;0.0;0.0;2.625;0;0.0;0 - 1;2.875;Barra SC;;0.0;0.0;2.625;1;1.0;0.0 (-0.25);2 - 1;2-1;2.0 (2.75);0.75 (1.75);12 - 5;nan;;;;;;;;;;;;;;;;45.0;57.0;27.0;41.0;38.0;62.0;1.0;9.0;3.0;2.0;;[14];[1];[False];['Barra SC'];[0];[-1];['D'];['A'];0.16;0.0;0.84;0.31;0.0;0.69;21872.0;291538.0;anapolis fc go;barra fc sc;2.2;2.2;
2026-05-17;194591429;Venezuela Primera Division;Venezuela;18:00;Schedule;False;-0.15261627906976744;1.9;2.0, 2.5;1.9;2.0, 2.5;3.0;0.0;;3.0;0.0;3.0;78.0;39.0;100.0;Estudiantes Merida;8.0;0.0;0.0;3.2;0;0.0;0 - 0;3.0;Carabobo;7.0;0.0;0.0;2.15;0;0.0;+0.25 (+0.25);3 - 0;3-0;2.25 ( 2);1.0 (0.75);10 - 4;nan;12.0;27.0;50.0;50.0;1.0;3.0;2.0;1.0;;;;;;;;30.0;48.0;12.0;27.0;50.0;50.0;1.0;3.0;2.0;1.0;;[];[];[];[];[];[];[];[];1.0;0.0;0.0;1.0;0.0;0.0;;6229.0;;carabobo fc;;;
2026-05-17;194641593;USA USL Cup;USA;18:00;Schedule;False;-0.34346976758494446;1.8;2.5;2.0;2.5;0.0;2.0;;0.0;2.0;2.0;62.0;28.0;100.0;Union Omaha;;0.0;0.0;3.9;0;0.0;0 - 0;3.9;Louisville City FC;;0.0;0.0;1.667;1;0.0;+0.75 ( +1);0 - 2;0-2;2.5 ( 2.5);1.0 (0.75);2 - 4;nan;;;;;;;;;;;;;;;;32.0;30.0;16.0;12.0;35.0;65.0;1.0;2.0;2.0;1.0;;[28];[1];[False];['Louisville City FC'];[0];[-1];['D'];['A'];0.31;0.0;0.69;0.62;0.0;0.38;668761.0;206011.0;union omaha sc;louisville city fc;;;
2026-05-17;194641588;USA USL Cup;USA;18:00;Schedule;False;0.0735930735930736;1.85;2.5;1.95;2.5;0.0;0.0;;0.0;0.0;0.0;33.0;29.0;100.0;FC Naples;;0.0;0.0;2.2;0;0.0;0 - 0;3.5;Sporting JAX;;0.0;0.0;2.625;1;0.0;-0.25;0 - 0;0-0;2.5;1.0;-;nan;;;;;;;;;;;;;;;;9.0;24.0;10.0;19.0;46.0;54.0;2.0;3.0;1.0;2.0;;[17];[1];[False];['Sporting JAX'];[0];[-1];['D'];['A'];0.19;0.0;0.81;0.38;0.0;0.62;1218557.0;1232493.0;fc naples;sporting jax;;;
2026-05-17;194640989;Brazil Serie D;Brazil;18:00;Schedule;False;-0.2485380116959064;1.975;2.5;1.825;2.5;0.0;1.0;;0.0;1.0;1.0;93.0;51.0;100.0;Independencia;;0.0;0.0;3.6;0;0.0;0 - 0;3.2;Araguaina;;0.0;1.0;1.9;0;0.0;+0.5 ( +0.5);0 - 1;0-1;2.5 (2.25);1.0 (0.75);7 - 9;nan;;;;;;;;;;;;;;;;46.0;47.0;28.0;23.0;49.0;51.0;11.0;4.0;2.0;0.0;;[];[];[];[];[];[];[];[];1.0;0.0;0.0;1.0;0.0;0.0;538749.0;35283.0;independencia fc ac;araguaina to;1.8;1.8;
2026-05-17;194645643;Ecuador Primera Women;Ecuador;18:00;Schedule;False;0.1313628899835796;1.8;2.5;2.0;2.5;2.0;0.0;;2.0;0.0;2.0;66.0;28.0;100.0;Barcelona Guayaquil (W);;0.0;0.0;2.1;0;0.0;0 - 0;3.25;LDU Quito (W);;0.0;0.0;2.9;0;0.0;-0.25 (-0.25);2 - 0;2-0;2.5 (2.25);1.0 (0.75);4 - 6;nan;16.0;12.0;47.0;53.0;2.0;0.0;4.0;1.0;;;;;;;;32.0;34.0;16.0;12.0;47.0;53.0;2.0;0.0;4.0;1.0;;[];[];[];[];[];[];[];[];1.0;0.0;0.0;1.0;0.0;0.0;5250.0;5257.0;barcelona sc;ldu quito;;;Women
2026-05-17;194538994;Uruguay Torneo Intermedio;Uruguay;18:00;Schedule;False;0.25641025641025644;1.925;2.0, 2.5;1.875;2.0, 2.5;0.0;1.0;;0.0;1.0;1.0;123.0;67.0;100.0;Albion FC;;0.0;0.0;1.95;0;0.0;0 - 0;3.2;Montevideo Wanderers;;0.0;0.0;3.9;0;0.0;-0.5 (-0.25);0 - 1;0-1;2.25 ( 2);1.0 (0.75);11 - 12;nan;38.0;29.0;56.0;44.0;3.0;2.0;1.0;1.0;;;;;;;;68.0;55.0;38.0;29.0;56.0;44.0;3.0;2.0;1.0;1.0;;[];[];[];[];[];[];[];[];1.0;0.0;0.0;1.0;0.0;0.0;417775.0;3240.0;albion fc;montevideo wanderers;2.0;1.9;
2026-05-17;194785458;Costa Rica U19 League;Costa Rica;18:00;Schedule;False;0.25716780164134795;1.9;2.0, 2.5;1.9;2.0, 2.5;2.0;0.0;;2.0;0.0;2.0;63.0;70.0;;Cartagines U19;;0.0;0.0;1.909;1;0.0;0 - 0;3.1;Municipal Liberia U19;;0.0;0.0;3.75;0;0.0;-0.5 ( -0.5);2 - 0;2-0;2.25 ( 2);1.0 (0.75);15 - 12;nan;;;;;;;;;;;;;;;;25.0;38.0;33.0;37.0;;;3.0;3.0;1.0;4.0;;[48];[1];[ True];['Cartagines U19'];[0];[1];['D'];['H'];0.53;0.47;0.0;1.0;0.0;0.0;7044.0;6575.0;cs cartagines;municipal liberia;;;Youth
2026-05-17;194707238;Thailand Division 2;Thailand;18:00;Full;False;;;4.0;;4.0;4.0;5.0;;4.0;3.0;7.0;0.0;0.0;;BCC-Tero FC;;0.0;1.0;;0;0.0;0 - 0;;Customs United;;0.0;4.0;;0;0.0;+0.5;4 - 5;4-3;4.0;1.75;26 - 8;nan;;;;;;;;;;;;;;;;0.0;0.0;0.0;0.0;;;0.0;0.0;0.0;0.0;;[];[];[];[];[];[];[];[];1.0;0.0;0.0;1.0;0.0;0.0;;;;;;;
2026-05-17;194094041;Brazil Serie A1 Women;Brazil;18:00;Schedule;False;0.12028869286287086;1.8;2.0, 2.5;2.0;2.0, 2.5;1.0;1.0;;1.0;1.0;2.0;144.0;56.0;100.0;Santos (W);;0.0;0.0;2.15;0;0.0;0 - 0;3.2;Bragantino (W);;0.0;0.0;2.9;0;0.0;-0.25 (-0.25);1 - 1;1-1;2.25 ( 2);1.0 (0.75);5 - 17;nan;;;;;;;;;;;;;;;;74.0;70.0;33.0;23.0;46.0;54.0;5.0;2.0;1.0;2.0;;[];[];[];[];[];[];[];[];1.0;0.0;0.0;1.0;0.0;0.0;1968.0;1999.0;santos fc sp;red bull bragantino sp;;;Women
2026-05-17;194785460;Uruguay Primera Division Amateur;Uruguay;18:00;Schedule;False;0.10797342192691028;1.825;2.0, 2.5;1.975;2.0, 2.5;2.0;0.0;;2.0;0.0;2.0;91.0;41.0;100.0;Deportivo Italiano;;0.0;0.0;2.15;1;1.0;1 - 1;3.3;CA Bella Vista;;0.0;0.0;2.8;1;1.0;-0.25 ( 0.0);2 - 0;2-0;2.25 ( 4);1.0 (2.75);9 - 8;nan;23.0;18.0;49.0;51.0;3.0;5.0;3.0;3.0;;;;;;;;49.0;42.0;23.0;18.0;49.0;51.0;3.0;5.0;3.0;3.0;;[ 8 19];[1 1];[False False];['Deportivo Italiano' 'CA Bella Vista'];[0 1];[1 0];['D' 'H'];['H' 'D'];0.88;0.12;0.0;0.76;0.24;0.0;;;;;;;
2026-05-17;194639848;Brazil Serie D;Brazil;18:00;Schedule;False;0.15742397137745973;1.85;2.0;1.95;2.0;1.0;1.0;;1.0;1.0;2.0;94.0;38.0;100.0;Sao Raimundo RR;;0.0;1.0;2.15;0;0.0;0 - 0;2.9;Manaus;;0.0;0.0;3.25;0;0.0;-0.25 (-0.25);1 - 1;1-1;2.0 (1.75);0.75 (0.75);7 - 6;nan;;;;;;;;;;;;;;;;48.0;46.0;19.0;19.0;43.0;57.0;1.0;3.0;0.0;0.0;;[];[];[];[];[];[];[];[];1.0;0.0;0.0;1.0;0.0;0.0;90278.0;290390.0;sao raimundo ec rr;manaus fc am;2.0;2.1;
2026-05-17;193711517;Brazil Serie B;Brazil;18:00;Schedule;False;0.1515151515151515;1.9;2.0, 2.5;1.9;2.0, 2.5;1.0;0.0;;1.0;0.0;1.0;76.0;29.0;100.0;Vila Nova;6.0;0.0;0.0;2.2;2;0.0;0 - 0;3.2;Avai;12.0;0.0;0.0;3.3;0;0.0;-0.25 (-0.25);1 - 0;1-0;2.25 (1.75);1.0 (0.75);6 - 2;nan;;;;;;;;;;;;;;;;15.0;61.0;4.0;25.0;43.0;57.0;0.0;5.0;1.0;6.0;;[33 46];[1 1];[False  True];['Vila Nova' 'Vila Nova'];[0 1];[1 2];['D' 'H'];['H' 'H'];0.37;0.63;0.0;0.72;0.28;0.0;2021.0;7315.0;vila nova fc go;avai fc sc;1.83;1.83;Youth
2026-05-17;194698604;Argentina Torneo A;Argentina;18:10;Schedule;False;-0.06033717834960067;1.825;1.5, 2.0;1.975;1.5, 2.0;0.0;0.0;;0.0;0.0;0.0;74.0;47.0;100.0;Santamarina Tandil;;0.0;0.0;2.875;0;0.0;0 - 0;2.75;Olimpo B Blanca;;0.0;0.0;2.45;0;0.0;0.0 (+0.25);0 - 0;0-0;1.75 (1.75);0.75 (0.75);1 -;nan;;;;;;;;;;;;;;;;32.0;42.0;22.0;25.0;41.0;59.0;1.0;0.0;3.0;0.0;;[];[];[];[];[];[];[];[];1.0;0.0;0.0;1.0;0.0;0.0;165912.0;3222.0;cd santamarina tandil;club olimpo;2.37;2.37;Youth
2026-05-17;194584252;Bolivia Primera Division;Bolivia;18:15;Schedule;False;0.7183306055646481;1.9;3.5, 4.0;1.9;3.5, 4.0;0.0;0.0;;0.0;0.0;0.0;0.0;0.0;;The Strongest;;0.0;0.0;1.222;0;0.0;0 - 0;6.0;Oriente Petrolero;;0.0;0.0;10.0;0;0.0;-2.0;0 - 0;0-0;3.75;1.5;-;nan;;;;;;;;;;;;;;;;0.0;0.0;0.0;0.0;;;0.0;0.0;0.0;0.0;;[];[];[];[];[];[];[];[];1.0;0.0;0.0;1.0;0.0;0.0;32529.0;33820.0;the strongest;oriente petrolero;1.61;1.61;
2026-05-17;193711541;Brazil Serie B;Brazil;18:30;Schedule;False;0.10897435897435898;2.0;2.0;1.8;2.0;0.0;0.0;;0.0;0.0;0.0;27.0;8.0;100.0;Ceara;;0.0;0.0;2.4;0;0.0;0 - 0;2.9;Fortaleza;;0.0;0.0;3.25;0;0.0;-0.25;0 - 0;0-0;2.0;0.75;-;nan;;;;;;;;;;;;;;;;10.0;17.0;3.0;5.0;42.0;58.0;3.0;3.0;0.0;0.0;;[];[];[];[];[];[];[];[];1.0;0.0;0.0;1.0;0.0;0.0;2001.0;2020.0;ceara sc ce;fortaleza ec ce;2.1;2.2;Youth
2026-05-17;193193652;Chile Liga de Primera;Chile;18:30;Schedule;False;0.4373768646214467;1.8;2.0, 2.5;2.0;2.0, 2.5;0.0;0.0;;0.0;0.0;0.0;48.0;18.0;100.0;Colo Colo;;0.0;0.0;1.615;1;0.0;0 - 0;3.5;Nublense;;0.0;0.0;5.5;0;0.0;-0.75;0 - 0;0-0;2.25;1.0;-;nan;;;;;;;;;;;;;;;;12.0;36.0;4.0;14.0;32.0;68.0;0.0;1.0;0.0;2.0;;[14];[1];[False];['Colo Colo'];[0];[1];['D'];['H'];0.16;0.84;0.0;0.31;0.69;0.0;3155.0;7029.0;colo-colo;nublense;2.0;2.0;
2026-05-17;194371227;Brazil Serie C;Brazil;18:30;Schedule;False;0.3776578017729787;1.95;2.0, 2.5;1.85;2.0, 2.5;0.0;0.0;;0.0;0.0;0.0;51.0;32.0;100.0;Guarani;;0.0;0.0;1.667;0;0.0;0 - 0;3.3;Ituano;;0.0;0.0;4.5;1;0.0;-0.75;0 - 0;0-0;2.25;1.0;-;nan;;;;;;;;;;;;;;;;18.0;33.0;10.0;22.0;50.0;50.0;3.0;3.0;2.0;2.0;;[15];[1];[False];['Ituano'];[0];[-1];['D'];['A'];0.17;0.0;0.83;0.33;0.0;0.67;1972.0;2025.0;guarani fc sp;ituano fc sp;2.2;2.1;
2026-05-17;194640490;Paraguay Women League;Paraguay;18:30;Schedule;False;-0.9783961488787131;1.85;6.0;1.95;6.0;0.0;0.0;;0.0;0.0;0.0;50.0;37.0;100.0;Sportivo Ameliano (W);;0.0;0.0;51.0;0;0.0;0 - 0;51.0;Olimpia Asuncion (W);;0.0;0.0;1.002;3;0.0;+6.0;0 - 0;0-0;6.0;2.75;-;nan;;;;;;;;;;;;;;;;26.0;24.0;26.0;11.0;67.0;33.0;3.0;0.0;3.0;0.0;;[ 4 10 14];[1 1 1];[False False False];['Olimpia Asuncion (W)' 'Olimpia Asuncion (W)' 'Olimpia Asuncion (W)'];[ 0 -1 -2];[-1 -2 -3];['D' 'A' 'A'];['A' 'A' 'A'];0.04;0.0;0.96;0.09;0.0;0.91;607728.0;5997.0;sportivo ameliano;club olimpia;;;Women
2026-05-17;194371377;Chile Primera B;Chile;18:30;Schedule;False;0.1313628899835796;1.975;2.5;1.825;2.5;0.0;0.0;;0.0;0.0;0.0;57.0;26.0;100.0;San Marcos De Arica;;0.0;0.0;2.1;0;0.0;0 - 0;3.25;CD Antofagasta;;0.0;0.0;2.9;0;0.0;-0.25;0 - 0;0-0;2.5;1.0;-;nan;;;;;;;;;;;;;;;;19.0;38.0;8.0;18.0;50.0;50.0;0.0;1.0;1.0;1.0;;[];[];[];[];[];[];[];[];1.0;0.0;0.0;1.0;0.0;0.0;;;;;;;Youth
2026-05-17;193710994;Brazil Serie A;Brazil;18:30;Schedule;False;0.05517241379310345;1.875;2.0, 2.5;1.975;2.0, 2.5;0.0;0.0;;0.0;0.0;0.0;29.0;15.0;100.0;Chapecoense;20.0;0.0;0.0;2.5;0;0.0;0 - 0;3.2;Remo;19.0;0.0;0.0;2.9;1;0.0;0.0;0 - 0;0-0;2.25;1.0;-;nan;;;;;;;;;;;;;;;;24.0;5.0;8.0;7.0;60.0;40.0;1.0;1.0;2.0;1.0;;[16];[1];[False];['Remo'];[0];[-1];['D'];['A'];0.18;0.0;0.82;0.36;0.0;0.64;21845.0;2012.0;chapecoense sc;clube do remo pa;1.8;1.75;
2026-05-17;194763527;El Salvador Reserves League;El Salvador;18:30;Schedule;False;0.19696969696969696;1.8;2.5;2.0;2.5;0.0;0.0;;0.0;0.0;0.0;44.0;37.0;100.0;CD Cacahuatique Reserves;;0.0;0.0;2.0;0;0.0;0 - 0;3.2;AD Isidro Metapan Reserves;;0.0;0.0;3.3;0;0.0;-0.25;0 - 0;0-0;2.5;1.0;-;nan;;;;;;;;;;;;;;;;25.0;19.0;21.0;16.0;54.0;46.0;1.0;0.0;1.0;0.0;;[];[];[];[];[];[];[];[];1.0;0.0;0.0;1.0;0.0;0.0;;;;;;;Youth
2026-05-17;193711526;Brazil Serie B;Brazil;18:30;Schedule;False;0.3300142247510668;1.95;2.0;1.85;2.0;0.0;0.0;;0.0;0.0;0.0;35.0;13.0;100.0;Criciuma;8.0;0.0;0.0;1.85;0;0.0;0 - 0;3.2;Atletico GO;11.0;0.0;0.0;4.75;0;0.0;-0.5;0 - 0;0-0;2.0;0.75;-;nan;;;;;;;;;;;;;;;;16.0;19.0;3.0;10.0;42.0;58.0;2.0;1.0;0.0;0.0;;[];[];[];[];[];[];[];[];1.0;0.0;0.0;1.0;0.0;0.0;1984.0;7314.0;criciuma ec sc;ac goianiense go;2.25;2.25;Youth
2026-05-17;194641597;Venezuela Primera Division;Venezuela;18:30;Schedule;False;-0.011204481792717158;1.8;2.0;2.0;2.0;0.0;0.0;;0.0;0.0;0.0;30.0;22.0;100.0;Portuguesa FC;;0.0;0.0;2.625;0;0.0;0 - 0;2.9;Academia Puerto Cabello;;0.0;0.0;2.55;0;0.0;0.0;0 - 0;0-0;2.0;0.75;-;nan;;;;;;;;;;;;;;;;13.0;17.0;8.0;14.0;50.0;50.0;4.0;1.0;0.0;1.0;;[];[];[];[];[];[];[];[];1.0;0.0;0.0;1.0;0.0;0.0;;266595.0;;academia puerto cabello;;;
2026-05-17;193710991;Brazil Serie A;Brazil;18:30;Schedule;False;0.4373768646214467;2.025;2.5;1.825;2.5;0.0;0.0;;0.0;0.0;0.0;42.0;15.0;100.0;Bragantino;10.0;0.0;0.0;1.615;0;0.0;0 - 0;3.9;Vitoria;13.0;0.0;0.0;5.5;0;0.0;-0.75;0 - 0;0-0;2.5;1.0;-;nan;;;;;;;;;;;;;;;;16.0;26.0;4.0;11.0;49.0;51.0;1.0;3.0;0.0;1.0;;[];[];[];[];[];[];[];[];1.0;0.0;0.0;1.0;0.0;0.0;1999.0;1962.0;red bull bragantino sp;ec vitoria ba;1.95;1.95;
2026-05-17;194641323;Costa Rica Segunda;Costa Rica;19:00;Schedule;False;0.059523809523809534;1.8;2.0, 2.5;2.0;2.0, 2.5;0.0;0.0;;0.0;0.0;0.0;0.0;0.0;;Inter San Carlos;;0.0;0.0;2.4;0;0.0;0 - 0;2.9;ADR Jicaral;;0.0;0.0;2.8;0;0.0;0.0;0 - 0;0-0;2.25;1.0;-;nan;;;;;;;;;;;;;;;;0.0;0.0;0.0;0.0;;;0.0;0.0;0.0;0.0;;[];[];[];[];[];[];[];[];1.0;0.0;0.0;1.0;0.0;0.0;;;;;;;
2026-05-17;194698613;Barbados Premier League;Barbados;19:00;Schedule;False;0.7915573053368329;1.825;3.5;1.975;3.5;0.0;0.0;;0.0;0.0;0.0;0.0;0.0;;Brittons Hill;;0.0;0.0;1.143;0;0.0;0 - 0;7.0;Wotton FC;;0.0;0.0;12.0;0;0.0;-2.25;0 - 0;0-0;3.5;1.5;-;nan;;;;;;;;;;;;;;;;0.0;0.0;0.0;0.0;;;0.0;0.0;0.0;0.0;;[];[];[];[];[];[];[];[];1.0;0.0;0.0;1.0;0.0;0.0;;;;;;;
2026-05-17;194646497;Colombia Primera B;Colombia;19:00;Schedule;False;-0.26990553306342774;1.95;2.5;1.85;2.5;0.0;0.0;;0.0;0.0;0.0;0.0;0.0;;Barranquilla FC;;0.0;0.0;3.9;0;0.0;0 - 0;3.5;Union Magdalena;;0.0;0.0;1.9;0;0.0;+0.5;0 - 0;0-0;2.5;1.0;-;nan;;;;;;;;;;;;;;;;0.0;0.0;0.0;0.0;;;0.0;0.0;0.0;0.0;;[];[];[];[];[];[];[];[];1.0;0.0;0.0;1.0;0.0;0.0;;;;;;;Youth
2026-05-17;194701626;Jamaica Premier League;Jamaica;19:00;Schedule;False;-0.14285714285714285;1.825;2.5;1.975;2.5;0.0;0.0;;0.0;0.0;0.0;0.0;0.0;;Cavalier;5.0;0.0;0.0;3.0;0;0.0;0 - 0;3.25;Montego Bay Utd;2.0;0.0;0.0;2.1;0;0.0;+0.25;0 - 0;0-0;2.5;1.0;-;nan;;;;;;;;;;;;;;;;0.0;0.0;0.0;0.0;;;0.0;0.0;0.0;0.0;;[];[];[];[];[];[];[];[];1.0;0.0;0.0;1.0;0.0;0.0;;;;;;;
2026-05-17;194591437;Venezuela Primera Division;Venezuela;19:00;Schedule;False;0.050682261208576995;1.825;2.0, 2.5;1.975;2.0, 2.5;0.0;0.0;;0.0;0.0;0.0;0.0;0.0;;Metropolitanos FC;3.0;0.0;0.0;2.375;0;0.0;0 - 0;3.1;Deportivo Tachira;4.0;0.0;0.0;2.7;0;0.0;0.0;0 - 0;0-0;2.25;1.0;-;nan;;;;;;;;;;;;;;;;0.0;0.0;0.0;0.0;;;0.0;0.0;0.0;0.0;;[];[];[];[];[];[];[];[];1.0;0.0;0.0;1.0;0.0;0.0;162480.0;;metropolitanos fc;;;;
2026-05-17;194538187;USA NWSL Women;USA;19:00;Schedule;False;0.1313628899835796;1.85;2.5;1.95;2.5;0.0;0.0;;0.0;0.0;0.0;0.0;0.0;;Portland Thorns (W);;0.0;0.0;2.1;0;0.0;0 - 0;3.3;Angel City FC (W);;0.0;0.0;2.9;0;0.0;-0.25;0 - 0;0-0;2.5;1.0;-;nan;;;;;;;;;;;;;;;;0.0;0.0;0.0;0.0;;;0.0;0.0;0.0;0.0;;[];[];[];[];[];[];[];[];1.0;0.0;0.0;1.0;0.0;0.0;151008.0;874721.0;portland thorns fc;angel city fc;;;Women
2026-05-17;193719843;USA MLS;USA;19:00;Schedule;False;0.6515837104072397;1.825;4.0;1.975;4.0;0.0;0.0;;0.0;0.0;0.0;0.0;0.0;;Inter Miami;;0.0;0.0;1.3;0;0.0;0 - 0;6.25;Portland Timbers;;0.0;0.0;8.5;0;0.0;-1.75;0 - 0;0-0;4.0;1.75;-;nan;;;;;;;;;;;;;;;;0.0;0.0;0.0;0.0;;;0.0;0.0;0.0;0.0;;[];[];[];[];[];[];[];[];1.0;0.0;0.0;1.0;0.0;0.0;659691.0;22007.0;inter miami cf;portland timbers;1.53;1.44;
2026-05-17;193710996;Brazil Serie A;Brazil;19:30;Schedule;False;-0.1515151515151515;2.0;2.0, 2.5;1.85;2.0, 2.5;0.0;0.0;;0.0;0.0;0.0;0.0;0.0;;Athletico Paranaense;5.0;0.0;0.0;3.3;0;0.0;0 - 0;3.3;Flamengo;2.0;0.0;0.0;2.2;0;0.0;+0.25;0 - 0;0-0;2.25;1.0;-;nan;;;;;;;;;;;;;;;;0.0;0.0;0.0;0.0;;;0.0;0.0;0.0;0.0;;[];[];[];[];[];[];[];[];1.0;0.0;0.0;1.0;0.0;0.0;1967.0;5981.0;ca paranaense pr;cr flamengo rj;1.8;1.95;
2026-05-17;194645529;Dominica Premier League;Dominica;19:30;Schedule;False;-0.8222222222222222;1.925;4.0;1.875;4.0;0.0;0.0;;0.0;0.0;0.0;0.0;0.0;;Mighty Avengers;;0.0;0.0;15.0;0;0.0;0 - 0;8.0;We United FC;;0.0;0.0;1.125;0;0.0;+2.75;0 - 0;0-0;4.0;1.75;-;nan;;;;;;;;;;;;;;;;0.0;0.0;0.0;0.0;;;0.0;0.0;0.0;0.0;;[];[];[];[];[];[];[];[];1.0;0.0;0.0;1.0;0.0;0.0;;;;;;;
2026-05-17;194645521;Dominica Premier League;Dominica;19:30;Schedule;False;0.7460236886632826;1.95;4.0;1.85;4.0;0.0;0.0;;0.0;0.0;0.0;0.0;0.0;;Dublanc FC;;0.0;0.0;1.182;0;0.0;0 - 0;8.0;Portsmouth Bombers;;0.0;0.0;10.0;0;0.0;-2.25;0 - 0;0-0;4.0;1.75;-;nan;;;;;;;;;;;;;;;;0.0;0.0;0.0;0.0;;;0.0;0.0;0.0;0.0;;[];[];[];[];[];[];[];[];1.0;0.0;0.0;1.0;0.0;0.0;;;;;;;
2026-05-17;194537712;USA MLS Next Pro League;USA;20:00;Schedule;False;-0.06238859180035644;1.8;3.0, 3.5;2.0;3.0, 3.5;0.0;0.0;;0.0;0.0;0.0;0.0;0.0;;Vancouver Whitecaps II;;0.0;0.0;2.55;0;0.0;0 - 0;3.7;Tacoma Defiance;;0.0;0.0;2.2;0;0.0;+0.25;0 - 0;0-0;3.25;1.5;-;nan;;;;;;;;;;;;;;;;0.0;0.0;0.0;0.0;;;0.0;0.0;0.0;0.0;;[];[];[];[];[];[];[];[];1.0;0.0;0.0;1.0;0.0;0.0;22010.0;;vancouver whitecaps fc;;;;Youth
2026-05-17;194646482;Colombia Liga Femenina;Colombia;20:00;Schedule;False;0.75;1.85;2.5;1.95;2.5;0.0;0.0;;0.0;0.0;0.0;0.0;0.0;;America de Cali (W);;0.0;0.0;1.2;0;0.0;0 - 0;5.25;Deportivo Pasto (W);;0.0;0.0;12.0;0;0.0;-1.75;0 - 0;0-0;2.5;1.0;-;nan;;;;;;;;;;;;;;;;0.0;0.0;0.0;0.0;;;0.0;0.0;0.0;0.0;;[];[];[];[];[];[];[];[];1.0;0.0;0.0;1.0;0.0;0.0;6102.0;6113.0;america de cali;ad pasto;;;Women
2026-05-17;194537718;USA MLS Next Pro League;USA;20:00;Schedule;False;-0.15517241379310343;1.8;2.5, 3.0;2.0;2.5, 3.0;0.0;0.0;;0.0;0.0;0.0;0.0;0.0;;FC Cincinnati II;;0.0;0.0;2.9;0;0.0;0 - 0;3.7;Chattanooga FC;;0.0;0.0;2.0;0;0.0;+0.25;0 - 0;0-0;2.75;1.25;-;nan;;;;;;;;;;;;;;;;0.0;0.0;0.0;0.0;;;0.0;0.0;0.0;0.0;;[];[];[];[];[];[];[];[];1.0;0.0;0.0;1.0;0.0;0.0;245305.0;153486.0;fc cincinnati;chattanooga fc;;;Youth
2026-05-17;194785468;USA UPSL;USA;20:00;Schedule;False;-0.7460236886632826;1.85;3.5, 4.0;1.95;3.5, 4.0;0.0;0.0;;0.0;0.0;0.0;0.0;0.0;;Florida Wolves FC;;0.0;0.0;10.0;0;0.0;0 - 0;6.5;Miami United FC;;0.0;0.0;1.182;0;0.0;+2.25;0 - 0;0-0;3.75;1.5;-;nan;;;;;;;;;;;;;;;;0.0;0.0;0.0;0.0;;;0.0;0.0;0.0;0.0;;[];[];[];[];[];[];[];[];1.0;0.0;0.0;1.0;0.0;0.0;;;;;;;
2026-05-17;194697264;USA USL Cup;USA;20:00;Schedule;False;-0.025531914893617003;1.875;2.5, 3.0;1.925;2.5, 3.0;0.0;0.0;;0.0;0.0;0.0;0.0;0.0;;Spokane Velocity FC;;0.0;0.0;2.5;0;0.0;0 - 0;3.4;Las Vegas Lights FC;;0.0;0.0;2.35;0;0.0;0.0;0 - 0;0-0;2.75;1.25;-;nan;;;;;;;;;;;;;;;;0.0;0.0;0.0;0.0;;;0.0;0.0;0.0;0.0;;[];[];[];[];[];[];[];[];1.0;0.0;0.0;1.0;0.0;0.0;1092287.0;412157.0;spokane velocity fc;las vegas lights;;;
2026-05-17;194785464;Panama Liga de Futbol Nacional;Panama;20:00;Schedule;False;0.2698412698412699;2.0;3.0, 3.5;1.8;3.0, 3.5;0.0;0.0;;0.0;0.0;0.0;0.0;0.0;;Olympic Colon FC;;0.0;0.0;1.8;0;0.0;0 - 0;3.6;Bambu FC;;0.0;0.0;3.5;0;0.0;-0.5;0 - 0;0-0;3.25;1.25;-;nan;;;;;;;;;;;;;;;;0.0;0.0;0.0;0.0;;;0.0;0.0;0.0;0.0;;[];[];[];[];[];[];[];[];1.0;0.0;0.0;1.0;0.0;0.0;;;;;;;
2026-05-17;194537715;USA MLS Next Pro League;USA;20:00;Schedule;False;0.45345345345345345;1.975;4.0;1.825;4.0;0.0;0.0;;0.0;0.0;0.0;0.0;0.0;;New York Red Bulls II;;0.0;0.0;1.48;0;0.0;0 - 0;4.5;New York City FC II;;0.0;0.0;4.5;0;0.0;-1.25;0 - 0;0-0;4.0;1.75;-;nan;;;;;;;;;;;;;;;;0.0;0.0;0.0;0.0;;;0.0;0.0;0.0;0.0;;[];[];[];[];[];[];[];[];1.0;0.0;0.0;1.0;0.0;0.0;;;;;;;Youth
2026-05-17;194707243;USA USL League Two;USA;20:00;Schedule;False;0.45345345345345345;1.95;3.0, 3.5;1.85;3.0, 3.5;0.0;0.0;;0.0;0.0;0.0;0.0;0.0;;San Francisco City FC;;0.0;0.0;1.48;0;0.0;0 - 0;4.5;Davis Legacy;;0.0;0.0;4.5;0;0.0;-1.0;0 - 0;0-0;3.25;1.25;-;nan;;;;;;;;;;;;;;;;0.0;0.0;0.0;0.0;;;0.0;0.0;0.0;0.0;;[];[];[];[];[];[];[];[];1.0;0.0;0.0;1.0;0.0;0.0;;;;;;;
2026-05-17;194707247;USA USL League Two;USA;20:00;Schedule;False;-0.24305555555555558;2.0;3.5;1.8;3.5;0.0;0.0;;0.0;0.0;0.0;0.0;0.0;;Wake FC;;0.0;0.0;3.2;0;0.0;0 - 0;4.0;Tobacco Road;;0.0;0.0;1.8;0;0.0;+0.5;0 - 0;0-0;3.5;1.5;-;nan;;;;;;;;;;;;;;;;0.0;0.0;0.0;0.0;;;0.0;0.0;0.0;0.0;;[];[];[];[];[];[];[];[];1.0;0.0;0.0;1.0;0.0;0.0;;;;;;;
2026-05-17;194785466;Suriname Major League;Suriname;20:00;Schedule;False;0.5963413930405679;2.0;3.0;1.8;3.0;0.0;0.0;;0.0;0.0;0.0;0.0;0.0;;SV Leo Victor;;0.0;0.0;1.333;0;0.0;0 - 0;4.75;Broki;;0.0;0.0;6.5;0;0.0;-1.5;0 - 0;0-0;3.0;1.25;-;nan;;;;;;;;;;;;;;;;0.0;0.0;0.0;0.0;;;0.0;0.0;0.0;0.0;;[];[];[];[];[];[];[];[];1.0;0.0;0.0;1.0;0.0;0.0;;;;;;;
2026-05-17;193711635;Ecuador LigaPro Serie A;Ecuador;20:10;Schedule;False;-0.1014492753623189;2.0;2.0, 2.5;1.8;2.0, 2.5;0.0;0.0;;0.0;0.0;0.0;0.0;0.0;;Manta FC;;0.0;0.0;3.0;0;0.0;0 - 0;3.1;Emelec;;0.0;0.0;2.3;0;0.0;+0.25;0 - 0;0-0;2.25;0.75;-;nan;;;;;;;;;;;;;;;;0.0;0.0;0.0;0.0;;;0.0;0.0;0.0;0.0;;[];[];[];[];[];[];[];[];1.0;0.0;0.0;1.0;0.0;0.0;33561.0;5255.0;manta fc;cs emelec;2.0;1.9;
2026-05-17;194584254;Bolivia Primera Division;Bolivia;20:30;Schedule;False;0.25604551920341395;1.875;3.0;1.925;3.0;0.0;0.0;;0.0;0.0;0.0;0.0;0.0;;Guabira;;0.0;0.0;1.9;0;0.0;0 - 0;3.7;Nacional Potosi;;0.0;0.0;3.7;0;0.0;-0.5;0 - 0;0-0;3.0;1.25;-;nan;;;;;;;;;;;;;;;;0.0;0.0;0.0;0.0;;;0.0;0.0;0.0;0.0;;[];[];[];[];[];[];[];[];1.0;0.0;0.0;1.0;0.0;0.0;47701.0;47700.0;guabira montero;ca nacional potosi;;;
2026-05-17;193711547;Brazil Serie B;Brazil;20:30;Schedule;False;0.17940199335548174;1.825;2.0, 2.5;1.975;2.0, 2.5;0.0;0.0;;0.0;0.0;0.0;0.0;0.0;;Sport Recife;;0.0;0.0;2.15;0;0.0;0 - 0;3.2;CRB;;0.0;0.0;3.5;0;0.0;-0.25;0 - 0;0-0;2.25;1.0;-;nan;;;;;;;;;;;;;;;;0.0;0.0;0.0;0.0;;;0.0;0.0;0.0;0.0;;[];[];[];[];[];[];[];[];1.0;0.0;0.0;1.0;0.0;0.0;1959.0;22032.0;sc recife pe;cr brasil al;1.83;1.83;Youth
2026-05-17;194643953;Uruguay Segunda;Uruguay;20:30;Schedule;False;0.0639097744360902;1.975;2.0;1.825;2.0;0.0;0.0;;0.0;0.0;0.0;0.0;0.0;;Club Oriental;;0.0;0.0;2.375;0;0.0;0 - 0;3.1;La Luz;;0.0;0.0;2.8;0;0.0;0.0;0 - 0;0-0;2.0;nan;-;nan;;;;;;;;;;;;;;;;0.0;0.0;0.0;0.0;;;0.0;0.0;0.0;0.0;;[];[];[];[];[];[];[];[];1.0;0.0;0.0;1.0;0.0;0.0;;;;;;;
2026-05-17;193193655;Chile Liga de Primera;Chile;21:00;Schedule;False;0.044526901669758756;1.975;2.0, 2.5;1.825;2.0, 2.5;0.0;0.0;;0.0;0.0;0.0;0.0;0.0;;Deportes Concepcion;;0.0;0.0;2.45;0;0.0;0 - 0;3.2;Everton de Vina;;0.0;0.0;2.75;0;0.0;0.0;0 - 0;0-0;2.25;1.0;-;nan;;;;;;;;;;;;;;;;0.0;0.0;0.0;0.0;;;0.0;0.0;0.0;0.0;;[];[];[];[];[];[];[];[];1.0;0.0;0.0;1.0;0.0;0.0;3160.0;5032.0;deportes concepcion;cd everton vina del mar;;;
2026-05-17;194785543;Saint Kitts & Nevis Premier League;Saint Kitts & Nevis;21:00;Schedule;False;-0.29332450988501946;1.9;3.0;1.9;3.0;0.0;0.0;;0.0;0.0;0.0;0.0;0.0;;St. Peters FC;;0.0;0.0;3.5;0;0.0;0 - 0;4.0;Old Road Jets;;0.0;0.0;1.727;0;0.0;+0.5;0 - 0;0-0;3.0;1.25;-;nan;;;;;;;;;;;;;;;;0.0;0.0;0.0;0.0;;;0.0;0.0;0.0;0.0;;[];[];[];[];[];[];[];[];1.0;0.0;0.0;1.0;0.0;0.0;;;;;;;
2026-05-17;194538190;USA NWSL Women;USA;21:00;Schedule;False;0.2698412698412699;1.95;2.5, 3.0;1.85;2.5, 3.0;0.0;0.0;;0.0;0.0;0.0;0.0;0.0;;Utah Royals (W);;0.0;0.0;1.8;0;0.0;0 - 0;3.5;Racing Louisville FC (W);;0.0;0.0;3.5;0;0.0;-0.5;0 - 0;0-0;2.75;1.25;-;nan;;;;;;;;;;;;;;;;0.0;0.0;0.0;0.0;;;0.0;0.0;0.0;0.0;;[];[];[];[];[];[];[];[];1.0;0.0;0.0;1.0;0.0;0.0;417001.0;781492.0;utah royals fc;racing louisville fc;;;Women
2026-05-17;194780696;Aruba Silver League;Aruba;21:00;Schedule;False;-0.40706605222734255;1.8;3.0;2.0;3.0;0.0;0.0;;0.0;0.0;0.0;0.0;0.0;;Real Koyari;;0.0;0.0;4.2;0;0.0;0 - 0;4.5;SV Atlantico Deportivo;;0.0;0.0;1.55;0;0.0;+1.0;0 - 0;0-0;3.0;1.25;-;nan;;;;;;;;;;;;;;;;0.0;0.0;0.0;0.0;;;0.0;0.0;0.0;0.0;;[];[];[];[];[];[];[];[];1.0;0.0;0.0;1.0;0.0;0.0;;;;;;;
2026-05-17;193719853;USA MLS;USA;21:00;Schedule;False;0.1218637992831541;2.0;2.5, 3.0;1.8;2.5, 3.0;0.0;0.0;;0.0;0.0;0.0;0.0;0.0;;Nashville SC;;0.0;0.0;2.25;0;0.0;0 - 0;3.5;LAFC;;0.0;0.0;3.1;0;0.0;-0.25;0 - 0;0-0;2.75;1.0;-;nan;;;;;;;;;;;;;;;;0.0;0.0;0.0;0.0;;;0.0;0.0;0.0;0.0;;[];[];[];[];[];[];[];[];1.0;0.0;0.0;1.0;0.0;0.0;668063.0;402227.0;nashville sc;los angeles fc;;;
2026-05-17;194758677;Barbados Premier League;Barbados;21:00;Schedule;False;0.4666666666666666;1.95;3.0;1.85;3.0;0.0;0.0;;0.0;0.0;0.0;0.0;0.0;;Weymouth Wales;;0.0;0.0;1.5;0;0.0;0 - 0;4.1;UWI Blackbirds;;0.0;0.0;5.0;0;0.0;-1.5;0 - 0;0-0;3.0;1.25;-;nan;;;;;;;;;;;;;;;;0.0;0.0;0.0;0.0;;;0.0;0.0;0.0;0.0;;[];[];[];[];[];[];[];[];1.0;0.0;0.0;1.0;0.0;0.0;;;;;;;
2026-05-17;194764487;Jamaica Premier League;Jamaica;21:30;Schedule;False;-0.050682261208576995;2.0;2.0, 2.5;1.8;2.0, 2.5;0.0;0.0;;0.0;0.0;0.0;0.0;0.0;;Portmore United;3.0;0.0;0.0;2.7;0;0.0;0 - 0;3.1;Mount Pleasant FA;1.0;0.0;0.0;2.375;0;0.0;0.0;0 - 0;0-0;2.25;0.75;-;nan;;;;;;;;;;;;;;;;0.0;0.0;0.0;0.0;;;0.0;0.0;0.0;0.0;;[];[];[];[];[];[];[];[];1.0;0.0;0.0;1.0;0.0;0.0;;502938.0;;mount pleasant fc;;;
2026-05-17;194641318;Colombia Cup;Colombia;21:30;Schedule;False;-0.25609756097560976;2.0;2.0, 2.5;1.8;2.0, 2.5;0.0;0.0;;0.0;0.0;0.0;0.0;0.0;;Independiente Yumbo;;0.0;0.0;4.1;0;0.0;0 - 0;3.1;Rionegro Aguilas;;0.0;0.0;2.0;0;0.0;+0.5;0 - 0;0-0;2.25;0.75;-;nan;;;;;;;;;;;;;;;;0.0;0.0;0.0;0.0;;;0.0;0.0;0.0;0.0;;[];[];[];[];[];[];[];[];1.0;0.0;0.0;1.0;0.0;0.0;;48244.0;;aguilas doradas rionegro;;;
2026-05-17;194537721;USA MLS Next Pro League;USA;21:30;Schedule;False;0.1313628899835796;2.0;2.5, 3.0;1.8;2.5, 3.0;0.0;0.0;;0.0;0.0;0.0;0.0;0.0;;Austin FC II;;0.0;0.0;2.1;0;0.0;0 - 0;3.4;St. Louis City SC II;;0.0;0.0;2.9;0;0.0;-0.25;0 - 0;0-0;2.5;1.0;-;nan;;;;;;;;;;;;;;;;0.0;0.0;0.0;0.0;;;0.0;0.0;0.0;0.0;;[];[];[];[];[];[];[];[];1.0;0.0;0.0;1.0;0.0;0.0;772256.0;874725.0;austin fc;saint louis city sc;;;Youth
2026-05-17;194646471;Colombia Primera B;Colombia;21:40;Schedule;False;-0.1620859760394644;2.0;2.0, 2.5;1.8;2.0, 2.5;0.0;0.0;;0.0;0.0;0.0;0.0;0.0;;Bogota FC;;0.0;0.0;3.3;0;0.0;0 - 0;3.1;Real Cartagena;;0.0;0.0;2.15;0;0.0;+0.25;0 - 0;0-0;2.25;1.0;-;nan;;;;;;;;;;;;;;;;0.0;0.0;0.0;0.0;;;0.0;0.0;0.0;0.0;;[];[];[];[];[];[];[];[];1.0;0.0;0.0;1.0;0.0;0.0;;;;;;;Youth
2026-05-17;194537724;USA MLS Next Pro League;USA;22:00;Schedule;False;0.3367221292583588;1.975;3.0, 3.5;1.825;3.0, 3.5;0.0;0.0;;0.0;0.0;0.0;0.0;0.0;;The Town;;0.0;0.0;1.667;0;0.0;0 - 0;3.9;Portland Timbers II;;0.0;0.0;3.8;0;0.0;-0.75;0 - 0;0-0;3.25;1.25;-;nan;;;;;;;;;;;;;;;;0.0;0.0;0.0;0.0;;;0.0;0.0;0.0;0.0;;[];[];[];[];[];[];[];[];1.0;0.0;0.0;1.0;0.0;0.0;;22007.0;;portland timbers;;;Youth
2026-05-17;194643460;El Salvador Clausura;El Salvador;22:00;Schedule;False;0.4027777777777778;1.975;2.5;1.825;2.5;0.0;0.0;;0.0;0.0;0.0;0.0;0.0;;CD FAS;;0.0;0.0;1.6;0;0.0;0 - 0;3.7;CD Municipal Limeno;;0.0;0.0;4.5;0;0.0;-0.75;0 - 0;0-0;2.5;1.0;-;nan;;;;;;;;;;;;;;;;0.0;0.0;0.0;0.0;;;0.0;0.0;0.0;0.0;;[];[];[];[];[];[];[];[];1.0;0.0;0.0;1.0;0.0;0.0;;;;;;;
2026-05-17;194528319;Mexico Liga MX;Mexico;22:00;Schedule;False;0.12121212121212122;1.975;2.5, 3.0;1.825;2.5, 3.0;0.0;0.0;;0.0;0.0;0.0;0.0;0.0;;Unam Pumas;;0.0;0.0;2.2;0;0.0;0 - 0;3.75;Pachuca;;0.0;0.0;3.0;0;0.0;-0.25;0 - 0;0-0;2.75;1.0;-;nan;;;;;;;;;;;;;;;;0.0;0.0;0.0;0.0;;;0.0;0.0;0.0;0.0;;[];[];[];[];[];[];[];[];1.0;0.0;0.0;1.0;0.0;0.0;334073.0;1936.0;pumas unam;cf pachuca;;;
2026-05-17;193192720;Canada Premier League;Canada;22:00;Schedule;False;-0.15360983102918585;1.975;2.5;1.825;2.5;0.0;0.0;;0.0;0.0;0.0;0.0;0.0;;Vancouver FC;;0.0;0.0;3.1;0;0.0;0 - 0;3.2;Cavalry FC;;0.0;0.0;2.1;0;0.0;+0.25;0 - 0;0-0;2.5;1.0;-;nan;;;;;;;;;;;;;;;;0.0;0.0;0.0;0.0;;;0.0;0.0;0.0;0.0;;[];[];[];[];[];[];[];[];1.0;0.0;0.0;1.0;0.0;0.0;986603.0;543877.0;vancouver fc;cavalry fc;;;
