Date;Match ID;League;country;Time;Status;Stats;Diff_Prob;OddAsianOverGoals_FT;AsianOverGoals_FT;OddAsianUnderGoals_FT;AsianUnderGoals_FT;corners_home;corners_away;corners_FT;corners_home_HT;corners_away_HT;Corners_HT;attack_FT;dangerous_attack_FT;possession_FT;Home;Home Pos;Home Red Cards;Home Yellow Cards;Odd_H_FT;Goals_H_HT;Goals_H_FT;Score;Odd_D_FT;Away;Away Pos;Away Red Cards;Away Yellow Cards;Odd_A_FT;Goals_A_HT;Goals_A_FT;Handicap;Corners (FT);Corners (HT);Total Goals Line (FT);Total Goals Line (HT);Dangerous Attacks (FT);Dangerous Attacks (HT);half_dangerous_attack_away;half_dangerous_attack_home;half_possession_away;half_possession_home;half_shoot_off_target_away;half_shoot_off_target_home;half_shoot_on_target_away;half_shoot_on_target_home;odds_lose_odds;odds_win_odds;odds_draw_odds;handicap_goal_over_line;handicap_goal_over_odds;handicap_goal_under_odds;handicap_goal_under_line;attack_away;attack_home;dangerous_attack_away;dangerous_attack_home;possession_away;possession_home;shoot_off_target_away;shoot_off_target_home;shoot_on_target_away;shoot_on_target_home;GoalMinutes;goal_minutes_real;goal_periods;is_extra_time;goal_scorers;goal_diff_before_list;goal_diff_after_list;period_result_before_list;period_result_after_list;pct_time_drawing;pct_time_home_winning;pct_time_away_winning;pct_time_drawing_HT;pct_time_home_winning_HT;pct_time_away_winning_HT;api_H_id;api_A_id;api_H_name;api_A_name;odd_yes_abertura;odd_yes_fechamento;category
2026-05-13;194482084;OFC Pro League;International (Oceania);00:00;Full;True;0.4057502538142655;1.975;3.5;1.825;3.5;2.0;4.0;;0.0;1.0;1.0;143.0;80.0;100.0;Solomon Kings FC;;0.0;0.0;1.571;2;3.0;3 - 0;4.0;PNG Hekari FC;;0.0;2.0;4.333;0;0.0;-1.0;2 - 4;0-1;3.5;1.5;42 - 38;17 - 20;20.0;17.0;52.0;48.0;1.0;2.0;0.0;3.0;;;;;;;;79.0;64.0;38.0;42.0;50.0;50.0;4.0;5.0;1.0;5.0;;[10 22 91];[1 1 2];[False False  True];['Solomon Kings FC' 'Solomon Kings FC' 'Solomon Kings FC'];[0 1 2];[1 2 3];['D' 'H' 'H'];['H' 'H' 'H'];0.11;0.89;0.0;0.22;0.78;0.0;;;;;;;
2026-05-13;194492298;China U20 League;China;04:00;Full;True;0.7915573053368329;1.9;4.0;1.9;4.0;7.0;1.0;;5.0;1.0;6.0;119.0;75.0;100.0;Shaanxi Union U20;;0.0;0.0;1.143;1;2.0;2 - 2;7.5;Jiangxi Lushan U20;;0.0;0.0;12.0;2;2.0;-2.5;7 - 1;5-1;4.0;1.75;47 - 28;20 - 16;16.0;20.0;48.0;52.0;2.0;1.0;3.0;2.0;;;;;;;;53.0;66.0;28.0;47.0;38.0;62.0;4.0;5.0;3.0;5.0;;[ 6 30 55 90];[1 1 1 2];[False False  True False];"['Jiangxi Lushan U20' 'Jiangxi Lushan U20' 'Shaanxi Union U20'
 'Shaanxi Union U20']";[ 0 -1 -2 -1];[-1 -2 -1  0];['D' 'A' 'A' 'A'];['A' 'A' 'A' 'D'];0.07;0.0;0.93;0.11;0.0;0.89;1110233.0;;shaanxi union fc;;;;Youth
2026-05-13;194492301;China U20 League;China;04:00;Full;True;0.26143790849673204;1.95;3.0;1.85;3.0;4.0;4.0;;2.0;1.0;3.0;159.0;88.0;100.0;Hubei Istar U20;;0.0;1.0;1.8;4;5.0;5 - 1;3.8;Wuhan Three Towns U20;;0.0;0.0;3.4;1;1.0;-0.5;4 - 4;2-1;3.0;1.25;47 - 41;26 - 21;21.0;26.0;38.0;62.0;0.0;4.0;1.0;8.0;;;;;;;;69.0;90.0;41.0;47.0;38.0;62.0;6.0;6.0;3.0;11.0;;[ 3 12 14 44 47 68];[1 1 1 1 1 2];[False False False False  True False];"['Wuhan Three Towns U20' 'Hubei Istar U20' 'Hubei Istar U20'
 'Hubei Istar U20' 'Hubei Istar U20' 'Hubei Istar U20']";[ 0 -1  0  1  2  3];[-1  0  1  2  3  4];['D' 'A' 'D' 'H' 'H' 'H'];['A' 'D' 'H' 'H' 'H' 'H'];0.06;0.84;0.1;0.11;0.7;0.19;;475928.0;;wuhan three towns fc;;;Youth
2026-05-13;194482066;OFC Pro League;International (Oceania);04:00;Full;True;0.0;1.95;2.5, 3.0;1.85;2.5, 3.0;5.0;2.0;;1.0;1.0;2.0;168.0;69.0;100.0;Tahiti United;;0.0;1.0;2.5;0;2.0;2 - 2;3.25;Vanuatu United;;0.0;1.0;2.5;1;2.0;0.0;5 - 2;1-1;2.75;1.0;35 - 34;15 - 19;19.0;15.0;55.0;45.0;4.0;2.0;3.0;0.0;;;;;;;;87.0;81.0;34.0;35.0;49.0;51.0;5.0;4.0;4.0;4.0;;[22 59 61 73];[1 2 2 2];[False False False False];['Vanuatu United' 'Tahiti United' 'Vanuatu United' 'Tahiti United'];[ 0 -1  0 -1];[-1  0 -1  0];['D' 'A' 'D' 'A'];['A' 'D' 'A' 'D'];0.46;0.0;0.54;0.49;0.0;0.51;;;;;;;
2026-05-13;194560591;China U20 League;China;04:00;Full;True;-0.8424242424242424;1.8;4.0;2.0;4.0;2.0;8.0;;2.0;3.0;5.0;155.0;113.0;100.0;Shijiazhuang U20;;0.0;1.0;15.0;0;0.0;0 - 1;9.0;Shenzhen Peng City U20;;0.0;1.0;1.1;0;1.0;+2.75;2 - 8;2-3;4.0;1.75;20 - 93;13 - 36;36.0;13.0;70.0;30.0;1.0;0.0;0.0;0.0;;;;;;;;94.0;61.0;93.0;20.0;69.0;31.0;1.0;0.0;2.0;0.0;;[54];[2];[False];['Shenzhen Peng City U20'];[0];[-1];['D'];['A'];0.6;0.0;0.4;1.0;0.0;0.0;;;;;;;Youth
2026-05-13;194560589;China U20 League;China;04:00;Full;True;-0.7979675617470894;1.925;3.0, 3.5;1.875;3.0, 3.5;1.0;3.0;;1.0;1.0;2.0;179.0;110.0;100.0;Linyi Yihu U20;;0.0;2.0;13.0;0;1.0;1 - 1;7.0;Guangdong GZ-Power U20;;0.0;1.0;1.143;0;1.0;+2.25;1 - 3;1-1;3.25;1.25;34 - 76;16 - 38;38.0;16.0;61.0;39.0;5.0;4.0;5.0;1.0;;;;;;;;105.0;74.0;76.0;34.0;57.0;43.0;5.0;4.0;8.0;2.0;;[61 83];[2 2];[False False];['Guangdong GZ-Power U20' 'Linyi Yihu U20'];[ 0 -1];[-1  0];['D' 'A'];['A' 'D'];0.76;0.0;0.24;1.0;0.0;0.0;;1110267.0;;guandong gz-power fc;;;Youth
2026-05-13;194469861;Australia Capital Territory U23 League;Australia;04:30;Full;True;0.3472222222222222;1.8;4.0, 4.5;2.0;4.0, 4.5;3.0;8.0;;1.0;5.0;6.0;159.0;144.0;;Canberra Olympic U23;;0.0;1.0;1.6;1;2.0;2 - 4;4.75;O'Connor Knights U23;;0.0;1.0;3.6;1;4.0;-0.75;3 - 8;1-5;4.25;1.75;73 - 71;33 - 40;40.0;33.0;;;7.0;5.0;5.0;2.0;;;;;;;;71.0;88.0;71.0;73.0;;;7.0;7.0;10.0;6.0;;[40 44 49 52 58 60];[1 1 2 2 2 2];[False False False False False False];"[""O'Connor Knights U23"" 'Canberra Olympic U23' ""O'Connor Knights U23""
 'Canberra Olympic U23' ""O'Connor Knights U23"" ""O'Connor Knights U23""]";[ 0 -1  0 -1  0 -1];[-1  0 -1  0 -1 -2];['D' 'A' 'D' 'A' 'D' 'A'];['A' 'D' 'A' 'D' 'A' 'A'];0.57;0.0;0.43;0.91;0.0;0.09;;;;;;;Youth
2026-05-13;194466944;Australia Capital Territory U23 League;Australia;04:30;Full;True;0.13636363636363635;1.85;3.5;1.95;3.5;5.0;3.0;;1.0;3.0;4.0;163.0;54.0;;Tigers FC U23;;0.0;2.0;2.0;2;2.0;2 - 1;4.0;Monaro Panthers U23;;0.0;3.0;2.75;1;1.0;-0.5;5 - 3;1-3;3.5;1.5;33 - 21;9 - 14;14.0;9.0;;;3.0;3.0;5.0;4.0;;;;;;;;80.0;83.0;21.0;33.0;;;5.0;6.0;8.0;15.0;;[21 30 43];[1 1 1];[False False False];['Tigers FC U23' 'Monaro Panthers U23' 'Tigers FC U23'];[0 1 0];[1 0 1];['D' 'H' 'D'];['H' 'D' 'H'];0.38;0.62;0.0;0.76;0.24;0.0;;;;;;;Youth
2026-05-13;194466949;Australia Capital Territory U23 League;Australia;04:30;Schedule;False;0.09523809523809523;1.85;3.5;1.95;3.5;0.0;0.0;;0.0;0.0;0.0;0.0;0.0;;Tuggeranong United U23;;0.0;0.0;2.1;0;0.0;0 - 0;3.8;Canberra Croatia FC U23;;0.0;0.0;2.625;0;0.0;-0.5;0 - 0;0-0;3.5;1.5;-;nan;;;;;;;;;;;;;;;;0.0;0.0;0.0;0.0;;;0.0;0.0;0.0;0.0;;[];[];[];[];[];[];[];[];1.0;0.0;0.0;1.0;0.0;0.0;;;;;;;Youth
2026-05-13;194466953;Australia Capital Territory U23 League;Australia;04:30;Full;True;-0.5037593984962406;1.875;4.0;1.925;4.0;5.0;5.0;;2.0;2.0;4.0;116.0;85.0;;Brindabella Blues FC U23;;0.0;0.0;4.75;0;0.0;0 - 2;5.5;Canberra Juventus U23;;0.0;1.0;1.4;0;2.0;+1.5;5 - 5;2-2;4.0;1.5;35 - 50;14 - 24;24.0;14.0;;;3.0;3.0;5.0;1.0;;;;;;;;67.0;49.0;50.0;35.0;;;5.0;5.0;12.0;2.0;;[47 53];[2 2];[False False];['Canberra Juventus U23' 'Canberra Juventus U23'];[ 0 -1];[-1 -2];['D' 'A'];['A' 'A'];0.52;0.0;0.48;1.0;0.0;0.0;;;;;;;Youth
2026-05-13;194525636;Malaysia President Cup;Malaysia;05:45;Full;True;-0.14245014245014254;1.8;2.5, 3.0;2.0;2.5, 3.0;2.0;5.0;;0.0;3.0;3.0;102.0;77.0;100.0;Penang U20;;0.0;3.0;2.7;1;1.0;1 - 2;4.333;Sabah FC U20;;0.0;2.0;1.95;1;2.0;+0.5;2 - 5;0-3;2.75;1.25;52 - 25;20 - 13;13.0;20.0;52.0;48.0;1.0;1.0;2.0;3.0;;;;;;;;37.0;65.0;25.0;52.0;48.0;52.0;2.0;5.0;5.0;5.0;;[ 9 29 58];[1 1 2];[False False False];['Sabah FC U20' 'Penang U20' 'Sabah FC U20'];[ 0 -1  0];[-1  0 -1];['D' 'A' 'D'];['A' 'D' 'A'];0.42;0.0;0.58;0.56;0.0;0.44;;;;;;;Youth
2026-05-13;194525633;Malaysia President Cup;Malaysia;05:45;Full;True;-0.5238095238095238;2.0;3.0;1.8;3.0;6.0;5.0;;1.0;5.0;6.0;219.0;122.0;100.0;Kedah FA U20;;0.0;3.0;5.25;0;2.0;2 - 3;4.75;Terengganu U20;;0.0;2.0;1.4;1;3.0;+1.25;6 - 5;1-5;3.0;1.25;57 - 65;17 - 40;40.0;17.0;51.0;49.0;8.0;1.0;7.0;5.0;;;;;;;;109.0;110.0;65.0;57.0;48.0;52.0;10.0;4.0;12.0;12.0;;[ 8 48 78 90 94];[1 2 2 2 2];[False False False False  True];"['Terengganu U20' 'Terengganu U20' 'Kedah FA U20' 'Terengganu U20'
 'Kedah FA U20']";[ 0 -1 -2 -1 -2];[-1 -2 -1 -2 -1];['D' 'A' 'A' 'A' 'A'];['A' 'A' 'A' 'A' 'A'];0.09;0.0;0.91;0.18;0.0;0.82;;;;;;;Youth
2026-05-13;194530940;Vietnam Cup Women;Vietnam;06:00;Full;True;0.3409435575040671;1.8;2.0;2.0;2.0;4.0;10.0;;3.0;1.0;4.0;116.0;58.0;100.0;Ho Chi Minh (W);;0.0;1.0;1.727;1;2.0;2 - 1;3.3;Ha Noi (W);;0.0;0.0;4.2;0;1.0;-0.5;4 - 10;3-1;2.0;0.75;21 - 37;16 - 14;14.0;16.0;59.0;41.0;2.0;2.0;0.0;2.0;;;;;;;;63.0;53.0;37.0;21.0;64.0;36.0;9.0;2.0;3.0;3.0;;[27 52 74];[1 2 2];[False False False];['Ho Chi Minh (W)' 'Ho Chi Minh (W)' 'Ha Noi (W)'];[0 1 2];[1 2 1];['D' 'H' 'H'];['H' 'H' 'H'];0.3;0.7;0.0;0.6;0.4;0.0;;;;;;;Women
2026-05-13;193333164;Japan J2/J3 Centennial League;Japan;06:00;Full;True;0.14253563390847712;2.05;2.0, 2.5;1.75;2.0, 2.5;5.0;6.0;;1.0;4.0;5.0;101.0;77.0;100.0;Gainare Tottori;;0.0;1.0;2.15;1;3.0;3 - 2;3.2;Reilac Shiga;;0.0;0.0;3.1;1;2.0;-0.25;5 - 6;1-4;2.25;0.75;42 - 35;15 - 20;20.0;15.0;45.0;55.0;2.0;3.0;2.0;1.0;;;;;;;;50.0;51.0;35.0;42.0;39.0;61.0;5.0;4.0;4.0;6.0;;[22 25 78 88 96];[1 1 2 2 2];[False False False False  True];"['Gainare Tottori' 'Reilac Shiga' 'Gainare Tottori' 'Reilac Shiga'
 'Gainare Tottori']";[0 1 0 1 0];[1 0 1 0 1];['D' 'H' 'D' 'H' 'D'];['H' 'D' 'H' 'D' 'H'];0.86;0.14;0.0;0.93;0.07;0.0;38141.0;439336.0;gainare tottori;reilac shiga fc;2.1;2.1;
2026-05-13;194468243;Australia Cup Qualifying;Australia;06:15;Full;True;0.034782608695652195;1.975;3.0;1.825;3.0;1.0;7.0;;0.0;6.0;6.0;96.0;69.0;;St George City FA;;1.0;2.0;2.3;1;1.0;1 - 2;3.6;SD Raiders;;0.0;6.0;2.5;2;2.0;0.0;1 - 7;0-6;3.0;1.25;30 - 39;11 - 19;19.0;11.0;;;3.0;2.0;3.0;2.0;;;;;;;;45.0;51.0;39.0;30.0;;;7.0;4.0;8.0;4.0;;[18 20 24];[1 1 1];[False False False];['SD Raiders' 'St George City FA' 'SD Raiders'];[ 0 -1  0];[-1  0 -1];['D' 'A' 'D'];['A' 'D' 'A'];0.24;0.0;0.76;0.49;0.0;0.51;323705.0;316737.0;st george city fa;sd raiders fc;;;
2026-05-13;194468247;Australia Cup Qualifying;Australia;06:30;Full;True;-0.342902711323764;1.85;3.0;1.95;3.0;2.0;3.0;;1.0;3.0;4.0;144.0;86.0;;Manly Utd;;0.0;4.0;3.8;0;1.0;1 - 2;4.2;Sydney United 58;;0.0;2.0;1.65;0;2.0;+0.75;2 - 3;1-3;3.0;1.25;37 - 49;11 - 29;29.0;11.0;;;5.0;1.0;2.0;2.0;;;;;;;;76.0;68.0;49.0;37.0;;;6.0;3.0;7.0;5.0;;[50 57 84];[2 2 2];[False False False];['Sydney United 58' 'Sydney United 58' 'Manly Utd'];[ 0 -1 -2];[-1 -2 -1];['D' 'A' 'A'];['A' 'A' 'A'];0.56;0.0;0.44;1.0;0.0;0.0;92208.0;2939.0;manly united fc;sydney united 58 fc;;;
2026-05-13;194468258;Australia Cup Qualifying;Australia;06:30;Full;True;-0.5597113564105313;1.9;3.5;1.9;3.5;4.0;5.0;;2.0;1.0;3.0;96.0;106.0;;Hakoah Sydney City East;;0.0;2.0;5.25;0;0.0;0 - 5;6.0;Rockdale Ilinden FC;;0.0;1.0;1.333;2;5.0;+1.75;4 - 5;2-1;3.5;1.5;47 - 59;21 - 30;30.0;21.0;;;4.0;0.0;5.0;3.0;;;;;;;;46.0;50.0;59.0;47.0;;;8.0;0.0;12.0;3.0;;[33 39 59 62 73];[1 1 2 2 2];[False False False False False];"['Rockdale Ilinden FC' 'Rockdale Ilinden FC' 'Rockdale Ilinden FC'
 'Rockdale Ilinden FC' 'Rockdale Ilinden FC']";[ 0 -1 -2 -3 -4];[-1 -2 -3 -4 -5];['D' 'A' 'A' 'A' 'A'];['A' 'A' 'A' 'A' 'A'];0.37;0.0;0.63;0.73;0.0;0.27;;92210.0;;rockdale ilinden fc;;;
2026-05-13;194466459;Australia Capital Territory Premier League;Australia;06:30;Full;True;-0.06511627906976741;1.975;3.5, 4.0;1.825;3.5, 4.0;3.0;4.0;;0.0;0.0;0.0;242.0;140.0;100.0;Tigers FC;;0.0;2.0;2.5;2;3.0;3 - 1;3.9;Monaro Panthers;;1.0;2.0;2.15;0;1.0;+0.25;3 - 4;0-0;3.75;1.5;80 - 60;41 - 22;22.0;41.0;37.0;63.0;4.0;3.0;0.0;5.0;;;;;;;;114.0;128.0;60.0;80.0;46.0;54.0;6.0;4.0;1.0;9.0;;[36 46 72 79];[1 1 2 2];[False  True False False];['Tigers FC' 'Tigers FC' 'Tigers FC' 'Monaro Panthers'];[0 1 2 3];[1 2 3 2];['D' 'H' 'H' 'H'];['H' 'H' 'H' 'H'];0.4;0.6;0.0;0.78;0.22;0.0;;;;;;;
2026-05-13;194466448;Australia Capital Territory Premier League;Australia;06:30;Full;True;0.36987057076172297;1.925;3.5, 4.0;1.875;3.5, 4.0;6.0;0.0;;3.0;0.0;3.0;143.0;123.0;100.0;Canberra Olympic;;0.0;2.0;1.571;2;3.0;3 - 1;4.5;O'Connor Knights;;1.0;1.0;3.75;0;1.0;-1.0;6 - 0;3-0;3.75;1.5;70 - 53;29 - 28;28.0;29.0;46.0;54.0;1.0;4.0;0.0;3.0;;;;;;;;64.0;79.0;53.0;70.0;41.0;59.0;1.0;10.0;1.0;8.0;;[15 41 57 65];[1 1 2 2];[False False False False];"['Canberra Olympic' 'Canberra Olympic' ""O'Connor Knights""
 'Canberra Olympic']";[0 1 2 1];[1 2 1 2];['D' 'H' 'H' 'H'];['H' 'H' 'H' 'H'];0.17;0.83;0.0;0.33;0.67;0.0;;;;;;;
2026-05-13;194466443;Australia Capital Territory Premier League;Australia;06:30;Full;True;-0.4819944598337951;1.975;4.0;1.825;4.0;4.0;14.0;;2.0;8.0;10.0;173.0;139.0;100.0;Tuggeranong Utd;;0.0;0.0;4.75;0;2.0;2 - 3;4.75;Canberra Croatia FC;;0.0;1.0;1.444;0;3.0;+1.5;4 - 14;2-8;4.0;1.75;55 - 84;26 - 41;41.0;26.0;56.0;44.0;2.0;2.0;1.0;2.0;;;;;;;;96.0;77.0;84.0;55.0;57.0;43.0;4.0;3.0;7.0;6.0;;[69 78 81 89 91];[2 2 2 2 2];[False False False False  True];"['Tuggeranong Utd' 'Canberra Croatia FC' 'Canberra Croatia FC'
 'Canberra Croatia FC' 'Tuggeranong Utd']";[ 0  1  0 -1 -2];[ 1  0 -1 -2 -1];['D' 'H' 'D' 'A' 'A'];['H' 'D' 'A' 'A' 'A'];0.79;0.1;0.11;1.0;0.0;0.0;;;;;;;
2026-05-13;194531237;Australia Victoria Cup Women;Australia;06:30;Schedule;False;0.9085081585081585;1.825;4.5;1.975;4.5;0.0;0.0;;0.0;0.0;0.0;0.0;0.0;;Preston Lions (W);;0.0;0.0;1.056;0;0.0;0 - 0;13.0;Manningham United Blues FC (W);;0.0;0.0;26.0;0;0.0;-3.5;0 - 0;0-0;4.5;2.0;-;nan;;;;;;;;;;;;;;;;0.0;0.0;0.0;0.0;;;0.0;0.0;0.0;0.0;;[];[];[];[];[];[];[];[];1.0;0.0;0.0;1.0;0.0;0.0;364598.0;;preston lions fc;;;;Women
2026-05-13;194466472;Australia Capital Territory Premier League;Australia;06:30;Full;True;-0.3801269810181332;1.975;3.5, 4.0;1.825;3.5, 4.0;0.0;9.0;;0.0;0.0;0.0;215.0;151.0;100.0;Brindabella Blues FC;;1.0;1.0;3.9;0;0.0;0 - 1;4.333;Canberra Juventus;;0.0;2.0;1.571;0;1.0;+1.0;0 - 9;0-0;3.75;1.5;49 - 102;27 - 46;46.0;27.0;60.0;40.0;5.0;0.0;3.0;1.0;;;;;;;;119.0;96.0;102.0;49.0;55.0;45.0;11.0;2.0;7.0;1.0;;[69];[2];[False];['Canberra Juventus'];[0];[-1];['D'];['A'];0.77;0.0;0.23;1.0;0.0;0.0;;;;;;;
2026-05-13;194531235;Australia Victoria Cup Women;Australia;06:30;Full;True;-0.6442716433385174;1.9;4.0;1.9;4.0;4.0;6.0;;2.0;2.0;4.0;211.0;125.0;;Bundoora Utd (W);;0.0;1.0;7.5;0;0.0;0 - 3;5.5;Alamein FC (W);;0.0;0.0;1.286;1;3.0;+1.75;4 - 6;2-2;4.0;1.75;49 - 76;23 - 39;39.0;23.0;;;3.0;3.0;4.0;3.0;;;;;;;;107.0;104.0;76.0;49.0;;;7.0;5.0;12.0;6.0;;[ 3 57 68];[1 2 2];[False False False];['Alamein FC (W)' 'Alamein FC (W)' 'Alamein FC (W)'];[ 0 -1 -2];[-1 -2 -3];['D' 'A' 'A'];['A' 'A' 'A'];0.03;0.0;0.97;0.07;0.0;0.93;;;;;;;Women
2026-05-13;193381839;Japan J-League;Japan;07:00;Full;True;0.33333333333333337;1.975;2.5;1.825;2.5;10.0;1.0;;4.0;0.0;4.0;201.0;87.0;100.0;Vissel Kobe;;0.0;1.0;1.8;0;1.0;1 - 0;3.5;Kyoto Sanga FC;;0.0;1.0;4.5;0;0.0;-0.75;10 - 1;4-0;2.5;1.0;57 - 30;32 - 10;10.0;32.0;48.0;52.0;4.0;6.0;0.0;3.0;;;;;;;;92.0;109.0;30.0;57.0;51.0;49.0;9.0;9.0;1.0;4.0;;[78];[2];[False];['Vissel Kobe'];[0];[1];['D'];['H'];0.87;0.13;0.0;1.0;0.0;0.0;3146.0;3149.0;vissel kobe;kyoto sanga fc;1.95;1.9;
2026-05-13;193381836;Japan J-League;Japan;07:00;Full;True;0.3016122460857924;2.05;2.0;1.75;2.0;8.0;2.0;;5.0;0.0;5.0;238.0;75.0;100.0;Machida Zelvia;;0.0;0.0;1.909;0;0.0;0 - 0;3.1;Tokyo Verdy;;0.0;1.0;4.5;0;0.0;-0.5;8 - 2;5-0;2.0;0.75;51 - 24;28 - 5;5.0;28.0;34.0;66.0;2.0;3.0;0.0;2.0;;;;;;;;95.0;143.0;24.0;51.0;38.0;62.0;5.0;6.0;0.0;3.0;;[];[];[];[];[];[];[];[];1.0;0.0;0.0;1.0;0.0;0.0;44409.0;3139.0;machida zelvia;tokyo verdy;2.2;2.25;
2026-05-13;194271903;Ukraine Vyscha Liga;Ukraine;07:00;Schedule;False;0.0574162679425837;2.025;2.0, 2.5;1.775;2.0, 2.5;0.0;0.0;;0.0;0.0;0.0;0.0;0.0;100.0;FC Kudrivka;;0.0;0.0;2.375;0;0.0;0 - 0;3.2;FC Rukh Lviv;;0.0;0.0;2.75;0;0.0;0.0;0 - 0;0-0;2.25;0.75;-;nan;;;;;;;;;;;;;;;;0.0;0.0;0.0;0.0;50.0;50.0;0.0;0.0;0.0;0.0;;[];[];[];[];[];[];[];[];1.0;0.0;0.0;1.0;0.0;0.0;543813.0;277645.0;fk kudrivka;fc rukh lviv;2.0;2.0;
2026-05-13;194476550;Bhutan Premier League;Bhutan;07:00;Full;True;-0.7460236886632826;1.8;4.0, 4.5;2.0;4.0, 4.5;1.0;8.0;;0.0;4.0;4.0;176.0;141.0;100.0;Tensung FC;;0.0;3.0;10.0;1;1.0;1 - 0;7.0;Transport United FC;;0.0;0.0;1.182;0;0.0;+2.5;1 - 8;0-4;4.25;1.75;46 - 95;20 - 45;45.0;20.0;65.0;35.0;10.0;2.0;0.0;2.0;;;;;;;;102.0;74.0;95.0;46.0;60.0;40.0;19.0;6.0;0.0;2.0;;[39];[1];[False];['Tensung FC'];[0];[1];['D'];['H'];0.43;0.57;0.0;0.87;0.13;0.0;;;;;;;
2026-05-13;194466439;ASEAN Club Championship;International (Asia);07:30;Schedule;False;0.509009009009009;1.825;2.5;1.975;2.5;5.0;4.0;;4.0;2.0;6.0;155.0;117.0;100.0;Nam Dinh;;0.0;2.0;1.48;0;0.0;0 - 2;4.0;Selangor;;0.0;2.0;6.0;1;2.0;-1.0 (-0.25);5 - 4;4-2;2.5 (2.75);1.0;58 - 46;32 - 23;23.0;32.0;50.0;50.0;1.0;3.0;3.0;2.0;;;;;;;;67.0;88.0;49.0;68.0;50.0;50.0;1.0;8.0;5.0;6.0;;[40 90];[1 2];[False False];['Selangor' 'Selangor'];[ 0 -1];[-1 -2];['D' 'A'];['A' 'A'];0.44;0.0;0.56;0.89;0.0;0.11;33127.0;;nam dinh fc;;;;
2026-05-13;193717002;South Korea K League 1;South Korea;07:30;Schedule;False;0.284130284130284;1.975;2.5;1.825;2.5;5.0;6.0;;0.0;1.0;1.0;219.0;136.0;100.0;Ulsan HD;;0.0;0.0;1.85;2;2.0;2 - 1;3.3;Jeju United;;0.0;1.0;3.9;0;1.0;-0.5 ( 0.0);5 - 6;0-1;2.5 ( 3.5);1.0;44 - 75;23 - 38;38.0;23.0;50.0;50.0;1.0;3.0;0.0;3.0;;;;;;;;143.0;76.0;87.0;49.0;50.0;50.0;3.0;3.0;3.0;4.0;;[17 32 88];[1 1 2];[False False False];['Ulsan HD' 'Ulsan HD' 'Jeju United'];[0 1 2];[1 2 1];['D' 'H' 'H'];['H' 'H' 'H'];0.19;0.81;0.0;0.38;0.62;0.0;7653.0;7649.0;ulsan hd fc;jeju sk fc;1.9;1.83;
2026-05-13;193717000;South Korea K League 1;South Korea;07:30;Schedule;False;-0.36601307189542487;1.95;2.0, 2.5;1.85;2.0, 2.5;0.0;4.0;;0.0;2.0;2.0;206.0;132.0;100.0;Bucheon FC 1995;;1.0;3.0;4.5;0;0.0;0 - 0;3.4;Jeonbuk Motors;;0.0;4.0;1.7;0;0.0;+0.75 (+0.25);0 - 4;0-2;2.25 ( 0.5);1.0;11 - 106;9 - 53;53.0;9.0;50.0;50.0;6.0;2.0;2.0;1.0;;;;;;;;149.0;57.0;119.0;13.0;50.0;50.0;15.0;4.0;7.0;1.0;;[];[];[];[];[];[];[];[];1.0;0.0;0.0;1.0;0.0;0.0;92539.0;6908.0;bucheon fc 1995;jeonbuk fc;2.0;2.0;
2026-05-13;193716998;South Korea K League 1;South Korea;07:30;Schedule;False;0.1111111111111111;1.85;2.0, 2.5;1.95;2.0, 2.5;1.0;3.0;;1.0;0.0;1.0;187.0;117.0;100.0;FC Anyang;;0.0;1.0;2.25;1;2.0;2 - 2;3.1;Gimcheon Sangmu FC;;0.0;1.0;3.0;0;2.0;-0.25 ( 0.0);1 - 3;1-0;2.25 ( 4.5);1.0;44 - 72;28 - 33;33.0;28.0;50.0;50.0;1.0;2.0;1.0;1.0;;;;;;;;107.0;80.0;72.0;45.0;50.0;50.0;3.0;3.0;3.0;2.0;;[ 2 65 70 79];[1 2 2 2];[False False False False];['FC Anyang' 'Gimcheon Sangmu FC' 'Gimcheon Sangmu FC' 'FC Anyang'];[ 0  1  0 -1];[ 1  0 -1  0];['D' 'H' 'D' 'A'];['H' 'D' 'A' 'D'];0.2;0.7;0.1;0.04;0.96;0.0;32675.0;7647.0;fc anyang;gimcheon sangmu fc;1.8;1.8;
2026-05-13;194489040;Romania Cup Women;Romania;08:00;Schedule;False;0.765988938225442;1.875;3.5;1.925;3.5;2.0;0.0;;2.0;0.0;2.0;214.0;116.0;100.0;Farul Constanta (W);;0.0;0.0;1.167;0;0.0;0 - 0;6.0;CS Gloria 2018 Bistrita-Nasaud (W);;0.0;0.0;11.0;0;0.0;-2.25 ( -0.5);2 - 0;2-0;3.5 (1.25);1.5;61 - 35;52 - 29;29.0;52.0;35.0;65.0;1.0;2.0;1.0;1.0;;;;;;;;80.0;134.0;42.0;74.0;33.0;67.0;1.0;4.0;2.0;2.0;;[65];[2];[False];['Farul Constanta (W)'];[0];[1];['D'];['H'];0.72;0.28;0.0;1.0;0.0;0.0;3294.0;489628.0;fc farul constanta;cs gloria 2018 bistrita-nasaud;;;Women
2026-05-13;194527990;India Delhi Premier League;India;08:00;Schedule;False;0.10582010582010581;1.9;2.5, 3.0;1.9;2.5, 3.0;3.0;1.0;;3.0;1.0;4.0;184.0;104.0;;CISF;;0.0;1.0;2.1;1;2.0;2 - 1;3.9;Sudeva Delhi FC;;0.0;0.0;2.7;1;1.0;-0.25 (+0.25);3 - 1;3-1;2.75 ( 4.5);1.25;52 - 42;49 - 37;37.0;49.0;;;6.0;1.0;4.0;3.0;;;;;;;;84.0;100.0;49.0;55.0;;;7.0;1.0;4.0;4.0;;[ 6 20 46];[1 1 2];[False False False];['CISF' 'Sudeva Delhi FC' 'CISF'];[0 1 0];[1 0 1];['D' 'H' 'D'];['H' 'D' 'H'];0.36;0.64;0.0;0.69;0.31;0.0;;;;;;;
2026-05-13;194477677;Tanzania Premier League;Tanzania;08:00;Schedule;False;0.29054054054054046;1.85;2.0;1.95;2.0;4.0;2.0;;3.0;2.0;5.0;138.0;112.0;;Mbeya City;14.0;0.0;0.0;1.85;0;0.0;0 - 1;3.0;Coastal Union;13.0;0.0;0.0;4.0;1;1.0;-0.5 (-0.25);4 - 2;3-2;2.0 (1.75);0.75;53 - 40;35 - 30;30.0;35.0;;;2.0;1.0;1.0;0.0;;;;;;;;80.0;58.0;46.0;66.0;;;3.0;2.0;1.0;0.0;;[35];[1];[False];['Coastal Union'];[0];[-1];['D'];['A'];0.39;0.0;0.61;0.78;0.0;0.22;;;;;;;
2026-05-13;194528425;Israel Youth League;Israel;08:45;Schedule;False;0.008503401360544283;1.95;2.5;1.85;2.5;1.0;0.0;;1.0;0.0;1.0;143.0;60.0;100.0;Hapoel Raanana U19;;0.0;0.0;2.4;1;1.0;1 - 0;3.4;Hapoel Haifa U19;;0.0;0.0;2.45;0;0.0;0.0 ( 0.0);1 - 0;1-0;2.5 (2.75);1.0 ( 1.5);30 - 17;nan;;;;;;;;;;;;;;;;57.0;86.0;20.0;40.0;38.0;62.0;3.0;4.0;0.0;2.0;;[19];[1];[False];['Hapoel Raanana U19'];[0];[1];['D'];['H'];0.21;0.79;0.0;0.42;0.58;0.0;5398.0;5201.0;hapoel ra`anana fc;hapoel haifa fc;;;Youth
2026-05-13;194466441;ASEAN Club Championship;International (Asia);09:00;Schedule;False;-0.06349206349206349;1.9;2.5, 3.0;1.9;2.5, 3.0;1.0;1.0;;1.0;1.0;2.0;61.0;31.0;100.0;Buriram United;;0.0;1.0;2.625;0;0.0;0 - 0;3.7;Johor Darul Ta'zim;;0.0;0.0;2.25;0;0.0;0.0 ( +0.5);1 - 1;1-1;2.75 (2.25);1.25 (0.75);4 - 17;nan;;;;;;;;;;;;;;;;46.0;15.0;26.0;5.0;50.0;50.0;4.0;0.0;1.0;0.0;;[];[];[];[];[];[];[];[];1.0;0.0;0.0;1.0;0.0;0.0;34218.0;3327.0;buriram united;johor darul ta'zim;;;
2026-05-13;194491279;Poland III Liga;Poland;09:00;Schedule;False;0.24884792626728108;1.825;4.0;1.975;4.0;1.0;1.0;;1.0;1.0;2.0;24.0;30.0;100.0;Gornik Zabrze II;;0.0;0.0;1.75;0;0.0;0 - 0;4.333;Miedz Legnica II;;0.0;0.0;3.1;1;0.0;-0.75 ( -0.5);1 - 1;1-1;4.0 (3.25);1.75 ( 1);10 - 9;nan;;;;;;;;;;;;;;;;7.0;17.0;12.0;18.0;37.0;63.0;1.0;2.0;1.0;0.0;;[23];[1];[False];['Miedz Legnica II'];[0];[-1];['D'];['A'];0.26;0.0;0.74;0.51;0.0;0.49;3110.0;35330.0;gornik zabrze;miedz legnica;;;Youth
2026-05-13;194484848;Vietnam Cup Women;Vietnam;09:00;Schedule;False;0.9071368270666926;1.825;3.5, 4.0;1.975;3.5, 4.0;1.0;0.0;;1.0;0.0;1.0;41.0;19.0;100.0;Thai Nguyen (W);;0.0;0.0;1.062;1;1.0;1 - 0;12.0;Ha Noi II (W);;0.0;0.0;29.0;0;0.0;-3.25 (-2.25);1 - 0;1-0;3.75 (3.75);1.75 (1.75);11 - 2;nan;;;;;;;;;;;;;;;;17.0;24.0;4.0;15.0;41.0;59.0;1.0;1.0;1.0;3.0;;[8];[1];[False];['Thai Nguyen (W)'];[0];[1];['D'];['H'];0.09;0.91;0.0;0.18;0.82;0.0;;;;;;;Youth-Women
2026-05-13;193327288;Bulgaria First League;Bulgaria;09:15;Schedule;False;-0.03779289493575205;1.8;2.0, 2.5;2.0;2.0, 2.5;0.0;0.0;;0.0;0.0;0.0;51.0;18.0;100.0;Slavia Sofia;;0.0;0.0;2.7;0;0.0;0 - 1;3.3;Dobrudzha 1919 Dobrich;;0.0;0.0;2.45;1;1.0;0.0 (+0.25);0 - 0;0-0;2.25 (3.25);1.0 ( 2);3 - 3;nan;;;;;;;;;;;;;;;;20.0;31.0;7.0;11.0;47.0;53.0;0.0;2.0;2.0;0.0;;[3];[1];[False];['Dobrudzha 1919 Dobrich'];[0];[-1];['D'];['A'];0.03;0.0;0.97;0.07;0.0;0.93;3274.0;5242.0;pfc slavia sofia;pfc dobrudzha dobrich;;;
2026-05-13;194525641;Malaysia President Cup;Malaysia;09:30;Schedule;False;0.8055555555555555;1.9;3.5;1.9;3.5;0.0;0.0;;0.0;0.0;0.0;3.0;2.0;100.0;Johor Darul Ta'zim III U20;;0.0;0.0;1.125;0;0.0;0 - 0;9.0;Kuala Lumpur FA U20;;0.0;0.0;12.0;0;0.0;-2.5;0 - 0;0-0;3.5;1.5;-;nan;;;;;;;;;;;;;;;;3.0;0.0;0.0;2.0;74.0;26.0;0.0;1.0;0.0;0.0;;[];[];[];[];[];[];[];[];1.0;0.0;0.0;1.0;0.0;0.0;;;;;;;Youth
2026-05-13;194271907;Ukraine Vyscha Liga;Ukraine;09:30;Schedule;False;0.7799749522114561;2.0;3.0, 3.5;1.8;3.0, 3.5;0.0;0.0;;0.0;0.0;0.0;0.0;0.0;100.0;LNZ Cherkasy;1.0;0.0;0.0;1.167;0;0.0;0 - 0;6.25;SC Poltava;16.0;0.0;0.0;13.0;0;0.0;-2.0;0 - 0;0-0;3.25;1.25;-;nan;;;;;;;;;;;;;;;;0.0;0.0;0.0;0.0;50.0;50.0;0.0;0.0;0.0;0.0;;[];[];[];[];[];[];[];[];1.0;0.0;0.0;1.0;0.0;0.0;312744.0;586811.0;lnz cherkasy;sc poltava;2.1;2.2;
2026-05-13;194271905;Ukraine Vyscha Liga;Ukraine;09:30;Schedule;False;0.5996376811594204;1.975;2.5, 3.0;1.825;2.5, 3.0;0.0;0.0;;0.0;0.0;0.0;0.0;0.0;100.0;Dynamo Kyiv;4.0;0.0;0.0;1.38;0;0.0;0 - 0;4.1;Kolos Kovalivka;7.0;0.0;0.0;8.0;0;0.0;-1.25;0 - 0;0-0;2.75;1.0;-;nan;;;;;;;;;;;;;;;;0.0;0.0;0.0;0.0;50.0;50.0;0.0;0.0;0.0;0.0;;[];[];[];[];[];[];[];[];1.0;0.0;0.0;1.0;0.0;0.0;3305.0;213176.0;fc dynamo kyiv;kolos kovalivka;2.1;2.0;
2026-05-13;194465763;Argentina Nacional Reserve League;Argentina;10:00;Schedule;False;-0.25641025641025644;1.75;1.5, 2.0;2.05;1.5, 2.0;0.0;0.0;;0.0;0.0;0.0;0.0;0.0;;Defensores de Belgrano Reserves;;0.0;0.0;3.9;0;0.0;0 - 0;3.1;Chacarita Juniors Reserves;;0.0;0.0;1.95;0;0.0;+0.5;0 - 0;0-0;1.75;0.75;-;nan;;;;;;;;;;;;;;;;0.0;0.0;0.0;0.0;;;0.0;0.0;0.0;0.0;;[];[];[];[];[];[];[];[];1.0;0.0;0.0;1.0;0.0;0.0;;;;;;;Youth
2026-05-13;194271619;Uganda Premier League;Uganda;10:00;Schedule;False;-0.3777089783281734;1.9;2.0;1.9;2.0;0.0;0.0;;0.0;0.0;0.0;0.0;0.0;;Mbarara City;13.0;0.0;0.0;4.75;0;0.0;0 - 0;3.2;SC Villa;4.0;0.0;0.0;1.7;0;0.0;+0.75;0 - 0;0-0;2.0;0.75;-;nan;;;;;;;;;;;;;;;;0.0;0.0;0.0;0.0;;;0.0;0.0;0.0;0.0;;[];[];[];[];[];[];[];[];1.0;0.0;0.0;1.0;0.0;0.0;;;;;;;
2026-05-13;194572931;Kenya Premier League;Kenya;10:00;Schedule;False;0.3450292397660819;1.85;1.5, 2.0;1.95;1.5, 2.0;0.0;0.0;;0.0;0.0;0.0;0.0;0.0;;AFC Leopards;2.0;0.0;0.0;1.8;0;0.0;0 - 0;2.875;Ulinzi Stars;16.0;0.0;0.0;4.75;0;0.0;-0.5;0 - 0;0-0;1.75;0.75;-;nan;;;;;;;;;;;;;;;;0.0;0.0;0.0;0.0;;;0.0;0.0;0.0;0.0;;[];[];[];[];[];[];[];[];1.0;0.0;0.0;1.0;0.0;0.0;;;;;;;
2026-05-13;194271622;Uganda Premier League;Uganda;10:00;Schedule;False;-0.4618395303326811;1.95;2.5;1.85;2.5;0.0;0.0;;0.0;0.0;0.0;0.0;0.0;;UPDF FC;15.0;0.0;0.0;5.25;0;0.0;0 - 0;3.7;KCCA;3.0;0.0;0.0;1.533;0;0.0;+1.0;0 - 0;0-0;2.5;1.0;-;nan;;;;;;;;;;;;;;;;0.0;0.0;0.0;0.0;;;0.0;0.0;0.0;0.0;;[];[];[];[];[];[];[];[];1.0;0.0;0.0;1.0;0.0;0.0;;;;;;;
2026-05-13;194529339;Mozambique Mocambola;Mozambique;10:00;Schedule;False;-0.29054054054054046;2.0;2.0, 2.5;1.8;2.0, 2.5;0.0;0.0;;0.0;0.0;0.0;0.0;0.0;;LD Sofala;5.0;0.0;0.0;4.0;0;0.0;0 - 0;3.1;UD Songo;8.0;0.0;0.0;1.85;0;0.0;+0.5;0 - 0;0-0;2.25;0.75;-;nan;;;;;;;;;;;;;;;;0.0;0.0;0.0;0.0;;;0.0;0.0;0.0;0.0;;[];[];[];[];[];[];[];[];1.0;0.0;0.0;1.0;0.0;0.0;;;;;;;
2026-05-13;194567274;Rwanda National League;Rwanda;10:00;Schedule;False;0.6390764357756107;1.9;2.5;1.9;2.5;0.0;0.0;;0.0;0.0;0.0;0.0;0.0;;Al Hilal Omdurman;3.0;0.0;0.0;1.333;0;0.0;0 - 0;4.0;Gasogi Utd;12.0;0.0;0.0;9.0;0;0.0;-1.5;0 - 0;0-0;2.5;1.0;-;nan;;;;;;;;;;;;;;;;0.0;0.0;0.0;0.0;;;0.0;0.0;0.0;0.0;;[];[];[];[];[];[];[];[];1.0;0.0;0.0;1.0;0.0;0.0;69322.0;;al hilal (sdn);;;;
2026-05-13;194465765;Argentina Nacional Reserve League;Argentina;10:00;Schedule;False;0.18011257035647282;2.0;2.0, 2.5;1.8;2.0, 2.5;0.0;0.0;;0.0;0.0;0.0;0.0;0.0;;CA Estudiantes Caseros Reserves;;0.0;0.0;2.05;0;0.0;0 - 0;3.25;Ferrocarril Midland Reserves;;0.0;0.0;3.25;0;0.0;-0.25;0 - 0;0-0;2.25;0.75;-;nan;;;;;;;;;;;;;;;;0.0;0.0;0.0;0.0;;;0.0;0.0;0.0;0.0;;[];[];[];[];[];[];[];[];1.0;0.0;0.0;1.0;0.0;0.0;;;;;;;Youth
2026-05-13;194479064;Zimbabwe Premier Soccer League;Zimbabwe;10:00;Schedule;False;0.20592020592020593;1.875;1.5, 2.0;1.925;1.5, 2.0;0.0;0.0;;0.0;0.0;0.0;0.0;0.0;;CAPS United;;0.0;0.0;2.1;0;0.0;0 - 0;2.75;MWOS FC;;0.0;0.0;3.7;0;0.0;-0.25;0 - 0;0-0;1.75;0.75;-;nan;;;;;;;;;;;;;;;;0.0;0.0;0.0;0.0;;;0.0;0.0;0.0;0.0;;[];[];[];[];[];[];[];[];1.0;0.0;0.0;1.0;0.0;0.0;;;;;;;
2026-05-13;194529352;Mozambique Mocambola;Mozambique;10:00;Schedule;False;0.38935370820572723;1.825;2.0;1.975;2.0;0.0;0.0;;0.0;0.0;0.0;0.0;0.0;;Ferroviario Maputo;;0.0;0.0;1.667;0;0.0;0 - 0;3.3;CD Maxaquene;;0.0;0.0;4.75;0;0.0;-0.75;0 - 0;0-0;2.0;0.75;-;nan;;;;;;;;;;;;;;;;0.0;0.0;0.0;0.0;;;0.0;0.0;0.0;0.0;;[];[];[];[];[];[];[];[];1.0;0.0;0.0;1.0;0.0;0.0;;;;;;;
2026-05-13;194489042;Romania Cup Women;Romania;10:00;Schedule;False;0.38383838383838387;1.85;2.5, 3.0;1.95;2.5, 3.0;0.0;0.0;;0.0;0.0;0.0;0.0;0.0;;FK Csikszereda Miercurea Ciuc (W);;0.0;0.0;1.65;0;0.0;0 - 0;3.7;Olimpia Cluj (W);;0.0;0.0;4.5;0;0.0;-0.75;0 - 0;0-0;2.75;1.25;-;nan;;;;;;;;;;;;;;;;0.0;0.0;0.0;0.0;;;0.0;0.0;0.0;0.0;;[];[];[];[];[];[];[];[];1.0;0.0;0.0;1.0;0.0;0.0;391688.0;;afk csikszereda miercurea ciuc;;;;Women
2026-05-13;194465519;Argentina Reserve League;Argentina;10:00;Schedule;False;-0.2381201825937289;1.8;2.0;2.0;2.0;0.0;0.0;;0.0;0.0;0.0;0.0;0.0;;CA Ituzaingo Reserves;;0.0;0.0;3.5;0;0.0;0 - 0;3.25;Deportivo Laferrere Reserves;;0.0;0.0;1.909;0;0.0;+0.5;0 - 0;0-0;2.0;0.75;-;nan;;;;;;;;;;;;;;;;0.0;0.0;0.0;0.0;;;0.0;0.0;0.0;0.0;;[];[];[];[];[];[];[];[];1.0;0.0;0.0;1.0;0.0;0.0;;;;;;;Youth
2026-05-13;194511362;Kenya Premier League;Kenya;10:00;Schedule;False;-0.1709986320109439;1.775;1.5, 2.0;2.025;1.5, 2.0;0.0;0.0;;0.0;0.0;0.0;0.0;0.0;;Ulinzi Stars;16.0;0.0;0.0;3.4;0;0.0;0 - 0;2.8;AFC Leopards;2.0;0.0;0.0;2.15;0;0.0;+0.25;0 - 0;0-0;1.75;0.75;-;nan;;;;;;;;;;;;;;;;0.0;0.0;0.0;0.0;;;0.0;0.0;0.0;0.0;;[];[];[];[];[];[];[];[];1.0;0.0;0.0;1.0;0.0;0.0;;;;;;;
2026-05-13;194479049;Zimbabwe Premier Soccer League;Zimbabwe;10:00;Schedule;False;0.03501400560224094;1.975;1.5, 2.0;1.825;1.5, 2.0;0.0;0.0;;0.0;0.0;0.0;0.0;0.0;;Chicken Inn FC;;0.0;0.0;2.55;0;0.0;0 - 0;2.7;Simba Bhora;;0.0;0.0;2.8;0;0.0;0.0;0 - 0;0-0;1.75;0.75;-;nan;;;;;;;;;;;;;;;;0.0;0.0;0.0;0.0;;;0.0;0.0;0.0;0.0;;[];[];[];[];[];[];[];[];1.0;0.0;0.0;1.0;0.0;0.0;;;;;;;
2026-05-13;194465863;Argentina Reserve League;Argentina;10:00;Schedule;False;0.47619047619047616;2.025;2.0, 2.5;1.775;2.0, 2.5;0.0;0.0;;0.0;0.0;0.0;0.0;0.0;;Defensores Unidos Reserves;;0.0;0.0;1.5;0;0.0;0 - 0;3.8;Villa Dalmine Reserves;;0.0;0.0;5.25;0;0.0;-1.0;0 - 0;0-0;2.25;1.0;-;nan;;;;;;;;;;;;;;;;0.0;0.0;0.0;0.0;;;0.0;0.0;0.0;0.0;;[];[];[];[];[];[];[];[];1.0;0.0;0.0;1.0;0.0;0.0;;;;;;;Youth
2026-05-13;194477683;Tanzania Premier League;Tanzania;10:15;Schedule;False;-0.7274215146555572;1.9;2.5;1.9;2.5;0.0;0.0;;0.0;0.0;0.0;0.0;0.0;;Dodoma Jiji FC;9.0;0.0;0.0;11.0;0;0.0;0 - 0;4.5;Young Africans FC;1.0;0.0;0.0;1.222;0;0.0;+1.75;0 - 0;0-0;2.5;1.0;-;nan;;;;;;;;;;;;;;;;0.0;0.0;0.0;0.0;;;0.0;0.0;0.0;0.0;;[];[];[];[];[];[];[];[];1.0;0.0;0.0;1.0;0.0;0.0;;;;;;;
2026-05-13;194530874;Zanzibar Premier League;Tanzania;10:15;Schedule;False;0.10295126973232671;1.8;1.5, 2.0;2.0;1.5, 2.0;0.0;0.0;;0.0;0.0;0.0;0.0;0.0;;Mafunzo FC;;0.0;0.0;2.35;0;0.0;0 - 0;2.75;Chipukizi FC;;0.0;0.0;3.1;0;0.0;-0.25;0 - 0;0-0;1.75;0.75;-;nan;;;;;;;;;;;;;;;;0.0;0.0;0.0;0.0;;;0.0;0.0;0.0;0.0;;[];[];[];[];[];[];[];[];1.0;0.0;0.0;1.0;0.0;0.0;;;;;;;
2026-05-13;194528308;Iraq Premier Division;Iraq;10:30;Schedule;False;0.09740259740259738;2.0;2.0, 2.5;1.8;2.0, 2.5;0.0;0.0;;0.0;0.0;0.0;0.0;0.0;;Al-Sufiya SC;;0.0;0.0;2.2;0;0.0;0 - 0;3.25;Al Furat;;0.0;0.0;2.8;0;0.0;-0.25;0 - 0;0-0;2.25;0.75;-;nan;;;;;;;;;;;;;;;;0.0;0.0;0.0;0.0;;;0.0;0.0;0.0;0.0;;[];[];[];[];[];[];[];[];1.0;0.0;0.0;1.0;0.0;0.0;;;;;;;
2026-05-13;194567278;Israel Youth Cup;Israel;10:50;Schedule;False;0.5324675324675325;1.85;3.0, 3.5;1.95;3.0, 3.5;0.0;0.0;;0.0;0.0;0.0;0.0;0.0;;Maccabi Tel Aviv U19;;0.0;0.0;1.4;0;0.0;0 - 0;4.5;Hapoel Rishon Lezion U19;;0.0;0.0;5.5;0;0.0;-1.25;0 - 0;0-0;3.25;1.25;-;nan;;;;;;;;;;;;;;;;0.0;0.0;0.0;0.0;;;0.0;0.0;0.0;0.0;;[];[];[];[];[];[];[];[];1.0;0.0;0.0;1.0;0.0;0.0;5198.0;5394.0;maccabi tel aviv fc;hapoel rishon lezion fc;;;Youth
2026-05-13;194483334;Egypt Division 1;Egypt;11:00;Schedule;False;-0.1709986320109439;1.8;1.5, 2.0;2.0;1.5, 2.0;0.0;0.0;;0.0;0.0;0.0;0.0;0.0;;Haras El Hedoud;18.0;0.0;0.0;3.4;0;0.0;0 - 0;2.875;Al Moqawloon Al Arab;17.0;0.0;0.0;2.15;0;0.0;+0.25;0 - 0;0-0;1.75;0.75;-;nan;;;;;;;;;;;;;;;;0.0;0.0;0.0;0.0;;;0.0;0.0;0.0;0.0;;[];[];[];[];[];[];[];[];1.0;0.0;0.0;1.0;0.0;0.0;43566.0;42365.0;haras el hodood;al mokawloon al arab;2.5;2.5;
2026-05-13;194465521;Argentina Reserve League;Argentina;11:00;Schedule;False;0.49385749385749383;1.825;2.0;1.975;2.0;0.0;0.0;;0.0;0.0;0.0;0.0;0.0;;Club Comunicaciones Reserves;;0.0;0.0;1.48;0;0.0;0 - 0;3.9;UAI Urquiza Reserves;;0.0;0.0;5.5;0;0.0;-1.0;0 - 0;0-0;2.0;0.75;-;nan;;;;;;;;;;;;;;;;0.0;0.0;0.0;0.0;;;0.0;0.0;0.0;0.0;;[];[];[];[];[];[];[];[];1.0;0.0;0.0;1.0;0.0;0.0;;;;;;;Youth
2026-05-13;193754170;Greece Super League 1;Greece;11:00;Schedule;False;0.36601307189542487;1.95;3.0;1.85;3.0;0.0;0.0;;0.0;0.0;0.0;0.0;0.0;;Levadiakos;;0.0;0.0;1.7;0;0.0;0 - 0;4.1;OFI Crete;;0.0;0.0;4.5;0;0.0;-0.75;0 - 0;0-0;3.0;1.25;-;nan;;;;;;;;;;;;;;;;0.0;0.0;0.0;0.0;;;0.0;0.0;0.0;0.0;;[];[];[];[];[];[];[];[];1.0;0.0;0.0;1.0;0.0;0.0;5063.0;3241.0;apo levadiakos fc;ofi crete;1.8;1.66;
2026-05-13;194484756;Uzbekistan Cup;Uzbekistan;11:00;Schedule;False;0.8524709613818524;1.9;3.5;1.9;3.5;0.0;0.0;;0.0;0.0;0.0;0.0;0.0;;Pakhtakor Tashkent;;0.0;0.0;1.111;0;0.0;0 - 0;8.5;FC Yaypan Fergana;;0.0;0.0;21.0;0;0.0;-2.75;0 - 0;0-0;3.5;1.5;-;nan;;;;;;;;;;;;;;;;0.0;0.0;0.0;0.0;;;0.0;0.0;0.0;0.0;;[];[];[];[];[];[];[];[];1.0;0.0;0.0;1.0;0.0;0.0;;;;;;;
2026-05-13;194466431;Argentina Reserve League;Argentina;11:00;Schedule;False;-0.3498800239952009;1.95;2.5;1.85;2.5;0.0;0.0;;0.0;0.0;0.0;0.0;0.0;;Deportivo Espanol Reserves;;0.0;0.0;4.0;0;0.0;0 - 0;3.75;Argentino de Rosario Reserves;;0.0;0.0;1.667;0;0.0;+0.75;0 - 0;0-0;2.5;1.0;-;nan;;;;;;;;;;;;;;;;0.0;0.0;0.0;0.0;;;0.0;0.0;0.0;0.0;;[];[];[];[];[];[];[];[];1.0;0.0;0.0;1.0;0.0;0.0;;;;;;;Youth
2026-05-13;194511345;Slovenia Cup Women;Slovenia;11:00;Schedule;False;0.5107025938050869;1.825;2.5;1.975;2.5;0.0;0.0;;0.0;0.0;0.0;0.0;0.0;;ZNK Mura (W);;0.0;0.0;1.444;0;0.0;0 - 0;4.2;ZNK Radomlje (W);;0.0;0.0;5.5;0;0.0;-1.25;0 - 0;0-0;2.5;1.0;-;nan;;;;;;;;;;;;;;;;0.0;0.0;0.0;0.0;;;0.0;0.0;0.0;0.0;;[];[];[];[];[];[];[];[];1.0;0.0;0.0;1.0;0.0;0.0;;;;;;;Women
2026-05-13;194511339;Italy Serie D;Italy;11:00;Schedule;False;-0.016666666666666663;1.85;2.5;1.95;2.5;0.0;0.0;;0.0;0.0;0.0;0.0;0.0;;AC Savoia 1908;;0.0;0.0;2.5;0;0.0;0 - 0;3.3;Scafatese;;0.0;0.0;2.4;0;0.0;0.0;0 - 0;0-0;2.5;1.0;-;nan;;;;;;;;;;;;;;;;0.0;0.0;0.0;0.0;;;0.0;0.0;0.0;0.0;;[];[];[];[];[];[];[];[];1.0;0.0;0.0;1.0;0.0;0.0;;;;;;;
2026-05-13;194528690;Kazakhstan Cup;Kazakhstan;11:00;Schedule;False;0.49275362318840576;1.85;2.0, 2.5;1.95;2.0, 2.5;0.0;0.0;;0.0;0.0;0.0;0.0;0.0;;FK Aktobe;;0.0;0.0;1.5;0;0.0;0 - 0;3.6;FC Altai Semey;;0.0;0.0;5.75;0;0.0;-1.0;0 - 0;0-0;2.25;1.0;-;nan;;;;;;;;;;;;;;;;0.0;0.0;0.0;0.0;;;0.0;0.0;0.0;0.0;;[];[];[];[];[];[];[];[];1.0;0.0;0.0;1.0;0.0;0.0;;;;;;;
2026-05-13;194528701;Kazakhstan Cup;Kazakhstan;11:00;Schedule;False;0.1111111111111111;1.95;2.0, 2.5;1.85;2.0, 2.5;0.0;0.0;;0.0;0.0;0.0;0.0;0.0;;FK Zhenys;;0.0;0.0;2.25;0;0.0;0 - 0;3.0;FK Kyzylzhar;;0.0;0.0;3.0;0;0.0;-0.25;0 - 0;0-0;2.25;1.0;-;nan;;;;;;;;;;;;;;;;0.0;0.0;0.0;0.0;;;0.0;0.0;0.0;0.0;;[];[];[];[];[];[];[];[];1.0;0.0;0.0;1.0;0.0;0.0;;;;;;;
2026-05-13;194483339;Egypt Division 1;Egypt;11:00;Schedule;False;0.010582010582010581;1.775;1.5, 2.0;2.025;1.5, 2.0;0.0;0.0;;0.0;0.0;0.0;0.0;0.0;;ZED FC;8.0;0.0;0.0;2.625;0;0.0;0 - 0;2.7;Ghazl El Mahallah;16.0;0.0;0.0;2.7;0;0.0;0.0;0 - 0;0-0;1.75;0.75;-;nan;;;;;;;;;;;;;;;;0.0;0.0;0.0;0.0;;;0.0;0.0;0.0;0.0;;[];[];[];[];[];[];[];[];1.0;0.0;0.0;1.0;0.0;0.0;249057.0;58319.0;zed fc;ghazl el mahallah;;;
2026-05-13;193754174;Greece Super League 1;Greece;11:00;Schedule;False;-0.2496626180836708;1.8;2.5;2.0;2.5;0.0;0.0;;0.0;0.0;0.0;0.0;0.0;;Volos NFC;;0.0;0.0;3.8;0;0.0;0 - 0;3.5;Aris Salonika;;0.0;0.0;1.95;0;0.0;+0.5;0 - 0;0-0;2.5;1.0;-;nan;;;;;;;;;;;;;;;;0.0;0.0;0.0;0.0;;;0.0;0.0;0.0;0.0;;[];[];[];[];[];[];[];[];1.0;0.0;0.0;1.0;0.0;0.0;373128.0;3252.0;volos nps;aris thessaloniki;2.0;1.8;
2026-05-13;194511349;Oman League;Oman;11:05;Schedule;False;-0.2631578947368421;1.975;2.0, 2.5;1.825;2.0, 2.5;0.0;0.0;;0.0;0.0;0.0;0.0;0.0;;Saham;;0.0;0.0;3.8;0;0.0;0 - 0;3.1;Oman FC;;0.0;0.0;1.9;0;0.0;+0.5;0 - 0;0-0;2.25;1.0;-;nan;;;;;;;;;;;;;;;;0.0;0.0;0.0;0.0;;;0.0;0.0;0.0;0.0;;[];[];[];[];[];[];[];[];1.0;0.0;0.0;1.0;0.0;0.0;40647.0;57443.0;saham;oman club;2.0;2.0;
2026-05-13;194490796;Poland IV Liga;Poland;11:30;Schedule;False;-0.018115942028985532;1.975;3.0, 3.5;1.825;3.0, 3.5;0.0;0.0;;0.0;0.0;0.0;0.0;0.0;;Mazur Karczew;;0.0;0.0;2.4;0;0.0;0 - 0;3.75;Talent Warsaw;;0.0;0.0;2.3;0;0.0;0.0;0 - 0;0-0;3.25;1.25;-;nan;;;;;;;;;;;;;;;;0.0;0.0;0.0;0.0;;;0.0;0.0;0.0;0.0;;[];[];[];[];[];[];[];[];1.0;0.0;0.0;1.0;0.0;0.0;;;;;;;
2026-05-13;193327293;Bulgaria First League;Bulgaria;11:45;Schedule;False;0.22464698331193844;1.9;2.0, 2.5;1.9;2.0, 2.5;0.0;0.0;;0.0;0.0;0.0;0.0;0.0;;CSKA Sofia;;0.0;0.0;2.05;0;0.0;0 - 0;3.25;CSKA 1948 Sofia;;0.0;0.0;3.8;0;0.0;-0.5;0 - 0;0-0;2.25;1.0;-;nan;;;;;;;;;;;;;;;;0.0;0.0;0.0;0.0;;;0.0;0.0;0.0;0.0;;[];[];[];[];[];[];[];[];1.0;0.0;0.0;1.0;0.0;0.0;3275.0;288687.0;pfc cska sofia;fc cska 1948;1.83;2.0;
2026-05-13;194489243;Saudi Arabia Division 1;Saudi Arabia;11:50;Schedule;False;0.06993006993006995;1.925;3.0;1.875;3.0;0.0;0.0;;0.0;0.0;0.0;0.0;0.0;;Al Raed;7.0;0.0;0.0;2.2;0;0.0;0 - 0;3.7;Abha;1.0;0.0;0.0;2.6;0;0.0;-0.25;0 - 0;0-0;3.0;1.25;-;nan;;;;;;;;;;;;;;;;0.0;0.0;0.0;0.0;;;0.0;0.0;0.0;0.0;;[];[];[];[];[];[];[];[];1.0;0.0;0.0;1.0;0.0;0.0;;;;;;;
2026-05-13;194482201;Poland III Liga;Poland;12:00;Schedule;False;-0.36858974358974356;1.975;3.0, 3.5;1.825;3.0, 3.5;0.0;0.0;;0.0;0.0;0.0;0.0;0.0;;Tluchowia Tluchowo;;0.0;0.0;3.9;0;0.0;0 - 0;4.2;Lech Poznan II;;0.0;0.0;1.6;0;0.0;+1.0;0 - 0;0-0;3.25;1.25;-;nan;;;;;;;;;;;;;;;;0.0;0.0;0.0;0.0;;;0.0;0.0;0.0;0.0;;[];[];[];[];[];[];[];[];1.0;0.0;0.0;1.0;0.0;0.0;;3121.0;;kks lech poznan;;;Youth
2026-05-13;194482199;Poland III Liga;Poland;12:00;Schedule;False;0.36215816703621584;1.9;3.0;1.9;3.0;0.0;0.0;;0.0;0.0;0.0;0.0;0.0;;Kluczevia Stargard;;0.0;0.0;1.65;0;0.0;0 - 0;3.75;Lipno Steszew;;0.0;0.0;4.1;0;0.0;-0.75;0 - 0;0-0;3.0;1.25;-;nan;;;;;;;;;;;;;;;;0.0;0.0;0.0;0.0;;;0.0;0.0;0.0;0.0;;[];[];[];[];[];[];[];[];1.0;0.0;0.0;1.0;0.0;0.0;;;;;;;
2026-05-13;194482194;Poland III Liga;Poland;12:00;Schedule;False;0.35597758497081067;1.95;2.5, 3.0;1.85;2.5, 3.0;0.0;0.0;;0.0;0.0;0.0;0.0;0.0;;Pogon Szczecin II;;0.0;0.0;1.667;0;0.0;0 - 0;3.75;Elana Torun;;0.0;0.0;4.1;0;0.0;-0.75;0 - 0;0-0;2.75;1.25;-;nan;;;;;;;;;;;;;;;;0.0;0.0;0.0;0.0;;;0.0;0.0;0.0;0.0;;[];[];[];[];[];[];[];[];1.0;0.0;0.0;1.0;0.0;0.0;3117.0;;pogon szczecin;;;;Youth
2026-05-13;194528710;Kazakhstan Cup;Kazakhstan;12:00;Schedule;False;-0.046296296296296335;1.8;2.0, 2.5;2.0;2.0, 2.5;0.0;0.0;;0.0;0.0;0.0;0.0;0.0;;Kaisar Kyzylorda;;0.0;0.0;2.7;0;0.0;0 - 0;3.1;Tobol Kostanay;;0.0;0.0;2.4;0;0.0;0.0;0 - 0;0-0;2.5;1.0;-;nan;;;;;;;;;;;;;;;;0.0;0.0;0.0;0.0;;;0.0;0.0;0.0;0.0;;[];[];[];[];[];[];[];[];1.0;0.0;0.0;1.0;0.0;0.0;;;;;;;
2026-05-13;194187827;Poland III Liga;Poland;12:00;Schedule;False;-0.31796502384737685;1.975;3.0;1.825;3.0;0.0;0.0;;0.0;0.0;0.0;0.0;0.0;;Swit Nowy Dwor Mazowiecki;;0.0;0.0;3.7;0;0.0;0 - 0;3.9;LKS Lomza;;0.0;0.0;1.7;0;0.0;+0.75;0 - 0;0-0;3.0;1.25;-;nan;;;;;;;;;;;;;;;;0.0;0.0;0.0;0.0;;;0.0;0.0;0.0;0.0;;[];[];[];[];[];[];[];[];1.0;0.0;0.0;1.0;0.0;0.0;;;;;;;
2026-05-13;194491287;Poland III Liga;Poland;12:00;Schedule;False;-0.3104575163398693;1.85;3.0;1.95;3.0;0.0;0.0;;0.0;0.0;0.0;0.0;0.0;;Swidniczanka Swidnik;;0.0;0.0;3.6;0;0.0;0 - 0;3.9;Pogon-Sokol Lubaczow;;0.0;0.0;1.7;0;0.0;+0.75;0 - 0;0-0;3.0;1.25;-;nan;;;;;;;;;;;;;;;;0.0;0.0;0.0;0.0;;;0.0;0.0;0.0;0.0;;[];[];[];[];[];[];[];[];1.0;0.0;0.0;1.0;0.0;0.0;;;;;;;
2026-05-13;194491284;Poland III Liga;Poland;12:00;Schedule;False;-0.6442716433385174;1.8;3.0;2.0;3.0;0.0;0.0;;0.0;0.0;0.0;0.0;0.0;;GKS Pniowek 74 Pawlowice;;0.0;0.0;7.5;0;0.0;0 - 0;5.0;Gornik Polkowice;;0.0;0.0;1.286;0;0.0;+1.75;0 - 0;0-0;3.25;1.25;-;nan;;;;;;;;;;;;;;;;0.0;0.0;0.0;0.0;;;0.0;0.0;0.0;0.0;;[];[];[];[];[];[];[];[];1.0;0.0;0.0;1.0;0.0;0.0;;;;;;;
2026-05-13;194482186;Poland III Liga;Poland;12:00;Schedule;False;0.16499442586399116;1.9;3.0;1.9;3.0;0.0;0.0;;0.0;0.0;0.0;0.0;0.0;;Korona Kielce II;;0.0;0.0;1.95;0;0.0;0 - 0;3.9;Wisloka Debica;;0.0;0.0;2.875;0;0.0;-0.25;0 - 0;0-0;3.0;1.25;-;nan;;;;;;;;;;;;;;;;0.0;0.0;0.0;0.0;;;0.0;0.0;0.0;0.0;;[];[];[];[];[];[];[];[];1.0;0.0;0.0;1.0;0.0;0.0;5065.0;;korona kielce;;;;Youth
2026-05-13;194482191;Poland III Liga;Poland;12:00;Schedule;False;0.23751023751023742;1.925;2.5, 3.0;1.875;2.5, 3.0;0.0;0.0;;0.0;0.0;0.0;0.0;0.0;;Unia Swarzedz;;0.0;0.0;1.85;0;0.0;0 - 0;3.6;Victoria Wrzesnia;;0.0;0.0;3.3;0;0.0;-0.5;0 - 0;0-0;2.75;1.25;-;nan;;;;;;;;;;;;;;;;0.0;0.0;0.0;0.0;;;0.0;0.0;0.0;0.0;;[];[];[];[];[];[];[];[];1.0;0.0;0.0;1.0;0.0;0.0;;;;;;;
2026-05-13;194482189;Poland III Liga;Poland;12:00;Schedule;False;-0.09090909090909088;1.925;2.5;1.875;2.5;0.0;0.0;;0.0;0.0;0.0;0.0;0.0;;Pogon Nowe Skalmierzyce;;0.0;0.0;2.75;0;0.0;0 - 0;3.4;Blekitni Stargard;;0.0;0.0;2.2;0;0.0;+0.25;0 - 0;0-0;2.5;1.0;-;nan;;;;;;;;;;;;;;;;0.0;0.0;0.0;0.0;;;0.0;0.0;0.0;0.0;;[];[];[];[];[];[];[];[];1.0;0.0;0.0;1.0;0.0;0.0;;;;;;;
2026-05-13;194465770;Argentina Nacional Reserve League;Argentina;12:00;Schedule;False;0.0;1.85;2.0, 2.5;1.95;2.0, 2.5;0.0;0.0;;0.0;0.0;0.0;0.0;0.0;;Acassuso Reserves;;0.0;0.0;2.5;0;0.0;0 - 0;3.25;CA Atlanta Reserves;;0.0;0.0;2.5;0;0.0;0.0;0 - 0;0-0;2.25;1.0;-;nan;;;;;;;;;;;;;;;;0.0;0.0;0.0;0.0;;;0.0;0.0;0.0;0.0;;[];[];[];[];[];[];[];[];1.0;0.0;0.0;1.0;0.0;0.0;;;;;;;Youth
2026-05-13;194491067;Slovakia I Liga Women;Slovakia;12:00;Schedule;False;-0.00447928331466968;1.9;3.0, 3.5;1.9;3.0, 3.5;0.0;0.0;;0.0;0.0;0.0;0.0;0.0;;SKF Zilina (W);;0.0;0.0;2.375;0;0.0;0 - 0;3.75;MFK Ruzomberok (W);;0.0;0.0;2.35;0;0.0;0.0;0 - 0;0-0;3.25;1.5;-;nan;;;;;;;;;;;;;;;;0.0;0.0;0.0;0.0;;;0.0;0.0;0.0;0.0;;[];[];[];[];[];[];[];[];1.0;0.0;0.0;1.0;0.0;0.0;;2397.0;;mfk ruzomberok;;;Women
2026-05-13;194490394;Latvia Virsliga;Latvia;12:00;Schedule;False;-0.6263736263736264;1.975;3.0, 3.5;1.825;3.0, 3.5;0.0;0.0;;0.0;0.0;0.0;0.0;0.0;;BFC Daugavpils;6.0;0.0;0.0;7.0;0;0.0;0 - 0;5.25;RFS;2.0;0.0;0.0;1.3;0;0.0;+1.5;0 - 0;0-0;3.25;1.25;-;nan;;;;;;;;;;;;;;;;0.0;0.0;0.0;0.0;;;0.0;0.0;0.0;0.0;;[];[];[];[];[];[];[];[];1.0;0.0;0.0;1.0;0.0;0.0;41498.0;68718.0;bfc daugavpils;fc rfs;;;
2026-05-13;194528714;Kazakhstan Cup;Kazakhstan;12:00;Schedule;False;0.6081378299120234;1.825;2.0, 2.5;1.975;2.0, 2.5;0.0;0.0;;0.0;0.0;0.0;0.0;0.0;;Ordabasy Shymkent;;0.0;0.0;1.364;0;0.0;0 - 0;3.8;Zhetysu;;0.0;0.0;8.0;0;0.0;-1.0;0 - 0;0-0;2.25;1.0;-;nan;;;;;;;;;;;;;;;;0.0;0.0;0.0;0.0;;;0.0;0.0;0.0;0.0;;[];[];[];[];[];[];[];[];1.0;0.0;0.0;1.0;0.0;0.0;;;;;;;
2026-05-13;194271914;Ukraine Vyscha Liga;Ukraine;12:00;Schedule;False;0.7691006117402057;1.95;3.0;1.85;3.0;0.0;0.0;;0.0;0.0;0.0;0.0;0.0;;Shakhtar Donetsk;2.0;0.0;0.0;1.182;0;0.0;0 - 0;6.0;Obolon Kyiv;12.0;0.0;0.0;13.0;0;0.0;-2.0;0 - 0;0-0;3.0;1.25;-;nan;;;;;;;;;;;;;;;;0.0;0.0;0.0;0.0;;;0.0;0.0;0.0;0.0;;[];[];[];[];[];[];[];[];1.0;0.0;0.0;1.0;0.0;0.0;3313.0;3312.0;fc shakhtar donetsk;fc obolon kyiv;2.0;2.25;
2026-05-13;194528935;Italy Serie D;Italy;12:00;Schedule;False;0.0;1.9;2.5;1.9;2.5;0.0;0.0;;0.0;0.0;0.0;0.0;0.0;;Grosseto;;0.0;0.0;2.5;0;0.0;0 - 0;3.2;AS Ostia Mare;;0.0;0.0;2.5;0;0.0;0.0;0 - 0;0-0;2.5;1.0;-;nan;;;;;;;;;;;;;;;;0.0;0.0;0.0;0.0;;;0.0;0.0;0.0;0.0;;[];[];[];[];[];[];[];[];1.0;0.0;0.0;1.0;0.0;0.0;;;;;;;
2026-05-13;194187829;Poland III Liga;Poland;12:00;Schedule;False;0.3627847900293721;2.0;3.5;1.8;3.5;0.0;0.0;;0.0;0.0;0.0;0.0;0.0;;CK Troszyn;;0.0;0.0;1.615;0;0.0;0 - 0;4.2;Lechia Tomaszow Mazowiecki;;0.0;0.0;3.9;0;0.0;-1.0;0 - 0;0-0;3.5;1.5;-;nan;;;;;;;;;;;;;;;;0.0;0.0;0.0;0.0;;;0.0;0.0;0.0;0.0;;[];[];[];[];[];[];[];[];1.0;0.0;0.0;1.0;0.0;0.0;;;;;;;
2026-05-13;194486412;Finland Cup;Finland;12:00;Schedule;False;-0.7979675617470894;1.925;3.5, 4.0;1.875;3.5, 4.0;0.0;0.0;;0.0;0.0;0.0;0.0;0.0;;P-Iirot;;0.0;0.0;13.0;0;0.0;0 - 0;7.5;FC Ilves;;0.0;0.0;1.143;0;0.0;+2.25;0 - 0;0-0;3.75;1.5;-;nan;;;;;;;;;;;;;;;;0.0;0.0;0.0;0.0;;;0.0;0.0;0.0;0.0;;[];[];[];[];[];[];[];[];1.0;0.0;0.0;1.0;0.0;0.0;5117.0;22386.0;p-iirot;tampereen ilves;;;
2026-05-13;194187822;Poland III Liga;Poland;12:00;Schedule;False;0.5507246376811595;1.9;3.0;1.9;3.0;0.0;0.0;;0.0;0.0;0.0;0.0;0.0;;Legia Warsaw II;;0.0;0.0;1.38;0;0.0;0 - 0;4.5;GKS Wikielec;;0.0;0.0;5.75;0;0.0;-1.25;0 - 0;0-0;3.0;1.25;-;nan;;;;;;;;;;;;;;;;0.0;0.0;0.0;0.0;;;0.0;0.0;0.0;0.0;;[];[];[];[];[];[];[];[];1.0;0.0;0.0;1.0;0.0;0.0;3106.0;;legia warszawa;;;;Youth
2026-05-13;194486699;Finland Cup;Finland;12:00;Schedule;False;0.6571428571428573;1.925;3.5, 4.0;1.875;3.5, 4.0;0.0;0.0;;0.0;0.0;0.0;0.0;0.0;;KaPa;;0.0;0.0;1.25;0;0.0;0 - 0;6.25;MyPa;;0.0;0.0;7.0;0;0.0;-1.75;0 - 0;0-0;3.75;1.5;-;nan;;;;;;;;;;;;;;;;0.0;0.0;0.0;0.0;;;0.0;0.0;0.0;0.0;;[];[];[];[];[];[];[];[];1.0;0.0;0.0;1.0;0.0;0.0;2273.0;2243.0;kapa kapylan pallo;myllykosken pallo -47;;;
2026-05-13;194472209;Tunisia League 1;Tunisia;12:00;Schedule;False;0.5094585779517287;1.775;1.5, 2.0;2.025;1.5, 2.0;0.0;0.0;;0.0;0.0;0.0;0.0;0.0;;CS Sfaxien;3.0;0.0;0.0;1.533;0;0.0;0 - 0;3.2;Etoile Sportive Sahel;6.0;0.0;0.0;7.0;0;0.0;-1.0;0 - 0;0-0;1.75;0.75;-;nan;;;;;;;;;;;;;;;;0.0;0.0;0.0;0.0;;;0.0;0.0;0.0;0.0;;[];[];[];[];[];[];[];[];1.0;0.0;0.0;1.0;0.0;0.0;;;;;;;
2026-05-13;194481608;Chile Primera Division Women;Chile;12:00;Schedule;False;0.5542857142857143;1.875;3.0;1.925;3.0;0.0;0.0;;0.0;0.0;0.0;0.0;0.0;;Coquimbo Unido (W);;0.0;0.0;1.4;0;0.0;0 - 0;4.1;Deportes Iquique (W);;0.0;0.0;6.25;0;0.0;-1.25;0 - 0;0-0;3.0;1.25;-;nan;;;;;;;;;;;;;;;;0.0;0.0;0.0;0.0;;;0.0;0.0;0.0;0.0;;[];[];[];[];[];[];[];[];1.0;0.0;0.0;1.0;0.0;0.0;3165.0;;coquimbo unido;;;;Women
2026-05-13;194486409;Finland Cup;Finland;12:00;Schedule;False;0.6947368421052632;2.0;3.5;1.8;3.5;0.0;0.0;;0.0;0.0;0.0;0.0;0.0;;Lahti;;0.0;0.0;1.25;0;0.0;0 - 0;5.25;MP;;0.0;0.0;9.5;0;0.0;-1.75;0 - 0;0-0;3.5;1.5;-;nan;;;;;;;;;;;;;;;;0.0;0.0;0.0;0.0;;;0.0;0.0;0.0;0.0;;[];[];[];[];[];[];[];[];1.0;0.0;0.0;1.0;0.0;0.0;2249.0;5115.0;fc lahti;mikkelin palloilijat;;;
2026-05-13;194481606;Chile Primera Division Women;Chile;12:00;Schedule;False;-0.92752603433718;1.85;4.0, 4.5;1.95;4.0, 4.5;0.0;0.0;;0.0;0.0;0.0;0.0;0.0;;Deportes Recoleta (W);;0.0;0.0;34.0;0;0.0;0 - 0;15.0;Universidad Catolica (W);;0.0;0.0;1.045;0;0.0;+3.5;0 - 0;0-0;4.25;1.75;-;nan;;;;;;;;;;;;;;;;0.0;0.0;0.0;0.0;;;0.0;0.0;0.0;0.0;;[];[];[];[];[];[];[];[];1.0;0.0;0.0;1.0;0.0;0.0;;3151.0;;cd universidad catolica;;;Women
2026-05-13;194486415;Finland Cup;Finland;12:00;Schedule;False;0.6849972722313148;1.85;3.5;1.95;3.5;0.0;0.0;;0.0;0.0;0.0;0.0;0.0;;SJK Akatemia;;0.0;0.0;1.222;0;0.0;0 - 0;6.5;KPV;;0.0;0.0;7.5;0;0.0;-1.75;0 - 0;0-0;3.5;1.5;-;nan;;;;;;;;;;;;;;;;0.0;0.0;0.0;0.0;;;0.0;0.0;0.0;0.0;;[];[];[];[];[];[];[];[];1.0;0.0;0.0;1.0;0.0;0.0;89908.0;2256.0;sjk akatemia;kpv kokkola;;;
2026-05-13;194187820;Poland III Liga;Poland;12:00;Schedule;False;0.09157509157509158;1.975;3.0, 3.5;1.825;3.0, 3.5;0.0;0.0;;0.0;0.0;0.0;0.0;0.0;;GKS Belchatow;;0.0;0.0;2.1;0;0.0;0 - 0;3.8;Widzew Lodz II;;0.0;0.0;2.6;0;0.0;-0.25;0 - 0;0-0;3.25;1.25;-;nan;;;;;;;;;;;;;;;;0.0;0.0;0.0;0.0;;;0.0;0.0;0.0;0.0;;[];[];[];[];[];[];[];[];1.0;0.0;0.0;1.0;0.0;0.0;;3115.0;;widzew lodz;;;Youth
2026-05-13;194486417;Finland Cup;Finland;12:00;Schedule;False;0.951219512195122;1.975;4.5, 5.0;1.825;4.5, 5.0;0.0;0.0;;0.0;0.0;0.0;0.0;0.0;;VPS Vaasa;;0.0;0.0;1.025;0;0.0;0 - 0;21.0;AIFK;;0.0;0.0;41.0;0;0.0;-3.75;0 - 0;0-0;4.75;2.0;-;nan;;;;;;;;;;;;;;;;0.0;0.0;0.0;0.0;;;0.0;0.0;0.0;0.0;;[];[];[];[];[];[];[];[];1.0;0.0;0.0;1.0;0.0;0.0;2246.0;22399.0;vaasan palloseura;abo ifk turku;;;
2026-05-13;194486420;Finland Cup;Finland;12:00;Schedule;False;-0.8757419865453107;1.95;4.0, 4.5;1.85;4.0, 4.5;0.0;0.0;;0.0;0.0;0.0;0.0;0.0;;EPS;;0.0;0.0;21.0;0;0.0;0 - 0;10.0;FC Haka;;0.0;0.0;1.083;0;0.0;+3.0;0 - 0;0-0;4.25;1.75;-;nan;;;;;;;;;;;;;;;;0.0;0.0;0.0;0.0;;;0.0;0.0;0.0;0.0;;[];[];[];[];[];[];[];[];1.0;0.0;0.0;1.0;0.0;0.0;245397.0;2240.0;espoon palloseura;fc haka valkeakoski;;;
2026-05-13;194486696;Finland Cup;Finland;12:00;Schedule;False;0.8577667547312234;1.925;4.0;1.875;4.0;0.0;0.0;;0.0;0.0;0.0;0.0;0.0;;TPS;;0.0;0.0;1.091;0;0.0;0 - 0;10.0;HJS;;0.0;0.0;17.0;0;0.0;-2.75;0 - 0;0-0;4.0;1.5;-;nan;;;;;;;;;;;;;;;;0.0;0.0;0.0;0.0;;;0.0;0.0;0.0;0.0;;[];[];[];[];[];[];[];[];1.0;0.0;0.0;1.0;0.0;0.0;;330431.0;;hjs;;;
2026-05-13;194187831;Poland III Liga;Poland;12:00;Schedule;False;0.47567567567567565;1.825;3.0;1.975;3.0;0.0;0.0;;0.0;0.0;0.0;0.0;0.0;;Warta Sieradz;;0.0;0.0;1.48;0;0.0;0 - 0;4.1;Wisla Plock II;;0.0;0.0;5.0;0;0.0;-1.0;0 - 0;0-0;3.0;1.25;-;nan;;;;;;;;;;;;;;;;0.0;0.0;0.0;0.0;;;0.0;0.0;0.0;0.0;;[];[];[];[];[];[];[];[];1.0;0.0;0.0;1.0;0.0;0.0;;3122.0;;wisla plock;;;Youth
2026-05-13;194486701;Finland Cup;Finland;12:00;Schedule;False;-0.20720720720720714;2.025;3.0, 3.5;1.775;3.0, 3.5;0.0;0.0;;0.0;0.0;0.0;0.0;0.0;;HIFK;;0.0;0.0;3.0;0;0.0;0 - 0;4.2;JaPS;;0.0;0.0;1.85;0;0.0;+0.5;0 - 0;0-0;3.25;1.25;-;nan;;;;;;;;;;;;;;;;0.0;0.0;0.0;0.0;;;0.0;0.0;0.0;0.0;;[];[];[];[];[];[];[];[];1.0;0.0;0.0;1.0;0.0;0.0;142654.0;23422.0;hifk;japs;;;
2026-05-13;194487648;Ghana Division 1;Ghana;12:00;Schedule;False;0.13178294573643412;1.9;2.0, 2.5;1.9;2.0, 2.5;0.0;0.0;;0.0;0.0;0.0;0.0;0.0;;Tamale City;;0.0;0.0;2.15;0;0.0;0 - 0;3.25;Debibi United;;0.0;0.0;3.0;0;0.0;0.0;0 - 0;0-0;2.25;1.0;-;nan;;;;;;;;;;;;;;;;0.0;0.0;0.0;0.0;;;0.0;0.0;0.0;0.0;;[];[];[];[];[];[];[];[];1.0;0.0;0.0;1.0;0.0;0.0;;;;;;;
2026-05-13;194465523;Argentina Reserve League;Argentina;12:00;Schedule;False;0.27888707037643207;1.85;2.0, 2.5;1.95;2.0, 2.5;0.0;0.0;;0.0;0.0;0.0;0.0;0.0;;Deportivo Armenio Reserves;;0.0;0.0;1.833;0;0.0;0 - 0;3.25;Argentino Merlo Reserves;;0.0;0.0;3.75;0;0.0;-0.5;0 - 0;0-0;2.25;1.0;-;nan;;;;;;;;;;;;;;;;0.0;0.0;0.0;0.0;;;0.0;0.0;0.0;0.0;;[];[];[];[];[];[];[];[];1.0;0.0;0.0;1.0;0.0;0.0;;;;;;;Youth
2026-05-13;193192709;Canada Premier League;Canada;12:00;Schedule;False;0.29332450988501946;1.9;2.5, 3.0;1.9;2.5, 3.0;0.0;0.0;;0.0;0.0;0.0;0.0;0.0;;Forge FC;;0.0;0.0;1.727;0;0.0;0 - 0;4.333;Supra du Quebec;;0.0;0.0;3.5;0;0.0;-0.75;0 - 0;0-0;2.75;1.25;-;nan;;;;;;;;;;;;;;;;0.0;0.0;0.0;0.0;;;0.0;0.0;0.0;0.0;;[];[];[];[];[];[];[];[];1.0;0.0;0.0;1.0;0.0;0.0;543879.0;1319810.0;forge fc hamilton;fc supra du quebec;2.0;1.72;
2026-05-13;194484327;Saudi Arabia Division 1;Saudi Arabia;12:05;Schedule;False;0.34433285509325684;1.85;2.5, 3.0;1.95;2.5, 3.0;0.0;0.0;;0.0;0.0;0.0;0.0;0.0;;Al Taee;9.0;0.0;0.0;1.7;0;0.0;0 - 0;3.6;Jeddah Club;13.0;0.0;0.0;4.1;0;0.0;-0.75;0 - 0;0-0;2.75;1.25;-;nan;;;;;;;;;;;;;;;;0.0;0.0;0.0;0.0;;;0.0;0.0;0.0;0.0;;[];[];[];[];[];[];[];[];1.0;0.0;0.0;1.0;0.0;0.0;;;;;;;
2026-05-13;194484774;Czechia First League;Czech Republic;12:30;Schedule;False;0.044526901669758756;1.85;2.0, 2.5;1.95;2.0, 2.5;0.0;0.0;;0.0;0.0;0.0;0.0;0.0;;Hradec Kralove;;0.0;0.0;2.45;0;0.0;0 - 0;3.2;Slovan Liberec;;0.0;0.0;2.75;0;0.0;0.0;0 - 0;0-0;2.25;1.0;-;nan;;;;;;;;;;;;;;;;0.0;0.0;0.0;0.0;;;0.0;0.0;0.0;0.0;;[];[];[];[];[];[];[];[];1.0;0.0;0.0;1.0;0.0;0.0;2217.0;2219.0;fc hradec kralove;fc slovan liberec;1.75;1.75;
2026-05-13;194482206;Poland III Liga;Poland;12:30;Schedule;False;0.0;1.775;2.5, 3.0;2.025;2.5, 3.0;0.0;0.0;;0.0;0.0;0.0;0.0;0.0;;Sokol Kolbuszowa Dolna;;0.0;0.0;2.375;0;0.0;0 - 0;3.7;Czarni Polaniec;;0.0;0.0;2.375;0;0.0;0.0;0 - 0;0-0;2.75;1.25;-;nan;;;;;;;;;;;;;;;;0.0;0.0;0.0;0.0;;;0.0;0.0;0.0;0.0;;[];[];[];[];[];[];[];[];1.0;0.0;0.0;1.0;0.0;0.0;;;;;;;
2026-05-13;194482203;Poland III Liga;Poland;12:30;Schedule;False;0.10784313725490191;1.9;3.0;1.9;3.0;0.0;0.0;;0.0;0.0;0.0;0.0;0.0;;Wisla Krakow II;;0.0;0.0;2.0;0;0.0;0 - 0;4.5;Cracovia Krakow II;;0.0;0.0;2.55;0;0.0;-0.25;0 - 0;0-0;3.0;1.25;-;nan;;;;;;;;;;;;;;;;0.0;0.0;0.0;0.0;;;0.0;0.0;0.0;0.0;;[];[];[];[];[];[];[];[];1.0;0.0;0.0;1.0;0.0;0.0;3111.0;4901.0;wisla krakow;mks cracovia krakow;;;Youth
2026-05-13;194485317;Finland Kolmonen;Finland;12:30;Schedule;False;0.41666666666666663;1.925;4.0, 4.5;1.875;4.0, 4.5;0.0;0.0;;0.0;0.0;0.0;0.0;0.0;;Kultsu FC;;0.0;0.0;1.5;0;0.0;0 - 0;5.25;Edustus IPS;;0.0;0.0;4.0;0;0.0;-1.0;0 - 0;0-0;4.25;1.75;-;nan;;;;;;;;;;;;;;;;0.0;0.0;0.0;0.0;;;0.0;0.0;0.0;0.0;;[];[];[];[];[];[];[];[];1.0;0.0;0.0;1.0;0.0;0.0;;;;;;;
2026-05-13;194529302;Finland Cup;Finland;12:30;Schedule;False;0.8160671092584015;1.85;3.5, 4.0;1.95;3.5, 4.0;0.0;0.0;;0.0;0.0;0.0;0.0;0.0;;IFK Mariehamn;;0.0;0.0;1.143;0;0.0;0 - 0;6.0;Puiu;;0.0;0.0;17.0;0;0.0;-2.5;0 - 0;0-0;3.75;1.5;-;nan;;;;;;;;;;;;;;;;0.0;0.0;0.0;0.0;;;0.0;0.0;0.0;0.0;;[];[];[];[];[];[];[];[];1.0;0.0;0.0;1.0;0.0;0.0;5058.0;2283.0;ifk mariehamn;puistolan urheilijat;;;
2026-05-13;194486422;Finland Cup;Finland;12:30;Schedule;False;-0.4451612903225806;2.0;3.0;1.8;3.0;0.0;0.0;;0.0;0.0;0.0;0.0;0.0;;VJS Vantaa;;0.0;0.0;5.0;0;0.0;0 - 0;4.0;FF Jaro;;0.0;0.0;1.55;0;0.0;+1.0;0 - 0;0-0;3.0;1.25;-;nan;;;;;;;;;;;;;;;;0.0;0.0;0.0;0.0;;;0.0;0.0;0.0;0.0;;[];[];[];[];[];[];[];[];1.0;0.0;0.0;1.0;0.0;0.0;283741.0;2252.0;vjs;ff jaro;;;
2026-05-13;194525363;Finland Cup;Finland;12:30;Schedule;False;-0.8564593301435406;2.0;4.0, 4.5;1.8;4.0, 4.5;0.0;0.0;;0.0;0.0;0.0;0.0;0.0;;RoPS;;0.0;0.0;19.0;0;0.0;0 - 0;9.5;HJK Helsinki;;0.0;0.0;1.1;0;0.0;+2.75;0 - 0;0-0;4.25;1.75;-;nan;;;;;;;;;;;;;;;;0.0;0.0;0.0;0.0;;;0.0;0.0;0.0;0.0;;[];[];[];[];[];[];[];[];1.0;0.0;0.0;1.0;0.0;0.0;2250.0;2242.0;rovaniemen palloseura;hjk helsinki;;;
2026-05-13;194187833;Poland III Liga;Poland;12:30;Schedule;False;0.09474590869939709;1.85;3.0;1.95;3.0;0.0;0.0;;0.0;0.0;0.0;0.0;0.0;;Mlawianka Mlawa;;0.0;0.0;2.15;0;0.0;0 - 0;3.6;Jagiellonia Bialystok II;;0.0;0.0;2.7;0;0.0;-0.25;0 - 0;0-0;3.0;1.25;-;nan;;;;;;;;;;;;;;;;0.0;0.0;0.0;0.0;;;0.0;0.0;0.0;0.0;;[];[];[];[];[];[];[];[];1.0;0.0;0.0;1.0;0.0;0.0;;7691.0;;jagiellonia bialystok;;;Youth
2026-05-13;194466424;Argentina Nacional Reserve League;Argentina;13:00;Schedule;False;-0.055161544523246675;2.0;2.0, 2.5;1.8;2.0, 2.5;0.0;0.0;;0.0;0.0;0.0;0.0;0.0;;Almirante Brown Reserves;;0.0;0.0;2.7;0;0.0;0 - 0;3.25;Agropecuario Reserves;;0.0;0.0;2.35;0;0.0;0.0;0 - 0;0-0;2.0;0.75;-;nan;;;;;;;;;;;;;;;;0.0;0.0;0.0;0.0;;;0.0;0.0;0.0;0.0;;[];[];[];[];[];[];[];[];1.0;0.0;0.0;1.0;0.0;0.0;;;;;;;Youth
2026-05-13;194474537;Azerbaijan Cup;Azerbaijan;13:00;Schedule;False;0.3627847900293721;1.8;2.0, 2.5;2.0;2.0, 2.5;0.0;0.0;;0.0;0.0;0.0;0.0;0.0;;Sabah;;0.0;0.0;1.615;0;0.0;0 - 0;4.1;Zira IK;;0.0;0.0;3.9;0;0.0;-0.75;0 - 0;0-0;2.25;1.0;-;nan;;;;;;;;;;;;;;;;0.0;0.0;0.0;0.0;;;0.0;0.0;0.0;0.0;;[];[];[];[];[];[];[];[];1.0;0.0;0.0;1.0;0.0;0.0;;;;;;;
2026-05-13;194522597;Moldova Cup;Moldova;13:00;Schedule;False;0.24060150375939848;2.025;2.0, 2.5;1.775;2.0, 2.5;0.0;0.0;;0.0;0.0;0.0;0.0;0.0;;Sheriff Tiraspol;;0.0;0.0;1.9;0;0.0;0 - 0;3.4;CS Petrocub;;0.0;0.0;3.5;0;0.0;-0.5;0 - 0;0-0;2.25;0.75;-;nan;;;;;;;;;;;;;;;;0.0;0.0;0.0;0.0;;;0.0;0.0;0.0;0.0;;[];[];[];[];[];[];[];[];1.0;0.0;0.0;1.0;0.0;0.0;;;;;;;
2026-05-13;194484788;Denmark Division 2;Denmark;13:00;Schedule;False;0.4448886920615515;1.975;3.0, 3.5;1.825;3.0, 3.5;0.0;0.0;;0.0;0.0;0.0;0.0;0.0;;AB;;0.0;0.0;1.48;0;0.0;0 - 0;5.0;FC Roskilde;;0.0;0.0;4.333;0;0.0;-1.0;0 - 0;0-0;3.25;1.25;-;nan;;;;;;;;;;;;;;;;0.0;0.0;0.0;0.0;;;0.0;0.0;0.0;0.0;;[];[];[];[];[];[];[];[];1.0;0.0;0.0;1.0;0.0;0.0;218750.0;4873.0;ab gladsaxe;fc roskilde;;;
2026-05-13;194476535;Bahrain Division 2;Bahrain;13:00;Schedule;False;0.6358974358974359;1.8;3.0, 3.5;2.0;3.0, 3.5;0.0;0.0;;0.0;0.0;0.0;0.0;0.0;;Manama;;0.0;0.0;1.3;0;0.0;0 - 0;5.5;Etehad Al Reef;;0.0;0.0;7.5;0;0.0;-1.75;0 - 0;0-0;3.25;1.5;-;nan;;;;;;;;;;;;;;;;0.0;0.0;0.0;0.0;;;0.0;0.0;0.0;0.0;;[];[];[];[];[];[];[];[];1.0;0.0;0.0;1.0;0.0;0.0;;;;;;;
2026-05-13;194476543;Bahrain Division 2;Bahrain;13:00;Schedule;False;-0.2936507936507936;1.8;2.5, 3.0;2.0;2.5, 3.0;0.0;0.0;;0.0;0.0;0.0;0.0;0.0;;Busaiteen;;0.0;0.0;3.6;0;0.0;0 - 0;3.75;Al Hala;;0.0;0.0;1.75;0;0.0;+0.5;0 - 0;0-0;3.0;1.25;-;nan;;;;;;;;;;;;;;;;0.0;0.0;0.0;0.0;;;0.0;0.0;0.0;0.0;;[];[];[];[];[];[];[];[];1.0;0.0;0.0;1.0;0.0;0.0;;;;;;;
2026-05-13;194187845;Poland III Liga;Poland;13:00;Schedule;False;0.09474590869939709;1.95;3.0;1.85;3.0;0.0;0.0;;0.0;0.0;0.0;0.0;0.0;;Zabkovia Zabki;;0.0;0.0;2.15;0;0.0;0 - 0;3.6;Bron Radom;;0.0;0.0;2.7;0;0.0;-0.25;0 - 0;0-0;3.0;1.25;-;nan;;;;;;;;;;;;;;;;0.0;0.0;0.0;0.0;;;0.0;0.0;0.0;0.0;;[];[];[];[];[];[];[];[];1.0;0.0;0.0;1.0;0.0;0.0;;;;;;;
2026-05-13;194476530;Bahrain Division 2;Bahrain;13:00;Schedule;False;0.465149359886202;1.8;2.5, 3.0;2.0;2.5, 3.0;0.0;0.0;;0.0;0.0;0.0;0.0;0.0;;Al-Ittihad Bahrain;;0.0;0.0;1.48;0;0.0;0 - 0;4.2;Umm Al Hassam;;0.0;0.0;4.75;0;0.0;-1.25;0 - 0;0-0;2.75;1.25;-;nan;;;;;;;;;;;;;;;;0.0;0.0;0.0;0.0;;;0.0;0.0;0.0;0.0;;[];[];[];[];[];[];[];[];1.0;0.0;0.0;1.0;0.0;0.0;;;;;;;
2026-05-13;194484770;Croatia 3.NL;Croatia;13:00;Schedule;False;-0.1313628899835796;1.875;2.5, 3.0;1.925;2.5, 3.0;0.0;0.0;;0.0;0.0;0.0;0.0;0.0;;NK Samobor;;0.0;0.0;2.9;0;0.0;0 - 0;3.4;NK Vrapce;;0.0;0.0;2.1;0;0.0;+0.25;0 - 0;0-0;2.75;1.25;-;nan;;;;;;;;;;;;;;;;0.0;0.0;0.0;0.0;;;0.0;0.0;0.0;0.0;;[];[];[];[];[];[];[];[];1.0;0.0;0.0;1.0;0.0;0.0;;;;;;;
2026-05-13;194522599;Moldova Cup;Moldova;13:00;Schedule;False;-0.3082706766917293;2.0;2.5, 3.0;1.8;2.5, 3.0;0.0;0.0;;0.0;0.0;0.0;0.0;0.0;;FC Milsami;;0.0;0.0;3.8;0;0.0;0 - 0;3.7;Zimbru Chisinau;;0.0;0.0;1.75;0;0.0;+0.75;0 - 0;0-0;2.75;1.0;-;nan;;;;;;;;;;;;;;;;0.0;0.0;0.0;0.0;;;0.0;0.0;0.0;0.0;;[];[];[];[];[];[];[];[];1.0;0.0;0.0;1.0;0.0;0.0;;;;;;;
2026-05-13;194511347;Rwanda Cup;Rwanda;13:00;Schedule;False;0.5386746217771149;1.9;2.0, 2.5;1.9;2.0, 2.5;0.0;0.0;;0.0;0.0;0.0;0.0;0.0;;APR FC;;0.0;0.0;1.444;0;0.0;0 - 0;3.75;Etincelles;;0.0;0.0;6.5;0;0.0;-1.0;0 - 0;0-0;2.25;1.0;-;nan;;;;;;;;;;;;;;;;0.0;0.0;0.0;0.0;;;0.0;0.0;0.0;0.0;;[];[];[];[];[];[];[];[];1.0;0.0;0.0;1.0;0.0;0.0;;;;;;;
2026-05-13;194526370;Finland Cup;Finland;13:00;Schedule;False;-0.6571428571428573;1.85;3.0, 3.5;1.95;3.0, 3.5;0.0;0.0;;0.0;0.0;0.0;0.0;0.0;;EBK;;0.0;0.0;7.0;0;0.0;0 - 0;6.0;Tampere Utd;;0.0;0.0;1.25;0;0.0;+1.75;0 - 0;0-0;3.25;1.5;-;nan;;;;;;;;;;;;;;;;0.0;0.0;0.0;0.0;;;0.0;0.0;0.0;0.0;;[];[];[];[];[];[];[];[];1.0;0.0;0.0;1.0;0.0;0.0;;2241.0;;tampere united;;;
2026-05-13;194482212;Poland III Liga;Poland;13:00;Schedule;False;-0.2698412698412699;1.825;2.5;1.975;2.5;0.0;0.0;;0.0;0.0;0.0;0.0;0.0;;Polonia Nysa;;0.0;0.0;3.5;0;0.0;0 - 0;3.6;Lechia Zielona Góra;;0.0;0.0;1.8;0;0.0;+0.75;0 - 0;0-0;2.75;1.0;-;nan;;;;;;;;;;;;;;;;0.0;0.0;0.0;0.0;;;0.0;0.0;0.0;0.0;;[];[];[];[];[];[];[];[];1.0;0.0;0.0;1.0;0.0;0.0;;;;;;;
2026-05-13;194482222;Poland III Liga;Poland;13:00;Schedule;False;0.1905011349746813;1.95;3.0, 3.5;1.85;3.0, 3.5;0.0;0.0;;0.0;0.0;0.0;0.0;0.0;;Slowianin Woliborz;;0.0;0.0;1.909;0;0.0;0 - 0;4.0;Karkonosze Jelenia Gora;;0.0;0.0;3.0;0;0.0;-0.25;0 - 0;0-0;2.75;1.25;-;nan;;;;;;;;;;;;;;;;0.0;0.0;0.0;0.0;;;0.0;0.0;0.0;0.0;;[];[];[];[];[];[];[];[];1.0;0.0;0.0;1.0;0.0;0.0;;;;;;;
2026-05-13;194482233;Poland III Liga;Poland;13:00;Schedule;False;0.2936507936507936;1.9;3.0;1.9;3.0;0.0;0.0;;0.0;0.0;0.0;0.0;0.0;;Skra Czestochowa;;0.0;0.0;1.75;0;0.0;0 - 0;3.8;Sleza Wroclaw;;0.0;0.0;3.6;0;0.0;-0.75;0 - 0;0-0;3.0;1.25;-;nan;;;;;;;;;;;;;;;;0.0;0.0;0.0;0.0;;;0.0;0.0;0.0;0.0;;[];[];[];[];[];[];[];[];1.0;0.0;0.0;1.0;0.0;0.0;;;;;;;
2026-05-13;194484754;Croatia 3.NL;Croatia;13:00;Schedule;False;0.30126101782152737;1.95;3.0;1.85;3.0;0.0;0.0;;0.0;0.0;0.0;0.0;0.0;;GNK Sveta Nedelja;;0.0;0.0;1.727;0;0.0;0 - 0;3.8;NK Precko;;0.0;0.0;3.6;0;0.0;-0.75;0 - 0;0-0;3.0;1.25;-;nan;;;;;;;;;;;;;;;;0.0;0.0;0.0;0.0;;;0.0;0.0;0.0;0.0;;[];[];[];[];[];[];[];[];1.0;0.0;0.0;1.0;0.0;0.0;;;;;;;
2026-05-13;194483354;Estonia Esiliiga;Estonia;13:00;Schedule;False;0.30576237693637737;1.9;4.0;1.9;4.0;0.0;0.0;;0.0;0.0;0.0;0.0;0.0;;FC Flora Tallinn II;;0.0;0.0;1.667;0;0.0;0 - 0;4.2;JK Nomme United II;;0.0;0.0;3.4;0;0.0;-0.75;0 - 0;0-0;4.0;1.75;-;nan;;;;;;;;;;;;;;;;0.0;0.0;0.0;0.0;;;0.0;0.0;0.0;0.0;;[];[];[];[];[];[];[];[];1.0;0.0;0.0;1.0;0.0;0.0;3346.0;37572.0;tallinna fc flora;fc nomme united;;;Youth
2026-05-13;194484772;Croatia Cup;Croatia;13:00;Schedule;False;0.4191950464396285;1.95;2.5;1.85;2.5;0.0;0.0;;0.0;0.0;0.0;0.0;0.0;;Dinamo Zagreb;;0.0;0.0;1.615;0;0.0;0 - 0;3.7;HNK Rijeka;;0.0;0.0;5.0;0;0.0;-0.75;0 - 0;0-0;2.5;1.0;-;nan;;;;;;;;;;;;;;;;0.0;0.0;0.0;0.0;;;0.0;0.0;0.0;0.0;;[];[];[];[];[];[];[];[];1.0;0.0;0.0;1.0;0.0;0.0;2032.0;2039.0;gnk dinamo zagreb;hnk rijeka;;;
2026-05-13;192785665;Poland Ekstraklasa;Poland;13:00;Schedule;False;-0.25716780164134795;1.95;2.5;1.85;2.5;0.0;0.0;;0.0;0.0;0.0;0.0;0.0;;Arka Gdynia;17.0;0.0;0.0;3.75;0;0.0;0 - 0;3.4;Gornik Zabrze;4.0;0.0;0.0;1.909;0;0.0;+0.5;0 - 0;0-0;2.5;1.0;-;nan;;;;;;;;;;;;;;;;0.0;0.0;0.0;0.0;;;0.0;0.0;0.0;0.0;;[];[];[];[];[];[];[];[];1.0;0.0;0.0;1.0;0.0;0.0;5064.0;3110.0;mks arka gdynia;gornik zabrze;1.8;1.8;
2026-05-13;194483351;Estonia Cup Women;Estonia;13:00;Schedule;False;0.25645815043801484;1.85;3.0, 3.5;1.95;3.0, 3.5;0.0;0.0;;0.0;0.0;0.0;0.0;0.0;;Saku Sporting (W);;0.0;0.0;1.727;0;0.0;0 - 0;4.75;Viimsi JK (W);;0.0;0.0;3.1;0;0.0;-1.0;0 - 0;0-0;3.25;1.25;-;nan;;;;;;;;;;;;;;;;0.0;0.0;0.0;0.0;;;0.0;0.0;0.0;0.0;;[];[];[];[];[];[];[];[];1.0;0.0;0.0;1.0;0.0;0.0;;;;;;;Women
2026-05-13;194484340;Saudi Arabia Division 1;Saudi Arabia;13:10;Schedule;False;0.33321335732853424;1.875;3.0;1.925;3.0;0.0;0.0;;0.0;0.0;0.0;0.0;0.0;;Al Adalh;;0.0;0.0;1.667;0;0.0;0 - 0;4.0;Al Jubail Club;;0.0;0.0;3.75;0;0.0;-0.75;0 - 0;0-0;3.0;1.25;-;nan;;;;;;;;;;;;;;;;0.0;0.0;0.0;0.0;;;0.0;0.0;0.0;0.0;;[];[];[];[];[];[];[];[];1.0;0.0;0.0;1.0;0.0;0.0;;;;;;;
2026-05-13;194484350;Saudi Arabia Division 1;Saudi Arabia;13:10;Schedule;False;0.2857142857142857;1.9;3.0;1.9;3.0;0.0;0.0;;0.0;0.0;0.0;0.0;0.0;;Al-Arabi Al-Saudi;;0.0;0.0;1.75;0;0.0;0 - 0;3.8;Al Jandal;;0.0;0.0;3.5;0;0.0;-0.25;0 - 0;0-0;2.75;1.25;-;nan;;;;;;;;;;;;;;;;0.0;0.0;0.0;0.0;;;0.0;0.0;0.0;0.0;;[];[];[];[];[];[];[];[];1.0;0.0;0.0;1.0;0.0;0.0;;;;;;;
2026-05-13;194511387;Mali Premiere Division;Mali;13:30;Schedule;False;-0.5892857142857143;1.875;2.0;1.925;2.0;0.0;0.0;;0.0;0.0;0.0;0.0;0.0;;Mali Coura;13.0;0.0;0.0;8.0;0;0.0;0 - 0;3.7;Djoliba AC;1.0;0.0;0.0;1.4;0;0.0;+1.25;0 - 0;0-0;2.0;0.75;-;nan;;;;;;;;;;;;;;;;0.0;0.0;0.0;0.0;;;0.0;0.0;0.0;0.0;;[];[];[];[];[];[];[];[];1.0;0.0;0.0;1.0;0.0;0.0;;;;;;;
2026-05-13;193754176;Greece Super League 1;Greece;13:30;Schedule;False;0.5563218390804598;1.825;2.5;1.975;2.5;0.0;0.0;;0.0;0.0;0.0;0.0;0.0;;Olympiacos;;0.0;0.0;1.45;0;0.0;0 - 0;4.2;Panathinaikos;;0.0;0.0;7.5;0;0.0;-1.25;0 - 0;0-0;2.5;1.0;-;nan;;;;;;;;;;;;;;;;0.0;0.0;0.0;0.0;;;0.0;0.0;0.0;0.0;;[];[];[];[];[];[];[];[];1.0;0.0;0.0;1.0;0.0;0.0;3245.0;3248.0;olympiacos piraeus;panathinaikos athens;2.37;2.2;
2026-05-13;193754179;Greece Super League 1;Greece;13:30;Schedule;False;0.2966381015161502;1.925;2.5;1.875;2.5;0.0;0.0;;0.0;0.0;0.0;0.0;0.0;;PAOK Salonika;;0.0;0.0;1.85;0;0.0;0 - 0;3.5;AEK Athens;;0.0;0.0;4.1;0;0.0;-0.75;0 - 0;0-0;2.5;1.0;-;nan;;;;;;;;;;;;;;;;0.0;0.0;0.0;0.0;;;0.0;0.0;0.0;0.0;;[];[];[];[];[];[];[];[];1.0;0.0;0.0;1.0;0.0;0.0;3251.0;3250.0;paok thessaloniki;aek athens;1.9;1.9;
2026-05-13;194486703;Finland Cup;Finland;13:30;Schedule;False;-0.21381578947368418;2.0;3.5;1.8;3.5;0.0;0.0;;0.0;0.0;0.0;0.0;0.0;;KUPS Akatemia;;0.0;0.0;3.2;0;0.0;0 - 0;3.8;FC Honka;;0.0;0.0;1.9;0;0.0;+0.5;0 - 0;0-0;3.5;1.5;-;nan;;;;;;;;;;;;;;;;0.0;0.0;0.0;0.0;;;0.0;0.0;0.0;0.0;;[];[];[];[];[];[];[];[];1.0;0.0;0.0;1.0;0.0;0.0;879079.0;2260.0;kups akatemia;fc honka;1.44;1.36;
2026-05-13;194527350;Gambia GFA League;Gambia;13:30;Schedule;False;-0.06666666666666671;1.925;1.5, 2.0;1.875;1.5, 2.0;0.0;0.0;;0.0;0.0;0.0;0.0;0.0;;Greater Tomorrow FC;;0.0;0.0;3.0;0;0.0;0 - 0;2.6;Gambia Ports Authority;;0.0;0.0;2.5;0;0.0;0.0;0 - 0;0-0;1.75;nan;-;nan;;;;;;;;;;;;;;;;0.0;0.0;0.0;0.0;;;0.0;0.0;0.0;0.0;;[];[];[];[];[];[];[];[];1.0;0.0;0.0;1.0;0.0;0.0;;;;;;;
2026-05-13;194490172;Austria Landesliga;Austria;13:30;Schedule;False;0.0444444444444444;1.85;3.0;1.95;3.0;0.0;0.0;;0.0;0.0;0.0;0.0;0.0;;SV Spittal/Drau;;0.0;0.0;2.25;0;0.0;0 - 0;3.7;SAK Klagenfurt;;0.0;0.0;2.5;0;0.0;0.0;0 - 0;0-0;3.0;1.25;-;nan;;;;;;;;;;;;;;;;0.0;0.0;0.0;0.0;;;0.0;0.0;0.0;0.0;;[];[];[];[];[];[];[];[];1.0;0.0;0.0;1.0;0.0;0.0;;;;;;;
2026-05-13;194484796;Denmark Division 2;Denmark;13:30;Schedule;False;0.0;1.8;2.0, 2.5;2.0;2.0, 2.5;0.0;0.0;;0.0;0.0;0.0;0.0;0.0;;FC Helsingor;;0.0;0.0;2.5;0;0.0;0 - 0;3.2;Fremad Amager;;0.0;0.0;2.5;0;0.0;0.0;0 - 0;0-0;2.25;1.0;-;nan;;;;;;;;;;;;;;;;0.0;0.0;0.0;0.0;;;0.0;0.0;0.0;0.0;;[];[];[];[];[];[];[];[];1.0;0.0;0.0;1.0;0.0;0.0;6392.0;35412.0;fc helsingoer;bk fremad amager;;;
2026-05-13;194511341;Italy Serie D;Italy;13:30;Schedule;False;0.15360983102918585;1.925;2.5;1.875;2.5;0.0;0.0;;0.0;0.0;0.0;0.0;0.0;;US Folgore Caratese;;0.0;0.0;2.1;0;0.0;0 - 0;3.2;Treviso;;0.0;0.0;3.1;0;0.0;-0.25;0 - 0;0-0;2.5;1.0;-;nan;;;;;;;;;;;;;;;;0.0;0.0;0.0;0.0;;;0.0;0.0;0.0;0.0;;[];[];[];[];[];[];[];[];1.0;0.0;0.0;1.0;0.0;0.0;;;;;;;
2026-05-13;194527359;Gambia GFA League;Gambia;13:30;Schedule;False;0.19844961240310077;1.975;1.5, 2.0;1.825;1.5, 2.0;0.0;0.0;;0.0;0.0;0.0;0.0;0.0;;Brikama United;;0.0;0.0;2.15;0;0.0;0 - 0;2.625;Falcons FC;;0.0;0.0;3.75;0;0.0;-0.25;0 - 0;0-0;1.75;0.75;-;nan;;;;;;;;;;;;;;;;0.0;0.0;0.0;0.0;;;0.0;0.0;0.0;0.0;;[];[];[];[];[];[];[];[];1.0;0.0;0.0;1.0;0.0;0.0;;;;;;;
2026-05-13;194527364;Gambia GFA League;Gambia;13:30;Schedule;False;0.04433077578857636;1.875;1.5, 2.0;1.925;1.5, 2.0;0.0;0.0;;0.0;0.0;0.0;0.0;0.0;;Medina United FC;;0.0;0.0;2.55;0;0.0;0 - 0;2.625;Fortune FC;;0.0;0.0;2.875;0;0.0;0.0;0 - 0;0-0;1.75;nan;-;nan;;;;;;;;;;;;;;;;0.0;0.0;0.0;0.0;;;0.0;0.0;0.0;0.0;;[];[];[];[];[];[];[];[];1.0;0.0;0.0;1.0;0.0;0.0;;;;;;;
2026-05-13;194527348;Gambia GFA League;Gambia;13:30;Schedule;False;0.19444444444444442;1.775;1.5;2.025;1.5;0.0;0.0;;0.0;0.0;0.0;0.0;0.0;;Steve Biko FC;;0.0;0.0;2.25;0;0.0;0 - 0;2.4;TMT FA;;0.0;0.0;4.0;0;0.0;-0.25;0 - 0;0-0;1.5;nan;-;nan;;;;;;;;;;;;;;;;0.0;0.0;0.0;0.0;;;0.0;0.0;0.0;0.0;;[];[];[];[];[];[];[];[];1.0;0.0;0.0;1.0;0.0;0.0;;;;;;;
2026-05-13;194511351;Oman League;Oman;13:30;Schedule;False;0.05102040816326525;1.775;2.0;2.025;2.0;0.0;0.0;;0.0;0.0;0.0;0.0;0.0;;Bahla;;0.0;0.0;2.45;0;0.0;0 - 0;2.8;Al-Nasr Salalah;;0.0;0.0;2.8;0;0.0;0.0;0 - 0;0-0;2.0;0.75;-;nan;;;;;;;;;;;;;;;;0.0;0.0;0.0;0.0;;;0.0;0.0;0.0;0.0;;[];[];[];[];[];[];[];[];1.0;0.0;0.0;1.0;0.0;0.0;185578.0;82259.0;bahla club;al nasr sc (oma);2.1;2.1;
2026-05-13;194466437;AFC Challenge League;International (Asia);13:45;Schedule;False;0.3969728242174063;1.8;2.5, 3.0;2.0;2.5, 3.0;0.0;0.0;;0.0;0.0;0.0;0.0;0.0;;Al Kuwait SC;;0.0;0.0;1.615;0;0.0;0 - 0;3.75;Svay Rieng FC;;0.0;0.0;4.5;0;0.0;-0.75;0 - 0;0-0;2.75;1.25;-;nan;;;;;;;;;;;;;;;;0.0;0.0;0.0;0.0;;;0.0;0.0;0.0;0.0;;[];[];[];[];[];[];[];[];1.0;0.0;0.0;1.0;0.0;0.0;;;;;;;
2026-05-13;193320729;Sweden Superettan;Sweden;14:00;Schedule;False;0.23219814241486064;1.85;2.5, 3.0;1.95;2.5, 3.0;0.0;0.0;;0.0;0.0;0.0;0.0;0.0;;Osters IF;;0.0;0.0;1.9;0;0.0;0 - 0;3.6;Sandvikens IF;;0.0;0.0;3.4;0;0.0;-0.5;0 - 0;0-0;2.75;1.25;-;nan;;;;;;;;;;;;;;;;0.0;0.0;0.0;0.0;;;0.0;0.0;0.0;0.0;;[];[];[];[];[];[];[];[];1.0;0.0;0.0;1.0;0.0;0.0;1781.0;1844.0;osters if;sandvikens if;1.61;1.61;
2026-05-13;194441710;Sweden 1.div Norra;Sweden;14:00;Schedule;False;-0.3367221292583588;1.9;3.0;1.9;3.0;0.0;0.0;;0.0;0.0;0.0;0.0;0.0;;Sollentuna FK;;0.0;0.0;3.8;0;0.0;0 - 0;3.9;Hammarby TFF;;0.0;0.0;1.667;0;0.0;+0.75;0 - 0;0-0;3.0;1.25;-;nan;;;;;;;;;;;;;;;;0.0;0.0;0.0;0.0;;;0.0;0.0;0.0;0.0;;[];[];[];[];[];[];[];[];1.0;0.0;0.0;1.0;0.0;0.0;21882.0;785288.0;sollentuna fk;hammarby talang ff;1.53;1.53;
2026-05-13;194470171;Austria Amateur Cup;Austria;14:00;Schedule;False;0.4215287371947474;1.975;3.0, 3.5;1.825;3.0, 3.5;0.0;0.0;;0.0;0.0;0.0;0.0;0.0;;SV Tillmitsch;;0.0;0.0;1.533;0;0.0;0 - 0;4.333;St. Anna am Aigen;;0.0;0.0;4.333;0;0.0;-1.0;0 - 0;0-0;3.25;1.25;-;nan;;;;;;;;;;;;;;;;0.0;0.0;0.0;0.0;;;0.0;0.0;0.0;0.0;;[];[];[];[];[];[];[];[];1.0;0.0;0.0;1.0;0.0;0.0;;;;;;;
2026-05-13;194491796;Israel Premier League;Israel;14:00;Schedule;False;-0.07763975155279507;1.95;2.0, 2.5;1.85;2.0, 2.5;0.0;0.0;;0.0;0.0;0.0;0.0;0.0;;Bnei Sakhnin;;0.0;0.0;2.8;0;0.0;0 - 0;3.0;Hapoel Ironi Kiryat Shmona;;0.0;0.0;2.3;0;0.0;0.0;0 - 0;0-0;2.25;1.0;-;nan;;;;;;;;;;;;;;;;0.0;0.0;0.0;0.0;;;0.0;0.0;0.0;0.0;;[];[];[];[];[];[];[];[];1.0;0.0;0.0;1.0;0.0;0.0;5392.0;5399.0;bnei sakhnin fc;hapoel ironi kiryat shmona fc;1.83;1.83;
2026-05-13;194438014;Austria Landesliga;Austria;14:00;Schedule;False;-0.017368649587494622;1.95;3.0, 3.5;1.85;3.0, 3.5;0.0;0.0;;0.0;0.0;0.0;0.0;0.0;;SV Donau Klagenfurt;;0.0;0.0;2.45;0;0.0;0 - 0;3.6;VST Volkermarkt;;0.0;0.0;2.35;0;0.0;0.0;0 - 0;0-0;3.25;1.25;-;nan;;;;;;;;;;;;;;;;0.0;0.0;0.0;0.0;;;0.0;0.0;0.0;0.0;;[];[];[];[];[];[];[];[];1.0;0.0;0.0;1.0;0.0;0.0;;;;;;;
2026-05-13;194438016;Austria Landesliga;Austria;14:00;Schedule;False;0.20720720720720714;1.9;3.0, 3.5;1.9;3.0, 3.5;0.0;0.0;;0.0;0.0;0.0;0.0;0.0;;FC Gamlitz;;0.0;0.0;1.85;0;0.0;0 - 0;4.0;SV Pachern;;0.0;0.0;3.0;0;0.0;-0.5;0 - 0;0-0;3.25;1.25;-;nan;;;;;;;;;;;;;;;;0.0;0.0;0.0;0.0;;;0.0;0.0;0.0;0.0;;[];[];[];[];[];[];[];[];1.0;0.0;0.0;1.0;0.0;0.0;;;;;;;
2026-05-13;194525881;Senegal Premier League;Senegal;14:00;Schedule;False;0.03612479474548436;1.85;1.5;1.95;1.5;0.0;0.0;;0.0;0.0;0.0;0.0;0.0;;ASC Wally Daan;;0.0;0.0;2.625;0;0.0;0 - 0;2.5;Teungueth FC;;0.0;0.0;2.9;0;0.0;0.0;0 - 0;0-0;1.5;0.5;-;nan;;;;;;;;;;;;;;;;0.0;0.0;0.0;0.0;;;0.0;0.0;0.0;0.0;;[];[];[];[];[];[];[];[];1.0;0.0;0.0;1.0;0.0;0.0;;;;;;;
2026-05-13;194484799;Denmark Division 2;Denmark;14:00;Schedule;False;0.07114624505928857;1.875;2.0, 2.5;1.925;2.0, 2.5;0.0;0.0;;0.0;0.0;0.0;0.0;0.0;;Skive;;0.0;0.0;2.3;0;0.0;0 - 0;3.1;VSK Aarhus;;0.0;0.0;2.75;0;0.0;0.0;0 - 0;0-0;2.25;1.0;-;nan;;;;;;;;;;;;;;;;0.0;0.0;0.0;0.0;;;0.0;0.0;0.0;0.0;;[];[];[];[];[];[];[];[];1.0;0.0;0.0;1.0;0.0;0.0;1304.0;272767.0;skive ik;vsk aarhus;;;
2026-05-13;193198354;France Ligue 1;France;14:00;Schedule;False;-0.03779289493575205;1.925;2.5, 3.0;1.925;2.5, 3.0;0.0;0.0;;0.0;0.0;0.0;0.0;0.0;;Brest;12.0;0.0;0.0;2.7;0;0.0;0 - 0;3.6;Strasbourg;8.0;0.0;0.0;2.45;0;0.0;0.0;0 - 0;0-0;2.75;1.25;-;nan;;;;;;;;;;;;;;;;0.0;0.0;0.0;0.0;;;0.0;0.0;0.0;0.0;;[];[];[];[];[];[];[];[];1.0;0.0;0.0;1.0;0.0;0.0;1715.0;1659.0;stade brest 29;strasbourg alsace;1.66;1.61;
2026-05-13;194484803;Denmark Division 2;Denmark;14:00;Schedule;False;0.04262574595055413;1.95;2.5, 3.0;1.85;2.5, 3.0;0.0;0.0;;0.0;0.0;0.0;0.0;0.0;;Ishoj;;0.0;0.0;2.3;0;0.0;0 - 0;3.5;Brabrand;;0.0;0.0;2.55;0;0.0;0.0;0 - 0;0-0;2.75;1.0;-;nan;;;;;;;;;;;;;;;;0.0;0.0;0.0;0.0;;;0.0;0.0;0.0;0.0;;[];[];[];[];[];[];[];[];1.0;0.0;0.0;1.0;0.0;0.0;473205.0;1398.0;ishoej if;brabrand if;;;
2026-05-13;194484805;Denmark Division 2;Denmark;14:00;Schedule;False;-0.16522423288749022;1.975;2.5;1.825;2.5;0.0;0.0;;0.0;0.0;0.0;0.0;0.0;;Thisted FC;5.0;0.0;0.0;3.1;0;0.0;0 - 0;3.4;Vendsyssel FF;3.0;0.0;0.0;2.05;0;0.0;+0.25;0 - 0;0-0;2.5;1.0;-;nan;;;;;;;;;;;;;;;;0.0;0.0;0.0;0.0;;;0.0;0.0;0.0;0.0;;[];[];[];[];[];[];[];[];1.0;0.0;0.0;1.0;0.0;0.0;1403.0;1314.0;thisted fc;vendsyssel ff;;;
2026-05-13;194529960;Senegal Premier League;Senegal;14:00;Schedule;False;0.31831831831831825;1.975;1.5, 2.0;1.825;1.5, 2.0;0.0;0.0;;0.0;0.0;0.0;0.0;0.0;;Ajel de Rufisque;1.0;0.0;0.0;1.85;0;0.0;0 - 0;2.8;Guediawaye FC;13.0;0.0;0.0;4.5;0;0.0;-0.25;0 - 0;0-0;1.75;0.75;-;nan;;;;;;;;;;;;;;;;0.0;0.0;0.0;0.0;;;0.0;0.0;0.0;0.0;;[];[];[];[];[];[];[];[];1.0;0.0;0.0;1.0;0.0;0.0;;;;;;;
2026-05-13;193320720;Sweden Superettan;Sweden;14:00;Schedule;False;-0.015384615384615441;1.875;2.5;1.925;2.5;0.0;0.0;;0.0;0.0;0.0;0.0;0.0;;Falkenbergs FF;1.0;0.0;0.0;2.6;0;0.0;0 - 0;3.25;Varbergs BoIS FC;1.0;0.0;0.0;2.5;0;0.0;0.0;0 - 0;0-0;2.5;1.0;-;nan;;;;;;;;;;;;;;;;0.0;0.0;0.0;0.0;;;0.0;0.0;0.0;0.0;;[];[];[];[];[];[];[];[];1.0;0.0;0.0;1.0;0.0;0.0;1812.0;7101.0;falkenbergs ff;varbergs bois;1.7;1.7;
2026-05-13;194483343;Egypt Division 1;Egypt;14:00;Schedule;False;0.3409435575040671;1.95;2.5, 3.0;1.85;2.5, 3.0;0.0;0.0;;0.0;0.0;0.0;0.0;0.0;;National Bank of Egypt;11.0;0.0;0.0;1.727;0;0.0;0 - 0;3.3;Petrojet;12.0;0.0;0.0;4.2;0;0.0;-0.75;0 - 0;0-0;2.75;1.25;-;nan;;;;;;;;;;;;;;;;0.0;0.0;0.0;0.0;;;0.0;0.0;0.0;0.0;;[];[];[];[];[];[];[];[];1.0;0.0;0.0;1.0;0.0;0.0;376278.0;43567.0;national bank of egypt sc;petrojet fc;2.0;2.0;
2026-05-13;194466434;Argentina Reserve League;Argentina;14:00;Schedule;False;-0.32903879559930516;1.9;2.0, 2.5;1.9;2.0, 2.5;0.0;0.0;;0.0;0.0;0.0;0.0;0.0;;Canuelas FC Reserves;;0.0;0.0;4.0;0;0.0;0 - 0;3.5;Yupanqui Reserves;;0.0;0.0;1.727;0;0.0;+0.75;0 - 0;0-0;2.25;1.0;-;nan;;;;;;;;;;;;;;;;0.0;0.0;0.0;0.0;;;0.0;0.0;0.0;0.0;;[];[];[];[];[];[];[];[];1.0;0.0;0.0;1.0;0.0;0.0;;;;;;;Youth
2026-05-13;194491790;Israel Premier League;Israel;14:00;Schedule;False;0.3617847858999628;1.85;2.5;1.95;2.5;0.0;0.0;;0.0;0.0;0.0;0.0;0.0;;Ironi Tiberias;;0.0;0.0;1.667;0;0.0;0 - 0;3.6;Maccabi Bnei Raina;;0.0;0.0;4.2;0;0.0;-0.75;0 - 0;0-0;2.5;1.0;-;nan;;;;;;;;;;;;;;;;0.0;0.0;0.0;0.0;;;0.0;0.0;0.0;0.0;;[];[];[];[];[];[];[];[];1.0;0.0;0.0;1.0;0.0;0.0;61702.0;401743.0;ironi tiberias;maccabi bney reine;1.8;1.8;
2026-05-13;194484801;Denmark Division 2;Denmark;14:00;Schedule;False;0.47567567567567565;1.8;2.5, 3.0;2.0;2.5, 3.0;0.0;0.0;;0.0;0.0;0.0;0.0;0.0;;Naestved IF;;0.0;0.0;1.48;0;0.0;0 - 0;4.1;HIK;;0.0;0.0;5.0;0;0.0;-1.0;0 - 0;0-0;2.75;1.25;-;nan;;;;;;;;;;;;;;;;0.0;0.0;0.0;0.0;;;0.0;0.0;0.0;0.0;;[];[];[];[];[];[];[];[];1.0;0.0;0.0;1.0;0.0;0.0;1320.0;1308.0;naestved bk;hik hellerup;;;
2026-05-13;194441934;Sweden 1.div Södra;Sweden;14:00;Schedule;False;0.23751023751023742;1.925;2.5, 3.0;1.875;2.5, 3.0;0.0;0.0;;0.0;0.0;0.0;0.0;0.0;;Hässleholms IF;;0.0;0.0;1.85;0;0.0;0 - 0;3.6;Eskilsminne IF;;0.0;0.0;3.3;0;0.0;-0.5;0 - 0;0-0;2.75;1.25;-;nan;;;;;;;;;;;;;;;;0.0;0.0;0.0;0.0;;;0.0;0.0;0.0;0.0;;[];[];[];[];[];[];[];[];1.0;0.0;0.0;1.0;0.0;0.0;22274.0;62558.0;hassleholms if;eskilsminne if;1.57;1.57;
2026-05-13;194441931;Sweden 1.div Södra;Sweden;14:00;Schedule;False;-0.24642289348171692;1.8;2.5;2.0;2.5;0.0;0.0;;0.0;0.0;0.0;0.0;0.0;;Laholms FK;;0.0;0.0;3.4;0;0.0;0 - 0;3.6;Lunds BK;;0.0;0.0;1.85;0;0.0;+0.5;0 - 0;0-0;2.5;1.0;-;nan;;;;;;;;;;;;;;;;0.0;0.0;0.0;0.0;;;0.0;0.0;0.0;0.0;;[];[];[];[];[];[];[];[];1.0;0.0;0.0;1.0;0.0;0.0;1816.0;1829.0;laholms fk;lunds bk;1.66;1.66;
2026-05-13;194491802;Israel Premier League;Israel;14:00;Schedule;False;0.1399787910922588;2.0;3.0;1.8;3.0;0.0;0.0;;0.0;0.0;0.0;0.0;0.0;;Maccabi Netanya;7.0;0.0;0.0;2.05;0;0.0;0 - 0;3.7;Hapoel Haifa;10.0;0.0;0.0;2.875;0;0.0;-0.25;0 - 0;0-0;3.0;1.25;-;nan;;;;;;;;;;;;;;;;0.0;0.0;0.0;0.0;;;0.0;0.0;0.0;0.0;;[];[];[];[];[];[];[];[];1.0;0.0;0.0;1.0;0.0;0.0;5395.0;5201.0;maccabi netanya fc;hapoel haifa fc;1.53;1.53;
2026-05-13;194470184;Austria Regionalliga Mitte;Austria;14:00;Schedule;False;0.6153846153846153;1.925;3.5, 4.0;1.875;3.5, 4.0;0.0;0.0;;0.0;0.0;0.0;0.0;0.0;;Deutschlandsberger SC;6.0;0.0;0.0;1.3;0;0.0;0 - 0;5.25;SK Treibach;15.0;0.0;0.0;6.5;0;0.0;-1.75;0 - 0;0-0;3.75;1.5;-;nan;;;;;;;;;;;;;;;;0.0;0.0;0.0;0.0;;;0.0;0.0;0.0;0.0;;[];[];[];[];[];[];[];[];1.0;0.0;0.0;1.0;0.0;0.0;;;;;;;
2026-05-13;194491793;Israel Premier League;Israel;14:00;Schedule;False;0.0;1.875;2.0, 2.5;1.925;2.0, 2.5;0.0;0.0;;0.0;0.0;0.0;0.0;0.0;;MS Ashdod;;0.0;0.0;2.6;0;0.0;0 - 0;3.0;Hapoel Jerusalem;;0.0;0.0;2.6;0;0.0;0.0;0 - 0;0-0;2.25;1.0;-;nan;;;;;;;;;;;;;;;;0.0;0.0;0.0;0.0;;;0.0;0.0;0.0;0.0;;[];[];[];[];[];[];[];[];1.0;0.0;0.0;1.0;0.0;0.0;5391.0;;ms ashdod;;;;
2026-05-13;194441716;Sweden 1.div Norra;Sweden;14:00;Schedule;False;0.5238095238095238;1.875;3.0;1.925;3.0;0.0;0.0;;0.0;0.0;0.0;0.0;0.0;;FC Stockholm Internazionale;;0.0;0.0;1.4;0;0.0;0 - 0;4.75;AFC Eskilstuna;;0.0;0.0;5.25;0;0.0;-1.25;0 - 0;0-0;3.0;1.25;-;nan;;;;;;;;;;;;;;;;0.0;0.0;0.0;0.0;;;0.0;0.0;0.0;0.0;;[];[];[];[];[];[];[];[];1.0;0.0;0.0;1.0;0.0;0.0;258613.0;5954.0;fc stockholm internazionale;afc eskilstuna;1.83;1.9;
2026-05-13;194441927;Sweden 1.div Södra;Sweden;14:00;Schedule;False;0.09740259740259738;1.975;2.5, 3.0;1.825;2.5, 3.0;0.0;0.0;;0.0;0.0;0.0;0.0;0.0;;Utsiktens BK;;0.0;0.0;2.2;0;0.0;0 - 0;3.3;Skövde AIK;;0.0;0.0;2.8;0;0.0;-0.25;0 - 0;0-0;2.75;1.0;-;nan;;;;;;;;;;;;;;;;0.0;0.0;0.0;0.0;;;0.0;0.0;0.0;0.0;;[];[];[];[];[];[];[];[];1.0;0.0;0.0;1.0;0.0;0.0;7536.0;7063.0;utsiktens bk;skovde aik;1.57;1.57;
2026-05-13;193320723;Sweden Superettan;Sweden;14:00;Schedule;False;0.02354788069073782;1.95;2.5, 3.0;1.85;2.5, 3.0;0.0;0.0;;0.0;0.0;0.0;0.0;0.0;;Helsingborg;1.0;0.0;0.0;2.45;0;0.0;0 - 0;3.3;IK Oddevold;1.0;0.0;0.0;2.6;0;0.0;0.0;0 - 0;0-0;2.75;1.0;-;nan;;;;;;;;;;;;;;;;0.0;0.0;0.0;0.0;;;0.0;0.0;0.0;0.0;;[];[];[];[];[];[];[];[];1.0;0.0;0.0;1.0;0.0;0.0;1890.0;1860.0;helsingborgs if;ik oddevold;1.61;1.61;
2026-05-13;194488473;Poland III Liga;Poland;14:00;Schedule;False;0.675;1.8;3.0;2.0;3.0;0.0;0.0;;0.0;0.0;0.0;0.0;0.0;;Zawisza Bydgoszcz;;0.0;0.0;1.25;0;0.0;0 - 0;5.0;Wda Swiecie;;0.0;0.0;8.0;0;0.0;-1.75;0 - 0;0-0;3.0;1.25;-;nan;;;;;;;;;;;;;;;;0.0;0.0;0.0;0.0;;;0.0;0.0;0.0;0.0;;[];[];[];[];[];[];[];[];1.0;0.0;0.0;1.0;0.0;0.0;;;;;;;
2026-05-13;194529450;Austria Landesliga;Austria;14:00;Schedule;False;-0.16499442586399116;1.95;3.5;1.85;3.5;0.0;0.0;;0.0;0.0;0.0;0.0;0.0;;TSV Grafenstein;;0.0;0.0;2.875;0;0.0;0 - 0;4.0;ATSV Wolfsberg;;0.0;0.0;1.95;0;0.0;+0.5;0 - 0;0-0;3.5;1.5;-;nan;;;;;;;;;;;;;;;;0.0;0.0;0.0;0.0;;;0.0;0.0;0.0;0.0;;[];[];[];[];[];[];[];[];1.0;0.0;0.0;1.0;0.0;0.0;;;;;;;
2026-05-13;193320725;Sweden Superettan;Sweden;14:00;Schedule;False;0.09961685823754785;1.875;2.5;1.925;2.5;0.0;0.0;;0.0;0.0;0.0;0.0;0.0;;IK Brage;1.0;0.0;0.0;2.25;0;0.0;0 - 0;3.25;Ostersunds FK;1.0;0.0;0.0;2.9;0;0.0;-0.25;0 - 0;0-0;2.5;1.0;-;nan;;;;;;;;;;;;;;;;0.0;0.0;0.0;0.0;;;0.0;0.0;0.0;0.0;;[];[];[];[];[];[];[];[];1.0;0.0;0.0;1.0;0.0;0.0;1777.0;1836.0;ik brage;ostersunds fk;1.75;1.7;
2026-05-13;194441929;Sweden 1.div Södra;Sweden;14:00;Schedule;False;-0.10797342192691028;1.8;2.5;2.0;2.5;0.0;0.0;;0.0;0.0;0.0;0.0;0.0;;Kristianstad FC;;0.0;0.0;2.8;0;0.0;0 - 0;3.5;FC Rosengård 1917;;0.0;0.0;2.15;0;0.0;+0.25;0 - 0;0-0;2.5;1.0;-;nan;;;;;;;;;;;;;;;;0.0;0.0;0.0;0.0;;;0.0;0.0;0.0;0.0;;[];[];[];[];[];[];[];[];1.0;0.0;0.0;1.0;0.0;0.0;1830.0;7095.0;kristianstad fc;fc rosengaard 1917;1.66;1.66;
2026-05-13;194483347;Egypt Division 1;Egypt;14:00;Schedule;False;0.07183908045977011;1.925;1.5, 2.0;1.875;1.5, 2.0;0.0;0.0;;0.0;0.0;0.0;0.0;0.0;;Al Ittihad Al Sakandary;;0.0;0.0;2.4;0;0.0;0 - 0;2.75;Talaea El Geish;;0.0;0.0;2.9;0;0.0;0.0;0 - 0;0-0;1.75;0.75;-;nan;;;;;;;;;;;;;;;;0.0;0.0;0.0;0.0;;;0.0;0.0;0.0;0.0;;[];[];[];[];[];[];[];[];1.0;0.0;0.0;1.0;0.0;0.0;35187.0;43561.0;al ittihad al sakandary;talaea el gaish;2.5;2.5;
2026-05-13;194489045;Romania Cup;Romania;14:00;Schedule;False;-0.06838905775075987;1.975;2.0, 2.5;1.825;2.0, 2.5;0.0;0.0;;0.0;0.0;0.0;0.0;0.0;;Universitatea Cluj;;0.0;0.0;2.8;0;0.0;0 - 0;3.25;CS U Craiova;;0.0;0.0;2.35;0;0.0;+0.25;0 - 0;0-0;2.25;1.0;-;nan;;;;;;;;;;;;;;;;0.0;0.0;0.0;0.0;;;0.0;0.0;0.0;0.0;;[];[];[];[];[];[];[];[];1.0;0.0;0.0;1.0;0.0;0.0;7734.0;116223.0;fc universitatea cluj;cs universitatea craiova;1.9;1.9;
2026-05-13;193003470;Spain La Liga;Spain;14:00;Schedule;False;0.2368421052631579;1.85;2.5;2.0;2.5;0.0;0.0;;0.0;0.0;0.0;0.0;0.0;;Villarreal;3.0;0.0;0.0;2.0;0;0.0;0 - 0;3.5;Sevilla;15.0;0.0;0.0;3.8;0;0.0;-0.5;0 - 0;0-0;2.5;1.0;-;nan;;;;;;;;;;;;;;;;0.0;0.0;0.0;0.0;;;0.0;0.0;0.0;0.0;;[];[];[];[];[];[];[];[];1.0;0.0;0.0;1.0;0.0;0.0;2819.0;2833.0;villarreal cf;sevilla fc;1.7;1.66;
2026-05-13;193003421;Spain La Liga;Spain;14:00;Schedule;False;0.0;1.95;2.0, 2.5;1.9;2.0, 2.5;0.0;0.0;;0.0;0.0;0.0;0.0;0.0;;Espanyol;;0.0;0.0;2.7;0;0.0;0 - 0;3.2;Athletic Club;;0.0;0.0;2.7;0;0.0;0.0;0 - 0;0-0;2.25;1.0;-;nan;;;;;;;;;;;;;;;;0.0;0.0;0.0;0.0;;;0.0;0.0;0.0;0.0;;[];[];[];[];[];[];[];[];1.0;0.0;0.0;1.0;0.0;0.0;2814.0;2825.0;espanyol barcelona;athletic bilbao;1.8;1.9;
2026-05-13;194521257;Austria Amateur Cup;Austria;14:00;Schedule;False;0.6849972722313148;1.975;4.0;1.825;4.0;0.0;0.0;;0.0;0.0;0.0;0.0;0.0;;Hohenems;;0.0;0.0;1.222;0;0.0;0 - 0;6.0;FC Alberschwende;;0.0;0.0;7.5;0;0.0;-2.0;0 - 0;0-0;4.0;1.75;-;nan;;;;;;;;;;;;;;;;0.0;0.0;0.0;0.0;;;0.0;0.0;0.0;0.0;;[];[];[];[];[];[];[];[];1.0;0.0;0.0;1.0;0.0;0.0;;;;;;;
2026-05-13;194490906;Sweden 2.div Norra Götaland;Sweden;14:00;Schedule;False;0.2113344683080146;1.875;3.0;1.925;3.0;0.0;0.0;;0.0;0.0;0.0;0.0;0.0;;Ahlafors IF;;0.0;0.0;1.909;0;0.0;0 - 0;3.6;Herrestads AIF;;0.0;0.0;3.2;0;0.0;-0.5;0 - 0;0-0;3.0;1.25;-;nan;;;;;;;;;;;;;;;;0.0;0.0;0.0;0.0;;;0.0;0.0;0.0;0.0;;[];[];[];[];[];[];[];[];1.0;0.0;0.0;1.0;0.0;0.0;7066.0;210386.0;ahlafors if;herrestads aif;1.53;1.53;
2026-05-13;194490909;Sweden 2.div Södra Götaland;Sweden;14:00;Schedule;False;0.08417508417508418;1.95;3.0;1.85;3.0;0.0;0.0;;0.0;0.0;0.0;0.0;0.0;;Torns IF;;0.0;0.0;2.2;0;0.0;0 - 0;3.5;Lilla Torg FF;;0.0;0.0;2.7;0;0.0;-0.25;0 - 0;0-0;3.0;1.25;-;nan;;;;;;;;;;;;;;;;0.0;0.0;0.0;0.0;;;0.0;0.0;0.0;0.0;;[];[];[];[];[];[];[];[];1.0;0.0;0.0;1.0;0.0;0.0;62560.0;22309.0;torns if;lilla torg ff;1.53;1.53;
2026-05-13;194466427;Argentina Nacional Reserve League;Argentina;14:00;Schedule;False;0.0;2.05;2.0, 2.5;1.75;2.0, 2.5;0.0;0.0;;0.0;0.0;0.0;0.0;0.0;;CA San Telmo Reserves;;0.0;0.0;2.5;0;0.0;0 - 0;3.25;Talleres Remedios Reserves;;0.0;0.0;2.5;0;0.0;0.0;0 - 0;0-0;2.25;0.75;-;nan;;;;;;;;;;;;;;;;0.0;0.0;0.0;0.0;;;0.0;0.0;0.0;0.0;;[];[];[];[];[];[];[];[];1.0;0.0;0.0;1.0;0.0;0.0;;;;;;;Youth
2026-05-13;193320727;Sweden Superettan;Sweden;14:00;Schedule;False;0.3214285714285714;1.925;3.0;1.875;3.0;0.0;0.0;;0.0;0.0;0.0;0.0;0.0;;IFK Norrkoping;;0.0;0.0;1.75;0;0.0;0 - 0;3.7;Nordic United FC;;0.0;0.0;4.0;0;0.0;-0.75;0 - 0;0-0;3.0;1.25;-;nan;;;;;;;;;;;;;;;;0.0;0.0;0.0;0.0;;;0.0;0.0;0.0;0.0;;[];[];[];[];[];[];[];[];1.0;0.0;0.0;1.0;0.0;0.0;1769.0;781030.0;ifk norrkoping fk;nordic united fc;1.57;1.57;
2026-05-13;193327298;Bulgaria First League;Bulgaria;14:15;Schedule;False;0.33333333333333337;1.975;2.5;1.825;2.5;0.0;0.0;;0.0;0.0;0.0;0.0;0.0;;Ludogorets Razgrad;;0.0;0.0;1.8;0;0.0;0 - 0;3.4;Levski Sofia;;0.0;0.0;4.5;0;0.0;-0.75;0 - 0;0-0;2.5;1.0;-;nan;;;;;;;;;;;;;;;;0.0;0.0;0.0;0.0;;;0.0;0.0;0.0;0.0;;[];[];[];[];[];[];[];[];1.0;0.0;0.0;1.0;0.0;0.0;43840.0;3273.0;pfc ludogorets 1945 razgrad;pfc levski sofia;1.8;1.83;
2026-05-13;194490314;Finland Kolmonen;Finland;14:15;Schedule;False;-0.009661835748792202;1.975;3.5, 4.0;1.825;3.5, 4.0;0.0;0.0;;0.0;0.0;0.0;0.0;0.0;;LePa;;0.0;0.0;2.3;0;0.0;0 - 0;4.1;NuPS;;0.0;0.0;2.25;0;0.0;0.0;0 - 0;0-0;3.75;1.5;-;nan;;;;;;;;;;;;;;;;0.0;0.0;0.0;0.0;;;0.0;0.0;0.0;0.0;;[];[];[];[];[];[];[];[];1.0;0.0;0.0;1.0;0.0;0.0;;;;;;;
2026-05-13;194522737;Latvia 1. Liga;Latvia;14:15;Schedule;False;-0.3926347984039994;1.9;3.0, 3.5;1.9;3.0, 3.5;0.0;0.0;;0.0;0.0;0.0;0.0;0.0;;FK Smiltene/BJSS;12.0;0.0;0.0;4.1;0;0.0;0 - 0;4.2;SK Super Nova II;6.0;0.0;0.0;1.571;0;0.0;+1.0;0 - 0;0-0;3.25;1.25;-;nan;;;;;;;;;;;;;;;;0.0;0.0;0.0;0.0;;;0.0;0.0;0.0;0.0;;[];[];[];[];[];[];[];[];1.0;0.0;0.0;1.0;0.0;0.0;;425115.0;;sk super nova;;;Youth
2026-05-13;194441799;Sweden 1.div Norra;Sweden;14:30;Schedule;False;0.11904761904761901;1.975;3.0;1.825;3.0;0.0;0.0;;0.0;0.0;0.0;0.0;0.0;;FC Arlanda;;0.0;0.0;2.1;0;0.0;0 - 0;3.6;Karlbergs BK;;0.0;0.0;2.8;0;0.0;-0.25;0 - 0;0-0;3.0;1.25;-;nan;;;;;;;;;;;;;;;;0.0;0.0;0.0;0.0;;;0.0;0.0;0.0;0.0;;[];[];[];[];[];[];[];[];1.0;0.0;0.0;1.0;0.0;0.0;342150.0;22238.0;fc arlanda;karlbergs bk;1.57;1.57;
2026-05-13;194477083;Türkiye Cup;Turkey;14:30;Schedule;False;-0.38935370820572723;1.85;2.5;1.95;2.5;0.0;0.0;;0.0;0.0;0.0;0.0;0.0;;Genclerbirligi;;0.0;0.0;4.75;0;0.0;0 - 0;3.5;Trabzonspor;;0.0;0.0;1.667;0;0.0;+0.75;0 - 0;0-0;2.5;1.0;-;nan;;;;;;;;;;;;;;;;0.0;0.0;0.0;0.0;;;0.0;0.0;0.0;0.0;;[];[];[];[];[];[];[];[];1.0;0.0;0.0;1.0;0.0;0.0;7802.0;3051.0;genclerbirligi sk;trabzonspor;1.8;1.8;
2026-05-13;194488456;Iceland Cup;Iceland;14:30;Schedule;False;-0.36215816703621584;1.875;3.0;1.925;3.0;0.0;0.0;;0.0;0.0;0.0;0.0;0.0;;Throttur Reykjavik;;0.0;0.0;4.1;0;0.0;0 - 0;3.75;Breidablik;;0.0;0.0;1.65;0;0.0;+0.75;0 - 0;0-0;3.0;1.25;-;nan;;;;;;;;;;;;;;;;0.0;0.0;0.0;0.0;;;0.0;0.0;0.0;0.0;;[];[];[];[];[];[];[];[];1.0;0.0;0.0;1.0;0.0;0.0;1910.0;1901.0;throttur reykjavik;breidablik kopavogur;;;
2026-05-13;194438018;Austria Landesliga;Austria;14:30;Schedule;False;-0.034782608695652195;1.925;3.0;1.875;3.0;0.0;0.0;;0.0;0.0;0.0;0.0;0.0;;SC Bad Sauerbrunn;;0.0;0.0;2.5;0;0.0;0 - 0;3.6;SV Leithaprodersdorf;;0.0;0.0;2.3;0;0.0;0.0;0 - 0;0-0;3.0;1.25;-;nan;;;;;;;;;;;;;;;;0.0;0.0;0.0;0.0;;;0.0;0.0;0.0;0.0;;[];[];[];[];[];[];[];[];1.0;0.0;0.0;1.0;0.0;0.0;;;;;;;
2026-05-13;194483359;Faroe Islands Premier League;Faroe Islands;14:30;Schedule;False;0.3367221292583588;1.8;2.5, 3.0;2.0;2.5, 3.0;0.0;0.0;;0.0;0.0;0.0;0.0;0.0;;KÍ Klaksvík;;0.0;0.0;1.667;0;0.0;0 - 0;3.9;NSI Runavik;;0.0;0.0;3.8;0;0.0;-0.75;0 - 0;0-0;2.75;1.25;-;nan;;;;;;;;;;;;;;;;0.0;0.0;0.0;0.0;;;0.0;0.0;0.0;0.0;;[];[];[];[];[];[];[];[];1.0;0.0;0.0;1.0;0.0;0.0;;;;;;;
2026-05-13;194490798;Poland IV Liga;Poland;14:30;Schedule;False;0.4819944598337951;1.825;3.5;1.975;3.5;0.0;0.0;;0.0;0.0;0.0;0.0;0.0;;Victoria Sulejowek;;0.0;0.0;1.444;0;0.0;0 - 0;4.75;KS Mszczonowianka;;0.0;0.0;4.75;0;0.0;-1.25;0 - 0;0-0;3.5;1.5;-;nan;;;;;;;;;;;;;;;;0.0;0.0;0.0;0.0;;;0.0;0.0;0.0;0.0;;[];[];[];[];[];[];[];[];1.0;0.0;0.0;1.0;0.0;0.0;;;;;;;
2026-05-13;194491799;Israel Premier League;Israel;14:30;Schedule;False;0.3560606060606061;1.95;3.0, 3.5;1.85;3.0, 3.5;0.0;0.0;;0.0;0.0;0.0;0.0;0.0;;Maccabi Tel Aviv;3.0;0.0;0.0;1.65;0;0.0;0 - 0;3.8;Maccabi Haifa;5.0;0.0;0.0;4.0;0;0.0;-0.75;0 - 0;0-0;3.25;1.25;-;nan;;;;;;;;;;;;;;;;0.0;0.0;0.0;0.0;;;0.0;0.0;0.0;0.0;;[];[];[];[];[];[];[];[];1.0;0.0;0.0;1.0;0.0;0.0;5198.0;5197.0;maccabi tel aviv fc;maccabi haifa fc;1.53;1.53;
2026-05-13;194490231;Austria Landesliga;Austria;14:30;Schedule;False;0.29332450988501946;1.9;3.0, 3.5;1.9;3.0, 3.5;0.0;0.0;;0.0;0.0;0.0;0.0;0.0;;SV Strasswalchen;;0.0;0.0;1.727;0;0.0;0 - 0;3.9;SV Schwarzach;;0.0;0.0;3.5;0;0.0;-0.75;0 - 0;0-0;3.25;1.25;-;nan;;;;;;;;;;;;;;;;0.0;0.0;0.0;0.0;;;0.0;0.0;0.0;0.0;;[];[];[];[];[];[];[];[];1.0;0.0;0.0;1.0;0.0;0.0;;;;;;;
2026-05-13;194441714;Sweden 1.div Norra;Sweden;14:30;Schedule;False;0.21795989537925015;2.025;3.0, 3.5;1.775;3.0, 3.5;0.0;0.0;;0.0;0.0;0.0;0.0;0.0;;FC Järfälla;;0.0;0.0;1.85;0;0.0;0 - 0;3.75;Enköping;;0.0;0.0;3.1;0;0.0;-0.5;0 - 0;0-0;3.25;1.25;-;nan;;;;;;;;;;;;;;;;0.0;0.0;0.0;0.0;;;0.0;0.0;0.0;0.0;;[];[];[];[];[];[];[];[];1.0;0.0;0.0;1.0;0.0;0.0;22262.0;1780.0;fc jarfalla;enkopings sk;1.53;1.53;
2026-05-13;194476797;Brazil Campeonato Brasileiro Serie B U20;Brazil;15:00;Schedule;False;0.31501831501831495;1.925;2.5;1.875;2.5;0.0;0.0;;0.0;0.0;0.0;0.0;0.0;;Goias U20;;0.0;0.0;1.75;0;0.0;0 - 0;3.5;Chapecoense U20;;0.0;0.0;3.9;0;0.0;-0.5;0 - 0;0-0;2.5;1.0;-;nan;;;;;;;;;;;;;;;;0.0;0.0;0.0;0.0;;;0.0;0.0;0.0;0.0;;[];[];[];[];[];[];[];[];1.0;0.0;0.0;1.0;0.0;0.0;1960.0;21845.0;goias ec go;chapecoense sc;;;Youth
2026-05-13;194476786;Brazil Serie A U20;Brazil;15:00;Schedule;False;0.07407407407407407;1.95;2.5;1.85;2.5;0.0;0.0;;0.0;0.0;0.0;0.0;0.0;;Criciuma U20;;0.0;0.0;2.25;0;0.0;0 - 0;3.3;Fortaleza U20;;0.0;0.0;2.7;0;0.0;-0.25;0 - 0;0-0;2.5;1.0;-;nan;;;;;;;;;;;;;;;;0.0;0.0;0.0;0.0;;;0.0;0.0;0.0;0.0;;[];[];[];[];[];[];[];[];1.0;0.0;0.0;1.0;0.0;0.0;1984.0;2020.0;criciuma ec sc;fortaleza ec ce;;;Youth
2026-05-13;194436515;Argentina Liga Profesional Reserves;Argentina;15:00;Schedule;False;-0.5303123086344153;1.9;2.0, 2.5;1.9;2.0, 2.5;0.0;0.0;;0.0;0.0;0.0;0.0;0.0;;Ferro Carril Oeste Reserves;;0.0;0.0;5.75;0;0.0;0 - 0;4.1;Boca Juniors Reserves;;0.0;0.0;1.42;0;0.0;+1.25;0 - 0;0-0;2.25;1.0;-;nan;;;;;;;;;;;;;;;;0.0;0.0;0.0;0.0;;;0.0;0.0;0.0;0.0;;[];[];[];[];[];[];[];[];1.0;0.0;0.0;1.0;0.0;0.0;;;;;;;Youth
2026-05-13;194436512;Argentina Liga Profesional Reserves;Argentina;15:00;Schedule;False;0.2271062271062272;1.775;2.0;2.025;2.0;0.0;0.0;;0.0;0.0;0.0;0.0;0.0;;Atletico Tucuman Reserves;;0.0;0.0;1.95;0;0.0;0 - 0;3.25;Barracas Central Reserves;;0.0;0.0;3.5;0;0.0;-0.5;0 - 0;0-0;2.0;0.75;-;nan;;;;;;;;;;;;;;;;0.0;0.0;0.0;0.0;;;0.0;0.0;0.0;0.0;;[];[];[];[];[];[];[];[];1.0;0.0;0.0;1.0;0.0;0.0;;;;;;;Youth
2026-05-13;194481666;Copa do Brazil Women;Brazil;15:00;Schedule;False;-0.5296551724137931;1.975;3.0;1.825;3.0;0.0;0.0;;0.0;0.0;0.0;0.0;0.0;;Uniao RN (W);;0.0;0.0;6.25;0;0.0;0 - 0;3.8;CA Piauiense (W);;0.0;0.0;1.45;0;0.0;+1.5;0 - 0;0-0;3.0;1.25;-;nan;;;;;;;;;;;;;;;;0.0;0.0;0.0;0.0;;;0.0;0.0;0.0;0.0;;[];[];[];[];[];[];[];[];1.0;0.0;0.0;1.0;0.0;0.0;;;;;;;Women
2026-05-13;194481668;Copa do Brazil Women;Brazil;15:00;Schedule;False;0.675;1.9;2.5, 3.0;1.9;2.5, 3.0;0.0;0.0;;0.0;0.0;0.0;0.0;0.0;;UD Alagoana (W);;0.0;0.0;1.25;0;0.0;0 - 0;6.0;Ypiranga AP (W);;0.0;0.0;8.0;0;0.0;-1.75;0 - 0;0-0;2.75;1.25;-;nan;;;;;;;;;;;;;;;;0.0;0.0;0.0;0.0;;;0.0;0.0;0.0;0.0;;[];[];[];[];[];[];[];[];1.0;0.0;0.0;1.0;0.0;0.0;;;;;;;Women
2026-05-13;194481671;Copa do Brazil Women;Brazil;15:00;Schedule;False;0.7414075286415711;1.875;2.5;1.925;2.5;0.0;0.0;;0.0;0.0;0.0;0.0;0.0;;Itabirito (W);;0.0;0.0;1.222;0;0.0;0 - 0;4.75;Ceara (W);;0.0;0.0;13.0;0;0.0;-2.0;0 - 0;0-0;2.5;1.0;-;nan;;;;;;;;;;;;;;;;0.0;0.0;0.0;0.0;;;0.0;0.0;0.0;0.0;;[];[];[];[];[];[];[];[];1.0;0.0;0.0;1.0;0.0;0.0;;2001.0;;ceara sc ce;;;Women
2026-05-13;194525310;Brazil Campeonato Carioca B1 U20;Brazil;15:00;Schedule;False;0.10582010582010581;1.875;3.5;1.925;3.5;0.0;0.0;;0.0;0.0;0.0;0.0;0.0;;Macae Esporte RJ U20;;0.0;0.0;2.1;0;0.0;0 - 0;3.75;Duque de Caxias U20;;0.0;0.0;2.7;0;0.0;-0.25;0 - 0;0-0;3.5;1.5;-;nan;;;;;;;;;;;;;;;;0.0;0.0;0.0;0.0;;;0.0;0.0;0.0;0.0;;[];[];[];[];[];[];[];[];1.0;0.0;0.0;1.0;0.0;0.0;;;;;;;Youth
2026-05-13;194481684;Copa do Brazil Women;Brazil;15:00;Schedule;False;0.09740259740259738;1.9;2.5, 3.0;1.9;2.5, 3.0;0.0;0.0;;0.0;0.0;0.0;0.0;0.0;;Sao Jose SP (W);;0.0;0.0;2.2;0;0.0;0 - 0;3.4;Prosperidade FC (W);;0.0;0.0;2.8;0;0.0;-0.25;0 - 0;0-0;2.75;1.25;-;nan;;;;;;;;;;;;;;;;0.0;0.0;0.0;0.0;;;0.0;0.0;0.0;0.0;;[];[];[];[];[];[];[];[];1.0;0.0;0.0;1.0;0.0;0.0;;;;;;;Women
2026-05-13;194481695;Copa do Brazil Women;Brazil;15:00;Schedule;False;-0.33182503770739064;2.0;2.5, 3.0;1.8;2.5, 3.0;0.0;0.0;;0.0;0.0;0.0;0.0;0.0;;Mauaense (W);;0.0;0.0;3.9;0;0.0;0 - 0;3.7;Itacoatiara (W);;0.0;0.0;1.7;0;0.0;+0.75;0 - 0;0-0;2.75;1.25;-;nan;;;;;;;;;;;;;;;;0.0;0.0;0.0;0.0;;;0.0;0.0;0.0;0.0;;[];[];[];[];[];[];[];[];1.0;0.0;0.0;1.0;0.0;0.0;;;;;;;Women
2026-05-13;194493293;Brazil Copa Gaucho;Brazil;15:00;Schedule;False;0.14141414141414138;1.9;1.5, 2.0;1.9;1.5, 2.0;0.0;0.0;;0.0;0.0;0.0;0.0;0.0;;Gramadense;;0.0;0.0;2.25;0;0.0;0 - 0;2.75;FC Santa Cruz do Sul;;0.0;0.0;3.3;0;0.0;-0.25;0 - 0;0-0;1.75;0.75;-;nan;;;;;;;;;;;;;;;;0.0;0.0;0.0;0.0;;;0.0;0.0;0.0;0.0;;[];[];[];[];[];[];[];[];1.0;0.0;0.0;1.0;0.0;0.0;;;;;;;
2026-05-13;194493312;Copa do Brazil Women;Brazil;15:00;Schedule;False;-0.12028869286287086;1.8;2.0, 2.5;2.0;2.0, 2.5;0.0;0.0;;0.0;0.0;0.0;0.0;0.0;;Sampaio Correa (W);;0.0;0.0;2.9;0;0.0;0 - 0;3.3;Real Heips (W);;0.0;0.0;2.15;0;0.0;+0.5;0 - 0;0-0;2.25;1.0;-;nan;;;;;;;;;;;;;;;;0.0;0.0;0.0;0.0;;;0.0;0.0;0.0;0.0;;[];[];[];[];[];[];[];[];1.0;0.0;0.0;1.0;0.0;0.0;2005.0;;sampaio correa fc ma;;;;Women
2026-05-13;194436509;Argentina Liga Profesional Reserves;Argentina;15:00;Schedule;False;0.34064158781444726;1.925;2.0, 2.5;1.875;2.0, 2.5;0.0;0.0;;0.0;0.0;0.0;0.0;0.0;;Argentinos Jrs Reserves;;0.0;0.0;1.75;0;0.0;0 - 0;3.2;Tigre Reserves;;0.0;0.0;4.333;0;0.0;-0.5;0 - 0;0-0;2.25;1.0;-;nan;;;;;;;;;;;;;;;;0.0;0.0;0.0;0.0;;;0.0;0.0;0.0;0.0;;[];[];[];[];[];[];[];[];1.0;0.0;0.0;1.0;0.0;0.0;;;;;;;Youth
2026-05-13;194488485;Republic of Ireland Leinster Senior League;Ireland;15:00;Schedule;False;0.48965517241379314;2.0;3.0, 3.5;1.8;3.0, 3.5;0.0;0.0;;0.0;0.0;0.0;0.0;0.0;;Bangor Celtic FC;;0.0;0.0;1.45;0;0.0;0 - 0;4.333;Usher Celtic;;0.0;0.0;5.0;0;0.0;-1.25;0 - 0;0-0;3.25;1.25;-;nan;;;;;;;;;;;;;;;;0.0;0.0;0.0;0.0;;;0.0;0.0;0.0;0.0;;[];[];[];[];[];[];[];[];1.0;0.0;0.0;1.0;0.0;0.0;;;;;;;
2026-05-13;194530799;Switzerland 2. Liga Interregional;Switzerland;15:00;Schedule;False;-0.24305555555555558;1.875;3.0, 3.5;1.925;3.0, 3.5;0.0;0.0;;0.0;0.0;0.0;0.0;0.0;;Lyss;;0.0;0.0;3.2;0;0.0;0 - 0;4.1;SC Dudingen;;0.0;0.0;1.8;0;0.0;+0.5;0 - 0;0-0;3.25;1.25;-;nan;;;;;;;;;;;;;;;;0.0;0.0;0.0;0.0;;;0.0;0.0;0.0;0.0;;[];[];[];[];[];[];[];[];1.0;0.0;0.0;1.0;0.0;0.0;;;;;;;
2026-05-13;194529895;El Salvador Reserves League;El Salvador;15:00;Schedule;False;-0.25252525252525254;1.95;3.0, 3.5;1.85;3.0, 3.5;0.0;0.0;;0.0;0.0;0.0;0.0;0.0;;CD Aguila Reserves;;0.0;0.0;3.3;0;0.0;0 - 0;4.0;Alianza FC Reserves;;0.0;0.0;1.8;0;0.0;+0.5;0 - 0;0-0;3.25;1.25;-;nan;;;;;;;;;;;;;;;;0.0;0.0;0.0;0.0;;;0.0;0.0;0.0;0.0;;[];[];[];[];[];[];[];[];1.0;0.0;0.0;1.0;0.0;0.0;;;;;;;Youth
2026-05-13;194466429;Argentina Nacional Reserve League;Argentina;15:00;Schedule;False;0.016006402561024313;1.775;2.0;2.025;2.0;0.0;0.0;;0.0;0.0;0.0;0.0;0.0;;All Boys Reserves;;0.0;0.0;2.45;0;0.0;0 - 0;3.25;Temperley Reserves;;0.0;0.0;2.55;0;0.0;0.0;0 - 0;0-0;2.0;0.75;-;nan;;;;;;;;;;;;;;;;0.0;0.0;0.0;0.0;;;0.0;0.0;0.0;0.0;;[];[];[];[];[];[];[];[];1.0;0.0;0.0;1.0;0.0;0.0;;;;;;;Youth
2026-05-13;194525210;Copa do Brazil Women;Brazil;15:00;Schedule;False;0.016666666666666663;2.0;2.5;1.8;2.5;0.0;0.0;;0.0;0.0;0.0;0.0;0.0;;Coritiba (W);;0.0;0.0;2.4;0;0.0;0 - 0;3.4;Rio Negro RR (W);;0.0;0.0;2.5;0;0.0;0.0;0 - 0;0-0;2.5;1.0;-;nan;;;;;;;;;;;;;;;;0.0;0.0;0.0;0.0;;;0.0;0.0;0.0;0.0;;[];[];[];[];[];[];[];[];1.0;0.0;0.0;1.0;0.0;0.0;1982.0;;coritiba fc pr;;;;Women
2026-05-13;194511396;Luxembourg Cup;Luxembourg;15:00;Schedule;False;0.25252525252525254;1.95;2.5, 3.0;1.85;2.5, 3.0;0.0;0.0;;0.0;0.0;0.0;0.0;0.0;;Progres Niederkorn;;0.0;0.0;1.8;0;0.0;0 - 0;3.9;Victoria Rosport;;0.0;0.0;3.3;0;0.0;-0.5;0 - 0;0-0;2.75;1.25;-;nan;;;;;;;;;;;;;;;;0.0;0.0;0.0;0.0;;;0.0;0.0;0.0;0.0;;[];[];[];[];[];[];[];[];1.0;0.0;0.0;1.0;0.0;0.0;;;;;;;
2026-05-13;194481703;Copa do Brazil Women;Brazil;15:00;Schedule;False;0.10971786833855796;1.8;2.0, 2.5;2.0;2.0, 2.5;0.0;0.0;;0.0;0.0;0.0;0.0;0.0;;Taubate (W);;0.0;0.0;2.2;0;0.0;0 - 0;3.25;3B Sport AM (W);;0.0;0.0;2.9;0;0.0;-0.25;0 - 0;0-0;2.25;1.0;-;nan;;;;;;;;;;;;;;;;0.0;0.0;0.0;0.0;;;0.0;0.0;0.0;0.0;;[];[];[];[];[];[];[];[];1.0;0.0;0.0;1.0;0.0;0.0;;;;;;;Women
2026-05-13;194484776;Czechia First League;Czech Republic;15:00;Schedule;False;0.5707915273132665;1.85;3.0;1.95;3.0;0.0;0.0;;0.0;0.0;0.0;0.0;0.0;;Slavia Prague;;0.0;0.0;1.38;0;0.0;0 - 0;4.5;FK Jablonec;;0.0;0.0;6.5;0;0.0;-1.25;0 - 0;0-0;3.0;1.25;-;nan;;;;;;;;;;;;;;;;0.0;0.0;0.0;0.0;;;0.0;0.0;0.0;0.0;;[];[];[];[];[];[];[];[];1.0;0.0;0.0;1.0;0.0;0.0;2216.0;2205.0;slavia prague;fk jablonec;1.8;1.8;
2026-05-13;194511391;Luxembourg Cup;Luxembourg;15:00;Schedule;False;0.8082239720034996;1.9;3.5;1.9;3.5;0.0;0.0;;0.0;0.0;0.0;0.0;0.0;;FC 03 Differdange;;0.0;0.0;1.143;0;0.0;0 - 0;7.5;FC Rodange;;0.0;0.0;15.0;0;0.0;-2.5;0 - 0;0-0;3.5;1.5;-;nan;;;;;;;;;;;;;;;;0.0;0.0;0.0;0.0;;;0.0;0.0;0.0;0.0;;[];[];[];[];[];[];[];[];1.0;0.0;0.0;1.0;0.0;0.0;;;;;;;
2026-05-13;194477672;Serbia Cup;Serbia;15:00;Schedule;False;0.5386746217771149;1.8;3.0;2.0;3.0;0.0;0.0;;0.0;0.0;0.0;0.0;0.0;;Crvena Zvezda;;0.0;0.0;1.444;0;0.0;0 - 0;4.333;Vojvodina;;0.0;0.0;6.5;0;0.0;-1.25;0 - 0;0-0;3.0;1.25;-;nan;;;;;;;;;;;;;;;;0.0;0.0;0.0;0.0;;;0.0;0.0;0.0;0.0;;[];[];[];[];[];[];[];[];1.0;0.0;0.0;1.0;0.0;0.0;5149.0;5150.0;fk crvena zvezda belgrade;fk vojvodina novi sad;;;
2026-05-13;194491807;Italy Serie C Play-Offs;Italy;15:00;Schedule;False;0.1620859760394644;2.025;2.0, 2.5;1.775;2.0, 2.5;0.0;0.0;;0.0;0.0;0.0;0.0;0.0;;Lecco;;0.0;0.0;2.15;0;0.0;0 - 0;2.9;US Pianese;;0.0;0.0;3.3;0;0.0;-0.25;0 - 0;0-0;2.25;0.75;-;nan;;;;;;;;;;;;;;;;0.0;0.0;0.0;0.0;;;0.0;0.0;0.0;0.0;;[];[];[];[];[];[];[];[];1.0;0.0;0.0;1.0;0.0;0.0;7933.0;117356.0;calcio lecco 1912;us pianese;1.9;1.9;
2026-05-13;194526649;Netherlands Eerste Divisie;Netherlands;15:00;Schedule;False;0.1172901921132457;1.875;2.5, 3.0;1.925;2.5, 3.0;0.0;0.0;;0.0;0.0;0.0;0.0;0.0;;Almere City;;0.0;0.0;2.15;0;0.0;0 - 0;3.3;Willem II;;0.0;0.0;2.875;0;0.0;-0.25;0 - 0;0-0;2.75;1.25;-;nan;;;;;;;;;;;;;;;;0.0;0.0;0.0;0.0;;;0.0;0.0;0.0;0.0;;[];[];[];[];[];[];[];[];1.0;0.0;0.0;1.0;0.0;0.0;2990.0;2961.0;almere city fc;willem ii tilburg;;;Youth
2026-05-13;194491805;Italy Serie C Play-Offs;Italy;15:00;Schedule;False;0.14285714285714285;1.9;2.5;1.9;2.5;0.0;0.0;;0.0;0.0;0.0;0.0;0.0;;Renate;;0.0;0.0;2.1;0;0.0;0 - 0;3.25;SSD Casarano Calcio;;0.0;0.0;3.0;0;0.0;-0.25;0 - 0;0-0;2.5;1.0;-;nan;;;;;;;;;;;;;;;;0.0;0.0;0.0;0.0;;;0.0;0.0;0.0;0.0;;[];[];[];[];[];[];[];[];1.0;0.0;0.0;1.0;0.0;0.0;36586.0;43684.0;ac renate;s.s.d. casarano calcio;1.83;1.83;
2026-05-13;194491810;Italy Serie C Play-Offs;Italy;15:00;Schedule;False;0.2142857142857143;1.825;2.0, 2.5;1.975;2.0, 2.5;0.0;0.0;;0.0;0.0;0.0;0.0;0.0;;Ravenna;;0.0;0.0;2.0;0;0.0;0 - 0;3.1;Cittadella;;0.0;0.0;3.5;0;0.0;-0.25;0 - 0;0-0;2.25;1.0;-;nan;;;;;;;;;;;;;;;;0.0;0.0;0.0;0.0;;;0.0;0.0;0.0;0.0;;[];[];[];[];[];[];[];[];1.0;0.0;0.0;1.0;0.0;0.0;5318.0;2717.0;ravenna fc 1913;as cittadella;1.8;1.8;
2026-05-13;194526011;Switzerland 2. Liga Interregional;Switzerland;15:00;Schedule;False;0.19298245614035087;2.0;3.0, 3.5;1.8;3.0, 3.5;0.0;0.0;;0.0;0.0;0.0;0.0;0.0;;Terre Sainte;;0.0;0.0;1.9;0;0.0;0 - 0;3.8;Stade Lausanne-Ouchy II;;0.0;0.0;3.0;0;0.0;-0.5;0 - 0;0-0;3.25;1.25;-;nan;;;;;;;;;;;;;;;;0.0;0.0;0.0;0.0;;;0.0;0.0;0.0;0.0;;[];[];[];[];[];[];[];[];1.0;0.0;0.0;1.0;0.0;0.0;;35162.0;;stade lausanne ouchy;;;Youth
2026-05-13;194272017;Brazil Serie A U20;Brazil;15:00;Schedule;False;0.5963413930405679;1.9;3.0;1.9;3.0;0.0;0.0;;0.0;0.0;0.0;0.0;0.0;;Santos U20;;0.0;0.0;1.333;0;0.0;0 - 0;4.75;Juventude U20;;0.0;0.0;6.5;0;0.0;-1.5;0 - 0;0-0;3.0;1.25;-;nan;;;;;;;;;;;;;;;;0.0;0.0;0.0;0.0;;;0.0;0.0;0.0;0.0;;[];[];[];[];[];[];[];[];1.0;0.0;0.0;1.0;0.0;0.0;1968.0;1980.0;santos fc sp;ec juventude rs;;;Youth
2026-05-13;194272021;Brazil Serie A U20;Brazil;15:00;Schedule;False;-0.00816326530612238;1.925;2.5, 3.0;1.875;2.5, 3.0;0.0;0.0;;0.0;0.0;0.0;0.0;0.0;;Sao Paulo U20;;0.0;0.0;2.5;0;0.0;0 - 0;3.25;Cruzeiro U20;;0.0;0.0;2.45;0;0.0;0.0;0 - 0;0-0;2.75;1.25;-;nan;;;;;;;;;;;;;;;;0.0;0.0;0.0;0.0;;;0.0;0.0;0.0;0.0;;[];[];[];[];[];[];[];[];1.0;0.0;0.0;1.0;0.0;0.0;1981.0;1954.0;sao paulo fc sp;cruzeiro ec mg;;;Youth
2026-05-13;194272008;Brazil Serie A U20;Brazil;15:00;Schedule;False;0.06349206349206349;1.85;3.0;1.95;3.0;0.0;0.0;;0.0;0.0;0.0;0.0;0.0;;Athletico Paranaense U20;;0.0;0.0;2.25;0;0.0;0 - 0;3.5;Bragantino U20;;0.0;0.0;2.625;0;0.0;-0.25;0 - 0;0-0;3.0;1.25;-;nan;;;;;;;;;;;;;;;;0.0;0.0;0.0;0.0;;;0.0;0.0;0.0;0.0;;[];[];[];[];[];[];[];[];1.0;0.0;0.0;1.0;0.0;0.0;1967.0;1999.0;ca paranaense pr;red bull bragantino sp;;;Youth
2026-05-13;194521600;Brazil Campeonato Brasileiro Serie B U20;Brazil;15:00;Schedule;False;0.30115830115830117;1.875;2.5, 3.0;1.925;2.5, 3.0;0.0;0.0;;0.0;0.0;0.0;0.0;0.0;;Internacional U20;;0.0;0.0;1.75;0;0.0;0 - 0;3.7;Vila Nova U20;;0.0;0.0;3.7;0;0.0;-0.75;0 - 0;0-0;2.75;1.25;-;nan;;;;;;;;;;;;;;;;0.0;0.0;0.0;0.0;;;0.0;0.0;0.0;0.0;;[];[];[];[];[];[];[];[];1.0;0.0;0.0;1.0;0.0;0.0;1966.0;2021.0;sc internacional rs;vila nova fc go;;;Youth
2026-05-13;194529546;Slovenia Cup;Slovenia;15:00;Schedule;False;-0.17530487804878053;1.825;2.0, 2.5;1.975;2.0, 2.5;0.0;0.0;;0.0;0.0;0.0;0.0;0.0;;NK Brinje Grosuplje;;0.0;0.0;3.2;0;0.0;0 - 0;3.4;Aluminij Kidricevo;;0.0;0.0;2.05;0;0.0;+0.25;0 - 0;0-0;2.25;1.0;-;nan;;;;;;;;;;;;;;;;0.0;0.0;0.0;0.0;;;0.0;0.0;0.0;0.0;;[];[];[];[];[];[];[];[];1.0;0.0;0.0;1.0;0.0;0.0;;2424.0;;aluminij kidricevo;;;
2026-05-13;194272010;Brazil Serie A U20;Brazil;15:00;Schedule;False;0.0;1.9;2.5;1.9;2.5;0.0;0.0;;0.0;0.0;0.0;0.0;0.0;;Fluminense U20;;0.0;0.0;2.5;0;0.0;0 - 0;3.25;Vasco da Gama U20;;0.0;0.0;2.5;0;0.0;0.0;0 - 0;0-0;2.5;1.0;-;nan;;;;;;;;;;;;;;;;0.0;0.0;0.0;0.0;;;0.0;0.0;0.0;0.0;;[];[];[];[];[];[];[];[];1.0;0.0;0.0;1.0;0.0;0.0;1961.0;1974.0;fluminense fc rj;cr vasco da gama rj;;;Youth
2026-05-13;194493319;Brazil Campeonato Capixaba U20;Brazil;15:00;Schedule;False;-0.49252077562326874;1.85;3.0, 3.5;1.95;3.0, 3.5;0.0;0.0;;0.0;0.0;0.0;0.0;0.0;;Vitoria ES U20;;0.0;0.0;5.0;0;0.0;0 - 0;4.5;Rio Branco AC U20;;0.0;0.0;1.444;0;0.0;+1.25;0 - 0;0-0;3.25;1.25;-;nan;;;;;;;;;;;;;;;;0.0;0.0;0.0;0.0;;;0.0;0.0;0.0;0.0;;[];[];[];[];[];[];[];[];1.0;0.0;0.0;1.0;0.0;0.0;35280.0;;vitoria fc es;;;;Youth
2026-05-13;192939273;England Super League Women;England;15:00;Schedule;False;0.8689712365239406;1.875;3.5, 4.0;1.925;3.5, 4.0;0.0;0.0;;0.0;0.0;0.0;0.0;0.0;;Arsenal (W);;0.0;0.0;1.091;0;0.0;0 - 0;9.5;Everton (W);;0.0;0.0;21.0;0;0.0;-2.75;0 - 0;0-0;3.75;1.5;-;nan;;;;;;;;;;;;;;;;0.0;0.0;0.0;0.0;;;0.0;0.0;0.0;0.0;;[];[];[];[];[];[];[];[];1.0;0.0;0.0;1.0;0.0;0.0;26243.0;36704.0;arsenal wfc;everton fc;2.2;2.2;Women
2026-05-13;194527809;Brazil Campeonato Carioca B1 U20;Brazil;15:00;Schedule;False;0.4057502538142655;1.825;3.5;1.975;3.5;0.0;0.0;;0.0;0.0;0.0;0.0;0.0;;Petropolis U20;;0.0;0.0;1.571;0;0.0;0 - 0;4.1;Niteroiense U20;;0.0;0.0;4.333;0;0.0;-1.0;0 - 0;0-0;3.5;1.5;-;nan;;;;;;;;;;;;;;;;0.0;0.0;0.0;0.0;;;0.0;0.0;0.0;0.0;;[];[];[];[];[];[];[];[];1.0;0.0;0.0;1.0;0.0;0.0;;;;;;;Youth
2026-05-13;194490954;Switzerland 1.Liga Classic;Switzerland;15:00;Schedule;False;-0.013729977116704872;2.0;3.0, 3.5;1.8;3.0, 3.5;0.0;0.0;;0.0;0.0;0.0;0.0;0.0;;FC Kosova;;0.0;0.0;2.375;0;0.0;0 - 0;3.9;FC Freienbach;;0.0;0.0;2.3;0;0.0;+0.25;0 - 0;0-0;3.25;1.25;-;nan;;;;;;;;;;;;;;;;0.0;0.0;0.0;0.0;;;0.0;0.0;0.0;0.0;;[];[];[];[];[];[];[];[];1.0;0.0;0.0;1.0;0.0;0.0;;;;;;;
2026-05-13;194465525;Argentina Reserve League;Argentina;15:00;Schedule;False;0.015384615384615441;1.85;2.0;1.95;2.0;0.0;0.0;;0.0;0.0;0.0;0.0;0.0;;CS Dock Sud Reserves;;0.0;0.0;2.5;0;0.0;0 - 0;3.0;Real Pilar Reserves;;0.0;0.0;2.6;0;0.0;0.0;0 - 0;0-0;2.0;0.75;-;nan;;;;;;;;;;;;;;;;0.0;0.0;0.0;0.0;;;0.0;0.0;0.0;0.0;;[];[];[];[];[];[];[];[];1.0;0.0;0.0;1.0;0.0;0.0;;;;;;;Youth
2026-05-13;194436520;Argentina Liga Profesional Reserves;Argentina;15:00;Schedule;False;0.29555373704309873;2.05;2.0, 2.5;1.75;2.0, 2.5;0.0;0.0;;0.0;0.0;0.0;0.0;0.0;;Independiente Rivadavia Reserves;;0.0;0.0;1.833;0;0.0;0 - 0;3.1;Colon Reserves;;0.0;0.0;4.0;0;0.0;-0.5;0 - 0;0-0;2.25;0.75;-;nan;;;;;;;;;;;;;;;;0.0;0.0;0.0;0.0;;;0.0;0.0;0.0;0.0;;[];[];[];[];[];[];[];[];1.0;0.0;0.0;1.0;0.0;0.0;;;;;;;Youth
2026-05-13;194436517;Argentina Liga Profesional Reserves;Argentina;15:00;Schedule;False;0.5078369905956113;1.975;2.5;1.825;2.5;0.0;0.0;;0.0;0.0;0.0;0.0;0.0;;Belgrano Reserves;;0.0;0.0;1.45;0;0.0;0 - 0;4.1;Central Cordoba SdE Reserves;;0.0;0.0;5.5;0;0.0;-1.0;0 - 0;0-0;2.5;1.0;-;nan;;;;;;;;;;;;;;;;0.0;0.0;0.0;0.0;;;0.0;0.0;0.0;0.0;;[];[];[];[];[];[];[];[];1.0;0.0;0.0;1.0;0.0;0.0;;;;;;;Youth
2026-05-13;194479456;Brazil Campeonato Carioca A2;Brazil;15:00;Schedule;False;-0.10295126973232671;1.9;1.5, 2.0;1.9;1.5, 2.0;0.0;0.0;;0.0;0.0;0.0;0.0;0.0;;Perolas Negras;;0.0;0.0;3.1;0;0.0;0 - 0;2.75;America RJ;;0.0;0.0;2.35;0;0.0;+0.25;0 - 0;0-0;1.75;0.75;-;nan;;;;;;;;;;;;;;;;0.0;0.0;0.0;0.0;;;0.0;0.0;0.0;0.0;;[];[];[];[];[];[];[];[];1.0;0.0;0.0;1.0;0.0;0.0;;6976.0;;america fc rj;;;
2026-05-13;194522168;Brazil Campeonato Carioca B1 U20;Brazil;15:00;Schedule;False;-0.10582010582010581;1.85;3.0, 3.5;1.95;3.0, 3.5;0.0;0.0;;0.0;0.0;0.0;0.0;0.0;;Campo Grande AC U20;;0.0;0.0;2.7;0;0.0;0 - 0;3.75;AA Carapebus U20;;0.0;0.0;2.1;0;0.0;+0.25;0 - 0;0-0;3.25;1.25;-;nan;;;;;;;;;;;;;;;;0.0;0.0;0.0;0.0;;;0.0;0.0;0.0;0.0;;[];[];[];[];[];[];[];[];1.0;0.0;0.0;1.0;0.0;0.0;;;;;;;Youth
2026-05-13;194484482;Finland Cup Women;Finland;15:05;Schedule;False;0.342902711323764;1.95;3.0, 3.5;1.85;3.0, 3.5;0.0;0.0;;0.0;0.0;0.0;0.0;0.0;;Valtti (W);;0.0;0.0;1.65;0;0.0;0 - 0;4.0;EPS (W);;0.0;0.0;3.8;0;0.0;-0.75;0 - 0;0-0;3.25;1.25;-;nan;;;;;;;;;;;;;;;;0.0;0.0;0.0;0.0;;;0.0;0.0;0.0;0.0;;[];[];[];[];[];[];[];[];1.0;0.0;0.0;1.0;0.0;0.0;;245397.0;;espoon palloseura;;;Women
2026-05-13;194525737;Mali Premiere Division;Mali;15:30;Schedule;False;0.13194444444444442;1.825;1.5, 2.0;1.975;1.5, 2.0;0.0;0.0;;0.0;0.0;0.0;0.0;0.0;;AS Bakaridjan;11.0;0.0;0.0;2.25;0;0.0;0 - 0;2.75;AS Korofina;8.0;0.0;0.0;3.2;0;0.0;-0.25;0 - 0;0-0;1.75;0.75;-;nan;;;;;;;;;;;;;;;;0.0;0.0;0.0;0.0;;;0.0;0.0;0.0;0.0;;[];[];[];[];[];[];[];[];1.0;0.0;0.0;1.0;0.0;0.0;;;;;;;
2026-05-13;194506914;Northern Ireland Championship Women;North Ireland;15:30;Schedule;False;-0.6666666666666667;1.95;3.5, 4.0;1.85;3.5, 4.0;0.0;0.0;;0.0;0.0;0.0;0.0;0.0;;Ballymena Utd (W);;0.0;0.0;7.5;0;0.0;0 - 0;6.0;St. James Swifts (W);;0.0;0.0;1.25;0;0.0;+2.0;0 - 0;0-0;3.75;1.5;-;nan;;;;;;;;;;;;;;;;0.0;0.0;0.0;0.0;;;0.0;0.0;0.0;0.0;;[];[];[];[];[];[];[];[];1.0;0.0;0.0;1.0;0.0;0.0;5269.0;;ballymena united;;;;Women
2026-05-13;192785669;Poland Ekstraklasa;Poland;15:30;Schedule;False;0.17530487804878053;1.975;2.5, 3.0;1.825;2.5, 3.0;0.0;0.0;;0.0;0.0;0.0;0.0;0.0;;Rakow Czestochowa;3.0;0.0;0.0;2.05;0;0.0;0 - 0;3.4;Jagiellonia Bialystok;2.0;0.0;0.0;3.2;0;0.0;-0.25;0 - 0;0-0;2.75;1.0;-;nan;;;;;;;;;;;;;;;;0.0;0.0;0.0;0.0;;;0.0;0.0;0.0;0.0;;[];[];[];[];[];[];[];[];1.0;0.0;0.0;1.0;0.0;0.0;35268.0;7691.0;rks rakow czestochowa;jagiellonia bialystok;1.66;1.66;
2026-05-13;194476805;Brazil Campeonato Brasileiro Serie B U20;Brazil;15:30;Schedule;False;-0.44606104695219917;1.9;2.5, 3.0;1.9;2.5, 3.0;0.0;0.0;;0.0;0.0;0.0;0.0;0.0;;Brusque U20;;0.0;0.0;5.25;0;0.0;0 - 0;3.6;CRB U20;;0.0;0.0;1.571;0;0.0;+1.0;0 - 0;0-0;2.75;1.25;-;nan;;;;;;;;;;;;;;;;0.0;0.0;0.0;0.0;;;0.0;0.0;0.0;0.0;;[];[];[];[];[];[];[];[];1.0;0.0;0.0;1.0;0.0;0.0;21884.0;22032.0;brusque fc sc;cr brasil al;;;Youth
2026-05-13;194489325;Republic of Ireland Leinster Senior League;Ireland;15:30;Schedule;False;0.3215686274509804;1.9;3.0;1.9;3.0;0.0;0.0;;0.0;0.0;0.0;0.0;0.0;;Kilbarrack Utd;;0.0;0.0;1.7;0;0.0;0 - 0;3.75;Finglas United;;0.0;0.0;3.75;0;0.0;-0.75;0 - 0;0-0;3.0;1.25;-;nan;;;;;;;;;;;;;;;;0.0;0.0;0.0;0.0;;;0.0;0.0;0.0;0.0;;[];[];[];[];[];[];[];[];1.0;0.0;0.0;1.0;0.0;0.0;;;;;;;
2026-05-13;194493315;Brazil Campeonato Paraense A2;Brazil;15:30;Schedule;False;0.0;1.9;2.5;1.9;2.5;0.0;0.0;;0.0;0.0;0.0;0.0;0.0;;AC Izabelense;;0.0;0.0;2.5;0;0.0;0 - 0;3.25;Independente AC;;0.0;0.0;2.5;0;0.0;0.0;0 - 0;0-0;2.5;1.0;-;nan;;;;;;;;;;;;;;;;0.0;0.0;0.0;0.0;;;0.0;0.0;0.0;0.0;;[];[];[];[];[];[];[];[];1.0;0.0;0.0;1.0;0.0;0.0;;;;;;;
2026-05-13;194506912;Northern Ireland Championship Women;North Ireland;15:30;Schedule;False;0.26653879559930516;1.8;4.0;2.0;4.0;0.0;0.0;;0.0;0.0;0.0;0.0;0.0;;Ballymoney United (W);;0.0;0.0;1.727;0;0.0;0 - 0;4.75;Ballyclare Comrades (W);;0.0;0.0;3.2;0;0.0;-0.75;0 - 0;0-0;4.0;1.75;-;nan;;;;;;;;;;;;;;;;0.0;0.0;0.0;0.0;;;0.0;0.0;0.0;0.0;;[];[];[];[];[];[];[];[];1.0;0.0;0.0;1.0;0.0;0.0;;;;;;;Women
2026-05-13;194521604;Brazil Campeonato Brasileiro Serie B U20;Brazil;15:30;Schedule;False;-0.24642289348171692;1.8;2.5;2.0;2.5;0.0;0.0;;0.0;0.0;0.0;0.0;0.0;;Atletico Goianiense U20;;0.0;0.0;3.4;0;0.0;0 - 0;3.5;Botafogo SP U20;;0.0;0.0;1.85;0;0.0;+0.5;0 - 0;0-0;2.5;1.0;-;nan;;;;;;;;;;;;;;;;0.0;0.0;0.0;0.0;;;0.0;0.0;0.0;0.0;;[];[];[];[];[];[];[];[];1.0;0.0;0.0;1.0;0.0;0.0;;1979.0;;botafogo fc sp;;;Youth
2026-05-13;194465527;Argentina Reserve League;Argentina;15:30;Schedule;False;0.27888707037643207;1.925;2.0;1.875;2.0;0.0;0.0;;0.0;0.0;0.0;0.0;0.0;;Deportivo Merlo Reserves;;0.0;0.0;1.833;0;0.0;0 - 0;3.25;Deportivo Liniers Reserves;;0.0;0.0;3.75;0;0.0;-0.5;0 - 0;0-0;2.0;0.75;-;nan;;;;;;;;;;;;;;;;0.0;0.0;0.0;0.0;;;0.0;0.0;0.0;0.0;;[];[];[];[];[];[];[];[];1.0;0.0;0.0;1.0;0.0;0.0;;;;;;;Youth
2026-05-13;194491812;Italy Serie C Play-Offs;Italy;15:45;Schedule;False;0.2888888888888889;1.975;2.5;1.825;2.5;0.0;0.0;;0.0;0.0;0.0;0.0;0.0;;Salernitana;;0.0;0.0;1.8;0;0.0;0 - 0;3.5;Casertana;;0.0;0.0;3.75;0;0.0;-0.5;0 - 0;0-0;2.5;1.0;-;nan;;;;;;;;;;;;;;;;0.0;0.0;0.0;0.0;;;0.0;0.0;0.0;0.0;;[];[];[];[];[];[];[];[];1.0;0.0;0.0;1.0;0.0;0.0;2710.0;53857.0;us salernitana;casertana fc;1.8;1.8;
2026-05-13;194379870;Scotland Championship Play-Offs;Scotland;15:45;Schedule;False;0.036363636363636376;1.8;2.5;2.0;2.5;0.0;0.0;;0.0;0.0;0.0;0.0;0.0;;Alloa;;0.0;0.0;2.5;0;0.0;0 - 0;3.3;Stenhousemuir;;0.0;0.0;2.75;0;0.0;0.0;0 - 0;0-0;2.5;1.0;-;nan;;;;;;;;;;;;;;;;0.0;0.0;0.0;0.0;;;0.0;0.0;0.0;0.0;;[];[];[];[];[];[];[];[];1.0;0.0;0.0;1.0;0.0;0.0;2369.0;2370.0;alloa athletic fc;stenhousemuir fc;1.57;1.57;
2026-05-13;193775656;England Premier League;England;16:00;Schedule;False;0.7183306055646481;1.875;3.5;1.975;3.5;0.0;0.0;;0.0;0.0;0.0;0.0;0.0;;Man City;2.0;0.0;0.0;1.222;0;0.0;0 - 0;7.5;Crystal Palace;15.0;0.0;0.0;10.0;0;0.0;-2.0;0 - 0;0-0;3.5;1.5;-;nan;;;;;;;;;;;;;;;;0.0;0.0;0.0;0.0;;;0.0;0.0;0.0;0.0;;[];[];[];[];[];[];[];[];1.0;0.0;0.0;1.0;0.0;0.0;17.0;7.0;manchester city;crystal palace;1.95;1.95;
2026-05-13;194438092;Bolivia Primera Division;Bolivia;16:00;Schedule;False;0.36215816703621584;1.85;3.5;1.95;3.5;0.0;0.0;;0.0;0.0;0.0;0.0;0.0;;Always Ready;;0.0;0.0;1.65;0;0.0;0 - 0;4.2;The Strongest;;0.0;0.0;4.1;0;0.0;-0.75;0 - 0;0-0;3.5;1.5;-;nan;;;;;;;;;;;;;;;;0.0;0.0;0.0;0.0;;;0.0;0.0;0.0;0.0;;[];[];[];[];[];[];[];[];1.0;0.0;0.0;1.0;0.0;0.0;378096.0;32529.0;always ready;the strongest;;;
2026-05-13;194491814;Italy Serie C Play-Offs;Italy;16:00;Schedule;False;0.1313628899835796;1.9;2.5;1.9;2.5;0.0;0.0;;0.0;0.0;0.0;0.0;0.0;;Potenza;;0.0;0.0;2.1;0;0.0;0 - 0;3.4;Campobasso;;0.0;0.0;2.9;0;0.0;-0.25;0 - 0;0-0;2.5;1.0;-;nan;;;;;;;;;;;;;;;;0.0;0.0;0.0;0.0;;;0.0;0.0;0.0;0.0;;[];[];[];[];[];[];[];[];1.0;0.0;0.0;1.0;0.0;0.0;7936.0;43858.0;potenza calcio;campobasso fc;1.72;1.72;
2026-05-13;193996926;England League 1;England;16:00;Schedule;False;0.2628205128205129;2.0;2.0, 2.5;1.85;2.0, 2.5;0.0;0.0;;0.0;0.0;0.0;0.0;0.0;;Stockport;3.0;0.0;0.0;1.95;0;0.0;0 - 0;3.25;Stevenage;6.0;0.0;0.0;4.0;0;0.0;-0.5;0 - 0;0-0;2.25;1.0;-;nan;;;;;;;;;;;;;;;;0.0;0.0;0.0;0.0;;;0.0;0.0;0.0;0.0;;[];[];[];[];[];[];[];[];1.0;0.0;0.0;1.0;0.0;0.0;10.0;133.0;stockport county fc;stevenage fc;1.8;1.95;
2026-05-13;194506909;Northern Ireland Championship Women;North Ireland;16:00;Schedule;False;0.6933306055646481;2.0;4.0, 4.5;1.8;4.0, 4.5;0.0;0.0;;0.0;0.0;0.0;0.0;0.0;;Bangor (W);;0.0;0.0;1.222;0;0.0;0 - 0;6.0;Mid Ulster (W);;0.0;0.0;8.0;0;0.0;-2.25;0 - 0;0-0;4.25;1.75;-;nan;;;;;;;;;;;;;;;;0.0;0.0;0.0;0.0;;;0.0;0.0;0.0;0.0;;[];[];[];[];[];[];[];[];1.0;0.0;0.0;1.0;0.0;0.0;23895.0;;bangor fc;;;;Women
2026-05-13;194484750;Colombia Cup;Colombia;16:00;Schedule;False;0.16883116883116883;1.9;2.0;1.9;2.0;0.0;0.0;;0.0;0.0;0.0;0.0;0.0;;Real Soacha Cundinamarca;;0.0;0.0;2.2;0;0.0;0 - 0;3.1;Independiente Yumbo;;0.0;0.0;3.5;0;0.0;-0.25;0 - 0;0-0;2.0;0.75;-;nan;;;;;;;;;;;;;;;;0.0;0.0;0.0;0.0;;;0.0;0.0;0.0;0.0;;[];[];[];[];[];[];[];[];1.0;0.0;0.0;1.0;0.0;0.0;;;;;;;
2026-05-13;194481674;Copa do Brazil Women;Brazil;16:00;Schedule;False;-0.0735930735930736;1.8;2.5;2.0;2.5;0.0;0.0;;0.0;0.0;0.0;0.0;0.0;;Penarol AM (W);;0.0;0.0;2.625;0;0.0;0 - 0;3.6;Doce Mel EC (W);;0.0;0.0;2.2;0;0.0;+0.25;0 - 0;0-0;2.5;1.0;-;nan;;;;;;;;;;;;;;;;0.0;0.0;0.0;0.0;;;0.0;0.0;0.0;0.0;;[];[];[];[];[];[];[];[];1.0;0.0;0.0;1.0;0.0;0.0;;;;;;;Women
2026-05-13;193332154;Scotland Premiership;Scotland;16:00;Schedule;False;0.5613682092555332;1.875;2.5, 3.0;1.975;2.5, 3.0;0.0;0.0;;0.0;0.0;0.0;0.0;0.0;;Hearts;1.0;0.0;0.0;1.42;0;0.0;0 - 0;4.75;Falkirk;6.0;0.0;0.0;7.0;0;0.0;-1.25;0 - 0;0-0;2.75;1.25;-;nan;;;;;;;;;;;;;;;;0.0;0.0;0.0;0.0;;;0.0;0.0;0.0;0.0;;[];[];[];[];[];[];[];[];1.0;0.0;0.0;1.0;0.0;0.0;2353.0;2363.0;heart of midlothian fc;falkirk fc;1.8;1.9;
2026-05-13;193332159;Scotland Premiership;Scotland;16:00;Schedule;False;-0.40866873065015485;1.875;3.0;1.975;3.0;0.0;0.0;;0.0;0.0;0.0;0.0;0.0;;Motherwell;4.0;0.0;0.0;4.75;0;0.0;0 - 0;4.2;Celtic;3.0;0.0;0.0;1.615;0;0.0;+0.75;0 - 0;0-0;3.0;1.25;-;nan;;;;;;;;;;;;;;;;0.0;0.0;0.0;0.0;;;0.0;0.0;0.0;0.0;;[];[];[];[];[];[];[];[];1.0;0.0;0.0;1.0;0.0;0.0;2346.0;2352.0;motherwell fc;celtic glasgow;1.57;1.57;
2026-05-13;193332165;Scotland Premiership;Scotland;16:00;Schedule;False;0.4365372374283896;1.95;3.0;1.9;3.0;0.0;0.0;;0.0;0.0;0.0;0.0;0.0;;Rangers;2.0;0.0;0.0;1.571;0;0.0;0 - 0;4.5;Hibernian;5.0;0.0;0.0;5.0;0;0.0;-1.0;0 - 0;0-0;3.0;1.25;-;nan;;;;;;;;;;;;;;;;0.0;0.0;0.0;0.0;;;0.0;0.0;0.0;0.0;;[];[];[];[];[];[];[];[];1.0;0.0;0.0;1.0;0.0;0.0;2351.0;2354.0;glasgow rangers;hibernian fc;1.66;1.7;
2026-05-13;193198351;France Ligue 1;France;16:00;Schedule;False;-0.15360983102918585;1.95;3.0, 3.5;1.9;3.0, 3.5;0.0;0.0;;0.0;0.0;0.0;0.0;0.0;;Lens;2.0;0.0;0.0;3.1;0;0.0;0 - 0;3.9;PSG;1.0;0.0;0.0;2.1;0;0.0;+0.25;0 - 0;0-0;3.25;1.25;-;nan;;;;;;;;;;;;;;;;0.0;0.0;0.0;0.0;;;0.0;0.0;0.0;0.0;;[];[];[];[];[];[];[];[];1.0;0.0;0.0;1.0;0.0;0.0;1648.0;1644.0;racing club de lens;paris saint-germain;1.44;1.44;
2026-05-13;194481614;Chile Primera Division Women;Chile;16:00;Schedule;False;-0.9363910277870774;1.825;4.0;1.975;4.0;0.0;0.0;;0.0;0.0;0.0;0.0;0.0;;Palestino (W);;0.0;0.0;29.0;0;0.0;0 - 0;15.0;Colo Colo (W);;0.0;0.0;1.03;0;0.0;+3.5;0 - 0;0-0;4.0;1.75;-;nan;;;;;;;;;;;;;;;;0.0;0.0;0.0;0.0;;;0.0;0.0;0.0;0.0;;[];[];[];[];[];[];[];[];1.0;0.0;0.0;1.0;0.0;0.0;3157.0;3155.0;cd palestino;colo-colo;;;Women
2026-05-13;193471922;Coppa Italia;Italy;16:00;Schedule;False;-0.38823529411764707;2.0;2.5;1.8;2.5;0.0;0.0;;0.0;0.0;0.0;0.0;0.0;;Lazio;;0.0;0.0;5.0;0;0.0;0 - 0;3.6;Inter Milan;;0.0;0.0;1.7;0;0.0;+0.75;0 - 0;0-0;2.5;1.0;-;nan;;;;;;;;;;;;;;;;0.0;0.0;0.0;0.0;;;0.0;0.0;0.0;0.0;;[];[];[];[];[];[];[];[];1.0;0.0;0.0;1.0;0.0;0.0;2699.0;2697.0;lazio rome;inter milano;1.95;1.8;
2026-05-13;194488458;Iceland Cup;Iceland;16:15;Schedule;False;0.23305373704309873;1.775;3.0;2.025;3.0;0.0;0.0;;0.0;0.0;0.0;0.0;0.0;;Afturelding;;0.0;0.0;1.833;0;0.0;0 - 0;3.9;Njardvik;;0.0;0.0;3.2;0;0.0;-0.5;0 - 0;0-0;3.0;1.25;-;nan;;;;;;;;;;;;;;;;0.0;0.0;0.0;0.0;;;0.0;0.0;0.0;0.0;;[];[];[];[];[];[];[];[];1.0;0.0;0.0;1.0;0.0;0.0;1914.0;431251.0;afturelding;umf njardvik;;;
2026-05-13;194488460;Iceland Cup;Iceland;16:15;Schedule;False;-0.6697545159796201;1.825;3.5;1.975;3.5;0.0;0.0;;0.0;0.0;0.0;0.0;0.0;;HK Kopavogur;;0.0;0.0;8.5;0;0.0;0 - 0;5.0;Vikingur Reykjavik;;0.0;0.0;1.27;0;0.0;+1.75;0 - 0;0-0;3.5;1.5;-;nan;;;;;;;;;;;;;;;;0.0;0.0;0.0;0.0;;;0.0;0.0;0.0;0.0;;[];[];[];[];[];[];[];[];1.0;0.0;0.0;1.0;0.0;0.0;7121.0;1908.0;hk kopavogur;vikingur reykjavik;;;
2026-05-13;194527909;Iceland Cup;Iceland;16:15;Schedule;False;0.6263736263736264;1.825;3.5;1.975;3.5;0.0;0.0;;0.0;0.0;0.0;0.0;0.0;;IA Akranes;;0.0;0.0;1.3;0;0.0;0 - 0;4.75;Grindavik;;0.0;0.0;7.0;0;0.0;-1.5;0 - 0;0-0;3.5;1.5;-;nan;;;;;;;;;;;;;;;;0.0;0.0;0.0;0.0;;;0.0;0.0;0.0;0.0;;[];[];[];[];[];[];[];[];1.0;0.0;0.0;1.0;0.0;0.0;1898.0;1897.0;ia akranes;umf grindavik;;;
2026-05-13;193003427;Spain La Liga;Spain;16:30;Schedule;False;0.14906832298136652;2.05;2.0;1.8;2.0;0.0;0.0;;0.0;0.0;0.0;0.0;0.0;;Getafe;8.0;0.0;0.0;2.3;0;0.0;0 - 0;3.1;Mallorca;18.0;0.0;0.0;3.5;0;0.0;-0.25;0 - 0;0-0;2.0;0.75;-;nan;;;;;;;;;;;;;;;;0.0;0.0;0.0;0.0;;;0.0;0.0;0.0;0.0;;[];[];[];[];[];[];[];[];1.0;0.0;0.0;1.0;0.0;0.0;2859.0;2826.0;getafe cf;rcd mallorca;2.2;2.1;
2026-05-13;193003413;Spain La Liga;Spain;16:30;Schedule;False;-0.19696969696969696;1.925;3.0;1.925;3.0;0.0;0.0;;0.0;0.0;0.0;0.0;0.0;;CD Alaves;16.0;0.0;0.0;3.3;0;0.0;0 - 0;4.0;Barcelona;1.0;0.0;0.0;2.0;0;0.0;+0.5;0 - 0;0-0;3.0;1.25;-;nan;;;;;;;;;;;;;;;;0.0;0.0;0.0;0.0;;;0.0;0.0;0.0;0.0;;[];[];[];[];[];[];[];[];1.0;0.0;0.0;1.0;0.0;0.0;2885.0;2817.0;deportivo alaves;fc barcelona;1.44;1.44;
2026-05-13;194479453;Brazil Campeonato Carioca A2;Brazil;17:00;Schedule;False;0.26742421189775817;2.0;2.0;1.8;2.0;0.0;0.0;;0.0;0.0;0.0;0.0;0.0;;Marica;;0.0;0.0;1.909;0;0.0;0 - 0;2.9;Sao Goncalo EC;;0.0;0.0;3.9;0;0.0;-0.5;0 - 0;0-0;2.0;0.75;-;nan;;;;;;;;;;;;;;;;0.0;0.0;0.0;0.0;;;0.0;0.0;0.0;0.0;;[];[];[];[];[];[];[];[];1.0;0.0;0.0;1.0;0.0;0.0;342210.0;;marica fc rj;;;;
2026-05-13;194488465;Iceland Cup;Iceland;17:00;Schedule;False;-0.35833333333333334;1.95;4.0, 4.5;1.85;4.0, 4.5;0.0;0.0;;0.0;0.0;0.0;0.0;0.0;;Stjarnan;;0.0;0.0;3.75;0;0.0;0 - 0;4.5;KR Reykjavik;;0.0;0.0;1.6;0;0.0;+1.0;0 - 0;0-0;4.25;1.75;-;nan;;;;;;;;;;;;;;;;0.0;0.0;0.0;0.0;;;0.0;0.0;0.0;0.0;;[];[];[];[];[];[];[];[];1.0;0.0;0.0;1.0;0.0;0.0;1912.0;1902.0;stjarnan gardabae;kr reykjavik;;;
2026-05-13;194481617;Chile Primera Division Women;Chile;17:00;Schedule;False;-0.3926347984039994;1.95;2.5, 3.0;1.85;2.5, 3.0;0.0;0.0;;0.0;0.0;0.0;0.0;0.0;;Santiago Wanderers (W);;0.0;0.0;4.1;0;0.0;0 - 0;4.2;Union Espanola (W);;0.0;0.0;1.571;0;0.0;+0.75;0 - 0;0-0;2.75;1.25;-;nan;;;;;;;;;;;;;;;;0.0;0.0;0.0;0.0;;;0.0;0.0;0.0;0.0;;[];[];[];[];[];[];[];[];1.0;0.0;0.0;1.0;0.0;0.0;;;;;;;Women
2026-05-13;194529817;Paraguay Reserve League;Paraguay;17:00;Schedule;False;-0.4666666666666666;2.0;3.0, 3.5;1.8;3.0, 3.5;0.0;0.0;;0.0;0.0;0.0;0.0;0.0;;Sportivo San Lorenzo Reserves;;0.0;0.0;5.0;0;0.0;0 - 0;4.0;2 de Mayo Reserves;;0.0;0.0;1.5;0;0.0;+1.0;0 - 0;0-0;3.25;1.25;-;nan;;;;;;;;;;;;;;;;0.0;0.0;0.0;0.0;;;0.0;0.0;0.0;0.0;;[];[];[];[];[];[];[];[];1.0;0.0;0.0;1.0;0.0;0.0;;;;;;;Youth
2026-05-13;194272023;Brazil Serie A U20;Brazil;17:00;Schedule;False;0.29914529914529914;2.0;2.5;1.8;2.5;0.0;0.0;;0.0;0.0;0.0;0.0;0.0;;Botafogo U20;;0.0;0.0;1.8;0;0.0;0 - 0;3.4;Flamengo U20;;0.0;0.0;3.9;0;0.0;-0.5;0 - 0;0-0;2.5;1.0;-;nan;;;;;;;;;;;;;;;;0.0;0.0;0.0;0.0;;;0.0;0.0;0.0;0.0;;[];[];[];[];[];[];[];[];1.0;0.0;0.0;1.0;0.0;0.0;1958.0;5981.0;botafogo fr rj;cr flamengo rj;;;Youth
2026-05-13;194483330;Ecuador LigaPro Serie B;Ecuador;17:30;Schedule;False;0.22972972972972977;1.775;2.0;2.025;2.0;0.0;0.0;;0.0;0.0;0.0;0.0;0.0;;Cumbaya;;0.0;0.0;2.0;0;0.0;0 - 0;3.1;LDU Portoviejo;;0.0;0.0;3.7;0;0.0;-0.5;0 - 0;0-0;2.0;0.75;-;nan;;;;;;;;;;;;;;;;0.0;0.0;0.0;0.0;;;0.0;0.0;0.0;0.0;;[];[];[];[];[];[];[];[];1.0;0.0;0.0;1.0;0.0;0.0;;;;;;;Youth
2026-05-13;194529761;Guatemala Segunda Division;Guatemala;18:00;Schedule;False;0.25983945132881303;1.8;2.5;2.0;2.5;0.0;0.0;;0.0;0.0;0.0;0.0;0.0;;Deportivo Fraijanes;;0.0;0.0;1.833;0;0.0;0 - 0;3.4;Poptun FC;;0.0;0.0;3.5;0;0.0;-0.5;0 - 0;0-0;2.5;1.0;-;nan;;;;;;;;;;;;;;;;0.0;0.0;0.0;0.0;;;0.0;0.0;0.0;0.0;;[];[];[];[];[];[];[];[];1.0;0.0;0.0;1.0;0.0;0.0;;;;;;;
2026-05-13;194469249;Colombia Primera B;Colombia;18:00;Schedule;False;0.4191950464396285;1.9;2.5;1.9;2.5;0.0;0.0;;0.0;0.0;0.0;0.0;0.0;;Bogota FC;;0.0;0.0;1.615;0;0.0;0 - 0;3.9;Barranquilla FC;;0.0;0.0;5.0;0;0.0;-0.75;0 - 0;0-0;2.5;1.0;-;nan;;;;;;;;;;;;;;;;0.0;0.0;0.0;0.0;;;0.0;0.0;0.0;0.0;;[];[];[];[];[];[];[];[];1.0;0.0;0.0;1.0;0.0;0.0;;;;;;;Youth
2026-05-13;194524364;Mexico Liga TDP;Mexico;18:00;Schedule;False;0.15360983102918585;1.975;2.5, 3.0;1.825;2.5, 3.0;0.0;0.0;;0.0;0.0;0.0;0.0;0.0;;Lechuzas UPGCH;;0.0;0.0;2.1;0;0.0;0 - 0;3.2;CD Delfines Coatzacoalcos;;0.0;0.0;3.1;0;0.0;-0.25;0 - 0;0-0;2.75;1.0;-;nan;;;;;;;;;;;;;;;;0.0;0.0;0.0;0.0;;;0.0;0.0;0.0;0.0;;[];[];[];[];[];[];[];[];1.0;0.0;0.0;1.0;0.0;0.0;;;;;;;
2026-05-13;194526368;El Salvador Clausura;El Salvador;18:30;Schedule;False;0.13196480938416422;1.85;2.0, 2.5;1.95;2.0, 2.5;0.0;0.0;;0.0;0.0;0.0;0.0;0.0;;CD Aguila;6.0;0.0;0.0;2.2;0;0.0;0 - 0;3.1;CD Luis Angel Firpo;2.0;0.0;0.0;3.1;0;0.0;-0.25;0 - 0;0-0;2.25;1.0;-;nan;;;;;;;;;;;;;;;;0.0;0.0;0.0;0.0;;;0.0;0.0;0.0;0.0;;[];[];[];[];[];[];[];[];1.0;0.0;0.0;1.0;0.0;0.0;;;;;;;
2026-05-13;194452880;Argentina Liga Profesional;Argentina;18:45;Schedule;False;0.14906832298136652;1.925;2.0;1.875;2.0;0.0;0.0;;0.0;0.0;0.0;0.0;0.0;;Rosario Central;;0.0;0.0;2.3;0;0.0;0 - 0;3.0;Racing Club;;0.0;0.0;3.5;0;0.0;-0.25;0 - 0;0-0;2.0;0.75;-;nan;;;;;;;;;;;;;;;;0.0;0.0;0.0;0.0;;;0.0;0.0;0.0;0.0;;[];[];[];[];[];[];[];[];1.0;0.0;0.0;1.0;0.0;0.0;3217.0;3215.0;ca rosario central;racing club avellaneda;2.05;2.05;
2026-05-13;194481623;Chile Primera Division Women;Chile;19:00;Schedule;False;0.9560019129603061;1.975;4.0, 4.5;1.825;4.0, 4.5;0.0;0.0;;0.0;0.0;0.0;0.0;0.0;;Universidad de Chile (W);;0.0;0.0;1.025;0;0.0;0 - 0;17.0;Magallanes (W);;0.0;0.0;51.0;0;0.0;-3.75;0 - 0;0-0;4.25;1.75;-;nan;;;;;;;;;;;;;;;;0.0;0.0;0.0;0.0;;;0.0;0.0;0.0;0.0;;[];[];[];[];[];[];[];[];1.0;0.0;0.0;1.0;0.0;0.0;3161.0;;universidad de chile;;;;Women
2026-05-13;194438094;Bolivia Primera Division;Bolivia;19:00;Schedule;False;0.034782608695652195;1.85;3.0;1.95;3.0;0.0;0.0;;0.0;0.0;0.0;0.0;0.0;;Independiente Petrolero;;0.0;0.0;2.3;0;0.0;0 - 0;3.6;Blooming;;0.0;0.0;2.5;0;0.0;-0.25;0 - 0;0-0;3.0;1.25;-;nan;;;;;;;;;;;;;;;;0.0;0.0;0.0;0.0;;;0.0;0.0;0.0;0.0;;[];[];[];[];[];[];[];[];1.0;0.0;0.0;1.0;0.0;0.0;498412.0;6968.0;independiente petrolero;blooming santa cruz;;;
2026-05-13;193552784;Copa do Brasil;Brazil;19:00;Schedule;False;0.6081378299120234;1.95;2.5;1.85;2.5;0.0;0.0;;0.0;0.0;0.0;0.0;0.0;;Vasco da Gama;;0.0;0.0;1.364;0;0.0;0 - 0;4.75;Paysandu;;0.0;0.0;8.0;0;0.0;-1.25;0 - 0;0-0;2.5;1.0;-;nan;;;;;;;;;;;;;;;;0.0;0.0;0.0;0.0;;;0.0;0.0;0.0;0.0;;[];[];[];[];[];[];[];[];1.0;0.0;0.0;1.0;0.0;0.0;1974.0;1997.0;cr vasco da gama rj;paysandu sc pa;2.5;2.25;
2026-05-13;194508901;Jamaica Premier League;Jamaica;19:00;Schedule;False;0.1111111111111111;1.875;2.0, 2.5;1.925;2.0, 2.5;0.0;0.0;;0.0;0.0;0.0;0.0;0.0;;Waterhouse;4.0;0.0;0.0;2.25;0;0.0;0 - 0;3.0;Cavalier;5.0;0.0;0.0;3.0;0;0.0;-0.25;0 - 0;0-0;2.25;1.0;-;nan;;;;;;;;;;;;;;;;0.0;0.0;0.0;0.0;;;0.0;0.0;0.0;0.0;;[];[];[];[];[];[];[];[];1.0;0.0;0.0;1.0;0.0;0.0;;;;;;;
2026-05-13;193552778;Copa do Brasil;Brazil;19:00;Schedule;False;-0.11303191489361702;1.75;2.0;2.05;2.0;0.0;0.0;;0.0;0.0;0.0;0.0;0.0;;Juventude;;0.0;0.0;3.2;0;0.0;0 - 0;3.1;Sao Paulo;;0.0;0.0;2.35;0;0.0;+0.25;0 - 0;0-0;2.0;0.75;-;nan;;;;;;;;;;;;;;;;0.0;0.0;0.0;0.0;;;0.0;0.0;0.0;0.0;;[];[];[];[];[];[];[];[];1.0;0.0;0.0;1.0;0.0;0.0;1980.0;1981.0;ec juventude rs;sao paulo fc sp;1.9;1.95;
2026-05-13;194131175;Brazil Copa Centro-Oeste;Brazil;19:00;Schedule;False;0.42601092163891596;2.0;2.5;1.8;2.5;0.0;0.0;;0.0;0.0;0.0;0.0;0.0;;Vila Nova;;0.0;0.0;1.571;0;0.0;0 - 0;3.7;Anapolis;;0.0;0.0;4.75;0;0.0;-0.75;0 - 0;0-0;2.5;1.0;-;nan;;;;;;;;;;;;;;;;0.0;0.0;0.0;0.0;;;0.0;0.0;0.0;0.0;;[];[];[];[];[];[];[];[];1.0;0.0;0.0;1.0;0.0;0.0;2021.0;21872.0;vila nova fc go;anapolis fc go;;;
2026-05-13;194493307;Brazil Copa Gaucho;Brazil;19:00;Schedule;False;0.20209059233449483;2.025;2.0, 2.5;1.775;2.0, 2.5;0.0;0.0;;0.0;0.0;0.0;0.0;0.0;;Brasil de Pelotas;;0.0;0.0;2.05;0;0.0;0 - 0;2.9;Guarany de Bage;;0.0;0.0;3.5;0;0.0;-0.25;0 - 0;0-0;2.25;0.75;-;nan;;;;;;;;;;;;;;;;0.0;0.0;0.0;0.0;;;0.0;0.0;0.0;0.0;;[];[];[];[];[];[];[];[];1.0;0.0;0.0;1.0;0.0;0.0;1986.0;21966.0;gremio esportivo brasil;guarany de bage fc;;;
2026-05-13;194522073;Copa do Brazil Women;Brazil;19:00;Schedule;False;0.3351363565749149;1.8;2.0, 2.5;2.0;2.0, 2.5;0.0;0.0;;0.0;0.0;0.0;0.0;0.0;;Planalto EC (W);;0.0;0.0;1.727;0;0.0;0 - 0;3.5;Paysandu (W);;0.0;0.0;4.1;0;0.0;0.0;0 - 0;0-0;2.25;1.0;-;nan;;;;;;;;;;;;;;;;0.0;0.0;0.0;0.0;;;0.0;0.0;0.0;0.0;;[];[];[];[];[];[];[];[];1.0;0.0;0.0;1.0;0.0;0.0;;1997.0;;paysandu sc pa;;;Women
2026-05-13;194493304;Brazil Copa Espirito Santo;Brazil;19:00;Schedule;False;0.040100250626566414;1.95;2.0, 2.5;1.85;2.0, 2.5;0.0;0.0;;0.0;0.0;0.0;0.0;0.0;;Rio Branco AC;;0.0;0.0;2.375;0;0.0;0 - 0;3.25;Vitoria ES;;0.0;0.0;2.625;0;0.0;0.0;0 - 0;0-0;2.25;1.0;-;nan;;;;;;;;;;;;;;;;0.0;0.0;0.0;0.0;;;0.0;0.0;0.0;0.0;;[];[];[];[];[];[];[];[];1.0;0.0;0.0;1.0;0.0;0.0;;35280.0;;vitoria fc es;;;
2026-05-13;194524371;Mexico Liga TDP;Mexico;19:00;Schedule;False;-0.3752926074152383;1.875;2.5, 3.0;1.925;2.5, 3.0;0.0;0.0;;0.0;0.0;0.0;0.0;0.0;;Cordobes Futbol Club II;;0.0;0.0;4.1;0;0.0;0 - 0;4.0;CF Pachuca III;;0.0;0.0;1.615;0;0.0;+0.75;0 - 0;0-0;2.75;1.25;-;nan;;;;;;;;;;;;;;;;0.0;0.0;0.0;0.0;;;0.0;0.0;0.0;0.0;;[];[];[];[];[];[];[];[];1.0;0.0;0.0;1.0;0.0;0.0;;;;;;;Youth
2026-05-13;194481707;Copa do Brazil Women;Brazil;19:00;Schedule;False;0.7839815477610753;1.9;3.0;1.9;3.0;0.0;0.0;;0.0;0.0;0.0;0.0;0.0;;Sport Recife (W);;0.0;0.0;1.143;0;0.0;0 - 0;8.0;Criciuma (W);;0.0;0.0;11.0;0;0.0;-2.25;0 - 0;0-0;3.0;1.25;-;nan;;;;;;;;;;;;;;;;0.0;0.0;0.0;0.0;;;0.0;0.0;0.0;0.0;;[];[];[];[];[];[];[];[];1.0;0.0;0.0;1.0;0.0;0.0;1959.0;1984.0;sc recife pe;criciuma ec sc;;;Women
2026-05-13;194481679;Copa do Brazil Women;Brazil;19:00;Schedule;False;0.7799749522114561;1.8;3.0;2.0;3.0;0.0;0.0;;0.0;0.0;0.0;0.0;0.0;;Minas ICESP DF (W);;0.0;0.0;1.167;0;0.0;0 - 0;6.5;Vila Nova GO (W);;0.0;0.0;13.0;0;0.0;-2.25;0 - 0;0-0;3.0;1.25;-;nan;;;;;;;;;;;;;;;;0.0;0.0;0.0;0.0;;;0.0;0.0;0.0;0.0;;[];[];[];[];[];[];[];[];1.0;0.0;0.0;1.0;0.0;0.0;;;;;;;Women
2026-05-13;194481676;Copa do Brazil Women;Brazil;19:00;Schedule;False;0.5817805383022776;1.9;2.5, 3.0;1.9;2.5, 3.0;0.0;0.0;;0.0;0.0;0.0;0.0;0.0;;Mixto (W);;0.0;0.0;1.38;0;0.0;0 - 0;3.9;Acao (W);;0.0;0.0;7.0;0;0.0;-1.25;0 - 0;0-0;2.75;1.25;-;nan;;;;;;;;;;;;;;;;0.0;0.0;0.0;0.0;;;0.0;0.0;0.0;0.0;;[];[];[];[];[];[];[];[];1.0;0.0;0.0;1.0;0.0;0.0;34005.0;;mixto ec mt;;;;Women
2026-05-13;194485473;Ecuador Super Cup;Ecuador;19:00;Schedule;False;-0.1218637992831541;2.0;2.5;1.8;2.5;0.0;0.0;;0.0;0.0;0.0;0.0;0.0;;Universidad Catolica del Ecuador;;0.0;0.0;3.1;0;0.0;0 - 0;3.1;Independiente del Valle;;0.0;0.0;2.25;0;0.0;+0.25;0 - 0;0-0;2.5;1.0;-;nan;;;;;;;;;;;;;;;;0.0;0.0;0.0;0.0;;;0.0;0.0;0.0;0.0;;[];[];[];[];[];[];[];[];1.0;0.0;0.0;1.0;0.0;0.0;21942.0;39723.0;cd universidad catolica del ecuador;csd independiente del valle;;;
2026-05-13;194131887;Brazil Campeonato Paulista A2;Brazil;19:15;Schedule;False;0.2738344683080146;1.85;1.5, 2.0;1.95;1.5, 2.0;0.0;0.0;;0.0;0.0;0.0;0.0;0.0;;Ferroviaria;;0.0;0.0;1.909;0;0.0;0 - 0;3.0;Juventus SP;;0.0;0.0;4.0;0;0.0;-0.5;0 - 0;0-0;1.75;0.75;-;nan;;;;;;;;;;;;;;;;0.0;0.0;0.0;0.0;;;0.0;0.0;0.0;0.0;;[];[];[];[];[];[];[];[];1.0;0.0;0.0;1.0;0.0;0.0;35285.0;;ferroviaria araraquara sp;;;;
2026-05-13;194479581;Brazil Catarinense 2;Brazil;19:30;Schedule;False;0.1313628899835796;2.0;2.5;1.8;2.5;0.0;0.0;;0.0;0.0;0.0;0.0;0.0;;Hercilio Luz;;0.0;0.0;2.1;0;0.0;0 - 0;3.3;Blumenau;;0.0;0.0;2.9;0;0.0;0.0;0 - 0;0-0;2.5;1.0;-;nan;;;;;;;;;;;;;;;;0.0;0.0;0.0;0.0;;;0.0;0.0;0.0;0.0;;[];[];[];[];[];[];[];[];1.0;0.0;0.0;1.0;0.0;0.0;;434706.0;;blumenau ec sc;;;
2026-05-13;193552790;Copa do Brasil;Brazil;19:30;Schedule;False;0.025542784163473775;2.025;2.0, 2.5;1.775;2.0, 2.5;0.0;0.0;;0.0;0.0;0.0;0.0;0.0;;Coritiba;;0.0;0.0;2.7;0;0.0;0 - 0;2.8;Santos;;0.0;0.0;2.9;0;0.0;0.0;0 - 0;0-0;2.25;0.75;-;nan;;;;;;;;;;;;;;;;0.0;0.0;0.0;0.0;;;0.0;0.0;0.0;0.0;;[];[];[];[];[];[];[];[];1.0;0.0;0.0;1.0;0.0;0.0;1982.0;1968.0;coritiba fc pr;santos fc sp;1.9;1.9;
2026-05-13;194530749;Suriname Major League;Suriname;20:00;Schedule;False;0.05982905982905984;1.8;2.5;2.0;2.5;0.0;0.0;;0.0;0.0;0.0;0.0;0.0;;SV Voorwaarts;;0.0;0.0;2.25;0;0.0;0 - 0;3.5;Inter Moengo Tapoe;;0.0;0.0;2.6;0;0.0;-0.25;0 - 0;0-0;2.5;1.0;-;nan;;;;;;;;;;;;;;;;0.0;0.0;0.0;0.0;;;0.0;0.0;0.0;0.0;;[];[];[];[];[];[];[];[];1.0;0.0;0.0;1.0;0.0;0.0;;;;;;;
2026-05-13;194521692;Brazil Campeonato Cearense B;Brazil;20:00;Schedule;False;0.40866873065015485;2.0;2.0, 2.5;1.8;2.0, 2.5;0.0;0.0;;0.0;0.0;0.0;0.0;0.0;;Guarany de Sobral;;0.0;0.0;1.615;0;0.0;0 - 0;3.4;Itapipoca;;0.0;0.0;4.75;0;0.0;-0.75;0 - 0;0-0;2.25;0.75;-;nan;;;;;;;;;;;;;;;;0.0;0.0;0.0;0.0;;;0.0;0.0;0.0;0.0;;[];[];[];[];[];[];[];[];1.0;0.0;0.0;1.0;0.0;0.0;;;;;;;Youth
2026-05-13;194479592;Brazil Campeonato Cearense B;Brazil;20:00;Schedule;False;0.29555373704309873;1.875;2.0, 2.5;1.925;2.0, 2.5;0.0;0.0;;0.0;0.0;0.0;0.0;0.0;;Barbalha;;0.0;0.0;1.833;0;0.0;0 - 0;3.1;Cariri;;0.0;0.0;4.0;0;0.0;-0.5;0 - 0;0-0;2.25;1.0;-;nan;;;;;;;;;;;;;;;;0.0;0.0;0.0;0.0;;;0.0;0.0;0.0;0.0;;[];[];[];[];[];[];[];[];1.0;0.0;0.0;1.0;0.0;0.0;;;;;;;Youth
2026-05-13;194473955;USA USL League Two;USA;20:00;Schedule;False;0.13066202090592338;1.8;3.0;2.0;3.0;0.0;0.0;;0.0;0.0;0.0;0.0;0.0;;Kalamazoo FC;;0.0;0.0;2.05;0;0.0;0 - 0;3.75;Union FC Macomb;;0.0;0.0;2.8;0;0.0;-0.25;0 - 0;0-0;3.0;1.25;-;nan;;;;;;;;;;;;;;;;0.0;0.0;0.0;0.0;;;0.0;0.0;0.0;0.0;;[];[];[];[];[];[];[];[];1.0;0.0;0.0;1.0;0.0;0.0;;;;;;;
2026-05-13;194270875;USA MLS Next Pro League;USA;20:00;Schedule;False;0.2514360899842752;1.975;2.5, 3.0;1.825;2.5, 3.0;0.0;0.0;;0.0;0.0;0.0;0.0;0.0;;Philadelphia Union II;;0.0;0.0;1.833;0;0.0;0 - 0;3.5;New England Revolution II;;0.0;0.0;3.4;0;0.0;-0.5;0 - 0;0-0;2.75;1.0;-;nan;;;;;;;;;;;;;;;;0.0;0.0;0.0;0.0;;;0.0;0.0;0.0;0.0;;[];[];[];[];[];[];[];[];1.0;0.0;0.0;1.0;0.0;0.0;;;;;;;Youth
2026-05-13;194473945;USA USL League One;USA;20:00;Schedule;False;0.050682261208576995;1.875;2.0, 2.5;1.925;2.0, 2.5;0.0;0.0;;0.0;0.0;0.0;0.0;0.0;;One Knoxville SC;;0.0;0.0;2.375;0;0.0;0 - 0;3.2;Union Omaha;;0.0;0.0;2.7;0;0.0;0.0;0 - 0;0-0;2.25;1.0;-;nan;;;;;;;;;;;;;;;;0.0;0.0;0.0;0.0;;;0.0;0.0;0.0;0.0;;[];[];[];[];[];[];[];[];1.0;0.0;0.0;1.0;0.0;0.0;874807.0;668761.0;one knoxville sc;union omaha sc;;;
2026-05-13;194469410;Venezuela Primera Division;Venezuela;20:00;Schedule;False;0.5156756756756756;1.95;2.0, 2.5;1.85;2.0, 2.5;0.0;0.0;;0.0;0.0;0.0;0.0;0.0;;Carabobo;7.0;0.0;0.0;1.48;0;0.0;0 - 0;3.5;Estudiantes Merida;8.0;0.0;0.0;6.25;0;0.0;-1.0;0 - 0;0-0;2.5;nan;-;nan;;;;;;;;;;;;;;;;0.0;0.0;0.0;0.0;;;0.0;0.0;0.0;0.0;;[];[];[];[];[];[];[];[];1.0;0.0;0.0;1.0;0.0;0.0;6229.0;;carabobo fc;;1.83;1.9;
2026-05-13;194270879;USA MLS Next Pro League;USA;20:00;Schedule;False;0.026619343389529815;1.95;3.0;1.85;3.0;0.0;0.0;;0.0;0.0;0.0;0.0;0.0;;Real Monarchs SLC;;0.0;0.0;2.3;0;0.0;0 - 0;3.6;The Town;;0.0;0.0;2.45;0;0.0;0.0;0 - 0;0-0;3.0;1.25;-;nan;;;;;;;;;;;;;;;;0.0;0.0;0.0;0.0;;;0.0;0.0;0.0;0.0;;[];[];[];[];[];[];[];[];1.0;0.0;0.0;1.0;0.0;0.0;;;;;;;
2026-05-13;193985031;Chile Copa de la Liga;Chile;20:00;Schedule;False;-0.040100250626566414;1.825;2.0, 2.5;1.975;2.0, 2.5;0.0;0.0;;0.0;0.0;0.0;0.0;0.0;;Coquimbo Unido;;0.0;0.0;2.625;0;0.0;0 - 0;3.4;Colo Colo;;0.0;0.0;2.375;0;0.0;0.0;0 - 0;0-0;2.25;1.0;-;nan;;;;;;;;;;;;;;;;0.0;0.0;0.0;0.0;;;0.0;0.0;0.0;0.0;;[];[];[];[];[];[];[];[];1.0;0.0;0.0;1.0;0.0;0.0;3165.0;3155.0;coquimbo unido;colo-colo;;;
2026-05-13;193719699;USA MLS;USA;20:15;Schedule;False;0.12121212121212122;1.975;2.5, 3.0;1.825;2.5, 3.0;0.0;0.0;;0.0;0.0;0.0;0.0;0.0;;Charlotte FC;;0.0;0.0;2.2;0;0.0;0 - 0;3.75;New York City;;0.0;0.0;3.0;0;0.0;-0.25;0 - 0;0-0;2.75;1.25;-;nan;;;;;;;;;;;;;;;;0.0;0.0;0.0;0.0;;;0.0;0.0;0.0;0.0;;[];[];[];[];[];[];[];[];1.0;0.0;0.0;1.0;0.0;0.0;863473.0;167510.0;charlotte fc;new york city fc;1.61;1.61;
2026-05-13;193719729;USA MLS;USA;20:30;Schedule;False;-0.12121212121212122;1.8;2.5, 3.0;2.0;2.5, 3.0;0.0;0.0;;0.0;0.0;0.0;0.0;0.0;;Orlando City;;0.0;0.0;3.0;0;0.0;0 - 0;3.75;Philadelphia;;0.0;0.0;2.2;0;0.0;+0.25;0 - 0;0-0;2.75;1.25;-;nan;;;;;;;;;;;;;;;;0.0;0.0;0.0;0.0;;;0.0;0.0;0.0;0.0;;[];[];[];[];[];[];[];[];1.0;0.0;0.0;1.0;0.0;0.0;52237.0;39833.0;orlando city sc;philadelphia union;1.61;1.57;
2026-05-13;194484752;USA USL Cup;USA;20:30;Schedule;False;-0.12836438923395443;1.8;2.5;2.0;2.5;0.0;0.0;;0.0;0.0;0.0;0.0;0.0;;Sarasota Paradise;;0.0;0.0;2.875;0;0.0;0 - 0;3.4;Sporting JAX;;0.0;0.0;2.1;0;0.0;+0.5;0 - 0;0-0;2.5;1.0;-;nan;;;;;;;;;;;;;;;;0.0;0.0;0.0;0.0;;;0.0;0.0;0.0;0.0;;[];[];[];[];[];[];[];[];1.0;0.0;0.0;1.0;0.0;0.0;;1232493.0;;sporting jax;;;
2026-05-13;194469415;Venezuela Primera Division;Venezuela;20:30;Schedule;False;0.3685124798098315;1.95;2.0, 2.5;1.85;2.0, 2.5;0.0;0.0;;0.0;0.0;0.0;0.0;0.0;;Academia Puerto Cabello;;0.0;0.0;1.727;0;0.0;0 - 0;3.25;Portuguesa FC;;0.0;0.0;4.75;0;0.0;-0.5;0 - 0;0-0;2.25;nan;-;nan;;;;;;;;;;;;;;;;0.0;0.0;0.0;0.0;;;0.0;0.0;0.0;0.0;;[];[];[];[];[];[];[];[];1.0;0.0;0.0;1.0;0.0;0.0;266595.0;;academia puerto cabello;;;;
2026-05-13;193719723;USA MLS;USA;20:30;Schedule;False;-0.14285714285714285;1.975;3.0, 3.5;1.825;3.0, 3.5;0.0;0.0;;0.0;0.0;0.0;0.0;0.0;;NY Red Bulls;;0.0;0.0;3.0;0;0.0;0 - 0;3.9;Columbus Crew;;0.0;0.0;2.1;0;0.0;+0.25;0 - 0;0-0;3.25;1.25;-;nan;;;;;;;;;;;;;;;;0.0;0.0;0.0;0.0;;;0.0;0.0;0.0;0.0;;[];[];[];[];[];[];[];[];1.0;0.0;0.0;1.0;0.0;0.0;2506.0;2504.0;new york red bulls;columbus crew;1.4;1.44;
2026-05-13;193719708;USA MLS;USA;20:30;Schedule;False;-0.15360983102918585;1.925;3.5, 4.0;1.875;3.5, 4.0;0.0;0.0;;0.0;0.0;0.0;0.0;0.0;;FC Cincinnati;;0.0;0.0;3.1;0;0.0;0 - 0;4.0;Inter Miami;;0.0;0.0;2.1;0;0.0;+0.25;0 - 0;0-0;3.75;1.5;-;nan;;;;;;;;;;;;;;;;0.0;0.0;0.0;0.0;;;0.0;0.0;0.0;0.0;;[];[];[];[];[];[];[];[];1.0;0.0;0.0;1.0;0.0;0.0;245305.0;659691.0;fc cincinnati;inter miami cf;1.33;1.33;
2026-05-13;193719704;USA MLS;USA;20:30;Schedule;False;0.20588235294117646;1.9;3.0;1.9;3.0;0.0;0.0;;0.0;0.0;0.0;0.0;0.0;;CF Montreal;;0.0;0.0;2.0;0;0.0;0 - 0;3.9;Portland Timbers;;0.0;0.0;3.4;0;0.0;-0.5;0 - 0;0-0;3.0;1.25;-;nan;;;;;;;;;;;;;;;;0.0;0.0;0.0;0.0;;;0.0;0.0;0.0;0.0;;[];[];[];[];[];[];[];[];1.0;0.0;0.0;1.0;0.0;0.0;22006.0;22007.0;cf montreal;portland timbers;1.5;1.5;
2026-05-13;193552794;Copa do Brasil;Brazil;20:30;Schedule;False;0.11783960720130932;2.025;2.0, 2.5;1.775;2.0, 2.5;0.0;0.0;;0.0;0.0;0.0;0.0;0.0;;Mirassol;;0.0;0.0;2.35;0;0.0;0 - 0;3.0;Bragantino;;0.0;0.0;3.25;0;0.0;-0.25;0 - 0;0-0;2.25;0.75;-;nan;;;;;;;;;;;;;;;;0.0;0.0;0.0;0.0;;;0.0;0.0;0.0;0.0;;[];[];[];[];[];[];[];[];1.0;0.0;0.0;1.0;0.0;0.0;21982.0;1999.0;mirassol fc sp;red bull bragantino sp;1.8;1.9;
2026-05-13;193719718;USA MLS;USA;20:30;Schedule;False;-0.059523809523809534;1.85;2.5;1.95;2.5;0.0;0.0;;0.0;0.0;0.0;0.0;0.0;;New England;;0.0;0.0;2.8;0;0.0;0 - 0;3.6;Nashville SC;;0.0;0.0;2.4;0;0.0;+0.25;0 - 0;0-0;2.5;1.0;-;nan;;;;;;;;;;;;;;;;0.0;0.0;0.0;0.0;;;0.0;0.0;0.0;0.0;;[];[];[];[];[];[];[];[];1.0;0.0;0.0;1.0;0.0;0.0;2511.0;668063.0;new england revolution;nashville sc;1.7;1.66;
2026-05-13;193719713;USA MLS;USA;20:30;Schedule;False;-0.044526901669758756;1.95;2.5, 3.0;1.85;2.5, 3.0;0.0;0.0;;0.0;0.0;0.0;0.0;0.0;;DC United;;0.0;0.0;2.75;0;0.0;0 - 0;3.6;Chicago Fire;;0.0;0.0;2.45;0;0.0;0.0;0 - 0;0-0;2.75;1.0;-;nan;;;;;;;;;;;;;;;;0.0;0.0;0.0;0.0;;;0.0;0.0;0.0;0.0;;[];[];[];[];[];[];[];[];1.0;0.0;0.0;1.0;0.0;0.0;2502.0;2505.0;dc united;chicago fire;1.66;1.61;
2026-05-13;194270907;USA MLS Next Pro League;USA;21:00;Schedule;False;0.2857142857142857;2.0;3.0;1.8;3.0;0.0;0.0;;0.0;0.0;0.0;0.0;0.0;;Huntsville City;;0.0;0.0;1.75;0;0.0;0 - 0;3.8;FC Cincinnati II;;0.0;0.0;3.5;0;0.0;-0.5;0 - 0;0-0;3.0;1.25;-;nan;;;;;;;;;;;;;;;;0.0;0.0;0.0;0.0;;;0.0;0.0;0.0;0.0;;[];[];[];[];[];[];[];[];1.0;0.0;0.0;1.0;0.0;0.0;;245305.0;;fc cincinnati;;;Youth
2026-05-13;194473959;USA USL League Two;USA;21:00;Schedule;False;0.48965517241379314;1.925;3.5;1.875;3.5;0.0;0.0;;0.0;0.0;0.0;0.0;0.0;;Weston FC;;0.0;0.0;1.45;0;0.0;0 - 0;4.5;Miami AC;;0.0;0.0;5.0;0;0.0;-1.25;0 - 0;0-0;3.5;1.5;-;nan;;;;;;;;;;;;;;;;0.0;0.0;0.0;0.0;;;0.0;0.0;0.0;0.0;;[];[];[];[];[];[];[];[];1.0;0.0;0.0;1.0;0.0;0.0;;;;;;;
2026-05-13;194476563;Bolivia Primera Division;Bolivia;21:00;Schedule;False;0.7626903553299492;1.825;3.5;1.975;3.5;0.0;0.0;;0.0;0.0;0.0;0.0;0.0;;Bolivar;;0.0;0.0;1.182;0;0.0;0 - 0;6.5;Nacional Potosi;;0.0;0.0;12.0;0;0.0;-2.0;0 - 0;0-0;3.5;1.5;-;nan;;;;;;;;;;;;;;;;0.0;0.0;0.0;0.0;;;0.0;0.0;0.0;0.0;;[];[];[];[];[];[];[];[];1.0;0.0;0.0;1.0;0.0;0.0;7059.0;47700.0;club bolivar;ca nacional potosi;;;
2026-05-13;194473964;USA USL League Two;USA;21:00;Schedule;False;-0.15217391304347827;1.95;3.0;1.85;3.0;0.0;0.0;;0.0;0.0;0.0;0.0;0.0;;Project 51O;;0.0;0.0;2.875;0;0.0;0 - 0;3.7;Almaden SC;;0.0;0.0;2.0;0;0.0;+0.25;0 - 0;0-0;3.0;1.25;-;nan;;;;;;;;;;;;;;;;0.0;0.0;0.0;0.0;;;0.0;0.0;0.0;0.0;;[];[];[];[];[];[];[];[];1.0;0.0;0.0;1.0;0.0;0.0;;;;;;;
2026-05-13;194270888;USA MLS Next Pro League;USA;21:00;Schedule;False;-0.23284823284823275;1.875;2.5, 3.0;1.925;2.5, 3.0;0.0;0.0;;0.0;0.0;0.0;0.0;0.0;;Colorado Rapids II;;0.0;0.0;3.25;0;0.0;0 - 0;3.8;Austin FC II;;0.0;0.0;1.85;0;0.0;+0.5;0 - 0;0-0;2.75;1.25;-;nan;;;;;;;;;;;;;;;;0.0;0.0;0.0;0.0;;;0.0;0.0;0.0;0.0;;[];[];[];[];[];[];[];[];1.0;0.0;0.0;1.0;0.0;0.0;2510.0;772256.0;colorado rapids;austin fc;;;Youth
2026-05-13;194270897;USA MLS Next Pro League;USA;21:00;Schedule;False;0.00438596491228066;1.9;3.0;1.9;3.0;0.0;0.0;;0.0;0.0;0.0;0.0;0.0;;Portland Timbers II;;0.0;0.0;2.375;0;0.0;0 - 0;3.6;Minnesota United FC II;;0.0;0.0;2.4;0;0.0;0.0;0 - 0;0-0;3.0;1.25;-;nan;;;;;;;;;;;;;;;;0.0;0.0;0.0;0.0;;;0.0;0.0;0.0;0.0;;[];[];[];[];[];[];[];[];1.0;0.0;0.0;1.0;0.0;0.0;22007.0;;portland timbers;;;;Youth
2026-05-13;194525844;Mexico U21 League;Mexico;21:00;Schedule;False;-0.016666666666666663;1.85;2.5;1.95;2.5;0.0;0.0;;0.0;0.0;0.0;0.0;0.0;;Chivas Guadalajara U21;;0.0;0.0;2.5;0;0.0;0 - 0;3.4;Club America U21;;0.0;0.0;2.4;0;0.0;0.0;0 - 0;0-0;2.5;1.0;-;nan;;;;;;;;;;;;;;;;0.0;0.0;0.0;0.0;;;0.0;0.0;0.0;0.0;;[];[];[];[];[];[];[];[];1.0;0.0;0.0;1.0;0.0;0.0;1938.0;1939.0;cd guadalajara;cf america;;;Youth
2026-05-13;193719755;USA MLS;USA;21:30;Schedule;False;-0.05303030303030304;1.85;2.5, 3.0;1.95;2.5, 3.0;0.0;0.0;;0.0;0.0;0.0;0.0;0.0;;St. Louis City SC;;0.0;0.0;2.75;0;0.0;0 - 0;3.6;LAFC;;0.0;0.0;2.4;0;0.0;0.0;0 - 0;0-0;2.75;1.25;-;nan;;;;;;;;;;;;;;;;0.0;0.0;0.0;0.0;;;0.0;0.0;0.0;0.0;;[];[];[];[];[];[];[];[];1.0;0.0;0.0;1.0;0.0;0.0;874725.0;402227.0;saint louis city sc;los angeles fc;;;
2026-05-13;194529869;Puerto Rico League;Puerto Rico;21:30;Schedule;False;0.40231572080887157;1.9;3.5, 4.0;1.9;3.5, 4.0;0.0;0.0;;0.0;0.0;0.0;0.0;0.0;;Caguas Sporting;;0.0;0.0;1.533;0;0.0;0 - 0;4.75;PR San Juan;;0.0;0.0;4.0;0;0.0;-1.0;0 - 0;0-0;3.75;1.5;-;nan;;;;;;;;;;;;;;;;0.0;0.0;0.0;0.0;;;0.0;0.0;0.0;0.0;;[];[];[];[];[];[];[];[];1.0;0.0;0.0;1.0;0.0;0.0;;;;;;;
2026-05-13;193719736;USA MLS;USA;21:30;Schedule;False;0.3492063492063492;2.025;3.0;1.775;3.0;0.0;0.0;;0.0;0.0;0.0;0.0;0.0;;Minnesota Utd;;0.0;0.0;1.75;0;0.0;0 - 0;3.9;Colorado Rapids;;0.0;0.0;4.5;0;0.0;-0.75;0 - 0;0-0;3.0;1.25;-;nan;;;;;;;;;;;;;;;;0.0;0.0;0.0;0.0;;;0.0;0.0;0.0;0.0;;[];[];[];[];[];[];[];[];1.0;0.0;0.0;1.0;0.0;0.0;41618.0;2510.0;minnesota united fc;colorado rapids;;;
2026-05-13;193719742;USA MLS;USA;21:30;Schedule;False;-0.3055555555555556;2.025;3.0, 3.5;1.775;3.0, 3.5;0.0;0.0;;0.0;0.0;0.0;0.0;0.0;;Kansas City;;0.0;0.0;4.0;0;0.0;0 - 0;4.1;LA Galaxy;;0.0;0.0;1.8;0;0.0;+0.75;0 - 0;0-0;3.25;1.25;-;nan;;;;;;;;;;;;;;;;0.0;0.0;0.0;0.0;;;0.0;0.0;0.0;0.0;;[];[];[];[];[];[];[];[];1.0;0.0;0.0;1.0;0.0;0.0;2509.0;2513.0;sporting kansas city;los angeles galaxy;;;
2026-05-13;194529867;Puerto Rico League;Puerto Rico;21:30;Schedule;False;0.45345345345345345;1.825;3.0, 3.5;1.975;3.0, 3.5;0.0;0.0;;0.0;0.0;0.0;0.0;0.0;;Metropolitan FA;;0.0;0.0;1.48;0;0.0;0 - 0;4.5;Ponce FC;;0.0;0.0;4.5;0;0.0;-1.25;0 - 0;0-0;3.25;1.5;-;nan;;;;;;;;;;;;;;;;0.0;0.0;0.0;0.0;;;0.0;0.0;0.0;0.0;;[];[];[];[];[];[];[];[];1.0;0.0;0.0;1.0;0.0;0.0;;;;;;;
2026-05-13;193719731;USA MLS;USA;21:30;Schedule;False;-0.20209059233449483;1.9;3.0;1.9;3.0;0.0;0.0;;0.0;0.0;0.0;0.0;0.0;;FC Dallas;;0.0;0.0;3.5;0;0.0;0 - 0;3.6;Vancouver Whitecaps;;0.0;0.0;2.05;0;0.0;+0.5;0 - 0;0-0;3.0;1.25;-;nan;;;;;;;;;;;;;;;;0.0;0.0;0.0;0.0;;;0.0;0.0;0.0;0.0;;[];[];[];[];[];[];[];[];1.0;0.0;0.0;1.0;0.0;0.0;2512.0;22010.0;fc dallas;vancouver whitecaps fc;;;
2026-05-13;193552798;Copa do Brasil;Brazil;21:30;Schedule;False;-0.6821384169084127;1.8;2.5, 3.0;2.0;2.5, 3.0;0.0;0.0;;0.0;0.0;0.0;0.0;0.0;;Jacuipense;;0.0;0.0;9.5;0;0.0;0 - 0;6.0;Palmeiras;;0.0;0.0;1.27;0;0.0;+1.75;0 - 0;0-0;2.75;1.25;-;nan;;;;;;;;;;;;;;;;0.0;0.0;0.0;0.0;;;0.0;0.0;0.0;0.0;;[];[];[];[];[];[];[];[];1.0;0.0;0.0;1.0;0.0;0.0;87166.0;1963.0;ec jacuipense ba;se palmeiras sp;;;
2026-05-13;193552796;Copa do Brasil;Brazil;21:30;Schedule;False;-0.1270903010033445;2.025;2.0, 2.5;1.775;2.0, 2.5;0.0;0.0;;0.0;0.0;0.0;0.0;0.0;;Ceara;;0.0;0.0;3.25;0;0.0;0 - 0;3.1;Atletico Mineiro;;0.0;0.0;2.3;0;0.0;+0.25;0 - 0;0-0;2.25;0.75;-;nan;;;;;;;;;;;;;;;;0.0;0.0;0.0;0.0;;;0.0;0.0;0.0;0.0;;[];[];[];[];[];[];[];[];1.0;0.0;0.0;1.0;0.0;0.0;2001.0;1977.0;ceara sc ce;atletico mineiro mg;;;
2026-05-13;194472391;Argentina Liga Profesional;Argentina;21:30;Schedule;False;0.5094585779517287;1.95;2.0, 2.5;1.85;2.0, 2.5;0.0;0.0;;0.0;0.0;0.0;0.0;0.0;;River Plate;;0.0;0.0;1.533;0;0.0;0 - 0;3.7;Gimnasia LP;;0.0;0.0;7.0;0;0.0;-1.0;0 - 0;0-0;2.25;1.0;-;nan;;;;;;;;;;;;;;;;0.0;0.0;0.0;0.0;;;0.0;0.0;0.0;0.0;;[];[];[];[];[];[];[];[];1.0;0.0;0.0;1.0;0.0;0.0;3211.0;3205.0;ca river plate (arg);gimnasia y esgrima la plata;;;
2026-05-13;193552801;Copa do Brasil;Brazil;21:30;Schedule;False;-0.18207282913165262;1.775;2.0, 2.5;2.025;2.0, 2.5;0.0;0.0;;0.0;0.0;0.0;0.0;0.0;;Remo;;0.0;0.0;3.4;0;0.0;0 - 0;3.3;Bahia;;0.0;0.0;2.1;0;0.0;+0.25;0 - 0;0-0;2.25;1.0;-;nan;;;;;;;;;;;;;;;;0.0;0.0;0.0;0.0;;;0.0;0.0;0.0;0.0;;[];[];[];[];[];[];[];[];1.0;0.0;0.0;1.0;0.0;0.0;2012.0;1955.0;clube do remo pa;ec bahia ba;;;
2026-05-13;194473949;USA USL League One;USA;22:00;Schedule;False;0.21870286576168935;2.0;2.5;1.8;2.5;0.0;0.0;;0.0;0.0;0.0;0.0;0.0;;AC Boise;;0.0;0.0;1.95;0;0.0;0 - 0;3.3;FC Naples;;0.0;0.0;3.4;0;0.0;-0.5;0 - 0;0-0;2.5;1.0;-;nan;;;;;;;;;;;;;;;;0.0;0.0;0.0;0.0;;;0.0;0.0;0.0;0.0;;[];[];[];[];[];[];[];[];1.0;0.0;0.0;1.0;0.0;0.0;;1218557.0;;fc naples;;;
2026-05-13;193719759;USA MLS;USA;22:30;Schedule;False;0.3492063492063492;1.875;3.0;1.925;3.0;0.0;0.0;;0.0;0.0;0.0;0.0;0.0;;Real Salt Lake;;0.0;0.0;1.75;0;0.0;0 - 0;3.75;Houston Dynamo;;0.0;0.0;4.5;0;0.0;-0.75;0 - 0;0-0;3.0;1.25;-;nan;;;;;;;;;;;;;;;;0.0;0.0;0.0;0.0;;;0.0;0.0;0.0;0.0;;[];[];[];[];[];[];[];[];1.0;0.0;0.0;1.0;0.0;0.0;5133.0;2508.0;real salt lake;houston dynamo;;;
2026-05-13;193719775;USA MLS;USA;22:30;Schedule;False;0.3776578017729787;1.9;3.0, 3.5;1.9;3.0, 3.5;0.0;0.0;;0.0;0.0;0.0;0.0;0.0;;San Diego FC;;0.0;0.0;1.667;0;0.0;0 - 0;4.333;Austin FC;;0.0;0.0;4.5;0;0.0;-0.75;0 - 0;0-0;3.25;1.25;-;nan;;;;;;;;;;;;;;;;0.0;0.0;0.0;0.0;;;0.0;0.0;0.0;0.0;;[];[];[];[];[];[];[];[];1.0;0.0;0.0;1.0;0.0;0.0;1217911.0;772256.0;san diego fc;austin fc;;;
2026-05-13;193719781;USA MLS;USA;22:30;Schedule;False;0.3214285714285714;1.9;3.0;1.9;3.0;0.0;0.0;;0.0;0.0;0.0;0.0;0.0;;Seattle Sounders;;0.0;0.0;1.75;0;0.0;0 - 0;4.2;San Jose;;0.0;0.0;4.0;0;0.0;-0.75;0 - 0;0-0;3.0;1.25;-;nan;;;;;;;;;;;;;;;;0.0;0.0;0.0;0.0;;;0.0;0.0;0.0;0.0;;[];[];[];[];[];[];[];[];1.0;0.0;0.0;1.0;0.0;0.0;22009.0;21825.0;seattle sounders;san jose earthquakes;;;
2026-05-13;194526364;Costa Rica Primera Division;Costa Rica;23:00;Schedule;False;0.2923976608187135;1.95;2.5;1.85;2.5;0.0;0.0;;0.0;0.0;0.0;0.0;0.0;;Deportivo Saprissa;2.0;0.0;0.0;1.8;0;0.0;0 - 0;3.3;Herediano;5.0;0.0;0.0;3.8;0;0.0;-0.5;0 - 0;0-0;2.5;1.0;-;nan;;;;;;;;;;;;;;;;0.0;0.0;0.0;0.0;;;0.0;0.0;0.0;0.0;;[];[];[];[];[];[];[];[];1.0;0.0;0.0;1.0;0.0;0.0;6574.0;7045.0;deportivo saprissa san jose;cs herediano;;;
2026-05-13;194508905;Jamaica Premier League;Jamaica;23:00;Schedule;False;0.27027027027027023;1.9;2.0, 2.5;1.9;2.0, 2.5;0.0;0.0;;0.0;0.0;0.0;0.0;0.0;;Portmore United;3.0;0.0;0.0;1.85;0;0.0;0 - 0;3.25;Racing United FC;6.0;0.0;0.0;3.7;0;0.0;-0.5;0 - 0;0-0;2.25;1.0;-;nan;;;;;;;;;;;;;;;;0.0;0.0;0.0;0.0;;;0.0;0.0;0.0;0.0;;[];[];[];[];[];[];[];[];1.0;0.0;0.0;1.0;0.0;0.0;;;;;;;
2026-05-13;194473788;Mexico Liga MX;Mexico;23:00;Schedule;False;0.19047619047619047;1.925;2.5;1.875;2.5;0.0;0.0;;0.0;0.0;0.0;0.0;0.0;;Cruz Azul;;0.0;0.0;2.1;0;0.0;0 - 0;3.4;Chivas Guadalajara;;0.0;0.0;3.5;0;0.0;-0.25;0 - 0;0-0;2.5;1.0;-;nan;;;;;;;;;;;;;;;;0.0;0.0;0.0;0.0;;;0.0;0.0;0.0;0.0;;[];[];[];[];[];[];[];[];1.0;0.0;0.0;1.0;0.0;0.0;1947.0;1938.0;cf cruz azul;cd guadalajara;;;
2026-05-13;194473968;USA USL League Two;USA;23:00;Schedule;False;0.29332450988501946;2.0;3.5;1.8;3.5;0.0;0.0;;0.0;0.0;0.0;0.0;0.0;;San Juan SC;;0.0;0.0;1.727;0;0.0;0 - 0;4.0;San Francisco Glens SC;;0.0;0.0;3.5;0;0.0;-0.75;0 - 0;0-0;3.5;1.5;-;nan;;;;;;;;;;;;;;;;0.0;0.0;0.0;0.0;;;0.0;0.0;0.0;0.0;;[];[];[];[];[];[];[];[];1.0;0.0;0.0;1.0;0.0;0.0;;;;;;;
