Date;Match ID;League;country;Time;Status;Diff_Prob;OddAsianOverGoals_FT;AsianOverGoals_FT;OddAsianUnderGoals_FT;AsianUnderGoals_FT;corners_home;corners_away;corners_FT;corners_home_HT;corners_away_HT;Corners_HT;attack_FT;dangerous_attack_FT;possession_FT;Home;Home Pos;Home Red Cards;Home Yellow Cards;Odd_H_FT;Goals_H_HT;Goals_H_FT;Score;Odd_D_FT;Away;Away Pos;Away Red Cards;Away Yellow Cards;Odd_A_FT;Goals_A_HT;Goals_A_FT;Handicap;Corners (FT);Corners (HT);Total Goals Line (FT);Total Goals Line (HT);Dangerous Attacks (FT);Dangerous Attacks (HT);half_dangerous_attack_away;half_dangerous_attack_home;half_possession_away;half_possession_home;half_shoot_off_target_away;half_shoot_off_target_home;half_shoot_on_target_away;half_shoot_on_target_home;odds_lose_odds;odds_win_odds;odds_draw_odds;handicap_goal_over_line;handicap_goal_over_odds;handicap_goal_under_odds;handicap_goal_under_line;attack_away;attack_home;dangerous_attack_away;dangerous_attack_home;possession_away;possession_home;shoot_off_target_away;shoot_off_target_home;shoot_on_target_away;shoot_on_target_home;GoalMinutes;goal_minutes_real;goal_periods;is_extra_time;goal_scorers;goal_diff_before_list;goal_diff_after_list;period_result_before_list;period_result_after_list;pct_time_drawing;pct_time_home_winning;pct_time_away_winning;pct_time_drawing_HT;pct_time_home_winning_HT;pct_time_away_winning_HT;api_H_id;api_A_id;api_H_name;api_A_name;odd_yes_abertura;odd_yes_fechamento;category
2026-05-02;193861391;Australia NPL Victoria U23;Australia;00:00;Full;0.06802721088435376;2.0;4.0;1.8;4.0;4.0;2.0;;3.0;0.0;3.0;133.0;140.0;;Dandenong Thunder U23;;0.0;1.0;2.1;0;2.0;2 - 5;4.333;Preston Lions U23;;0.0;0.0;2.45;1;5.0;-0.25;4 - 2;3-0;4.0;1.5;59 - 81;37 - 38;38.0;37.0;;;3.0;5.0;3.0;3.0;;;;;;;;61.0;72.0;81.0;59.0;;;13.0;6.0;9.0;5.0;;[19 53 55 56 77 88 90];[1 2 2 2 2 2 2];[False False False False False False False];"['Preston Lions U23' 'Preston Lions U23' 'Preston Lions U23'
 'Dandenong Thunder U23' 'Dandenong Thunder U23' 'Preston Lions U23'
 'Preston Lions U23']";[ 0 -1 -2 -3 -2 -1 -2];[-1 -2 -3 -2 -1 -2 -3];['D' 'A' 'A' 'A' 'A' 'A' 'A'];['A' 'A' 'A' 'A' 'A' 'A' 'A'];0.21;0.0;0.79;0.42;0.0;0.58;92923.0;364598.0;dandenong thunder;preston lions fc;;;Youth
2026-05-02;193773161;New Zealand Northern League;New Zealand;00:00;Full;0.2849211485404816;1.95;3.5;1.85;3.5;2.0;4.0;;2.0;1.0;3.0;107.0;67.0;100.0;East Coast Bays;;0.0;0.0;1.727;1;2.0;2 - 1;4.1;Auckland FC Reserves;;0.0;2.0;3.4;1;1.0;-0.75;2 - 4;2-1;3.5;1.5;34 - 33;16 - 12;12.0;16.0;43.0;57.0;1.0;1.0;2.0;2.0;;;;;;;;53.0;54.0;33.0;34.0;48.0;52.0;4.0;6.0;2.0;5.0;;[ 6 43 92];[1 1 2];[False False  True];['Auckland FC Reserves' 'East Coast Bays' 'East Coast Bays'];[ 0 -1  0];[-1  0  1];['D' 'A' 'D'];['A' 'D' 'H'];0.6;0.0;0.4;0.18;0.0;0.82;;;;;;;Youth
2026-05-02;193773155;New Zealand Northern League;New Zealand;00:00;Full;-0.3801269810181332;2.0;3.5;1.8;3.5;4.0;7.0;;4.0;4.0;8.0;93.0;70.0;100.0;Tauranga City AFC;;0.0;1.0;3.9;0;0.0;0 - 3;4.333;Auckland United FC;;0.0;2.0;1.571;2;3.0;+1;4 - 7;4-4;3.5;1.5;29 - 41;14 - 16;16.0;14.0;41.0;59.0;2.0;0.0;6.0;1.0;;;;;;;;49.0;44.0;41.0;29.0;48.0;52.0;2.0;0.0;10.0;4.0;;[35 38 64];[1 1 2];[False False False];['Auckland United FC' 'Auckland United FC' 'Auckland United FC'];[ 0 -1 -2];[-1 -2 -3];['D' 'A' 'A'];['A' 'A' 'A'];0.39;0.0;0.61;0.78;0.0;0.22;;;;;;;
2026-05-02;193773158;New Zealand Northern League;New Zealand;00:00;Full;-0.5513196480938416;1.8;3;2.0;3;5.0;4.0;;3.0;3.0;6.0;149.0;61.0;100.0;Bay Olympic;;0.0;2.0;5.5;0;1.0;1 - 4;5.0;Auckland City;;0.0;1.0;1.364;3;4.0;+1.5;5 - 4;3-3;3;1.25;25 - 36;8 - 21;21.0;8.0;76.0;24.0;4.0;1.0;8.0;0.0;;;;;;;;86.0;63.0;36.0;25.0;70.0;30.0;7.0;4.0;10.0;3.0;;[27 35 38 69 77];[1 1 1 2 2];[False False False False False];"['Auckland City' 'Auckland City' 'Auckland City' 'Bay Olympic'
 'Auckland City']";[ 0 -1 -2 -3 -2];[-1 -2 -3 -2 -3];['D' 'A' 'A' 'A' 'A'];['A' 'A' 'A' 'A' 'A'];0.3;0.0;0.7;0.6;0.0;0.4;;;;;;;
2026-05-02;193771939;New Zealand Central League;New Zealand;00:00;Full;-0.7407605307685458;1.9;3.5, 4;1.9;3.5, 4;2.0;5.0;;1.0;3.0;4.0;167.0;124.0;100.0;Upper Hutt City;;0.0;0.0;9.5;0;1.0;1 - 6;7.0;Wellington Olympic;;0.0;1.0;1.182;3;6.0;+2.25;2 - 5;1-3;3.75;1.5;47 - 77;21 - 50;50.0;21.0;65.0;35.0;2.0;1.0;6.0;0.0;;;;;;;;113.0;54.0;77.0;47.0;56.0;44.0;5.0;2.0;9.0;3.0;;[ 8 32 41 55 69 75 87];[1 1 1 2 2 2 2];[False False False False False False False];"['Wellington Olympic' 'Wellington Olympic' 'Wellington Olympic'
 'Wellington Olympic' 'Wellington Olympic' 'Wellington Olympic'
 'Upper Hutt City']";[ 0 -1 -2 -3 -4 -5 -6];[-1 -2 -3 -4 -5 -6 -5];['D' 'A' 'A' 'A' 'A' 'A' 'A'];['A' 'A' 'A' 'A' 'A' 'A' 'A'];0.09;0.0;0.91;0.18;0.0;0.82;;;;;;;
2026-05-02;193949592;Australia NPL Victoria U23;Australia;00:00;Full;0.5953177257525083;2.0;4.0;1.8;4.0;5.0;1.0;;1.0;1.0;2.0;0.0;0.0;;Manningham Utd Blues U23;;0.0;3.0;1.3;1;5.0;5 - 1;5.75;Eltham Redbacks U23;;0.0;1.0;5.75;0;1.0;-1.75;5 - 1;1-1;4.0;1.5;-;-;0.0;0.0;;;0.0;0.0;0.0;1.0;;;;;;;;0.0;0.0;0.0;0.0;;;0.0;0.0;1.0;5.0;;[ 6 51 61 70 71 78];[1 2 2 2 2 2];[False False False False False False];"['Manningham Utd Blues U23' 'Manningham Utd Blues U23'
 'Manningham Utd Blues U23' 'Manningham Utd Blues U23'
 'Eltham Redbacks U23' 'Manningham Utd Blues U23']";[0 1 2 3 4 3];[1 2 3 4 3 4];['D' 'H' 'H' 'H' 'H' 'H'];['H' 'H' 'H' 'H' 'H' 'H'];0.07;0.93;0.0;0.13;0.87;0.0;;;;;;;Youth
2026-05-02;193847501;Fiji National League;Fiji;00:00;Full;0.3382352941176471;1.9;2.5, 3;1.9;2.5, 3;4.0;2.0;;2.0;1.0;3.0;125.0;84.0;100.0;Navua FC;;0.0;3.0;1.7;2;4.0;4 - 1;3.6;Tailevu Naitasiri;;0.0;2.0;4.0;1;1.0;-0.75;4 - 2;2-1;2.75;1.25;52 - 32;31 - 15;15.0;31.0;50.0;50.0;0.0;0.0;1.0;3.0;;;;;;;;68.0;57.0;32.0;52.0;52.0;48.0;0.0;0.0;2.0;6.0;;[ 5 11 18 68 85];[1 1 1 2 2];[False False False False False];['Navua FC' 'Navua FC' 'Tailevu Naitasiri' 'Navua FC' 'Navua FC'];[0 1 2 1 2];[1 2 1 2 3];['D' 'H' 'H' 'H' 'H'];['H' 'H' 'H' 'H' 'H'];0.06;0.94;0.0;0.11;0.89;0.0;;;;;;;
2026-05-02;193949587;Australia South Australia State League Reserves;Australia;00:15;Full;-0.19841269841269843;1.95;4.0, 4.5;1.85;4.0, 4.5;4.0;5.0;;1.0;5.0;6.0;147.0;158.0;;Salisbury United Reserves;;0.0;2.0;2.8;0;0.0;0 - 2;5.0;Eastern United Reserves;;0.0;2.0;1.8;1;2.0;+0.5;4 - 5;1-5;4.25;1.75;71 - 87;30 - 45;45.0;30.0;;;4.0;0.0;1.0;1.0;;;;;;;;77.0;70.0;87.0;71.0;;;5.0;3.0;2.0;1.0;;[25 60];[1 2];[False False];['Eastern United Reserves' 'Eastern United Reserves'];[ 0 -1];[-1 -2];['D' 'A'];['A' 'A'];0.28;0.0;0.72;0.56;0.0;0.44;;;;;;;Youth
2026-05-02;193949584;Australia South Australia State League Reserves;Australia;00:15;Full;0.15346409793764426;2.0;3.5, 4.0;1.8;3.5, 4.0;5.0;4.0;;3.0;2.0;5.0;161.0;169.0;;Adelaide Cobras Reserves;;0.0;1.0;1.909;3;3.0;3 - 0;4.5;The Cove FC Reserves;;0.0;2.0;2.7;0;0.0;-0.5;5 - 4;3-2;3.75;1.5;83 - 86;48 - 40;40.0;48.0;;;2.0;3.0;1.0;3.0;;;;;;;;87.0;74.0;86.0;83.0;;;5.0;4.0;1.0;5.0;;[ 7 10 17];[1 1 1];[False False False];"['Adelaide Cobras Reserves' 'Adelaide Cobras Reserves'
 'Adelaide Cobras Reserves']";[0 1 2];[1 2 3];['D' 'H' 'H'];['H' 'H' 'H'];0.08;0.92;0.0;0.16;0.84;0.0;;;;;;;Youth
2026-05-02;193827832;Australia South Australia State League Reserves;Australia;00:15;Full;-0.7915573053368329;1.9;4.5;1.9;4.5;6.0;7.0;;2.0;4.0;6.0;105.0;83.0;;South Adelaide Reserves;;0.0;2.0;12.0;0;1.0;1 - 2;8.0;Adelaide Olympic Reserves;;0.0;0.0;1.143;0;2.0;+2.75;6 - 7;2-4;4.5;2.0;38 - 45;19 - 22;22.0;19.0;;;4.0;1.0;2.0;3.0;;;;;;;;58.0;47.0;45.0;38.0;;;4.0;2.0;12.0;11.0;;[56 59 61];[2 2 2];[False False False];"['South Adelaide Reserves' 'Adelaide Olympic Reserves'
 'Adelaide Olympic Reserves']";[0 1 0];[ 1  0 -1];['D' 'H' 'D'];['H' 'D' 'A'];0.64;0.03;0.32;1.0;0.0;0.0;;;;;;;Youth
2026-05-02;193827813;Australia SA Premier League Reserves;Australia;00:15;Full;0.6754734627075052;1.975;4.0, 4.5;1.825;4.0, 4.5;14.0;1.0;;2.0;0.0;2.0;222.0;169.0;;Campbelltown Reserves;;0.0;3.0;1.222;0;1.0;1 - 3;6.5;Croydon FC Reserves;;0.0;4.0;7.0;0;3.0;-2.0;14 - 1;2-0;4.25;1.75;117 - 52;61 - 17;17.0;61.0;;;0.0;1.0;2.0;0.0;;;;;;;;80.0;142.0;52.0;117.0;;;1.0;3.0;6.0;2.0;;[46 71 74 86];[2 2 2 2];[False False False False];"['Croydon FC Reserves' 'Croydon FC Reserves' 'Campbelltown Reserves'
 'Croydon FC Reserves']";[ 0 -1 -2 -1];[-1 -2 -1 -2];['D' 'A' 'A' 'A'];['A' 'A' 'A' 'A'];0.51;0.0;0.49;1.0;0.0;0.0;;;;;;;Youth
2026-05-02;193827821;Australia SA Premier League Women Reserves;Australia;00:15;Full;0.504225352112676;1.85;4.0;1.95;4.0;8.0;3.0;;5.0;2.0;7.0;269.0;188.0;;Adelaide Comets Reserves (W);;0.0;1.0;1.42;1;3.0;3 - 0;4.75;Campbelltown City Reserves (W);;0.0;0.0;5.0;0;0.0;-1.5;8 - 3;5-2;4.0;1.75;107 - 81;54 - 35;35.0;54.0;;;3.0;6.0;5.0;4.0;;;;;;;;122.0;147.0;81.0;107.0;;;6.0;9.0;8.0;8.0;;[ 8 71 75];[1 2 2];[False False False];"['Adelaide Comets Reserves (W)' 'Adelaide Comets Reserves (W)'
 'Adelaide Comets Reserves (W)']";[0 1 2];[1 2 3];['D' 'H' 'H'];['H' 'H' 'H'];0.09;0.91;0.0;0.18;0.82;0.0;;;;;;;Youth-Women
2026-05-02;193949582;Australia South Australia State League Reserves;Australia;00:15;Full;0.05952380952380948;1.9;3.5;1.9;3.5;8.0;3.0;;4.0;3.0;7.0;160.0;162.0;;Adelaide Blue Eagles Reserves;;0.0;2.0;2.1;0;1.0;1 - 0;4.5;Cumberland United Reserves;;1.0;1.0;2.4;0;0.0;-0.25;8 - 3;4-3;3.5;1.5;79 - 83;39 - 38;38.0;39.0;;;1.0;4.0;1.0;2.0;;;;;;;;87.0;73.0;83.0;79.0;;;3.0;8.0;6.0;8.0;;[73];[2];[False];['Adelaide Blue Eagles Reserves'];[0];[1];['D'];['H'];0.81;0.19;0.0;1.0;0.0;0.0;;;;;;;Youth
2026-05-02;193821115;India I-League 3;India;00:30;Full;-0.26276276276276267;1.85;2.5;1.95;2.5;2.0;4.0;;1.0;0.0;1.0;266.0;166.0;;Zinc Football Academy;;0.0;1.0;3.6;1;1.0;1 - 2;3.4;Trau FC;;0.0;0.0;1.85;2;2.0;+0.5;2 - 4;1-0;2.5;1;81 - 85;42 - 34;34.0;42.0;;;2.0;0.0;3.0;1.0;;;;;;;;142.0;124.0;85.0;81.0;;;4.0;2.0;3.0;1.0;;[ 9 17 36];[1 1 1];[False False False];['Trau FC' 'Trau FC' 'Zinc Football Academy'];[ 0 -1 -2];[-1 -2 -1];['D' 'A' 'A'];['A' 'A' 'A'];0.1;0.0;0.9;0.2;0.0;0.8;;;;;;;
2026-05-02;192940760;Japan J-League;Japan;00:55;Full;-0.3777089783281734;1.85;2.5;1.95;2.5;5.0;4.0;;4.0;0.0;4.0;180.0;74.0;100.0;Fagiano Okayama;;0.0;3.0;4.75;0;1.0;1 - 0;3.8;Sanfrecce Hiroshima;;0.0;1.0;1.7;0;0.0;+0.75;5 - 4;4-0;2.5;1;35 - 39;22 - 10;10.0;22.0;52.0;48.0;3.0;9.0;1.0;1.0;;;;;;;;95.0;85.0;39.0;35.0;60.0;40.0;8.0;11.0;2.0;2.0;;[83];[2];[False];['Fagiano Okayama'];[0];[1];['D'];['H'];0.92;0.08;0.0;1.0;0.0;0.0;34034.0;3135.0;fagiano okayama;sanfrecce hiroshima;2.0;1.8;
2026-05-02;193819236;Australia Tasmania Super League Women;Australia;01:00;Full;0.33321335732853424;1.85;3.0, 3.5;1.95;3.0, 3.5;2.0;3.0;;2.0;0.0;2.0;124.0;91.0;;Taroona (W);;0.0;1.0;1.667;4;5.0;5 - 1;4.1;Riverside Olympic (W);;0.0;1.0;3.75;0;1.0;-0.75;2 - 3;2-0;3.25;1.25;49 - 42;34 - 24;24.0;34.0;;;0.0;1.0;1.0;4.0;;;;;;;;62.0;62.0;42.0;49.0;;;0.0;1.0;2.0;5.0;;[ 5 15 28 47 63 65];[1 1 1 1 2 2];[False False False  True False False];"['Taroona (W)' 'Taroona (W)' 'Taroona (W)' 'Taroona (W)' 'Taroona (W)'
 'Riverside Olympic (W)']";[0 1 2 3 4 5];[1 2 3 4 5 4];['D' 'H' 'H' 'H' 'H' 'H'];['H' 'H' 'H' 'H' 'H' 'H'];0.06;0.94;0.0;0.11;0.89;0.0;;;;;;;Women
2026-05-02;193417665;Australia Northern NSW Premier League;Australia;01:00;Full;0.3104575163398693;1.875;3.5;1.925;3.5;4.0;6.0;;2.0;6.0;8.0;207.0;136.0;100.0;Lambton Jaffas;;0.0;0.0;1.7;1;1.0;1 - 2;4.1;Belmont Swansea United SC;;0.0;2.0;3.6;1;2.0;-0.75;4 - 6;2-6;3.5;1.5;66 - 70;35 - 37;37.0;35.0;36.0;64.0;4.0;5.0;2.0;4.0;;;;;;;;95.0;112.0;70.0;66.0;38.0;62.0;7.0;7.0;5.0;6.0;;[36 38 89];[1 1 2];[False False False];['Belmont Swansea United SC' 'Lambton Jaffas' 'Belmont Swansea United SC'];[ 0 -1  0];[-1  0 -1];['D' 'A' 'D'];['A' 'D' 'A'];0.97;0.0;0.03;0.96;0.0;0.04;;;;;;;
2026-05-02;193067977;Australia NPL Victoria;Australia;01:00;Full;-0.2161421606157069;1.8;2.5;2.0;2.5;3.0;7.0;;2.0;2.0;4.0;109.0;108.0;100.0;Hume City;;0.0;2.0;3.25;1;2.0;2 - 1;3.6;Heidelberg Utd;;0.0;1.0;1.909;0;1.0;+0.5;3 - 7;2-2;2.5;1.0;40 - 68;21 - 32;32.0;21.0;50.0;50.0;2.0;2.0;0.0;3.0;;;;;;;;54.0;55.0;68.0;40.0;50.0;50.0;6.0;2.0;1.0;6.0;;[42 54 80];[1 2 2];[False False False];['Hume City' 'Hume City' 'Heidelberg Utd'];[0 1 2];[1 2 1];['D' 'H' 'H'];['H' 'H' 'H'];0.47;0.53;0.0;0.93;0.07;0.0;92927.0;142724.0;hume city;heidelberg united fc;1.57;1.66;
2026-05-02;193417526;Australia New South Wales Premier League;Australia;01:00;Full;0.032051282051282104;2.025;3.0;1.775;3.0;4.0;2.0;;0.0;1.0;1.0;227.0;126.0;100.0;University NSW;;1.0;1.0;2.4;1;2.0;2 - 2;3.4;Blacktown City;;0.0;1.0;2.6;2;2.0;+0.25;4 - 2;0-1;3.0;1.25;71 - 55;31 - 26;26.0;31.0;52.0;48.0;0.0;2.0;4.0;4.0;;;;;;;;97.0;130.0;55.0;71.0;50.0;50.0;0.0;9.0;4.0;7.0;;[ 2  4 43 83];[1 1 1 2];[False False False False];['University NSW' 'Blacktown City' 'Blacktown City' 'University NSW'];[ 0  1  0 -1];[ 1  0 -1  0];['D' 'H' 'D' 'A'];['H' 'D' 'A' 'D'];0.53;0.02;0.44;0.91;0.04;0.04;319451.0;92204.0;university of nsw;blacktown city fc;1.53;1.53;
2026-05-02;193767927;Japan JFL Cup;Japan;01:00;Full;0.16369047619047616;1.95;2.0, 2.5;1.85;2.0, 2.5;4.0;4.0;;2.0;2.0;4.0;151.0;64.0;100.0;Briobecca Urayasu SC;;0.0;1.0;2.1;0;1.0;1 - 1;3.1;Criacao Shinjuku;;0.0;4.0;3.2;0;1.0;-0.25;4 - 4;2-2;2.25;1;29 - 35;16 - 17;17.0;16.0;60.0;40.0;3.0;4.0;3.0;2.0;;;;;;;;83.0;68.0;35.0;29.0;58.0;42.0;4.0;10.0;5.0;6.0;;[48 89];[2 2];[False False];['Briobecca Urayasu SC' 'Criacao Shinjuku'];[0 1];[1 0];['D' 'H'];['H' 'D'];0.54;0.46;0.0;1.0;0.0;0.0;;;;;;;
2026-05-02;193769591;Australia Tasmania Premier League;Australia;01:00;Full;0.29332450988501946;1.95;3.5;1.85;3.5;7.0;0.0;;3.0;0.0;3.0;176.0;85.0;100.0;South Hobart;;0.0;2.0;1.727;2;3.0;3 - 2;4.1;Devonport City;;0.0;2.0;3.5;1;2.0;-0.75;7 - 0;3-0;3.5;1.5;52 - 33;26 - 12;12.0;26.0;44.0;56.0;1.0;2.0;2.0;3.0;;;;;;;;85.0;91.0;33.0;52.0;45.0;55.0;2.0;4.0;3.0;4.0;;[ 5 25 32 70 73];[1 1 1 2 2];[False False False False False];"['South Hobart' 'Devonport City' 'South Hobart' 'South Hobart'
 'Devonport City']";[0 1 0 1 2];[1 0 1 2 1];['D' 'H' 'D' 'H' 'H'];['H' 'D' 'H' 'H' 'H'];0.13;0.87;0.0;0.27;0.73;0.0;;;;;;;
2026-05-02;193417676;Australia Northern NSW Premier League;Australia;01:00;Full;0.09157509157509158;1.975;3.0, 3.5;1.825;3.0, 3.5;5.0;7.0;;3.0;5.0;8.0;228.0;144.0;100.0;Maitland FC;;0.0;1.0;2.1;2;2.0;2 - 3;3.8;Charlestown Azzurri;;0.0;2.0;2.6;0;3.0;-0.25;5 - 7;3-5;3.25;1.25;67 - 77;32 - 29;29.0;32.0;35.0;65.0;2.0;1.0;0.0;4.0;;;;;;;;104.0;124.0;77.0;67.0;36.0;64.0;7.0;4.0;5.0;5.0;;[38 43 49 62 90];[1 1 2 2 2];[False False False False False];"['Maitland FC' 'Maitland FC' 'Charlestown Azzurri' 'Charlestown Azzurri'
 'Charlestown Azzurri']";[0 1 2 1 0];[ 1  2  1  0 -1];['D' 'H' 'H' 'H' 'D'];['H' 'H' 'H' 'D' 'A'];0.73;0.27;0.0;0.84;0.16;0.0;;;;;;;
2026-05-02;193767559;Japan L1 League Women;Japan;01:00;Full;-0.024509803921568596;1.875;2.0, 2.5;1.925;2.0, 2.5;4.0;0.0;;4.0;0.0;4.0;171.0;68.0;100.0;Ehime FC (W);;0.0;0.0;2.55;0;1.0;1 - 1;3.25;AS Harima Albion (W);;0.0;0.0;2.4;1;1.0;0;4 - 0;4-0;2.25;1;34 - 34;17 - 17;17.0;17.0;50.0;50.0;3.0;5.0;1.0;2.0;;;;;;;;81.0;90.0;34.0;34.0;44.0;56.0;8.0;5.0;2.0;4.0;;[35 64];[1 2];[False False];['AS Harima Albion (W)' 'Ehime FC (W)'];[ 0 -1];[-1  0];['D' 'A'];['A' 'D'];0.68;0.0;0.32;0.78;0.0;0.22;8060.0;;ehime fc;;;;Women
2026-05-02;193767563;Japan L1 League Women;Japan;01:00;Full;0.1875;2.0;2.0, 2.5;1.8;2.0, 2.5;5.0;1.0;;3.0;1.0;4.0;183.0;104.0;100.0;Loveledge Nagoya (W);;0.0;0.0;2.0;1;1.0;1 - 1;3.25;Orca Kamogawa FC (W);;0.0;1.0;3.2;0;1.0;-0.25;5 - 1;3-1;2.25;1;73 - 31;37 - 11;11.0;37.0;39.0;61.0;2.0;2.0;0.0;2.0;;;;;;;;63.0;120.0;31.0;73.0;37.0;63.0;2.0;5.0;1.0;6.0;;[27 48];[1 2];[False False];['Loveledge Nagoya (W)' 'Orca Kamogawa FC (W)'];[0 1];[1 0];['D' 'H'];['H' 'D'];0.77;0.23;0.0;0.6;0.4;0.0;;;;;;;Women
2026-05-02;193767743;Japan L2 League Women;Japan;01:00;Full;0.2485380116959064;1.875;2;1.925;2;5.0;6.0;;1.0;4.0;5.0;91.0;60.0;100.0;Diavorosso Hiroshima (W);;0.0;0.0;1.9;0;0.0;0 - 2;3.3;FC Fujizakura Yamanashi (W);;0.0;1.0;3.6;2;2.0;-0.5;5 - 6;1-4;2;0.75;36 - 24;15 - 13;13.0;15.0;43.0;57.0;4.0;2.0;4.0;2.0;;;;;;;;42.0;49.0;24.0;36.0;40.0;60.0;8.0;10.0;5.0;3.0;;[ 5 23];[1 1];[False False];['FC Fujizakura Yamanashi (W)' 'FC Fujizakura Yamanashi (W)'];[ 0 -1];[-1 -2];['D' 'A'];['A' 'A'];0.06;0.0;0.94;0.11;0.0;0.89;;;;;;;Women
2026-05-02;193767924;Japan JFL Cup;Japan;01:00;Full;0.1774193548387097;1.875;2.5;1.925;2.5;5.0;5.0;;2.0;3.0;5.0;110.0;72.0;100.0;Honda FC;;0.0;4.0;2.0;0;2.0;2 - 2;3.4;FC Tiamo Hirakata;;0.0;1.0;3.1;1;2.0;-0.25;5 - 5;2-3;2.5;1;43 - 29;19 - 12;12.0;19.0;58.0;42.0;3.0;2.0;3.0;3.0;;;;;;;;53.0;57.0;29.0;43.0;53.0;47.0;3.0;6.0;5.0;10.0;;[16 65 76 95];[1 2 2 2];[False False False  True];['FC Tiamo Hirakata' 'Honda FC' 'Honda FC' 'FC Tiamo Hirakata'];[ 0 -1  0  1];[-1  0  1  0];['D' 'A' 'D' 'H'];['A' 'D' 'H' 'D'];0.28;0.2;0.52;0.36;0.0;0.64;;;;;;;
2026-05-02;193865513;Japan JFL Cup;Japan;01:00;Full;-0.2777777777777778;2.0;2.5, 3;1.8;2.5, 3;2.0;2.0;;0.0;1.0;1.0;146.0;74.0;100.0;YSCC;;1.0;2.0;3.6;0;3.0;3 - 2;3.6;Grulla Morioka FC;;0.0;2.0;1.8;0;2.0;+0.5;2 - 2;0-1;2.75;1;34 - 40;20 - 17;17.0;20.0;56.0;44.0;1.0;6.0;0.0;1.0;;;;;;;;73.0;73.0;40.0;34.0;55.0;45.0;4.0;6.0;4.0;4.0;;[51 57 76 96 97];[2 2 2 2 2];[False False False  True  True];['Grulla Morioka FC' 'YSCC' 'YSCC' 'YSCC' 'Grulla Morioka FC'];[ 0 -1  0  1  2];[-1  0  1  2  1];['D' 'A' 'D' 'H' 'H'];['A' 'D' 'H' 'H' 'H'];0.72;0.22;0.06;1.0;0.0;0.0;;;;;;;
2026-05-02;193767338;Japan Women Empowerment League;Japan;01:00;Full;0.02354788069073782;1.825;2.0, 2.5;1.975;2.0, 2.5;8.0;6.0;;4.0;2.0;6.0;164.0;79.0;100.0;Albirex Niigata (W);;0.0;0.0;2.45;0;0.0;0 - 0;3.2;Omiya Ardija (W);;0.0;1.0;2.6;0;0.0;0;8 - 6;4-2;2.25;1;39 - 40;15 - 20;20.0;15.0;46.0;54.0;2.0;8.0;0.0;2.0;;;;;;;;76.0;88.0;40.0;39.0;46.0;54.0;9.0;10.0;5.0;9.0;;[];[];[];[];[];[];[];[];1.0;0.0;0.0;1.0;0.0;0.0;5128.0;5130.0;albirex niigata;rb omiya ardija;;;Women
2026-05-02;193818102;Australia Northern NSW Reserves League;Australia;01:30;Full;-0.2665466906618676;1.85;3.5;1.95;3.5;1.0;10.0;;0.0;7.0;7.0;146.0;117.0;;Valentine Phoenix Reserves;;0.0;1.0;3.0;2;2.0;2 - 1;5.25;Newcastle Olympic FC Reserves;;1.0;1.0;1.667;0;1.0;+0.75;1 - 10;0-7;3.5;1.5;50 - 67;25 - 36;36.0;25.0;;;3.0;2.0;0.0;3.0;;;;;;;;73.0;73.0;67.0;50.0;;;6.0;4.0;8.0;3.0;;[15 18 67];[1 1 2];[False False False];"['Valentine Phoenix Reserves' 'Valentine Phoenix Reserves'
 'Newcastle Olympic FC Reserves']";[0 1 2];[1 2 1];['D' 'H' 'H'];['H' 'H' 'H'];0.17;0.83;0.0;0.33;0.67;0.0;;;;;;;Youth
2026-05-02;193769588;Australia Tasmania Premier League;Australia;01:30;Full;-0.05952380952380948;1.825;3.5;1.975;3.5;15.0;7.0;;9.0;3.0;12.0;127.0;189.0;100.0;Clarence Zebras FC;;0.0;0.0;2.4;2;4.0;4 - 0;4.2;Riverside Olympic;;0.0;1.0;2.1;0;0.0;+0.25;15 - 7;9-3;3.5;1.5;107 - 82;50 - 35;35.0;50.0;47.0;53.0;1.0;3.0;1.0;6.0;;;;;;;;61.0;66.0;82.0;107.0;47.0;53.0;1.0;7.0;3.0;9.0;;[37 46 62 81];[1 1 2 2];[False  True False False];"['Clarence Zebras FC' 'Clarence Zebras FC' 'Clarence Zebras FC'
 'Clarence Zebras FC']";[0 1 2 3];[1 2 3 4];['D' 'H' 'H' 'H'];['H' 'H' 'H' 'H'];0.41;0.59;0.0;0.8;0.2;0.0;;;;;;;
2026-05-02;193769585;Australia Tasmania Premier League;Australia;01:30;Full;0.009661835748792202;1.85;3.5;1.95;3.5;8.0;3.0;;5.0;2.0;7.0;242.0;138.0;100.0;Kingborough Lions;;0.0;3.0;2.25;1;2.0;2 - 1;4.2;Launceston City;;0.0;3.0;2.3;0;1.0;0.0;8 - 3;5-2;3.5;1.5;77 - 61;41 - 34;34.0;41.0;53.0;47.0;3.0;5.0;4.0;5.0;;;;;;;;127.0;115.0;61.0;77.0;56.0;44.0;8.0;7.0;8.0;11.0;;[21 58 73];[1 2 2];[False False False];['Kingborough Lions' 'Kingborough Lions' 'Launceston City'];[0 1 2];[1 2 1];['D' 'H' 'H'];['H' 'H' 'H'];0.23;0.77;0.0;0.47;0.53;0.0;;;;;;;
2026-05-02;193200094;Japan J2/J3 Centennial League;Japan;02:00;Full;0.17530487804878053;1.775;2;2.025;2;9.0;8.0;;5.0;4.0;9.0;151.0;98.0;100.0;Vegalta Sendai;;0.0;3.0;2.05;0;1.0;1 - 3;3.3;Blaublitz Akita;;0.0;2.0;3.2;2;3.0;-0.25;9 - 8;5-4;2;0.75;49 - 49;21 - 23;23.0;21.0;38.0;62.0;2.0;8.0;4.0;1.0;;;;;;;;75.0;76.0;49.0;49.0;42.0;58.0;6.0;15.0;8.0;4.0;;[ 3 28 57 82];[1 1 2 2];[False False False False];['Blaublitz Akita' 'Blaublitz Akita' 'Blaublitz Akita' 'Vegalta Sendai'];[ 0 -1 -2 -3];[-1 -2 -3 -2];['D' 'A' 'A' 'A'];['A' 'A' 'A' 'A'];0.03;0.0;0.97;0.07;0.0;0.93;3148.0;44523.0;vegalta sendai;blaublitz akita;2.25;2.1;
2026-05-02;193200079;Japan J2/J3 Centennial League;Japan;02:00;Full;0.03779289493575205;1.875;2.0, 2.5;1.925;2.0, 2.5;3.0;8.0;;3.0;4.0;7.0;157.0;85.0;100.0;Kochi United;;0.0;3.0;2.45;0;0.0;0 - 0;2.9;FC Osaka;;0.0;2.0;2.7;0;0.0;0;3 - 8;3-4;2.25;1;31 - 54;17 - 19;19.0;17.0;41.0;59.0;4.0;1.0;1.0;0.0;;;;;;;;84.0;73.0;54.0;31.0;50.0;50.0;14.0;3.0;5.0;0.0;;[];[];[];[];[];[];[];[];1.0;0.0;0.0;1.0;0.0;0.0;281405.0;223228.0;kochi united sc;fc osaka;1.83;2.0;
2026-05-02;193694733;Australia A-League;Australia;02:00;Full;0.1111111111111111;1.975;2.5;1.825;2.5;3.0;6.0;;1.0;5.0;6.0;228.0;99.0;100.0;Auckland FC;3.0;0.0;2.0;2.25;1;1.0;1 - 1;3.5;Melbourne City;6.0;0.0;0.0;3.0;0;1.0;-0.25;3 - 6;1-5;2.5;1.0;26 - 73;18 - 26;26.0;18.0;38.0;62.0;5.0;2.0;0.0;2.0;;;;;;;;127.0;101.0;73.0;26.0;54.0;46.0;11.0;3.0;4.0;4.0;;[48 94];[1 2];[ True  True];['Auckland FC' 'Melbourne City'];[0 1];[1 0];['D' 'H'];['H' 'D'];0.51;0.49;0.0;1.0;0.0;0.0;1156423.0;227542.0;auckland fc;melbourne city fc;;;
2026-05-02;193200084;Japan J2/J3 Centennial League;Japan;02:00;Full;0.09661835748792269;1.975;2;1.825;2;6.0;3.0;;2.0;0.0;2.0;182.0;112.0;100.0;Sagan Tosu;;0.0;0.0;2.25;0;1.0;1 - 1;3.0;Tegevajaro Miyazaki;;0.0;1.0;2.875;1;1.0;-0.25;6 - 3;2-0;2;0.75;58 - 54;31 - 20;20.0;31.0;39.0;61.0;3.0;1.0;2.0;0.0;;;;;;;;87.0;95.0;54.0;58.0;42.0;58.0;4.0;3.0;3.0;1.0;;[31 75];[1 2];[False False];['Tegevajaro Miyazaki' 'Sagan Tosu'];[ 0 -1];[-1  0];['D' 'A'];['A' 'D'];0.51;0.0;0.49;0.69;0.0;0.31;21904.0;441260.0;sagan tosu;tegevajaro miyazaki;2.1;2.0;
2026-05-02;193774216;Australia Capital Territory Premier League;Australia;02:00;Full;-0.11743450767841018;1.975;3.5, 4.0;1.825;3.5, 4.0;0.0;6.0;;0.0;2.0;2.0;173.0;132.0;100.0;Canberra White Eagles;;0.0;0.0;2.7;0;0.0;0 - 2;3.8;Brindabella Blues FC;;0.0;4.0;2.05;2;2.0;+0.25;0 - 6;0-2;3.75;1.5;70 - 62;35 - 30;30.0;35.0;50.0;50.0;3.0;3.0;4.0;2.0;;;;;;;;79.0;94.0;62.0;70.0;45.0;55.0;5.0;8.0;6.0;2.0;;[31 48];[1 1];[False  True];['Brindabella Blues FC' 'Brindabella Blues FC'];[ 0 -1];[-1 -2];['D' 'A'];['A' 'A'];0.34;0.0;0.66;0.65;0.0;0.35;;;;;;;
2026-05-02;193774207;Australia Capital Territory Premier League;Australia;02:00;Full;-0.13066202090592338;1.975;3.0, 3.5;1.825;3.0, 3.5;5.0;4.0;;3.0;2.0;5.0;144.0;131.0;100.0;O'Connor Knights;;0.0;0.0;2.8;0;2.0;2 - 1;3.75;Belconnen United;;0.0;3.0;2.05;0;1.0;+0.25;5 - 4;3-2;3.25;1.25;70 - 61;36 - 26;26.0;36.0;49.0;51.0;1.0;5.0;3.0;1.0;;;;;;;;70.0;74.0;61.0;70.0;51.0;49.0;5.0;8.0;6.0;3.0;;[53 65 80];[2 2 2];[False False False];"[""O'Connor Knights"" 'Belconnen United' ""O'Connor Knights""]";[0 1 0];[1 0 1];['D' 'H' 'D'];['H' 'D' 'H'];0.76;0.24;0.0;1.0;0.0;0.0;;;;;;;
2026-05-02;193767340;Japan Women Empowerment League;Japan;02:00;Full;0.27027027027027023;1.825;2.0, 2.5;1.975;2.0, 2.5;4.0;6.0;;2.0;2.0;4.0;146.0;90.0;100.0;Nojima (W);;0.0;1.0;1.85;0;1.0;1 - 2;3.3;Chifure AS Elfen Saitama (W);;0.0;0.0;3.7;1;2.0;-0.5;4 - 6;2-2;2.25;1;57 - 33;31 - 19;19.0;31.0;45.0;55.0;2.0;4.0;1.0;5.0;;;;;;;;62.0;84.0;33.0;57.0;42.0;58.0;6.0;9.0;3.0;8.0;;[21 64 68];[1 2 2];[False False False];"['Chifure AS Elfen Saitama (W)' 'Chifure AS Elfen Saitama (W)'
 'Nojima (W)']";[ 0 -1 -2];[-1 -2 -1];['D' 'A' 'A'];['A' 'A' 'A'];0.23;0.0;0.77;0.47;0.0;0.53;;;;;;;Women
2026-05-02;193202154;South Korea K League 1;South Korea;02:00;Full;0.14685314685314682;1.775;2.0, 2.5;2.025;2.0, 2.5;11.0;2.0;;1.0;2.0;3.0;197.0;160.0;100.0;Ulsan HD;;0.0;0.0;2.2;0;0.0;0 - 1;3.3;Pohang Steelers;;0.0;1.0;3.25;0;1.0;-0.25;11 - 2;1-2;2.25;1;79 - 81;21 - 56;56.0;21.0;50.0;50.0;4.0;4.0;1.0;2.0;;;;;;;;112.0;85.0;81.0;79.0;50.0;50.0;6.0;11.0;3.0;2.0;;[95];[2];[ True];['Pohang Steelers'];[0];[-1];['D'];['A'];1.0;0.0;0.0;1.0;0.0;0.0;7653.0;7650.0;ulsan hd fc;fc pohang steelers;1.83;1.8;
2026-05-02;193202152;South Korea K League 1;South Korea;02:00;Full;0.38823529411764707;1.975;2.5;1.825;2.5;6.0;5.0;;4.0;0.0;4.0;176.0;107.0;100.0;FC Seoul;;0.0;2.0;1.7;1;2.0;2 - 3;3.6;Gimcheon Sangmu FC;;0.0;3.0;5.0;1;3.0;-0.75;6 - 5;4-0;2.5;1;69 - 38;37 - 14;14.0;37.0;50.0;50.0;0.0;8.0;3.0;3.0;;;;;;;;72.0;104.0;38.0;69.0;50.0;50.0;3.0;11.0;7.0;7.0;;[30 37 60 72 80];[1 1 2 2 2];[False False False False False];"['Gimcheon Sangmu FC' 'FC Seoul' 'FC Seoul' 'Gimcheon Sangmu FC'
 'Gimcheon Sangmu FC']";[ 0 -1  0  1  0];[-1  0  1  0 -1];['D' 'A' 'D' 'H' 'D'];['A' 'D' 'H' 'D' 'A'];0.68;0.13;0.19;0.84;0.0;0.16;7646.0;7647.0;fc seoul;gimcheon sangmu fc;1.83;1.83;
2026-05-02;193200092;Japan J2/J3 Centennial League;Japan;02:00;Full;0.32752613240418116;1.825;2.0, 2.5;1.975;2.0, 2.5;7.0;2.0;;5.0;2.0;7.0;149.0;76.0;100.0;Tokushima Vortis;;1.0;2.0;1.75;0;0.0;0 - 6;3.3;Ehime FC;;0.0;1.0;4.1;2;6.0;-0.5;7 - 2;5-2;2.25;1;37 - 39;13 - 17;17.0;13.0;50.0;50.0;0.0;2.0;5.0;2.0;;;;;;;;80.0;69.0;39.0;37.0;49.0;51.0;1.0;8.0;10.0;3.0;;[27 38 48 71 72 86];[1 1 2 2 2 2];[False False False False False False];['Ehime FC' 'Ehime FC' 'Ehime FC' 'Ehime FC' 'Ehime FC' 'Ehime FC'];[ 0 -1 -2 -3 -4 -5];[-1 -2 -3 -4 -5 -6];['D' 'A' 'A' 'A' 'A' 'A'];['A' 'A' 'A' 'A' 'A' 'A'];0.3;0.0;0.7;0.6;0.0;0.4;21907.0;8060.0;tokushima vortis;ehime fc;1.9;1.9;
2026-05-02;193417718;Australia Victoria Premier League 1;Australia;02:00;Full;0.10318949343339595;1.975;4.0;1.825;4.0;6.0;7.0;;1.0;4.0;5.0;117.0;99.0;;Langwarrin;;0.0;4.0;2.05;3;3.0;3 - 2;4.2;Western United FC NPL;;0.0;1.0;2.6;0;2.0;-0.25;6 - 7;1-4;4.0;1.5;42 - 57;17 - 31;31.0;17.0;;;2.0;2.0;4.0;5.0;;;;;;;;78.0;39.0;57.0;42.0;;;2.0;5.0;11.0;8.0;;[ 3 24 40 53 86];[1 1 1 2 2];[False False False False False];"['Langwarrin' 'Langwarrin' 'Langwarrin' 'Western United FC NPL'
 'Western United FC NPL']";[0 1 2 3 2];[1 2 3 2 1];['D' 'H' 'H' 'H' 'H'];['H' 'H' 'H' 'H' 'H'];0.03;0.97;0.0;0.07;0.93;0.0;;;;;;;
2026-05-02;193200075;Japan J2/J3 Centennial League;Japan;02:00;Full;-0.07763975155279507;1.9;2.0, 2.5;1.9;2.0, 2.5;3.0;5.0;;0.0;3.0;3.0;149.0;80.0;100.0;Jubilo Iwata;;0.0;0.0;2.8;1;1.0;1 - 1;3.1;Iwaki FC;;0.0;1.0;2.3;0;1.0;+0.25;3 - 5;0-3;2.25;1;33 - 47;16 - 25;25.0;16.0;60.0;40.0;5.0;1.0;1.0;1.0;;;;;;;;82.0;67.0;47.0;33.0;55.0;45.0;10.0;4.0;2.0;1.0;;[13 72];[1 2];[False False];['Jubilo Iwata' 'Iwaki FC'];[0 1];[1 0];['D' 'H'];['H' 'D'];0.34;0.66;0.0;0.29;0.71;0.0;3132.0;345090.0;jubilo iwata;iwaki fc;1.83;1.83;
2026-05-02;193768172;Japan Regional League;Japan;02:00;Full;0.2425234340127957;1.8;3;2.0;3;4.0;3.0;;2.0;3.0;5.0;193.0;131.0;100.0;Blancdieu Hirosaki FC;;0.0;2.0;1.833;2;3.0;3 - 0;3.75;Hitome Senbonzakura FC;;0.0;0.0;3.3;0;0.0;-0.5;4 - 3;2-3;3;1.25;63 - 68;28 - 27;27.0;28.0;45.0;55.0;0.0;6.0;1.0;3.0;;;;;;;;104.0;89.0;68.0;63.0;53.0;47.0;4.0;7.0;3.0;5.0;;[26 35 51];[1 1 2];[False False False];['Blancdieu Hirosaki FC' 'Blancdieu Hirosaki FC' 'Blancdieu Hirosaki FC'];[0 1 2];[1 2 3];['D' 'H' 'H'];['H' 'H' 'H'];0.29;0.71;0.0;0.58;0.42;0.0;;;;;;;
2026-05-02;193200096;Japan J2/J3 Centennial League;Japan;02:00;Full;0.34433285509325684;1.85;2.5;1.95;2.5;10.0;0.0;;2.0;0.0;2.0;166.0;117.0;100.0;Yokohama FC;;0.0;1.0;1.7;0;3.0;3 - 3;3.5;Sagamihara;;0.0;4.0;4.1;3;3.0;-0.75;10 - 0;2-0;2.5;1;62 - 55;29 - 28;28.0;29.0;35.0;65.0;2.0;8.0;5.0;2.0;;;;;;;;72.0;94.0;55.0;62.0;31.0;69.0;3.0;19.0;8.0;9.0;;[21 28 33 57 70 92];[1 1 1 2 2 2];[False False False False False  True];"['Sagamihara' 'Sagamihara' 'Sagamihara' 'Yokohama FC' 'Yokohama FC'
 'Yokohama FC']";[ 0 -1 -2 -3 -2 -1];[-1 -2 -3 -2 -1  0];['D' 'A' 'A' 'A' 'A' 'A'];['A' 'A' 'A' 'A' 'A' 'D'];0.23;0.0;0.77;0.47;0.0;0.53;7061.0;190658.0;yokohama fc;sc sagamihara;1.8;1.83;
2026-05-02;193200088;Japan J2/J3 Centennial League;Japan;02:00;Full;0.3055555555555556;1.825;2.5;1.975;2.5;6.0;4.0;;1.0;2.0;3.0;134.0;67.0;100.0;Shonan Bellmare;;0.0;0.0;1.8;1;1.0;1 - 2;3.3;Tochigi City;;0.0;2.0;4.0;2;2.0;-0.5;6 - 4;1-2;2.5;1;41 - 26;17 - 10;10.0;17.0;52.0;48.0;2.0;2.0;2.0;3.0;;;;;;;;68.0;66.0;26.0;41.0;40.0;60.0;7.0;7.0;3.0;7.0;;[ 1 14 45];[1 1 1];[False False False];['Shonan Bellmare' 'Tochigi City' 'Tochigi City'];[0 1 0];[ 1  0 -1];['D' 'H' 'D'];['H' 'D' 'A'];0.36;0.14;0.5;0.71;0.29;0.0;21905.0;245541.0;shonan bellmare;tochigi city fc;1.66;1.72;
2026-05-02;193769526;Australia NPL Victoria Women;Australia;02:00;Full;-0.7424242424242424;1.8;3.0, 3.5;2.0;3.0, 3.5;1.0;6.0;;1.0;5.0;6.0;150.0;92.0;100.0;Keilor Park (W);;0.0;2.0;11.0;0;0.0;0 - 0;5.75;South Melbourne (W);;0.0;0.0;1.2;0;0.0;+2.0;1 - 6;1-5;3.25;1.5;11 - 81;8 - 44;44.0;8.0;70.0;30.0;3.0;0.0;3.0;1.0;;;;;;;;106.0;44.0;81.0;11.0;67.0;33.0;10.0;0.0;10.0;2.0;;[];[];[];[];[];[];[];[];1.0;0.0;0.0;1.0;0.0;0.0;;2944.0;;south melbourne fc;;;Women
2026-05-02;193860158;Australia NPL Victoria Women;Australia;02:00;Full;-0.6445444319460067;1.85;3.5;1.95;3.5;6.0;4.0;;2.0;3.0;5.0;81.0;102.0;100.0;Melbourne City NPL (W);;0.0;2.0;7.0;0;3.0;3 - 9;5.5;Heidelberg United (W);;0.0;0.0;1.27;4;9.0;+1.75;6 - 4;2-3;3.5;1.5;40 - 62;18 - 32;32.0;18.0;50.0;50.0;3.0;3.0;6.0;0.0;;;;;;;;36.0;45.0;62.0;40.0;50.0;50.0;7.0;4.0;13.0;3.0;;[ 7 40 43 46 47 48 49 52 58 59 75 90];[1 1 1 1 2 2 2 2 2 2 2 2];[False False False  True False False False False False False False False];"['Heidelberg United (W)' 'Heidelberg United (W)' 'Heidelberg United (W)'
 'Heidelberg United (W)' 'Heidelberg United (W)' 'Heidelberg United (W)'
 'Heidelberg United (W)' 'Heidelberg United (W)' 'Melbourne City NPL (W)'
 'Melbourne City NPL (W)' 'Heidelberg United (W)' 'Melbourne City NPL (W)']";[ 0 -1 -2 -3 -4 -5 -6 -7 -8 -7 -6 -7];[-1 -2 -3 -4 -5 -6 -7 -8 -7 -6 -7 -6];['D' 'A' 'A' 'A' 'A' 'A' 'A' 'A' 'A' 'A' 'A' 'A'];['A' 'A' 'A' 'A' 'A' 'A' 'A' 'A' 'A' 'A' 'A' 'A'];0.08;0.0;0.92;0.15;0.0;0.85;1320578.0;;melbourne city fc 2;;;;Women
2026-05-02;193769533;Australia NPL Victoria Women;Australia;02:00;Full;0.325077399380805;1.825;3.0;1.975;3.0;2.0;4.0;;1.0;2.0;3.0;0.0;0.0;;Alamein FC (W);;0.0;0.0;1.7;1;1.0;1 - 0;3.75;Spring Hills FC (W);;0.0;1.0;3.8;0;0.0;-0.75;2 - 4;1-2;3.0;1.25;-;-;0.0;0.0;;;0.0;0.0;0.0;1.0;;;;;;;;0.0;0.0;0.0;0.0;;;0.0;0.0;0.0;1.0;;[4];[1];[False];['Alamein FC (W)'];[0];[1];['D'];['H'];0.04;0.96;0.0;0.09;0.91;0.0;;;;;;;Women
2026-05-02;192940774;Japan J-League;Japan;02:00;Full;0.18207282913165262;1.9;2.0, 2.5;1.9;2.0, 2.5;8.0;10.0;;7.0;2.0;9.0;177.0;81.0;100.0;Kyoto Sanga FC;;1.0;5.0;2.1;1;1.0;1 - 2;3.25;Shimizu S-Pulse;;0.0;1.0;3.4;0;2.0;-0.25;8 - 10;7-2;2.25;1;37 - 44;24 - 8;8.0;24.0;39.0;61.0;4.0;6.0;3.0;5.0;;;;;;;;99.0;78.0;44.0;37.0;56.0;44.0;15.0;11.0;6.0;6.0;;[16 64 68];[1 2 2];[False False False];['Kyoto Sanga FC' 'Shimizu S-Pulse' 'Shimizu S-Pulse'];[0 1 0];[ 1  0 -1];['D' 'H' 'D'];['H' 'D' 'A'];0.22;0.53;0.24;0.36;0.64;0.0;3149.0;3133.0;kyoto sanga fc;shimizu s-pulse;1.8;1.9;
2026-05-02;193885707;South Korea K3 League;South Korea;02:00;Full;0.3617847858999628;1.95;2.5;1.85;2.5;6.0;6.0;;2.0;3.0;5.0;204.0;109.0;100.0;Busan Trans Corp;;0.0;1.0;1.667;0;2.0;2 - 1;3.5;Dangjin Citizen FC;;0.0;2.0;4.2;0;1.0;-0.75;6 - 6;2-3;2.5;1;58 - 51;24 - 27;27.0;24.0;47.0;53.0;4.0;2.0;2.0;0.0;;;;;;;;104.0;100.0;51.0;58.0;44.0;56.0;8.0;5.0;5.0;6.0;;[52 55 95];[2 2 2];[False False  True];['Busan Trans Corp' 'Dangjin Citizen FC' 'Busan Trans Corp'];[0 1 0];[1 0 1];['D' 'H' 'D'];['H' 'D' 'H'];0.97;0.03;0.0;1.0;0.0;0.0;;;;;;;
2026-05-02;193769530;Australia NPL Victoria Women;Australia;02:00;Full;0.5901875468867217;1.825;3.5;1.975;3.5;7.0;6.0;;1.0;3.0;4.0;253.0;204.0;100.0;Essendon Royals (W);;0.0;1.0;1.333;1;1.0;1 - 1;4.75;Preston Lions (W);;0.0;2.0;6.25;1;1.0;-1.5;7 - 6;1-3;3.5;1.5;130 - 74;53 - 44;44.0;53.0;37.0;63.0;2.0;2.0;2.0;1.0;;;;;;;;94.0;159.0;74.0;130.0;41.0;59.0;3.0;12.0;3.0;2.0;;[32 39];[1 1];[False False];['Essendon Royals (W)' 'Preston Lions (W)'];[0 1];[1 0];['D' 'H'];['H' 'D'];0.92;0.08;0.0;0.84;0.16;0.0;;364598.0;;preston lions fc;;;Women
2026-05-02;193885713;South Korea K3 League;South Korea;02:00;Full;-0.13178294573643412;2.025;2.0, 2.5;1.775;2.0, 2.5;5.0;2.0;;3.0;2.0;5.0;153.0;96.0;100.0;Changwon City;;0.0;0.0;3.0;0;1.0;1 - 1;3.2;Siheung City AC;;0.0;1.0;2.15;0;1.0;+0.25;5 - 2;3-2;2.25;0.75;59 - 37;24 - 21;21.0;24.0;59.0;41.0;2.0;7.0;1.0;0.0;;;;;;;;64.0;89.0;37.0;59.0;55.0;45.0;3.0;15.0;3.0;4.0;;[52 71];[2 2];[False False];['Siheung City AC' 'Changwon City'];[ 0 -1];[-1  0];['D' 'A'];['A' 'D'];0.79;0.0;0.21;1.0;0.0;0.0;;;;;;;
2026-05-02;193891795;South Korea K4 League;South Korea;02:00;Full;0.43009349858664936;1.9;2.5, 3;1.9;2.5, 3;4.0;4.0;;3.0;2.0;5.0;180.0;89.0;100.0;Jincheon HR;;0.0;2.0;1.533;1;1.0;1 - 0;4.1;Jecheon Citizen;;0.0;2.0;4.5;0;0.0;-1;4 - 4;3-2;2.75;1.25;46 - 43;25 - 13;13.0;25.0;53.0;47.0;1.0;5.0;0.0;2.0;;;;;;;;88.0;92.0;43.0;46.0;57.0;43.0;1.0;5.0;2.0;5.0;;[23];[1];[False];['Jincheon HR'];[0];[1];['D'];['H'];0.26;0.74;0.0;0.51;0.49;0.0;;;;;;;
2026-05-02;193891797;South Korea K4 League;South Korea;02:00;Full;0.4666666666666666;1.95;2.5, 3;1.85;2.5, 3;2.0;2.0;;0.0;1.0;1.0;146.0;66.0;100.0;Geumsan Insam;;0.0;2.0;1.5;0;0.0;0 - 0;4.0;Gijang United;;0.0;1.0;5.0;0;0.0;-1;2 - 2;0-1;2.75;1;42 - 24;11 - 11;11.0;11.0;50.0;50.0;0.0;6.0;1.0;0.0;;;;;;;;75.0;71.0;24.0;42.0;46.0;54.0;5.0;11.0;3.0;2.0;;[];[];[];[];[];[];[];[];1.0;0.0;0.0;1.0;0.0;0.0;;;;;;;
2026-05-02;193891799;South Korea K4 League;South Korea;02:00;Full;0.48965517241379314;1.85;3;1.95;3;3.0;1.0;;1.0;0.0;1.0;119.0;73.0;100.0;Geoje Citizen FC;;0.0;4.0;1.45;2;5.0;5 - 0;4.333;Seosan Pioneer;;0.0;0.0;5.0;0;0.0;-1.25;3 - 1;1-0;3;1.25;45 - 28;23 - 8;8.0;23.0;33.0;67.0;0.0;1.0;0.0;2.0;;;;;;;;48.0;71.0;28.0;45.0;36.0;64.0;2.0;2.0;0.0;6.0;;[26 42 72 76 90];[1 1 2 2 2];[False False False False False];"['Geoje Citizen FC' 'Geoje Citizen FC' 'Geoje Citizen FC'
 'Geoje Citizen FC' 'Geoje Citizen FC']";[0 1 2 3 4];[1 2 3 4 5];['D' 'H' 'H' 'H' 'H'];['H' 'H' 'H' 'H' 'H'];0.29;0.71;0.0;0.58;0.42;0.0;;;;;;;
2026-05-02;193200148;Japan J2/J3 Centennial League;Japan;02:00;Full;0.1172901921132457;1.975;2.5;1.825;2.5;1.0;1.0;;0.0;0.0;0.0;180.0;104.0;100.0;FC Gifu;;0.0;1.0;2.15;0;0.0;0 - 3;3.3;Hokkaido Consadole Sapporo;;0.0;1.0;2.875;0;3.0;-0.25;1 - 1;0-0;2.5;1;62 - 42;34 - 17;17.0;34.0;44.0;56.0;1.0;2.0;0.0;0.0;;;;;;;;84.0;96.0;42.0;62.0;42.0;58.0;5.0;7.0;5.0;1.0;;[65 89 94];[2 2 2];[False False  True];"['Hokkaido Consadole Sapporo' 'Hokkaido Consadole Sapporo'
 'Hokkaido Consadole Sapporo']";[ 0 -1 -2];[-1 -2 -3];['D' 'A' 'A'];['A' 'A' 'A'];0.69;0.0;0.31;1.0;0.0;0.0;21900.0;3142.0;fc gifu;hokkaido consadole sapporo;1.83;1.83;
2026-05-02;192940795;Japan J-League;Japan;02:00;Full;0.15360983102918585;1.825;2.0, 2.5;1.975;2.0, 2.5;4.0;8.0;;4.0;3.0;7.0;183.0;94.0;100.0;Yokohama F-Marinos;;0.0;1.0;2.1;1;1.0;1 - 1;3.2;Mito Hollyhock;;0.0;1.0;3.1;1;1.0;-0.25;4 - 8;4-3;2.25;1;31 - 63;11 - 30;30.0;11.0;60.0;40.0;7.0;3.0;3.0;1.0;;;;;;;;113.0;70.0;63.0;31.0;62.0;38.0;12.0;7.0;6.0;4.0;;[ 5 27];[1 1];[False False];['Yokohama F-Marinos' 'Mito Hollyhock'];[0 1];[1 0];['D' 'H'];['H' 'D'];0.76;0.24;0.0;0.51;0.49;0.0;3137.0;21901.0;yokohama f marinos;mito hollyhock;1.9;1.8;
2026-05-02;193885725;South Korea K3 League;South Korea;02:00;Full;0.4365372374283896;1.8;2.0, 2.5;2.0;2.0, 2.5;9.0;4.0;;2.0;3.0;5.0;128.0;82.0;100.0;Pocheon Citizen FC;;0.0;3.0;1.571;0;2.0;2 - 0;3.5;Yangpyeong FC;;0.0;2.0;5.0;0;0.0;-0.75;9 - 4;2-3;2.25;1;42 - 40;16 - 20;20.0;16.0;45.0;55.0;3.0;1.0;4.0;2.0;;;;;;;;67.0;61.0;40.0;42.0;50.0;50.0;4.0;5.0;5.0;5.0;;[49 75];[2 2];[False False];['Pocheon Citizen FC' 'Pocheon Citizen FC'];[0 1];[1 2];['D' 'H'];['H' 'H'];0.54;0.46;0.0;1.0;0.0;0.0;;;;;;;
2026-05-02;193774218;Australia Capital Territory Premier League;Australia;02:00;Full;-0.4227642276422764;2.0;3.5, 4.0;1.8;3.5, 4.0;6.0;10.0;;2.0;4.0;6.0;152.0;130.0;100.0;Tuggeranong Utd;;0.0;2.0;4.1;1;2.0;2 - 1;4.75;Tigers FC;;0.0;1.0;1.5;0;1.0;+1.25;6 - 10;2-4;3.75;1.5;55 - 75;24 - 32;32.0;24.0;52.0;48.0;3.0;0.0;3.0;1.0;;;;;;;;83.0;69.0;75.0;55.0;56.0;44.0;5.0;1.0;6.0;3.0;;[43 74 86];[1 2 2];[False False False];['Tuggeranong Utd' 'Tigers FC' 'Tuggeranong Utd'];[0 1 0];[1 0 1];['D' 'H' 'D'];['H' 'D' 'H'];0.61;0.39;0.0;0.96;0.04;0.0;;;;;;;
2026-05-02;193067980;Australia NPL Victoria;Australia;02:00;Full;0.4451612903225806;1.875;2.5, 3.0;1.925;2.5, 3.0;3.0;4.0;;1.0;1.0;2.0;215.0;120.0;100.0;Avondale;;0.0;0.0;1.55;3;5.0;5 - 2;3.7;Caroline Springs George Cross;;0.0;2.0;5.0;1;2.0;-1.0;3 - 4;1-1;2.75;1.25;57 - 63;33 - 18;18.0;33.0;49.0;51.0;0.0;4.0;2.0;4.0;;;;;;;;113.0;102.0;63.0;57.0;50.0;50.0;2.0;4.0;5.0;7.0;;[27 36 39 47 65 67 94];[1 1 1 1 2 2 2];[False False False  True False False  True];"['Avondale' 'Caroline Springs George Cross' 'Avondale' 'Avondale'
 'Avondale' 'Avondale' 'Caroline Springs George Cross']";[0 1 0 1 2 3 4];[1 0 1 2 3 4 3];['D' 'H' 'D' 'H' 'H' 'H' 'H'];['H' 'D' 'H' 'H' 'H' 'H' 'H'];0.32;0.68;0.0;0.64;0.36;0.0;189013.0;610642.0;avondale fc;caroline springs george cross fc;1.57;1.8;
2026-05-02;193774211;Australia Capital Territory Premier League;Australia;02:00;Full;0.09564801530368244;1.85;3.5, 4.0;1.95;3.5, 4.0;3.0;0.0;;1.0;0.0;1.0;158.0;77.0;100.0;Queanbeyan City;;0.0;4.0;2.05;0;1.0;1 - 0;4.2;Canberra Olympic;;0.0;4.0;2.55;0;0.0;-0.25;3 - 0;1-0;3.75;1.5;47 - 30;19 - 16;16.0;19.0;42.0;58.0;1.0;6.0;1.0;0.0;;;;;;;;76.0;82.0;30.0;47.0;47.0;53.0;4.0;14.0;1.0;3.0;;[91];[2];[ True];['Queanbeyan City'];[0];[1];['D'];['H'];1.0;0.0;0.0;1.0;0.0;0.0;;;;;;;
2026-05-02;193769539;South Korea K4 League;South Korea;02:00;Full;0.13196480938416422;1.775;2.0, 2.5;2.025;2.0, 2.5;0.0;6.0;;0.0;3.0;3.0;66.0;100.0;100.0;Mokpo City FC;;0.0;2.0;2.2;1;1.0;1 - 1;3.0;Jeonbuk Motors II;;0.0;0.0;3.1;1;1.0;-0.25;0 - 6;0-3;2.25;1;52 - 48;22 - 19;19.0;22.0;48.0;52.0;0.0;0.0;2.0;3.0;;;;;;;;29.0;37.0;48.0;52.0;50.0;50.0;0.0;0.0;3.0;3.0;;[16 27];[1 1];[False False];['Mokpo City FC' 'Jeonbuk Motors II'];[0 1];[1 0];['D' 'H'];['H' 'D'];0.88;0.12;0.0;0.76;0.24;0.0;;6908.0;;jeonbuk fc;;;Youth
2026-05-02;192940763;Japan J-League;Japan;02:00;Full;0.30745849894786065;1.975;2.5, 3;1.825;2.5, 3;6.0;3.0;;0.0;1.0;1.0;184.0;76.0;100.0;FC Tokyo;;0.0;1.0;1.833;1;2.0;2 - 0;3.6;Kawasaki Frontale;;0.0;1.0;4.2;0;0.0;-0.5;6 - 3;0-1;2.75;1;33 - 43;9 - 13;13.0;9.0;53.0;47.0;3.0;0.0;1.0;2.0;;;;;;;;105.0;79.0;43.0;33.0;54.0;46.0;11.0;7.0;1.0;4.0;;[41 56];[1 2];[False False];['FC Tokyo' 'FC Tokyo'];[0 1];[1 2];['D' 'H'];['H' 'H'];0.46;0.54;0.0;0.91;0.09;0.0;3147.0;5127.0;fc tokyo;kawasaki frontale;1.7;1.7;
2026-05-02;193775001;Australia New South Wales NPL Women;Australia;02:00;Full;-0.92296918767507;1.9;3.5;1.9;3.5;0.0;8.0;;0.0;4.0;4.0;104.0;84.0;;NWS Spirit (W);;0.0;1.0;34.0;0;0.0;0 - 6;13.0;Sydney University (W);;0.0;0.0;1.05;3;6.0;+3.0;0 - 8;0-4;3.5;1.5;19 - 65;11 - 28;28.0;11.0;;;3.0;1.0;4.0;1.0;;;;;;;;48.0;56.0;65.0;19.0;;;7.0;3.0;7.0;1.0;;[ 8 14 28 50 86 92];[1 1 1 2 2 2];[False False False False False  True];"['Sydney University (W)' 'Sydney University (W)' 'Sydney University (W)'
 'Sydney University (W)' 'Sydney University (W)' 'Sydney University (W)']";[ 0 -1 -2 -3 -4 -5];[-1 -2 -3 -4 -5 -6];['D' 'A' 'A' 'A' 'A' 'A'];['A' 'A' 'A' 'A' 'A' 'A'];0.09;0.0;0.91;0.18;0.0;0.82;;;;;;;Women
2026-05-02;193818065;Australia New South Wales League 2;Australia;02:15;Full;0.30126101782152737;1.975;3.0, 3.5;1.825;3.0, 3.5;8.0;5.0;;4.0;1.0;5.0;122.0;107.0;;South Coast Flame FC;;0.0;0.0;1.727;1;2.0;2 - 0;4.0;Granville Rage;;0.0;0.0;3.6;0;0.0;-0.75;8 - 5;4-1;3.25;1.25;56 - 51;28 - 20;20.0;28.0;;;1.0;3.0;3.0;4.0;;;;;;;;66.0;56.0;51.0;56.0;;;7.0;6.0;7.0;6.0;;[36 78];[1 2];[False False];['South Coast Flame FC' 'South Coast Flame FC'];[0 1];[1 2];['D' 'H'];['H' 'H'];0.4;0.6;0.0;0.8;0.2;0.0;;;;;;;
2026-05-02;193417739;Australia Victoria Premier League 1;Australia;02:15;Full;-0.027777777777777735;1.8;3.0;2.0;3.0;4.0;8.0;;2.0;5.0;7.0;163.0;170.0;;Manningham United Blues;;0.0;4.0;2.4;1;2.0;2 - 1;4.0;Eltham Redbacks;;0.0;2.0;2.25;0;1.0;0.0;4 - 8;2-5;3.0;1.25;70 - 100;34 - 49;49.0;34.0;;;2.0;3.0;7.0;4.0;;;;;;;;78.0;85.0;100.0;70.0;;;9.0;9.0;13.0;8.0;;[ 6 81 89];[1 2 2];[False False False];['Manningham United Blues' 'Manningham United Blues' 'Eltham Redbacks'];[0 1 2];[1 2 1];['D' 'H' 'H'];['H' 'H' 'H'];0.07;0.93;0.0;0.13;0.87;0.0;;;;;;;
2026-05-02;193067990;Australia NPL Victoria;Australia;02:15;Full;-0.09090909090909088;1.975;2.5, 3.0;1.825;2.5, 3.0;7.0;1.0;;1.0;1.0;2.0;133.0;138.0;100.0;Dandenong Thunder;;0.0;3.0;2.75;0;0.0;0 - 1;3.4;Preston Lions;;0.0;2.0;2.2;1;1.0;+0.25;7 - 1;1-1;2.75;1.0;86 - 52;33 - 26;26.0;33.0;58.0;42.0;3.0;2.0;2.0;2.0;;;;;;;;68.0;65.0;52.0;86.0;47.0;53.0;5.0;6.0;2.0;7.0;;[34];[1];[False];['Preston Lions'];[0];[-1];['D'];['A'];0.38;0.0;0.62;0.76;0.0;0.24;92923.0;364598.0;dandenong thunder;preston lions fc;1.66;1.66;
2026-05-02;193818920;Australia Capital Territory U23 League;Australia;02:30;Full;-0.3203463203463204;1.8;3.5;2.0;3.5;8.0;1.0;;7.0;1.0;8.0;130.0;113.0;;Monaro Panthers U23;;0.0;3.0;3.5;0;5.0;5 - 3;4.333;Canberra Juventus U23;;0.0;1.0;1.65;3;3.0;+0.75;8 - 1;7-1;3.5;1.5;76 - 37;46 - 10;10.0;46.0;;;0.0;0.0;3.0;4.0;;;;;;;;46.0;84.0;37.0;76.0;;;2.0;2.0;6.0;13.0;;[ 2 35 45 47 56 58 81 88];[1 1 1 2 2 2 2 2];[False False False False False False False False];"['Canberra Juventus U23' 'Canberra Juventus U23' 'Canberra Juventus U23'
 'Monaro Panthers U23' 'Monaro Panthers U23' 'Monaro Panthers U23'
 'Monaro Panthers U23' 'Monaro Panthers U23']";[ 0 -1 -2 -3 -2 -1  0  1];[-1 -2 -3 -2 -1  0  1  2];['D' 'A' 'A' 'A' 'A' 'A' 'D' 'H'];['A' 'A' 'A' 'A' 'A' 'D' 'H' 'H'];0.28;0.1;0.62;0.04;0.0;0.96;;;;;;;Youth
2026-05-02;193769556;Australia South Australia State League 1;Australia;02:30;Full;0.037878787878787845;1.8;3.0, 3.5;2.0;3.0, 3.5;9.0;5.0;;7.0;2.0;9.0;149.0;161.0;100.0;Adelaide Blue Eagles;;0.0;3.0;2.2;2;2.0;2 - 0;4.0;Cumberland United;;0.0;6.0;2.4;0;0.0;0.0;9 - 5;7-2;3.25;1.25;77 - 84;44 - 39;39.0;44.0;54.0;46.0;1.0;2.0;2.0;2.0;;;;;;;;86.0;63.0;84.0;77.0;53.0;47.0;3.0;6.0;4.0;4.0;;[26 33];[1 1];[False False];['Adelaide Blue Eagles' 'Adelaide Blue Eagles'];[0 1];[1 2];['D' 'H'];['H' 'H'];0.29;0.71;0.0;0.58;0.42;0.0;;;;;;;
2026-05-02;193769574;Australia South Australia State League 1;Australia;02:30;Full;0.43009349858664936;1.825;3.0;1.975;3.0;4.0;3.0;;3.0;3.0;6.0;216.0;205.0;100.0;Salisbury United;;0.0;1.0;1.533;0;2.0;2 - 3;4.2;Eastern United;;0.0;1.0;4.5;1;3.0;-1.0;4 - 3;3-3;3.0;1.25;108 - 97;53 - 43;43.0;53.0;61.0;39.0;0.0;2.0;4.0;3.0;;;;;;;;119.0;97.0;97.0;108.0;55.0;45.0;1.0;3.0;9.0;5.0;;[33 69 73 82 88];[1 2 2 2 2];[False False False False False];"['Eastern United' 'Salisbury United' 'Eastern United' 'Eastern United'
 'Salisbury United']";[ 0 -1  0 -1 -2];[-1  0 -1 -2 -1];['D' 'A' 'D' 'A' 'A'];['A' 'D' 'A' 'A' 'A'];0.41;0.0;0.59;0.73;0.0;0.27;;;;;;;
2026-05-02;193769562;Australia South Australia State League 1;Australia;02:30;Full;-0.3691950464396285;1.8;3.0, 3.5;2.0;3.0, 3.5;2.0;7.0;;2.0;1.0;3.0;136.0;95.0;100.0;South Adelaide Panthers;;0.0;1.0;4.0;1;2.0;2 - 0;4.1;Adelaide Olympic;;0.0;0.0;1.615;0;0.0;+1.0;2 - 7;2-1;3.25;1.5;39 - 56;22 - 25;25.0;22.0;61.0;39.0;5.0;1.0;2.0;1.0;;;;;;;;75.0;61.0;56.0;39.0;61.0;39.0;10.0;4.0;8.0;5.0;;[21 92];[1 2];[False  True];['South Adelaide Panthers' 'South Adelaide Panthers'];[0 1];[1 2];['D' 'H'];['H' 'H'];0.23;0.77;0.0;0.47;0.53;0.0;;;;;;;
2026-05-02;193769583;Australia Tasmania Premier League;Australia;02:30;Full;0.7407605307685458;2.0;4.0;1.8;4.0;16.0;2.0;;9.0;0.0;9.0;112.0;140.0;100.0;Glenorchy Knights FC;;0.0;1.0;1.182;2;2.0;2 - 1;8.0;Ulverstone;;0.0;0.0;9.5;0;1.0;-2.5;16 - 2;9-0;4.0;1.5;94 - 46;51 - 12;12.0;51.0;36.0;64.0;0.0;5.0;0.0;7.0;;;;;;;;56.0;56.0;46.0;94.0;41.0;59.0;1.0;6.0;4.0;13.0;;[34 42 88];[1 1 2];[False False False];['Glenorchy Knights FC' 'Glenorchy Knights FC' 'Ulverstone'];[0 1 2];[1 2 1];['D' 'H' 'H'];['H' 'H' 'H'];0.38;0.62;0.0;0.76;0.24;0.0;;;;;;;
2026-05-02;193827824;Australia SA Premier League Women;Australia;02:30;Full;0.3560606060606061;1.975;3.0, 3.5;1.825;3.0, 3.5;2.0;4.0;;2.0;0.0;2.0;268.0;162.0;;Adelaide Comets (W);;0.0;1.0;1.65;1;2.0;2 - 3;3.8;Campbelltown City (W);;0.0;0.0;4.0;2;3.0;-0.75;2 - 4;2-0;3.25;1.25;89 - 73;35 - 32;32.0;35.0;;;2.0;1.0;4.0;3.0;;;;;;;;128.0;140.0;73.0;89.0;;;5.0;4.0;5.0;4.0;;[23 28 42 57 69];[1 1 1 2 2];[False False False False False];"['Campbelltown City (W)' 'Adelaide Comets (W)' 'Campbelltown City (W)'
 'Campbelltown City (W)' 'Adelaide Comets (W)']";[ 0 -1  0 -1 -2];[-1  0 -1 -2 -1];['D' 'A' 'D' 'A' 'A'];['A' 'D' 'A' 'A' 'A'];0.41;0.0;0.59;0.82;0.0;0.18;90870.0;90874.0;adelaide comets fc;campbelltown city sc;;;Women
2026-05-02;193769567;Australia South Australia State League 1;Australia;02:30;Full;0.09523809523809523;1.825;3.0, 3.5;1.975;3.0, 3.5;4.0;7.0;;3.0;4.0;7.0;0.0;0.0;;Fulham United FC;;0.0;0.0;2.1;3;4.0;4 - 2;4.1;Adelaide Croatia Raiders;;0.0;1.0;2.625;0;2.0;-0.25;4 - 7;3-4;3.25;1.25;-;-;0.0;0.0;;;0.0;0.0;0.0;3.0;;;;;;;;0.0;0.0;0.0;0.0;;;0.0;0.0;3.0;4.0;;[13 18 25 67 68 75];[1 1 1 2 2 2];[False False False False False False];"['Fulham United FC' 'Fulham United FC' 'Fulham United FC'
 'Fulham United FC' 'Adelaide Croatia Raiders' 'Adelaide Croatia Raiders']";[0 1 2 3 4 3];[1 2 3 4 3 2];['D' 'H' 'H' 'H' 'H' 'H'];['H' 'H' 'H' 'H' 'H' 'H'];0.14;0.86;0.0;0.29;0.71;0.0;;;;;;;
2026-05-02;193769549;Australia South Australia State League 1;Australia;02:30;Full;-0.4215287371947474;1.825;3.0;1.975;3.0;4.0;7.0;;1.0;6.0;7.0;151.0;113.0;100.0;Adelaide Atletico;;1.0;3.0;4.333;0;1.0;1 - 2;4.5;Modbury Jets;;0.0;1.0;1.533;1;2.0;+1.0;4 - 7;1-6;3.0;1.25;53 - 60;25 - 30;30.0;25.0;54.0;46.0;1.0;2.0;2.0;1.0;;;;;;;;75.0;76.0;60.0;53.0;53.0;47.0;2.0;5.0;6.0;3.0;;[ 8 47 83];[1 2 2];[False False False];['Modbury Jets' 'Adelaide Atletico' 'Modbury Jets'];[ 0 -1  0];[-1  0 -1];['D' 'A' 'D'];['A' 'D' 'A'];0.49;0.0;0.51;0.18;0.0;0.82;;;;;;;
2026-05-02;193774180;Australia South Australia Premier League;Australia;02:30;Full;-0.11743450767841018;1.95;3.5;1.85;3.5;1.0;2.0;;1.0;1.0;2.0;252.0;145.0;100.0;Sturt Lions;;0.0;2.0;2.7;1;2.0;2 - 3;3.8;Adelaide United NPL;;0.0;2.0;2.05;2;3.0;+0.25;1 - 2;1-1;3.5;1.5;89 - 56;40 - 28;28.0;40.0;54.0;46.0;1.0;2.0;4.0;1.0;;;;;;;;123.0;129.0;56.0;89.0;51.0;49.0;4.0;6.0;5.0;5.0;;[ 7  9 14 76 80];[1 1 1 2 2];[False False False False False];"['Adelaide United NPL' 'Adelaide United NPL' 'Sturt Lions' 'Sturt Lions'
 'Adelaide United NPL']";[ 0 -1 -2 -1  0];[-1 -2 -1  0 -1];['D' 'A' 'A' 'A' 'D'];['A' 'A' 'A' 'D' 'A'];0.12;0.0;0.88;0.16;0.0;0.84;222542.0;240776.0;sturt lions;adelaide united fc;1.4;1.36;
2026-05-02;193827808;Australia SA Premier League Women;Australia;02:45;Full;-0.27731092436974786;1.975;3.5, 4.0;1.825;3.5, 4.0;3.0;5.0;;1.0;5.0;6.0;220.0;175.0;;Modbury Vista (W);;0.0;0.0;3.4;1;4.0;4 - 2;4.0;Adelaide University (W);;0.0;0.0;1.75;1;2.0;+0.5;3 - 5;1-5;3.75;1.5;92 - 83;35 - 47;47.0;35.0;;;0.0;1.0;2.0;1.0;;;;;;;;104.0;116.0;83.0;92.0;;;1.0;2.0;4.0;5.0;;[35 42 56 61 90 92];[1 1 2 2 2 2];[False False False False False  True];"['Modbury Vista (W)' 'Adelaide University (W)' 'Adelaide University (W)'
 'Modbury Vista (W)' 'Modbury Vista (W)' 'Modbury Vista (W)']";[ 0  1  0 -1  0  1];[ 1  0 -1  0  1  2];['D' 'H' 'D' 'A' 'D' 'H'];['H' 'D' 'A' 'D' 'H' 'H'];0.85;0.1;0.05;0.84;0.16;0.0;;;;;;;Women
2026-05-02;192940800;Japan J-League;Japan;03:00;Full;-0.05517241379310345;1.85;2.0, 2.5;1.95;2.0, 2.5;3.0;6.0;;2.0;3.0;5.0;205.0;87.0;100.0;Gamba Osaka;;0.0;0.0;2.9;2;5.0;5 - 0;3.25;Vissel Kobe;;0.0;1.0;2.5;0;0.0;0;3 - 6;2-3;2.25;1;27 - 60;20 - 22;22.0;20.0;50.0;50.0;6.0;2.0;2.0;4.0;;;;;;;;116.0;89.0;60.0;27.0;65.0;35.0;12.0;3.0;4.0;7.0;;[22 36 52 80 82];[1 1 2 2 2];[False False False False False];['Gamba Osaka' 'Gamba Osaka' 'Gamba Osaka' 'Gamba Osaka' 'Gamba Osaka'];[0 1 2 3 4];[1 2 3 4 5];['D' 'H' 'H' 'H' 'H'];['H' 'H' 'H' 'H' 'H'];0.24;0.76;0.0;0.49;0.51;0.0;3138.0;3146.0;gamba osaka;vissel kobe;1.75;1.8;
2026-05-02;193417521;Australia New South Wales Premier League;Australia;03:00;Full;-0.4027777777777778;1.825;2.5;1.975;2.5;6.0;6.0;;1.0;4.0;5.0;151.0;151.0;100.0;Sutherland Sharks;;0.0;1.0;4.5;2;2.0;2 - 4;3.8;Marconi Stallions;;0.0;2.0;1.6;1;4.0;+0.75;6 - 6;1-4;2.5;1.0;74 - 77;27 - 43;43.0;27.0;37.0;63.0;3.0;2.0;6.0;3.0;;;;;;;;62.0;89.0;77.0;74.0;41.0;59.0;3.0;2.0;10.0;3.0;;[10 13 43 62 73 91];[1 1 1 2 2 2];[False False False False False  True];"['Sutherland Sharks' 'Sutherland Sharks' 'Marconi Stallions'
 'Marconi Stallions' 'Marconi Stallions' 'Marconi Stallions']";[ 0  1  2  1  0 -1];[ 1  2  1  0 -1 -2];['D' 'H' 'H' 'H' 'D' 'A'];['H' 'H' 'H' 'D' 'A' 'A'];0.23;0.57;0.2;0.22;0.78;0.0;92214.0;2941.0;sutherland sharks;marconi stallions;1.66;1.83;
2026-05-02;193200098;Japan J2/J3 Centennial League;Japan;03:00;Full;-0.28528528528528535;1.975;2.0, 2.5;1.825;2.0, 2.5;9.0;1.0;;6.0;0.0;6.0;182.0;88.0;100.0;Gainare Tottori;;0.0;1.0;3.7;3;4.0;4 - 1;3.5;Renofa Yamaguchi;;0.0;1.0;1.8;0;1.0;+0.5;9 - 1;6-0;2.25;1;51 - 37;26 - 13;13.0;26.0;44.0;56.0;3.0;0.0;3.0;5.0;;;;;;;;96.0;86.0;37.0;51.0;49.0;51.0;7.0;1.0;4.0;12.0;;[ 7 26 32 72 92];[1 1 1 2 2];[False False False False  True];"['Gainare Tottori' 'Gainare Tottori' 'Gainare Tottori' 'Gainare Tottori'
 'Renofa Yamaguchi']";[0 1 2 3 4];[1 2 3 4 3];['D' 'H' 'H' 'H' 'H'];['H' 'H' 'H' 'H' 'H'];0.08;0.92;0.0;0.16;0.84;0.0;38141.0;38146.0;gainare tottori;renofa yamaguchi;2.0;2.1;
2026-05-02;193861396;Australia NPL Victoria U23;Australia;03:00;Full;-0.49252077562326874;1.875;4.0;1.925;4.0;4.0;3.0;;0.0;2.0;2.0;250.0;163.0;;Altona Magic U23;;0.0;3.0;5.0;1;3.0;3 - 1;4.5;Dandenong City U23;;0.0;0.0;1.444;1;1.0;+1.25;4 - 3;0-2;4.0;1.75;94 - 69;46 - 38;38.0;46.0;;;5.0;3.0;4.0;4.0;;;;;;;;115.0;135.0;69.0;94.0;;;9.0;5.0;5.0;11.0;;[10 12 47 56];[1 1 2 2];[False False False False];"['Dandenong City U23' 'Altona Magic U23' 'Altona Magic U23'
 'Altona Magic U23']";[ 0 -1  0  1];[-1  0  1  2];['D' 'A' 'D' 'H'];['A' 'D' 'H' 'H'];0.5;0.48;0.02;0.96;0.0;0.04;151492.0;243494.0;altona magic sc;dandenong city sc;;;Youth
2026-05-02;193827819;Australia SA Premier League Reserves;Australia;03:15;Full;-0.6571428571428573;1.95;4.0, 4.5;1.85;4.0, 4.5;3.0;9.0;;3.0;5.0;8.0;134.0;170.0;;West Adelaide Reserves;;0.0;0.0;7.0;0;1.0;1 - 6;6.0;Metrostars Reserves;;0.0;0.0;1.25;3;6.0;+2.0;3 - 9;3-5;4.25;1.75;43 - 127;30 - 63;63.0;30.0;;;6.0;0.0;4.0;1.0;;;;;;;;86.0;48.0;127.0;43.0;;;11.0;0.0;11.0;2.0;;[25 34 45 54 57 59 82];[1 1 1 2 2 2 2];[False False False False False False False];"['Metrostars Reserves' 'Metrostars Reserves' 'Metrostars Reserves'
 'Metrostars Reserves' 'Metrostars Reserves' 'West Adelaide Reserves'
 'Metrostars Reserves']";[ 0 -1 -2 -3 -4 -5 -4];[-1 -2 -3 -4 -5 -4 -5];['D' 'A' 'A' 'A' 'A' 'A' 'A'];['A' 'A' 'A' 'A' 'A' 'A' 'A'];0.28;0.0;0.72;0.56;0.0;0.44;;;;;;;Youth
2026-05-02;193861400;Australia NPL Victoria U23;Australia;03:15;Full;-0.14918414918414924;1.9;3.5, 4.0;1.9;3.5, 4.0;0.0;2.0;;0.0;1.0;1.0;103.0;91.0;;Hume City U23;;0.0;4.0;2.75;0;1.0;1 - 2;4.333;Heidelberg Utd U23;;0.0;0.0;1.95;1;2.0;+0.25;0 - 2;0-1;3.75;1.5;45 - 46;20 - 29;29.0;20.0;;;3.0;0.0;2.0;2.0;;;;;;;;67.0;36.0;46.0;45.0;;;4.0;2.0;4.0;4.0;;[21 51 65];[1 2 2];[False False False];['Heidelberg Utd U23' 'Heidelberg Utd U23' 'Hume City U23'];[ 0 -1 -2];[-1 -2 -1];['D' 'A' 'A'];['A' 'A' 'A'];0.23;0.0;0.77;0.47;0.0;0.53;92927.0;142724.0;hume city;heidelberg united fc;;;Youth
2026-05-02;193773173;New Zealand Northern League;New Zealand;03:30;Full;-0.36858974358974356;1.85;3.0, 3.5;1.95;3.0, 3.5;3.0;2.0;;2.0;1.0;3.0;141.0;88.0;100.0;Fencibles United;;0.0;3.0;3.9;0;0.0;0 - 1;4.333;Eastern Suburbs Auckland;;0.0;2.0;1.6;1;1.0;+1;3 - 2;2-1;3.25;1.25;49 - 39;21 - 18;18.0;21.0;53.0;47.0;1.0;3.0;1.0;1.0;;;;;;;;62.0;79.0;39.0;49.0;47.0;53.0;6.0;4.0;3.0;2.0;;[14];[1];[False];['Eastern Suburbs Auckland'];[0];[-1];['D'];['A'];0.16;0.0;0.84;0.31;0.0;0.69;;;;;;;
2026-05-02;193773169;New Zealand Northern League;New Zealand;03:30;Full;-0.9178981937602627;1.975;4.0, 4.5;1.825;4.0, 4.5;1.0;7.0;;1.0;4.0;5.0;171.0;74.0;100.0;Manukau United;;0.0;1.0;29.0;1;1.0;1 - 5;13.0;Birkenhead United;;0.0;1.0;1.05;1;5.0;+3.5;1 - 7;1-4;4.25;1.75;24 - 50;14 - 23;23.0;14.0;57.0;43.0;6.0;0.0;5.0;1.0;;;;;;;;82.0;89.0;50.0;24.0;56.0;44.0;10.0;2.0;11.0;2.0;;[ 8 13 50 63 73 83];[1 1 2 2 2 2];[False False False False False False];"['Manukau United' 'Birkenhead United' 'Birkenhead United'
 'Birkenhead United' 'Birkenhead United' 'Birkenhead United']";[ 0  1  0 -1 -2 -3];[ 1  0 -1 -2 -3 -4];['D' 'H' 'D' 'A' 'A' 'A'];['H' 'D' 'A' 'A' 'A' 'A'];0.5;0.06;0.44;0.89;0.11;0.0;;;;;;;
2026-05-02;193774169;Australia South Australia Premier League;Australia;03:30;Full;0.765988938225442;1.95;4.0, 4.5;1.85;4.0, 4.5;7.0;1.0;;4.0;1.0;5.0;263.0;167.0;100.0;Playford;;0.0;1.0;1.167;2;8.0;8 - 1;7.0;Para Hills Knights;;1.0;0.0;11.0;1;1.0;-2.25;7 - 1;4-1;4.25;1.75;130 - 37;56 - 18;18.0;56.0;41.0;59.0;1.0;8.0;2.0;5.0;;;;;;;;113.0;150.0;37.0;130.0;37.0;63.0;3.0;19.0;3.0;19.0;;[ 8 42 46 46 57 59 63 71 82];[1 1 1 2 2 2 2 2 2];[False False  True False False False False False False];"['Para Hills Knights' 'Playford' 'Playford' 'Playford' 'Playford'
 'Playford' 'Playford' 'Playford' 'Playford']";[ 0 -1  0  1  2  3  4  5  6];[-1  0  1  2  3  4  5  6  7];['D' 'A' 'D' 'H' 'H' 'H' 'H' 'H' 'H'];['A' 'D' 'H' 'H' 'H' 'H' 'H' 'H' 'H'];0.13;0.49;0.38;0.26;0.0;0.74;424591.0;90886.0;playford city;para hills knights sc;1.57;1.57;
2026-05-02;193417604;Australia New South Wales League 1;Australia;03:30;Full;0.27731092436974786;1.975;3.0;1.825;3.0;2.0;6.0;;2.0;4.0;6.0;170.0;115.0;;Northern Tigers;;0.0;3.0;1.75;0;1.0;1 - 0;3.9;Bulls FC Academy;;0.0;0.0;3.4;0;0.0;-0.5;2 - 6;2-4;3.0;1.25;35 - 80;19 - 42;42.0;19.0;;;5.0;0.0;5.0;2.0;;;;;;;;109.0;61.0;80.0;35.0;;;9.0;0.0;5.0;6.0;;[49];[2];[False];['Northern Tigers'];[0];[1];['D'];['H'];0.54;0.46;0.0;1.0;0.0;0.0;;;;;;;
2026-05-02;193417681;Australia Northern NSW Premier League;Australia;03:30;Full;-0.14285714285714285;2.0;3.5;1.8;3.5;7.0;5.0;;3.0;3.0;6.0;178.0;123.0;100.0;Cooks Hill United;;0.0;1.0;2.8;1;3.0;3 - 1;4.0;Adamstown Rosebud;;0.0;1.0;2.0;0;1.0;+0.25;7 - 5;3-3;3.5;1.5;72 - 51;29 - 22;22.0;29.0;46.0;54.0;3.0;2.0;1.0;1.0;;;;;;;;79.0;99.0;51.0;72.0;51.0;49.0;5.0;7.0;3.0;6.0;;[30 72 92 94];[1 2 2 2];[False False  True  True];"['Cooks Hill United' 'Cooks Hill United' 'Cooks Hill United'
 'Adamstown Rosebud']";[0 1 2 3];[1 2 3 2];['D' 'H' 'H' 'H'];['H' 'H' 'H' 'H'];0.32;0.68;0.0;0.67;0.33;0.0;;;;;;;
2026-05-02;193818195;Australia Cup Qualifying;Australia;03:30;Full;0.9031580472258438;1.825;3.5, 4.0;1.975;3.5, 4.0;13.0;2.0;;3.0;0.0;3.0;156.0;147.0;;Western Knights;;0.0;1.0;1.062;0;1.0;1 - 1;11.0;Curtin University SC;;0.0;0.0;26.0;0;1.0;-3.0;13 - 2;3-0;3.75;1.5;104 - 43;47 - 9;9.0;47.0;;;2.0;6.0;0.0;3.0;;;;;;;;48.0;108.0;43.0;104.0;;;6.0;10.0;5.0;11.0;;[46 58];[2 2];[False False];['Western Knights' 'Curtin University SC'];[0 1];[1 0];['D' 'H'];['H' 'D'];0.87;0.13;0.0;1.0;0.0;0.0;1237383.0;;western knights sc;;;;
2026-05-02;193417687;Australia Northern NSW Premier League;Australia;03:30;Full;-0.37337934269154754;2.0;3.5;1.8;3.5;9.0;6.0;;3.0;1.0;4.0;142.0;123.0;100.0;Valentine Phoenix;;0.0;3.0;3.8;1;1.0;1 - 6;4.5;Newcastle Olympic FC;;0.0;2.0;1.571;3;6.0;+1.0;9 - 6;3-1;3.5;1.5;54 - 69;27 - 27;27.0;27.0;56.0;44.0;0.0;0.0;4.0;1.0;;;;;;;;75.0;67.0;69.0;54.0;55.0;45.0;2.0;0.0;7.0;1.0;;[19 32 41 46 46 49 82];[1 1 1 1 2 2 2];[False False False  True False False False];"['Newcastle Olympic FC' 'Valentine Phoenix' 'Newcastle Olympic FC'
 'Newcastle Olympic FC' 'Newcastle Olympic FC' 'Newcastle Olympic FC'
 'Newcastle Olympic FC']";[ 0 -1  0 -1 -2 -3 -4];[-1  0 -1 -2 -3 -4 -5];['D' 'A' 'D' 'A' 'A' 'A' 'A'];['A' 'D' 'A' 'A' 'A' 'A' 'A'];0.31;0.0;0.69;0.61;0.0;0.39;;;;;;;
2026-05-02;193417594;Australia New South Wales League 1;Australia;03:30;Full;0.2012538231467243;1.875;3.0;1.925;3.0;4.0;3.0;;3.0;0.0;3.0;138.0;145.0;;Hakoah Sydney City East;;0.0;2.0;1.909;0;2.0;2 - 5;3.75;Canterbury Bankstown FC;;0.0;3.0;3.1;2;5.0;-0.5;4 - 3;3-0;3.0;1.25;83 - 62;42 - 31;31.0;42.0;;;2.0;2.0;5.0;1.0;;;;;;;;58.0;80.0;62.0;83.0;;;4.0;3.0;11.0;4.0;;[10 14 58 60 63 67 83];[1 1 2 2 2 2 2];[False False False False False False False];"['Canterbury Bankstown FC' 'Canterbury Bankstown FC'
 'Canterbury Bankstown FC' 'Canterbury Bankstown FC'
 'Hakoah Sydney City East' 'Hakoah Sydney City East'
 'Canterbury Bankstown FC']";[ 0 -1 -2 -3 -4 -3 -2];[-1 -2 -3 -4 -3 -2 -3];['D' 'A' 'A' 'A' 'A' 'A' 'A'];['A' 'A' 'A' 'A' 'A' 'A' 'A'];0.11;0.0;0.89;0.22;0.0;0.78;;;;;;;
2026-05-02;193769593;Australia Tasmania Premier League;Australia;03:45;Full;-0.05695301376364503;1.9;3.5, 4.0;1.9;3.5, 4.0;5.0;3.0;;1.0;2.0;3.0;170.0;116.0;100.0;Launceston United;;0.0;0.0;2.45;2;4.0;4 - 6;4.1;South East United FC;;0.0;4.0;2.15;3;6.0;+0.25;5 - 3;1-2;3.75;1.5;60 - 56;31 - 25;25.0;31.0;44.0;56.0;2.0;1.0;3.0;5.0;;;;;;;;79.0;91.0;56.0;60.0;47.0;53.0;3.0;3.0;6.0;8.0;;[12 18 27 31 47 57 62 74 90 93];[1 1 1 1 1 2 2 2 2 2];[False False False False  True False False False False  True];"['Launceston United' 'South East United FC' 'South East United FC'
 'South East United FC' 'Launceston United' 'South East United FC'
 'Launceston United' 'South East United FC' 'South East United FC'
 'Launceston United']";[ 0  1  0 -1 -2 -1 -2 -1 -2 -3];[ 1  0 -1 -2 -1 -2 -1 -2 -3 -2];['D' 'H' 'D' 'A' 'A' 'A' 'A' 'A' 'A' 'A'];['H' 'D' 'A' 'A' 'A' 'A' 'A' 'A' 'A' 'A'];0.23;0.06;0.71;0.45;0.13;0.43;;;;;;;
2026-05-02;193819232;Australia Tasmania Championship;Australia;03:45;Full;0.1206636500754148;1.85;4.5;1.95;4.5;1.0;6.0;;0.0;5.0;5.0;148.0;171.0;;Clarence Zebras Reserves;3.0;0.0;1.0;1.95;1;3.0;3 - 1;4.75;Hobart City FC;6.0;0.0;0.0;2.55;0;1.0;-0.25;1 - 6;0-5;4.5;2.0;83 - 88;42 - 48;48.0;42.0;;;2.0;2.0;2.0;2.0;;;;;;;;72.0;76.0;88.0;83.0;;;4.0;3.0;5.0;6.0;;[25 49 77 95];[1 2 2 2];[False False False  True];"['Clarence Zebras Reserves' 'Clarence Zebras Reserves'
 'Clarence Zebras Reserves' 'Hobart City FC']";[0 1 2 3];[1 2 3 2];['D' 'H' 'H' 'H'];['H' 'H' 'H' 'H'];0.26;0.74;0.0;0.56;0.44;0.0;;;;;;;Youth
2026-05-02;193417615;Australia New South Wales League 1;Australia;04:00;Full;-0.20373514431239387;1.975;3.0, 3.5;1.825;3.0, 3.5;3.0;3.0;;2.0;1.0;3.0;115.0;104.0;;Dulwich Hill;;0.0;2.0;3.1;0;1.0;1 - 1;3.9;Newcastle Jets NPL;;0.0;1.0;1.9;0;1.0;+0.5;3 - 3;2-1;3.25;1.25;61 - 43;28 - 21;21.0;28.0;;;2.0;7.0;0.0;6.0;;;;;;;;51.0;64.0;43.0;61.0;;;4.0;8.0;5.0;12.0;;[48 79];[2 2];[False False];['Newcastle Jets NPL' 'Dulwich Hill'];[ 0 -1];[-1  0];['D' 'A'];['A' 'D'];0.66;0.0;0.34;1.0;0.0;0.0;;;;;;;
2026-05-02;193773176;New Zealand Northern League;New Zealand;04:00;Full;-0.3926347984039994;1.875;3.0, 3.5;1.925;3.0, 3.5;3.0;1.0;;1.0;1.0;2.0;180.0;65.0;100.0;Melville United;;0.0;1.0;4.1;1;1.0;1 - 3;4.333;Western Springs AFC;;0.0;1.0;1.571;1;3.0;+1;3 - 1;1-1;3.25;1.25;44 - 21;16 - 12;12.0;16.0;63.0;37.0;5.0;3.0;3.0;5.0;;;;;;;;95.0;85.0;21.0;44.0;59.0;41.0;7.0;6.0;7.0;8.0;;[21 24 76 92];[1 1 2 2];[False False False  True];"['Western Springs AFC' 'Melville United' 'Western Springs AFC'
 'Western Springs AFC']";[ 0 -1  0 -1];[-1  0 -1 -2];['D' 'A' 'D' 'A'];['A' 'D' 'A' 'A'];0.79;0.0;0.21;0.93;0.0;0.07;;;;;;;
2026-05-02;193774198;Australia A-League Women;Australia;04:00;Full;-0.1774193548387097;1.9;2.5;1.9;2.5;2.0;6.0;;1.0;3.0;4.0;196.0;85.0;100.0;Melbourne Victory (W);;0.0;1.0;3.1;0;0.0;0 - 1;3.4;Melbourne City (W);;0.0;1.0;2.0;1;1.0;+0.25;2 - 6;1-3;2.5;1.0;40 - 45;18 - 31;31.0;18.0;60.0;40.0;4.0;1.0;2.0;2.0;;;;;;;;108.0;88.0;45.0;40.0;58.0;42.0;9.0;2.0;3.0;4.0;;[45];[1];[False];['Melbourne City (W)'];[0];[-1];['D'];['A'];0.5;0.0;0.5;1.0;0.0;0.0;174100.0;227542.0;melbourne victory;melbourne city fc;;;Women
2026-05-02;193417617;Australia New South Wales League 1;Australia;04:00;Full;0.2425234340127957;1.8;3.0;2.0;3.0;5.0;2.0;;2.0;1.0;3.0;206.0;123.0;;Hills United FC;;0.0;0.0;1.833;1;2.0;2 - 1;3.8;Western City Rangers;;0.0;2.0;3.3;0;1.0;-0.5;5 - 2;2-1;3.0;1.25;92 - 31;50 - 13;13.0;50.0;;;1.0;3.0;2.0;6.0;;;;;;;;73.0;133.0;31.0;92.0;;;1.0;7.0;6.0;11.0;;[ 9 85 92];[1 2 2];[False False  True];['Hills United FC' 'Hills United FC' 'Western City Rangers'];[0 1 2];[1 2 1];['D' 'H' 'H'];['H' 'H' 'H'];0.1;0.9;0.0;0.2;0.8;0.0;;;;;;;
2026-05-02;193771670;China Division 1;China;04:00;Full;0.20209059233449483;2.0;2.0, 2.5;1.8;2.0, 2.5;4.0;3.0;;2.0;3.0;5.0;177.0;140.0;100.0;Yanbian Longding;;0.0;2.0;2.05;0;1.0;1 - 1;2.9;Wuxi Wugo;;0.0;4.0;3.5;1;1.0;-0.75;4 - 3;2-3;2.25;0.75;63 - 77;18 - 46;46.0;18.0;50.0;50.0;4.0;2.0;3.0;1.0;;;;;;;;84.0;93.0;77.0;63.0;50.0;50.0;4.0;7.0;3.0;5.0;;[11 93];[1 2];[False  True];['Wuxi Wugo' 'Yanbian Longding'];[ 0 -1];[-1  0];['D' 'A'];['A' 'D'];0.12;0.0;0.88;0.24;0.0;0.76;793018.0;793008.0;yanbian longding;wuxi wugou;2.2;2.1;
2026-05-02;193771356;Taiwan League Division 2;Taiwan;04:00;Full;0.0;1.9;2.5, 3;1.9;2.5, 3;4.0;3.0;;1.0;2.0;3.0;182.0;96.0;100.0;Fu Jen University;;0.0;2.0;2.35;2;2.0;2 - 4;3.75;AC Taipei Reserves;;0.0;2.0;2.35;3;4.0;0;4 - 3;1-2;2.75;1.25;44 - 52;16 - 27;27.0;16.0;49.0;51.0;6.0;1.0;3.0;2.0;;;;;;;;102.0;80.0;52.0;44.0;45.0;55.0;9.0;4.0;8.0;4.0;;[ 2 24 30 39 46 69];[1 1 1 1 1 2];[False False False False  True False];"['Fu Jen University' 'AC Taipei Reserves' 'AC Taipei Reserves'
 'Fu Jen University' 'AC Taipei Reserves' 'AC Taipei Reserves']";[ 0  1  0 -1  0 -1];[ 1  0 -1  0 -1 -2];['D' 'H' 'D' 'A' 'D' 'A'];['H' 'D' 'A' 'D' 'A' 'A'];0.17;0.24;0.59;0.33;0.48;0.2;;;;;;;Youth
2026-05-02;193771679;China Division 1;China;04:00;Full;0.3776578017729787;2.0;2.5;1.8;2.5;11.0;3.0;;9.0;1.0;10.0;184.0;145.0;100.0;Dalian K'un City;8.0;0.0;2.0;1.667;1;2.0;2 - 2;3.4;Foshan Nanshi;9.0;0.0;4.0;4.5;2;2.0;-0.75;11 - 3;9-1;2.5;1;102 - 43;55 - 18;18.0;55.0;31.0;69.0;1.0;5.0;3.0;4.0;;;;;;;;80.0;104.0;43.0;102.0;30.0;70.0;1.0;10.0;4.0;5.0;;[18 36 46 77];[1 1 1 2];[False False  True False];"['Foshan Nanshi' ""Dalian K'un City"" 'Foshan Nanshi' ""Dalian K'un City""]";[ 0 -1  0 -1];[-1  0 -1  0];['D' 'A' 'D' 'A'];['A' 'D' 'A' 'D'];0.46;0.0;0.54;0.61;0.0;0.39;1110197.0;1110241.0;dalian kun city;foshan nanshi fc;1.9;1.9;
2026-05-02;193417742;Australia Victoria Premier League 1;Australia;04:00;Full;-0.009250693802035193;1.975;3.5, 4.0;1.825;3.5, 4.0;4.0;8.0;;2.0;5.0;7.0;122.0;125.0;;North Geelong;;0.0;3.0;2.35;1;1.0;1 - 0;4.0;Brunswick City;;0.0;1.0;2.3;0;0.0;0.0;4 - 8;2-5;3.75;1.5;54 - 71;27 - 30;30.0;27.0;;;1.0;1.0;5.0;3.0;;;;;;;;67.0;55.0;71.0;54.0;;;5.0;4.0;8.0;5.0;;[28];[1];[False];['North Geelong'];[0];[1];['D'];['H'];0.31;0.69;0.0;0.62;0.38;0.0;;;;;;;
2026-05-02;193417771;Australia Victoria Premier League 2;Australia;04:00;Full;0.39844199933315155;1.95;3.0, 3.5;1.85;3.0, 3.5;7.0;2.0;;4.0;1.0;5.0;174.0;92.0;;Malvern City;1.0;0.0;1.0;1.571;2;4.0;4 - 1;4.2;Springvale White Eagles;11.0;0.0;1.0;4.2;1;1.0;-1.0;7 - 2;4-1;3.25;1.25;45 - 47;20 - 24;24.0;20.0;;;2.0;3.0;5.0;8.0;;;;;;;;104.0;70.0;47.0;45.0;;;4.0;5.0;10.0;15.0;;[20 21 34 60 96];[1 1 1 2 2];[False False False False  True];"['Springvale White Eagles' 'Malvern City' 'Malvern City' 'Malvern City'
 'Malvern City']";[ 0 -1  0  1  2];[-1  0  1  2  3];['D' 'A' 'D' 'H' 'H'];['A' 'D' 'H' 'H' 'H'];0.34;0.65;0.01;0.73;0.24;0.02;;;;;;;
2026-05-02;193770577;Hong Kong Premier League;Hong Kong;04:00;Full;-0.1679929266136163;1.8;3;2.0;3;2.0;10.0;;2.0;5.0;7.0;214.0;105.0;100.0;Tai Po;;0.0;1.0;2.9;2;3.0;3 - 0;3.9;Kitchee;;0.0;1.0;1.95;0;0.0;+0.5;2 - 10;2-5;3;1.25;33 - 72;-;0.0;0.0;;;0.0;0.0;0.0;0.0;;;;;;;;139.0;75.0;72.0;33.0;72.0;28.0;5.0;2.0;0.0;4.0;;[ 3 13 66];[1 1 2];[False False False];['Tai Po' 'Tai Po' 'Tai Po'];[0 1 2];[1 2 3];['D' 'H' 'H'];['H' 'H' 'H'];0.03;0.97;0.0;0.07;0.93;0.0;;;;;;;
2026-05-02;193821123;Indonesia U20 League;Indonesia;04:00;Full;0.2936507936507936;1.8;2.5, 3;2.0;2.5, 3;9.0;4.0;;2.0;1.0;3.0;93.0;128.0;;PSM Makassar U20;;0.0;0.0;1.75;1;2.0;2 - 0;3.6;Persebaya Surabaya U20;;0.0;1.0;3.6;0;0.0;-0.5;9 - 4;2-1;2.75;1.25;79 - 49;45 - 26;26.0;45.0;;;1.0;5.0;0.0;5.0;;;;;;;;47.0;46.0;49.0;79.0;;;3.0;7.0;0.0;8.0;;[44 71];[1 2];[False False];['PSM Makassar U20' 'PSM Makassar U20'];[0 1];[1 2];['D' 'H'];['H' 'H'];0.49;0.51;0.0;0.98;0.02;0.0;;;;;;;Youth
2026-05-02;193817906;Australia Western Australia State League 1;Australia;04:00;Full;0.47029855340104654;1.85;3.0, 3.5;1.95;3.0, 3.5;6.0;6.0;;4.0;2.0;6.0;172.0;179.0;;Kingsley Westside;2.0;0.0;1.0;1.444;1;1.0;1 - 0;5.0;Subiaco AFC;11.0;0.0;2.0;4.5;0;0.0;-1.25;6 - 6;4-2;3.25;1.25;87 - 92;38 - 52;52.0;38.0;;;4.0;4.0;1.0;2.0;;;;;;;;96.0;76.0;92.0;87.0;;;7.0;6.0;1.0;4.0;;[10];[1];[False];['Kingsley Westside'];[0];[1];['D'];['H'];0.11;0.89;0.0;0.22;0.78;0.0;;;;;;;
2026-05-02;192940804;Japan J-League;Japan;04:00;Full;0.3998800239952009;1.925;2.5;1.875;2.5;6.0;7.0;;5.0;1.0;6.0;172.0;75.0;100.0;Urawa Red Diamonds;;0.0;0.0;1.667;1;2.0;2 - 0;3.8;JEF Utd Chiba;;0.0;2.0;5.0;0;0.0;-0.75;6 - 7;5-1;2.5;1;37 - 38;27 - 8;8.0;27.0;35.0;65.0;1.0;3.0;1.0;6.0;;;;;;;;70.0;102.0;38.0;37.0;45.0;55.0;9.0;7.0;1.0;8.0;;[41 64];[1 2];[False False];['Urawa Red Diamonds' 'Urawa Red Diamonds'];[0 1];[1 2];['D' 'H'];['H' 'H'];0.46;0.54;0.0;0.91;0.09;0.0;3145.0;3144.0;urawa red diamonds;jef united chiba;1.9;1.9;
2026-05-02;193818123;Australia Queensland Premier League Women;Australia;04:00;Full;-0.09157509157509158;1.875;3.5;1.925;3.5;8.0;3.0;;6.0;0.0;6.0;178.0;94.0;;Logan Lightning (W);;0.0;0.0;2.6;0;0.0;0 - 4;3.8;Mitchelton FC (W);;0.0;0.0;2.1;3;4.0;+0.25;8 - 3;6-0;3.5;1.5;46 - 48;22 - 21;21.0;22.0;;;3.0;4.0;4.0;1.0;;;;;;;;99.0;79.0;48.0;46.0;;;5.0;6.0;5.0;2.0;;[11 21 27 52];[1 1 1 2];[False False False False];"['Mitchelton FC (W)' 'Mitchelton FC (W)' 'Mitchelton FC (W)'
 'Mitchelton FC (W)']";[ 0 -1 -2 -3];[-1 -2 -3 -4];['D' 'A' 'A' 'A'];['A' 'A' 'A' 'A'];0.12;0.0;0.88;0.24;0.0;0.76;;;;;;;Women
2026-05-02;193930207;Indonesia U20 League;Indonesia;04:00;Full;0.26143790849673204;1.975;3;1.825;3;5.0;3.0;;3.0;1.0;4.0;152.0;137.0;;Persija Jakarta U20;;0.0;3.0;1.8;1;2.0;2 - 0;3.8;Persita Tangerang U20;;1.0;1.0;3.4;0;0.0;-0.5;5 - 3;3-1;3;1.25;80 - 57;42 - 27;27.0;42.0;;;5.0;5.0;0.0;1.0;;;;;;;;64.0;88.0;57.0;80.0;;;8.0;11.0;0.0;2.0;;[35 81];[1 2];[False False];['Persija Jakarta U20' 'Persija Jakarta U20'];[0 1];[1 2];['D' 'H'];['H' 'H'];0.39;0.61;0.0;0.78;0.22;0.0;;;;;;;Youth
2026-05-02;193821120;Indonesia U20 League;Indonesia;04:00;Full;-0.39844199933315155;1.95;3.0, 3.5;1.85;3.0, 3.5;7.0;1.0;;1.0;0.0;1.0;145.0;143.0;;Persijap Jepara U20;;0.0;1.0;4.2;1;2.0;2 - 2;4.2;Dewa United FC U20;;0.0;1.0;1.571;2;2.0;+1;7 - 1;1-0;3.25;1.25;77 - 66;32 - 32;32.0;32.0;;;4.0;3.0;3.0;4.0;;;;;;;;69.0;76.0;66.0;77.0;;;7.0;8.0;3.0;10.0;;[ 4 34 40 74];[1 1 1 2];[False False False False];"['Persijap Jepara U20' 'Dewa United FC U20' 'Dewa United FC U20'
 'Persijap Jepara U20']";[ 0  1  0 -1];[ 1  0 -1  0];['D' 'H' 'D' 'A'];['H' 'D' 'A' 'D'];0.29;0.33;0.38;0.22;0.67;0.11;;;;;;;Youth
2026-05-02;193417523;Australia New South Wales Premier League;Australia;04:00;Full;-0.4229390681003584;1.775;3.0;2.025;3.0;6.0;6.0;;2.0;3.0;5.0;203.0;190.0;100.0;SD Raiders;;0.0;2.0;4.5;2;2.0;2 - 3;4.1;Apia L Tigers;;0.0;3.0;1.55;1;3.0;+1.0;6 - 6;2-3;3.0;1.25;95 - 95;41 - 43;43.0;41.0;45.0;55.0;2.0;3.0;2.0;5.0;;;;;;;;97.0;106.0;95.0;95.0;49.0;51.0;6.0;6.0;6.0;9.0;;[ 3 24 47 62 79];[1 1 1 2 2];[False False  True False False];['Apia L Tigers' 'SD Raiders' 'SD Raiders' 'Apia L Tigers' 'Apia L Tigers'];[ 0 -1  0  1  0];[-1  0  1  0 -1];['D' 'A' 'D' 'H' 'D'];['A' 'D' 'H' 'D' 'A'];0.48;0.17;0.36;0.55;0.0;0.45;316737.0;92202.0;sd raiders fc;apia leichhardt;;;
2026-05-02;193814353;Taiwan Mulan League Women;Taiwan;04:30;Full;-0.20032051282051289;1.95;2.5;1.85;2.5;3.0;9.0;;1.0;6.0;7.0;143.0;106.0;100.0;Taichung Blue Whale (W);;0.0;0.0;3.2;1;1.0;1 - 2;3.5;Kaohsiung Attackers (W);;0.0;0.0;1.95;0;2.0;+0.5;3 - 9;1-6;2.5;1.0;36 - 70;14 - 38;38.0;14.0;57.0;43.0;6.0;3.0;3.0;4.0;;;;;;;;93.0;50.0;70.0;36.0;58.0;42.0;10.0;5.0;8.0;7.0;;[19 47 78];[1 2 2];[False False False];"['Taichung Blue Whale (W)' 'Kaohsiung Attackers (W)'
 'Kaohsiung Attackers (W)']";[0 1 0];[ 1  0 -1];['D' 'H' 'D'];['H' 'D' 'A'];0.56;0.31;0.13;0.42;0.58;0.0;;;;;;;Women
2026-05-02;193202158;South Korea K League 1;South Korea;04:30;Full;-0.2882205513784461;2.025;2.0, 2.5;1.775;2.0, 2.5;8.0;6.0;;4.0;1.0;5.0;214.0;157.0;100.0;Jeju United;;0.0;1.0;4.2;0;0.0;0 - 2;3.4;Jeonbuk Motors;;0.0;1.0;1.9;1;2.0;+0.5;8 - 6;4-1;2.25;0.75;89 - 68;39 - 26;26.0;39.0;50.0;50.0;2.0;7.0;2.0;3.0;;;;;;;;98.0;116.0;68.0;89.0;50.0;50.0;8.0;15.0;5.0;8.0;;[37 94];[1 2];[False  True];['Jeonbuk Motors' 'Jeonbuk Motors'];[ 0 -1];[-1 -2];['D' 'A'];['A' 'A'];0.39;0.0;0.61;0.82;0.0;0.18;7649.0;6908.0;jeju sk fc;jeonbuk fc;1.9;2.0;
2026-05-02;193202156;South Korea K League 1;South Korea;04:30;Full;-0.03501400560224094;1.8;2;2.0;2;3.0;5.0;;0.0;3.0;3.0;192.0;113.0;100.0;Incheon Utd;;0.0;2.0;2.8;0;0.0;0 - 1;3.1;Gangwon FC;;0.0;3.0;2.55;1;1.0;0;3 - 5;0-3;2;0.75;40 - 73;10 - 53;53.0;10.0;50.0;50.0;2.0;0.0;3.0;0.0;;;;;;;;111.0;81.0;73.0;40.0;50.0;50.0;4.0;1.0;4.0;0.0;;[44];[1];[False];['Gangwon FC'];[0];[-1];['D'];['A'];0.49;0.0;0.51;0.98;0.0;0.02;7648.0;34220.0;incheon united fc;gangwon fc;2.1;2.0;
2026-05-02;193417528;Australia New South Wales Premier League;Australia;04:30;Full;0.2936507936507936;1.9;2.5, 3.0;1.9;2.5, 3.0;2.0;5.0;;1.0;1.0;2.0;118.0;87.0;100.0;NWS Spirit FC;;0.0;1.0;1.75;1;2.0;2 - 1;3.7;Manly Utd;;0.0;4.0;3.6;0;1.0;-0.5;2 - 5;1-1;2.75;1.25;48 - 39;24 - 18;18.0;24.0;59.0;41.0;1.0;2.0;0.0;2.0;;;;;;;;58.0;60.0;39.0;48.0;56.0;44.0;2.0;2.0;1.0;3.0;;[42 49 71];[1 2 2];[False False False];['NWS Spirit FC' 'NWS Spirit FC' 'Manly Utd'];[0 1 2];[1 2 1];['D' 'H' 'H'];['H' 'H' 'H'];0.47;0.53;0.0;0.93;0.07;0.0;2943.0;92208.0;nws spirit;manly united fc;;;
2026-05-02;193817341;Australia South Australia Premier League;Australia;04:30;Full;0.4143150152061674;1.975;3.0, 3.5;1.825;3.0, 3.5;4.0;5.0;;4.0;3.0;7.0;213.0;119.0;100.0;White City FK Beograd;;0.0;1.0;1.571;1;3.0;3 - 1;3.9;Adelaide Comets;;0.0;1.0;4.5;1;1.0;-1.0;4 - 5;4-3;3.25;1.25;73 - 46;39 - 16;16.0;39.0;41.0;59.0;0.0;6.0;2.0;3.0;;;;;;;;100.0;113.0;46.0;73.0;47.0;53.0;2.0;7.0;3.0;7.0;;[11 21 53 64];[1 1 2 2];[False False False False];"['White City FK Beograd' 'Adelaide Comets' 'White City FK Beograd'
 'White City FK Beograd']";[0 1 0 1];[1 0 1 2];['D' 'H' 'D' 'H'];['H' 'D' 'H' 'H'];0.48;0.52;0.0;0.78;0.22;0.0;90894.0;90870.0;fk beograd;adelaide comets fc;1.5;1.53;
2026-05-02;193817345;Australia NPL Victoria Women;Australia;04:45;Full;0.5341614906832299;1.85;3.5, 4.0;1.95;3.5, 4.0;8.0;5.0;;2.0;2.0;4.0;273.0;229.0;100.0;Bulleen Lions (W);;0.0;0.0;1.38;2;2.0;2 - 1;4.75;Boroondara Eagles (W);;0.0;0.0;5.25;0;1.0;-1.25;8 - 5;2-2;3.75;1.5;125 - 104;60 - 56;56.0;60.0;37.0;63.0;3.0;3.0;4.0;4.0;;;;;;;;135.0;138.0;104.0;125.0;44.0;56.0;3.0;7.0;6.0;5.0;;[ 3 37 78];[1 1 2];[False False False];['Bulleen Lions (W)' 'Bulleen Lions (W)' 'Boroondara Eagles (W)'];[0 1 2];[1 2 1];['D' 'H' 'H'];['H' 'H' 'H'];0.03;0.97;0.0;0.07;0.93;0.0;;;;;;;Women
2026-05-02;193819006;Australia Capital Territory Premier League;Australia;04:45;Full;0.4791288566243195;1.9;4.0;1.9;4.0;12.0;4.0;;6.0;1.0;7.0;195.0;123.0;100.0;Monaro Panthers;;0.0;2.0;1.45;0;5.0;5 - 3;4.75;Canberra Juventus;;0.0;3.0;4.75;1;3.0;-1.25;12 - 4;6-1;4.0;1.75;90 - 33;45 - 14;14.0;45.0;51.0;49.0;2.0;4.0;1.0;4.0;;;;;;;;93.0;102.0;33.0;90.0;52.0;48.0;3.0;9.0;4.0;14.0;;[35 59 68 75 77 85 87 95];[1 2 2 2 2 2 2 2];[False False False False False False False  True];"['Canberra Juventus' 'Monaro Panthers' 'Monaro Panthers'
 'Canberra Juventus' 'Canberra Juventus' 'Monaro Panthers'
 'Monaro Panthers' 'Monaro Panthers']";[ 0 -1  0  1  0 -1  0  1];[-1  0  1  0 -1  0  1  2];['D' 'A' 'D' 'H' 'D' 'A' 'D' 'H'];['A' 'D' 'H' 'D' 'A' 'D' 'H' 'H'];0.51;0.16;0.34;0.78;0.0;0.22;;;;;;;
2026-05-02;193817295;Australia Tasmania Super League Women;Australia;04:45;Full;0.23305373704309873;1.9;4.0;1.9;4.0;10.0;2.0;;7.0;2.0;9.0;123.0;142.0;;Glenorchy Knights (W);;0.0;1.0;1.833;1;5.0;5 - 3;4.0;Kingborough Lions (W);;0.0;1.0;3.2;1;3.0;-0.5;10 - 2;7-2;4.0;1.75;87 - 55;41 - 33;33.0;41.0;;;0.0;3.0;4.0;1.0;;;;;;;;51.0;72.0;55.0;87.0;;;1.0;3.0;7.0;8.0;;[15 38 48 53 66 82 92 93];[1 1 2 2 2 2 2 2];[False False False False False False  True  True];"['Glenorchy Knights (W)' 'Kingborough Lions (W)' 'Glenorchy Knights (W)'
 'Kingborough Lions (W)' 'Glenorchy Knights (W)' 'Kingborough Lions (W)'
 'Glenorchy Knights (W)' 'Glenorchy Knights (W)']";[0 1 0 1 0 1 0 1];[1 0 1 0 1 0 1 2];['D' 'H' 'D' 'H' 'D' 'H' 'D' 'H'];['H' 'D' 'H' 'D' 'H' 'D' 'H' 'H'];0.52;0.48;0.0;0.49;0.51;0.0;;;;;;;Women
2026-05-02;193775937;China Super League Women;China;05:00;Full;0.12121212121212122;1.85;2;1.95;2;2.0;3.0;;1.0;1.0;2.0;189.0;86.0;100.0;Beijing (W);;0.0;2.0;2.2;1;1.0;1 - 0;3.1;Liaoning Shenbei Hefeng (W);;0.0;1.0;3.0;0;0.0;-0.25;2 - 3;1-1;2;0.75;56 - 30;31 - 13;13.0;31.0;51.0;49.0;2.0;3.0;0.0;3.0;;;;;;;;86.0;103.0;30.0;56.0;54.0;46.0;6.0;7.0;0.0;4.0;;[17];[1];[False];['Beijing (W)'];[0];[1];['D'];['H'];0.19;0.81;0.0;0.38;0.62;0.0;;;;;;;Women
2026-05-02;193819020;Australia Queensland Premier League 2;Australia;05:00;Full;0.3282828282828283;1.875;4.0, 4.5;1.925;4.0, 4.5;5.0;5.0;;2.0;3.0;5.0;181.0;102.0;;Mitchelton FC;10.0;0.0;3.0;1.65;2;4.0;4 - 3;4.75;Brisbane Knights;7.0;0.0;4.0;3.6;2;3.0;-1.0;5 - 5;2-3;4.25;1.75;62 - 40;32 - 25;25.0;32.0;;;3.0;3.0;8.0;6.0;;;;;;;;73.0;108.0;40.0;62.0;;;4.0;4.0;11.0;11.0;;[28 32 34 43 64 84 92];[1 1 1 1 2 2 2];[False False False False False False  True];"['Brisbane Knights' 'Mitchelton FC' 'Brisbane Knights' 'Mitchelton FC'
 'Mitchelton FC' 'Mitchelton FC' 'Brisbane Knights']";[ 0 -1  0 -1  0  1  2];[-1  0 -1  0  1  2  1];['D' 'A' 'D' 'A' 'D' 'H' 'H'];['A' 'D' 'A' 'D' 'H' 'H' 'H'];0.55;0.3;0.14;0.71;0.0;0.29;;;;;;;
2026-05-02;193827331;Israel Youth League;Israel;05:00;Full;-0.1399787910922588;1.85;2.5, 3;1.95;2.5, 3;3.0;7.0;;2.0;3.0;5.0;242.0;147.0;100.0;Hapoel Nir Ramat Hasharon U19;;1.0;3.0;2.875;0;2.0;2 - 3;3.5;Bnei Yehuda Tel Aviv U19;;0.0;4.0;2.05;0;3.0;+0.25;3 - 7;2-3;2.75;1.25;60 - 87;35 - 38;38.0;35.0;63.0;37.0;5.0;5.0;2.0;5.0;;;;;;;;151.0;91.0;87.0;60.0;64.0;36.0;11.0;7.0;7.0;9.0;;[65 69 73 81 94];[2 2 2 2 2];[False False False False  True];"['Hapoel Nir Ramat Hasharon U19' 'Hapoel Nir Ramat Hasharon U19'
 'Bnei Yehuda Tel Aviv U19' 'Bnei Yehuda Tel Aviv U19'
 'Bnei Yehuda Tel Aviv U19']";[0 1 2 1 0];[ 1  2  1  0 -1];['D' 'H' 'H' 'H' 'D'];['H' 'H' 'H' 'D' 'A'];0.83;0.17;0.0;1.0;0.0;0.0;;5203.0;;bnei yehuda tel aviv fc;;;Youth
2026-05-02;193777561;South Korea K3 League;South Korea;05:00;Full;0.0;1.875;2.0, 2.5;1.925;2.0, 2.5;3.0;5.0;;1.0;1.0;2.0;117.0;96.0;100.0;Yeoju;;0.0;4.0;2.5;0;1.0;1 - 0;3.1;Chuncheon FC;;1.0;4.0;2.5;0;0.0;0;3 - 5;1-1;2.25;1;50 - 46;19 - 25;25.0;19.0;36.0;64.0;4.0;5.0;0.0;0.0;;;;;;;;55.0;62.0;46.0;50.0;38.0;62.0;6.0;10.0;2.0;3.0;;[81];[2];[False];['Yeoju'];[0];[1];['D'];['H'];0.9;0.1;0.0;1.0;0.0;0.0;;;;;;;
2026-05-02;193775939;China Super League Women;China;05:00;Full;0.5156756756756756;1.825;2.0, 2.5;1.975;2.0, 2.5;5.0;0.0;;4.0;0.0;4.0;113.0;99.0;100.0;Shanghai Shengli (W);;0.0;1.0;1.48;3;4.0;4 - 1;3.6;Guangxi Pingguo (W);;0.0;0.0;6.25;1;1.0;-1;5 - 0;4-0;2.25;1;66 - 33;37 - 20;20.0;37.0;43.0;57.0;1.0;6.0;2.0;6.0;;;;;;;;57.0;56.0;33.0;66.0;49.0;51.0;5.0;9.0;4.0;8.0;;[32 33 39 43 51];[1 1 1 1 2];[False False False False False];"['Shanghai Shengli (W)' 'Shanghai Shengli (W)' 'Guangxi Pingguo (W)'
 'Shanghai Shengli (W)' 'Shanghai Shengli (W)']";[0 1 2 1 2];[1 2 1 2 3];['D' 'H' 'H' 'H' 'H'];['H' 'H' 'H' 'H' 'H'];0.36;0.64;0.0;0.71;0.29;0.0;;;;;;;Women
2026-05-02;193817291;Australia Queensland Premier League 3;Australia;05:00;Full;-0.1679929266136163;1.85;3.5;1.95;3.5;6.0;8.0;;3.0;1.0;4.0;182.0;148.0;;North Pine;10.0;0.0;0.0;2.9;0;1.0;1 - 3;3.8;Logan Roos FC;4.0;0.0;2.0;1.95;0;3.0;+0.25;6 - 8;3-1;3.5;1.5;69 - 79;35 - 46;46.0;35.0;;;1.0;1.0;2.0;1.0;;;;;;;;107.0;75.0;79.0;69.0;;;3.0;4.0;6.0;2.0;;[48 76 85 88];[2 2 2 2];[False False False False];['Logan Roos FC' 'Logan Roos FC' 'North Pine' 'Logan Roos FC'];[ 0 -1 -2 -1];[-1 -2 -1 -2];['D' 'A' 'A' 'A'];['A' 'A' 'A' 'A'];0.53;0.0;0.47;1.0;0.0;0.0;;;;;;;
2026-05-02;193779919;Australia Queensland Premier League Women;Australia;05:00;Full;0.6624015748031495;1.975;4.0;1.825;4.0;4.0;0.0;;2.0;0.0;2.0;118.0;72.0;100.0;Caboolture FC (W);;0.0;0.0;1.27;5;7.0;7 - 0;5.0;Grange Thistle (W);;0.0;2.0;8.0;0;0.0;-1.75;4 - 0;2-0;4.0;1.5;48 - 24;22 - 17;17.0;22.0;47.0;53.0;5.0;0.0;0.0;8.0;;;;;;;;58.0;60.0;24.0;48.0;46.0;54.0;5.0;6.0;0.0;15.0;;[11 19 33 40 44 70 89];[1 1 1 1 1 2 2];[False False False False False False False];"['Caboolture FC (W)' 'Caboolture FC (W)' 'Caboolture FC (W)'
 'Caboolture FC (W)' 'Caboolture FC (W)' 'Caboolture FC (W)'
 'Caboolture FC (W)']";[0 1 2 3 4 5 6];[1 2 3 4 5 6 7];['D' 'H' 'H' 'H' 'H' 'H' 'H'];['H' 'H' 'H' 'H' 'H' 'H' 'H'];0.12;0.88;0.0;0.24;0.76;0.0;;;;;;;Women
2026-05-02;193824208;Indonesia U20 League;Indonesia;05:00;Full;0.021052631578947323;1.95;2.5;1.85;2.5;10.0;1.0;;6.0;1.0;7.0;166.0;117.0;;PSIM Yogyakarta U20;;0.0;2.0;2.375;0;0.0;0 - 0;3.4;Madura United U20;;0.0;3.0;2.5;0;0.0;0;10 - 1;6-1;2.5;1;77 - 40;42 - 16;16.0;42.0;;;0.0;6.0;0.0;0.0;;;;;;;;63.0;103.0;40.0;77.0;;;1.0;9.0;0.0;0.0;;[];[];[];[];[];[];[];[];1.0;0.0;0.0;1.0;0.0;0.0;;;;;;;Youth
2026-05-02;193824206;Indonesia U20 League;Indonesia;05:00;Full;0.021052631578947323;1.85;2.5, 3;1.95;2.5, 3;8.0;2.0;;2.0;1.0;3.0;168.0;106.0;100.0;Persis Solo U20;;0.0;2.0;2.375;0;0.0;0 - 2;3.4;Borneo FC U20;;0.0;1.0;2.5;1;2.0;0;8 - 2;2-1;2.75;1.25;56 - 50;28 - 30;30.0;28.0;58.0;42.0;3.0;4.0;2.0;2.0;;;;;;;;85.0;83.0;50.0;56.0;51.0;49.0;4.0;6.0;4.0;7.0;;[ 8 95];[1 2];[False  True];['Borneo FC U20' 'Borneo FC U20'];[ 0 -1];[-1 -2];['D' 'A'];['A' 'A'];0.08;0.0;0.92;0.18;0.0;0.82;;;;;;;Youth
2026-05-02;193879845;Poland IV Liga;Poland;05:00;Full;0.13066202090592338;1.85;3.0, 3.5;1.95;3.0, 3.5;8.0;9.0;;1.0;4.0;5.0;159.0;64.0;100.0;Piast Gliwice II;;0.0;3.0;2.05;1;2.0;2 - 1;3.8;LKS Belk;;0.0;4.0;2.8;0;1.0;-0.25;8 - 9;1-4;3.25;1.25;39 - 25;17 - 12;12.0;17.0;41.0;59.0;5.0;3.0;2.0;1.0;;;;;;;;68.0;91.0;25.0;39.0;43.0;57.0;11.0;5.0;4.0;5.0;;[30 48 64];[1 2 2];[False False False];['Piast Gliwice II' 'LKS Belk' 'Piast Gliwice II'];[0 1 0];[1 0 1];['D' 'H' 'D'];['H' 'D' 'H'];0.51;0.49;0.0;0.67;0.33;0.0;7918.0;;gks piast gliwice;;;;Youth
2026-05-02;193780205;Romania Liga II;Romania;05:00;Full;0.37527362244648194;1.85;2.5;1.95;2.5;6.0;3.0;;2.0;0.0;2.0;178.0;130.0;100.0;CSM Olimpia Satu Mare;21.0;0.0;5.0;1.65;0;1.0;1 - 1;3.6;CS Tunari;20.0;0.0;4.0;4.333;1;1.0;-0.75;6 - 3;2-0;2.5;1;83 - 47;34 - 24;24.0;34.0;36.0;64.0;1.0;3.0;2.0;1.0;;;;;;;;63.0;115.0;47.0;83.0;34.0;66.0;6.0;9.0;3.0;3.0;;[24 81];[1 2];[False False];['CS Tunari' 'CSM Olimpia Satu Mare'];[ 0 -1];[-1  0];['D' 'A'];['A' 'D'];0.37;0.0;0.63;0.53;0.0;0.47;;;;;;;Youth
2026-05-02;193779924;Australia Queensland Premier League Women;Australia;05:00;Full;-0.10582010582010581;1.8;3.0, 3.5;2.0;3.0, 3.5;5.0;7.0;;2.0;5.0;7.0;194.0;89.0;100.0;Moreton City Excelsior (W);;0.0;3.0;2.7;1;2.0;2 - 2;3.75;Virginia United SC (W);;0.0;0.0;2.1;1;2.0;0.0;5 - 7;2-5;3.25;1.5;41 - 48;20 - 31;31.0;20.0;49.0;51.0;2.0;2.0;3.0;3.0;;;;;;;;105.0;89.0;48.0;41.0;45.0;55.0;7.0;5.0;4.0;6.0;;[17 26 63 64];[1 1 2 2];[False False False False];"['Moreton City Excelsior (W)' 'Virginia United SC (W)'
 'Virginia United SC (W)' 'Moreton City Excelsior (W)']";[ 0  1  0 -1];[ 1  0 -1  0];['D' 'H' 'D' 'A'];['H' 'D' 'A' 'D'];0.89;0.1;0.01;0.8;0.2;0.0;1098129.0;;moreton city excelsior fc;;;;Women
2026-05-02;193813623;Czechia 4. Liga;Czech Republic;05:15;Full;-0.14297729184188396;1.925;2.5, 3;1.875;2.5, 3;7.0;7.0;;2.0;0.0;2.0;248.0;157.0;100.0;FC Kurim;;0.0;1.0;2.9;0;0.0;0 - 0;3.4;SK Artis Brno B;;0.0;1.0;2.05;0;0.0;+0.25;7 - 7;2-0;2.75;1.25;64 - 93;33 - 43;43.0;33.0;53.0;47.0;3.0;2.0;0.0;2.0;;;;;;;;145.0;103.0;93.0;64.0;56.0;44.0;7.0;8.0;1.0;2.0;;[];[];[];[];[];[];[];[];1.0;0.0;0.0;1.0;0.0;0.0;;35264.0;;sk artis brno;;;Youth
2026-05-02;193775524;Czechia 4. Liga;Czech Republic;05:15;Full;0.22804054054054046;1.975;3;1.825;3;6.0;4.0;;2.0;0.0;2.0;122.0;72.0;100.0;SK Rapid Psary;;0.0;2.0;1.85;2;5.0;5 - 0;3.8;SK Steti;;0.0;2.0;3.2;0;0.0;-0.5;6 - 4;2-0;3;1.25;50 - 22;26 - 10;10.0;26.0;35.0;65.0;2.0;6.0;0.0;6.0;;;;;;;;48.0;74.0;22.0;50.0;45.0;55.0;6.0;8.0;5.0;12.0;;[15 45 53 54 56];[1 1 2 2 2];[False False False False False];"['SK Rapid Psary' 'SK Rapid Psary' 'SK Rapid Psary' 'SK Rapid Psary'
 'SK Rapid Psary']";[0 1 2 3 4];[1 2 3 4 5];['D' 'H' 'H' 'H' 'H'];['H' 'H' 'H' 'H' 'H'];0.17;0.83;0.0;0.33;0.67;0.0;;;;;;;
2026-05-02;193817299;Australia New South Wales U20 League;Australia;05:15;Full;-0.29332450988501946;1.85;3.0, 3.5;1.95;3.0, 3.5;5.0;2.0;;1.0;1.0;2.0;196.0;169.0;;Sutherland Sharks U20;;0.0;1.0;3.5;0;0.0;0 - 2;4.0;Marconi Stallions U20;;0.0;2.0;1.727;1;2.0;+0.75;5 - 2;1-1;3.25;1.25;80 - 89;43 - 53;53.0;43.0;;;3.0;2.0;5.0;2.0;;;;;;;;101.0;95.0;89.0;80.0;;;6.0;5.0;6.0;4.0;;[ 9 63];[1 2];[False False];['Marconi Stallions U20' 'Marconi Stallions U20'];[ 0 -1];[-1 -2];['D' 'A'];['A' 'A'];0.1;0.0;0.9;0.2;0.0;0.8;364626.0;264413.0;sutherland sharks fc;marconi stallions fc;;;Youth
2026-05-02;193417744;Australia Victoria Premier League 1;Australia;05:15;Full;-0.27731092436974786;1.975;3.0, 3.5;1.825;3.0, 3.5;4.0;2.0;;3.0;2.0;5.0;195.0;104.0;;FC Melbourne Srbija;;0.0;1.0;3.4;0;1.0;1 - 0;4.1;Brunswick Juventus;;0.0;0.0;1.75;0;0.0;+0.75;4 - 2;3-2;3.25;1.25;51 - 53;24 - 31;31.0;24.0;;;6.0;1.0;1.0;4.0;;;;;;;;105.0;90.0;53.0;51.0;;;8.0;2.0;1.0;7.0;;[49];[2];[False];['FC Melbourne Srbija'];[0];[1];['D'];['H'];0.54;0.46;0.0;1.0;0.0;0.0;;;;;;;
2026-05-02;193052666;Czechia 2. Liga;Czech Republic;05:15;Full;0.2113344683080146;2.0;3;1.8;3;6.0;8.0;;3.0;3.0;6.0;180.0;130.0;100.0;MFK Chrudim;;0.0;3.0;1.909;1;2.0;2 - 2;3.6;Sparta Prague B;;0.0;2.0;3.2;0;2.0;-0.5;6 - 8;3-3;3;1.25;67 - 63;32 - 29;29.0;32.0;53.0;47.0;1.0;3.0;2.0;1.0;;;;;;;;88.0;92.0;63.0;67.0;54.0;46.0;2.0;4.0;8.0;3.0;;[ 3 46 56 91];[1 2 2 2];[False False False  True];['MFK Chrudim' 'MFK Chrudim' 'Sparta Prague B' 'Sparta Prague B'];[0 1 2 1];[1 2 1 0];['D' 'H' 'H' 'H'];['H' 'H' 'H' 'D'];0.03;0.97;0.0;0.07;0.93;0.0;36741.0;4866.0;mfk chrudim;sparta prague b;1.61;1.57;Youth
2026-05-02;193067994;Australia NPL Victoria;Australia;05:15;Full;-0.1172901921132457;1.975;2.5, 3.0;1.825;2.5, 3.0;6.0;4.0;;5.0;2.0;7.0;250.0;149.0;100.0;Altona Magic;;0.0;2.0;2.875;1;1.0;1 - 0;3.3;Dandenong City;;1.0;4.0;2.15;0;0.0;0.0;6 - 4;5-2;2.75;1.0;78 - 71;43 - 34;34.0;43.0;53.0;47.0;3.0;2.0;1.0;1.0;;;;;;;;118.0;132.0;71.0;78.0;52.0;48.0;4.0;4.0;3.0;3.0;;[21];[1];[False];['Altona Magic'];[0];[1];['D'];['H'];0.23;0.77;0.0;0.47;0.53;0.0;151492.0;243494.0;altona magic sc;dandenong city sc;1.57;1.66;
2026-05-02;193817297;Australia NSW League 1 U20;Australia;05:30;Full;0.6176049766718507;1.85;3.5, 4.0;1.95;3.5, 4.0;1.0;3.0;;1.0;1.0;2.0;134.0;132.0;;Hakoah Sydney City East U20;;0.0;1.0;1.286;3;4.0;4 - 0;5.5;Canterbury Bankstown FC U20;;0.0;2.0;6.25;0;0.0;-1.75;1 - 3;1-1;3.75;1.5;80 - 52;40 - 21;21.0;40.0;;;1.0;3.0;0.0;4.0;;;;;;;;67.0;67.0;52.0;80.0;;;6.0;9.0;1.0;7.0;;[ 1 15 34 77];[1 1 1 2];[False False False False];"['Hakoah Sydney City East U20' 'Hakoah Sydney City East U20'
 'Hakoah Sydney City East U20' 'Hakoah Sydney City East U20']";[0 1 2 3];[1 2 3 4];['D' 'H' 'H' 'H'];['H' 'H' 'H' 'H'];0.01;0.99;0.0;0.02;0.98;0.0;;;;;;;Youth
2026-05-02;193820362;Czechia 3. Liga;Czech Republic;05:30;Full;0.23284823284823275;1.9;2.5, 3;1.9;2.5, 3;6.0;5.0;;0.0;4.0;4.0;201.0;121.0;100.0;Velke Hamry;;0.0;2.0;1.85;0;0.0;0 - 2;3.8;Varnsdorf;;0.0;2.0;3.25;1;2.0;-0.5;6 - 5;0-4;2.75;1.25;72 - 49;20 - 30;30.0;20.0;61.0;39.0;6.0;3.0;2.0;0.0;;;;;;;;91.0;110.0;49.0;72.0;48.0;52.0;8.0;8.0;4.0;2.0;;[40 79];[1 2];[False False];['Varnsdorf' 'Varnsdorf'];[ 0 -1];[-1 -2];['D' 'A'];['A' 'A'];0.44;0.0;0.56;0.89;0.0;0.11;;;;;;;
2026-05-02;193775535;Czechia 4. Liga;Czech Republic;05:30;Full;0.06511627906976741;1.9;3;1.9;3;0.0;7.0;;0.0;4.0;4.0;237.0;148.0;100.0;Sparta Brno;;0.0;1.0;2.15;5;8.0;8 - 2;3.9;Havlickuv Brod;;0.0;1.0;2.5;1;2.0;-0.25;0 - 7;0-4;3;1.25;64 - 84;33 - 44;44.0;33.0;60.0;40.0;2.0;1.0;4.0;6.0;;;;;;;;126.0;111.0;84.0;64.0;61.0;39.0;7.0;4.0;6.0;13.0;;[ 9 14 15 18 33 45 50 56 60 80];[1 1 1 1 1 1 2 2 2 2];[False False False False False False False False False False];"['Sparta Brno' 'Havlickuv Brod' 'Sparta Brno' 'Sparta Brno' 'Sparta Brno'
 'Sparta Brno' 'Sparta Brno' 'Sparta Brno' 'Sparta Brno' 'Havlickuv Brod']";[0 1 0 1 2 3 4 5 6 7];[1 0 1 2 3 4 5 6 7 6];['D' 'H' 'D' 'H' 'H' 'H' 'H' 'H' 'H' 'H'];['H' 'D' 'H' 'H' 'H' 'H' 'H' 'H' 'H' 'H'];0.11;0.89;0.0;0.22;0.78;0.0;;;;;;;
2026-05-02;193813626;Czechia 4. Liga;Czech Republic;05:30;Full;-0.15567765567765574;1.8;3.0, 3.5;2.0;3.0, 3.5;5.0;3.0;;1.0;0.0;1.0;177.0;107.0;100.0;FK Usti nad Labem B;;0.0;3.0;2.8;0;3.0;3 - 0;4.1;Chomutov;;0.0;1.0;1.95;0;0.0;+0.25;5 - 3;1-0;3.25;1.5;44 - 63;16 - 33;33.0;16.0;58.0;42.0;2.0;0.0;1.0;4.0;;;;;;;;107.0;70.0;63.0;44.0;57.0;43.0;9.0;3.0;4.0;9.0;;[53 64 69];[2 2 2];[False False False];['FK Usti nad Labem B' 'FK Usti nad Labem B' 'FK Usti nad Labem B'];[0 1 2];[1 2 3];['D' 'H' 'H'];['H' 'H' 'H'];0.59;0.41;0.0;1.0;0.0;0.0;4868.0;;fk usti nad labem;;;;Youth
2026-05-02;193417533;Australia New South Wales Premier League;Australia;05:30;Full;0.2936507936507936;1.925;3.0;1.875;3.0;2.0;6.0;;1.0;4.0;5.0;118.0;97.0;100.0;St George Saints;;0.0;2.0;1.75;0;0.0;0 - 4;3.7;Western Sydney Wanderers NPL;;0.0;0.0;3.6;3;4.0;-0.25;2 - 6;1-4;3.0;1.25;49 - 48;16 - 28;28.0;16.0;50.0;50.0;4.0;1.0;3.0;2.0;;;;;;;;47.0;71.0;48.0;49.0;47.0;53.0;7.0;6.0;4.0;5.0;;[ 3 10 24 81];[1 1 1 2];[False False False False];"['Western Sydney Wanderers NPL' 'Western Sydney Wanderers NPL'
 'Western Sydney Wanderers NPL' 'Western Sydney Wanderers NPL']";[ 0 -1 -2 -3];[-1 -2 -3 -4];['D' 'A' 'A' 'A'];['A' 'A' 'A' 'A'];0.03;0.0;0.97;0.07;0.0;0.93;138216.0;;st george saints fc;;;;
2026-05-02;193880211;Australia South Australia Premier League;Australia;05:30;Full;-0.4991789819376027;1.85;3.0, 3.5;1.95;3.0, 3.5;1.0;9.0;;0.0;6.0;6.0;162.0;159.0;100.0;West Adelaide;;0.0;2.0;5.25;1;3.0;3 - 3;4.333;Metrostars;;0.0;3.0;1.45;1;3.0;+1.25;1 - 9;0-6;3.25;1.25;59 - 100;19 - 52;52.0;19.0;62.0;38.0;3.0;1.0;3.0;1.0;;;;;;;;100.0;62.0;100.0;59.0;61.0;39.0;5.0;3.0;6.0;5.0;;[20 28 74 78 91 96];[1 1 2 2 2 2];[False False False False  True  True];"['Metrostars' 'West Adelaide' 'Metrostars' 'West Adelaide' 'West Adelaide'
 'Metrostars']";[ 0 -1  0 -1  0  1];[-1  0 -1  0  1  0];['D' 'A' 'D' 'A' 'D' 'H'];['A' 'D' 'A' 'D' 'H' 'D'];0.82;0.05;0.12;0.82;0.0;0.18;137694.0;90884.0;west adelaide sc;north eastern metrostars sc;1.61;1.57;
2026-05-02;193816766;Indonesia Super League;Indonesia;05:30;Full;0.92752603433718;1.825;4.0, 4.5;1.975;4.0, 4.5;9.0;1.0;;8.0;1.0;9.0;140.0;93.0;100.0;Persebaya Surabaya;;0.0;2.0;1.045;0;4.0;4 - 0;13.0;PSBS Biak;;0.0;2.0;34.0;0;0.0;-3.75;9 - 1;8-1;4.25;1.75;62 - 31;31 - 14;14.0;31.0;32.0;68.0;3.0;9.0;5.0;6.0;;;;;;;;53.0;87.0;31.0;62.0;36.0;64.0;7.0;17.0;5.0;19.0;;[53 66 75 81];[2 2 2 2];[False False False False];"['Persebaya Surabaya' 'Persebaya Surabaya' 'Persebaya Surabaya'
 'Persebaya Surabaya']";[0 1 2 3];[1 2 3 4];['D' 'H' 'H' 'H'];['H' 'H' 'H' 'H'];0.59;0.41;0.0;1.0;0.0;0.0;;;;;;;
2026-05-02;193828994;Czechia Youth League;Czech Republic;05:30;Full;-0.3025210084033614;1.9;3.5;1.9;3.5;5.0;10.0;;3.0;3.0;6.0;258.0;186.0;100.0;Slovan Liberec U19;;0.0;1.0;3.5;1;1.0;1 - 4;4.2;Sigma Olomouc U19;;0.0;1.0;1.7;1;4.0;+0.75;5 - 10;3-3;3.5;1.5;114 - 72;57 - 32;32.0;57.0;55.0;45.0;2.0;2.0;1.0;3.0;;;;;;;;101.0;157.0;72.0;114.0;46.0;54.0;4.0;5.0;7.0;5.0;;[ 2  4 54 57 94];[1 1 2 2 2];[False False False False  True];"['Sigma Olomouc U19' 'Slovan Liberec U19' 'Sigma Olomouc U19'
 'Sigma Olomouc U19' 'Sigma Olomouc U19']";[ 0 -1  0 -1 -2];[-1  0 -1 -2 -3];['D' 'A' 'D' 'A' 'A'];['A' 'D' 'A' 'A' 'A'];0.55;0.0;0.45;0.96;0.0;0.04;2219.0;2207.0;fc slovan liberec;sk sigma olomouc;;;Youth
2026-05-02;193891152;Denmark Division 2 Women;Denmark;05:45;Full;0.4444444444444444;1.85;3.0, 3.5;1.95;3.0, 3.5;6.0;1.0;;4.0;1.0;5.0;162.0;80.0;100.0;Fredensborg (W);;0.0;1.0;1.5;1;3.0;3 - 1;4.5;Svogerslev BK (W);;0.0;0.0;4.5;0;1.0;-1;6 - 1;4-1;3.25;1.25;48 - 32;33 - 16;16.0;33.0;45.0;55.0;2.0;6.0;4.0;5.0;;;;;;;;72.0;90.0;32.0;48.0;48.0;52.0;4.0;11.0;6.0;8.0;;[26 46 49 59];[1 2 2 2];[False False False False];['Fredensborg (W)' 'Fredensborg (W)' 'Fredensborg (W)' 'Svogerslev BK (W)'];[0 1 2 3];[1 2 3 2];['D' 'H' 'H' 'H'];['H' 'H' 'H' 'H'];0.29;0.71;0.0;0.58;0.42;0.0;;;;;;;Women
2026-05-02;193820360;Malaysia Liga A1 Semi Pro;Malaysia;05:45;Full;0.034782608695652195;1.925;2.5, 3;1.875;2.5, 3;2.0;3.0;;1.0;1.0;2.0;99.0;105.0;;Imigresen FC II;;0.0;2.0;2.3;2;2.0;2 - 2;3.4;Perak;;0.0;0.0;2.5;2;2.0;0;2 - 3;1-1;2.75;1;52 - 53;27 - 19;19.0;27.0;;;2.0;5.0;3.0;4.0;;;;;;;;59.0;40.0;53.0;52.0;;;5.0;9.0;5.0;4.0;;[12 17 29 45];[1 1 1 1];[False False False False];['Imigresen FC II' 'Perak' 'Imigresen FC II' 'Perak'];[0 1 0 1];[1 0 1 0];['D' 'H' 'D' 'H'];['H' 'D' 'H' 'D'];0.77;0.23;0.0;0.53;0.47;0.0;;;;;;;Youth
2026-05-02;193870343;Thailand Division 3;Thailand;06:00;Full;0.35597758497081067;1.925;2.5;1.875;2.5;2.0;1.0;;0.0;1.0;1.0;153.0;99.0;100.0;Uttaradit FC;;0.0;2.0;1.667;0;2.0;2 - 1;3.75;North Bangkok University;;0.0;2.0;4.1;0;1.0;-0.75;2 - 1;0-1;2.5;1;64 - 35;25 - 20;20.0;25.0;47.0;53.0;1.0;2.0;0.0;1.0;;;;;;;;63.0;90.0;35.0;64.0;41.0;59.0;2.0;5.0;3.0;4.0;;[47 58 95];[2 2 2];[False False  True];['North Bangkok University' 'Uttaradit FC' 'Uttaradit FC'];[ 0 -1  0];[-1  0  1];['D' 'A' 'D'];['A' 'D' 'H'];0.88;0.0;0.12;1.0;0.0;0.0;;;;;;;
2026-05-02;193870347;Thailand Division 3;Thailand;06:00;Full;-0.1774193548387097;2.0;2.5;1.8;2.5;4.0;4.0;;1.0;3.0;4.0;192.0;100.0;100.0;Muang Loei United;;0.0;3.0;3.1;0;1.0;1 - 0;3.3;Burapha United;;0.0;2.0;2.0;0;0.0;+0.25;4 - 4;1-3;2.5;1;38 - 62;17 - 26;26.0;17.0;49.0;51.0;2.0;0.0;2.0;1.0;;;;;;;;102.0;90.0;62.0;38.0;52.0;48.0;7.0;5.0;4.0;2.0;;[89];[2];[False];['Muang Loei United'];[0];[1];['D'];['H'];0.99;0.01;0.0;1.0;0.0;0.0;;;;;;;
2026-05-02;193775943;China Super League Women;China;06:00;Full;-0.3492063492063492;1.825;2;1.975;2;1.0;2.0;;1.0;2.0;3.0;39.0;41.0;100.0;Zhejiang Hangzhou (W);;0.0;0.0;4.5;0;0.0;0 - 0;3.2;Wuhan Jiangda University (W);;0.0;1.0;1.75;0;0.0;+0.75;1 - 2;1-2;2;0.75 ( 0.5);24 - 17;nan;;;;;;;;;;;;;;;;22.0;17.0;17.0;24.0;70.0;30.0;2.0;2.0;1.0;1.0;;[];[];[];[];[];[];[];[];1.0;0.0;0.0;1.0;0.0;0.0;;;;;;;Women
2026-05-02;193813230;Slovakia Youth League;Slovakia;06:00;Full;0.3215686274509804;1.975;3.0, 3.5;1.825;3.0, 3.5;13.0;3.0;;6.0;1.0;7.0;178.0;135.0;100.0;FC Petrzalka U19;;0.0;3.0;1.7;1;4.0;4 - 3;4.0;Fomat Martin U19;;0.0;0.0;3.75;2;3.0;-0.75;13 - 3;6-1;3.25;1.25;92 - 43;44 - 15;15.0;44.0;29.0;71.0;2.0;8.0;2.0;4.0;;;;;;;;73.0;105.0;43.0;92.0;31.0;69.0;5.0;10.0;4.0;9.0;;[ 4 31 47 52 54 62 90];[1 1 1 2 2 2 2];[False False  True False False False False];"['Fomat Martin U19' 'Fomat Martin U19' 'FC Petrzalka U19'
 'FC Petrzalka U19' 'FC Petrzalka U19' 'Fomat Martin U19'
 'FC Petrzalka U19']";[ 0 -1 -2 -1  0  1  0];[-1 -2 -1  0  1  0  1];['D' 'A' 'A' 'A' 'D' 'H' 'D'];['A' 'A' 'A' 'D' 'H' 'D' 'H'];0.38;0.09;0.53;0.09;0.0;0.91;;;;;;;Youth
2026-05-02;193819012;Australia New South Wales League 2;Australia;06:00;Full;0.0;1.9;3.5;1.9;3.5;0.0;3.0;;0.0;1.0;1.0;140.0;71.0;;Bonnyrigg White Eagles;;0.0;0.0;2.35;0;3.0;3 - 0;3.9;Parramatta FC;;1.0;0.0;2.35;0;0.0;0.0;0 - 3;0-1;3.5;1.5;28 - 43;14 - 20;20.0;14.0;;;4.0;3.0;5.0;3.0;;;;;;;;76.0;64.0;43.0;28.0;;;9.0;5.0;8.0;11.0;;[70 72 79];[2 2 2];[False False False];"['Bonnyrigg White Eagles' 'Bonnyrigg White Eagles'
 'Bonnyrigg White Eagles']";[0 1 2];[1 2 3];['D' 'H' 'H'];['H' 'H' 'H'];0.78;0.22;0.0;1.0;0.0;0.0;;;;;;;
2026-05-02;193779935;Australia Queensland Premier League;Australia;06:00;Full;-0.19023986765922257;1.875;3.0, 3.5;1.925;3.0, 3.5;2.0;3.0;;1.0;2.0;3.0;151.0;102.0;100.0;Logan Lightning;9.0;0.0;2.0;3.1;0;0.0;0 - 4;3.75;Broadbeach United;1.0;0.0;0.0;1.95;3;4.0;+0.25;2 - 3;1-2;3.25;1.5;47 - 55;26 - 24;24.0;26.0;41.0;59.0;1.0;2.0;7.0;0.0;;;;;;;;74.0;77.0;55.0;47.0;43.0;57.0;4.0;4.0;9.0;3.0;;[ 8 20 35 75];[1 1 1 2];[False False False False];"['Broadbeach United' 'Broadbeach United' 'Broadbeach United'
 'Broadbeach United']";[ 0 -1 -2 -3];[-1 -2 -3 -4];['D' 'A' 'A' 'A'];['A' 'A' 'A' 'A'];0.09;0.0;0.91;0.18;0.0;0.82;;;;;;;
2026-05-02;193881218;China Super League Women;China;06:00;Full;0.24615384615384622;1.825;2;1.975;2;6.0;3.0;;1.0;2.0;3.0;188.0;118.0;100.0;Sichuan (W);;0.0;1.0;1.95;1;1.0;1 - 1;3.0;Shandong (W);;0.0;0.0;3.75;1;1.0;-0.5;6 - 3;1-2;2;0.75;63 - 55;24 - 35;35.0;24.0;56.0;44.0;4.0;1.0;2.0;2.0;;;;;;;;91.0;97.0;55.0;63.0;47.0;53.0;4.0;4.0;3.0;4.0;;[19 31];[1 1];[False False];['Sichuan (W)' 'Shandong (W)'];[0 1];[1 0];['D' 'H'];['H' 'D'];0.87;0.13;0.0;0.73;0.27;0.0;;;;;;;Women
2026-05-02;193200100;Japan J2/J3 Centennial League;Japan;06:00;Full;-0.09740259740259738;1.8;2;2.0;2;3.0;9.0;;0.0;1.0;1.0;144.0;79.0;100.0;Nagano Parceiro;;0.0;1.0;2.8;0;0.0;0 - 0;3.2;Fujieda MYFC;;0.0;1.0;2.2;0;0.0;+0.5;3 - 9;0-1;2;0.75;31 - 48;14 - 23;23.0;14.0;58.0;42.0;3.0;1.0;1.0;0.0;;;;;;;;74.0;70.0;48.0;31.0;62.0;38.0;14.0;4.0;1.0;2.0;;[];[];[];[];[];[];[];[];1.0;0.0;0.0;1.0;0.0;0.0;79883.0;118500.0;ac nagano parceiro;fujieda myfc;2.0;1.9;
2026-05-02;193888687;Poland IV Liga;Poland;06:00;Full;0.16499442586399116;1.925;3.0, 3.5;1.875;3.0, 3.5;11.0;7.0;;9.0;4.0;13.0;134.0;69.0;100.0;Puszcza Niepolomice II;;0.0;7.0;1.95;1;1.0;1 - 0;3.9;BKS Bochnia;;0.0;5.0;2.875;0;0.0;+0.25;11 - 7;9-4;3.25;1.25;36 - 33;18 - 12;12.0;18.0;49.0;51.0;1.0;0.0;2.0;7.0;;;;;;;;68.0;66.0;33.0;36.0;52.0;48.0;6.0;1.0;7.0;11.0;;[15];[1];[False];['Puszcza Niepolomice II'];[0];[1];['D'];['H'];0.17;0.83;0.0;0.33;0.67;0.0;38729.0;;puszcza niepolomice;;;;Youth
2026-05-02;193832262;Hungary NB III;Hungary;06:00;Full;-0.26143790849673204;2.0;3;1.8;3;8.0;2.0;;4.0;0.0;4.0;139.0;126.0;;Szeged-Csanad Grosics II;;0.0;3.0;3.4;1;1.0;1 - 3;3.8;Vasas SC II;;0.0;2.0;1.8;0;3.0;+0.5;8 - 2;4-0;3;1.25;59 - 67;29 - 26;26.0;29.0;;;0.0;0.0;0.0;1.0;;;;;;;;65.0;74.0;67.0;59.0;;;0.0;0.0;3.0;1.0;;[20 49 57 71];[1 2 2 2];[False False False False];['Szeged-Csanad Grosics II' 'Vasas SC II' 'Vasas SC II' 'Vasas SC II'];[ 0  1  0 -1];[ 1  0 -1 -2];['D' 'H' 'D' 'A'];['H' 'D' 'A' 'A'];0.31;0.32;0.37;0.44;0.56;0.0;;;;;;;Youth
2026-05-02;193832264;Hungary U19 1st Division;Hungary;06:00;Full;-0.25252525252525254;1.975;3.0, 3.5;1.825;3.0, 3.5;3.0;8.0;;0.0;4.0;4.0;177.0;110.0;;Diosgyori VTK U19;;1.0;0.0;3.3;0;0.0;0 - 5;3.8;MTK Budapest U19;;0.0;3.0;1.8;2;5.0;+0.5;3 - 8;0-4;3.25;1.25;47 - 63;20 - 34;34.0;20.0;;;3.0;0.0;5.0;1.0;;;;;;;;76.0;101.0;63.0;47.0;;;3.0;1.0;9.0;3.0;;[28 40 75 87 90];[1 1 2 2 2];[False False False False False];"['MTK Budapest U19' 'MTK Budapest U19' 'MTK Budapest U19'
 'MTK Budapest U19' 'MTK Budapest U19']";[ 0 -1 -2 -3 -4];[-1 -2 -3 -4 -5];['D' 'A' 'A' 'A' 'A'];['A' 'A' 'A' 'A' 'A'];0.31;0.0;0.69;0.62;0.0;0.38;5121.0;1915.0;diosgyori vtk;mtk budapest;;;Youth
2026-05-02;193870336;Thailand Division 3;Thailand;06:00;Full;0.09090909090909088;1.9;2.5;1.9;2.5;5.0;8.0;;3.0;0.0;3.0;160.0;99.0;100.0;Udon United;;0.0;4.0;2.2;2;4.0;4 - 0;3.4;Fleet FC;;1.0;2.0;2.75;0;0.0;-0.25;5 - 8;3-0;2.5;1;42 - 57;28 - 17;17.0;28.0;46.0;54.0;1.0;6.0;2.0;5.0;;;;;;;;93.0;67.0;57.0;42.0;57.0;43.0;5.0;8.0;7.0;7.0;;[28 39 57 94];[1 1 2 2];[False False False  True];['Udon United' 'Udon United' 'Udon United' 'Udon United'];[0 1 2 3];[1 2 3 4];['D' 'H' 'H' 'H'];['H' 'H' 'H' 'H'];0.3;0.7;0.0;0.62;0.38;0.0;;;;;;;
2026-05-02;193813233;Slovakia Youth League;Slovakia;06:00;Full;0.29332450988501946;2.0;3.5;1.8;3.5;6.0;5.0;;6.0;2.0;8.0;221.0;136.0;100.0;Dukla Banska Bystrica U19;;0.0;1.0;1.727;0;2.0;2 - 0;4.1;FC Tatran Presov U19;;0.0;2.0;3.5;0;0.0;-0.75;6 - 5;6-2;3.5;1.5;66 - 70;37 - 33;33.0;37.0;49.0;51.0;2.0;3.0;3.0;6.0;;;;;;;;110.0;111.0;70.0;66.0;53.0;47.0;5.0;6.0;7.0;8.0;;[59 88];[2 2];[False False];['Dukla Banska Bystrica U19' 'Dukla Banska Bystrica U19'];[0 1];[1 2];['D' 'H'];['H' 'H'];0.66;0.34;0.0;1.0;0.0;0.0;;2403.0;;1. fc tatran presov;;;Youth
2026-05-02;193822328;Slovakia Youth League;Slovakia;06:00;Full;0.1905011349746813;1.925;3.0, 3.5;1.875;3.0, 3.5;4.0;3.0;;4.0;1.0;5.0;198.0;134.0;100.0;MFK Ruzomberok U19;;0.0;3.0;1.909;0;0.0;0 - 1;3.9;AS Trencin U19;;0.0;2.0;3.0;0;1.0;-0.5;4 - 3;4-1;3.25;1.25;62 - 72;32 - 25;25.0;32.0;44.0;56.0;1.0;4.0;2.0;2.0;;;;;;;;107.0;91.0;72.0;62.0;50.0;50.0;3.0;5.0;3.0;5.0;;[49];[2];[False];['AS Trencin U19'];[0];[-1];['D'];['A'];0.54;0.0;0.46;1.0;0.0;0.0;2397.0;2398.0;mfk ruzomberok;as trencin;;;Youth
2026-05-02;193775888;Czechia Youth League;Czech Republic;06:00;Full;0.22297309188180842;1.85;3.5;1.95;3.5;10.0;3.0;;6.0;2.0;8.0;199.0;109.0;100.0;Dukla Praha U19;;0.0;0.0;1.833;0;0.0;0 - 3;4.0;Viktoria Plzen U19;;0.0;1.0;3.1;1;3.0;-0.5;10 - 3;6-2;3.5;1.5;70 - 39;38 - 18;18.0;38.0;46.0;54.0;2.0;4.0;2.0;3.0;;;;;;;;90.0;109.0;39.0;70.0;46.0;54.0;4.0;8.0;5.0;3.0;;[18 53 88];[1 2 2];[False False False];['Viktoria Plzen U19' 'Viktoria Plzen U19' 'Viktoria Plzen U19'];[ 0 -1 -2];[-1 -2 -3];['D' 'A' 'A'];['A' 'A' 'A'];0.2;0.0;0.8;0.4;0.0;0.6;7739.0;4502.0;dukla prague;fc viktoria plzen;;;Youth
2026-05-02;193887264;Italy Campionato Primavera 2;Italy;06:00;Full;0.31588090086246307;1.975;3;1.825;3;3.0;3.0;;1.0;1.0;2.0;137.0;70.0;100.0;Udinese U19;;0.0;1.0;1.727;1;3.0;3 - 0;3.7;Union Brescia U19;;0.0;1.0;3.8;0;0.0;-0.75;3 - 3;1-1;3;1.25;38 - 32;19 - 14;14.0;19.0;39.0;61.0;2.0;7.0;0.0;2.0;;;;;;;;64.0;73.0;32.0;38.0;45.0;55.0;6.0;12.0;1.0;6.0;;[41 52 60];[1 2 2];[False False False];['Udinese U19' 'Udinese U19' 'Udinese U19'];[0 1 2];[1 2 3];['D' 'H' 'H'];['H' 'H' 'H'];0.46;0.54;0.0;0.91;0.09;0.0;2695.0;1276628.0;udinese calcio;union brescia;;;Youth
2026-05-02;193817301;Australia New South Wales U20 League;Australia;06:00;Full;-0.3141657382809152;1.85;3.5;1.95;3.5;6.0;5.0;;1.0;2.0;3.0;116.0;73.0;;SD Raiders U20;;0.0;0.0;3.5;0;0.0;0 - 1;4.333;Apia L Tigers U20;;0.0;1.0;1.667;0;1.0;+0.75;6 - 5;1-2;3.5;1.5;35 - 38;11 - 20;20.0;11.0;;;2.0;1.0;4.0;4.0;;;;;;;;64.0;52.0;38.0;35.0;;;5.0;2.0;7.0;7.0;;[];[];[];[];[];[];[];[];1.0;0.0;0.0;1.0;0.0;0.0;316737.0;64145.0;sd raiders fc;apia leichhardt tigers;;;Youth
2026-05-02;193820330;Croatia U19 League;Croatia;06:00;Full;0.034782608695652195;1.9;2.5, 3;1.9;2.5, 3;2.0;9.0;;2.0;3.0;5.0;91.0;43.0;100.0;Mladost Zdralovi U19;;0.0;5.0;2.3;1;3.0;3 - 0;3.5;NK Varazdin U19;;0.0;2.0;2.5;0;0.0;-0.25;2 - 9;2-3;2.75;1.25;22 - 21;1 - 1;1.0;1.0;45.0;55.0;0.0;0.0;1.0;2.0;;;;;;;;39.0;52.0;21.0;22.0;49.0;51.0;7.0;4.0;6.0;5.0;;[18 53 79];[1 2 2];[False False False];['Mladost Zdralovi U19' 'Mladost Zdralovi U19' 'Mladost Zdralovi U19'];[0 1 2];[1 2 3];['D' 'H' 'H'];['H' 'H' 'H'];0.2;0.8;0.0;0.4;0.6;0.0;;282653.0;;nk varazdin;;;Youth
2026-05-02;193805032;Vietnam V-League 2;Vietnam;06:00;Full;-0.08695652173913049;1.8;2;2.0;2;6.0;7.0;;3.0;3.0;6.0;150.0;138.0;100.0;Long An;10.0;0.0;2.0;2.875;0;1.0;1 - 0;3.0;Quang Ninh FC;9.0;0.0;1.0;2.3;0;0.0;+0.25;6 - 7;3-3;2;0.75;68 - 70;36 - 26;26.0;36.0;54.0;46.0;1.0;3.0;0.0;0.0;;;;;;;;79.0;71.0;70.0;68.0;53.0;47.0;6.0;5.0;0.0;1.0;;[61];[2];[False];['Long An'];[0];[1];['D'];['H'];0.68;0.32;0.0;1.0;0.0;0.0;;;;;;;
2026-05-02;193824775;Australia Western Australia State League 1;Australia;06:00;Half;-0.3221022462174231;2.025;3.0, 3.5;1.775;3.0, 3.5;3.0;3.0;;3.0;3.0;6.0;77.0;71.0;;Quinns FC;6.0;0.0;1.0;3.6;0;0.0;0 - 1;4.0;Floreat Athena;1.0;0.0;1.0;1.667;1;1.0;+0.75 ( +0.5);3 - 3;3-3;3.25 ( 2.5);nan;36 - 35;36 - 35;35.0;36.0;;;3.0;3.0;6.0;0.0;;;;;;;;39.0;38.0;35.0;36.0;;;3.0;3.0;6.0;0.0;;[6];[1];[False];['Floreat Athena'];[0];[-1];['D'];['A'];0.07;0.0;0.93;0.13;0.0;0.87;;;;;;;
2026-05-02;193821340;Finland U21 League;Finland;06:00;Full;-0.45614035087719296;1.9;3.5;1.9;3.5;3.0;10.0;;1.0;7.0;8.0;232.0;156.0;;MPS U21;;0.0;1.0;4.75;1;1.0;1 - 2;4.2;HJK Helsinki U21;;1.0;1.0;1.5;0;2.0;+1;3 - 10;1-7;3.5;1.5;50 - 106;20 - 54;54.0;20.0;;;5.0;0.0;2.0;1.0;;;;;;;;136.0;96.0;106.0;50.0;;;8.0;3.0;6.0;2.0;;[18 63 91];[1 2 2];[False False  True];['MPS U21' 'HJK Helsinki U21' 'HJK Helsinki U21'];[0 1 0];[ 1  0 -1];['D' 'H' 'D'];['H' 'D' 'A'];0.51;0.49;0.0;0.4;0.6;0.0;;2242.0;;hjk helsinki;;;Youth
2026-05-02;193822322;Slovakia Youth League;Slovakia;06:00;Full;0.11904761904761901;1.825;3;1.975;3;2.0;6.0;;2.0;2.0;4.0;139.0;76.0;100.0;Dunajska Streda U19;;0.0;2.0;2.1;0;1.0;1 - 5;3.6;Spartak Trnava U19;;0.0;1.0;2.8;3;5.0;-0.25;2 - 6;2-2;3;1.25;36 - 40;16 - 22;22.0;16.0;49.0;51.0;6.0;4.0;4.0;0.0;;;;;;;;64.0;75.0;40.0;36.0;46.0;54.0;16.0;8.0;6.0;1.0;;[ 4 23 43 68 88 89];[1 1 1 2 2 2];[False False False False False False];"['Spartak Trnava U19' 'Spartak Trnava U19' 'Spartak Trnava U19'
 'Spartak Trnava U19' 'Dunajska Streda U19' 'Spartak Trnava U19']";[ 0 -1 -2 -3 -4 -3];[-1 -2 -3 -4 -3 -4];['D' 'A' 'A' 'A' 'A' 'A'];['A' 'A' 'A' 'A' 'A' 'A'];0.04;0.0;0.96;0.09;0.0;0.91;23833.0;2406.0;dac 1904 dunajska streda;fc spartak trnava;;;Youth
2026-05-02;193813236;Slovakia Youth League;Slovakia;06:00;Full;0.5579710144927538;1.825;3;1.975;3;12.0;3.0;;7.0;2.0;9.0;205.0;152.0;100.0;Slovan Bratislava U19;;0.0;1.0;1.38;2;6.0;6 - 2;4.5;FC Kosice U19;;0.0;2.0;6.0;1;2.0;-1.25;12 - 3;7-2;3;1.25;99 - 53;53 - 21;21.0;53.0;33.0;67.0;2.0;4.0;2.0;5.0;;;;;;;;94.0;111.0;53.0;99.0;34.0;66.0;3.0;6.0;4.0;12.0;;[ 8 22 27 49 52 60 61 82];[1 1 1 2 2 2 2 2];[False False False False False False False False];"['Slovan Bratislava U19' 'FC Kosice U19' 'Slovan Bratislava U19'
 'Slovan Bratislava U19' 'Slovan Bratislava U19' 'Slovan Bratislava U19'
 'Slovan Bratislava U19' 'FC Kosice U19']";[0 1 0 1 2 3 4 5];[1 0 1 2 3 4 5 4];['D' 'H' 'D' 'H' 'H' 'H' 'H' 'H'];['H' 'D' 'H' 'H' 'H' 'H' 'H' 'H'];0.14;0.86;0.0;0.29;0.71;0.0;2404.0;168476.0;sk slovan bratislava;fk kosice;;;Youth
2026-05-02;193813140;Slovakia I Liga Women;Slovakia;06:00;Full;-0.07407407407407407;1.975;2.5, 3;1.825;2.5, 3;4.0;4.0;;2.0;2.0;4.0;261.0;150.0;100.0;SKF Zilina (W);;0.0;1.0;2.7;1;1.0;1 - 0;3.4;KFC Komarno (W);;1.0;3.0;2.25;0;0.0;+0.25;4 - 4;2-2;2.75;1.25;63 - 87;26 - 50;50.0;26.0;56.0;44.0;5.0;2.0;3.0;4.0;;;;;;;;137.0;124.0;87.0;63.0;54.0;46.0;11.0;7.0;7.0;7.0;;[33];[1];[False];['SKF Zilina (W)'];[0];[1];['D'];['H'];0.37;0.63;0.0;0.73;0.27;0.0;;191850.0;;kfc komarno;;;Women
2026-05-02;193819016;Australia NSW League 1 U20;Australia;06:00;Full;0.15217391304347827;1.825;3.0, 3.5;1.975;3.0, 3.5;6.0;1.0;;6.0;0.0;6.0;141.0;89.0;;Hills United FC U20;;0.0;1.0;2.0;3;3.0;3 - 0;3.8;Western City Rangers U20;;0.0;1.0;2.875;0;0.0;-0.25;6 - 1;6-0;3.25;1.25;57 - 32;32 - 11;11.0;32.0;;;0.0;3.0;1.0;10.0;;;;;;;;43.0;98.0;32.0;57.0;;;3.0;8.0;5.0;13.0;;[12 32 41];[1 1 1];[False False False];['Hills United FC U20' 'Hills United FC U20' 'Hills United FC U20'];[0 1 2];[1 2 3];['D' 'H' 'H'];['H' 'H' 'H'];0.13;0.87;0.0;0.27;0.73;0.0;;;;;;;Youth
2026-05-02;193813662;Czechia Youth League;Czech Republic;06:00;Full;0.33321335732853424;1.95;3.5;1.85;3.5;4.0;9.0;;1.0;5.0;6.0;179.0;129.0;100.0;Hradec Kralove U19;;0.0;1.0;1.667;0;2.0;2 - 1;4.1;Mlada Boleslav U19;;0.0;1.0;3.75;1;1.0;-0.75;4 - 9;1-5;3.5;1.5;63 - 66;30 - 31;31.0;30.0;51.0;49.0;6.0;5.0;4.0;4.0;;;;;;;;96.0;83.0;66.0;63.0;53.0;47.0;8.0;8.0;5.0;9.0;;[41 64 79];[1 2 2];[False False False];['Mlada Boleslav U19' 'Hradec Kralove U19' 'Hradec Kralove U19'];[ 0 -1  0];[-1  0  1];['D' 'A' 'D'];['A' 'D' 'H'];0.62;0.12;0.26;0.91;0.0;0.09;2217.0;2224.0;fc hradec kralove;fk mlada boleslav;;;Youth
2026-05-02;193928117;Hungary U19 1st Division;Hungary;06:00;Full;0.3025210084033614;1.9;3.0, 3.5;1.9;3.0, 3.5;3.0;8.0;;3.0;1.0;4.0;157.0;149.0;;Ferencvarosi TC U19;;0.0;2.0;1.7;2;5.0;5 - 2;4.0;Vasas SC U19;;0.0;1.0;3.5;1;2.0;-0.75;3 - 8;3-1;3.25;1.25;71 - 78;40 - 40;40.0;40.0;;;0.0;1.0;2.0;2.0;;;;;;;;77.0;80.0;78.0;71.0;;;2.0;4.0;3.0;8.0;;[24 29 37 48 59 66 71];[1 1 1 2 2 2 2];[False False False False False False False];"['Ferencvarosi TC U19' 'Ferencvarosi TC U19' 'Vasas SC U19'
 'Ferencvarosi TC U19' 'Ferencvarosi TC U19' 'Vasas SC U19'
 'Ferencvarosi TC U19']";[0 1 2 1 2 3 2];[1 2 1 2 3 2 3];['D' 'H' 'H' 'H' 'H' 'H' 'H'];['H' 'H' 'H' 'H' 'H' 'H' 'H'];0.27;0.73;0.0;0.53;0.47;0.0;1925.0;;ferencvarosi budapest;;;;Youth
2026-05-02;193772777;Cambodia Premier League;Cambodia;06:00;Full;-0.21795989537925015;1.95;3.0, 3.5;1.85;3.0, 3.5;7.0;5.0;;0.0;4.0;4.0;128.0;66.0;100.0;Tiffy Army FC;;0.0;0.0;3.1;0;0.0;0 - 4;4.0;Life FC Sihanoukville;;0.0;3.0;1.85;0;4.0;+0.5;7 - 5;0-4;3.25;1.25;24 - 42;5 - 19;19.0;5.0;52.0;48.0;6.0;1.0;2.0;0.0;;;;;;;;70.0;58.0;42.0;24.0;48.0;52.0;14.0;5.0;13.0;3.0;;[49 70 82 89];[2 2 2 2];[False False False False];"['Life FC Sihanoukville' 'Life FC Sihanoukville' 'Life FC Sihanoukville'
 'Life FC Sihanoukville']";[ 0 -1 -2 -3];[-1 -2 -3 -4];['D' 'A' 'A' 'A'];['A' 'A' 'A' 'A'];0.54;0.0;0.46;1.0;0.0;0.0;;;;;;;
2026-05-02;193819008;Australia New South Wales League 2;Australia;06:00;Full;0.06238859180035644;1.925;3.0;1.875;3.0;10.0;3.0;;5.0;1.0;6.0;56.0;79.0;;Dunbar Rovers FC;;0.0;2.0;2.2;1;1.0;1 - 2;3.75;Sydney University;;0.0;5.0;2.55;2;2.0;-0.25;10 - 3;5-1;3.0;1.25;37 - 42;15 - 18;18.0;15.0;;;1.0;1.0;6.0;5.0;;;;;;;;30.0;26.0;42.0;37.0;;;2.0;3.0;8.0;7.0;;[ 8 31 46];[1 1 1];[False False  True];['Sydney University' 'Dunbar Rovers FC' 'Sydney University'];[ 0 -1  0];[-1  0 -1];['D' 'A' 'D'];['A' 'D' 'A'];0.26;0.0;0.74;0.5;0.0;0.5;;;;;;;
2026-05-02;193417541;Australia New South Wales Premier League;Australia;06:15;Full;0.0735930735930736;1.8;2.5;2.0;2.5;1.0;9.0;;1.0;2.0;3.0;218.0;142.0;100.0;St George City FA;;1.0;0.0;2.2;0;0.0;0 - 5;3.4;Sydney FC NPL;;0.0;1.0;2.625;2;5.0;0.0;1 - 9;1-2;2.5;1.0;42 - 100;21 - 45;45.0;21.0;38.0;62.0;8.0;1.0;8.0;0.0;;;;;;;;123.0;95.0;100.0;42.0;46.0;54.0;11.0;1.0;18.0;2.0;;[27 36 49 59 86];[1 1 2 2 2];[False False False False False];"['Sydney FC NPL' 'Sydney FC NPL' 'Sydney FC NPL' 'Sydney FC NPL'
 'Sydney FC NPL']";[ 0 -1 -2 -3 -4];[-1 -2 -3 -4 -5];['D' 'A' 'A' 'A' 'A'];['A' 'A' 'A' 'A' 'A'];0.3;0.0;0.7;0.6;0.0;0.4;323705.0;;st george city fa;;;;
2026-05-02;193817293;Australia Queensland Premier League 3;Australia;06:15;Full;0.7156862745098039;1.95;5.0;1.85;5.0;10.0;1.0;;6.0;0.0;6.0;213.0;143.0;;University of Queensland;;0.0;2.0;1.2;3;7.0;7 - 2;7.0;Redcliffe Dolphins SC;;1.0;2.0;8.5;1;2.0;-2.5;10 - 1;6-0;5.0;2.0;88 - 55;48 - 21;21.0;48.0;;;1.0;2.0;2.0;5.0;;;;;;;;99.0;114.0;55.0;88.0;;;8.0;3.0;5.0;15.0;;[ 6  8 15 17 62 75 76 85 93];[1 1 1 1 2 2 2 2 2];[False False False False False False False False  True];"['University of Queensland' 'University of Queensland'
 'University of Queensland' 'Redcliffe Dolphins SC'
 'University of Queensland' 'Redcliffe Dolphins SC'
 'University of Queensland' 'University of Queensland'
 'University of Queensland']";[0 1 2 3 2 3 2 3 4];[1 2 3 2 3 2 3 4 5];['D' 'H' 'H' 'H' 'H' 'H' 'H' 'H' 'H'];['H' 'H' 'H' 'H' 'H' 'H' 'H' 'H' 'H'];0.06;0.94;0.0;0.13;0.87;0.0;;;;;;;
2026-05-02;193824767;Australia Victoria PL 1 U23;Australia;06:15;Full;0.4375804375804376;1.975;4.0, 4.5;1.825;4.0, 4.5;6.0;3.0;;4.0;0.0;4.0;121.0;120.0;;North Geelong U23;;0.0;2.0;1.48;1;1.0;1 - 1;5.0;Brunswick City U23;;0.0;1.0;4.2;0;1.0;-1.25;6 - 3;4-0;4.25;1.75;52 - 68;27 - 32;32.0;27.0;;;1.0;3.0;0.0;3.0;;;;;;;;50.0;71.0;68.0;52.0;;;1.0;4.0;8.0;5.0;;[26 49];[1 2];[False False];['North Geelong U23' 'Brunswick City U23'];[0 1];[1 0];['D' 'H'];['H' 'D'];0.74;0.26;0.0;0.58;0.42;0.0;;;;;;;Youth
2026-05-02;193832076;Estonia Esiliiga B;Estonia;06:30;Full;0.8748832866479925;1.85;4.5;1.95;4.5;7.0;3.0;;5.0;1.0;6.0;144.0;86.0;100.0;JK Trans Narva II;;0.0;1.0;1.071;1;5.0;5 - 0;13.0;Tallinna JK Legion;;0.0;1.0;17.0;0;0.0;-3;7 - 3;5-1;4.5;2;71 - 15;36 - 6;6.0;36.0;38.0;62.0;0.0;2.0;2.0;8.0;;;;;;;;45.0;99.0;15.0;71.0;41.0;59.0;1.0;10.0;2.0;16.0;;[ 3 48 61 69 71];[1 2 2 2 2];[False False False False False];"['JK Trans Narva II' 'JK Trans Narva II' 'JK Trans Narva II'
 'JK Trans Narva II' 'JK Trans Narva II']";[0 1 2 3 4];[1 2 3 4 5];['D' 'H' 'H' 'H' 'H'];['H' 'H' 'H' 'H' 'H'];0.03;0.97;0.0;0.07;0.93;0.0;3343.0;;jk narva trans;;;;Youth
2026-05-02;193817330;Australia WA Premier League Women;Australia;06:30;Full;0.0841638981173865;1.825;3.0, 3.5;1.975;3.0, 3.5;6.0;5.0;;4.0;2.0;6.0;261.0;123.0;100.0;Perth SC (W);;0.0;1.0;2.15;0;1.0;1 - 1;3.75;Perth Redstar FC (W);;0.0;1.0;2.625;0;1.0;-0.25;6 - 5;4-2;3.25;1.25;61 - 62;28 - 32;32.0;28.0;55.0;45.0;5.0;1.0;0.0;1.0;;;;;;;;128.0;133.0;62.0;61.0;56.0;44.0;6.0;1.0;1.0;7.0;;[57 72];[2 2];[False False];['Perth SC (W)' 'Perth Redstar FC (W)'];[0 1];[1 0];['D' 'H'];['H' 'D'];0.83;0.17;0.0;1.0;0.0;0.0;92030.0;1237385.0;perth azzurri;perth redstar fc;;;Women
2026-05-02;193880213;Australia NSW League 1 U20;Australia;06:30;Full;0.22297309188180842;1.825;3.5;1.975;3.5;9.0;3.0;;5.0;3.0;8.0;142.0;152.0;;Bankstown City Lions U20;;0.0;2.0;1.833;0;1.0;1 - 2;4.0;Inter Lions U20;;0.0;3.0;3.1;1;2.0;-0.5;9 - 3;5-3;3.5;1.5;97 - 55;35 - 35;35.0;35.0;;;1.0;3.0;3.0;2.0;;;;;;;;74.0;68.0;55.0;97.0;;;1.0;10.0;6.0;6.0;;[45 71 85];[1 2 2];[False False False];['Inter Lions U20' 'Bankstown City Lions U20' 'Inter Lions U20'];[ 0 -1  0];[-1  0 -1];['D' 'A' 'D'];['A' 'D' 'A'];0.66;0.0;0.34;1.0;0.0;0.0;;;;;;;Youth
2026-05-02;193780195;Romania Liga II;Romania;06:30;Full;0.16369047619047616;1.95;2.0, 2.5;1.85;2.0, 2.5;4.0;4.0;;3.0;3.0;6.0;174.0;120.0;100.0;ACS Sepsi;;0.0;1.0;2.1;1;2.0;2 - 1;3.2;CS Corvinul Hunedoara;;0.0;4.0;3.2;0;1.0;-0.25;4 - 4;3-3;2.25;1;61 - 59;32 - 30;30.0;32.0;47.0;53.0;4.0;4.0;3.0;1.0;;;;;;;;89.0;85.0;59.0;61.0;51.0;49.0;6.0;5.0;7.0;4.0;;[48 58 84];[1 2 2];[ True False False];['ACS Sepsi' 'CS Corvinul Hunedoara' 'ACS Sepsi'];[0 1 0];[1 0 1];['D' 'H' 'D'];['H' 'D' 'H'];0.82;0.18;0.0;1.0;0.0;0.0;;;;;;;Youth
2026-05-02;193799452;Estonia Esiliiga B;Estonia;06:30;Full;0.15567765567765574;1.85;3.5, 4;1.95;3.5, 4;1.0;3.0;;1.0;2.0;3.0;165.0;128.0;100.0;Levadia Tallinn III;;0.0;2.0;1.95;2;2.0;2 - 5;4.1;JK Viljandi Tulevik;;0.0;2.0;2.8;2;5.0;-0.5;1 - 3;1-2;3.75;1.5;49 - 79;34 - 38;38.0;34.0;49.0;51.0;5.0;3.0;4.0;3.0;;;;;;;;89.0;76.0;79.0;49.0;49.0;51.0;11.0;5.0;9.0;3.0;;[11 23 33 43 63 70 92];[1 1 1 1 2 2 2];[False False False False False False  True];"['JK Viljandi Tulevik' 'Levadia Tallinn III' 'JK Viljandi Tulevik'
 'Levadia Tallinn III' 'JK Viljandi Tulevik' 'JK Viljandi Tulevik'
 'JK Viljandi Tulevik']";[ 0 -1  0 -1  0 -1 -2];[-1  0 -1  0 -1 -2 -3];['D' 'A' 'D' 'A' 'D' 'A' 'A'];['A' 'D' 'A' 'D' 'A' 'A' 'A'];0.45;0.0;0.55;0.51;0.0;0.49;;;;;;;Youth
2026-05-02;193814800;India I-League 2nd Division;India;06:30;Full;0.08417508417508418;1.95;2.5;1.85;2.5;4.0;3.0;;4.0;1.0;5.0;246.0;159.0;;United Sports Club;2.0;1.0;1.0;2.2;0;1.0;1 - 1;3.5;Karbi Anglong Morning Star FC;4.0;0.0;2.0;2.7;1;1.0;-0.25;4 - 3;4-1;2.5;1;70 - 89;41 - 44;44.0;41.0;;;4.0;2.0;3.0;1.0;;;;;;;;123.0;123.0;89.0;70.0;;;8.0;7.0;5.0;3.0;;[33 61];[1 2];[False False];['Karbi Anglong Morning Star FC' 'United Sports Club'];[ 0 -1];[-1  0];['D' 'A'];['A' 'D'];0.69;0.0;0.31;0.73;0.0;0.27;;;;;;;
2026-05-02;193799449;Estonia Esiliiga B;Estonia;06:30;Full;0.17900688210111804;1.9;3.5, 4;1.9;3.5, 4;9.0;5.0;;6.0;2.0;8.0;271.0;179.0;100.0;JK Tallinna Kalev II;;1.0;2.0;1.909;1;2.0;2 - 3;4.1;JK Tabasalu;;0.0;3.0;2.9;3;3.0;-0.25;9 - 5;6-2;3.75;1.5;103 - 76;40 - 35;35.0;40.0;47.0;53.0;4.0;3.0;4.0;2.0;;;;;;;;110.0;161.0;76.0;103.0;43.0;57.0;8.0;7.0;6.0;5.0;;[19 22 31 38 85];[1 1 1 1 2];[False False False False False];"['JK Tabasalu' 'JK Tallinna Kalev II' 'JK Tabasalu' 'JK Tabasalu'
 'JK Tallinna Kalev II']";[ 0 -1  0 -1 -2];[-1  0 -1 -2 -1];['D' 'A' 'D' 'A' 'A'];['A' 'D' 'A' 'A' 'A'];0.31;0.0;0.69;0.62;0.0;0.38;;;;;;;Youth
2026-05-02;193822070;Portugal Campeonato Nacional II Women;Portugal;06:30;Full;0.38109980834439044;2.0;3;1.8;3;5.0;5.0;;3.0;1.0;4.0;176.0;92.0;;Clube de Albergaria (W);;0.0;1.0;1.615;0;0.0;0 - 0;3.8;Famalicao (W);;0.0;2.0;4.2;0;0.0;-0.75;5 - 5;3-1;3;1.25;50 - 42;19 - 19;19.0;19.0;;;3.0;2.0;1.0;0.0;;;;;;;;80.0;96.0;42.0;50.0;;;4.0;6.0;2.0;1.0;;[];[];[];[];[];[];[];[];1.0;0.0;0.0;1.0;0.0;0.0;;49531.0;;fc famalicao;;;Youth-Women
2026-05-02;193931349;Estonia Esiliiga;Estonia;06:30;Full;0.35944700460829493;1.925;3.5, 4;1.875;3.5, 4;7.0;7.0;;2.0;6.0;8.0;145.0;141.0;100.0;FC Elva;;0.0;1.0;1.55;1;2.0;2 - 4;5.5;JK Nomme Kalju II;;0.0;1.0;3.5;3;4.0;-1;7 - 7;2-6;3.75;1.5;73 - 68;26 - 42;42.0;26.0;58.0;42.0;2.0;2.0;6.0;3.0;;;;;;;;79.0;66.0;68.0;73.0;52.0;48.0;3.0;6.0;9.0;6.0;;[13 17 19 30 82 86];[1 1 1 1 2 2];[False False False False False False];"['JK Nomme Kalju II' 'JK Nomme Kalju II' 'FC Elva' 'JK Nomme Kalju II'
 'FC Elva' 'JK Nomme Kalju II']";[ 0 -1 -2 -1 -2 -1];[-1 -2 -1 -2 -1 -2];['D' 'A' 'A' 'A' 'A' 'A'];['A' 'A' 'A' 'A' 'A' 'A'];0.14;0.0;0.86;0.29;0.0;0.71;;8091.0;;nomme kalju fc;;;Youth
2026-05-02;193694739;Australia A-League;Australia;06:40;Full;0.1923076923076923;2.0;3.0;1.8;3.0;10.0;6.0;;3.0;5.0;8.0;187.0;97.0;100.0;Melbourne Victory;4.0;0.0;0.0;2.0;0;0.0;0 - 1;3.8;Sydney FC;5.0;0.0;4.0;3.25;0;1.0;-0.25;10 - 6;3-5;3.0;1.25;76 - 21;38 - 12;12.0;38.0;51.0;49.0;2.0;2.0;2.0;2.0;;;;;;;;77.0;110.0;21.0;76.0;49.0;51.0;4.0;10.0;2.0;6.0;;[80];[2];[False];['Sydney FC'];[0];[-1];['D'];['A'];0.89;0.0;0.11;1.0;0.0;0.0;174100.0;5971.0;melbourne victory;sydney fc;1.61;1.57;
2026-05-02;193817305;Australia New South Wales U20 League;Australia;06:45;Full;-0.018115942028985532;2.0;3.5;1.8;3.5;8.0;2.0;;6.0;1.0;7.0;108.0;96.0;;NWS Spirit FC U20;;0.0;0.0;2.4;0;1.0;1 - 4;3.75;Manly United U20;;0.0;1.0;2.3;1;4.0;0.0;8 - 2;6-1;3.5;1.5;46 - 50;26 - 25;25.0;26.0;;;1.0;0.0;1.0;0.0;;;;;;;;48.0;60.0;50.0;46.0;;;3.0;2.0;4.0;1.0;;[33 58 60 74 75];[1 2 2 2 2];[False False False False False];"['Manly United U20' 'Manly United U20' 'Manly United U20'
 'NWS Spirit FC U20' 'Manly United U20']";[ 0 -1 -2 -3 -2];[-1 -2 -3 -2 -3];['D' 'A' 'A' 'A' 'A'];['A' 'A' 'A' 'A' 'A'];0.37;0.0;0.63;0.73;0.0;0.27;264417.0;92208.0;nws spirit fc;manly united fc;;;Youth
2026-05-02;193814275;Spain Youth League;Spain;07:00;Full;0.31796502384737685;1.925;3;1.875;3;5.0;3.0;;0.0;2.0;2.0;200.0;104.0;;UCAM Murcia U19;;0.0;2.0;1.7;0;2.0;2 - 0;3.9;Albacete U19;;0.0;3.0;3.7;0;0.0;-0.75;5 - 3;0-2;3;1.25;56 - 48;32 - 17;17.0;32.0;;;5.0;1.0;1.0;2.0;;;;;;;;108.0;92.0;48.0;56.0;;;6.0;2.0;5.0;5.0;;[73 75];[2 2];[False False];['UCAM Murcia U19' 'UCAM Murcia U19'];[0 1];[1 2];['D' 'H'];['H' 'H'];0.81;0.19;0.0;1.0;0.0;0.0;;;;;;;Youth
2026-05-02;193867003;Spain Youth League;Spain;07:00;Full;0.21862348178137647;1.975;2.5, 3;1.825;2.5, 3;2.0;5.0;;0.0;3.0;3.0;253.0;108.0;;CD Roces U19;;0.0;3.0;1.9;0;1.0;1 - 0;3.5;Gimnastica de Torrelavega U19;;0.0;1.0;3.25;0;0.0;-0.5;2 - 5;0-3;2.75;1;54 - 54;20 - 32;32.0;20.0;;;6.0;1.0;3.0;1.0;;;;;;;;112.0;141.0;54.0;54.0;;;9.0;8.0;8.0;2.0;;[61];[2];[False];['CD Roces U19'];[0];[1];['D'];['H'];0.68;0.32;0.0;1.0;0.0;0.0;;;;;;;Youth
2026-05-02;193817338;Australia SA Premier League Reserves;Australia;07:00;Full;0.04140786749482395;1.9;4.0;1.9;4.0;8.0;3.0;;2.0;3.0;5.0;220.0;161.0;;West Torrens Birkalla Reserves;;0.0;0.0;2.1;0;1.0;1 - 0;5.0;Adelaide City Reserves;;0.0;1.0;2.3;0;0.0;0.0;8 - 3;2-3;4.0;1.75;54 - 107;21 - 56;56.0;21.0;;;4.0;3.0;3.0;0.0;;;;;;;;120.0;100.0;107.0;54.0;;;7.0;9.0;6.0;2.0;;[92];[2];[ True];['West Torrens Birkalla Reserves'];[0];[1];['D'];['H'];1.0;0.0;0.0;1.0;0.0;0.0;;;;;;;Youth
2026-05-02;193824082;Netherlands U21 League;Netherlands;07:00;Full;-0.27134648790699745;1.9;3.5, 4;1.9;3.5, 4;6.0;1.0;;2.0;1.0;3.0;126.0;97.0;100.0;IJsselmeervogels U21;;0.0;4.0;3.25;0;0.0;0 - 1;4.2;FC Dordrecht U21;;1.0;3.0;1.727;1;1.0;+0.75;6 - 1;2-1;3.75;1.5;55 - 42;28 - 25;25.0;28.0;46.0;54.0;5.0;3.0;3.0;0.0;;;;;;;;55.0;71.0;42.0;55.0;45.0;55.0;10.0;5.0;4.0;5.0;;[11];[1];[False];['FC Dordrecht U21'];[0];[-1];['D'];['A'];0.12;0.0;0.88;0.24;0.0;0.76;;2973.0;;fc dordrecht;;;Youth
2026-05-02;193202984;Spain Segunda Division RFEF Group 2;Spain;07:00;Full;0.3215686274509804;1.95;3;1.85;3;8.0;6.0;;5.0;3.0;8.0;250.0;162.0;100.0;Eibar B;;0.0;1.0;1.7;0;3.0;3 - 2;3.8;Naxara;;0.0;3.0;3.75;0;2.0;-0.75;8 - 6;5-3;3;1;98 - 64;51 - 26;26.0;51.0;37.0;63.0;3.0;8.0;0.0;3.0;;;;;;;;106.0;144.0;64.0;98.0;40.0;60.0;6.0;17.0;5.0;9.0;;[46 80 82 83 95];[2 2 2 2 2];[False False False False  True];['Eibar B' 'Naxara' 'Eibar B' 'Naxara' 'Eibar B'];[0 1 0 1 0];[1 0 1 0 1];['D' 'H' 'D' 'H' 'D'];['H' 'D' 'H' 'D' 'H'];0.63;0.37;0.0;1.0;0.0;0.0;2839.0;;sd eibar;;;;Youth
2026-05-02;193881227;Denmark Division 2 Women;Denmark;07:00;Full;-0.3367221292583588;1.9;3;1.9;3;3.0;1.0;;1.0;1.0;2.0;119.0;62.0;100.0;BK Fremad Valby (W);;0.0;0.0;3.8;0;0.0;0 - 2;4.0;BSF (W);;0.0;0.0;1.667;2;2.0;+0.75;3 - 1;1-1;3;1.25;24 - 38;11 - 17;17.0;11.0;62.0;38.0;0.0;1.0;4.0;2.0;;;;;;;;65.0;54.0;38.0;24.0;58.0;42.0;3.0;1.0;7.0;4.0;;[ 6 22];[1 1];[False False];['BSF (W)' 'BSF (W)'];[ 0 -1];[-1 -2];['D' 'A'];['A' 'A'];0.07;0.0;0.93;0.13;0.0;0.87;;;;;;;Women
2026-05-02;193833736;Spain Youth League;Spain;07:00;Full;0.9085081585081585;1.9;4.5;1.9;4.5;10.0;1.0;;6.0;1.0;7.0;207.0;93.0;100.0;Celta Vigo U19;;0.0;2.0;1.056;2;3.0;3 - 0;13.0;Lugo U19;;0.0;1.0;26.0;0;0.0;-3.5;10 - 1;6-1;4.5;2;68 - 25;39 - 14;14.0;39.0;39.0;61.0;1.0;4.0;1.0;6.0;;;;;;;;75.0;132.0;25.0;68.0;41.0;59.0;2.0;10.0;3.0;9.0;;[21 24 56];[1 1 2];[False False False];['Celta Vigo U19' 'Celta Vigo U19' 'Celta Vigo U19'];[0 1 2];[1 2 3];['D' 'H' 'H'];['H' 'H' 'H'];0.23;0.77;0.0;0.47;0.53;0.0;2821.0;24332.0;rc celta de vigo;cd lugo;;;Youth
2026-05-02;193867014;Spain Youth League;Spain;07:00;Full;-0.09474590869939709;1.8;2.5, 3;2.0;2.5, 3;2.0;3.0;;1.0;3.0;4.0;174.0;60.0;;Murcia Promises CF U19;;0.0;2.0;2.7;1;2.0;2 - 1;3.6;CD Castellon U19;;0.0;2.0;2.15;1;1.0;+0.25;2 - 3;1-3;2.75;1.25;31 - 29;13 - 15;15.0;13.0;;;5.0;2.0;3.0;2.0;;;;;;;;91.0;83.0;29.0;31.0;;;8.0;5.0;4.0;3.0;;[23 39 50];[1 1 2];[False False False];['CD Castellon U19' 'Murcia Promises CF U19' 'Murcia Promises CF U19'];[ 0 -1  0];[-1  0  1];['D' 'A' 'D'];['A' 'D' 'H'];0.38;0.44;0.18;0.64;0.0;0.36;;5067.0;;cd castellon;;;Youth
2026-05-02;193776057;Israel Youth League;Israel;07:00;Full;-0.15447154471544722;1.85;3;1.95;3;8.0;2.0;;2.0;1.0;3.0;246.0;147.0;100.0;Hapoel Haifa U19;;0.0;1.0;3.0;0;0.0;0 - 2;3.4;Hapoel Kfar Saba U19;;1.0;4.0;2.05;0;2.0;+0.25;8 - 2;2-1;3;1.25;94 - 53;54 - 26;26.0;54.0;50.0;50.0;2.0;4.0;0.0;1.0;;;;;;;;123.0;123.0;53.0;94.0;47.0;53.0;2.0;7.0;4.0;1.0;;[51 61];[2 2];[False False];['Hapoel Kfar Saba U19' 'Hapoel Kfar Saba U19'];[ 0 -1];[-1 -2];['D' 'A'];['A' 'A'];0.57;0.0;0.43;1.0;0.0;0.0;5201.0;5200.0;hapoel haifa fc;hapoel kfar saba fc;;;Youth
2026-05-02;193947795;Spain Primera Women;Spain;07:00;Full;-0.675;1.8;3.0;2.0;3.0;3.0;3.0;;2.0;2.0;4.0;169.0;67.0;100.0;Deportivo La Coruna (W);;0.0;4.0;8.0;1;1.0;1 - 2;5.5;Real Sociedad (W);;0.0;1.0;1.25;0;2.0;+1.75;3 - 3;2-2;3.0;1.25;18 - 49;9 - 24;24.0;9.0;59.0;41.0;5.0;3.0;2.0;2.0;;;;;;;;110.0;59.0;49.0;18.0;53.0;47.0;7.0;6.0;5.0;3.0;;[ 1 47 71];[1 2 2];[False False False];['Deportivo La Coruna (W)' 'Real Sociedad (W)' 'Real Sociedad (W)'];[0 1 0];[ 1  0 -1];['D' 'H' 'D'];['H' 'D' 'A'];0.28;0.51;0.21;0.02;0.98;0.0;2832.0;2824.0;rc deportivo de la coruna;real sociedad san sebastian;;;Women
2026-05-02;193833742;Spain Youth League;Spain;07:00;Full;-0.5078369905956113;1.875;2.5;1.925;2.5;2.0;8.0;;2.0;6.0;8.0;187.0;110.0;100.0;Hercules U19;;0.0;2.0;5.5;1;3.0;3 - 4;4.1;Levante U19;;0.0;2.0;1.45;2;4.0;+1;2 - 8;2-6;2.5;1;36 - 74;16 - 33;33.0;16.0;52.0;48.0;2.0;1.0;6.0;1.0;;;;;;;;99.0;88.0;74.0;36.0;56.0;44.0;3.0;4.0;14.0;3.0;;[ 3 16 28 71 72 77 84];[1 1 1 2 2 2 2];[False False False False False False False];"['Hercules U19' 'Levante U19' 'Levante U19' 'Hercules U19' 'Levante U19'
 'Levante U19' 'Hercules U19']";[ 0  1  0 -1  0 -1 -2];[ 1  0 -1  0 -1 -2 -1];['D' 'H' 'D' 'A' 'D' 'A' 'A'];['H' 'D' 'A' 'D' 'A' 'A' 'A'];0.18;0.14;0.68;0.33;0.29;0.38;2877.0;2849.0;hercules de alicante cf;levante ud;1.66;1.53;Youth
2026-05-02;193878772;Denmark Danmarksserien Relegation;Denmark;07:00;Full;0.15217391304347827;1.925;3.0, 3.5;1.875;3.0, 3.5;10.0;4.0;;2.0;3.0;5.0;152.0;88.0;100.0;GVI;;0.0;4.0;2.0;1;1.0;1 - 1;3.7;Saby;;0.0;3.0;2.875;0;1.0;-0.25;10 - 4;2-3;3.25;1.25;55 - 33;27 - 15;15.0;27.0;40.0;60.0;3.0;7.0;3.0;4.0;;;;;;;;63.0;89.0;33.0;55.0;43.0;57.0;4.0;15.0;5.0;7.0;;[15 99];[1 2];[False  True];['GVI' 'Saby'];[0 1];[1 0];['D' 'H'];['H' 'D'];0.15;0.85;0.0;0.33;0.67;0.0;;;;;;;
2026-05-02;193798913;Croatia U19 League;Croatia;07:00;Full;0.4444444444444444;1.875;2.5;1.925;2.5;4.0;1.0;;1.0;1.0;2.0;251.0;122.0;100.0;NK Lokomotiva Zagreb U19;;0.0;0.0;1.5;2;3.0;3 - 0;4.333;HNK Rijeka U19;;0.0;0.0;4.5;0;0.0;-1;4 - 1;1-1;2.5;1;45 - 77;23 - 43;43.0;23.0;48.0;52.0;2.0;2.0;0.0;5.0;;;;;;;;146.0;105.0;77.0;45.0;51.0;49.0;6.0;3.0;1.0;7.0;;[35 47 55];[1 1 2];[False  True False];"['NK Lokomotiva Zagreb U19' 'NK Lokomotiva Zagreb U19'
 'NK Lokomotiva Zagreb U19']";[0 1 2];[1 2 3];['D' 'H' 'H'];['H' 'H' 'H'];0.39;0.61;0.0;0.74;0.26;0.0;36246.0;2039.0;nk lokomotiva zagreb;hnk rijeka;;;Youth
2026-05-02;193828092;Portugal U19 League;Portugal;07:00;Full;0.5186077321450079;1.8;2.5, 3;2.0;2.5, 3;5.0;6.0;;3.0;2.0;5.0;212.0;92.0;100.0;Sporting U19;;0.0;1.0;1.444;1;3.0;3 - 0;4.2;Santa Clara U19;;1.0;2.0;5.75;0;0.0;-1.25;5 - 6;3-2;2.75;1.25;47 - 45;29 - 14;14.0;29.0;44.0;56.0;1.0;0.0;1.0;1.0;;;;;;;;100.0;112.0;45.0;47.0;45.0;55.0;4.0;2.0;1.0;4.0;;[17 67 88];[1 2 2];[False False False];['Sporting U19' 'Sporting U19' 'Sporting U19'];[0 1 2];[1 2 3];['D' 'H' 'H'];['H' 'H' 'H'];0.19;0.81;0.0;0.38;0.62;0.0;3001.0;3011.0;sporting cp;santa clara azores;;;Youth
2026-05-02;193867011;Spain Youth League;Spain;07:00;Full;0.5157421289355323;2.0;2.5, 3;1.8;2.5, 3;7.0;4.0;;4.0;4.0;8.0;185.0;141.0;;Patacona CF U19;;0.0;1.0;1.45;0;2.0;2 - 0;4.0;Jove Espanol U19;;0.0;2.0;5.75;0;0.0;-1;7 - 4;4-4;2.75;1;76 - 65;32 - 28;28.0;32.0;;;4.0;4.0;0.0;3.0;;;;;;;;108.0;77.0;65.0;76.0;;;7.0;8.0;0.0;5.0;;[51 88];[2 2];[False False];['Patacona CF U19' 'Patacona CF U19'];[0 1];[1 2];['D' 'H'];['H' 'H'];0.57;0.43;0.0;1.0;0.0;0.0;;;;;;;Youth
2026-05-02;193817350;Poland Ekstraliga Women;Poland;07:00;Full;-0.034782608695652195;1.95;3;1.85;3;5.0;7.0;;1.0;4.0;5.0;188.0;124.0;100.0;Pogon Szczecin (W);12.0;0.0;2.0;2.5;0;2.0;2 - 2;3.6;Czarni Sosnowiec (W);1.0;0.0;3.0;2.3;1;2.0;0;5 - 7;1-4;3;1.25;58 - 66;18 - 44;44.0;18.0;53.0;47.0;4.0;0.0;1.0;0.0;;;;;;;;90.0;98.0;66.0;58.0;49.0;51.0;6.0;3.0;4.0;4.0;;[28 74 76 87];[1 2 2 2];[False False False False];"['Czarni Sosnowiec (W)' 'Pogon Szczecin (W)' 'Czarni Sosnowiec (W)'
 'Pogon Szczecin (W)']";[ 0 -1  0 -1];[-1  0 -1  0];['D' 'A' 'D' 'A'];['A' 'D' 'A' 'D'];0.37;0.0;0.63;0.62;0.0;0.38;3117.0;;pogon szczecin;;;;Women
2026-05-02;193947793;Spain Primera Women;Spain;07:00;Full;0.6821384169084127;1.825;2.5, 3.0;1.975;2.5, 3.0;6.0;2.0;;5.0;1.0;6.0;176.0;74.0;100.0;Atletico Madrid (W);;0.0;0.0;1.27;0;4.0;4 - 0;4.75;Eibar (W);;0.0;1.0;9.5;0;0.0;-1.5;6 - 2;5-1;2.75;1.25;45 - 29;25 - 15;15.0;25.0;31.0;69.0;5.0;2.0;1.0;2.0;;;;;;;;81.0;95.0;29.0;45.0;34.0;66.0;9.0;4.0;1.0;6.0;;[61 71 85 93];[2 2 2 2];[False False False  True];"['Atletico Madrid (W)' 'Atletico Madrid (W)' 'Atletico Madrid (W)'
 'Atletico Madrid (W)']";[0 1 2 3];[1 2 3 4];['D' 'H' 'H' 'H'];['H' 'H' 'H' 'H'];0.66;0.34;0.0;1.0;0.0;0.0;2836.0;2839.0;atletico madrid;sd eibar;;;Women
2026-05-02;193786221;Hungary NBI Women;Hungary;07:00;Full;0.6849972722313148;1.9;3.5;1.9;3.5;10.0;0.0;;3.0;0.0;3.0;176.0;93.0;100.0;Gyor Eto FC (W);;0.0;0.0;1.222;1;1.0;1 - 0;6.0;Ujpest (W);;0.0;2.0;7.5;0;0.0;-1.75;10 - 0;3-0;3.5;1.5;67 - 26;37 - 14;14.0;37.0;29.0;71.0;1.0;7.0;0.0;4.0;;;;;;;;57.0;119.0;26.0;67.0;28.0;72.0;3.0;12.0;0.0;6.0;;[33];[1];[False];['Gyor Eto FC (W)'];[0];[1];['D'];['H'];0.37;0.63;0.0;0.73;0.27;0.0;1923.0;1924.0;wkw eto fc gyor;ujpest fc budapest;;;Women
2026-05-02;193888699;Poland IV Liga;Poland;07:00;Full;0.5963413930405679;1.95;3.0, 3.5;1.85;3.0, 3.5;4.0;0.0;;1.0;0.0;1.0;147.0;54.0;100.0;KTS Weszlo;;0.0;0.0;1.333;4;5.0;5 - 0;4.5;MKS Przasnysz;;0.0;0.0;6.5;0;0.0;-1.5;4 - 0;1-0;3.25;1.25;39 - 15;20 - 3;3.0;20.0;27.0;73.0;2.0;2.0;0.0;4.0;;;;;;;;55.0;92.0;15.0;39.0;33.0;67.0;6.0;9.0;2.0;8.0;;[19 21 40 41 63];[1 1 1 1 2];[False False False False False];['KTS Weszlo' 'KTS Weszlo' 'KTS Weszlo' 'KTS Weszlo' 'KTS Weszlo'];[0 1 2 3 4];[1 2 3 4 5];['D' 'H' 'H' 'H' 'H'];['H' 'H' 'H' 'H' 'H'];0.21;0.79;0.0;0.42;0.58;0.0;;;;;;;
2026-05-02;193202170;South Korea K League 1;South Korea;07:00;Full;-0.4180618421770191;1.825;2.0, 2.5;1.975;2.0, 2.5;2.0;0.0;;0.0;0.0;0.0;249.0;93.0;100.0;Gwangju FC;;0.0;4.0;5.5;0;0.0;0 - 5;3.6;Daejeon Hana Citizen;;0.0;1.0;1.667;2;5.0;+0.75;2 - 0;0-0;2.25;1;39 - 54;13 - 29;29.0;13.0;50.0;50.0;2.0;2.0;3.0;0.0;;;;;;;;136.0;113.0;54.0;39.0;50.0;50.0;5.0;4.0;7.0;1.0;;[ 7 32 52 54 61];[1 1 2 2 2];[False False False False False];"['Daejeon Hana Citizen' 'Daejeon Hana Citizen' 'Daejeon Hana Citizen'
 'Daejeon Hana Citizen' 'Daejeon Hana Citizen']";[ 0 -1 -2 -3 -4];[-1 -2 -3 -4 -5];['D' 'A' 'A' 'A' 'A'];['A' 'A' 'A' 'A' 'A'];0.08;0.0;0.92;0.16;0.0;0.84;48912.0;7645.0;gwangju fc;daejeon citizen fc;2.0;2.1;
2026-05-02;193782446;Poland Youth League;Poland;07:00;Full;0.3104575163398693;1.875;3.0, 3.5;1.925;3.0, 3.5;9.0;6.0;;3.0;2.0;5.0;124.0;85.0;100.0;Polonia Warsaw U19;;0.0;1.0;1.7;1;3.0;3 - 1;4.1;Miedz Legnica U19;;0.0;0.0;3.6;0;1.0;-0.75;9 - 6;3-2;3.25;1.25;47 - 38;24 - 19;19.0;24.0;47.0;53.0;7.0;3.0;1.0;3.0;;;;;;;;62.0;62.0;38.0;47.0;48.0;52.0;9.0;4.0;5.0;8.0;;[23 62 70 81];[1 2 2 2];[False False False False];"['Polonia Warsaw U19' 'Miedz Legnica U19' 'Polonia Warsaw U19'
 'Polonia Warsaw U19']";[0 1 0 1];[1 0 1 2];['D' 'H' 'D' 'H'];['H' 'D' 'H' 'H'];0.34;0.66;0.0;0.51;0.49;0.0;7693.0;35330.0;zaglebie sosnowiec;miedz legnica;;;Youth
2026-05-02;193812991;Portugal Campeonato Nacional Women;Portugal;07:00;Full;0.12121212121212122;1.975;2.5, 3;1.825;2.5, 3;2.0;6.0;;1.0;2.0;3.0;223.0;108.0;100.0;Valadares Gaia FC (W);;0.0;1.0;2.2;0;0.0;0 - 1;3.1;Rio Ave (W);;0.0;1.0;3.0;0;1.0;-0.25;2 - 6;1-2;2.75;0.75;57 - 51;21 - 29;29.0;21.0;55.0;45.0;5.0;3.0;5.0;4.0;;;;;;;;114.0;109.0;51.0;57.0;49.0;51.0;5.0;8.0;7.0;4.0;;[91];[2];[ True];['Rio Ave (W)'];[0];[-1];['D'];['A'];1.0;0.0;0.0;1.0;0.0;0.0;;3036.0;;rio ave fc;;;Women
2026-05-02;193812994;Portugal Campeonato Nacional Women;Portugal;07:00;Full;-0.5128205128205128;1.825;2.5;1.975;2.5;1.0;7.0;;0.0;3.0;3.0;187.0;82.0;100.0;Guimaraes (W);;0.0;1.0;6.5;0;0.0;0 - 0;3.5;Torreense (W);;0.0;0.0;1.5;0;0.0;+1;1 - 7;0-3;2.5;1;29 - 53;13 - 17;17.0;13.0;58.0;42.0;5.0;2.0;3.0;3.0;;;;;;;;103.0;84.0;53.0;29.0;56.0;44.0;12.0;3.0;4.0;4.0;;[];[];[];[];[];[];[];[];1.0;0.0;0.0;1.0;0.0;0.0;3009.0;25787.0;vitoria sc guimaraes;scu torreense;;;Women
2026-05-02;193879850;Poland IV Liga;Poland;07:00;Full;0.6540682414698162;1.9;3.5;1.9;3.5;9.0;3.0;;5.0;3.0;8.0;203.0;101.0;100.0;Stomil Olsztyn;;0.0;2.0;1.27;0;2.0;2 - 0;5.25;Rominta Goldap;;0.0;0.0;7.5;0;0.0;-1.75;9 - 3;5-3;3.5;1.5;65 - 36;28 - 22;22.0;28.0;44.0;56.0;3.0;5.0;2.0;1.0;;;;;;;;86.0;117.0;36.0;65.0;40.0;60.0;4.0;11.0;3.0;5.0;;[56 93];[2 2];[False  True];['Stomil Olsztyn' 'Stomil Olsztyn'];[0 1];[1 2];['D' 'H'];['H' 'H'];0.6;0.4;0.0;1.0;0.0;0.0;;;;;;;
2026-05-02;193812914;Portugal Liga 3;Portugal;07:00;Full;0.49275362318840576;2.0;2.5;1.8;2.5;12.0;1.0;;7.0;0.0;7.0;218.0;134.0;100.0;CF Os Belenenses;;0.0;2.0;1.5;1;1.0;1 - 1;3.7;UD Santarem;;0.0;3.0;5.75;1;1.0;-1;12 - 1;7-0;2.5;1;87 - 47;51 - 13;13.0;51.0;35.0;65.0;0.0;5.0;1.0;6.0;;;;;;;;94.0;124.0;47.0;87.0;37.0;63.0;2.0;11.0;3.0;7.0;;[ 1 39];[1 1];[False False];['UD Santarem' 'CF Os Belenenses'];[ 0 -1];[-1  0];['D' 'A'];['A' 'D'];0.58;0.0;0.42;0.16;0.0;0.84;;;;;;;
2026-05-02;193879834;Poland IV Liga;Poland;07:00;Full;0.3752926074152383;1.85;2.5, 3;1.95;2.5, 3;10.0;5.0;;5.0;2.0;7.0;153.0;56.0;100.0;Lech Rypin;;0.0;1.0;1.615;1;3.0;3 - 0;4.1;Unia Gniewkowo;;0.0;1.0;4.1;0;0.0;-0.75;10 - 5;5-2;2.75;1.25;41 - 15;22 - 6;6.0;22.0;37.0;63.0;1.0;4.0;0.0;3.0;;;;;;;;57.0;96.0;15.0;41.0;41.0;59.0;2.0;9.0;2.0;8.0;;[45 49 65];[1 2 2];[False False False];['Lech Rypin' 'Lech Rypin' 'Lech Rypin'];[0 1 2];[1 2 3];['D' 'H' 'H'];['H' 'H' 'H'];0.5;0.5;0.0;1.0;0.0;0.0;;;;;;;
2026-05-02;193202162;South Korea K League 1;South Korea;07:00;Full;0.28241335044929394;1.875;2.0, 2.5;1.925;2.0, 2.5;5.0;7.0;;0.0;3.0;3.0;238.0;146.0;100.0;FC Anyang;;1.0;1.0;1.9;0;0.0;0 - 1;3.4;Bucheon FC 1995;;0.0;2.0;4.1;0;1.0;-0.5;5 - 7;0-3;2.25;1;84 - 62;37 - 24;24.0;37.0;50.0;50.0;1.0;2.0;0.0;0.0;;;;;;;;95.0;143.0;62.0;84.0;50.0;50.0;2.0;6.0;1.0;1.0;;[72];[2];[False];['Bucheon FC 1995'];[0];[-1];['D'];['A'];0.8;0.0;0.2;1.0;0.0;0.0;32675.0;92539.0;fc anyang;bucheon fc 1995;2.1;2.1;
2026-05-02;193821891;Poland III Liga;Poland;07:00;Full;0.2012538231467243;1.825;3;1.975;3;8.0;7.0;;5.0;5.0;10.0;223.0;119.0;100.0;Lechia Tomaszow Mazowiecki;;0.0;1.0;1.909;1;1.0;1 - 3;3.6;Wigry Suwalki;;0.0;0.0;3.1;2;3.0;-0.5;8 - 7;5-5;3;1.25;71 - 48;29 - 25;25.0;29.0;53.0;47.0;1.0;4.0;2.0;2.0;;;;;;;;99.0;124.0;48.0;71.0;43.0;57.0;7.0;12.0;3.0;6.0;;[ 8 10 40 82];[1 1 1 2];[False False False False];"['Wigry Suwalki' 'Wigry Suwalki' 'Lechia Tomaszow Mazowiecki'
 'Wigry Suwalki']";[ 0 -1 -2 -1];[-1 -2 -1 -2];['D' 'A' 'A' 'A'];['A' 'A' 'A' 'A'];0.09;0.0;0.91;0.18;0.0;0.82;;;;;;;
2026-05-02;193777543;Kazakhstan Premier League;Kazakhstan;07:00;Full;0.3016512980187085;1.95;2.0, 2.5;1.85;2.0, 2.5;2.0;5.0;;1.0;3.0;4.0;128.0;90.0;100.0;FK Kyzylzhar;;1.0;2.0;1.833;0;0.0;0 - 1;3.2;Okzhetpes Kokshetau;;0.0;3.0;4.1;0;1.0;-0.5;2 - 5;1-3;2.25;1;35 - 55;17 - 24;24.0;17.0;48.0;52.0;2.0;1.0;1.0;0.0;;;;;;;;72.0;56.0;55.0;35.0;55.0;45.0;5.0;1.0;3.0;2.0;;[81];[2];[False];['Okzhetpes Kokshetau'];[0];[-1];['D'];['A'];0.9;0.0;0.1;1.0;0.0;0.0;;;;;;;
2026-05-02;193823880;Netherlands U21 League;Netherlands;07:00;Full;0.17948717948717957;1.85;3.0, 3.5;1.95;3.0, 3.5;4.0;2.0;;2.0;1.0;3.0;116.0;83.0;100.0;Telstar U21;;0.0;1.0;1.95;1;2.0;2 - 1;3.8;FC Den Bosch U21;;1.0;2.0;3.0;0;1.0;-0.5;4 - 2;2-1;3.25;1.25;36 - 47;18 - 26;26.0;18.0;55.0;45.0;3.0;5.0;3.0;3.0;;;;;;;;69.0;47.0;47.0;36.0;50.0;50.0;6.0;12.0;6.0;5.0;;[39 51 96];[1 2 2];[False False  True];['Telstar U21' 'FC Den Bosch U21' 'Telstar U21'];[0 1 0];[1 0 1];['D' 'H' 'D'];['H' 'D' 'H'];0.88;0.12;0.0;0.87;0.13;0.0;2972.0;2963.0;sc telstar;fc den bosch;;;Youth
2026-05-02;193893179;Hungary NBII Women;Hungary;07:00;Full;-0.25252525252525254;1.925;3.5;1.875;3.5;2.0;1.0;;0.0;1.0;1.0;155.0;74.0;100.0;FC Nagykanizsa (W);;0.0;0.0;3.3;0;0.0;0 - 2;4.0;Papai ELC (W);;0.0;1.0;1.8;1;2.0;+0.5;2 - 1;0-1;3.5;1.5;37 - 37;17 - 23;23.0;17.0;47.0;53.0;5.0;2.0;3.0;2.0;;;;;;;;75.0;80.0;37.0;37.0;41.0;59.0;7.0;5.0;5.0;6.0;;[20 88];[1 2];[False False];['Papai ELC (W)' 'Papai ELC (W)'];[ 0 -1];[-1 -2];['D' 'A'];['A' 'A'];0.22;0.0;0.78;0.44;0.0;0.56;;;;;;;Women
2026-05-02;193814770;Spain Primera Women;Spain;07:00;Full;-0.07407407407407407;1.85;2.5, 3;1.95;2.5, 3;2.0;5.0;;0.0;4.0;4.0;163.0;116.0;100.0;FC Badalona (W);;0.0;0.0;2.7;0;0.0;0 - 1;3.4;Athletic Club (W);;0.0;4.0;2.25;1;1.0;+0.25;2 - 5;0-4;2.75;1.25;36 - 80;9 - 50;50.0;9.0;51.0;49.0;6.0;2.0;5.0;0.0;;;;;;;;89.0;74.0;80.0;36.0;42.0;58.0;10.0;3.0;9.0;3.0;;[35];[1];[False];['Athletic Club (W)'];[0];[-1];['D'];['A'];0.39;0.0;0.61;0.78;0.0;0.22;77893.0;2825.0;fc badalona women;athletic bilbao;;;Women
2026-05-02;193814277;Spain Youth League;Spain;07:00;Full;-0.2012538231467243;1.825;2.5, 3;1.975;2.5, 3;4.0;3.0;;1.0;1.0;2.0;230.0;103.0;100.0;Osasuna U19;;1.0;4.0;3.1;0;0.0;0 - 1;3.75;Antiguoko KE U19;;0.0;3.0;1.909;0;1.0;+0.5;4 - 3;1-1;2.75;1.25;57 - 46;28 - 20;20.0;28.0;36.0;64.0;2.0;4.0;2.0;3.0;;;;;;;;109.0;121.0;46.0;57.0;43.0;57.0;4.0;10.0;3.0;4.0;;[68];[2];[False];['Antiguoko KE U19'];[0];[-1];['D'];['A'];0.76;0.0;0.24;1.0;0.0;0.0;2820.0;;ca osasuna;;;;Youth
2026-05-02;193758222;Ukraine Vyscha Liga;Ukraine;07:00;Full;-0.22972972972972977;1.875;2.0;1.925;2.0;8.0;3.0;;2.0;1.0;3.0;137.0;66.0;100.0;PFC Oleksandria;15.0;0.0;1.0;3.7;0;0.0;0 - 3;3.0;Kolos Kovalivka;7.0;0.0;2.0;2.0;2;3.0;0.25;8 - 3;2-1;2.0;0.75;35 - 31;18 - 13;13.0;18.0;53.0;47.0;4.0;3.0;4.0;0.0;;;;;;;;76.0;61.0;31.0;35.0;48.0;52.0;6.0;6.0;5.0;0.0;;[24 40 89];[1 1 2];[False False False];['Kolos Kovalivka' 'Kolos Kovalivka' 'Kolos Kovalivka'];[ 0 -1 -2];[-1 -2 -3];['D' 'A' 'A'];['A' 'A' 'A'];0.27;0.0;0.73;0.53;0.0;0.47;25479.0;213176.0;fc oleksandriya;kolos kovalivka;2.2;2.2;
2026-05-02;193820152;Netherlands Youth Eredivisie;Netherlands;07:00;Full;0.21795989537925015;1.85;3.0, 3.5;1.95;3.0, 3.5;6.0;10.0;;0.0;7.0;7.0;199.0;134.0;;PEC Zwolle U19;;0.0;0.0;1.85;1;2.0;2 - 2;3.9;FC Utrecht U19;;0.0;1.0;3.1;0;2.0;-0.5;6 - 10;0-7;3.25;1.25;49 - 85;13 - 49;49.0;13.0;;;6.0;1.0;1.0;1.0;;;;;;;;107.0;92.0;85.0;49.0;;;8.0;2.0;5.0;2.0;;[ 3 61 67 75];[1 2 2 2];[False False False False];['PEC Zwolle U19' 'FC Utrecht U19' 'PEC Zwolle U19' 'FC Utrecht U19'];[0 1 0 1];[1 0 1 0];['D' 'H' 'D' 'H'];['H' 'D' 'H' 'D'];0.27;0.73;0.0;0.07;0.93;0.0;2971.0;2948.0;pec zwolle;fc utrecht;;;Youth
2026-05-02;193879324;Serbia League Women;Serbia;07:00;Full;0.025531914893617003;1.85;2.5, 3;1.95;2.5, 3;10.0;6.0;;7.0;2.0;9.0;250.0;130.0;100.0;ZFK Radnicki 1923 (W);;0.0;3.0;2.35;1;1.0;1 - 2;3.6;ZFK Milutinac (W);;0.0;3.0;2.5;0;2.0;0;10 - 6;7-2;2.75;1.25;70 - 60;40 - 26;26.0;40.0;40.0;60.0;2.0;8.0;2.0;4.0;;;;;;;;122.0;128.0;60.0;70.0;44.0;56.0;7.0;11.0;7.0;8.0;;[ 7 55 84];[1 2 2];[False False False];['ZFK Radnicki 1923 (W)' 'ZFK Milutinac (W)' 'ZFK Milutinac (W)'];[0 1 0];[ 1  0 -1];['D' 'H' 'D'];['H' 'D' 'A'];0.4;0.53;0.07;0.16;0.84;0.0;;;;;;;Women
2026-05-02;193755230;Portugal Segunda Liga;Portugal;07:00;Full;0.1172901921132457;1.875;2.5;1.925;2.5;5.0;6.0;;2.0;4.0;6.0;148.0;94.0;100.0;UD Oliveirense;;0.0;2.0;2.15;0;0.0;0 - 0;3.4;Lusitania Lourosa;;0.0;1.0;2.875;0;0.0;-0.25;5 - 6;2-4;2.5;1;54 - 40;24 - 18;18.0;24.0;44.0;56.0;3.0;7.0;1.0;1.0;;;;;;;;68.0;80.0;40.0;54.0;45.0;55.0;7.0;14.0;1.0;3.0;;[];[];[];[];[];[];[];[];1.0;0.0;0.0;1.0;0.0;0.0;21831.0;35174.0;ud oliveirense;lusitania fc lourosa;1.83;1.72;
2026-05-02;193881240;Finland Kakkonen Women;Finland;07:15;Full;-0.019762845849802313;1.85;3.5;1.95;3.5;3.0;8.0;;1.0;3.0;4.0;204.0;106.0;;EPS (W);;0.0;2.0;2.3;1;3.0;3 - 3;4.5;FC Heimo (W);;0.0;1.0;2.2;1;3.0;0;3 - 8;1-3;3.5;1.5;60 - 46;27 - 23;23.0;27.0;;;4.0;2.0;2.0;1.0;;;;;;;;103.0;101.0;46.0;60.0;;;6.0;3.0;4.0;5.0;;[ 7 10 55 57 70 89];[1 1 2 2 2 2];[False False False False False False];"['EPS (W)' 'FC Heimo (W)' 'FC Heimo (W)' 'EPS (W)' 'EPS (W)'
 'FC Heimo (W)']";[ 0  1  0 -1  0  1];[ 1  0 -1  0  1  0];['D' 'H' 'D' 'A' 'D' 'H'];['H' 'D' 'A' 'D' 'H' 'D'];0.73;0.24;0.02;0.93;0.07;0.0;245397.0;;espoon palloseura;;;;Women
2026-05-02;193824243;Netherlands U21 League;Netherlands;07:15;Full;0.2589285714285714;1.975;4;1.825;4;2.0;8.0;;2.0;4.0;6.0;183.0;106.0;100.0;RKVV DEM U21;;1.0;1.0;1.75;1;1.0;1 - 7;4.2;Koninklijke HFC U21;;0.0;0.0;3.2;3;7.0;-0.5;2 - 8;2-4;4;1.5;54 - 52;32 - 23;23.0;32.0;59.0;41.0;4.0;2.0;3.0;6.0;;;;;;;;96.0;87.0;52.0;54.0;56.0;44.0;11.0;6.0;9.0;9.0;;[20 23 26 33 53 62 82 85];[1 1 1 1 2 2 2 2];[False False False False False False False False];"['RKVV DEM U21' 'Koninklijke HFC U21' 'Koninklijke HFC U21'
 'Koninklijke HFC U21' 'Koninklijke HFC U21' 'Koninklijke HFC U21'
 'Koninklijke HFC U21' 'Koninklijke HFC U21']";[ 0  1  0 -1 -2 -3 -4 -5];[ 1  0 -1 -2 -3 -4 -5 -6];['D' 'H' 'D' 'A' 'A' 'A' 'A' 'A'];['H' 'D' 'A' 'A' 'A' 'A' 'A' 'A'];0.26;0.03;0.71;0.51;0.07;0.42;;;;;;;Youth
2026-05-02;193878848;Denmark U19 League;Denmark;07:30;Full;0.3025210084033614;1.975;3.5;1.825;3.5;5.0;3.0;;1.0;2.0;3.0;137.0;76.0;100.0;Odense BK U19;;0.0;2.0;1.7;0;0.0;0 - 0;4.2;AaB U19;;0.0;1.0;3.5;0;0.0;-0.75;5 - 3;1-2;3.5;1.5;42 - 34;22 - 15;15.0;22.0;43.0;57.0;1.0;2.0;1.0;3.0;;;;;;;;63.0;74.0;34.0;42.0;46.0;54.0;5.0;6.0;5.0;3.0;;[];[];[];[];[];[];[];[];1.0;0.0;0.0;1.0;0.0;0.0;1286.0;1290.0;odense boldklub;aalborg bk;;;Youth
2026-05-02;193878692;Czechia Div 2 Women;Czech Republic;07:30;Full;0.2857142857142857;2.0;3.0, 3.5;1.8;3.0, 3.5;9.0;3.0;;7.0;0.0;7.0;149.0;93.0;100.0;Prague Raptors (W);;0.0;1.0;1.75;0;2.0;2 - 0;3.9;Hradec Kralove (W);;0.0;3.0;3.5;0;0.0;-0.5;9 - 3;7-0;3.25;1.25;53 - 40;27 - 21;21.0;27.0;37.0;63.0;1.0;2.0;1.0;4.0;;;;;;;;78.0;71.0;40.0;53.0;42.0;58.0;7.0;5.0;2.0;7.0;;[52 60];[2 2];[False False];['Prague Raptors (W)' 'Prague Raptors (W)'];[0 1];[1 2];['D' 'H'];['H' 'H'];0.58;0.42;0.0;1.0;0.0;0.0;;2217.0;;fc hradec kralove;;;Women
2026-05-02;193800823;Italy Serie A Women;Italy;07:30;Full;-0.4365372374283896;1.975;2.5, 3;1.825;2.5, 3;0.0;4.0;;0.0;3.0;3.0;177.0;71.0;100.0;Napoli (W);;0.0;1.0;5.0;2;2.0;2 - 3;3.6;Juventus (W);;0.0;0.0;1.571;2;3.0;+1;0 - 4;0-3;2.75;1.25;43 - 28;21 - 11;11.0;21.0;37.0;63.0;3.0;1.0;5.0;3.0;;;;;;;;71.0;106.0;28.0;43.0;40.0;60.0;6.0;3.0;8.0;4.0;;[ 5 17 19 21 82];[1 1 1 1 2];[False False False False False];['Juventus (W)' 'Napoli (W)' 'Juventus (W)' 'Napoli (W)' 'Juventus (W)'];[ 0 -1  0 -1  0];[-1  0 -1  0 -1];['D' 'A' 'D' 'A' 'D'];['A' 'D' 'A' 'D' 'A'];0.76;0.0;0.24;0.69;0.0;0.31;659283.0;2687.0;ssd napoli;juventus turin;1.83;1.83;Women
2026-05-02;193867016;Spain Youth League;Spain;07:45;Full;0.10147991543340379;1.9;2.5, 3;1.9;2.5, 3;1.0;1.0;;1.0;0.0;1.0;256.0;122.0;;Alboraya U19;;0.0;0.0;2.15;0;0.0;0 - 1;3.6;Real Murcia U19;;0.0;1.0;2.75;0;1.0;-0.25;1 - 1;1-0;2.75;1.25;68 - 54;26 - 20;20.0;26.0;;;0.0;5.0;0.0;0.0;;;;;;;;121.0;135.0;54.0;68.0;;;3.0;9.0;3.0;3.0;;[88];[2];[False];['Real Murcia U19'];[0];[-1];['D'];['A'];0.98;0.0;0.02;1.0;0.0;0.0;;4487.0;;real murcia cf;;;Youth
2026-05-02;193824385;Netherlands U21 League;Netherlands;07:45;Full;0.0;1.85;4;1.95;4;5.0;1.0;;1.0;0.0;1.0;158.0;106.0;100.0;Spartaan'20 U21;;0.0;0.0;2.3;0;0.0;0 - 2;4.1;RKVV Westlandia U21;;0.0;2.0;2.3;0;2.0;0;5 - 1;1-0;4;1.75;48 - 58;19 - 31;31.0;19.0;57.0;43.0;4.0;6.0;3.0;3.0;;;;;;;;83.0;75.0;58.0;48.0;54.0;46.0;7.0;14.0;7.0;7.0;;[50 52];[2 2];[False False];['RKVV Westlandia U21' 'RKVV Westlandia U21'];[ 0 -1];[-1 -2];['D' 'A'];['A' 'A'];0.56;0.0;0.44;1.0;0.0;0.0;;;;;;;Youth
2026-05-02;193776083;Denmark Division 3;Denmark;08:00;Full;0.05982905982905984;1.825;2.5, 3;1.975;2.5, 3;9.0;2.0;;7.0;0.0;7.0;85.0;62.0;100.0;Hørsholm-Usserød IK;;0.0;3.0;2.25;0;0.0;0 - 1;3.5;Vanløse;;0.0;2.0;2.6;0;1.0;-0.25;9 - 2;7-0;2.75;1.25;43 - 19;20 - 8;8.0;20.0;39.0;61.0;2.0;7.0;1.0;2.0;;;;;;;;32.0;53.0;19.0;43.0;39.0;61.0;3.0;12.0;5.0;3.0;;[95];[2];[ True];['Vanløse'];[0];[-1];['D'];['A'];1.0;0.0;0.0;1.0;0.0;0.0;;;;;;;
2026-05-02;193775893;Denmark Division 2;Denmark;08:00;Full;-0.021052631578947323;1.8;2.5;2.0;2.5;1.0;3.0;;1.0;0.0;1.0;139.0;53.0;100.0;Ishoj;;2.0;2.0;2.5;2;2.0;2 - 2;3.4;Skive;;0.0;2.0;2.375;1;2.0;0;1 - 3;1-0;2.5;1;15 - 38;9 - 15;15.0;9.0;55.0;45.0;0.0;0.0;2.0;2.0;;;;;;;;81.0;58.0;38.0;15.0;55.0;45.0;1.0;0.0;5.0;2.0;;[ 2 10 40 67];[1 1 1 2];[False False False False];['Ishoj' 'Ishoj' 'Skive' 'Skive'];[0 1 2 1];[1 2 1 0];['D' 'H' 'H' 'H'];['H' 'H' 'H' 'D'];0.28;0.72;0.0;0.04;0.96;0.0;473205.0;1304.0;ishoej if;skive ik;;;
2026-05-02;193190769;Bulgaria First League;Bulgaria;08:00;Full;0.14253563390847712;2.0;2.5, 3;1.8;2.5, 3;6.0;6.0;;4.0;2.0;6.0;269.0;138.0;100.0;Beroe;;0.0;1.0;2.15;1;3.0;3 - 0;3.7;Slavia Sofia;;0.0;2.0;3.1;0;0.0;-0.25;6 - 6;4-2;2.75;1.25;68 - 70;42 - 25;25.0;42.0;40.0;60.0;4.0;3.0;1.0;4.0;;;;;;;;137.0;132.0;70.0;68.0;48.0;52.0;10.0;6.0;7.0;7.0;;[ 1 51 93];[1 2 2];[False False  True];['Beroe' 'Beroe' 'Beroe'];[0 1 2];[1 2 3];['D' 'H' 'H'];['H' 'H' 'H'];0.01;0.99;0.0;0.02;0.98;0.0;3281.0;3274.0;pfk beroe stara zagora;pfc slavia sofia;1.83;1.66;
2026-05-02;193772784;Cambodia Premier League;Cambodia;08:00;Full;-0.5020445851470783;1.8;3.0, 3.5;2.0;3.0, 3.5;3.0;4.0;;2.0;1.0;3.0;286.0;165.0;100.0;ISI Dangkor Senchey FC;;0.0;0.0;5.25;0;1.0;1 - 2;4.5;Visakha FC;;0.0;2.0;1.444;1;2.0;+1.25;3 - 4;2-1;3.25;1.5;76 - 89;38 - 41;41.0;38.0;45.0;55.0;8.0;11.0;5.0;1.0;;;;;;;;146.0;140.0;89.0;76.0;49.0;51.0;20.0;19.0;8.0;5.0;;[35 58 88];[1 2 2];[False False False];['Visakha FC' 'ISI Dangkor Senchey FC' 'Visakha FC'];[ 0 -1  0];[-1  0 -1];['D' 'A' 'D'];['A' 'D' 'A'];0.72;0.0;0.28;0.78;0.0;0.22;;;;;;;
2026-05-02;193802075;Lithuania 1 Lyga;Lithuania;08:00;Full;0.45614035087719296;1.8;2.5, 3;2.0;2.5, 3;6.0;7.0;;2.0;4.0;6.0;249.0;128.0;100.0;FK Garliava;10.0;0.0;1.0;1.5;1;3.0;3 - 1;4.0;FK Ekranas;15.0;0.0;3.0;4.75;1;1.0;-1;6 - 7;2-4;2.75;1.25;68 - 60;27 - 27;27.0;27.0;49.0;51.0;2.0;3.0;1.0;3.0;;;;;;;;124.0;125.0;60.0;68.0;50.0;50.0;6.0;9.0;3.0;9.0;;[ 1 41 58 60];[1 1 2 2];[False False False False];['FK Garliava' 'FK Ekranas' 'FK Garliava' 'FK Garliava'];[0 1 0 1];[1 0 1 2];['D' 'H' 'D' 'H'];['H' 'D' 'H' 'H'];0.2;0.8;0.0;0.11;0.89;0.0;;;;;;;
2026-05-02;193801365;Latvia 1. Liga;Latvia;08:00;Full;0.39844199933315155;2.0;3.0, 3.5;1.8;3.0, 3.5;5.0;5.0;;3.0;2.0;5.0;202.0;149.0;;Leevon PPK;4.0;0.0;2.0;1.571;2;4.0;4 - 1;4.1;FK Tukums 2000/TSS II;9.0;0.0;1.0;4.2;1;1.0;-1;5 - 5;3-2;3.25;1.25;73 - 76;34 - 42;42.0;34.0;;;5.0;1.0;2.0;3.0;;;;;;;;111.0;91.0;76.0;73.0;;;7.0;5.0;2.0;6.0;;[17 37 47 56 79];[1 1 1 2 2];[False False  True False False];"['Leevon PPK' 'Leevon PPK' 'FK Tukums 2000/TSS II' 'Leevon PPK'
 'Leevon PPK']";[0 1 2 1 2];[1 2 1 2 3];['D' 'H' 'H' 'H' 'H'];['H' 'H' 'H' 'H' 'H'];0.19;0.81;0.0;0.36;0.64;0.0;;;;;;;Youth
2026-05-02;193802072;Lithuania 1 Lyga;Lithuania;08:00;Full;0.4417894050193979;1.875;2.5, 3;1.925;2.5, 3;4.0;5.0;;0.0;3.0;3.0;198.0;97.0;100.0;FK Neptunas Klaipeda;12.0;0.0;0.0;1.533;0;2.0;2 - 1;4.0;FK Zalgiris Vilnius II;5.0;0.0;1.0;4.75;1;1.0;-1;4 - 5;0-3;2.75;1.25;61 - 36;19 - 20;20.0;19.0;41.0;59.0;4.0;1.0;1.0;1.0;;;;;;;;84.0;114.0;36.0;61.0;41.0;59.0;5.0;4.0;5.0;7.0;;[44 69 73];[1 2 2];[False False False];['FK Zalgiris Vilnius II' 'FK Neptunas Klaipeda' 'FK Neptunas Klaipeda'];[ 0 -1  0];[-1  0  1];['D' 'A' 'D'];['A' 'D' 'H'];0.53;0.19;0.28;0.98;0.0;0.02;;5345.0;;vilnius fk zalgiris;;;Youth
2026-05-02;193801377;Latvia 1. Liga;Latvia;08:00;Full;-0.7222222222222223;1.825;3.5;1.975;3.5;3.0;8.0;;1.0;4.0;5.0;224.0;148.0;;Rezeknes FA;14.0;0.0;2.0;9.0;0;2.0;2 - 2;5.75;Riga Mariners;3.0;0.0;1.0;1.2;1;2.0;+2;3 - 8;1-4;3.5;1.5;36 - 112;12 - 55;55.0;12.0;;;0.0;0.0;7.0;0.0;;;;;;;;139.0;85.0;112.0;36.0;;;1.0;0.0;11.0;7.0;;[15 47 52 74];[1 2 2 2];[False False False False];['Riga Mariners' 'Rezeknes FA' 'Rezeknes FA' 'Riga Mariners'];[ 0 -1  0  1];[-1  0  1  0];['D' 'A' 'D' 'H'];['A' 'D' 'H' 'D'];0.4;0.24;0.36;0.33;0.0;0.67;;;;;;;
2026-05-02;193776080;Denmark Division 3;Denmark;08:00;Full;0.3884080628255044;2.0;3;1.8;3;6.0;10.0;;5.0;5.0;10.0;171.0;91.0;100.0;Holbæk;8.0;1.0;3.0;1.615;1;2.0;2 - 0;3.75;Sundby;10.0;0.0;0.0;4.333;0;0.0;-0.75;6 - 10;5-5;3;1.25;36 - 55;21 - 23;23.0;21.0;66.0;34.0;0.0;2.0;1.0;3.0;;;;;;;;99.0;72.0;55.0;36.0;58.0;42.0;1.0;5.0;6.0;5.0;;[24 65];[1 2];[False False];['Holbæk' 'Holbæk'];[0 1];[1 2];['D' 'H'];['H' 'H'];0.27;0.73;0.0;0.53;0.47;0.0;;;;;;;
2026-05-02;193886818;Thailand Division 2;Thailand;08:00;Full;0.016666666666666663;1.8;2.5;2.0;2.5;7.0;4.0;;2.0;1.0;3.0;193.0;136.0;100.0;Chainat Hornbill;7.0;0.0;2.0;2.4;0;1.0;1 - 3;3.3;Pattani FC;3.0;0.0;2.0;2.5;1;3.0;0;7 - 4;2-1;2.5;1;85 - 51;36 - 27;27.0;36.0;46.0;54.0;3.0;6.0;3.0;2.0;;;;;;;;86.0;107.0;51.0;85.0;42.0;58.0;8.0;11.0;5.0;6.0;;[12 61 69 71];[1 2 2 2];[False False False False];['Pattani FC' 'Pattani FC' 'Chainat Hornbill' 'Pattani FC'];[ 0 -1 -2 -1];[-1 -2 -1 -2];['D' 'A' 'A' 'A'];['A' 'A' 'A' 'A'];0.13;0.0;0.87;0.27;0.0;0.73;;;;;;;
2026-05-02;193802070;Lithuania 1 Lyga;Lithuania;08:00;Full;0.2698412698412699;1.85;2.5, 3;1.95;2.5, 3;6.0;8.0;;3.0;5.0;8.0;139.0;127.0;100.0;FK Tauras;9.0;0.0;2.0;1.8;1;2.0;2 - 0;3.75;FK Atmosfera;8.0;0.0;2.0;3.5;0;0.0;-0.5;6 - 8;3-5;2.75;1.25;61 - 66;32 - 27;27.0;32.0;34.0;66.0;1.0;3.0;0.0;3.0;;;;;;;;69.0;70.0;66.0;61.0;48.0;52.0;3.0;5.0;0.0;4.0;;[14 89];[1 2];[False False];['FK Tauras' 'FK Tauras'];[0 1];[1 2];['D' 'H'];['H' 'H'];0.16;0.84;0.0;0.31;0.69;0.0;;;;;;;
2026-05-02;193777393;Thailand Premier League;Thailand;08:00;Full;0.07114624505928857;1.9;2.5;1.9;2.5;2.0;5.0;;1.0;2.0;3.0;219.0;127.0;100.0;Nakhon Ratchasima;16.0;0.0;5.0;2.3;0;1.0;1 - 0;3.1;Sukhothai FC;12.0;0.0;0.0;2.75;0;0.0;-0.25;2 - 5;1-2;2.5;1;64 - 63;42 - 26;26.0;42.0;39.0;61.0;2.0;4.0;0.0;0.0;;;;;;;;109.0;110.0;63.0;64.0;46.0;54.0;7.0;6.0;0.0;2.0;;[79];[2];[False];['Nakhon Ratchasima'];[0];[1];['D'];['H'];0.88;0.12;0.0;1.0;0.0;0.0;189992.0;202485.0;nakhon ratchasima fc;sukhothai fc;1.8;1.66;
2026-05-02;193814223;Finland Ykkonen;Finland;08:00;Full;-0.11904761904761901;1.925;3.0, 3.5;1.875;3.0, 3.5;1.0;7.0;;0.0;3.0;3.0;183.0;120.0;100.0;PK Keski-Uusimaa;;0.0;3.0;2.8;1;2.0;2 - 0;3.6;SalPa;;0.0;3.0;2.1;0;0.0;+0.25;1 - 7;0-3;3.25;1.25;50 - 70;27 - 33;33.0;27.0;57.0;43.0;4.0;3.0;2.0;2.0;;;;;;;;101.0;82.0;70.0;50.0;60.0;40.0;9.0;5.0;3.0;6.0;;[47 57];[1 2];[ True False];['PK Keski-Uusimaa' 'PK Keski-Uusimaa'];[0 1];[1 2];['D' 'H'];['H' 'H'];0.52;0.48;0.0;1.0;0.0;0.0;22393.0;22394.0;pk keski-uusimaa;salpa;1.4;1.4;
2026-05-02;192947571;Sweden Superettan;Sweden;08:00;Full;0.350140056022409;1.9;2.5, 3;1.9;2.5, 3;7.0;3.0;;1.0;0.0;1.0;7.0;5.0;100.0;Ljungskile SK;;0.0;1.0;1.7;0;0.0;0 - 2;3.5;Nordic United FC;;0.0;3.0;4.2;0;2.0;-0.75;7 - 3;1-0;2.75;1.25;- 5;- 5;5.0;0.0;32.0;68.0;0.0;0.0;0.0;0.0;;;;;;;;5.0;2.0;5.0;0.0;39.0;61.0;0.0;0.0;2.0;0.0;;[74 81];[2 2];[False False];['Nordic United FC' 'Nordic United FC'];[ 0 -1];[-1 -2];['D' 'A'];['A' 'A'];0.82;0.0;0.18;1.0;0.0;0.0;1824.0;781030.0;ljungskile sk;nordic united fc;1.66;1.7;
2026-05-02;193780228;Vietnam V-League;Vietnam;08:00;Full;0.08695652173913049;1.875;2.0, 2.5;1.925;2.0, 2.5;5.0;6.0;;3.0;4.0;7.0;101.0;51.0;100.0;PVF-CAND;;0.0;0.0;2.3;0;0.0;0 - 0;3.0;Hong Linh Ha Tinh;;0.0;3.0;2.875;0;0.0;-0.25;5 - 6;3-4;2.25;1;27 - 24;13 - 11;11.0;13.0;55.0;45.0;5.0;4.0;1.0;2.0;;;;;;;;52.0;49.0;24.0;27.0;50.0;50.0;9.0;9.0;2.0;4.0;;[];[];[];[];[];[];[];[];1.0;0.0;0.0;1.0;0.0;0.0;340516.0;541735.0;pvf cong an nhan dan fc;ha tinh fc;2.0;1.83;
2026-05-02;192933544;Germany Bundesliga II;Germany;08:00;Full;0.03779289493575205;1.875;2.5;1.925;2.5;4.0;5.0;;2.0;1.0;3.0;143.0;88.0;100.0;Holstein Kiel;11.0;0.0;3.0;2.45;1;2.0;2 - 0;3.4;Eintracht Braunschweig;14.0;0.0;2.0;2.7;0;0.0;-0.25;4 - 5;2-1;2.5;1;37 - 51;24 - 25;25.0;24.0;39.0;61.0;2.0;5.0;1.0;3.0;;;;;;;;88.0;55.0;51.0;37.0;46.0;54.0;8.0;8.0;3.0;4.0;;[31 87];[1 2];[False False];['Holstein Kiel' 'Holstein Kiel'];[0 1];[1 2];['D' 'H'];['H' 'H'];0.34;0.66;0.0;0.69;0.31;0.0;2573.0;2557.0;holstein kiel;eintracht braunschweig;1.61;1.72;Youth
2026-05-02;193786208;Finland Kansallinen Liiga Women;Finland;08:00;Full;0.35597758497081067;1.825;2.5, 3;1.975;2.5, 3;3.0;4.0;;1.0;2.0;3.0;0.0;0.0;100.0;IF Gnistan (W);;0.0;3.0;1.667;1;6.0;6 - 0;3.6;VIFK (W);;0.0;1.0;4.1;0;0.0;-0.75;3 - 4;1-2;2.75;1.25;-;-;0.0;0.0;48.0;52.0;0.0;0.0;0.0;1.0;;;;;;;;0.0;0.0;0.0;0.0;49.0;51.0;0.0;0.0;0.0;6.0;;[46 54 58 62 71 77];[1 2 2 2 2 2];[ True False False False False False];"['IF Gnistan (W)' 'IF Gnistan (W)' 'IF Gnistan (W)' 'IF Gnistan (W)'
 'IF Gnistan (W)' 'IF Gnistan (W)']";[0 1 2 3 4 5];[1 2 3 4 5 6];['D' 'H' 'H' 'H' 'H' 'H'];['H' 'H' 'H' 'H' 'H' 'H'];0.51;0.49;0.0;1.0;0.0;0.0;2271.0;;if gnistan;;;;Women
2026-05-02;193826038;Kenya Cup;Kenya;08:00;Full;0.0;1.85;1.5;1.95;1.5;3.0;6.0;;1.0;5.0;6.0;119.0;95.0;100.0;Shabana FC;;0.0;0.0;2.6;0;0.0;0 - 1;2.9;Kenya Police FC;;0.0;1.0;2.6;1;1.0;0;3 - 6;1-5;1.5;0.5;44 - 51;18 - 27;27.0;18.0;57.0;43.0;0.0;1.0;2.0;2.0;;;;;;;;57.0;62.0;51.0;44.0;44.0;56.0;3.0;4.0;2.0;4.0;;[41];[1];[False];['Kenya Police FC'];[0];[-1];['D'];['A'];0.46;0.0;0.54;0.91;0.0;0.09;;;;;;;
2026-05-02;192933534;Germany Bundesliga II;Germany;08:00;Full;0.34433285509325684;1.9;3;1.9;3;7.0;4.0;;5.0;0.0;5.0;167.0;58.0;100.0;Dynamo Dresden;12.0;0.0;3.0;1.7;0;1.0;1 - 0;4.1;Kaiserslautern;7.0;0.0;3.0;4.1;0;0.0;-1;7 - 4;5-0;3;1.25;22 - 36;16 - 5;5.0;16.0;40.0;60.0;1.0;6.0;0.0;3.0;;;;;;;;93.0;74.0;36.0;22.0;46.0;54.0;6.0;9.0;0.0;7.0;;[68];[2];[False];['Dynamo Dresden'];[0];[1];['D'];['H'];0.76;0.24;0.0;1.0;0.0;0.0;2595.0;2675.0;dynamo dresden;1 fc kaiserslautern;1.5;1.53;Youth
2026-05-02;192933529;Germany Bundesliga II;Germany;08:00;Full;0.22328548644338114;1.775;2.5, 3;2.025;2.5, 3;8.0;2.0;;6.0;0.0;6.0;175.0;101.0;100.0;Arminia Bielefeld;13.0;0.0;0.0;1.9;1;1.0;1 - 1;3.5;Bochum;10.0;0.0;2.0;3.3;0;1.0;-0.5;8 - 2;6-0;2.75;1.25;61 - 40;39 - 10;10.0;39.0;46.0;54.0;1.0;3.0;0.0;2.0;;;;;;;;93.0;82.0;40.0;61.0;50.0;50.0;5.0;5.0;2.0;2.0;;[27 79];[1 2];[False False];['Arminia Bielefeld' 'Bochum'];[0 1];[1 0];['D' 'H'];['H' 'D'];0.42;0.58;0.0;0.6;0.4;0.0;2540.0;2542.0;arminia bielefeld;vfl bochum;1.5;1.57;Youth
2026-05-02;193786210;Finland Kansallinen Liiga Women;Finland;08:00;Full;-0.2777777777777778;1.85;2.5, 3;1.95;2.5, 3;2.0;4.0;;1.0;2.0;3.0;164.0;67.0;100.0;KuPS (W);;0.0;3.0;3.6;1;2.0;2 - 1;3.6;HJK (W);;0.0;1.0;1.8;0;1.0;+0.5;2 - 4;1-2;2.75;1.25;23 - 44;9 - 21;21.0;9.0;51.0;49.0;8.0;2.0;3.0;2.0;;;;;;;;99.0;65.0;44.0;23.0;51.0;49.0;10.0;5.0;4.0;3.0;;[34 65 83];[1 2 2];[False False False];['KuPS (W)' 'HJK (W)' 'KuPS (W)'];[0 1 0];[1 0 1];['D' 'H' 'D'];['H' 'D' 'H'];0.58;0.42;0.0;0.76;0.24;0.0;;;;;;;Women
2026-05-02;193327950;China Super League;China;08:00;Full;-0.18733850129198965;1.825;2.5;1.975;2.5;1.0;5.0;;0.0;3.0;3.0;194.0;88.0;100.0;Qingdao Hainiu;8.0;0.0;1.0;3.6;1;3.0;3 - 1;3.1;Shanghai Port;10.0;1.0;2.0;2.15;0;1.0;+0.25;1 - 5;0-3;2.5;1;24 - 64;8 - 34;34.0;8.0;61.0;39.0;3.0;3.0;1.0;1.0;;;;;;;;117.0;77.0;64.0;24.0;64.0;36.0;8.0;7.0;3.0;4.0;;[ 9 47 68 75];[1 2 2 2];[False False False False];['Qingdao Hainiu' 'Shanghai Port' 'Qingdao Hainiu' 'Qingdao Hainiu'];[0 1 0 1];[1 0 1 2];['D' 'H' 'D' 'H'];['H' 'D' 'H' 'H'];0.33;0.67;0.0;0.2;0.8;0.0;34695.0;41537.0;qingdao hainiu fc;shanghai port fc;1.57;1.61;
2026-05-02;192940955;Hungary NB I;Hungary;08:00;Full;0.13196480938416422;1.85;2.5, 3;1.95;2.5, 3;3.0;2.0;;2.0;1.0;3.0;214.0;149.0;100.0;MTK Budapest;10.0;0.0;2.0;2.2;0;1.0;1 - 1;3.5;Nyiregyhaza;9.0;0.0;3.0;3.1;0;1.0;-0.25;3 - 2;2-1;2.75;1.25;52 - 97;28 - 43;43.0;28.0;50.0;50.0;2.0;1.0;2.0;1.0;;;;;;;;125.0;89.0;97.0;52.0;50.0;50.0;4.0;2.0;4.0;5.0;;[53 90];[2 2];[False False];['MTK Budapest' 'Nyiregyhaza'];[0 1];[1 0];['D' 'H'];['H' 'D'];0.59;0.41;0.0;1.0;0.0;0.0;1915.0;5124.0;mtk budapest;nyiregyhaza spartacus fc;1.61;1.57;
2026-05-02;193782449;Poland Ekstraliga Women;Poland;08:00;Full;0.45231572080887156;1.8;3;2.0;3;5.0;5.0;;2.0;2.0;4.0;0.0;0.0;100.0;APLG Gdansk (W);9.0;0.0;0.0;1.533;0;1.0;1 - 3;3.9;Stomilanki Olsztyn (W);11.0;0.0;1.0;5.0;2;3.0;-1;5 - 5;2-2;3;1.25;-;-;0.0;0.0;39.0;61.0;0.0;0.0;2.0;1.0;;;;;;;;0.0;0.0;0.0;0.0;46.0;54.0;0.0;0.0;3.0;2.0;;[26 32 65 74];[1 1 2 2];[False False False False];"['Stomilanki Olsztyn (W)' 'Stomilanki Olsztyn (W)' 'APLG Gdansk (W)'
 'Stomilanki Olsztyn (W)']";[ 0 -1 -2 -1];[-1 -2 -1 -2];['D' 'A' 'A' 'A'];['A' 'A' 'A' 'A'];0.29;0.0;0.71;0.58;0.0;0.42;;;;;;;Women
2026-05-02;193780232;Vietnam V-League;Vietnam;08:00;Full;0.23751023751023742;1.9;3;1.9;3;10.0;4.0;;4.0;3.0;7.0;205.0;123.0;100.0;Becamex HCMC;;0.0;1.0;1.85;1;1.0;1 - 1;3.5;Thanh Hoa;;0.0;3.0;3.3;1;1.0;-0.25;10 - 4;4-3;3;1.25;89 - 34;36 - 17;17.0;36.0;37.0;63.0;3.0;2.0;1.0;5.0;;;;;;;;69.0;136.0;34.0;89.0;32.0;68.0;7.0;6.0;1.0;9.0;;[11 12];[1 1];[False False];['Becamex HCMC' 'Thanh Hoa'];[0 1];[1 0];['D' 'H'];['H' 'D'];0.99;0.01;0.0;0.98;0.02;0.0;33119.0;33030.0;becamex ho chi minh city;dong a thanh hoa;1.83;1.5;
2026-05-02;193803688;Norway Division 3 Group 1;Norway;08:00;Full;0.009661835748792202;1.975;4;1.825;4;4.0;12.0;;0.0;5.0;5.0;136.0;74.0;100.0;Ullern;;0.0;1.0;2.25;1;2.0;2 - 2;4.1;IF Ready;;0.0;3.0;2.3;1;2.0;0;4 - 12;0-5;4;1.5;38 - 36;17 - 19;19.0;17.0;55.0;45.0;3.0;1.0;3.0;1.0;;;;;;;;63.0;73.0;36.0;38.0;52.0;48.0;7.0;10.0;8.0;4.0;;[ 8 42 74 91];[1 1 2 2];[False False False  True];['Ullern' 'IF Ready' 'IF Ready' 'Ullern'];[ 0  1  0 -1];[ 1  0 -1  0];['D' 'H' 'D' 'A'];['H' 'D' 'A' 'D'];0.44;0.37;0.19;0.24;0.76;0.0;;;;;;;
2026-05-02;193757596;Sweden 1.div Södra;Sweden;08:00;Full;0.30115830115830117;1.825;2.5, 3;1.975;2.5, 3;5.0;1.0;;1.0;1.0;2.0;225.0;158.0;100.0;Tvååkers IF;;0.0;1.0;1.75;1;1.0;1 - 2;3.6;Laholms FK;;0.0;1.0;3.7;1;2.0;-0.5;5 - 1;1-1;2.75;1.25;93 - 65;40 - 35;35.0;40.0;40.0;60.0;3.0;2.0;3.0;1.0;;;;;;;;100.0;125.0;65.0;93.0;40.0;60.0;6.0;11.0;5.0;2.0;;[42 46 67];[1 1 2];[False  True False];['Laholms FK' 'Tvååkers IF' 'Laholms FK'];[ 0 -1  0];[-1  0 -1];['D' 'A' 'D'];['A' 'D' 'A'];0.7;0.0;0.3;0.91;0.0;0.09;22356.0;1816.0;tvaakers if;laholms fk;1.61;1.61;
2026-05-02;193803261;Norway Division 2 Group 1;Norway;08:00;Full;-0.12836438923395443;1.975;3;1.825;3;3.0;4.0;;2.0;4.0;6.0;144.0;66.0;100.0;Kvik Halden FK;;0.0;2.0;2.875;0;0.0;0 - 2;3.6;Brattvåg;;0.0;1.0;2.1;0;2.0;+0.25;3 - 4;2-4;3;1.25;34 - 32;19 - 15;15.0;19.0;58.0;42.0;3.0;1.0;1.0;2.0;;;;;;;;66.0;78.0;32.0;34.0;57.0;43.0;3.0;2.0;3.0;3.0;;[50 57];[2 2];[False False];['Brattvåg' 'Brattvåg'];[ 0 -1];[-1 -2];['D' 'A'];['A' 'A'];0.56;0.0;0.44;1.0;0.0;0.0;700.0;954.0;kvik halden fk;brattvaag;1.44;1.53;
2026-05-02;193872064;Netherlands U21 League;Netherlands;08:00;Full;-0.11904761904761907;1.875;3.5;1.925;3.5;9.0;6.0;;3.0;3.0;6.0;115.0;78.0;100.0;FC Eindhoven U21;;0.0;0.0;2.625;3;7.0;7 - 1;4.1;HHC Hardenberg U21;;0.0;0.0;2.0;0;1.0;+0.25;9 - 6;3-3;3.5;1.5;45 - 33;22 - 16;16.0;22.0;48.0;52.0;2.0;9.0;2.0;3.0;;;;;;;;50.0;65.0;33.0;45.0;52.0;48.0;4.0;14.0;7.0;9.0;;[ 6 16 38 49 55 62 79 79];[1 1 1 2 2 2 2 2];[False False False False False False False False];"['FC Eindhoven U21' 'FC Eindhoven U21' 'FC Eindhoven U21'
 'FC Eindhoven U21' 'FC Eindhoven U21' 'HHC Hardenberg U21'
 'FC Eindhoven U21' 'FC Eindhoven U21']";[0 1 2 3 4 5 4 5];[1 2 3 4 5 4 5 6];['D' 'H' 'H' 'H' 'H' 'H' 'H' 'H'];['H' 'H' 'H' 'H' 'H' 'H' 'H' 'H'];0.07;0.93;0.0;0.13;0.87;0.0;2994.0;;fc eindhoven;;;;Youth
2026-05-02;193757583;Sweden 1.div Södra;Sweden;08:00;Full;0.37527362244648194;1.8;2.5;2.0;2.5;4.0;6.0;;1.0;5.0;6.0;151.0;118.0;100.0;Jonkopings Sodra;;0.0;3.0;1.65;0;3.0;3 - 0;3.7;Kristianstad FC;;0.0;3.0;4.333;0;0.0;-0.75;4 - 6;1-5;2.5;1;58 - 60;28 - 33;33.0;28.0;49.0;51.0;2.0;2.0;1.0;1.0;;;;;;;;71.0;80.0;60.0;58.0;53.0;47.0;4.0;6.0;1.0;4.0;;[53 77 93];[2 2 2];[False False  True];['Jonkopings Sodra' 'Jonkopings Sodra' 'Jonkopings Sodra'];[0 1 2];[1 2 3];['D' 'H' 'H'];['H' 'H' 'H'];0.57;0.43;0.0;1.0;0.0;0.0;1841.0;1830.0;jonkopings sodra if;kristianstad fc;1.8;1.83;
2026-05-02;193821390;Finland Ykkonen Women;Finland;08:00;Full;-0.5137491616364857;1.9;3.5, 4;1.9;3.5, 4;4.0;4.0;;2.0;0.0;2.0;174.0;121.0;;KTP (W);;0.0;3.0;5.25;3;3.0;3 - 2;4.5;ONS (W);;0.0;2.0;1.42;1;2.0;+1.25;4 - 4;2-0;3.75;1.5;55 - 66;31 - 23;23.0;31.0;;;2.0;3.0;1.0;5.0;;;;;;;;95.0;79.0;66.0;55.0;;;4.0;4.0;6.0;6.0;;[ 2  6 37 43 59];[1 1 1 1 2];[False False False False False];['KTP (W)' 'KTP (W)' 'KTP (W)' 'ONS (W)' 'ONS (W)'];[0 1 2 3 2];[1 2 3 2 1];['D' 'H' 'H' 'H' 'H'];['H' 'H' 'H' 'H' 'H'];0.02;0.98;0.0;0.04;0.96;0.0;2255.0;;fc ktp kotka;;;;Women
2026-05-02;193821595;Sweden 2.div Norra Svealand;Sweden;08:00;Full;0.008503401360544283;1.85;3;1.95;3;6.0;8.0;;3.0;5.0;8.0;0.0;0.0;;Taby FK;;0.0;1.0;2.4;0;3.0;3 - 1;3.4;Enskede IK;;0.0;3.0;2.45;1;1.0;0;6 - 8;3-5;3;1.25;-;-;0.0;0.0;;;0.0;0.0;1.0;0.0;;;;;;;;0.0;0.0;0.0;0.0;;;0.0;0.0;1.0;3.0;;[ 3 58 79 87];[1 2 2 2];[False False False False];['Enskede IK' 'Taby FK' 'Taby FK' 'Taby FK'];[ 0 -1  0  1];[-1  0  1  2];['D' 'A' 'D' 'H'];['A' 'D' 'H' 'H'];0.27;0.12;0.61;0.07;0.0;0.93;274873.0;5290.0;taby fk;enskede ik;1.5;1.5;
2026-05-02;193757588;Sweden 1.div Södra;Sweden;08:00;Full;0.4417894050193979;1.975;3;1.825;3;6.0;3.0;;4.0;1.0;5.0;129.0;75.0;100.0;Trelleborgs FF;;0.0;3.0;1.533;2;2.0;2 - 1;3.9;BK Olympic;;0.0;2.0;4.75;0;1.0;-1;6 - 3;4-1;3;1.25;36 - 39;20 - 17;17.0;20.0;46.0;54.0;3.0;5.0;2.0;4.0;;;;;;;;58.0;71.0;39.0;36.0;53.0;47.0;4.0;9.0;6.0;6.0;;[ 2  9 66];[1 1 2];[False False False];['Trelleborgs FF' 'Trelleborgs FF' 'BK Olympic'];[0 1 2];[1 2 1];['D' 'H' 'H'];['H' 'H' 'H'];0.02;0.98;0.0;0.04;0.96;0.0;1771.0;47812.0;trelleborgs ff;bk olympic;1.66;1.72;
2026-05-02;193814807;Sweden Damallsvenskan;Sweden;08:00;Full;-0.16666666666666669;1.95;2.5, 3;1.85;2.5, 3;5.0;5.0;;2.0;2.0;4.0;235.0;141.0;;Vittsjö GIK (W);;0.0;1.0;3.0;0;1.0;1 - 0;3.4;AIK (W);;0.0;2.0;2.0;0;0.0;+0.25;5 - 5;2-2;2.75;1;59 - 82;37 - 30;30.0;37.0;;;4.0;3.0;2.0;2.0;;;;;;;;127.0;108.0;82.0;59.0;;;11.0;3.0;7.0;3.0;;[50];[2];[False];['Vittsjö GIK (W)'];[0];[1];['D'];['H'];0.56;0.44;0.0;1.0;0.0;0.0;;1764.0;;aik;;;Women
2026-05-02;193784606;Sweden Elitettan;Sweden;08:00;Full;0.504225352112676;1.85;3.0, 3.5;1.95;3.0, 3.5;11.0;5.0;;10.0;2.0;12.0;156.0;77.0;100.0;IFK Goteborg (W);;0.0;1.0;1.42;1;2.0;2 - 1;4.75;Gamla Upsala SK (W);;0.0;1.0;5.0;0;1.0;-1.25;11 - 5;10-2;3.25;1.25;39 - 38;18 - 18;18.0;18.0;41.0;59.0;2.0;5.0;2.0;5.0;;;;;;;;73.0;83.0;38.0;39.0;46.0;54.0;3.0;12.0;7.0;11.0;;[23 76 86];[1 2 2];[False False False];['IFK Goteborg (W)' 'Gamla Upsala SK (W)' 'IFK Goteborg (W)'];[0 1 0];[1 0 1];['D' 'H' 'D'];['H' 'D' 'H'];0.37;0.63;0.0;0.51;0.49;0.0;1761.0;;ifk goteborg;;;;Women
2026-05-02;193821586;Sweden Elitettan;Sweden;08:00;Full;-0.4142204827136335;1.875;3.0, 3.5;1.925;3.0, 3.5;3.0;9.0;;1.0;8.0;9.0;107.0;101.0;;Enskede IK (W);;0.0;0.0;4.2;0;1.0;1 - 1;4.5;Umea IK (W);;1.0;1.0;1.533;1;1.0;+1;3 - 9;1-8;3.25;1.25;33 - 68;9 - 45;45.0;9.0;;;3.0;0.0;3.0;0.0;;;;;;;;57.0;50.0;68.0;33.0;;;3.0;4.0;3.0;2.0;;[29 93];[1 2];[False  True];['Umea IK (W)' 'Enskede IK (W)'];[ 0 -1];[-1  0];['D' 'A'];['A' 'D'];0.31;0.0;0.69;0.64;0.0;0.36;5290.0;;enskede ik;;;;Women
2026-05-02;193817352;Sweden Damallsvenskan;Sweden;08:00;Full;-0.4027777777777778;1.8;2.5;2.0;2.5;6.0;4.0;;3.0;2.0;5.0;100.0;101.0;100.0;FC Rosengård (W);;0.0;1.0;4.5;0;0.0;0 - 1;3.7;Malmo FF (W);;0.0;0.0;1.6;0;1.0;+0.75;6 - 4;3-2;2.5;1;59 - 42;27 - 21;21.0;27.0;49.0;51.0;2.0;4.0;1.0;2.0;;;;;;;;52.0;48.0;42.0;59.0;48.0;52.0;4.0;7.0;2.0;2.0;;[63];[2];[False];['Malmo FF (W)'];[0];[-1];['D'];['A'];0.7;0.0;0.3;1.0;0.0;0.0;;1892.0;;malmo ff;;;Women
2026-05-02;193800526;Germany Bundesliga Women;Germany;08:00;Full;0.06349206349206349;1.875;2.5, 3;1.925;2.5, 3;4.0;5.0;;0.0;2.0;2.0;136.0;80.0;100.0;FC Cologne (W);;0.0;2.0;2.25;2;3.0;3 - 0;3.5;Werder Bremen (W);;0.0;3.0;2.625;0;0.0;-0.25;4 - 5;0-2;2.75;1.25;39 - 41;24 - 29;29.0;24.0;65.0;35.0;4.0;4.0;1.0;5.0;;;;;;;;74.0;62.0;41.0;39.0;61.0;39.0;5.0;10.0;1.0;7.0;;[20 36 54];[1 1 2];[False False False];['FC Cologne (W)' 'FC Cologne (W)' 'FC Cologne (W)'];[0 1 2];[1 2 3];['D' 'H' 'H'];['H' 'H' 'H'];0.22;0.78;0.0;0.44;0.56;0.0;278255.0;2534.0;1 fc cologne;werder bremen;1.66;1.61;Women
2026-05-02;193886813;Sweden 2.div Södra Svealand;Sweden;08:00;Full;-0.11904761904761901;1.925;3;1.875;3;4.0;13.0;;2.0;8.0;10.0;159.0;78.0;100.0;Lindo FF;;0.0;3.0;2.8;0;2.0;2 - 3;3.6;IK Sleipner;;0.0;0.0;2.1;2;3.0;+0.25;4 - 13;2-8;3;1.25;31 - 47;9 - 30;30.0;9.0;41.0;59.0;3.0;0.0;4.0;0.0;;;;;;;;81.0;78.0;47.0;31.0;45.0;55.0;7.0;2.0;6.0;2.0;;[12 36 58 66 72];[1 1 2 2 2];[False False False False False];['IK Sleipner' 'IK Sleipner' 'Lindo FF' 'Lindo FF' 'IK Sleipner'];[ 0 -1 -2 -1  0];[-1 -2 -1  0 -1];['D' 'A' 'A' 'A' 'D'];['A' 'A' 'A' 'D' 'A'];0.2;0.0;0.8;0.27;0.0;0.73;21874.0;1800.0;lindo ff;ik sleipner;;;
2026-05-02;193780230;Vietnam V-League;Vietnam;08:00;Full;-0.36215816703621584;1.975;3.0, 3.5;1.825;3.0, 3.5;5.0;2.0;;4.0;2.0;6.0;184.0;93.0;100.0;Hai Phong;;0.0;0.0;4.1;0;0.0;0 - 2;3.75;Cong An Ha Noi;;0.0;1.0;1.65;2;2.0;+0.75;5 - 2;4-2;3.25;1.25;57 - 36;25 - 19;19.0;25.0;50.0;50.0;1.0;2.0;4.0;0.0;;;;;;;;78.0;106.0;36.0;57.0;50.0;50.0;1.0;6.0;8.0;1.0;;[32 47];[1 1];[False  True];['Cong An Ha Noi' 'Cong An Ha Noi'];[ 0 -1];[-1 -2];['D' 'A'];['A' 'A'];0.36;0.0;0.64;0.68;0.0;0.32;33124.0;196371.0;haiphong fc;cong an ha noi fc;1.72;1.5;
2026-05-02;193879540;Norway Division 3 Group 1;Norway;08:00;Full;0.7222222222222223;1.95;4;1.85;4;10.0;3.0;;5.0;2.0;7.0;141.0;162.0;;Heming;;0.0;2.0;1.2;1;2.0;2 - 3;6.25;Grei;;0.0;1.0;9.0;2;3.0;-2.5;10 - 3;5-2;4;1.5;100 - 62;47 - 27;27.0;47.0;;;1.0;2.0;2.0;4.0;;;;;;;;66.0;75.0;62.0;100.0;;;3.0;6.0;5.0;7.0;;[26 30 38 91 95];[1 1 1 2 2];[False False False  True  True];['Heming' 'Grei' 'Grei' 'Grei' 'Heming'];[ 0  1  0 -1 -2];[ 1  0 -1 -2 -1];['D' 'H' 'D' 'A' 'A'];['H' 'D' 'A' 'A' 'A'];0.36;0.04;0.6;0.76;0.09;0.16;;;;;;;
2026-05-02;193811825;Hungary NBI Women;Hungary;08:00;Full;0.9560019129603061;1.85;4.5;1.95;4.5;10.0;3.0;;4.0;1.0;5.0;183.0;123.0;100.0;Puskas FC (W);;0.0;1.0;1.025;4;5.0;5 - 0;19.0;Viktoria FC (W);;0.0;0.0;51.0;0;0.0;-4;10 - 3;4-1;4.5;2;98 - 25;52 - 11;11.0;52.0;31.0;69.0;1.0;5.0;1.0;8.0;;;;;;;;62.0;121.0;25.0;98.0;26.0;74.0;1.0;6.0;1.0;10.0;;[ 8 19 28 34 81];[1 1 1 1 2];[False False False False False];"['Puskas FC (W)' 'Puskas FC (W)' 'Puskas FC (W)' 'Puskas FC (W)'
 'Puskas FC (W)']";[0 1 2 3 4];[1 2 3 4 5];['D' 'H' 'H' 'H' 'H'];['H' 'H' 'H' 'H' 'H'];0.09;0.91;0.0;0.18;0.82;0.0;;;;;;;Women
2026-05-02;193878775;Denmark Danmarksserien Relegation;Denmark;08:00;Full;0.1068524970963996;1.975;3.5;1.825;3.5;6.0;2.0;;4.0;1.0;5.0;187.0;96.0;100.0;Hedensted IF;;0.0;0.0;2.05;0;1.0;1 - 2;4.2;Viby;;0.0;1.0;2.625;1;2.0;-0.25;6 - 2;4-1;3.5;1.5;59 - 37;31 - 21;21.0;31.0;34.0;66.0;1.0;3.0;3.0;3.0;;;;;;;;89.0;98.0;37.0;59.0;38.0;62.0;4.0;4.0;5.0;7.0;;[ 1 49 85];[1 2 2];[False False False];['Viby' 'Hedensted IF' 'Viby'];[ 0 -1  0];[-1  0 -1];['D' 'A' 'D'];['A' 'D' 'A'];0.41;0.0;0.59;0.02;0.0;0.98;;;;;;;
2026-05-02;193879538;Norway Division 3 Group 1;Norway;08:00;Full;-0.4375804375804376;1.85;4;1.95;4;7.0;1.0;;5.0;1.0;6.0;163.0;133.0;;Frigg;;0.0;3.0;4.2;0;1.0;1 - 2;5.0;Asker;;0.0;1.0;1.48;0;2.0;+1.25;7 - 1;5-1;4;1.75;66 - 67;38 - 27;27.0;38.0;;;1.0;2.0;2.0;1.0;;;;;;;;86.0;77.0;67.0;66.0;;;3.0;5.0;8.0;3.0;;[52 54 78];[2 2 2];[False False False];['Asker' 'Asker' 'Frigg'];[ 0 -1 -2];[-1 -2 -1];['D' 'A' 'A'];['A' 'A' 'A'];0.58;0.0;0.42;1.0;0.0;0.0;;;;;;;
2026-05-02;192939479;England Super League Women;England;08:00;Full;0.5107025938050869;1.85;3;1.95;3;4.0;4.0;;3.0;2.0;5.0;228.0;132.0;100.0;Man Utd (W);;0.0;0.0;1.444;0;1.0;1 - 1;4.2;Brighton (W);;0.0;3.0;5.5;1;1.0;-1.25;4 - 4;3-2;3;1.25;71 - 61;29 - 30;30.0;29.0;46.0;54.0;4.0;2.0;1.0;0.0;;;;;;;;99.0;129.0;61.0;71.0;44.0;56.0;6.0;5.0;1.0;1.0;;[39 94];[1 2];[False  True];['Brighton (W)' 'Man Utd (W)'];[ 0 -1];[-1  0];['D' 'A'];['A' 'D'];0.41;0.0;0.59;0.87;0.0;0.13;494374.0;372788.0;manchester united wfc;brighton and hove albion wfc;1.66;1.66;Women
2026-05-02;193879536;Norway Division 3 Group 1;Norway;08:00;Full;-0.20720720720720714;1.85;3.5;1.95;3.5;3.0;8.0;;3.0;2.0;5.0;150.0;162.0;;Nordstrand;;0.0;2.0;3.0;2;2.0;2 - 1;4.2;FK Union Carl Berner;;0.0;2.0;1.85;0;1.0;+0.5;3 - 8;3-2;3.5;1.5;64 - 98;37 - 52;52.0;37.0;;;3.0;3.0;0.0;2.0;;;;;;;;81.0;69.0;98.0;64.0;;;4.0;4.0;6.0;3.0;;[16 39 85];[1 1 2];[False False False];['Nordstrand' 'Nordstrand' 'FK Union Carl Berner'];[0 1 2];[1 2 1];['D' 'H' 'H'];['H' 'H' 'H'];0.18;0.82;0.0;0.36;0.64;0.0;;;;;;;
2026-05-02;193803682;Norway Division 3 Group 1;Norway;08:00;Full;0.5597113564105313;1.85;4.5, 5;1.95;4.5, 5;5.0;2.0;;3.0;1.0;4.0;0.0;0.0;100.0;Gamle Oslo;;0.0;0.0;1.333;5;8.0;8 - 3;5.5;Valerenga 2;;0.0;2.0;5.25;1;3.0;-1.75;5 - 2;3-1;4.75;2;-;-;0.0;0.0;43.0;57.0;0.0;0.0;1.0;5.0;;;;;;;;0.0;0.0;0.0;0.0;46.0;54.0;0.0;0.0;3.0;8.0;;[12 15 20 27 37 39 65 68 76 80 92];[1 1 1 1 1 1 2 2 2 2 2];[False False False False False False False False False False  True];"['Valerenga 2' 'Gamle Oslo' 'Gamle Oslo' 'Gamle Oslo' 'Gamle Oslo'
 'Gamle Oslo' 'Gamle Oslo' 'Gamle Oslo' 'Valerenga 2' 'Gamle Oslo'
 'Valerenga 2']";[ 0 -1  0  1  2  3  4  5  6  5  6];[-1  0  1  2  3  4  5  6  5  6  5];['D' 'A' 'D' 'H' 'H' 'H' 'H' 'H' 'H' 'H' 'H'];['A' 'D' 'H' 'H' 'H' 'H' 'H' 'H' 'H' 'H' 'H'];0.18;0.78;0.03;0.38;0.56;0.07;;;;;;;
2026-05-02;193777584;Macau 1st Division;Macau;08:00;Full;0.3221022462174231;1.9;3;1.9;3;4.0;3.0;;3.0;0.0;3.0;132.0;76.0;100.0;MUST IPO;;0.0;2.0;1.667;0;1.0;1 - 0;4.1;Shao Jiang SA;;0.0;1.0;3.6;0;0.0;-0.75;4 - 3;3-0;3.0;1.25;35 - 41;16 - 20;20.0;16.0;53.0;47.0;3.0;5.0;0.0;1.0;;;;;;;;72.0;60.0;41.0;35.0;53.0;47.0;8.0;9.0;5.0;4.0;;[48];[2];[False];['MUST IPO'];[0];[1];['D'];['H'];0.53;0.47;0.0;1.0;0.0;0.0;;;;;;;
2026-05-02;193803713;Norway Division 3 Group 4;Norway;08:00;Full;0.6754734627075052;1.9;4.0, 4.5;1.9;4.0, 4.5;6.0;5.0;;5.0;0.0;5.0;210.0;125.0;;Viking 2;;0.0;2.0;1.222;2;8.0;8 - 0;6.5;Hinna;;0.0;0.0;7.0;0;0.0;-2;6 - 5;5-0;4.25;1.75;89 - 36;58 - 9;9.0;58.0;;;1.0;8.0;0.0;6.0;;;;;;;;79.0;131.0;36.0;89.0;;;5.0;9.0;6.0;15.0;;[38 43 51 52 60 62 70 78];[1 1 2 2 2 2 2 2];[False False False False False False False False];"['Viking 2' 'Viking 2' 'Viking 2' 'Viking 2' 'Viking 2' 'Viking 2'
 'Viking 2' 'Viking 2']";[0 1 2 3 4 5 6 7];[1 2 3 4 5 6 7 8];['D' 'H' 'H' 'H' 'H' 'H' 'H' 'H'];['H' 'H' 'H' 'H' 'H' 'H' 'H' 'H'];0.42;0.58;0.0;0.84;0.16;0.0;;;;;;;
2026-05-02;193744314;Lithuania A Lyga;Lithuania;08:15;Full;-0.6073304040295788;1.95;2.5, 3;1.85;2.5, 3;3.0;7.0;;2.0;4.0;6.0;165.0;87.0;100.0;FK Riteriai;;0.0;2.0;7.0;0;0.0;0 - 5;4.5;FK Transinvest;;0.0;2.0;1.333;1;5.0;+1.25;3 - 7;2-4;2.75;1.25;34 - 53;18 - 16;16.0;18.0;42.0;58.0;2.0;0.0;1.0;0.0;;;;;;;;90.0;75.0;53.0;34.0;49.0;51.0;9.0;2.0;7.0;2.0;;[20 52 68 75 89];[1 2 2 2 2];[False False False False False];"['FK Transinvest' 'FK Transinvest' 'FK Transinvest' 'FK Transinvest'
 'FK Transinvest']";[ 0 -1 -2 -3 -4];[-1 -2 -3 -4 -5];['D' 'A' 'A' 'A' 'A'];['A' 'A' 'A' 'A' 'A'];0.22;0.0;0.78;0.44;0.0;0.56;547277.0;885005.0;fk riteriai;fk transinvest;;;
2026-05-02;193881243;Finland Kolmonen;Finland;08:15;Full;-0.04844961240310075;1.85;4;1.95;4;6.0;1.0;;3.0;1.0;4.0;248.0;143.0;;MK United;;0.0;3.0;2.4;0;3.0;3 - 0;4.333;Sibbov;;0.0;1.0;2.15;0;0.0;0;6 - 1;3-1;4;1.75;72 - 71;36 - 26;26.0;36.0;;;0.0;1.0;0.0;2.0;;;;;;;;132.0;116.0;71.0;72.0;;;1.0;4.0;1.0;6.0;;[49 51 62];[2 2 2];[False False False];['MK United' 'MK United' 'MK United'];[0 1 2];[1 2 3];['D' 'H' 'H'];['H' 'H' 'H'];0.54;0.46;0.0;1.0;0.0;0.0;;;;;;;
2026-05-02;193858650;Malaysia Super League;Malaysia;08:30;Full;0.811965811965812;1.875;4;1.925;4;5.0;1.0;;4.0;1.0;5.0;0.0;0.0;;Sabah FC;;0.0;2.0;1.125;3;5.0;5 - 1;9.0;PDRM;;0.0;0.0;13.0;0;1.0;-2.75;5 - 1;4-1;4;1.75;-;-;0.0;0.0;;;0.0;0.0;0.0;3.0;;;;;;;;0.0;0.0;0.0;0.0;;;0.0;0.0;1.0;6.0;;[18 40 46 50 58 93];[1 1 1 2 2 2];[False False  True False False  True];['Sabah FC' 'Sabah FC' 'Sabah FC' 'PDRM' 'Sabah FC' 'Sabah FC'];[0 1 2 3 2 3];[1 2 3 2 3 4];['D' 'H' 'H' 'H' 'H' 'H'];['H' 'H' 'H' 'H' 'H' 'H'];0.19;0.81;0.0;0.39;0.61;0.0;;;;;;;
2026-05-02;192499192;England Championship;England;08:30;Full;-0.28528528528528535;1.875;3;1.975;3;10.0;5.0;;5.0;0.0;5.0;195.0;96.0;100.0;Preston;12.0;0.0;3.0;3.7;0;1.0;1 - 3;4.2;Southampton;5.0;0.0;1.0;1.8;1;3.0;+0.5;10 - 5;5-0;3;1.25;58 - 38;27 - 15;15.0;27.0;58.0;42.0;5.0;5.0;1.0;4.0;;;;;;;;100.0;95.0;38.0;58.0;54.0;46.0;12.0;11.0;5.0;5.0;;[12 47 60 91];[1 2 2 2];[False False False  True];['Southampton' 'Southampton' 'Preston' 'Southampton'];[ 0 -1 -2 -1];[-1 -2 -1 -2];['D' 'A' 'A' 'A'];['A' 'A' 'A' 'A'];0.13;0.0;0.87;0.27;0.0;0.73;21.0;45.0;preston north end;southampton fc;1.61;1.53;
2026-05-02;193777397;Thailand Premier League;Thailand;08:30;Full;0.6263736263736264;1.875;3.0, 3.5;1.925;3.0, 3.5;4.0;8.0;;2.0;1.0;3.0;125.0;69.0;100.0;Bangkok United;4.0;0.0;0.0;1.3;0;4.0;4 - 1;4.75;Ayutthaya United;8.0;0.0;2.0;7.0;0;1.0;-1.5;4 - 8;2-1;3.25;1.25;40 - 29;23 - 14;14.0;23.0;34.0;66.0;5.0;8.0;2.0;3.0;;;;;;;;53.0;72.0;29.0;40.0;43.0;57.0;9.0;16.0;7.0;11.0;;[49 58 85 88 95];[2 2 2 2 2];[False False False False  True];"['Bangkok United' 'Bangkok United' 'Bangkok United' 'Ayutthaya United'
 'Bangkok United']";[0 1 2 3 2];[1 2 3 2 3];['D' 'H' 'H' 'H' 'H'];['H' 'H' 'H' 'H' 'H'];0.52;0.48;0.0;1.0;0.0;0.0;85741.0;314323.0;bangkok united fc;ayutthaya united fc;1.66;1.61;
2026-05-02;193798478;China Division 1;China;08:30;Full;0.16369047619047616;1.975;2.0, 2.5;1.825;2.0, 2.5;5.0;4.0;;2.0;4.0;6.0;181.0;96.0;100.0;Dingnan Ganilan FC;;0.0;0.0;2.1;1;1.0;1 - 1;3.1;Shaanxi Union;;0.0;0.0;3.2;1;1.0;-0.25;5 - 4;2-4;2.25;1;53 - 43;17 - 27;27.0;17.0;57.0;43.0;2.0;0.0;3.0;6.0;;;;;;;;75.0;106.0;43.0;53.0;48.0;52.0;5.0;5.0;4.0;8.0;;[ 6 46];[1 1];[False  True];['Dingnan Ganilan FC' 'Shaanxi Union'];[0 1];[1 0];['D' 'H'];['H' 'D'];0.56;0.44;0.0;0.13;0.87;0.0;204595.0;1110233.0;jiangxi dingnan united;shaanxi union fc;2.0;1.9;
2026-05-02;193798480;China Division 1;China;08:30;Full;-0.09961685823754785;2.0;2.0, 2.5;1.8;2.0, 2.5;2.0;7.0;;2.0;5.0;7.0;187.0;109.0;100.0;Shijiazhuang Gongfu FC;;1.0;0.0;2.9;0;0.0;0 - 3;3.0;Guangxi Hengchen;;0.0;2.0;2.25;2;3.0;+0.25;2 - 7;2-5;2.25;0.75;40 - 69;21 - 36;36.0;21.0;67.0;33.0;2.0;0.0;2.0;1.0;;;;;;;;116.0;71.0;69.0;40.0;60.0;40.0;3.0;1.0;3.0;1.0;;[12 32 73];[1 1 2];[False False False];['Guangxi Hengchen' 'Guangxi Hengchen' 'Guangxi Hengchen'];[ 0 -1 -2];[-1 -2 -3];['D' 'A' 'A'];['A' 'A' 'A'];0.13;0.0;0.87;0.27;0.0;0.73;793002.0;1110227.0;shijiazhuang gongfu fc;guangxi hengchen fc;2.1;2.0;
2026-05-02;193798482;China Division 1;China;08:30;Full;0.27738264580369837;1.775;2.0, 2.5;2.025;2.0, 2.5;5.0;8.0;;3.0;3.0;6.0;147.0;99.0;100.0;Guangdong GZ-Power;1.0;0.0;3.0;1.85;2;3.0;3 - 1;3.1;Nantong Zhiyun;2.0;0.0;4.0;3.8;0;1.0;-0.5;5 - 8;3-3;2.25;1;51 - 48;25 - 23;23.0;25.0;50.0;50.0;3.0;5.0;1.0;2.0;;;;;;;;70.0;77.0;48.0;51.0;50.0;50.0;6.0;8.0;2.0;4.0;;[28 41 53 95];[1 1 2 2];[False False False  True];"['Guangdong GZ-Power' 'Guangdong GZ-Power' 'Nantong Zhiyun'
 'Guangdong GZ-Power']";[0 1 2 1];[1 2 1 2];['D' 'H' 'H' 'H'];['H' 'H' 'H' 'H'];0.29;0.71;0.0;0.62;0.38;0.0;1110267.0;327153.0;guandong gz-power fc;nantong zhiyun;2.0;1.83;
2026-05-02;192499189;England Championship;England;08:30;Full;-0.12121212121212122;1.85;2.5;2.0;2.5;3.0;9.0;;2.0;5.0;7.0;146.0;79.0;100.0;Portsmouth;18.0;0.0;2.0;3.0;1;1.0;1 - 1;3.5;Birmingham;10.0;0.0;2.0;2.2;1;1.0;+0.5;3 - 9;2-5;2.5;1;37 - 42;19 - 25;25.0;19.0;45.0;55.0;3.0;6.0;3.0;1.0;;;;;;;;80.0;66.0;42.0;37.0;47.0;53.0;8.0;11.0;4.0;2.0;;[ 8 19];[1 1];[False False];['Portsmouth' 'Birmingham'];[0 1];[1 0];['D' 'H'];['H' 'D'];0.88;0.12;0.0;0.76;0.24;0.0;2.0;9.0;portsmouth fc;birmingham city;1.66;1.61;
2026-05-02;192499184;England Championship;England;08:30;Full;0.5902806870548805;2.0;3;1.85;3;14.0;1.0;;10.0;0.0;10.0;159.0;104.0;100.0;Millwall;3.0;0.0;1.0;1.364;1;2.0;2 - 0;5.25;Oxford Utd;22.0;0.0;0.0;7.0;0;0.0;-1.25;14 - 1;10-0;3;1.25;90 - 14;55 - 8;8.0;55.0;35.0;65.0;2.0;9.0;0.0;4.0;;;;;;;;51.0;108.0;14.0;90.0;34.0;66.0;3.0;13.0;1.0;8.0;;[34 48];[1 2];[False False];['Millwall' 'Millwall'];[0 1];[1 2];['D' 'H'];['H' 'H'];0.38;0.62;0.0;0.76;0.24;0.0;25.0;95.0;millwall fc;oxford united;1.9;1.8;
2026-05-02;193775966;India Super League;India;08:30;Full;0.13178294573643412;2.025;2.5;1.775;2.5;4.0;8.0;;3.0;5.0;8.0;187.0;121.0;100.0;Northeast United;12.0;0.0;4.0;2.15;1;3.0;3 - 2;3.1;Inter Kashi FC;8.0;1.0;3.0;3.0;0;2.0;-0.25;4 - 8;3-5;2.5;1;67 - 54;35 - 29;29.0;35.0;57.0;43.0;5.0;4.0;0.0;2.0;;;;;;;;83.0;104.0;54.0;67.0;59.0;41.0;8.0;9.0;3.0;5.0;;[47 63 71 82 90];[1 2 2 2 2];[ True False False False False];"['Northeast United' 'Northeast United' 'Inter Kashi FC' 'Inter Kashi FC'
 'Northeast United']";[0 1 2 1 0];[1 2 1 0 1];['D' 'H' 'H' 'H' 'D'];['H' 'H' 'H' 'D' 'H'];0.61;0.39;0.0;1.0;0.0;0.0;174602.0;1061008.0;northeast united fc;inter kashi fc;1.8;1.72;
2026-05-02;193839938;England National League South;England;08:30;Full;0.033375052148518936;1.85;3;1.95;3;7.0;8.0;;5.0;6.0;11.0;165.0;116.0;100.0;Torquay;3.0;0.0;4.0;2.35;2;4.0;4 - 2;3.4;Dorking;4.0;0.0;3.0;2.55;0;2.0;0;7 - 8;5-6;3;1.25;51 - 65;28 - 37;37.0;28.0;;;2.0;5.0;2.0;8.0;;;;;;;;100.0;65.0;65.0;51.0;63.0;37.0;5.0;10.0;7.0;10.0;;[21 31 59 77 82 89];[1 1 2 2 2 2];[False False False False False False];['Torquay' 'Torquay' 'Torquay' 'Torquay' 'Dorking' 'Dorking'];[0 1 2 3 4 3];[1 2 3 4 3 2];['D' 'H' 'H' 'H' 'H' 'H'];['H' 'H' 'H' 'H' 'H' 'H'];0.23;0.77;0.0;0.47;0.53;0.0;104.0;173464.0;torquay united;dorking wanderers;1.44;1.44;
2026-05-02;193839998;England National League North;England;08:30;Full;0.3382352941176471;1.8;2.5, 3;2.0;2.5, 3;4.0;7.0;;3.0;4.0;7.0;224.0;130.0;100.0;Kidderminster;;0.0;5.0;1.7;2;3.0;3 - 1;3.6;Macclesfield FC;;0.0;2.0;4.0;0;1.0;-0.75;4 - 7;3-4;2.75;1.25;55 - 75;32 - 26;26.0;32.0;50.0;50.0;2.0;3.0;0.0;3.0;;;;;;;;125.0;99.0;75.0;55.0;50.0;50.0;6.0;3.0;1.0;4.0;;[34 49 90 92];[1 1 2 2];[False  True False  True];['Kidderminster' 'Kidderminster' 'Kidderminster' 'Macclesfield FC'];[0 1 2 3];[1 2 3 2];['D' 'H' 'H' 'H'];['H' 'H' 'H' 'H'];0.37;0.63;0.0;0.69;0.31;0.0;90.0;935861.0;kidderminster harriers fc;macclesfield fc;1.72;1.66;
2026-05-02;192499179;England Championship;England;08:30;Full;0.6874015748031496;1.925;3.0, 3.5;1.925;3.0, 3.5;4.0;2.0;;2.0;1.0;3.0;176.0;71.0;100.0;Ipswich;2.0;0.0;2.0;1.27;2;3.0;3 - 0;5.75;QPR;14.0;0.0;1.0;10.0;0;0.0;-1.75;4 - 2;2-1;3.25;1.25;46 - 25;27 - 14;14.0;27.0;47.0;53.0;5.0;3.0;2.0;4.0;;;;;;;;67.0;109.0;25.0;46.0;47.0;53.0;8.0;7.0;4.0;7.0;;[ 3  9 85];[1 1 2];[False False False];['Ipswich' 'Ipswich' 'Ipswich'];[0 1 2];[1 2 3];['D' 'H' 'H'];['H' 'H' 'H'];0.03;0.97;0.0;0.07;0.93;0.0;32.0;1.0;ipswich town;queens park rangers;1.9;1.83;
2026-05-02;192499158;England Championship;England;08:30;Full;0.15360983102918585;2.025;3;1.825;3;1.0;7.0;;0.0;3.0;3.0;189.0;121.0;100.0;Hull;7.0;0.0;1.0;2.1;1;2.0;2 - 1;3.75;Norwich;9.0;0.0;2.0;3.1;1;1.0;-0.5;1 - 7;0-3;3;1.25;55 - 66;41 - 38;38.0;41.0;71.0;29.0;2.0;1.0;2.0;2.0;;;;;;;;112.0;77.0;66.0;55.0;65.0;35.0;10.0;2.0;2.0;8.0;;[26 28 67];[1 1 2];[False False False];['Norwich' 'Hull' 'Hull'];[ 0 -1  0];[-1  0  1];['D' 'A' 'D'];['A' 'D' 'H'];0.72;0.26;0.02;0.96;0.0;0.04;96.0;263.0;hull city;norwich city;1.61;1.5;
2026-05-02;192499196;England Championship;England;08:30;Full;-0.47124824684431976;2.0;2.5;1.85;2.5;5.0;2.0;;4.0;1.0;5.0;196.0;62.0;100.0;Sheff Wed;24.0;0.0;3.0;5.75;2;2.0;2 - 1;4.1;West Brom;21.0;0.0;2.0;1.55;0;1.0;+1;5 - 2;4-1;2.5;1;26 - 36;15 - 14;14.0;15.0;55.0;45.0;4.0;2.0;2.0;5.0;;;;;;;;112.0;84.0;36.0;26.0;62.0;38.0;9.0;3.0;3.0;6.0;;[37 40 82];[1 1 2];[False False False];['Sheff Wed' 'Sheff Wed' 'West Brom'];[0 1 2];[1 2 1];['D' 'H' 'H'];['H' 'H' 'H'];0.41;0.59;0.0;0.82;0.18;0.0;12.0;8.0;sheffield wednesday;west bromwich albion;1.83;2.0;
2026-05-02;193776087;Denmark Division 3;Denmark;08:30;Full;-0.26143790849673204;1.8;2.5, 3;2.0;2.5, 3;7.0;7.0;;3.0;3.0;6.0;82.0;52.0;100.0;IF Lyseng;12.0;0.0;2.0;3.4;1;2.0;2 - 1;3.7;Vejgaard;9.0;0.0;3.0;1.8;1;1.0;+0.5;7 - 7;3-3;2.75;1.25;28 - 24;10 - 11;11.0;10.0;63.0;37.0;1.0;0.0;1.0;1.0;;;;;;;;43.0;39.0;24.0;28.0;58.0;42.0;1.0;1.0;1.0;6.0;;[15 30 89];[1 1 2];[False False False];['IF Lyseng' 'Vejgaard' 'IF Lyseng'];[0 1 0];[1 0 1];['D' 'H' 'D'];['H' 'D' 'H'];0.82;0.18;0.0;0.67;0.33;0.0;;;;;;;
2026-05-02;192499203;England Championship;England;08:30;Full;-0.0574162679425837;2.0;2.5, 3;1.85;2.5, 3;6.0;3.0;;2.0;1.0;3.0;219.0;119.0;100.0;Wrexham;6.0;0.0;0.0;2.75;2;2.0;2 - 2;3.6;Middlesbrough;4.0;0.0;0.0;2.375;2;2.0;+0.25;6 - 3;2-1;2.75;1;76 - 43;27 - 18;18.0;27.0;56.0;44.0;2.0;5.0;3.0;4.0;;;;;;;;91.0;128.0;43.0;76.0;52.0;48.0;6.0;13.0;4.0;7.0;;[ 4 28 41 43];[1 1 1 1];[False False False False];['Middlesbrough' 'Wrexham' 'Wrexham' 'Middlesbrough'];[ 0 -1  0  1];[-1  0  1  0];['D' 'A' 'D' 'H'];['A' 'D' 'H' 'D'];0.71;0.02;0.27;0.42;0.04;0.53;64.0;36.0;wrexham afc;middlesbrough fc;1.53;1.61;
2026-05-02;192499201;England Championship;England;08:30;Full;-0.07114624505928857;1.875;3;1.975;3;0.0;6.0;;0.0;3.0;3.0;184.0;73.0;100.0;Watford;16.0;0.0;2.0;2.75;0;0.0;0 - 4;3.7;Coventry;1.0;0.0;1.0;2.3;2;4.0;+0.5;0 - 6;0-3;3;1.25;30 - 43;16 - 22;22.0;16.0;58.0;42.0;7.0;6.0;3.0;1.0;;;;;;;;110.0;74.0;43.0;30.0;56.0;44.0;11.0;10.0;6.0;2.0;;[19 43 58 85];[1 1 2 2];[False False False False];['Coventry' 'Coventry' 'Coventry' 'Coventry'];[ 0 -1 -2 -3];[-1 -2 -3 -4];['D' 'A' 'A' 'A'];['A' 'A' 'A' 'A'];0.21;0.0;0.79;0.42;0.0;0.58;24.0;11.0;watford fc;coventry city;1.57;1.5;
2026-05-02;192499144;England Championship;England;08:30;Full;0.24615384615384622;1.8;2.5, 3;2.05;2.5, 3;2.0;15.0;;0.0;7.0;7.0;157.0;82.0;100.0;Bristol City;13.0;0.0;1.0;1.95;1;2.0;2 - 0;3.6;Stoke;17.0;0.0;3.0;3.75;0;0.0;-0.5;2 - 15;0-7;2.75;1.25;25 - 57;16 - 30;30.0;16.0;56.0;44.0;5.0;1.0;1.0;4.0;;;;;;;;101.0;56.0;57.0;25.0;54.0;46.0;14.0;5.0;2.0;7.0;;[ 1 88];[1 2];[False False];['Bristol City' 'Bristol City'];[0 1];[1 2];['D' 'H'];['H' 'H'];0.01;0.99;0.0;0.02;0.98;0.0;58.0;29.0;bristol city;stoke city;1.61;1.57;
2026-05-02;193750976;Belgium Super League Women;Belgium;08:30;Full;0.050167224080267636;1.95;2.5;1.85;2.5;6.0;3.0;;1.0;2.0;3.0;204.0;173.0;100.0;Anderlecht (W);;0.0;2.0;2.3;0;1.0;1 - 1;3.4;OH Leuven (W);;1.0;0.0;2.6;1;1.0;0;6 - 3;1-2;2.5;1;114 - 59;44 - 33;33.0;44.0;55.0;45.0;0.0;1.0;1.0;2.0;;;;;;;;87.0;117.0;59.0;114.0;45.0;55.0;0.0;4.0;2.0;6.0;;[14 79];[1 2];[False False];['OH Leuven (W)' 'Anderlecht (W)'];[ 0 -1];[-1  0];['D' 'A'];['A' 'D'];0.28;0.0;0.72;0.31;0.0;0.69;2900.0;2918.0;rsc anderlecht;oud-heverlee leuven;;;Women
2026-05-02;193821316;Finland Kolmonen;Finland;08:30;Full;0.34141726866185074;1.875;3.5, 4;1.925;3.5, 4;3.0;6.0;;1.0;0.0;1.0;195.0;125.0;;Ylojarvi United;;0.0;1.0;1.615;2;3.0;3 - 1;4.5;NoPS;;0.0;0.0;3.6;0;1.0;-0.75;3 - 6;1-0;3.75;1.5;52 - 73;28 - 33;33.0;28.0;;;3.0;1.0;2.0;3.0;;;;;;;;105.0;90.0;73.0;52.0;;;6.0;3.0;4.0;7.0;;[ 7 44 51 75];[1 1 2 2];[False False False False];['Ylojarvi United' 'Ylojarvi United' 'Ylojarvi United' 'NoPS'];[0 1 2 3];[1 2 3 2];['D' 'H' 'H' 'H'];['H' 'H' 'H' 'H'];0.08;0.92;0.0;0.16;0.84;0.0;;;;;;;
2026-05-02;193813453;Singapore Premier League;Singapore;08:30;Full;0.11743450767841018;1.9;3.5, 4;1.9;3.5, 4;6.0;9.0;;1.0;5.0;6.0;162.0;102.0;100.0;Geylang International;;1.0;2.0;2.05;1;2.0;2 - 3;3.9;Balestier Khalsa FC;;1.0;2.0;2.7;2;3.0;-0.5;6 - 9;1-5;3.75;1.5;54 - 48;23 - 24;24.0;23.0;53.0;47.0;7.0;3.0;5.0;1.0;;;;;;;;68.0;94.0;48.0;54.0;49.0;51.0;15.0;11.0;9.0;8.0;;[22 38 47 84 92];[1 1 1 2 2];[False False  True False  True];"['Balestier Khalsa FC' 'Balestier Khalsa FC' 'Geylang International'
 'Geylang International' 'Balestier Khalsa FC']";[ 0 -1 -2 -1  0];[-1 -2 -1  0 -1];['D' 'A' 'A' 'A' 'D'];['A' 'A' 'A' 'D' 'A'];0.33;0.0;0.67;0.47;0.0;0.53;3044.0;3039.0;geylang international fc;balestier khalsa fc;1.36;1.36;
2026-05-02;192499142;England Championship;England;08:30;Full;0.1847745750184775;1.825;2.5;2.025;2.5;9.0;11.0;;2.0;6.0;8.0;183.0;81.0;100.0;Blackburn;20.0;0.0;1.0;2.05;0;0.0;0 - 1;3.6;Leicester;23.0;0.0;1.0;3.3;0;1.0;-0.25;9 - 11;2-6;2.5;1;41 - 40;14 - 20;20.0;14.0;53.0;47.0;8.0;1.0;4.0;2.0;;;;;;;;83.0;100.0;40.0;41.0;50.0;50.0;10.0;9.0;8.0;3.0;;[78];[2];[False];['Leicester'];[0];[-1];['D'];['A'];0.87;0.0;0.13;1.0;0.0;0.0;46.0;31.0;blackburn rovers;leicester city;1.66;1.66;
2026-05-02;192499146;England Championship;England;08:30;Full;0.34064158781444726;1.875;2.5, 3;1.975;2.5, 3;6.0;4.0;;4.0;2.0;6.0;177.0;105.0;100.0;Derby;8.0;0.0;4.0;1.75;1;1.0;1 - 2;3.7;Sheff Utd;15.0;0.0;3.0;4.333;0;2.0;-0.5;6 - 4;4-2;2.75;1.25;60 - 45;34 - 19;19.0;34.0;49.0;51.0;3.0;5.0;2.0;4.0;;;;;;;;87.0;90.0;45.0;60.0;49.0;51.0;7.0;11.0;8.0;4.0;;[ 5 62 69];[1 2 2];[False False False];['Derby' 'Sheff Utd' 'Sheff Utd'];[0 1 0];[ 1  0 -1];['D' 'H' 'D'];['H' 'D' 'A'];0.13;0.63;0.23;0.11;0.89;0.0;27.0;15.0;derby county;sheffield united;1.57;1.66;
2026-05-02;193780193;Scotland Women FA Cup;Scotland;08:30;Full;-0.09661835748792269;1.8;2.0, 2.5;2.0;2.0, 2.5;2.0;7.0;;1.0;3.0;4.0;147.0;66.0;100.0;Celtic (W);;0.0;1.0;2.875;1;1.0;1 - 1;3.1;Glasgow City (W);;0.0;1.0;2.25;0;1.0;+0.25;2 - 7;1-3;2.25;1;32 - 34;14 - 16;16.0;14.0;50.0;50.0;3.0;3.0;2.0;1.0;;;;;;;;79.0;68.0;34.0;32.0;50.0;50.0;8.0;7.0;3.0;1.0;;[27 85];[1 2];[False False];['Celtic (W)' 'Glasgow City (W)'];[0 1];[1 0];['D' 'H'];['H' 'D'];0.36;0.64;0.0;0.6;0.4;0.0;2352.0;;celtic glasgow;;;;Women
2026-05-02;192939375;Estonia Meistriliiga;Estonia;08:30;Full;-0.7799749522114561;1.95;3.5, 4;1.85;3.5, 4;0.0;10.0;;0.0;4.0;4.0;156.0;155.0;100.0;FC Kuressaare;;0.0;1.0;13.0;1;1.0;1 - 2;6.5;FC Levadia Tallinn;;0.0;2.0;1.167;0;2.0;+2.25;0 - 10;0-4;3.75;1.5;43 - 112;29 - 49;49.0;29.0;68.0;32.0;7.0;0.0;3.0;2.0;;;;;;;;90.0;66.0;112.0;43.0;68.0;32.0;19.0;2.0;7.0;3.0;;[18 51 67];[1 2 2];[False False False];['FC Kuressaare' 'FC Levadia Tallinn' 'FC Levadia Tallinn'];[0 1 0];[ 1  0 -1];['D' 'H' 'D'];['H' 'D' 'A'];0.38;0.37;0.26;0.4;0.6;0.0;7106.0;3342.0;fc kuressaare;fci levadia tallinn;2.1;1.83;
2026-05-02;192499199;England Championship;England;08:30;Full;0.2631578947368421;2.0;2.5, 3;1.85;2.5, 3;10.0;4.0;;2.0;1.0;3.0;175.0;75.0;100.0;Swansea;11.0;0.0;0.0;1.9;0;3.0;3 - 1;3.7;Charlton;19.0;0.0;0.0;3.8;0;1.0;-0.5;10 - 4;2-1;2.75;1;50 - 25;25 - 8;8.0;25.0;29.0;71.0;3.0;5.0;2.0;2.0;;;;;;;;69.0;106.0;25.0;50.0;29.0;71.0;10.0;13.0;3.0;9.0;;[74 79 82 88];[2 2 2 2];[False False False False];['Swansea' 'Charlton' 'Swansea' 'Swansea'];[0 1 0 1];[1 0 1 2];['D' 'H' 'D' 'H'];['H' 'D' 'H' 'H'];0.86;0.14;0.0;1.0;0.0;0.0;74.0;47.0;swansea city;charlton athletic;1.8;1.66;
2026-05-02;193327955;China Super League;China;08:35;Full;0.2485380116959064;2.0;3;1.8;3;6.0;9.0;;3.0;5.0;8.0;149.0;77.0;100.0;Zhejiang;;0.0;1.0;1.9;1;2.0;2 - 1;3.8;Shenzhen Xinpengcheng;;0.0;1.0;3.6;1;1.0;-0.5;6 - 9;3-5;3;1.25;45 - 32;18 - 12;12.0;18.0;40.0;60.0;1.0;4.0;4.0;6.0;;;;;;;;84.0;65.0;32.0;45.0;46.0;54.0;4.0;7.0;5.0;10.0;;[44 50 79];[1 1 2];[False  True False];['Shenzhen Xinpengcheng' 'Zhejiang' 'Zhejiang'];[ 0 -1  0];[-1  0  1];['D' 'A' 'D'];['A' 'D' 'H'];0.81;0.12;0.07;0.88;0.0;0.12;34697.0;422227.0;zhejiang fc;shenzhen peng city;1.57;1.57;
2026-05-02;193798650;Croatia 1.NL;Croatia;08:45;Full;0.4848484848484848;1.925;2.5;1.875;2.5;10.0;4.0;;7.0;2.0;9.0;246.0;144.0;100.0;NK Rudes;;0.0;1.0;1.5;1;1.0;1 - 1;3.7;NK Dubrava Zagreb;;0.0;3.0;5.5;0;1.0;-1;10 - 4;7-2;2.5;1;90 - 54;48 - 27;27.0;48.0;33.0;67.0;1.0;7.0;0.0;3.0;;;;;;;;117.0;129.0;54.0;90.0;37.0;63.0;5.0;16.0;1.0;7.0;;[43 73];[1 2];[False False];['NK Rudes' 'NK Dubrava Zagreb'];[0 1];[1 0];['D' 'H'];['H' 'D'];0.67;0.33;0.0;0.96;0.04;0.0;35226.0;393756.0;nk rudes zagreb;nk dubrava zagreb;2.25;2.1;
2026-05-02;193001712;Germany 3. Liga;Germany;09:00;Full;0.675;1.875;3.5, 4;1.925;3.5, 4;9.0;4.0;;2.0;0.0;2.0;161.0;99.0;100.0;Verl;6.0;0.0;0.0;1.25;3;4.0;4 - 0;5.5;TSV Havelse;17.0;0.0;3.0;8.0;0;0.0;-1.75;9 - 4;2-0;3.75;1.5;61 - 38;30 - 11;11.0;30.0;28.0;72.0;0.0;0.0;0.0;6.0;;;;;;;;72.0;89.0;38.0;61.0;36.0;64.0;3.0;5.0;1.0;10.0;;[44 46 49 48];[1 1 1 2];[False  True  True False];['Verl' 'Verl' 'Verl' 'Verl'];[0 1 2 3];[1 2 3 4];['D' 'H' 'H' 'H'];['H' 'H' 'H' 'H'];0.49;0.51;0.0;0.9;0.1;0.0;2593.0;7827.0;sc verl;tsv havelse;1.57;1.57;
2026-05-02;193776094;Denmark Division 3;Denmark;09:00;Full;0.43463497453310695;1.95;2.5, 3;1.85;2.5, 3;3.0;6.0;;2.0;3.0;5.0;109.0;75.0;100.0;Frem;7.0;0.0;0.0;1.55;0;1.0;1 - 4;3.9;Odder IGF;11.0;0.0;0.0;4.75;0;4.0;-1;3 - 6;2-3;2.75;1;41 - 34;23 - 16;16.0;23.0;47.0;53.0;4.0;1.0;5.0;2.0;;;;;;;;50.0;59.0;34.0;41.0;52.0;48.0;6.0;3.0;11.0;5.0;;[49 63 78 80 94];[2 2 2 2 2];[False False False False  True];['Odder IGF' 'Frem' 'Odder IGF' 'Odder IGF' 'Odder IGF'];[ 0 -1  0 -1 -2];[-1  0 -1 -2 -3];['D' 'A' 'D' 'A' 'A'];['A' 'D' 'A' 'A' 'A'];0.68;0.0;0.32;1.0;0.0;0.0;;;;;;;
2026-05-02;193776090;Denmark Division 3;Denmark;09:00;Full;0.20032051282051289;1.975;2.5, 3;1.825;2.5, 3;4.0;2.0;;2.0;0.0;2.0;177.0;75.0;100.0;FA 2000;;0.0;3.0;1.95;0;1.0;1 - 0;3.6;Næsby;;0.0;1.0;3.2;0;0.0;-0.5;4 - 2;2-0;2.75;1;32 - 43;14 - 18;18.0;14.0;63.0;37.0;0.0;2.0;1.0;0.0;;;;;;;;103.0;74.0;43.0;32.0;62.0;38.0;1.0;6.0;2.0;2.0;;[95];[2];[ True];['FA 2000'];[0];[1];['D'];['H'];1.0;0.0;0.0;1.0;0.0;0.0;;;;;;;
2026-05-02;193867497;Sweden 2.div Södra Götaland;Sweden;09:00;Full;0.11255411255411252;1.775;2.5, 3;2.025;2.5, 3;8.0;2.0;;3.0;1.0;4.0;161.0;94.0;;Staffanstorp United;;0.0;2.0;2.1;1;2.0;2 - 1;3.5;Räppe GOIF;;0.0;3.0;2.75;1;1.0;-0.25;8 - 2;3-1;2.75;1.25;59 - 35;24 - 19;19.0;24.0;;;1.0;4.0;1.0;3.0;;;;;;;;79.0;82.0;35.0;59.0;;;1.0;7.0;2.0;6.0;;[ 2 35 78];[1 1 2];[False False False];['Räppe GOIF' 'Staffanstorp United' 'Staffanstorp United'];[ 0 -1  0];[-1  0  1];['D' 'A' 'D'];['A' 'D' 'H'];0.5;0.13;0.37;0.27;0.0;0.73;1300016.0;327037.0;staffanstorp united;rappe goif;1.57;1.57;
2026-05-02;193775897;Denmark Division 2;Denmark;09:00;Schedule;0.11904761904761901;1.95;2.5, 3.0;1.85;2.5, 3.0;5.0;2.0;;5.0;2.0;7.0;36.0;26.0;100.0;Brabrand;;0.0;0.0;2.1;0;0.0;0 - 1;3.5;FC Helsingor;;0.0;0.0;2.8;1;1.0;-0.25 (-0.25);5 - 2;5-2;2.75 ( 2.5);1.0;16 - 10;nan;;;;;;;;;;;;;;;;16.0;20.0;10.0;16.0;50.0;50.0;2.0;3.0;2.0;1.0;;[3];[1];[False];['FC Helsingor'];[0];[-1];['D'];['A'];0.03;0.0;0.97;0.07;0.0;0.93;1398.0;6392.0;brabrand if;fc helsingoer;;;
2026-05-02;193786219;Georgia First League;Georgia;09:00;Full;0.06441223832528187;2.0;2.5;1.8;2.5;4.0;3.0;;1.0;1.0;2.0;174.0;163.0;100.0;FC Samtredia;;0.0;3.0;2.3;1;2.0;2 - 1;3.2;Sioni Bolnisi;;0.0;3.0;2.7;1;1.0;0;4 - 3;1-1;2.5;1.0;91 - 72;41 - 28;28.0;41.0;47.0;53.0;1.0;1.0;2.0;1.0;;;;;;;;76.0;98.0;72.0;91.0;46.0;54.0;6.0;6.0;3.0;3.0;;[15 31 95];[1 1 2];[False False  True];['FC Samtredia' 'Sioni Bolnisi' 'FC Samtredia'];[0 1 0];[1 0 1];['D' 'H' 'D'];['H' 'D' 'H'];0.83;0.17;0.0;0.64;0.36;0.0;;;;;;;
2026-05-02;193817356;Sweden Damallsvenskan;Sweden;09:00;Full;-0.2113344683080146;1.8;2.5, 3;2.0;2.5, 3;4.0;7.0;;3.0;2.0;5.0;202.0;38.0;100.0;Brommapojkarna (W);;0.0;0.0;3.2;3;3.0;3 - 2;3.5;Kristianstads (W);;0.0;1.0;1.909;1;2.0;+0.25;4 - 7;3-2;2.75;1.25;16 - 22;9 - 8;8.0;9.0;48.0;52.0;1.0;0.0;2.0;5.0;;;;;;;;111.0;91.0;22.0;16.0;52.0;48.0;4.0;0.0;3.0;6.0;;[ 3  5 14 32 80];[1 1 1 1 2];[False False False False False];"['Kristianstads (W)' 'Brommapojkarna (W)' 'Brommapojkarna (W)'
 'Brommapojkarna (W)' 'Kristianstads (W)']";[ 0 -1  0  1  2];[-1  0  1  2  1];['D' 'A' 'D' 'H' 'H'];['A' 'D' 'H' 'H' 'H'];0.13;0.84;0.02;0.27;0.69;0.04;1787.0;;if brommapojkarna;;;;Women
2026-05-02;193830594;Netherlands Eerste Divisie;Netherlands;09:00;Full;0.350140056022409;1.9;3.5;1.9;3.5;6.0;7.0;;2.0;1.0;3.0;161.0;89.0;100.0;Almere City;;0.0;1.0;1.7;1;3.0;3 - 0;4.2;FC Den Bosch;;0.0;0.0;4.2;0;0.0;-0.75;6 - 7;2-1;3.5;1.5;49 - 40;26 - 15;15.0;26.0;51.0;49.0;4.0;0.0;1.0;3.0;;;;;;;;67.0;94.0;40.0;49.0;52.0;48.0;8.0;9.0;3.0;8.0;;[41 82 90];[1 2 2];[False False False];['Almere City' 'Almere City' 'Almere City'];[0 1 2];[1 2 3];['D' 'H' 'H'];['H' 'H' 'H'];0.46;0.54;0.0;0.91;0.09;0.0;2990.0;2963.0;almere city fc;fc den bosch;1.36;1.36;
2026-05-02;193777548;Kazakhstan Premier League;Kazakhstan;09:00;Full;-0.4451612903225806;2.0;2.5, 3;1.8;2.5, 3;4.0;2.0;;1.0;2.0;3.0;168.0;78.0;100.0;Irtysh Pavlodar;12.0;0.0;2.0;5.0;0;0.0;0 - 1;3.6;Kairat Almaty;1.0;0.0;3.0;1.55;1;1.0;+1;4 - 2;1-2;2.75;1;32 - 46;13 - 18;18.0;13.0;50.0;50.0;5.0;2.0;3.0;2.0;;;;;;;;95.0;73.0;46.0;32.0;55.0;45.0;13.0;5.0;7.0;3.0;;[25];[1];[False];['Kairat Almaty'];[0];[-1];['D'];['A'];0.28;0.0;0.72;0.56;0.0;0.44;;;;;;;
2026-05-02;193879542;Norway Division 3 Group 1;Norway;09:00;Full;0.5762745034084609;1.975;4.0, 4.5;1.825;4.0, 4.5;3.0;1.0;;2.0;1.0;3.0;109.0;80.0;;Baerum;;0.0;4.0;1.333;0;2.0;2 - 1;5.25;Lokomotiv Oslo;;1.0;1.0;5.75;0;1.0;-1.5;3 - 1;2-1;4.25;1.75;52 - 28;28 - 14;14.0;28.0;;;1.0;3.0;0.0;2.0;;;;;;;;62.0;47.0;28.0;52.0;;;2.0;6.0;1.0;7.0;;[57 62 72];[2 2 2];[False False False];['Baerum' 'Baerum' 'Lokomotiv Oslo'];[0 1 2];[1 2 1];['D' 'H' 'H'];['H' 'H' 'H'];0.63;0.37;0.0;1.0;0.0;0.0;;;;;;;
2026-05-02;193830016;Norway Division 3 Group 2;Norway;09:00;Full;0.49369903632320244;1.95;4.0, 4.5;1.85;4.0, 4.5;8.0;5.0;;6.0;1.0;7.0;120.0;68.0;100.0;Nardo;;0.0;0.0;1.42;1;3.0;3 - 0;5.5;Orkla;;0.0;0.0;4.75;0;0.0;-1.5;8 - 5;6-1;4.25;1.75;40 - 28;20 - 13;13.0;20.0;44.0;56.0;2.0;3.0;1.0;4.0;;;;;;;;54.0;66.0;28.0;40.0;48.0;52.0;6.0;7.0;1.0;10.0;;[39 79 87];[1 2 2];[False False False];['Nardo' 'Nardo' 'Nardo'];[0 1 2];[1 2 3];['D' 'H' 'H'];['H' 'H' 'H'];0.43;0.57;0.0;0.87;0.13;0.0;;;;;;;
2026-05-02;193879996;Spain Youth League;Spain;09:00;Full;0.8334233423342334;1.825;3.5;1.975;3.5;4.0;4.0;;1.0;3.0;4.0;176.0;118.0;100.0;Atletico Barranco Hondo U19;;0.0;4.0;1.111;5;9.0;9 - 0;8.5;Villa Santa Brigida U19;;0.0;2.0;15.0;0;0.0;-2.5;4 - 4;1-3;3.5;1.5;70 - 48;37 - 21;21.0;37.0;46.0;54.0;6.0;6.0;2.0;6.0;;;;;;;;77.0;99.0;48.0;70.0;46.0;54.0;8.0;13.0;2.0;16.0;;[ 8 10 27 35 39 54 64 89 91];[1 1 1 1 1 2 2 2 2];[False False False False False False False False  True];"['Atletico Barranco Hondo U19' 'Atletico Barranco Hondo U19'
 'Atletico Barranco Hondo U19' 'Atletico Barranco Hondo U19'
 'Atletico Barranco Hondo U19' 'Atletico Barranco Hondo U19'
 'Atletico Barranco Hondo U19' 'Atletico Barranco Hondo U19'
 'Atletico Barranco Hondo U19']";[0 1 2 3 4 5 6 7 8];[1 2 3 4 5 6 7 8 9];['D' 'H' 'H' 'H' 'H' 'H' 'H' 'H' 'H'];['H' 'H' 'H' 'H' 'H' 'H' 'H' 'H' 'H'];0.09;0.91;0.0;0.18;0.82;0.0;;;;;;;Youth
2026-05-02;193930171;England Premier League 2 Play-Offs;England;09:00;Full;0.15517241379310343;1.85;3.0, 3.5;1.95;3.0, 3.5;11.0;6.0;;4.0;4.0;8.0;183.0;86.0;100.0;Norwich U21;;0.0;1.0;2.0;0;1.0;1 - 0;3.75;Swansea U21;;0.0;1.0;2.9;0;0.0;-0.25;11 - 6;4-4;3.25;1.25;58 - 28;22 - 12;12.0;22.0;46.0;54.0;1.0;2.0;0.0;0.0;;;;;;;;88.0;95.0;28.0;58.0;46.0;54.0;3.0;6.0;0.0;1.0;;[95];[2];[ True];['Norwich U21'];[0];[1];['D'];['H'];1.0;0.0;0.0;1.0;0.0;0.0;263.0;74.0;norwich city;swansea city;;;Youth
2026-05-02;193786217;Georgia Erovnuli Liga;Georgia;09:00;Full;-0.2271062271062272;2.05;2.0, 2.5;1.75;2.0, 2.5;6.0;4.0;;1.0;3.0;4.0;167.0;106.0;100.0;Meshakhte Tkibuli;;0.0;3.0;3.5;1;1.0;1 - 4;3.2;FC Iberia 1999;;0.0;4.0;1.95;2;4.0;+0.5;6 - 4;1-3;2.25;0.75;50 - 56;14 - 34;34.0;14.0;61.0;39.0;2.0;2.0;6.0;1.0;;;;;;;;93.0;74.0;56.0;50.0;53.0;47.0;5.0;4.0;8.0;3.0;;[10 20 41 75 79];[1 1 1 2 2];[False False False False False];"['FC Iberia 1999' 'Meshakhte Tkibuli' 'FC Iberia 1999' 'FC Iberia 1999'
 'FC Iberia 1999']";[ 0 -1  0 -1 -2];[-1  0 -1 -2 -3];['D' 'A' 'D' 'A' 'A'];['A' 'D' 'A' 'A' 'A'];0.34;0.0;0.66;0.69;0.0;0.31;;;;;;;
2026-05-02;193784612;Sweden Elitettan;Sweden;09:00;Full;-0.14285714285714285;1.8;3;2.0;3;6.0;6.0;;3.0;3.0;6.0;149.0;96.0;100.0;BK Hacken (W) II;;1.0;2.0;2.8;0;0.0;0 - 1;3.9;Alingsås IF (W);;0.0;0.0;2.0;0;1.0;+0.25;6 - 6;3-3;3;1.25;58 - 38;30 - 18;18.0;30.0;40.0;60.0;3.0;7.0;4.0;1.0;;;;;;;;66.0;83.0;38.0;58.0;41.0;59.0;7.0;11.0;6.0;3.0;;[67];[2];[False];['Alingsås IF (W)'];[0];[-1];['D'];['A'];0.74;0.0;0.26;1.0;0.0;0.0;1760.0;;bk hacken;;;;Youth-Women
2026-05-02;193197972;Finland Veikkausliiga;Finland;09:00;Full;0.040916530278232444;1.85;3;1.95;3;10.0;3.0;;4.0;1.0;5.0;177.0;107.0;100.0;SJK;;0.0;1.0;2.35;0;1.0;1 - 1;3.8;FC Ilves;;0.0;0.0;2.6;1;1.0;0;10 - 3;4-1;3;1.25;71 - 36;27 - 10;10.0;27.0;50.0;50.0;1.0;5.0;2.0;1.0;;;;;;;;67.0;110.0;36.0;71.0;50.0;50.0;7.0;15.0;2.0;4.0;;[ 1 91];[1 2];[False  True];['FC Ilves' 'SJK'];[ 0 -1];[-1  0];['D' 'A'];['A' 'D'];0.01;0.0;0.99;0.02;0.0;0.98;22395.0;22386.0;seinajoen jk;tampereen ilves;1.5;1.5;
2026-05-02;193001688;Germany 3. Liga;Germany;09:00;Full;0.17948717948717957;1.95;3.5;1.85;3.5;9.0;4.0;;2.0;1.0;3.0;179.0;91.0;100.0;Jahn Regensburg;;0.0;1.0;1.95;1;2.0;2 - 1;3.7;TSG Hoffenheim II;;0.0;3.0;3.0;0;1.0;-0.5;9 - 4;2-1;3.5;1.5;56 - 35;25 - 15;15.0;25.0;45.0;55.0;5.0;8.0;2.0;1.0;;;;;;;;90.0;89.0;35.0;56.0;47.0;53.0;6.0;14.0;3.0;5.0;;[21 90 97];[1 2 2];[False False  True];['Jahn Regensburg' 'Jahn Regensburg' 'TSG Hoffenheim II'];[0 1 2];[1 2 1];['D' 'H' 'H'];['H' 'H' 'H'];0.22;0.78;0.0;0.47;0.53;0.0;2567.0;5887.0;jahn regensburg;tsg hoffenheim ii;1.44;1.4;Youth
2026-05-02;193782397;Norway Toppserien Women;Norway;09:00;Full;-0.2936507936507936;1.925;3;1.875;3;7.0;7.0;;4.0;2.0;6.0;147.0;155.0;100.0;Haugesund (W);;0.0;0.0;3.6;0;0.0;0 - 3;3.75;Lyn (W);;0.0;1.0;1.75;1;3.0;+0.5;7 - 7;4-2;3;1.25;66 - 89;29 - 37;37.0;29.0;59.0;41.0;2.0;3.0;4.0;3.0;;;;;;;;86.0;61.0;89.0;66.0;58.0;42.0;9.0;7.0;9.0;6.0;;[ 8 69 91];[1 2 2];[False False  True];['Lyn (W)' 'Lyn (W)' 'Lyn (W)'];[ 0 -1 -2];[-1 -2 -3];['D' 'A' 'A'];['A' 'A' 'A'];0.09;0.0;0.91;0.18;0.0;0.82;673.0;;fk haugesund;;;;Women
2026-05-02;193001691;Germany 3. Liga;Germany;09:00;Full;0.2936507936507936;1.975;3.0, 3.5;1.825;3.0, 3.5;6.0;6.0;;2.0;4.0;6.0;157.0;81.0;100.0;Saarbrucken;15.0;0.0;2.0;1.75;1;2.0;2 - 0;3.7;Waldhof Mannheim;10.0;0.0;3.0;3.6;0;0.0;-0.5;6 - 6;2-4;3.25;1.25;40 - 41;20 - 20;20.0;20.0;50.0;50.0;7.0;1.0;0.0;3.0;;;;;;;;85.0;72.0;41.0;40.0;50.0;50.0;10.0;3.0;1.0;8.0;;[23 55];[1 2];[False False];['Saarbrucken' 'Saarbrucken'];[0 1];[1 2];['D' 'H'];['H' 'H'];0.26;0.74;0.0;0.51;0.49;0.0;2554.0;2680.0;1. fc saarbrucken;sv waldhof mannheim 07;1.5;1.44;
2026-05-02;193782399;Norway Toppserien Women;Norway;09:00;Full;-0.5542857142857143;1.8;2.5, 3;2.0;2.5, 3;7.0;10.0;;6.0;5.0;11.0;114.0;111.0;100.0;Røa (W);;0.0;0.0;6.25;0;0.0;0 - 1;4.2;Rosenborg (W);;0.0;4.0;1.4;1;1.0;+1.25;7 - 10;6-5;2.75;1.25;42 - 69;28 - 29;29.0;28.0;50.0;50.0;7.0;8.0;5.0;4.0;;;;;;;;82.0;32.0;69.0;42.0;60.0;40.0;14.0;10.0;7.0;8.0;;[27];[1];[False];['Rosenborg (W)'];[0];[-1];['D'];['A'];0.3;0.0;0.7;0.6;0.0;0.4;;1161.0;;rosenborg bk;;;Women
2026-05-02;193803715;Norway Division 3 Group 4;Norway;09:00;Full;0.20720720720720714;1.85;3.5;1.95;3.5;9.0;8.0;;2.0;5.0;7.0;197.0;146.0;;Våg;;1.0;4.0;1.85;1;2.0;2 - 4;4.1;Haugesund 2;;1.0;0.0;3.0;3;4.0;-0.75;9 - 8;2-5;3.5;1.5;78 - 68;31 - 33;33.0;31.0;;;1.0;1.0;4.0;3.0;;;;;;;;93.0;104.0;68.0;78.0;;;2.0;6.0;6.0;5.0;;[20 27 29 42 65 68];[1 1 1 1 2 2];[False False False False False False];['Haugesund 2' 'Haugesund 2' 'Haugesund 2' 'Våg' 'Våg' 'Haugesund 2'];[ 0 -1 -2 -3 -2 -1];[-1 -2 -3 -2 -1 -2];['D' 'A' 'A' 'A' 'A' 'A'];['A' 'A' 'A' 'A' 'A' 'A'];0.22;0.0;0.78;0.44;0.0;0.56;;;;;;;
2026-05-02;193001696;Germany 3. Liga;Germany;09:00;Full;-0.38109980834439044;1.775;3;2.025;3;3.0;10.0;;0.0;7.0;7.0;196.0;106.0;100.0;Schweinfurt 05;;0.0;3.0;4.2;1;1.0;1 - 1;3.8;1860 Munich;;0.0;2.0;1.615;1;1.0;+0.75;3 - 10;0-7;3;1.25;52 - 54;23 - 25;25.0;23.0;59.0;41.0;1.0;3.0;2.0;1.0;;;;;;;;95.0;101.0;54.0;52.0;57.0;43.0;5.0;6.0;3.0;2.0;;[27 31];[1 1];[False False];['Schweinfurt 05' '1860 Munich'];[0 1];[1 0];['D' 'H'];['H' 'D'];0.96;0.04;0.0;0.91;0.09;0.0;2544.0;2536.0;1. fc schweinfurt 05;tsv 1860 munich;1.57;1.53;
2026-05-02;193784657;Türkiye U19 League;Turkey;09:00;Full;0.12836438923395443;1.825;2.5;1.975;2.5;6.0;4.0;;3.0;0.0;3.0;140.0;73.0;100.0;Trabzonspor U19;;0.0;2.0;2.1;0;2.0;2 - 2;3.3;Goztepe U19;;1.0;5.0;2.875;1;2.0;-0.25;6 - 4;3-0;2.5;1;45 - 28;20 - 11;11.0;20.0;31.0;69.0;1.0;5.0;3.0;5.0;;;;;;;;59.0;81.0;28.0;45.0;36.0;64.0;3.0;10.0;5.0;10.0;;[13 46 61 67];[1 2 2 2];[False False False False];['Goztepe U19' 'Goztepe U19' 'Trabzonspor U19' 'Trabzonspor U19'];[ 0 -1 -2 -1];[-1 -2 -1  0];['D' 'A' 'A' 'A'];['A' 'A' 'A' 'D'];0.4;0.0;0.6;0.29;0.0;0.71;3051.0;3054.0;trabzonspor;goztepe izmir;;;Youth
2026-05-02;193879552;Norway Division 3 Group 6;Norway;09:00;Full;-0.37849462365591396;1.975;4;1.825;4;2.0;6.0;;2.0;4.0;6.0;139.0;146.0;;Rælingen;;0.0;3.0;3.75;1;2.0;2 - 1;4.75;Gjovik/Lyn;;0.0;2.0;1.55;0;1.0;+1;2 - 6;2-4;4;1.75;49 - 97;30 - 47;47.0;30.0;;;3.0;2.0;1.0;1.0;;;;;;;;80.0;59.0;97.0;49.0;;;4.0;2.0;6.0;4.0;;[11 59 67];[1 2 2];[False False False];['Rælingen' 'Gjovik/Lyn' 'Rælingen'];[0 1 0];[1 0 1];['D' 'H' 'D'];['H' 'D' 'H'];0.21;0.79;0.0;0.24;0.76;0.0;;;;;;;
2026-05-02;193879627;Norway Toppserien Women;Norway;09:00;Full;-0.33182503770739064;1.9;3;1.9;3;2.0;2.0;;1.0;1.0;2.0;192.0;105.0;100.0;Molde FK (W);;0.0;0.0;3.9;1;2.0;2 - 3;3.7;Fortuna Aalesund (W);;0.0;0.0;1.7;1;3.0;+0.75;2 - 2;1-1;3;1.25;39 - 66;18 - 28;28.0;18.0;55.0;45.0;5.0;4.0;3.0;4.0;;;;;;;;104.0;88.0;66.0;39.0;55.0;45.0;14.0;10.0;7.0;7.0;;[12 35 49 55 77];[1 1 2 2 2];[False False False False False];"['Fortuna Aalesund (W)' 'Molde FK (W)' 'Fortuna Aalesund (W)'
 'Molde FK (W)' 'Fortuna Aalesund (W)']";[ 0 -1  0 -1  0];[-1  0 -1  0 -1];['D' 'A' 'D' 'A' 'D'];['A' 'D' 'A' 'D' 'A'];0.53;0.0;0.47;0.49;0.0;0.51;;;;;;;Women
2026-05-02;193777572;Latvia Virsliga;Latvia;09:00;Full;0.035714285714285754;2.0;2.5;1.8;2.5;5.0;7.0;;0.0;4.0;4.0;117.0;110.0;100.0;SC Grobinas;7.0;0.0;5.0;2.4;0;1.0;1 - 1;3.2;BFC Daugavpils;5.0;0.0;2.0;2.625;0;1.0;0;5 - 7;0-4;2.5;1;55 - 55;24 - 35;35.0;24.0;63.0;37.0;9.0;2.0;0.0;0.0;;;;;;;;69.0;48.0;55.0;55.0;55.0;45.0;11.0;6.0;1.0;1.0;;[51 93];[2 2];[False  True];['BFC Daugavpils' 'SC Grobinas'];[ 0 -1];[-1  0];['D' 'A'];['A' 'D'];0.55;0.0;0.45;1.0;0.0;0.0;52220.0;41498.0;grobinas sc/lfs;bfc daugavpils;1.83;1.8;
2026-05-02;193879694;Norway Division 2 Group 1;Norway;09:00;Full;0.4444444444444444;2.0;3.0, 3.5;1.8;3.0, 3.5;5.0;3.0;;1.0;1.0;2.0;192.0;93.0;;Bjarg;;0.0;3.0;1.5;1;2.0;2 - 2;4.2;Lysekloster;;1.0;1.0;4.5;1;2.0;-1;5 - 3;1-1;3.25;1.25;51 - 42;21 - 21;21.0;21.0;;;2.0;3.0;2.0;3.0;;;;;;;;99.0;93.0;42.0;51.0;;;5.0;6.0;6.0;6.0;;[13 32 74 97];[1 1 2 2];[False False False  True];['Bjarg' 'Lysekloster' 'Lysekloster' 'Bjarg'];[ 0  1  0 -1];[ 1  0 -1  0];['D' 'H' 'D' 'A'];['H' 'D' 'A' 'D'];0.57;0.2;0.24;0.58;0.42;0.0;35610.0;199925.0;bjarg;lysekloster;1.53;1.61;
2026-05-02;193936452;Norway Division 3 Group 6;Norway;09:00;Full;0.4617337920091446;1.825;3.5;1.975;3.5;7.0;3.0;;1.0;2.0;3.0;192.0;89.0;100.0;Oppsal;;0.0;0.0;1.444;1;4.0;4 - 1;5.25;Bjørkelangen;;1.0;2.0;4.333;1;1.0;-1.25;7 - 3;1-2;3.5;1.5;60 - 29;29 - 14;14.0;29.0;47.0;53.0;0.0;7.0;1.0;7.0;;;;;;;;85.0;107.0;29.0;60.0;40.0;60.0;2.0;20.0;2.0;16.0;;[10 45 71 73 93];[1 1 2 2 2];[False False False False  True];['Bjørkelangen' 'Oppsal' 'Oppsal' 'Oppsal' 'Oppsal'];[ 0 -1  0  1  2];[-1  0  1  2  3];['D' 'A' 'D' 'H' 'H'];['A' 'D' 'H' 'H' 'H'];0.39;0.24;0.38;0.22;0.0;0.78;;;;;;;
2026-05-02;193949855;Norway Division 2 Group 2;Norway;09:00;Full;0.09474590869939709;1.925;3.0, 3.5;1.875;3.0, 3.5;3.0;4.0;;0.0;2.0;2.0;259.0;75.0;;Skeid;;0.0;2.0;2.15;1;1.0;1 - 2;3.6;Eidsvold TF;;0.0;1.0;2.7;1;2.0;+0.25;3 - 4;0-2;3.25;1.25;22 - 53;7 - 29;29.0;7.0;;;0.0;1.0;3.0;1.0;;;;;;;;151.0;108.0;53.0;22.0;;;2.0;3.0;5.0;1.0;;[ 2 27 62];[1 1 2];[False False False];['Skeid' 'Eidsvold TF' 'Eidsvold TF'];[0 1 0];[ 1  0 -1];['D' 'H' 'D'];['H' 'D' 'A'];0.41;0.28;0.31;0.44;0.56;0.0;679.0;694.0;skeid fotball;eidsvold tf;1.4;1.44;
2026-05-02;193812746;Poland Ekstraliga Women;Poland;09:00;Full;0.08417508417508418;1.8;2.5, 3;2.0;2.5, 3;8.0;5.0;;4.0;2.0;6.0;304.0;186.0;100.0;Gornik Leczna (W);;1.0;3.0;2.2;1;2.0;2 - 1;3.5;GKS Katowice (W);;0.0;2.0;2.7;0;1.0;-0.25;8 - 5;4-2;2.75;1.25;86 - 100;39 - 59;59.0;39.0;51.0;49.0;4.0;2.0;0.0;1.0;;;;;;;;150.0;154.0;100.0;86.0;45.0;55.0;4.0;6.0;1.0;2.0;;[17 58 82];[1 2 2];[False False False];['Gornik Leczna (W)' 'Gornik Leczna (W)' 'GKS Katowice (W)'];[0 1 2];[1 2 1];['D' 'H' 'H'];['H' 'H' 'H'];0.19;0.81;0.0;0.38;0.62;0.0;3125.0;3112.0;gornik leczna;gks katowice;;;Women
2026-05-02;192946771;Spain La Liga;Spain;09:00;Full;0.3560606060606061;1.85;3;2.0;3;7.0;3.0;;4.0;0.0;4.0;188.0;79.0;100.0;Villarreal;3.0;0.0;3.0;1.65;1;5.0;5 - 1;3.9;Levante;19.0;0.0;1.0;4.0;0;1.0;-0.75;7 - 3;4-0;3;1.25;53 - 26;37 - 11;11.0;37.0;39.0;61.0;3.0;7.0;1.0;1.0;;;;;;;;76.0;112.0;26.0;53.0;46.0;54.0;9.0;12.0;3.0;8.0;;[38 51 62 68 87 90];[1 2 2 2 2 2];[False False False False False False];"['Villarreal' 'Levante' 'Villarreal' 'Villarreal' 'Villarreal'
 'Villarreal']";[0 1 0 1 2 3];[1 0 1 2 3 4];['D' 'H' 'D' 'H' 'H' 'H'];['H' 'D' 'H' 'H' 'H' 'H'];0.54;0.46;0.0;0.84;0.16;0.0;2819.0;2849.0;villarreal cf;levante ud;1.66;1.53;
2026-05-02;193001685;Germany 3. Liga;Germany;09:00;Full;0.026619343389529815;1.9;3.0, 3.5;1.9;3.0, 3.5;4.0;3.0;;2.0;0.0;2.0;181.0;81.0;100.0;Alemannia Aachen;7.0;0.0;2.0;2.3;0;1.0;1 - 1;3.6;Hansa Rostock;5.0;0.0;6.0;2.45;1;1.0;0;4 - 3;2-0;3.25;1.25;44 - 37;20 - 10;10.0;20.0;49.0;51.0;0.0;4.0;1.0;1.0;;;;;;;;95.0;86.0;37.0;44.0;46.0;54.0;4.0;9.0;3.0;3.0;;[42 58];[1 2];[False False];['Hansa Rostock' 'Alemannia Aachen'];[ 0 -1];[-1  0];['D' 'A'];['A' 'D'];0.82;0.0;0.18;0.93;0.0;0.07;2546.0;2533.0;alemannia aachen;hansa rostock;1.44;1.4;
2026-05-02;193803276;Norway Division 2 Group 2;Norway;09:00;Full;0.2777777777777778;1.85;2.5, 3;1.95;2.5, 3;4.0;7.0;;1.0;3.0;4.0;138.0;143.0;;Kjelsås;;0.0;2.0;1.8;2;4.0;4 - 1;3.6;Lørenskog;;0.0;5.0;3.6;0;1.0;-0.75;4 - 7;1-3;2.75;1.25;60 - 83;26 - 49;49.0;26.0;;;5.0;3.0;1.0;2.0;;;;;;;;76.0;62.0;83.0;60.0;;;6.0;4.0;2.0;5.0;;[ 5 39 53 66 84];[1 1 2 2 2];[False False False False False];['Kjelsås' 'Kjelsås' 'Kjelsås' 'Kjelsås' 'Lørenskog'];[0 1 2 3 4];[1 2 3 4 3];['D' 'H' 'H' 'H' 'H'];['H' 'H' 'H' 'H' 'H'];0.06;0.94;0.0;0.11;0.89;0.0;670.0;684.0;kjelsaas;loerenskog if;1.57;1.53;
2026-05-02;193880259;Brazil Campeonato Baiano U20;Brazil;09:00;Full;-0.5341614906832299;2.0;3.0, 3.5;1.8;3.0, 3.5;2.0;4.0;;2.0;2.0;4.0;215.0;120.0;100.0;Feirense FC U20;;0.0;5.0;5.25;1;1.0;1 - 0;5.0;Galicia U20;;1.0;2.0;1.38;0;0.0;+1.5;2 - 4;2-2;3.25;1.25;44 - 76;31 - 24;24.0;31.0;49.0;51.0;3.0;2.0;1.0;4.0;;;;;;;;112.0;103.0;76.0;44.0;54.0;46.0;12.0;3.0;3.0;6.0;;[42];[1];[False];['Feirense FC U20'];[0];[1];['D'];['H'];0.47;0.53;0.0;0.93;0.07;0.0;;;;;;;Youth
2026-05-02;193777402;Thailand Premier League;Thailand;09:00;Full;0.0;1.9;3;1.9;3;4.0;8.0;;2.0;2.0;4.0;132.0;81.0;100.0;Kanchanaburi Power;14.0;0.0;2.0;2.45;0;2.0;2 - 2;3.4;Chonburi;9.0;0.0;4.0;2.45;1;2.0;-0.25;4 - 8;2-2;3;1.25;46 - 35;32 - 16;16.0;32.0;35.0;65.0;3.0;6.0;2.0;2.0;;;;;;;;48.0;84.0;35.0;46.0;39.0;61.0;15.0;13.0;9.0;4.0;;[40 63 84 95];[1 2 2 2];[False False False  True];['Chonburi' 'Kanchanaburi Power' 'Chonburi' 'Kanchanaburi Power'];[ 0 -1  0 -1];[-1  0 -1  0];['D' 'A' 'D' 'A'];['A' 'D' 'A' 'D'];0.64;0.0;0.36;0.89;0.0;0.11;766834.0;35886.0;kanchanaburi power fc;chonburi fc;1.66;1.5;
2026-05-02;193882017;Türkiye U19 League;Turkey;09:00;Full;0.0735930735930736;1.85;3;1.95;3;10.0;5.0;;9.0;0.0;9.0;172.0;87.0;100.0;Samsunspor U19;;0.0;2.0;2.2;1;1.0;1 - 2;3.6;Galatasaray U19;;0.0;1.0;2.625;1;2.0;-0.25;10 - 5;9-0;3;1.25;48 - 39;24 - 15;15.0;24.0;40.0;60.0;2.0;5.0;1.0;3.0;;;;;;;;80.0;92.0;39.0;48.0;47.0;53.0;4.0;12.0;2.0;3.0;;[31 43 82];[1 1 2];[False False False];['Samsunspor U19' 'Galatasaray U19' 'Galatasaray U19'];[0 1 0];[ 1  0 -1];['D' 'H' 'D'];['H' 'D' 'A'];0.78;0.13;0.09;0.73;0.27;0.0;3053.0;3061.0;samsunspor;galatasaray istanbul;;;Youth
2026-05-02;193330019;Romania Liga I;Romania;09:00;Full;0.5817805383022776;2.0;2.5, 3;1.8;2.5, 3;3.0;2.0;;1.0;1.0;2.0;148.0;85.0;100.0;Otelul Galati;;0.0;3.0;1.38;0;2.0;2 - 2;4.333;Metaloglobus Bucuresti;;0.0;2.0;7.0;2;2.0;-1.25;3 - 2;1-1;2.75;1;57 - 28;23 - 13;13.0;23.0;37.0;63.0;3.0;6.0;3.0;2.0;;;;;;;;67.0;81.0;28.0;57.0;38.0;62.0;3.0;13.0;5.0;7.0;;[35 47 74 84];[1 1 2 2];[False  True False False];"['Metaloglobus Bucuresti' 'Metaloglobus Bucuresti' 'Otelul Galati'
 'Otelul Galati']";[ 0 -1 -2 -1];[-1 -2 -1  0];['D' 'A' 'A' 'A'];['A' 'A' 'A' 'D'];0.46;0.0;0.54;0.74;0.0;0.26;3291.0;79081.0;asc otelul galati;metaloglobus bucuresti;2.1;2.1;
2026-05-02;193824195;Serbia League Women;Serbia;09:00;Full;0.6445444319460067;1.975;3.0, 3.5;1.825;3.0, 3.5;3.0;0.0;;3.0;0.0;3.0;201.0;94.0;;ZFK Crvena Zvezda (W);;0.0;0.0;1.27;3;5.0;5 - 0;5.5;Vojvodina (W);;0.0;0.0;7.0;0;0.0;-1.75;3 - 0;3-0;3.25;1.25;74 - 20;38 - 5;5.0;38.0;;;1.0;2.0;1.0;4.0;;;;;;;;81.0;120.0;20.0;74.0;;;2.0;8.0;2.0;11.0;;[18 34 45 76 85];[1 1 1 2 2];[False False False False False];"['ZFK Crvena Zvezda (W)' 'ZFK Crvena Zvezda (W)' 'ZFK Crvena Zvezda (W)'
 'ZFK Crvena Zvezda (W)' 'ZFK Crvena Zvezda (W)']";[0 1 2 3 4];[1 2 3 4 5];['D' 'H' 'H' 'H' 'H'];['H' 'H' 'H' 'H' 'H'];0.2;0.8;0.0;0.4;0.6;0.0;;5150.0;;fk vojvodina novi sad;;;Women
2026-05-02;193928640;Republic of Ireland U20 League;Republic of Ireland;09:00;Full;-0.06511627906976741;1.85;3.0, 3.5;1.95;3.0, 3.5;8.0;3.0;;5.0;1.0;6.0;218.0;130.0;100.0;Sligo Rovers U20;;0.0;0.0;2.5;0;1.0;1 - 5;3.9;Shelbourne U20;;0.0;3.0;2.15;3;5.0;+0.25;8 - 3;5-1;3.25;1.25;70 - 60;37 - 34;34.0;37.0;51.0;49.0;3.0;9.0;5.0;3.0;;;;;;;;99.0;119.0;60.0;70.0;48.0;52.0;8.0;14.0;8.0;7.0;;[ 1 33 46 57 74 76];[1 1 1 2 2 2];[False False  True False False False];"['Shelbourne U20' 'Shelbourne U20' 'Shelbourne U20' 'Shelbourne U20'
 'Sligo Rovers U20' 'Shelbourne U20']";[ 0 -1 -2 -3 -4 -3];[-1 -2 -3 -4 -3 -4];['D' 'A' 'A' 'A' 'A' 'A'];['A' 'A' 'A' 'A' 'A' 'A'];0.01;0.0;0.99;0.02;0.0;0.98;3190.0;3174.0;sligo rovers fc;shelbourne fc;;;Youth
2026-05-02;193050866;Poland II Liga;Poland;09:00;Full;0.3617847858999628;1.95;2.5, 3;1.85;2.5, 3;5.0;5.0;;4.0;1.0;5.0;184.0;88.0;100.0;Rekord Bielsko-Biala;;0.0;0.0;1.667;1;1.0;1 - 0;3.6;LKS Lodz II;;0.0;1.0;4.2;0;0.0;-0.75;5 - 5;4-1;2.75;1.25;34 - 54;25 - 17;17.0;25.0;44.0;56.0;1.0;5.0;1.0;2.0;;;;;;;;100.0;84.0;54.0;34.0;60.0;40.0;12.0;8.0;3.0;2.0;;[45];[1];[False];['Rekord Bielsko-Biala'];[0];[1];['D'];['H'];0.5;0.5;0.0;1.0;0.0;0.0;240366.0;681381.0;rekord bielsko biala;lks lodz ii;;;Youth
2026-05-02;193822214;Slovakia I Liga Women;Slovakia;09:00;Full;0.4991789819376027;1.925;3.5, 4;1.875;3.5, 4;2.0;2.0;;0.0;1.0;1.0;150.0;66.0;100.0;MFK Ruzomberok (W);;0.0;0.0;1.45;0;0.0;0 - 1;4.333;Spartak Trnava (W);;0.0;3.0;5.25;1;1.0;-1.25;2 - 2;0-1;3.75;1.5;28 - 38;13 - 15;15.0;13.0;49.0;51.0;1.0;2.0;1.0;0.0;;;;;;;;80.0;70.0;38.0;28.0;51.0;49.0;4.0;4.0;3.0;1.0;;[12];[1];[False];['Spartak Trnava (W)'];[0];[-1];['D'];['A'];0.13;0.0;0.87;0.27;0.0;0.73;2397.0;2406.0;mfk ruzomberok;fc spartak trnava;;;Women
2026-05-02;193327958;China Super League;China;09:00;Full;0.0;1.95;3.0, 3.5;1.85;3.0, 3.5;5.0;8.0;;4.0;1.0;5.0;160.0;98.0;100.0;Yunnan Yukun;4.0;0.0;0.0;2.55;1;3.0;3 - 3;3.6;Beijing Guoan;12.0;0.0;0.0;2.55;1;3.0;0;5 - 8;4-1;3.25;1.25;49 - 49;25 - 25;25.0;25.0;54.0;46.0;2.0;4.0;4.0;2.0;;;;;;;;73.0;87.0;49.0;49.0;53.0;47.0;6.0;7.0;8.0;5.0;;[22 46 60 77 81 90];[1 1 2 2 2 2];[False  True False False False False];"['Beijing Guoan' 'Yunnan Yukun' 'Beijing Guoan' 'Yunnan Yukun'
 'Beijing Guoan' 'Yunnan Yukun']";[ 0 -1  0 -1  0 -1];[-1  0 -1  0 -1  0];['D' 'A' 'D' 'A' 'D' 'A'];['A' 'D' 'A' 'D' 'A' 'D'];0.44;0.0;0.56;0.48;0.0;0.52;1009011.0;3376.0;yunnan yukun;beijing guoan;1.44;1.4;
2026-05-02;193881248;France U19 League;France;09:00;Full;0.1923076923076923;1.975;2.5, 3;1.825;2.5, 3;5.0;6.0;;3.0;2.0;5.0;146.0;74.0;100.0;Auxerre U19;;0.0;1.0;2.0;4;7.0;7 - 3;3.25;Troyes U19;;0.0;0.0;3.25;1;3.0;-0.5;5 - 6;3-2;2.75;1;47 - 27;25 - 13;13.0;25.0;50.0;50.0;1.0;3.0;3.0;4.0;;;;;;;;65.0;81.0;27.0;47.0;47.0;53.0;2.0;6.0;9.0;7.0;;[ 8 11 29 31 34 56 63 65 85 93];[1 1 1 1 1 2 2 2 2 2];[False False False False False False False False False  True];"['Troyes U19' 'Auxerre U19' 'Auxerre U19' 'Auxerre U19' 'Auxerre U19'
 'Troyes U19' 'Auxerre U19' 'Troyes U19' 'Auxerre U19' 'Auxerre U19']";[ 0 -1  0  1  2  3  2  3  2  3];[-1  0  1  2  3  2  3  2  3  4];['D' 'A' 'D' 'H' 'H' 'H' 'H' 'H' 'H' 'H'];['A' 'D' 'H' 'H' 'H' 'H' 'H' 'H' 'H' 'H'];0.28;0.69;0.03;0.58;0.36;0.07;1646.0;1652.0;aj auxerre;estac troyes;;;Youth
2026-05-02;193779964;Azerbaijan Premier League;Azerbaijan;09:00;Full;-0.12121212121212122;2.025;2.0, 2.5;1.775;2.0, 2.5;6.0;4.0;;3.0;2.0;5.0;148.0;90.0;100.0;FK Kapaz;;0.0;2.0;3.0;0;2.0;2 - 1;3.0;FK Sumqayit;;0.0;2.0;2.2;0;1.0;0.25;6 - 4;3-2;2.25;0.75;48 - 42;25 - 21;21.0;25.0;55.0;45.0;4.0;1.0;2.0;5.0;;;;;;;;71.0;77.0;42.0;48.0;60.0;40.0;7.0;2.0;3.0;7.0;;[64 86 90];[2 2 2];[False False False];['FK Sumqayit' 'FK Kapaz' 'FK Kapaz'];[ 0 -1  0];[-1  0  1];['D' 'A' 'D'];['A' 'D' 'H'];0.76;0.0;0.24;1.0;0.0;0.0;;;;;;;
2026-05-02;193832286;Hungary NBI Women;Hungary;09:00;Full;0.5646376811594204;1.975;3;1.825;3;6.0;6.0;;2.0;3.0;5.0;149.0;175.0;;Ferencvarosi TC (W);1.0;0.0;1.0;1.38;2;5.0;5 - 1;4.333;MTK Budapest (W);7.0;0.0;1.0;6.25;1;1.0;-1.25;6 - 6;2-3;3;1.25;95 - 80;49 - 40;40.0;49.0;;;1.0;1.0;2.0;6.0;;;;;;;;67.0;82.0;80.0;95.0;;;2.0;3.0;5.0;13.0;;[ 7 12 18 52 54 56];[1 1 1 2 2 2];[False False False False False False];"['Ferencvarosi TC (W)' 'MTK Budapest (W)' 'Ferencvarosi TC (W)'
 'Ferencvarosi TC (W)' 'Ferencvarosi TC (W)' 'Ferencvarosi TC (W)']";[0 1 0 1 2 3];[1 0 1 2 3 4];['D' 'H' 'D' 'H' 'H' 'H'];['H' 'D' 'H' 'H' 'H' 'H'];0.14;0.86;0.0;0.29;0.71;0.0;1925.0;1915.0;ferencvarosi budapest;mtk budapest;;;Women
2026-05-02;193832274;Hungary NBI Women;Hungary;09:00;Full;-0.29332450988501946;1.975;3.0, 3.5;1.825;3.0, 3.5;9.0;3.0;;6.0;3.0;9.0;209.0;131.0;;Szekszardi (W);;0.0;1.0;3.5;0;3.0;3 - 0;4.0;Diosgyori VTK (W);;0.0;1.0;1.727;0;0.0;+0.5;9 - 3;6-3;3.25;1.25;85 - 46;38 - 23;23.0;38.0;;;0.0;4.0;0.0;0.0;;;;;;;;96.0;113.0;46.0;85.0;;;2.0;7.0;0.0;7.0;;[60 66 81];[2 2 2];[False False False];['Szekszardi (W)' 'Szekszardi (W)' 'Szekszardi (W)'];[0 1 2];[1 2 3];['D' 'H' 'H'];['H' 'H' 'H'];0.67;0.33;0.0;1.0;0.0;0.0;;5121.0;;diosgyori vtk;;;Women
2026-05-02;193870280;Switzerland U19 Elite;Switzerland;09:00;Full;0.10318949343339595;1.85;3.5, 4;1.95;3.5, 4;4.0;8.0;;1.0;5.0;6.0;161.0;77.0;100.0;Grasshoppers U19;;0.0;5.0;2.05;1;2.0;2 - 0;4.2;Young Boys U19;;0.0;3.0;2.6;0;0.0;-0.25;4 - 8;1-5;3.75;1.5;33 - 44;16 - 20;20.0;16.0;59.0;41.0;4.0;4.0;4.0;2.0;;;;;;;;91.0;70.0;44.0;33.0;58.0;42.0;6.0;8.0;4.0;7.0;;[32 53];[1 2];[False False];['Grasshoppers U19' 'Grasshoppers U19'];[0 1];[1 2];['D' 'H'];['H' 'H'];0.36;0.64;0.0;0.71;0.29;0.0;2449.0;2445.0;grasshopper club zurich;young boys bern;;;Youth
2026-05-02;193822024;Vietnam V-League 2;Vietnam;09:15;Full;0.9031580472258438;1.85;3.0, 3.5;1.95;3.0, 3.5;8.0;1.0;;4.0;0.0;4.0;92.0;57.0;100.0;Truong Tuoi Dong Nai;;0.0;0.0;1.062;2;6.0;6 - 0;12.0;Cong An HCMC II;;0.0;1.0;26.0;0;0.0;-2.75;8 - 1;4-0;3.25;1.25;46 - 11;26 - 2;2.0;26.0;30.0;70.0;0.0;6.0;0.0;3.0;;;;;;;;32.0;60.0;11.0;46.0;38.0;62.0;0.0;9.0;2.0;7.0;;[15 33 52 80 86 90];[1 1 2 2 2 2];[False False False False False False];"['Truong Tuoi Dong Nai' 'Truong Tuoi Dong Nai' 'Truong Tuoi Dong Nai'
 'Truong Tuoi Dong Nai' 'Truong Tuoi Dong Nai' 'Truong Tuoi Dong Nai']";[0 1 2 3 4 5];[1 2 3 4 5 6];['D' 'H' 'H' 'H' 'H' 'H'];['H' 'H' 'H' 'H' 'H' 'H'];0.17;0.83;0.0;0.33;0.67;0.0;;33120.0;;cong an tp ho chi minh city fc;;;Youth
2026-05-02;193781997;Malaysia Super League;Malaysia;09:15;Full;0.7407605307685458;1.9;3.5;1.9;3.5;5.0;1.0;;1.0;0.0;1.0;160.0;92.0;100.0;Johor Darul Ta'zim;;0.0;1.0;1.182;2;7.0;7 - 0;7.0;Kuala Lumpur City;;1.0;1.0;9.5;0;0.0;-2.25;5 - 1;1-0;3.5;1.5;70 - 22;33 - 6;6.0;33.0;50.0;50.0;1.0;7.0;1.0;3.0;;;;;;;;77.0;83.0;22.0;70.0;50.0;50.0;3.0;15.0;1.0;14.0;;[18 34 72 77 82 84 92];[1 1 2 2 2 2 2];[False False False False False False  True];"[""Johor Darul Ta'zim"" ""Johor Darul Ta'zim"" ""Johor Darul Ta'zim""
 ""Johor Darul Ta'zim"" ""Johor Darul Ta'zim"" ""Johor Darul Ta'zim""
 ""Johor Darul Ta'zim""]";[0 1 2 3 4 5 6];[1 2 3 4 5 6 7];['D' 'H' 'H' 'H' 'H' 'H' 'H'];['H' 'H' 'H' 'H' 'H' 'H' 'H'];0.2;0.8;0.0;0.4;0.6;0.0;3327.0;;johor darul ta'zim;;;;
2026-05-02;193779947;Austria 2. Liga;Austria;09:30;Full;-0.31501831501831495;1.9;2.5;1.9;2.5;4.0;3.0;;3.0;3.0;6.0;229.0;117.0;100.0;FK Austria Vienna II;;0.0;2.0;3.9;0;0.0;0 - 5;4.0;Floridsdorfer AC;;0.0;0.0;1.75;2;5.0;+0.75;4 - 3;3-3;2.5;1.0;49 - 68;27 - 36;36.0;27.0;50.0;50.0;2.0;4.0;4.0;1.0;;;;;;;;124.0;105.0;68.0;49.0;50.0;50.0;3.0;5.0;7.0;2.0;;[ 6  8 55 63 83];[1 1 2 2 2];[False False False False False];"['Floridsdorfer AC' 'Floridsdorfer AC' 'Floridsdorfer AC'
 'Floridsdorfer AC' 'Floridsdorfer AC']";[ 0 -1 -2 -3 -4];[-1 -2 -3 -4 -5];['D' 'A' 'A' 'A' 'A'];['A' 'A' 'A' 'A' 'A'];0.07;0.0;0.93;0.13;0.0;0.87;2108.0;7785.0;young violets wien;fac wien;1.83;1.83;Youth
2026-05-02;193777407;Thailand Premier League;Thailand;09:30;Full;0.050167224080267636;1.8;2.5, 3;2.0;2.5, 3;2.0;8.0;;1.0;1.0;2.0;158.0;74.0;100.0;Port FC;2.0;0.0;1.0;2.3;3;3.0;3 - 1;3.3;Buriram United;1.0;0.0;2.0;2.6;0;1.0;-0.25;2 - 8;1-1;2.75;1.25;31 - 43;-;0.0;0.0;;;0.0;0.0;0.0;0.0;;;;;;;;95.0;63.0;43.0;31.0;62.0;38.0;9.0;5.0;7.0;9.0;;[ 4 22 48 95];[1 1 1 2];[False False  True  True];['Port FC' 'Port FC' 'Port FC' 'Buriram United'];[0 1 2 3];[1 2 3 2];['D' 'H' 'H' 'H'];['H' 'H' 'H' 'H'];0.04;0.96;0.0;0.08;0.92;0.0;40661.0;34218.0;port fc;buriram united;1.61;1.53;
2026-05-02;193189718;Austria 2. Liga;Austria;09:30;Full;0.23219814241486064;1.925;2.5, 3.0;1.875;2.5, 3.0;3.0;6.0;;3.0;2.0;5.0;188.0;117.0;100.0;First Vienna FC 1894;8.0;0.0;1.0;1.9;1;1.0;1 - 0;3.5;Hertha Wels;10.0;0.0;2.0;3.4;0;0.0;-0.5;3 - 6;3-2;2.75;1.0;50 - 67;29 - 21;21.0;29.0;53.0;47.0;1.0;3.0;0.0;3.0;;;;;;;;94.0;94.0;67.0;50.0;57.0;43.0;7.0;5.0;2.0;3.0;;[19];[1];[False];['First Vienna FC 1894'];[0];[1];['D'];['H'];0.21;0.79;0.0;0.42;0.58;0.0;2054.0;459941.0;first vienna fc 1894;fc hertha wels;1.8;1.66;
2026-05-02;193872023;Netherlands U21 League;Netherlands;09:30;Full;0.09157509157509158;1.825;3.5, 4;1.975;3.5, 4;2.0;3.0;;1.0;2.0;3.0;150.0;76.0;100.0;Quick Boys U21;;0.0;1.0;2.1;0;1.0;1 - 1;4.0;USV Hercules U21;;1.0;3.0;2.6;1;1.0;0;2 - 3;1-2;3.75;1.5;39 - 37;23 - 22;22.0;23.0;57.0;43.0;5.0;3.0;2.0;1.0;;;;;;;;65.0;85.0;37.0;39.0;47.0;53.0;7.0;6.0;3.0;4.0;;[21 61];[1 2];[False False];['USV Hercules U21' 'Quick Boys U21'];[ 0 -1];[-1  0];['D' 'A'];['A' 'D'];0.56;0.0;0.44;0.47;0.0;0.53;;;;;;;Youth
2026-05-02;193828988;Brazil Campeonato Goiano U20;Brazil;09:30;Full;0.09740259740259738;2.025;2.0, 2.5;1.775;2.0, 2.5;7.0;4.0;;3.0;1.0;4.0;182.0;107.0;100.0;Guanabara City U20;;0.0;1.0;2.2;0;1.0;1 - 1;3.25;Cerrado EC U20;;0.0;0.0;2.8;0;1.0;-0.25;7 - 4;3-1;2.25;0.75;54 - 53;31 - 18;18.0;31.0;47.0;53.0;3.0;4.0;2.0;2.0;;;;;;;;99.0;83.0;53.0;54.0;50.0;50.0;9.0;7.0;4.0;3.0;;[53 96];[2 2];[False  True];['Guanabara City U20' 'Cerrado EC U20'];[0 1];[1 0];['D' 'H'];['H' 'D'];0.55;0.45;0.0;1.0;0.0;0.0;;;;;;;Youth
2026-05-02;193878866;Brazil Campeonato Goiano U20;Brazil;09:30;Full;-0.06441223832528187;1.875;2.0, 2.5;1.925;2.0, 2.5;3.0;9.0;;0.0;5.0;5.0;202.0;141.0;;Inhumas U20;;0.0;5.0;2.7;1;1.0;1 - 1;3.3;Goiania U20;;0.0;3.0;2.3;0;1.0;+0.5;3 - 9;0-5;2.25;1;47 - 94;17 - 46;46.0;17.0;;;8.0;1.0;3.0;1.0;;;;;;;;116.0;86.0;94.0;47.0;;;13.0;5.0;4.0;2.0;;[20 94];[1 2];[False  True];['Inhumas U20' 'Goiania U20'];[0 1];[1 0];['D' 'H'];['H' 'D'];0.21;0.79;0.0;0.44;0.56;0.0;511102.0;;inhumas ec go;;;;Youth
2026-05-02;193189734;Austria 2. Liga;Austria;09:30;Full;-0.34346976758494446;1.9;3.0, 3.5;1.9;3.0, 3.5;2.0;3.0;;2.0;0.0;2.0;198.0;125.0;100.0;SV Kapfenberg;13.0;0.0;3.0;3.9;1;1.0;1 - 4;4.5;FC Liefering;6.0;0.0;1.0;1.667;4;4.0;+0.75;2 - 3;2-0;3.25;1.25;55 - 70;27 - 36;36.0;27.0;50.0;50.0;2.0;1.0;5.0;2.0;;;;;;;;102.0;96.0;70.0;55.0;50.0;50.0;7.0;5.0;5.0;3.0;;[ 5 20 23 31 44];[1 1 1 1 1];[False False False False False];"['FC Liefering' 'SV Kapfenberg' 'FC Liefering' 'FC Liefering'
 'FC Liefering']";[ 0 -1  0 -1 -2];[-1  0 -1 -2 -3];['D' 'A' 'D' 'A' 'A'];['A' 'D' 'A' 'A' 'A'];0.09;0.0;0.91;0.18;0.0;0.82;2067.0;7790.0;kapfenberger sv;fc liefering;1.57;1.5;
2026-05-02;193803288;Norway Division 2 Group 2;Norway;09:30;Full;-0.07295941632466935;1.875;3.5;1.925;3.5;3.0;2.0;;1.0;0.0;1.0;233.0;129.0;100.0;Ullensaker/Kisa;;0.0;1.0;2.55;0;2.0;2 - 3;3.8;Stjørdals/Blink;;0.0;1.0;2.15;1;3.0;+0.25;3 - 2;1-0;3.5;1.5;57 - 72;21 - 36;36.0;21.0;55.0;45.0;4.0;1.0;2.0;1.0;;;;;;;;118.0;115.0;72.0;57.0;52.0;48.0;6.0;6.0;4.0;3.0;;[23 48 59 67 89];[1 2 2 2 2];[False False False False False];"['Stjørdals/Blink' 'Stjørdals/Blink' 'Ullensaker/Kisa' 'Stjørdals/Blink'
 'Ullensaker/Kisa']";[ 0 -1 -2 -1 -2];[-1 -2 -1 -2 -1];['D' 'A' 'A' 'A' 'A'];['A' 'A' 'A' 'A' 'A'];0.26;0.0;0.74;0.51;0.0;0.49;692.0;727.0;ullensaker/kisa;stjordals-blink;1.33;1.36;
2026-05-02;193824950;Philippines PFL;Philippines;09:30;Full;-0.4142204827136335;1.85;3;1.95;3;7.0;4.0;;2.0;3.0;5.0;67.0;72.0;;Stallion Laguna FC;;0.0;1.0;4.2;1;1.0;1 - 5;4.333;Manila Digger FC;;0.0;2.0;1.533;1;5.0;+1.25;7 - 4;2-3;3;1.25;36 - 36;16 - 20;20.0;16.0;;;6.0;4.0;5.0;3.0;;;;;;;;33.0;34.0;36.0;36.0;;;10.0;8.0;15.0;8.0;;[32 40 50 61 66 70];[1 1 2 2 2 2];[False False False False False False];"['Stallion Laguna FC' 'Manila Digger FC' 'Manila Digger FC'
 'Manila Digger FC' 'Manila Digger FC' 'Manila Digger FC']";[ 0  1  0 -1 -2 -3];[ 1  0 -1 -2 -3 -4];['D' 'H' 'D' 'A' 'A' 'A'];['H' 'D' 'A' 'A' 'A' 'A'];0.47;0.09;0.44;0.82;0.18;0.0;;;;;;;
2026-05-02;193878864;Brazil Campeonato Goiano U20;Brazil;09:30;Full;0.09090909090909088;1.8;2.0, 2.5;2.0;2.0, 2.5;8.0;2.0;;2.0;1.0;3.0;175.0;124.0;;Aparecidense U20;;0.0;2.0;2.2;0;0.0;0 - 4;3.4;Anapolis U20;;0.0;0.0;2.75;2;4.0;-0.25;8 - 2;2-1;2.25;1;62 - 62;31 - 33;33.0;31.0;;;7.0;3.0;7.0;0.0;;;;;;;;79.0;96.0;62.0;62.0;;;11.0;8.0;14.0;4.0;;[18 30 47 78];[1 1 2 2];[False False False False];['Anapolis U20' 'Anapolis U20' 'Anapolis U20' 'Anapolis U20'];[ 0 -1 -2 -3];[-1 -2 -3 -4];['D' 'A' 'A' 'A'];['A' 'A' 'A' 'A'];0.2;0.0;0.8;0.4;0.0;0.6;32794.0;21872.0;aa aparecidense go;anapolis fc go;;;Youth
2026-05-02;193758224;Ukraine Vyscha Liga;Ukraine;09:30;Full;-0.08995502248875564;2.025;2.0, 2.5;1.775;2.0, 2.5;8.0;2.0;;2.0;1.0;3.0;178.0;114.0;100.0;FC Veres Rivne;10.0;0.0;5.0;2.9;0;3.0;3 - 3;2.9;Epitsentr Kamianets-Podilskyi;13.0;0.0;2.0;2.3;2;3.0;+0.25;8 - 2;2-1;2.25;0.75;76 - 38;37 - 17;17.0;37.0;51.0;49.0;0.0;1.0;2.0;0.0;;;;;;;;69.0;109.0;38.0;76.0;52.0;48.0;1.0;4.0;4.0;3.0;;[ 5  7 50 54 56 87];[1 1 2 2 2 2];[False False False False False False];"['Epitsentr Kamianets-Podilskyi' 'Epitsentr Kamianets-Podilskyi'
 'FC Veres Rivne' 'FC Veres Rivne' 'Epitsentr Kamianets-Podilskyi'
 'FC Veres Rivne']";[ 0 -1 -2 -1  0 -1];[-1 -2 -1  0 -1  0];['D' 'A' 'A' 'A' 'D' 'A'];['A' 'A' 'A' 'D' 'A' 'D'];0.11;0.0;0.89;0.11;0.0;0.89;213180.0;602316.0;veres rivne;fc epitsentr kamianets-podilskyi;1.9;1.9;
2026-05-02;193874045;Austria Women League 2;Austria;09:30;Full;0.19571295433364388;1.975;3.0, 3.5;1.825;3.0, 3.5;0.0;3.0;;0.0;1.0;1.0;185.0;63.0;100.0;Luv Graz (W);;0.0;1.0;1.85;1;4.0;4 - 3;4.2;SPG Geretsberg/Burmoos (W);;0.0;0.0;2.9;1;3.0;-0.5;0 - 3;0-1;3.25;1.25;32 - 31;17 - 16;16.0;17.0;45.0;55.0;4.0;4.0;2.0;2.0;;;;;;;;96.0;89.0;31.0;32.0;45.0;55.0;5.0;6.0;6.0;6.0;;[22 42 56 69 75 89 93];[1 1 2 2 2 2 2];[False False False False False False  True];"['SPG Geretsberg/Burmoos (W)' 'Luv Graz (W)' 'Luv Graz (W)'
 'SPG Geretsberg/Burmoos (W)' 'Luv Graz (W)' 'Luv Graz (W)'
 'SPG Geretsberg/Burmoos (W)']";[ 0 -1  0  1  0  1  2];[-1  0  1  0  1  2  1];['D' 'A' 'D' 'H' 'D' 'H' 'H'];['A' 'D' 'H' 'D' 'H' 'H' 'H'];0.45;0.33;0.22;0.56;0.0;0.44;;;;;;;Women
2026-05-02;193782022;Netherlands Derde Divisie;Netherlands;09:30;Full;0.4791288566243195;1.9;3.5;1.9;3.5;10.0;1.0;;4.0;1.0;5.0;132.0;90.0;100.0;Harkemase Boys;;0.0;2.0;1.45;1;2.0;2 - 3;4.5;Urk;;1.0;1.0;4.75;3;3.0;-1.25;10 - 1;4-1;3.5;1.5;56 - 34;26 - 20;20.0;26.0;45.0;55.0;4.0;3.0;5.0;5.0;;;;;;;;56.0;76.0;34.0;56.0;40.0;60.0;5.0;11.0;6.0;7.0;;[15 37 40 44 89];[1 1 1 1 2];[False False False False False];['Urk' 'Urk' 'Harkemase Boys' 'Urk' 'Harkemase Boys'];[ 0 -1 -2 -1 -2];[-1 -2 -1 -2 -1];['D' 'A' 'A' 'A' 'A'];['A' 'A' 'A' 'A' 'A'];0.17;0.0;0.83;0.33;0.0;0.67;;;;;;;
2026-05-02;193189743;Austria 2. Liga;Austria;09:30;Full;0.20588235294117646;2.0;2.5, 3.0;1.8;2.5, 3.0;5.0;4.0;;1.0;3.0;4.0;142.0;90.0;;SK Sturm Graz II;;1.0;2.0;2.0;0;0.0;0 - 2;3.6;SV Austria Salzburg;;0.0;3.0;3.4;1;2.0;-0.5;5 - 4;1-3;2.75;1.0;44 - 46;14 - 20;20.0;14.0;;;1.0;2.0;3.0;0.0;;;;;;;;74.0;68.0;46.0;44.0;;;4.0;3.0;6.0;5.0;;[45 54];[1 2];[False False];['SV Austria Salzburg' 'SV Austria Salzburg'];[ 0 -1];[-1 -2];['D' 'A'];['A' 'A'];0.5;0.0;0.5;1.0;0.0;0.0;2103.0;43074.0;sk sturm graz ii;austria salzburg;1.72;1.66;Youth
2026-05-02;193884141;Kyrgyzstan Top Liga;Kyrgyzstan;09:30;Full;-0.5579710144927538;1.925;3;1.875;3;7.0;7.0;;4.0;5.0;9.0;143.0;139.0;;FC Ilbirs;;0.0;2.0;6.0;0;0.0;0 - 2;4.333;Muras United FC;;0.0;3.0;1.38;0;2.0;1.25;7 - 7;4-5;3.0;1.25;62 - 77;28 - 43;43.0;28.0;;;0.0;0.0;0.0;0.0;;;;;;;;78.0;65.0;77.0;62.0;;;0.0;0.0;2.0;0.0;;[55 88];[2 2];[False False];['Muras United FC' 'Muras United FC'];[ 0 -1];[-1 -2];['D' 'A'];['A' 'A'];0.61;0.0;0.39;1.0;0.0;0.0;;;;;;;
2026-05-02;65809;Italy Serie B Women;Italy;09:56;Full;;;3;;3;4.0;3.0;;2.0;2.0;4.0;114.0;64.0;100.0;Brescia (W);;0.0;2.0;;0;0.0;0 - 1;;Vicenza (W);;0.0;1.0;;0;1.0;-0.25;4 - 3;2-2;3;nan;38 - 26;15 - 13;13.0;15.0;43.0;57.0;2.0;3.0;4.0;5.0;;;;;;;;55.0;59.0;26.0;38.0;45.0;55.0;5.0;6.0;6.0;11.0;;[88];[2];[False];['Vicenza (W)'];[0];[-1];['D'];['A'];0.98;0.0;0.02;1.0;0.0;0.0;;2722.0;;l.r. vicenza;;;Youth-Women
2026-05-02;193805508;Türkiye 1 Lig;Turkey;10:00;Full;0.3351363565749149;1.85;2.5, 3;1.95;2.5, 3;3.0;4.0;;1.0;2.0;3.0;152.0;105.0;100.0;Bodrum FK;;0.0;0.0;1.727;0;0.0;0 - 1;3.4;Sariyer;;0.0;1.0;4.1;0;1.0;-0.75;3 - 4;1-2;2.75;1.25;58 - 47;23 - 21;21.0;23.0;48.0;52.0;2.0;2.0;4.0;1.0;;;;;;;;79.0;73.0;47.0;58.0;51.0;49.0;4.0;6.0;8.0;4.0;;[81];[2];[False];['Sariyer'];[0];[-1];['D'];['A'];0.9;0.0;0.1;1.0;0.0;0.0;216876.0;4952.0;bodrum fk;sariyer sk;1.72;1.66;
2026-05-02;193932134;Poland IV Liga;Poland;10:00;Full;0.465149359886202;1.95;3.0, 3.5;1.85;3.0, 3.5;5.0;2.0;;3.0;1.0;4.0;153.0;78.0;100.0;Ceramika Opoczno;;0.0;0.0;1.48;0;0.0;0 - 1;4.333;Zryw Wygoda;;0.0;2.0;4.75;0;1.0;-1.25;5 - 2;3-1;3.25;1.25;54 - 24;28 - 12;12.0;28.0;33.0;67.0;2.0;9.0;1.0;3.0;;;;;;;;59.0;94.0;24.0;54.0;36.0;64.0;3.0;14.0;5.0;6.0;;[67];[2];[False];['Zryw Wygoda'];[0];[-1];['D'];['A'];0.74;0.0;0.26;1.0;0.0;0.0;;;;;;;
2026-05-02;193812754;Poland Ekstraliga Women;Poland;10:00;Full;0.47619047619047616;1.8;2.5, 3;2.0;2.5, 3;7.0;2.0;;2.0;1.0;3.0;0.0;0.0;100.0;UKS SMS Lodz (W);6.0;0.0;0.0;1.5;0;1.0;1 - 0;3.8;AZS UJ Krakow (W);10.0;0.0;0.0;5.25;0;0.0;-1;7 - 2;2-1;2.75;1.25;-;-;0.0;0.0;55.0;45.0;0.0;0.0;0.0;0.0;;;;;;;;0.0;0.0;0.0;0.0;50.0;50.0;0.0;0.0;0.0;1.0;;[77];[2];[False];['UKS SMS Lodz (W)'];[0];[1];['D'];['H'];0.86;0.14;0.0;1.0;0.0;0.0;;;;;;;Women
2026-05-02;193782451;Poland III Liga;Poland;10:00;Full;-0.7130674476699113;2.0;3.5, 4;1.8;3.5, 4;3.0;2.0;;0.0;0.0;0.0;142.0;56.0;100.0;Sparta Kazimierza Wielka;;0.0;4.0;9.5;1;1.0;1 - 3;5.75;Cracovia Krakow II;;0.0;3.0;1.222;2;3.0;+2.75;3 - 2;0-0;3.75;1.25;23 - 33;12 - 12;12.0;12.0;55.0;45.0;5.0;4.0;3.0;3.0;;;;;;;;75.0;67.0;33.0;23.0;55.0;45.0;7.0;6.0;6.0;4.0;;[ 7 25 27 80];[1 1 1 2];[False False False False];"['Sparta Kazimierza Wielka' 'Cracovia Krakow II' 'Cracovia Krakow II'
 'Cracovia Krakow II']";[ 0  1  0 -1];[ 1  0 -1 -2];['D' 'H' 'D' 'A'];['H' 'D' 'A' 'A'];0.1;0.2;0.7;0.2;0.4;0.4;;4901.0;;mks cracovia krakow;;;Youth
2026-05-02;193805489;Türkiye 1 Lig;Turkey;10:00;Full;-0.5137491616364857;1.825;3;1.975;3;3.0;4.0;;1.0;4.0;5.0;140.0;50.0;100.0;76 Igdir Belediyespor;;0.0;7.0;5.25;2;3.0;3 - 3;4.333;Amed SK;;0.0;1.0;1.42;2;3.0;+1.25;3 - 4;1-4;3;1.25;23 - 27;6 - 20;20.0;6.0;59.0;41.0;4.0;2.0;2.0;3.0;;;;;;;;69.0;71.0;27.0;23.0;50.0;50.0;5.0;4.0;3.0;4.0;;[ 6 19 46 49 49 80];[1 1 1 1 2 2];[False False  True  True False False];"['76 Igdir Belediyespor' 'Amed SK' 'Amed SK' '76 Igdir Belediyespor'
 'Amed SK' '76 Igdir Belediyespor']";[ 0  1  0 -1  0 -1];[ 1  0 -1  0 -1  0];['D' 'H' 'D' 'A' 'D' 'A'];['H' 'D' 'A' 'D' 'A' 'D'];0.48;0.14;0.38;0.67;0.27;0.06;3088.0;225940.0;igdir fk;amed sportif faaliyetler;1.83;1.61;
2026-05-02;193805491;Türkiye 1 Lig;Turkey;10:00;Full;-0.45345345345345345;1.875;3;1.925;3;7.0;1.0;;3.0;0.0;3.0;164.0;92.0;100.0;Umraniyespor;;0.0;0.0;4.5;1;1.0;1 - 4;4.5;Ankara Keciorengucu;;0.0;0.0;1.48;4;4.0;+1;7 - 1;3-0;3;1.5;45 - 47;15 - 27;27.0;15.0;40.0;60.0;6.0;5.0;10.0;1.0;;;;;;;;78.0;86.0;47.0;45.0;47.0;53.0;10.0;9.0;11.0;3.0;;[ 7 17 24 36 48];[1 1 1 1 1];[False False False False  True];"['Umraniyespor' 'Ankara Keciorengucu' 'Ankara Keciorengucu'
 'Ankara Keciorengucu' 'Ankara Keciorengucu']";[ 0  1  0 -1 -2];[ 1  0 -1 -2 -3];['D' 'H' 'D' 'A' 'A'];['H' 'D' 'A' 'A' 'A'];0.16;0.11;0.73;0.29;0.21;0.5;55625.0;6366.0;umraniyespor;ankara keciorengucu;1.57;1.66;
2026-05-02;193805496;Türkiye 1 Lig;Turkey;10:00;Full;0.42601092163891596;1.8;2.5, 3;2.0;2.5, 3;5.0;9.0;;4.0;2.0;6.0;192.0;70.0;100.0;Bandirmaspor;;0.0;1.0;1.571;1;1.0;1 - 0;3.75;Sivasspor;;0.0;2.0;4.75;0;0.0;-1;5 - 9;4-2;2.75;1.25;40 - 30;26 - 6;6.0;26.0;45.0;55.0;2.0;3.0;0.0;4.0;;;;;;;;94.0;98.0;30.0;40.0;53.0;47.0;14.0;5.0;3.0;5.0;;[19];[1];[False];['Bandirmaspor'];[0];[1];['D'];['H'];0.21;0.79;0.0;0.42;0.58;0.0;44320.0;3076.0;bandirmaspor;sivasspor;1.72;1.57;
2026-05-02;193805515;Türkiye 1 Lig;Turkey;10:00;Full;0.5442253521126761;1.9;3;1.9;3;5.0;2.0;;0.0;2.0;2.0;208.0;82.0;100.0;Esenler Erokspor;;0.0;0.0;1.42;1;1.0;1 - 1;4.2;Pendikspor;;0.0;3.0;6.25;1;1.0;-1.25;5 - 2;0-2;3;1.25;57 - 25;21 - 11;11.0;21.0;45.0;55.0;1.0;1.0;4.0;1.0;;;;;;;;73.0;135.0;25.0;57.0;42.0;58.0;1.0;12.0;5.0;5.0;;[19 42];[1 1];[False False];['Esenler Erokspor' 'Pendikspor'];[0 1];[1 0];['D' 'H'];['H' 'D'];0.74;0.26;0.0;0.49;0.51;0.0;365676.0;7032.0;esenler erokspor;pendikspor;1.61;1.72;
2026-05-02;193884032;Norway Division 3 Group 2;Norway;10:00;Full;-0.04638218923933213;1.9;3.0, 3.5;1.9;3.0, 3.5;2.0;5.0;;1.0;1.0;2.0;165.0;93.0;;NTNUI;;0.0;2.0;2.45;2;2.0;2 - 3;3.9;Rosenborg 2;;0.0;1.0;2.2;1;3.0;0;2 - 5;1-1;3.25;1.25;41 - 52;21 - 22;22.0;21.0;;;2.0;2.0;1.0;3.0;;;;;;;;98.0;67.0;52.0;41.0;;;4.0;5.0;5.0;4.0;;[40 42 44 53 74];[1 1 1 2 2];[False False False False False];['NTNUI' 'NTNUI' 'Rosenborg 2' 'Rosenborg 2' 'Rosenborg 2'];[0 1 2 1 0];[ 1  2  1  0 -1];['D' 'H' 'H' 'H' 'D'];['H' 'H' 'H' 'D' 'A'];0.68;0.14;0.18;0.89;0.11;0.0;;;;;;;
2026-05-02;193786212;Finland Ykkonen;Finland;10:00;Full;-0.49369903632320244;1.95;3.5, 4;1.85;3.5, 4;5.0;7.0;;1.0;5.0;6.0;172.0;125.0;;KPV;;0.0;1.0;4.75;0;0.0;0 - 4;5.0;OLS;;0.0;0.0;1.42;1;4.0;+1;5 - 7;1-5;3.75;1.5;43 - 82;11 - 48;48.0;11.0;;;2.0;0.0;4.0;1.0;;;;;;;;92.0;80.0;82.0;43.0;;;7.0;8.0;10.0;3.0;;[33 58 70 77];[1 2 2 2];[False False False False];['OLS' 'OLS' 'OLS' 'OLS'];[ 0 -1 -2 -3];[-1 -2 -3 -4];['D' 'A' 'A' 'A'];['A' 'A' 'A' 'A'];0.37;0.0;0.63;0.73;0.0;0.27;2256.0;5116.0;kpv kokkola;oulun luistinseura;1.57;1.5;
2026-05-02;193802436;Malaysia Super League;Malaysia;10:00;Full;0.707219494453537;1.95;3.0, 3.5;1.85;3.0, 3.5;7.0;4.0;;5.0;1.0;6.0;164.0;138.0;100.0;Selangor;3.0;0.0;0.0;1.222;3;4.0;4 - 0;5.5;Penang;9.0;0.0;1.0;9.0;0;0.0;-1.75;7 - 4;5-1;3.25;1.25;78 - 60;43 - 29;29.0;43.0;41.0;59.0;0.0;2.0;0.0;7.0;;;;;;;;84.0;80.0;60.0;78.0;47.0;53.0;1.0;5.0;0.0;11.0;;[11 15 21 62];[1 1 1 2];[False False False False];['Selangor' 'Selangor' 'Selangor' 'Selangor'];[0 1 2 3];[1 2 3 4];['D' 'H' 'H' 'H'];['H' 'H' 'H' 'H'];0.12;0.88;0.0;0.24;0.76;0.0;;;;;;;
2026-05-02;192946934;Sweden Allsvenskan;Sweden;10:00;Full;-0.10295126973232671;2.025;2.5;1.775;2.5;3.0;5.0;;1.0;2.0;3.0;184.0;91.0;100.0;Degerfors;1.0;0.0;1.0;3.1;0;1.0;1 - 1;3.2;BK Hacken;1.0;0.0;2.0;2.35;1;1.0;+0.25;3 - 5;1-2;2.5;1;47 - 44;27 - 21;21.0;27.0;57.0;43.0;4.0;1.0;3.0;1.0;;;;;;;;99.0;85.0;44.0;47.0;59.0;41.0;11.0;8.0;4.0;2.0;;[19 71];[1 2];[False False];['BK Hacken' 'Degerfors'];[ 0 -1];[-1  0];['D' 'A'];['A' 'D'];0.42;0.0;0.58;0.42;0.0;0.58;1807.0;1760.0;degerfors if;bk hacken;1.66;1.8;
2026-05-02;192946937;Sweden Allsvenskan;Sweden;10:00;Full;0.509009009009009;1.825;2.5, 3;1.975;2.5, 3;6.0;6.0;;4.0;4.0;8.0;181.0;103.0;100.0;Sirius;1.0;0.0;1.0;1.48;0;3.0;3 - 2;4.5;Kalmar FF;1.0;0.0;3.0;6.0;2;2.0;-1.25;6 - 6;4-4;2.75;1.25;53 - 50;27 - 28;28.0;27.0;45.0;55.0;4.0;1.0;5.0;3.0;;;;;;;;80.0;101.0;50.0;53.0;44.0;56.0;9.0;6.0;5.0;8.0;;[38 45 64 75 91];[1 1 2 2 2];[False False False False  True];['Kalmar FF' 'Kalmar FF' 'Sirius' 'Sirius' 'Sirius'];[ 0 -1 -2 -1  0];[-1 -2 -1  0  1];['D' 'A' 'A' 'A' 'D'];['A' 'A' 'A' 'D' 'H'];0.59;0.0;0.41;0.84;0.0;0.16;1793.0;1891.0;ik sirius;kalmar ff;1.8;1.8;
2026-05-02;192947575;Sweden Superettan;Sweden;10:00;Full;0.16522423288749022;1.875;2.5;1.925;2.5;9.0;3.0;;5.0;1.0;6.0;62.0;42.0;100.0;Sandvikens IF;;0.0;1.0;2.05;1;2.0;2 - 2;3.2;Norrby IF;;0.0;0.0;3.1;2;2.0;-0.25;9 - 3;5-1;2.5;1;27 - 15;16 - 8;8.0;16.0;26.0;74.0;0.0;1.0;3.0;1.0;;;;;;;;27.0;35.0;15.0;27.0;32.0;68.0;1.0;1.0;3.0;2.0;;[ 5  6 16 78];[1 1 1 2];[False False False False];['Sandvikens IF' 'Norrby IF' 'Norrby IF' 'Sandvikens IF'];[ 0  1  0 -1];[ 1  0 -1  0];['D' 'H' 'D' 'A'];['H' 'D' 'A' 'D'];0.3;0.01;0.69;0.33;0.02;0.64;1844.0;1849.0;sandvikens if;norrby if;1.57;1.66;
2026-05-02;192947582;Sweden Superettan;Sweden;10:00;Full;0.15360983102918585;1.9;2.5;1.9;2.5;8.0;2.0;;3.0;1.0;4.0;9.0;20.0;100.0;Varbergs BoIS FC;;0.0;1.0;2.1;0;0.0;0 - 0;3.2;Orebro SK;;0.0;3.0;3.1;0;0.0;-0.25;8 - 2;3-1;2.5;1;12 - 8;4 - 5;5.0;4.0;45.0;55.0;0.0;0.0;0.0;0.0;;;;;;;;4.0;5.0;8.0;12.0;45.0;55.0;0.0;0.0;0.0;0.0;;[];[];[];[];[];[];[];[];1.0;0.0;0.0;1.0;0.0;0.0;7101.0;1768.0;varbergs bois;orebro sk;1.75;1.75;
2026-05-02;193805513;Türkiye 1 Lig;Turkey;10:00;Full;0.350140056022409;2.0;2.5;1.8;2.5;8.0;2.0;;4.0;1.0;5.0;162.0;74.0;100.0;Corum FK;;0.0;3.0;1.7;1;1.0;1 - 1;3.5;Erzurumspor FK;;0.0;1.0;4.2;0;1.0;-0.75;8 - 2;4-1;2.5;1;48 - 26;26 - 13;13.0;26.0;47.0;53.0;4.0;5.0;1.0;4.0;;;;;;;;65.0;97.0;26.0;48.0;46.0;54.0;7.0;9.0;4.0;10.0;;[10 81];[1 2];[False False];['Corum FK' 'Erzurumspor FK'];[0 1];[1 0];['D' 'H'];['H' 'D'];0.21;0.79;0.0;0.22;0.78;0.0;77629.0;55603.0;corum fk;erzurumspor fk;;;
2026-05-02;192997999;UEFA Women's Champions League;International (Europe);10:00;Full;0.43463497453310695;1.9;3;1.9;3;8.0;4.0;;3.0;2.0;5.0;148.0;66.0;100.0;OL Lyonnes (W);;0.0;1.0;1.55;2;3.0;3 - 1;4.333;Arsenal (W);;0.0;4.0;4.75;0;1.0;-1;8 - 4;3-2;3;1.25;39 - 27;20 - 10;10.0;20.0;45.0;55.0;1.0;2.0;0.0;4.0;;;;;;;;79.0;69.0;27.0;39.0;49.0;51.0;5.0;6.0;2.0;6.0;;[22 36 76 89];[1 1 2 2];[False False False False];['OL Lyonnes (W)' 'OL Lyonnes (W)' 'Arsenal (W)' 'OL Lyonnes (W)'];[0 1 2 1];[1 2 1 2];['D' 'H' 'H' 'H'];['H' 'H' 'H' 'H'];0.24;0.76;0.0;0.49;0.51;0.0;1649.0;26243.0;olympique lyon;arsenal wfc;;;Women
2026-05-02;193775851;Iceland 2 Deild;Iceland;10:00;Full;0.2849211485404816;2.0;3.0, 3.5;1.8;3.0, 3.5;6.0;3.0;;3.0;2.0;5.0;133.0;97.0;100.0;Dalvik/Reynir;5.0;0.0;4.0;1.727;0;1.0;1 - 0;4.2;Kormakur/Hvot;5.0;1.0;7.0;3.4;0;0.0;-0.75;6 - 3;3-2;3.25;1.25;69 - 28;27 - 16;16.0;27.0;42.0;58.0;2.0;5.0;0.0;3.0;;;;;;;;50.0;83.0;28.0;69.0;34.0;66.0;3.0;11.0;1.0;11.0;;[92];[2];[ True];['Dalvik/Reynir'];[0];[1];['D'];['H'];1.0;0.0;0.0;1.0;0.0;0.0;;;;;;;
2026-05-02;193784628;Sweden Elitettan;Sweden;10:00;Full;0.11904761904761901;2.0;3;1.8;3;2.0;6.0;;1.0;3.0;4.0;168.0;75.0;100.0;Elfsborg (W);;0.0;0.0;2.1;0;0.0;0 - 0;3.7;Linköpings FC (W);;0.0;0.0;2.8;0;0.0;0;2 - 6;1-3;3;1.25;43 - 32;20 - 18;18.0;20.0;55.0;45.0;5.0;4.0;3.0;1.0;;;;;;;;75.0;93.0;32.0;43.0;50.0;50.0;5.0;5.0;5.0;3.0;;[];[];[];[];[];[];[];[];1.0;0.0;0.0;1.0;0.0;0.0;1762.0;;if elfsborg;;;;Women
2026-05-02;193777590;Macau 1st Division;Macau;10:00;Full;0.11538461538461542;1.9;4.0, 4.5;1.9;4.0, 4.5;7.0;5.0;;4.0;3.0;7.0;123.0;72.0;100.0;Benfica Macau;;1.0;4.0;2.0;2;4.0;4 - 4;4.333;Gorilla Of The Universe SC;;0.0;2.0;2.6;2;4.0;-0.25;7 - 5;4-3;4.25;1.75;45 - 27;26 - 12;12.0;26.0;36.0;64.0;2.0;8.0;2.0;5.0;;;;;;;;55.0;68.0;27.0;45.0;47.0;53.0;6.0;14.0;4.0;7.0;;[ 1 13 21 39 48 55 63 80];[1 1 1 1 2 2 2 2];[False False False False False False False False];"['Benfica Macau' 'Gorilla Of The Universe SC' 'Gorilla Of The Universe SC'
 'Benfica Macau' 'Benfica Macau' 'Benfica Macau'
 'Gorilla Of The Universe SC' 'Gorilla Of The Universe SC']";[ 0  1  0 -1  0  1  2  1];[ 1  0 -1  0  1  2  1  0];['D' 'H' 'D' 'A' 'D' 'H' 'H' 'H'];['H' 'D' 'A' 'D' 'H' 'H' 'H' 'D'];0.31;0.49;0.2;0.33;0.27;0.4;;;;;;;
2026-05-02;193782025;Netherlands U21 League;Netherlands;10:00;Full;0.24786324786324787;1.8;3.0, 3.5;2.0;3.0, 3.5;3.0;10.0;;2.0;2.0;4.0;145.0;115.0;100.0;De Graafschap U21;;0.0;1.0;1.8;0;2.0;2 - 1;4.1;FC Groningen U21;;0.0;1.0;3.25;1;1.0;-0.5;3 - 10;2-2;3.25;1.5;43 - 72;15 - 25;25.0;15.0;54.0;46.0;3.0;0.0;2.0;0.0;;;;;;;;84.0;61.0;72.0;43.0;56.0;44.0;7.0;2.0;7.0;4.0;;[38 48 75];[1 2 2];[False False False];['FC Groningen U21' 'De Graafschap U21' 'De Graafschap U21'];[ 0 -1  0];[-1  0  1];['D' 'A' 'D'];['A' 'D' 'H'];0.72;0.17;0.11;0.84;0.0;0.16;2949.0;2951.0;de graafschap;fc groningen;;;Youth
2026-05-02;193822111;Portugal Liga 3;Portugal;10:00;Full;0.050682261208576995;2.025;2.0, 2.5;1.775;2.0, 2.5;6.0;0.0;;5.0;0.0;5.0;230.0;118.0;100.0;SU 1 Dezembro;;0.0;0.0;2.375;1;2.0;2 - 1;3.1;Caldas SC;;0.0;0.0;2.7;1;1.0;0;6 - 0;5-0;2.25;0.75;82 - 36;43 - 21;21.0;43.0;38.0;62.0;3.0;6.0;1.0;4.0;;;;;;;;101.0;129.0;36.0;82.0;44.0;56.0;4.0;9.0;2.0;6.0;;[17 43 86];[1 1 2];[False False False];['Caldas SC' 'SU 1 Dezembro' 'SU 1 Dezembro'];[ 0 -1  0];[-1  0  1];['D' 'A' 'D'];['A' 'D' 'H'];0.67;0.04;0.29;0.42;0.0;0.58;;;;;;;
2026-05-02;193803263;Norway Division 2 Group 1;Norway;10:00;Full;-0.2936507936507936;1.95;2.5, 3;1.85;2.5, 3;2.0;8.0;;1.0;2.0;3.0;240.0;157.0;100.0;Eik Tønsberg;;0.0;0.0;3.6;2;2.0;2 - 3;3.6;FK Jerv;;0.0;2.0;1.75;0;3.0;+0.5;2 - 8;1-2;2.75;1;72 - 85;39 - 45;45.0;39.0;52.0;48.0;9.0;4.0;2.0;3.0;;;;;;;;125.0;115.0;85.0;72.0;55.0;45.0;13.0;9.0;6.0;3.0;;[15 41 48 61 82];[1 1 2 2 2];[False False False False False];['Eik Tønsberg' 'Eik Tønsberg' 'FK Jerv' 'FK Jerv' 'FK Jerv'];[0 1 2 1 0];[ 1  2  1  0 -1];['D' 'H' 'H' 'H' 'D'];['H' 'H' 'H' 'D' 'A'];0.4;0.51;0.09;0.33;0.67;0.0;797.0;862.0;fk eik toensberg 871;fk jerv;1.66;1.72;
2026-05-02;193755259;Portugal Segunda Liga;Portugal;10:00;Full;0.24605669053023682;2.0;2.5;1.8;2.5;3.0;6.0;;1.0;4.0;5.0;160.0;85.0;100.0;Academico Viseu;2.0;0.0;4.0;1.909;0;0.0;0 - 0;3.1;Vizela;5.0;0.0;4.0;3.6;0;0.0;-0.5;3 - 6;1-4;2.5;1;45 - 40;15 - 19;19.0;15.0;50.0;50.0;3.0;3.0;0.0;2.0;;;;;;;;83.0;77.0;40.0;45.0;50.0;50.0;6.0;9.0;1.0;6.0;;[];[];[];[];[];[];[];[];1.0;0.0;0.0;1.0;0.0;0.0;3022.0;5136.0;academico de viseu fc;fc vizela;1.83;1.8;
2026-05-02;193782028;Netherlands U21 League;Netherlands;10:00;Full;-0.5037593984962406;1.9;3.5, 4;1.9;3.5, 4;5.0;5.0;;2.0;3.0;5.0;208.0;138.0;100.0;ADO Den Haag U21;;0.0;0.0;4.75;0;2.0;2 - 1;5.0;Willem II U21;;0.0;2.0;1.4;1;1.0;+1.25;5 - 5;2-3;3.75;1.5;56 - 82;23 - 39;39.0;23.0;54.0;46.0;1.0;0.0;2.0;3.0;;;;;;;;117.0;91.0;82.0;56.0;52.0;48.0;8.0;5.0;3.0;8.0;;[ 2 81 89];[1 2 2];[False False False];['Willem II U21' 'ADO Den Haag U21' 'ADO Den Haag U21'];[ 0 -1  0];[-1  0  1];['D' 'A' 'D'];['A' 'D' 'H'];0.11;0.01;0.88;0.04;0.0;0.96;2966.0;2961.0;ado den haag;willem ii tilburg;;;Youth
2026-05-02;193779950;Austria Landesliga;Austria;10:00;Full;0.5238095238095238;1.95;3.0, 3.5;1.85;3.0, 3.5;12.0;7.0;;5.0;2.0;7.0;105.0;61.0;100.0;Admira Wacker II;;0.0;3.0;1.4;3;4.0;4 - 1;4.75;SC Ortmann;;0.0;2.0;5.25;1;1.0;-1.25;12 - 7;5-2;3.25;1.25;39 - 22;20 - 6;6.0;20.0;27.0;73.0;2.0;6.0;2.0;6.0;;;;;;;;36.0;69.0;22.0;39.0;40.0;60.0;5.0;12.0;6.0;12.0;;[ 2 18 31 38 85];[1 1 1 1 2];[False False False False False];"['Admira Wacker II' 'SC Ortmann' 'Admira Wacker II' 'Admira Wacker II'
 'Admira Wacker II']";[0 1 0 1 2];[1 0 1 2 3];['D' 'H' 'D' 'H' 'H'];['H' 'D' 'H' 'H' 'H'];0.17;0.83;0.0;0.33;0.67;0.0;2050.0;;fc admira wacker modling;;;;Youth
2026-05-02;193814227;Finland Ykkonen;Finland;10:00;Full;-0.00438596491228066;2.0;3.0, 3.5;1.8;3.0, 3.5;5.0;7.0;;4.0;5.0;9.0;137.0;99.0;100.0;JJK;;1.0;2.0;2.4;1;3.0;3 - 3;3.6;RoPS;;0.0;3.0;2.375;0;3.0;0;5 - 7;4-5;3.25;1.25;51 - 48;30 - 16;16.0;30.0;49.0;51.0;0.0;3.0;0.0;4.0;;;;;;;;67.0;70.0;48.0;51.0;50.0;50.0;6.0;3.0;4.0;8.0;;[38 46 53 58 62 81];[1 2 2 2 2 2];[False False False False False False];['JJK' 'JJK' 'JJK' 'RoPS' 'RoPS' 'RoPS'];[0 1 2 3 2 1];[1 2 3 2 1 0];['D' 'H' 'H' 'H' 'H' 'H'];['H' 'H' 'H' 'H' 'H' 'D'];0.52;0.48;0.0;0.84;0.16;0.0;7298.0;2250.0;jjk jyvaskyla;rovaniemen palloseura;1.4;1.44;
2026-05-02;193821974;Paraguay Division Intermedia;Paraguay;10:00;Full;0.12121212121212122;2.0;2.0, 2.5;1.8;2.0, 2.5;4.0;8.0;;2.0;5.0;7.0;215.0;159.0;100.0;3 de Noviembre;;1.0;1.0;2.2;1;2.0;2 - 2;3.1;Tacuary;;0.0;4.0;3.0;0;2.0;-0.25;4 - 8;2-5;2.25;0.75;63 - 96;32 - 37;37.0;32.0;60.0;40.0;1.0;0.0;0.0;1.0;;;;;;;;122.0;93.0;96.0;63.0;62.0;38.0;4.0;1.0;3.0;2.0;;[10 60 82 85];[1 2 2 2];[False False False False];['3 de Noviembre' 'Tacuary' 'Tacuary' '3 de Noviembre'];[ 0  1  0 -1];[ 1  0 -1  0];['D' 'H' 'D' 'A'];['H' 'D' 'A' 'D'];0.41;0.56;0.03;0.22;0.78;0.0;;;;;;;
2026-05-02;193005686;France Ligue 1;France;10:00;Full;-0.32752613240418116;1.9;3;1.95;3;7.0;8.0;;3.0;3.0;6.0;173.0;88.0;100.0;Nantes;17.0;0.0;1.0;4.1;0;3.0;3 - 0;4.2;Marseille;6.0;0.0;3.0;1.75;0;0.0;+0.5;7 - 8;3-3;3;1.25;34 - 54;16 - 18;18.0;16.0;52.0;48.0;3.0;5.0;1.0;2.0;;;;;;;;91.0;82.0;54.0;34.0;58.0;42.0;8.0;11.0;8.0;5.0;;[50 54 58];[2 2 2];[False False False];['Nantes' 'Nantes' 'Nantes'];[0 1 2];[1 2 3];['D' 'H' 'H'];['H' 'H' 'H'];0.56;0.44;0.0;1.0;0.0;0.0;1647.0;1641.0;fc nantes;olympique marseille;1.7;1.53;
2026-05-02;193809860;Finland Ykkonen;Finland;10:00;Full;-0.0444444444444444;1.975;3.5, 4;1.825;3.5, 4;13.0;5.0;;4.0;5.0;9.0;0.0;0.0;100.0;FC Inter II;;0.0;1.0;2.5;0;0.0;0 - 2;3.7;Tampere Utd;;0.0;3.0;2.25;1;2.0;+0.25;13 - 5;4-5;3.75;1.5;-;-;0.0;0.0;40.0;60.0;0.0;0.0;1.0;0.0;;;;;;;;0.0;0.0;0.0;0.0;38.0;62.0;0.0;0.0;2.0;0.0;;[13 69];[1 2];[False False];['Tampere Utd' 'Tampere Utd'];[ 0 -1];[-1 -2];['D' 'A'];['A' 'A'];0.14;0.0;0.86;0.29;0.0;0.71;283675.0;2241.0;fc inter turku 2;tampere united;1.36;1.3;Youth
2026-05-02;193882060;Brazil Copa Rio U20;Brazil;10:00;Full;0.42601092163891596;1.85;2.5, 3;1.95;2.5, 3;5.0;1.0;;3.0;1.0;4.0;224.0;138.0;100.0;Vasco da Gama U20;;0.0;5.0;1.571;2;4.0;4 - 1;3.7;America RJ U20;;1.0;2.0;4.75;1;1.0;-1;5 - 1;3-1;2.75;1.25;85 - 53;42 - 30;30.0;42.0;38.0;62.0;4.0;8.0;2.0;5.0;;;;;;;;94.0;130.0;53.0;85.0;38.0;62.0;7.0;16.0;2.0;9.0;;[14 33 46 90 92];[1 1 1 2 2];[False False  True False  True];"['Vasco da Gama U20' 'Vasco da Gama U20' 'America RJ U20'
 'Vasco da Gama U20' 'Vasco da Gama U20']";[0 1 2 1 2];[1 2 1 2 3];['D' 'H' 'H' 'H' 'H'];['H' 'H' 'H' 'H' 'H'];0.15;0.85;0.0;0.3;0.7;0.0;1974.0;6976.0;cr vasco da gama rj;america fc rj;;;Youth
2026-05-02;193816055;India I-League;India;10:00;Full;0.2425234340127957;1.95;3;1.85;3;7.0;4.0;;1.0;3.0;4.0;250.0;201.0;100.0;Shillong Lajong FC;2.0;0.0;2.0;1.833;1;4.0;4 - 0;3.7;Chanmari FC;5.0;1.0;2.0;3.3;0;0.0;-0.5;7 - 4;1-3;3;1.25;107 - 94;54 - 50;50.0;54.0;34.0;66.0;3.0;3.0;1.0;1.0;;;;;;;;115.0;135.0;94.0;107.0;37.0;63.0;5.0;5.0;2.0;5.0;;[46 70 78 87];[1 2 2 2];[ True False False False];"['Shillong Lajong FC' 'Shillong Lajong FC' 'Shillong Lajong FC'
 'Shillong Lajong FC']";[0 1 2 3];[1 2 3 4];['D' 'H' 'H' 'H'];['H' 'H' 'H' 'H'];0.51;0.49;0.0;1.0;0.0;0.0;58741.0;633526.0;shillong lajong fc;chanmari fc;1.72;1.61;
2026-05-02;193870210;Sweden 2.div Norra Svealand;Sweden;10:00;Full;0.25983945132881303;1.875;2.5, 3;1.925;2.5, 3;9.0;4.0;;2.0;4.0;6.0;163.0;158.0;;Kungsängens IF;;0.0;3.0;1.833;0;1.0;1 - 1;3.5;Korsnäs;;0.0;2.0;3.5;1;1.0;-0.5;9 - 4;2-4;2.75;1.25;90 - 68;40 - 40;40.0;40.0;;;0.0;2.0;2.0;3.0;;;;;;;;73.0;90.0;68.0;90.0;;;2.0;4.0;2.0;5.0;;[32 94];[1 2];[False  True];['Korsnäs' 'Kungsängens IF'];[ 0 -1];[-1  0];['D' 'A'];['A' 'D'];0.34;0.0;0.66;0.71;0.0;0.29;539791.0;35636.0;kungsangens if;korsnas if fk;1.53;1.66;
2026-05-02;193939042;Zimbabwe Premier Soccer League;Zimbabwe;10:00;Full;0.4191950464396285;1.825;1.5, 2;1.975;1.5, 2;3.0;0.0;;3.0;0.0;3.0;292.0;112.0;;CAPS United;;0.0;1.0;1.615;0;0.0;0 - 1;3.4;Bulawayo Chiefs FC;;0.0;0.0;5.0;0;1.0;-0.75;3 - 0;3-0;1.75;0.75;62 - 50;25 - 31;31.0;25.0;;;2.0;10.0;0.0;0.0;;;;;;;;115.0;177.0;50.0;62.0;;;8.0;21.0;1.0;0.0;;[72];[2];[False];['Bulawayo Chiefs FC'];[0];[-1];['D'];['A'];0.8;0.0;0.2;1.0;0.0;0.0;;;;;;;
2026-05-02;193825100;Rwanda National League;Rwanda;10:00;Full;0.25;1.875;1.5, 2;1.925;1.5, 2;4.0;2.0;;2.0;0.0;2.0;180.0;95.0;;Etincelles;16.0;0.0;1.0;2.0;0;0.0;0 - 0;2.7;Amagaju;15.0;1.0;2.0;4.0;0;0.0;-0.25;4 - 2;2-0;1.75;0.75;45 - 50;16 - 28;28.0;16.0;;;2.0;3.0;1.0;0.0;;;;;;;;92.0;88.0;50.0;45.0;;;2.0;4.0;2.0;2.0;;[];[];[];[];[];[];[];[];1.0;0.0;0.0;1.0;0.0;0.0;;;;;;;
2026-05-02;193873552;Austria Landesliga;Austria;10:00;Full;-0.11904761904761901;2.0;3.0;1.8;3.0;5.0;3.0;;2.0;3.0;5.0;119.0;92.0;;Simmeringer SC;;0.0;5.0;2.8;1;1.0;1 - 4;3.6;Hellas Kagran;;0.0;2.0;2.1;1;4.0;+0.25;5 - 3;2-3;3.0;1.25;36 - 56;18 - 35;35.0;18.0;;;6.0;0.0;3.0;2.0;;;;;;;;60.0;59.0;56.0;36.0;;;9.0;2.0;7.0;3.0;;[24 47 46 78 84];[1 1 2 2 2];[False  True False False False];"['Simmeringer SC' 'Hellas Kagran' 'Hellas Kagran' 'Hellas Kagran'
 'Hellas Kagran']";[ 0  1  0 -1 -2];[ 1  0 -1 -2 -3];['D' 'H' 'D' 'A' 'A'];['H' 'D' 'A' 'A' 'A'];0.26;0.26;0.49;0.51;0.49;0.0;;;;;;;
2026-05-02;193879566;Norway Division 3 Group 6;Norway;10:00;Full;0.45345345345345345;1.8;3.0, 3.5;2.0;3.0, 3.5;12.0;2.0;;6.0;2.0;8.0;156.0;149.0;;Ørn Horten;;0.0;0.0;1.48;2;6.0;6 - 1;4.5;Brumunddal;;0.0;0.0;4.5;0;1.0;-1.25;12 - 2;6-2;3.25;1.5;84 - 65;42 - 32;32.0;42.0;;;0.0;3.0;0.0;4.0;;;;;;;;81.0;75.0;65.0;84.0;;;1.0;6.0;2.0;15.0;;[ 4 40 52 55 62 74 94];[1 1 2 2 2 2 2];[False False False False False False  True];"['Ørn Horten' 'Ørn Horten' 'Ørn Horten' 'Ørn Horten' 'Ørn Horten'
 'Brumunddal' 'Ørn Horten']";[0 1 2 3 4 5 4];[1 2 3 4 5 4 5];['D' 'H' 'H' 'H' 'H' 'H' 'H'];['H' 'H' 'H' 'H' 'H' 'H' 'H'];0.04;0.96;0.0;0.09;0.91;0.0;;;;;;;
2026-05-02;193829044;Italy Campionato Primavera 2;Italy;10:00;Full;0.34346976758494446;1.95;3;1.85;3;8.0;2.0;;4.0;0.0;4.0;169.0;128.0;100.0;Reggiana U19;;0.0;0.0;1.667;1;1.0;1 - 1;3.8;Padova U19;;0.0;0.0;3.9;1;1.0;-0.75;8 - 2;4-0;3;1.25;86 - 42;54 - 8;8.0;54.0;29.0;71.0;1.0;1.0;1.0;1.0;;;;;;;;67.0;102.0;42.0;86.0;37.0;63.0;3.0;5.0;1.0;3.0;;[11 42];[1 1];[False False];['Padova U19' 'Reggiana U19'];[ 0 -1];[-1  0];['D' 'A'];['A' 'D'];0.66;0.0;0.34;0.31;0.0;0.69;;2741.0;;calcio padova;;;Youth
2026-05-02;193935821;Iraq Premier Division;Iraq;10:00;Schedule;0.3147667534289746;1.95;2.0;1.85;2.0;0.0;0.0;;0.0;0.0;0.0;0.0;0.0;;Al Jaish;;0.0;0.0;1.833;0;0.0;0 - 0;3.0;El Atesalat;;0.0;0.0;4.333;0;0.0;-0.5 ( -0.5);0 - 0;0-0;2.0 ( 2);nan;-;-;0.0;0.0;;;0.0;0.0;0.0;0.0;;;;;;;;0.0;0.0;0.0;0.0;;;0.0;0.0;0.0;0.0;;[];[];[];[];[];[];[];[];1.0;0.0;0.0;1.0;0.0;0.0;;;;;;;
2026-05-02;193939033;Zambia Super League;Zambia;10:00;Full;-0.3609022556390977;1.825;1.5, 2;1.975;1.5, 2;4.0;2.0;;3.0;0.0;3.0;194.0;92.0;100.0;Mutondo Stars;;0.0;5.0;4.75;1;1.0;1 - 0;3.0;Red Arrows FC;;0.0;2.0;1.75;0;0.0;+0.75;4 - 2;3-0;1.75;0.75;40 - 52;23 - 27;27.0;23.0;58.0;42.0;4.0;3.0;2.0;3.0;;;;;;;;100.0;94.0;52.0;40.0;62.0;38.0;13.0;8.0;3.0;4.0;;[33];[1];[False];['Mutondo Stars'];[0];[1];['D'];['H'];0.37;0.63;0.0;0.73;0.27;0.0;;;;;;;
2026-05-02;193824809;Brazil Campeonato Mineiro U20;Brazil;10:00;Full;-0.3498800239952009;1.85;2.5;1.95;2.5;7.0;3.0;;3.0;0.0;3.0;235.0;97.0;;Minas Boca U20;;0.0;1.0;4.0;0;1.0;1 - 0;3.7;Inter De Minas U20;;0.0;2.0;1.667;0;0.0;+0.75;7 - 3;3-0;2.5;1;57 - 40;29 - 16;16.0;29.0;;;4.0;9.0;1.0;3.0;;;;;;;;112.0;123.0;40.0;57.0;;;10.0;15.0;1.0;10.0;;[84];[2];[False];['Minas Boca U20'];[0];[1];['D'];['H'];0.93;0.07;0.0;1.0;0.0;0.0;;;;;;;Youth
2026-05-02;193882731;Uruguay Primera Division Amateur;Uruguay;10:00;Full;0.75;1.825;3;1.975;3;7.0;1.0;;2.0;1.0;3.0;175.0;78.0;100.0;CA Bella Vista;;0.0;2.0;1.2;2;3.0;3 - 0;5.75;Los Halcones;;0.0;5.0;12.0;0;0.0;-2;7 - 1;2-1;3;1.25;54 - 24;32 - 15;15.0;32.0;31.0;69.0;0.0;6.0;1.0;4.0;;;;;;;;71.0;104.0;24.0;54.0;38.0;62.0;3.0;11.0;1.0;8.0;;[ 9 10 49];[1 1 2];[False False False];['CA Bella Vista' 'CA Bella Vista' 'CA Bella Vista'];[0 1 2];[1 2 3];['D' 'H' 'H'];['H' 'H' 'H'];0.1;0.9;0.0;0.2;0.8;0.0;;;;;;;
2026-05-02;193004694;Italy Serie A;Italy;10:00;Full;0.25;1.875;2.0, 2.5;1.975;2.0, 2.5;5.0;2.0;;3.0;1.0;4.0;185.0;85.0;100.0;Udinese;11.0;0.0;1.0;2.0;1;2.0;2 - 0;3.25;Torino;13.0;0.0;1.0;4.0;0;0.0;-0.5;5 - 2;3-1;2.25;1;35 - 50;18 - 17;17.0;18.0;50.0;50.0;3.0;6.0;1.0;2.0;;;;;;;;94.0;91.0;50.0;35.0;47.0;53.0;9.0;11.0;1.0;8.0;;[46 51];[1 2];[ True False];['Udinese' 'Udinese'];[0 1];[1 2];['D' 'H'];['H' 'H'];0.51;0.49;0.0;1.0;0.0;0.0;2695.0;2696.0;udinese calcio;torino fc;1.9;1.95;
2026-05-02;193776159;Italy Campionato Primavera 2;Italy;10:00;Full;0.23751023751023742;1.9;3;1.9;3;3.0;5.0;;2.0;1.0;3.0;154.0;88.0;100.0;Pescara U19;;0.0;2.0;1.85;1;5.0;5 - 2;3.6;Benevento U19;;0.0;3.0;3.3;0;2.0;-0.5;3 - 5;2-1;3;1.25;42 - 46;23 - 20;20.0;23.0;60.0;40.0;3.0;3.0;1.0;5.0;;;;;;;;96.0;58.0;46.0;42.0;65.0;35.0;7.0;6.0;6.0;10.0;;[24 58 64 74 76 81 92];[1 2 2 2 2 2 2];[False False False False False False  True];"['Pescara U19' 'Benevento U19' 'Pescara U19' 'Benevento U19' 'Pescara U19'
 'Pescara U19' 'Pescara U19']";[0 1 0 1 0 1 2];[1 0 1 0 1 2 3];['D' 'H' 'D' 'H' 'D' 'H' 'H'];['H' 'D' 'H' 'D' 'H' 'H' 'H'];0.35;0.65;0.0;0.53;0.47;0.0;2728.0;2759.0;delfino pescara;benevento calcio;;;Youth
2026-05-02;193829047;Italy Campionato Primavera 2;Italy;10:00;Full;0.6263736263736264;1.8;2.5, 3;2.0;2.5, 3;11.0;4.0;;2.0;0.0;2.0;154.0;85.0;100.0;Como U19;;0.0;1.0;1.3;0;1.0;1 - 3;4.75;Modena U19;;0.0;2.0;7.0;2;3.0;-1;11 - 4;2-0;2.75;1.25;62 - 23;36 - 12;12.0;36.0;30.0;70.0;0.0;5.0;2.0;0.0;;;;;;;;47.0;107.0;23.0;62.0;34.0;66.0;0.0;13.0;4.0;2.0;;[ 1 10 63 71];[1 1 2 2];[False False False False];['Modena U19' 'Modena U19' 'Modena U19' 'Como U19'];[ 0 -1 -2 -3];[-1 -2 -3 -2];['D' 'A' 'A' 'A'];['A' 'A' 'A' 'A'];0.01;0.0;0.99;0.02;0.0;0.98;2704.0;2706.0;como 1907;modena fc;;;Youth
2026-05-02;193821331;Tanzania Premier League;Tanzania;10:00;Full;-0.6154907710884939;2.0;2.0, 2.5;1.8;2.0, 2.5;3.0;9.0;;0.0;6.0;6.0;280.0;165.0;100.0;Mtibwa Sugar;7.0;0.0;1.0;8.5;0;0.0;0 - 3;3.9;Azam FC;3.0;0.0;0.0;1.364;2;3.0;+1.25;3 - 9;0-6;2.25;0.75;70 - 95;33 - 49;49.0;33.0;61.0;39.0;3.0;1.0;3.0;3.0;;;;;;;;140.0;140.0;95.0;70.0;60.0;40.0;6.0;6.0;5.0;3.0;;[ 9 20 59];[1 1 2];[False False False];['Azam FC' 'Azam FC' 'Azam FC'];[ 0 -1 -2];[-1 -2 -3];['D' 'A' 'A'];['A' 'A' 'A'];0.1;0.0;0.9;0.2;0.0;0.8;;;;;;;
2026-05-02;193824825;Brazil Campeonato Mineiro U20;Brazil;10:00;Full;0.21870286576168935;1.975;2.5;1.825;2.5;3.0;1.0;;2.0;0.0;2.0;115.0;112.0;;America MG U20;;0.0;2.0;1.95;1;2.0;2 - 0;3.25;Coimbra U20;;0.0;3.0;3.4;0;0.0;-0.5;3 - 1;2-0;2.5;1;56 - 56;23 - 26;26.0;23.0;;;4.0;5.0;1.0;1.0;;;;;;;;65.0;50.0;56.0;56.0;;;7.0;6.0;2.0;2.0;;[41 70];[1 2];[False False];['America MG U20' 'America MG U20'];[0 1];[1 2];['D' 'H'];['H' 'H'];0.46;0.54;0.0;0.91;0.09;0.0;1973.0;;america fc mg;;;;Youth
2026-05-02;193776155;Italy Campionato Primavera 2;Italy;10:00;Full;0.2752834667728285;1.875;2.5;1.925;2.5;7.0;3.0;;3.0;2.0;5.0;226.0;146.0;100.0;Catanzaro U19;;0.0;1.0;1.833;1;3.0;3 - 0;3.4;Monopoli U19;;0.0;1.0;3.7;0;0.0;-0.5;7 - 3;3-2;2.5;1;101 - 45;56 - 16;16.0;56.0;44.0;56.0;2.0;3.0;0.0;4.0;;;;;;;;106.0;120.0;45.0;101.0;48.0;52.0;6.0;8.0;1.0;8.0;;[27 74 84];[1 2 2];[False False False];['Catanzaro U19' 'Catanzaro U19' 'Catanzaro U19'];[0 1 2];[1 2 3];['D' 'H' 'H'];['H' 'H' 'H'];0.3;0.7;0.0;0.6;0.4;0.0;2796.0;25137.0;us catanzaro;ss monopoli;;;Youth
2026-05-02;193887266;Italy Campionato Primavera 3;Italy;10:00;Full;0.0735930735930736;2.0;3;1.8;3;10.0;7.0;;4.0;5.0;9.0;110.0;129.0;;Alcione Milano U19;;0.0;2.0;2.2;1;2.0;2 - 3;3.6;Pro Patria U19;;0.0;4.0;2.625;1;3.0;-0.25;10 - 7;4-5;3;1.25;72 - 57;27 - 37;37.0;27.0;;;4.0;6.0;2.0;2.0;;;;;;;;47.0;63.0;57.0;72.0;;;8.0;17.0;6.0;5.0;;[ 9 38 57 83 88];[1 1 2 2 2];[False False False False False];"['Alcione Milano U19' 'Pro Patria U19' 'Alcione Milano U19'
 'Pro Patria U19' 'Pro Patria U19']";[0 1 0 1 0];[ 1  0  1  0 -1];['D' 'H' 'D' 'H' 'D'];['H' 'D' 'H' 'D' 'A'];0.37;0.61;0.02;0.36;0.64;0.0;834514.0;2746.0;alcione milano;pro patria busto arsizio;;;Youth
2026-05-02;193800829;Italy Serie A Women;Italy;10:00;Full;0.38383838383838387;1.9;2.5;1.9;2.5;8.0;9.0;;5.0;4.0;9.0;154.0;126.0;100.0;Sassuolo (W);;0.0;2.0;1.65;0;0.0;0 - 0;3.5;Genoa (W);;0.0;0.0;4.5;0;0.0;-0.75;8 - 9;5-4;2.5;1;61 - 65;32 - 27;27.0;32.0;47.0;53.0;4.0;8.0;3.0;2.0;;;;;;;;71.0;83.0;65.0;61.0;49.0;51.0;9.0;12.0;4.0;3.0;;[];[];[];[];[];[];[];[];1.0;0.0;0.0;1.0;0.0;0.0;2793.0;512870.0;sassuolo calcio;genoa cfc women;1.8;1.83;Women
2026-05-02;193814647;Italy Campionato Primavera 2;Italy;10:00;Full;0.5324675324675325;2.0;3.0, 3.5;1.8;3.0, 3.5;6.0;9.0;;4.0;5.0;9.0;179.0;139.0;100.0;Empoli U19;;0.0;0.0;1.4;1;3.0;3 - 1;4.5;Pisa U19;;0.0;1.0;5.5;1;1.0;-1.25;6 - 9;4-5;3.25;1.25;74 - 65;33 - 34;34.0;33.0;44.0;56.0;6.0;8.0;2.0;5.0;;;;;;;;84.0;95.0;65.0;74.0;47.0;53.0;8.0;13.0;3.0;11.0;;[ 6 13 59 93];[1 1 2 2];[False False False  True];['Empoli U19' 'Pisa U19' 'Empoli U19' 'Empoli U19'];[0 1 0 1];[1 0 1 2];['D' 'H' 'D' 'H'];['H' 'D' 'H' 'H'];0.56;0.44;0.0;0.84;0.16;0.0;2705.0;2737.0;empoli fc;pisa sc;;;Youth
2026-05-02;193879087;Italy Campionato Primavera 2;Italy;10:00;Full;0.3087685253290349;1.9;3;1.9;3;2.0;8.0;;2.0;3.0;5.0;132.0;88.0;100.0;Spezia U19;;0.0;5.0;1.727;1;2.0;2 - 1;3.75;Ternana U19;;0.0;2.0;3.7;0;1.0;-0.75;2 - 8;2-3;3;1.25;38 - 50;18 - 20;20.0;18.0;46.0;54.0;5.0;4.0;3.0;4.0;;;;;;;;71.0;61.0;50.0;38.0;52.0;48.0;9.0;6.0;8.0;6.0;;[ 3 71 74];[1 2 2];[False False False];['Spezia U19' 'Spezia U19' 'Ternana U19'];[0 1 2];[1 2 1];['D' 'H' 'H'];['H' 'H' 'H'];0.03;0.97;0.0;0.07;0.93;0.0;2735.0;2708.0;spezia calcio;ternana calcio;;;Youth
2026-05-02;193800528;Germany Bundesliga Women;Germany;10:00;Full;0.5901875468867217;1.85;3.5;1.95;3.5;4.0;4.0;;0.0;1.0;1.0;192.0;94.0;100.0;Wolfsburg (W);;0.0;1.0;1.333;0;3.0;3 - 2;4.75;RB Leipzig (W);;0.0;1.0;6.25;1;2.0;-1.5;4 - 4;0-1;3.5;1.5;67 - 27;42 - 14;14.0;42.0;37.0;63.0;4.0;4.0;2.0;2.0;;;;;;;;57.0;135.0;27.0;67.0;40.0;60.0;7.0;11.0;6.0;8.0;;[ 9 59 66 84 91];[1 2 2 2 2];[False False False False  True];"['RB Leipzig (W)' 'Wolfsburg (W)' 'Wolfsburg (W)' 'Wolfsburg (W)'
 'RB Leipzig (W)']";[ 0 -1  0  1  2];[-1  0  1  2  1];['D' 'A' 'D' 'H' 'H'];['A' 'D' 'H' 'H' 'H'];0.18;0.27;0.55;0.2;0.0;0.8;2524.0;36360.0;vfl wolfsburg;rb leipzig;;;Women
2026-05-02;193879091;Italy Campionato Primavera 2;Italy;10:00;Full;-0.10582010582010581;1.925;3.5;1.875;3.5;3.0;3.0;;1.0;2.0;3.0;143.0;70.0;100.0;Albinoleffe U19;;2.0;3.0;2.7;0;1.0;1 - 2;3.7;Lecco U19;;0.0;1.0;2.1;1;2.0;0;3 - 3;1-2;3.5;1.25;31 - 39;18 - 18;18.0;18.0;54.0;46.0;2.0;2.0;6.0;2.0;;;;;;;;72.0;71.0;39.0;31.0;61.0;39.0;5.0;2.0;10.0;4.0;;[11 56 61];[1 2 2];[False False False];['Lecco U19' 'Lecco U19' 'Albinoleffe U19'];[ 0 -1 -2];[-1 -2 -1];['D' 'A' 'A'];['A' 'A' 'A'];0.12;0.0;0.88;0.24;0.0;0.76;2732.0;7933.0;us albinoleffe;calcio lecco 1912;;;Youth
2026-05-02;193813502;Brazil Campeonato Mineiro U20;Brazil;10:00;Full;0.15517241379310343;2.0;3;1.8;3;3.0;0.0;;0.0;0.0;0.0;213.0;90.0;100.0;Cruzeiro U20;;0.0;4.0;2.0;2;3.0;3 - 2;3.7;Atletico Mineiro U20;;0.0;4.0;2.9;1;2.0;-0.25;3 - 0;0-0;3;1.25;58 - 32;22 - 10;10.0;22.0;47.0;53.0;0.0;4.0;1.0;2.0;;;;;;;;96.0;117.0;32.0;58.0;45.0;55.0;2.0;6.0;2.0;3.0;;[30 48 51 51 60];[1 1 1 2 2];[False  True  True False False];"['Cruzeiro U20' 'Atletico Mineiro U20' 'Cruzeiro U20'
 'Atletico Mineiro U20' 'Cruzeiro U20']";[0 1 0 1 0];[1 0 1 0 1];['D' 'H' 'D' 'H' 'D'];['H' 'D' 'H' 'D' 'H'];0.47;0.53;0.0;0.65;0.35;0.0;1954.0;1977.0;cruzeiro ec mg;atletico mineiro mg;;;Youth
2026-05-02;193879089;Italy Campionato Primavera 2;Italy;10:00;Full;0.325077399380805;1.975;2.5, 3;1.825;2.5, 3;4.0;8.0;;2.0;5.0;7.0;131.0;84.0;100.0;Avellino U19;;1.0;2.0;1.7;0;3.0;3 - 1;3.9;Palermo U19;;1.0;2.0;3.8;1;1.0;-0.75;4 - 8;2-5;2.75;1.25;50 - 34;31 - 10;10.0;31.0;49.0;51.0;4.0;7.0;1.0;6.0;;;;;;;;57.0;74.0;34.0;50.0;47.0;53.0;9.0;12.0;3.0;9.0;;[40 49 63 68];[1 2 2 2];[False False False False];['Palermo U19' 'Avellino U19' 'Avellino U19' 'Avellino U19'];[ 0 -1  0  1];[-1  0  1  2];['D' 'A' 'D' 'H'];['A' 'D' 'H' 'H'];0.6;0.3;0.1;0.89;0.0;0.11;2730.0;2715.0;us avellino;palermo fc;;;Youth
2026-05-02;193879085;Italy Campionato Primavera 2;Italy;10:00;Full;0.09090909090909088;1.95;2.5, 3;1.85;2.5, 3;5.0;7.0;;0.0;4.0;4.0;153.0;101.0;100.0;Renate U19;;0.0;3.0;2.2;0;1.0;1 - 1;3.4;Vicenza U19;;0.0;3.0;2.75;0;1.0;-0.25;5 - 7;0-4;2.75;1;53 - 48;22 - 24;24.0;22.0;57.0;43.0;8.0;0.0;1.0;0.0;;;;;;;;75.0;78.0;48.0;53.0;49.0;51.0;11.0;15.0;2.0;4.0;;[73 95];[2 2];[False  True];['Vicenza U19' 'Renate U19'];[ 0 -1];[-1  0];['D' 'A'];['A' 'D'];0.77;0.0;0.23;1.0;0.0;0.0;36586.0;2722.0;ac renate;l.r. vicenza;;;Youth
2026-05-02;193776151;Italy Campionato Primavera 2;Italy;10:00;Full;0.3869047619047619;1.8;2.5, 3;2.0;2.5, 3;6.0;2.0;;1.0;0.0;1.0;211.0;131.0;100.0;Sampdoria U19;;0.0;2.0;1.6;2;4.0;4 - 1;3.9;Pro Vercelli U19;;0.0;1.0;4.2;1;1.0;-0.75;6 - 2;1-0;2.75;1.25;71 - 60;39 - 28;28.0;39.0;54.0;46.0;3.0;0.0;1.0;4.0;;;;;;;;104.0;107.0;60.0;71.0;50.0;50.0;4.0;2.0;1.0;8.0;;[35 37 44 71 75];[1 1 1 2 2];[False False False False False];"['Sampdoria U19' 'Sampdoria U19' 'Pro Vercelli U19' 'Sampdoria U19'
 'Sampdoria U19']";[0 1 2 1 2];[1 2 1 2 3];['D' 'H' 'H' 'H' 'H'];['H' 'H' 'H' 'H' 'H'];0.39;0.61;0.0;0.78;0.22;0.0;2711.0;2769.0;sampdoria genoa;pro vercelli 1892;;;Youth
2026-05-02;193780731;Finland Kakkonen Group B;Finland;10:00;Full;0.6347478338147079;1.975;3.5, 4;1.825;3.5, 4;12.0;1.0;;6.0;1.0;7.0;113.0;91.0;100.0;GrIFK;;0.0;0.0;1.286;1;1.0;1 - 1;5.0;MuSa;;0.0;3.0;7.0;0;1.0;-1.75;12 - 1;6-1;3.75;1.5;62 - 29;28 - 16;16.0;28.0;42.0;58.0;2.0;4.0;0.0;4.0;;;;;;;;48.0;65.0;29.0;62.0;43.0;57.0;3.0;16.0;2.0;6.0;;[41 78];[1 2];[False False];['GrIFK' 'MuSa'];[0 1];[1 0];['D' 'H'];['H' 'D'];0.59;0.41;0.0;0.91;0.09;0.0;2282.0;192684.0;grankulla ifk;musan salama;1.57;1.57;Youth
2026-05-02;193946604;Mozambique Mocambola;Mozambique;10:00;Full;0.21002710027100274;1.95;2;1.85;2;7.0;4.0;;5.0;3.0;8.0;221.0;102.0;;Vilankulo FC;;0.0;2.0;2.05;0;0.0;0 - 0;2.875;Ferrovario Lichinga;;0.0;2.0;3.6;0;0.0;-0.25;7 - 4;5-3;2;0.75;71 - 31;35 - 22;22.0;35.0;;;3.0;3.0;0.0;1.0;;;;;;;;111.0;110.0;31.0;71.0;;;4.0;11.0;0.0;4.0;;[];[];[];[];[];[];[];[];1.0;0.0;0.0;1.0;0.0;0.0;;;;;;;
2026-05-02;193780724;Finland Ykkosliiga;Finland;10:00;Full;0.14297729184188396;2.025;3.0, 3.5;1.775;3.0, 3.5;4.0;3.0;;2.0;2.0;4.0;205.0;101.0;100.0;Klubi-04;10.0;0.0;1.0;2.05;0;1.0;1 - 1;3.6;SJK Akatemia;7.0;0.0;4.0;2.9;0;1.0;-0.25;4 - 3;2-2;3.25;1.25;50 - 51;22 - 23;23.0;22.0;41.0;59.0;3.0;3.0;1.0;2.0;;;;;;;;106.0;99.0;51.0;50.0;46.0;54.0;4.0;5.0;3.0;4.0;;[53 59];[2 2];[False False];['SJK Akatemia' 'Klubi-04'];[ 0 -1];[-1  0];['D' 'A'];['A' 'D'];0.93;0.0;0.07;1.0;0.0;0.0;5918.0;89908.0;hjk klubi 04;sjk akatemia;1.44;1.5;
2026-05-02;193780722;Finland Ykkosliiga;Finland;10:00;Full;-0.016006402561024313;1.875;2.5;1.925;2.5;2.0;8.0;;1.0;3.0;4.0;132.0;91.0;;JaPS;5.0;0.0;2.0;2.55;1;1.0;1 - 0;3.3;PK-35;3.0;0.0;2.0;2.45;0;0.0;0;2 - 8;1-3;2.5;1;30 - 61;17 - 29;29.0;17.0;;;4.0;0.0;2.0;3.0;;;;;;;;74.0;58.0;61.0;30.0;;;5.0;2.0;4.0;4.0;;[19];[1];[False];['JaPS'];[0];[1];['D'];['H'];0.21;0.79;0.0;0.42;0.58;0.0;23422.0;50525.0;japs;pk-35 helsinki;1.66;1.72;
2026-05-02;193780720;Finland Ykkosliiga;Finland;10:00;Full;-0.3884080628255044;2.0;2.5, 3;1.8;2.5, 3;7.0;9.0;;4.0;5.0;9.0;147.0;102.0;100.0;MP;8.0;0.0;2.0;4.333;1;1.0;1 - 0;3.9;FC Haka;6.0;0.0;1.0;1.615;0;0.0;+0.75;7 - 9;4-5;2.75;1;37 - 65;20 - 26;26.0;20.0;46.0;54.0;2.0;4.0;2.0;4.0;;;;;;;;85.0;62.0;65.0;37.0;54.0;46.0;9.0;8.0;6.0;5.0;;[15];[1];[False];['MP'];[0];[1];['D'];['H'];0.17;0.83;0.0;0.33;0.67;0.0;5115.0;2240.0;mikkelin palloilijat;fc haka valkeakoski;1.8;1.8;
2026-05-02;193935830;Iraq Premier Division;Iraq;10:00;Full;-0.33333333333333337;1.95;2;1.85;2;6.0;4.0;;4.0;1.0;5.0;129.0;139.0;;Peshmerga Sulaymaniya SC;;0.0;1.0;4.5;0;1.0;1 - 0;3.0;Al Jolan SC;;0.0;3.0;1.8;0;0.0;+0.5;6 - 4;4-1;2;0.75;66 - 73;33 - 31;31.0;33.0;;;5.0;9.0;0.0;2.0;;;;;;;;64.0;65.0;73.0;66.0;;;8.0;11.0;0.0;3.0;;[67];[2];[False];['Peshmerga Sulaymaniya SC'];[0];[1];['D'];['H'];0.74;0.26;0.0;1.0;0.0;0.0;;;;;;;
2026-05-02;193775507;Czechia First League;Czech Republic;10:00;Full;0.14204545454545453;1.825;2;1.975;2;6.0;5.0;;2.0;2.0;4.0;211.0;126.0;100.0;Bohemians 1905;;0.0;0.0;2.2;0;1.0;1 - 3;3.0;Sigma Olomouc;;0.0;1.0;3.2;1;3.0;-0.25;6 - 5;2-2;2;0.75;62 - 64;29 - 32;32.0;29.0;50.0;50.0;7.0;1.0;2.0;2.0;;;;;;;;101.0;110.0;64.0;62.0;50.0;50.0;12.0;6.0;6.0;3.0;;[33 51 62 90];[1 2 2 2];[False False False False];['Sigma Olomouc' 'Sigma Olomouc' 'Sigma Olomouc' 'Bohemians 1905'];[ 0 -1 -2 -3];[-1 -2 -3 -2];['D' 'A' 'A' 'A'];['A' 'A' 'A' 'A'];0.37;0.0;0.63;0.73;0.0;0.27;6064.0;2207.0;bohemians prague 1905;sk sigma olomouc;1.75;2.0;
2026-05-02;193872085;Paraguay Division Intermedia;Paraguay;10:00;Full;0.0;1.775;2.0, 2.5;2.025;2.0, 2.5;8.0;1.0;;3.0;1.0;4.0;166.0;104.0;100.0;Encarnacion FC;7.0;0.0;4.0;2.5;0;2.0;2 - 2;3.2;Sportivo Carapegua;4.0;1.0;3.0;2.5;0;2.0;0;8 - 1;3-1;2.25;1;76 - 28;39 - 14;14.0;39.0;42.0;58.0;1.0;2.0;0.0;3.0;;;;;;;;73.0;93.0;28.0;76.0;40.0;60.0;4.0;6.0;4.0;8.0;;[52 81 90 93];[2 2 2 2];[False False False  True];"['Sportivo Carapegua' 'Sportivo Carapegua' 'Encarnacion FC'
 'Encarnacion FC']";[ 0 -1 -2 -1];[-1 -2 -1  0];['D' 'A' 'A' 'A'];['A' 'A' 'A' 'D'];0.56;0.0;0.44;1.0;0.0;0.0;;;;;;;
2026-05-02;193803707;Norway Division 3 Group 2;Norway;10:00;Full;0.08403361344537807;1.9;3.5, 4;1.9;3.5, 4;3.0;5.0;;2.0;3.0;5.0;181.0;133.0;;Kvik Trondheim;;0.0;2.0;2.1;0;1.0;1 - 2;4.2;Spjelkavik;;0.0;2.0;2.55;2;2.0;-0.25;3 - 5;2-3;3.75;1.5;63 - 70;22 - 42;42.0;22.0;;;3.0;2.0;9.0;1.0;;;;;;;;96.0;85.0;70.0;63.0;;;9.0;4.0;10.0;3.0;;[ 4 43 65];[1 1 2];[False False False];['Spjelkavik' 'Spjelkavik' 'Kvik Trondheim'];[ 0 -1 -2];[-1 -2 -1];['D' 'A' 'A'];['A' 'A' 'A'];0.04;0.0;0.96;0.09;0.0;0.91;;;;;;;
2026-05-02;193799084;Czechia First League;Czech Republic;10:00;Full;0.17316017316017313;1.975;2.0, 2.5;1.825;2.0, 2.5;3.0;6.0;;1.0;3.0;4.0;141.0;117.0;100.0;FC Zlin;;0.0;3.0;2.1;1;2.0;2 - 1;3.2;Dukla Praha;;0.0;1.0;3.3;1;1.0;-0.25;3 - 6;1-3;2.25;1;45 - 72;24 - 28;28.0;24.0;50.0;50.0;3.0;6.0;3.0;1.0;;;;;;;;78.0;63.0;72.0;45.0;50.0;50.0;9.0;7.0;4.0;3.0;;[24 35 74];[1 1 2];[False False False];['Dukla Praha' 'FC Zlin' 'FC Zlin'];[ 0 -1  0];[-1  0  1];['D' 'A' 'D'];['A' 'D' 'H'];0.7;0.18;0.12;0.76;0.0;0.24;2220.0;7739.0;fc zlin;dukla prague;1.95;1.95;
2026-05-02;193878688;Czech Cup Women;Czech Republic;10:00;Full;-0.6823529411764706;1.975;3.5;1.825;3.5;6.0;3.0;;6.0;1.0;7.0;173.0;81.0;100.0;Slovacko (W);;0.0;0.0;8.5;1;1.0;1 - 3;5.5;Sparta Prague (W);;0.0;1.0;1.25;1;3.0;+2;6 - 3;6-1;3.5;1.5;33 - 48;15 - 24;24.0;15.0;44.0;56.0;2.0;2.0;6.0;2.0;;;;;;;;98.0;75.0;48.0;33.0;55.0;45.0;8.0;3.0;10.0;2.0;;[15 34 67 72];[1 1 2 2];[False False False False];"['Sparta Prague (W)' 'Slovacko (W)' 'Sparta Prague (W)'
 'Sparta Prague (W)']";[ 0 -1  0 -1];[-1  0 -1 -2];['D' 'A' 'D' 'A'];['A' 'D' 'A' 'A'];0.53;0.0;0.47;0.58;0.0;0.42;4871.0;2218.0;1. fc slovacko uherske hradiste;sparta prague;;;Women
2026-05-02;193801372;Latvia 1. Liga;Latvia;10:00;Full;0.14285714285714285;1.95;3;1.85;3;11.0;9.0;;0.0;4.0;4.0;141.0;136.0;;JFK Ventspils;;0.0;4.0;2.1;0;0.0;0 - 0;3.25;RFS II;;0.0;2.0;3.0;0;0.0;-0.25;11 - 9;0-4;3;1.25;84 - 52;36 - 31;31.0;36.0;;;2.0;1.0;0.0;2.0;;;;;;;;65.0;76.0;52.0;84.0;;;3.0;4.0;0.0;5.0;;[];[];[];[];[];[];[];[];1.0;0.0;0.0;1.0;0.0;0.0;;68718.0;;fc rfs;;;Youth
2026-05-02;193813966;South Africa National Div 1;South Africa;10:00;Full;0.13196480938416422;1.775;2;2.025;2;2.0;2.0;;1.0;1.0;2.0;172.0;94.0;100.0;University of Pretoria;;0.0;1.0;2.2;0;0.0;0 - 1;3.0;Lerumo Lions;;0.0;2.0;3.1;1;1.0;-0.25;2 - 2;1-1;2;0.75;58 - 36;31 - 20;20.0;31.0;23.0;77.0;2.0;3.0;1.0;2.0;;;;;;;;53.0;119.0;36.0;58.0;27.0;73.0;6.0;9.0;1.0;2.0;;[33];[1];[False];['Lerumo Lions'];[0];[-1];['D'];['A'];0.37;0.0;0.63;0.73;0.0;0.27;;;;;;;
2026-05-02;193775899;Denmark Division 2;Denmark;10:00;Full;0.22971682124919107;1.975;2.5;1.825;2.5;5.0;4.0;;3.0;2.0;5.0;149.0;64.0;100.0;Fremad Amager;;0.0;1.0;1.909;0;1.0;1 - 0;3.4;VSK Aarhus;;0.0;2.0;3.4;0;0.0;-0.25;5 - 4;3-2;2.5;1;35 - 29;18 - 13;13.0;18.0;46.0;54.0;4.0;1.0;1.0;1.0;;;;;;;;82.0;67.0;29.0;35.0;50.0;50.0;5.0;5.0;4.0;7.0;;[71];[2];[False];['Fremad Amager'];[0];[1];['D'];['H'];0.79;0.21;0.0;1.0;0.0;0.0;35412.0;272767.0;bk fremad amager;vsk aarhus;;;
2026-05-02;193825137;San Marino Campionato;San Marino;10:00;Full;-0.2777777777777778;1.975;3;1.825;3;1.0;7.0;;1.0;6.0;7.0;145.0;116.0;100.0;SP Domagnano;;0.0;1.0;3.6;0;0.0;0 - 1;3.6;SS Folgore/Falciano;;0.0;2.0;1.8;0;1.0;+0.5;1 - 7;1-6;3;1.25;53 - 63;19 - 33;33.0;19.0;56.0;44.0;4.0;1.0;3.0;0.0;;;;;;;;70.0;75.0;63.0;53.0;54.0;46.0;4.0;3.0;7.0;5.0;;[75];[2];[False];['SS Folgore/Falciano'];[0];[-1];['D'];['A'];0.83;0.0;0.17;1.0;0.0;0.0;;;;;;;
2026-05-02;193775511;Czechia First League;Czech Republic;10:00;Full;0.02721088435374147;2.025;2.5;1.775;2.5;7.0;4.0;;5.0;2.0;7.0;178.0;79.0;100.0;MFK Karvina;;0.0;1.0;2.45;1;1.0;1 - 2;3.2;Pardubice;;0.0;1.0;2.625;1;2.0;0;7 - 4;5-2;2.5;1;41 - 38;18 - 19;19.0;18.0;50.0;50.0;4.0;3.0;4.0;1.0;;;;;;;;94.0;84.0;38.0;41.0;50.0;50.0;8.0;9.0;5.0;3.0;;[13 45 51];[1 1 2];[False False False];['Pardubice' 'MFK Karvina' 'Pardubice'];[ 0 -1  0];[-1  0 -1];['D' 'A' 'D'];['A' 'D' 'A'];0.21;0.0;0.79;0.29;0.0;0.71;23951.0;2230.0;mfk karvina;fk pardubice;1.53;1.7;
2026-05-02;193799082;Czechia First League;Czech Republic;10:00;Full;0.26276276276276267;1.9;2.5, 3;1.9;2.5, 3;6.0;4.0;;2.0;3.0;5.0;202.0;121.0;100.0;Banik Ostrava;;0.0;2.0;1.85;0;0.0;0 - 0;3.6;Mlada Boleslav;;0.0;4.0;3.6;0;0.0;-0.5;6 - 4;2-3;2.75;1.25;68 - 53;20 - 30;30.0;20.0;50.0;50.0;2.0;3.0;2.0;1.0;;;;;;;;114.0;88.0;53.0;68.0;50.0;50.0;4.0;7.0;5.0;6.0;;[];[];[];[];[];[];[];[];1.0;0.0;0.0;1.0;0.0;0.0;2204.0;2224.0;fc banik ostrava;fk mlada boleslav;1.66;1.61;
2026-05-02;193879959;Zanzibar Premier League;Tanzania;10:07;Full;0.2222222222222222;1.975;2;1.825;2;4.0;11.0;;2.0;7.0;9.0;147.0;134.0;;Zimamoto SC;;0.0;1.0;2.0;1;1.0;1 - 2;3.0;Mlandege FC;;0.0;3.0;3.6;2;2.0;-0.5;4 - 11;2-7;2;0.75;63 - 71;28 - 30;30.0;28.0;;;3.0;4.0;4.0;2.0;;;;;;;;75.0;72.0;71.0;63.0;;;4.0;5.0;7.0;2.0;;[18 35 38];[1 1 1];[False False False];['Mlandege FC' 'Mlandege FC' 'Zimamoto SC'];[ 0 -1 -2];[-1 -2 -1];['D' 'A' 'A'];['A' 'A' 'A'];0.2;0.0;0.8;0.4;0.0;0.6;;;;;;;
2026-05-02;193939038;Zanzibar Premier League;Tanzania;10:15;Full;0.3998800239952009;2.0;3;1.8;3;5.0;1.0;;1.0;0.0;1.0;174.0;132.0;;JKU FC;;0.0;0.0;1.667;2;3.0;3 - 0;3.2;New King;;0.0;0.0;5.0;0;0.0;-0.75;5 - 1;1-0;3;1.25;81 - 51;40 - 26;26.0;40.0;;;2.0;2.0;0.0;2.0;;;;;;;;74.0;100.0;51.0;81.0;;;3.0;3.0;0.0;3.0;;[ 8 46 80];[1 1 2];[False  True False];['JKU FC' 'JKU FC' 'JKU FC'];[0 1 2];[1 2 3];['D' 'H' 'H'];['H' 'H' 'H'];0.09;0.91;0.0;0.17;0.83;0.0;;;;;;;
2026-05-02;192932631;Germany Bundesliga I;Germany;10:30;Full;0.35744831050352294;2.025;3.0, 3.5;1.825;3.0, 3.5;9.0;4.0;;4.0;2.0;6.0;178.0;105.0;100.0;Eintracht Frankfurt;7.0;1.0;5.0;1.7;0;1.0;1 - 2;4.2;Hamburg;15.0;0.0;1.0;4.333;0;2.0;-0.75;9 - 4;4-2;3.25;1.25;68 - 37;30 - 22;22.0;30.0;40.0;60.0;4.0;1.0;1.0;3.0;;;;;;;;73.0;105.0;37.0;68.0;36.0;64.0;5.0;3.0;4.0;5.0;;[48 51 59];[2 2 2];[False False False];['Eintracht Frankfurt' 'Hamburg' 'Hamburg'];[0 1 0];[ 1  0 -1];['D' 'H' 'D'];['H' 'D' 'A'];0.62;0.03;0.34;1.0;0.0;0.0;2674.0;2676.0;eintracht frankfurt;hamburger sv;1.53;1.5;
2026-05-02;193190738;Bulgaria First League;Bulgaria;10:30;Full;0.3382352941176471;1.825;2.0, 2.5;1.975;2.0, 2.5;4.0;1.0;;2.0;0.0;2.0;214.0;120.0;100.0;Botev Vratsa;;0.0;2.0;1.7;2;2.0;2 - 1;3.6;Spartak Varna;;0.0;3.0;4.0;0;1.0;-0.5;4 - 1;2-0;2.25;1;70 - 50;38 - 17;17.0;38.0;32.0;68.0;0.0;8.0;0.0;3.0;;;;;;;;80.0;134.0;50.0;70.0;41.0;59.0;1.0;14.0;2.0;7.0;;[ 9 13 70];[1 1 2];[False False False];['Botev Vratsa' 'Botev Vratsa' 'Spartak Varna'];[0 1 2];[1 2 1];['D' 'H' 'H'];['H' 'H' 'H'];0.1;0.9;0.0;0.2;0.8;0.0;36938.0;3278.0;pofc botev vratsa;fk spartak 1918 varna;1.83;1.83;
2026-05-02;193824915;Northern Ireland Cup;North Ireland;10:30;Full;-0.367965367965368;1.9;3;1.9;3;5.0;8.0;;4.0;2.0;6.0;128.0;62.0;100.0;Dungannon Swifts;;0.0;2.0;4.2;0;2.0;2 - 3;3.6;Coleraine;;0.0;1.0;1.65;1;3.0;+1;5 - 8;4-2;3;1.25;24 - 38;12 - 19;19.0;12.0;58.0;42.0;2.0;2.0;3.0;6.0;;;;;;;;70.0;58.0;38.0;24.0;59.0;41.0;5.0;2.0;8.0;9.0;;[19 46 55 60 66];[1 2 2 2 2];[False False False False False];['Coleraine' 'Coleraine' 'Dungannon Swifts' 'Coleraine' 'Dungannon Swifts'];[ 0 -1 -2 -1 -2];[-1 -2 -1 -2 -1];['D' 'A' 'A' 'A' 'A'];['A' 'A' 'A' 'A' 'A'];0.21;0.0;0.79;0.42;0.0;0.58;5271.0;5270.0;dungannon swifts;coleraine fc;;;
2026-05-02;192932605;Germany Bundesliga I;Germany;10:30;Full;0.6849972722313148;1.825;4;2.025;4;13.0;5.0;;2.0;3.0;5.0;200.0;106.0;100.0;Bayern Munich;1.0;0.0;3.0;1.222;1;3.0;3 - 3;6.25;Heidenheim;18.0;0.0;2.0;7.5;2;3.0;-2;13 - 5;2-3;4;1.75;77 - 29;24 - 20;20.0;24.0;30.0;70.0;4.0;6.0;2.0;2.0;;;;;;;;55.0;145.0;29.0;77.0;25.0;75.0;7.0;16.0;5.0;7.0;;[ 22  31  44  57  76 100];[1 1 1 2 2 2];[False False False False False  True];"['Heidenheim' 'Heidenheim' 'Bayern Munich' 'Bayern Munich' 'Heidenheim'
 'Bayern Munich']";[ 0 -1 -2 -1  0 -1];[-1 -2 -1  0 -1  0];['D' 'A' 'A' 'A' 'D' 'A'];['A' 'A' 'A' 'D' 'A' 'D'];0.41;0.0;0.59;0.49;0.0;0.51;2672.0;5885.0;bayern munich;1. fc heidenheim;1.9;1.5;
2026-05-02;192932636;Germany Bundesliga I;Germany;10:30;Full;0.040916530278232444;2.0;3.5;1.85;3.5;4.0;5.0;;1.0;0.0;1.0;142.0;70.0;100.0;TSG Hoffenheim;5.0;0.0;3.0;2.35;2;3.0;3 - 3;4.1;VfB Stuttgart;4.0;1.0;1.0;2.6;1;3.0;0;4 - 5;1-0;3.5;1.5;44 - 26;19 - 4;4.0;19.0;51.0;49.0;2.0;9.0;2.0;2.0;;;;;;;;74.0;68.0;26.0;44.0;54.0;46.0;9.0;13.0;5.0;9.0;;[ 8 20 24 49 64 95];[1 1 1 2 2 2];[False False False False False  True];"['TSG Hoffenheim' 'VfB Stuttgart' 'TSG Hoffenheim' 'TSG Hoffenheim'
 'VfB Stuttgart' 'VfB Stuttgart']";[0 1 0 1 2 1];[1 0 1 2 1 0];['D' 'H' 'D' 'H' 'H' 'H'];['H' 'D' 'H' 'H' 'H' 'D'];0.13;0.87;0.0;0.27;0.73;0.0;2569.0;2677.0;tsg hoffenheim;vfb stuttgart;1.36;1.36;
2026-05-02;192932622;Germany Bundesliga I;Germany;10:30;Full;0.23751023751023742;1.825;3;2.025;3;8.0;2.0;;6.0;0.0;6.0;216.0;110.0;100.0;Werder Bremen;12.0;0.0;1.0;1.85;0;1.0;1 - 3;3.6;Augsburg;9.0;0.0;1.0;3.3;2;3.0;-0.5;8 - 2;6-0;3;1.25;81 - 29;28 - 9;9.0;28.0;34.0;66.0;4.0;3.0;3.0;0.0;;;;;;;;70.0;146.0;29.0;81.0;32.0;68.0;7.0;10.0;7.0;4.0;;[24 48 64 69];[1 1 2 2];[False  True False False];['Augsburg' 'Augsburg' 'Werder Bremen' 'Augsburg'];[ 0 -1 -2 -1];[-1 -2 -1 -2];['D' 'A' 'A' 'A'];['A' 'A' 'A' 'A'];0.27;0.0;0.73;0.5;0.0;0.5;2534.0;2600.0;werder bremen;fc augsburg;1.57;1.5;
2026-05-02;192932640;Germany Bundesliga I;Germany;10:30;Full;0.06884057971014496;1.925;2.5, 3;1.925;2.5, 3;2.0;5.0;;0.0;4.0;4.0;179.0;99.0;100.0;Union Berlin;13.0;0.0;2.0;2.4;0;2.0;2 - 2;3.5;Cologne;14.0;0.0;3.0;2.875;1;2.0;-0.25;2 - 5;0-4;2.75;1;69 - 30;30 - 16;16.0;30.0;49.0;51.0;2.0;8.0;2.0;0.0;;;;;;;;64.0;115.0;30.0;69.0;42.0;58.0;4.0;11.0;4.0;2.0;;[33 61 74 90];[1 2 2 2];[False False False False];['Cologne' 'Cologne' 'Union Berlin' 'Union Berlin'];[ 0 -1 -2 -1];[-1 -2 -1  0];['D' 'A' 'A' 'A'];['A' 'A' 'A' 'D'];0.37;0.0;0.63;0.73;0.0;0.27;2547.0;2671.0;union berlin;1. fc cologne;1.7;1.57;
2026-05-02;193812249;Indonesia Super League;Indonesia;10:34;Full;0.4143150152061674;1.875;3;1.925;3;5.0;5.0;;3.0;4.0;7.0;226.0;132.0;100.0;Malut United FC;;1.0;1.0;1.571;3;5.0;5 - 2;4.0;Persis Solo;;0.0;1.0;4.5;1;2.0;-0.75;5 - 5;3-4;3;1.25;40 - 92;22 - 41;41.0;22.0;60.0;40.0;11.0;2.0;3.0;4.0;;;;;;;;136.0;90.0;92.0;40.0;59.0;41.0;16.0;7.0;4.0;7.0;;[14 19 39 47 50 69 78];[1 1 1 1 2 2 2];[False False False  True False False False];"['Persis Solo' 'Malut United FC' 'Malut United FC' 'Malut United FC'
 'Malut United FC' 'Malut United FC' 'Persis Solo']";[ 0 -1  0  1  2  3  4];[-1  0  1  2  3  4  3];['D' 'A' 'D' 'H' 'H' 'H' 'H'];['A' 'D' 'H' 'H' 'H' 'H' 'H'];0.38;0.57;0.06;0.72;0.17;0.11;;;;;;;
2026-05-02;193858823;UAE U19 League;UAE;10:55;Full;-0.21222040370976542;1.975;3.5, 4;1.825;3.5, 4;10.0;2.0;;2.0;0.0;2.0;157.0;133.0;;Al Dhaid U19;;0.0;2.0;3.0;1;1.0;1 - 2;4.2;Shabab Al Ahli Dubai U19;;0.0;2.0;1.833;2;2.0;+0.5;10 - 2;2-0;3.75;1.5;75 - 58;33 - 20;20.0;33.0;;;5.0;10.0;3.0;4.0;;;;;;;;89.0;68.0;58.0;75.0;;;5.0;25.0;5.0;5.0;;[ 4 28 41];[1 1 1];[False False False];['Al Dhaid U19' 'Shabab Al Ahli Dubai U19' 'Shabab Al Ahli Dubai U19'];[0 1 0];[ 1  0 -1];['D' 'H' 'D'];['H' 'D' 'A'];0.19;0.27;0.54;0.38;0.53;0.09;;370464.0;;shabab al ahli dubai;;;Youth
2026-05-02;193821510;UAE U19 League;UAE;10:55;Full;0.3141657382809152;1.825;3.5;1.975;3.5;0.0;4.0;;0.0;2.0;2.0;153.0;162.0;;Al Fujairah U19;;0.0;3.0;1.667;0;1.0;1 - 3;4.333;Gulf United FC U19;;0.0;2.0;3.5;0;3.0;-0.75;0 - 4;0-2;3.5;1.5;67 - 95;36 - 47;47.0;36.0;;;4.0;0.0;3.0;2.0;;;;;;;;86.0;67.0;95.0;67.0;;;9.0;3.0;7.0;7.0;;[74 81 89 93];[2 2 2 2];[False False False  True];"['Gulf United FC U19' 'Gulf United FC U19' 'Al Fujairah U19'
 'Gulf United FC U19']";[ 0 -1 -2 -1];[-1 -2 -1 -2];['D' 'A' 'A' 'A'];['A' 'A' 'A' 'A'];0.8;0.0;0.2;1.0;0.0;0.0;;;;;;;Youth
2026-05-02;192500308;England League 1;England;11:00;Full;0.1218637992831541;2.0;2.5, 3;1.85;2.5, 3;3.0;8.0;;2.0;5.0;7.0;160.0;88.0;100.0;Reading;10.0;0.0;0.0;2.25;0;0.0;0 - 1;3.4;Blackpool;14.0;0.0;1.0;3.1;0;1.0;-0.25;3 - 8;2-5;2.75;1;48 - 40;12 - 22;22.0;12.0;43.0;57.0;3.0;5.0;3.0;0.0;;;;;;;;51.0;109.0;40.0;48.0;44.0;56.0;6.0;13.0;5.0;0.0;;[75];[2];[False];['Blackpool'];[0];[-1];['D'];['A'];0.83;0.0;0.17;1.0;0.0;0.0;28.0;67.0;reading fc;blackpool fc;1.66;1.61;
2026-05-02;193928636;Republic of Ireland U20 League;Republic of Ireland;11:00;Full;-0.3424195903695661;1.825;3.5;1.975;3.5;3.0;3.0;;1.0;1.0;2.0;180.0;88.0;100.0;Bray Wanderers U20;;0.0;0.0;3.4;0;5.0;5 - 5;5.75;Shamrock Rovers U20;;0.0;1.0;1.571;2;5.0;+1;3 - 3;1-1;3.5;1.5;40 - 48;13 - 23;23.0;13.0;61.0;39.0;2.0;0.0;4.0;2.0;;;;;;;;95.0;85.0;48.0;40.0;58.0;42.0;3.0;3.0;7.0;8.0;;[20 30 49 54 56 71 78 85 87 95];[1 1 2 2 2 2 2 2 2 2];[False False False False False False False False False  True];"['Shamrock Rovers U20' 'Shamrock Rovers U20' 'Bray Wanderers U20'
 'Shamrock Rovers U20' 'Bray Wanderers U20' 'Shamrock Rovers U20'
 'Bray Wanderers U20' 'Bray Wanderers U20' 'Bray Wanderers U20'
 'Shamrock Rovers U20']";[ 0 -1 -2 -1 -2 -1 -2 -1  0  1];[-1 -2 -1 -2 -1 -2 -1  0  1  0];['D' 'A' 'A' 'A' 'A' 'A' 'A' 'A' 'D' 'H'];['A' 'A' 'A' 'A' 'A' 'A' 'A' 'D' 'H' 'D'];0.23;0.08;0.68;0.44;0.0;0.56;3171.0;3177.0;bray wanderers afc;shamrock rovers;;;Youth
2026-05-02;192500310;England League 1;England;11:00;Full;0.46262419395012877;1.8;2;2.05;2;3.0;3.0;;1.0;1.0;2.0;176.0;97.0;100.0;Stevenage;6.0;0.0;1.0;1.571;0;1.0;1 - 0;3.9;Wigan;16.0;0.0;1.0;5.75;0;0.0;-1;3 - 3;1-1;2;0.75;62 - 35;24 - 22;22.0;24.0;52.0;48.0;2.0;5.0;0.0;0.0;;;;;;;;62.0;114.0;35.0;62.0;48.0;52.0;7.0;11.0;5.0;4.0;;[91];[2];[ True];['Stevenage'];[0];[1];['D'];['H'];1.0;0.0;0.0;1.0;0.0;0.0;133.0;49.0;stevenage fc;wigan athletic;2.05;2.37;
2026-05-02;193773232;Bosnia & Herzegovina Premier Liga;Bosnia;11:00;Full;0.38935370820572723;1.875;2;1.925;2;5.0;1.0;;3.0;1.0;4.0;184.0;115.0;100.0;FK Rudar Prijedor;;0.0;1.0;1.667;1;3.0;3 - 2;3.3;HSK Posusje;;1.0;2.0;4.75;1;2.0;-0.75;5 - 1;3-1;2;0.75;87 - 28;40 - 15;15.0;40.0;43.0;57.0;1.0;7.0;1.0;2.0;;;;;;;;77.0;107.0;28.0;87.0;36.0;64.0;1.0;12.0;2.0;7.0;;[23 25 62 77 83];[1 1 2 2 2];[False False False False False];"['HSK Posusje' 'FK Rudar Prijedor' 'FK Rudar Prijedor' 'HSK Posusje'
 'FK Rudar Prijedor']";[ 0 -1  0  1  0];[-1  0  1  0  1];['D' 'A' 'D' 'H' 'D'];['A' 'D' 'H' 'D' 'H'];0.73;0.24;0.02;0.96;0.0;0.04;;;;;;;
2026-05-02;192500295;England League 1;England;11:00;Full;-0.22971682124919107;1.875;3.0, 3.5;1.975;3.0, 3.5;6.0;8.0;;6.0;3.0;9.0;166.0;90.0;100.0;Mansfield;11.0;0.0;2.0;3.4;3;5.0;5 - 4;3.9;Cardiff;2.0;0.0;1.0;1.909;0;4.0;+0.5;6 - 8;6-3;3.25;1.25;26 - 64;20 - 29;29.0;20.0;70.0;30.0;5.0;1.0;1.0;6.0;;;;;;;;120.0;46.0;64.0;26.0;70.0;30.0;12.0;1.0;7.0;9.0;;[ 2 23 26 61 63 66 79 86 93];[1 1 1 2 2 2 2 2 2];[False False False False False False False False  True];"['Mansfield' 'Mansfield' 'Mansfield' 'Cardiff' 'Mansfield' 'Cardiff'
 'Mansfield' 'Cardiff' 'Cardiff']";[0 1 2 3 2 3 2 3 2];[1 2 3 2 3 2 3 2 1];['D' 'H' 'H' 'H' 'H' 'H' 'H' 'H' 'H'];['H' 'H' 'H' 'H' 'H' 'H' 'H' 'H' 'H'];0.02;0.98;0.0;0.04;0.96;0.0;70.0;61.0;mansfield town;cardiff city;1.5;1.4;
2026-05-02;192500312;England League 1;England;11:00;Full;0.5296551724137931;1.825;2.5, 3;2.025;2.5, 3;14.0;1.0;;8.0;1.0;9.0;160.0;80.0;100.0;Wycombe;12.0;0.0;1.0;1.45;2;3.0;3 - 2;4.333;Rotherham;23.0;0.0;2.0;6.25;2;2.0;-1.25;14 - 1;8-1;2.75;1.25;49 - 31;20 - 20;20.0;20.0;47.0;53.0;0.0;7.0;3.0;4.0;;;;;;;;81.0;79.0;31.0;49.0;46.0;54.0;3.0;11.0;3.0;9.0;;[11 17 22 26 91];[1 1 1 1 2];[False False False False  True];['Wycombe' 'Rotherham' 'Rotherham' 'Wycombe' 'Wycombe'];[ 0  1  0 -1  0];[ 1  0 -1  0  1];['D' 'H' 'D' 'A' 'D'];['H' 'D' 'A' 'D' 'H'];0.89;0.07;0.04;0.78;0.13;0.09;62.0;13.0;wycombe wanderers;rotherham united;1.75;1.75;
2026-05-02;192500210;England League 1;England;11:00;Full;-0.13178294573643412;1.825;2.5;2.025;2.5;6.0;7.0;;2.0;5.0;7.0;193.0;99.0;100.0;Exeter;21.0;0.0;3.0;3.0;0;1.0;1 - 2;3.6;Bradford;5.0;0.0;1.0;2.15;1;2.0;+0.25;6 - 7;2-5;2.5;1;48 - 51;18 - 26;26.0;18.0;59.0;41.0;8.0;0.0;2.0;0.0;;;;;;;;78.0;115.0;51.0;48.0;47.0;53.0;9.0;9.0;3.0;4.0;;[27 79 93];[1 2 2];[False False  True];['Bradford' 'Bradford' 'Exeter'];[ 0 -1 -2];[-1 -2 -1];['D' 'A' 'A'];['A' 'A' 'A'];0.29;0.0;0.71;0.6;0.0;0.4;86.0;22.0;exeter city;bradford city fc;1.8;1.7;
2026-05-02;193780761;Finland Kakkonen Group B;Finland;11:00;Full;0.5792916760658695;1.975;3.5;1.825;3.5;6.0;3.0;;0.0;1.0;1.0;151.0;86.0;;P-Iirot;;0.0;2.0;1.364;0;2.0;2 - 1;5.0;EPS;;0.0;2.0;6.5;1;1.0;-1.5;6 - 3;0-1;3.5;1.5;50 - 36;11 - 15;15.0;11.0;;;2.0;2.0;2.0;3.0;;;;;;;;78.0;73.0;36.0;50.0;;;3.0;9.0;3.0;9.0;;[18 60 92];[1 2 2];[False False  True];['EPS' 'P-Iirot' 'P-Iirot'];[ 0 -1  0];[-1  0  1];['D' 'A' 'D'];['A' 'D' 'H'];0.54;0.0;0.46;0.4;0.0;0.6;5117.0;245397.0;p-iirot;espoon palloseura;1.5;1.57;Youth
2026-05-02;193052668;Czechia 2. Liga;Czech Republic;11:00;Full;0.47619047619047616;1.8;3;2.0;3;11.0;2.0;;2.0;2.0;4.0;179.0;89.0;100.0;Opava;;0.0;1.0;1.5;1;2.0;2 - 2;3.8;Hanacka Slavia Kromeriz;;0.0;4.0;5.25;2;2.0;-1;11 - 2;2-2;3;1.25;64 - 25;23 - 14;14.0;23.0;38.0;62.0;1.0;3.0;3.0;2.0;;;;;;;;75.0;104.0;25.0;64.0;34.0;66.0;2.0;12.0;3.0;5.0;;[17 19 31 80];[1 1 1 2];[False False False False];['Hanacka Slavia Kromeriz' 'Opava' 'Hanacka Slavia Kromeriz' 'Opava'];[ 0 -1  0 -1];[-1  0 -1  0];['D' 'A' 'D' 'A'];['A' 'D' 'A' 'D'];0.43;0.0;0.57;0.64;0.0;0.36;2215.0;4865.0;sfc opava;sk hanacka slavia kromeriz;1.8;1.61;
2026-05-02;193858828;UAE U19 League;UAE;11:00;Full;0.504225352112676;1.975;3.5, 4;1.825;3.5, 4;3.0;7.0;;1.0;2.0;3.0;156.0;129.0;;Al Wahda Abu Dhabi U19;;0.0;3.0;1.42;0;3.0;3 - 1;4.75;Al Jazira SC U19;;0.0;2.0;5.0;1;1.0;-1.5;3 - 7;1-2;3.75;1.5;57 - 72;30 - 35;35.0;30.0;;;0.0;0.0;1.0;0.0;;;;;;;;84.0;72.0;72.0;57.0;;;0.0;0.0;1.0;3.0;;[29 53 68 79];[1 2 2 2];[False False False False];"['Al Jazira SC U19' 'Al Wahda Abu Dhabi U19' 'Al Wahda Abu Dhabi U19'
 'Al Wahda Abu Dhabi U19']";[ 0 -1  0  1];[-1  0  1  2];['D' 'A' 'D' 'H'];['A' 'D' 'H' 'H'];0.49;0.24;0.27;0.64;0.0;0.36;342882.0;8090.0;al wahda fc (uae);al jazira (uae);;;Youth
2026-05-02;192505607;England League 2;England;11:00;Full;-0.15360983102918585;2.025;2.5, 3;1.825;2.5, 3;4.0;4.0;;0.0;2.0;2.0;203.0;91.0;100.0;Tranmere;20.0;0.0;0.0;3.1;0;1.0;1 - 1;3.5;Grimsby;6.0;0.0;1.0;2.1;1;1.0;+0.25;4 - 4;0-2;2.75;1;36 - 55;18 - 26;26.0;18.0;59.0;41.0;6.0;5.0;2.0;0.0;;;;;;;;102.0;101.0;55.0;36.0;60.0;40.0;10.0;7.0;3.0;2.0;;[43 64];[1 2];[False False];['Grimsby' 'Tranmere'];[ 0 -1];[-1  0];['D' 'A'];['A' 'D'];0.77;0.0;0.23;0.96;0.0;0.04;51.0;18.0;tranmere rovers fc;grimsby town;1.53;1.61;
2026-05-02;192500292;England League 1;England;11:00;Full;0.29914529914529914;1.85;2.5;2.0;2.5;5.0;1.0;;2.0;0.0;2.0;180.0;94.0;100.0;Leyton Orient;20.0;0.0;1.0;1.8;1;2.0;2 - 2;3.8;Burton Albion;18.0;0.0;1.0;3.9;1;2.0;-0.5;5 - 1;2-0;2.5;1;49 - 45;24 - 32;32.0;24.0;60.0;40.0;3.0;5.0;5.0;2.0;;;;;;;;83.0;97.0;45.0;49.0;46.0;54.0;6.0;9.0;7.0;4.0;;[ 2 34 52 58];[1 1 2 2];[False False False False];['Leyton Orient' 'Burton Albion' 'Leyton Orient' 'Burton Albion'];[0 1 0 1];[1 0 1 0];['D' 'H' 'D' 'H'];['H' 'D' 'H' 'D'];0.58;0.42;0.0;0.29;0.71;0.0;83.0;134.0;leyton orient london;burton albion;1.7;1.75;
2026-05-02;193884056;Panama Liga Prom;Panama;11:00;Full;0.3884080628255044;1.95;2.5, 3;1.85;2.5, 3;1.0;2.0;;1.0;1.0;2.0;113.0;73.0;;Aguilas de la U;;0.0;1.0;1.615;0;0.0;0 - 0;3.8;SD Atletico Nacional;;0.0;2.0;4.333;0;0.0;-0.75;1 - 2;1-1;2.75;1.25;36 - 37;20 - 17;17.0;20.0;;;1.0;1.0;2.0;1.0;;;;;;;;48.0;65.0;37.0;36.0;;;5.0;6.0;3.0;5.0;;[];[];[];[];[];[];[];[];1.0;0.0;0.0;1.0;0.0;0.0;;;;;;;
2026-05-02;192939488;Estonia Meistriliiga;Estonia;11:00;Full;0.0735930735930736;1.85;3;1.95;3;3.0;6.0;;3.0;2.0;5.0;217.0;136.0;100.0;Parnu JK Vaprus;;0.0;1.0;2.2;1;2.0;2 - 3;3.5;JK Nomme United;;0.0;1.0;2.625;1;3.0;-0.25;3 - 6;3-2;3;1.25;64 - 72;27 - 25;25.0;27.0;55.0;45.0;0.0;3.0;2.0;2.0;;;;;;;;109.0;108.0;72.0;64.0;49.0;51.0;2.0;7.0;4.0;6.0;;[10 12 52 72 80];[1 1 2 2 2];[False False False False False];"['JK Nomme United' 'Parnu JK Vaprus' 'Parnu JK Vaprus' 'JK Nomme United'
 'JK Nomme United']";[ 0 -1  0  1  0];[-1  0  1  0 -1];['D' 'A' 'D' 'H' 'D'];['A' 'D' 'H' 'D' 'A'];0.64;0.22;0.13;0.96;0.0;0.04;318005.0;37572.0;parnu jk vaprus;fc nomme united;1.44;1.5;
2026-05-02;193872081;Panama Liga Prom;Panama;11:00;Full;0.16666666666666669;1.8;3;2.0;3;7.0;2.0;;2.0;1.0;3.0;119.0;52.0;100.0;CA Independiente de la Chorrera Reserves;;1.0;3.0;2.0;2;2.0;2 - 2;3.6;Udelas FC;;0.0;4.0;3.0;0;2.0;-0.25;7 - 2;2-1;3;1.25;25 - 27;17 - 13;13.0;17.0;41.0;59.0;5.0;4.0;0.0;2.0;;;;;;;;56.0;63.0;27.0;25.0;40.0;60.0;6.0;4.0;4.0;6.0;;[15 19 67 76];[1 1 2 2];[False False False False];"['CA Independiente de la Chorrera Reserves'
 'CA Independiente de la Chorrera Reserves' 'Udelas FC' 'Udelas FC']";[0 1 2 1];[1 2 1 0];['D' 'H' 'H' 'H'];['H' 'H' 'H' 'D'];0.32;0.68;0.0;0.33;0.67;0.0;;;;;;;Youth
2026-05-02;192500305;England League 1;England;11:00;Full;-0.31501831501831495;1.875;2.5;1.975;2.5;2.0;6.0;;1.0;4.0;5.0;165.0;74.0;100.0;Port Vale;22.0;0.0;0.0;3.9;0;0.0;0 - 2;4.2;Lincoln City;1.0;0.0;2.0;1.75;1;2.0;+0.5;2 - 6;1-4;2.5;1;38 - 36;21 - 16;16.0;21.0;46.0;54.0;1.0;6.0;2.0;0.0;;;;;;;;80.0;85.0;36.0;38.0;42.0;58.0;6.0;13.0;4.0;1.0;;[ 9 49];[1 2];[False False];['Lincoln City' 'Lincoln City'];[ 0 -1];[-1 -2];['D' 'A'];['A' 'A'];0.1;0.0;0.9;0.2;0.0;0.8;55.0;92.0;port vale;lincoln city;2.05;1.8;
2026-05-02;192500298;England League 1;England;11:00;Full;-0.5507246376811595;1.875;3;1.975;3;2.0;8.0;;0.0;4.0;4.0;177.0;80.0;100.0;Northampton;24.0;1.0;3.0;5.75;2;2.0;2 - 3;5.75;Plymouth;8.0;0.0;4.0;1.38;2;3.0;+1.25;2 - 8;0-4;3;1.25;34 - 46;19 - 24;24.0;19.0;51.0;49.0;9.0;2.0;4.0;4.0;;;;;;;;85.0;92.0;46.0;34.0;52.0;48.0;16.0;3.0;9.0;4.0;;[13 18 28 41 74];[1 1 1 1 2];[False False False False False];['Northampton' 'Northampton' 'Plymouth' 'Plymouth' 'Plymouth'];[0 1 2 1 0];[ 1  2  1  0 -1];['D' 'H' 'H' 'H' 'D'];['H' 'H' 'H' 'D' 'A'];0.51;0.31;0.18;0.38;0.62;0.0;57.0;71.0;northampton town;plymouth argyle;1.66;1.75;
2026-05-02;193772860;Albania Championship;Albania;11:00;Full;0.31501831501831495;1.95;2.0, 2.5;1.85;2.0, 2.5;9.0;0.0;;6.0;0.0;6.0;173.0;60.0;100.0;Vllaznia Shkoder;;0.0;1.0;1.75;0;0.0;0 - 2;3.5;Bylis Ballsh;;0.0;3.0;3.9;0;2.0;-0.5;9 - 0;6-0;2.25;1.0;44 - 16;14 - 10;10.0;14.0;41.0;59.0;1.0;3.0;1.0;2.0;;;;;;;;74.0;99.0;16.0;44.0;33.0;67.0;2.0;9.0;3.0;4.0;;[64 97];[2 2];[False  True];['Bylis Ballsh' 'Bylis Ballsh'];[ 0 -1];[-1 -2];['D' 'A'];['A' 'A'];0.66;0.0;0.34;1.0;0.0;0.0;;;;;;;
2026-05-02;192500301;England League 1;England;11:00;Full;0.0;1.825;3;2.025;3;6.0;3.0;;5.0;2.0;7.0;180.0;70.0;100.0;Peterborough;17.0;0.0;1.0;2.45;0;1.0;1 - 3;3.4;Doncaster;15.0;0.0;3.0;2.45;0;3.0;0;6 - 3;5-2;3;1.25;32 - 38;19 - 19;19.0;19.0;44.0;56.0;4.0;7.0;4.0;2.0;;;;;;;;93.0;87.0;38.0;32.0;45.0;55.0;7.0;12.0;13.0;6.0;;[54 73 76 79];[2 2 2 2];[False False False False];['Doncaster' 'Doncaster' 'Peterborough' 'Doncaster'];[ 0 -1 -2 -1];[-1 -2 -1 -2];['D' 'A' 'A' 'A'];['A' 'A' 'A' 'A'];0.6;0.0;0.4;1.0;0.0;0.0;54.0;84.0;peterborough united;doncaster rovers;1.5;1.44;
2026-05-02;193967918;UAE U19 League;UAE;11:00;Full;-0.38653723742838964;1.9;3.5;1.9;3.5;8.0;6.0;;8.0;1.0;9.0;170.0;141.0;;Al Nasr SC U19;;0.0;5.0;4.0;1;2.0;2 - 1;4.333;Al Ain SCC B U19;;0.0;4.0;1.571;1;1.0;+1;8 - 6;8-1;3.5;1.5;78 - 63;42 - 28;28.0;42.0;;;1.0;5.0;1.0;4.0;;;;;;;;92.0;78.0;63.0;78.0;;;2.0;6.0;2.0;5.0;;[18 35 79];[1 1 2];[False False False];['Al Ain SCC B U19' 'Al Nasr SC U19' 'Al Nasr SC U19'];[ 0 -1  0];[-1  0  1];['D' 'A' 'D'];['A' 'D' 'H'];0.69;0.12;0.19;0.62;0.0;0.38;46332.0;;al-nasr dubai csc;;;;Youth
2026-05-02;193832091;Faroe Islands Div 1;Faroe Islands;11:00;Full;0.04638218923933213;1.9;3.5;1.9;3.5;5.0;4.0;;1.0;2.0;3.0;149.0;73.0;100.0;B36 Torshavn II;;0.0;0.0;2.2;1;5.0;5 - 1;3.9;IF Fuglafjordur;;0.0;2.0;2.45;0;1.0;0;5 - 4;1-2;3.5;1.5;45 - 28;22 - 14;14.0;22.0;39.0;61.0;3.0;1.0;0.0;2.0;;;;;;;;68.0;81.0;28.0;45.0;39.0;61.0;6.0;5.0;4.0;8.0;;[42 50 52 70 76 85];[1 2 2 2 2 2];[False False False False False False];"['B36 Torshavn II' 'IF Fuglafjordur' 'B36 Torshavn II' 'B36 Torshavn II'
 'B36 Torshavn II' 'B36 Torshavn II']";[0 1 0 1 2 3];[1 0 1 2 3 4];['D' 'H' 'D' 'H' 'H' 'H'];['H' 'D' 'H' 'H' 'H' 'H'];0.49;0.51;0.0;0.93;0.07;0.0;;;;;;;Youth
2026-05-02;193610448;Scotland League One;Scotland;11:00;Full;-0.39421301638587586;1.925;2.5, 3;1.875;2.5, 3;7.0;2.0;;4.0;1.0;5.0;115.0;74.0;100.0;Montrose;6.0;0.0;2.0;4.333;0;0.0;0 - 2;3.9;Stenhousemuir;2.0;0.0;1.0;1.6;1;2.0;+0.75;7 - 2;4-1;2.75;1.25;32 - 42;17 - 21;21.0;17.0;50.0;50.0;6.0;2.0;3.0;3.0;;;;;;;;58.0;57.0;42.0;32.0;50.0;50.0;10.0;7.0;8.0;4.0;;[42 59];[1 2];[False False];['Stenhousemuir' 'Stenhousemuir'];[ 0 -1];[-1 -2];['D' 'A'];['A' 'A'];0.47;0.0;0.53;0.93;0.0;0.07;2386.0;2370.0;montrose fc;stenhousemuir fc;1.83;1.8;
2026-05-02;193814232;Finland Ykkonen;Finland;11:00;Full;0.6347478338147079;1.975;4;1.825;4;10.0;5.0;;5.0;1.0;6.0;206.0;155.0;100.0;VJS Vantaa;;0.0;5.0;1.286;0;0.0;0 - 0;5.0;KUPS Akatemia;;0.0;1.0;7.0;0;0.0;-1.75;10 - 5;5-1;4;1.75;91 - 64;53 - 15;15.0;53.0;41.0;59.0;0.0;2.0;0.0;2.0;;;;;;;;107.0;99.0;64.0;91.0;51.0;49.0;4.0;2.0;1.0;4.0;;[];[];[];[];[];[];[];[];1.0;0.0;0.0;1.0;0.0;0.0;283741.0;879079.0;vjs;kups akatemia;1.4;1.44;
2026-05-02;193814230;Finland Ykkonen;Finland;11:00;Full;0.34346976758494446;1.9;3.0, 3.5;1.9;3.0, 3.5;6.0;4.0;;2.0;2.0;4.0;200.0;111.0;100.0;TPV;;0.0;1.0;1.667;0;0.0;0 - 2;3.8;FC Jazz;;0.0;0.0;3.9;0;2.0;-1;6 - 4;2-2;3.25;1.25;63 - 48;25 - 26;26.0;25.0;48.0;52.0;4.0;4.0;2.0;1.0;;;;;;;;93.0;107.0;48.0;63.0;44.0;56.0;5.0;5.0;5.0;4.0;;[55 62];[2 2];[False False];['FC Jazz' 'FC Jazz'];[ 0 -1];[-1 -2];['D' 'A'];['A' 'A'];0.61;0.0;0.39;1.0;0.0;0.0;2269.0;35395.0;tpv tampere;fc jazz;1.44;1.44;
2026-05-02;192500208;England League 1;England;11:00;Full;0.05228758169934633;1.9;3.0, 3.5;1.95;3.0, 3.5;5.0;3.0;;3.0;2.0;5.0;153.0;90.0;100.0;Bolton;3.0;0.0;4.0;2.25;2;2.0;2 - 3;4.2;Luton;7.0;0.0;3.0;2.55;1;3.0;-0.25;5 - 3;3-2;3.25;1.25;52 - 38;22 - 20;20.0;22.0;43.0;57.0;6.0;7.0;2.0;5.0;;;;;;;;64.0;89.0;38.0;52.0;44.0;56.0;6.0;15.0;6.0;9.0;;[15 20 48 62 94];[1 1 1 2 2];[False False  True False  True];['Luton' 'Bolton' 'Bolton' 'Luton' 'Luton'];[ 0 -1  0  1  0];[-1  0  1  0 -1];['D' 'A' 'D' 'H' 'D'];['A' 'D' 'H' 'D' 'A'];0.8;0.15;0.05;0.9;0.0;0.1;5.0;72.0;bolton wanderers;luton town;1.57;1.4;
2026-05-02;192505587;England League 2;England;11:00;Full;0.37527362244648194;1.85;2.5, 3;2.0;2.5, 3;5.0;3.0;;4.0;2.0;6.0;207.0;108.0;100.0;Notts County;5.0;0.0;3.0;1.65;1;1.0;1 - 1;4.333;Bristol Rovers;14.0;0.0;3.0;4.333;0;1.0;-0.75;5 - 3;4-2;2.75;1.25;54 - 54;31 - 27;27.0;31.0;34.0;66.0;2.0;7.0;2.0;3.0;;;;;;;;95.0;112.0;54.0;54.0;40.0;60.0;9.0;9.0;3.0;6.0;;[27 55];[1 2];[False False];['Notts County' 'Bristol Rovers'];[0 1];[1 0];['D' 'H'];['H' 'D'];0.69;0.31;0.0;0.6;0.4;0.0;56.0;76.0;notts county;bristol rovers;1.61;1.66;
2026-05-02;193821699;Uzbekistan PFL;Uzbekistan;11:00;Full;0.5792916760658695;2.0;3.0, 3.5;1.8;3.0, 3.5;6.0;0.0;;6.0;0.0;6.0;144.0;84.0;100.0;Dinamo Samarqand;;0.0;1.0;1.364;3;3.0;3 - 1;4.333;FK Mashal Mubarek;;0.0;3.0;6.5;1;1.0;-1.5;6 - 0;6-0;3.25;1.25;53 - 31;29 - 13;13.0;29.0;33.0;67.0;0.0;9.0;1.0;4.0;;;;;;;;61.0;83.0;31.0;53.0;40.0;60.0;3.0;12.0;3.0;5.0;;[12 17 31 47];[1 1 1 1];[False False False  True];"['Dinamo Samarqand' 'FK Mashal Mubarek' 'Dinamo Samarqand'
 'Dinamo Samarqand']";[0 1 0 1];[1 0 1 2];['D' 'H' 'D' 'H'];['H' 'D' 'H' 'H'];0.29;0.71;0.0;0.55;0.45;0.0;;;;;;;
2026-05-02;193891158;England Northern League Division One;England;11:00;Full;0.050167224080267636;1.875;2.0, 2.5;1.925;2.0, 2.5;2.0;5.0;;2.0;3.0;5.0;145.0;118.0;100.0;Emley AFC;;0.0;1.0;2.3;0;0.0;0 - 0;3.4;Bradford P A;;0.0;1.0;2.6;0;0.0;0;2 - 5;2-3;2.25;1;52 - 66;24 - 28;28.0;24.0;59.0;41.0;3.0;3.0;0.0;2.0;;;;;;;;76.0;69.0;66.0;52.0;56.0;44.0;9.0;4.0;1.0;2.0;;[];[];[];[];[];[];[];[];1.0;0.0;0.0;1.0;0.0;0.0;;;;;;;
2026-05-02;193824779;Austria Regionalliga West;Austria;11:00;Full;0.0444444444444444;1.875;3.0, 3.5;1.925;3.0, 3.5;5.0;6.0;;3.0;4.0;7.0;196.0;133.0;;FC Lauterach;;0.0;4.0;2.25;0;2.0;2 - 3;3.8;FC Lustenau;;0.0;1.0;2.5;2;3.0;0.0;5 - 6;3-4;3.25;1.25;71 - 62;29 - 42;42.0;29.0;;;5.0;1.0;5.0;1.0;;;;;;;;96.0;100.0;62.0;71.0;;;5.0;10.0;10.0;5.0;;[ 5 25 69 84 88];[1 1 2 2 2];[False False False False False];['FC Lustenau' 'FC Lustenau' 'FC Lauterach' 'FC Lauterach' 'FC Lustenau'];[ 0 -1 -2 -1  0];[-1 -2 -1  0 -1];['D' 'A' 'A' 'A' 'D'];['A' 'A' 'A' 'D' 'A'];0.1;0.0;0.9;0.11;0.0;0.89;;;;;;;
2026-05-02;193772852;Albania Championship;Albania;11:00;Full;0.15261627906976744;1.85;2.0;1.95;2.0;1.0;6.0;;1.0;1.0;2.0;168.0;79.0;100.0;KF Teuta;;0.0;2.0;2.15;0;0.0;0 - 1;3.1;KF Tirana;;0.0;0.0;3.2;0;1.0;-0.25;1 - 6;1-1;2.0;0.75;39 - 40;21 - 17;17.0;21.0;51.0;49.0;1.0;3.0;2.0;1.0;;;;;;;;81.0;87.0;40.0;39.0;52.0;48.0;3.0;6.0;3.0;1.0;;[76];[2];[False];['KF Tirana'];[0];[-1];['D'];['A'];0.84;0.0;0.16;1.0;0.0;0.0;;;;;;;
2026-05-02;192739072;Poland Cup;Poland;11:00;Full;0.017316017316017285;1.95;2;1.85;2;2.0;2.0;;1.0;1.0;2.0;198.0;79.0;100.0;Gornik Zabrze;;0.0;3.0;2.625;1;2.0;2 - 0;2.9;Rakow Czestochowa;;1.0;3.0;2.75;0;0.0;0;2 - 2;1-1;2;0.75;34 - 45;18 - 18;18.0;18.0;50.0;50.0;2.0;2.0;0.0;2.0;;;;;;;;102.0;96.0;45.0;34.0;50.0;50.0;4.0;4.0;1.0;3.0;;[32 65];[1 2];[False False];['Gornik Zabrze' 'Gornik Zabrze'];[0 1];[1 2];['D' 'H'];['H' 'H'];0.36;0.64;0.0;0.71;0.29;0.0;3110.0;35268.0;gornik zabrze;rks rakow czestochowa;1.8;2.2;
2026-05-02;193822067;Portugal Campeonato Nacional II Women;Portugal;11:00;Full;-0.10797342192691028;1.85;2.5, 3;1.95;2.5, 3;1.0;1.0;;1.0;0.0;1.0;203.0;125.0;;Gil Vicente FC (W);;0.0;2.0;2.8;0;1.0;1 - 3;3.4;Benfica B (W);;0.0;0.0;2.15;0;3.0;+0.25;1 - 1;1-0;2.75;1.25;52 - 73;28 - 36;36.0;28.0;;;2.0;1.0;1.0;2.0;;;;;;;;108.0;95.0;73.0;52.0;;;4.0;2.0;5.0;5.0;;[53 66 84 88];[2 2 2 2];[False False False False];['Benfica B (W)' 'Benfica B (W)' 'Gil Vicente FC (W)' 'Benfica B (W)'];[ 0 -1 -2 -1];[-1 -2 -1 -2];['D' 'A' 'A' 'A'];['A' 'A' 'A' 'A'];0.59;0.0;0.41;1.0;0.0;0.0;;74465.0;;sl benfica b;;;Youth-Women
2026-05-02;193608470;Scotland League Two;Scotland;11:00;Full;0.342902711323764;1.85;3;1.95;3;5.0;5.0;;3.0;3.0;6.0;178.0;105.0;100.0;East Kilbride;1.0;0.0;2.0;1.65;3;5.0;5 - 0;4.0;Clyde;3.0;0.0;2.0;3.8;0;0.0;-0.75;5 - 5;3-3;3;1.25;64 - 41;30 - 19;19.0;30.0;50.0;50.0;0.0;2.0;1.0;6.0;;;;;;;;87.0;91.0;41.0;64.0;50.0;50.0;1.0;5.0;5.0;14.0;;[ 2 23 38 64 78];[1 1 1 2 2];[False False False False False];"['East Kilbride' 'East Kilbride' 'East Kilbride' 'East Kilbride'
 'East Kilbride']";[0 1 2 3 4];[1 2 3 4 5];['D' 'H' 'H' 'H' 'H'];['H' 'H' 'H' 'H' 'H'];0.02;0.98;0.0;0.04;0.96;0.0;170622.0;2360.0;east kilbride fc;clyde fc;1.53;1.5;
2026-05-02;193879839;Poland IV Liga;Poland;11:00;Full;-0.30126101782152737;1.975;3.5;1.825;3.5;4.0;2.0;;1.0;2.0;3.0;175.0;74.0;100.0;LKS Lowisko;;0.0;0.0;3.6;0;0.0;0 - 3;4.1;Legion Pilzno;;0.0;2.0;1.727;3;3.0;+0.75;4 - 2;1-2;3.5;1.5;18 - 56;7 - 25;25.0;7.0;65.0;35.0;3.0;2.0;8.0;1.0;;;;;;;;118.0;57.0;56.0;18.0;65.0;35.0;12.0;3.0;12.0;3.0;;[1 3 5];[1 1 1];[False False False];['Legion Pilzno' 'Legion Pilzno' 'Legion Pilzno'];[ 0 -1 -2];[-1 -2 -3];['D' 'A' 'A'];['A' 'A' 'A'];0.01;0.0;0.99;0.02;0.0;0.98;;;;;;;
2026-05-02;193608477;Scotland League Two;Scotland;11:00;Full;0.040916530278232444;1.825;2.5;1.975;2.5;5.0;7.0;;2.0;1.0;3.0;101.0;63.0;100.0;Elgin;6.0;0.0;1.0;2.35;0;0.0;0 - 1;3.3;Stranraer;5.0;0.0;2.0;2.6;0;1.0;0;5 - 7;2-1;2.5;1;34 - 29;17 - 9;9.0;17.0;50.0;50.0;1.0;3.0;3.0;2.0;;;;;;;;45.0;56.0;29.0;34.0;50.0;50.0;7.0;9.0;7.0;5.0;;[88];[2];[False];['Stranraer'];[0];[-1];['D'];['A'];0.98;0.0;0.02;1.0;0.0;0.0;2380.0;2371.0;elgin city fc;stranraer fc;1.57;1.66;
2026-05-02;193879829;Poland IV Liga;Poland;11:00;Full;0.38653723742838964;1.975;3.0, 3.5;1.825;3.0, 3.5;4.0;8.0;;2.0;3.0;5.0;170.0;101.0;100.0;Chrobry Glogow II;;0.0;4.0;1.571;1;2.0;2 - 2;4.333;Piast Nowa Ruda;;0.0;2.0;4.0;0;2.0;-1;4 - 8;2-3;3.25;1.25;57 - 44;26 - 22;22.0;26.0;46.0;54.0;10.0;4.0;1.0;6.0;;;;;;;;84.0;86.0;44.0;57.0;49.0;51.0;15.0;12.0;4.0;10.0;;[42 60 89 97];[1 2 2 2];[False False False  True];"['Chrobry Glogow II' 'Chrobry Glogow II' 'Piast Nowa Ruda'
 'Piast Nowa Ruda']";[0 1 2 1];[1 2 1 0];['D' 'H' 'H' 'H'];['H' 'H' 'H' 'D'];0.43;0.57;0.0;0.93;0.07;0.0;53296.0;;chrobry glogow;;;;Youth
2026-05-02;193824777;Austria Landesliga;Austria;11:00;Full;0.16499442586399116;2.0;3.0;1.8;3.0;14.0;4.0;;2.0;2.0;4.0;154.0;106.0;;Helfort 15;;0.0;2.0;1.95;1;2.0;2 - 0;4.0;First Vienna 1894 Amateur;;0.0;6.0;2.875;0;0.0;-0.25;14 - 4;2-2;3.0;1.25;63 - 43;26 - 19;19.0;26.0;;;0.0;5.0;2.0;2.0;;;;;;;;67.0;87.0;43.0;63.0;;;0.0;12.0;4.0;6.0;;[ 8 88];[1 2];[False False];['Helfort 15' 'Helfort 15'];[0 1];[1 2];['D' 'H'];['H' 'H'];0.09;0.91;0.0;0.18;0.82;0.0;;;;;;;
2026-05-02;193608480;Scotland League Two;Scotland;11:00;Full;-0.5792916760658695;1.85;3;1.95;3;3.0;9.0;;2.0;6.0;8.0;167.0;107.0;100.0;Stirling;;0.0;1.0;6.5;0;2.0;2 - 2;4.333;Spartans FC;;0.0;1.0;1.364;0;2.0;+1.5;3 - 9;2-6;3;1.25;45 - 62;23 - 40;40.0;23.0;51.0;49.0;5.0;3.0;4.0;2.0;;;;;;;;93.0;74.0;62.0;45.0;52.0;48.0;8.0;7.0;7.0;6.0;;[51 57 61 69];[2 2 2 2];[False False False False];['Spartans FC' 'Spartans FC' 'Stirling' 'Stirling'];[ 0 -1 -2 -1];[-1 -2 -1  0];['D' 'A' 'A' 'A'];['A' 'A' 'A' 'D'];0.8;0.0;0.2;1.0;0.0;0.0;2384.0;2393.0;stirling albion fc;spartans fc;1.72;1.8;
2026-05-02;193383481;Cyprus Division 1;Cyprus;11:00;Full;-0.04285714285714287;1.975;2.5;1.825;2.5;4.0;7.0;;2.0;4.0;6.0;155.0;93.0;100.0;Krasava ENY Ypsonas;10.0;0.0;2.0;2.8;0;1.0;1 - 1;3.25;AEL Limassol;8.0;0.0;2.0;2.5;0;1.0;0;4 - 7;2-4;2.5;1;47 - 46;21 - 24;24.0;21.0;52.0;48.0;2.0;1.0;3.0;3.0;;;;;;;;81.0;74.0;46.0;47.0;49.0;51.0;4.0;3.0;7.0;5.0;;[54 84];[2 2];[False False];['AEL Limassol' 'Krasava ENY Ypsonas'];[ 0 -1];[-1  0];['D' 'A'];['A' 'D'];0.67;0.0;0.33;1.0;0.0;0.0;617260.0;3407.0;krasava eny ypsonas fc;ael limassol;1.8;1.72;
2026-05-02;193610413;Scotland League One;Scotland;11:00;Full;0.1172901921132457;2.0;2.5, 3;1.8;2.5, 3;10.0;2.0;;4.0;1.0;5.0;167.0;105.0;100.0;Alloa;3.0;0.0;1.0;2.15;1;1.0;1 - 4;3.4;Queen of South;4.0;0.0;1.0;2.875;1;4.0;-0.25;10 - 2;4-1;2.75;1;58 - 47;30 - 25;25.0;30.0;50.0;50.0;6.0;4.0;2.0;6.0;;;;;;;;84.0;83.0;47.0;58.0;50.0;50.0;8.0;6.0;6.0;10.0;;[28 44 72 85 87];[1 1 2 2 2];[False False False False False];"['Queen of South' 'Alloa' 'Queen of South' 'Queen of South'
 'Queen of South']";[ 0 -1  0 -1 -2];[-1  0 -1 -2 -3];['D' 'A' 'D' 'A' 'A'];['A' 'D' 'A' 'A' 'A'];0.62;0.0;0.38;0.64;0.0;0.36;2369.0;2368.0;alloa athletic fc;queen of the south fc;1.61;1.66;
2026-05-02;193610434;Scotland League One;Scotland;11:00;Full;0.028520499108734443;1.85;2.5;1.95;2.5;2.0;2.0;;1.0;1.0;2.0;115.0;60.0;100.0;Cove Rangers;;0.0;0.0;2.55;0;0.0;0 - 0;2.8;East Fife;;0.0;0.0;2.75;0;0.0;0;2 - 2;1-1;2.5;1;29 - 31;15 - 17;17.0;15.0;50.0;50.0;4.0;2.0;3.0;0.0;;;;;;;;49.0;66.0;31.0;29.0;50.0;50.0;4.0;4.0;4.0;1.0;;[];[];[];[];[];[];[];[];1.0;0.0;0.0;1.0;0.0;0.0;8062.0;2382.0;cove rangers fc;east fife fc;1.61;1.61;
2026-05-02;193799967;England FA WSL 2;England;11:00;Full;0.4215287371947474;1.95;3;1.85;3;4.0;2.0;;0.0;1.0;1.0;180.0;66.0;100.0;Newcastle (W);;0.0;0.0;1.533;0;0.0;0 - 1;4.333;Durham (W);;0.0;0.0;4.333;1;1.0;-1;4 - 2;0-1;3;1.25;41 - 25;18 - 9;9.0;18.0;50.0;50.0;1.0;2.0;1.0;2.0;;;;;;;;86.0;94.0;25.0;41.0;50.0;50.0;3.0;6.0;1.0;2.0;;[40];[1];[False];['Durham (W)'];[0];[-1];['D'];['A'];0.44;0.0;0.56;0.89;0.0;0.11;39.0;;newcastle united;;;;Women
2026-05-02;193782401;Norway Toppserien Women;Norway;11:00;Full;0.8222222222222222;1.975;3.5, 4;1.825;3.5, 4;9.0;2.0;;3.0;0.0;3.0;143.0;63.0;100.0;Valerenga (W);;0.0;0.0;1.125;2;3.0;3 - 2;7.5;LSK Kvinner (W);;0.0;0.0;15.0;1;2.0;-2.25;9 - 2;3-0;3.75;1.75;51 - 12;20 - 3;3.0;20.0;51.0;49.0;0.0;2.0;1.0;2.0;;;;;;;;64.0;79.0;12.0;51.0;42.0;58.0;0.0;6.0;3.0;6.0;;[ 9 12 34 58 65];[1 1 1 2 2];[False False False False False];"['Valerenga (W)' 'Valerenga (W)' 'LSK Kvinner (W)' 'LSK Kvinner (W)'
 'Valerenga (W)']";[0 1 2 1 0];[1 2 1 0 1];['D' 'H' 'H' 'H' 'D'];['H' 'H' 'H' 'D' 'H'];0.18;0.82;0.0;0.2;0.8;0.0;1165.0;;vaalerenga if;;;;Women
2026-05-02;193608468;Scotland League Two;Scotland;11:00;Full;0.050682261208576995;1.85;2.5;1.95;2.5;5.0;8.0;;1.0;4.0;5.0;164.0;85.0;100.0;Annan Athletic;7.0;0.0;0.0;2.375;1;1.0;1 - 1;3.1;Forfar;4.0;0.0;2.0;2.7;1;1.0;0;5 - 8;1-4;2.5;1;50 - 35;24 - 14;14.0;24.0;50.0;50.0;1.0;0.0;2.0;3.0;;;;;;;;76.0;88.0;35.0;50.0;50.0;50.0;2.0;5.0;3.0;5.0;;[ 6 32];[1 1];[False False];['Annan Athletic' 'Forfar'];[0 1];[1 0];['D' 'H'];['H' 'D'];0.71;0.29;0.0;0.42;0.58;0.0;23955.0;2375.0;annan athletic fc;forfar athletic fc;1.57;1.66;
2026-05-02;192505522;England League 2;England;11:00;Full;-0.08070432868672045;1.85;2.0, 2.5;2.0;2.0, 2.5;6.0;4.0;;3.0;0.0;3.0;197.0;112.0;100.0;Barrow;24.0;0.0;2.0;2.9;1;1.0;1 - 2;3.3;Newport County;21.0;0.0;1.0;2.35;0;2.0;+0.25;6 - 4;3-0;2.25;1;74 - 38;41 - 11;11.0;41.0;37.0;63.0;4.0;5.0;0.0;4.0;;;;;;;;69.0;128.0;38.0;74.0;40.0;60.0;14.0;16.0;3.0;5.0;;[ 9 76 83];[1 2 2];[False False False];['Barrow' 'Newport County' 'Newport County'];[0 1 0];[ 1  0 -1];['D' 'H' 'D'];['H' 'D' 'A'];0.18;0.74;0.08;0.2;0.8;0.0;97.0;79.0;barrow afc;newport county;1.44;1.83;
2026-05-02;192505559;England League 2;England;11:00;Full;-0.2350427350427351;2.0;2.5, 3;1.85;2.5, 3;3.0;11.0;;1.0;2.0;3.0;187.0;94.0;100.0;Crawley Town;22.0;0.0;2.0;3.6;0;0.0;0 - 0;3.5;Salford City;4.0;0.0;0.0;1.95;0;0.0;+0.5;3 - 11;1-2;2.75;1;29 - 65;13 - 24;24.0;13.0;47.0;53.0;10.0;5.0;2.0;3.0;;;;;;;;102.0;85.0;65.0;29.0;58.0;42.0;15.0;7.0;5.0;5.0;;[];[];[];[];[];[];[];[];1.0;0.0;0.0;1.0;0.0;0.0;4875.0;37998.0;crawley town;salford city;1.72;1.61;
2026-05-02;193828107;Portugal U19 League;Portugal;11:00;Full;-0.6571428571428573;1.8;3.0, 3.5;2.0;3.0, 3.5;1.0;10.0;;1.0;2.0;3.0;209.0;134.0;100.0;UD Leiria U19;;0.0;3.0;7.0;1;2.0;2 - 1;5.75;FC Porto U19;;1.0;1.0;1.25;0;1.0;+1.75;1 - 10;1-2;3.25;1.5;39 - 95;20 - 43;43.0;20.0;51.0;49.0;6.0;2.0;2.0;2.0;;;;;;;;124.0;85.0;95.0;39.0;64.0;36.0;16.0;3.0;5.0;3.0;;[17 53 66];[1 2 2];[False False False];['UD Leiria U19' 'UD Leiria U19' 'FC Porto U19'];[0 1 2];[1 2 1];['D' 'H' 'H'];['H' 'H' 'H'];0.19;0.81;0.0;0.38;0.62;0.0;3000.0;3002.0;ud leiria;fc porto;;;Youth
2026-05-02;192505539;England League 2;England;11:00;Full;0.4027777777777778;1.95;2.5, 3;1.9;2.5, 3;11.0;5.0;;2.0;2.0;4.0;190.0;102.0;100.0;Bromley;2.0;0.0;0.0;1.6;1;3.0;3 - 1;4.5;Walsall;12.0;0.0;4.0;4.5;0;1.0;-1;11 - 5;2-2;2.75;1.25;58 - 44;36 - 23;23.0;36.0;40.0;60.0;3.0;7.0;2.0;2.0;;;;;;;;73.0;117.0;44.0;58.0;47.0;53.0;9.0;12.0;4.0;8.0;;[37 60 62 67];[1 2 2 2];[False False False False];['Bromley' 'Bromley' 'Walsall' 'Bromley'];[0 1 2 1];[1 2 1 2];['D' 'H' 'H' 'H'];['H' 'H' 'H' 'H'];0.41;0.59;0.0;0.82;0.18;0.0;180.0;26.0;bromley fc;walsall fc;1.61;1.8;
2026-05-02;192501206;England Premier League;England;11:00;Full;-0.007843137254901933;1.85;2.5, 3;2.0;2.5, 3;2.0;10.0;;2.0;4.0;6.0;169.0;104.0;100.0;Newcastle;15.0;0.0;3.0;2.55;2;3.0;3 - 1;3.75;Brighton;6.0;0.0;3.0;2.5;0;1.0;0;2 - 10;2-4;2.75;1.25;28 - 76;6 - 36;36.0;6.0;69.0;31.0;4.0;3.0;1.0;5.0;;;;;;;;110.0;59.0;76.0;28.0;67.0;33.0;9.0;8.0;4.0;6.0;;[12 24 61 96];[1 1 2 2];[False False False  True];['Newcastle' 'Newcastle' 'Brighton' 'Newcastle'];[0 1 2 1];[1 2 1 2];['D' 'H' 'H' 'H'];['H' 'H' 'H' 'H'];0.12;0.88;0.0;0.27;0.73;0.0;39.0;30.0;newcastle united;brighton & hove albion;1.57;1.57;
2026-05-02;192505571;England League 2;England;11:00;Full;-0.2485380116959064;1.85;2.5;2.0;2.5;5.0;3.0;;2.0;1.0;3.0;234.0;101.0;100.0;Fleetwood Town;15.0;0.0;0.0;3.6;1;1.0;1 - 1;3.8;Milton Keynes Dons;1.0;0.0;0.0;1.9;1;1.0;+0.5;5 - 3;2-1;2.5;1;43 - 58;25 - 30;30.0;25.0;60.0;40.0;5.0;3.0;3.0;3.0;;;;;;;;131.0;103.0;58.0;43.0;58.0;42.0;11.0;6.0;5.0;3.0;;[24 37];[1 1];[False False];['Fleetwood Town' 'Milton Keynes Dons'];[0 1];[1 0];['D' 'H'];['H' 'D'];0.86;0.14;0.0;0.71;0.29;0.0;23959.0;4.0;fleetwood town;milton keynes dons;1.72;1.72;
2026-05-02;192505553;England League 2;England;11:00;Full;-0.14253563390847712;1.925;2.5;1.925;2.5;9.0;1.0;;4.0;0.0;4.0;198.0;90.0;100.0;Cheltenham;17.0;0.0;1.0;3.1;0;1.0;1 - 4;3.5;Colchester;13.0;0.0;1.0;2.15;3;4.0;+0.25;9 - 1;4-0;2.5;1;50 - 40;25 - 12;12.0;25.0;49.0;51.0;2.0;5.0;3.0;2.0;;;;;;;;107.0;91.0;40.0;50.0;48.0;52.0;5.0;11.0;7.0;4.0;;[ 3 23 31 55 90];[1 1 1 2 2];[False False False False False];['Colchester' 'Colchester' 'Colchester' 'Cheltenham' 'Colchester'];[ 0 -1 -2 -3 -2];[-1 -2 -3 -2 -3];['D' 'A' 'A' 'A' 'A'];['A' 'A' 'A' 'A' 'A'];0.03;0.0;0.97;0.07;0.0;0.93;69.0;66.0;cheltenham town;colchester united;1.57;1.72;
2026-05-02;192945869;Scotland Premiership;Scotland;11:00;Full;0.03501400560224094;1.975;2.5;1.875;2.5;5.0;6.0;;2.0;2.0;4.0;211.0;92.0;100.0;Dundee;;0.0;1.0;2.55;1;1.0;1 - 0;3.2;St Mirren;;0.0;2.0;2.8;0;0.0;-0.25;5 - 6;2-2;2.5;1;49 - 43;25 - 23;23.0;25.0;53.0;47.0;2.0;2.0;1.0;2.0;;;;;;;;113.0;98.0;43.0;49.0;61.0;39.0;6.0;6.0;7.0;5.0;;[12];[1];[False];['Dundee'];[0];[1];['D'];['H'];0.13;0.87;0.0;0.27;0.73;0.0;2357.0;2359.0;dundee fc;st mirren fc;1.75;1.7;
2026-05-02;192501212;England Premier League;England;11:00;Full;-0.22972972972972977;2.025;2.5;1.825;2.5;6.0;3.0;;4.0;2.0;6.0;189.0;112.0;100.0;Wolverhampton;20.0;0.0;0.0;3.7;0;1.0;1 - 1;3.5;Sunderland;12.0;1.0;4.0;2.0;1;1.0;+0.5;6 - 3;4-2;2.5;1;64 - 48;23 - 22;22.0;23.0;49.0;51.0;2.0;5.0;2.0;2.0;;;;;;;;92.0;97.0;48.0;64.0;42.0;58.0;8.0;13.0;2.0;7.0;;[17 54];[1 2];[False False];['Sunderland' 'Wolverhampton'];[ 0 -1];[-1  0];['D' 'A'];['A' 'D'];0.59;0.0;0.41;0.38;0.0;0.62;3.0;41.0;wolverhampton wanderers;sunderland afc;1.8;1.8;
2026-05-02;192945871;Scotland Premiership;Scotland;11:00;Full;0.15261627906976744;1.9;2.5, 3;1.95;2.5, 3;4.0;8.0;;4.0;4.0;8.0;166.0;84.0;100.0;Kilmarnock;11.0;0.0;0.0;2.15;1;3.0;3 - 0;3.6;Dundee Utd;7.0;0.0;1.0;3.2;0;0.0;-0.25;4 - 8;4-4;2.75;1.25;18 - 66;16 - 23;23.0;16.0;55.0;45.0;6.0;1.0;2.0;6.0;;;;;;;;105.0;61.0;66.0;18.0;58.0;42.0;13.0;2.0;6.0;8.0;;[20 51 64];[1 2 2];[False False False];['Kilmarnock' 'Kilmarnock' 'Kilmarnock'];[0 1 2];[1 2 3];['D' 'H' 'H'];['H' 'H' 'H'];0.22;0.78;0.0;0.44;0.56;0.0;2347.0;2349.0;kilmarnock fc;dundee united;1.57;1.57;
2026-05-02;193873982;Austria Landesliga;Austria;11:00;Full;0.47567567567567565;1.875;3.0, 3.5;1.925;3.0, 3.5;8.0;1.0;;1.0;1.0;2.0;125.0;70.0;100.0;LAC Inter;;0.0;4.0;1.48;2;2.0;2 - 1;4.2;Slovan HAC;;0.0;3.0;5.0;1;1.0;-1.0;8 - 1;1-1;3.25;1.25;50 - 20;29 - 10;10.0;29.0;32.0;68.0;2.0;4.0;1.0;3.0;;;;;;;;53.0;72.0;20.0;50.0;36.0;64.0;2.0;7.0;3.0;5.0;;[12 18 22];[1 1 1];[False False False];['LAC Inter' 'LAC Inter' 'Slovan HAC'];[0 1 2];[1 2 1];['D' 'H' 'H'];['H' 'H' 'H'];0.13;0.87;0.0;0.27;0.73;0.0;;;;;;;
2026-05-02;193782404;Oman League;Oman;11:00;Full;0.0;1.875;2;1.925;2;1.0;7.0;;1.0;3.0;4.0;229.0;103.0;100.0;Sohar Club;5.0;0.0;5.0;2.625;1;1.0;1 - 1;2.8;Bahla;6.0;0.0;2.0;2.625;1;1.0;0;1 - 7;1-3;2;0.75;53 - 50;24 - 28;28.0;24.0;41.0;59.0;2.0;2.0;1.0;6.0;;;;;;;;93.0;136.0;50.0;53.0;40.0;60.0;4.0;3.0;2.0;7.0;;[10 47];[1 1];[False  True];['Sohar Club' 'Bahla'];[0 1];[1 0];['D' 'H'];['H' 'D'];0.59;0.41;0.0;0.21;0.79;0.0;99993.0;185578.0;sohar;bahla club;2.1;2.1;
2026-05-02;192945874;Scotland Premiership;Scotland;11:00;Full;-0.03779289493575205;2.0;2.5, 3;1.85;2.5, 3;2.0;5.0;;1.0;3.0;4.0;200.0;102.0;100.0;Falkirk;6.0;0.0;4.0;2.7;0;1.0;1 - 0;3.5;Motherwell;4.0;0.0;5.0;2.45;0;0.0;0;2 - 5;1-3;2.75;1;43 - 59;23 - 25;25.0;23.0;47.0;53.0;5.0;7.0;2.0;2.0;;;;;;;;105.0;95.0;59.0;43.0;51.0;49.0;12.0;13.0;2.0;4.0;;[63];[2];[False];['Falkirk'];[0];[1];['D'];['H'];0.7;0.3;0.0;1.0;0.0;0.0;2363.0;2346.0;falkirk fc;motherwell fc;1.61;1.61;
2026-05-02;192501201;England Premier League;England;11:00;Full;0.2535641980377444;1.95;3;1.9;3;2.0;6.0;;0.0;5.0;5.0;183.0;83.0;100.0;Brentford;9.0;0.0;1.0;1.909;1;3.0;3 - 0;3.8;West Ham;17.0;0.0;3.0;3.7;0;0.0;-0.5;2 - 6;0-5;3;1.25;46 - 37;18 - 24;24.0;18.0;55.0;45.0;5.0;4.0;4.0;3.0;;;;;;;;93.0;90.0;37.0;46.0;52.0;48.0;9.0;8.0;4.0;6.0;;[15 54 82];[1 2 2];[False False False];['Brentford' 'Brentford' 'Brentford'];[0 1 2];[1 2 3];['D' 'H' 'H'];['H' 'H' 'H'];0.17;0.83;0.0;0.33;0.67;0.0;50.0;37.0;brentford fc;west ham united;1.61;1.53;
2026-05-02;193780718;England FA WSL 2;England;11:00;Full;0.0;1.95;2.5, 3;1.85;2.5, 3;3.0;6.0;;1.0;3.0;4.0;82.0;48.0;100.0;Ipswich Town (W);;0.0;0.0;2.4;1;2.0;2 - 1;3.5;Sunderland (W);;0.0;1.0;2.4;0;1.0;0;3 - 6;1-3;2.75;1;20 - 28;11 - 14;14.0;11.0;50.0;50.0;3.0;2.0;2.0;3.0;;;;;;;;46.0;36.0;28.0;20.0;50.0;50.0;4.0;5.0;3.0;4.0;;[13 68 86];[1 2 2];[False False False];['Ipswich Town (W)' 'Sunderland (W)' 'Ipswich Town (W)'];[0 1 0];[1 0 1];['D' 'H' 'D'];['H' 'D' 'H'];0.34;0.66;0.0;0.29;0.71;0.0;;41.0;;sunderland afc;;;Women
2026-05-02;192505566;England League 2;England;11:00;Full;-0.5218295218295218;1.925;2.5;1.925;2.5;8.0;6.0;;4.0;2.0;6.0;193.0;104.0;100.0;Crewe;10.0;0.0;1.0;6.5;0;0.0;0 - 0;4.2;Cambridge Utd;3.0;0.0;3.0;1.48;0;0.0;+1.25;8 - 6;4-2;2.5;1;56 - 48;21 - 21;21.0;21.0;37.0;63.0;5.0;3.0;0.0;3.0;;;;;;;;108.0;85.0;48.0;56.0;39.0;61.0;7.0;5.0;3.0;4.0;;[];[];[];[];[];[];[];[];1.0;0.0;0.0;1.0;0.0;0.0;19.0;63.0;crewe alexandra;cambridge united;1.66;2.0;
2026-05-02;193799969;England FA WSL 2;England;11:00;Full;-0.14285714285714285;1.85;2.0, 2.5;1.95;2.0, 2.5;4.0;9.0;;3.0;3.0;6.0;195.0;128.0;100.0;Charlton (W);;0.0;2.0;3.0;0;0.0;0 - 2;3.3;Birmingham (W);;0.0;3.0;2.1;1;2.0;+0.25;4 - 9;3-3;2.25;1;67 - 61;24 - 27;27.0;24.0;50.0;50.0;5.0;3.0;4.0;1.0;;;;;;;;98.0;97.0;61.0;67.0;50.0;50.0;9.0;6.0;5.0;2.0;;[27 54];[1 2];[False False];['Birmingham (W)' 'Birmingham (W)'];[ 0 -1];[-1 -2];['D' 'A'];['A' 'A'];0.3;0.0;0.7;0.6;0.0;0.4;47.0;9.0;charlton athletic;birmingham city;;;Women
2026-05-02;192505593;England League 2;England;11:00;Full;0.2777777777777778;1.925;2.5, 3;1.925;2.5, 3;5.0;0.0;;3.0;0.0;3.0;189.0;49.0;100.0;Oldham;11.0;0.0;0.0;1.8;1;3.0;3 - 0;4.2;Accrington Stanley;16.0;0.0;1.0;3.6;0;0.0;-0.5;5 - 0;3-0;2.75;1.25;32 - 17;19 - 11;11.0;19.0;45.0;55.0;2.0;2.0;1.0;2.0;;;;;;;;80.0;109.0;17.0;32.0;52.0;48.0;3.0;4.0;4.0;5.0;;[26 64 75];[1 2 2];[False False False];['Oldham' 'Oldham' 'Oldham'];[0 1 2];[1 2 3];['D' 'H' 'H'];['H' 'H' 'H'];0.29;0.71;0.0;0.58;0.42;0.0;65.0;187.0;oldham athletic;accrington stanley;1.61;1.66;
2026-05-02;193799973;England FA WSL 2;England;11:00;Full;0.12836438923395443;1.95;2.5;1.85;2.5;8.0;6.0;;4.0;0.0;4.0;200.0;124.0;100.0;Nottm Forest (W);;0.0;0.0;2.1;0;0.0;0 - 3;3.4;Southampton (W);;0.0;3.0;2.875;2;3.0;-0.25;8 - 6;4-0;2.5;1;73 - 51;39 - 23;23.0;39.0;50.0;50.0;2.0;1.0;2.0;3.0;;;;;;;;74.0;126.0;51.0;73.0;50.0;50.0;5.0;1.0;4.0;3.0;;[ 1 26 75];[1 1 2];[False False False];['Southampton (W)' 'Southampton (W)' 'Southampton (W)'];[ 0 -1 -2];[-1 -2 -3];['D' 'A' 'A'];['A' 'A' 'A'];0.01;0.0;0.99;0.02;0.0;0.98;14.0;45.0;nottingham forest;southampton fc;;;Women
2026-05-02;193939015;Spain Youth League;Spain;11:00;Full;0.34965034965034963;1.8;2.5;2.0;2.5;3.0;3.0;;0.0;1.0;1.0;220.0;96.0;100.0;Getafe U19;;0.0;2.0;1.65;1;1.0;1 - 0;3.9;Burgos U19;;0.0;2.0;3.9;0;0.0;-0.75;3 - 3;0-1;2.5;1;39 - 57;22 - 23;23.0;22.0;52.0;48.0;3.0;1.0;0.0;2.0;;;;;;;;119.0;101.0;57.0;39.0;54.0;46.0;7.0;2.0;0.0;3.0;;[5];[1];[False];['Getafe U19'];[0];[1];['D'];['H'];0.06;0.94;0.0;0.11;0.89;0.0;2859.0;2854.0;getafe cf;burgos cf;;;Youth
2026-05-02;193867021;Spain Youth League;Spain;11:00;Full;0.025531914893617003;1.975;2.5, 3;1.825;2.5, 3;6.0;6.0;;1.0;0.0;1.0;173.0;82.0;100.0;UD La Cruz Villanovense U19;;0.0;0.0;2.35;0;2.0;2 - 3;3.5;AD Sporting Hortaleza U19;;0.0;0.0;2.5;2;3.0;0;6 - 6;1-0;2.75;1;37 - 45;20 - 20;20.0;20.0;46.0;54.0;3.0;5.0;5.0;3.0;;;;;;;;82.0;91.0;45.0;37.0;48.0;52.0;8.0;9.0;8.0;7.0;;[23 44 48 61 68];[1 1 2 2 2];[False False False False False];"['AD Sporting Hortaleza U19' 'AD Sporting Hortaleza U19'
 'UD La Cruz Villanovense U19' 'AD Sporting Hortaleza U19'
 'UD La Cruz Villanovense U19']";[ 0 -1 -2 -1 -2];[-1 -2 -1 -2 -1];['D' 'A' 'A' 'A' 'A'];['A' 'A' 'A' 'A' 'A'];0.26;0.0;0.74;0.51;0.0;0.49;;;;;;;Youth
2026-05-02;193782006;Malta Premier League;Malta;11:00;Full;0.6251875468867217;1.85;2.5;1.95;2.5;4.0;3.0;;2.0;2.0;4.0;22.0;16.0;100.0;Marsaxlokk FC;;0.0;0.0;1.333;2;3.0;3 - 2;4.2;Naxxar Lions;;0.0;0.0;8.0;1;2.0;-1.25;4 - 3;2-2;2.5;1;10 - 6;10 - 6;6.0;10.0;51.0;49.0;0.0;1.0;2.0;3.0;;;;;;;;11.0;11.0;6.0;10.0;48.0;52.0;0.0;1.0;3.0;4.0;;[27 43 48 67 93];[1 1 1 2 2];[False False  True False  True];"['Marsaxlokk FC' 'Naxxar Lions' 'Marsaxlokk FC' 'Marsaxlokk FC'
 'Naxxar Lions']";[0 1 0 1 2];[1 0 1 2 1];['D' 'H' 'D' 'H' 'H'];['H' 'D' 'H' 'H' 'H'];0.34;0.66;0.0;0.67;0.33;0.0;;;;;;;
2026-05-02;193827259;Spain Youth League;Spain;11:00;Full;-0.05228758169934633;1.9;2.5;1.9;2.5;3.0;6.0;;2.0;2.0;4.0;230.0;134.0;100.0;Racing Santander U19;;1.0;3.0;2.55;0;1.0;1 - 2;3.6;Sporting Gijon U19;;0.0;1.0;2.25;2;2.0;0;3 - 6;2-2;2.5;1;74 - 60;51 - 26;26.0;51.0;48.0;52.0;2.0;6.0;4.0;2.0;;;;;;;;113.0;117.0;60.0;74.0;51.0;49.0;5.0;11.0;5.0;3.0;;[11 29 85];[1 1 2];[False False False];['Sporting Gijon U19' 'Sporting Gijon U19' 'Racing Santander U19'];[ 0 -1 -2];[-1 -2 -1];['D' 'A' 'A'];['A' 'A' 'A'];0.12;0.0;0.88;0.24;0.0;0.76;2835.0;2852.0;racing santander;sporting gijon;;;Youth
2026-05-02;193827061;Spain Primera Federacion Women;Spain;11:00;Full;-0.42601092163891596;1.975;2.5;1.825;2.5;5.0;7.0;;3.0;4.0;7.0;156.0;80.0;100.0;Fundacion Albacete (W);8.0;1.0;1.0;4.75;2;2.0;2 - 2;3.7;Barcelona (W) B;1.0;0.0;0.0;1.571;1;2.0;+0.75;5 - 7;3-4;2.5;1;24 - 56;13 - 28;28.0;13.0;69.0;31.0;4.0;2.0;3.0;2.0;;;;;;;;89.0;67.0;56.0;24.0;67.0;33.0;11.0;5.0;7.0;2.0;;[17 20 26 85];[1 1 1 2];[False False False False];"['Fundacion Albacete (W)' 'Barcelona (W) B' 'Fundacion Albacete (W)'
 'Barcelona (W) B']";[0 1 0 1];[1 0 1 0];['D' 'H' 'D' 'H'];['H' 'D' 'H' 'D'];0.31;0.69;0.0;0.51;0.49;0.0;;2817.0;;fc barcelona;;;Youth-Women
2026-05-02;193824234;Spain Primera Federacion Women;Spain;11:00;Full;0.13178294573643412;1.875;2.0, 2.5;1.925;2.0, 2.5;5.0;6.0;;3.0;2.0;5.0;226.0;99.0;100.0;Tenerife B (W);;1.0;2.0;2.15;1;1.0;1 - 2;3.1;Atletico Madrid (W) B;;0.0;2.0;3.0;1;2.0;-0.25;5 - 6;3-2;2.25;1;45 - 54;16 - 27;27.0;16.0;49.0;51.0;4.0;3.0;1.0;3.0;;;;;;;;118.0;108.0;54.0;45.0;46.0;54.0;8.0;4.0;8.0;5.0;;[30 34 51];[1 1 2];[False False False];['Atletico Madrid (W) B' 'Tenerife B (W)' 'Atletico Madrid (W) B'];[ 0 -1  0];[-1  0 -1];['D' 'A' 'D'];['A' 'D' 'A'];0.52;0.0;0.48;0.91;0.0;0.09;;2836.0;;atletico madrid;;;Youth-Women
2026-05-02;193824226;Spain Primera Federacion Women;Spain;11:00;Full;0.29914529914529914;1.975;2.5;1.825;2.5;4.0;2.0;;2.0;1.0;3.0;214.0;106.0;;CE Europa (W);;0.0;1.0;1.8;0;2.0;2 - 0;3.3;Real Betis (W);;0.0;3.0;3.9;0;0.0;-0.5;4 - 2;2-1;2.5;1;68 - 38;39 - 15;15.0;39.0;;;1.0;1.0;1.0;1.0;;;;;;;;91.0;123.0;38.0;68.0;;;2.0;7.0;1.0;6.0;;[51 84];[2 2];[False False];['CE Europa (W)' 'CE Europa (W)'];[0 1];[1 2];['D' 'H'];['H' 'H'];0.57;0.43;0.0;1.0;0.0;0.0;135672.0;2816.0;ce europa;real betis seville;;;Women
2026-05-02;193824216;Spain Primera Federacion Women;Spain;11:00;Full;0.36601307189542487;2.0;2.0, 2.5;1.8;2.0, 2.5;9.0;5.0;;2.0;4.0;6.0;216.0;155.0;;Valencia (W);;0.0;2.0;1.7;1;4.0;4 - 2;3.3;SE AEM (W);;0.0;1.0;4.5;1;2.0;-0.75;9 - 5;2-4;2.25;1;72 - 83;29 - 43;43.0;29.0;;;2.0;2.0;3.0;3.0;;;;;;;;104.0;112.0;83.0;72.0;;;3.0;3.0;6.0;9.0;;[43 47 60 74 91 98];[1 1 2 2 2 2];[False  True False False  True  True];"['Valencia (W)' 'SE AEM (W)' 'Valencia (W)' 'Valencia (W)' 'SE AEM (W)'
 'Valencia (W)']";[0 1 0 1 2 1];[1 0 1 2 1 2];['D' 'H' 'D' 'H' 'H' 'H'];['H' 'D' 'H' 'H' 'H' 'H'];0.57;0.43;0.0;0.91;0.09;0.0;2828.0;;valencia cf;;;;Women
2026-05-02;193824211;Spain Primera Federacion Women;Spain;11:00;Full;0.6251875468867217;1.975;2.5;1.825;2.5;6.0;1.0;;2.0;1.0;3.0;147.0;83.0;100.0;Cacereno (W);;0.0;2.0;1.333;0;1.0;1 - 0;4.1;Real Oviedo (W);;1.0;2.0;8.0;0;0.0;-1.25;6 - 1;2-1;2.5;1;60 - 23;29 - 8;8.0;29.0;33.0;67.0;3.0;8.0;1.0;3.0;;;;;;;;67.0;80.0;23.0;60.0;44.0;56.0;4.0;12.0;2.0;9.0;;[63];[2];[False];['Cacereno (W)'];[0];[1];['D'];['H'];0.7;0.3;0.0;1.0;0.0;0.0;2878.0;2851.0;cp cacereno sad;real oviedo;;;Women
2026-05-02;193814181;Spain Primera Federacion Women;Spain;11:00;Full;0.3351363565749149;1.825;2.0, 2.5;1.975;2.0, 2.5;11.0;1.0;;6.0;0.0;6.0;202.0;119.0;100.0;Real Madrid (W) B;;0.0;0.0;1.727;0;1.0;1 - 1;3.4;Villarreal (W);;0.0;1.0;4.1;0;1.0;-0.75;11 - 1;6-0;2.25;1;86 - 33;43 - 12;12.0;43.0;31.0;69.0;2.0;2.0;0.0;1.0;;;;;;;;80.0;122.0;33.0;86.0;34.0;66.0;2.0;8.0;4.0;4.0;;[88 95];[2 2];[False  True];['Villarreal (W)' 'Real Madrid (W) B'];[ 0 -1];[-1  0];['D' 'A'];['A' 'D'];0.93;0.0;0.07;1.0;0.0;0.0;2829.0;2819.0;real madrid;villarreal cf;;;Youth-Women
2026-05-02;193814179;Spain Primera Federacion Women;Spain;11:00;Full;-0.32476857194143144;1.925;2;1.875;2;1.0;1.0;;1.0;1.0;2.0;221.0;98.0;100.0;Osasuna (W);;0.0;3.0;4.333;0;1.0;1 - 1;3.1;CD Alaves (W);;0.0;1.0;1.8;1;1.0;+0.5;1 - 1;1-1;2;0.75;43 - 55;20 - 31;31.0;20.0;50.0;50.0;3.0;4.0;3.0;0.0;;;;;;;;119.0;102.0;55.0;43.0;51.0;49.0;4.0;7.0;6.0;2.0;;[34 68];[1 2];[False False];['CD Alaves (W)' 'Osasuna (W)'];[ 0 -1];[-1  0];['D' 'A'];['A' 'D'];0.62;0.0;0.38;0.76;0.0;0.24;2820.0;2885.0;ca osasuna;deportivo alaves;;;Women
2026-05-02;193821599;Switzerland 1.Liga Classic;Switzerland;11:00;Full;0.13066202090592338;1.9;3;1.9;3;7.0;3.0;;5.0;2.0;7.0;176.0;88.0;;FC Dietikon;;0.0;3.0;2.05;0;0.0;0 - 2;3.7;FC Baden;;0.0;4.0;2.8;2;2.0;-0.25;7 - 3;5-2;3;1.25;53 - 35;25 - 15;15.0;25.0;;;2.0;5.0;4.0;0.0;;;;;;;;79.0;97.0;35.0;53.0;;;8.0;8.0;4.0;1.0;;[ 9 39];[1 1];[False False];['FC Baden' 'FC Baden'];[ 0 -1];[-1 -2];['D' 'A'];['A' 'A'];0.1;0.0;0.9;0.2;0.0;0.8;;;;;;;
2026-05-02;193821601;Switzerland 1.Liga Promotion;Switzerland;11:00;Full;0.17948717948717957;1.95;3.0, 3.5;1.85;3.0, 3.5;5.0;6.0;;2.0;3.0;5.0;217.0;146.0;;SC Cham;;0.0;3.0;1.95;0;1.0;1 - 1;3.75;Basel II;;0.0;0.0;3.0;0;1.0;-0.5;5 - 6;2-3;3.25;1.25;74 - 72;35 - 34;34.0;35.0;;;2.0;4.0;0.0;1.0;;;;;;;;119.0;98.0;72.0;74.0;;;3.0;7.0;3.0;2.0;;[72 89];[2 2];[False False];['Basel II' 'SC Cham'];[ 0 -1];[-1  0];['D' 'A'];['A' 'D'];0.81;0.0;0.19;1.0;0.0;0.0;;2501.0;;fc basel 1893;;;Youth
2026-05-02;193777553;Kazakhstan Premier League;Kazakhstan;11:00;Full;0.20588235294117646;1.85;2;1.95;2;1.0;3.0;;0.0;1.0;1.0;127.0;85.0;100.0;Kaisar Kyzylorda;13.0;0.0;2.0;2.0;1;1.0;1 - 1;3.0;Zhetysu;7.0;0.0;2.0;3.4;1;1.0;0;1 - 3;0-1;2;0.75;42 - 43;14 - 23;23.0;14.0;62.0;38.0;3.0;4.0;2.0;2.0;;;;;;;;61.0;66.0;43.0;42.0;57.0;43.0;7.0;6.0;3.0;3.0;;[42 48];[1 1];[False  True];['Zhetysu' 'Kaisar Kyzylorda'];[ 0 -1];[-1  0];['D' 'A'];['A' 'D'];0.93;0.0;0.07;0.88;0.0;0.12;;;;;;;
2026-05-02;193821603;Switzerland 1.Liga Promotion;Switzerland;11:00;Full;0.2857142857142857;1.875;3;1.925;3;5.0;5.0;;3.0;3.0;6.0;240.0;156.0;;Breitenrain;13.0;0.0;4.0;1.75;1;3.0;3 - 1;3.9;FC Zurich II;7.0;0.0;1.0;3.5;0;1.0;-0.75;5 - 5;3-3;3;1.25;64 - 92;30 - 50;50.0;30.0;;;7.0;1.0;1.0;3.0;;;;;;;;143.0;97.0;92.0;64.0;;;12.0;3.0;7.0;9.0;;[35 80 82 88];[1 2 2 2];[False False False False];['Breitenrain' 'FC Zurich II' 'Breitenrain' 'Breitenrain'];[0 1 0 1];[1 0 1 2];['D' 'H' 'D' 'H'];['H' 'D' 'H' 'H'];0.41;0.59;0.0;0.78;0.22;0.0;;2450.0;;fc zurich;1.4;1.44;Youth
2026-05-02;193802080;Lithuania 1 Lyga;Lithuania;11:00;Full;0.2777777777777778;1.875;2.5;1.925;2.5;10.0;2.0;;4.0;2.0;6.0;89.0;79.0;100.0;DFK Dainava;;0.0;4.0;1.8;1;3.0;3 - 0;3.5;FK Jonava;;1.0;0.0;3.6;0;0.0;-0.5;10 - 2;4-2;2.5;1.0;52 - 27;31 - 16;16.0;31.0;48.0;52.0;1.0;4.0;1.0;2.0;;;;;;;;46.0;43.0;27.0;52.0;48.0;52.0;2.0;5.0;1.0;4.0;;[29 47 69];[1 2 2];[False False False];['DFK Dainava' 'DFK Dainava' 'DFK Dainava'];[0 1 2];[1 2 3];['D' 'H' 'H'];['H' 'H' 'H'];0.32;0.68;0.0;0.64;0.36;0.0;;;;;;;
2026-05-02;193754959;Lithuania A Lyga;Lithuania;11:00;Full;-0.2923976608187135;1.975;2.5;1.825;2.5;2.0;8.0;;1.0;3.0;4.0;90.0;93.0;100.0;FA Siauliai;;0.0;1.0;3.8;0;2.0;2 - 1;3.3;Suduva Marijampole;;0.0;3.0;1.8;1;1.0;+0.5;2 - 8;1-3;2.5;1.0;35 - 58;20 - 26;26.0;20.0;49.0;51.0;3.0;1.0;3.0;1.0;;;;;;;;49.0;41.0;58.0;35.0;54.0;46.0;7.0;2.0;4.0;3.0;;[21 52 75];[1 2 2];[False False False];['Suduva Marijampole' 'FA Siauliai' 'FA Siauliai'];[ 0 -1  0];[-1  0  1];['D' 'A' 'D'];['A' 'D' 'H'];0.49;0.17;0.34;0.47;0.0;0.53;557322.0;5343.0;fa siauliai;fk suduva marijampole;;;
2026-05-02;193812404;Malta Premier League;Malta;11:00;Full;-0.3055555555555556;1.775;2;2.025;2;3.0;7.0;;1.0;4.0;5.0;173.0;90.0;100.0;Valletta;;0.0;2.0;4.0;0;2.0;2 - 1;3.2;Hamrun Spartans;;0.0;3.0;1.8;0;1.0;+0.5;3 - 7;1-4;2;0.75;26 - 64;8 - 37;37.0;8.0;61.0;39.0;4.0;2.0;5.0;0.0;;;;;;;;108.0;65.0;64.0;26.0;63.0;37.0;10.0;5.0;10.0;3.0;;[54 57 82];[2 2 2];[False False False];['Valletta' 'Hamrun Spartans' 'Valletta'];[0 1 0];[1 0 1];['D' 'H' 'D'];['H' 'D' 'H'];0.88;0.12;0.0;1.0;0.0;0.0;;;;;;;
2026-05-02;193756164;Sweden 1.div Norra;Sweden;11:00;Full;-0.017368649587494622;1.8;2.5, 3;2.0;2.5, 3;8.0;4.0;;2.0;4.0;6.0;219.0;103.0;100.0;IF Karlstad;;1.0;1.0;2.45;0;0.0;0 - 2;3.6;Hammarby TFF;;0.0;0.0;2.35;1;2.0;0;8 - 4;2-4;2.75;1.25;53 - 50;19 - 27;27.0;19.0;50.0;50.0;2.0;3.0;1.0;0.0;;;;;;;;112.0;107.0;50.0;53.0;43.0;57.0;3.0;6.0;5.0;1.0;;[37 69];[1 2];[False False];['Hammarby TFF' 'Hammarby TFF'];[ 0 -1];[-1 -2];['D' 'A'];['A' 'A'];0.41;0.0;0.59;0.82;0.0;0.18;732797.0;785288.0;if karlstad fotbol;hammarby talang ff;1.5;1.57;
2026-05-02;193930204;Iceland 3 Deild;Iceland;11:00;Full;-0.26839826839826836;2.0;3.0, 3.5;1.8;3.0, 3.5;2.0;5.0;;1.0;1.0;2.0;162.0;70.0;100.0;Augnablik Kopavogur;1.0;1.0;1.0;3.3;0;1.0;1 - 1;4.1;Vidir Gardur;1.0;0.0;1.0;1.75;0;1.0;+0.5;2 - 5;1-1;3.25;1.25;26 - 44;17 - 21;21.0;17.0;51.0;49.0;1.0;0.0;3.0;1.0;;;;;;;;93.0;69.0;44.0;26.0;55.0;45.0;5.0;2.0;7.0;2.0;;[72 93];[2 2];[False  True];['Vidir Gardur' 'Augnablik Kopavogur'];[ 0 -1];[-1  0];['D' 'A'];['A' 'D'];0.77;0.0;0.23;1.0;0.0;0.0;;;;;;;
2026-05-02;193775947;Iceland 3 Deild;Iceland;11:00;Full;0.25645815043801484;1.975;4.0, 4.5;1.825;4.0, 4.5;7.0;10.0;;6.0;2.0;8.0;147.0;64.0;100.0;KV Vesturbaer;1.0;1.0;2.0;1.727;2;3.0;3 - 2;4.5;KA Asvellir;1.0;1.0;3.0;3.1;2;2.0;-0.75;7 - 10;6-2;4.25;1.75;35 - 29;21 - 9;9.0;21.0;52.0;48.0;2.0;3.0;5.0;5.0;;;;;;;;80.0;67.0;29.0;35.0;57.0;43.0;4.0;6.0;10.0;9.0;;[ 3 16 22 23 51];[1 1 1 1 2];[False False False False False];"['KV Vesturbaer' 'KA Asvellir' 'KV Vesturbaer' 'KA Asvellir'
 'KV Vesturbaer']";[0 1 0 1 0];[1 0 1 0 1];['D' 'H' 'D' 'H' 'D'];['H' 'D' 'H' 'D' 'H'];0.41;0.59;0.0;0.69;0.31;0.0;;;;;;;
2026-05-02;193775853;Iceland 2 Deild;Iceland;11:00;Full;0.5507246376811595;1.9;3.0, 3.5;1.9;3.0, 3.5;4.0;5.0;;4.0;3.0;7.0;147.0;75.0;100.0;Selfoss;;2.0;3.0;1.38;1;2.0;2 - 4;4.75;KFA;;0.0;5.0;5.75;4;4.0;-1.5;4 - 5;4-3;3.25;1.25;37 - 38;24 - 19;19.0;24.0;38.0;62.0;2.0;2.0;6.0;1.0;;;;;;;;68.0;79.0;38.0;37.0;46.0;54.0;8.0;4.0;8.0;5.0;;[10 14 41 43 50 49];[1 1 1 1 1 2];[False False False False  True False];['KFA' 'KFA' 'Selfoss' 'KFA' 'KFA' 'Selfoss'];[ 0 -1 -2 -1 -2 -3];[-1 -2 -1 -2 -3 -2];['D' 'A' 'A' 'A' 'A' 'A'];['A' 'A' 'A' 'A' 'A' 'A'];0.11;0.0;0.89;0.2;0.0;0.8;;;;;;;
2026-05-02;193199366;Greece Super League 1;Greece;11:00;Full;0.0;1.775;2;2.025;2;5.0;2.0;;1.0;1.0;2.0;170.0;63.0;100.0;Panetolikos;;0.0;4.0;2.9;0;0.0;0 - 1;2.7;AE Kifisias;;0.0;3.0;2.9;0;1.0;0;5 - 2;1-1;2;0.75;31 - 32;9 - 16;16.0;9.0;48.0;52.0;4.0;2.0;2.0;1.0;;;;;;;;81.0;89.0;32.0;31.0;46.0;54.0;9.0;5.0;4.0;2.0;;[64];[2];[False];['AE Kifisias'];[0];[-1];['D'];['A'];0.71;0.0;0.29;1.0;0.0;0.0;7004.0;120224.0;panaitolikos agrinio;ae kifisia fc;1.95;1.95;
2026-05-02;193816489;India Super League;India;11:00;Full;-0.4144736842105263;1.95;2.5;1.85;2.5;2.0;7.0;;0.0;5.0;5.0;212.0;113.0;100.0;Sporting Club Delhi;;0.0;2.0;4.75;0;0.0;0 - 0;3.7;Punjab FC;;0.0;2.0;1.6;0;0.0;+0.75;2 - 7;0-5;2.5;1;56 - 57;24 - 33;33.0;24.0;42.0;58.0;4.0;5.0;2.0;0.0;;;;;;;;96.0;116.0;57.0;56.0;42.0;58.0;9.0;8.0;2.0;2.0;;[];[];[];[];[];[];[];[];1.0;0.0;0.0;1.0;0.0;0.0;643680.0;275171.0;sporting club delhi;punjab fc;1.9;2.0;
2026-05-02;193867367;Sweden 2.div Södra Svealand;Sweden;11:00;Full;0.49385749385749383;1.975;3.0, 3.5;1.825;3.0, 3.5;7.0;2.0;;5.0;0.0;5.0;162.0;86.0;;Ragsveds IF;;0.0;2.0;1.48;3;3.0;3 - 1;4.0;Karlslunds IF FK;;0.0;2.0;5.5;0;1.0;-1.25;7 - 2;5-0;3.25;1.25;44 - 42;25 - 15;15.0;25.0;;;2.0;2.0;1.0;7.0;;;;;;;;74.0;88.0;42.0;44.0;;;6.0;3.0;4.0;9.0;;[10 20 30 54];[1 1 1 2];[False False False False];['Ragsveds IF' 'Ragsveds IF' 'Ragsveds IF' 'Karlslunds IF FK'];[0 1 2 3];[1 2 3 2];['D' 'H' 'H' 'H'];['H' 'H' 'H' 'H'];0.11;0.89;0.0;0.22;0.78;0.0;35643.0;1867.0;raagsveds if;karlslunds if hfk;1.66;1.61;
2026-05-02;193756159;Sweden 1.div Norra;Sweden;11:00;Full;0.11904761904761901;1.9;3;1.9;3;3.0;5.0;;3.0;2.0;5.0;175.0;107.0;100.0;Gefle IF;;0.0;2.0;2.1;1;2.0;2 - 1;3.7;Enköping;;0.0;3.0;2.8;0;1.0;-0.25;3 - 5;3-2;3;1.25;40 - 67;22 - 37;37.0;22.0;56.0;44.0;3.0;3.0;0.0;4.0;;;;;;;;102.0;73.0;67.0;40.0;59.0;41.0;3.0;3.0;2.0;7.0;;[10 48 88];[1 2 2];[False False False];['Gefle IF' 'Enköping' 'Gefle IF'];[0 1 0];[1 0 1];['D' 'H' 'D'];['H' 'D' 'H'];0.56;0.44;0.0;0.22;0.78;0.0;1778.0;1780.0;gefle if;enkopings sk;1.53;1.53;
2026-05-02;193802593;Montenegro Druga Liga;Montenegro;11:00;Full;-0.5792916760658695;1.9;2.5;1.9;2.5;3.0;9.0;;0.0;5.0;5.0;255.0;131.0;;OFK Igalo;;0.0;1.0;6.5;0;0.0;0 - 2;4.2;Otrant-Olympic Ulcinj;;1.0;2.0;1.364;1;2.0;+1.25;3 - 9;0-5;2.5;1;48 - 83;19 - 45;45.0;19.0;;;5.0;1.0;2.0;0.0;;;;;;;;138.0;117.0;83.0;48.0;;;7.0;2.0;4.0;0.0;;[20 91];[1 2];[False  True];['Otrant-Olympic Ulcinj' 'Otrant-Olympic Ulcinj'];[ 0 -1];[-1 -2];['D' 'A'];['A' 'A'];0.22;0.0;0.78;0.44;0.0;0.56;;;;;;;
2026-05-02;193811913;Iceland 3 Deild;Iceland;11:00;Full;0.17600838135149288;1.85;3.5;1.95;3.5;4.0;3.0;;2.0;2.0;4.0;0.0;0.0;;KH Hlidarendi;1.0;0.0;1.0;1.909;2;6.0;6 - 1;4.0;Sindri;1.0;0.0;1.0;2.875;0;1.0;-0.5;4 - 3;2-2;3.5;1.5;-;-;0.0;0.0;;;0.0;0.0;0.0;2.0;;;;;;;;0.0;0.0;0.0;0.0;;;0.0;0.0;1.0;6.0;;[10 16 63 69 83 92 94];[1 1 2 2 2 2 2];[False False False False False  True  True];"['KH Hlidarendi' 'KH Hlidarendi' 'KH Hlidarendi' 'KH Hlidarendi'
 'KH Hlidarendi' 'KH Hlidarendi' 'Sindri']";[0 1 2 3 4 5 6];[1 2 3 4 5 6 5];['D' 'H' 'H' 'H' 'H' 'H' 'H'];['H' 'H' 'H' 'H' 'H' 'H' 'H'];0.11;0.89;0.0;0.22;0.78;0.0;;;;;;;
2026-05-02;193946626;Switzerland 1.Liga Promotion;Switzerland;11:00;Full;-0.3025210084033614;1.975;3.5, 4;1.825;3.5, 4;7.0;5.0;;4.0;3.0;7.0;253.0;148.0;;FC Grand-Saconnex;15.0;0.0;1.0;3.5;1;3.0;3 - 1;4.0;SC Bruhl;2.0;1.0;3.0;1.7;0;1.0;+0.75;7 - 5;4-3;3.75;1.5;67 - 81;36 - 37;37.0;36.0;;;2.0;6.0;0.0;3.0;;;;;;;;143.0;110.0;81.0;67.0;;;5.0;8.0;1.0;6.0;;[39 72 91 96];[1 2 2 2];[False False  True  True];['FC Grand-Saconnex' 'SC Bruhl' 'FC Grand-Saconnex' 'FC Grand-Saconnex'];[0 1 0 1];[1 0 1 2];['D' 'H' 'D' 'H'];['H' 'D' 'H' 'H'];0.6;0.4;0.0;0.87;0.13;0.0;;;;;;;
2026-05-02;193800668;Republic of Ireland National League Women;Ireland;11:00;Full;-0.8082239720034996;1.925;3.0, 3.5;1.875;3.0, 3.5;2.0;10.0;;1.0;3.0;4.0;256.0;118.0;;Waterford FC (W);;0.0;1.0;15.0;2;2.0;2 - 4;8.0;Athlone Town (W);;0.0;0.0;1.143;0;4.0;+2.25;2 - 10;1-3;3.25;1.5;29 - 89;14 - 38;38.0;14.0;;;4.0;2.0;5.0;2.0;;;;;;;;158.0;98.0;89.0;29.0;;;10.0;2.0;10.0;2.0;;[15 29 50 63 74 93];[1 1 2 2 2 2];[False False False False False  True];"['Waterford FC (W)' 'Waterford FC (W)' 'Athlone Town (W)'
 'Athlone Town (W)' 'Athlone Town (W)' 'Athlone Town (W)']";[ 0  1  2  1  0 -1];[ 1  2  1  0 -1 -2];['D' 'H' 'H' 'H' 'D' 'A'];['H' 'H' 'H' 'D' 'A' 'A'];0.28;0.52;0.2;0.33;0.67;0.0;3194.0;3198.0;waterford fc;athlone town afc;;;Women
2026-05-02;193756153;Sweden 1.div Norra;Sweden;11:00;Full;0.2012538231467243;1.975;3.0, 3.5;1.825;3.0, 3.5;3.0;6.0;;2.0;4.0;6.0;230.0;117.0;100.0;AFC Eskilstuna;;0.0;2.0;1.909;0;0.0;0 - 2;3.7;FBK Karlstad;;0.0;1.0;3.1;1;2.0;-0.5;3 - 6;2-4;3.25;1.25;68 - 49;24 - 33;33.0;24.0;55.0;45.0;1.0;5.0;3.0;2.0;;;;;;;;106.0;124.0;49.0;68.0;46.0;54.0;2.0;8.0;4.0;5.0;;[39 49];[1 2];[False False];['FBK Karlstad' 'FBK Karlstad'];[ 0 -1];[-1 -2];['D' 'A'];['A' 'A'];0.43;0.0;0.57;0.87;0.0;0.13;5954.0;22236.0;afc eskilstuna;fbk karlstad;1.44;1.5;
2026-05-02;193800662;Republic of Ireland National League Women;Ireland;11:00;Full;-0.39421301638587586;1.875;3;1.925;3;1.0;6.0;;1.0;3.0;4.0;236.0;167.0;;FC Treaty United (W);;0.0;0.0;4.333;0;0.0;0 - 0;3.8;Shamrock Rovers (W);;0.0;0.0;1.6;0;0.0;+0.75;1 - 6;1-3;3;1.25;70 - 97;34 - 44;44.0;34.0;;;7.0;0.0;3.0;0.0;;;;;;;;122.0;114.0;97.0;70.0;;;10.0;2.0;5.0;1.0;;[];[];[];[];[];[];[];[];1.0;0.0;0.0;1.0;0.0;0.0;;3177.0;;shamrock rovers;;;Women
2026-05-02;193800665;Republic of Ireland National League Women;Ireland;11:00;Full;-0.8222222222222222;1.85;3.5;1.95;3.5;2.0;5.0;;1.0;1.0;2.0;262.0;138.0;;Cork City (W);;0.0;0.0;15.0;0;0.0;0 - 3;9.0;Shelbourne (W);;0.0;0.0;1.125;0;3.0;+2.5;2 - 5;1-1;3.5;1.5;30 - 108;11 - 55;55.0;11.0;;;2.0;2.0;5.0;0.0;;;;;;;;162.0;100.0;108.0;30.0;;;7.0;3.0;12.0;0.0;;[49 56 75];[2 2 2];[False False False];['Shelbourne (W)' 'Shelbourne (W)' 'Shelbourne (W)'];[ 0 -1 -2];[-1 -2 -3];['D' 'A' 'A'];['A' 'A' 'A'];0.54;0.0;0.46;1.0;0.0;0.0;40896.0;3174.0;cork city fc;shelbourne fc;;;Women
2026-05-02;193799975;England FA WSL 2;England;11:00;Full;0.7551145977541917;1.85;3;1.95;3;7.0;4.0;;1.0;1.0;2.0;285.0;163.0;100.0;Crystal Palace (W);;0.0;1.0;1.182;1;6.0;6 - 1;5.75;Portsmouth (W);;0.0;1.0;11.0;1;1.0;-2;7 - 4;1-1;3;1.25;96 - 67;34 - 41;41.0;34.0;50.0;50.0;2.0;6.0;2.0;4.0;;;;;;;;153.0;132.0;67.0;96.0;50.0;50.0;5.0;13.0;3.0;13.0;;[ 3 11 47 55 57 64 69];[1 1 2 2 2 2 2];[False False False False False False False];"['Portsmouth (W)' 'Crystal Palace (W)' 'Crystal Palace (W)'
 'Crystal Palace (W)' 'Crystal Palace (W)' 'Crystal Palace (W)'
 'Crystal Palace (W)']";[ 0 -1  0  1  2  3  4];[-1  0  1  2  3  4  5];['D' 'A' 'D' 'H' 'H' 'H' 'H'];['A' 'D' 'H' 'H' 'H' 'H' 'H'];0.43;0.48;0.09;0.82;0.0;0.18;7.0;2.0;crystal palace;portsmouth fc;;;Women
2026-05-02;193610442;Scotland League One;Scotland;11:00;Full;0.5604395604395604;1.95;3;1.85;3;7.0;1.0;;2.0;0.0;2.0;111.0;62.0;100.0;Inverness CT;1.0;0.0;1.0;1.4;2;2.0;2 - 1;4.1;Hamilton;9.0;0.0;1.0;6.5;0;1.0;-1.25;7 - 1;2-0;3;1.25;42 - 20;25 - 8;8.0;25.0;50.0;50.0;1.0;7.0;1.0;2.0;;;;;;;;39.0;72.0;20.0;42.0;50.0;50.0;4.0;10.0;2.0;3.0;;[ 3 26 85];[1 1 2];[False False False];['Inverness CT' 'Inverness CT' 'Hamilton'];[0 1 2];[1 2 1];['D' 'H' 'H'];['H' 'H' 'H'];0.03;0.97;0.0;0.07;0.93;0.0;2362.0;2376.0;inverness caledonian thistle fc;hamilton academical fc;1.83;1.8;
2026-05-02;192505600;England League 2;England;11:00;Full;-0.08730158730158727;2.05;3;1.8;3;8.0;3.0;;2.0;3.0;5.0;233.0;106.0;100.0;Swindon;8.0;0.0;3.0;2.8;1;1.0;1 - 2;3.6;Chesterfield;7.0;0.0;2.0;2.25;1;2.0;+0.25;8 - 3;2-3;3;1.25;56 - 50;16 - 33;33.0;16.0;57.0;43.0;6.0;1.0;1.0;1.0;;;;;;;;128.0;105.0;50.0;56.0;50.0;50.0;7.0;7.0;3.0;5.0;;[19 48 61];[1 1 2];[False  True False];['Chesterfield' 'Swindon' 'Chesterfield'];[ 0 -1  0];[-1  0 -1];['D' 'A' 'D'];['A' 'D' 'A'];0.36;0.0;0.64;0.4;0.0;0.6;53.0;68.0;swindon town;chesterfield fc;1.61;1.53;
2026-05-02;193779952;Austria Landesliga;Austria;11:00;Full;-0.018115942028985532;1.875;3.0;1.925;3.0;3.0;1.0;;1.0;0.0;1.0;164.0;67.0;100.0;FC Hard;;1.0;2.0;2.4;1;2.0;2 - 1;3.8;Dornbirner SV;;0.0;3.0;2.3;0;1.0;0.0;3 - 1;1-0;3.0;1.25;32 - 35;17 - 15;15.0;17.0;57.0;43.0;0.0;3.0;3.0;3.0;;;;;;;;94.0;70.0;35.0;32.0;61.0;39.0;5.0;7.0;5.0;5.0;;[22 60 74];[1 2 2];[False False False];['FC Hard' 'FC Hard' 'Dornbirner SV'];[0 1 2];[1 2 1];['D' 'H' 'H'];['H' 'H' 'H'];0.24;0.76;0.0;0.49;0.51;0.0;;;;;;;
2026-05-02;193802272;North Macedonia First League;North Macedonia;11:00;Full;0.0331262939958592;1.975;2.0, 2.5;1.825;2.0, 2.5;2.0;9.0;;0.0;2.0;2.0;254.0;131.0;;Rabotnicki Skopje;;0.0;4.0;2.625;2;3.0;3 - 3;2.6;Pelister Bitola;;0.0;1.0;2.875;1;3.0;0;2 - 9;0-2;2.25;1.0;45 - 86;20 - 30;30.0;20.0;;;1.0;1.0;3.0;3.0;;;;;;;;146.0;108.0;86.0;45.0;;;5.0;3.0;8.0;4.0;;[ 4  9 26 55 72 92];[1 1 1 2 2 2];[False False False False False  True];"['Rabotnicki Skopje' 'Pelister Bitola' 'Rabotnicki Skopje'
 'Rabotnicki Skopje' 'Pelister Bitola' 'Pelister Bitola']";[0 1 0 1 2 1];[1 0 1 2 1 0];['D' 'H' 'D' 'H' 'H' 'H'];['H' 'D' 'H' 'H' 'H' 'D'];0.23;0.77;0.0;0.47;0.53;0.0;;;;;;;
2026-05-02;193799971;England FA WSL 2;England;11:00;Full;-0.4666666666666666;1.975;2.5, 3;1.825;2.5, 3;2.0;11.0;;1.0;3.0;4.0;169.0;137.0;100.0;Sheff Utd (W);;0.0;0.0;5.0;0;0.0;0 - 4;4.1;Bristol City (W);;0.0;0.0;1.5;2;4.0;+1;2 - 11;1-3;2.75;1.25;50 - 87;23 - 39;39.0;23.0;50.0;50.0;0.0;1.0;2.0;2.0;;;;;;;;97.0;72.0;87.0;50.0;50.0;50.0;4.0;2.0;11.0;3.0;;[10 41 91 97];[1 1 2 2];[False False  True  True];"['Bristol City (W)' 'Bristol City (W)' 'Bristol City (W)'
 'Bristol City (W)']";[ 0 -1 -2 -3];[-1 -2 -3 -4];['D' 'A' 'A' 'A'];['A' 'A' 'A' 'A'];0.1;0.0;0.9;0.22;0.0;0.78;15.0;58.0;sheffield united;bristol city;;;Women
2026-05-02;193340866;Croatia HNL;Croatia;11:00;Full;-0.5186077321450079;1.975;3;1.825;3;8.0;8.0;;3.0;3.0;6.0;139.0;118.0;100.0;HNK Gorica;6.0;0.0;0.0;5.75;1;1.0;1 - 2;4.1;Dinamo Zagreb;1.0;0.0;2.0;1.444;1;2.0;+1.25;8 - 8;3-3;3;1.25;59 - 59;26 - 24;24.0;26.0;55.0;45.0;0.0;1.0;1.0;1.0;;;;;;;;78.0;61.0;59.0;59.0;52.0;48.0;2.0;3.0;3.0;4.0;;[ 5 12 90];[1 1 2];[False False False];['Dinamo Zagreb' 'HNK Gorica' 'Dinamo Zagreb'];[ 0 -1  0];[-1  0 -1];['D' 'A' 'D'];['A' 'D' 'A'];0.92;0.0;0.08;0.84;0.0;0.16;43917.0;2032.0;hnk gorica;gnk dinamo zagreb;1.83;1.72;
2026-05-02;193610454;Scotland League One;Scotland;11:00;Full;0.2777777777777778;1.975;2.5, 3;1.825;2.5, 3;13.0;9.0;;9.0;7.0;16.0;98.0;83.0;100.0;Peterhead;5.0;0.0;1.0;1.8;0;0.0;0 - 2;3.6;Kelty Hearts;10.0;0.0;1.0;3.6;0;2.0;-0.5;13 - 9;9-7;2.75;1;48 - 35;33 - 15;15.0;33.0;50.0;50.0;5.0;2.0;1.0;4.0;;;;;;;;47.0;51.0;35.0;48.0;50.0;50.0;7.0;5.0;4.0;4.0;;[86 91];[2 2];[False  True];['Kelty Hearts' 'Kelty Hearts'];[ 0 -1];[-1 -2];['D' 'A'];['A' 'A'];0.95;0.0;0.05;1.0;0.0;0.0;2385.0;225156.0;peterhead fc;kelty hearts fc;1.66;1.72;
2026-05-02;193190219;Belgium First Division A;Belgium;11:00;Full;0.2381201825937289;1.8;3;2.0;3;4.0;3.0;;0.0;1.0;1.0;162.0;76.0;100.0;Westerlo;9.0;0.0;2.0;1.909;0;3.0;3 - 3;3.7;OH Leuven;12.0;0.0;3.0;3.5;3;3.0;-0.5;4 - 3;0-1;3;1.25;51 - 25;22 - 15;15.0;22.0;53.0;47.0;5.0;0.0;5.0;0.0;;;;;;;;71.0;91.0;25.0;51.0;48.0;52.0;6.0;8.0;5.0;6.0;;[10 15 41 50 52 68];[1 1 1 2 2 2];[False False False False False False];['OH Leuven' 'OH Leuven' 'OH Leuven' 'Westerlo' 'Westerlo' 'Westerlo'];[ 0 -1 -2 -3 -2 -1];[-1 -2 -3 -2 -1  0];['D' 'A' 'A' 'A' 'A' 'A'];['A' 'A' 'A' 'A' 'A' 'D'];0.36;0.0;0.64;0.22;0.0;0.78;2893.0;2918.0;kvc westerlo;oud-heverlee leuven;1.57;1.5;
2026-05-02;192500201;England League 1;England;11:00;Full;-0.16369047619047616;1.975;2.5, 3;1.875;2.5, 3;5.0;3.0;;0.0;2.0;2.0;168.0;78.0;100.0;AFC Wimbledon;19.0;0.0;2.0;3.2;0;0.0;0 - 4;3.5;Huddersfield;9.0;0.0;1.0;2.1;1;4.0;+0.25;5 - 3;0-2;2.75;1.25;22 - 56;7 - 30;30.0;7.0;68.0;32.0;6.0;1.0;2.0;0.0;;;;;;;;92.0;76.0;56.0;22.0;63.0;37.0;13.0;4.0;8.0;1.0;;[10 57 66 72];[1 2 2 2];[False False False False];['Huddersfield' 'Huddersfield' 'Huddersfield' 'Huddersfield'];[ 0 -1 -2 -3];[-1 -2 -3 -4];['D' 'A' 'A' 'A'];['A' 'A' 'A' 'A'];0.11;0.0;0.89;0.22;0.0;0.78;23957.0;59.0;afc wimbledon;huddersfield town;1.61;1.61;
2026-05-02;192505577;England League 2;England;11:00;Full;0.18207282913165262;1.875;2.0, 2.5;1.975;2.0, 2.5;2.0;5.0;;0.0;1.0;1.0;164.0;66.0;100.0;Gillingham;18.0;0.0;1.0;2.1;0;1.0;1 - 0;3.3;Shrewsbury;19.0;0.0;2.0;3.4;0;0.0;-0.25;2 - 5;0-1;2.25;1;25 - 41;9 - 26;26.0;9.0;50.0;50.0;4.0;0.0;3.0;1.0;;;;;;;;97.0;67.0;41.0;25.0;51.0;49.0;11.0;4.0;6.0;2.0;;[92];[2];[ True];['Gillingham'];[0];[1];['D'];['H'];1.0;0.0;0.0;1.0;0.0;0.0;20.0;82.0;gillingham fc;shrewsbury town;2.0;1.9;
2026-05-02;192505581;England League 2;England;11:00;Full;-0.036437246963562764;2.025;3;1.825;3;4.0;6.0;;1.0;4.0;5.0;205.0;114.0;100.0;Harrogate Town;23.0;0.0;2.0;2.6;1;1.0;1 - 2;3.7;Barnet;9.0;0.0;2.0;2.375;1;2.0;0;4 - 6;1-4;3;1.25;63 - 51;24 - 25;25.0;24.0;60.0;40.0;3.0;1.0;2.0;2.0;;;;;;;;107.0;98.0;51.0;63.0;54.0;46.0;6.0;11.0;6.0;3.0;;[ 5 29 82];[1 1 2];[False False False];['Barnet' 'Harrogate Town' 'Barnet'];[ 0 -1  0];[-1  0 -1];['D' 'A' 'D'];['A' 'D' 'A'];0.64;0.0;0.36;0.47;0.0;0.53;159.0;77.0;harrogate town;barnet fc;1.57;1.5;
2026-05-02;193803719;Norway Division 3 Group 4;Norway;11:00;Full;-0.1068524970963996;1.975;4;1.825;4;6.0;6.0;;4.0;3.0;7.0;0.0;0.0;100.0;Stabaek 2;;0.0;0.0;2.625;1;2.0;2 - 1;4.1;Madla;;0.0;2.0;2.05;1;1.0;+0.25;6 - 6;4-3;4;1.75;-;-;0.0;0.0;31.0;69.0;0.0;0.0;1.0;1.0;;;;;;;;0.0;0.0;0.0;0.0;36.0;64.0;0.0;0.0;1.0;2.0;;[30 38 83];[1 1 2];[False False False];['Madla' 'Stabaek 2' 'Stabaek 2'];[ 0 -1  0];[-1  0  1];['D' 'A' 'D'];['A' 'D' 'H'];0.83;0.08;0.09;0.82;0.0;0.18;;;;;;;
2026-05-02;193821703;Uzbekistan PFL;Uzbekistan;11:00;Full;0.02354788069073782;1.975;2.5;1.825;2.5;6.0;6.0;;4.0;3.0;7.0;258.0;143.0;;FK Buxoro;;0.0;1.0;2.45;1;2.0;2 - 1;3.1;Sogdiana Jizzakh;;0.0;1.0;2.6;0;1.0;-0.25;6 - 6;4-3;2.5;1;50 - 93;28 - 44;44.0;28.0;;;1.0;1.0;1.0;3.0;;;;;;;;150.0;108.0;93.0;50.0;;;6.0;5.0;4.0;6.0;;[13 57 60];[1 2 2];[False False False];['FK Buxoro' 'FK Buxoro' 'Sogdiana Jizzakh'];[0 1 2];[1 2 1];['D' 'H' 'H'];['H' 'H' 'H'];0.14;0.86;0.0;0.29;0.71;0.0;;;;;;;
2026-05-02;193197979;Finland Veikkausliiga;Finland;11:00;Full;-0.17316017316017313;1.875;2.5;1.925;2.5;5.0;8.0;;2.0;2.0;4.0;178.0;104.0;100.0;IFK Mariehamn;;0.0;0.0;3.3;0;0.0;0 - 1;3.5;VPS Vaasa;;0.0;0.0;2.1;1;1.0;+0.25;5 - 8;2-2;2.5;1;40 - 64;30 - 34;34.0;30.0;50.0;50.0;5.0;1.0;4.0;2.0;;;;;;;;88.0;90.0;64.0;40.0;50.0;50.0;17.0;4.0;10.0;3.0;;[22];[1];[False];['VPS Vaasa'];[0];[-1];['D'];['A'];0.24;0.0;0.76;0.49;0.0;0.51;5058.0;2246.0;ifk mariehamn;vaasan palloseura;1.8;1.7;
2026-05-02;193201879;Slovakia 2. Liga;Slovakia;11:00;Full;0.3055555555555556;2.0;3;1.8;3;9.0;7.0;;5.0;2.0;7.0;207.0;144.0;100.0;STK Samorin;11.0;0.0;1.0;1.8;1;1.0;1 - 1;3.8;Slovan Bratislava B;9.0;0.0;2.0;4.0;0;1.0;-0.5;9 - 7;5-2;3;1.0;62 - 82;29 - 42;42.0;29.0;62.0;38.0;5.0;3.0;2.0;2.0;;;;;;;;121.0;86.0;82.0;62.0;59.0;41.0;8.0;5.0;5.0;4.0;;[ 8 58];[1 2];[False False];['STK Samorin' 'Slovan Bratislava B'];[0 1];[1 0];['D' 'H'];['H' 'D'];0.44;0.56;0.0;0.18;0.82;0.0;;2404.0;;sk slovan bratislava;;;Youth
2026-05-02;193197977;Finland Veikkausliiga;Finland;11:00;Full;0.14253563390847712;1.825;2.5;1.975;2.5;6.0;5.0;;0.0;3.0;3.0;202.0;132.0;100.0;FF Jaro;;0.0;2.0;2.15;1;2.0;2 - 2;3.6;TPS;;0.0;4.0;3.1;1;2.0;-0.25;6 - 5;0-3;2.5;1;73 - 59;34 - 35;35.0;34.0;42.0;58.0;1.0;3.0;1.0;1.0;;;;;;;;91.0;111.0;59.0;73.0;46.0;54.0;3.0;4.0;2.0;2.0;;[32 47 54 91];[1 1 2 2];[False  True False  True];['FF Jaro' 'TPS' 'FF Jaro' 'TPS'];[0 1 0 1];[1 0 1 0];['D' 'H' 'D' 'H'];['H' 'D' 'H' 'D'];0.43;0.57;0.0;0.68;0.32;0.0;2252.0;;ff jaro;;;;
2026-05-02;192940957;Hungary NB I;Hungary;11:00;Full;-0.29054054054054046;1.9;2.5;1.9;2.5;6.0;2.0;;2.0;0.0;2.0;185.0;58.0;100.0;Kazincbarcikai BSC;;0.0;4.0;4.0;2;2.0;2 - 1;3.5;Kisvarda FC;;0.0;2.0;1.85;0;1.0;+0.5;6 - 2;2-0;2.5;1;29 - 29;16 - 9;9.0;16.0;50.0;50.0;0.0;4.0;1.0;4.0;;;;;;;;104.0;81.0;29.0;29.0;50.0;50.0;4.0;4.0;2.0;5.0;;[21 47 64];[1 1 2];[False  True False];['Kazincbarcikai BSC' 'Kazincbarcikai BSC' 'Kisvarda FC'];[0 1 2];[1 2 1];['D' 'H' 'H'];['H' 'H' 'H'];0.23;0.77;0.0;0.45;0.55;0.0;8059.0;25397.0;kazincbarcikai sc;kisvarda fc;1.72;1.8;
2026-05-02;193879334;Iraq Stars League;Iraq;11:00;Full;0.3955342902711324;1.875;2.0, 2.5;1.925;2.0, 2.5;1.0;5.0;;1.0;3.0;4.0;128.0;114.0;;Erbil SC;;0.0;2.0;1.65;0;1.0;1 - 0;3.4;Al Karkh;;0.0;1.0;4.75;0;0.0;-0.75;1 - 5;1-3;2.25;1;62 - 52;26 - 21;21.0;26.0;;;0.0;0.0;1.0;1.0;;;;;;;;47.0;81.0;52.0;62.0;;;1.0;1.0;1.0;2.0;;[62];[2];[False];['Erbil SC'];[0];[1];['D'];['H'];0.69;0.31;0.0;1.0;0.0;0.0;;;;;;;
2026-05-02;193817248;Iraq Stars League;Iraq;11:00;Full;0.32476857194143144;1.875;2;1.925;2;5.0;6.0;;2.0;4.0;6.0;316.0;222.0;;Mosul FC;;0.0;3.0;1.8;0;1.0;1 - 1;3.1;Al Gharraf;;1.0;3.0;4.333;1;1.0;-0.5;5 - 6;2-4;2;0.75;140 - 82;49 - 38;38.0;49.0;;;5.0;3.0;3.0;3.0;;;;;;;;117.0;199.0;82.0;140.0;;;7.0;9.0;3.0;9.0;;[27 99];[1 2];[False  True];['Al Gharraf' 'Mosul FC'];[ 0 -1];[-1  0];['D' 'A'];['A' 'D'];0.27;0.0;0.73;0.6;0.0;0.4;;;;;;;
2026-05-02;193757607;Sweden 1.div Södra;Sweden;11:00;Full;-0.09090909090909088;1.925;2.5;1.875;2.5;1.0;6.0;;1.0;1.0;2.0;104.0;81.0;100.0;Skövde AIK;;0.0;1.0;2.75;0;0.0;0 - 0;3.4;Atvidabergs FF;;0.0;1.0;2.2;0;0.0;+0.25;1 - 6;1-1;2.5;1;32 - 49;14 - 16;16.0;14.0;61.0;39.0;2.0;2.0;1.0;2.0;;;;;;;;58.0;46.0;49.0;32.0;68.0;32.0;7.0;3.0;3.0;2.0;;[];[];[];[];[];[];[];[];1.0;0.0;0.0;1.0;0.0;0.0;7063.0;1789.0;skovde aik;aatvidabergs ff;1.57;1.72;
2026-05-02;193812277;Kosovo Superliga;Kosovo;11:00;Full;0.21870286576168935;2.0;2.5;1.8;2.5;5.0;6.0;;3.0;4.0;7.0;312.0;172.0;100.0;FC Prishtina;;1.0;1.0;1.95;0;0.0;0 - 1;3.25;KF Malisheva;;1.0;5.0;3.4;0;1.0;-0.5;5 - 6;3-4;2.5;1;86 - 86;44 - 32;32.0;44.0;46.0;54.0;1.0;4.0;0.0;1.0;;;;;;;;148.0;164.0;86.0;86.0;46.0;54.0;5.0;9.0;5.0;1.0;;[95];[2];[ True];['KF Malisheva'];[0];[-1];['D'];['A'];1.0;0.0;0.0;1.0;0.0;0.0;;;;;;;
2026-05-02;193872058;Netherlands U21 League;Netherlands;11:00;Full;0.037878787878787845;1.95;3.5, 4;1.85;3.5, 4;3.0;8.0;;2.0;3.0;5.0;149.0;87.0;100.0;Maastricht U21;;0.0;0.0;2.2;4;5.0;5 - 0;4.0;Helmond Sport U21;;0.0;0.0;2.4;0;0.0;0;3 - 8;2-3;3.75;1.5;38 - 49;22 - 24;24.0;22.0;56.0;44.0;1.0;1.0;8.0;9.0;;;;;;;;74.0;75.0;49.0;38.0;57.0;43.0;3.0;4.0;12.0;13.0;;[ 4 14 27 37 62];[1 1 1 1 2];[False False False False False];"['Maastricht U21' 'Maastricht U21' 'Maastricht U21' 'Maastricht U21'
 'Maastricht U21']";[0 1 2 3 4];[1 2 3 4 5];['D' 'H' 'H' 'H' 'H'];['H' 'H' 'H' 'H' 'H'];0.04;0.96;0.0;0.09;0.91;0.0;2976.0;2974.0;mvv maastricht;helmond sport;;;Youth
2026-05-02;192500205;England League 1;England;11:00;Full;-0.24060150375939848;1.925;3.0, 3.5;1.925;3.0, 3.5;5.0;11.0;;0.0;10.0;10.0;179.0;96.0;100.0;Barnsley;13.0;0.0;1.0;3.5;0;1.0;1 - 3;3.9;Stockport;4.0;0.0;4.0;1.9;1;3.0;+0.5;5 - 11;0-10;3.25;1.25;58 - 38;16 - 26;26.0;16.0;54.0;46.0;4.0;2.0;5.0;1.0;;;;;;;;83.0;96.0;38.0;58.0;46.0;54.0;6.0;4.0;9.0;4.0;;[23 53 71 99];[1 2 2 2];[False False False  True];['Stockport' 'Barnsley' 'Stockport' 'Stockport'];[ 0 -1  0 -1];[-1  0 -1 -2];['D' 'A' 'D' 'A'];['A' 'D' 'A' 'A'];0.41;0.0;0.59;0.51;0.0;0.49;23.0;10.0;barnsley fc;stockport county fc;1.5;1.44;
2026-05-02;193757619;Sweden 1.div Södra;Sweden;11:00;Full;0.025531914893617003;2.025;3;1.775;3;2.0;3.0;;1.0;1.0;2.0;250.0;104.0;100.0;FC Trollhättan;;0.0;0.0;2.35;0;0.0;0 - 2;3.5;FC Rosengård 1917;;0.0;2.0;2.5;0;2.0;0;2 - 3;1-1;3;1.25;56 - 48;20 - 31;31.0;20.0;62.0;38.0;7.0;1.0;2.0;0.0;;;;;;;;105.0;145.0;48.0;56.0;48.0;52.0;7.0;5.0;6.0;1.0;;[63 75];[2 2];[False False];['FC Rosengård 1917' 'FC Rosengård 1917'];[ 0 -1];[-1 -2];['D' 'A'];['A' 'A'];0.7;0.0;0.3;1.0;0.0;0.0;1791.0;7095.0;fc trollhattan;fc rosengaard 1917;1.53;1.53;
2026-05-02;193780733;Finland Kakkonen Group B;Finland;11:00;Full;-0.5037593984962406;1.95;3.5;1.85;3.5;8.0;6.0;;3.0;5.0;8.0;84.0;48.0;100.0;HJS;;0.0;1.0;4.75;0;0.0;0 - 2;5.25;FC Honka;;0.0;2.0;1.4;0;2.0;+1.25;8 - 6;3-5;3.5;1.5;18 - 30;8 - 19;19.0;8.0;71.0;29.0;2.0;2.0;4.0;1.0;;;;;;;;57.0;27.0;30.0;18.0;69.0;31.0;4.0;5.0;6.0;2.0;;[61 92];[2 2];[False  True];['FC Honka' 'FC Honka'];[ 0 -1];[-1 -2];['D' 'A'];['A' 'A'];0.66;0.0;0.34;1.0;0.0;0.0;330431.0;2260.0;hjs;fc honka;1.4;1.53;Youth
2026-05-02;193858825;UAE U19 League;UAE;11:00;Full;0.38200339558573854;1.85;3.5;1.95;3.5;5.0;6.0;;3.0;5.0;8.0;122.0;111.0;;Al Wasl SC U19;;0.0;2.0;1.55;0;0.0;0 - 2;4.75;Sharjah SCC U19;;0.0;3.0;3.8;0;2.0;-1.0;5 - 6;3-5;3.5;1.5;66 - 45;30 - 24;24.0;30.0;;;1.0;1.0;1.0;0.0;;;;;;;;58.0;64.0;45.0;66.0;;;4.0;5.0;5.0;0.0;;[48 65];[2 2];[False False];['Sharjah SCC U19' 'Sharjah SCC U19'];[ 0 -1];[-1 -2];['D' 'A'];['A' 'A'];0.53;0.0;0.47;1.0;0.0;0.0;47674.0;34060.0;al wasl fc;sharjah fc;;;Youth
2026-05-02;193826065;Latvia Virsliga;Latvia;11:00;Full;-0.811965811965812;1.875;3.0, 3.5;1.925;3.0, 3.5;5.0;8.0;;1.0;5.0;6.0;107.0;107.0;100.0;Ogre United;10.0;0.0;0.0;13.0;3;3.0;3 - 4;8.0;RFS;2.0;0.0;1.0;1.125;2;4.0;+2.25;5 - 8;1-5;3.25;1.5;32 - 75;13 - 40;40.0;13.0;74.0;26.0;1.0;1.0;5.0;3.0;;;;;;;;59.0;48.0;75.0;32.0;71.0;29.0;1.0;1.0;9.0;3.0;;[15 17 28 42 43 57 90];[1 1 1 1 1 2 2];[False False False False False False False];['Ogre United' 'RFS' 'Ogre United' 'Ogre United' 'RFS' 'RFS' 'RFS'];[0 1 0 1 2 1 0];[ 1  0  1  2  1  0 -1];['D' 'H' 'D' 'H' 'H' 'H' 'D'];['H' 'D' 'H' 'H' 'H' 'D' 'A'];0.66;0.34;0.0;0.58;0.42;0.0;1015457.0;68718.0;ogre united;fc rfs;2.0;2.37;
2026-05-02;193827327;Israel Youth League;Israel;11:10;Full;-0.6237588228256968;1.85;3.0, 3.5;1.95;3.0, 3.5;1.0;7.0;;1.0;4.0;5.0;267.0;128.0;100.0;Hapoel Petah Tikva U19;;0.0;4.0;6.5;0;0.0;0 - 3;5.5;Maccabi Tel Aviv U19;;0.0;1.0;1.286;0;3.0;+1.75;1 - 7;1-4;3.25;1.25;36 - 92;23 - 41;41.0;23.0;56.0;44.0;5.0;1.0;3.0;1.0;;;;;;;;165.0;102.0;92.0;36.0;63.0;37.0;8.0;1.0;11.0;4.0;;[59 70 79];[2 2 2];[False False False];['Maccabi Tel Aviv U19' 'Maccabi Tel Aviv U19' 'Maccabi Tel Aviv U19'];[ 0 -1 -2];[-1 -2 -3];['D' 'A' 'A'];['A' 'A' 'A'];0.66;0.0;0.34;1.0;0.0;0.0;;5198.0;;maccabi tel aviv fc;;;Youth
2026-05-02;193878903;Israel Youth League;Israel;11:15;Full;0.16666666666666669;1.975;3;1.825;3;2.0;4.0;;2.0;2.0;4.0;126.0;85.0;100.0;Maccabi Netanya U19;;0.0;3.0;2.0;4;4.0;4 - 1;3.6;Hapoel Beer Sheva U19;;0.0;3.0;3.0;1;1.0;-0.25;2 - 4;2-2;3;1.25;40 - 45;23 - 22;22.0;23.0;49.0;51.0;1.0;4.0;2.0;7.0;;;;;;;;59.0;67.0;45.0;40.0;53.0;47.0;4.0;5.0;2.0;8.0;;[ 6 18 25 26 44];[1 1 1 1 1];[False False False False False];"['Hapoel Beer Sheva U19' 'Maccabi Netanya U19' 'Maccabi Netanya U19'
 'Maccabi Netanya U19' 'Maccabi Netanya U19']";[ 0 -1  0  1  2];[-1  0  1  2  3];['D' 'A' 'D' 'H' 'H'];['A' 'D' 'H' 'H' 'H'];0.14;0.72;0.13;0.29;0.44;0.27;5395.0;5202.0;maccabi netanya fc;hapoel be`er sheva fc;;;Youth
2026-05-02;192946792;Spain La Liga;Spain;11:15;Full;0.348251811985181;1.85;2.5;2.0;2.5;1.0;7.0;;0.0;3.0;3.0;185.0;76.0;100.0;Valencia;12.0;0.0;1.0;1.727;0;0.0;0 - 2;4.0;Atletico Madrid;4.0;0.0;3.0;4.333;0;2.0;-0.75;1 - 7;0-3;2.5;1.0;36 - 40;7 - 29;29.0;7.0;47.0;53.0;9.0;4.0;2.0;0.0;;;;;;;;82.0;103.0;40.0;36.0;47.0;53.0;15.0;12.0;5.0;0.0;;[74 82];[2 2];[False False];['Atletico Madrid' 'Atletico Madrid'];[ 0 -1];[-1 -2];['D' 'A'];['A' 'A'];0.82;0.0;0.18;1.0;0.0;0.0;2828.0;2836.0;valencia cf;atletico madrid;1.7;1.8;
2026-05-02;192946427;Spain Segunda;Spain;11:15;Full;0.29914529914529914;1.9;2.5;1.9;2.5;4.0;4.0;;1.0;1.0;2.0;138.0;93.0;100.0;Cultural Leonesa;21.0;0.0;2.0;1.8;1;2.0;2 - 2;3.3;Cadiz;16.0;0.0;3.0;3.9;1;2.0;-0.5;4 - 4;1-1;2.5;1;49 - 44;18 - 22;22.0;18.0;48.0;52.0;3.0;6.0;3.0;2.0;;;;;;;;58.0;80.0;44.0;49.0;42.0;58.0;8.0;14.0;4.0;7.0;;[43 46 80 93];[1 1 2 2];[False  True False  True];['Cultural Leonesa' 'Cadiz' 'Cadiz' 'Cultural Leonesa'];[ 0  1  0 -1];[ 1  0 -1  0];['D' 'H' 'D' 'A'];['H' 'D' 'A' 'D'];0.83;0.03;0.14;0.93;0.07;0.0;2868.0;4488.0;cultural leonesa;cadiz cf;1.83;1.8;
2026-05-02;193109778;Spain Primera Division RFEF Group 2;Spain;11:15;Full;0.580952380952381;2.0;2.0, 2.5;1.8;2.0, 2.5;8.0;4.0;;5.0;2.0;7.0;208.0;100.0;100.0;Gimnastic;;0.0;2.0;1.4;1;2.0;2 - 1;3.8;Sevilla Atletico;;0.0;4.0;7.5;0;1.0;-1.25;8 - 4;5-2;2.25;0.75;68 - 32;29 - 12;12.0;29.0;44.0;56.0;1.0;2.0;0.0;7.0;;;;;;;;88.0;120.0;32.0;68.0;43.0;57.0;4.0;5.0;2.0;15.0;;[42 50 96];[1 2 2];[False False  True];['Gimnastic' 'Sevilla Atletico' 'Gimnastic'];[0 1 0];[1 0 1];['D' 'H' 'D'];['H' 'D' 'H'];0.92;0.08;0.0;0.93;0.07;0.0;2840.0;7762.0;gimnastic de tarragona;sevilla atletico;2.37;2.62;
2026-05-02;193108861;Spain Primera Division RFEF Group 1;Spain;11:15;Full;-0.011204481792717158;1.85;2.0;1.95;2.0;3.0;2.0;;1.0;1.0;2.0;0.0;0.0;100.0;Racing Ferrol;;0.0;3.0;2.625;0;0.0;0 - 0;2.9;Pontevedra;;0.0;4.0;2.55;0;0.0;0.0;3 - 2;1-1;2.0;0.75;-;-;0.0;0.0;50.0;50.0;0.0;0.0;0.0;0.0;;;;;;;;0.0;0.0;0.0;0.0;50.0;50.0;0.0;0.0;1.0;0.0;;[];[];[];[];[];[];[];[];1.0;0.0;0.0;1.0;0.0;0.0;2843.0;4941.0;racing club de ferrol;pontevedra cf;2.0;2.1;
2026-05-02;193936155;Israel Youth League;Israel;11:20;Full;0.25482625482625476;1.85;2.5, 3.0;1.95;2.5, 3.0;5.0;6.0;;3.0;2.0;5.0;167.0;130.0;100.0;Hapoel Rishon Lezion U19;;0.0;1.0;1.85;2;2.0;2 - 1;3.5;Hapoel Acre U19;;0.0;3.0;3.5;0;1.0;-0.5;5 - 6;3-2;2.75;1.25;62 - 68;27 - 31;31.0;27.0;36.0;64.0;1.0;2.0;0.0;4.0;;;;;;;;82.0;85.0;68.0;62.0;46.0;54.0;6.0;5.0;3.0;8.0;;[26 40 61];[1 1 2];[False False False];['Hapoel Rishon Lezion U19' 'Hapoel Rishon Lezion U19' 'Hapoel Acre U19'];[0 1 2];[1 2 1];['D' 'H' 'H'];['H' 'H' 'H'];0.29;0.71;0.0;0.58;0.42;0.0;5394.0;7380.0;hapoel rishon lezion fc;hapoel acre fc;;;Youth
2026-05-02;192943796;Portugal Primeira Liga;Portugal;11:30;Full;-0.010582010582010581;2.025;2.0, 2.5;1.825;2.0, 2.5;5.0;6.0;;2.0;2.0;4.0;186.0;86.0;100.0;FC Arouca;;1.0;2.0;2.7;1;2.0;2 - 2;3.1;Santa Clara;;0.0;3.0;2.625;1;2.0;0.0;5 - 6;2-2;2.25;1.0;35 - 51;20 - 15;15.0;20.0;42.0;58.0;1.0;2.0;2.0;2.0;;;;;;;;87.0;99.0;51.0;35.0;49.0;51.0;11.0;4.0;3.0;5.0;;[ 8 11 83 95];[1 1 2 2];[False False False  True];['FC Arouca' 'Santa Clara' 'FC Arouca' 'Santa Clara'];[0 1 0 1];[1 0 1 0];['D' 'H' 'D' 'H'];['H' 'D' 'H' 'D'];0.84;0.16;0.0;0.93;0.07;0.0;25777.0;3011.0;fc arouca;santa clara azores;2.0;1.95;
2026-05-02;193005971;Netherlands Eredivisie;Netherlands;11:30;Full;0.3333333333333333;1.8;2.5, 3.0;2.0;2.5, 3.0;8.0;4.0;;2.0;3.0;5.0;190.0;105.0;100.0;FC Utrecht;;0.0;0.0;1.75;0;2.0;2 - 0;4.0;NAC;;1.0;2.0;4.2;0;0.0;-0.75;8 - 4;2-3;2.75;1.25;68 - 37;22 - 18;18.0;22.0;46.0;54.0;4.0;5.0;0.0;1.0;;;;;;;;74.0;116.0;37.0;68.0;35.0;65.0;9.0;17.0;1.0;12.0;;[86 99];[2 2];[False  True];['FC Utrecht' 'FC Utrecht'];[0 1];[1 2];['D' 'H'];['H' 'H'];0.87;0.13;0.0;1.0;0.0;0.0;2948.0;2947.0;fc utrecht;nac breda;1.66;1.61;
2026-05-02;192943809;Portugal Primeira Liga;Portugal;11:30;Full;0.5066666666666666;1.825;2.5, 3.0;2.025;2.5, 3.0;8.0;6.0;;5.0;3.0;8.0;186.0;94.0;100.0;Nacional;14.0;1.0;3.0;1.5;1;1.0;1 - 2;4.2;AVS;18.0;0.0;2.0;6.25;1;2.0;-1.0;8 - 6;5-3;2.75;1.25;63 - 31;24 - 12;12.0;24.0;35.0;65.0;7.0;10.0;1.0;3.0;;;;;;;;70.0;116.0;31.0;63.0;32.0;68.0;15.0;18.0;3.0;4.0;;[ 4 22 63];[1 1 2];[False False False];['Nacional' 'AVS' 'AVS'];[0 1 0];[ 1  0 -1];['D' 'H' 'D'];['H' 'D' 'A'];0.5;0.2;0.3;0.6;0.4;0.0;3013.0;1031053.0;nacional da madeira;avs futebol sad;1.8;1.75;
2026-05-02;193330023;Romania Liga I;Romania;11:30;Full;0.12121212121212122;1.95;2.5, 3.0;1.85;2.5, 3.0;7.0;2.0;;4.0;0.0;4.0;210.0;100.0;100.0;Farul Constanta;;0.0;2.0;2.2;0;1.0;1 - 1;3.4;FC Botosani;;0.0;3.0;3.0;1;1.0;-0.25;7 - 2;4-0;2.75;1.25;78 - 22;37 - 8;8.0;37.0;52.0;48.0;1.0;9.0;3.0;0.0;;;;;;;;62.0;148.0;22.0;78.0;47.0;53.0;1.0;17.0;4.0;6.0;;[30 46];[1 2];[False False];['FC Botosani' 'Farul Constanta'];[ 0 -1];[-1  0];['D' 'A'];['A' 'D'];0.82;0.0;0.18;0.67;0.0;0.33;3294.0;24798.0;fc farul constanta;fc botosani;1.72;1.61;
2026-05-02;193827267;Spain Youth League;Spain;11:30;Full;0.11904761904761901;1.9;2.5, 3.0;1.9;2.5, 3.0;7.0;8.0;;4.0;3.0;7.0;145.0;34.0;100.0;CD San Francisco U19;;0.0;1.0;2.1;1;3.0;3 - 4;3.5;Sabadell U19;;0.0;3.0;2.8;0;4.0;-0.25;7 - 8;4-3;2.75;1.25;17 - 17;11 - 3;3.0;11.0;50.0;50.0;2.0;5.0;1.0;2.0;;;;;;;;70.0;75.0;17.0;17.0;50.0;50.0;6.0;7.0;7.0;6.0;;[36 57 58 71 79 87 92];[1 2 2 2 2 2 2];[False False False False False False  True];"['CD San Francisco U19' 'Sabadell U19' 'Sabadell U19' 'Sabadell U19'
 'Sabadell U19' 'CD San Francisco U19' 'CD San Francisco U19']";[ 0  1  0 -1 -2 -3 -2];[ 1  0 -1 -2 -3 -2 -1];['D' 'H' 'D' 'A' 'A' 'A' 'A'];['H' 'D' 'A' 'A' 'A' 'A' 'A'];0.4;0.23;0.37;0.8;0.2;0.0;;24335.0;;ce sabadell fc;;;Youth
2026-05-02;193199371;Greece Super League 1;Greece;11:30;Full;-0.1269349845201238;1.95;2.0;1.85;2.0;5.0;2.0;;2.0;2.0;4.0;167.0;74.0;100.0;Panserraikos;;0.0;1.0;3.4;0;1.0;1 - 1;2.875;Larissa;;1.0;6.0;2.375;0;1.0;0.25;5 - 2;2-2;2.0;0.75;50 - 24;17 - 12;12.0;17.0;56.0;44.0;3.0;4.0;0.0;1.0;;;;;;;;82.0;85.0;24.0;50.0;53.0;47.0;4.0;8.0;3.0;3.0;;[76 99];[2 2];[False  True];['Larissa' 'Panserraikos'];[ 0 -1];[-1  0];['D' 'A'];['A' 'D'];0.77;0.0;0.23;1.0;0.0;0.0;6347.0;3265.0;panserraikos fc;ae larissa fc;2.0;2.05;
2026-05-02;193878104;Bosnia & Herzegovina 1st League;Bosnia;11:30;Full;0.5325207756232687;1.925;2.5;1.875;2.5;3.0;1.0;;2.0;1.0;3.0;179.0;82.0;100.0;Romanija Pale;;0.0;3.0;1.444;0;1.0;1 - 2;3.9;FK Omarska;;0.0;1.0;6.25;0;2.0;-1.25;3 - 1;2-1;2.5;1.0;41 - 41;18 - 25;25.0;18.0;48.0;52.0;2.0;3.0;2.0;2.0;;;;;;;;80.0;99.0;41.0;41.0;40.0;60.0;3.0;5.0;5.0;4.0;;[52 63 76];[2 2 2];[False False False];['FK Omarska' 'FK Omarska' 'Romanija Pale'];[ 0 -1 -2];[-1 -2 -1];['D' 'A' 'A'];['A' 'A' 'A'];0.58;0.0;0.42;1.0;0.0;0.0;;;;;;;
2026-05-02;193001714;Germany 3. Liga;Germany;11:30;Full;-0.24786324786324787;1.85;3.5;1.95;3.5;2.0;8.0;;1.0;2.0;3.0;141.0;85.0;100.0;VfB Stuttgart II;14.0;0.0;2.0;3.25;2;6.0;6 - 1;4.0;Rot-Weiss Essen;3.0;0.0;2.0;1.8;0;1.0;+0.5;2 - 8;1-2;3.5;1.5;21 - 64;13 - 27;27.0;13.0;61.0;39.0;6.0;4.0;2.0;2.0;;;;;;;;84.0;57.0;64.0;21.0;65.0;35.0;12.0;4.0;4.0;7.0;;[24 46 56 61 78 82 93];[1 1 2 2 2 2 2];[False  True False False False False  True];"['VfB Stuttgart II' 'VfB Stuttgart II' 'VfB Stuttgart II'
 'VfB Stuttgart II' 'VfB Stuttgart II' 'VfB Stuttgart II'
 'Rot-Weiss Essen']";[0 1 2 3 4 5 6];[1 2 3 4 5 6 5];['D' 'H' 'H' 'H' 'H' 'H' 'H'];['H' 'H' 'H' 'H' 'H' 'H' 'H'];0.26;0.74;0.0;0.52;0.48;0.0;2522.0;2562.0;vfb stuttgart ii;rot-weiss essen;1.44;1.33;Youth-Women
2026-05-02;193891166;Faroe Islands Div 1;Faroe Islands;11:30;Full;0.4991789819376027;1.875;3.0;1.925;3.0;4.0;2.0;;2.0;1.0;3.0;342.0;185.0;;B71 Sandur;;0.0;1.0;1.45;0;4.0;4 - 0;4.333;TB Tvoroyri;;1.0;1.0;5.25;0;0.0;-1.25;4 - 2;2-1;3.0;1.25;118 - 67;53 - 28;28.0;53.0;;;1.0;4.0;1.0;0.0;;;;;;;;127.0;215.0;67.0;118.0;;;4.0;7.0;1.0;6.0;;[67 77 81 93];[2 2 2 2];[False False False  True];['B71 Sandur' 'B71 Sandur' 'B71 Sandur' 'B71 Sandur'];[0 1 2 3];[1 2 3 4];['D' 'H' 'H' 'H'];['H' 'H' 'H' 'H'];0.72;0.28;0.0;1.0;0.0;0.0;;;;;;;
2026-05-02;193878629;Czechia 5. Liga;Czech Republic;11:30;Full;0.009250693802035193;2.0;3.0;1.8;3.0;8.0;4.0;;6.0;2.0;8.0;182.0;148.0;;Ledec nad Sazavou;;0.0;1.0;2.3;2;5.0;5 - 0;3.9;FC Zdas Zdar Nad Sazavou B;;0.0;0.0;2.35;0;0.0;0.0;8 - 4;6-2;3.0;1.25;79 - 69;51 - 35;35.0;51.0;;;5.0;8.0;0.0;3.0;;;;;;;;93.0;89.0;69.0;79.0;;;8.0;11.0;0.0;7.0;;[20 37 49 70 89];[1 1 2 2 2];[False False False False False];"['Ledec nad Sazavou' 'Ledec nad Sazavou' 'Ledec nad Sazavou'
 'Ledec nad Sazavou' 'Ledec nad Sazavou']";[0 1 2 3 4];[1 2 3 4 5];['D' 'H' 'H' 'H' 'H'];['H' 'H' 'H' 'H' 'H'];0.22;0.78;0.0;0.44;0.56;0.0;;;;;;;Youth
2026-05-02;193779967;Azerbaijan Premier League;Azerbaijan;11:30;Full;0.09661835748792269;1.95;2.0, 2.5;1.85;2.0, 2.5;6.0;2.0;;3.0;2.0;5.0;213.0;163.0;100.0;Araz FK;6.0;0.0;0.0;2.25;0;0.0;0 - 1;3.1;Imisli;9.0;0.0;2.0;2.875;1;1.0;0.0;6 - 2;3-2;2.25;1.0;99 - 64;48 - 20;20.0;48.0;28.0;72.0;2.0;2.0;1.0;3.0;;;;;;;;64.0;149.0;64.0;99.0;34.0;66.0;6.0;8.0;3.0;3.0;;[18];[1];[False];['Imisli'];[0];[-1];['D'];['A'];0.2;0.0;0.8;0.4;0.0;0.6;;;;;;;
2026-05-02;193801368;Latvia 1. Liga;Latvia;11:30;Full;0.13066202090592338;1.95;3.0;1.85;3.0;2.0;9.0;;2.0;5.0;7.0;215.0;86.0;;SK Super Nova II;5.0;0.0;2.0;2.05;0;0.0;0 - 1;3.7;Marupes SC;6.0;0.0;3.0;2.8;0;1.0;-0.25;2 - 9;2-5;3.0;1.25;35 - 51;17 - 26;26.0;17.0;;;3.0;2.0;1.0;0.0;;;;;;;;122.0;93.0;51.0;35.0;;;3.0;10.0;4.0;1.0;;[54];[2];[False];['Marupes SC'];[0];[-1];['D'];['A'];0.6;0.0;0.4;1.0;0.0;0.0;425115.0;;sk super nova;;;;Youth
2026-05-02;193814776;Spain Primera Women;Spain;11:30;Full;-0.16522423288749022;1.9;2.5;1.9;2.5;1.0;3.0;;0.0;3.0;3.0;178.0;104.0;100.0;DUX Logrono (W);;0.0;2.0;3.1;1;3.0;3 - 0;3.4;Madrid CFF (W);;0.0;2.0;2.05;0;0.0;+0.25;1 - 3;0-3;2.5;1.0;48 - 56;16 - 29;29.0;16.0;55.0;45.0;8.0;2.0;2.0;1.0;;;;;;;;104.0;74.0;56.0;48.0;55.0;45.0;11.0;4.0;4.0;6.0;;[29 85 87];[1 2 2];[False False False];['DUX Logrono (W)' 'DUX Logrono (W)' 'DUX Logrono (W)'];[0 1 2];[1 2 3];['D' 'H' 'H'];['H' 'H' 'H'];0.32;0.68;0.0;0.64;0.36;0.0;441022.0;335007.0;cdef logrono;madrid cff;;;Women
2026-05-02;193001717;Germany 3. Liga;Germany;11:30;Full;0.033375052148518936;1.85;2.5, 3.0;1.95;2.5, 3.0;2.0;8.0;;1.0;4.0;5.0;163.0;107.0;100.0;SSV Ulm 1846;;0.0;3.0;2.35;0;0.0;0 - 2;3.4;FC Viktoria Köln;;0.0;2.0;2.55;0;2.0;0.0;2 - 8;1-4;2.75;1.25;41 - 66;21 - 31;31.0;21.0;50.0;50.0;7.0;2.0;1.0;1.0;;;;;;;;90.0;73.0;66.0;41.0;50.0;50.0;10.0;5.0;5.0;3.0;;[72 81];[2 2];[False False];['FC Viktoria Köln' 'FC Viktoria Köln'];[ 0 -1];[-1 -2];['D' 'A'];['A' 'A'];0.8;0.0;0.2;1.0;0.0;0.0;2580.0;53365.0;ssv ulm 1846;fc viktoria cologne;1.57;1.53;
2026-05-02;192943807;Portugal Primeira Liga;Portugal;11:30;Full;-0.08558262014483209;1.8;2.0;2.05;2.0;1.0;4.0;;0.0;2.0;2.0;194.0;70.0;100.0;Moreirense;8.0;0.0;4.0;3.1;1;3.0;3 - 2;3.0;Estrela Amadora;15.0;0.0;4.0;2.45;2;2.0;+0.25;1 - 4;0-2;2.0;0.75;41 - 29;23 - 5;5.0;23.0;32.0;68.0;2.0;5.0;2.0;1.0;;;;;;;;59.0;135.0;29.0;41.0;34.0;66.0;6.0;8.0;3.0;4.0;;[13 36 46 73 94];[1 1 1 2 2];[False False  True False  True];"['Estrela Amadora' 'Estrela Amadora' 'Moreirense' 'Moreirense'
 'Moreirense']";[ 0 -1 -2 -1  0];[-1 -2 -1  0  1];['D' 'A' 'A' 'A' 'D'];['A' 'A' 'A' 'D' 'H'];0.36;0.0;0.64;0.28;0.0;0.72;3014.0;744135.0;moreirense fc;estrela amadora;1.9;2.0;
2026-05-02;193878206;Croatia 3.NL;Croatia;12:00;Half;0.4144736842105263;2.025;2.5;1.775;2.5;0.0;1.0;;0.0;1.0;1.0;87.0;37.0;100.0;NK Vodice;;0.0;4.0;1.6;0;0.0;0 - 0;3.6;NK Neretvanac Opuzen;;0.0;1.0;4.75;0;0.0;-0.75 (-0.25);0 - 1;0-1;2.5 (1.25);1;25 - 12;25 - 12;12.0;25.0;40.0;60.0;2.0;1.0;0.0;0.0;;;;;;;;30.0;57.0;12.0;25.0;40.0;60.0;2.0;1.0;0.0;0.0;;[];[];[];[];[];[];[];[];1.0;0.0;0.0;1.0;0.0;0.0;;;;;;;
2026-05-02;193784585;Switzerland 1.Liga Classic;Switzerland;12:00;Full;-0.48965517241379314;2.0;3.0;1.8;3.0;2.0;3.0;;2.0;2.0;4.0;141.0;154.0;100.0;FC Mendrisio;;1.0;1.0;5.0;0;0.0;0 - 3;4.2;YF Juventus;;0.0;2.0;1.45;1;3.0;+1.25;2 - 3;2-2;3.0;1.25;71 - 83;37 - 41;41.0;37.0;66.0;34.0;6.0;2.0;3.0;1.0;;;;;;;;83.0;58.0;83.0;71.0;64.0;36.0;11.0;5.0;6.0;1.0;;[12 60 63];[1 2 2];[False False False];['YF Juventus' 'YF Juventus' 'YF Juventus'];[ 0 -1 -2];[-1 -2 -3];['D' 'A' 'A'];['A' 'A' 'A'];0.13;0.0;0.87;0.27;0.0;0.73;;;;;;;
2026-05-02;193775500;Croatia 1.NL;Croatia;12:00;Full;0.24605669053023682;2.025;2.0;1.775;2.0;4.0;3.0;;2.0;2.0;4.0;160.0;64.0;100.0;Bijelo Brdo;6.0;0.0;4.0;1.909;0;0.0;0 - 0;3.0;Opatija;10.0;1.0;5.0;3.6;0;0.0;-0.25;4 - 3;2-2;2.0;0.75;38 - 26;18 - 16;16.0;18.0;46.0;54.0;2.0;6.0;4.0;1.0;;;;;;;;70.0;90.0;26.0;38.0;41.0;59.0;6.0;9.0;5.0;2.0;;[];[];[];[];[];[];[];[];1.0;0.0;0.0;1.0;0.0;0.0;44476.0;44480.0;nk bsk bijelo brdo;nk opatija;2.2;2.1;
2026-05-02;193784596;Tunisia League 2;Tunisia;12:00;Full;0.2142857142857143;1.85;2.0;1.95;2.0;4.0;1.0;;2.0;1.0;3.0;140.0;66.0;100.0;Stade Gabesien;;0.0;1.0;2.0;0;0.0;0 - 0;3.0;Progres Sakiet Eddaier;;1.0;5.0;3.5;0;0.0;-0.25;4 - 1;2-1;2.0;0.75;42 - 24;22 - 12;12.0;22.0;37.0;63.0;3.0;4.0;2.0;0.0;;;;;;;;67.0;73.0;24.0;42.0;34.0;66.0;4.0;8.0;2.0;1.0;;[];[];[];[];[];[];[];[];1.0;0.0;0.0;1.0;0.0;0.0;;;;;;;
2026-05-02;193828111;Portugal U19 League;Portugal;12:00;Full;0.7283766298397532;1.875;3.5;1.925;3.5;6.0;2.0;;5.0;1.0;6.0;209.0;69.0;100.0;Benfica U19;;0.0;0.0;1.182;4;6.0;6 - 0;7.0;Gil Vicente U19;;0.0;0.0;8.5;0;0.0;-2.0;6 - 2;5-1;3.5;1.5;52 - 17;33 - 9;9.0;33.0;34.0;66.0;3.0;1.0;1.0;11.0;;;;;;;;78.0;131.0;17.0;52.0;36.0;64.0;4.0;5.0;2.0;17.0;;[ 5 26 31 43 60 68];[1 1 1 1 2 2];[False False False False False False];"['Benfica U19' 'Benfica U19' 'Benfica U19' 'Benfica U19' 'Benfica U19'
 'Benfica U19']";[0 1 2 3 4 5];[1 2 3 4 5 6];['D' 'H' 'H' 'H' 'H' 'H'];['H' 'H' 'H' 'H' 'H' 'H'];0.06;0.94;0.0;0.11;0.89;0.0;3006.0;3010.0;sl benfica;gil vicente barcelos;;;Youth
2026-05-02;193873986;Austria Landesliga;Austria;12:00;Full;0.10582010582010581;1.975;3.5;1.825;3.5;5.0;3.0;;4.0;1.0;5.0;120.0;88.0;;SV Strasswalchen;;0.0;4.0;2.1;1;1.0;1 - 2;3.9;USC Eugendorf;;0.0;3.0;2.7;1;2.0;-0.25;5 - 3;4-1;3.5;1.5;52 - 36;28 - 14;14.0;28.0;;;0.0;3.0;1.0;2.0;;;;;;;;57.0;63.0;36.0;52.0;;;3.0;5.0;4.0;4.0;;[ 3 11 91];[1 1 2];[False False  True];['SV Strasswalchen' 'USC Eugendorf' 'USC Eugendorf'];[0 1 0];[ 1  0 -1];['D' 'H' 'D'];['H' 'D' 'A'];0.91;0.09;0.0;0.82;0.18;0.0;;;;;;;
2026-05-02;193811846;Hungary NB III;Hungary;12:00;Full;0.4027777777777778;1.9;2.5;1.9;2.5;8.0;3.0;;4.0;1.0;5.0;168.0;59.0;100.0;Erdi VSE;;0.0;4.0;1.6;1;3.0;3 - 2;3.7;Balatonlelle SE;;0.0;3.0;4.5;2;2.0;-0.75;8 - 3;4-1;2.5;1.0;41 - 18;21 - 5;5.0;21.0;37.0;63.0;1.0;0.0;2.0;5.0;;;;;;;;66.0;102.0;18.0;41.0;37.0;63.0;5.0;3.0;2.0;10.0;;[ 3 21 28 87 90];[1 1 1 2 2];[False False False False False];['Erdi VSE' 'Balatonlelle SE' 'Balatonlelle SE' 'Erdi VSE' 'Erdi VSE'];[ 0  1  0 -1  0];[ 1  0 -1  0  1];['D' 'H' 'D' 'A' 'D'];['H' 'D' 'A' 'D' 'H'];0.14;0.2;0.66;0.22;0.4;0.38;;;;;;;
2026-05-02;193779960;Austria Regionalliga Ost;Austria;12:00;Full;-0.22804054054054046;1.925;2.5, 3.0;1.875;2.5, 3.0;8.0;5.0;;6.0;1.0;7.0;147.0;83.0;100.0;SC Wiener Viktoria;;0.0;1.0;3.2;3;3.0;3 - 1;3.75;SV Horn;;1.0;1.0;1.85;1;1.0;+0.5;8 - 5;6-1;2.75;1.25;51 - 32;29 - 15;15.0;29.0;49.0;51.0;1.0;3.0;2.0;5.0;;;;;;;;76.0;71.0;32.0;51.0;50.0;50.0;5.0;8.0;4.0;9.0;;[ 5 19 35 40];[1 1 1 1];[False False False False];['SV Horn' 'SC Wiener Viktoria' 'SC Wiener Viktoria' 'SC Wiener Viktoria'];[ 0 -1  0  1];[-1  0  1  2];['D' 'A' 'D' 'H'];['A' 'D' 'H' 'H'];0.23;0.61;0.16;0.47;0.22;0.31;;;;;;;
2026-05-02;193821964;Slovakia 3. Liga;Slovakia;12:00;Full;0.43009349858664936;1.9;3.0;1.9;3.0;10.0;7.0;;3.0;4.0;7.0;170.0;87.0;100.0;MFK Dolny Kubin;;0.0;1.0;1.533;1;1.0;1 - 1;4.1;TJ Jednota Banova;;0.0;2.0;4.5;1;1.0;-1.0;10 - 7;3-4;3.0;1.25;49 - 38;26 - 18;18.0;26.0;49.0;51.0;0.0;6.0;5.0;2.0;;;;;;;;82.0;88.0;38.0;49.0;52.0;48.0;3.0;17.0;10.0;6.0;;[43 46];[1 1];[False  True];['TJ Jednota Banova' 'MFK Dolny Kubin'];[ 0 -1];[-1  0];['D' 'A'];['A' 'D'];0.97;0.0;0.03;0.93;0.0;0.07;;;;;;;
2026-05-02;193798653;Croatia 1.NL;Croatia;12:00;Full;0.07763975155279507;1.975;2.0, 2.5;1.825;2.0, 2.5;5.0;1.0;;2.0;0.0;2.0;280.0;139.0;100.0;NK Jarun;11.0;1.0;2.0;2.3;1;1.0;1 - 2;3.0;Hrvace;8.0;0.0;2.0;2.8;2;2.0;-0.25;5 - 1;2-0;2.25;1.0;78 - 61;39 - 27;27.0;39.0;45.0;55.0;4.0;3.0;5.0;3.0;;;;;;;;124.0;156.0;61.0;78.0;44.0;56.0;8.0;8.0;6.0;6.0;;[27 36 38];[1 1 1];[False False False];['Hrvace' 'Hrvace' 'NK Jarun'];[ 0 -1 -2];[-1 -2 -1];['D' 'A' 'A'];['A' 'A' 'A'];0.3;0.0;0.7;0.6;0.0;0.4;476940.0;6670.0;nk jarun zagreb;nk hrvace;1.9;1.9;
2026-05-02;193775505;Croatia 2.NL;Croatia;12:00;Full;0.45614035087719296;1.85;2.5, 3.0;1.95;2.5, 3.0;5.0;4.0;;1.0;2.0;3.0;264.0;123.0;100.0;NK Solin;8.0;0.0;2.0;1.5;3;5.0;5 - 0;4.2;HNK Dakovo Croatia;14.0;0.0;4.0;4.75;0;0.0;-1.0;5 - 4;1-2;2.75;1.25;77 - 46;39 - 16;16.0;39.0;32.0;68.0;1.0;5.0;0.0;4.0;;;;;;;;125.0;139.0;46.0;77.0;37.0;63.0;4.0;13.0;3.0;10.0;;[16 25 31 74 89];[1 1 1 2 2];[False False False False False];['NK Solin' 'NK Solin' 'NK Solin' 'NK Solin' 'NK Solin'];[0 1 2 3 4];[1 2 3 4 5];['D' 'H' 'H' 'H' 'H'];['H' 'H' 'H' 'H' 'H'];0.18;0.82;0.0;0.36;0.64;0.0;;;;;;;
2026-05-02;193874635;Mexico U21 League;Mexico;12:00;Full;0.1111111111111111;1.825;2.0, 2.5;1.975;2.0, 2.5;14.0;3.0;;8.0;3.0;11.0;142.0;150.0;;Juarez FC U21;;0.0;6.0;2.25;1;3.0;3 - 0;3.2;Toluca U21;;1.0;3.0;3.0;0;0.0;-0.25;14 - 3;8-3;2.25;1.0;96 - 54;45 - 33;33.0;45.0;;;2.0;2.0;0.0;1.0;;;;;;;;56.0;86.0;54.0;96.0;;;2.0;6.0;0.0;4.0;;[21 87 93];[1 2 2];[False False  True];['Juarez FC U21' 'Juarez FC U21' 'Juarez FC U21'];[0 1 2];[1 2 3];['D' 'H' 'H'];['H' 'H' 'H'];0.23;0.77;0.0;0.47;0.53;0.0;215048.0;1931.0;fc juarez;deportivo toluca fc;;;Youth
2026-05-02;193191059;Bulgaria Second League;Bulgaria;12:00;Full;0.29555373704309873;2.0;2.0, 2.5;1.8;2.0, 2.5;5.0;3.0;;3.0;1.0;4.0;154.0;66.0;100.0;Spartak Pleven;;0.0;2.0;1.833;0;1.0;1 - 0;3.1;Minyor Pernik;;1.0;3.0;4.0;0;0.0;-0.5;5 - 3;3-1;2.25;0.75;32 - 34;19 - 12;12.0;19.0;39.0;61.0;0.0;5.0;2.0;1.0;;;;;;;;76.0;78.0;34.0;32.0;50.0;50.0;4.0;7.0;4.0;2.0;;[47];[2];[False];['Spartak Pleven'];[0];[1];['D'];['H'];0.52;0.48;0.0;1.0;0.0;0.0;;;;;;;
2026-05-02;193819289;Ghana Premier League;Ghana;12:00;Full;0.4431818181818182;2.05;2.0;1.75;2.0;5.0;9.0;;0.0;3.0;3.0;238.0;155.0;100.0;Vision FC;;0.0;2.0;1.6;0;1.0;1 - 2;3.1;Swedru All Blacks Utd;;0.0;2.0;5.5;0;2.0;-0.75;5 - 9;0-3;2.0;0.75;75 - 80;29 - 44;44.0;29.0;51.0;49.0;5.0;2.0;2.0;0.0;;;;;;;;112.0;126.0;80.0;75.0;52.0;48.0;10.0;4.0;5.0;4.0;;[51 71 90];[2 2 2];[False False False];['Vision FC' 'Swedru All Blacks Utd' 'Swedru All Blacks Utd'];[0 1 0];[ 1  0 -1];['D' 'H' 'D'];['H' 'D' 'A'];0.78;0.22;0.0;1.0;0.0;0.0;;;;;;;
2026-05-02;193201889;Slovakia 2. Liga;Slovakia;12:00;Full;0.2485380116959064;1.95;2.5, 3.0;1.85;2.5, 3.0;6.0;5.0;;5.0;3.0;8.0;223.0;164.0;100.0;MFK Zvolen;;0.0;1.0;1.9;1;2.0;2 - 1;3.75;Slavia TU Kosice;;0.0;2.0;3.6;0;1.0;-0.5;6 - 5;5-3;2.75;1.25;87 - 77;50 - 26;26.0;50.0;52.0;48.0;3.0;4.0;1.0;6.0;;;;;;;;128.0;95.0;77.0;87.0;52.0;48.0;9.0;9.0;6.0;8.0;;[29 63 70];[1 2 2];[False False False];['MFK Zvolen' 'MFK Zvolen' 'Slavia TU Kosice'];[0 1 2];[1 2 1];['D' 'H' 'H'];['H' 'H' 'H'];0.32;0.68;0.0;0.64;0.36;0.0;;;;;;;
2026-05-02;193201884;Slovakia 2. Liga;Slovakia;12:00;Full;-0.2271062271062272;1.85;2.5, 3.0;1.95;2.5, 3.0;4.0;0.0;;3.0;0.0;3.0;222.0;113.0;100.0;MFK Stara Lubovna;;0.0;4.0;3.5;1;1.0;1 - 1;3.6;MSK Povazska Bystrica;;0.0;1.0;1.95;0;1.0;+0.25;4 - 0;3-0;2.75;1.25;51 - 62;23 - 26;26.0;23.0;46.0;54.0;4.0;4.0;1.0;1.0;;;;;;;;115.0;107.0;62.0;51.0;53.0;47.0;12.0;6.0;4.0;3.0;;[17 81];[1 2];[False False];['MFK Stara Lubovna' 'MSK Povazska Bystrica'];[0 1];[1 0];['D' 'H'];['H' 'D'];0.29;0.71;0.0;0.38;0.62;0.0;;;;;;;
2026-05-02;193813880;Finland Ykkosliiga;Finland;12:00;Full;-0.31501831501831495;1.8;2.5;2.0;2.5;9.0;8.0;;4.0;7.0;11.0;162.0;107.0;100.0;KaPa;;0.0;3.0;3.9;0;0.0;0 - 2;3.5;Jippo;;0.0;3.0;1.75;2;2.0;0.75;9 - 8;4-7;2.5;1.0;51 - 56;13 - 36;36.0;13.0;42.0;58.0;6.0;4.0;4.0;0.0;;;;;;;;79.0;83.0;56.0;51.0;39.0;61.0;9.0;12.0;5.0;2.0;;[ 9 40];[1 1];[False False];['Jippo' 'Jippo'];[ 0 -1];[-1 -2];['D' 'A'];['A' 'A'];0.1;0.0;0.9;0.2;0.0;0.8;2273.0;2263.0;kapa kapylan pallo;jippo;1.8;1.72;
2026-05-02;193821981;Slovakia 3. Liga;Slovakia;12:00;Full;-0.11904761904761901;1.85;2.5, 3.0;1.95;2.5, 3.0;3.0;3.0;;2.0;1.0;3.0;206.0;168.0;;MSK Kysucke Nove Mesto;;0.0;3.0;2.8;0;0.0;0 - 1;3.5;FTC Filakovo;;1.0;0.0;2.1;0;1.0;+0.25;3 - 3;2-1;2.75;1.25;85 - 83;30 - 51;51.0;30.0;;;4.0;4.0;3.0;2.0;;;;;;;;100.0;106.0;83.0;85.0;;;7.0;11.0;5.0;3.0;;[69];[2];[False];['FTC Filakovo'];[0];[-1];['D'];['A'];0.77;0.0;0.23;1.0;0.0;0.0;;;;;;;
2026-05-02;193829011;Georgia First League;Georgia;12:00;Full;0.08695652173913049;2.05;2.0, 2.5;1.75;2.0, 2.5;7.0;3.0;;4.0;1.0;5.0;280.0;132.0;100.0;FC Gori;9.0;0.0;3.0;2.3;0;0.0;0 - 3;3.0;Merani Martvili;2.0;0.0;2.0;2.875;1;3.0;-0.25;7 - 3;4-1;2.25;0.75;76 - 56;40 - 18;18.0;40.0;32.0;68.0;2.0;4.0;2.0;0.0;;;;;;;;102.0;178.0;56.0;76.0;35.0;65.0;6.0;10.0;7.0;2.0;;[ 8 58 93];[1 2 2];[False False  True];['Merani Martvili' 'Merani Martvili' 'Merani Martvili'];[ 0 -1 -2];[-1 -2 -3];['D' 'A' 'A'];['A' 'A' 'A'];0.09;0.0;0.91;0.18;0.0;0.82;;;;;;;
2026-05-02;193821957;Slovakia 3. Liga;Slovakia;12:00;Full;0.43009349858664936;1.825;3.0;1.975;3.0;10.0;2.0;;4.0;1.0;5.0;179.0;101.0;100.0;MFK Kezmarok;;0.0;1.0;1.533;0;1.0;1 - 2;4.2;Spartak Medzev;;0.0;1.0;4.5;1;2.0;-1.0;10 - 2;4-1;3.0;1.25;56 - 45;33 - 24;24.0;33.0;43.0;57.0;1.0;6.0;1.0;0.0;;;;;;;;84.0;95.0;45.0;56.0;44.0;56.0;3.0;13.0;4.0;6.0;;[ 5 46 59];[1 2 2];[False False False];['Spartak Medzev' 'Spartak Medzev' 'MFK Kezmarok'];[ 0 -1 -2];[-1 -2 -1];['D' 'A' 'A'];['A' 'A' 'A'];0.06;0.0;0.94;0.11;0.0;0.89;;;;;;;
2026-05-02;193821052;Mauritania Division 2;Mauritania;12:00;Full;0.0;1.925;2.0, 2.5;1.875;2.0, 2.5;1.0;3.0;;0.0;0.0;0.0;132.0;109.0;;FC Ways;;1.0;4.0;2.55;1;1.0;1 - 3;3.0;Widad Arafat;;0.0;0.0;2.55;1;3.0;0.0;1 - 3;0-0;2.25;1.0;47 - 62;23 - 30;30.0;23.0;;;3.0;0.0;5.0;5.0;;;;;;;;64.0;68.0;62.0;47.0;;;7.0;4.0;15.0;6.0;;[ 2 13 71 97];[1 1 2 2];[False False False  True];['FC Ways' 'Widad Arafat' 'Widad Arafat' 'Widad Arafat'];[ 0  1  0 -1];[ 1  0 -1 -2];['D' 'H' 'D' 'A'];['H' 'D' 'A' 'A'];0.62;0.11;0.27;0.76;0.24;0.0;;;;;;;
2026-05-02;193801375;Latvia 1. Liga;Latvia;12:00;Full;0.05454545454545451;1.875;3.0, 3.5;1.925;3.0, 3.5;12.0;4.0;;4.0;3.0;7.0;227.0;177.0;;FK Metta;;0.0;1.0;2.2;0;1.0;1 - 2;3.8;Valmiera FC;;0.0;4.0;2.5;0;2.0;-0.25;12 - 4;4-3;3.25;1.25;135 - 42;57 - 25;25.0;57.0;;;2.0;11.0;1.0;4.0;;;;;;;;81.0;146.0;42.0;135.0;;;2.0;21.0;4.0;11.0;;[53 59 77];[2 2 2];[False False False];['Valmiera FC' 'Valmiera FC' 'FK Metta'];[ 0 -1 -2];[-1 -2 -1];['D' 'A' 'A'];['A' 'A' 'A'];0.59;0.0;0.41;1.0;0.0;0.0;;;;;;;
2026-05-02;193891143;Croatia 3.NL;Croatia;12:00;Full;0.033375052148518936;1.825;2.5;1.975;2.5;3.0;3.0;;0.0;2.0;2.0;184.0;102.0;100.0;Jadran Kastel Sucurac;;0.0;1.0;2.35;0;1.0;1 - 0;3.4;NK Sloga Mravince;;0.0;2.0;2.55;0;0.0;0.0;3 - 3;0-2;2.5;1.0;61 - 41;26 - 26;26.0;26.0;44.0;56.0;3.0;7.0;4.0;0.0;;;;;;;;85.0;99.0;41.0;61.0;45.0;55.0;5.0;13.0;4.0;4.0;;[54];[2];[False];['Jadran Kastel Sucurac'];[0];[1];['D'];['H'];0.6;0.4;0.0;1.0;0.0;0.0;;;;;;;
2026-05-02;193891138;Croatia 2.NL;Croatia;12:00;Full;0.22080416527771157;1.85;2.5;1.95;2.5;2.0;3.0;;1.0;2.0;3.0;180.0;104.0;;NK Lucko;;0.0;4.0;1.909;1;1.0;1 - 1;3.4;NK Varteks;;0.0;2.0;3.3;0;1.0;-0.5;2 - 3;1-2;2.5;1.0;58 - 46;26 - 18;18.0;26.0;;;1.0;4.0;0.0;3.0;;;;;;;;93.0;87.0;46.0;58.0;;;6.0;8.0;1.0;4.0;;[26 64];[1 2];[False False];['NK Lucko' 'NK Varteks'];[0 1];[1 0];['D' 'H'];['H' 'D'];0.58;0.42;0.0;0.58;0.42;0.0;;;;;;;
2026-05-02;193936163;Morocco GNF 2;Morocco;12:00;Full;0.05217391304347829;1.825;1.5, 2.0;1.975;1.5, 2.0;5.0;4.0;;4.0;2.0;6.0;170.0;114.0;100.0;USM Oujda;;0.0;2.0;2.5;0;1.0;1 - 0;2.75;Wydad Fès;;0.0;3.0;2.875;0;0.0;0.0;5 - 4;4-2;1.75;nan;49 - 65;18 - 31;31.0;18.0;57.0;43.0;3.0;1.0;1.0;2.0;;;;;;;;89.0;81.0;65.0;49.0;52.0;48.0;5.0;5.0;4.0;4.0;;[83];[2];[False];['USM Oujda'];[0];[1];['D'];['H'];0.92;0.08;0.0;1.0;0.0;0.0;;;;;;;
2026-05-02;193780728;Finland Kakkonen Group A;Finland;12:00;Full;0.026619343389529815;1.925;3.5;1.875;3.5;3.0;5.0;;2.0;3.0;5.0;268.0;206.0;100.0;Kiffen;;0.0;2.0;2.3;1;4.0;4 - 1;3.7;Atlantis;;0.0;2.0;2.45;0;1.0;0.0;3 - 5;2-3;3.5;1.5;96 - 110;49 - 53;53.0;49.0;49.0;51.0;9.0;1.0;2.0;3.0;;;;;;;;131.0;137.0;110.0;96.0;50.0;50.0;16.0;3.0;4.0;7.0;;[ 4 46 67 73 75];[1 2 2 2 2];[False False False False False];['Kiffen' 'Kiffen' 'Atlantis' 'Kiffen' 'Kiffen'];[0 1 2 1 2];[1 2 1 2 3];['D' 'H' 'H' 'H' 'H'];['H' 'H' 'H' 'H' 'H'];0.04;0.96;0.0;0.09;0.91;0.0;35393.0;5119.0;fc kiffen;atlantis fc;1.4;1.33;
2026-05-02;193800370;Georgia Erovnuli Liga;Georgia;12:00;Full;-0.25482625482625476;1.8;2.5;2.0;2.5;8.0;2.0;;4.0;1.0;5.0;230.0;154.0;100.0;Dinamo Batumi;10.0;0.0;2.0;3.5;2;2.0;2 - 2;3.4;Dinamo Tbilisi;6.0;1.0;3.0;1.85;1;2.0;0.5;8 - 2;4-1;2.5;1.0;102 - 52;45 - 21;21.0;45.0;26.0;74.0;2.0;3.0;2.0;7.0;;;;;;;;98.0;132.0;52.0;102.0;32.0;68.0;6.0;7.0;3.0;9.0;;[ 2 22 45 47];[1 1 1 2];[False False False False];['Dinamo Batumi' 'Dinamo Tbilisi' 'Dinamo Batumi' 'Dinamo Tbilisi'];[0 1 0 1];[1 0 1 0];['D' 'H' 'D' 'H'];['H' 'D' 'H' 'D'];0.76;0.24;0.0;0.56;0.44;0.0;;;;;;;
2026-05-02;193893181;Hungary NB III;Hungary;12:00;Full;0.26143790849673204;2.0;3.0, 3.5;1.8;3.0, 3.5;5.0;14.0;;3.0;13.0;16.0;157.0;183.0;;Eger SE;;0.0;1.0;1.8;2;3.0;3 - 0;3.7;Senyo Carnifex;;0.0;1.0;3.4;0;0.0;-0.5;5 - 14;3-13;3.25;1.25;77 - 106;37 - 56;56.0;37.0;;;5.0;1.0;0.0;3.0;;;;;;;;83.0;74.0;106.0;77.0;;;10.0;3.0;3.0;5.0;;[29 36 74];[1 1 2];[False False False];['Eger SE' 'Eger SE' 'Eger SE'];[0 1 2];[1 2 3];['D' 'H' 'H'];['H' 'H' 'H'];0.32;0.68;0.0;0.64;0.36;0.0;;;;;;;
2026-05-02;193775941;Iceland 3 Deild;Iceland;12:00;Full;0.4444444444444444;1.85;3.5, 4.0;1.95;3.5, 4.0;5.0;6.0;;4.0;1.0;5.0;159.0;87.0;100.0;Reynir Sandgerdi;1.0;0.0;2.0;1.5;2;3.0;3 - 1;4.5;FC Arbaer;1.0;0.0;2.0;4.5;0;1.0;-1.25;5 - 6;4-1;3.75;1.5;42 - 45;30 - 14;14.0;30.0;48.0;52.0;1.0;5.0;3.0;5.0;;;;;;;;82.0;77.0;45.0;42.0;51.0;49.0;10.0;7.0;7.0;9.0;;[ 7 31 61 93];[1 1 2 2];[False False False  True];['Reynir Sandgerdi' 'Reynir Sandgerdi' 'FC Arbaer' 'Reynir Sandgerdi'];[0 1 2 1];[1 2 1 2];['D' 'H' 'H' 'H'];['H' 'H' 'H' 'H'];0.08;0.92;0.0;0.16;0.84;0.0;;;;;;;
2026-05-02;193874631;Mexico U21 League;Mexico;12:00;Full;0.12121212121212122;1.875;2.5;1.925;2.5;2.0;3.0;;2.0;1.0;3.0;100.0;97.0;;Chivas Guadalajara U21;;0.0;3.0;2.2;0;1.0;1 - 0;3.4;Atlas U21;;0.0;3.0;3.0;0;0.0;-0.25;2 - 3;2-1;2.5;1.0;45 - 52;24 - 20;20.0;24.0;;;5.0;9.0;3.0;1.0;;;;;;;;52.0;48.0;52.0;45.0;;;10.0;11.0;4.0;7.0;;[93];[2];[ True];['Chivas Guadalajara U21'];[0];[1];['D'];['H'];1.0;0.0;0.0;1.0;0.0;0.0;1938.0;376766.0;cd guadalajara;atlas fc;;;Youth
2026-05-02;193757625;Sweden 1.div Södra;Sweden;12:00;Full;-0.21381578947368418;1.85;2.5, 3.0;1.95;2.5, 3.0;3.0;5.0;;0.0;4.0;4.0;240.0;134.0;100.0;Utsiktens BK;;0.0;1.0;3.2;0;0.0;0 - 3;3.7;Ariana FC Malmo;;0.0;2.0;1.9;1;3.0;+0.5;3 - 5;0-4;2.75;1.25;76 - 58;38 - 35;35.0;38.0;53.0;47.0;3.0;2.0;2.0;0.0;;;;;;;;106.0;134.0;58.0;76.0;49.0;51.0;4.0;6.0;5.0;1.0;;[37 49 74];[1 2 2];[False False False];['Ariana FC Malmo' 'Ariana FC Malmo' 'Ariana FC Malmo'];[ 0 -1 -2];[-1 -2 -3];['D' 'A' 'A'];['A' 'A' 'A'];0.41;0.0;0.59;0.82;0.0;0.18;7536.0;870811.0;utsiktens bk;ariana fc;1.57;1.66;
2026-05-02;193785128;England National League North;England;12:00;Full;0.43009349858664936;1.975;3.5;1.825;3.5;3.0;1.0;;3.0;0.0;3.0;233.0;137.0;100.0;South Shields;;0.0;2.0;1.533;1;1.0;1 - 0;4.333;Buxton;;0.0;0.0;4.5;0;0.0;-1.0;3 - 1;3-0;3.5;1.5;63 - 74;42 - 32;32.0;42.0;50.0;50.0;0.0;4.0;0.0;2.0;;;;;;;;115.0;118.0;74.0;63.0;50.0;50.0;4.0;6.0;2.0;3.0;;[41];[1];[False];['South Shields'];[0];[1];['D'];['H'];0.46;0.54;0.0;0.91;0.09;0.0;47207.0;36381.0;south shields;buxton fc;1.5;1.44;
2026-05-02;193829055;Mexico U21 League;Mexico;12:00;Full;0.24605669053023682;1.975;2.5, 3.0;1.825;2.5, 3.0;4.0;3.0;;3.0;2.0;5.0;203.0;118.0;;Club America U21;;0.0;2.0;1.909;1;1.0;1 - 1;3.4;Unam Pumas U21;;0.0;3.0;3.6;0;1.0;-0.5;4 - 3;3-2;2.75;1.0;60 - 58;39 - 27;27.0;39.0;;;3.0;7.0;1.0;3.0;;;;;;;;102.0;101.0;58.0;60.0;;;6.0;10.0;5.0;4.0;;[23 55];[1 2];[False False];['Club America U21' 'Unam Pumas U21'];[0 1];[1 0];['D' 'H'];['H' 'D'];0.64;0.36;0.0;0.51;0.49;0.0;1939.0;334073.0;cf america;pumas unam;;;Youth
2026-05-02;192947584;Sweden Superettan;Sweden;12:00;Full;-0.14253563390847712;1.8;2.0, 2.5;2.0;2.0, 2.5;5.0;5.0;;3.0;4.0;7.0;60.0;29.0;100.0;GIF Sundsvall;1.0;0.0;1.0;3.1;0;1.0;1 - 3;3.1;IK Oddevold;1.0;0.0;1.0;2.15;1;3.0;+0.25;5 - 5;3-4;2.25;1.0;8 - 21;2 - 11;11.0;2.0;55.0;45.0;0.0;0.0;1.0;0.0;;;;;;;;38.0;22.0;21.0;8.0;52.0;48.0;1.0;0.0;3.0;3.0;;[ 9 56 68 77];[1 2 2 2];[False False False False];['IK Oddevold' 'IK Oddevold' 'IK Oddevold' 'GIF Sundsvall'];[ 0 -1 -2 -3];[-1 -2 -3 -2];['D' 'A' 'A' 'A'];['A' 'A' 'A' 'A'];0.1;0.0;0.9;0.2;0.0;0.8;1763.0;1860.0;gif sundsvall;ik oddevold;1.75;1.8;
2026-05-02;193968605;Spain Youth League;Spain;12:00;Full;0.4848484848484848;1.8;2.5;2.0;2.5;1.0;2.0;;0.0;0.0;0.0;190.0;86.0;;Cadiz U19;;0.0;2.0;1.5;0;1.0;1 - 0;3.75;CD San Felix U19;;0.0;2.0;5.5;0;0.0;-1.0;1 - 2;0-0;2.5;1.0;54 - 32;17 - 16;16.0;17.0;;;1.0;1.0;1.0;2.0;;;;;;;;90.0;100.0;32.0;54.0;;;5.0;6.0;1.0;5.0;;[68];[2];[False];['Cadiz U19'];[0];[1];['D'];['H'];0.76;0.24;0.0;1.0;0.0;0.0;4488.0;;cadiz cf;;;;Youth
2026-05-02;193821589;Sweden 2.div Södra Svealand;Sweden;12:00;Full;-0.30126101782152737;1.825;3.0, 3.5;1.975;3.0, 3.5;6.0;10.0;;2.0;6.0;8.0;141.0;143.0;;Syrianska FC;;0.0;0.0;3.6;1;3.0;3 - 4;4.0;IFK Haninge;;0.0;2.0;1.727;1;4.0;+0.75;6 - 10;2-6;3.25;1.5;61 - 82;23 - 40;40.0;23.0;;;2.0;1.0;5.0;2.0;;;;;;;;71.0;70.0;82.0;61.0;;;8.0;7.0;9.0;8.0;;[17 51 54 56 58 78 97];[1 1 2 2 2 2 2];[False  True False False False False  True];"['IFK Haninge' 'Syrianska FC' 'Syrianska FC' 'Syrianska FC' 'IFK Haninge'
 'IFK Haninge' 'IFK Haninge']";[ 0 -1  0  1  2  1  0];[-1  0  1  2  1  0 -1];['D' 'A' 'D' 'H' 'H' 'H' 'D'];['A' 'D' 'H' 'H' 'H' 'D' 'A'];0.4;0.25;0.35;0.33;0.0;0.67;5951.0;82443.0;syrianska fc;ifk haninge;1.4;1.44;
2026-05-02;193005690;France Ligue 1;France;12:00;Full;0.5902806870548805;1.9;3.0, 3.5;1.95;3.0, 3.5;12.0;2.0;;9.0;2.0;11.0;173.0;96.0;100.0;PSG;1.0;0.0;1.0;1.364;1;2.0;2 - 2;5.75;Lorient;9.0;0.0;1.0;7.0;1;2.0;-1.5;12 - 2;9-2;3.25;1.5;84 - 12;31 - 9;9.0;31.0;34.0;66.0;1.0;5.0;1.0;3.0;;;;;;;;44.0;129.0;12.0;84.0;31.0;69.0;2.0;18.0;3.0;6.0;;[ 6 12 62 78];[1 1 2 2];[False False False False];['PSG' 'Lorient' 'PSG' 'Lorient'];[0 1 0 1];[1 0 1 0];['D' 'H' 'D' 'H'];['H' 'D' 'H' 'D'];0.76;0.24;0.0;0.87;0.13;0.0;1644.0;1656.0;paris saint-germain;fc lorient;1.8;1.66;
2026-05-02;193873028;Algeria Division 2;Algeria;12:00;Full;0.5423423423423424;1.875;2.0;1.925;2.0;6.0;1.0;;4.0;1.0;5.0;158.0;98.0;;MSP Batna;;0.0;1.0;1.48;1;5.0;5 - 0;3.4;MO Constantine;;0.0;0.0;7.5;0;0.0;-1.0;6 - 1;4-1;2.0;0.75;65 - 33;37 - 13;13.0;37.0;;;3.0;6.0;0.0;3.0;;;;;;;;78.0;80.0;33.0;65.0;;;5.0;8.0;2.0;12.0;;[19 50 57 64 82];[1 2 2 2 2];[False False False False False];['MSP Batna' 'MSP Batna' 'MSP Batna' 'MSP Batna' 'MSP Batna'];[0 1 2 3 4];[1 2 3 4 5];['D' 'H' 'H' 'H' 'H'];['H' 'H' 'H' 'H' 'H'];0.21;0.79;0.0;0.42;0.58;0.0;;;;;;;
2026-05-02;193873014;Algeria Division 2;Algeria;12:00;Full;0.05102040816326525;1.9;2.0;1.9;2.0;3.0;4.0;;3.0;2.0;5.0;166.0;137.0;;AS Khroub;;0.0;1.0;2.45;0;1.0;1 - 0;2.9;CA Batna;;0.0;0.0;2.8;0;0.0;0.0;3 - 4;3-2;2.0;0.75;48 - 89;20 - 44;44.0;20.0;;;4.0;3.0;1.0;0.0;;;;;;;;101.0;65.0;89.0;48.0;;;5.0;4.0;4.0;1.0;;[55];[2];[False];['AS Khroub'];[0];[1];['D'];['H'];0.61;0.39;0.0;1.0;0.0;0.0;;;;;;;
2026-05-02;193872092;Romania Liga III;Romania;12:00;Full;0.2113344683080146;1.95;2.5, 3.0;1.85;2.5, 3.0;4.0;6.0;;1.0;4.0;5.0;248.0;145.0;;CSO Baicoi;;0.0;1.0;1.909;0;3.0;3 - 1;3.6;FC Pucioasa;;1.0;1.0;3.2;0;1.0;-0.5;4 - 6;1-4;2.75;1.0;86 - 59;46 - 26;26.0;46.0;;;7.0;3.0;1.0;1.0;;;;;;;;103.0;145.0;59.0;86.0;;;8.0;9.0;6.0;5.0;;[53 63 84 90];[2 2 2 2];[False False False False];['CSO Baicoi' 'CSO Baicoi' 'CSO Baicoi' 'FC Pucioasa'];[0 1 2 3];[1 2 3 2];['D' 'H' 'H' 'H'];['H' 'H' 'H' 'H'];0.59;0.41;0.0;1.0;0.0;0.0;;;;;;;
2026-05-02;193189523;Austria Bundesliga;Austria;12:00;Full;0.15032679738562088;1.775;2.0;2.025;2.0;4.0;5.0;;0.0;4.0;4.0;165.0;57.0;100.0;Grazer AK;;0.0;1.0;2.25;2;4.0;4 - 0;3.1;WSG Swarovski Tirol;;0.0;2.0;3.4;0;0.0;-0.25;4 - 5;0-4;2.0;0.75;31 - 26;11 - 23;23.0;11.0;44.0;56.0;3.0;0.0;3.0;2.0;;;;;;;;91.0;74.0;26.0;31.0;46.0;54.0;6.0;3.0;3.0;6.0;;[32 42 54 70];[1 1 2 2];[False False False False];['Grazer AK' 'Grazer AK' 'Grazer AK' 'Grazer AK'];[0 1 2 3];[1 2 3 4];['D' 'H' 'H' 'H'];['H' 'H' 'H' 'H'];0.36;0.64;0.0;0.71;0.29;0.0;2052.0;5405.0;grazer ak 1902;wsg tirol;1.8;2.0;
2026-05-02;193775831;Czechia 3. Liga;Czech Republic;12:00;Full;-0.6092307692307691;1.875;3.0, 3.5;1.925;3.0, 3.5;6.0;8.0;;5.0;6.0;11.0;212.0;123.0;100.0;SK Sparta Kolin;;0.0;1.0;6.25;1;1.0;1 - 5;5.25;Arsenal Ceska Lipa;;0.0;0.0;1.3;2;5.0;1.5;6 - 8;5-6;3.25;1.25;31 - 92;16 - 50;50.0;16.0;65.0;35.0;5.0;3.0;4.0;3.0;;;;;;;;132.0;80.0;92.0;31.0;67.0;33.0;8.0;5.0;9.0;3.0;;[15 34 38 47 52 84];[1 1 1 2 2 2];[False False False False False False];"['Arsenal Ceska Lipa' 'SK Sparta Kolin' 'Arsenal Ceska Lipa'
 'Arsenal Ceska Lipa' 'Arsenal Ceska Lipa' 'Arsenal Ceska Lipa']";[ 0 -1  0 -1 -2 -3];[-1  0 -1 -2 -3 -4];['D' 'A' 'D' 'A' 'A' 'A'];['A' 'D' 'A' 'A' 'A' 'A'];0.21;0.0;0.79;0.42;0.0;0.58;;;;;;;
2026-05-02;193969901;Bolivia Copa Simon Bolivar;Bolivia;12:00;Full;-0.5963413930405679;1.9;3.5;1.9;3.5;3.0;5.0;;3.0;1.0;4.0;143.0;96.0;;Mi Llajta FC;;1.0;4.0;6.5;0;0.0;0 - 1;4.5;CA Independiente CBBA;;0.0;3.0;1.333;0;1.0;+1.5;3 - 5;3-1;3.5;1.5;42 - 54;25 - 21;21.0;25.0;;;3.0;0.0;1.0;4.0;;;;;;;;66.0;77.0;54.0;42.0;;;5.0;5.0;7.0;6.0;;[68];[2];[False];['CA Independiente CBBA'];[0];[-1];['D'];['A'];0.76;0.0;0.24;1.0;0.0;0.0;;;;;;;
2026-05-02;193828497;Spain Tercera Group 8;Spain;12:00;Full;0.3174603174603175;1.95;2.0, 2.5;1.85;2.0, 2.5;4.0;4.0;;2.0;4.0;6.0;240.0;137.0;;UD Santa Marta;;0.0;0.0;1.8;2;2.0;2 - 1;3.2;Palencia;;0.0;2.0;4.2;1;1.0;-0.5;4 - 4;2-4;2.25;1.0;71 - 66;29 - 28;28.0;29.0;;;0.0;4.0;3.0;2.0;;;;;;;;130.0;110.0;66.0;71.0;;;2.0;7.0;3.0;2.0;;[16 20 45];[1 1 1];[False False False];['Palencia' 'UD Santa Marta' 'UD Santa Marta'];[ 0 -1  0];[-1  0  1];['D' 'A' 'D'];['A' 'D' 'H'];0.46;0.5;0.04;0.91;0.0;0.09;;;;;;;
2026-05-02;193827271;Spain Youth League;Spain;12:00;Full;0.5646376811594204;1.9;2.5, 3.0;1.9;2.5, 3.0;7.0;3.0;;3.0;2.0;5.0;240.0;160.0;100.0;Union Adarve U19;;0.0;2.0;1.38;2;4.0;4 - 0;4.333;CD Diocesano U19;;0.0;3.0;6.25;0;0.0;-1.0;7 - 3;3-2;2.75;1.25;85 - 75;42 - 44;44.0;42.0;47.0;53.0;3.0;3.0;5.0;3.0;;;;;;;;118.0;122.0;75.0;85.0;43.0;57.0;5.0;8.0;5.0;8.0;;[10 39 52 77];[1 1 2 2];[False False False False];"['Union Adarve U19' 'Union Adarve U19' 'Union Adarve U19'
 'Union Adarve U19']";[0 1 2 3];[1 2 3 4];['D' 'H' 'H' 'H'];['H' 'H' 'H' 'H'];0.11;0.89;0.0;0.22;0.78;0.0;;;;;;;Youth
2026-05-02;193766166;France National;France;12:00;Full;0.40866873065015485;2.0;2.5, 3.0;1.8;2.5, 3.0;5.0;3.0;;4.0;1.0;5.0;180.0;96.0;100.0;Sochaux;2.0;1.0;4.0;1.615;1;1.0;1 - 1;3.5;Valenciennes;11.0;1.0;3.0;4.75;0;1.0;-0.75;5 - 3;4-1;2.75;1.25;59 - 37;32 - 17;17.0;32.0;50.0;50.0;4.0;5.0;1.0;4.0;;;;;;;;83.0;97.0;37.0;59.0;50.0;50.0;10.0;6.0;3.0;5.0;;[30 53];[1 2];[False False];['Sochaux' 'Valenciennes'];[0 1];[1 0];['D' 'H'];['H' 'D'];0.74;0.26;0.0;0.67;0.33;0.0;1657.0;5061.0;sochaux-montbeliard;valenciennes fc;;;
2026-05-02;193936161;Morocco GNF 2;Morocco;12:00;Full;0.06666666666666671;1.925;1.5, 2.0;1.875;1.5, 2.0;4.0;0.0;;3.0;0.0;3.0;149.0;76.0;100.0;SC Chabab Mohammedia;;1.0;3.0;2.5;1;1.0;1 - 3;2.625;JS Massira;;0.0;3.0;3.0;0;3.0;0.0;4 - 0;3-0;1.75;nan;34 - 42;18 - 13;13.0;18.0;56.0;44.0;1.0;0.0;0.0;1.0;;;;;;;;80.0;69.0;42.0;34.0;54.0;46.0;5.0;3.0;7.0;1.0;;[ 6 56 66 82];[1 2 2 2];[False False False False];['SC Chabab Mohammedia' 'JS Massira' 'JS Massira' 'JS Massira'];[ 0  1  0 -1];[ 1  0 -1 -2];['D' 'H' 'D' 'A'];['H' 'D' 'A' 'A'];0.18;0.56;0.27;0.13;0.87;0.0;;;;;;;
2026-05-02;193758226;Ukraine Vyscha Liga;Ukraine;12:00;Full;-0.07183908045977011;1.95;2.0;1.85;2.0;2.0;6.0;;2.0;3.0;5.0;153.0;85.0;100.0;Karpaty Lviv;9.0;0.0;3.0;2.9;0;0.0;0 - 0;2.875;LNZ Cherkasy;1.0;0.0;3.0;2.4;0;0.0;0.25;2 - 6;2-3;2.0;0.75;35 - 50;18 - 23;23.0;18.0;35.0;65.0;1.0;0.0;2.0;1.0;;;;;;;;62.0;91.0;50.0;35.0;38.0;62.0;3.0;2.0;3.0;1.0;;[];[];[];[];[];[];[];[];1.0;0.0;0.0;1.0;0.0;0.0;3316.0;312744.0;karpaty lviv;lnz cherkasy;2.1;2.2;
2026-05-02;193828500;Spain Tercera Group 8;Spain;12:00;Full;-0.08730158730158727;2.0;2.5;1.8;2.5;4.0;4.0;;1.0;3.0;4.0;159.0;159.0;;At. Bembibre;;0.0;1.0;2.8;3;4.0;4 - 1;3.1;Becerril;;1.0;1.0;2.25;1;1.0;+0.25;4 - 4;1-3;2.5;1.0;64 - 95;33 - 44;44.0;33.0;;;1.0;1.0;2.0;4.0;;;;;;;;74.0;85.0;95.0;64.0;;;10.0;3.0;3.0;6.0;;[ 2 18 19 29 82];[1 1 1 1 2];[False False False False False];['At. Bembibre' 'At. Bembibre' 'Becerril' 'At. Bembibre' 'At. Bembibre'];[0 1 2 1 2];[1 2 1 2 3];['D' 'H' 'H' 'H' 'H'];['H' 'H' 'H' 'H' 'H'];0.02;0.98;0.0;0.04;0.96;0.0;;;;;;;
2026-05-02;193939001;Spain Women Segunda Play-Offs;Spain;12:00;Full;0.007541478129713508;1.8;2.0, 2.5;2.0;2.0, 2.5;4.0;5.0;;1.0;0.0;1.0;135.0;78.0;100.0;Zaragoza CFF (W);;0.0;0.0;2.55;0;1.0;1 - 2;3.0;FC Badalona B (W);;0.0;0.0;2.6;1;2.0;0.0;4 - 5;1-0;2.25;1.0;34 - 44;19 - 18;18.0;19.0;52.0;48.0;0.0;0.0;1.0;1.0;;;;;;;;73.0;62.0;44.0;34.0;57.0;43.0;2.0;1.0;2.0;2.0;;[24 48 53];[1 2 2];[False False False];['FC Badalona B (W)' 'Zaragoza CFF (W)' 'FC Badalona B (W)'];[ 0 -1  0];[-1  0 -1];['D' 'A' 'D'];['A' 'D' 'A'];0.32;0.0;0.68;0.53;0.0;0.47;;;;;;;Youth-Women
2026-05-02;193824781;Austria Regionalliga West;Austria;12:00;Full;-0.17600838135149288;2.0;3.0;1.8;3.0;5.0;4.0;;3.0;1.0;4.0;173.0;91.0;;Hohenems;;0.0;2.0;2.875;1;4.0;4 - 1;4.0;FC Dornbirn 1913;;0.0;1.0;1.909;0;1.0;+0.5;5 - 4;3-1;3.0;1.25;41 - 50;18 - 19;19.0;18.0;;;2.0;1.0;2.0;3.0;;;;;;;;93.0;80.0;50.0;41.0;;;6.0;3.0;4.0;9.0;;[ 3 53 74 81 90];[1 2 2 2 2];[False False False False False];['Hohenems' 'FC Dornbirn 1913' 'Hohenems' 'Hohenems' 'Hohenems'];[0 1 0 1 2];[1 0 1 2 3];['D' 'H' 'D' 'H' 'H'];['H' 'D' 'H' 'H' 'H'];0.27;0.73;0.0;0.07;0.93;0.0;;;;;;;
2026-05-02;193888684;Poland IV Liga;Poland;12:00;Full;-0.25645815043801484;1.925;3.5, 4.0;1.875;3.5, 4.0;5.0;3.0;;3.0;1.0;4.0;197.0;87.0;100.0;Syrena Zbaszynek;;0.0;1.0;3.1;1;1.0;1 - 0;4.5;Ilanka Rzepin;;0.0;2.0;1.727;0;0.0;+0.75;5 - 3;3-1;3.75;1.5;36 - 51;19 - 19;19.0;19.0;48.0;52.0;3.0;5.0;0.0;3.0;;;;;;;;106.0;91.0;51.0;36.0;52.0;48.0;7.0;10.0;4.0;7.0;;[44];[1];[False];['Syrena Zbaszynek'];[0];[1];['D'];['H'];0.49;0.51;0.0;0.98;0.02;0.0;;;;;;;
2026-05-02;193879855;Poland IV Liga;Poland;12:00;Full;-0.48965517241379314;1.9;3.5;1.9;3.5;4.0;4.0;;2.0;2.0;4.0;198.0;98.0;100.0;GKS Stawiguda;;1.0;2.0;5.0;0;1.0;1 - 5;4.5;DKS Dobre Miasto;;0.0;1.0;1.45;4;5.0;+1.25;4 - 4;2-2;3.5;1.5;37 - 61;17 - 32;32.0;17.0;69.0;31.0;5.0;2.0;5.0;2.0;;;;;;;;112.0;86.0;61.0;37.0;64.0;36.0;12.0;5.0;12.0;4.0;;[ 8 25 43 47 68 80];[1 1 1 1 2 2];[False False False  True False False];"['DKS Dobre Miasto' 'DKS Dobre Miasto' 'DKS Dobre Miasto'
 'DKS Dobre Miasto' 'GKS Stawiguda' 'DKS Dobre Miasto']";[ 0 -1 -2 -3 -4 -3];[-1 -2 -3 -4 -3 -4];['D' 'A' 'A' 'A' 'A' 'A'];['A' 'A' 'A' 'A' 'A' 'A'];0.09;0.0;0.91;0.17;0.0;0.83;;;;;;;
2026-05-02;193782453;Poland III Liga;Poland;12:00;Full;-0.33182503770739064;1.8;2.5;2.0;2.5;1.0;3.0;;1.0;1.0;2.0;164.0;120.0;100.0;Siarka Tarnobrzeg;;0.0;1.0;3.9;1;1.0;1 - 2;3.8;KSZO Ostrowiec;;0.0;3.0;1.7;1;2.0;+1.0;1 - 3;1-1;2.5;1.0;68 - 52;32 - 22;22.0;32.0;37.0;63.0;3.0;0.0;1.0;1.0;;;;;;;;65.0;99.0;52.0;68.0;39.0;61.0;8.0;0.0;4.0;2.0;;[48 50 70];[1 1 2];[ True  True False];['KSZO Ostrowiec' 'Siarka Tarnobrzeg' 'KSZO Ostrowiec'];[ 0 -1  0];[-1  0 -1];['D' 'A' 'D'];['A' 'D' 'A'];0.76;0.0;0.24;0.96;0.0;0.04;;;;;;;
2026-05-02;193822125;Portugal Liga 3;Portugal;12:00;Full;0.08730158730158727;1.75;2.0;2.05;2.0;8.0;2.0;;3.0;1.0;4.0;154.0;80.0;100.0;Lusitano GC Evora;;0.0;3.0;2.25;0;0.0;0 - 1;3.2;Atletico CP Lisbon;;0.0;1.0;2.8;0;1.0;-0.25;8 - 2;3-1;2.0;0.75;46 - 34;22 - 17;17.0;22.0;62.0;38.0;1.0;2.0;1.0;1.0;;;;;;;;82.0;72.0;34.0;46.0;60.0;40.0;1.0;5.0;3.0;5.0;;[76];[2];[False];['Atletico CP Lisbon'];[0];[-1];['D'];['A'];0.84;0.0;0.16;1.0;0.0;0.0;;;;;;;
2026-05-02;193932150;Poland IV Liga;Poland;12:00;Full;0.5428194993412385;1.825;3.0, 3.5;1.975;3.0, 3.5;6.0;3.0;;2.0;2.0;4.0;131.0;47.0;100.0;Glinik Gorlice;;0.0;1.0;1.38;2;3.0;3 - 1;5.0;Okocimski Brzesko;;0.0;3.0;5.5;1;1.0;-1.5;6 - 3;2-2;3.25;1.25;28 - 19;12 - 11;11.0;12.0;50.0;50.0;4.0;2.0;1.0;3.0;;;;;;;;61.0;70.0;19.0;28.0;47.0;53.0;4.0;5.0;2.0;6.0;;[ 9 11 31 79];[1 1 1 2];[False False False False];['Glinik Gorlice' 'Glinik Gorlice' 'Okocimski Brzesko' 'Glinik Gorlice'];[0 1 2 1];[1 2 1 2];['D' 'H' 'H' 'H'];['H' 'H' 'H' 'H'];0.1;0.9;0.0;0.2;0.8;0.0;;;;;;;
2026-05-02;193775496;Croatia 1.NL;Croatia;12:00;Full;0.24255024255024266;1.825;2.0;1.975;2.0;7.0;4.0;;5.0;3.0;8.0;226.0;133.0;100.0;Orijent;9.0;0.0;0.0;1.95;0;0.0;0 - 1;3.0;NK Croatia Zmijavci;12.0;0.0;1.0;3.7;0;1.0;-0.5;7 - 4;5-3;2.0;0.75;85 - 48;37 - 30;30.0;37.0;46.0;54.0;3.0;3.0;2.0;1.0;;;;;;;;91.0;135.0;48.0;85.0;46.0;54.0;3.0;6.0;4.0;4.0;;[69];[2];[False];['NK Croatia Zmijavci'];[0];[-1];['D'];['A'];0.77;0.0;0.23;1.0;0.0;0.0;25539.0;249455.0;orijent 1919 rijeka;nk croatia zmijavci;2.1;2.2;
2026-05-02;193822076;Portugal Campeonato Nacional II Women;Portugal;12:00;Full;0.00886524822695034;1.8;3.0;2.0;3.0;5.0;1.0;;3.0;1.0;4.0;212.0;129.0;;Guia (W);;0.0;1.0;2.35;0;2.0;2 - 2;3.7;Leixoes (W);;0.0;0.0;2.4;2;2.0;0.0;5 - 1;3-1;3.0;1.25;67 - 62;26 - 30;30.0;26.0;;;4.0;1.0;2.0;0.0;;;;;;;;99.0;113.0;62.0;67.0;;;9.0;2.0;5.0;4.0;;[35 47 49 51];[1 1 2 2];[False  True False False];['Leixoes (W)' 'Leixoes (W)' 'Guia (W)' 'Guia (W)'];[ 0 -1 -2 -1];[-1 -2 -1  0];['D' 'A' 'A' 'A'];['A' 'A' 'A' 'D'];0.82;0.0;0.18;0.74;0.0;0.26;;3018.0;;leixoes sc;;;Youth-Women
2026-05-02;193201876;Slovakia 2. Liga;Slovakia;12:00;Full;-0.13178294573643412;1.85;2.5, 3.0;1.95;2.5, 3.0;8.0;4.0;;3.0;4.0;7.0;118.0;93.0;100.0;FK Pohronie;;0.0;4.0;3.0;0;2.0;2 - 2;3.6;Tatran Liptovsky Mikulas;;0.0;2.0;2.15;1;2.0;0.0;8 - 4;3-4;2.75;1.25;47 - 46;20 - 24;24.0;20.0;58.0;42.0;0.0;4.0;3.0;1.0;;;;;;;;61.0;57.0;46.0;47.0;51.0;49.0;2.0;6.0;6.0;3.0;;[ 9 59 66 89];[1 2 2 2];[False False False False];"['Tatran Liptovsky Mikulas' 'Tatran Liptovsky Mikulas' 'FK Pohronie'
 'FK Pohronie']";[ 0 -1 -2 -1];[-1 -2 -1  0];['D' 'A' 'A' 'A'];['A' 'A' 'A' 'D'];0.11;0.0;0.89;0.2;0.0;0.8;;;;;;;
2026-05-02;193878211;Croatia 3.NL;Croatia;12:00;Full;0.31588090086246307;2.0;2.5, 3.0;1.8;2.5, 3.0;5.0;4.0;;1.0;2.0;3.0;177.0;50.0;100.0;NK Neretva;;0.0;2.0;1.727;0;0.0;0 - 2;3.6;HNK Zadar;;1.0;6.0;3.8;1;2.0;-0.75;5 - 4;1-2;2.75;1.0;29 - 21;10 - 12;12.0;10.0;55.0;45.0;1.0;0.0;3.0;3.0;;;;;;;;95.0;82.0;21.0;29.0;45.0;55.0;3.0;5.0;5.0;4.0;;[16 48];[1 2];[False False];['HNK Zadar' 'HNK Zadar'];[ 0 -1];[-1 -2];['D' 'A'];['A' 'A'];0.18;0.0;0.82;0.36;0.0;0.64;;;;;;;
2026-05-02;193822062;Portugal Campeonato Nacional II Women;Portugal;12:00;Full;-0.6697545159796201;1.975;3.0, 3.5;1.825;3.0, 3.5;3.0;7.0;;2.0;2.0;4.0;236.0;164.0;;CA Ouriense (W);;0.0;2.0;8.5;0;0.0;0 - 2;4.75;FC Porto (W);;0.0;2.0;1.27;1;2.0;+1.5;3 - 7;2-2;3.25;1.25;76 - 88;-;0.0;0.0;;;0.0;0.0;0.0;0.0;;;;;;;;130.0;106.0;88.0;76.0;;;8.0;2.0;2.0;1.0;;[33 97];[1 2];[False  True];['FC Porto (W)' 'FC Porto (W)'];[ 0 -1];[-1 -2];['D' 'A'];['A' 'A'];0.34;0.0;0.66;0.73;0.0;0.27;;3002.0;;fc porto;;;Youth-Women
2026-05-02;193828979;England National League South;England;12:00;Full;0.09740259740259738;1.975;2.5;1.825;2.5;2.0;4.0;;1.0;2.0;3.0;253.0;162.0;100.0;Hornchurch FC;;0.0;0.0;2.2;0;2.0;2 - 0;3.3;Weston Super Mare;;0.0;2.0;2.8;0;0.0;-0.25;2 - 4;1-2;2.5;1.0;96 - 66;49 - 23;23.0;49.0;41.0;59.0;0.0;4.0;0.0;2.0;;;;;;;;131.0;122.0;66.0;96.0;50.0;50.0;6.0;5.0;0.0;6.0;;[51 61];[2 2];[False False];['Hornchurch FC' 'Hornchurch FC'];[0 1];[1 2];['D' 'H'];['H' 'H'];0.57;0.43;0.0;1.0;0.0;0.0;25940.0;6341.0;hornchurch fc;weston-super-mare;1.8;1.72;
2026-05-02;193822058;Portugal Campeonato Nacional II Women;Portugal;12:00;Full;-0.21381578947368418;1.9;3.0;1.9;3.0;0.0;5.0;;0.0;4.0;4.0;240.0;165.0;;JuveForce Ponte de Vagos (W);;1.0;3.0;3.2;2;2.0;2 - 4;3.6;CF Benfica (W);;0.0;2.0;1.9;1;4.0;+0.5;0 - 5;0-4;3.0;1.25;34 - 131;15 - 68;68.0;15.0;;;6.0;1.0;5.0;2.0;;;;;;;;161.0;79.0;131.0;34.0;;;14.0;1.0;12.0;3.0;;[  1   6  47  79  94 100];[1 1 1 2 2 2];[False False  True False  True  True];"['JuveForce Ponte de Vagos (W)' 'JuveForce Ponte de Vagos (W)'
 'CF Benfica (W)' 'CF Benfica (W)' 'CF Benfica (W)' 'CF Benfica (W)']";[ 0  1  2  1  0 -1];[ 1  2  1  0 -1 -2];['D' 'H' 'H' 'H' 'D' 'A'];['H' 'H' 'H' 'D' 'A' 'A'];0.16;0.78;0.06;0.02;0.98;0.0;;;;;;;Youth-Women
2026-05-02;193189526;Austria Bundesliga;Austria;12:00;Full;0.1367521367521367;1.775;2.0, 2.5;2.025;2.0, 2.5;5.0;9.0;;3.0;2.0;5.0;165.0;79.0;100.0;SV Ried;;0.0;3.0;2.25;1;2.0;2 - 0;3.3;FC Blau Weiss Linz;;0.0;2.0;3.25;0;0.0;-0.25;5 - 9;3-2;2.25;1.0;38 - 41;20 - 15;15.0;20.0;42.0;58.0;8.0;6.0;2.0;3.0;;;;;;;;91.0;74.0;41.0;38.0;50.0;50.0;9.0;7.0;4.0;5.0;;[29 81];[1 2];[False False];['SV Ried' 'SV Ried'];[0 1];[1 2];['D' 'H'];['H' 'H'];0.32;0.68;0.0;0.64;0.36;0.0;2049.0;2113.0;sv ried;blau-weiss linz;1.8;1.8;
2026-05-02;193052671;Czechia 2. Liga;Czech Republic;12:00;Full;0.43463497453310695;2.025;3.0;1.775;3.0;6.0;4.0;;2.0;1.0;3.0;196.0;117.0;100.0;FC Brno;;0.0;1.0;1.55;1;3.0;3 - 0;3.8;FK Usti nad Labem;;0.0;0.0;4.75;0;0.0;-1.0;6 - 4;2-1;3.0;1.25;58 - 59;33 - 23;23.0;33.0;44.0;56.0;3.0;1.0;0.0;1.0;;;;;;;;109.0;87.0;59.0;58.0;54.0;46.0;8.0;6.0;1.0;5.0;;[32 48 73];[1 2 2];[False False False];['FC Brno' 'FC Brno' 'FC Brno'];[0 1 2];[1 2 3];['D' 'H' 'H'];['H' 'H' 'H'];0.36;0.64;0.0;0.71;0.29;0.0;2210.0;4868.0;fc zbrojovka brno;fk usti nad labem;1.66;1.66;
2026-05-02;193821335;Tanzania Premier League;Tanzania;12:30;Full;-0.14685314685314682;2.0;2.0;1.8;2.0;2.0;5.0;;0.0;4.0;4.0;274.0;146.0;;Coastal Union;;1.0;0.0;3.25;2;2.0;2 - 1;2.875;Singida Black Stars;;0.0;3.0;2.2;0;1.0;0.25;2 - 5;0-4;2.0;0.75;55 - 91;32 - 48;48.0;32.0;;;6.0;5.0;2.0;4.0;;;;;;;;168.0;106.0;91.0;55.0;;;7.0;6.0;3.0;5.0;;[ 3 16 51];[1 1 2];[False False False];['Coastal Union' 'Coastal Union' 'Singida Black Stars'];[0 1 2];[1 2 1];['D' 'H' 'H'];['H' 'H' 'H'];0.03;0.97;0.0;0.07;0.93;0.0;;;;;;;
2026-05-02;193201905;Slovakia 2. Liga;Slovakia;12:30;Full;0.016006402561024313;1.85;2.5, 3.0;1.95;2.5, 3.0;4.0;11.0;;2.0;5.0;7.0;220.0;160.0;100.0;Puchov;15.0;0.0;3.0;2.45;1;1.0;1 - 0;3.75;FC Vion Zlate Moravce;6.0;1.0;4.0;2.55;0;0.0;0.0;4 - 11;2-5;2.75;1.25;56 - 104;29 - 42;42.0;29.0;55.0;45.0;4.0;2.0;3.0;4.0;;;;;;;;132.0;88.0;104.0;56.0;59.0;41.0;6.0;6.0;4.0;6.0;;[35];[1];[False];['Puchov'];[0];[1];['D'];['H'];0.39;0.61;0.0;0.78;0.22;0.0;;;;;;;
2026-05-02;193968875;Niger Super League;Niger;12:30;Full;-0.1111111111111111;1.95;2.0;1.85;2.0;2.0;6.0;;1.0;4.0;5.0;138.0;149.0;;Olympic Niamey;;0.0;1.0;3.0;0;0.0;0 - 0;3.0;AS Douanes de Niamey;;1.0;1.0;2.25;0;0.0;0.25;2 - 6;1-4;2.0;0.75;71 - 78;38 - 40;40.0;38.0;;;2.0;1.0;1.0;1.0;;;;;;;;70.0;68.0;78.0;71.0;;;4.0;2.0;2.0;2.0;;[];[];[];[];[];[];[];[];1.0;0.0;0.0;1.0;0.0;0.0;;;;;;;
2026-05-02;193784593;Switzerland 1.Liga Promotion;Switzerland;12:30;Full;0.5224071702944943;1.825;3.5;1.975;3.5;11.0;1.0;;3.0;0.0;3.0;162.0;84.0;100.0;Kriens;;0.0;5.0;1.42;0;2.0;2 - 2;4.5;FC Bulle;;0.0;6.0;5.5;1;2.0;-1.25;11 - 1;3-0;3.5;1.5;62 - 22;28 - 12;12.0;28.0;38.0;62.0;4.0;12.0;3.0;1.0;;;;;;;;73.0;89.0;22.0;62.0;42.0;58.0;8.0;23.0;4.0;9.0;;[18 71 74 91];[1 2 2 2];[False False False  True];['FC Bulle' 'Kriens' 'Kriens' 'FC Bulle'];[ 0 -1  0  1];[-1  0  1  0];['D' 'A' 'D' 'H'];['A' 'D' 'H' 'D'];0.23;0.19;0.58;0.4;0.0;0.6;;;;;;;
2026-05-02;193784587;Switzerland 1.Liga Promotion;Switzerland;12:30;Full;0.5963413930405679;2.0;3.5;1.8;3.5;6.0;5.0;;4.0;3.0;7.0;199.0;83.0;100.0;Biel Bienne;;0.0;3.0;1.333;0;1.0;1 - 1;5.0;Lugano II;;0.0;2.0;6.5;1;1.0;-1.75;6 - 5;4-3;3.5;1.5;47 - 36;18 - 18;18.0;18.0;47.0;53.0;3.0;7.0;3.0;3.0;;;;;;;;103.0;96.0;36.0;47.0;43.0;57.0;4.0;13.0;3.0;5.0;;[37 60];[1 2];[False False];['Lugano II' 'Biel Bienne'];[ 0 -1];[-1  0];['D' 'A'];['A' 'D'];0.74;0.0;0.26;0.82;0.0;0.18;;2443.0;;fc lugano;;;Youth
2026-05-02;193946609;Niger Super League;Niger;12:30;Full;-0.38823529411764707;2.0;2.0;1.8;2.0;0.0;5.0;;0.0;3.0;3.0;150.0;130.0;;Liberte FC;;0.0;0.0;5.0;0;1.0;1 - 3;3.25;AS Fan;;0.0;1.0;1.7;1;3.0;0.75;0 - 5;0-3;2.0;0.75;53 - 77;23 - 37;37.0;23.0;;;4.0;4.0;2.0;1.0;;;;;;;;80.0;70.0;77.0;53.0;;;9.0;7.0;5.0;3.0;;[40 47 63 88];[1 2 2 2];[False False False False];['AS Fan' 'AS Fan' 'Liberte FC' 'AS Fan'];[ 0 -1 -2 -1];[-1 -2 -1 -2];['D' 'A' 'A' 'A'];['A' 'A' 'A' 'A'];0.44;0.0;0.56;0.89;0.0;0.11;;;;;;;
2026-05-02;192946310;Slovenia Prva Liga;Slovenia;12:30;Full;0.5604395604395604;1.975;3.0;1.825;3.0;2.0;2.0;;0.0;0.0;0.0;186.0;85.0;100.0;Olimpija Ljubljana;5.0;0.0;2.0;1.4;1;3.0;3 - 0;4.5;ND Primorje;9.0;0.0;3.0;6.5;0;0.0;-1.25;2 - 2;0-0;3.0;1.25;47 - 38;26 - 14;14.0;26.0;36.0;64.0;2.0;3.0;0.0;1.0;;;;;;;;85.0;101.0;38.0;47.0;42.0;58.0;2.0;7.0;2.0;4.0;;[ 2 63 82];[1 2 2];[False False False];['Olimpija Ljubljana' 'Olimpija Ljubljana' 'Olimpija Ljubljana'];[0 1 2];[1 2 3];['D' 'H' 'H'];['H' 'H' 'H'];0.02;0.98;0.0;0.04;0.96;0.0;2416.0;2414.0;olimpija ljubljana;primorje ajdovscina;1.8;1.83;
2026-05-02;193878218;Croatia 3.NL;Croatia;12:30;Full;0.3691950464396285;1.825;2.5;1.975;2.5;4.0;3.0;;4.0;3.0;7.0;0.0;0.0;100.0;NK Dinamo Predavac;;0.0;4.0;1.615;1;1.0;1 - 0;4.0;HNK Daruvar;;0.0;3.0;4.0;0;0.0;-0.5;4 - 3;4-3;2.5;1.0;-;-;0.0;0.0;53.0;47.0;0.0;0.0;0.0;1.0;;;;;;;;0.0;0.0;0.0;0.0;54.0;46.0;0.0;0.0;0.0;1.0;;[43];[1];[False];['NK Dinamo Predavac'];[0];[1];['D'];['H'];0.48;0.52;0.0;0.96;0.04;0.0;;;;;;;
2026-05-02;193939006;Spain Youth League;Spain;12:30;Full;-0.23751023751023742;1.775;2.5, 3.0;2.025;2.5, 3.0;0.0;2.0;;0.0;1.0;1.0;220.0;110.0;100.0;Cordoba U19;;0.0;4.0;3.3;0;0.0;0 - 2;3.75;Malaga U19;;0.0;0.0;1.85;1;2.0;+0.5;0 - 2;0-1;2.75;1.25;35 - 75;21 - 25;25.0;21.0;68.0;32.0;1.0;0.0;1.0;1.0;;;;;;;;126.0;94.0;75.0;35.0;68.0;32.0;5.0;0.0;5.0;1.0;;[40 70];[1 2];[False False];['Malaga U19' 'Malaga U19'];[ 0 -1];[-1 -2];['D' 'A'];['A' 'A'];0.44;0.0;0.56;0.89;0.0;0.11;2850.0;2830.0;cordoba cf;malaga cf;;;Youth
2026-05-02;193813899;Finland Kakkonen Group A;Finland;12:30;Full;0.0;1.975;3.0, 3.5;1.825;3.0, 3.5;8.0;6.0;;2.0;2.0;4.0;191.0;122.0;100.0;HPS;;0.0;3.0;2.35;0;1.0;1 - 2;3.7;PEPO;;0.0;2.0;2.35;0;2.0;0.0;8 - 6;2-2;3.25;1.25;59 - 63;22 - 30;30.0;22.0;51.0;49.0;3.0;3.0;4.0;1.0;;;;;;;;93.0;98.0;63.0;59.0;49.0;51.0;6.0;3.0;8.0;6.0;;[57 65 69];[2 2 2];[False False False];['HPS' 'PEPO' 'PEPO'];[0 1 0];[ 1  0 -1];['D' 'H' 'D'];['H' 'D' 'A'];0.68;0.09;0.23;1.0;0.0;0.0;49530.0;2275.0;hps;pepo lappeenranta;1.4;1.44;
2026-05-02;193332819;Uruguay Apertura;Uruguay;12:30;Full;0.12121212121212122;1.875;2.0, 2.5;1.925;2.0, 2.5;2.0;3.0;;2.0;0.0;2.0;213.0;150.0;100.0;Juventud De Las Piedras;;1.0;2.0;2.2;0;2.0;2 - 1;3.2;Montevideo Wanderers;;0.0;5.0;3.0;1;1.0;-0.25;2 - 3;2-0;2.25;1.0;75 - 75;35 - 30;30.0;35.0;47.0;53.0;0.0;2.0;2.0;3.0;;;;;;;;99.0;114.0;75.0;75.0;45.0;55.0;1.0;3.0;4.0;8.0;;[42 59 96];[1 2 2];[False False  True];"['Montevideo Wanderers' 'Juventud De Las Piedras'
 'Juventud De Las Piedras']";[ 0 -1  0];[-1  0  1];['D' 'A' 'D'];['A' 'D' 'H'];0.82;0.0;0.18;0.93;0.0;0.07;3224.0;3240.0;ca juventud de las piedras;montevideo wanderers;2.0;1.83;
2026-05-02;193887269;Italy Serie C Super Cup;Italy;12:30;Full;0.0777058279370953;2.0;2.0, 2.5;1.8;2.0, 2.5;2.0;5.0;;0.0;2.0;2.0;208.0;107.0;100.0;Arezzo;;0.0;1.0;2.35;0;2.0;2 - 5;3.0;Vicenza;;0.0;1.0;2.875;2;5.0;-0.25;2 - 5;0-2;2.25;1.0;51 - 56;23 - 29;29.0;23.0;46.0;54.0;0.0;4.0;3.0;1.0;;;;;;;;99.0;109.0;56.0;51.0;46.0;54.0;5.0;8.0;6.0;5.0;;[39 43 69 72 76 89 92];[1 1 2 2 2 2 2];[False False False False False False  True];['Vicenza' 'Vicenza' 'Vicenza' 'Arezzo' 'Vicenza' 'Arezzo' 'Vicenza'];[ 0 -1 -2 -3 -2 -3 -2];[-1 -2 -3 -2 -3 -2 -3];['D' 'A' 'A' 'A' 'A' 'A' 'A'];['A' 'A' 'A' 'A' 'A' 'A' 'A'];0.42;0.0;0.58;0.87;0.0;0.13;2731.0;2722.0;ss arezzo;l.r. vicenza;;;
2026-05-02;193832291;Hungary NBI Women;Hungary;12:30;Full;0.5835208802200551;1.975;3.5;1.825;3.5;3.0;2.0;;2.0;0.0;2.0;329.0;127.0;;Szent Mihaly SE (W);;0.0;2.0;1.333;1;2.0;2 - 0;5.0;Budaorsi SC (W);;0.0;1.0;6.0;0;0.0;-1.5;3 - 2;2-0;3.5;1.5;79 - 48;42 - 22;22.0;42.0;;;1.0;2.0;1.0;4.0;;;;;;;;143.0;186.0;48.0;79.0;;;3.0;5.0;2.0;5.0;;[11 63];[1 2];[False False];['Szent Mihaly SE (W)' 'Szent Mihaly SE (W)'];[0 1];[1 2];['D' 'H'];['H' 'H'];0.12;0.88;0.0;0.24;0.76;0.0;;;;;;;Women
2026-05-02;193880138;Spain Regional League;Spain;12:45;Full;0.2271062271062272;1.975;2.0, 2.5;1.825;2.0, 2.5;5.0;2.0;;2.0;0.0;2.0;172.0;70.0;100.0;Atletic Sant Just;;0.0;4.0;1.95;0;1.0;1 - 1;3.2;Jupiter CE;;0.0;3.0;3.5;1;1.0;-0.5;5 - 2;2-0;2.25;1.0;40 - 30;10 - 16;16.0;10.0;48.0;52.0;6.0;0.0;4.0;2.0;;;;;;;;83.0;89.0;30.0;40.0;43.0;57.0;11.0;5.0;4.0;6.0;;[39 60];[1 2];[False False];['Jupiter CE' 'Atletic Sant Just'];[ 0 -1];[-1  0];['D' 'A'];['A' 'D'];0.77;0.0;0.23;0.87;0.0;0.13;;;;;;;
2026-05-02;193776409;Saudi Arabia Division 1;Saudi Arabia;12:50;Full;-0.016666666666666663;1.85;2.5, 3.0;1.95;2.5, 3.0;0.0;10.0;;0.0;3.0;3.0;158.0;115.0;100.0;Al Adalh;;0.0;2.0;2.5;1;2.0;2 - 1;3.3;Al-Anwar;;1.0;2.0;2.4;0;1.0;0.0;0 - 10;0-3;2.75;1.25;43 - 72;25 - 34;34.0;25.0;50.0;50.0;2.0;1.0;2.0;1.0;;;;;;;;85.0;73.0;72.0;43.0;50.0;50.0;5.0;1.0;3.0;2.0;;[ 2 48 67];[1 2 2];[False False False];['Al Adalh' 'Al Adalh' 'Al-Anwar'];[0 1 2];[1 2 1];['D' 'H' 'H'];['H' 'H' 'H'];0.02;0.98;0.0;0.04;0.96;0.0;;;;;;;
2026-05-02;192944151;Saudi Arabia Pro League;Saudi Arabia;12:50;Full;-0.15447154471544722;1.9;3.0;1.9;3.0;5.0;7.0;;0.0;4.0;4.0;156.0;87.0;100.0;Al Fateh SC;13.0;0.0;2.0;3.0;0;2.0;2 - 2;3.6;Neom SC;8.0;0.0;0.0;2.05;1;2.0;+0.5;5 - 7;0-4;3.0;1.25;50 - 37;17 - 20;20.0;17.0;49.0;51.0;9.0;3.0;4.0;2.0;;;;;;;;91.0;65.0;37.0;50.0;48.0;52.0;12.0;13.0;6.0;9.0;;[ 2 47 66 85];[1 2 2 2];[False False False False];['Neom SC' 'Neom SC' 'Al Fateh SC' 'Al Fateh SC'];[ 0 -1 -2 -1];[-1 -2 -1  0];['D' 'A' 'A' 'A'];['A' 'A' 'A' 'D'];0.08;0.0;0.92;0.04;0.0;0.96;56023.0;529781.0;al-fateh sc;neom sc;1.57;1.5;
2026-05-02;192946160;Slovakia Super Liga;Slovakia;13:00;Full;0.13178294573643412;1.9;2.0, 2.5;1.9;2.0, 2.5;9.0;2.0;;6.0;1.0;7.0;197.0;91.0;100.0;MFK Ruzomberok;7.0;0.0;1.0;2.15;1;1.0;1 - 1;3.1;FC Tatran Presov;11.0;1.0;2.0;3.0;0;1.0;-0.25;9 - 2;6-1;2.25;1.0;56 - 35;35 - 9;9.0;35.0;44.0;56.0;2.0;7.0;2.0;1.0;;;;;;;;94.0;103.0;35.0;56.0;55.0;45.0;11.0;11.0;4.0;1.0;;[29 63];[1 2];[False False];['MFK Ruzomberok' 'FC Tatran Presov'];[0 1];[1 0];['D' 'H'];['H' 'D'];0.62;0.38;0.0;0.64;0.36;0.0;2397.0;2403.0;mfk ruzomberok;1. fc tatran presov;2.0;1.9;
2026-05-02;193858448;Qatar Reserve League;Qatar;13:00;Full;-0.30476190476190473;2.0;2.5;1.8;2.5;5.0;11.0;;5.0;3.0;8.0;154.0;96.0;100.0;Al Gharafa U23;;0.0;3.0;3.75;0;0.0;0 - 1;3.6;Al-Ahli Doha U23;;0.0;2.0;1.75;1;1.0;0.5;5 - 11;5-3;2.5;1.0;36 - 60;19 - 26;26.0;19.0;54.0;46.0;4.0;3.0;2.0;2.0;;;;;;;;82.0;72.0;60.0;36.0;59.0;41.0;8.0;5.0;6.0;2.0;;[36];[1];[False];['Al-Ahli Doha U23'];[0];[-1];['D'];['A'];0.4;0.0;0.6;0.8;0.0;0.2;34312.0;44443.0;al gharafa sc;al ahli doha sc;;;Youth
2026-05-02;193800383;Georgia First League;Georgia;13:00;Full;0.4365372374283896;1.8;2.0, 2.5;2.0;2.0, 2.5;7.0;3.0;;4.0;1.0;5.0;257.0;136.0;100.0;Shturmi;;0.0;2.0;1.571;0;1.0;1 - 0;3.7;Kolkheti Poti;;0.0;5.0;5.0;0;0.0;-1.0;7 - 3;4-1;2.25;1.0;72 - 64;28 - 35;35.0;28.0;39.0;61.0;2.0;2.0;5.0;2.0;;;;;;;;112.0;145.0;64.0;72.0;36.0;64.0;4.0;3.0;5.0;4.0;;[85];[2];[False];['Shturmi'];[0];[1];['D'];['H'];0.94;0.06;0.0;1.0;0.0;0.0;;;;;;;
2026-05-02;193802102;Lithuania 1 Lyga;Lithuania;13:00;Full;-0.4991789819376027;1.975;3.0;1.825;3.0;3.0;9.0;;1.0;6.0;7.0;112.0;100.0;100.0;FK Kauno Zalgiris II;;0.0;1.0;5.25;0;0.0;0 - 1;4.1;FK BE1;;0.0;1.0;1.45;0;1.0;1.25;3 - 9;1-6;3.0;1.25;37 - 63;19 - 32;32.0;19.0;51.0;49.0;1.0;0.0;1.0;0.0;;;;;;;;57.0;55.0;63.0;37.0;53.0;47.0;4.0;0.0;2.0;0.0;;[53];[2];[False];['FK BE1'];[0];[-1];['D'];['A'];0.59;0.0;0.41;1.0;0.0;0.0;80741.0;;fk kauno zalgiris;;;;Youth
2026-05-02;192609624;Switzerland Super League;Switzerland;13:00;Full;0.0;1.8;3.0;2.0;3.0;6.0;3.0;;2.0;1.0;3.0;163.0;104.0;100.0;Winterthur;12.0;0.0;3.0;2.5;1;2.0;2 - 2;3.6;FC Zurich;10.0;0.0;4.0;2.5;1;2.0;0.0;6 - 3;2-1;3.0;1.25;43 - 61;18 - 36;36.0;18.0;52.0;48.0;7.0;4.0;2.0;3.0;;;;;;;;84.0;79.0;61.0;43.0;51.0;49.0;11.0;12.0;6.0;7.0;;[23 25 69 96];[1 1 2 2];[False False False  True];['FC Zurich' 'Winterthur' 'FC Zurich' 'Winterthur'];[ 0 -1  0 -1];[-1  0 -1  0];['D' 'A' 'D' 'A'];['A' 'D' 'A' 'D'];0.7;0.0;0.3;0.96;0.0;0.04;2458.0;2450.0;fc winterthur;fc zurich;1.4;1.44;
2026-05-02;193874604;Mexico Liga MX U19 Femenil;Mexico;13:00;Full;0.6821384169084127;1.9;2.5, 3.0;1.9;2.5, 3.0;8.0;2.0;;5.0;1.0;6.0;116.0;130.0;;Toluca U19 (W);;0.0;1.0;1.27;0;1.0;1 - 1;4.75;Puebla U19 (W);;0.0;2.0;9.5;1;1.0;-1.75;8 - 2;5-1;2.75;1.25;85 - 45;35 - 23;23.0;35.0;;;0.0;4.0;2.0;9.0;;;;;;;;57.0;59.0;45.0;85.0;;;3.0;8.0;3.0;16.0;;[32 81];[1 2];[False False];['Puebla U19 (W)' 'Toluca U19 (W)'];[ 0 -1];[-1  0];['D' 'A'];['A' 'D'];0.46;0.0;0.54;0.71;0.0;0.29;1931.0;1941.0;deportivo toluca fc;club puebla;;;Youth-Women
2026-05-02;193828974;Bahrain Division 2;Bahrain;13:00;Full;0.16522423288749022;1.975;2.5;1.825;2.5;5.0;0.0;;1.0;0.0;1.0;172.0;87.0;100.0;East Riffa;;1.0;2.0;2.05;1;1.0;1 - 1;3.25;Manama;;0.0;2.0;3.1;0;1.0;-0.25;5 - 0;1-0;2.5;1.0;35 - 52;17 - 21;21.0;17.0;56.0;44.0;1.0;1.0;2.0;6.0;;;;;;;;95.0;77.0;52.0;35.0;58.0;42.0;4.0;6.0;7.0;8.0;;[33 84];[1 2];[False False];['East Riffa' 'Manama'];[0 1];[1 0];['D' 'H'];['H' 'D'];0.43;0.57;0.0;0.73;0.27;0.0;;;;;;;
2026-05-02;193874607;Mexico Liga MX U19 Femenil;Mexico;13:00;Schedule;-0.08080808080808077;1.85;2.5;1.95;2.5;0.0;0.0;;0.0;0.0;0.0;0.0;0.0;;Unam Pumas U19 (W);;0.0;0.0;2.75;0;0.0;0 - 0;3.25;Club America U19 (W);;0.0;0.0;2.25;0;0.0;+0.25;0 - 0;0-0;2.5;1.0;-;nan;;;;;;;;;;;;;;;;0.0;0.0;0.0;0.0;;;0.0;0.0;0.0;0.0;;[];[];[];[];[];[];[];[];1.0;0.0;0.0;1.0;0.0;0.0;334073.0;1939.0;pumas unam;cf america;;;Youth-Women
2026-05-02;193886828;U20 International Women;International (World);13:00;Full;0.4666666666666666;1.925;3.0;1.875;3.0;3.0;2.0;;0.0;1.0;1.0;147.0;79.0;100.0;Cameroon (W) U20;;0.0;0.0;1.5;2;3.0;3 - 1;4.0;Tanzania U20 (W);;0.0;2.0;5.0;1;1.0;-1.0;3 - 2;0-1;3.0;1.25;45 - 34;26 - 16;16.0;26.0;38.0;62.0;0.0;4.0;2.0;2.0;;;;;;;;71.0;76.0;34.0;45.0;41.0;59.0;1.0;7.0;3.0;3.0;;[16 36 48 50];[1 1 1 2];[False False  True False];"['Tanzania U20 (W)' 'Cameroon (W) U20' 'Cameroon (W) U20'
 'Cameroon (W) U20']";[ 0 -1  0  1];[-1  0  1  2];['D' 'A' 'D' 'H'];['A' 'D' 'H' 'H'];0.31;0.47;0.22;0.58;0.0;0.42;4751.0;;cameroon;;;;Youth-Women
2026-05-02;193797009;Chile Primera Division Women;Chile;13:00;Full;0.21381578947368418;1.8;3.0;2.0;3.0;4.0;4.0;;2.0;3.0;5.0;168.0;165.0;;Deportes Temuco (W);;0.0;1.0;1.9;1;1.0;1 - 2;3.75;Magallanes (W);;1.0;4.0;3.2;2;2.0;-0.5;4 - 4;2-3;3.0;1.25;93 - 72;35 - 46;46.0;35.0;;;3.0;0.0;4.0;2.0;;;;;;;;87.0;81.0;72.0;93.0;;;4.0;5.0;5.0;5.0;;[ 6 18 51];[1 1 1];[False False  True];['Magallanes (W)' 'Magallanes (W)' 'Deportes Temuco (W)'];[ 0 -1 -2];[-1 -2 -1];['D' 'A' 'A'];['A' 'A' 'A'];0.07;0.0;0.93;0.12;0.0;0.88;;;;;;;Women
2026-05-02;193829003;Ecuador Primera Women;Ecuador;13:00;Full;0.5442253521126761;1.9;2.5, 3.0;1.9;2.5, 3.0;5.0;1.0;;2.0;1.0;3.0;225.0;97.0;100.0;Independiente del Valle (W);;0.0;0.0;1.42;0;1.0;1 - 1;4.0;Barcelona Guayaquil (W);;0.0;5.0;6.25;0;1.0;-1.25;5 - 1;2-1;2.75;1.25;67 - 30;35 - 14;14.0;35.0;32.0;68.0;2.0;8.0;1.0;0.0;;;;;;;;95.0;130.0;30.0;67.0;40.0;60.0;2.0;13.0;2.0;4.0;;[48 67];[2 2];[False False];['Independiente del Valle (W)' 'Barcelona Guayaquil (W)'];[0 1];[1 0];['D' 'H'];['H' 'D'];0.79;0.21;0.0;1.0;0.0;0.0;39723.0;5250.0;csd independiente del valle;barcelona sc;;;Women
2026-05-02;193824783;Bahrain Division 2;Bahrain;13:00;Full;0.6888888888888889;1.975;3.5, 4.0;1.825;3.5, 4.0;6.0;2.0;;3.0;2.0;5.0;132.0;86.0;100.0;Al-Ittihad Bahrain;;0.0;0.0;1.25;1;5.0;5 - 0;6.5;Qalali;;0.0;2.0;9.0;0;0.0;-2.25;6 - 2;3-2;3.75;1.5;68 - 18;36 - 10;10.0;36.0;40.0;60.0;0.0;5.0;1.0;3.0;;;;;;;;46.0;86.0;18.0;68.0;39.0;61.0;1.0;10.0;1.0;11.0;;[33 65 67 68 93];[1 2 2 2 2];[False False False False  True];"['Al-Ittihad Bahrain' 'Al-Ittihad Bahrain' 'Al-Ittihad Bahrain'
 'Al-Ittihad Bahrain' 'Al-Ittihad Bahrain']";[0 1 2 3 4];[1 2 3 4 5];['D' 'H' 'H' 'H' 'H'];['H' 'H' 'H' 'H' 'H'];0.35;0.65;0.0;0.73;0.27;0.0;;;;;;;
2026-05-02;193773229;Bahrain Division 2;Bahrain;13:00;Full;-0.3226285391890487;1.975;2.5;1.825;2.5;5.0;4.0;;2.0;4.0;6.0;215.0;164.0;100.0;Al Hala;;0.0;5.0;3.9;1;2.0;2 - 3;3.5;Al Ittifaq Maqaba;;0.0;5.0;1.727;1;3.0;0.5;5 - 4;2-4;2.5;1.0;87 - 77;31 - 41;41.0;31.0;53.0;47.0;1.0;2.0;1.0;1.0;;;;;;;;98.0;117.0;77.0;87.0;50.0;50.0;5.0;9.0;4.0;3.0;;[15 16 47 80 92];[1 1 2 2 2];[False False False False  True];"['Al Ittifaq Maqaba' 'Al Hala' 'Al Ittifaq Maqaba' 'Al Hala'
 'Al Ittifaq Maqaba']";[ 0 -1  0 -1  0];[-1  0 -1  0 -1];['D' 'A' 'D' 'A' 'D'];['A' 'D' 'A' 'D' 'A'];0.63;0.0;0.37;0.98;0.0;0.02;;;;;;;
2026-05-02;192942559;Norway Eliteserien;Norway;13:00;Full;0.5296551724137931;1.875;3.0;1.925;3.0;3.0;2.0;;0.0;1.0;1.0;212.0;104.0;100.0;SK Brann;;0.0;1.0;1.45;1;3.0;3 - 1;4.75;Fredrikstad;;0.0;1.0;6.25;0;1.0;-1.25;3 - 2;0-1;3.0;1.25;69 - 35;35 - 18;18.0;35.0;38.0;62.0;3.0;6.0;2.0;1.0;;;;;;;;88.0;124.0;35.0;69.0;38.0;62.0;4.0;11.0;3.0;3.0;;[ 6 69 96 99];[1 2 2 2];[False False  True  True];['SK Brann' 'SK Brann' 'SK Brann' 'Fredrikstad'];[0 1 2 3];[1 2 3 2];['D' 'H' 'H' 'H'];['H' 'H' 'H' 'H'];0.06;0.94;0.0;0.13;0.87;0.0;1159.0;687.0;sk brann;fredrikstad fk;1.61;1.7;
2026-05-02;193821572;France National 2;France;13:00;Full;0.02354788069073782;1.85;2.0, 2.5;1.95;2.0, 2.5;4.0;4.0;;3.0;2.0;5.0;165.0;133.0;;Chantilly;;0.0;3.0;2.45;2;3.0;3 - 2;3.1;St Pryve St Hilaire;;0.0;1.0;2.6;1;2.0;0.0;4 - 4;3-2;2.25;1.0;69 - 64;36 - 35;35.0;36.0;;;3.0;2.0;1.0;3.0;;;;;;;;94.0;71.0;64.0;69.0;;;4.0;6.0;3.0;7.0;;[31 34 35 47 67];[1 1 1 2 2];[False False False False False];"['Chantilly' 'Chantilly' 'St Pryve St Hilaire' 'St Pryve St Hilaire'
 'Chantilly']";[0 1 2 1 0];[1 2 1 0 1];['D' 'H' 'H' 'H' 'D'];['H' 'H' 'H' 'D' 'H'];0.57;0.43;0.0;0.69;0.31;0.0;;;;;;;
2026-05-02;193880143;Spain Regional League;Spain;13:00;Full;0.3969728242174063;1.875;2.5;1.925;2.5;4.0;3.0;;3.0;1.0;4.0;179.0;81.0;100.0;UA Horta;;0.0;1.0;1.615;2;4.0;4 - 1;3.6;CF Ciudad Cooperativa;;0.0;4.0;4.5;1;1.0;-0.75;4 - 3;3-1;2.5;1.0;41 - 40;17 - 15;15.0;17.0;41.0;59.0;2.0;2.0;3.0;6.0;;;;;;;;83.0;96.0;40.0;41.0;45.0;55.0;4.0;4.0;7.0;9.0;;[13 20 30 60 82];[1 1 1 2 2];[False False False False False];['UA Horta' 'UA Horta' 'CF Ciudad Cooperativa' 'UA Horta' 'UA Horta'];[0 1 2 1 2];[1 2 1 2 3];['D' 'H' 'H' 'H' 'H'];['H' 'H' 'H' 'H' 'H'];0.14;0.86;0.0;0.29;0.71;0.0;;;;;;;
2026-05-02;193775844;Czechia 3. Liga;Czech Republic;13:00;Full;-0.11255411255411252;1.875;2.5, 3.0;1.925;2.5, 3.0;4.0;5.0;;1.0;5.0;6.0;247.0;158.0;100.0;SK Hranice;;0.0;1.0;2.75;1;1.0;1 - 3;3.6;TJ Unie Hlubina;;0.0;1.0;2.1;3;3.0;0.25;4 - 5;1-5;2.75;1.25;72 - 86;26 - 52;52.0;26.0;55.0;45.0;5.0;4.0;5.0;2.0;;;;;;;;121.0;126.0;86.0;72.0;44.0;56.0;12.0;11.0;6.0;5.0;;[22 24 35 38];[1 1 1 1];[False False False False];['TJ Unie Hlubina' 'SK Hranice' 'TJ Unie Hlubina' 'TJ Unie Hlubina'];[ 0 -1  0 -1];[-1  0 -1 -2];['D' 'A' 'D' 'A'];['A' 'D' 'A' 'A'];0.37;0.0;0.63;0.73;0.0;0.27;;;;;;;
2026-05-02;193932169;Spain Regional League;Spain;13:00;Full;-0.16666666666666669;1.8;2.5, 3.0;2.0;2.5, 3.0;9.0;2.0;;6.0;2.0;8.0;252.0;90.0;100.0;CD Algar;;0.0;2.0;3.0;1;2.0;2 - 2;3.6;Bullas Deportivo;;0.0;1.0;2.0;1;2.0;+0.25;9 - 2;6-2;2.75;1.25;46 - 44;25 - 22;22.0;25.0;50.0;50.0;1.0;4.0;1.0;5.0;;;;;;;;120.0;132.0;44.0;46.0;47.0;53.0;8.0;7.0;5.0;7.0;;[12 30 72 89];[1 1 2 2];[False False False False];['Bullas Deportivo' 'CD Algar' 'CD Algar' 'Bullas Deportivo'];[ 0 -1  0  1];[-1  0  1  0];['D' 'A' 'D' 'H'];['A' 'D' 'H' 'D'];0.61;0.19;0.2;0.6;0.0;0.4;;;;;;;
2026-05-02;193814638;Republic of Ireland National League Women;Ireland;13:00;Full;0.3969728242174063;1.9;2.5, 3.0;1.9;2.5, 3.0;6.0;3.0;;1.0;3.0;4.0;197.0;129.0;100.0;Galway (W);;0.0;3.0;1.615;1;2.0;2 - 1;3.7;Peamount Utd (W);;0.0;1.0;4.5;1;1.0;-0.75;6 - 3;1-3;2.75;1.25;82 - 47;41 - 21;21.0;41.0;32.0;68.0;5.0;1.0;1.0;1.0;;;;;;;;99.0;98.0;47.0;82.0;35.0;65.0;6.0;2.0;1.0;3.0;;[15 27 54];[1 1 2];[False False False];['Peamount Utd (W)' 'Galway (W)' 'Galway (W)'];[ 0 -1  0];[-1  0  1];['D' 'A' 'D'];['A' 'D' 'H'];0.47;0.4;0.13;0.73;0.0;0.27;;;;;;;Women
2026-05-02;193511003;Iceland Premier League;Iceland;13:00;Full;-0.11255411255411252;1.95;3.0, 3.5;1.85;3.0, 3.5;12.0;1.0;;6.0;0.0;6.0;149.0;124.0;100.0;Thor Akureyri;;0.0;1.0;2.75;0;0.0;0 - 1;3.7;KA Akureyri;;0.0;2.0;2.1;0;1.0;+0.25;12 - 1;6-0;3.25;1.25;65 - 59;31 - 28;28.0;31.0;62.0;38.0;1.0;3.0;2.0;2.0;;;;;;;;72.0;77.0;59.0;65.0;54.0;46.0;7.0;5.0;4.0;4.0;;[87];[2];[False];['KA Akureyri'];[0];[-1];['D'];['A'];0.97;0.0;0.03;1.0;0.0;0.0;1903.0;1904.0;thor akureyri;ka akureyri;1.44;1.44;
2026-05-02;193858444;Qatar Reserve League;Qatar;13:00;Full;0.2012538231467243;1.825;2.5;1.975;2.5;6.0;1.0;;0.0;0.0;0.0;161.0;64.0;100.0;Al-Arabi Doha U23;;0.0;2.0;1.909;0;0.0;0 - 0;3.75;Al-Sadd SC U23;;0.0;0.0;3.1;0;0.0;-0.5;6 - 1;0-0;2.5;1.0;41 - 23;20 - 15;15.0;20.0;54.0;46.0;1.0;4.0;2.0;1.0;;;;;;;;82.0;79.0;23.0;41.0;54.0;46.0;5.0;6.0;2.0;5.0;;[];[];[];[];[];[];[];[];1.0;0.0;0.0;1.0;0.0;0.0;44444.0;39733.0;al arabi doha sc;al sadd sc;;;Youth
2026-05-02;193814415;Czechia First League;Czech Republic;13:00;Full;-0.38935370820572723;1.9;2.5;1.9;2.5;3.0;6.0;;2.0;5.0;7.0;185.0;125.0;100.0;Slovan Liberec;;1.0;6.0;4.75;0;1.0;1 - 2;3.6;Slavia Prague;;0.0;1.0;1.667;2;2.0;0.75;3 - 6;2-5;2.5;1.0;56 - 69;20 - 41;41.0;20.0;50.0;50.0;4.0;3.0;2.0;5.0;;;;;;;;95.0;90.0;69.0;56.0;50.0;50.0;6.0;7.0;4.0;7.0;;[18 49 50];[1 1 2];[False  True False];['Slavia Prague' 'Slavia Prague' 'Slovan Liberec'];[ 0 -1 -2];[-1 -2 -1];['D' 'A' 'A'];['A' 'A' 'A'];0.2;0.0;0.8;0.37;0.0;0.63;2219.0;2216.0;fc slovan liberec;slavia prague;1.8;1.8;
2026-05-02;193802813;Montenegro Prva Liga;Montenegro;13:00;Full;0.15261627906976744;1.95;2.0;1.85;2.0;3.0;4.0;;2.0;2.0;4.0;260.0;176.0;;OFK Petrovac;;0.0;2.0;2.15;0;1.0;1 - 1;2.9;FK Decic Tuzi;;0.0;1.0;3.2;1;1.0;-0.25;3 - 4;2-2;2.0;0.75;112 - 64;59 - 34;34.0;59.0;;;4.0;8.0;2.0;3.0;;;;;;;;117.0;143.0;64.0;112.0;;;4.0;11.0;2.0;5.0;;[11 69];[1 2];[False False];['FK Decic Tuzi' 'OFK Petrovac'];[ 0 -1];[-1  0];['D' 'A'];['A' 'D'];0.36;0.0;0.64;0.24;0.0;0.76;;;;;;;
2026-05-02;193802810;Montenegro Prva Liga;Montenegro;13:00;Full;0.015810276679841917;1.975;2.0;1.825;2.0;4.0;2.0;;1.0;0.0;1.0;101.0;77.0;;FK Jezero;;0.0;3.0;2.75;0;0.0;0 - 0;2.45;Arsenal Tivat;;0.0;3.0;2.875;0;0.0;0.0;4 - 2;1-0;2.0;0.75;44 - 33;23 - 10;10.0;23.0;;;1.0;2.0;0.0;0.0;;;;;;;;51.0;50.0;33.0;44.0;;;2.0;3.0;0.0;0.0;;[];[];[];[];[];[];[];[];1.0;0.0;0.0;1.0;0.0;0.0;;;;;;;
2026-05-02;193775836;Czechia 3. Liga;Czech Republic;13:00;Full;-0.2857142857142857;1.925;3.0;1.875;3.0;11.0;5.0;;6.0;3.0;9.0;120.0;118.0;100.0;Hlucin;;0.0;4.0;3.5;0;2.0;2 - 1;3.9;FC Zlin B;;0.0;3.0;1.75;1;1.0;0.75;11 - 5;6-3;3.0;1.25;61 - 57;30 - 32;32.0;30.0;41.0;59.0;5.0;2.0;2.0;0.0;;;;;;;;63.0;57.0;57.0;61.0;45.0;55.0;6.0;3.0;5.0;6.0;;[38 51 74];[1 2 2];[False False False];['FC Zlin B' 'Hlucin' 'Hlucin'];[ 0 -1  0];[-1  0  1];['D' 'A' 'D'];['A' 'D' 'H'];0.68;0.18;0.14;0.84;0.0;0.16;;2220.0;;fc zlin;;;Youth
2026-05-02;192609619;Switzerland Super League;Switzerland;13:00;Full;0.016006402561024313;1.925;3.0, 3.5;1.875;3.0, 3.5;5.0;7.0;;2.0;1.0;3.0;173.0;82.0;100.0;Lausanne Sports;9.0;0.0;2.0;2.45;1;1.0;1 - 3;3.75;Lucerne;7.0;0.0;2.0;2.55;0;3.0;0.0;5 - 7;2-1;3.25;1.25;26 - 56;8 - 15;15.0;8.0;47.0;53.0;5.0;4.0;1.0;2.0;;;;;;;;99.0;74.0;56.0;26.0;52.0;48.0;9.0;8.0;6.0;3.0;;[16 53 66 93];[1 2 2 2];[False False False  True];['Lausanne Sports' 'Lucerne' 'Lucerne' 'Lucerne'];[ 0  1  0 -1];[ 1  0 -1 -2];['D' 'H' 'D' 'A'];['H' 'D' 'A' 'A'];0.31;0.4;0.29;0.36;0.64;0.0;2446.0;2453.0;lausanne-sport;fc luzern;1.4;1.4;
2026-05-02;193802816;Montenegro Prva Liga;Montenegro;13:00;Full;0.3776578017729787;1.825;2.0, 2.5;1.975;2.0, 2.5;11.0;4.0;;6.0;3.0;9.0;212.0;135.0;100.0;Buducnost Podgorica;;0.0;3.0;1.667;0;0.0;0 - 1;3.4;OFK Mladost DG;;0.0;1.0;4.5;0;1.0;-0.75;11 - 4;6-3;2.25;1.0;91 - 44;50 - 19;19.0;50.0;38.0;62.0;2.0;4.0;2.0;1.0;;;;;;;;77.0;135.0;44.0;91.0;43.0;57.0;5.0;8.0;5.0;2.0;;[90];[2];[False];['OFK Mladost DG'];[0];[-1];['D'];['A'];1.0;0.0;0.0;1.0;0.0;0.0;;;;;;;
2026-05-02;193191051;Bulgaria Second League;Bulgaria;13:00;Full;0.7274215146555572;1.925;2.5, 3.0;1.875;2.5, 3.0;10.0;0.0;;6.0;0.0;6.0;122.0;81.0;100.0;Dunav Ruse;;0.0;1.0;1.222;0;2.0;2 - 0;5.0;FC Sevlievo;;0.0;1.0;11.0;0;0.0;-1.75;10 - 0;6-0;2.75;1.0;63 - 18;37 - 11;11.0;37.0;45.0;55.0;0.0;2.0;0.0;1.0;;;;;;;;50.0;72.0;18.0;63.0;45.0;55.0;0.0;2.0;0.0;5.0;;[56 87];[2 2];[False False];['Dunav Ruse' 'Dunav Ruse'];[0 1];[1 2];['D' 'H'];['H' 'H'];0.62;0.38;0.0;1.0;0.0;0.0;;;;;;;
2026-05-02;193190763;Bulgaria First League;Bulgaria;13:00;Full;0.38823529411764707;1.85;2.5;1.95;2.5;2.0;8.0;;2.0;3.0;5.0;232.0;131.0;;Levski Sofia;;0.0;0.0;1.7;0;1.0;1 - 0;3.7;CSKA 1948 Sofia;;1.0;1.0;5.0;0;0.0;-0.75;2 - 8;2-3;2.5;1.0;95 - 36;39 - 15;15.0;39.0;;;5.0;5.0;1.0;1.0;;;;;;;;75.0;157.0;36.0;95.0;;;7.0;13.0;2.0;4.0;;[71];[2];[False];['Levski Sofia'];[0];[1];['D'];['H'];0.79;0.21;0.0;1.0;0.0;0.0;3273.0;288687.0;pfc levski sofia;fc cska 1948;1.9;1.8;
2026-05-02;193757940;Switzerland Challenge League;Switzerland;13:00;Full;0.3498800239952009;1.825;3.0;1.975;3.0;1.0;10.0;;0.0;3.0;3.0;188.0;83.0;100.0;FC Vaduz;;0.0;4.0;1.667;2;2.0;2 - 2;4.333;Stade Lausanne-Ouchy;;0.0;2.0;4.0;2;2.0;-0.75;1 - 10;0-3;3.0;1.25;28 - 55;15 - 20;20.0;15.0;50.0;50.0;5.0;2.0;4.0;3.0;;;;;;;;92.0;96.0;55.0;28.0;50.0;50.0;13.0;5.0;6.0;4.0;;[19 21 29 37];[1 1 1 1];[False False False False];['FC Vaduz' 'Stade Lausanne-Ouchy' 'Stade Lausanne-Ouchy' 'FC Vaduz'];[ 0  1  0 -1];[ 1  0 -1  0];['D' 'H' 'D' 'A'];['H' 'D' 'A' 'D'];0.89;0.02;0.09;0.78;0.04;0.18;2463.0;35162.0;fc vaduz;stade lausanne ouchy;1.53;1.53;
2026-05-02;193881246;France Division 2 Women;France;13:00;Full;0.016666666666666663;1.825;2.5;1.975;2.5;4.0;5.0;;1.0;0.0;1.0;104.0;56.0;100.0;Reims (W);;0.0;0.0;2.4;0;0.0;0 - 2;3.4;Thonon Evian FC (W);;0.0;0.0;2.5;1;2.0;0.0;4 - 5;1-0;2.5;1.0;24 - 32;14 - 14;14.0;14.0;49.0;51.0;4.0;4.0;2.0;2.0;;;;;;;;50.0;54.0;32.0;24.0;46.0;54.0;8.0;6.0;9.0;3.0;;[47 53];[1 2];[ True False];['Thonon Evian FC (W)' 'Thonon Evian FC (W)'];[ 0 -1];[-1 -2];['D' 'A'];['A' 'A'];0.52;0.0;0.48;1.0;0.0;0.0;1682.0;;stade reims;;;;Women
2026-05-02;193832110;France National 2;France;13:00;Full;0.24605669053023682;1.95;2.0, 2.5;1.85;2.0, 2.5;5.0;8.0;;3.0;0.0;3.0;175.0;102.0;100.0;Colmar;;1.0;2.0;1.909;1;1.0;1 - 1;3.2;FC Bastia-Borgo;;1.0;3.0;3.6;1;1.0;-0.5;5 - 8;3-0;2.25;1.0;41 - 61;18 - 29;29.0;18.0;54.0;46.0;5.0;0.0;2.0;3.0;;;;;;;;95.0;80.0;61.0;41.0;51.0;49.0;6.0;4.0;3.0;6.0;;[14 25];[1 1];[False False];['Colmar' 'FC Bastia-Borgo'];[0 1];[1 0];['D' 'H'];['H' 'D'];0.88;0.12;0.0;0.76;0.24;0.0;;;;;;;
2026-05-02;193786215;France National 2;France;13:00;Full;-0.24605669053023682;1.95;2.0, 2.5;1.85;2.0, 2.5;2.0;4.0;;0.0;2.0;2.0;157.0;75.0;100.0;US Granvillaise;;0.0;2.0;3.6;0;0.0;0 - 0;3.25;La Roche VF;;0.0;2.0;1.909;0;0.0;+0.5;2 - 4;0-2;2.25;1.0;33 - 42;10 - 25;25.0;10.0;65.0;35.0;4.0;2.0;1.0;1.0;;;;;;;;92.0;65.0;42.0;33.0;60.0;40.0;7.0;6.0;1.0;3.0;;[];[];[];[];[];[];[];[];1.0;0.0;0.0;1.0;0.0;0.0;;;;;;;
2026-05-02;193832120;France National 2;France;13:00;Full;-0.15360983102918585;1.95;2.0, 2.5;1.85;2.0, 2.5;2.0;1.0;;2.0;1.0;3.0;219.0;135.0;;Saint Priest;;0.0;1.0;3.1;2;2.0;2 - 3;3.2;US Lusitanos Saint-Maur;;0.0;4.0;2.1;1;3.0;+0.25;2 - 1;2-1;2.25;1.0;71 - 64;36 - 20;20.0;36.0;;;1.0;7.0;3.0;6.0;;;;;;;;104.0;115.0;64.0;71.0;;;3.0;9.0;5.0;8.0;;[ 4 27 33 80 81];[1 1 1 2 2];[False False False False False];"['Saint Priest' 'US Lusitanos Saint-Maur' 'Saint Priest'
 'US Lusitanos Saint-Maur' 'US Lusitanos Saint-Maur']";[0 1 0 1 0];[ 1  0  1  0 -1];['D' 'H' 'D' 'H' 'D'];['H' 'D' 'H' 'D' 'A'];0.12;0.78;0.1;0.22;0.78;0.0;;;;;;;
2026-05-02;193800670;Republic of Ireland National League Women;Ireland;13:00;Full;-0.25983945132881303;1.9;3.0;1.9;3.0;2.0;8.0;;2.0;3.0;5.0;269.0;115.0;;Sligo Rovers (W);;0.0;1.0;3.5;3;5.0;5 - 1;3.5;Bohemians Dublin (W);;0.0;0.0;1.833;0;1.0;0.5;2 - 8;2-3;3.0;1.25;32 - 83;19 - 31;31.0;19.0;;;4.0;2.0;2.0;4.0;;;;;;;;128.0;141.0;83.0;32.0;;;9.0;2.0;4.0;7.0;;[24 27 39 53 86 95];[1 1 1 2 2 2];[False False False False False  True];"['Sligo Rovers (W)' 'Sligo Rovers (W)' 'Sligo Rovers (W)'
 'Sligo Rovers (W)' 'Bohemians Dublin (W)' 'Sligo Rovers (W)']";[0 1 2 3 4 3];[1 2 3 4 3 4];['D' 'H' 'H' 'H' 'H' 'H'];['H' 'H' 'H' 'H' 'H' 'H'];0.25;0.75;0.0;0.53;0.47;0.0;3190.0;3173.0;sligo rovers fc;bohemians dublin fc;;;Women
2026-05-02;193821296;Finland Kolmonen;Finland;13:00;Full;0.3025210084033614;1.825;3.5;1.975;3.5;6.0;4.0;;4.0;4.0;8.0;331.0;204.0;;IFK Mariehamn II;;0.0;2.0;1.7;1;4.0;4 - 1;4.333;SalPa 2;;0.0;3.0;3.5;0;1.0;-0.5;6 - 4;4-4;3.5;1.5;103 - 101;28 - 55;55.0;28.0;;;4.0;3.0;1.0;1.0;;;;;;;;164.0;167.0;101.0;103.0;;;5.0;4.0;3.0;10.0;;[47 64 73 80 93];[1 2 2 2 2];[ True False False False  True];"['IFK Mariehamn II' 'SalPa 2' 'IFK Mariehamn II' 'IFK Mariehamn II'
 'IFK Mariehamn II']";[0 1 0 1 2];[1 0 1 2 3];['D' 'H' 'D' 'H' 'H'];['H' 'D' 'H' 'H' 'H'];0.6;0.4;0.0;1.0;0.0;0.0;5058.0;;ifk mariehamn;;;;Youth
2026-05-02;193197983;Finland Veikkausliiga;Finland;13:00;Full;-0.0777058279370953;1.85;2.5;1.95;2.5;7.0;9.0;;6.0;5.0;11.0;214.0;115.0;100.0;AC Oulu;;0.0;1.0;2.875;1;2.0;2 - 0;3.5;KuPS Kuopio;;1.0;3.0;2.35;0;0.0;0.25;7 - 9;6-5;2.5;1.0;29 - 86;19 - 48;48.0;19.0;50.0;50.0;6.0;1.0;0.0;2.0;;;;;;;;137.0;77.0;86.0;29.0;50.0;50.0;9.0;3.0;0.0;6.0;;[ 4 71];[1 2];[False False];['AC Oulu' 'AC Oulu'];[0 1];[1 2];['D' 'H'];['H' 'H'];0.04;0.96;0.0;0.09;0.91;0.0;5114.0;2244.0;ac oulu;kuopion palloseura;1.61;1.66;
2026-05-02;193825035;Qatar Reserve League;Qatar;13:00;Full;0.10147991543340379;1.925;2.0, 2.5;1.875;2.0, 2.5;3.0;5.0;;1.0;2.0;3.0;228.0;124.0;100.0;Al-Shamal U23;;0.0;1.0;2.15;0;2.0;2 - 0;3.5;Al Duhail U23;;0.0;2.0;2.75;0;0.0;-0.25;3 - 5;1-2;2.25;1.0;64 - 60;32 - 29;29.0;32.0;41.0;59.0;1.0;2.0;1.0;2.0;;;;;;;;105.0;123.0;60.0;64.0;45.0;55.0;4.0;3.0;1.0;5.0;;[53 84];[2 2];[False False];['Al-Shamal U23' 'Al-Shamal U23'];[0 1];[1 2];['D' 'H'];['H' 'H'];0.59;0.41;0.0;1.0;0.0;0.0;;44441.0;;al duhail sc;;;Youth
2026-05-02;193383486;Cyprus Division 1;Cyprus;13:00;Full;0.5017626321974148;1.975;3.0;1.825;3.0;3.0;3.0;;1.0;1.0;2.0;121.0;97.0;100.0;Omonia Nicosia;1.0;0.0;2.0;1.48;2;3.0;3 - 0;4.5;Aris Limassol;6.0;0.0;1.0;5.75;0;0.0;-1.0;3 - 3;1-1;3.0;1.25;50 - 47;23 - 29;29.0;23.0;50.0;50.0;5.0;4.0;1.0;3.0;;;;;;;;69.0;52.0;47.0;50.0;50.0;50.0;5.0;9.0;3.0;4.0;;[11 22 57];[1 1 2];[False False False];['Omonia Nicosia' 'Omonia Nicosia' 'Omonia Nicosia'];[0 1 2];[1 2 3];['D' 'H' 'H'];['H' 'H' 'H'];0.12;0.88;0.0;0.24;0.76;0.0;3395.0;3397.0;ac omonia nicosia;aris limassol fc;1.66;1.72;
2026-05-02;193873988;Austria Landesliga;Austria;13:00;Full;0.12416851441241689;1.825;2.5, 3.0;1.975;2.5, 3.0;1.0;5.0;;1.0;4.0;5.0;230.0;124.0;100.0;ASK Kohfidisch;;0.0;3.0;2.05;1;2.0;2 - 0;3.75;SV Sankt Margarethen;;0.0;2.0;2.75;0;0.0;-0.25;1 - 5;1-4;2.75;1.25;52 - 72;30 - 27;27.0;30.0;52.0;48.0;4.0;3.0;2.0;3.0;;;;;;;;115.0;115.0;72.0;52.0;55.0;45.0;9.0;6.0;2.0;5.0;;[16 49];[1 2];[False False];['ASK Kohfidisch' 'ASK Kohfidisch'];[0 1];[1 2];['D' 'H'];['H' 'H'];0.18;0.82;0.0;0.36;0.64;0.0;;;;;;;
2026-05-02;193874048;Austria Women League 2;Austria;13:00;Full;-0.811965811965812;1.9;3.5, 4.0;1.9;3.5, 4.0;5.0;4.0;;2.0;1.0;3.0;171.0;77.0;100.0;Wiener Sportclub (W);;0.0;0.0;13.0;0;0.0;0 - 2;7.5;Rapid Vienna (W);;0.0;1.0;1.125;2;2.0;+2.5;5 - 4;2-1;3.75;1.5;28 - 49;17 - 26;26.0;17.0;65.0;35.0;4.0;3.0;4.0;1.0;;;;;;;;102.0;69.0;49.0;28.0;69.0;31.0;8.0;3.0;8.0;3.0;;[32 39];[1 1];[False False];['Rapid Vienna (W)' 'Rapid Vienna (W)'];[ 0 -1];[-1 -2];['D' 'A'];['A' 'A'];0.36;0.0;0.64;0.71;0.0;0.29;;2055.0;;sk rapid;;;Women
2026-05-02;193814713;South Africa Cup;South Africa;13:00;Full;0.1014492753623189;1.9;2.0;1.9;2.0;5.0;2.0;;3.0;2.0;5.0;189.0;128.0;100.0;Durban City;;0.0;0.0;2.3;0;2.0;2 - 1;2.9;TS Galaxy;;0.0;0.0;3.0;1;1.0;-0.25;5 - 2;3-2;2.0;0.75;69 - 59;36 - 27;27.0;36.0;48.0;52.0;1.0;5.0;2.0;0.0;;;;;;;;99.0;90.0;59.0;69.0;47.0;53.0;2.0;5.0;3.0;3.0;;[43 58 71];[1 2 2];[False False False];['TS Galaxy' 'Durban City' 'Durban City'];[ 0 -1  0];[-1  0  1];['D' 'A' 'D'];['A' 'D' 'H'];0.62;0.21;0.17;0.96;0.0;0.04;1176555.0;475016.0;durban city;ts galaxy fc;;;
2026-05-02;193383483;Cyprus Division 1;Cyprus;13:00;Full;0.7902313624678663;1.975;3.0, 3.5;1.825;3.0, 3.5;6.0;3.0;;5.0;0.0;5.0;172.0;109.0;100.0;Anorthosis Famagusta;9.0;0.0;2.0;1.167;1;2.0;2 - 0;7.5;Enosis Paralimni;14.0;0.0;2.0;15.0;0;0.0;-2.0;6 - 3;5-0;3.25;1.25;68 - 41;41 - 10;10.0;41.0;34.0;66.0;1.0;5.0;0.0;3.0;;;;;;;;68.0;104.0;41.0;68.0;40.0;60.0;3.0;8.0;0.0;5.0;;[43 63];[1 2];[False False];['Anorthosis Famagusta' 'Anorthosis Famagusta'];[0 1];[1 2];['D' 'H'];['H' 'H'];0.48;0.52;0.0;0.96;0.04;0.0;3403.0;3405.0;anorthosis famagusta;enosis neon paralimni fc;2.37;2.25;
2026-05-02;193779956;Austria Landesliga;Austria;13:00;Full;-0.43463497453310695;1.8;2.5;2.0;2.5;0.0;9.0;;0.0;6.0;6.0;220.0;84.0;100.0;SC Bad Sauerbrunn;;2.0;3.0;4.75;1;1.0;1 - 1;3.9;SV Mattersburg;;0.0;1.0;1.55;0;1.0;+1.0;0 - 9;0-6;2.5;1.25;36 - 48;23 - 21;21.0;23.0;49.0;51.0;4.0;2.0;5.0;3.0;;;;;;;;113.0;107.0;48.0;36.0;56.0;44.0;12.0;2.0;9.0;4.0;;[40 56];[1 2];[False False];['SC Bad Sauerbrunn' 'SV Mattersburg'];[0 1];[1 0];['D' 'H'];['H' 'D'];0.82;0.18;0.0;0.89;0.11;0.0;;;;;;;
2026-05-02;193782017;Mexico Liga TDP;Mexico;13:00;Full;0.7460236886632826;1.9;3.0, 3.5;1.9;3.0, 3.5;5.0;6.0;;4.0;2.0;6.0;116.0;73.0;100.0;CF Pachuca III;;0.0;2.0;1.182;0;1.0;1 - 0;6.25;Alebrijes CDMX;;0.0;3.0;10.0;0;0.0;-2.0;5 - 6;4-2;3.25;1.25;36 - 37;14 - 17;17.0;14.0;42.0;58.0;5.0;3.0;1.0;2.0;;;;;;;;55.0;61.0;37.0;36.0;54.0;46.0;5.0;8.0;4.0;5.0;;[47];[2];[False];['CF Pachuca III'];[0];[1];['D'];['H'];0.52;0.48;0.0;1.0;0.0;0.0;;;;;;;
2026-05-02;193004655;Italy Serie A;Italy;13:00;Full;0.15032679738562088;1.875;2.0, 2.5;1.975;2.0, 2.5;3.0;2.0;;2.0;1.0;3.0;148.0;77.0;100.0;Como;5.0;0.0;1.0;2.25;0;0.0;0 - 0;3.2;Napoli;2.0;0.0;1.0;3.4;0;0.0;-0.25;3 - 2;2-1;2.25;1.0;45 - 32;22 - 15;15.0;22.0;39.0;61.0;4.0;6.0;1.0;4.0;;;;;;;;57.0;91.0;32.0;45.0;43.0;57.0;7.0;11.0;1.0;5.0;;[];[];[];[];[];[];[];[];1.0;0.0;0.0;1.0;0.0;0.0;2704.0;2714.0;como 1907;ssc napoli;1.9;1.9;
2026-05-02;193825140;San Marino Campionato;San Marino;13:00;Full;0.5963413930405679;1.85;2.5, 3.0;1.95;2.5, 3.0;11.0;3.0;;6.0;0.0;6.0;131.0;117.0;100.0;La Fiorita;4.0;0.0;1.0;1.333;0;1.0;1 - 0;5.0;FC Fiorentino;7.0;0.0;3.0;6.5;0;0.0;-1.5;11 - 3;6-0;2.75;1.25;69 - 48;38 - 25;25.0;38.0;40.0;60.0;4.0;8.0;0.0;1.0;;;;;;;;61.0;70.0;48.0;69.0;39.0;61.0;9.0;12.0;0.0;5.0;;[85];[2];[False];['La Fiorita'];[0];[1];['D'];['H'];0.94;0.06;0.0;1.0;0.0;0.0;;;;;;;
2026-05-02;193799693;Estonia Meistriliiga Women;Estonia;13:00;Full;0.9085081585081585;1.95;4.5, 5.0;1.85;4.5, 5.0;15.0;2.0;;7.0;0.0;7.0;260.0;165.0;100.0;Paide Linnanaiskond (W);;0.0;1.0;1.056;2;4.0;4 - 0;15.0;FC Elva (W);;0.0;2.0;26.0;0;0.0;-3.5;15 - 2;7-0;4.75;2.25;131 - 34;70 - 13;13.0;70.0;26.0;74.0;1.0;5.0;0.0;7.0;;;;;;;;87.0;173.0;34.0;131.0;30.0;70.0;2.0;12.0;2.0;16.0;;[ 6 20 53 83];[1 1 2 2];[False False False False];"['Paide Linnanaiskond (W)' 'Paide Linnanaiskond (W)'
 'Paide Linnanaiskond (W)' 'Paide Linnanaiskond (W)']";[0 1 2 3];[1 2 3 4];['D' 'H' 'H' 'H'];['H' 'H' 'H' 'H'];0.07;0.93;0.0;0.13;0.87;0.0;;;;;;;Women
2026-05-02;193832096;France National 2;France;13:00;Full;0.20512820512820518;1.875;2.0, 2.5;1.925;2.0, 2.5;4.0;1.0;;2.0;1.0;3.0;167.0;62.0;100.0;FC Chauray;;0.0;3.0;1.95;0;2.0;2 - 1;3.4;Stade Poitevin;;0.0;2.0;3.25;0;1.0;-0.5;4 - 1;2-1;2.25;1.0;30 - 32;14 - 16;16.0;14.0;45.0;55.0;2.0;4.0;2.0;3.0;;;;;;;;77.0;90.0;32.0;30.0;41.0;59.0;4.0;7.0;4.0;7.0;;[59 80 86];[2 2 2];[False False False];['FC Chauray' 'FC Chauray' 'Stade Poitevin'];[0 1 2];[1 2 1];['D' 'H' 'H'];['H' 'H' 'H'];0.66;0.34;0.0;1.0;0.0;0.0;;;;;;;
2026-05-02;193774013;Chile Primera Division Women;Chile;13:00;Full;-0.5403726708074534;1.9;3.0, 3.5;1.9;3.0, 3.5;2.0;1.0;;0.0;1.0;1.0;364.0;135.0;100.0;Deportes Recoleta (W);;0.0;1.0;5.75;1;1.0;1 - 4;4.2;Santiago Wanderers (W);;0.0;2.0;1.4;2;4.0;+1.25;2 - 1;0-1;3.25;1.25;67 - 68;31 - 40;40.0;31.0;48.0;52.0;3.0;4.0;5.0;3.0;;;;;;;;176.0;188.0;68.0;67.0;47.0;53.0;5.0;10.0;11.0;7.0;;[ 8 20 22 54 93];[1 1 1 2 2];[False False False False  True];"['Deportes Recoleta (W)' 'Santiago Wanderers (W)' 'Santiago Wanderers (W)'
 'Santiago Wanderers (W)' 'Santiago Wanderers (W)']";[ 0  1  0 -1 -2];[ 1  0 -1 -2 -3];['D' 'H' 'D' 'A' 'A'];['H' 'D' 'A' 'A' 'A'];0.11;0.13;0.76;0.22;0.27;0.51;;;;;;;Women
2026-05-02;193931175;France National 2;France;13:00;Full;0.02354788069073782;1.975;2.0, 2.5;1.825;2.0, 2.5;6.0;4.0;;3.0;1.0;4.0;154.0;58.0;100.0;Aviron Bayonnais;;0.0;2.0;2.45;1;1.0;1 - 2;3.1;Bordeaux;;0.0;1.0;2.6;1;2.0;0.0;6 - 4;3-1;2.25;1.0;26 - 32;12 - 19;19.0;12.0;57.0;43.0;3.0;2.0;4.0;4.0;;;;;;;;72.0;82.0;32.0;26.0;54.0;46.0;4.0;2.0;6.0;4.0;;[11 41 48];[1 1 2];[False False False];['Aviron Bayonnais' 'Bordeaux' 'Bordeaux'];[0 1 0];[ 1  0 -1];['D' 'H' 'D'];['H' 'D' 'A'];0.2;0.33;0.47;0.33;0.67;0.0;;;;;;;
2026-05-02;193821539;France National 2;France;13:00;Full;-0.03779289493575205;1.75;2.0;2.05;2.0;3.0;3.0;;2.0;1.0;3.0;191.0;119.0;;Locmine Saint-Colomban;;0.0;0.0;2.7;0;3.0;3 - 0;3.0;Angouleme;;0.0;0.0;2.45;0;0.0;0.0;3 - 3;2-1;2.0;0.75;49 - 70;30 - 30;30.0;30.0;;;5.0;0.0;0.0;0.0;;;;;;;;103.0;88.0;70.0;49.0;;;8.0;3.0;0.0;3.0;;[66 71 81];[2 2 2];[False False False];"['Locmine Saint-Colomban' 'Locmine Saint-Colomban'
 'Locmine Saint-Colomban']";[0 1 2];[1 2 3];['D' 'H' 'H'];['H' 'H' 'H'];0.73;0.27;0.0;1.0;0.0;0.0;;;;;;;
2026-05-02;193821560;France National 2;France;13:00;Full;0.09740259740259738;2.025;2.0, 2.5;1.775;2.0, 2.5;4.0;9.0;;2.0;4.0;6.0;192.0;109.0;100.0;Feignies Aulnoye FC;;0.0;0.0;2.2;1;3.0;3 - 0;3.3;FC Chambly Oise;;0.0;0.0;2.8;0;0.0;-0.25;4 - 9;2-4;2.25;0.75;43 - 66;19 - 22;22.0;19.0;50.0;50.0;2.0;2.0;1.0;3.0;;;;;;;;103.0;89.0;66.0;43.0;50.0;50.0;8.0;4.0;4.0;7.0;;[33 60 95];[1 2 2];[False False  True];['Feignies Aulnoye FC' 'Feignies Aulnoye FC' 'Feignies Aulnoye FC'];[0 1 2];[1 2 3];['D' 'H' 'H'];['H' 'H' 'H'];0.35;0.65;0.0;0.73;0.27;0.0;;;;;;;
2026-05-02;193821576;France National 2;France;13:00;Full;0.03030303030303033;2.0;2.5;1.8;2.5;5.0;2.0;;1.0;1.0;2.0;151.0;127.0;;Limonest;;0.0;0.0;2.75;0;1.0;1 - 3;2.4;Grasse;;0.0;2.0;3.0;0;3.0;0.0;5 - 2;1-1;2.5;1.0;75 - 52;40 - 22;22.0;40.0;;;2.0;3.0;1.0;1.0;;;;;;;;84.0;67.0;52.0;75.0;;;2.0;7.0;6.0;4.0;;[51 54 68 75];[2 2 2 2];[False False False False];['Grasse' 'Limonest' 'Grasse' 'Grasse'];[ 0 -1  0 -1];[-1  0 -1 -2];['D' 'A' 'D' 'A'];['A' 'D' 'A' 'A'];0.72;0.0;0.28;1.0;0.0;0.0;;;;;;;
2026-05-02;193821663;France National 3;France;13:00;Full;0.016006402561024313;1.825;2.0, 2.5;1.975;2.0, 2.5;2.0;3.0;;1.0;1.0;2.0;151.0;65.0;100.0;Bretigny;;0.0;3.0;2.45;0;1.0;1 - 1;3.2;Havre Caucriauville Sportif;;0.0;3.0;2.55;1;1.0;0.0;2 - 3;1-1;2.25;1.0;34 - 31;14 - 15;15.0;14.0;51.0;49.0;2.0;2.0;1.0;0.0;;;;;;;;83.0;68.0;31.0;34.0;54.0;46.0;5.0;3.0;1.0;3.0;;[32 57];[1 2];[False False];['Havre Caucriauville Sportif' 'Bretigny'];[ 0 -1];[-1  0];['D' 'A'];['A' 'D'];0.72;0.0;0.28;0.71;0.0;0.29;;;;;;;
2026-05-02;193821748;France Division 2 Women;France;13:00;Full;-0.3382352941176471;1.875;2.5;1.925;2.5;6.0;5.0;;2.0;1.0;3.0;186.0;90.0;100.0;Guingamp (W);;0.0;2.0;4.0;0;2.0;2 - 3;3.5;Grenoble Claix (W);;0.0;0.0;1.7;1;3.0;+0.75;6 - 5;2-1;2.5;1.0;46 - 44;21 - 19;19.0;21.0;50.0;50.0;6.0;8.0;3.0;1.0;;;;;;;;89.0;97.0;44.0;46.0;48.0;52.0;9.0;12.0;7.0;3.0;;[37 52 58 61 95];[1 2 2 2 2];[False False False False  True];"['Grenoble Claix (W)' 'Grenoble Claix (W)' 'Guingamp (W)' 'Guingamp (W)'
 'Grenoble Claix (W)']";[ 0 -1 -2 -1  0];[-1 -2 -1  0 -1];['D' 'A' 'A' 'A' 'D'];['A' 'A' 'A' 'D' 'A'];0.75;0.0;0.25;0.82;0.0;0.18;1654.0;;ea guingamp;;;;Women
2026-05-02;193879710;Norway Division 2 Group 2;Norway;13:00;Full;-0.3869047619047619;1.9;3.0;1.9;3.0;1.0;5.0;;0.0;2.0;2.0;109.0;85.0;100.0;Rana FK;;0.0;2.0;4.2;0;0.0;0 - 0;4.0;Grorud;;0.0;1.0;1.6;0;0.0;0.75;1 - 5;0-2;3.0;1.25;37 - 48;19 - 24;24.0;19.0;57.0;43.0;4.0;2.0;0.0;1.0;;;;;;;;67.0;42.0;48.0;37.0;59.0;41.0;7.0;6.0;0.0;4.0;;[];[];[];[];[];[];[];[];1.0;0.0;0.0;1.0;0.0;0.0;558170.0;7320.0;rana fk;grorud il;1.57;1.61;
2026-05-02;193832102;France National 2;France;13:00;Full;0.1923076923076923;1.875;2.0, 2.5;1.925;2.0, 2.5;3.0;3.0;;1.0;2.0;3.0;156.0;64.0;100.0;Beauvais;;0.0;2.0;2.0;1;1.0;1 - 1;3.25;Haguenau;;0.0;5.0;3.25;1;1.0;-0.25;3 - 3;1-2;2.25;1.0;37 - 27;14 - 15;15.0;14.0;48.0;52.0;4.0;8.0;1.0;1.0;;;;;;;;69.0;87.0;27.0;37.0;46.0;54.0;7.0;12.0;4.0;4.0;;[ 2 30];[1 1];[False False];['Beauvais' 'Haguenau'];[0 1];[1 0];['D' 'H'];['H' 'D'];0.69;0.31;0.0;0.38;0.62;0.0;;;;;;;
2026-05-02;193832107;France National 2;France;13:00;Full;0.24605669053023682;1.95;2.0, 2.5;1.85;2.0, 2.5;5.0;7.0;;4.0;4.0;8.0;156.0;79.0;100.0;Thionville FC;;0.0;1.0;1.909;1;1.0;1 - 4;3.2;Bourges Foot 18;;0.0;0.0;3.6;0;4.0;-0.5;5 - 7;4-4;2.25;1.0;36 - 43;21 - 17;17.0;21.0;48.0;52.0;3.0;4.0;4.0;3.0;;;;;;;;73.0;83.0;43.0;36.0;55.0;45.0;8.0;5.0;11.0;4.0;;[ 7 51 72 76 81];[1 2 2 2 2];[False False False False False];"['Thionville FC' 'Bourges Foot 18' 'Bourges Foot 18' 'Bourges Foot 18'
 'Bourges Foot 18']";[ 0  1  0 -1 -2];[ 1  0 -1 -2 -3];['D' 'H' 'D' 'A' 'A'];['H' 'D' 'A' 'A' 'A'];0.31;0.49;0.2;0.16;0.84;0.0;;;;;;;
2026-05-02;193832113;France National 2;France;13:00;Full;-0.28239584230625664;1.875;2.0, 2.5;1.925;2.0, 2.5;1.0;7.0;;1.0;1.0;2.0;246.0;139.0;100.0;Andrezieux;;1.0;2.0;3.8;0;4.0;4 - 1;3.3;Nimes;;1.0;3.0;1.833;0;1.0;+0.5;1 - 7;1-1;2.25;1.0;56 - 83;31 - 43;43.0;31.0;48.0;52.0;5.0;3.0;0.0;0.0;;;;;;;;124.0;122.0;83.0;56.0;53.0;47.0;8.0;5.0;3.0;4.0;;[48 53 68 81 88];[2 2 2 2 2];[False False False False False];['Andrezieux' 'Andrezieux' 'Andrezieux' 'Andrezieux' 'Nimes'];[0 1 2 3 4];[1 2 3 4 3];['D' 'H' 'H' 'H' 'H'];['H' 'H' 'H' 'H' 'H'];0.53;0.47;0.0;1.0;0.0;0.0;;;;;;;
2026-05-02;193832115;France National 2;France;13:00;Full;0.1067193675889328;2.025;2.5;1.775;2.5;3.0;4.0;;0.0;0.0;0.0;148.0;80.0;100.0;Frejus;;1.0;2.0;2.2;0;0.0;0 - 1;3.2;Sporting Club Toulon;;0.0;3.0;2.875;0;1.0;-0.25;3 - 4;0-0;2.5;1.0;33 - 47;15 - 24;24.0;15.0;51.0;49.0;3.0;3.0;1.0;0.0;;;;;;;;78.0;70.0;47.0;33.0;51.0;49.0;7.0;6.0;3.0;5.0;;[90];[2];[False];['Sporting Club Toulon'];[0];[-1];['D'];['A'];1.0;0.0;0.0;1.0;0.0;0.0;;;;;;;
2026-05-02;193832117;France National 2;France;13:00;Full;0.6697545159796201;1.8;2.5, 3.0;2.0;2.5, 3.0;3.0;5.0;;2.0;2.0;4.0;147.0;80.0;100.0;Hyeres FC;;0.0;0.0;1.27;1;1.0;1 - 0;4.75;Rousset-Ste Victoire;;0.0;0.0;8.5;0;0.0;-1.5;3 - 5;2-2;2.75;1.25;39 - 41;19 - 22;22.0;19.0;57.0;43.0;1.0;5.0;5.0;4.0;;;;;;;;77.0;70.0;41.0;39.0;58.0;42.0;5.0;6.0;6.0;4.0;;[44];[1];[False];['Hyeres FC'];[0];[1];['D'];['H'];0.49;0.51;0.0;0.98;0.02;0.0;;;;;;;
2026-05-02;192944183;Saudi Arabia Pro League;Saudi Arabia;13:10;Full;-0.035714285714285754;2.025;2.5;1.775;2.5;4.0;1.0;;2.0;0.0;2.0;187.0;92.0;100.0;Damac FC;;0.0;1.0;2.625;0;0.0;0 - 2;3.5;Al Khaleej Saihat;;0.0;4.0;2.4;1;2.0;0.0;4 - 1;2-0;2.5;1.0;70 - 22;30 - 15;15.0;30.0;49.0;51.0;4.0;3.0;1.0;2.0;;;;;;;;63.0;124.0;22.0;70.0;43.0;57.0;5.0;9.0;2.0;6.0;;[29 90];[1 2];[False False];['Al Khaleej Saihat' 'Al Khaleej Saihat'];[ 0 -1];[-1 -2];['D' 'A'];['A' 'A'];0.32;0.0;0.68;0.64;0.0;0.36;220298.0;167228.0;damac fc;al-khaleej club;1.66;1.83;
2026-05-02;193776415;Saudi Arabia Division 1;Saudi Arabia;13:10;Full;0.34346976758494446;1.85;2.5, 3.0;1.95;2.5, 3.0;7.0;6.0;;1.0;1.0;2.0;170.0;98.0;100.0;Al Faisaly Harmah;;0.0;1.0;1.667;1;2.0;2 - 0;3.8;Al Jabalain;;0.0;3.0;3.9;0;0.0;-0.75;7 - 6;1-1;2.75;1.25;44 - 54;21 - 17;17.0;21.0;50.0;50.0;2.0;1.0;2.0;2.0;;;;;;;;87.0;83.0;54.0;44.0;50.0;50.0;6.0;3.0;2.0;7.0;;[48 74];[1 2];[ True False];['Al Faisaly Harmah' 'Al Faisaly Harmah'];[0 1];[1 2];['D' 'H'];['H' 'H'];0.53;0.47;0.0;1.0;0.0;0.0;;;;;;;
2026-05-02;193190226;Belgium First Division A;Belgium;13:15;Full;0.007843137254901933;1.8;2.5, 3.0;2.0;2.5, 3.0;3.0;6.0;;0.0;3.0;3.0;174.0;81.0;100.0;Charleroi;11.0;0.0;2.0;2.5;0;2.0;2 - 0;3.5;Genk;7.0;0.0;0.0;2.55;0;0.0;0.0;3 - 6;0-3;2.75;1.25;30 - 51;17 - 17;17.0;17.0;46.0;54.0;3.0;3.0;3.0;2.0;;;;;;;;107.0;67.0;51.0;30.0;51.0;49.0;8.0;7.0;9.0;6.0;;[55 69];[2 2];[False False];['Charleroi' 'Charleroi'];[0 1];[1 2];['D' 'H'];['H' 'H'];0.61;0.39;0.0;1.0;0.0;0.0;2898.0;2890.0;royal charleroi sc;krc genk;1.57;1.53;
2026-05-02;193782407;Oman League;Oman;13:20;Full;0.6168542135533884;1.875;2.5;1.925;2.5;3.0;5.0;;0.0;3.0;3.0;170.0;102.0;100.0;Al Seeb;;1.0;3.0;1.333;1;2.0;2 - 1;4.2;Dhofar;;0.0;3.0;7.5;0;1.0;-1.25;3 - 5;0-3;2.5;1.0;47 - 55;14 - 31;31.0;14.0;57.0;43.0;3.0;0.0;0.0;1.0;;;;;;;;99.0;71.0;55.0;47.0;52.0;48.0;5.0;3.0;3.0;6.0;;[22 56 96];[1 2 2];[False False  True];['Al Seeb' 'Dhofar' 'Al Seeb'];[0 1 0];[1 0 1];['D' 'H' 'D'];['H' 'D' 'H'];0.65;0.35;0.0;0.49;0.51;0.0;71044.0;57455.0;al-seeb;dhofar scsc;2.5;2.25;
2026-05-02;193758331;Wales Premier League;Wales;13:25;Full;0.09740259740259738;1.9;2.5;1.9;2.5;1.0;4.0;;1.0;1.0;2.0;233.0;102.0;100.0;Penybont;;0.0;3.0;2.2;1;2.0;2 - 0;3.3;Haverfordwest;;0.0;1.0;2.8;0;0.0;-0.25;1 - 4;1-1;2.5;1.0;35 - 67;25 - 26;26.0;25.0;60.0;40.0;5.0;2.0;0.0;2.0;;;;;;;;137.0;96.0;67.0;35.0;63.0;37.0;8.0;2.0;0.0;3.0;;[10 63];[1 2];[False False];['Penybont' 'Penybont'];[0 1];[1 2];['D' 'H'];['H' 'H'];0.11;0.89;0.0;0.22;0.78;0.0;115185.0;4915.0;pen-y-bont fc;haverfordwest county afc;1.72;1.72;
2026-05-02;193817131;Iraq Stars League;Iraq;13:30;Half;0.4848484848484848;2.0;2.5;1.8;2.5;1.0;6.0;;1.0;6.0;7.0;78.0;42.0;;Al Kahrabaa;;0.0;0.0;1.5;0;0.0;0 - 0;3.7;Al Najaf;;0.0;2.0;5.5;0;0.0;-1.0 (-0.25);1 - 6;1-6;2.5 (1.25);1;17 - 25;17 - 25;25.0;17.0;;;4.0;1.0;2.0;0.0;;;;;;;;46.0;32.0;25.0;17.0;;;4.0;1.0;2.0;0.0;;[];[];[];[];[];[];[];[];1.0;0.0;0.0;1.0;0.0;0.0;;;;;;;
2026-05-02;193826426;Chile Copa de la Liga;Chile;13:30;Full;0.047329276538201515;1.9;2.0, 2.5;1.9;2.0, 2.5;8.0;4.0;;2.0;1.0;3.0;231.0;153.0;100.0;Audax Italiano;;0.0;2.0;2.55;0;1.0;1 - 1;2.875;Union La Calera;;0.0;2.0;2.9;0;1.0;0.0;8 - 4;2-1;2.25;1.0;86 - 67;47 - 23;23.0;47.0;50.0;50.0;4.0;3.0;0.0;1.0;;;;;;;;116.0;115.0;67.0;86.0;50.0;50.0;8.0;12.0;2.0;5.0;;[85 90];[2 2];[False False];['Union La Calera' 'Audax Italiano'];[ 0 -1];[-1  0];['D' 'A'];['A' 'D'];0.94;0.0;0.06;1.0;0.0;0.0;3162.0;48242.0;audax italiano;deportes union la calera;1.8;1.8;
2026-05-02;192946425;Spain Segunda;Spain;13:30;Full;0.5324675324675325;1.875;3.0, 3.5;1.925;3.0, 3.5;12.0;3.0;;6.0;3.0;9.0;171.0;103.0;100.0;CD Castellon;;0.0;1.0;1.4;0;1.0;1 - 2;4.5;Cordoba;;0.0;6.0;5.5;0;2.0;-1.25;12 - 3;6-3;3.25;1.25;72 - 31;29 - 21;21.0;29.0;56.0;44.0;3.0;9.0;3.0;2.0;;;;;;;;67.0;104.0;31.0;72.0;44.0;56.0;5.0;13.0;7.0;10.0;;[52 64 82];[2 2 2];[False False False];['Cordoba' 'Cordoba' 'CD Castellon'];[ 0 -1 -2];[-1 -2 -1];['D' 'A' 'A'];['A' 'A' 'A'];0.58;0.0;0.42;1.0;0.0;0.0;5067.0;2850.0;cd castellon;cordoba cf;1.53;1.57;
2026-05-02;193109785;Spain Primera Division RFEF Group 2;Spain;13:30;Full;0.050167224080267636;1.925;2.5;1.875;2.5;9.0;1.0;;4.0;0.0;4.0;189.0;153.0;100.0;Betis Deportivo;;0.0;3.0;2.3;1;1.0;1 - 0;3.4;Antequera;;1.0;3.0;2.6;0;0.0;0.0;9 - 1;4-0;2.5;1.0;105 - 48;56 - 29;29.0;56.0;28.0;72.0;0.0;2.0;2.0;3.0;;;;;;;;73.0;116.0;48.0;105.0;35.0;65.0;0.0;8.0;2.0;5.0;;[13];[1];[False];['Betis Deportivo'];[0];[1];['D'];['H'];0.14;0.86;0.0;0.29;0.71;0.0;24358.0;24323.0;betis deportivo balompie;antequera cf;1.8;1.8;
2026-05-02;192932645;Germany Bundesliga I;Germany;13:30;Full;0.10971786833855796;1.95;3.5;1.9;3.5;7.0;3.0;;5.0;0.0;5.0;188.0;103.0;100.0;Bayer Leverkusen;6.0;0.0;1.0;2.2;2;4.0;4 - 1;3.9;RB Leipzig;3.0;0.0;2.0;2.9;0;1.0;-0.25;7 - 3;5-0;3.5;1.5;49 - 54;33 - 18;18.0;33.0;37.0;63.0;4.0;10.0;3.0;4.0;;;;;;;;94.0;94.0;54.0;49.0;46.0;54.0;9.0;15.0;5.0;8.0;;[25 45 76 80 89];[1 1 2 2 2];[False False False False False];"['Bayer Leverkusen' 'Bayer Leverkusen' 'Bayer Leverkusen' 'RB Leipzig'
 'Bayer Leverkusen']";[0 1 2 3 2];[1 2 3 2 3];['D' 'H' 'H' 'H' 'H'];['H' 'H' 'H' 'H' 'H'];0.28;0.72;0.0;0.56;0.44;0.0;2681.0;36360.0;bayer leverkusen;rb leipzig;1.36;1.33;
2026-05-02;193108868;Spain Primera Division RFEF Group 1;Spain;13:30;Full;0.20588235294117646;1.9;2.0;1.9;2.0;6.0;2.0;;3.0;1.0;4.0;146.0;64.0;100.0;Zamora CF;;0.0;5.0;2.0;0;3.0;3 - 0;3.1;Ponferradina;;0.0;5.0;3.4;0;0.0;-0.25;6 - 2;3-1;2.0;0.75;34 - 30;15 - 12;12.0;15.0;50.0;50.0;3.0;3.0;1.0;1.0;;;;;;;;74.0;72.0;30.0;34.0;50.0;50.0;6.0;8.0;3.0;5.0;;[ 57  96 100];[2 2 2];[False  True  True];['Zamora CF' 'Zamora CF' 'Zamora CF'];[0 1 2];[1 2 3];['D' 'H' 'H'];['H' 'H' 'H'];0.57;0.43;0.0;1.0;0.0;0.0;24379.0;6195.0;zamora cf;sd ponferradina;2.1;2.1;
2026-05-02;193199379;Greece Super League 1;Greece;13:30;Full;0.2799320292836244;2.05;2.0, 2.5;1.75;2.0, 2.5;4.0;4.0;;2.0;3.0;5.0;197.0;88.0;100.0;Asteras Tripolis;;0.0;1.0;1.909;3;4.0;4 - 2;3.3;Atromitos Athinon;;0.0;3.0;4.1;0;2.0;-0.5;4 - 4;2-3;2.25;0.75;32 - 56;17 - 19;19.0;17.0;59.0;41.0;3.0;3.0;1.0;7.0;;;;;;;;114.0;83.0;56.0;32.0;66.0;34.0;9.0;4.0;3.0;8.0;;[10 34 39 47 83 85];[1 1 1 2 2 2];[False False False False False False];"['Asteras Tripolis' 'Asteras Tripolis' 'Asteras Tripolis'
 'Asteras Tripolis' 'Atromitos Athinon' 'Atromitos Athinon']";[0 1 2 3 4 3];[1 2 3 4 3 2];['D' 'H' 'H' 'H' 'H' 'H'];['H' 'H' 'H' 'H' 'H' 'H'];0.11;0.89;0.0;0.22;0.78;0.0;6342.0;5062.0;asteras tripolis;atromitos athinon;1.95;2.0;
2026-05-02;193108865;Spain Primera Division RFEF Group 1;Spain;13:30;Full;0.20588235294117646;1.825;2.0, 2.5;1.975;2.0, 2.5;5.0;4.0;;3.0;3.0;6.0;238.0;119.0;100.0;Real Aviles CF;;0.0;5.0;2.0;1;2.0;2 - 2;3.2;CD Guadalajara S.A.D.;;0.0;4.0;3.4;1;2.0;-0.25;5 - 4;3-3;2.25;1.0;59 - 60;28 - 34;34.0;28.0;52.0;48.0;1.0;1.0;1.0;1.0;;;;;;;;128.0;110.0;60.0;59.0;49.0;51.0;3.0;2.0;2.0;2.0;;[ 5  9 86 97];[1 1 2 2];[False False False  True];"['CD Guadalajara S.A.D.' 'Real Aviles CF' 'Real Aviles CF'
 'CD Guadalajara S.A.D.']";[ 0 -1  0  1];[-1  0  1  0];['D' 'A' 'D' 'H'];['A' 'D' 'H' 'D'];0.85;0.11;0.04;0.91;0.0;0.09;77397.0;;real aviles cf;;;;
2026-05-02;193203072;Spain Segunda Division RFEF Group 3;Spain;13:30;Full;0.07114624505928857;1.85;2.0, 2.5;1.95;2.0, 2.5;2.0;6.0;;0.0;5.0;5.0;164.0;94.0;100.0;Espanyol B;;0.0;2.0;2.3;0;0.0;0 - 1;3.1;Atletico Baleares;;0.0;2.0;2.75;0;1.0;-0.25;2 - 6;0-5;2.25;1.0;54 - 40;26 - 26;26.0;26.0;52.0;48.0;4.0;4.0;1.0;1.0;;;;;;;;79.0;85.0;40.0;54.0;46.0;54.0;6.0;6.0;2.0;5.0;;[82];[2];[False];['Atletico Baleares'];[0];[-1];['D'];['A'];0.91;0.0;0.09;1.0;0.0;0.0;2814.0;;espanyol barcelona;;;;Youth
2026-05-02;193817064;Iraq Stars League;Iraq;13:30;Full;-0.2631578947368421;1.775;2.0;2.025;2.0;4.0;5.0;;0.0;1.0;1.0;180.0;95.0;;Al Minaa;;0.0;2.0;3.8;0;0.0;0 - 2;3.1;Al Quwa Al Jawiya;;0.0;1.0;1.9;1;2.0;+0.5;4 - 5;0-1;2.0;0.75;60 - 35;20 - 14;14.0;20.0;;;0.0;4.0;1.0;1.0;;;;;;;;83.0;97.0;35.0;60.0;;;0.0;5.0;3.0;2.0;;[22 61];[1 2];[False False];['Al Quwa Al Jawiya' 'Al Quwa Al Jawiya'];[ 0 -1];[-1 -2];['D' 'A'];['A' 'A'];0.24;0.0;0.76;0.49;0.0;0.51;;;;;;;
2026-05-02;193108863;Spain Primera Division RFEF Group 1;Spain;13:30;Full;0.24255024255024266;1.975;2.0, 2.5;1.825;2.0, 2.5;6.0;5.0;;5.0;3.0;8.0;226.0;68.0;100.0;CF Talavera;;0.0;3.0;1.95;0;2.0;2 - 1;3.1;Arenas Club de Getxo;;0.0;4.0;3.7;1;1.0;-0.5;6 - 5;5-3;2.25;1.0;44 - 24;24 - 15;15.0;24.0;50.0;50.0;2.0;12.0;1.0;3.0;;;;;;;;90.0;136.0;24.0;44.0;50.0;50.0;3.0;17.0;3.0;9.0;;[31 83 87];[1 2 2];[False False False];['Arenas Club de Getxo' 'CF Talavera' 'CF Talavera'];[ 0 -1  0];[-1  0  1];['D' 'A' 'D'];['A' 'D' 'H'];0.39;0.03;0.58;0.69;0.0;0.31;47567.0;216196.0;cf talavera de la reina;arenas club getxo;2.1;2.0;
2026-05-02;192946773;Spain La Liga;Spain;13:30;Full;-0.036363636363636376;1.8;2.0, 2.5;2.05;2.0, 2.5;4.0;7.0;;1.0;4.0;5.0;201.0;90.0;100.0;CD Alaves;;0.0;4.0;2.75;1;2.0;2 - 4;3.4;Athletic Club;;0.0;2.0;2.5;0;4.0;0.0;4 - 7;1-4;2.25;1.0;41 - 49;13 - 26;26.0;13.0;59.0;41.0;4.0;1.0;0.0;1.0;;;;;;;;120.0;81.0;49.0;41.0;50.0;50.0;5.0;3.0;4.0;4.0;;[ 8 47 68 74 83 87];[1 2 2 2 2 2];[False False False False False False];"['CD Alaves' 'Athletic Club' 'CD Alaves' 'Athletic Club' 'Athletic Club'
 'Athletic Club']";[ 0  1  0  1  0 -1];[ 1  0  1  0 -1 -2];['D' 'H' 'D' 'H' 'D' 'A'];['H' 'D' 'H' 'D' 'A' 'A'];0.42;0.5;0.08;0.18;0.82;0.0;2885.0;2825.0;deportivo alaves;athletic bilbao;1.75;1.9;
2026-05-02;192501216;England Premier League;England;13:30;Full;0.5467980295566504;1.9;2.5;1.95;2.5;3.0;4.0;;2.0;1.0;3.0;177.0;83.0;100.0;Arsenal;1.0;0.0;0.0;1.45;3;3.0;3 - 0;4.5;Fulham;10.0;0.0;1.0;7.0;0;0.0;-1.25;3 - 4;2-1;2.5;1.0;50 - 33;35 - 13;13.0;35.0;37.0;63.0;2.0;8.0;0.0;6.0;;;;;;;;73.0;104.0;33.0;50.0;46.0;54.0;9.0;9.0;1.0;9.0;;[ 9 40 49];[1 1 1];[False False  True];['Arsenal' 'Arsenal' 'Arsenal'];[0 1 2];[1 2 3];['D' 'H' 'H'];['H' 'H' 'H'];0.1;0.9;0.0;0.18;0.82;0.0;42.0;43.0;arsenal fc;fulham fc;1.9;2.05;
2026-05-02;193800826;Italy Serie A Women;Italy;13:30;Full;0.6624015748031495;2.025;3.0, 3.5;1.775;3.0, 3.5;6.0;2.0;;5.0;1.0;6.0;239.0;157.0;100.0;Roma (W);;0.0;0.0;1.27;1;2.0;2 - 0;5.0;Ternana (W);;0.0;0.0;8.0;0;0.0;-1.5;6 - 2;5-1;3.25;1.25;109 - 48;54 - 17;17.0;54.0;24.0;76.0;1.0;3.0;1.0;4.0;;;;;;;;83.0;156.0;48.0;109.0;32.0;68.0;1.0;7.0;2.0;6.0;;[25 71];[1 2];[False False];['Roma (W)' 'Roma (W)'];[0 1];[1 2];['D' 'H'];['H' 'H'];0.28;0.72;0.0;0.56;0.44;0.0;2702.0;943869.0;as roma;ternana;;;Women
2026-05-02;193777538;Italy Serie A Women;Italy;13:30;Full;0.4451612903225806;2.0;2.5, 3.0;1.8;2.5, 3.0;5.0;5.0;;3.0;4.0;7.0;189.0;130.0;100.0;Inter Milan (W);;1.0;0.0;1.55;1;1.0;1 - 0;3.9;AC Milan (W);;0.0;0.0;5.0;0;0.0;-1.0;5 - 5;3-4;2.75;1.25;56 - 74;24 - 35;35.0;24.0;50.0;50.0;2.0;0.0;1.0;1.0;;;;;;;;108.0;81.0;74.0;56.0;51.0;49.0;12.0;1.0;1.0;3.0;;[45];[1];[False];['Inter Milan (W)'];[0];[1];['D'];['H'];0.5;0.5;0.0;1.0;0.0;0.0;2697.0;2692.0;inter milano;ac milan;;;Women
2026-05-02;193814786;Spain Primera Women;Spain;13:30;Full;-0.6821384169084127;1.975;3.0;1.825;3.0;3.0;3.0;;3.0;1.0;4.0;168.0;61.0;100.0;Sevilla (W);;0.0;2.0;9.5;0;0.0;0 - 2;4.5;Real Madrid (W);;0.0;1.0;1.27;0;2.0;+1.5;3 - 3;3-1;3.0;1.25;26 - 35;8 - 20;20.0;8.0;65.0;35.0;7.0;1.0;1.0;0.0;;;;;;;;86.0;82.0;35.0;26.0;60.0;40.0;11.0;2.0;5.0;3.0;;[52 95];[2 2];[False  True];['Real Madrid (W)' 'Real Madrid (W)'];[ 0 -1];[-1 -2];['D' 'A'];['A' 'A'];0.55;0.0;0.45;1.0;0.0;0.0;2833.0;2829.0;sevilla fc;real madrid;;;Women
2026-05-02;193701836;Serbia Super Liga;Serbia;13:30;Full;0.5707915273132665;1.775;3.0;2.025;3.0;3.0;5.0;;3.0;0.0;3.0;237.0;130.0;100.0;Partizan Belgrade;3.0;0.0;3.0;1.38;2;2.0;2 - 1;5.25;FK Novi Pazar;5.0;0.0;1.0;6.5;0;1.0;-1.5;3 - 5;3-0;3.0;1.25;64 - 66;40 - 33;33.0;40.0;50.0;50.0;1.0;4.0;2.0;2.0;;;;;;;;114.0;123.0;66.0;64.0;50.0;50.0;5.0;6.0;4.0;2.0;;[23 45 78];[1 1 2];[False False False];['Partizan Belgrade' 'Partizan Belgrade' 'FK Novi Pazar'];[0 1 2];[1 2 1];['D' 'H' 'H'];['H' 'H' 'H'];0.26;0.74;0.0;0.51;0.49;0.0;5152.0;25736.0;fk partizan belgrade;fk novi pazar;;;
2026-05-02;193886788;Spain Tercera Group 6;Spain;13:30;Full;0.2923976608187135;1.875;2.0, 2.5;1.925;2.0, 2.5;6.0;4.0;;4.0;4.0;8.0;215.0;63.0;;Levante B;;0.0;1.0;1.8;0;0.0;0 - 1;3.4;Villarreal C;;0.0;3.0;3.8;0;1.0;-0.5;6 - 4;4-4;2.25;1.0;42 - 21;14 - 12;12.0;14.0;;;8.0;1.0;2.0;1.0;;;;;;;;91.0;124.0;21.0;42.0;;;8.0;8.0;5.0;2.0;;[46];[2];[False];['Villarreal C'];[0];[-1];['D'];['A'];0.51;0.0;0.49;1.0;0.0;0.0;2849.0;;levante ud;;;;Youth
2026-05-02;193701839;Serbia Super Liga;Serbia;13:30;Full;0.14204545454545453;1.8;2.5;2.0;2.5;5.0;4.0;;1.0;2.0;3.0;226.0;137.0;100.0;FK Zeleznicar Pancevo;;0.0;1.0;2.2;1;2.0;2 - 0;3.25;OFK Beograd;;0.0;2.0;3.2;0;0.0;-0.25;5 - 4;1-2;2.5;1.0;70 - 67;40 - 24;24.0;40.0;50.0;50.0;1.0;2.0;0.0;1.0;;;;;;;;121.0;105.0;67.0;70.0;50.0;50.0;4.0;7.0;1.0;2.0;;[37 49];[1 2];[False False];['FK Zeleznicar Pancevo' 'FK Zeleznicar Pancevo'];[0 1];[1 2];['D' 'H'];['H' 'H'];0.41;0.59;0.0;0.82;0.18;0.0;425695.0;5153.0;fk zeleznicar pancevo;ofk beograd;;;
2026-05-02;193776419;Saudi Arabia Division 1;Saudi Arabia;13:35;Full;0.15447154471544722;2.0;3.0;1.8;3.0;5.0;12.0;;5.0;5.0;10.0;138.0;94.0;100.0;Al Orubah;;0.0;3.0;2.05;1;2.0;2 - 0;3.4;Al Wahda Mecca;;0.0;1.0;3.0;0;0.0;-0.25;5 - 12;5-5;3.0;1.25;30 - 64;16 - 30;30.0;16.0;50.0;50.0;2.0;4.0;3.0;5.0;;;;;;;;75.0;63.0;64.0;30.0;50.0;50.0;5.0;5.0;6.0;6.0;;[48 93];[1 2];[ True  True];['Al Orubah' 'Al Orubah'];[0 1];[1 2];['D' 'H'];['H' 'H'];0.52;0.48;0.0;1.0;0.0;0.0;;;;;;;
2026-05-02;193340879;Croatia HNL;Croatia;13:45;Full;-0.14285714285714285;2.0;2.5;1.8;2.5;7.0;4.0;;5.0;2.0;7.0;265.0;144.0;100.0;Vukovar 1991;;0.0;4.0;3.0;0;1.0;1 - 0;3.2;NK Osijek;;0.0;2.0;2.1;0;0.0;+0.25;7 - 4;5-2;2.5;1.0;61 - 83;29 - 28;28.0;29.0;52.0;48.0;2.0;4.0;2.0;2.0;;;;;;;;152.0;113.0;83.0;61.0;59.0;41.0;6.0;5.0;5.0;4.0;;[56];[2];[False];['Vukovar 1991'];[0];[1];['D'];['H'];0.62;0.38;0.0;1.0;0.0;0.0;6672.0;2040.0;hnk vukovar 1991;nk osijek;1.72;1.8;
2026-05-02;193828997;Ecuador LigaPro Serie B;Ecuador;13:45;Full;0.5579710144927538;1.875;2.5, 3.0;1.925;2.5, 3.0;5.0;3.0;;2.0;0.0;2.0;171.0;83.0;100.0;Gualaceo SC;10.0;0.0;2.0;1.38;2;2.0;2 - 0;4.5;El Nacional;12.0;2.0;2.0;6.0;0;0.0;-1.25;5 - 3;2-0;2.75;1.25;45 - 38;25 - 21;21.0;25.0;50.0;50.0;1.0;3.0;1.0;3.0;;;;;;;;78.0;93.0;38.0;45.0;50.0;50.0;3.0;8.0;2.0;6.0;;[11 38];[1 1];[False False];['Gualaceo SC' 'Gualaceo SC'];[0 1];[1 2];['D' 'H'];['H' 'H'];0.12;0.88;0.0;0.24;0.76;0.0;;;;;;;Youth
2026-05-02;193005973;Netherlands Eredivisie;Netherlands;13:45;Full;0.35681657337708295;2.0;3.0;1.8;3.0;5.0;8.0;;4.0;4.0;8.0;207.0;58.0;100.0;FC Groningen;;0.0;0.0;1.727;1;2.0;2 - 3;4.0;Excelsior;;0.0;0.0;4.5;1;3.0;-0.75;5 - 8;4-4;3.0;1.25;28 - 30;15 - 15;15.0;15.0;45.0;55.0;5.0;2.0;4.0;2.0;;;;;;;;95.0;112.0;30.0;28.0;44.0;56.0;10.0;6.0;9.0;5.0;;[ 3 40 47 65 90];[1 1 2 2 2];[False False False False False];['FC Groningen' 'Excelsior' 'FC Groningen' 'Excelsior' 'Excelsior'];[0 1 0 1 0];[ 1  0  1  0 -1];['D' 'H' 'D' 'H' 'D'];['H' 'D' 'H' 'D' 'A'];0.39;0.61;0.0;0.18;0.82;0.0;2951.0;2967.0;fc groningen;excelsior rotterdam;1.61;1.57;
2026-05-02;193930199;Guatemala Liga Nacional Women;Guatemala;14:00;Full;0.14285714285714285;1.925;2.5, 3.0;1.875;2.5, 3.0;5.0;1.0;;1.0;0.0;1.0;158.0;112.0;;CSD Municipal (W);;1.0;2.0;2.1;0;0.0;0 - 1;3.25;Xelaju MC (W);;0.0;6.0;3.0;1;1.0;-0.5;5 - 1;1-0;2.75;1.25;69 - 43;36 - 26;26.0;36.0;;;4.0;6.0;1.0;3.0;;;;;;;;77.0;81.0;43.0;69.0;;;7.0;16.0;1.0;5.0;;[23];[1];[False];['Xelaju MC (W)'];[0];[-1];['D'];['A'];0.26;0.0;0.74;0.51;0.0;0.49;;;;;;;Women
2026-05-02;193802818;Montenegro Prva Liga;Montenegro;14:00;Full;0.5442253521126761;1.975;2.5;1.825;2.5;3.0;2.0;;1.0;1.0;2.0;253.0;126.0;;FK Mornar Bar;;0.0;1.0;1.42;1;3.0;3 - 0;3.9;FK Jedinstvo Franca;;0.0;4.0;6.25;0;0.0;-1.25;3 - 2;1-1;2.5;1.0;54 - 72;32 - 33;33.0;32.0;;;1.0;4.0;1.0;2.0;;;;;;;;140.0;113.0;72.0;54.0;;;3.0;6.0;2.0;4.0;;[37 79 85];[1 2 2];[False False False];['FK Mornar Bar' 'FK Mornar Bar' 'FK Mornar Bar'];[0 1 2];[1 2 3];['D' 'H' 'H'];['H' 'H' 'H'];0.41;0.59;0.0;0.82;0.18;0.0;;;;;;;
2026-05-02;193819000;Argentina Championship Women;Argentina;14:00;Full;0.43452380952380953;1.95;2.0, 2.5;1.85;2.0, 2.5;7.0;3.0;;5.0;2.0;7.0;72.0;141.0;100.0;Social Atletico Television (W);;1.0;2.0;1.6;0;0.0;0 - 1;3.3;Independiente (W);;0.0;1.0;5.25;0;1.0;-0.75;7 - 3;5-2;2.25;1.0;75 - 66;35 - 32;32.0;35.0;48.0;52.0;4.0;2.0;2.0;1.0;;;;;;;;40.0;32.0;66.0;75.0;48.0;52.0;5.0;3.0;4.0;2.0;;[89];[2];[False];['Independiente (W)'];[0];[-1];['D'];['A'];0.99;0.0;0.01;1.0;0.0;0.0;;3209.0;;ca independiente avellaneda;;;Women
2026-05-02;193773194;Belgium Super League Women;Belgium;14:00;Full;-0.016666666666666663;1.875;2.5;1.925;2.5;1.0;12.0;;0.0;5.0;5.0;192.0;149.0;100.0;Standard Liege (W);4.0;0.0;4.0;2.5;1;2.0;2 - 2;3.3;Club Brugge (W);3.0;0.0;2.0;2.4;2;2.0;0.0;1 - 12;0-5;2.5;1.0;68 - 81;31 - 38;38.0;31.0;68.0;32.0;2.0;1.0;4.0;1.0;;;;;;;;97.0;95.0;81.0;68.0;62.0;38.0;3.0;2.0;6.0;4.0;;[ 4 22 37 77];[1 1 1 2];[False False False False];"['Standard Liege (W)' 'Club Brugge (W)' 'Club Brugge (W)'
 'Standard Liege (W)']";[ 0  1  0 -1];[ 1  0 -1  0];['D' 'H' 'D' 'A'];['H' 'D' 'A' 'D'];0.36;0.2;0.44;0.42;0.4;0.18;2901.0;2888.0;standard liege;club brugge;;;Women
2026-05-02;192947752;Türkiye Super Lig;Turkey;14:00;Full;0.3409435575040671;1.975;3.0;1.825;3.0;4.0;3.0;;1.0;1.0;2.0;207.0;92.0;100.0;Trabzonspor;;1.0;5.0;1.727;0;1.0;1 - 1;4.0;Goztepe;;0.0;4.0;4.2;1;1.0;-0.75;4 - 3;1-1;3.0;1.25;46 - 46;19 - 25;25.0;19.0;41.0;59.0;9.0;2.0;3.0;2.0;;;;;;;;119.0;88.0;46.0;46.0;42.0;58.0;15.0;6.0;4.0;5.0;;[32 93];[1 2];[False  True];['Goztepe' 'Trabzonspor'];[ 0 -1];[-1  0];['D' 'A'];['A' 'D'];0.34;0.0;0.66;0.71;0.0;0.29;3051.0;3054.0;trabzonspor;goztepe izmir;1.72;1.61;
2026-05-02;192947731;Türkiye Super Lig;Turkey;14:00;Full;0.350140056022409;1.825;3.0;1.975;3.0;10.0;2.0;;4.0;2.0;6.0;181.0;98.0;100.0;Fenerbahce;;0.0;2.0;1.7;1;3.0;3 - 1;4.333;Istanbul Basaksehir;;0.0;2.0;4.2;1;1.0;-0.75;10 - 2;4-2;3.0;1.25;63 - 35;30 - 8;8.0;30.0;46.0;54.0;3.0;7.0;2.0;5.0;;;;;;;;84.0;97.0;35.0;63.0;51.0;49.0;11.0;14.0;4.0;10.0;;[28 36 57 72];[1 1 2 2];[False False False False];['Fenerbahce' 'Istanbul Basaksehir' 'Fenerbahce' 'Fenerbahce'];[0 1 0 1];[1 0 1 2];['D' 'H' 'D' 'H'];['H' 'D' 'H' 'H'];0.54;0.46;0.0;0.82;0.18;0.0;3052.0;3086.0;fenerbahce istanbul;istanbul basaksehir;1.57;1.53;
2026-05-02;193802820;Montenegro Prva Liga;Montenegro;14:00;Full;-0.3055555555555556;2.0;2.0, 2.5;1.8;2.0, 2.5;1.0;3.0;;0.0;1.0;1.0;253.0;129.0;;FK Bokelj;;0.0;1.0;4.0;1;2.0;2 - 3;3.2;Sutjeska Niksic;;0.0;1.0;1.8;1;3.0;0.5;1 - 3;0-1;2.25;0.75;48 - 81;15 - 45;45.0;15.0;;;6.0;0.0;2.0;1.0;;;;;;;;149.0;104.0;81.0;48.0;;;8.0;3.0;5.0;3.0;;[35 43 51 65 87];[1 1 2 2 2];[False False False False False];"['FK Bokelj' 'Sutjeska Niksic' 'Sutjeska Niksic' 'FK Bokelj'
 'Sutjeska Niksic']";[ 0  1  0 -1  0];[ 1  0 -1  0 -1];['D' 'H' 'D' 'A' 'D'];['H' 'D' 'A' 'D' 'A'];0.72;0.09;0.19;0.82;0.18;0.0;;;;;;;
2026-05-02;193884007;Morocco GNF 2;Morocco;14:00;Full;0.11303191489361702;1.95;1.5, 2.0;1.85;1.5, 2.0;3.0;3.0;;0.0;0.0;0.0;119.0;60.0;100.0;Chabab Atlas Khénifra;;0.0;3.0;2.35;1;4.0;4 - 0;2.625;Mouloudia Oujda;;1.0;3.0;3.2;0;0.0;-0.25;3 - 3;0-0;1.75;0.75;34 - 26;15 - 15;15.0;15.0;31.0;69.0;1.0;3.0;2.0;1.0;;;;;;;;52.0;67.0;26.0;34.0;35.0;65.0;2.0;6.0;3.0;6.0;;[11 77 89 92];[1 2 2 2];[False False False  True];"['Chabab Atlas Khénifra' 'Chabab Atlas Khénifra' 'Chabab Atlas Khénifra'
 'Chabab Atlas Khénifra']";[0 1 2 3];[1 2 3 4];['D' 'H' 'H' 'H'];['H' 'H' 'H' 'H'];0.12;0.88;0.0;0.24;0.76;0.0;;;;;;;
2026-05-02;192947747;Türkiye Super Lig;Turkey;14:00;Full;-0.36909304038107676;1.925;3.0;1.875;3.0;3.0;6.0;;2.0;3.0;5.0;139.0;49.0;100.0;Samsunspor;;0.0;2.0;4.333;1;4.0;4 - 1;4.333;Galatasaray;;1.0;0.0;1.667;1;1.0;0.75;3 - 6;2-3;3.0;1.25;23 - 26;15 - 11;11.0;15.0;42.0;58.0;1.0;1.0;2.0;2.0;;;;;;;;69.0;70.0;26.0;23.0;48.0;52.0;9.0;5.0;3.0;7.0;;[ 9 22 57 71 82];[1 1 2 2 2];[False False False False False];['Galatasaray' 'Samsunspor' 'Samsunspor' 'Samsunspor' 'Samsunspor'];[ 0 -1  0  1  2];[-1  0  1  2  3];['D' 'A' 'D' 'H' 'H'];['A' 'D' 'H' 'H' 'H'];0.49;0.37;0.14;0.71;0.0;0.29;3053.0;3061.0;samsunspor;galatasaray istanbul;1.61;1.57;
2026-05-02;193201572;USA MLS;USA;14:00;Full;-0.1847745750184775;1.975;3.0;1.825;3.0;8.0;9.0;;3.0;3.0;6.0;179.0;96.0;100.0;Toronto FC;;0.0;2.0;3.3;1;1.0;1 - 1;3.8;San Jose;;0.0;2.0;2.05;1;1.0;+0.5;8 - 9;3-3;3.0;1.25;46 - 50;27 - 23;23.0;27.0;51.0;49.0;2.0;7.0;2.0;1.0;;;;;;;;87.0;92.0;50.0;46.0;51.0;49.0;7.0;10.0;4.0;2.0;;[ 2 14];[1 1];[False False];['Toronto FC' 'San Jose'];[0 1];[1 0];['D' 'H'];['H' 'D'];0.87;0.13;0.0;0.73;0.27;0.0;7080.0;21825.0;toronto fc;san jose earthquakes;1.53;1.53;
2026-05-02;193832100;France National 2;France;14:00;Full;0.1923076923076923;2.0;2.5;1.8;2.5;8.0;8.0;;4.0;6.0;10.0;195.0;102.0;100.0;AS Montlouis;;0.0;3.0;2.0;0;1.0;1 - 1;3.25;Chateaubriant;;0.0;3.0;3.25;1;1.0;-0.25;8 - 8;4-6;2.5;1.0;68 - 34;28 - 16;16.0;28.0;32.0;68.0;2.0;5.0;1.0;2.0;;;;;;;;86.0;109.0;34.0;68.0;33.0;67.0;4.0;8.0;1.0;6.0;;[ 3 59];[1 2];[False False];['Chateaubriant' 'AS Montlouis'];[ 0 -1];[-1  0];['D' 'A'];['A' 'D'];0.38;0.0;0.62;0.07;0.0;0.93;;;;;;;
2026-05-02;193005696;France Ligue 1;France;14:00;Full;-0.5902806870548805;1.925;3.5, 4.0;1.925;3.5, 4.0;5.0;9.0;;0.0;5.0;5.0;210.0;103.0;100.0;Metz;18.0;0.0;0.0;7.0;0;1.0;1 - 2;5.5;Monaco;7.0;0.0;2.0;1.364;0;2.0;+1.5;5 - 9;0-5;3.75;1.5;49 - 54;16 - 34;34.0;16.0;74.0;26.0;7.0;5.0;0.0;0.0;;;;;;;;125.0;85.0;54.0;49.0;66.0;34.0;12.0;12.0;3.0;1.0;;[49 61 91];[2 2 2];[False False  True];['Metz' 'Monaco' 'Monaco'];[0 1 0];[ 1  0 -1];['D' 'H' 'D'];['H' 'D' 'A'];0.87;0.13;0.0;1.0;0.0;0.0;1651.0;1653.0;fc metz;as monaco;1.53;1.44;
2026-05-02;193821597;Switzerland 1.Liga Classic;Switzerland;14:00;Full;0.06993006993006995;1.975;3.0;1.825;3.0;10.0;0.0;;5.0;0.0;5.0;238.0;146.0;;FC Prishtina Bern;;0.0;2.0;2.2;0;2.0;2 - 4;3.6;CS Chenois;;0.0;3.0;2.6;2;4.0;-0.25;10 - 0;5-0;3.0;1.25;96 - 50;40 - 31;31.0;40.0;;;6.0;3.0;2.0;4.0;;;;;;;;98.0;140.0;50.0;96.0;;;7.0;6.0;5.0;9.0;;[14 17 47 52 54 91];[1 1 2 2 2 2];[False False False False False  True];"['CS Chenois' 'CS Chenois' 'FC Prishtina Bern' 'CS Chenois'
 'FC Prishtina Bern' 'CS Chenois']";[ 0 -1 -2 -1 -2 -1];[-1 -2 -1 -2 -1 -2];['D' 'A' 'A' 'A' 'A' 'A'];['A' 'A' 'A' 'A' 'A' 'A'];0.15;0.0;0.85;0.31;0.0;0.69;;;;;;;
2026-05-02;193067273;Argentina Liga Profesional;Argentina;14:00;Full;0.06957621758380778;1.8;1.5, 2.0;2.0;1.5, 2.0;2.0;6.0;;2.0;5.0;7.0;217.0;138.0;100.0;Barracas Central;;0.0;1.0;2.55;1;1.0;1 - 2;2.9;Banfield;;0.0;0.0;3.1;1;2.0;0.0;2 - 6;2-5;1.75;0.75;66 - 72;24 - 34;34.0;24.0;52.0;48.0;7.0;6.0;3.0;2.0;;;;;;;;112.0;105.0;72.0;66.0;52.0;48.0;11.0;8.0;6.0;8.0;;[ 8 16 91];[1 1 2];[False False  True];['Banfield' 'Barracas Central' 'Banfield'];[ 0 -1  0];[-1  0 -1];['D' 'A' 'D'];['A' 'D' 'A'];0.91;0.0;0.09;0.82;0.0;0.18;65668.0;3219.0;ca barracas central;ca banfield;;;
2026-05-02;193800380;Georgia First League;Georgia;14:00;Full;-0.02721088435374147;1.925;2.5;1.875;2.5;7.0;2.0;;3.0;1.0;4.0;51.0;35.0;100.0;Aragvi Dusheti;6.0;0.0;3.0;2.625;0;2.0;2 - 1;3.0;FC Telavi;5.0;0.0;4.0;2.45;1;1.0;0.0;7 - 2;3-1;2.5;1.0;21 - 14;-;0.0;0.0;48.0;52.0;0.0;0.0;1.0;0.0;;;;;;;;25.0;26.0;14.0;21.0;50.0;50.0;0.0;5.0;3.0;2.0;;[ 9 75 89];[1 2 2];[False False False];['FC Telavi' 'Aragvi Dusheti' 'Aragvi Dusheti'];[ 0 -1  0];[-1  0  1];['D' 'A' 'D'];['A' 'D' 'H'];0.26;0.01;0.73;0.2;0.0;0.8;;;;;;;
2026-05-02;193969011;Senegal Ligue 2;Senegal;14:00;Full;0.1367521367521367;1.925;1.5, 2.0;1.875;1.5, 2.0;1.0;5.0;;0.0;4.0;4.0;126.0;108.0;;Oslo FA;;0.0;2.0;2.25;0;1.0;1 - 1;2.75;Jamono Fatick;;0.0;2.0;3.25;1;1.0;-0.25;1 - 5;0-4;1.75;0.75;52 - 56;23 - 28;28.0;23.0;;;2.0;1.0;2.0;1.0;;;;;;;;67.0;59.0;56.0;52.0;;;4.0;6.0;3.0;2.0;;[17 52];[1 2];[False False];['Jamono Fatick' 'Oslo FA'];[ 0 -1];[-1  0];['D' 'A'];['A' 'D'];0.61;0.0;0.39;0.38;0.0;0.62;;;;;;;
2026-05-02;193800672;Republic of Ireland National League Women;Ireland;14:00;Full;0.45231572080887156;1.925;2.5, 3.0;1.875;2.5, 3.0;4.0;2.0;;1.0;0.0;1.0;163.0;105.0;;Wexford Youths (W);;0.0;1.0;1.533;1;1.0;1 - 1;3.9;DLR Waves (W);;0.0;1.0;5.0;0;1.0;-1.0;4 - 2;1-0;2.75;1.25;70 - 35;30 - 17;17.0;30.0;;;0.0;5.0;0.0;1.0;;;;;;;;70.0;93.0;35.0;70.0;;;0.0;9.0;2.0;2.0;;[38 59];[1 2];[False False];['Wexford Youths (W)' 'DLR Waves (W)'];[0 1];[1 0];['D' 'H'];['H' 'D'];0.77;0.23;0.0;0.84;0.16;0.0;;;;;;;Youth-Women
2026-05-02;193946618;Senegal Premier League;Senegal;14:00;Full;-0.012315270935960576;1.8;1.5;2.0;1.5;4.0;4.0;;1.0;0.0;1.0;140.0;124.0;;AS Dakar Sacre Coeur;;0.0;1.0;2.9;0;1.0;1 - 2;2.4;ASC Wally Daan;;0.0;0.0;2.8;1;2.0;0.0;4 - 4;1-0;1.5;0.5;65 - 59;32 - 19;19.0;32.0;;;3.0;2.0;5.0;2.0;;;;;;;;62.0;78.0;59.0;65.0;;;5.0;7.0;6.0;6.0;;[21 51 69];[1 2 2];[False False False];['ASC Wally Daan' 'AS Dakar Sacre Coeur' 'ASC Wally Daan'];[ 0 -1  0];[-1  0 -1];['D' 'A' 'D'];['A' 'D' 'A'];0.43;0.0;0.57;0.47;0.0;0.53;;;;;;;
2026-05-02;192943803;Portugal Primeira Liga;Portugal;14:00;Full;-0.4431818181818182;1.975;2.5, 3.0;1.875;2.5, 3.0;6.0;4.0;;3.0;1.0;4.0;165.0;82.0;100.0;Famalicao;5.0;0.0;2.0;5.5;0;2.0;2 - 2;3.9;Benfica;2.0;1.0;2.0;1.6;2;2.0;+1.0;6 - 4;3-1;2.75;1.25;48 - 34;19 - 17;17.0;19.0;52.0;48.0;3.0;2.0;4.0;1.0;;;;;;;;93.0;72.0;34.0;48.0;45.0;55.0;5.0;9.0;4.0;6.0;;[13 19 67 78];[1 1 2 2];[False False False False];['Benfica' 'Benfica' 'Famalicao' 'Famalicao'];[ 0 -1 -2 -1];[-1 -2 -1  0];['D' 'A' 'A' 'A'];['A' 'A' 'A' 'D'];0.28;0.0;0.72;0.29;0.0;0.71;49531.0;3006.0;fc famalicao;sl benfica;1.75;1.75;
2026-05-02;193800375;Georgia Erovnuli Liga;Georgia;14:00;Full;0.12028869286287086;1.825;2.5;1.975;2.5;10.0;5.0;;7.0;0.0;7.0;216.0;136.0;100.0;Samgurali;9.0;0.0;0.0;2.15;2;2.0;2 - 0;3.4;FC Gagra;7.0;0.0;3.0;2.9;0;0.0;-0.25;10 - 5;7-0;2.5;1.0;64 - 72;36 - 25;25.0;36.0;47.0;53.0;0.0;7.0;1.0;4.0;;;;;;;;108.0;108.0;72.0;64.0;52.0;48.0;7.0;12.0;2.0;5.0;;[17 25];[1 1];[False False];['Samgurali' 'Samgurali'];[0 1];[1 2];['D' 'H'];['H' 'H'];0.19;0.81;0.0;0.38;0.62;0.0;;;;;;;
2026-05-02;193821060;Mauritania Division 2;Mauritania;14:00;Full;0.1620859760394644;1.8;2.0;2.0;2.0;6.0;2.0;;1.0;2.0;3.0;131.0;131.0;;Star Arafat;;0.0;2.0;2.15;0;0.0;0 - 1;2.875;FC Dar El Barka;;0.0;3.0;3.3;1;1.0;-0.25;6 - 2;1-2;2.0;0.75;75 - 56;28 - 27;27.0;28.0;;;4.0;3.0;4.0;2.0;;;;;;;;68.0;63.0;56.0;75.0;;;8.0;6.0;8.0;10.0;;[30];[1];[False];['FC Dar El Barka'];[0];[-1];['D'];['A'];0.33;0.0;0.67;0.67;0.0;0.33;;;;;;;
2026-05-02;193946622;Senegal Ligue 2;Senegal;14:00;Full;0.18733850129198965;1.85;1.5, 2.0;1.95;1.5, 2.0;6.0;7.0;;4.0;4.0;8.0;166.0;194.0;;AS Douanes Dakar;;0.0;4.0;2.15;1;2.0;2 - 1;2.875;ASC Port Autonome;;0.0;2.0;3.6;1;1.0;-0.25;6 - 7;4-4;1.75;0.75;102 - 92;45 - 34;34.0;45.0;;;3.0;2.0;3.0;4.0;;;;;;;;78.0;88.0;92.0;102.0;;;7.0;3.0;7.0;6.0;;[36 44 91];[1 1 2];[False False  True];['ASC Port Autonome' 'AS Douanes Dakar' 'AS Douanes Dakar'];[ 0 -1  0];[-1  0  1];['D' 'A' 'D'];['A' 'D' 'H'];0.91;0.0;0.09;0.82;0.0;0.18;;;;;;;
2026-05-02;193814571;Israel Premier League;Israel;14:15;Full;-0.3226285391890487;2.0;3.0;1.8;3.0;6.0;4.0;;4.0;1.0;5.0;141.0;101.0;100.0;Hapoel Petach Tikva;;1.0;3.0;3.9;1;1.0;1 - 2;3.6;Maccabi Haifa;;0.0;2.0;1.727;0;2.0;0.5;6 - 4;4-1;3.0;1.25;44 - 57;20 - 24;24.0;20.0;46.0;54.0;4.0;3.0;3.0;2.0;;;;;;;;77.0;64.0;57.0;44.0;50.0;50.0;12.0;6.0;7.0;3.0;;[31 64 96];[1 2 2];[False False  True];['Hapoel Petach Tikva' 'Maccabi Haifa' 'Maccabi Haifa'];[0 1 0];[ 1  0 -1];['D' 'H' 'D'];['H' 'D' 'A'];0.66;0.34;0.0;0.69;0.31;0.0;5199.0;5197.0;hapoel petah tikva fc;maccabi haifa fc;1.57;1.57;
2026-05-02;192940959;Hungary NB I;Hungary;14:15;Full;0.7691006117402057;1.975;3.5, 4.0;1.825;3.5, 4.0;4.0;4.0;;3.0;0.0;3.0;223.0;131.0;100.0;Gyor Eto FC;1.0;0.0;1.0;1.182;2;4.0;4 - 0;7.0;Diosgyori VTK;11.0;0.0;2.0;13.0;0;0.0;-2.25;4 - 4;3-0;3.75;1.5;86 - 45;58 - 16;16.0;58.0;50.0;50.0;2.0;4.0;0.0;4.0;;;;;;;;95.0;128.0;45.0;86.0;50.0;50.0;2.0;8.0;1.0;6.0;;[33 44 47 66];[1 1 2 2];[False False False False];['Gyor Eto FC' 'Gyor Eto FC' 'Gyor Eto FC' 'Gyor Eto FC'];[0 1 2 3];[1 2 3 4];['D' 'H' 'H' 'H'];['H' 'H' 'H' 'H'];0.37;0.63;0.0;0.73;0.27;0.0;1923.0;5121.0;wkw eto fc gyor;diosgyori vtk;1.83;1.72;
2026-05-02;193882748;Uruguay Primera Division Amateur;Uruguay;14:30;Full;0.2142857142857143;1.825;2.5;1.975;2.5;2.0;1.0;;0.0;1.0;1.0;197.0;74.0;100.0;Potencia;;0.0;4.0;2.0;0;0.0;0 - 3;3.25;Salus;;0.0;2.0;3.5;2;3.0;-0.5;2 - 1;0-1;2.5;1.0;31 - 43;11 - 22;22.0;11.0;54.0;46.0;1.0;1.0;2.0;0.0;;;;;;;;110.0;87.0;43.0;31.0;51.0;49.0;4.0;6.0;5.0;2.0;;[ 5 40 82];[1 1 2];[False False False];['Salus' 'Salus' 'Salus'];[ 0 -1 -2];[-1 -2 -3];['D' 'A' 'A'];['A' 'A' 'A'];0.06;0.0;0.94;0.11;0.0;0.89;;;;;;;
2026-05-02;193814575;Israel Premier League;Israel;14:30;Full;0.08080808080808077;1.9;3.0;1.9;3.0;9.0;4.0;;6.0;2.0;8.0;151.0;86.0;100.0;Beitar Jerusalem;2.0;0.0;1.0;2.25;3;4.0;4 - 2;3.4;Maccabi Tel Aviv;3.0;1.0;5.0;2.75;2;2.0;-0.25;9 - 4;6-2;3.0;1.25;55 - 31;32 - 10;10.0;32.0;50.0;50.0;0.0;1.0;2.0;5.0;;;;;;;;79.0;72.0;31.0;55.0;50.0;50.0;2.0;3.0;3.0;7.0;;[ 6 18 30 34 46 53];[1 1 1 1 1 2];[False False False False  True False];"['Maccabi Tel Aviv' 'Beitar Jerusalem' 'Beitar Jerusalem'
 'Beitar Jerusalem' 'Maccabi Tel Aviv' 'Beitar Jerusalem']";[ 0 -1  0  1  2  1];[-1  0  1  2  1  2];['D' 'A' 'D' 'H' 'H' 'H'];['A' 'D' 'H' 'H' 'H' 'H'];0.2;0.67;0.13;0.39;0.35;0.26;5204.0;5198.0;beitar jerusalem fc;maccabi tel aviv fc;1.5;1.5;
2026-05-02;193821272;Finland Kolmonen;Finland;14:30;Full;0.4819944598337951;1.925;3.5, 4.0;1.875;3.5, 4.0;11.0;5.0;;0.0;2.0;2.0;177.0;137.0;;Valtti;;1.0;7.0;1.444;1;2.0;2 - 0;4.75;Töölön Taisto;;0.0;1.0;4.75;0;0.0;-1.25;11 - 5;0-2;3.75;1.5;56 - 81;20 - 43;43.0;20.0;;;4.0;1.0;1.0;1.0;;;;;;;;94.0;83.0;81.0;56.0;;;7.0;2.0;1.0;3.0;;[17 48];[1 2];[False False];['Valtti' 'Valtti'];[0 1];[1 2];['D' 'H'];['H' 'H'];0.19;0.81;0.0;0.38;0.62;0.0;;194966.0;;toolon taisto;;;
2026-05-02;193767678;France National;France;14:30;Full;0.32476857194143144;1.875;2.0, 2.5;1.925;2.0, 2.5;7.0;11.0;;5.0;6.0;11.0;149.0;74.0;100.0;Bourg-Peronnas;;0.0;3.0;1.8;0;1.0;1 - 0;3.1;Villefranche;;0.0;3.0;4.333;0;0.0;-0.5;7 - 11;5-6;2.25;1.0;35 - 39;16 - 21;21.0;16.0;62.0;38.0;5.0;7.0;2.0;2.0;;;;;;;;87.0;62.0;39.0;35.0;61.0;39.0;9.0;15.0;2.0;5.0;;[47];[2];[False];['Bourg-Peronnas'];[0];[1];['D'];['H'];0.52;0.48;0.0;1.0;0.0;0.0;35056.0;32934.0;football bourg-en-bresse peronnas 01;fc villefranche beaujolais;;;
2026-05-02;193769280;France National;France;14:30;Full;-0.20588235294117646;2.0;2.0, 2.5;1.8;2.0, 2.5;2.0;8.0;;1.0;6.0;7.0;164.0;84.0;100.0;US Quevilly;;0.0;3.0;3.4;0;0.0;0 - 0;3.0;Rouen;;0.0;3.0;2.0;0;0.0;+0.25;2 - 8;1-6;2.25;0.75;34 - 50;17 - 26;26.0;17.0;50.0;50.0;6.0;3.0;3.0;1.0;;;;;;;;86.0;78.0;50.0;34.0;50.0;50.0;8.0;7.0;3.0;4.0;;[];[];[];[];[];[];[];[];1.0;0.0;0.0;1.0;0.0;0.0;233162.0;4493.0;quevilly-rouen metropole;fc rouen;;;
2026-05-02;192496690;Poland I Liga;Poland;14:30;Full;0.3776578017729787;1.775;2.0, 2.5;2.025;2.0, 2.5;4.0;2.0;;3.0;0.0;3.0;163.0;146.0;100.0;LKS Lodz;;0.0;1.0;1.667;2;4.0;4 - 0;3.3;Pogon Siedlce;;0.0;0.0;4.5;0;0.0;-0.75;4 - 2;3-0;2.25;1.0;84 - 62;46 - 26;26.0;46.0;39.0;61.0;3.0;6.0;0.0;3.0;;;;;;;;84.0;79.0;62.0;84.0;46.0;54.0;4.0;8.0;1.0;9.0;;[ 6 44 48 52];[1 1 2 2];[False False False False];['LKS Lodz' 'LKS Lodz' 'LKS Lodz' 'LKS Lodz'];[0 1 2 3];[1 2 3 4];['D' 'H' 'H' 'H'];['H' 'H' 'H' 'H'];0.07;0.93;0.0;0.13;0.87;0.0;3123.0;162252.0;lks lodz;pogon siedlce;1.83;1.9;
2026-05-02;193874601;Mexico Liga MX U19;Mexico;14:30;Full;0.13178294573643412;1.85;2.5;1.95;2.5;9.0;4.0;;5.0;3.0;8.0;159.0;168.0;;Juarez FC U19;;0.0;0.0;2.15;0;0.0;0 - 1;3.1;Tijuana U19;;1.0;2.0;3.0;0;1.0;-0.25;9 - 4;5-3;2.5;1.0;97 - 71;41 - 51;51.0;41.0;;;0.0;1.0;1.0;0.0;;;;;;;;75.0;84.0;71.0;97.0;;;0.0;4.0;2.0;1.0;;[91];[2];[ True];['Tijuana U19'];[0];[-1];['D'];['A'];1.0;0.0;0.0;1.0;0.0;0.0;215048.0;334053.0;fc juarez;club tijuana de caliente;;;Youth
2026-05-02;192496703;Poland I Liga;Poland;14:30;Full;-0.25252525252525254;1.775;3.0;2.025;3.0;5.0;5.0;;3.0;2.0;5.0;256.0;128.0;100.0;Pogon Grodzisk Mazowiecki;;0.0;2.0;3.3;0;1.0;1 - 4;3.75;Wieczysta Krakow;;0.0;1.0;1.8;0;4.0;+0.5;5 - 5;3-2;3.0;1.25;42 - 86;20 - 48;48.0;20.0;53.0;47.0;12.0;3.0;5.0;2.0;;;;;;;;151.0;105.0;86.0;42.0;58.0;42.0;15.0;6.0;13.0;4.0;;[49 69 71 76 82];[2 2 2 2 2];[False False False False False];"['Pogon Grodzisk Mazowiecki' 'Wieczysta Krakow' 'Wieczysta Krakow'
 'Wieczysta Krakow' 'Wieczysta Krakow']";[ 0  1  0 -1 -2];[ 1  0 -1 -2 -3];['D' 'H' 'D' 'A' 'A'];['H' 'D' 'A' 'A' 'A'];0.57;0.22;0.21;1.0;0.0;0.0;216968.0;406863.0;pogon grodzisk mazowiecki;wieczysta krakow;1.5;1.5;
2026-05-02;193330027;Romania Liga I;Romania;14:30;Full;0.43452380952380953;1.875;2.0, 2.5;1.925;2.0, 2.5;6.0;4.0;;3.0;3.0;6.0;198.0;93.0;100.0;Universitatea Cluj;;0.0;3.0;1.6;0;1.0;1 - 0;3.6;FC Arges Pitesti;;0.0;2.0;5.25;0;0.0;-0.75;6 - 4;3-3;2.25;1.0;65 - 28;17 - 15;15.0;17.0;41.0;59.0;3.0;2.0;0.0;2.0;;;;;;;;72.0;126.0;28.0;65.0;37.0;63.0;7.0;10.0;0.0;6.0;;[92];[2];[ True];['Universitatea Cluj'];[0];[1];['D'];['H'];1.0;0.0;0.0;1.0;0.0;0.0;7734.0;116221.0;fc universitatea cluj;acs champions fc arges;2.1;2.1;
2026-05-02;193067319;Argentina Liga Profesional;Argentina;14:30;Full;0.31330815251854094;1.9;1.5, 2.0;1.9;1.5, 2.0;4.0;7.0;;1.0;1.0;2.0;199.0;99.0;100.0;Lanus;;0.0;2.0;1.909;0;0.0;0 - 0;3.0;Deportivo Riestra;;0.0;3.0;4.75;0;0.0;-0.5;4 - 7;1-1;1.75;0.75;54 - 45;20 - 16;16.0;20.0;34.0;66.0;1.0;1.0;0.0;2.0;;;;;;;;90.0;109.0;45.0;54.0;29.0;71.0;3.0;5.0;2.0;7.0;;[];[];[];[];[];[];[];[];1.0;0.0;0.0;1.0;0.0;0.0;3218.0;191648.0;ca lanus;deportivo riestra afbc;;;
2026-05-02;192496735;Poland I Liga;Poland;14:30;Full;0.28528528528528535;1.925;3.0;1.875;3.0;7.0;6.0;;1.0;3.0;4.0;151.0;131.0;100.0;Miedz Legnica;;0.0;1.0;1.8;0;1.0;1 - 0;3.5;Stal Mielec;;0.0;0.0;3.7;0;0.0;-0.5;7 - 6;1-3;3.0;1.25;56 - 75;21 - 42;42.0;21.0;50.0;50.0;5.0;6.0;3.0;3.0;;;;;;;;82.0;69.0;75.0;56.0;50.0;50.0;6.0;10.0;5.0;5.0;;[70];[2];[False];['Miedz Legnica'];[0];[1];['D'];['H'];0.78;0.22;0.0;1.0;0.0;0.0;35330.0;38732.0;miedz legnica;fks stal mielec;1.53;1.53;
2026-05-02;193773203;Belgium Super League Women;Belgium;14:30;Full;-0.15447154471544722;1.875;2.5;1.925;2.5;9.0;7.0;;3.0;3.0;6.0;156.0;103.0;100.0;Gent (W);;0.0;0.0;3.0;0;0.0;0 - 1;3.4;Zulte-Waregem (W);;0.0;3.0;2.05;1;1.0;+0.5;9 - 7;3-3;2.5;1.0;54 - 49;23 - 22;22.0;23.0;52.0;48.0;0.0;4.0;4.0;1.0;;;;;;;;83.0;73.0;49.0;54.0;47.0;53.0;5.0;7.0;5.0;2.0;;[8];[1];[False];['Zulte-Waregem (W)'];[0];[-1];['D'];['A'];0.09;0.0;0.91;0.18;0.0;0.82;2903.0;2933.0;kaa gent;sv zulte waregem;;;Women
2026-05-02;193814579;Israel Premier League;Israel;14:30;Full;0.3226285391890487;1.95;2.5, 3.0;1.85;2.5, 3.0;0.0;2.0;;0.0;0.0;0.0;197.0;108.0;100.0;Hapoel Beer Sheva;;0.0;2.0;1.727;1;2.0;2 - 0;3.6;Hapoel Tel-Aviv;;0.0;2.0;3.9;0;0.0;-0.75;0 - 2;0-0;2.75;1.25;58 - 50;28 - 20;20.0;28.0;42.0;58.0;1.0;5.0;1.0;1.0;;;;;;;;91.0;106.0;50.0;58.0;46.0;54.0;6.0;8.0;2.0;4.0;;[13 49];[1 2];[False False];['Hapoel Beer Sheva' 'Hapoel Beer Sheva'];[0 1];[1 2];['D' 'H'];['H' 'H'];0.14;0.86;0.0;0.29;0.71;0.0;5202.0;5396.0;hapoel be`er sheva fc;hapoel tel aviv fc;1.66;1.66;
2026-05-02;193776425;Saudi Arabia Division 1;Saudi Arabia;14:50;Full;0.3498800239952009;1.975;3.0;1.825;3.0;0.0;6.0;;0.0;3.0;3.0;150.0;100.0;100.0;Al-Ula;4.0;0.0;1.0;1.667;1;2.0;2 - 1;3.75;Al Raed;7.0;0.0;3.0;4.0;0;1.0;-0.75;0 - 6;0-3;3.0;1.25;41 - 59;21 - 23;23.0;21.0;50.0;50.0;2.0;1.0;2.0;3.0;;;;;;;;86.0;64.0;59.0;41.0;56.0;44.0;5.0;3.0;6.0;4.0;;[42 67 69];[1 2 2];[False False False];['Al-Ula' 'Al Raed' 'Al-Ula'];[0 1 0];[1 0 1];['D' 'H' 'D'];['H' 'D' 'H'];0.49;0.51;0.0;0.93;0.07;0.0;;;;;;;
2026-05-02;193005795;France Ligue 2;France;15:00;Full;0.4215287371947474;2.025;3.0;1.775;3.0;4.0;3.0;;0.0;1.0;1.0;219.0;81.0;100.0;Troyes;;0.0;1.0;1.533;2;4.0;4 - 0;4.5;Laval;;0.0;1.0;4.333;0;0.0;-1.0;4 - 3;0-1;3.0;1.25;41 - 40;23 - 25;25.0;23.0;40.0;60.0;1.0;4.0;1.0;3.0;;;;;;;;101.0;118.0;40.0;41.0;46.0;54.0;4.0;10.0;1.0;8.0;;[ 4 22 49 59];[1 1 2 2];[False False False False];['Troyes' 'Troyes' 'Troyes' 'Troyes'];[0 1 2 3];[1 2 3 4];['D' 'H' 'H' 'H'];['H' 'H' 'H' 'H'];0.04;0.96;0.0;0.09;0.91;0.0;1652.0;1673.0;estac troyes;stade lavallois mfc;;;
2026-05-02;193824793;Belgium First Division A Play-Offs;Belgium;15:00;Full;0.0;1.975;3.0;1.825;3.0;4.0;6.0;;1.0;4.0;5.0;192.0;121.0;100.0;Lommel;;0.0;2.0;2.55;2;3.0;3 - 1;3.6;KFCO Beerschot Wilrijk;;1.0;4.0;2.55;1;1.0;0.0;4 - 6;1-4;3.0;1.25;35 - 86;10 - 44;44.0;10.0;57.0;43.0;4.0;0.0;1.0;3.0;;;;;;;;109.0;83.0;86.0;35.0;53.0;47.0;9.0;3.0;2.0;5.0;;[14 15 24 85];[1 1 1 2];[False False False False];['Lommel' 'Lommel' 'KFCO Beerschot Wilrijk' 'Lommel'];[0 1 2 1];[1 2 1 2];['D' 'H' 'H' 'H'];['H' 'H' 'H' 'H'];0.16;0.84;0.0;0.31;0.69;0.0;5046.0;169260.0;lommel sk;k beerschot va;1.5;1.5;
2026-05-02;193928084;Argentina Torneo A;Argentina;15:00;Full;0.2142857142857143;2.025;2.0;1.775;2.0;5.0;1.0;;3.0;1.0;4.0;199.0;104.0;100.0;Circulo Deportivo Otamendi;;0.0;1.0;2.0;0;1.0;1 - 1;3.0;Guillermo Brown;;0.0;1.0;3.5;1;1.0;-0.25;5 - 1;3-1;2.0;0.75;81 - 23;35 - 16;16.0;35.0;29.0;71.0;1.0;2.0;2.0;1.0;;;;;;;;62.0;137.0;23.0;81.0;33.0;67.0;1.0;9.0;2.0;4.0;;[ 4 85];[1 2];[False False];['Guillermo Brown' 'Circulo Deportivo Otamendi'];[ 0 -1];[-1  0];['D' 'A'];['A' 'D'];0.1;0.0;0.9;0.09;0.0;0.91;;53801.0;;guillermo brown;;;
2026-05-02;193795300;Brazil Campeonato Carioca A2;Brazil;15:00;Full;0.2142857142857143;2.05;2.0;1.75;2.0;8.0;4.0;;5.0;2.0;7.0;215.0;144.0;100.0;Serrano;;1.0;4.0;2.0;1;1.0;1 - 1;3.0;Olaria;;0.0;3.0;3.5;1;1.0;-0.25;8 - 4;5-2;2.0;0.75;71 - 73;35 - 30;30.0;35.0;49.0;51.0;0.0;2.0;1.0;1.0;;;;;;;;110.0;105.0;73.0;71.0;53.0;47.0;2.0;7.0;2.0;1.0;;[18 44];[1 1];[False False];['Serrano' 'Olaria'];[0 1];[1 0];['D' 'H'];['H' 'D'];0.71;0.29;0.0;0.42;0.58;0.0;;;;;;;
2026-05-02;193795051;Brazil Serie A3 Women;Brazil;15:00;Full;0.43463497453310695;1.8;2.0, 2.5;2.0;2.0, 2.5;3.0;4.0;;2.0;1.0;3.0;238.0;111.0;100.0;Uniao RN (W);;0.0;1.0;1.55;2;4.0;4 - 1;3.9;R4 Esporte Clube (W);;0.0;2.0;4.75;0;1.0;-1.0;3 - 4;2-1;2.25;1.0;66 - 45;38 - 17;17.0;38.0;48.0;52.0;6.0;11.0;1.0;5.0;;;;;;;;110.0;128.0;45.0;66.0;52.0;48.0;11.0;14.0;2.0;10.0;;[35 37 47 67 69];[1 1 2 2 2];[False False False False False];"['Uniao RN (W)' 'Uniao RN (W)' 'Uniao RN (W)' 'R4 Esporte Clube (W)'
 'Uniao RN (W)']";[0 1 2 3 2];[1 2 3 2 3];['D' 'H' 'H' 'H' 'H'];['H' 'H' 'H' 'H' 'H'];0.39;0.61;0.0;0.78;0.22;0.0;;;;;;;Women
2026-05-02;193795047;Brazil Serie A3 Women;Brazil;15:00;Full;0.27888707037643207;2.025;2.0, 2.5;1.775;2.0, 2.5;10.0;2.0;;6.0;0.0;6.0;183.0;126.0;;Remo (W);;1.0;1.0;1.833;0;1.0;1 - 4;3.25;Sampaio Correa (W);;0.0;5.0;3.75;2;4.0;-0.5;10 - 2;6-0;2.25;0.75;82 - 44;38 - 19;19.0;38.0;;;0.0;9.0;4.0;3.0;;;;;;;;80.0;103.0;44.0;82.0;;;4.0;18.0;7.0;6.0;;[10 38 54 55 86];[1 1 2 2 2];[False False False False False];"['Sampaio Correa (W)' 'Sampaio Correa (W)' 'Remo (W)' 'Sampaio Correa (W)'
 'Sampaio Correa (W)']";[ 0 -1 -2 -1 -2];[-1 -2 -1 -2 -3];['D' 'A' 'A' 'A' 'A'];['A' 'A' 'A' 'A' 'A'];0.11;0.0;0.89;0.22;0.0;0.78;2012.0;2005.0;clube do remo pa;sampaio correa fc ma;;;Women
2026-05-02;193795038;Brazil Serie A3 Women;Brazil;15:00;Full;0.6571428571428573;1.825;2.5, 3.0;1.975;2.5, 3.0;3.0;1.0;;0.0;1.0;1.0;164.0;87.0;100.0;Realidade Jovem (W);;0.0;4.0;1.25;1;3.0;3 - 0;5.5;Real Heips (W);;0.0;1.0;7.0;0;0.0;-1.75;3 - 1;0-1;2.75;1.25;60 - 27;38 - 11;11.0;38.0;33.0;67.0;4.0;9.0;0.0;2.0;;;;;;;;65.0;99.0;27.0;60.0;38.0;62.0;6.0;10.0;0.0;6.0;;[38 64 90];[1 2 2];[False False False];['Realidade Jovem (W)' 'Realidade Jovem (W)' 'Realidade Jovem (W)'];[0 1 2];[1 2 3];['D' 'H' 'H'];['H' 'H' 'H'];0.42;0.58;0.0;0.84;0.16;0.0;;;;;;;Women
2026-05-02;193005791;France Ligue 2;France;15:00;Full;0.09961685823754785;1.95;2.5;1.85;2.5;5.0;6.0;;2.0;3.0;5.0;203.0;88.0;100.0;Pau;9.0;0.0;2.0;2.25;1;1.0;1 - 3;3.1;Nancy;15.0;0.0;2.0;2.9;0;3.0;0.0;5 - 6;2-3;2.5;1.0;52 - 36;21 - 27;27.0;21.0;30.0;70.0;3.0;4.0;1.0;3.0;;;;;;;;74.0;129.0;36.0;52.0;27.0;73.0;5.0;11.0;6.0;3.0;;[26 51 63 90];[1 2 2 2];[False False False False];['Pau' 'Nancy' 'Nancy' 'Nancy'];[ 0  1  0 -1];[ 1  0 -1 -2];['D' 'H' 'D' 'A'];['H' 'D' 'A' 'A'];0.42;0.28;0.3;0.58;0.42;0.0;1685.0;1675.0;pau fc;nancy-lorraine;1.66;1.72;
2026-05-02;193192681;Canada Premier League;Canada;15:00;Full;-0.2142857142857143;1.9;2.0, 2.5;1.9;2.0, 2.5;6.0;3.0;;2.0;0.0;2.0;175.0;81.0;100.0;HFX Wanderers FC;;0.0;3.0;3.5;0;1.0;1 - 3;3.25;Forge FC;;0.0;1.0;2.0;1;3.0;+0.5;6 - 3;2-0;2.25;1.0;30 - 51;5 - 22;22.0;5.0;56.0;44.0;4.0;1.0;1.0;0.0;;;;;;;;105.0;70.0;51.0;30.0;55.0;45.0;9.0;8.0;4.0;2.0;;[24 51 58 68];[1 2 2 2];[False False False False];['Forge FC' 'Forge FC' 'HFX Wanderers FC' 'Forge FC'];[ 0 -1 -2 -1];[-1 -2 -1 -2];['D' 'A' 'A' 'A'];['A' 'A' 'A' 'A'];0.27;0.0;0.73;0.53;0.0;0.47;543881.0;543879.0;hfx wanderers fc;forge fc hamilton;2.0;1.9;
2026-05-02;193878862;Brazil Campeonato Gaucho U20;Brazil;15:00;Full;0.25983945132881303;2.0;2.5;1.8;2.5;3.0;9.0;;0.0;4.0;4.0;201.0;137.0;100.0;Real SC U20;;0.0;7.0;1.833;2;2.0;2 - 2;3.5;Inter de Santa Maria U20;;0.0;4.0;3.5;0;2.0;-0.5;3 - 9;0-4;2.5;1.0;46 - 91;17 - 45;45.0;17.0;71.0;29.0;5.0;1.0;3.0;2.0;;;;;;;;125.0;76.0;91.0;46.0;65.0;35.0;10.0;4.0;8.0;5.0;;[13 29 61 94];[1 1 2 2];[False False False  True];"['Real SC U20' 'Real SC U20' 'Inter de Santa Maria U20'
 'Inter de Santa Maria U20']";[0 1 2 1];[1 2 1 0];['D' 'H' 'H' 'H'];['H' 'H' 'H' 'D'];0.14;0.86;0.0;0.29;0.71;0.0;;;;;;;Youth
2026-05-02;192943504;Peru Liga 1;Peru;15:00;Full;0.15742397137745973;1.85;2.0, 2.5;1.95;2.0, 2.5;2.0;4.0;;1.0;3.0;4.0;154.0;59.0;100.0;FC Cajamarca;;0.0;4.0;2.15;2;3.0;3 - 2;3.2;Sport Boys;;0.0;2.0;3.25;0;2.0;-0.25;2 - 4;1-3;2.25;1.0;23 - 36;16 - 19;19.0;16.0;52.0;48.0;7.0;2.0;3.0;2.0;;;;;;;;94.0;60.0;36.0;23.0;61.0;39.0;13.0;7.0;7.0;4.0;;[25 36 48 68 79];[1 1 2 2 2];[False False False False False];['FC Cajamarca' 'FC Cajamarca' 'Sport Boys' 'FC Cajamarca' 'Sport Boys'];[0 1 2 1 2];[1 2 1 2 1];['D' 'H' 'H' 'H' 'H'];['H' 'H' 'H' 'H' 'H'];0.28;0.72;0.0;0.56;0.44;0.0;1065398.0;2312.0;fc cajamarca;sport boys association;1.83;1.83;
2026-05-02;193782420;Peru Liga 2;Peru;15:00;Full;0.3351363565749149;1.95;2.5;1.85;2.5;4.0;5.0;;4.0;2.0;6.0;153.0;154.0;100.0;Cesar Vallejo;;0.0;3.0;1.727;1;2.0;2 - 0;3.4;Carlos Mannucci;;0.0;1.0;4.1;0;0.0;-0.5;4 - 5;4-2;2.5;1.0;73 - 81;36 - 40;40.0;36.0;46.0;54.0;4.0;4.0;1.0;5.0;;;;;;;;78.0;75.0;81.0;73.0;56.0;44.0;8.0;8.0;1.0;9.0;;[ 9 62];[1 2];[False False];['Cesar Vallejo' 'Cesar Vallejo'];[0 1];[1 2];['D' 'H'];['H' 'H'];0.1;0.9;0.0;0.2;0.8;0.0;;;;;;;
2026-05-02;193005975;Netherlands Eredivisie;Netherlands;15:00;Full;0.050167224080267636;1.875;3.5;1.925;3.5;6.0;4.0;;4.0;2.0;6.0;195.0;103.0;100.0;Ajax;;0.0;1.0;2.3;1;2.0;2 - 2;4.2;PSV;;0.0;2.0;2.6;1;2.0;0.0;6 - 4;4-2;3.5;1.5;53 - 50;27 - 28;28.0;27.0;57.0;43.0;3.0;4.0;1.0;1.0;;;;;;;;89.0;106.0;50.0;53.0;51.0;49.0;8.0;10.0;3.0;4.0;;[ 1 11 77 92];[1 1 2 2];[False False False  True];['PSV' 'Ajax' 'PSV' 'Ajax'];[ 0 -1  0 -1];[-1  0 -1  0];['D' 'A' 'D' 'A'];['A' 'D' 'A' 'D'];0.73;0.0;0.27;0.78;0.0;0.22;2953.0;2952.0;ajax amsterdam;psv eindhoven;1.33;1.33;
2026-05-02;193772669;Brazil Paulista Serie B;Brazil;15:00;Full;-0.06441223832528187;2.0;2.5;1.8;2.5;7.0;8.0;;3.0;3.0;6.0;235.0;165.0;100.0;Votoraty U23;;0.0;1.0;2.7;0;0.0;0 - 2;3.2;Audax SP U23;;0.0;3.0;2.3;0;2.0;0.0;7 - 8;3-3;2.5;1.0;76 - 89;29 - 42;42.0;29.0;46.0;54.0;3.0;6.0;0.0;0.0;;;;;;;;118.0;117.0;89.0;76.0;45.0;55.0;7.0;9.0;2.0;2.0;;[53 85];[2 2];[False False];['Audax SP U23' 'Audax SP U23'];[ 0 -1];[-1 -2];['D' 'A'];['A' 'A'];0.59;0.0;0.41;1.0;0.0;0.0;;;;;;;Youth
2026-05-02;193772718;Brazil Campeonato Paulista A4;Brazil;15:00;Full;0.22113821138211387;1.95;2.0;1.85;2.0;2.0;8.0;;1.0;5.0;6.0;203.0;144.0;100.0;Sao Caetano;;0.0;3.0;2.05;1;2.0;2 - 2;2.75;Penapolense;;0.0;2.0;3.75;0;2.0;-0.25;2 - 8;1-5;2.0;0.75;68 - 76;29 - 45;45.0;29.0;61.0;39.0;5.0;1.0;1.0;1.0;;;;;;;;98.0;105.0;76.0;68.0;56.0;44.0;7.0;3.0;4.0;2.0;;[12 61 73 75];[1 2 2 2];[False False False False];['Sao Caetano' 'Penapolense' 'Sao Caetano' 'Penapolense'];[0 1 0 1];[1 0 1 0];['D' 'H' 'D' 'H'];['H' 'D' 'H' 'D'];0.43;0.57;0.0;0.27;0.73;0.0;;;;;;;
2026-05-02;193882050;Brazil Campeonato Carioca A2;Brazil;15:00;Full;0.29552880585956004;1.775;1.5, 2.0;2.025;1.5, 2.0;4.0;3.0;;1.0;2.0;3.0;154.0;64.0;100.0;Americano RJ;;0.0;5.0;1.9;0;0.0;0 - 1;3.0;Sao Goncalo EC;;0.0;4.0;4.333;0;1.0;-0.5;4 - 3;1-2;1.75;0.75;34 - 30;15 - 16;16.0;15.0;45.0;55.0;7.0;4.0;1.0;1.0;;;;;;;;72.0;82.0;30.0;34.0;45.0;55.0;8.0;12.0;3.0;3.0;;[88];[2];[False];['Sao Goncalo EC'];[0];[-1];['D'];['A'];0.98;0.0;0.02;1.0;0.0;0.0;;;;;;;
2026-05-02;192944171;Saudi Arabia Pro League;Saudi Arabia;15:00;Full;-0.7551145977541917;1.925;3.5, 4.0;1.875;3.5, 4.0;6.0;7.0;;1.0;5.0;6.0;179.0;71.0;100.0;Al Hazm;;0.0;3.0;11.0;0;0.0;0 - 3;6.0;Al Hilal Riyadh;;0.0;0.0;1.182;1;3.0;+2.0;6 - 7;1-5;3.75;1.5;39 - 32;12 - 19;19.0;12.0;52.0;48.0;3.0;3.0;4.0;1.0;;;;;;;;69.0;110.0;32.0;39.0;50.0;50.0;5.0;11.0;8.0;5.0;;[ 9 82 93];[1 2 2];[False False  True];['Al Hilal Riyadh' 'Al Hilal Riyadh' 'Al Hilal Riyadh'];[ 0 -1 -2];[-1 -2 -3];['D' 'A' 'A'];['A' 'A' 'A'];0.1;0.0;0.9;0.2;0.0;0.8;168086.0;21895.0;al-hazm;al hilal sfc;1.72;1.72;
2026-05-02;193005793;France Ligue 2;France;15:00;Full;-0.15447154471544722;1.95;3.0;1.85;3.0;2.0;7.0;;1.0;6.0;7.0;174.0;118.0;100.0;Rodez;6.0;0.0;2.0;3.0;1;2.0;2 - 1;3.5;St Etienne;3.0;0.0;2.0;2.05;0;1.0;+0.25;2 - 7;1-6;3.0;1.25;40 - 78;21 - 28;28.0;21.0;60.0;40.0;4.0;4.0;2.0;3.0;;;;;;;;116.0;58.0;78.0;40.0;59.0;41.0;5.0;10.0;6.0;5.0;;[17 54 89];[1 2 2];[False False False];['Rodez' 'Rodez' 'St Etienne'];[0 1 2];[1 2 1];['D' 'H' 'H'];['H' 'H' 'H'];0.19;0.81;0.0;0.38;0.62;0.0;6925.0;1678.0;rodez aveyron football;as saint-etienne;1.5;1.5;
2026-05-02;193882455;Brazil Paulista Serie B;Brazil;15:00;Full;0.0;1.85;2.0, 2.5;1.95;2.0, 2.5;6.0;4.0;;5.0;1.0;6.0;128.0;106.0;;Tupa U23;;0.0;2.0;2.5;0;2.0;2 - 0;3.2;America SP U23;;0.0;0.0;2.5;0;0.0;0.0;6 - 4;5-1;2.25;1.0;40 - 66;21 - 28;28.0;21.0;;;1.0;1.0;0.0;0.0;;;;;;;;74.0;54.0;66.0;40.0;;;4.0;1.0;1.0;3.0;;[66 79];[2 2];[False False];['Tupa U23' 'Tupa U23'];[0 1];[1 2];['D' 'H'];['H' 'H'];0.73;0.27;0.0;1.0;0.0;0.0;;;;;;;Youth
2026-05-02;193005789;France Ligue 2;France;15:00;Full;0.367965367965368;1.8;2.5, 3.0;2.0;2.5, 3.0;11.0;2.0;;7.0;2.0;9.0;176.0;72.0;100.0;Montpellier;7.0;1.0;1.0;1.65;1;1.0;1 - 2;3.7;Clermont Foot;14.0;0.0;2.0;4.2;2;2.0;-0.75;11 - 2;7-2;2.75;1.25;55 - 17;25 - 9;9.0;25.0;31.0;69.0;2.0;3.0;2.0;3.0;;;;;;;;56.0;120.0;17.0;55.0;36.0;64.0;3.0;9.0;3.0;7.0;;[22 25 47];[1 1 1];[False False  True];['Montpellier' 'Clermont Foot' 'Clermont Foot'];[0 1 0];[ 1  0 -1];['D' 'H' 'D'];['H' 'D' 'A'];0.49;0.03;0.48;0.94;0.06;0.0;1642.0;1680.0;montpellier hsc;clermont foot 63;1.8;1.66;
2026-05-02;193880223;Brazil Campeonato Alagoano B;Brazil;15:00;Full;0.8424242424242424;1.85;5.0;1.95;5.0;9.0;0.0;;7.0;0.0;7.0;139.0;55.0;100.0;Sporting FC Teotonio;;0.0;0.0;1.1;1;3.0;3 - 0;10.0;Sao Domingos AL;;0.0;3.0;15.0;0;0.0;-3.25;9 - 0;7-0;5.0;2.25;49 - 6;24 - 4;4.0;24.0;20.0;80.0;2.0;11.0;2.0;6.0;;;;;;;;49.0;90.0;6.0;49.0;23.0;77.0;3.0;21.0;2.0;9.0;;[35 64 77];[1 2 2];[False False False];['Sporting FC Teotonio' 'Sporting FC Teotonio' 'Sporting FC Teotonio'];[0 1 2];[1 2 3];['D' 'H' 'H'];['H' 'H' 'H'];0.39;0.61;0.0;0.78;0.22;0.0;;;;;;;Youth
2026-05-02;193005787;France Ligue 2;France;15:00;Full;0.046296296296296335;1.95;2.5;1.85;2.5;3.0;2.0;;1.0;0.0;1.0;185.0;75.0;100.0;Le Mans;2.0;0.0;0.0;2.4;1;1.0;1 - 1;3.1;Reims;5.0;0.0;1.0;2.7;1;1.0;0.0;3 - 2;1-0;2.5;1.0;41 - 34;15 - 18;18.0;15.0;60.0;40.0;3.0;3.0;2.0;5.0;;;;;;;;78.0;107.0;34.0;41.0;54.0;46.0;5.0;8.0;3.0;8.0;;[20 36];[1 1];[False False];['Reims' 'Le Mans'];[ 0 -1];[-1  0];['D' 'A'];['A' 'D'];0.82;0.0;0.18;0.64;0.0;0.36;1672.0;1682.0;le mans fc;stade reims;1.66;1.66;
2026-05-02;193883350;Brazil Campeonato Baiano U20;Brazil;15:00;Full;-0.09740259740259738;1.825;2.5;1.975;2.5;5.0;6.0;;4.0;3.0;7.0;172.0;109.0;;Jacuipense U20;;0.0;6.0;2.8;0;0.0;0 - 2;3.2;Vitoria U20;;0.0;8.0;2.2;2;2.0;+0.25;5 - 6;4-3;2.5;1.0;37 - 72;15 - 34;34.0;15.0;;;5.0;1.0;5.0;3.0;;;;;;;;90.0;82.0;72.0;37.0;;;9.0;2.0;6.0;4.0;;[38 47];[1 1];[False  True];['Vitoria U20' 'Vitoria U20'];[ 0 -1];[-1 -2];['D' 'A'];['A' 'A'];0.42;0.0;0.58;0.81;0.0;0.19;87166.0;1962.0;ec jacuipense ba;ec vitoria ba;;;Youth
2026-05-02;193189746;Austria 2. Liga;Austria;15:00;Full;-0.09961685823754785;1.825;2.5;1.975;2.5;6.0;6.0;;2.0;5.0;7.0;162.0;120.0;100.0;St Polten;;0.0;4.0;2.9;0;0.0;0 - 0;3.6;Admira Wacker;;0.0;1.0;2.25;0;0.0;+0.25;6 - 6;2-5;2.5;1.0;54 - 66;23 - 32;32.0;23.0;40.0;60.0;4.0;6.0;2.0;0.0;;;;;;;;72.0;90.0;66.0;54.0;43.0;57.0;6.0;9.0;3.0;1.0;;[];[];[];[];[];[];[];[];1.0;0.0;0.0;1.0;0.0;0.0;2119.0;2050.0;skn st polten;fc admira wacker modling;1.8;1.66;
2026-05-02;193883389;Brazil Campeonato Cearense U20;Brazil;15:00;Full;0.8757419865453107;1.85;3.5;1.95;3.5;8.0;1.0;;3.0;0.0;3.0;185.0;53.0;;Ceara U20;;0.0;6.0;1.083;2;3.0;3 - 2;10.0;Alianca CE U20;;0.0;4.0;21.0;2;2.0;-2.75;8 - 1;3-0;3.5;1.5;42 - 11;21 - 5;5.0;21.0;;;2.0;9.0;2.0;4.0;;;;;;;;83.0;102.0;11.0;42.0;;;2.0;16.0;2.0;6.0;;[16 20 25 38 78];[1 1 1 1 2];[False False False False False];['Alianca CE U20' 'Ceara U20' 'Alianca CE U20' 'Ceara U20' 'Ceara U20'];[ 0 -1  0 -1  0];[-1  0 -1  0  1];['D' 'A' 'D' 'A' 'D'];['A' 'D' 'A' 'D' 'H'];0.68;0.13;0.19;0.62;0.0;0.38;2001.0;;ceara sc ce;;;;Youth
2026-05-02;193882447;Brazil Paulista Serie B;Brazil;15:00;Full;0.26276276276276267;1.8;2.0, 2.5;2.0;2.0, 2.5;7.0;0.0;;4.0;0.0;4.0;176.0;71.0;100.0;Sao Carlos U23;;1.0;5.0;1.85;0;0.0;0 - 2;3.3;Matonense U23;;0.0;3.0;3.6;2;2.0;-0.5;7 - 0;4-0;2.25;1.0;49 - 22;24 - 11;11.0;24.0;42.0;58.0;2.0;2.0;4.0;5.0;;;;;;;;76.0;100.0;22.0;49.0;45.0;55.0;5.0;11.0;5.0;7.0;;[37 49];[1 1];[False  True];['Matonense U23' 'Matonense U23'];[ 0 -1];[-1 -2];['D' 'A'];['A' 'A'];0.41;0.0;0.59;0.76;0.0;0.24;;;;;;;Youth
2026-05-02;193775453;Iceland 1 Deild;Iceland;15:00;Full;0.2113344683080146;1.975;3.0;1.825;3.0;8.0;4.0;;6.0;1.0;7.0;259.0;149.0;100.0;Fylkir Reykjavik;;0.0;2.0;1.909;0;2.0;2 - 0;3.4;IF Vestri;;0.0;4.0;3.2;0;0.0;-0.5;8 - 4;6-1;3.0;1.25;86 - 63;52 - 20;20.0;52.0;41.0;59.0;1.0;2.0;1.0;1.0;;;;;;;;113.0;146.0;63.0;86.0;48.0;52.0;4.0;4.0;1.0;3.0;;[49 59];[2 2];[False False];['Fylkir Reykjavik' 'Fylkir Reykjavik'];[0 1];[1 2];['D' 'H'];['H' 'H'];0.54;0.46;0.0;1.0;0.0;0.0;;256267.0;;if vestri;;;
2026-05-02;193882452;Brazil Paulista Serie B;Brazil;15:00;Full;0.32903879559930516;1.775;2.0, 2.5;2.025;2.0, 2.5;3.0;2.0;;0.0;1.0;1.0;236.0;136.0;100.0;Flamengo SP U23;;1.0;2.0;1.727;0;1.0;1 - 0;3.5;SC Paulinense U23;;1.0;1.0;4.0;0;0.0;-0.75;3 - 2;0-1;2.25;1.0;82 - 54;37 - 24;24.0;37.0;45.0;55.0;1.0;5.0;1.0;2.0;;;;;;;;108.0;128.0;54.0;82.0;44.0;56.0;4.0;9.0;3.0;3.0;;[77];[2];[False];['Flamengo SP U23'];[0];[1];['D'];['H'];0.86;0.14;0.0;1.0;0.0;0.0;;;;;;;Youth
2026-05-02;193878885;Brazil Campeonato Catarinense U20;Brazil;15:00;Full;0.1875;1.825;2.5;1.975;2.5;7.0;2.0;;2.0;0.0;2.0;167.0;92.0;100.0;Criciuma U20;;0.0;4.0;2.0;0;1.0;1 - 1;3.25;Avai U20;;0.0;4.0;3.2;0;1.0;-0.25;7 - 2;2-0;2.5;1.0;50 - 42;23 - 22;22.0;23.0;49.0;51.0;3.0;4.0;2.0;2.0;;;;;;;;79.0;88.0;42.0;50.0;47.0;53.0;5.0;10.0;4.0;3.0;;[61 90];[2 2];[False False];['Avai U20' 'Criciuma U20'];[ 0 -1];[-1  0];['D' 'A'];['A' 'D'];0.68;0.0;0.32;1.0;0.0;0.0;1984.0;7315.0;criciuma ec sc;avai fc sc;;;Youth
2026-05-02;193773184;Brazil Serie D;Brazil;15:00;Full;-0.03779289493575205;2.025;2.0, 2.5;1.775;2.0, 2.5;2.0;7.0;;1.0;2.0;3.0;181.0;118.0;100.0;America RJ;;1.0;6.0;2.7;0;0.0;0 - 0;3.0;Pouso Alegre;;0.0;2.0;2.45;0;0.0;0.0;2 - 7;1-2;2.25;0.75;50 - 68;19 - 27;27.0;19.0;58.0;42.0;4.0;5.0;0.0;1.0;;;;;;;;108.0;73.0;68.0;50.0;55.0;45.0;11.0;6.0;2.0;4.0;;[];[];[];[];[];[];[];[];1.0;0.0;0.0;1.0;0.0;0.0;6976.0;673707.0;america fc rj;pouso alegre mg;2.0;2.0;
2026-05-02;193880251;Brazil Campeonato Baiano 2;Brazil;15:00;Full;0.6025641025641025;1.825;3.0;1.975;3.0;2.0;5.0;;2.0;2.0;4.0;119.0;71.0;100.0;Jacobina EC;;1.0;3.0;1.3;0;2.0;2 - 1;5.25;Grapiuna;;0.0;2.0;6.0;1;1.0;-1.5;2 - 5;2-2;3.0;1.25;37 - 34;17 - 19;19.0;17.0;56.0;44.0;1.0;2.0;1.0;2.0;;;;;;;;57.0;62.0;34.0;37.0;53.0;47.0;3.0;4.0;4.0;6.0;;[30 58 95];[1 2 2];[False False  True];['Grapiuna' 'Jacobina EC' 'Jacobina EC'];[ 0 -1  0];[-1  0  1];['D' 'A' 'D'];['A' 'D' 'H'];0.71;0.0;0.29;0.67;0.0;0.33;;;;;;;
2026-05-02;193880263;Brazil Serie A3 Women;Brazil;15:00;Full;-0.18011257035647282;1.8;2.0, 2.5;2.0;2.0, 2.5;6.0;0.0;;2.0;0.0;2.0;152.0;59.0;100.0;Varzea Grande (W);;0.0;3.0;3.25;0;1.0;1 - 1;3.2;Planalto EC (W);;0.0;1.0;2.05;0;1.0;+0.25;6 - 0;2-0;2.25;1.0;36 - 23;15 - 12;12.0;15.0;44.0;56.0;1.0;6.0;1.0;4.0;;;;;;;;74.0;78.0;23.0;36.0;42.0;58.0;4.0;13.0;4.0;8.0;;[83 95];[2 2];[False  True];['Varzea Grande (W)' 'Planalto EC (W)'];[0 1];[1 0];['D' 'H'];['H' 'D'];0.87;0.13;0.0;1.0;0.0;0.0;;;;;;;Women
2026-05-02;193772589;Brazil Campeonato Carioca A2;Brazil;15:00;Full;0.1709986320109439;1.975;2.0;1.825;2.0;3.0;3.0;;0.0;2.0;2.0;161.0;97.0;100.0;Bonsucesso FC;;0.0;4.0;2.15;1;2.0;2 - 1;2.625;CEAC/Araruama;;0.0;1.0;3.4;0;1.0;-0.25;3 - 3;0-2;2.0;0.75;43 - 54;20 - 30;30.0;20.0;59.0;41.0;4.0;3.0;1.0;1.0;;;;;;;;87.0;74.0;54.0;43.0;61.0;39.0;8.0;4.0;4.0;2.0;;[ 1 60 66];[1 2 2];[False False False];['Bonsucesso FC' 'Bonsucesso FC' 'CEAC/Araruama'];[0 1 2];[1 2 1];['D' 'H' 'H'];['H' 'H' 'H'];0.01;0.99;0.0;0.02;0.98;0.0;;;;;;;
2026-05-02;193932164;Spain Regional League;Spain;15:00;Full;0.37527362244648194;1.875;2.5, 3.0;1.925;2.5, 3.0;2.0;0.0;;1.0;0.0;1.0;189.0;105.0;100.0;UE Alcudia II;;0.0;4.0;1.65;1;2.0;2 - 0;3.7;Club Recreativo La Victoria;;1.0;4.0;4.333;0;0.0;-0.75;2 - 0;1-0;2.75;1.25;54 - 51;30 - 18;18.0;30.0;40.0;60.0;2.0;1.0;1.0;1.0;;;;;;;;92.0;97.0;51.0;54.0;50.0;50.0;3.0;3.0;2.0;2.0;;[41 91];[1 2];[False  True];['UE Alcudia II' 'UE Alcudia II'];[0 1];[1 2];['D' 'H'];['H' 'H'];0.45;0.55;0.0;0.91;0.09;0.0;;;;;;;Youth
2026-05-02;193950032;Uruguay Primera Division Amateur;Uruguay;15:00;Full;0.3382352941176471;1.825;2.5;1.975;2.5;2.0;7.0;;2.0;1.0;3.0;159.0;72.0;100.0;Sportivo Bella Italia;;1.0;4.0;1.7;3;3.0;3 - 0;3.6;IA Sud America;;1.0;0.0;4.0;0;0.0;-0.75;2 - 7;2-1;2.5;1.0;33 - 39;20 - 21;21.0;20.0;49.0;51.0;3.0;1.0;0.0;3.0;;;;;;;;79.0;80.0;39.0;33.0;50.0;50.0;10.0;3.0;2.0;5.0;;[16 23 27];[1 1 1];[False False False];['Sportivo Bella Italia' 'Sportivo Bella Italia' 'Sportivo Bella Italia'];[0 1 2];[1 2 3];['D' 'H' 'H'];['H' 'H' 'H'];0.18;0.82;0.0;0.36;0.64;0.0;;;;;;;
2026-05-02;193853045;Argentina Championship Women;Argentina;15:00;Full;0.24615384615384622;2.025;2.0, 2.5;1.775;2.0, 2.5;2.0;2.0;;2.0;1.0;3.0;151.0;115.0;100.0;Gimnasia LP (W);;0.0;2.0;1.95;0;0.0;0 - 0;3.0;Ferro Carril Oeste (W);;0.0;2.0;3.75;0;0.0;-0.5;2 - 2;2-1;2.25;0.75;58 - 57;19 - 36;36.0;19.0;40.0;60.0;2.0;1.0;2.0;1.0;;;;;;;;72.0;79.0;57.0;58.0;47.0;53.0;7.0;4.0;3.0;2.0;;[];[];[];[];[];[];[];[];1.0;0.0;0.0;1.0;0.0;0.0;3205.0;36841.0;gimnasia y esgrima la plata;ferro carril oeste;;;Women
2026-05-02;193882459;Brazil Paulista Serie B;Brazil;15:00;Full;0.6664938655607395;2.025;2.0, 2.5;1.775;2.0, 2.5;5.0;6.0;;2.0;4.0;6.0;246.0;130.0;;Mauaense U23;;0.0;2.0;1.286;0;1.0;1 - 0;4.333;Barcelona SP U23;;1.0;1.0;9.0;0;0.0;-1.5;5 - 6;2-4;2.25;0.75;65 - 65;34 - 33;33.0;34.0;;;3.0;6.0;2.0;3.0;;;;;;;;130.0;116.0;65.0;65.0;;;5.0;14.0;3.0;10.0;;[57];[2];[False];['Mauaense U23'];[0];[1];['D'];['H'];0.63;0.37;0.0;1.0;0.0;0.0;;;;;;;Youth
2026-05-02;193005772;France Ligue 2;France;15:00;Full;-0.3214285714285714;1.85;2.5, 3.0;1.95;2.5, 3.0;2.0;8.0;;0.0;2.0;2.0;196.0;77.0;100.0;Amiens;18.0;0.0;2.0;4.0;0;1.0;1 - 3;3.5;Red Star FC 93;4.0;0.0;0.0;1.75;1;3.0;+0.75;2 - 8;0-2;2.75;1.0;49 - 28;16 - 11;11.0;16.0;49.0;51.0;4.0;4.0;5.0;2.0;;;;;;;;99.0;97.0;28.0;49.0;46.0;54.0;8.0;6.0;8.0;4.0;;[11 50 82 93];[1 2 2 2];[False False False  True];['Red Star FC 93' 'Amiens' 'Red Star FC 93' 'Red Star FC 93'];[ 0 -1  0 -1];[-1  0 -1 -2];['D' 'A' 'D' 'A'];['A' 'D' 'A' 'A'];0.46;0.0;0.54;0.24;0.0;0.76;1676.0;52874.0;amiens sc;red star fc;1.72;1.72;
2026-05-02;193005777;France Ligue 2;France;15:00;Full;-0.2142857142857143;1.825;2.0, 2.5;1.975;2.0, 2.5;4.0;4.0;;3.0;3.0;6.0;213.0;59.0;100.0;Boulogne;12.0;0.0;0.0;3.5;0;1.0;1 - 2;3.3;Annecy;8.0;0.0;2.0;2.0;1;2.0;+0.5;4 - 4;3-3;2.25;1.0;29 - 30;14 - 24;24.0;14.0;53.0;47.0;2.0;0.0;1.0;2.0;;;;;;;;93.0;120.0;30.0;29.0;44.0;56.0;8.0;4.0;3.0;3.0;;[46 53 71];[1 2 2];[ True False False];['Annecy' 'Annecy' 'Boulogne'];[ 0 -1 -2];[-1 -2 -1];['D' 'A' 'A'];['A' 'A' 'A'];0.51;0.0;0.49;1.0;0.0;0.0;1711.0;234888.0;us boulogne;fc annecy;1.9;1.83;
2026-05-02;193005782;France Ligue 2;France;15:00;Full;0.26276276276276267;1.8;2.5;2.0;2.5;8.0;0.0;;4.0;0.0;4.0;171.0;75.0;100.0;Dunkerque;10.0;0.0;2.0;1.85;0;0.0;0 - 1;3.25;Grenoble;13.0;1.0;2.0;3.6;0;1.0;-0.5;8 - 0;4-0;2.5;1.0;62 - 13;29 - 4;4.0;29.0;28.0;72.0;1.0;5.0;0.0;2.0;;;;;;;;53.0;118.0;13.0;62.0;24.0;76.0;3.0;10.0;2.0;7.0;;[89];[2];[False];['Grenoble'];[0];[-1];['D'];['A'];0.99;0.0;0.01;1.0;0.0;0.0;6918.0;1671.0;usl dunkerque;grenoble foot;1.66;1.66;
2026-05-02;193005785;France Ligue 2;France;15:00;Full;0.12121212121212122;1.9;2.5;1.9;2.5;2.0;5.0;;0.0;4.0;4.0;165.0;106.0;100.0;Guingamp;;0.0;0.0;2.2;0;0.0;0 - 1;3.1;SC Bastia;;0.0;0.0;3.0;0;1.0;-0.25;2 - 5;0-4;2.5;1.0;53 - 53;17 - 41;41.0;17.0;36.0;64.0;3.0;2.0;3.0;0.0;;;;;;;;78.0;87.0;53.0;53.0;31.0;69.0;4.0;10.0;6.0;1.0;;[51];[2];[False];['SC Bastia'];[0];[-1];['D'];['A'];0.57;0.0;0.43;1.0;0.0;0.0;1654.0;1655.0;ea guingamp;sc bastia;1.8;1.72;
2026-05-02;193693987;Brazil Serie A1 Women;Brazil;15:00;Full;0.4451612903225806;1.9;2.5, 3.0;1.9;2.5, 3.0;7.0;5.0;;4.0;4.0;8.0;117.0;105.0;100.0;America MG (W);;0.0;2.0;1.55;0;0.0;0 - 0;3.6;Vitoria (W);;0.0;5.0;5.0;0;0.0;-1.0;7 - 5;4-4;2.75;1.25;50 - 55;24 - 26;26.0;24.0;49.0;51.0;2.0;5.0;2.0;1.0;;;;;;;;59.0;58.0;55.0;50.0;50.0;50.0;7.0;9.0;3.0;4.0;;[];[];[];[];[];[];[];[];1.0;0.0;0.0;1.0;0.0;0.0;1973.0;1962.0;america fc mg;ec vitoria ba;;;Women
2026-05-02;192946306;Slovenia Prva Liga;Slovenia;15:15;Full;0.5303123086344153;1.775;3.0;2.025;3.0;5.0;6.0;;2.0;6.0;8.0;237.0;143.0;100.0;NK Celje;1.0;0.0;4.0;1.42;0;2.0;2 - 3;4.5;NK Bravo;3.0;0.0;2.0;5.75;3;3.0;-1.0;5 - 6;2-6;3.0;1.25;88 - 55;38 - 33;33.0;38.0;40.0;60.0;5.0;2.0;4.0;1.0;;;;;;;;85.0;152.0;55.0;88.0;36.0;64.0;11.0;7.0;5.0;7.0;;[11 25 30 64 69];[1 1 1 2 2];[False False False False False];['NK Bravo' 'NK Bravo' 'NK Bravo' 'NK Celje' 'NK Celje'];[ 0 -1 -2 -3 -2];[-1 -2 -3 -2 -1];['D' 'A' 'A' 'A' 'A'];['A' 'A' 'A' 'A' 'A'];0.12;0.0;0.88;0.24;0.0;0.76;2413.0;362744.0;nk celje;bravo ljubljana;1.61;1.61;
2026-05-02;192785622;Poland Ekstraklasa;Poland;15:15;Full;-0.3498800239952009;2.0;3.5;1.8;3.5;3.0;7.0;;0.0;3.0;3.0;231.0;150.0;100.0;Motor Lublin;12.0;0.0;0.0;4.0;0;0.0;0 - 1;4.2;Lech Poznan;1.0;0.0;0.0;1.667;1;1.0;+0.75;3 - 7;0-3;3.5;1.5;61 - 89;26 - 42;42.0;26.0;47.0;53.0;7.0;3.0;3.0;0.0;;;;;;;;121.0;110.0;89.0;61.0;49.0;51.0;15.0;7.0;8.0;1.0;;[40];[1];[False];['Lech Poznan'];[0];[-1];['D'];['A'];0.44;0.0;0.56;0.89;0.0;0.11;7915.0;3121.0;lkp motor lublin;kks lech poznan;1.5;1.4;
2026-05-02;193820490;Argentina Primera C Metropolitana;Argentina;15:30;Full;0.0;2.025;2.0;1.775;2.0;11.0;7.0;;6.0;1.0;7.0;253.0;133.0;100.0;Deportivo Paraguayo;;0.0;1.0;2.6;0;0.0;0 - 0;2.875;Defensores de Cambaceres;;0.0;1.0;2.6;0;0.0;0.0;11 - 7;6-1;2.0;0.75;73 - 60;33 - 22;22.0;33.0;48.0;52.0;5.0;4.0;1.0;4.0;;;;;;;;119.0;134.0;60.0;73.0;50.0;50.0;7.0;8.0;4.0;5.0;;[];[];[];[];[];[];[];[];1.0;0.0;0.0;1.0;0.0;0.0;377554.0;306572.0;deportivo paraguayo;defensores de cambaceres;2.2;2.25;
2026-05-02;193187273;Argentina Nacional B;Argentina;15:30;Full;0.11428571428571432;1.8;1.5;2.0;1.5;1.0;0.0;;0.0;0.0;0.0;318.0;179.0;100.0;Los Andes;;0.0;1.0;2.5;0;1.0;1 - 1;2.625;Colon;;0.0;4.0;3.5;1;1.0;-0.25;1 - 0;0-0;1.5;0.5;93 - 86;30 - 55;55.0;30.0;51.0;49.0;2.0;2.0;3.0;0.0;;;;;;;;158.0;160.0;86.0;93.0;45.0;55.0;6.0;8.0;4.0;2.0;;[35 55];[1 2];[False False];['Colon' 'Los Andes'];[ 0 -1];[-1  0];['D' 'A'];['A' 'D'];0.78;0.0;0.22;0.78;0.0;0.22;112497.0;3207.0;club atletico los andes;colon de santa fe;2.62;2.62;Youth
2026-05-02;193882752;Uruguay Primera Division Amateur;Uruguay;15:30;Full;-0.5963413930405679;2.0;3.0, 3.5;1.8;3.0, 3.5;5.0;3.0;;3.0;1.0;4.0;167.0;77.0;100.0;Basanez;;0.0;2.0;6.5;0;1.0;1 - 5;5.0;Artigas;;0.0;4.0;1.333;1;5.0;+1.5;5 - 3;3-1;3.25;1.25;31 - 46;17 - 25;25.0;17.0;56.0;44.0;2.0;1.0;3.0;2.0;;;;;;;;92.0;75.0;46.0;31.0;54.0;46.0;2.0;2.0;7.0;5.0;;[38 49 64 74 77 89];[1 2 2 2 2 2];[False False False False False False];['Artigas' 'Artigas' 'Basanez' 'Artigas' 'Artigas' 'Artigas'];[ 0 -1 -2 -1 -2 -3];[-1 -2 -1 -2 -3 -4];['D' 'A' 'A' 'A' 'A' 'A'];['A' 'A' 'A' 'A' 'A' 'A'];0.42;0.0;0.58;0.84;0.0;0.16;;;;;;;
2026-05-02;193828050;Argentina Championship Women;Argentina;15:30;Full;-0.0777058279370953;1.85;2.0;1.95;2.0;1.0;3.0;;1.0;1.0;2.0;216.0;117.0;100.0;Banfield (W);;1.0;2.0;2.875;1;1.0;1 - 2;3.0;Boca Juniors (W);;0.0;2.0;2.35;0;2.0;0.0;1 - 3;1-1;2.0;0.75;32 - 85;21 - 27;27.0;21.0;63.0;37.0;2.0;2.0;1.0;5.0;;;;;;;;141.0;75.0;85.0;32.0;67.0;33.0;9.0;3.0;5.0;5.0;;[ 2 62 86];[1 2 2];[False False False];['Banfield (W)' 'Boca Juniors (W)' 'Boca Juniors (W)'];[0 1 0];[ 1  0 -1];['D' 'H' 'D'];['H' 'D' 'A'];0.29;0.67;0.04;0.04;0.96;0.0;3219.0;3202.0;ca banfield;boca juniors;;;Women
2026-05-02;193828058;Argentina Championship Women;Argentina;15:30;Full;-0.011204481792717158;1.75;2.0;2.05;2.0;1.0;5.0;;1.0;2.0;3.0;193.0;128.0;100.0;Newell's (W);;1.0;1.0;2.625;0;0.0;0 - 4;2.875;Talleres Cordoba (W);;0.0;2.0;2.55;0;4.0;0.0;1 - 5;1-2;2.0;0.75;53 - 75;35 - 32;32.0;35.0;52.0;48.0;1.0;0.0;4.0;2.0;;;;;;;;101.0;92.0;75.0;53.0;52.0;48.0;5.0;1.0;9.0;4.0;;[52 76 82 90];[2 2 2 2];[False False False False];"['Talleres Cordoba (W)' 'Talleres Cordoba (W)' 'Talleres Cordoba (W)'
 'Talleres Cordoba (W)']";[ 0 -1 -2 -3];[-1 -2 -3 -4];['D' 'A' 'A' 'A'];['A' 'A' 'A' 'A'];0.58;0.0;0.42;1.0;0.0;0.0;3212.0;3210.0;newell's old boys;ca talleres de cordoba;;;Women
2026-05-02;193187125;Argentina Nacional B;Argentina;15:30;Full;0.35872235872235864;1.95;1.5, 2.0;1.85;1.5, 2.0;12.0;4.0;;6.0;2.0;8.0;78.0;52.0;100.0;Defensores de Belgrano;;0.0;2.0;1.85;0;1.0;1 - 1;2.9;Central Norte;;0.0;1.0;5.5;1;1.0;-0.5;12 - 4;6-2;1.75;0.75;31 - 21;13 - 11;11.0;13.0;50.0;50.0;2.0;0.0;1.0;0.0;;;;;;;;32.0;46.0;21.0;31.0;50.0;50.0;2.0;1.0;1.0;1.0;;[19 66];[1 2];[False False];['Central Norte' 'Defensores de Belgrano'];[ 0 -1];[-1  0];['D' 'A'];['A' 'D'];0.48;0.0;0.52;0.42;0.0;0.58;260593.0;341070.0;cas defensores de belgrano;ca central norte salta;;;Youth
2026-05-02;193828067;Argentina Torneo A;Argentina;15:30;Full;0.08333333333333337;1.85;1.5, 2.0;1.95;1.5, 2.0;7.0;4.0;;4.0;4.0;8.0;161.0;80.0;100.0;Independiente Chivilcoy;;0.0;2.0;2.4;0;0.0;0 - 3;2.75;Sportivo Belgrano;;0.0;0.0;3.0;1;3.0;-0.25;7 - 4;4-4;1.75;0.75;41 - 39;18 - 23;23.0;18.0;60.0;40.0;7.0;5.0;3.0;1.0;;;;;;;;82.0;79.0;39.0;41.0;47.0;53.0;8.0;9.0;7.0;2.0;;[42 59 68];[1 2 2];[False False False];['Sportivo Belgrano' 'Sportivo Belgrano' 'Sportivo Belgrano'];[ 0 -1 -2];[-1 -2 -3];['D' 'A' 'A'];['A' 'A' 'A'];0.47;0.0;0.53;0.93;0.0;0.07;300078.0;65664.0;independiente de chivilcoy;cs belgrano;;;
2026-05-02;193186971;Argentina Nacional B;Argentina;15:30;Full;0.4123721289326385;1.775;1.5, 2.0;2.025;1.5, 2.0;5.0;6.0;;4.0;0.0;4.0;268.0;136.0;100.0;CA Estudiantes Caseros;;2.0;4.0;1.727;1;1.0;1 - 1;3.1;CA San Telmo;;1.0;4.0;6.0;1;1.0;-0.75;5 - 6;4-0;1.75;0.75;74 - 62;47 - 19;19.0;47.0;34.0;66.0;1.0;4.0;1.0;3.0;;;;;;;;119.0;149.0;62.0;74.0;45.0;55.0;1.0;4.0;2.0;3.0;;[12 23];[1 1];[False False];['CA San Telmo' 'CA Estudiantes Caseros'];[ 0 -1];[-1  0];['D' 'A'];['A' 'D'];0.88;0.0;0.12;0.76;0.0;0.24;93107.0;241512.0;ca estudiantes;ca san telmo;2.5;2.62;Youth
2026-05-02;193201575;USA MLS;USA;15:30;Full;-0.48564905414220494;1.8;2.5, 3.0;2.0;2.5, 3.0;4.0;9.0;;1.0;2.0;3.0;165.0;129.0;100.0;Kansas City;;0.0;0.0;6.0;1;1.0;1 - 1;4.333;Seattle Sounders;;0.0;2.0;1.533;1;1.0;+1.0;4 - 9;1-2;2.75;1.25;32 - 97;15 - 40;40.0;15.0;68.0;32.0;4.0;2.0;3.0;2.0;;;;;;;;114.0;51.0;97.0;32.0;65.0;35.0;17.0;3.0;8.0;7.0;;[ 3 18];[1 1];[False False];['Seattle Sounders' 'Kansas City'];[ 0 -1];[-1  0];['D' 'A'];['A' 'D'];0.83;0.0;0.17;0.67;0.0;0.33;2509.0;22009.0;sporting kansas city;seattle sounders;1.66;1.7;
2026-05-02;193820535;Argentina Primera C Metropolitana;Argentina;15:30;Full;0.3016512980187085;1.9;1.5, 2.0;1.9;1.5, 2.0;3.0;7.0;;1.0;4.0;5.0;144.0;101.0;100.0;Central Cordoba Rosario;;0.0;1.0;1.833;0;1.0;1 - 0;3.0;Fenix;;0.0;1.0;4.1;0;0.0;-0.5;3 - 7;1-4;1.75;0.75;45 - 56;22 - 24;24.0;22.0;39.0;61.0;2.0;5.0;2.0;2.0;;;;;;;;63.0;81.0;56.0;45.0;47.0;53.0;4.0;6.0;4.0;4.0;;[55];[2];[False];['Central Cordoba Rosario'];[0];[1];['D'];['H'];0.61;0.39;0.0;1.0;0.0;0.0;224836.0;112495.0;ca central cordoba rosario;ca fenix pilar;2.62;2.75;
2026-05-02;193794657;Brazil Serie A2 Women;Brazil;15:30;Full;0.3969728242174063;1.975;2.5, 3.0;1.825;2.5, 3.0;6.0;2.0;;2.0;2.0;4.0;219.0;176.0;;Vila Nova GO (W);;0.0;2.0;1.615;1;1.0;1 - 1;3.7;Doce Mel EC (W);;0.0;4.0;4.5;1;1.0;-0.75;6 - 2;2-2;2.75;1.25;106 - 70;48 - 31;31.0;48.0;;;3.0;8.0;4.0;2.0;;;;;;;;98.0;121.0;70.0;106.0;;;9.0;14.0;6.0;4.0;;[ 6 27];[1 1];[False False];['Vila Nova GO (W)' 'Doce Mel EC (W)'];[0 1];[1 0];['D' 'H'];['H' 'D'];0.77;0.23;0.0;0.53;0.47;0.0;;;;;;;Women
2026-05-02;193880209;Argentina Primera B Metropolitana;Argentina;15:30;Full;0.08333333333333337;1.8;1.5, 2.0;2.0;1.5, 2.0;6.0;5.0;;1.0;4.0;5.0;221.0;118.0;100.0;Villa Dalmine;2.0;0.0;1.0;2.4;0;1.0;1 - 0;2.7;Excursionistas;3.0;0.0;3.0;3.0;0;0.0;-0.25;6 - 5;1-4;1.75;0.75;65 - 53;19 - 33;33.0;19.0;49.0;51.0;4.0;4.0;0.0;0.0;;;;;;;;113.0;108.0;53.0;65.0;48.0;52.0;4.0;7.0;0.0;1.0;;[95];[2];[ True];['Villa Dalmine'];[0];[1];['D'];['H'];1.0;0.0;0.0;1.0;0.0;0.0;112509.0;65672.0;villa dalmine;ca excursionistas;2.25;2.37;Youth
2026-05-02;193332828;Uruguay Apertura;Uruguay;15:30;Full;-0.25604551920341395;1.775;2.0;2.025;2.0;1.0;11.0;;0.0;5.0;5.0;200.0;103.0;100.0;Cerro;;0.0;3.0;3.7;0;0.0;0 - 1;3.1;Deportivo Maldonado;;0.0;3.0;1.9;0;1.0;+0.5;1 - 11;0-5;2.0;0.75;45 - 58;20 - 25;25.0;20.0;58.0;42.0;1.0;0.0;1.0;1.0;;;;;;;;104.0;96.0;58.0;45.0;59.0;41.0;5.0;1.0;3.0;4.0;;[76];[2];[False];['Deportivo Maldonado'];[0];[-1];['D'];['A'];0.84;0.0;0.16;1.0;0.0;0.0;22011.0;3234.0;ca cerro;deportivo maldonado;2.1;2.1;
2026-05-02;192933550;Germany Bundesliga II;Germany;15:30;Full;0.4666666666666666;1.8;2.5, 3.0;2.0;2.5, 3.0;4.0;1.0;;1.0;0.0;1.0;208.0;60.0;100.0;Schalke;1.0;0.0;2.0;1.5;1;1.0;1 - 0;4.0;Fortuna Dusseldorf;15.0;0.0;2.0;5.0;0;0.0;-1.0;4 - 1;1-0;2.75;1.25;29 - 31;9 - 15;15.0;9.0;66.0;34.0;0.0;4.0;1.0;3.0;;;;;;;;91.0;117.0;31.0;29.0;60.0;40.0;4.0;8.0;3.0;6.0;;[15];[1];[False];['Schalke'];[0];[1];['D'];['H'];0.17;0.83;0.0;0.33;0.67;0.0;2530.0;2588.0;schalke 04;fortuna dusseldorf;1.61;1.72;Youth
2026-05-02;192609705;Switzerland Super League;Switzerland;15:30;Full;0.0;1.975;3.0, 3.5;1.825;3.0, 3.5;5.0;2.0;;1.0;2.0;3.0;164.0;99.0;100.0;Basel;;0.0;1.0;2.55;1;3.0;3 - 1;3.6;FC Thun;;1.0;3.0;2.55;1;1.0;0.0;5 - 2;1-2;3.25;1.25;61 - 38;23 - 21;21.0;23.0;47.0;53.0;3.0;1.0;2.0;3.0;;;;;;;;83.0;81.0;38.0;61.0;39.0;61.0;5.0;13.0;2.0;5.0;;[41 43 86 91];[1 1 2 2];[False False False  True];['FC Thun' 'Basel' 'Basel' 'Basel'];[ 0 -1  0  1];[-1  0  1  2];['D' 'A' 'D' 'H'];['A' 'D' 'H' 'H'];0.92;0.05;0.02;0.96;0.0;0.04;2501.0;2454.0;fc basel 1893;fc thun;1.33;1.4;
2026-05-02;192946169;Slovakia Super Liga;Slovakia;15:30;Full;0.3055555555555556;1.85;2.5, 3.0;1.95;2.5, 3.0;6.0;9.0;;2.0;6.0;8.0;174.0;72.0;100.0;Slovan Bratislava;1.0;0.0;0.0;1.8;0;1.0;1 - 0;3.4;Dunajska Streda;2.0;1.0;2.0;4.0;0;0.0;-0.5;6 - 9;2-6;2.75;1.25;39 - 33;8 - 15;15.0;8.0;51.0;49.0;10.0;3.0;0.0;1.0;;;;;;;;73.0;101.0;33.0;39.0;40.0;60.0;12.0;7.0;2.0;3.0;;[80];[2];[False];['Slovan Bratislava'];[0];[1];['D'];['H'];0.89;0.11;0.0;1.0;0.0;0.0;2404.0;23833.0;sk slovan bratislava;dac 1904 dunajska streda;;;
2026-05-02;193814965;Argentina Primera B Metropolitana;Argentina;15:30;Full;0.14204545454545453;2.025;2.0;1.775;2.0;9.0;1.0;;6.0;0.0;6.0;341.0;228.0;100.0;CS Dock Sud;21.0;0.0;6.0;2.2;1;2.0;2 - 0;2.875;Defensores Unidos;19.0;1.0;5.0;3.2;0;0.0;-0.25;9 - 1;6-0;2.0;0.75;122 - 106;51 - 53;53.0;51.0;48.0;52.0;4.0;4.0;3.0;3.0;;;;;;;;170.0;171.0;106.0;122.0;46.0;54.0;6.0;9.0;3.0;5.0;;[32 91];[1 2];[False  True];['CS Dock Sud' 'CS Dock Sud'];[0 1];[1 2];['D' 'H'];['H' 'H'];0.35;0.65;0.0;0.71;0.29;0.0;388100.0;93515.0;cs dock sud;ca defensores unidos;2.37;2.2;Youth
2026-05-02;193931215;Brazil Campeonato Paranaense U20;Brazil;15:30;Full;-0.5403726708074534;1.9;3.0;1.9;3.0;4.0;9.0;;4.0;2.0;6.0;198.0;105.0;;Galo Maringa U20;;0.0;4.0;5.75;2;5.0;5 - 2;4.333;Athletico Paranaense U20;;0.0;0.0;1.4;1;2.0;+1.25;4 - 9;4-2;3.0;1.25;33 - 72;24 - 24;24.0;24.0;;;7.0;6.0;2.0;2.0;;;;;;;;114.0;84.0;72.0;33.0;;;9.0;8.0;8.0;5.0;;[ 5 13 16 58 60 75 96];[1 1 1 2 2 2 2];[False False False False False False  True];"['Galo Maringa U20' 'Galo Maringa U20' 'Athletico Paranaense U20'
 'Galo Maringa U20' 'Galo Maringa U20' 'Athletico Paranaense U20'
 'Galo Maringa U20']";[0 1 2 1 2 3 2];[1 2 1 2 3 2 3];['D' 'H' 'H' 'H' 'H' 'H' 'H'];['H' 'H' 'H' 'H' 'H' 'H' 'H'];0.05;0.95;0.0;0.11;0.89;0.0;;1967.0;;ca paranaense pr;;;Youth
2026-05-02;193814955;Argentina Primera B Metropolitana;Argentina;15:30;Full;0.16883116883116883;1.8;1.5, 2.0;2.0;1.5, 2.0;5.0;3.0;;2.0;1.0;3.0;234.0;121.0;100.0;Real Pilar;4.0;0.0;3.0;2.2;0;1.0;1 - 1;2.625;Argentino Merlo;9.0;0.0;8.0;3.5;1;1.0;-0.25;5 - 3;2-1;1.75;0.75;71 - 50;35 - 24;24.0;35.0;32.0;68.0;3.0;3.0;3.0;1.0;;;;;;;;110.0;124.0;50.0;71.0;46.0;54.0;5.0;5.0;3.0;2.0;;[44 72];[1 2];[False False];['Argentino Merlo' 'Real Pilar'];[ 0 -1];[-1  0];['D' 'A'];['A' 'D'];0.69;0.0;0.31;0.98;0.0;0.02;374918.0;210370.0;real pilar fc;argentino de merlo;2.25;2.5;Youth
2026-05-02;193891107;Argentina Torneo A;Argentina;15:30;Full;0.48564905414220494;2.0;2.0, 2.5;1.8;2.0, 2.5;6.0;2.0;;2.0;2.0;4.0;149.0;75.0;100.0;Kimberley Mar del Plata;;0.0;2.0;1.533;0;0.0;0 - 0;3.4;Sol de Mayo;;0.0;1.0;6.0;0;0.0;-1.0;6 - 2;2-2;2.25;0.75;48 - 27;22 - 20;20.0;22.0;40.0;60.0;1.0;1.0;5.0;1.0;;;;;;;;58.0;91.0;27.0;48.0;38.0;62.0;2.0;3.0;6.0;3.0;;[];[];[];[];[];[];[];[];1.0;0.0;0.0;1.0;0.0;0.0;672815.0;337369.0;kimberley de mar del plata;csd sol de mayo;;;
2026-05-02;193928086;Argentina Torneo A;Argentina;15:30;Full;0.45108695652173914;1.8;1.5, 2.0;2.0;1.5, 2.0;10.0;0.0;;4.0;0.0;4.0;234.0;104.0;100.0;CA Costa Brava;;0.0;6.0;1.6;1;1.0;1 - 2;3.25;Huracan Las Heras;;0.0;4.0;5.75;2;2.0;-0.75;10 - 0;4-0;1.75;0.75;86 - 18;31 - 16;16.0;31.0;39.0;61.0;2.0;5.0;3.0;3.0;;;;;;;;98.0;136.0;18.0;86.0;37.0;63.0;2.0;10.0;3.0;9.0;;[10 25 27];[1 1 1];[False False False];['Huracan Las Heras' 'Huracan Las Heras' 'CA Costa Brava'];[ 0 -1 -2];[-1 -2 -1];['D' 'A' 'A'];['A' 'A' 'A'];0.11;0.0;0.89;0.22;0.0;0.78;672871.0;206435.0;costa brava de general pico;ca huracan las heras;;;
2026-05-02;193878869;Brazil Campeonato Goiano U20;Brazil;15:30;Full;0.8412664795891354;1.875;3.0;1.925;3.0;7.0;5.0;;5.0;3.0;8.0;171.0;96.0;;Vila Nova U20;;0.0;3.0;1.111;1;4.0;4 - 0;7.5;CA Pontalinense U20;;0.0;3.0;17.0;0;0.0;-2.25;7 - 5;5-3;3.0;1.25;61 - 35;38 - 14;14.0;38.0;;;1.0;2.0;2.0;2.0;;;;;;;;70.0;101.0;35.0;61.0;;;3.0;4.0;3.0;5.0;;[35 50 61 93];[1 2 2 2];[False False False  True];['Vila Nova U20' 'Vila Nova U20' 'Vila Nova U20' 'Vila Nova U20'];[0 1 2 3];[1 2 3 4];['D' 'H' 'H' 'H'];['H' 'H' 'H' 'H'];0.38;0.62;0.0;0.78;0.22;0.0;2021.0;;vila nova fc go;;;;Youth
2026-05-02;193814951;Argentina Primera B Metropolitana;Argentina;15:30;Full;0.3450292397660819;1.925;1.5, 2.0;1.875;1.5, 2.0;3.0;1.0;;2.0;1.0;3.0;214.0;117.0;100.0;Sportivo Italiano;;0.0;5.0;1.8;1;1.0;1 - 0;2.875;Deportivo Armenio;;0.0;3.0;4.75;0;0.0;-0.5;3 - 1;2-1;1.75;0.75;54 - 63;33 - 20;20.0;33.0;52.0;48.0;3.0;2.0;2.0;4.0;;;;;;;;122.0;92.0;63.0;54.0;57.0;43.0;9.0;4.0;4.0;4.0;;[10];[1];[False];['Sportivo Italiano'];[0];[1];['D'];['H'];0.11;0.89;0.0;0.22;0.78;0.0;36843.0;93105.0;cs italiano;cd armenio;2.5;2.75;Youth
2026-05-02;193814960;Argentina Primera B Metropolitana;Argentina;15:30;Full;-0.20209059233449483;2.0;2.0;1.8;2.0;4.0;6.0;;3.0;3.0;6.0;176.0;102.0;100.0;UAI Urquiza;14.0;0.0;5.0;3.5;0;0.0;0 - 1;2.9;Arsenal de Sarandi;1.0;1.0;6.0;2.05;0;1.0;+0.25;4 - 6;3-3;2.0;0.75;55 - 47;25 - 22;22.0;25.0;55.0;45.0;3.0;6.0;2.0;2.0;;;;;;;;97.0;79.0;47.0;55.0;50.0;50.0;7.0;9.0;7.0;3.0;;[51];[2];[False];['Arsenal de Sarandi'];[0];[-1];['D'];['A'];0.57;0.0;0.43;1.0;0.0;0.0;112507.0;3221.0;cd uai urquiza;arsenal de sarandi;2.5;2.25;Youth
2026-05-02;193773256;Argentina Primera C Metropolitana;Argentina;15:30;Full;0.017316017316017285;1.9;1.5, 2.0;1.9;1.5, 2.0;6.0;1.0;;1.0;1.0;2.0;180.0;80.0;100.0;Canuelas FC;;0.0;1.0;2.625;0;0.0;0 - 0;2.7;General Lamadrid;;0.0;2.0;2.75;0;0.0;0.0;6 - 1;1-1;1.75;0.75;52 - 28;20 - 14;14.0;20.0;42.0;58.0;3.0;2.0;0.0;3.0;;;;;;;;76.0;104.0;28.0;52.0;43.0;57.0;3.0;5.0;1.0;7.0;;[];[];[];[];[];[];[];[];1.0;0.0;0.0;1.0;0.0;0.0;329911.0;377556.0;canuelas fc;ca general lamadrid;2.25;2.25;
2026-05-02;193773078;Argentina Primera B Metropolitana;Argentina;15:30;Full;0.25;1.925;1.5, 2.0;1.875;1.5, 2.0;6.0;7.0;;3.0;3.0;6.0;213.0;125.0;100.0;Deportivo Camioneros;;0.0;2.0;2.0;0;0.0;0 - 0;2.75;CSD Flandria;;0.0;4.0;4.0;0;0.0;-0.5;6 - 7;3-3;1.75;0.75;61 - 64;23 - 29;29.0;23.0;42.0;58.0;2.0;5.0;2.0;1.0;;;;;;;;90.0;123.0;64.0;61.0;37.0;63.0;6.0;11.0;3.0;2.0;;[];[];[];[];[];[];[];[];1.0;0.0;0.0;1.0;0.0;0.0;336147.0;112505.0;deportivo camioneros;csd flandria;2.62;2.62;Youth
2026-05-02;193773076;Argentina Primera B Metropolitana;Argentina;15:30;Full;-0.01904761904761909;1.775;2.0;2.025;2.0;4.0;5.0;;2.0;2.0;4.0;236.0;123.0;100.0;Villa San Carlos;18.0;0.0;5.0;2.625;0;0.0;0 - 2;2.9;Deportivo Laferrere;15.0;0.0;2.0;2.5;1;2.0;0.0;4 - 5;2-2;2.0;0.75;61 - 62;27 - 35;35.0;27.0;49.0;51.0;6.0;6.0;4.0;1.0;;;;;;;;118.0;118.0;62.0;61.0;49.0;51.0;8.0;8.0;6.0;3.0;;[38 83];[1 2];[False False];['Deportivo Laferrere' 'Deportivo Laferrere'];[ 0 -1];[-1 -2];['D' 'A'];['A' 'A'];0.42;0.0;0.58;0.84;0.0;0.16;107199.0;273669.0;ca villa san carlos;cscd laferrere;2.2;2.0;Youth
2026-05-02;193773239;Bosnia & Herzegovina Premier Liga;Bosnia;15:45;Full;0.425;1.95;2.0, 2.5;1.85;2.0, 2.5;4.0;4.0;;3.0;1.0;4.0;162.0;96.0;100.0;FK Sloga Doboj;;0.0;1.0;1.6;1;2.0;2 - 0;3.5;Siroki Brijeg;;0.0;0.0;5.0;0;0.0;-0.75;4 - 4;3-1;2.25;1.0;58 - 38;30 - 18;18.0;30.0;42.0;58.0;0.0;2.0;0.0;1.0;;;;;;;;79.0;83.0;38.0;58.0;49.0;51.0;0.0;4.0;0.0;3.0;;[18 64];[1 2];[False False];['FK Sloga Doboj' 'FK Sloga Doboj'];[0 1];[1 2];['D' 'H'];['H' 'H'];0.2;0.8;0.0;0.4;0.6;0.0;;;;;;;
2026-05-02;193874611;Mexico Liga MX U19 Femenil;Mexico;15:45;Full;0.35744831050352294;2.0;2.5;1.8;2.5;6.0;5.0;;2.0;3.0;5.0;99.0;110.0;;Pachuca U19 (W);;0.0;0.0;1.7;2;4.0;4 - 1;3.5;Necaxa U19 (W);;0.0;1.0;4.333;1;1.0;-0.75;6 - 5;2-3;2.5;1.0;62 - 48;29 - 29;29.0;29.0;;;2.0;3.0;4.0;8.0;;;;;;;;45.0;54.0;48.0;62.0;;;5.0;9.0;6.0;15.0;;[10 22 39 50 92];[1 1 1 2 2];[False False False False  True];"['Pachuca U19 (W)' 'Pachuca U19 (W)' 'Necaxa U19 (W)' 'Pachuca U19 (W)'
 'Pachuca U19 (W)']";[0 1 2 1 2];[1 2 1 2 3];['D' 'H' 'H' 'H' 'H'];['H' 'H' 'H' 'H' 'H'];0.11;0.89;0.0;0.22;0.78;0.0;1936.0;1944.0;cf pachuca;club necaxa;;;Youth-Women
2026-05-02;193190230;Belgium First Division A;Belgium;15:45;Full;-0.25641025641025644;1.85;2.0, 2.5;1.95;2.0, 2.5;9.0;1.0;;5.0;0.0;5.0;196.0;127.0;100.0;Sint-Truidense;3.0;0.0;2.0;3.9;0;2.0;2 - 1;3.3;Union Saint Gilloise;1.0;1.0;4.0;1.95;0;1.0;+0.5;9 - 1;5-0;2.25;1.0;115 - 12;55 - 3;3.0;55.0;21.0;79.0;1.0;3.0;0.0;3.0;;;;;;;;54.0;142.0;12.0;115.0;23.0;77.0;2.0;10.0;1.0;6.0;;[ 86  92 100];[2 2 2];[False  True  True];['Sint-Truidense' 'Union Saint Gilloise' 'Sint-Truidense'];[0 1 0];[1 0 1];['D' 'H' 'D'];['H' 'D' 'H'];0.94;0.06;0.0;1.0;0.0;0.0;2895.0;4860.0;st. truidense vv;union saint-gilloise;1.75;1.8;
2026-05-02;193004651;Italy Serie A;Italy;15:45;Full;0.5066666666666666;1.975;2.5, 3.0;1.875;2.5, 3.0;6.0;2.0;;2.0;1.0;3.0;198.0;92.0;100.0;Atalanta;7.0;0.0;2.0;1.5;0;0.0;0 - 0;4.333;Genoa;14.0;0.0;1.0;6.25;0;0.0;-1.0;6 - 2;2-1;2.75;1.25;68 - 24;39 - 13;13.0;39.0;43.0;57.0;5.0;3.0;1.0;3.0;;;;;;;;77.0;121.0;24.0;68.0;40.0;60.0;5.0;14.0;2.0;7.0;;[];[];[];[];[];[];[];[];1.0;0.0;0.0;1.0;0.0;0.0;;2713.0;;genoa cfc;1.8;1.9;
2026-05-02;193005979;Netherlands Eredivisie;Netherlands;16:00;Full;0.4365372374283896;1.95;3.5;1.85;3.5;9.0;0.0;;4.0;0.0;4.0;217.0;103.0;100.0;NEC;;0.0;3.0;1.571;0;1.0;1 - 1;4.5;Telstar;;0.0;2.0;5.0;1;1.0;-1.0;9 - 0;4-0;3.5;1.5;83 - 20;38 - 11;11.0;38.0;33.0;67.0;3.0;4.0;1.0;2.0;;;;;;;;73.0;144.0;20.0;83.0;30.0;70.0;5.0;15.0;4.0;7.0;;[32 85];[1 2];[False False];['Telstar' 'NEC'];[ 0 -1];[-1  0];['D' 'A'];['A' 'D'];0.41;0.0;0.59;0.71;0.0;0.29;2962.0;2972.0;nec nijmegen;sc telstar;1.53;1.44;
2026-05-02;193766570;Colombia Primera A;Colombia;16:00;Full;0.03501400560224094;1.85;2.0;1.95;2.0;6.0;3.0;;5.0;1.0;6.0;152.0;66.0;100.0;Boyaca Chico;;0.0;2.0;2.55;1;3.0;3 - 0;3.1;Llaneros;;0.0;1.0;2.8;0;0.0;0.0;6 - 3;5-1;2.0;0.75;36 - 30;23 - 17;17.0;23.0;57.0;43.0;3.0;7.0;1.0;6.0;;;;;;;;77.0;75.0;30.0;36.0;55.0;45.0;5.0;9.0;3.0;9.0;;[ 8 47 51];[1 2 2];[False False False];['Boyaca Chico' 'Boyaca Chico' 'Boyaca Chico'];[0 1 2];[1 2 3];['D' 'H' 'H'];['H' 'H' 'H'];0.09;0.91;0.0;0.18;0.82;0.0;6107.0;89374.0;boyaca chico fc;llaneros fc;2.1;2.0;
2026-05-02;193773201;Brazil Serie D;Brazil;16:00;Full;0.3777089783281734;1.9;2.0, 2.5;1.9;2.0, 2.5;2.0;4.0;;0.0;2.0;2.0;165.0;112.0;100.0;Altos;;0.0;1.0;1.7;1;2.0;2 - 1;3.25;CEFAT Tirol;;0.0;1.0;4.75;0;1.0;-0.75;2 - 4;0-2;2.25;1.0;60 - 52;32 - 19;19.0;32.0;49.0;51.0;1.0;6.0;2.0;4.0;;;;;;;;80.0;85.0;52.0;60.0;53.0;47.0;6.0;12.0;4.0;9.0;;[37 70 82];[1 2 2];[False False False];['Altos' 'Altos' 'CEFAT Tirol'];[0 1 2];[1 2 1];['D' 'H' 'H'];['H' 'H' 'H'];0.41;0.59;0.0;0.82;0.18;0.0;273503.0;845622.0;aa altos pi;cf atletas do tirol ce;2.0;2.0;
2026-05-02;193192137;Brazil Serie B;Brazil;16:00;Full;0.15032679738562088;1.775;2.0;2.025;2.0;11.0;2.0;;7.0;1.0;8.0;168.0;73.0;100.0;Botafogo SP;;0.0;3.0;2.25;1;1.0;1 - 1;3.1;Nautico;;0.0;1.0;3.4;0;1.0;-0.25;11 - 2;7-1;2.0;0.75;37 - 36;17 - 23;23.0;17.0;59.0;41.0;0.0;2.0;0.0;3.0;;;;;;;;99.0;69.0;36.0;37.0;53.0;47.0;10.0;3.0;3.0;7.0;;[42 58];[1 2];[False False];['Botafogo SP' 'Nautico'];[0 1];[1 0];['D' 'H'];['H' 'D'];0.82;0.18;0.0;0.93;0.07;0.0;1979.0;2011.0;botafogo fc sp;nautico pe;2.0;2.0;Youth
2026-05-02;193191377;Brazil Serie A;Brazil;16:00;Full;0.5066666666666666;2.0;2.5, 3.0;1.85;2.5, 3.0;9.0;6.0;;6.0;4.0;10.0;175.0;98.0;100.0;Botafogo;;0.0;2.0;1.5;1;1.0;1 - 2;4.333;Remo;;0.0;2.0;6.25;0;2.0;-1.0;9 - 6;6-4;2.75;1.0;50 - 48;20 - 25;25.0;20.0;48.0;52.0;3.0;5.0;2.0;5.0;;;;;;;;78.0;97.0;48.0;50.0;42.0;58.0;9.0;11.0;9.0;5.0;;[13 70 93];[1 2 2];[False False  True];['Botafogo' 'Remo' 'Remo'];[0 1 0];[ 1  0 -1];['D' 'H' 'D'];['H' 'D' 'A'];0.39;0.61;0.0;0.29;0.71;0.0;1958.0;2012.0;botafogo fr rj;clube do remo pa;1.95;1.9;
2026-05-02;193797003;Chile Primera Division Women;Chile;16:00;Full;-0.7000000000000001;1.875;3.0;1.925;3.0;3.0;5.0;;3.0;1.0;4.0;173.0;98.0;100.0;Universidad Catolica (W);;0.0;2.0;10.0;0;0.0;0 - 2;5.0;Colo Colo (W);;0.0;3.0;1.25;2;2.0;+1.75;3 - 5;3-1;3.0;1.25;31 - 67;19 - 31;31.0;19.0;63.0;37.0;2.0;2.0;5.0;0.0;;;;;;;;107.0;66.0;67.0;31.0;63.0;37.0;11.0;4.0;9.0;1.0;;[19 43];[1 1];[False False];['Colo Colo (W)' 'Colo Colo (W)'];[ 0 -1];[-1 -2];['D' 'A'];['A' 'A'];0.21;0.0;0.79;0.42;0.0;0.58;3151.0;3155.0;cd universidad catolica;colo-colo;;;Women
2026-05-02;193775931;Chile Copa de la Liga;Chile;16:00;Full;-0.17316017316017313;2.0;2.5;1.8;2.5;7.0;3.0;;2.0;2.0;4.0;139.0;79.0;100.0;La Serena;;0.0;3.0;3.3;0;0.0;0 - 5;3.25;Universidad de Chile;;0.0;4.0;2.1;3;5.0;+0.25;7 - 3;2-2;2.5;1.0;40 - 39;19 - 19;19.0;19.0;45.0;55.0;6.0;4.0;4.0;1.0;;;;;;;;69.0;70.0;39.0;40.0;47.0;53.0;7.0;9.0;6.0;3.0;;[12 31 44 62 64];[1 1 1 2 2];[False False False False False];"['Universidad de Chile' 'Universidad de Chile' 'Universidad de Chile'
 'Universidad de Chile' 'Universidad de Chile']";[ 0 -1 -2 -3 -4];[-1 -2 -3 -4 -5];['D' 'A' 'A' 'A' 'A'];['A' 'A' 'A' 'A' 'A'];0.13;0.0;0.87;0.27;0.0;0.73;5031.0;3161.0;deportes la serena;universidad de chile;1.72;1.72;
2026-05-02;193830060;Morocco GNF 1;Morocco;16:00;Full;-0.35555555555555557;1.85;1.5, 2.0;1.95;1.5, 2.0;7.0;0.0;;0.0;0.0;0.0;194.0;100.0;100.0;CODM Meknes;;0.0;2.0;5.0;0;0.0;0 - 0;2.75;MAS Fes;;0.0;2.0;1.8;0;0.0;+0.5;7 - 0;0-0;1.75;0.75;55 - 45;22 - 33;33.0;22.0;61.0;39.0;2.0;0.0;0.0;1.0;;;;;;;;111.0;83.0;45.0;55.0;57.0;43.0;5.0;5.0;1.0;5.0;;[];[];[];[];[];[];[];[];1.0;0.0;0.0;1.0;0.0;0.0;55025.0;55035.0;codm meknes;maghreb as de fes;2.62;2.62;
2026-05-02;193774253;Brazil Serie D;Brazil;16:00;Full;-0.4547190556102078;1.8;2.0, 2.5;2.0;2.0, 2.5;7.0;7.0;;6.0;2.0;8.0;188.0;123.0;100.0;FC Atlético Cearense;;0.0;2.0;5.5;1;1.0;1 - 1;3.4;Fluminense PI;;0.0;5.0;1.571;0;1.0;+0.75;7 - 7;6-2;2.25;1.0;58 - 65;27 - 27;27.0;27.0;53.0;47.0;6.0;1.0;0.0;1.0;;;;;;;;96.0;92.0;65.0;58.0;55.0;45.0;8.0;2.0;1.0;3.0;;[10 97];[1 2];[False  True];['FC Atlético Cearense' 'Fluminense PI'];[0 1];[1 0];['D' 'H'];['H' 'D'];0.1;0.9;0.0;0.22;0.78;0.0;33775.0;773398.0;fc atletico ce;fluminense ec pi;2.2;2.1;
2026-05-02;193774016;Chile Primera Division Women;Chile;16:00;Full;-0.3869047619047619;2.0;2.5, 3.0;1.8;2.5, 3.0;5.0;4.0;;2.0;1.0;3.0;74.0;60.0;100.0;Huachipato (W);;0.0;0.0;4.2;0;1.0;1 - 4;3.9;Coquimbo Unido (W);;0.0;2.0;1.6;1;4.0;+0.75;5 - 4;2-1;2.75;1.0;35 - 25;12 - 9;9.0;12.0;37.0;63.0;1.0;1.0;1.0;1.0;;;;;;;;28.0;46.0;25.0;35.0;33.0;67.0;3.0;2.0;9.0;4.0;;[29 52 56 61 62];[1 2 2 2 2];[False False False False False];"['Coquimbo Unido (W)' 'Coquimbo Unido (W)' 'Huachipato (W)'
 'Coquimbo Unido (W)' 'Coquimbo Unido (W)']";[ 0 -1 -2 -1 -2];[-1 -2 -1 -2 -3];['D' 'A' 'A' 'A' 'A'];['A' 'A' 'A' 'A' 'A'];0.32;0.0;0.68;0.64;0.0;0.36;3164.0;3165.0;huachipato;coquimbo unido;;;Women
2026-05-02;193773210;Bolivia Primera Division;Bolivia;16:00;Full;0.5224071702944943;1.875;3.5;1.925;3.5;6.0;8.0;;3.0;4.0;7.0;150.0;75.0;100.0;Always Ready;;0.0;1.0;1.42;0;3.0;3 - 1;5.0;Nacional Potosi;;0.0;0.0;5.5;0;1.0;-1.25;6 - 8;3-4;3.5;1.5;42 - 33;28 - 13;13.0;28.0;47.0;53.0;8.0;3.0;2.0;1.0;;;;;;;;75.0;75.0;33.0;42.0;50.0;50.0;16.0;7.0;5.0;4.0;;[51 73 79 97];[2 2 2 2];[False False False  True];['Always Ready' 'Nacional Potosi' 'Always Ready' 'Always Ready'];[0 1 0 1];[1 0 1 2];['D' 'H' 'D' 'H'];['H' 'D' 'H' 'H'];0.59;0.41;0.0;1.0;0.0;0.0;378096.0;47700.0;always ready;ca nacional potosi;1.61;1.5;
2026-05-02;193826416;Chile Copa de la Liga;Chile;16:00;Full;0.07622504537205077;1.875;2.0, 2.5;1.925;2.0, 2.5;10.0;2.0;;2.0;0.0;2.0;249.0;131.0;100.0;Everton de Vina;;0.0;3.0;2.375;1;2.0;2 - 2;3.2;Palestino;;0.0;7.0;2.9;2;2.0;0.0;10 - 2;2-0;2.25;1.0;76 - 55;28 - 28;28.0;28.0;47.0;53.0;5.0;1.0;3.0;1.0;;;;;;;;135.0;114.0;55.0;76.0;44.0;56.0;7.0;8.0;4.0;7.0;;[21 40 45 86];[1 1 1 2];[False False False False];['Palestino' 'Palestino' 'Everton de Vina' 'Everton de Vina'];[ 0 -1 -2 -1];[-1 -2 -1  0];['D' 'A' 'A' 'A'];['A' 'A' 'A' 'D'];0.28;0.0;0.72;0.47;0.0;0.53;5032.0;3157.0;cd everton vina del mar;cd palestino;1.83;1.83;
2026-05-02;193773192;Brazil Serie D;Brazil;16:00;Full;0.14204545454545453;1.875;1.5, 2.0;1.925;1.5, 2.0;4.0;3.0;;3.0;2.0;5.0;169.0;96.0;100.0;Joinville;;0.0;3.0;2.2;1;1.0;1 - 1;2.55;FC Cascavel;;0.0;4.0;3.2;0;1.0;-0.25;4 - 3;3-2;1.75;0.75;53 - 43;27 - 21;21.0;27.0;46.0;54.0;3.0;3.0;0.0;1.0;;;;;;;;74.0;95.0;43.0;53.0;48.0;52.0;6.0;7.0;2.0;1.0;;[35 52];[1 2];[False False];['Joinville' 'FC Cascavel'];[0 1];[1 0];['D' 'H'];['H' 'D'];0.81;0.19;0.0;0.78;0.22;0.0;1987.0;21891.0;joinville ec sc;cascavel pr;2.37;2.37;
2026-05-02;193774249;Brazil Serie D;Brazil;16:00;Full;0.25716780164134795;1.975;2.0, 2.5;1.825;2.0, 2.5;6.0;4.0;;2.0;2.0;4.0;172.0;138.0;100.0;ABECAT Ouvidorense;;1.0;1.0;1.909;0;1.0;1 - 1;3.1;Ivinhema;;0.0;4.0;3.75;0;1.0;-0.5;6 - 4;2-2;2.25;1.0;64 - 74;31 - 36;36.0;31.0;69.0;31.0;2.0;5.0;2.0;3.0;;;;;;;;97.0;75.0;74.0;64.0;65.0;35.0;8.0;10.0;5.0;7.0;;[64 73];[2 2];[False False];['Ivinhema' 'ABECAT Ouvidorense'];[ 0 -1];[-1  0];['D' 'A'];['A' 'D'];0.9;0.0;0.1;1.0;0.0;0.0;1052105.0;34000.0;abecat ouvidorense go;ivinhema ms;1.9;2.0;
2026-05-02;193773187;Brazil Serie D;Brazil;16:00;Full;0.00366300366300365;1.85;2.0;1.95;2.0;6.0;4.0;;3.0;2.0;5.0;151.0;104.0;100.0;Agua Santa;;0.0;4.0;2.6;1;1.0;1 - 0;2.875;Portuguesa RJ;;0.0;3.0;2.625;0;0.0;0.0;6 - 4;3-2;2.0;0.75;50 - 54;28 - 20;20.0;28.0;50.0;50.0;2.0;3.0;1.0;2.0;;;;;;;;70.0;81.0;54.0;50.0;50.0;50.0;3.0;5.0;3.0;3.0;;[34];[1];[False];['Agua Santa'];[0];[1];['D'];['H'];0.38;0.62;0.0;0.76;0.24;0.0;135510.0;225938.0;ec agua santa sp;aa portuguesa rj;2.1;2.1;
2026-05-02;192946788;Spain La Liga;Spain;16:00;Full;-0.35681657337708295;1.925;3.0;1.925;3.0;3.0;7.0;;2.0;5.0;7.0;201.0;109.0;100.0;Osasuna;10.0;0.0;1.0;4.5;0;1.0;1 - 2;4.0;Barcelona;1.0;0.0;2.0;1.727;0;2.0;+0.75;3 - 7;2-5;3.0;1.25;32 - 77;12 - 23;23.0;12.0;70.0;30.0;4.0;2.0;2.0;1.0;;;;;;;;118.0;83.0;77.0;32.0;70.0;30.0;9.0;5.0;4.0;4.0;;[81 86 89];[2 2 2];[False False False];['Barcelona' 'Barcelona' 'Osasuna'];[ 0 -1 -2];[-1 -2 -1];['D' 'A' 'A'];['A' 'A' 'A'];0.9;0.0;0.1;1.0;0.0;0.0;2820.0;2817.0;ca osasuna;fc barcelona;1.53;1.57;
2026-05-02;193196525;Ecuador LigaPro Serie A;Ecuador;16:00;Full;0.1515151515151515;2.0;2.0, 2.5;1.8;2.0, 2.5;3.0;9.0;;0.0;5.0;5.0;163.0;90.0;100.0;Deportivo Cuenca;;0.0;2.0;2.2;1;2.0;2 - 1;3.1;Tecnico Universitario;;1.0;2.0;3.3;1;1.0;-0.25;3 - 9;0-5;2.25;0.75;31 - 59;13 - 40;40.0;13.0;59.0;41.0;6.0;0.0;8.0;1.0;;;;;;;;88.0;75.0;59.0;31.0;52.0;48.0;10.0;3.0;9.0;5.0;;[ 8 34 73];[1 1 2];[False False False];['Deportivo Cuenca' 'Tecnico Universitario' 'Deportivo Cuenca'];[0 1 0];[1 0 1];['D' 'H' 'D'];['H' 'D' 'H'];0.52;0.48;0.0;0.42;0.58;0.0;5251.0;21941.0;cd cuenca;cd tecnico universitario;2.0;1.9;
2026-05-02;193888679;Paraguay Tercera Division;Paraguay;16:00;Full;0.0;1.85;2.0;1.95;2.0;6.0;3.0;;3.0;2.0;5.0;247.0;142.0;100.0;Club Sport Colombia;;0.0;2.0;2.5;0;1.0;1 - 1;3.25;Cristobal Colon JAS;;2.0;2.0;2.5;1;1.0;0.0;6 - 3;3-2;2.0;0.75;89 - 53;42 - 30;30.0;42.0;45.0;55.0;6.0;1.0;2.0;3.0;;;;;;;;115.0;132.0;53.0;89.0;44.0;56.0;7.0;5.0;3.0;5.0;;[16 81];[1 2];[False False];['Cristobal Colon JAS' 'Club Sport Colombia'];[ 0 -1];[-1  0];['D' 'A'];['A' 'D'];0.28;0.0;0.72;0.36;0.0;0.64;;;;;;;
2026-05-02;193826523;Cameroon Elite One;Cameroon;16:00;Full;0.5604395604395604;1.8;2.5;2.0;2.5;7.0;6.0;;4.0;0.0;4.0;163.0;84.0;100.0;Unisport Bafang;1.0;0.0;0.0;1.4;1;8.0;8 - 0;4.1;AS Fortuna Mfou;13.0;0.0;2.0;6.5;0;0.0;-1.25;7 - 6;4-0;2.5;1.0;46 - 38;25 - 16;16.0;25.0;43.0;57.0;2.0;4.0;1.0;6.0;;;;;;;;79.0;84.0;38.0;46.0;51.0;49.0;10.0;5.0;2.0;16.0;;[14 53 60 73 74 77 81 84];[1 2 2 2 2 2 2 2];[False False False False False False False False];"['Unisport Bafang' 'Unisport Bafang' 'Unisport Bafang' 'Unisport Bafang'
 'Unisport Bafang' 'Unisport Bafang' 'Unisport Bafang' 'Unisport Bafang']";[0 1 2 3 4 5 6 7];[1 2 3 4 5 6 7 8];['D' 'H' 'H' 'H' 'H' 'H' 'H' 'H'];['H' 'H' 'H' 'H' 'H' 'H' 'H' 'H'];0.16;0.84;0.0;0.31;0.69;0.0;;;;;;;
2026-05-02;193108874;Spain Primera Division RFEF Group 1;Spain;16:00;Full;0.350140056022409;1.825;2.5;1.975;2.5;1.0;5.0;;1.0;2.0;3.0;207.0;113.0;100.0;Real Madrid Castilla;;0.0;2.0;1.7;0;1.0;1 - 0;3.4;Unionistas de Salamanca CF;;0.0;3.0;4.2;0;0.0;-0.5;1 - 5;1-2;2.5;1.0;55 - 58;22 - 25;25.0;22.0;41.0;59.0;3.0;2.0;3.0;0.0;;;;;;;;94.0;113.0;58.0;55.0;47.0;53.0;7.0;3.0;4.0;4.0;;[81];[2];[False];['Real Madrid Castilla'];[0];[1];['D'];['H'];0.9;0.1;0.0;1.0;0.0;0.0;5069.0;286017.0;real madrid castilla;unionistas de salamanca cf;1.83;1.83;
2026-05-02;192946435;Spain Segunda;Spain;16:00;Full;0.24255024255024266;1.9;2.0, 2.5;1.9;2.0, 2.5;2.0;6.0;;0.0;5.0;5.0;194.0;77.0;100.0;Eibar;8.0;0.0;2.0;1.95;2;2.0;2 - 4;3.0;Malaga;4.0;0.0;3.0;3.7;1;4.0;-0.5;2 - 6;0-5;2.25;1.0;37 - 40;12 - 29;29.0;12.0;62.0;38.0;7.0;2.0;3.0;2.0;;;;;;;;106.0;88.0;40.0;37.0;59.0;41.0;11.0;8.0;8.0;3.0;;[ 8 20 32 65 78 84];[1 1 1 2 2 2];[False False False False False False];['Malaga' 'Eibar' 'Eibar' 'Malaga' 'Malaga' 'Malaga'];[ 0 -1  0  1  0 -1];[-1  0  1  0 -1 -2];['D' 'A' 'D' 'H' 'D' 'A'];['A' 'D' 'H' 'D' 'A' 'A'];0.37;0.37;0.27;0.44;0.29;0.27;2839.0;2830.0;sd eibar;malaga cf;1.83;1.9;
2026-05-02;193796026;Brazil Campeonato Cearense B;Brazil;16:00;Full;0.09961685823754785;2.025;2.0, 2.5;1.775;2.0, 2.5;7.0;2.0;;2.0;2.0;4.0;204.0;132.0;100.0;Caucaia;;0.0;6.0;2.25;1;1.0;1 - 4;3.1;Guarany de Sobral;;0.0;10.0;2.9;1;4.0;0.0;7 - 2;2-2;2.25;0.75;77 - 55;28 - 41;41.0;28.0;54.0;46.0;2.0;4.0;3.0;2.0;;;;;;;;91.0;113.0;55.0;77.0;50.0;50.0;7.0;8.0;6.0;5.0;;[ 11  29  56  96 101];[1 1 2 2 2];[False False False  True  True];"['Guarany de Sobral' 'Caucaia' 'Guarany de Sobral' 'Guarany de Sobral'
 'Guarany de Sobral']";[ 0 -1  0 -1 -2];[-1  0 -1 -2 -3];['D' 'A' 'D' 'A' 'A'];['A' 'D' 'A' 'A' 'A'];0.38;0.0;0.62;0.6;0.0;0.4;;;;;;;Youth
2026-05-02;193005705;France Ligue 1;France;16:05;Full;-0.35744831050352294;1.95;3.0;1.9;3.0;7.0;8.0;;4.0;5.0;9.0;193.0;78.0;100.0;Nice;15.0;0.0;2.0;4.333;0;1.0;1 - 1;4.2;Lens;2.0;1.0;3.0;1.7;0;1.0;+0.75;7 - 8;4-5;3.0;1.25;36 - 42;18 - 19;19.0;18.0;60.0;40.0;6.0;3.0;3.0;2.0;;;;;;;;105.0;88.0;42.0;36.0;54.0;46.0;12.0;6.0;4.0;3.0;;[60 84];[2 2];[False False];['Lens' 'Nice'];[ 0 -1];[-1  0];['D' 'A'];['A' 'D'];0.73;0.0;0.27;1.0;0.0;0.0;1661.0;1648.0;ogc nice;racing club de lens;1.57;1.57;
2026-05-02;193511007;Iceland Premier League;Iceland;16:15;Full;-0.013729977116704872;1.925;4.0, 4.5;1.875;4.0, 4.5;4.0;11.0;;1.0;7.0;8.0;273.0;187.0;100.0;Valur Reykjavik;;0.0;4.0;2.375;0;1.0;1 - 4;3.9;KR Reykjavik;;0.0;2.0;2.3;2;4.0;0.0;4 - 11;1-7;4.25;1.75;67 - 120;26 - 65;65.0;26.0;67.0;33.0;1.0;1.0;4.0;0.0;;;;;;;;148.0;125.0;120.0;67.0;60.0;40.0;1.0;5.0;9.0;2.0;;[10 45 61 92 95];[1 1 2 2 2];[False False False  True  True];"['KR Reykjavik' 'KR Reykjavik' 'KR Reykjavik' 'Valur Reykjavik'
 'KR Reykjavik']";[ 0 -1 -2 -3 -2];[-1 -2 -3 -2 -3];['D' 'A' 'A' 'A' 'A'];['A' 'A' 'A' 'A' 'A'];0.11;0.0;0.89;0.22;0.0;0.78;1899.0;1902.0;valur reykjavik;kr reykjavik;1.22;1.2;
2026-05-02;193067304;Argentina Liga Profesional;Argentina;16:15;Full;-0.3896103896103896;1.85;2.0;1.95;2.0;3.0;3.0;;1.0;2.0;3.0;213.0;105.0;100.0;Central Cordoba SdE;;0.0;3.0;5.5;0;1.0;1 - 2;3.2;Boca Juniors;;0.0;3.0;1.75;2;2.0;+0.75;3 - 3;1-2;2.0;0.75;51 - 54;15 - 23;23.0;15.0;63.0;37.0;0.0;6.0;5.0;1.0;;;;;;;;121.0;92.0;54.0;51.0;65.0;35.0;3.0;10.0;8.0;4.0;;[43 45 56];[1 1 2];[False False False];['Boca Juniors' 'Boca Juniors' 'Central Cordoba SdE'];[ 0 -1 -2];[-1 -2 -1];['D' 'A' 'A'];['A' 'A' 'A'];0.48;0.0;0.52;0.96;0.0;0.04;65676.0;3202.0;ca central cordoba se;boca juniors;;;
2026-05-02;193821895;Venezuela Segunda Division;Venezuela;16:30;Full;-0.16369047619047616;1.975;2.0, 2.5;1.825;2.0, 2.5;3.0;5.0;;2.0;1.0;3.0;134.0;141.0;100.0;Yaracuyanos;;0.0;3.0;3.2;1;1.0;1 - 2;3.1;Deportivo Lara;;0.0;4.0;2.1;1;2.0;+0.25;3 - 5;2-1;2.25;1.0;75 - 66;43 - 30;30.0;43.0;35.0;65.0;1.0;5.0;2.0;3.0;;;;;;;;60.0;74.0;66.0;75.0;39.0;61.0;3.0;9.0;3.0;3.0;;[36 45 65];[1 1 2];[False False False];['Deportivo Lara' 'Yaracuyanos' 'Deportivo Lara'];[ 0 -1  0];[-1  0 -1];['D' 'A' 'D'];['A' 'D' 'A'];0.62;0.0;0.38;0.8;0.0;0.2;;;;;;;
2026-05-02;193880392;Chile Tercera;Chile;16:30;Full;0.0;1.825;2.5, 3.0;1.975;2.5, 3.0;8.0;4.0;;3.0;2.0;5.0;126.0;63.0;100.0;Chimbarongo FC;;0.0;5.0;2.4;1;1.0;1 - 1;3.4;Club Aguara;;1.0;4.0;2.4;1;1.0;0.0;8 - 4;3-2;2.75;1.25;32 - 31;14 - 15;15.0;14.0;59.0;41.0;3.0;1.0;3.0;3.0;;;;;;;;59.0;67.0;31.0;32.0;53.0;47.0;5.0;3.0;6.0;5.0;;[ 5 11];[1 1];[False False];['Club Aguara' 'Chimbarongo FC'];[ 0 -1];[-1  0];['D' 'A'];['A' 'D'];0.93;0.0;0.07;0.87;0.0;0.13;;;;;;;
2026-05-02;193891132;Chile Tercera;Chile;16:30;Full;0.053830227743271286;1.825;2.5;1.975;2.5;8.0;4.0;;6.0;2.0;8.0;122.0;82.0;100.0;Deportes Rancagua;;1.0;4.0;2.3;1;1.0;1 - 0;3.3;Puente Alto;;1.0;3.0;2.625;0;0.0;0.0;8 - 4;6-2;2.5;1.0;33 - 49;21 - 14;14.0;21.0;52.0;48.0;1.0;4.0;6.0;4.0;;;;;;;;62.0;60.0;49.0;33.0;58.0;42.0;4.0;10.0;9.0;5.0;;[48];[1];[ True];['Deportes Rancagua'];[0];[1];['D'];['H'];0.53;0.47;0.0;1.0;0.0;0.0;;;;;;;
2026-05-02;193794659;Brazil Serie A2 Women;Brazil;16:30;Full;-0.4444444444444444;1.8;2.5;2.0;2.5;5.0;8.0;;3.0;5.0;8.0;230.0;154.0;100.0;3B Sport AM (W);;0.0;5.0;4.5;0;1.0;1 - 0;4.5;CA Piauiense (W);;1.0;2.0;1.5;0;0.0;+1.0;5 - 8;3-5;2.5;1.0;80 - 74;29 - 34;34.0;29.0;47.0;53.0;3.0;2.0;1.0;1.0;;;;;;;;109.0;121.0;74.0;80.0;46.0;54.0;5.0;4.0;2.0;6.0;;[61];[2];[False];['3B Sport AM (W)'];[0];[1];['D'];['H'];0.68;0.32;0.0;1.0;0.0;0.0;;;;;;;Women
2026-05-02;193797106;Chile Segunda;Chile;16:30;Full;0.09661835748792269;1.975;2.5;1.825;2.5;6.0;5.0;;2.0;3.0;5.0;238.0;116.0;100.0;Deportes Colina;;0.0;3.0;2.25;0;2.0;2 - 0;3.1;Provincial Ovalle;;0.0;1.0;2.875;0;0.0;-0.25;6 - 5;2-3;2.5;1.0;59 - 57;33 - 25;25.0;33.0;40.0;60.0;5.0;6.0;2.0;2.0;;;;;;;;123.0;115.0;57.0;59.0;49.0;51.0;7.0;9.0;2.0;4.0;;[55 61];[2 2];[False False];['Deportes Colina' 'Deportes Colina'];[0 1];[1 2];['D' 'H'];['H' 'H'];0.61;0.39;0.0;1.0;0.0;0.0;;;;;;;
2026-05-02;192943805;Portugal Primeira Liga;Portugal;16:30;Full;0.7666666666666667;1.85;3.0;2.0;3.0;5.0;4.0;;4.0;0.0;4.0;187.0;64.0;100.0;FC Porto;1.0;0.0;1.0;1.2;1;1.0;1 - 0;6.5;Alverca;9.0;0.0;4.0;15.0;0;0.0;-2.0;5 - 4;4-0;3.0;1.25;36 - 28;23 - 10;10.0;23.0;41.0;59.0;2.0;7.0;2.0;2.0;;;;;;;;66.0;121.0;28.0;36.0;43.0;57.0;8.0;8.0;5.0;4.0;;[41];[1];[False];['FC Porto'];[0];[1];['D'];['H'];0.46;0.54;0.0;0.91;0.09;0.0;3002.0;3012.0;fc porto;fc alverca sad;2.2;2.2;
2026-05-02;193942808;Bolivia Copa Simon Bolivar;Bolivia;16:30;Full;0.4191950464396285;1.8;3.5;2.0;3.5;3.0;7.0;;1.0;4.0;5.0;139.0;108.0;;Union Tarija;;0.0;4.0;1.615;0;3.0;3 - 1;3.4;Club Universitario Tarija;;0.0;2.0;5.0;0;1.0;-0.75;3 - 7;1-4;3.5;1.5;50 - 58;16 - 34;34.0;16.0;;;1.0;1.0;0.0;0.0;;;;;;;;74.0;65.0;58.0;50.0;;;3.0;8.0;3.0;4.0;;[57 66 90 94];[2 2 2 2];[False False False  True];['Union Tarija' 'Union Tarija' 'Club Universitario Tarija' 'Union Tarija'];[0 1 2 1];[1 2 1 2];['D' 'H' 'H' 'H'];['H' 'H' 'H' 'H'];0.61;0.39;0.0;1.0;0.0;0.0;;;;;;;
2026-05-02;193928092;Bolivia Copa Simon Bolivar;Bolivia;16:30;Full;0.23786142935079102;1.95;3.0;1.85;3.0;6.0;5.0;;2.0;1.0;3.0;170.0;181.0;;CD Ingenio;;0.0;6.0;1.833;1;1.0;1 - 4;3.75;Deportivo FATIC;;1.0;2.0;3.25;3;4.0;-0.5;6 - 5;2-1;3.0;1.25;102 - 79;52 - 35;35.0;52.0;;;2.0;6.0;5.0;5.0;;;;;;;;72.0;98.0;79.0;102.0;;;7.0;12.0;13.0;13.0;;[ 3  7 28 31 77];[1 1 1 1 2];[False False False False False];"['Deportivo FATIC' 'Deportivo FATIC' 'CD Ingenio' 'Deportivo FATIC'
 'Deportivo FATIC']";[ 0 -1 -2 -1 -2];[-1 -2 -1 -2 -3];['D' 'A' 'A' 'A' 'A'];['A' 'A' 'A' 'A' 'A'];0.03;0.0;0.97;0.07;0.0;0.93;;;;;;;
2026-05-02;193774267;Brazil Serie D;Brazil;17:00;Full;0.5714285714285714;1.9;2.5;1.9;2.5;6.0;3.0;;2.0;3.0;5.0;236.0;132.0;100.0;Uberlandia;;0.0;4.0;1.4;1;2.0;2 - 1;3.9;Operario MS;;0.0;5.0;7.0;0;1.0;-1.25;6 - 3;2-3;2.5;1.0;86 - 46;36 - 22;22.0;36.0;42.0;58.0;1.0;2.0;0.0;3.0;;;;;;;;96.0;140.0;46.0;86.0;47.0;53.0;8.0;6.0;2.0;6.0;;[19 54 84];[1 2 2];[False False False];['Uberlandia' 'Operario MS' 'Uberlandia'];[0 1 0];[1 0 1];['D' 'H' 'D'];['H' 'D' 'H'];0.54;0.46;0.0;0.42;0.58;0.0;32873.0;317965.0;uberlandia ec mg;operario fc ms;2.0;2.2;
2026-05-02;193775934;Chile Segunda;Chile;17:00;Full;0.0;1.825;2.0, 2.5;1.975;2.0, 2.5;7.0;5.0;;5.0;5.0;10.0;58.0;88.0;100.0;Lota Schwager;;1.0;4.0;2.5;1;1.0;1 - 2;3.1;Colchagua CD;;0.0;3.0;2.5;0;2.0;0.0;7 - 5;5-5;2.25;1.0;47 - 41;21 - 29;29.0;21.0;58.0;42.0;5.0;2.0;3.0;2.0;;;;;;;;34.0;24.0;41.0;47.0;53.0;47.0;7.0;4.0;5.0;5.0;;[ 3 49 66];[1 2 2];[False False False];['Lota Schwager' 'Colchagua CD' 'Colchagua CD'];[0 1 0];[ 1  0 -1];['D' 'H' 'D'];['H' 'D' 'A'];0.22;0.51;0.27;0.07;0.93;0.0;;;;;;;
2026-05-02;193774259;Brazil Serie D;Brazil;17:00;Full;0.08070432868672045;2.025;2.0;1.775;2.0;1.0;3.0;;0.0;1.0;1.0;217.0;136.0;100.0;Sao Joseense;;0.0;4.0;2.35;1;1.0;1 - 0;2.875;Blumenau;;0.0;1.0;2.9;0;0.0;-0.25;1 - 3;0-1;2.0;0.75;50 - 86;28 - 33;33.0;28.0;60.0;40.0;1.0;3.0;1.0;2.0;;;;;;;;130.0;87.0;86.0;50.0;64.0;36.0;4.0;4.0;1.0;2.0;;[40];[1];[False];['Sao Joseense'];[0];[1];['D'];['H'];0.44;0.56;0.0;0.89;0.11;0.0;565594.0;434706.0;if sao joseense pr;blumenau ec sc;2.2;2.2;
2026-05-02;193774262;Brazil Serie D;Brazil;17:00;Full;0.1014492753623189;2.025;2.0, 2.5;1.775;2.0, 2.5;4.0;5.0;;2.0;1.0;3.0;337.0;195.0;100.0;Moto Club;;0.0;4.0;2.3;0;0.0;0 - 0;2.9;Iguatu;;0.0;3.0;3.0;0;0.0;0.0;4 - 5;2-1;2.25;0.75;111 - 84;66 - 37;37.0;66.0;46.0;54.0;1.0;5.0;1.0;1.0;;;;;;;;165.0;172.0;84.0;111.0;50.0;50.0;6.0;9.0;1.0;2.0;;[];[];[];[];[];[];[];[];1.0;0.0;0.0;1.0;0.0;0.0;2009.0;401927.0;moto club ma;iguatu ce;2.0;2.0;
2026-05-02;193833790;Venezuela Primera Division;Venezuela;17:00;Full;-0.14285714285714285;2.025;2.5;1.775;2.5;1.0;6.0;;0.0;4.0;4.0;186.0;95.0;100.0;Estudiantes Merida;8.0;0.0;3.0;3.0;2;2.0;2 - 1;3.3;Deportivo Tachira;4.0;1.0;3.0;2.1;1;1.0;+0.25;1 - 6;0-4;2.5;nan;27 - 68;10 - 32;32.0;10.0;50.0;50.0;8.0;3.0;6.0;2.0;;;;;;;;114.0;72.0;68.0;27.0;50.0;50.0;14.0;5.0;9.0;5.0;;[ 6 38 44];[1 1 1];[False False False];['Estudiantes Merida' 'Estudiantes Merida' 'Deportivo Tachira'];[0 1 2];[1 2 1];['D' 'H' 'H'];['H' 'H' 'H'];0.07;0.93;0.0;0.13;0.87;0.0;;;;;;;
2026-05-02;193882052;Brazil Campeonato Cearense B;Brazil;17:00;Full;0.0;2.025;2.0, 2.5;1.775;2.0, 2.5;1.0;11.0;;1.0;1.0;2.0;114.0;122.0;;Cariri;;2.0;5.0;2.55;0;0.0;0 - 1;3.1;Crato;;1.0;5.0;2.55;0;1.0;0.0;1 - 11;1-1;2.25;0.75;42 - 80;23 - 31;31.0;23.0;;;3.0;3.0;1.0;0.0;;;;;;;;58.0;56.0;80.0;42.0;;;8.0;6.0;2.0;1.0;;[99];[2];[ True];['Crato'];[0];[-1];['D'];['A'];1.0;0.0;0.0;1.0;0.0;0.0;;;;;;;Youth
2026-05-02;193776747;Dominican Republic Liga;Dominican Republic;17:00;Full;0.03612479474548436;1.75;2.0;2.05;2.0;1.0;2.0;;1.0;1.0;2.0;0.0;0.0;;Atletico Pantoja;;0.0;4.0;2.625;0;0.0;0 - 1;2.5;Cibao FC;;1.0;5.0;2.9;0;1.0;0.0;1 - 2;1-1;2.0;0.75;-;-;0.0;0.0;;;0.0;0.0;0.0;0.0;;;;;;;;0.0;0.0;0.0;0.0;;;0.0;0.0;1.0;0.0;;[62];[2];[False];['Cibao FC'];[0];[-1];['D'];['A'];0.69;0.0;0.31;1.0;0.0;0.0;;;;;;;
2026-05-02;193888681;Paraguay Tercera Division;Paraguay;17:00;Full;0.42601092163891596;1.85;2.5, 3.0;1.95;2.5, 3.0;6.0;3.0;;5.0;3.0;8.0;181.0;141.0;100.0;12 De Octubre Itaugua;;0.0;5.0;1.571;2;4.0;4 - 0;3.8;Silvio Pettirossi;;1.0;3.0;4.75;0;0.0;-1.0;6 - 3;5-3;2.75;1.25;78 - 63;35 - 36;36.0;35.0;56.0;44.0;3.0;1.0;0.0;3.0;;;;;;;;93.0;88.0;63.0;78.0;53.0;47.0;6.0;5.0;1.0;5.0;;[22 38 49 86];[1 1 2 2];[False False False False];"['12 De Octubre Itaugua' '12 De Octubre Itaugua' '12 De Octubre Itaugua'
 '12 De Octubre Itaugua']";[0 1 2 3];[1 2 3 4];['D' 'H' 'H' 'H'];['H' 'H' 'H' 'H'];0.24;0.76;0.0;0.49;0.51;0.0;;;;;;;
2026-05-02;193804127;USA MLS Next Pro League;USA;17:00;Full;-0.08050089445438285;1.825;2.5, 3.0;1.975;2.5, 3.0;8.0;11.0;;7.0;6.0;13.0;148.0;89.0;100.0;Minnesota United FC II;;0.0;2.0;2.6;0;0.0;0 - 0;3.6;St. Louis City SC II;;0.0;0.0;2.15;0;0.0;+0.25;8 - 11;7-6;2.75;1.25;39 - 50;21 - 20;20.0;21.0;56.0;44.0;0.0;1.0;2.0;2.0;;;;;;;;78.0;70.0;50.0;39.0;55.0;45.0;5.0;4.0;4.0;3.0;;[];[];[];[];[];[];[];[];1.0;0.0;0.0;1.0;0.0;0.0;;874725.0;;saint louis city sc;;;Youth
2026-05-02;193881236;Ecuador Primera Women;Ecuador;17:00;Full;-0.367965367965368;1.775;2.5, 3.0;2.025;2.5, 3.0;8.0;2.0;;4.0;2.0;6.0;169.0;115.0;100.0;Quito FC (W);;0.0;0.0;4.2;1;2.0;2 - 3;3.7;Macara (W);;0.0;2.0;1.65;3;3.0;+0.5;8 - 2;4-2;2.75;1.25;61 - 54;25 - 33;33.0;25.0;51.0;49.0;2.0;4.0;4.0;6.0;;;;;;;;92.0;77.0;54.0;61.0;52.0;48.0;3.0;10.0;6.0;9.0;;[ 3 16 28 36 61];[1 1 1 1 2];[False False False False False];['Macara (W)' 'Quito FC (W)' 'Macara (W)' 'Macara (W)' 'Quito FC (W)'];[ 0 -1  0 -1 -2];[-1  0 -1 -2 -1];['D' 'A' 'D' 'A' 'A'];['A' 'D' 'A' 'A' 'A'];0.17;0.0;0.83;0.33;0.0;0.67;;6001.0;;csd macara;;;Women
2026-05-02;193772904;Brazil Serie C;Brazil;17:00;Full;0.3776578017729787;1.975;2.0, 2.5;1.825;2.0, 2.5;6.0;1.0;;4.0;0.0;4.0;227.0;145.0;100.0;Guarani;;0.0;3.0;1.667;0;1.0;1 - 0;3.4;Santa Cruz;;0.0;3.0;4.5;0;0.0;-0.75;6 - 1;4-0;2.25;0.75;94 - 51;50 - 21;21.0;50.0;43.0;57.0;0.0;5.0;0.0;3.0;;;;;;;;95.0;132.0;51.0;94.0;45.0;55.0;2.0;7.0;0.0;7.0;;[92];[2];[ True];['Guarani'];[0];[1];['D'];['H'];1.0;0.0;0.0;1.0;0.0;0.0;1972.0;1976.0;guarani fc sp;santa cruz fc pe;2.2;2.2;
2026-05-02;192943507;Peru Liga 1;Peru;17:15;Full;0.33333333333333337;1.775;2.0, 2.5;2.025;2.0, 2.5;1.0;6.0;;1.0;3.0;4.0;187.0;79.0;100.0;AD Tarma;;0.0;0.0;1.8;1;1.0;1 - 0;3.4;Atletico Grau;;1.0;0.0;4.5;0;0.0;-0.75;1 - 6;1-3;2.25;1.0;38 - 41;20 - 20;20.0;20.0;39.0;61.0;4.0;4.0;2.0;3.0;;;;;;;;93.0;94.0;41.0;38.0;45.0;55.0;9.0;9.0;3.0;10.0;;[1];[1];[False];['AD Tarma'];[0];[1];['D'];['H'];0.01;0.99;0.0;0.02;0.98;0.0;655781.0;428219.0;asociacion deportiva tarma;atletico grau;2.2;1.83;
2026-05-02;193813575;Colombia Liga Femenina;Colombia;17:30;Full;-0.059523809523809534;1.9;2.0;1.9;2.0;4.0;2.0;;1.0;1.0;2.0;0.0;0.0;100.0;Atletico Bucaramanga (W);;0.0;4.0;2.8;1;2.0;2 - 0;2.8;CD Real Santander (W);;0.0;3.0;2.4;0;0.0;+0.25;4 - 2;1-1;2.0;0.75;-;-;0.0;0.0;48.0;52.0;0.0;0.0;0.0;1.0;;;;;;;;0.0;0.0;0.0;0.0;50.0;50.0;0.0;0.0;0.0;2.0;;[11 68];[1 2];[False False];['Atletico Bucaramanga (W)' 'Atletico Bucaramanga (W)'];[0 1];[1 2];['D' 'H'];['H' 'H'];0.12;0.88;0.0;0.24;0.76;0.0;6103.0;;ca bucaramanga;;;;Women
2026-05-02;193821580;Suriname Major League;Suriname;17:30;Full;0.5476190476190477;1.825;2.5, 3.0;1.975;2.5, 3.0;3.0;2.0;;1.0;1.0;2.0;157.0;95.0;;Transvaal;;0.0;3.0;1.4;0;0.0;0 - 1;4.333;Broki;;0.0;2.0;6.0;1;1.0;-1.25;3 - 2;1-1;2.75;1.25;55 - 40;23 - 12;12.0;23.0;;;1.0;1.0;1.0;1.0;;;;;;;;67.0;90.0;40.0;55.0;;;2.0;2.0;1.0;3.0;;[30];[1];[False];['Broki'];[0];[-1];['D'];['A'];0.33;0.0;0.67;0.67;0.0;0.33;;;;;;;
2026-05-02;193774275;Brazil Serie D;Brazil;17:30;Full;0.32476857194143144;2.0;2.0, 2.5;1.8;2.0, 2.5;9.0;3.0;;4.0;3.0;7.0;221.0;125.0;100.0;ABC;;0.0;4.0;1.8;1;1.0;1 - 1;3.0;Central PE;;0.0;5.0;4.333;1;1.0;-0.5;9 - 3;4-3;2.25;1.0;92 - 33;40 - 20;20.0;40.0;38.0;62.0;1.0;3.0;2.0;2.0;;;;;;;;90.0;131.0;33.0;92.0;33.0;67.0;1.0;13.0;2.0;6.0;;[14 41];[1 1];[False False];['ABC' 'Central PE'];[0 1];[1 0];['D' 'H'];['H' 'D'];0.7;0.3;0.0;0.4;0.6;0.0;21838.0;21844.0;abc fc rn;central sc pe;2.1;2.1;
2026-05-02;193825008;Puerto Rico League;Puerto Rico;17:30;Full;0.8167566756675667;1.875;4.5, 5.0;1.925;4.5, 5.0;11.0;3.0;;4.0;1.0;5.0;141.0;102.0;100.0;PR San Juan;;0.0;1.0;1.111;4;7.0;7 - 0;11.0;Guaynabo Gol SC;;1.0;4.0;12.0;0;0.0;-2.75;11 - 3;4-1;4.75;2.0;71 - 31;35 - 16;16.0;35.0;35.0;65.0;1.0;3.0;2.0;11.0;;;;;;;;61.0;80.0;31.0;71.0;36.0;64.0;2.0;9.0;4.0;18.0;;[ 5  9 16 24 49 62 87];[1 1 1 1 2 2 2];[False False False False False False False];"['PR San Juan' 'PR San Juan' 'PR San Juan' 'PR San Juan' 'PR San Juan'
 'PR San Juan' 'PR San Juan']";[0 1 2 3 4 5 6];[1 2 3 4 5 6 7];['D' 'H' 'H' 'H' 'H' 'H' 'H'];['H' 'H' 'H' 'H' 'H' 'H' 'H'];0.06;0.94;0.0;0.11;0.89;0.0;;;;;;;
2026-05-02;193201577;USA MLS;USA;17:45;Full;0.5613682092555332;1.875;3.5;1.925;3.5;6.0;2.0;;3.0;2.0;5.0;170.0;102.0;100.0;Real Salt Lake;;0.0;1.0;1.42;2;2.0;2 - 0;5.0;Portland Timbers;;0.0;2.0;7.0;0;0.0;-1.25;6 - 2;3-2;3.5;1.5;61 - 41;37 - 15;15.0;37.0;45.0;55.0;3.0;5.0;2.0;10.0;;;;;;;;85.0;85.0;41.0;61.0;48.0;52.0;8.0;8.0;2.0;14.0;;[10 28];[1 1];[False False];['Real Salt Lake' 'Real Salt Lake'];[0 1];[1 2];['D' 'H'];['H' 'H'];0.11;0.89;0.0;0.22;0.78;0.0;5133.0;22007.0;real salt lake;portland timbers;1.57;1.5;
2026-05-02;193858318;Paraguay Women League;Paraguay;18:00;Full;0.1399787910922588;1.775;2.5, 3.0;2.025;2.5, 3.0;5.0;5.0;;5.0;4.0;9.0;122.0;99.0;100.0;Sportivo San Lorenzo (W);;1.0;3.0;2.05;1;1.0;1 - 4;3.6;Sportivo Trinidense (W);;1.0;5.0;2.875;0;4.0;-0.25;5 - 5;5-4;2.75;1.25;45 - 54;25 - 21;21.0;25.0;54.0;46.0;2.0;2.0;0.0;1.0;;;;;;;;65.0;57.0;54.0;45.0;52.0;48.0;5.0;2.0;7.0;1.0;;[ 3 47 49 57 86];[1 2 2 2 2];[False False False False False];"['Sportivo San Lorenzo (W)' 'Sportivo Trinidense (W)'
 'Sportivo Trinidense (W)' 'Sportivo Trinidense (W)'
 'Sportivo Trinidense (W)']";[ 0  1  0 -1 -2];[ 1  0 -1 -2 -3];['D' 'H' 'D' 'A' 'A'];['H' 'D' 'A' 'A' 'A'];0.06;0.49;0.46;0.07;0.93;0.0;90972.0;39722.0;sportivo san lorenzo;sportivo trinidense;;;Women
2026-05-02;193773084;Argentina Primera B Metropolitana;Argentina;18:00;Full;0.19047619047619047;1.975;2.0;1.825;2.0;8.0;2.0;;3.0;0.0;3.0;263.0;144.0;100.0;San Martin De Burzaco;;0.0;2.0;2.1;0;0.0;0 - 0;2.8;CA Brown de Adrogue;;0.0;4.0;3.5;0;0.0;-0.25;8 - 2;3-0;2.0;0.75;97 - 47;48 - 24;24.0;48.0;38.0;62.0;0.0;5.0;0.0;1.0;;;;;;;;104.0;159.0;47.0;97.0;41.0;59.0;3.0;8.0;2.0;2.0;;[];[];[];[];[];[];[];[];1.0;0.0;0.0;1.0;0.0;0.0;388242.0;107201.0;csd san martin;ca brown de adrogue;2.2;2.2;Youth
2026-05-02;193821893;Venezuela Segunda Division;Venezuela;18:00;Full;0.36601307189542487;1.9;2.0, 2.5;1.9;2.0, 2.5;5.0;0.0;;2.0;0.0;2.0;280.0;147.0;100.0;CS Maritimo de La Guaira;;0.0;2.0;1.7;0;2.0;2 - 2;3.4;Monagas II;;0.0;5.0;4.5;0;2.0;-0.75;5 - 0;2-0;2.25;1.0;81 - 66;35 - 37;37.0;35.0;41.0;59.0;0.0;4.0;3.0;2.0;;;;;;;;138.0;142.0;66.0;81.0;44.0;56.0;1.0;8.0;8.0;8.0;;[47 76 88 91];[2 2 2 2];[False False False  True];"['Monagas II' 'Monagas II' 'CS Maritimo de La Guaira'
 'CS Maritimo de La Guaira']";[ 0 -1 -2 -1];[-1 -2 -1  0];['D' 'A' 'A' 'A'];['A' 'A' 'A' 'D'];0.52;0.0;0.48;1.0;0.0;0.0;;6233.0;;monagas sc;;;Youth
2026-05-02;192948038;USA USL Championship;USA;18:00;Full;0.1313628899835796;1.9;2.5, 3.0;1.9;2.5, 3.0;7.0;8.0;;3.0;7.0;10.0;198.0;123.0;100.0;Loudoun United FC;;0.0;5.0;2.1;1;2.0;2 - 2;3.4;Oakland Roots;;0.0;1.0;2.9;1;2.0;-0.25;7 - 8;3-7;2.75;1.25;56 - 67;27 - 40;40.0;27.0;56.0;44.0;7.0;2.0;2.0;2.0;;;;;;;;108.0;90.0;67.0;56.0;56.0;44.0;10.0;9.0;3.0;5.0;;[10 18 66 92];[1 1 2 2];[False False False  True];['Loudoun United FC' 'Oakland Roots' 'Loudoun United FC' 'Oakland Roots'];[0 1 0 1];[1 0 1 0];['D' 'H' 'D' 'H'];['H' 'D' 'H' 'D'];0.63;0.37;0.0;0.82;0.18;0.0;538329.0;598758.0;loudoun united fc;oakland roots sc;1.61;1.61;
2026-05-02;193777656;Guatemala Liga Nacional;Guatemala;18:00;Full;0.49275362318840576;1.85;2.0, 2.5;1.95;2.0, 2.5;9.0;3.0;;5.0;3.0;8.0;233.0;183.0;100.0;Deportivo Mixco;;0.0;6.0;1.5;0;2.0;2 - 0;3.75;Coban Imperial;;1.0;4.0;5.75;0;0.0;-1.0;9 - 3;5-3;2.25;1.0;119 - 64;50 - 45;45.0;50.0;44.0;56.0;4.0;2.0;2.0;3.0;;;;;;;;86.0;147.0;64.0;119.0;35.0;65.0;5.0;5.0;3.0;5.0;;[89 90];[2 2];[False False];['Deportivo Mixco' 'Deportivo Mixco'];[0 1];[1 2];['D' 'H'];['H' 'H'];0.99;0.01;0.0;1.0;0.0;0.0;;;;;;;
2026-05-02;193782410;Panama LPF;Panama;18:00;Full;0.6723418187771139;1.775;2.0, 2.5;2.025;2.0, 2.5;6.0;5.0;;6.0;2.0;8.0;152.0;75.0;100.0;Union Cocle;;0.0;1.0;1.286;2;4.0;4 - 0;4.333;Herrera FC;;0.0;6.0;9.5;0;0.0;-1.5;6 - 5;6-2;2.25;1.0;40 - 35;25 - 16;16.0;25.0;47.0;53.0;2.0;6.0;1.0;4.0;;;;;;;;81.0;71.0;35.0;40.0;51.0;49.0;5.0;10.0;2.0;7.0;;[ 6 31 50 63];[1 1 2 2];[False False False False];['Union Cocle' 'Union Cocle' 'Union Cocle' 'Union Cocle'];[0 1 2 3];[1 2 3 4];['D' 'H' 'H' 'H'];['H' 'H' 'H' 'H'];0.07;0.93;0.0;0.13;0.87;0.0;;;;;;;
2026-05-02;193782413;Panama LPF;Panama;18:00;Full;0.032051282051282104;1.825;2.0, 2.5;1.975;2.0, 2.5;2.0;7.0;;1.0;2.0;3.0;169.0;93.0;100.0;Veraguas United;;0.0;5.0;2.4;1;1.0;1 - 0;3.1;CA Independiente de la Chorrera;;0.0;1.0;2.6;0;0.0;0.0;2 - 7;1-2;2.25;1.0;34 - 59;16 - 20;20.0;16.0;50.0;50.0;5.0;4.0;1.0;1.0;;;;;;;;89.0;80.0;59.0;34.0;54.0;46.0;10.0;5.0;4.0;3.0;;[8];[1];[False];['Veraguas United'];[0];[1];['D'];['H'];0.09;0.91;0.0;0.18;0.82;0.0;;;;;;;
2026-05-02;193822318;Mexico Liga TDP;Mexico;18:00;Full;0.31588090086246307;1.975;2.5;1.825;2.5;3.0;5.0;;1.0;1.0;2.0;0.0;0.0;100.0;Bombarderos de Tecamac FC;;0.0;4.0;1.727;0;0.0;0 - 0;3.7;Orgullo Surtam;;0.0;3.0;3.8;0;0.0;-0.75;3 - 5;1-1;2.5;1.0;-;-;0.0;0.0;48.0;52.0;0.0;0.0;0.0;0.0;;;;;;;;0.0;0.0;0.0;0.0;49.0;51.0;0.0;0.0;0.0;0.0;;[];[];[];[];[];[];[];[];1.0;0.0;0.0;1.0;0.0;0.0;;;;;;;
2026-05-02;193813373;Panama LPF;Panama;18:00;Full;0.2350427350427351;2.025;2.0, 2.5;1.775;2.0, 2.5;4.0;9.0;;2.0;3.0;5.0;197.0;139.0;100.0;San Francisco FC;;0.0;4.0;1.95;4;5.0;5 - 2;3.0;CD Universitario;;0.0;4.0;3.6;2;2.0;-0.5;4 - 9;2-3;2.25;0.75;55 - 84;23 - 34;34.0;23.0;55.0;45.0;1.0;1.0;2.0;4.0;;;;;;;;112.0;85.0;84.0;55.0;58.0;42.0;7.0;1.0;3.0;6.0;;[13 16 21 25 33 38 84];[1 1 1 1 1 1 2];[False False False False False False False];"['San Francisco FC' 'San Francisco FC' 'CD Universitario'
 'San Francisco FC' 'CD Universitario' 'San Francisco FC'
 'San Francisco FC']";[0 1 2 1 2 1 2];[1 2 1 2 1 2 3];['D' 'H' 'H' 'H' 'H' 'H' 'H'];['H' 'H' 'H' 'H' 'H' 'H' 'H'];0.14;0.86;0.0;0.29;0.71;0.0;;;;;;;
2026-05-02;193804512;USA USL League One;USA;18:00;Full;0.26777595926532094;1.85;2.5;1.95;2.5;11.0;2.0;;2.0;1.0;3.0;233.0;152.0;100.0;Portland Hearts of Pine;;0.0;4.0;1.833;2;3.0;3 - 1;3.5;New York Cosmos;;0.0;3.0;3.6;0;1.0;-0.5;11 - 2;2-1;2.5;1.0;89 - 63;47 - 16;16.0;47.0;40.0;60.0;2.0;7.0;0.0;4.0;;;;;;;;103.0;130.0;63.0;89.0;50.0;50.0;6.0;14.0;5.0;7.0;;[11 18 49 83];[1 1 2 2];[False False False False];"['Portland Hearts of Pine' 'Portland Hearts of Pine'
 'Portland Hearts of Pine' 'New York Cosmos']";[0 1 2 3];[1 2 3 2];['D' 'H' 'H' 'H'];['H' 'H' 'H' 'H'];0.12;0.88;0.0;0.24;0.76;0.0;;;;;;;
2026-05-02;193774284;Brazil Serie D;Brazil;18:00;Full;0.08995502248875564;2.0;2.0, 2.5;1.8;2.0, 2.5;2.0;2.0;;2.0;1.0;3.0;147.0;74.0;100.0;Tocantinopolis;;0.0;6.0;2.3;0;1.0;1 - 1;2.9;Tuna Luso;;0.0;8.0;2.9;0;1.0;0.0;2 - 2;2-1;2.25;0.75;44 - 30;26 - 14;14.0;26.0;44.0;56.0;1.0;4.0;1.0;3.0;;;;;;;;65.0;82.0;30.0;44.0;37.0;63.0;6.0;6.0;3.0;9.0;;[61 91];[2 2];[False  True];['Tuna Luso' 'Tocantinopolis'];[ 0 -1];[-1  0];['D' 'A'];['A' 'D'];0.67;0.0;0.33;1.0;0.0;0.0;245545.0;21866.0;tocantinopolis ec to;tuna luso pa;2.0;1.9;
2026-05-02;193774282;Brazil Serie D;Brazil;18:00;Full;0.2738344683080146;1.775;2.0;2.025;2.0;10.0;3.0;;7.0;2.0;9.0;237.0;166.0;100.0;Noroeste;;0.0;5.0;1.909;0;1.0;1 - 0;3.0;Marica;;0.0;3.0;4.0;0;0.0;-0.5;10 - 3;7-2;2.0;0.75;102 - 64;46 - 35;35.0;46.0;50.0;50.0;1.0;7.0;2.0;5.0;;;;;;;;117.0;120.0;64.0;102.0;50.0;50.0;2.0;12.0;3.0;7.0;;[73];[2];[False];['Noroeste'];[0];[1];['D'];['H'];0.81;0.19;0.0;1.0;0.0;0.0;6962.0;342210.0;ec noroeste sp;marica fc rj;2.0;2.1;
2026-05-02;193928094;Costa Rica Primera Division Women;Costa Rica;18:00;Full;-0.5020445851470783;1.95;3.5;1.85;3.5;2.0;4.0;;1.0;2.0;3.0;149.0;112.0;;CS Herediano (W);;0.0;1.0;5.25;3;4.0;4 - 1;4.2;Saprissa (W);;0.0;1.0;1.444;0;1.0;+1.25;2 - 4;1-2;3.5;1.5;52 - 60;22 - 28;28.0;22.0;;;2.0;4.0;2.0;3.0;;;;;;;;87.0;62.0;60.0;52.0;;;4.0;8.0;3.0;4.0;;[ 3 14 46 56 62];[1 1 1 2 2];[False False  True False False];"['CS Herediano (W)' 'CS Herediano (W)' 'CS Herediano (W)' 'Saprissa (W)'
 'CS Herediano (W)']";[0 1 2 3 2];[1 2 3 2 3];['D' 'H' 'H' 'H' 'H'];['H' 'H' 'H' 'H' 'H'];0.03;0.97;0.0;0.07;0.93;0.0;;;;;;;Women
2026-05-02;193774292;Brazil Serie D;Brazil;18:00;Full;0.17940199335548174;2.025;2.0;1.775;2.0;5.0;3.0;;5.0;1.0;6.0;144.0;73.0;100.0;Mixto;;0.0;3.0;2.15;1;1.0;1 - 1;2.75;Capital DF;;0.0;6.0;3.5;0;1.0;-0.25;5 - 3;5-1;2.0;0.75;43 - 30;19 - 14;14.0;19.0;47.0;53.0;4.0;5.0;2.0;3.0;;;;;;;;71.0;73.0;30.0;43.0;48.0;52.0;10.0;10.0;5.0;4.0;;[46 54];[1 2];[ True False];['Mixto' 'Capital DF'];[0 1];[1 0];['D' 'H'];['H' 'D'];0.91;0.09;0.0;1.0;0.0;0.0;34005.0;529973.0;mixto ec mt;capital cf df;2.25;2.25;
2026-05-02;193774290;Brazil Serie D;Brazil;18:00;Full;0.06033717834960067;1.85;2.0, 2.5;1.95;2.0, 2.5;6.0;8.0;;2.0;2.0;4.0;196.0;122.0;100.0;Lagarto;;0.0;3.0;2.45;1;1.0;1 - 2;2.875;Serra Branca;;0.0;1.0;2.875;0;2.0;0.0;6 - 8;2-2;2.25;1.0;55 - 67;23 - 40;40.0;23.0;64.0;36.0;7.0;1.0;1.0;2.0;;;;;;;;102.0;94.0;67.0;55.0;50.0;50.0;9.0;4.0;4.0;4.0;;[ 5 58 60];[1 2 2];[False False False];['Lagarto' 'Serra Branca' 'Serra Branca'];[0 1 0];[ 1  0 -1];['D' 'H' 'D'];['H' 'D' 'A'];0.08;0.59;0.33;0.11;0.89;0.0;144856.0;931665.0;lagarto fc se;serra branca ec pb;1.72;1.83;
2026-05-02;193774287;Brazil Serie D;Brazil;18:00;Full;0.14141414141414138;1.85;1.5, 2.0;1.95;1.5, 2.0;8.0;4.0;;4.0;1.0;5.0;204.0;92.0;100.0;Brasil de Pelotas;;0.0;1.0;2.25;0;0.0;0 - 1;2.7;Marcilio Dias;;0.0;2.0;3.3;0;1.0;-0.25;8 - 4;4-1;1.75;0.75;61 - 31;30 - 12;12.0;30.0;42.0;58.0;3.0;6.0;2.0;1.0;;;;;;;;85.0;119.0;31.0;61.0;38.0;62.0;6.0;14.0;4.0;4.0;;[57];[2];[False];['Marcilio Dias'];[0];[-1];['D'];['A'];0.63;0.0;0.37;1.0;0.0;0.0;1986.0;21978.0;gremio esportivo brasil;cn marcilio dias sc;2.37;2.5;
2026-05-02;193768850;Colombia Primera A;Colombia;18:00;Full;-0.04433077578857636;1.85;2.0, 2.5;1.95;2.0, 2.5;6.0;4.0;;6.0;1.0;7.0;156.0;69.0;100.0;Jaguares de Cordoba;;0.0;5.0;2.875;0;2.0;2 - 0;3.1;Cucuta Deportivo;;0.0;1.0;2.55;0;0.0;0.0;6 - 4;6-1;2.25;1.0;39 - 30;33 - 12;12.0;33.0;45.0;55.0;3.0;6.0;0.0;2.0;;;;;;;;86.0;70.0;30.0;39.0;48.0;52.0;4.0;8.0;2.0;5.0;;[53 95];[2 2];[False  True];['Jaguares de Cordoba' 'Jaguares de Cordoba'];[0 1];[1 2];['D' 'H'];['H' 'H'];0.56;0.44;0.0;1.0;0.0;0.0;89370.0;6108.0;jaguares de cordoba;cucuta deportivo fc;;;
2026-05-02;193949728;Panama Liga de Futbol Nacional;Panama;18:00;Full;-0.7979675617470894;1.85;3.5;1.95;3.5;3.0;7.0;;1.0;4.0;5.0;153.0;128.0;;Atletico Junior de David;;0.0;4.0;13.0;1;2.0;2 - 1;7.0;Bambanes FC;;0.0;2.0;1.143;0;1.0;+2.25;3 - 7;1-4;3.5;1.5;55 - 73;28 - 35;35.0;28.0;;;4.0;4.0;3.0;6.0;;;;;;;;79.0;74.0;73.0;55.0;;;7.0;6.0;8.0;10.0;;[39 58 77];[1 2 2];[False False False];['Atletico Junior de David' 'Bambanes FC' 'Atletico Junior de David'];[0 1 0];[1 0 1];['D' 'H' 'D'];['H' 'D' 'H'];0.64;0.36;0.0;0.87;0.13;0.0;;;;;;;
2026-05-02;193794661;Brazil Serie A2 Women;Brazil;18:00;Full;0.9757966134777729;1.875;4.5;1.925;4.5;14.0;2.0;;8.0;2.0;10.0;167.0;104.0;100.0;Vasco da Gama (W);;0.0;1.0;1.012;4;8.0;8 - 0;23.0;Itacoatiara (W);;0.0;3.0;81.0;0;0.0;-4.25;14 - 2;8-2;4.5;2.25;83 - 21;45 - 6;6.0;45.0;30.0;70.0;3.0;7.0;0.0;10.0;;;;;;;;61.0;106.0;21.0;83.0;32.0;68.0;4.0;16.0;0.0;18.0;;[ 1 17 35 45 58 61 67 73];[1 1 1 1 2 2 2 2];[False False False False False False False False];"['Vasco da Gama (W)' 'Vasco da Gama (W)' 'Vasco da Gama (W)'
 'Vasco da Gama (W)' 'Vasco da Gama (W)' 'Vasco da Gama (W)'
 'Vasco da Gama (W)' 'Vasco da Gama (W)']";[0 1 2 3 4 5 6 7];[1 2 3 4 5 6 7 8];['D' 'H' 'H' 'H' 'H' 'H' 'H' 'H'];['H' 'H' 'H' 'H' 'H' 'H' 'H' 'H'];0.01;0.99;0.0;0.02;0.98;0.0;1974.0;;cr vasco da gama rj;;;;Women
2026-05-02;193887262;Honduras Reserve League;Honduras;18:00;Full;-0.5238095238095238;1.85;3.5;1.95;3.5;5.0;7.0;;4.0;4.0;8.0;70.0;68.0;100.0;Real Espana Reserves;;0.0;1.0;5.25;1;2.0;2 - 0;4.5;CD Olimpia Reserves;;0.0;1.0;1.4;0;0.0;+1.25;5 - 7;4-4;3.5;1.5;35 - 33;21 - 11;11.0;21.0;43.0;57.0;5.0;7.0;2.0;6.0;;;;;;;;35.0;35.0;33.0;35.0;44.0;56.0;13.0;9.0;4.0;10.0;;[30 59];[1 2];[False False];['Real Espana Reserves' 'Real Espana Reserves'];[0 1];[1 2];['D' 'H'];['H' 'H'];0.33;0.67;0.0;0.67;0.33;0.0;;;;;;;Youth
2026-05-02;193880390;Chile Segunda;Chile;18:00;Full;0.09740259740259738;1.9;2.5;1.9;2.5;5.0;7.0;;1.0;0.0;1.0;119.0;81.0;100.0;CD Trasandino de Los Andes;8.0;0.0;5.0;2.2;0;0.0;0 - 0;3.25;Real Juventud San Joaquin;9.0;0.0;2.0;2.8;0;0.0;-0.25;5 - 7;1-0;2.5;1.0;38 - 43;14 - 15;15.0;14.0;32.0;68.0;4.0;3.0;0.0;1.0;;;;;;;;51.0;68.0;43.0;38.0;37.0;63.0;4.0;4.0;0.0;3.0;;[];[];[];[];[];[];[];[];1.0;0.0;0.0;1.0;0.0;0.0;;;;;;;
2026-05-02;193773219;Bolivia Primera Division;Bolivia;18:15;Full;0.47619047619047616;1.95;3.0, 3.5;1.85;3.0, 3.5;4.0;1.0;;3.0;1.0;4.0;146.0;65.0;100.0;Club Aurora;;1.0;0.0;1.5;0;4.0;4 - 2;4.2;Guabira;;1.0;5.0;5.25;1;2.0;-1.0;4 - 1;3-1;3.25;1.25;34 - 31;30 - 13;13.0;30.0;39.0;61.0;5.0;4.0;3.0;0.0;;;;;;;;67.0;79.0;31.0;34.0;48.0;52.0;9.0;7.0;4.0;7.0;;[ 1 46 59 65 77 93];[1 2 2 2 2 2];[False False False False False  True];"['Guabira' 'Club Aurora' 'Club Aurora' 'Club Aurora' 'Guabira'
 'Club Aurora']";[ 0 -1  0  1  2  1];[-1  0  1  2  1  2];['D' 'A' 'D' 'H' 'H' 'H'];['A' 'D' 'H' 'H' 'H' 'H'];0.15;0.37;0.48;0.02;0.0;0.98;33714.0;47701.0;club aurora;guabira montero;1.5;1.57;
2026-05-02;193930202;Honduras Reserve League;Honduras;18:30;Full;0.10147991543340379;1.8;3.0;2.0;3.0;9.0;2.0;;2.0;0.0;2.0;42.0;62.0;100.0;Genesis de Comayagua Reserves;;1.0;3.0;2.15;0;3.0;3 - 2;3.5;CD Victoria La Ceiba Reserves;;0.0;1.0;2.75;1;2.0;-0.25;9 - 2;2-0;3.0;1.25;40 - 22;9 - 14;14.0;9.0;50.0;50.0;0.0;1.0;2.0;0.0;;;;;;;;13.0;29.0;22.0;40.0;45.0;55.0;0.0;1.0;3.0;5.0;;[41 56 68 69 71];[1 2 2 2 2];[False False False False False];"['CD Victoria La Ceiba Reserves' 'Genesis de Comayagua Reserves'
 'CD Victoria La Ceiba Reserves' 'Genesis de Comayagua Reserves'
 'Genesis de Comayagua Reserves']";[ 0 -1  0 -1  0];[-1  0 -1  0  1];['D' 'A' 'D' 'A' 'D'];['A' 'D' 'A' 'D' 'H'];0.61;0.21;0.18;0.91;0.0;0.09;;;;;;;Youth
2026-05-02;193191310;Brazil Serie A;Brazil;18:30;Full;0.4525283797729619;1.85;2.0, 2.5;2.0;2.0, 2.5;9.0;4.0;;3.0;2.0;5.0;184.0;107.0;100.0;Palmeiras;1.0;0.0;0.0;1.615;0;1.0;1 - 1;3.75;Santos;17.0;0.0;1.0;6.0;1;1.0;-1.0;9 - 4;3-2;2.25;1.0;47 - 60;20 - 20;20.0;20.0;44.0;56.0;4.0;7.0;3.0;2.0;;;;;;;;86.0;98.0;60.0;47.0;46.0;54.0;10.0;19.0;4.0;3.0;;[26 64];[1 2];[False False];['Santos' 'Palmeiras'];[ 0 -1];[-1  0];['D' 'A'];['A' 'D'];0.58;0.0;0.42;0.58;0.0;0.42;1963.0;1968.0;se palmeiras sp;santos fc sp;2.0;2.05;
2026-05-02;193191312;Brazil Serie A;Brazil;18:30;Full;0.14141414141414138;2.05;2.0, 2.5;1.8;2.0, 2.5;2.0;4.0;;0.0;1.0;1.0;165.0;63.0;100.0;Vitoria;13.0;0.0;3.0;2.25;2;4.0;4 - 1;3.2;Coritiba;7.0;1.0;1.0;3.3;1;1.0;-0.25;2 - 4;0-1;2.25;0.75;37 - 26;8 - 15;15.0;8.0;46.0;54.0;3.0;1.0;1.0;3.0;;;;;;;;70.0;95.0;26.0;37.0;39.0;61.0;4.0;4.0;1.0;7.0;;[15 28 48 55 61];[1 1 1 2 2];[False False  True False False];['Vitoria' 'Vitoria' 'Coritiba' 'Vitoria' 'Vitoria'];[0 1 2 1 2];[1 2 1 2 3];['D' 'H' 'H' 'H' 'H'];['H' 'H' 'H' 'H' 'H'];0.17;0.83;0.0;0.31;0.69;0.0;1962.0;1982.0;ec vitoria ba;coritiba fc pr;2.0;1.95;
2026-05-02;193796823;Chile Primera B;Chile;18:30;Full;0.19023986765922257;1.975;2.5;1.825;2.5;9.0;3.0;;5.0;0.0;5.0;288.0;176.0;100.0;Club Deportes Santa Cruz;;0.0;3.0;1.95;2;2.0;2 - 2;3.4;Deportes Iquique;;0.0;1.0;3.1;1;2.0;-0.25;9 - 3;5-0;2.5;1.0;110 - 66;44 - 24;24.0;44.0;50.0;50.0;3.0;3.0;2.0;2.0;;;;;;;;122.0;166.0;66.0;110.0;50.0;50.0;9.0;7.0;3.0;7.0;;[12 19 46 56];[1 1 1 2];[False False  True False];"['Club Deportes Santa Cruz' 'Club Deportes Santa Cruz' 'Deportes Iquique'
 'Deportes Iquique']";[0 1 2 1];[1 2 1 0];['D' 'H' 'H' 'H'];['H' 'H' 'H' 'D'];0.51;0.49;0.0;0.26;0.74;0.0;;;;;;;Youth
2026-05-02;193775918;Brazil Serie D;Brazil;18:30;Full;0.25482625482625476;1.825;2.5;1.975;2.5;5.0;6.0;;3.0;1.0;4.0;155.0;149.0;;CSA;;0.0;2.0;1.85;1;2.0;2 - 0;3.5;Juazeirense;;0.0;4.0;3.5;0;0.0;-0.75;5 - 6;3-1;2.5;1.0;78 - 71;44 - 28;28.0;44.0;;;1.0;3.0;2.0;2.0;;;;;;;;77.0;78.0;71.0;78.0;;;3.0;7.0;2.0;7.0;;[ 1 82];[1 2];[False False];['CSA' 'CSA'];[0 1];[1 2];['D' 'H'];['H' 'H'];0.01;0.99;0.0;0.02;0.98;0.0;2010.0;61724.0;cs alagoano al;sd juazeirense ba;;;
2026-05-02;193796720;Brazil Serie D;Brazil;18:30;Full;0.3998800239952009;1.975;2.0, 2.5;1.825;2.0, 2.5;3.0;2.0;;1.0;2.0;3.0;208.0;112.0;100.0;Goiatuba;;0.0;0.0;1.667;2;5.0;5 - 1;3.2;Uniao Rondonopolis;;0.0;2.0;5.0;1;1.0;-0.75;3 - 2;1-2;2.25;0.75;57 - 55;22 - 31;31.0;22.0;53.0;47.0;3.0;1.0;1.0;6.0;;;;;;;;110.0;98.0;55.0;57.0;50.0;50.0;4.0;7.0;2.0;9.0;;[13 17 42 49 56 90];[1 1 1 2 2 2];[False False False False False False];"['Uniao Rondonopolis' 'Goiatuba' 'Goiatuba' 'Goiatuba' 'Goiatuba'
 'Goiatuba']";[ 0 -1  0  1  2  3];[-1  0  1  2  3  4];['D' 'A' 'D' 'H' 'H' 'H'];['A' 'D' 'H' 'H' 'H' 'H'];0.42;0.53;0.04;0.84;0.07;0.09;646902.0;336163.0;goiatuba ec go;uniao ec mt;2.1;2.2;
2026-05-02;193332835;Uruguay Apertura;Uruguay;18:30;Full;0.16849816849816845;1.75;2.0;2.05;2.0;1.0;4.0;;0.0;2.0;2.0;165.0;100.0;100.0;Liverpool Montevideo;;0.0;1.0;2.1;0;3.0;3 - 0;3.0;Danubio;;1.0;0.0;3.25;0;0.0;-0.25;1 - 4;0-2;2.0;0.75;52 - 48;30 - 26;26.0;30.0;50.0;50.0;0.0;1.0;0.0;1.0;;;;;;;;89.0;76.0;48.0;52.0;50.0;50.0;0.0;2.0;1.0;4.0;;[58 70 87];[2 2 2];[False False False];['Liverpool Montevideo' 'Liverpool Montevideo' 'Liverpool Montevideo'];[0 1 2];[1 2 3];['D' 'H' 'H'];['H' 'H' 'H'];0.64;0.36;0.0;1.0;0.0;0.0;6879.0;3228.0;liverpool montevideo;danubio fc;2.0;2.0;
2026-05-02;193192153;Brazil Serie B;Brazil;18:30;Full;0.1981351981351981;1.8;1.5, 2.0;2.0;1.5, 2.0;3.0;2.0;;3.0;0.0;3.0;211.0;67.0;100.0;Cuiaba;17.0;0.0;1.0;2.2;1;1.0;1 - 1;2.875;Criciuma;4.0;0.0;0.0;3.9;0;1.0;-0.25;3 - 2;3-0;1.75;0.75;41 - 26;23 - 5;5.0;23.0;50.0;50.0;2.0;1.0;0.0;5.0;;;;;;;;90.0;121.0;26.0;41.0;53.0;47.0;5.0;4.0;4.0;5.0;;[21 93];[1 2];[False  True];['Cuiaba' 'Criciuma'];[0 1];[1 0];['D' 'H'];['H' 'D'];0.23;0.77;0.0;0.47;0.53;0.0;49202.0;1984.0;cuiaba ec mt;criciuma ec sc;2.25;2.25;Youth
2026-05-02;193196528;Ecuador LigaPro Serie A;Ecuador;18:30;Full;0.5296551724137931;1.875;2.5, 3.0;1.925;2.5, 3.0;6.0;2.0;;3.0;0.0;3.0;156.0;75.0;100.0;LDU Quito;;0.0;6.0;1.45;1;1.0;1 - 0;4.5;Guayaquil City;;0.0;1.0;6.25;0;0.0;-1.25;6 - 2;3-0;2.75;1.25;51 - 24;28 - 12;12.0;28.0;41.0;59.0;4.0;8.0;1.0;5.0;;;;;;;;70.0;86.0;24.0;51.0;52.0;48.0;7.0;14.0;1.0;8.0;;[36];[1];[False];['LDU Quito'];[0];[1];['D'];['H'];0.4;0.6;0.0;0.8;0.2;0.0;5257.0;171976.0;ldu quito;guayaquil city fc;;;
2026-05-02;193804239;USA NWSL Women;USA;18:37;Full;-0.017368649587494622;1.925;2.5;1.875;2.5;5.0;2.0;;3.0;2.0;5.0;178.0;143.0;100.0;Orlando Pride (W);;0.0;0.0;2.45;2;2.0;2 - 4;3.4;Washington Spirit (W);;0.0;3.0;2.35;2;4.0;0.0;5 - 2;3-2;2.5;1.0;77 - 66;37 - 21;21.0;37.0;50.0;50.0;2.0;4.0;2.0;3.0;;;;;;;;87.0;91.0;66.0;77.0;55.0;45.0;3.0;5.0;6.0;6.0;;[ 2  6 33 39 55 70];[1 1 1 1 2 2];[False False False False False False];"['Washington Spirit (W)' 'Washington Spirit (W)' 'Orlando Pride (W)'
 'Orlando Pride (W)' 'Washington Spirit (W)' 'Washington Spirit (W)']";[ 0 -1 -2 -1  0 -1];[-1 -2 -1  0 -1 -2];['D' 'A' 'A' 'A' 'D' 'A'];['A' 'A' 'A' 'D' 'A' 'A'];0.2;0.0;0.8;0.18;0.0;0.82;245093.0;151012.0;orlando pride;washington spirit;2.0;1.83;Women
2026-05-02;193067331;Argentina Liga Profesional;Argentina;18:45;Full;0.1948460087994972;2.05;2.0, 2.5;1.75;2.0, 2.5;8.0;0.0;;4.0;0.0;4.0;185.0;119.0;100.0;Union Santa Fe;;0.0;5.0;2.15;0;1.0;1 - 1;3.25;Talleres Cordoba;;0.0;3.0;3.7;1;1.0;-0.25;8 - 0;4-0;2.25;0.75;100 - 19;39 - 10;10.0;39.0;49.0;51.0;1.0;8.0;1.0;4.0;;;;;;;;86.0;99.0;19.0;100.0;38.0;62.0;6.0;18.0;1.0;6.0;;[18 95];[1 2];[False  True];['Talleres Cordoba' 'Union Santa Fe'];[ 0 -1];[-1  0];['D' 'A'];['A' 'D'];0.19;0.0;0.81;0.4;0.0;0.6;3204.0;3210.0;union de santa fe;ca talleres de cordoba;;;
2026-05-02;193067329;Argentina Liga Profesional;Argentina;18:45;Full;-0.10644257703081239;1.775;1.5, 2.0;2.025;1.5, 2.0;7.0;4.0;;2.0;2.0;4.0;200.0;115.0;100.0;San Lorenzo;;1.0;2.0;3.5;0;1.0;1 - 2;2.7;Independiente;;0.0;3.0;2.55;1;2.0;+0.25;7 - 4;2-2;1.75;0.75;66 - 49;23 - 28;28.0;23.0;50.0;50.0;2.0;5.0;2.0;2.0;;;;;;;;94.0;106.0;49.0;66.0;42.0;58.0;8.0;18.0;5.0;7.0;;[16 54 72];[1 2 2];[False False False];['Independiente' 'Independiente' 'San Lorenzo'];[ 0 -1 -2];[-1 -2 -1];['D' 'A' 'A'];['A' 'A' 'A'];0.18;0.0;0.82;0.36;0.0;0.64;3201.0;3209.0;ca san lorenzo de almagro;ca independiente avellaneda;;;
2026-05-02;193775923;Brazil Serie D;Brazil;19:00;Full;0.6723418187771139;1.8;2.5;2.0;2.5;10.0;1.0;;5.0;1.0;6.0;231.0;102.0;100.0;Portuguesa;;0.0;2.0;1.286;2;2.0;2 - 1;4.5;Madureira;;0.0;4.0;9.5;0;1.0;-1.5;10 - 1;5-1;2.5;1.0;74 - 28;45 - 13;13.0;45.0;50.0;50.0;1.0;7.0;0.0;6.0;;;;;;;;99.0;132.0;28.0;74.0;50.0;50.0;1.0;11.0;1.0;10.0;;[ 3 41 52];[1 1 2];[False False False];['Portuguesa' 'Portuguesa' 'Madureira'];[0 1 2];[1 2 1];['D' 'H' 'H'];['H' 'H' 'H'];0.03;0.97;0.0;0.07;0.93;0.0;21896.0;6980.0;associacao portuguesa de desportos sp;madureira rj;2.0;2.25;
2026-05-02;193874598;Mexico Liga TDP;Mexico;19:00;Full;0.35597758497081067;1.975;2.5;1.825;2.5;8.0;1.0;;5.0;1.0;6.0;0.0;0.0;100.0;Fut-Car;;0.0;1.0;1.667;2;2.0;2 - 1;3.7;Club Gallos Viejos;;0.0;1.0;4.1;1;1.0;-0.75;8 - 1;5-1;2.5;1.0;-;-;0.0;0.0;42.0;58.0;0.0;0.0;1.0;2.0;;;;;;;;0.0;0.0;0.0;0.0;43.0;57.0;0.0;0.0;1.0;2.0;;[10 31 42];[1 1 1];[False False False];['Fut-Car' 'Club Gallos Viejos' 'Fut-Car'];[0 1 0];[1 0 1];['D' 'H' 'D'];['H' 'D' 'H'];0.23;0.77;0.0;0.47;0.53;0.0;;;;;;;
2026-05-02;193772914;Brazil Serie C;Brazil;19:00;Full;0.15261627906976744;1.9;2.0;1.9;2.0;6.0;2.0;;3.0;2.0;5.0;245.0;97.0;100.0;Confianca;;0.0;2.0;2.15;0;0.0;0 - 1;3.0;Inter de Limeira;;0.0;4.0;3.2;1;1.0;0.0;6 - 2;3-2;2.0;0.75;64 - 33;29 - 17;17.0;29.0;50.0;50.0;2.0;2.0;2.0;1.0;;;;;;;;96.0;149.0;33.0;64.0;50.0;50.0;3.0;8.0;4.0;4.0;;[24];[1];[False];['Inter de Limeira'];[0];[-1];['D'];['A'];0.27;0.0;0.73;0.53;0.0;0.47;2017.0;135526.0;ad confianca se;aa internacional limeira sp;2.1;2.2;
2026-05-02;193880386;Chile Primera Division Women;Chile;19:00;Full;0.9178981937602627;1.825;3.5, 4.0;1.975;3.5, 4.0;7.0;3.0;;3.0;3.0;6.0;0.0;0.0;;Universidad de Chile (W);;0.0;1.0;1.05;0;2.0;2 - 0;13.0;Universidad de Concepcion (W);;0.0;0.0;29.0;0;0.0;-3.0;7 - 3;3-3;3.75;1.5;-;-;0.0;0.0;;;0.0;0.0;0.0;0.0;;;;;;;;0.0;0.0;0.0;0.0;;;0.0;0.0;0.0;2.0;;[63 80];[2 2];[False False];['Universidad de Chile (W)' 'Universidad de Chile (W)'];[0 1];[1 2];['D' 'H'];['H' 'H'];0.7;0.3;0.0;1.0;0.0;0.0;3161.0;5034.0;universidad de chile;universidad de concepcion;;;Women
2026-05-02;193833795;Venezuela Primera Division;Venezuela;19:00;Full;0.12836438923395443;2.0;2.5;1.8;2.5;2.0;5.0;;1.0;3.0;4.0;148.0;63.0;100.0;Portuguesa FC;;0.0;1.0;2.1;1;1.0;1 - 1;3.4;UCV;;0.0;5.0;2.875;0;1.0;-0.25;2 - 5;1-3;2.5;1.0;20 - 43;7 - 17;17.0;7.0;50.0;50.0;3.0;4.0;3.0;2.0;;;;;;;;93.0;55.0;43.0;20.0;50.0;50.0;6.0;8.0;4.0;3.0;;[37 81];[1 2];[False False];['Portuguesa FC' 'UCV'];[0 1];[1 0];['D' 'H'];['H' 'D'];0.51;0.49;0.0;0.82;0.18;0.0;;324069.0;;ucv fc;;;
2026-05-02;193804121;USA MLS Next Pro League;USA;19:00;Full;-0.15217391304347827;1.9;3.0;1.9;3.0;3.0;4.0;;0.0;3.0;3.0;291.0;152.0;100.0;Carolina Core FC;;0.0;2.0;2.875;0;1.0;1 - 2;3.75;Atlanta United II;;0.0;3.0;2.0;2;2.0;+0.25;3 - 4;0-3;3.0;1.25;57 - 95;27 - 46;46.0;27.0;43.0;57.0;4.0;3.0;7.0;1.0;;;;;;;;155.0;136.0;95.0;57.0;48.0;52.0;12.0;7.0;9.0;4.0;;[29 47 57];[1 1 2];[False  True False];['Atlanta United II' 'Atlanta United II' 'Carolina Core FC'];[ 0 -1 -2];[-1 -2 -1];['D' 'A' 'A'];['A' 'A' 'A'];0.32;0.0;0.68;0.62;0.0;0.38;;;;;;;Youth
2026-05-02;193882044;Brazil Campeonato Paranaense 2;Brazil;19:00;Full;0.015384615384615441;1.9;2.0, 2.5;1.9;2.0, 2.5;5.0;3.0;;3.0;2.0;5.0;0.0;0.0;100.0;Nacional PR;;0.0;0.0;2.5;0;0.0;0 - 0;3.1;Patriotas;;0.0;1.0;2.6;0;0.0;0.0;5 - 3;3-2;2.25;1.0;-;-;0.0;0.0;61.0;39.0;0.0;0.0;0.0;0.0;;;;;;;;0.0;0.0;0.0;0.0;57.0;43.0;0.0;0.0;0.0;0.0;;[];[];[];[];[];[];[];[];1.0;0.0;0.0;1.0;0.0;0.0;;;;;;;
2026-05-02;193775927;Brazil Serie D;Brazil;19:00;Full;-0.1122019635343619;1.85;2.0;1.95;2.0;5.0;8.0;;4.0;7.0;11.0;181.0;66.0;100.0;Sampaio Correa RJ;;0.0;1.0;3.1;1;1.0;1 - 1;2.875;XV Piracicaba;;0.0;4.0;2.3;1;1.0;+0.25;5 - 8;4-7;2.0;0.75;22 - 44;10 - 25;25.0;10.0;55.0;45.0;2.0;0.0;4.0;1.0;;;;;;;;91.0;90.0;44.0;22.0;51.0;49.0;4.0;5.0;5.0;1.0;;[ 8 30];[1 1];[False False];['Sampaio Correa RJ' 'XV Piracicaba'];[0 1];[1 0];['D' 'H'];['H' 'D'];0.76;0.24;0.0;0.51;0.49;0.0;342192.0;61692.0;sampaio correa fe rj;ec xv de novembro piracicaba sp;1.9;2.1;
2026-05-02;193882445;Brazil Campeonato Matogrossense 2;Brazil;19:00;Full;0.47619047619047616;1.8;2.5, 3.0;2.0;2.5, 3.0;4.0;3.0;;2.0;1.0;3.0;168.0;90.0;100.0;AD Uirapuru;;0.0;0.0;1.5;2;2.0;2 - 2;3.9;Sociedade Acao;;0.0;2.0;5.25;2;2.0;-1.0;4 - 3;2-1;2.75;1.25;57 - 33;28 - 17;17.0;28.0;39.0;61.0;0.0;9.0;3.0;4.0;;;;;;;;63.0;105.0;33.0;57.0;43.0;57.0;5.0;18.0;6.0;8.0;;[16 18 26 40];[1 1 1 1];[False False False False];['AD Uirapuru' 'AD Uirapuru' 'Sociedade Acao' 'Sociedade Acao'];[0 1 2 1];[1 2 1 0];['D' 'H' 'H' 'H'];['H' 'H' 'H' 'D'];0.73;0.27;0.0;0.47;0.53;0.0;;;;;;;
2026-05-02;192948053;USA USL Championship;USA;19:00;Full;-0.16369047619047616;1.9;2.0, 2.5;1.9;2.0, 2.5;6.0;2.0;;4.0;1.0;5.0;139.0;91.0;100.0;Detroit City FC;;0.0;2.0;3.2;1;2.0;2 - 1;3.1;Louisville City FC;;0.0;1.0;2.1;1;1.0;+0.25;6 - 2;4-1;2.25;1.0;39 - 52;22 - 24;24.0;22.0;49.0;51.0;3.0;4.0;3.0;2.0;;;;;;;;67.0;72.0;52.0;39.0;49.0;51.0;6.0;5.0;4.0;4.0;;[38 47 71];[1 1 2];[False  True False];['Detroit City FC' 'Louisville City FC' 'Detroit City FC'];[0 1 0];[1 0 1];['D' 'H' 'D'];['H' 'D' 'H'];0.69;0.31;0.0;0.81;0.19;0.0;437402.0;206011.0;detroit city fc;louisville city fc;1.83;1.9;
2026-05-02;193936412;Nicaragua Clausura;Nicaragua;19:00;Full;-0.20032051282051289;1.8;2.5;2.0;2.5;0.0;0.0;;0.0;0.0;0.0;0.0;0.0;;Jalapa;;0.0;1.0;3.2;0;0.0;0 - 0;3.4;Real Esteli;;1.0;2.0;1.95;0;0.0;+0.25;0 - 0;0-0;2.5;1.0;-;-;0.0;0.0;;;0.0;0.0;0.0;0.0;;;;;;;;0.0;0.0;0.0;0.0;;;0.0;0.0;0.0;0.0;;[];[];[];[];[];[];[];[];1.0;0.0;0.0;1.0;0.0;0.0;;;;;;;
2026-05-02;193775925;Brazil Serie D;Brazil;19:00;Full;-0.20979020979020985;1.8;2.0, 2.5;2.0;2.0, 2.5;2.0;8.0;;1.0;3.0;4.0;185.0;146.0;100.0;Independencia;;1.0;4.0;3.3;1;1.0;1 - 1;3.25;Porto Velho;;0.0;4.0;1.95;0;1.0;+0.5;2 - 8;1-3;2.25;1.0;44 - 102;27 - 29;29.0;27.0;52.0;48.0;5.0;2.0;3.0;2.0;;;;;;;;118.0;67.0;102.0;44.0;61.0;39.0;12.0;5.0;9.0;2.0;;[45 56];[1 2];[False False];['Independencia' 'Porto Velho'];[0 1];[1 0];['D' 'H'];['H' 'D'];0.88;0.12;0.0;1.0;0.0;0.0;538749.0;675171.0;independencia fc ac;porto velho ec/ro;1.83;1.9;
2026-05-02;193881233;Dominica Premier League;Dominica;19:30;Full;-0.10582010582010581;1.975;3.5;1.825;3.5;9.0;5.0;;1.0;2.0;3.0;0.0;0.0;;Portsmouth Bombers;;0.0;0.0;2.7;0;1.0;1 - 0;3.7;Mahaut Soca Strikers;;0.0;0.0;2.1;0;0.0;+0.25;9 - 5;1-2;3.5;1.5;-;-;0.0;0.0;;;0.0;0.0;0.0;0.0;;;;;;;;0.0;0.0;0.0;0.0;;;0.0;0.0;0.0;1.0;;[88];[2];[False];['Portsmouth Bombers'];[0];[1];['D'];['H'];0.98;0.02;0.0;1.0;0.0;0.0;;;;;;;
2026-05-02;192943511;Peru Liga 1;Peru;19:30;Full;0.3685124798098315;1.9;2.5, 3.0;1.9;2.5, 3.0;4.0;2.0;;1.0;1.0;2.0;194.0;66.0;100.0;Cienciano;;1.0;4.0;1.727;0;1.0;1 - 0;3.7;Comerciantes Unidos;;0.0;6.0;4.75;0;0.0;-0.75;4 - 2;1-1;2.75;1.25;47 - 19;13 - 7;7.0;13.0;35.0;65.0;3.0;7.0;1.0;2.0;;;;;;;;82.0;112.0;19.0;47.0;35.0;65.0;6.0;12.0;1.0;4.0;;[101];[2];[ True];['Cienciano'];[0];[1];['D'];['H'];1.0;0.0;0.0;1.0;0.0;0.0;2301.0;241860.0;cs cienciano;comerciantes unidos;1.9;1.66;
2026-05-02;193881230;Dominica Premier League;Dominica;19:30;Full;-0.5646376811594204;1.875;3.5;1.925;3.5;5.0;4.0;;4.0;1.0;5.0;0.0;0.0;;Promex Harlem United SC;;0.0;1.0;6.25;0;0.0;0 - 5;5.0;Dublanc FC;;0.0;4.0;1.38;3;5.0;+1.25;5 - 4;4-1;3.5;1.5;-;-;0.0;0.0;;;0.0;0.0;3.0;0.0;;;;;;;;0.0;0.0;0.0;0.0;;;0.0;0.0;5.0;0.0;;[18 34 44 59 81];[1 1 1 2 2];[False False False False False];['Dublanc FC' 'Dublanc FC' 'Dublanc FC' 'Dublanc FC' 'Dublanc FC'];[ 0 -1 -2 -3 -4];[-1 -2 -3 -4 -5];['D' 'A' 'A' 'A' 'A'];['A' 'A' 'A' 'A' 'A'];0.2;0.0;0.8;0.4;0.0;0.6;;;;;;;
2026-05-02;193796723;Brazil Serie D;Brazil;19:30;Full;0.38823529411764707;1.95;2.0;1.85;2.0;1.0;3.0;;1.0;1.0;2.0;221.0;98.0;100.0;Gama;;0.0;2.0;1.7;2;4.0;4 - 0;3.0;Luverdense;;0.0;4.0;5.0;0;0.0;-0.75;1 - 3;1-1;2.0;0.75;58 - 40;42 - 23;23.0;42.0;32.0;68.0;2.0;3.0;1.0;2.0;;;;;;;;95.0;126.0;40.0;58.0;39.0;61.0;4.0;4.0;1.0;4.0;;[42 48 49 67];[1 1 2 2];[False  True False False];['Gama' 'Gama' 'Gama' 'Gama'];[0 1 2 3];[1 2 3 4];['D' 'H' 'H' 'H'];['H' 'H' 'H' 'H'];0.47;0.53;0.0;0.88;0.12;0.0;1978.0;40161.0;se gama df;luverdense ec mt;2.2;2.37;
2026-05-02;193819004;Aruba Division Di Honor;Aruba;19:30;Full;-0.6073304040295788;1.825;3.0, 3.5;1.975;3.0, 3.5;3.0;7.0;;0.0;4.0;4.0;132.0;99.0;;SV Sporting Aruba;;1.0;2.0;7.0;1;2.0;2 - 1;4.75;SV Britannia;;1.0;2.0;1.333;0;1.0;+1.5;3 - 7;0-4;3.25;1.5;39 - 60;16 - 29;29.0;16.0;;;3.0;2.0;2.0;2.0;;;;;;;;67.0;65.0;60.0;39.0;;;4.0;3.0;5.0;6.0;;[ 3 50 98];[1 2 2];[False False  True];['SV Sporting Aruba' 'SV Britannia' 'SV Sporting Aruba'];[0 1 0];[1 0 1];['D' 'H' 'D'];['H' 'D' 'H'];0.52;0.48;0.0;0.07;0.93;0.0;;;;;;;
2026-05-02;193804191;USA NWSL Women;USA;19:30;Full;0.04262574595055413;2.0;2.5;1.8;2.5;7.0;4.0;;2.0;2.0;4.0;172.0;82.0;100.0;North Carolina Courage (W);;1.0;1.0;2.3;0;1.0;1 - 2;3.4;Kansas City Current (W);;0.0;0.0;2.55;2;2.0;0.0;7 - 4;2-2;2.5;1.0;56 - 26;26 - 14;14.0;26.0;43.0;57.0;3.0;5.0;2.0;0.0;;;;;;;;72.0;100.0;26.0;56.0;43.0;57.0;3.0;9.0;2.0;1.0;;[ 8 24 85];[1 1 2];[False False False];"['Kansas City Current (W)' 'Kansas City Current (W)'
 'North Carolina Courage (W)']";[ 0 -1 -2];[-1 -2 -1];['D' 'A' 'A'];['A' 'A' 'A'];0.09;0.0;0.91;0.18;0.0;0.82;49787.0;781494.0;north carolina courage;kansas city nwsl;2.0;1.83;Women
2026-05-02;193880384;Canada Northern Super League Women;Canada;20:00;Full;0.027777777777777735;1.85;2.5;1.95;2.5;3.0;1.0;;2.0;0.0;2.0;238.0;104.0;;Montreal Roses FC (W);;0.0;0.0;2.25;2;4.0;4 - 0;4.0;Vancouver Rise FC (W);;0.0;1.0;2.4;0;0.0;0.0;3 - 1;2-0;2.5;1.0;66 - 38;37 - 12;12.0;37.0;;;1.0;4.0;0.0;2.0;;;;;;;;125.0;113.0;38.0;66.0;;;2.0;8.0;0.0;4.0;;[13 45 50 86];[1 1 2 2];[False False False False];"['Montreal Roses FC (W)' 'Montreal Roses FC (W)' 'Montreal Roses FC (W)'
 'Montreal Roses FC (W)']";[0 1 2 3];[1 2 3 4];['D' 'H' 'H' 'H'];['H' 'H' 'H' 'H'];0.14;0.86;0.0;0.29;0.71;0.0;;;;;;;Women
2026-05-02;193394411;Paraguay Division Profesional;Paraguay;20:00;Full;0.05303030303030304;1.975;2.0, 2.5;1.825;2.0, 2.5;6.0;5.0;;0.0;5.0;5.0;157.0;95.0;100.0;Rubio Nu;;0.0;4.0;2.4;0;0.0;0 - 0;3.0;Sportivo Luqueno;;1.0;1.0;2.75;0;0.0;0.0;6 - 5;0-5;2.25;1.0;65 - 30;26 - 21;21.0;26.0;49.0;51.0;2.0;5.0;2.0;1.0;;;;;;;;52.0;105.0;30.0;65.0;38.0;62.0;3.0;16.0;4.0;3.0;;[];[];[];[];[];[];[];[];1.0;0.0;0.0;1.0;0.0;0.0;36438.0;5998.0;rubio nu;sportivo luqueno;1.83;1.83;
2026-05-02;193187502;Argentina Nacional B;Argentina;20:00;Full;0.3358395989974937;1.875;1.5, 2.0;1.925;1.5, 2.0;6.0;2.0;;2.0;2.0;4.0;233.0;72.0;100.0;San Martin de Tucuman;;0.0;3.0;1.9;1;2.0;2 - 1;3.0;Atletico Rafaela;;0.0;3.0;5.25;1;1.0;-0.5;6 - 2;2-2;1.75;0.75;52 - 20;34 - 8;8.0;34.0;50.0;50.0;2.0;4.0;1.0;2.0;;;;;;;;85.0;148.0;20.0;52.0;50.0;50.0;3.0;6.0;1.0;3.0;;[10 17 85];[1 1 2];[False False False];['San Martin de Tucuman' 'Atletico Rafaela' 'San Martin de Tucuman'];[0 1 0];[1 0 1];['D' 'H' 'D'];['H' 'D' 'H'];0.87;0.13;0.0;0.84;0.16;0.0;23950.0;34976.0;san martin de tucuman;atletico de rafaela;2.75;2.62;Youth
2026-05-02;193939023;Suriname Major League;Suriname;20:00;Full;-0.1923076923076923;1.825;2.5;1.975;2.5;5.0;2.0;;2.0;0.0;2.0;218.0;153.0;;SV Voorwaarts;;1.0;0.0;3.25;0;0.0;0 - 1;3.4;Robin Hood FC;;0.0;2.0;2.0;1;1.0;+0.25;5 - 2;2-0;2.5;1.0;54 - 99;25 - 46;46.0;25.0;;;8.0;1.0;2.0;2.0;;;;;;;;127.0;91.0;99.0;54.0;;;12.0;4.0;6.0;4.0;;[34];[1];[False];['Robin Hood FC'];[0];[-1];['D'];['A'];0.38;0.0;0.62;0.76;0.0;0.24;;;;;;;
2026-05-02;192948071;USA USL Championship;USA;20:00;Full;0.3214285714285714;1.8;2.0, 2.5;2.0;2.0, 2.5;2.0;3.0;;1.0;3.0;4.0;182.0;71.0;100.0;Pittsburgh Riverhounds;;0.0;1.0;1.75;0;0.0;0 - 1;3.3;Phoenix Rising FC;;0.0;2.0;4.0;0;1.0;-0.5;2 - 3;1-3;2.25;1.0;37 - 34;18 - 15;15.0;18.0;57.0;43.0;4.0;2.0;0.0;1.0;;;;;;;;89.0;93.0;34.0;37.0;52.0;48.0;6.0;6.0;2.0;1.0;;[64];[2];[False];['Phoenix Rising FC'];[0];[-1];['D'];['A'];0.71;0.0;0.29;1.0;0.0;0.0;23635.0;154018.0;pittsburgh riverhounds;phoenix rising fc;1.9;1.9;
2026-05-02;193822573;Mexico Liga TDP;Mexico;20:00;Full;-0.15447154471544722;1.825;2.5, 3.0;1.975;2.5, 3.0;3.0;1.0;;2.0;0.0;2.0;0.0;0.0;100.0;Azucareros de Tezonapa;;0.0;1.0;3.0;0;0.0;0 - 3;3.5;CD Cruz Azul Lagunas;;0.0;2.0;2.05;2;3.0;+0.25;3 - 1;2-0;2.75;1.25;-;-;0.0;0.0;35.0;65.0;0.0;0.0;2.0;0.0;;;;;;;;0.0;0.0;0.0;0.0;35.0;65.0;0.0;0.0;3.0;0.0;;[ 6 21 61];[1 1 2];[False False False];['CD Cruz Azul Lagunas' 'CD Cruz Azul Lagunas' 'CD Cruz Azul Lagunas'];[ 0 -1 -2];[-1 -2 -3];['D' 'A' 'A'];['A' 'A' 'A'];0.07;0.0;0.93;0.13;0.0;0.87;;;;;;;
2026-05-02;192948061;USA USL Championship;USA;20:00;Full;0.5707915273132665;1.775;2.5, 3.0;2.025;2.5, 3.0;8.0;2.0;;3.0;0.0;3.0;176.0;99.0;100.0;Charleston Battery;;0.0;3.0;1.38;3;4.0;4 - 0;4.2;Sporting JAX;;1.0;3.0;6.5;0;0.0;-1.25;8 - 2;3-0;2.75;1.25;68 - 31;30 - 13;13.0;30.0;35.0;65.0;0.0;2.0;2.0;4.0;;;;;;;;71.0;105.0;31.0;68.0;35.0;65.0;1.0;4.0;4.0;7.0;;[28 32 42 64];[1 1 1 2];[False False False False];"['Charleston Battery' 'Charleston Battery' 'Charleston Battery'
 'Charleston Battery']";[0 1 2 3];[1 2 3 4];['D' 'H' 'H' 'H'];['H' 'H' 'H' 'H'];0.31;0.69;0.0;0.62;0.38;0.0;22004.0;1232493.0;charleston battery;sporting jax;1.83;1.83;
2026-05-02;193833751;USA USL League One;USA;20:00;Full;0.0574162679425837;1.85;2.0;1.95;2.0;8.0;2.0;;2.0;1.0;3.0;178.0;104.0;100.0;FC Naples;;0.0;1.0;2.375;0;0.0;0 - 3;3.1;One Knoxville SC;;0.0;3.0;2.75;1;3.0;0.0;8 - 2;2-1;2.0;0.75;63 - 41;24 - 21;21.0;24.0;41.0;59.0;2.0;2.0;2.0;1.0;;;;;;;;81.0;97.0;41.0;63.0;36.0;64.0;4.0;7.0;6.0;2.0;;[21 51 88];[1 2 2];[False False False];['One Knoxville SC' 'One Knoxville SC' 'One Knoxville SC'];[ 0 -1 -2];[-1 -2 -3];['D' 'A' 'A'];['A' 'A' 'A'];0.23;0.0;0.77;0.47;0.0;0.53;1218557.0;874807.0;fc naples;one knoxville sc;;;
2026-05-02;193395409;Colombia Primera B;Colombia;20:00;Full;0.509009009009009;1.825;2.5;1.975;2.5;3.0;2.0;;3.0;1.0;4.0;198.0;135.0;100.0;Real Cartagena;;0.0;2.0;1.48;2;2.0;2 - 0;4.333;Bogota FC;;0.0;4.0;6.0;0;0.0;-1.25;3 - 2;3-1;2.5;1.0;68 - 67;37 - 33;33.0;37.0;43.0;57.0;5.0;2.0;1.0;3.0;;;;;;;;109.0;89.0;67.0;68.0;48.0;52.0;6.0;2.0;3.0;4.0;;[17 48];[1 1];[False  True];['Real Cartagena' 'Real Cartagena'];[0 1];[1 2];['D' 'H'];['H' 'H'];0.19;0.81;0.0;0.35;0.65;0.0;;;;;;;Youth
2026-05-02;193821630;USA MLS Next Pro League;USA;20:00;Full;0.09474590869939709;2.0;3.0;1.8;3.0;5.0;1.0;;2.0;1.0;3.0;236.0;93.0;100.0;Chattanooga FC;;0.0;1.0;2.15;0;0.0;0 - 2;3.5;Huntsville City;;0.0;5.0;2.7;0;2.0;-0.25;5 - 1;2-1;3.0;1.25;55 - 38;22 - 15;15.0;22.0;56.0;44.0;1.0;4.0;0.0;0.0;;;;;;;;106.0;130.0;38.0;55.0;49.0;51.0;2.0;7.0;2.0;0.0;;[47 94];[2 2];[False  True];['Huntsville City' 'Huntsville City'];[ 0 -1];[-1 -2];['D' 'A'];['A' 'A'];0.5;0.0;0.5;1.0;0.0;0.0;153486.0;;chattanooga fc;;;;
2026-05-02;192948069;USA USL Championship;USA;20:00;Full;0.12836438923395443;1.8;2.5, 3.0;2.0;2.5, 3.0;8.0;5.0;;2.0;2.0;4.0;177.0;89.0;100.0;Miami FC;;0.0;3.0;2.1;1;3.0;3 - 2;3.5;Brooklyn FC;;0.0;1.0;2.875;1;2.0;-0.25;8 - 5;2-2;2.75;1.25;45 - 44;20 - 22;22.0;20.0;47.0;53.0;3.0;4.0;1.0;3.0;;;;;;;;83.0;94.0;44.0;45.0;47.0;53.0;5.0;5.0;3.0;8.0;;[36 37 51 71 75];[1 1 2 2 2];[False False False False False];['Miami FC' 'Brooklyn FC' 'Miami FC' 'Miami FC' 'Brooklyn FC'];[0 1 0 1 2];[1 0 1 2 1];['D' 'H' 'D' 'H' 'H'];['H' 'D' 'H' 'H' 'H'];0.56;0.44;0.0;0.98;0.02;0.0;253137.0;1312976.0;miami fc;brooklyn fc;1.72;1.57;
2026-05-02;193828985;Argentina Primera B Metropolitana;Argentina;20:00;Full;0.08771929824561403;1.775;1.5, 2.0;2.025;1.5, 2.0;8.0;1.0;;6.0;0.0;6.0;74.0;135.0;100.0;Deportivo Merlo;;0.0;4.0;2.375;0;1.0;1 - 0;2.75;Argentino Quilmes;;0.0;2.0;3.0;0;0.0;-0.25;8 - 1;6-0;1.75;nan;70 - 65;33 - 26;26.0;33.0;39.0;61.0;1.0;5.0;1.0;4.0;;;;;;;;38.0;36.0;65.0;70.0;54.0;46.0;4.0;11.0;2.0;7.0;;[78];[2];[False];['Deportivo Merlo'];[0];[1];['D'];['H'];0.87;0.13;0.0;1.0;0.0;0.0;36840.0;93525.0;deportivo merlo;argentino de quilmes;2.25;2.25;Youth
2026-05-02;193858320;Paraguay Women League;Paraguay;20:00;Full;-0.5792916760658695;1.85;2.5, 3.0;1.95;2.5, 3.0;1.0;5.0;;1.0;2.0;3.0;210.0;146.0;100.0;Cerro Porteno (W);;0.0;0.0;6.5;0;0.0;0 - 0;4.333;Olimpia Asuncion (W);;0.0;3.0;1.364;0;0.0;+1.25;1 - 5;1-2;2.75;1.5;60 - 86;33 - 33;33.0;33.0;52.0;48.0;4.0;2.0;1.0;0.0;;;;;;;;104.0;106.0;86.0;60.0;53.0;47.0;7.0;3.0;4.0;1.0;;[];[];[];[];[];[];[];[];1.0;0.0;0.0;1.0;0.0;0.0;5991.0;5997.0;cerro porteno;club olimpia;;;Women
2026-05-02;193201579;USA MLS;USA;20:15;Full;0.6358974358974359;1.8;3.5, 4.0;2.0;3.5, 4.0;10.0;2.0;;8.0;0.0;8.0;157.0;110.0;100.0;Inter Miami;;0.0;5.0;1.3;3;3.0;3 - 4;6.5;Orlando City;;0.0;3.0;7.5;1;4.0;-1.75;10 - 2;8-0;3.75;1.75;78 - 32;38 - 12;12.0;38.0;34.0;66.0;1.0;7.0;1.0;9.0;;;;;;;;51.0;106.0;32.0;78.0;36.0;64.0;4.0;16.0;9.0;10.0;;[ 4 25 34 39 69 79 93];[1 1 1 1 2 2 2];[False False False False False False  True];"['Inter Miami' 'Inter Miami' 'Inter Miami' 'Orlando City' 'Orlando City'
 'Orlando City' 'Orlando City']";[0 1 2 3 2 1 0];[ 1  2  3  2  1  0 -1];['D' 'H' 'H' 'H' 'H' 'H' 'D'];['H' 'H' 'H' 'H' 'H' 'D' 'A'];0.19;0.81;0.0;0.09;0.91;0.0;659691.0;52237.0;inter miami cf;orlando city sc;1.5;1.5;
2026-05-02;193201585;USA MLS;USA;20:30;Full;0.15742397137745973;1.95;2.5, 3.0;1.85;2.5, 3.0;3.0;2.0;;1.0;1.0;2.0;197.0;81.0;100.0;Atlanta Utd;;0.0;4.0;2.15;2;3.0;3 - 1;3.6;CF Montreal;;1.0;2.0;3.25;1;1.0;-0.25;3 - 2;1-1;2.75;1.0;34 - 47;18 - 13;13.0;18.0;31.0;69.0;6.0;4.0;2.0;3.0;;;;;;;;103.0;94.0;47.0;34.0;47.0;53.0;8.0;13.0;5.0;5.0;;[ 7 41 51 50];[1 1 1 2];[False False  True False];['CF Montreal' 'Atlanta Utd' 'Atlanta Utd' 'Atlanta Utd'];[ 0 -1  0  1];[-1  0  1  2];['D' 'A' 'D' 'H'];['A' 'D' 'H' 'H'];0.19;0.43;0.38;0.33;0.0;0.67;305920.0;22006.0;atlanta united fc;cf montreal;1.66;1.61;
2026-05-02;193821582;Uruguay Segunda;Uruguay;20:30;Full;0.20588235294117646;1.975;2.0, 2.5;1.825;2.0, 2.5;6.0;6.0;;4.0;2.0;6.0;187.0;120.0;100.0;Atletico Fenix Montevideo;;0.0;3.0;2.0;0;1.0;1 - 0;3.1;Club Oriental;;1.0;3.0;3.4;0;0.0;-0.25;6 - 6;4-2;2.25;1.0;70 - 50;28 - 26;26.0;28.0;53.0;47.0;2.0;1.0;0.0;2.0;;;;;;;;87.0;100.0;50.0;70.0;47.0;53.0;2.0;4.0;0.0;4.0;;[86];[2];[False];['Atletico Fenix Montevideo'];[0];[1];['D'];['H'];0.96;0.04;0.0;1.0;0.0;0.0;;;;;;;
2026-05-02;193201601;USA MLS;USA;20:30;Full;0.34064158781444726;1.9;2.5, 3.0;1.9;2.5, 3.0;4.0;6.0;;2.0;3.0;5.0;191.0;105.0;100.0;Columbus Crew;;0.0;2.0;1.75;1;2.0;2 - 3;3.9;Minnesota Utd;;0.0;2.0;4.333;0;3.0;-0.75;4 - 6;2-3;2.75;1.25;64 - 41;39 - 18;18.0;39.0;36.0;64.0;6.0;8.0;1.0;1.0;;;;;;;;85.0;106.0;41.0;64.0;34.0;66.0;7.0;9.0;6.0;3.0;;[31 56 59 66 74];[1 2 2 2 2];[False False False False False];"['Columbus Crew' 'Columbus Crew' 'Minnesota Utd' 'Minnesota Utd'
 'Minnesota Utd']";[0 1 2 1 0];[ 1  2  1  0 -1];['D' 'H' 'H' 'H' 'D'];['H' 'H' 'H' 'D' 'A'];0.43;0.39;0.18;0.69;0.31;0.0;2504.0;41618.0;columbus crew;minnesota united fc;1.61;1.61;
2026-05-02;193201618;USA MLS;USA;20:30;Full;0.14204545454545453;1.8;2.5, 3.0;2.0;2.5, 3.0;3.0;5.0;;2.0;3.0;5.0;180.0;104.0;100.0;New England;;0.0;3.0;2.2;0;1.0;1 - 0;3.6;Charlotte FC;;0.0;4.0;3.2;0;0.0;-0.25;3 - 5;2-3;2.75;1.25;47 - 57;28 - 22;22.0;28.0;45.0;55.0;1.0;5.0;2.0;1.0;;;;;;;;93.0;87.0;57.0;47.0;44.0;56.0;4.0;9.0;4.0;4.0;;[97];[2];[ True];['New England'];[0];[1];['D'];['H'];1.0;0.0;0.0;1.0;0.0;0.0;2511.0;863473.0;new england revolution;charlotte fc;1.75;1.57;
2026-05-02;193776941;Bolivia Primera Division;Bolivia;20:30;Full;0.6251875468867217;1.95;3.5;1.85;3.5;2.0;10.0;;1.0;4.0;5.0;179.0;62.0;100.0;Oriente Petrolero;;0.0;3.0;1.333;3;3.0;3 - 1;5.25;Real Tomayapo;;0.0;0.0;8.0;0;1.0;-1.75;2 - 10;1-4;3.5;1.5;18 - 44;11 - 15;15.0;11.0;36.0;64.0;2.0;2.0;0.0;4.0;;;;;;;;98.0;81.0;44.0;18.0;51.0;49.0;7.0;5.0;3.0;4.0;;[11 14 49 77];[1 1 1 2];[False False  True False];"['Oriente Petrolero' 'Oriente Petrolero' 'Oriente Petrolero'
 'Real Tomayapo']";[0 1 2 3];[1 2 3 2];['D' 'H' 'H' 'H'];['H' 'H' 'H' 'H'];0.12;0.88;0.0;0.22;0.78;0.0;33820.0;613958.0;oriente petrolero;cd real tomayapo;1.5;1.57;
2026-05-02;193201621;USA MLS;USA;20:30;Full;0.06838905775075987;1.95;3.0, 3.5;1.85;3.0, 3.5;8.0;4.0;;5.0;2.0;7.0;221.0;117.0;100.0;NY Red Bulls;;0.0;0.0;2.35;0;0.0;0 - 2;3.75;FC Dallas;;0.0;2.0;2.8;0;2.0;0.0;8 - 4;5-2;3.25;1.25;79 - 38;32 - 15;15.0;32.0;49.0;51.0;2.0;5.0;3.0;0.0;;;;;;;;97.0;124.0;38.0;79.0;41.0;59.0;6.0;10.0;6.0;0.0;;[54 88];[2 2];[False False];['FC Dallas' 'FC Dallas'];[ 0 -1];[-1 -2];['D' 'A'];['A' 'A'];0.6;0.0;0.4;1.0;0.0;0.0;2506.0;2512.0;new york red bulls;fc dallas;1.5;1.4;
2026-05-02;192948076;USA USL Championship;USA;20:30;Full;0.4027777777777778;1.85;2.5, 3.0;1.95;2.5, 3.0;6.0;3.0;;1.0;1.0;2.0;206.0;115.0;100.0;Tampa Bay Rowdies;;0.0;1.0;1.6;0;1.0;1 - 0;3.75;Indy Eleven;;0.0;1.0;4.5;0;0.0;-0.75;6 - 3;1-1;2.75;1.25;59 - 56;29 - 26;26.0;29.0;29.0;71.0;3.0;2.0;1.0;1.0;;;;;;;;90.0;116.0;56.0;59.0;32.0;68.0;8.0;7.0;3.0;3.0;;[53];[2];[False];['Tampa Bay Rowdies'];[0];[1];['D'];['H'];0.59;0.41;0.0;1.0;0.0;0.0;41617.0;148992.0;tampa bay rowdies;indy eleven;1.72;1.72;
2026-05-02;193191315;Brazil Serie A;Brazil;20:30;Full;0.40940383351901044;1.85;2.0, 2.5;2.0;2.0, 2.5;7.0;3.0;;4.0;1.0;5.0;172.0;72.0;100.0;Athletico Paranaense;5.0;1.0;2.0;1.667;0;0.0;0 - 0;3.7;Gremio;11.0;1.0;1.0;5.25;0;0.0;-0.75;7 - 3;4-1;2.25;1.0;30 - 42;17 - 14;14.0;17.0;40.0;60.0;1.0;4.0;0.0;3.0;;;;;;;;94.0;78.0;42.0;30.0;54.0;46.0;7.0;6.0;0.0;5.0;;[];[];[];[];[];[];[];[];1.0;0.0;0.0;1.0;0.0;0.0;1967.0;5926.0;ca paranaense pr;gremio fb porto alegrense rs;1.8;2.0;
2026-05-02;193833787;USA USL Super League Women;USA;20:30;Full;-0.2752834667728285;1.95;2.5, 3.0;1.85;2.5, 3.0;3.0;7.0;;2.0;1.0;3.0;204.0;104.0;100.0;Fort Lauderdale Utd (W);8.0;0.0;0.0;3.7;0;1.0;1 - 2;3.3;Tampa Bay Sun (W);9.0;0.0;1.0;1.833;0;2.0;+0.5;3 - 7;2-1;2.75;1.25;42 - 62;26 - 18;18.0;26.0;41.0;59.0;2.0;4.0;2.0;0.0;;;;;;;;97.0;107.0;62.0;42.0;48.0;52.0;11.0;7.0;7.0;1.0;;[68 77 86];[2 2 2];[False False False];['Tampa Bay Sun (W)' 'Tampa Bay Sun (W)' 'Fort Lauderdale Utd (W)'];[ 0 -1 -2];[-1 -2 -1];['D' 'A' 'A'];['A' 'A' 'A'];0.76;0.0;0.24;1.0;0.0;0.0;1166965.0;1166969.0;fort lauderdale united fc;tampa bay sun fc;;;Women
2026-05-02;193201626;USA MLS;USA;20:30;Full;0.14685314685314682;1.975;2.5;1.825;2.5;5.0;2.0;;2.0;0.0;2.0;201.0;79.0;100.0;Philadelphia;;0.0;1.0;2.2;0;0.0;0 - 0;3.5;Nashville SC;;0.0;1.0;3.25;0;0.0;-0.25;5 - 2;2-0;2.5;1.0;51 - 28;26 - 10;10.0;26.0;48.0;52.0;1.0;3.0;0.0;2.0;;;;;;;;111.0;90.0;28.0;51.0;54.0;46.0;8.0;11.0;1.0;4.0;;[];[];[];[];[];[];[];[];1.0;0.0;0.0;1.0;0.0;0.0;39833.0;668063.0;philadelphia union;nashville sc;1.66;1.8;
2026-05-02;193192157;Brazil Serie B;Brazil;20:30;Full;0.3300142247510668;1.8;2.0;2.0;2.0;3.0;3.0;;1.0;3.0;4.0;215.0;72.0;100.0;Fortaleza;;0.0;4.0;1.85;0;4.0;4 - 1;3.2;Goias;;1.0;2.0;4.75;1;1.0;-0.5;3 - 3;1-3;2.0;0.75;39 - 33;20 - 23;23.0;20.0;54.0;46.0;6.0;6.0;1.0;1.0;;;;;;;;105.0;110.0;33.0;39.0;57.0;43.0;6.0;8.0;4.0;9.0;;[24 54 61 78 91];[1 2 2 2 2];[False False False False  True];['Goias' 'Fortaleza' 'Fortaleza' 'Fortaleza' 'Fortaleza'];[ 0 -1  0  1  2];[-1  0  1  2  3];['D' 'A' 'D' 'H' 'H'];['A' 'D' 'H' 'H' 'H'];0.34;0.33;0.33;0.53;0.0;0.47;2020.0;1960.0;fortaleza ec ce;goias ec go;2.1;2.2;Youth
2026-05-02;193833760;USA USL League One;USA;20:30;Full;0.13178294573643412;1.825;2.0, 2.5;1.975;2.0, 2.5;7.0;5.0;;5.0;2.0;7.0;133.0;103.0;100.0;Sarasota Paradise;;0.0;1.0;2.15;1;1.0;1 - 3;3.2;Forward Madison FC;;0.0;1.0;3.0;1;3.0;-0.25;7 - 5;5-2;2.25;1.0;52 - 51;31 - 23;23.0;31.0;40.0;60.0;0.0;4.0;1.0;1.0;;;;;;;;71.0;62.0;51.0;52.0;42.0;58.0;1.0;8.0;3.0;1.0;;[24 28 84 86];[1 1 2 2];[False False False False];"['Forward Madison FC' 'Sarasota Paradise' 'Forward Madison FC'
 'Forward Madison FC']";[ 0 -1  0 -1];[-1  0 -1 -2];['D' 'A' 'D' 'A'];['A' 'D' 'A' 'A'];0.89;0.0;0.11;0.91;0.0;0.09;;;;;;;
2026-05-02;193833755;USA USL League One;USA;20:30;Full;-0.2777777777777778;1.925;2.5;1.875;2.5;9.0;3.0;;3.0;3.0;6.0;261.0;150.0;100.0;Fort Wayne FC;;0.0;2.0;3.6;2;2.0;2 - 2;3.6;Charlotte Independence;;0.0;2.0;1.8;2;2.0;+0.5;9 - 3;3-3;2.5;1.0;71 - 79;29 - 39;39.0;29.0;57.0;43.0;1.0;1.0;8.0;5.0;;;;;;;;132.0;129.0;79.0;71.0;55.0;45.0;3.0;3.0;8.0;9.0;;[ 4  8 10 15];[1 1 1 1];[False False False False];"['Fort Wayne FC' 'Charlotte Independence' 'Fort Wayne FC'
 'Charlotte Independence']";[0 1 0 1];[1 0 1 0];['D' 'H' 'D' 'H'];['H' 'D' 'H' 'D'];0.9;0.1;0.0;0.8;0.2;0.0;;206009.0;;charlotte independence;;;
2026-05-02;192948074;USA USL Championship;USA;20:30;Full;0.3969728242174063;1.8;2.5;2.0;2.5;3.0;4.0;;1.0;0.0;1.0;251.0;126.0;100.0;Rhode Island FC;;0.0;3.0;1.615;1;1.0;1 - 3;3.6;Birmingham Legion FC;;0.0;0.0;4.5;1;3.0;-0.75;3 - 4;1-0;2.5;1.0;80 - 46;32 - 23;23.0;32.0;46.0;54.0;3.0;3.0;1.0;7.0;;;;;;;;102.0;149.0;46.0;80.0;39.0;61.0;4.0;12.0;7.0;8.0;;[ 4 17 48 57];[1 1 2 2];[False False False False];"['Birmingham Legion FC' 'Rhode Island FC' 'Birmingham Legion FC'
 'Birmingham Legion FC']";[ 0 -1  0 -1];[-1  0 -1 -2];['D' 'A' 'D' 'A'];['A' 'D' 'A' 'A'];0.39;0.0;0.61;0.71;0.0;0.29;1092285.0;538325.0;rhode island fc;birmingham legion fc;1.83;1.8;
2026-05-02;193949730;Panama Liga de Futbol Nacional;Panama;21:00;Full;0.17948717948717957;1.975;3.5;1.825;3.5;4.0;4.0;;3.0;3.0;6.0;152.0;124.0;;Deportivo Altamira;;0.0;2.0;1.95;2;4.0;4 - 3;3.75;Corotu FC;;0.0;2.0;3.0;1;3.0;-0.5;4 - 4;3-3;3.5;1.5;48 - 76;26 - 31;31.0;26.0;;;3.0;0.0;3.0;7.0;;;;;;;;60.0;92.0;76.0;48.0;;;7.0;1.0;9.0;13.0;;[ 2 12 18 64 72 77 85];[1 1 1 2 2 2 2];[False False False False False False False];"['Deportivo Altamira' 'Deportivo Altamira' 'Corotu FC'
 'Deportivo Altamira' 'Corotu FC' 'Deportivo Altamira' 'Corotu FC']";[0 1 2 1 2 1 2];[1 2 1 2 1 2 1];['D' 'H' 'H' 'H' 'H' 'H' 'H'];['H' 'H' 'H' 'H' 'H' 'H' 'H'];0.02;0.98;0.0;0.04;0.96;0.0;;;;;;;
2026-05-02;193932158;Saint Kitts & Nevis Premier League;Saint Kitts & Nevis;21:00;Full;0.5513196480938416;1.9;3.0;1.9;3.0;3.0;5.0;;2.0;3.0;5.0;145.0;130.0;;Old Road Jets;;0.0;1.0;1.364;0;1.0;1 - 0;5.0;St. Peters FC;;1.0;2.0;5.5;0;0.0;-1.5;3 - 5;2-3;3.0;1.25;69 - 61;28 - 29;29.0;28.0;;;2.0;4.0;2.0;1.0;;;;;;;;84.0;61.0;61.0;69.0;;;4.0;5.0;4.0;6.0;;[71];[2];[False];['Old Road Jets'];[0];[1];['D'];['H'];0.79;0.21;0.0;1.0;0.0;0.0;;;;;;;
2026-05-02;193833770;USA USL League One;USA;21:00;Full;0.25983945132881303;1.8;2.5;2.0;2.5;5.0;3.0;;2.0;1.0;3.0;99.0;81.0;100.0;Union Omaha;;0.0;1.0;1.833;0;2.0;2 - 0;3.4;Greenville Triumph SC;;0.0;3.0;3.5;0;0.0;-0.5;5 - 3;2-1;2.5;1.0;46 - 35;18 - 16;16.0;18.0;41.0;59.0;0.0;1.0;0.0;2.0;;;;;;;;52.0;47.0;35.0;46.0;43.0;57.0;0.0;2.0;2.0;5.0;;[53 92];[2 2];[False  True];['Union Omaha' 'Union Omaha'];[0 1];[1 2];['D' 'H'];['H' 'H'];0.58;0.42;0.0;1.0;0.0;0.0;668761.0;;union omaha sc;;;;
2026-05-02;193191317;Brazil Serie A;Brazil;21:00;Full;0.3147667534289746;1.95;2.0, 2.5;1.9;2.0, 2.5;5.0;1.0;;3.0;0.0;3.0;192.0;88.0;100.0;Cruzeiro;12.0;2.0;3.0;1.833;0;1.0;1 - 3;3.6;Atletico Mineiro;15.0;1.0;6.0;4.333;2;3.0;-0.5;5 - 1;3-0;2.25;0.75;65 - 23;28 - 12;12.0;28.0;28.0;72.0;1.0;6.0;2.0;1.0;;;;;;;;64.0;128.0;23.0;65.0;30.0;70.0;2.0;12.0;4.0;2.0;;[12 32 72 86];[1 1 2 2];[False False False False];['Atletico Mineiro' 'Atletico Mineiro' 'Atletico Mineiro' 'Cruzeiro'];[ 0 -1 -2 -3];[-1 -2 -3 -2];['D' 'A' 'A' 'A'];['A' 'A' 'A' 'A'];0.13;0.0;0.87;0.27;0.0;0.73;1954.0;1977.0;cruzeiro ec mg;atletico mineiro mg;1.9;2.0;
2026-05-02;193196530;Ecuador LigaPro Serie A;Ecuador;21:00;Full;0.469870570761723;1.8;2.0, 2.5;2.0;2.0, 2.5;6.0;2.0;;4.0;2.0;6.0;205.0;67.0;100.0;Barcelona Guayaquil;;0.0;2.0;1.571;1;1.0;1 - 1;3.8;Manta FC;;1.0;2.0;6.0;0;1.0;-1.0;6 - 2;4-2;2.25;1.0;50 - 17;29 - 11;11.0;29.0;31.0;69.0;1.0;6.0;1.0;3.0;;;;;;;;74.0;131.0;17.0;50.0;28.0;72.0;2.0;12.0;2.0;4.0;;[52 74];[1 2];[ True False];['Barcelona Guayaquil' 'Manta FC'];[0 1];[1 0];['D' 'H'];['H' 'D'];0.76;0.24;0.0;1.0;0.0;0.0;5250.0;33561.0;barcelona sc;manta fc;;;
2026-05-02;193830053;Chile Copa de la Liga;Chile;21:00;Full;0.5613682092555332;1.8;2.5;2.0;2.5;5.0;2.0;;2.0;1.0;3.0;239.0;141.0;100.0;Nublense;;0.0;2.0;1.42;0;2.0;2 - 0;4.1;Cobresal;;0.0;4.0;7.0;0;0.0;-0.75;5 - 2;2-1;2.5;1.0;98 - 43;50 - 18;18.0;50.0;50.0;50.0;3.0;7.0;0.0;0.0;;;;;;;;86.0;153.0;43.0;98.0;50.0;50.0;4.0;15.0;0.0;4.0;;[50 96];[2 2];[False  True];['Nublense' 'Nublense'];[0 1];[1 2];['D' 'H'];['H' 'H'];0.52;0.48;0.0;1.0;0.0;0.0;7029.0;3167.0;nublense;cobresal;1.8;1.83;
2026-05-02;193821756;Venezuela Primera Division;Venezuela;21:00;Full;0.14253563390847712;1.8;2.0;2.0;2.0;4.0;2.0;;1.0;2.0;3.0;170.0;62.0;100.0;Academia Puerto Cabello;5.0;0.0;3.0;2.15;0;1.0;1 - 1;3.0;Deportivo La Guaira;2.0;0.0;4.0;3.1;0;1.0;-0.25;4 - 2;1-2;2.0;0.75;37 - 25;13 - 17;17.0;13.0;50.0;50.0;6.0;2.0;1.0;2.0;;;;;;;;70.0;100.0;25.0;37.0;50.0;50.0;8.0;3.0;3.0;5.0;;[52 68];[2 2];[False False];['Deportivo La Guaira' 'Academia Puerto Cabello'];[ 0 -1];[-1  0];['D' 'A'];['A' 'D'];0.82;0.0;0.18;1.0;0.0;0.0;266595.0;36437.0;academia puerto cabello;deportivo la guaira;;;
2026-05-02;193820257;Chile Primera B;Chile;21:00;Full;0.14204545454545453;1.975;2.0, 2.5;1.825;2.0, 2.5;5.0;2.0;;4.0;2.0;6.0;311.0;112.0;100.0;Rangers de Talca;;1.0;2.0;2.2;0;0.0;0 - 1;3.1;Puerto Montt;;0.0;2.0;3.2;0;1.0;-0.25;5 - 2;4-2;2.25;1.0;65 - 47;35 - 28;28.0;35.0;50.0;50.0;4.0;7.0;1.0;2.0;;;;;;;;151.0;160.0;47.0;65.0;50.0;50.0;5.0;12.0;2.0;3.0;;[60];[2];[False];['Puerto Montt'];[0];[-1];['D'];['A'];0.67;0.0;0.33;1.0;0.0;0.0;;;;;;;Youth
2026-05-02;193777666;Guatemala Liga Nacional;Guatemala;21:00;Full;0.2485380116959064;1.775;2.0, 2.5;2.025;2.0, 2.5;1.0;7.0;;0.0;3.0;3.0;203.0;108.0;100.0;CSD Comunicaciones;;0.0;4.0;1.9;1;2.0;2 - 0;3.25;Antigua GFC;;0.0;3.0;3.6;0;0.0;-0.5;1 - 7;0-3;2.25;1.0;33 - 75;12 - 33;33.0;12.0;61.0;39.0;4.0;3.0;2.0;3.0;;;;;;;;99.0;104.0;75.0;33.0;62.0;38.0;12.0;4.0;3.0;4.0;;[ 3 62];[1 2];[False False];['CSD Comunicaciones' 'CSD Comunicaciones'];[0 1];[1 2];['D' 'H'];['H' 'H'];0.03;0.97;0.0;0.07;0.93;0.0;;;;;;;
2026-05-02;193835912;Australia NPL Victoria U23;Australia;21:15;Full;-0.07619047619047614;1.95;3.5;1.85;3.5;6.0;5.0;;4.0;2.0;6.0;270.0;157.0;;Avondale U23;;0.0;2.0;2.5;0;0.0;0 - 1;4.1;Caroline Springs George Cross U23;;0.0;4.0;2.1;1;1.0;+0.25;6 - 5;4-2;3.5;1.5;86 - 71;45 - 42;42.0;45.0;;;3.0;3.0;6.0;1.0;;;;;;;;118.0;152.0;71.0;86.0;;;6.0;6.0;6.0;3.0;;[24];[1];[False];['Caroline Springs George Cross U23'];[0];[-1];['D'];['A'];0.27;0.0;0.73;0.53;0.0;0.47;189013.0;610642.0;avondale fc;caroline springs george cross fc;;;Youth
2026-05-02;193067302;Argentina Liga Profesional;Argentina;21:15;Full;-0.09696969696969698;1.925;1.5, 2.0;1.875;1.5, 2.0;7.0;5.0;;2.0;3.0;5.0;163.0;127.0;100.0;Platense;;0.0;1.0;3.3;0;0.0;0 - 2;2.875;Estudiantes LP;;0.0;1.0;2.5;0;2.0;0.0;7 - 5;2-3;1.75;0.75;70 - 57;33 - 28;28.0;33.0;44.0;56.0;5.0;5.0;1.0;6.0;;;;;;;;76.0;87.0;57.0;70.0;48.0;52.0;8.0;12.0;8.0;7.0;;[70 78];[2 2];[False False];['Estudiantes LP' 'Estudiantes LP'];[ 0 -1];[-1 -2];['D' 'A'];['A' 'A'];0.78;0.0;0.22;1.0;0.0;0.0;36837.0;3206.0;ca platense;estudiantes de la plata;;;
2026-05-02;192948079;USA USL Championship;USA;21:30;Full;0.10971786833855796;2.0;2.5;1.8;2.5;6.0;1.0;;3.0;0.0;3.0;173.0;120.0;100.0;San Antonio FC;;0.0;4.0;2.2;1;3.0;3 - 3;3.1;Colorado Switchbacks FC;;0.0;3.0;2.9;1;3.0;-0.25;6 - 1;3-0;2.5;1.0;58 - 62;16 - 36;36.0;16.0;51.0;49.0;4.0;0.0;2.0;2.0;;;;;;;;97.0;76.0;62.0;58.0;42.0;58.0;5.0;4.0;5.0;7.0;;[ 25  34  46  83  98 100];[1 1 2 2 2 2];[False False False False  True  True];"['Colorado Switchbacks FC' 'San Antonio FC' 'Colorado Switchbacks FC'
 'San Antonio FC' 'San Antonio FC' 'Colorado Switchbacks FC']";[ 0 -1  0 -1  0  1];[-1  0 -1  0  1  0];['D' 'A' 'D' 'A' 'D' 'H'];['A' 'D' 'A' 'D' 'H' 'D'];0.52;0.02;0.46;0.8;0.0;0.2;250005.0;206017.0;san antonio fc;colorado springs switchbacks fc;1.83;1.8;
2026-05-02;193830086;USA MLS Next Pro League;USA;21:30;Full;-0.1399787910922588;1.975;2.5, 3.0;1.825;2.5, 3.0;4.0;2.0;;2.0;1.0;3.0;240.0;146.0;100.0;North Texas SC;;0.0;2.0;2.875;0;0.0;0 - 2;3.6;Austin FC II;;0.0;3.0;2.05;2;2.0;+0.25;4 - 2;2-1;2.75;1.0;84 - 62;38 - 36;36.0;38.0;43.0;57.0;4.0;5.0;4.0;2.0;;;;;;;;113.0;127.0;62.0;84.0;46.0;54.0;7.0;9.0;7.0;2.0;;[ 9 46];[1 1];[False  True];['Austin FC II' 'Austin FC II'];[ 0 -1];[-1 -2];['D' 'A'];['A' 'A'];0.1;0.0;0.9;0.2;0.0;0.8;;772256.0;;austin fc;;;Youth
2026-05-02;193833779;USA USL League One;USA;21:30;Full;-0.10797342192691028;1.975;2.5;1.825;2.5;6.0;2.0;;4.0;1.0;5.0;143.0;57.0;100.0;Corpus Christi FC;;0.0;2.0;2.8;0;0.0;0 - 0;3.4;Spokane Velocity FC;;0.0;1.0;2.15;0;0.0;+0.25;6 - 2;4-1;2.5;1.0;27 - 30;23 - 18;18.0;23.0;66.0;34.0;1.0;4.0;1.0;1.0;;;;;;;;77.0;66.0;30.0;27.0;58.0;42.0;3.0;4.0;1.0;1.0;;[];[];[];[];[];[];[];[];1.0;0.0;0.0;1.0;0.0;0.0;;1092287.0;;spokane velocity fc;;;
2026-05-02;193201630;USA MLS;USA;21:30;Full;0.3617847858999628;1.9;3.0, 3.5;1.9;3.0, 3.5;10.0;1.0;;3.0;0.0;3.0;180.0;99.0;100.0;Chicago Fire;;0.0;1.0;1.667;2;2.0;2 - 3;4.333;FC Cincinnati;;1.0;3.0;4.2;2;3.0;-0.75;10 - 1;3-0;3.25;1.25;80 - 19;22 - 7;7.0;22.0;56.0;44.0;3.0;4.0;3.0;4.0;;;;;;;;72.0;108.0;19.0;80.0;45.0;55.0;5.0;22.0;4.0;9.0;;[16 24 28 31 97];[1 1 1 1 2];[False False False False  True];"['Chicago Fire' 'FC Cincinnati' 'Chicago Fire' 'FC Cincinnati'
 'FC Cincinnati']";[0 1 0 1 0];[ 1  0  1  0 -1];['D' 'H' 'D' 'H' 'D'];['H' 'D' 'H' 'D' 'A'];0.89;0.11;0.0;0.76;0.24;0.0;2505.0;245305.0;chicago fire;fc cincinnati;1.61;1.5;
2026-05-02;193872068;New Zealand Central League;New Zealand;21:30;Full;-0.16669161116515746;1.975;3.5, 4.0;1.825;3.5, 4.0;1.0;7.0;;1.0;3.0;4.0;176.0;108.0;100.0;FC Western;;0.0;1.0;2.8;0;0.0;0 - 5;4.333;Island Bay United;;0.0;2.0;1.909;5;5.0;+0.5;1 - 7;1-3;3.75;1.5;32 - 76;18 - 30;30.0;18.0;52.0;48.0;2.0;2.0;9.0;0.0;;;;;;;;112.0;64.0;76.0;32.0;56.0;44.0;3.0;3.0;10.0;0.0;;[ 6 20 28 35 39];[1 1 1 1 1];[False False False False False];"['Island Bay United' 'Island Bay United' 'Island Bay United'
 'Island Bay United' 'Island Bay United']";[ 0 -1 -2 -3 -4];[-1 -2 -3 -4 -5];['D' 'A' 'A' 'A' 'A'];['A' 'A' 'A' 'A' 'A'];0.07;0.0;0.93;0.13;0.0;0.87;;;;;;;
2026-05-02;193201634;USA MLS;USA;21:30;Full;0.24605669053023682;1.95;3.0;1.85;3.0;6.0;5.0;;1.0;2.0;3.0;173.0;102.0;100.0;Houston Dynamo;;0.0;3.0;1.909;0;1.0;1 - 0;3.9;Colorado Rapids;;0.0;3.0;3.6;0;0.0;-0.5;6 - 5;1-2;3.0;1.25;31 - 71;14 - 25;25.0;14.0;57.0;43.0;0.0;2.0;0.0;2.0;;;;;;;;124.0;49.0;71.0;31.0;60.0;40.0;2.0;3.0;2.0;5.0;;[72];[2];[False];['Houston Dynamo'];[0];[1];['D'];['H'];0.8;0.2;0.0;1.0;0.0;0.0;2508.0;2510.0;houston dynamo;colorado rapids;1.5;1.53;
2026-05-02;193881500;USA NWSL Women;USA;21:45;Full;0.08417508417508418;1.825;2.5;1.975;2.5;8.0;3.0;;5.0;1.0;6.0;206.0;142.0;100.0;Angel City FC (W);;1.0;2.0;2.2;0;0.0;0 - 1;3.4;Utah Royals (W);;0.0;3.0;2.7;1;1.0;-0.25;8 - 3;5-1;2.5;1.0;89 - 53;45 - 21;21.0;45.0;42.0;58.0;1.0;0.0;3.0;4.0;;;;;;;;96.0;110.0;53.0;89.0;50.0;50.0;1.0;2.0;4.0;5.0;;[32];[1];[False];['Utah Royals (W)'];[0];[-1];['D'];['A'];0.36;0.0;0.64;0.71;0.0;0.29;874721.0;417001.0;angel city fc;utah royals fc;1.8;1.8;Women
2026-05-02;193946613;Panama Liga de Futbol Nacional;Panama;22:00;Full;0.34346976758494446;1.975;3.0, 3.5;1.825;3.0, 3.5;8.0;2.0;;5.0;0.0;5.0;119.0;94.0;;Atletico Rio Abajo;;0.0;2.0;1.667;0;2.0;2 - 1;3.8;Olympic Colon FC;;0.0;3.0;3.9;1;1.0;-0.75;8 - 2;5-0;3.25;1.25;55 - 39;28 - 11;11.0;28.0;;;3.0;3.0;1.0;3.0;;;;;;;;65.0;54.0;39.0;55.0;;;4.0;5.0;2.0;6.0;;[20 63 74];[1 2 2];[False False False];['Olympic Colon FC' 'Atletico Rio Abajo' 'Atletico Rio Abajo'];[ 0 -1  0];[-1  0  1];['D' 'A' 'D'];['A' 'D' 'H'];0.34;0.18;0.48;0.44;0.0;0.56;;;;;;;
2026-05-02;193881449;USA USL Super League Women;USA;22:00;Full;-0.26276276276276267;1.875;2.5, 3.0;1.925;2.5, 3.0;4.0;3.0;;3.0;3.0;6.0;225.0;123.0;100.0;Spokane Zephyr (W);;0.0;1.0;3.6;0;0.0;0 - 0;3.4;Lexington SC (W);;0.0;3.0;1.85;0;0.0;+0.5;4 - 3;3-3;2.75;1.25;67 - 56;33 - 28;28.0;33.0;49.0;51.0;4.0;3.0;2.0;1.0;;;;;;;;104.0;121.0;56.0;67.0;49.0;51.0;7.0;7.0;3.0;1.0;;[];[];[];[];[];[];[];[];1.0;0.0;0.0;1.0;0.0;0.0;1166967.0;980885.0;spokane zephyr fc;lexington sc;1.61;1.61;Women
2026-05-02;193833783;USA USL League One;USA;22:00;Full;0.26777595926532094;1.85;2.5;1.95;2.5;7.0;5.0;;1.0;2.0;3.0;216.0;137.0;100.0;AC Boise;;0.0;1.0;1.833;2;2.0;2 - 1;3.4;Chattanooga Red Wolves;;0.0;2.0;3.6;0;1.0;-0.5;7 - 5;1-2;2.5;1.0;84 - 53;45 - 19;19.0;45.0;31.0;69.0;5.0;2.0;2.0;3.0;;;;;;;;86.0;130.0;53.0;84.0;39.0;61.0;8.0;10.0;4.0;4.0;;[ 3 37 57];[1 1 2];[False False False];['AC Boise' 'AC Boise' 'Chattanooga Red Wolves'];[0 1 2];[1 2 1];['D' 'H' 'H'];['H' 'H' 'H'];0.03;0.97;0.0;0.07;0.93;0.0;;;;;;;
2026-05-02;192943513;Peru Liga 1;Peru;22:00;Full;0.8362573099415205;1.975;3.0;1.825;3.0;1.0;0.0;;0.0;0.0;0.0;167.0;70.0;100.0;Alianza Lima;;0.0;2.0;1.125;1;2.0;2 - 1;7.5;Deportivo Moquegua;;0.0;2.0;19.0;0;1.0;-2.25;1 - 0;0-0;3.0;1.25;58 - 12;32 - 3;3.0;32.0;31.0;69.0;1.0;6.0;1.0;4.0;;;;;;;;64.0;103.0;12.0;58.0;34.0;66.0;5.0;9.0;2.0;7.0;;[36 76 80];[1 2 2];[False False False];['Alianza Lima' 'Alianza Lima' 'Deportivo Moquegua'];[0 1 2];[1 2 1];['D' 'H' 'H'];['H' 'H' 'H'];0.4;0.6;0.0;0.8;0.2;0.0;2311.0;1084092.0;alianza lima;cd moquegua;2.5;2.75;
2026-05-02;193856041;Australia Northern NSW Reserves League;Australia;22:00;Full;-0.41666666666666663;1.9;4.0;1.9;4.0;6.0;9.0;;4.0;5.0;9.0;196.0;157.0;;Kahibah FC Reserves;;0.0;0.0;4.0;0;2.0;2 - 2;5.0;Broadmeadow Magic Reserves;;0.0;2.0;1.5;1;2.0;+1.25;6 - 9;4-5;4.0;1.75;68 - 89;35 - 46;46.0;35.0;;;4.0;1.0;1.0;0.0;;;;;;;;108.0;88.0;89.0;68.0;;;7.0;1.0;2.0;2.0;;[19 59 60 67];[1 2 2 2];[False False False False];"['Broadmeadow Magic Reserves' 'Kahibah FC Reserves'
 'Broadmeadow Magic Reserves' 'Kahibah FC Reserves']";[ 0 -1  0 -1];[-1  0 -1  0];['D' 'A' 'D' 'A'];['A' 'D' 'A' 'D'];0.48;0.0;0.52;0.42;0.0;0.58;;;;;;;Youth
2026-05-02;193711638;Mexico Liga MX;Mexico;22:00;Full;0.2799320292836244;1.825;2.0, 2.5;1.975;2.0, 2.5;4.0;4.0;;4.0;1.0;5.0;194.0;82.0;100.0;Tigres UANL;;0.0;4.0;1.909;1;3.0;3 - 1;3.5;Chivas Guadalajara;;0.0;1.0;4.1;1;1.0;-0.5;4 - 4;4-1;2.25;1.0;49 - 33;31 - 5;5.0;31.0;30.0;70.0;2.0;3.0;1.0;6.0;;;;;;;;72.0;122.0;33.0;49.0;43.0;57.0;10.0;7.0;1.0;9.0;;[11 46 52 55];[1 1 2 2];[False  True False False];['Chivas Guadalajara' 'Tigres UANL' 'Tigres UANL' 'Tigres UANL'];[ 0 -1  0  1];[-1  0  1  2];['D' 'A' 'D' 'H'];['A' 'D' 'H' 'H'];0.19;0.42;0.39;0.24;0.0;0.76;1940.0;1938.0;tigres uanl;cd guadalajara;1.7;1.9;
2026-05-02;193891148;Curacao League;Curacao;22:15;Schedule;0.10582010582010581;2.0;2.5, 3.0;1.8;2.5, 3.0;1.0;1.0;;0.0;1.0;1.0;69.0;47.0;100.0;Scherpenheuvel;;0.0;2.0;2.1;0;0.0;0 - 1;3.75;Jong Holland;;0.0;1.0;2.7;1;1.0;-0.25 ( 0.0);1 - 1;0-1;2.75 ( 2);1;16 - 31;10 - 30;30.0;10.0;62.0;38.0;2.0;3.0;4.0;1.0;;;;;;;;43.0;26.0;31.0;16.0;58.0;42.0;2.0;3.0;4.0;1.0;;[33];[1];[False];['Jong Holland'];[0];[-1];['D'];['A'];0.37;0.0;0.63;0.73;0.0;0.27;;;;;;;
2026-05-02;193858160;Panama LPF;Panama;22:30;Full;0.31165311653116534;2.0;2.0, 2.5;1.8;2.0, 2.5;5.0;1.0;;4.0;1.0;5.0;147.0;106.0;100.0;Alianza FC Panama;;0.0;0.0;1.8;1;3.0;3 - 2;3.3;Sporting San Miguelito;;0.0;0.0;4.1;1;2.0;-0.5;5 - 1;4-1;2.25;0.75;56 - 50;25 - 23;23.0;25.0;51.0;49.0;2.0;4.0;2.0;5.0;;;;;;;;74.0;73.0;50.0;56.0;47.0;53.0;2.0;7.0;6.0;11.0;;[24 29 60 66 90];[1 1 2 2 2];[False False False False False];"['Sporting San Miguelito' 'Alianza FC Panama' 'Sporting San Miguelito'
 'Alianza FC Panama' 'Alianza FC Panama']";[ 0 -1  0 -1  0];[-1  0 -1  0  1];['D' 'A' 'D' 'A' 'D'];['A' 'D' 'A' 'D' 'H'];0.88;0.0;0.12;0.89;0.0;0.11;;;;;;;
2026-05-02;193883815;Japan Regional League;Japan;22:30;Full;-0.14285714285714285;1.95;2.5;1.85;2.5;3.0;4.0;;3.0;0.0;3.0;140.0;117.0;100.0;Wyvern FC;;0.0;1.0;3.0;0;0.0;0 - 0;3.2;Atletico Suzuka;;0.0;3.0;2.1;0;0.0;+0.25;3 - 4;3-0;2.5;1.0;60 - 57;30 - 22;22.0;30.0;53.0;47.0;2.0;3.0;2.0;1.0;;;;;;;;75.0;65.0;57.0;60.0;54.0;46.0;5.0;5.0;4.0;1.0;;[];[];[];[];[];[];[];[];1.0;0.0;0.0;1.0;0.0;0.0;;;;;;;
2026-05-02;193858158;Panama LPF;Panama;22:30;Full;0.02354788069073782;1.95;2.0, 2.5;1.85;2.0, 2.5;5.0;5.0;;4.0;0.0;4.0;260.0;132.0;100.0;UMECIT;;0.0;3.0;2.45;2;5.0;5 - 2;3.1;Tauro FC;;0.0;2.0;2.6;2;2.0;0.0;5 - 5;4-0;2.25;1.0;51 - 81;33 - 34;34.0;33.0;53.0;47.0;2.0;2.0;3.0;2.0;;;;;;;;145.0;115.0;81.0;51.0;62.0;38.0;4.0;2.0;5.0;6.0;;[ 3 13 15 29 50 59 74];[1 1 1 1 2 2 2];[False False False False False False False];['UMECIT' 'Tauro FC' 'Tauro FC' 'UMECIT' 'UMECIT' 'UMECIT' 'UMECIT'];[ 0  1  0 -1  0  1  2];[ 1  0 -1  0  1  2  3];['D' 'H' 'D' 'A' 'D' 'H' 'H'];['H' 'D' 'A' 'D' 'H' 'H' 'H'];0.29;0.56;0.16;0.47;0.22;0.31;;;;;;;
2026-05-02;193201636;USA MLS;USA;22:30;Full;0.0;1.85;3.0;1.95;3.0;2.0;3.0;;2.0;0.0;2.0;198.0;64.0;100.0;San Diego FC;;0.0;3.0;2.55;1;2.0;2 - 2;3.7;LAFC;;0.0;2.0;2.55;0;2.0;0.0;2 - 3;2-0;3.0;1.25;33 - 31;22 - 10;10.0;22.0;35.0;65.0;1.0;4.0;0.0;2.0;;;;;;;;79.0;119.0;31.0;33.0;43.0;57.0;7.0;5.0;3.0;3.0;;[  7  71  82 106];[1 2 2 2];[False False False  True];['San Diego FC' 'San Diego FC' 'LAFC' 'LAFC'];[0 1 2 1];[1 2 1 0];['D' 'H' 'H' 'H'];['H' 'H' 'H' 'D'];0.07;0.93;0.0;0.16;0.84;0.0;1217911.0;402227.0;san diego fc;los angeles fc;1.53;1.5;
2026-05-02;193821866;Panama LPF;Panama;22:30;Full;-0.17530487804878053;1.95;2.0, 2.5;1.85;2.0, 2.5;2.0;2.0;;1.0;2.0;3.0;189.0;91.0;100.0;CD Arabe Unido;;0.0;3.0;3.2;0;0.0;0 - 3;3.1;Plaza Amador;;0.0;3.0;2.05;0;3.0;+0.25;2 - 2;1-2;2.25;1.0;56 - 35;25 - 17;17.0;25.0;62.0;38.0;0.0;3.0;0.0;2.0;;;;;;;;84.0;105.0;35.0;56.0;59.0;41.0;0.0;9.0;4.0;4.0;;[61 72 87];[2 2 2];[False False False];['Plaza Amador' 'Plaza Amador' 'Plaza Amador'];[ 0 -1 -2];[-1 -2 -3];['D' 'A' 'A'];['A' 'A' 'A'];0.68;0.0;0.32;1.0;0.0;0.0;;;;;;;
2026-05-02;193832299;Japan Regional League;Japan;22:30;Full;-0.43009349858664936;1.875;3.0, 3.5;1.925;3.0, 3.5;2.0;6.0;;2.0;3.0;5.0;164.0;65.0;100.0;ENEOS Mizushima;;0.0;1.0;4.5;1;1.0;1 - 3;4.333;SRC Hiroshima;;0.0;1.0;1.533;1;3.0;+1.0;2 - 6;2-3;3.25;1.25;15 - 50;6 - 23;23.0;6.0;69.0;31.0;2.0;3.0;2.0;1.0;;;;;;;;97.0;67.0;50.0;15.0;62.0;38.0;4.0;3.0;9.0;1.0;;[17 43 61 93];[1 1 2 2];[False False False  True];['ENEOS Mizushima' 'SRC Hiroshima' 'SRC Hiroshima' 'SRC Hiroshima'];[ 0  1  0 -1];[ 1  0 -1 -2];['D' 'H' 'D' 'A'];['H' 'D' 'A' 'A'];0.38;0.28;0.34;0.42;0.58;0.0;;;;;;;
2026-05-02;193826576;Costa Rica Primera Division;Costa Rica;23:00;Full;0.08070432868672045;2.025;2.0, 2.5;1.775;2.0, 2.5;10.0;1.0;;1.0;1.0;2.0;215.0;123.0;100.0;Cartagines;3.0;0.0;4.0;2.35;0;0.0;0 - 1;2.9;Herediano;5.0;0.0;5.0;2.9;1;1.0;-0.25;10 - 1;1-1;2.25;0.75;94 - 29;36 - 12;12.0;36.0;50.0;50.0;1.0;3.0;1.0;5.0;;;;;;;;88.0;127.0;29.0;94.0;50.0;50.0;2.0;14.0;1.0;9.0;;[49];[1];[ True];['Herediano'];[0];[-1];['D'];['A'];0.54;0.0;0.46;1.0;0.0;0.0;7044.0;7045.0;cs cartagines;cs herediano;1.83;2.0;
2026-05-02;193936456;Panama Liga de Futbol Nacional;Panama;23:00;Full;0.6092307692307691;1.95;3.5, 4.0;1.85;3.5, 4.0;7.0;1.0;;5.0;0.0;5.0;170.0;126.0;100.0;AF Chilibre;;0.0;0.0;1.3;1;5.0;5 - 0;5.5;FC Cosmos;;0.0;2.0;6.25;0;0.0;-1.75;7 - 1;5-0;3.75;1.5;101 - 25;61 - 9;9.0;61.0;31.0;69.0;1.0;8.0;2.0;10.0;;;;;;;;69.0;101.0;25.0;101.0;34.0;66.0;3.0;11.0;5.0;23.0;;[42 48 52 67 90];[1 2 2 2 2];[False False False False False];['AF Chilibre' 'AF Chilibre' 'AF Chilibre' 'AF Chilibre' 'AF Chilibre'];[0 1 2 3 4];[1 2 3 4 5];['D' 'H' 'H' 'H' 'H'];['H' 'H' 'H' 'H' 'H'];0.47;0.53;0.0;0.93;0.07;0.0;;;;;;;
2026-05-02;192948084;USA USL Championship;USA;23:00;Full;0.3016512980187085;1.85;2.0;1.95;2.0;14.0;5.0;;6.0;4.0;10.0;178.0;109.0;100.0;Sacramento Republic;;0.0;3.0;1.833;0;3.0;3 - 2;3.0;Orange County SC;;0.0;1.0;4.1;1;2.0;-0.5;14 - 5;6-4;2.0;0.75;70 - 39;28 - 19;19.0;28.0;40.0;60.0;2.0;3.0;1.0;2.0;;;;;;;;90.0;88.0;39.0;70.0;40.0;60.0;5.0;7.0;4.0;6.0;;[22 57 73 88 95];[1 2 2 2 2];[False False False False  True];"['Orange County SC' 'Sacramento Republic' 'Orange County SC'
 'Sacramento Republic' 'Sacramento Republic']";[ 0 -1  0 -1  0];[-1  0 -1  0  1];['D' 'A' 'D' 'A' 'D'];['A' 'D' 'A' 'D' 'H'];0.47;0.0;0.53;0.49;0.0;0.51;153498.0;235850.0;sacramento republic fc;orange county sc;2.1;2.2;
2026-05-02;193825906;Japan Regional League;Japan;23:00;Full;0.6073304040295788;1.85;3.0, 3.5;1.95;3.0, 3.5;11.0;5.0;;4.0;2.0;6.0;155.0;89.0;100.0;Fukushima United FC II;;0.0;0.0;1.333;2;2.0;2 - 0;4.5;Oyama SC;;0.0;0.0;7.0;0;0.0;-1.5;11 - 5;4-2;3.25;1.25;45 - 44;21 - 23;23.0;21.0;50.0;50.0;3.0;4.0;1.0;3.0;;;;;;;;74.0;81.0;44.0;45.0;45.0;55.0;3.0;16.0;5.0;4.0;;[10 23];[1 1];[False False];['Fukushima United FC II' 'Fukushima United FC II'];[0 1];[1 2];['D' 'H'];['H' 'H'];0.11;0.89;0.0;0.22;0.78;0.0;;;;;;;Youth
2026-05-02;193825902;Japan Regional League;Japan;23:00;Full;-0.6823529411764706;1.95;3.5;1.85;3.5;2.0;2.0;;0.0;0.0;0.0;179.0;78.0;100.0;Tadotsu FC;;0.0;1.0;8.5;0;0.0;0 - 3;5.25;FC Tokushima;;0.0;1.0;1.25;3;3.0;+2.0;2 - 2;0-0;3.5;1.5;31 - 47;10 - 27;27.0;10.0;70.0;30.0;4.0;2.0;4.0;0.0;;;;;;;;100.0;79.0;47.0;31.0;60.0;40.0;8.0;4.0;4.0;1.0;;[26 27 43];[1 1 1];[False False False];['FC Tokushima' 'FC Tokushima' 'FC Tokushima'];[ 0 -1 -2];[-1 -2 -3];['D' 'A' 'A'];['A' 'A' 'A'];0.29;0.0;0.71;0.58;0.0;0.42;;;;;;;
2026-05-02;193883931;Japan Regional League;Japan;23:00;Full;0.06238859180035644;1.875;3.0;1.925;3.0;4.0;2.0;;1.0;2.0;3.0;200.0;100.0;100.0;KUFC Nankoku;;0.0;0.0;2.2;2;4.0;4 - 1;3.7;R Velho Takamatsu;;0.0;1.0;2.55;0;1.0;-0.25;4 - 2;1-2;3.0;1.25;56 - 44;27 - 19;19.0;27.0;58.0;42.0;2.0;7.0;1.0;2.0;;;;;;;;86.0;114.0;44.0;56.0;53.0;47.0;3.0;11.0;5.0;7.0;;[12 38 54 82 87];[1 1 2 2 2];[False False False False False];"['KUFC Nankoku' 'KUFC Nankoku' 'R Velho Takamatsu' 'KUFC Nankoku'
 'KUFC Nankoku']";[0 1 2 1 2];[1 2 1 2 3];['D' 'H' 'H' 'H' 'H'];['H' 'H' 'H' 'H' 'H'];0.13;0.87;0.0;0.27;0.73;0.0;;;;;;;
2026-05-02;193872077;New Zealand Southern League;New Zealand;23:00;Full;0.17600838135149288;1.925;3.5;1.875;3.5;8.0;4.0;;5.0;2.0;7.0;149.0;103.0;100.0;Nelson Suburbs;;0.0;0.0;1.909;0;1.0;1 - 4;4.1;Nomads United;;0.0;1.0;2.875;1;4.0;-0.5;8 - 4;5-2;3.5;1.5;67 - 36;34 - 17;17.0;34.0;43.0;57.0;1.0;6.0;2.0;4.0;;;;;;;;60.0;89.0;36.0;67.0;41.0;59.0;4.0;7.0;9.0;8.0;;[35 60 68 69 78];[1 2 2 2 2];[False False False False False];"['Nomads United' 'Nomads United' 'Nomads United' 'Nomads United'
 'Nelson Suburbs']";[ 0 -1 -2 -3 -4];[-1 -2 -3 -4 -3];['D' 'A' 'A' 'A' 'A'];['A' 'A' 'A' 'A' 'A'];0.39;0.0;0.61;0.78;0.0;0.22;;;;;;;
2026-05-02;193872074;New Zealand Southern League;New Zealand;23:00;Full;0.6540682414698162;1.875;4.0;1.925;4.0;10.0;5.0;;2.0;0.0;2.0;100.0;110.0;100.0;Cashmere Technical;;0.0;2.0;1.27;1;2.0;2 - 0;5.25;Christchurch United;;0.0;1.0;7.5;0;0.0;-2.0;10 - 5;2-0;4.0;1.75;70 - 40;33 - 17;17.0;33.0;45.0;55.0;0.0;4.0;2.0;3.0;;;;;;;;50.0;50.0;40.0;70.0;51.0;49.0;1.0;7.0;4.0;6.0;;[35 89];[1 2];[False False];['Cashmere Technical' 'Cashmere Technical'];[0 1];[1 2];['D' 'H'];['H' 'H'];0.39;0.61;0.0;0.78;0.22;0.0;;;;;;;
2026-05-02;193819974;Guatemala Primera Division;Guatemala;23:00;Full;0.45468509984639016;2.0;2.5;1.8;2.5;12.0;4.0;;4.0;3.0;7.0;215.0;163.0;;Nueva Santa Rosa CDF;;0.0;1.0;1.55;1;1.0;1 - 1;3.5;Deportivo San Pedro;;0.0;3.0;5.25;0;1.0;-0.75;12 - 4;4-3;2.5;1.0;91 - 72;40 - 28;28.0;40.0;;;4.0;3.0;4.0;4.0;;;;;;;;92.0;123.0;72.0;91.0;;;5.0;10.0;5.0;5.0;;[10 73];[1 2];[False False];['Nueva Santa Rosa CDF' 'Deportivo San Pedro'];[0 1];[1 0];['D' 'H'];['H' 'D'];0.3;0.7;0.0;0.22;0.78;0.0;;;;;;;
2026-05-02;193201639;USA MLS;USA;23:30;Full;-0.2891434806328423;1.825;3.0;1.975;3.0;1.0;2.0;;0.0;2.0;2.0;190.0;100.0;100.0;LA Galaxy;;0.0;5.0;3.9;0;1.0;1 - 1;4.1;Vancouver Whitecaps;;0.0;5.0;1.833;0;1.0;+0.5;1 - 2;0-2;3.0;1.25;21 - 79;9 - 26;26.0;9.0;54.0;46.0;9.0;2.0;2.0;1.0;;;;;;;;136.0;54.0;79.0;21.0;62.0;38.0;15.0;5.0;5.0;2.0;;[47 82];[2 2];[False False];['LA Galaxy' 'Vancouver Whitecaps'];[0 1];[1 0];['D' 'H'];['H' 'D'];0.61;0.39;0.0;1.0;0.0;0.0;2513.0;22010.0;los angeles galaxy;vancouver whitecaps fc;1.44;1.53;
2026-05-02;192948088;USA USL Championship;USA;23:30;Full;-0.00816326530612238;2.0;2.5;1.8;2.5;2.0;2.0;;0.0;1.0;1.0;268.0;121.0;100.0;Las Vegas Lights FC;;1.0;4.0;2.5;2;2.0;2 - 1;3.1;Lexington SC;;0.0;3.0;2.45;1;1.0;0.0;2 - 2;0-1;2.5;1.0;45 - 76;18 - 29;29.0;18.0;45.0;55.0;3.0;0.0;1.0;2.0;;;;;;;;139.0;129.0;76.0;45.0;54.0;46.0;9.0;4.0;4.0;3.0;;[ 6 11 38];[1 1 1];[False False False];['Lexington SC' 'Las Vegas Lights FC' 'Las Vegas Lights FC'];[ 0 -1  0];[-1  0  1];['D' 'A' 'D'];['A' 'D' 'H'];0.37;0.58;0.06;0.73;0.16;0.11;412157.0;980885.0;las vegas lights;lexington sc;1.8;1.8;
