Date;Match ID;League;country;Time;Status;Diff_Prob;OddAsianOverGoals_FT;AsianOverGoals_FT;OddAsianUnderGoals_FT;AsianUnderGoals_FT;corners_home;corners_away;corners_FT;corners_home_HT;corners_away_HT;Corners_HT;attack_FT;dangerous_attack_FT;possession_FT;Home;Home Pos;Home Red Cards;Home Yellow Cards;Odd_H_FT;Goals_H_HT;Goals_H_FT;Score;Odd_D_FT;Away;Away Pos;Away Red Cards;Away Yellow Cards;Odd_A_FT;Goals_A_HT;Goals_A_FT;Handicap;Corners (FT);Corners (HT);Total Goals Line (FT);Total Goals Line (HT);Dangerous Attacks (FT);Dangerous Attacks (HT);half_dangerous_attack_away;half_dangerous_attack_home;half_possession_away;half_possession_home;half_shoot_off_target_away;half_shoot_off_target_home;half_shoot_on_target_away;half_shoot_on_target_home;odds_lose_odds;odds_win_odds;odds_draw_odds;handicap_goal_over_line;handicap_goal_over_odds;handicap_goal_under_odds;handicap_goal_under_line;attack_away;attack_home;dangerous_attack_away;dangerous_attack_home;possession_away;possession_home;shoot_off_target_away;shoot_off_target_home;shoot_on_target_away;shoot_on_target_home;GoalMinutes;goal_minutes_real;goal_periods;is_extra_time;goal_scorers;goal_diff_before_list;goal_diff_after_list;period_result_before_list;period_result_after_list;pct_time_drawing;pct_time_home_winning;pct_time_away_winning;pct_time_drawing_HT;pct_time_home_winning_HT;pct_time_away_winning_HT;api_H_id;api_A_id;api_H_name;api_A_name;odd_yes_abertura;odd_yes_fechamento;category
2026-05-08;194094864;Mexico Liga MX Femenil;Mexico;00:00;Full;-0.35597758497081067;1.975;3.0, 3.5;1.825;3.0, 3.5;5.0;7.0;;5.0;5.0;10.0;192.0;140.0;100.0;Toluca (W);;0.0;0.0;4.1;1;1.0;1 - 7;3.7;Club America (W);;0.0;1.0;1.667;4;7.0;+0.75;5 - 7;5-5;3.25;1.25;68 - 72;36 - 43;43.0;36.0;52.0;48.0;8.0;1.0;7.0;3.0;;;;;;;;102.0;90.0;72.0;68.0;55.0;45.0;10.0;3.0;12.0;4.0;;[ 9 14 21 24 38 53 64 82];[1 1 1 1 1 2 2 2];[False False False False False False False False];"['Club America (W)' 'Club America (W)' 'Toluca (W)' 'Club America (W)'
 'Club America (W)' 'Club America (W)' 'Club America (W)'
 'Club America (W)']";[ 0 -1 -2 -1 -2 -3 -4 -5];[-1 -2 -1 -2 -3 -4 -5 -6];['D' 'A' 'A' 'A' 'A' 'A' 'A' 'A'];['A' 'A' 'A' 'A' 'A' 'A' 'A' 'A'];0.1;0.0;0.9;0.2;0.0;0.8;1931.0;340986.0;deportivo toluca fc;club america;1.44;1.53;Women
2026-05-08;194290823;Ethiopia Premier League Women;Ethiopia;04:00;Schedule;0.1014492753623189;2.0;2.0;1.8;2.0;0.0;0.0;;0.0;0.0;0.0;0.0;0.0;;Lideta Sub City (W);;0.0;0.0;2.3;0;0.0;0 - 0;3.0;Bahir Dar Kenema FC (W);;0.0;0.0;3.0;0;0.0;-0.25;0 - 0;0-0;2.0;0.75;-;nan;;;;;;;;;;;;;;;;0.0;0.0;0.0;0.0;;;0.0;0.0;0.0;0.0;;[];[];[];[];[];[];[];[];1.0;0.0;0.0;1.0;0.0;0.0;;;;;;;Women
2026-05-08;194112280;Australia New South Wales U20 League;Australia;04:30;Full;0.38653723742838964;1.85;3.5, 4.0;1.95;3.5, 4.0;10.0;2.0;;5.0;1.0;6.0;19.0;18.0;;Manly United U20;;0.0;3.0;1.571;1;3.0;3 - 2;4.333;University NSW U20;;0.0;4.0;4.0;0;2.0;-1.0;10 - 2;5-1;3.75;1.5;11 - 7;-;0.0;0.0;;;0.0;0.0;0.0;1.0;;;;;;;;7.0;12.0;7.0;11.0;;;0.0;2.0;5.0;6.0;;[ 4 84 86];[1 2 2];[False False False];['Manly United U20' 'University NSW U20' 'Manly United U20'];[0 1 0];[1 0 1];['D' 'H' 'D'];['H' 'D' 'H'];0.07;0.93;0.0;0.09;0.91;0.0;92208.0;319451.0;manly united fc;university of nsw;;;Youth
2026-05-08;194199275;Israel Youth League;Israel;04:30;Full;0.11255411255411252;1.825;2.5, 3.0;1.975;2.5, 3.0;7.0;8.0;;3.0;3.0;6.0;251.0;159.0;100.0;Hapoel Beer Sheva U19;;0.0;1.0;2.1;1;2.0;2 - 4;3.5;Maccabi Petah Tikva Asis David U19;;0.0;3.0;2.75;1;4.0;0.0;7 - 8;3-3;2.75;1.25;77 - 82;32 - 40;40.0;32.0;45.0;55.0;3.0;1.0;3.0;3.0;;;;;;;;116.0;135.0;82.0;77.0;45.0;55.0;7.0;3.0;10.0;6.0;;[ 5 11 52 60 71 90];[1 1 2 2 2 2];[False False False False False False];"['Maccabi Petah Tikva Asis David U19' 'Hapoel Beer Sheva U19'
 'Hapoel Beer Sheva U19' 'Maccabi Petah Tikva Asis David U19'
 'Maccabi Petah Tikva Asis David U19' 'Maccabi Petah Tikva Asis David U19']";[ 0 -1  0  1  0 -1];[-1  0  1  0 -1 -2];['D' 'A' 'D' 'H' 'D' 'A'];['A' 'D' 'H' 'D' 'A' 'A'];0.63;0.09;0.28;0.87;0.0;0.13;5202.0;;hapoel be`er sheva fc;;;;Youth
2026-05-08;194290825;Australia NSW League 1 U20;Australia;05:00;Full;0.6461538461538462;1.825;4.0, 4.5;1.975;4.0, 4.5;3.0;5.0;;0.0;4.0;4.0;131.0;73.0;;Prospect United U20;;0.0;2.0;1.25;1;2.0;2 - 1;6.5;Bankstown City Lions U20;;0.0;3.0;6.5;0;1.0;-2.0;3 - 5;0-4;4.25;1.75;32 - 41;15 - 18;18.0;15.0;;;4.0;3.0;0.0;1.0;;;;;;;;67.0;64.0;41.0;32.0;;;9.0;5.0;2.0;2.0;;[33 51 61];[1 2 2];[False False False];['Prospect United U20' 'Bankstown City Lions U20' 'Prospect United U20'];[0 1 0];[1 0 1];['D' 'H' 'D'];['H' 'D' 'H'];0.48;0.52;0.0;0.73;0.27;0.0;;;;;;;Youth
2026-05-08;194198932;Indonesia Championship;Indonesia;05:00;Full;0.0;1.95;2.5;1.85;2.5;6.0;4.0;;1.0;2.0;3.0;125.0;97.0;100.0;Persekat Kabupaten Tegal;;0.0;1.0;2.5;0;1.0;1 - 2;3.1;Persiba Balikpapan;;2.0;1.0;2.5;1;2.0;0.0;6 - 4;1-2;2.5;1.0;68 - 29;35 - 17;17.0;35.0;31.0;69.0;3.0;0.0;2.0;1.0;;;;;;;;57.0;68.0;29.0;68.0;29.0;71.0;4.0;4.0;6.0;5.0;;[18 68 70];[1 2 2];[False False False];['Persiba Balikpapan' 'Persekat Kabupaten Tegal' 'Persiba Balikpapan'];[ 0 -1  0];[-1  0 -1];['D' 'A' 'D'];['A' 'D' 'A'];0.22;0.0;0.78;0.4;0.0;0.6;;;;;;;
2026-05-08;194162433;Indonesia Championship;Indonesia;05:00;Full;0.45614035087719296;1.875;2.5, 3.0;1.925;2.5, 3.0;6.0;3.0;;2.0;3.0;5.0;158.0;109.0;100.0;Persipura Jayapura;;0.0;5.0;1.5;0;0.0;0 - 1;4.0;Adhyaksa Farmel FC;;0.0;1.0;4.75;1;1.0;-1.0;6 - 3;2-3;2.75;1.25;82 - 27;29 - 20;20.0;29.0;45.0;55.0;7.0;10.0;1.0;0.0;;;;;;;;50.0;108.0;27.0;82.0;38.0;62.0;9.0;30.0;1.0;0.0;;[46];[1];[ True];['Adhyaksa Farmel FC'];[0];[-1];['D'];['A'];0.51;0.0;0.49;1.0;0.0;0.0;;;;;;;
2026-05-08;194112869;Australia Northern NSW Reserves League;Australia;05:00;Full;0.6754734627075052;1.9;4.0, 4.5;1.9;4.0, 4.5;4.0;6.0;;4.0;3.0;7.0;182.0;100.0;;Cooks Hill United Reserves;;0.0;1.0;1.222;6;11.0;11 - 1;6.5;Kahibah FC Reserves;;0.0;3.0;7.0;0;1.0;-2.0;4 - 6;4-3;4.25;1.75;59 - 41;31 - 25;25.0;31.0;;;3.0;3.0;1.0;9.0;;;;;;;;80.0;102.0;41.0;59.0;;;4.0;10.0;4.0;18.0;;[ 1 21 25 35 42 45 48 58 65 82 86 90];[1 1 1 1 1 1 2 2 2 2 2 2];[False False False False False False False False False False False False];"['Cooks Hill United Reserves' 'Cooks Hill United Reserves'
 'Cooks Hill United Reserves' 'Cooks Hill United Reserves'
 'Cooks Hill United Reserves' 'Cooks Hill United Reserves'
 'Kahibah FC Reserves' 'Cooks Hill United Reserves'
 'Cooks Hill United Reserves' 'Cooks Hill United Reserves'
 'Cooks Hill United Reserves' 'Cooks Hill United Reserves']";[0 1 2 3 4 5 6 5 6 7 8 9];[ 1  2  3  4  5  6  5  6  7  8  9 10];['D' 'H' 'H' 'H' 'H' 'H' 'H' 'H' 'H' 'H' 'H' 'H'];['H' 'H' 'H' 'H' 'H' 'H' 'H' 'H' 'H' 'H' 'H' 'H'];0.01;0.99;0.0;0.02;0.98;0.0;;;;;;;Youth
2026-05-08;194132383;Australia NSW League 1 U20;Australia;05:00;Full;0.05454545454545451;1.9;3.0, 3.5;1.9;3.0, 3.5;6.0;2.0;;1.0;2.0;3.0;155.0;175.0;;Hurstville FC U20;;0.0;1.0;2.2;0;1.0;1 - 4;3.8;Blacktown Spartans U20;;0.0;2.0;2.5;2;4.0;0.0;6 - 2;1-2;3.25;1.25;83 - 92;35 - 57;57.0;35.0;;;5.0;3.0;5.0;2.0;;;;;;;;76.0;79.0;92.0;83.0;;;5.0;7.0;10.0;8.0;;[ 7 19 53 87 90];[1 1 2 2 2];[False False False False False];"['Blacktown Spartans U20' 'Blacktown Spartans U20' 'Hurstville FC U20'
 'Blacktown Spartans U20' 'Blacktown Spartans U20']";[ 0 -1 -2 -1 -2];[-1 -2 -1 -2 -3];['D' 'A' 'A' 'A' 'A'];['A' 'A' 'A' 'A' 'A'];0.08;0.0;0.92;0.16;0.0;0.84;;;;;;;Youth
2026-05-08;194280442;Australia NPL Victoria U23;Australia;05:15;Full;-0.05695301376364503;2.0;3.5, 4.0;1.8;3.5, 4.0;0.0;7.0;;0.0;4.0;4.0;167.0;138.0;;Preston Lions U23;;0.0;1.0;2.45;2;4.0;4 - 2;4.1;Dandenong City U23;;0.0;2.0;2.15;1;2.0;+0.25;0 - 7;0-4;3.75;1.5;71 - 67;39 - 41;41.0;39.0;;;4.0;4.0;5.0;5.0;;;;;;;;70.0;97.0;67.0;71.0;;;5.0;8.0;6.0;8.0;;[ 8 10 44 53 57 61];[1 1 1 2 2 2];[False False False False False False];"['Preston Lions U23' 'Dandenong City U23' 'Preston Lions U23'
 'Dandenong City U23' 'Preston Lions U23' 'Preston Lions U23']";[0 1 0 1 0 1];[1 0 1 0 1 2];['D' 'H' 'D' 'H' 'D' 'H'];['H' 'D' 'H' 'D' 'H' 'H'];0.51;0.49;0.0;0.93;0.07;0.0;364598.0;243494.0;preston lions fc;dandenong city sc;;;Youth
2026-05-08;194154302;Australia NPL Victoria U23;Australia;05:15;Full;0.75;2.0;3.5, 4.0;1.8;3.5, 4.0;7.0;1.0;;4.0;1.0;5.0;180.0;81.0;;Oakleigh Cannons U23;;0.0;3.0;1.2;1;3.0;3 - 2;6.25;Dandenong Thunder U23;;0.0;2.0;12.0;1;2.0;-2.25;7 - 1;4-1;3.75;1.5;61 - 20;36 - 11;11.0;36.0;;;1.0;5.0;5.0;9.0;;;;;;;;71.0;109.0;20.0;61.0;;;2.0;8.0;7.0;15.0;;[22 36 57 85 85];[1 1 2 2 2];[False False False False False];"['Oakleigh Cannons U23' 'Dandenong Thunder U23' 'Dandenong Thunder U23'
 'Oakleigh Cannons U23' 'Oakleigh Cannons U23']";[ 0  1  0 -1  0];[ 1  0 -1  0  1];['D' 'H' 'D' 'A' 'D'];['H' 'D' 'A' 'D' 'H'];0.48;0.21;0.31;0.69;0.31;0.0;92931.0;92923.0;oakleigh cannons;dandenong thunder;;;Youth
2026-05-08;194151667;Australia Victoria PL 1 U23;Australia;05:15;Full;-0.24786324786324787;1.95;3.5, 4.0;1.85;3.5, 4.0;5.0;5.0;;3.0;3.0;6.0;215.0;191.0;;Brunswick Juventus U23;;0.0;0.0;3.25;0;1.0;1 - 5;4.0;Northcote City U23;;0.0;2.0;1.8;1;5.0;+0.5;5 - 5;3-3;3.75;1.5;101 - 90;54 - 50;50.0;54.0;;;5.0;2.0;4.0;0.0;;;;;;;;90.0;125.0;90.0;101.0;;;7.0;3.0;9.0;2.0;;[36 49 54 80 88 91];[1 2 2 2 2 2];[False False False False False  True];"['Northcote City U23' 'Northcote City U23' 'Northcote City U23'
 'Brunswick Juventus U23' 'Northcote City U23' 'Northcote City U23']";[ 0 -1 -2 -3 -2 -3];[-1 -2 -3 -2 -3 -4];['D' 'A' 'A' 'A' 'A' 'A'];['A' 'A' 'A' 'A' 'A' 'A'];0.4;0.0;0.6;0.8;0.0;0.2;;;;;;;Youth
2026-05-08;194151669;Australia Victoria PL 1 U23;Australia;05:15;Full;0.17900688210111804;1.825;3.5;1.975;3.5;6.0;6.0;;1.0;1.0;2.0;272.0;153.0;;Eltham Redbacks U23;;0.0;1.0;1.909;2;3.0;3 - 2;4.0;Port Melbourne U23;;0.0;2.0;2.9;1;2.0;-0.5;6 - 6;1-1;3.5;1.5;89 - 64;35 - 25;25.0;35.0;;;2.0;1.0;2.0;4.0;;;;;;;;142.0;130.0;64.0;89.0;;;5.0;6.0;6.0;9.0;;[ 3 13 42 76 84];[1 1 1 2 2];[False False False False False];"['Port Melbourne U23' 'Eltham Redbacks U23' 'Eltham Redbacks U23'
 'Eltham Redbacks U23' 'Port Melbourne U23']";[ 0 -1  0  1  2];[-1  0  1  2  1];['D' 'A' 'D' 'H' 'H'];['A' 'D' 'H' 'H' 'H'];0.36;0.53;0.11;0.71;0.07;0.22;;;;;;;Youth
2026-05-08;194113602;Czechia 4. Liga;Czech Republic;05:15;Full;0.3801269810181332;1.85;3.0, 3.5;1.95;3.0, 3.5;6.0;2.0;;3.0;1.0;4.0;168.0;99.0;100.0;SK Ujezd Praha 4;;0.0;4.0;1.571;1;1.0;1 - 1;4.5;SK Rapid Psary;;0.0;1.0;3.9;0;1.0;-1.0;6 - 2;3-1;3.25;1.5;46 - 53;24 - 31;31.0;24.0;66.0;34.0;2.0;6.0;0.0;4.0;;;;;;;;96.0;72.0;53.0;46.0;58.0;42.0;3.0;10.0;1.0;5.0;;[20 58];[1 2];[False False];['SK Ujezd Praha 4' 'SK Rapid Psary'];[0 1];[1 0];['D' 'H'];['H' 'D'];0.58;0.42;0.0;0.44;0.56;0.0;;;;;;;
2026-05-08;194204057;Czechia 5. Liga;Czech Republic;05:30;Full;-0.3221022462174231;1.9;3.0;1.9;3.0;4.0;2.0;;1.0;1.0;2.0;238.0;109.0;;FC Zlicin;;0.0;2.0;3.6;0;0.0;0 - 1;4.2;Viktoria Zizkov B;;0.0;3.0;1.667;0;1.0;+0.75;4 - 2;1-1;3.0;1.25;52 - 57;21 - 34;34.0;21.0;;;4.0;1.0;1.0;2.0;;;;;;;;132.0;106.0;57.0;52.0;;;9.0;3.0;4.0;3.0;;[48];[2];[False];['Viktoria Zizkov B'];[0];[-1];['D'];['A'];0.53;0.0;0.47;1.0;0.0;0.0;;2211.0;;fk viktoria zizkov;;;Youth
2026-05-08;194136002;Indonesia Super League;Indonesia;05:30;Full;-0.14285714285714285;1.95;2.5, 3.0;1.85;2.5, 3.0;7.0;5.0;;2.0;3.0;5.0;172.0;89.0;100.0;Semen Padang;;0.0;1.0;3.0;0;0.0;0 - 3;3.4;Persik Kediri;;0.0;2.0;2.1;1;3.0;+0.5;7 - 5;2-3;2.75;1.25;44 - 45;18 - 27;27.0;18.0;51.0;49.0;0.0;0.0;1.0;0.0;;;;;;;;92.0;80.0;45.0;44.0;54.0;46.0;2.0;1.0;3.0;1.0;;[ 3 52 55];[1 2 2];[False False False];['Persik Kediri' 'Persik Kediri' 'Persik Kediri'];[ 0 -1 -2];[-1 -2 -3];['D' 'A' 'A'];['A' 'A' 'A'];0.03;0.0;0.97;0.07;0.0;0.93;;;;;;;
2026-05-08;194199280;Israel Youth League;Israel;05:30;Full;0.4229390681003584;1.85;3.0, 3.5;1.95;3.0, 3.5;10.0;1.0;;4.0;1.0;5.0;171.0;86.0;100.0;Maccabi Haifa Shmuel U19;;0.0;3.0;1.55;1;3.0;3 - 2;4.0;Hapoel Petah Tikva U19;;0.0;1.0;4.5;1;2.0;-1.0;10 - 1;4-1;3.25;1.25;54 - 32;15 - 17;17.0;15.0;56.0;44.0;2.0;0.0;2.0;3.0;;;;;;;;67.0;104.0;32.0;54.0;50.0;50.0;4.0;8.0;3.0;7.0;;[ 6 38 49 53 71];[1 1 2 2 2];[False False False False False];"['Hapoel Petah Tikva U19' 'Maccabi Haifa Shmuel U19'
 'Maccabi Haifa Shmuel U19' 'Maccabi Haifa Shmuel U19'
 'Hapoel Petah Tikva U19']";[ 0 -1  0  1  2];[-1  0  1  2  1];['D' 'A' 'D' 'H' 'H'];['A' 'D' 'H' 'H' 'H'];0.19;0.46;0.36;0.29;0.0;0.71;;;;;;;Youth
2026-05-08;194151283;Australia Queensland PL U23;Australia;05:30;Full;-0.5513196480938416;1.9;3.5, 4.0;1.9;3.5, 4.0;3.0;10.0;;2.0;5.0;7.0;86.0;85.0;;Redlands United U23;;0.0;0.0;5.5;2;2.0;2 - 5;5.0;Brisbane Strikers U23;;0.0;0.0;1.364;2;5.0;+1.5;3 - 10;2-5;3.75;1.5;35 - 50;19 - 24;24.0;19.0;;;3.0;2.0;3.0;3.0;;;;;;;;44.0;42.0;50.0;35.0;;;8.0;4.0;6.0;4.0;;[13 29 30 40 47 58 74];[1 1 1 1 2 2 2];[False False False False False False False];"['Brisbane Strikers U23' 'Brisbane Strikers U23' 'Redlands United U23'
 'Redlands United U23' 'Brisbane Strikers U23' 'Brisbane Strikers U23'
 'Brisbane Strikers U23']";[ 0 -1 -2 -1  0 -1 -2];[-1 -2 -1  0 -1 -2 -3];['D' 'A' 'A' 'A' 'D' 'A' 'A'];['A' 'A' 'A' 'D' 'A' 'A' 'A'];0.22;0.0;0.78;0.4;0.0;0.6;;;;;;;Youth
2026-05-08;194151705;Czechia Youth League;Czech Republic;05:30;Full;0.10318949343339595;1.925;3.5, 4.0;1.875;3.5, 4.0;6.0;7.0;;3.0;3.0;6.0;270.0;113.0;100.0;Viktoria Plzen U19;;0.0;4.0;2.05;2;2.0;2 - 3;4.0;Slavia Prague U19;;0.0;2.0;2.6;2;3.0;-0.25;6 - 7;3-3;3.75;1.5;59 - 54;28 - 20;20.0;28.0;38.0;62.0;1.0;1.0;3.0;3.0;;;;;;;;119.0;151.0;54.0;59.0;47.0;53.0;2.0;3.0;7.0;4.0;;[ 3 22 40 44 68];[1 1 1 1 2];[False False False False False];"['Slavia Prague U19' 'Viktoria Plzen U19' 'Slavia Prague U19'
 'Viktoria Plzen U19' 'Slavia Prague U19']";[ 0 -1  0 -1  0];[-1  0 -1  0 -1];['D' 'A' 'D' 'A' 'D'];['A' 'D' 'A' 'D' 'A'];0.5;0.0;0.5;0.49;0.0;0.51;4502.0;2216.0;fc viktoria plzen;slavia prague;;;Youth
2026-05-08;194298303;India Sikkim S-League;India;05:39;Full;0.2113344683080146;1.9;2.5;1.9;2.5;3.0;3.0;;0.0;2.0;2.0;194.0;76.0;100.0;Red Panda FC;;0.0;0.0;1.909;0;0.0;0 - 1;3.6;Siniolchu FC;;0.0;2.0;3.2;0;1.0;-0.5;3 - 3;0-2;2.5;1.0;35 - 41;12 - 17;17.0;12.0;51.0;49.0;1.0;1.0;1.0;0.0;;;;;;;;95.0;99.0;41.0;35.0;51.0;49.0;2.0;1.0;2.0;1.0;;[89];[2];[False];['Siniolchu FC'];[0];[-1];['D'];['A'];0.99;0.0;0.01;1.0;0.0;0.0;;;;;;;
2026-05-08;194136426;Australia SA Premier League Women;Australia;05:45;Full;0.6540682414698162;1.85;3.5, 4.0;1.95;3.5, 4.0;3.0;4.0;;2.0;2.0;4.0;192.0;169.0;100.0;Adelaide Comets (W);;0.0;1.0;1.27;1;3.0;3 - 1;5.25;MetroStars (W);;0.0;1.0;7.5;0;1.0;-1.75;3 - 4;2-2;3.75;1.5;88 - 81;47 - 42;42.0;47.0;42.0;58.0;2.0;3.0;0.0;4.0;;;;;;;;91.0;101.0;81.0;88.0;45.0;55.0;3.0;8.0;2.0;8.0;;[ 5 50 58 80];[1 2 2 2];[False False False False];"['Adelaide Comets (W)' 'Adelaide Comets (W)' 'MetroStars (W)'
 'Adelaide Comets (W)']";[0 1 2 1];[1 2 1 2];['D' 'H' 'H' 'H'];['H' 'H' 'H' 'H'];0.06;0.94;0.0;0.11;0.89;0.0;90870.0;90884.0;adelaide comets fc;north eastern metrostars sc;;;Women
2026-05-08;194136915;Australia SA Premier League Women Reserves;Australia;05:45;Full;0.7979675617470894;1.975;4.0, 4.5;1.825;4.0, 4.5;5.0;2.0;;1.0;1.0;2.0;258.0;144.0;;Campbelltown City Reserves (W);;0.0;1.0;1.143;0;0.0;0 - 1;7.5;Modbury Vista Reserves (W);;0.0;2.0;13.0;0;1.0;-2.5;5 - 2;1-1;4.25;1.75;60 - 84;34 - 37;37.0;34.0;;;3.0;0.0;2.0;0.0;;;;;;;;126.0;132.0;84.0;60.0;;;8.0;4.0;5.0;3.0;;[59];[2];[False];['Modbury Vista Reserves (W)'];[0];[-1];['D'];['A'];0.66;0.0;0.34;1.0;0.0;0.0;;;;;;;Youth-Women
2026-05-08;194112851;Australia NPL Queensland Women;Australia;06:00;Full;-0.5324675324675325;1.9;3.0;1.9;3.0;2.0;7.0;;1.0;3.0;4.0;247.0;129.0;100.0;Souths United NPL (W);;0.0;0.0;5.5;0;1.0;1 - 3;4.5;Brisbane Olympic FC (W);;0.0;1.0;1.4;1;3.0;+1.25;2 - 7;1-3;3.0;1.0;43 - 86;17 - 47;47.0;17.0;56.0;44.0;4.0;2.0;5.0;0.0;;;;;;;;139.0;108.0;86.0;43.0;59.0;41.0;5.0;5.0;7.0;3.0;;[16 46 59 71];[1 2 2 2];[False False False False];"['Brisbane Olympic FC (W)' 'Brisbane Olympic FC (W)'
 'Brisbane Olympic FC (W)' 'Souths United NPL (W)']";[ 0 -1 -2 -3];[-1 -2 -3 -2];['D' 'A' 'A' 'A'];['A' 'A' 'A' 'A'];0.18;0.0;0.82;0.36;0.0;0.64;;91928.0;;olympic fc brisbane;;;Women
2026-05-08;194135965;Vietnam V-League 2;Vietnam;06:00;Full;-0.06033717834960067;1.95;2.0;1.85;2.0;4.0;2.0;;2.0;1.0;3.0;112.0;61.0;100.0;Bac Ninh;2.0;0.0;3.0;2.875;0;2.0;2 - 1;2.8;Truong Tuoi Dong Nai;1.0;0.0;1.0;2.45;0;1.0;0.0;4 - 2;2-1;2.0;0.75;32 - 29;19 - 16;16.0;19.0;48.0;52.0;1.0;2.0;0.0;3.0;;;;;;;;52.0;60.0;29.0;32.0;51.0;49.0;2.0;6.0;4.0;7.0;;[70 88 92];[2 2 2];[False False  True];['Bac Ninh' 'Truong Tuoi Dong Nai' 'Bac Ninh'];[0 1 0];[1 0 1];['D' 'H' 'D'];['H' 'D' 'H'];0.8;0.2;0.0;1.0;0.0;0.0;;;;;;;
2026-05-08;193268978;Australia NPL Queensland;Australia;06:15;Full;-0.09523809523809523;2.0;3.5;1.8;3.5;5.0;6.0;;3.0;4.0;7.0;219.0;175.0;100.0;Brisbane City;;0.0;1.0;2.625;1;1.0;1 - 4;3.9;Peninsula Power;;0.0;0.0;2.1;1;4.0;+0.25;5 - 6;3-4;3.5;1.5;66 - 109;41 - 48;48.0;41.0;50.0;50.0;10.0;4.0;3.0;3.0;;;;;;;;111.0;108.0;109.0;66.0;50.0;50.0;17.0;7.0;7.0;5.0;;[10 43 71 80 82];[1 1 2 2 2];[False False False False False];"['Brisbane City' 'Peninsula Power' 'Peninsula Power' 'Peninsula Power'
 'Peninsula Power']";[ 0  1  0 -1 -2];[ 1  0 -1 -2 -3];['D' 'H' 'D' 'A' 'A'];['H' 'D' 'A' 'A' 'A'];0.42;0.37;0.21;0.27;0.73;0.0;91920.0;91144.0;brisbane city fc;peninsula power fc;1.4;1.36;
2026-05-08;194251935;Algeria Elite Championship Women;Algeria;06:25;Full;-0.9124869383490073;1.9;3.5;1.9;3.5;0.0;7.0;;0.0;4.0;4.0;118.0;112.0;;CEA Setif (W);;0.0;1.0;29.0;0;0.0;0 - 2;12.0;Afak Relizane (W);;0.0;3.0;1.056;1;2.0;+3.0;0 - 7;0-4;3.5;1.5;38 - 74;18 - 43;43.0;18.0;;;3.0;0.0;3.0;0.0;;;;;;;;45.0;73.0;74.0;38.0;;;5.0;0.0;5.0;1.0;;[36 65];[1 2];[False False];['Afak Relizane (W)' 'Afak Relizane (W)'];[ 0 -1];[-1 -2];['D' 'A'];['A' 'A'];0.4;0.0;0.6;0.8;0.0;0.2;;;;;;;Women
2026-05-08;193268651;Australia NPL Victoria;Australia;06:30;Full;0.20373514431239387;1.8;2.5, 3.0;2.0;2.5, 3.0;7.0;5.0;;6.0;0.0;6.0;257.0;168.0;100.0;St Albans Saints;;0.0;3.0;1.9;0;1.0;1 - 0;3.9;Green Gully;;0.0;2.0;3.1;0;0.0;-0.5;7 - 5;6-0;2.75;1.25;107 - 61;60 - 18;18.0;60.0;34.0;66.0;3.0;4.0;0.0;3.0;;;;;;;;101.0;156.0;61.0;107.0;37.0;63.0;3.0;9.0;0.0;4.0;;[48];[2];[False];['St Albans Saints'];[0];[1];['D'];['H'];0.53;0.47;0.0;1.0;0.0;0.0;163430.0;92925.0;st albans saints dinamo sc;green gully sc;1.53;1.61;
2026-05-08;194162429;India I-League 2nd Division;India;06:30;Full;0.06349206349206349;1.975;2.5, 3.0;1.825;2.5, 3.0;7.0;7.0;;2.0;4.0;6.0;236.0;163.0;;Neroca FC;9.0;0.0;3.0;2.25;2;2.0;2 - 2;3.4;Karbi Anglong Morning Star FC;5.0;0.0;1.0;2.625;1;2.0;0.0;7 - 7;2-4;2.75;1.0;87 - 76;42 - 37;37.0;42.0;;;4.0;4.0;1.0;3.0;;;;;;;;122.0;114.0;76.0;87.0;;;7.0;5.0;2.0;4.0;;[14 20 28 53];[1 1 1 2];[False False False False];"['Neroca FC' 'Neroca FC' 'Karbi Anglong Morning Star FC'
 'Karbi Anglong Morning Star FC']";[0 1 2 1];[1 2 1 0];['D' 'H' 'H' 'H'];['H' 'H' 'H' 'D'];0.57;0.43;0.0;0.31;0.69;0.0;;;;;;;
2026-05-08;193268648;Australia NPL Victoria;Australia;06:30;Full;0.7979797979797979;1.875;3.0, 3.5;1.925;3.0, 3.5;12.0;1.0;;9.0;0.0;9.0;167.0;109.0;100.0;Heidelberg Utd;;0.0;2.0;1.125;3;4.0;4 - 0;9.0;South Melbourne;;0.0;1.0;11.0;0;0.0;-2.25;12 - 1;9-0;3.25;1.5;87 - 22;51 - 11;11.0;51.0;50.0;50.0;0.0;3.0;0.0;5.0;;;;;;;;63.0;104.0;22.0;87.0;50.0;50.0;0.0;7.0;0.0;8.0;;[23 30 32 51];[1 1 1 2];[False False False False];['Heidelberg Utd' 'Heidelberg Utd' 'Heidelberg Utd' 'Heidelberg Utd'];[0 1 2 3];[1 2 3 4];['D' 'H' 'H' 'H'];['H' 'H' 'H' 'H'];0.26;0.74;0.0;0.51;0.49;0.0;142724.0;2944.0;heidelberg united fc;south melbourne fc;1.61;1.61;
2026-05-08;194271667;Australia NPL Victoria;Australia;06:30;Full;-0.1774193548387097;1.95;2.5;1.85;2.5;2.0;8.0;;0.0;4.0;4.0;106.0;84.0;100.0;Bentleigh Greens;;0.0;1.0;3.1;0;0.0;0 - 7;3.4;Melbourne City NPL;;0.0;0.0;2.0;6;7.0;+0.25;2 - 8;0-4;2.5;1.0;22 - 62;8 - 33;33.0;8.0;70.0;30.0;4.0;0.0;12.0;2.0;;;;;;;;67.0;39.0;62.0;22.0;70.0;30.0;5.0;0.0;14.0;3.0;;[ 8 11 27 30 39 45 57];[1 1 1 1 1 1 2];[False False False False False False False];"['Melbourne City NPL' 'Melbourne City NPL' 'Melbourne City NPL'
 'Melbourne City NPL' 'Melbourne City NPL' 'Melbourne City NPL'
 'Melbourne City NPL']";[ 0 -1 -2 -3 -4 -5 -6];[-1 -2 -3 -4 -5 -6 -7];['D' 'A' 'A' 'A' 'A' 'A' 'A'];['A' 'A' 'A' 'A' 'A' 'A' 'A'];0.09;0.0;0.91;0.18;0.0;0.82;92921.0;1320578.0;bentleigh greens;melbourne city fc 2;1.66;1.83;
2026-05-08;193268673;Australia NPL Victoria;Australia;06:30;Schedule;0.1679929266136163;1.925;3.0;1.875;3.0;0.0;0.0;;0.0;0.0;0.0;0.0;0.0;;Melbourne City NPL;;0.0;0.0;1.95;0;0.0;0 - 0;4.0;Bentleigh Greens;;0.0;0.0;2.9;0;0.0;-0.5;0 - 0;0-0;3.0;1.25;-;nan;;;;;;;;;;;;;;;;0.0;0.0;0.0;0.0;;;0.0;0.0;0.0;0.0;;[];[];[];[];[];[];[];[];1.0;0.0;0.0;1.0;0.0;0.0;1320578.0;92921.0;melbourne city fc 2;bentleigh greens;;;
2026-05-08;194110649;Australia Capital Territory Premier League;Australia;06:30;Schedule;-0.5874125874125873;1.9;4.0, 4.5;1.9;4.0, 4.5;0.0;0.0;;0.0;0.0;0.0;0.0;0.0;;Canberra Juventus;;0.0;0.0;5.5;0;0.0;0 - 0;6.0;Canberra Croatia FC;;0.0;0.0;1.3;0;0.0;+1.75;0 - 0;0-0;4.25;1.75;-;nan;;;;;;;;;;;;;;;;0.0;0.0;0.0;0.0;;;0.0;0.0;0.0;0.0;;[];[];[];[];[];[];[];[];1.0;0.0;0.0;1.0;0.0;0.0;;;;;;;
2026-05-08;194111541;Australia Victoria Premier League 1;Australia;06:30;Full;0.08403361344537807;1.975;3.5;1.825;3.5;5.0;7.0;;3.0;5.0;8.0;172.0;108.0;;Brunswick City;;0.0;3.0;2.1;0;1.0;1 - 1;3.9;North Sunshine Eagles;;0.0;5.0;2.55;1;1.0;-0.25;5 - 7;3-5;3.5;1.5;48 - 60;18 - 31;31.0;18.0;;;4.0;3.0;5.0;0.0;;;;;;;;86.0;86.0;60.0;48.0;;;9.0;9.0;10.0;3.0;;[10 95];[1 2];[False  True];['North Sunshine Eagles' 'Brunswick City'];[ 0 -1];[-1  0];['D' 'A'];['A' 'D'];0.11;0.0;0.89;0.22;0.0;0.78;;;;;;;
2026-05-08;194112854;Australia NPL Queensland Women;Australia;06:30;Full;-0.1172901921132457;1.975;2.5, 3.0;1.825;2.5, 3.0;3.0;5.0;;2.0;5.0;7.0;0.0;0.0;;Eastern Suburbs NPL (W);;0.0;1.0;2.875;1;1.0;1 - 0;3.4;Gold Coast Knights (W);;0.0;0.0;2.15;0;0.0;+0.25;3 - 5;2-5;2.75;1.0;-;-;0.0;0.0;;;0.0;0.0;0.0;1.0;;;;;;;;0.0;0.0;0.0;0.0;;;0.0;0.0;0.0;1.0;;[18];[1];[False];['Eastern Suburbs NPL (W)'];[0];[1];['D'];['H'];0.2;0.8;0.0;0.4;0.6;0.0;;391734.0;;gold coast knights;;;Women
2026-05-08;194151716;Australia NPL Victoria Women;Australia;06:30;Full;0.7280701754385965;1.9;3.0, 3.5;1.9;3.0, 3.5;6.0;0.0;;3.0;0.0;3.0;144.0;130.0;100.0;Box Hill (W);;0.0;0.0;1.2;2;2.0;2 - 0;6.0;Keilor Park (W);;0.0;0.0;9.5;0;0.0;-2.0;6 - 0;3-0;3.25;1.5;114 - 16;56 - 5;5.0;56.0;21.0;79.0;0.0;5.0;0.0;3.0;;;;;;;;43.0;101.0;16.0;114.0;21.0;79.0;0.0;9.0;0.0;3.0;;[ 2 20];[1 1];[False False];['Box Hill (W)' 'Box Hill (W)'];[0 1];[1 2];['D' 'H'];['H' 'H'];0.02;0.98;0.0;0.04;0.96;0.0;;;;;;;Women
2026-05-08;194132338;Australia New South Wales Premier League;Australia;06:30;Full;0.22328548644338114;1.825;2.5, 3.0;1.975;2.5, 3.0;3.0;9.0;;1.0;4.0;5.0;175.0;83.0;100.0;Manly Utd;;0.0;2.0;1.9;1;2.0;2 - 0;3.5;University NSW;;0.0;6.0;3.3;0;0.0;-0.5;3 - 9;1-4;2.75;1.25;30 - 53;12 - 25;25.0;12.0;54.0;46.0;3.0;0.0;1.0;1.0;;;;;;;;93.0;82.0;53.0;30.0;56.0;44.0;9.0;1.0;4.0;3.0;;[11 56];[1 2];[False False];['Manly Utd' 'Manly Utd'];[0 1];[1 2];['D' 'H'];['H' 'H'];0.12;0.88;0.0;0.24;0.76;0.0;92208.0;319451.0;manly united fc;university of nsw;1.61;1.61;
2026-05-08;194136640;Australia South Australia State League 1;Australia;06:30;Full;0.17948717948717957;1.95;3.0, 3.5;1.85;3.0, 3.5;6.0;6.0;;3.0;1.0;4.0;64.0;34.0;;Cumberland United;;0.0;3.0;1.95;0;0.0;0 - 2;3.8;Cove;;0.0;1.0;3.0;1;2.0;-0.5;6 - 6;3-1;3.25;1.25;16 - 18;7 - 7;7.0;7.0;;;2.0;2.0;1.0;3.0;;;;;;;;36.0;28.0;18.0;16.0;;;3.0;2.0;4.0;4.0;;[31 69];[1 2];[False False];['Cove' 'Cove'];[ 0 -1];[-1 -2];['D' 'A'];['A' 'A'];0.34;0.0;0.66;0.69;0.0;0.31;;;;;;;
2026-05-08;194204814;Bangladesh Premier League;Bangladesh;06:45;Full;-0.707219494453537;1.8;2.5, 3.0;2.0;2.5, 3.0;4.0;5.0;;1.0;3.0;4.0;147.0;131.0;100.0;PWD Sports Club;;0.0;2.0;9.0;0;0.0;0 - 2;5.25;Dhaka Abahani;;0.0;2.0;1.222;1;2.0;+1.75;4 - 5;1-3;2.75;1.25;60 - 71;28 - 37;37.0;28.0;48.0;52.0;5.0;2.0;3.0;1.0;;;;;;;;70.0;77.0;71.0;60.0;51.0;49.0;8.0;7.0;6.0;1.0;;[45 82];[1 2];[False False];['Dhaka Abahani' 'Dhaka Abahani'];[ 0 -1];[-1 -2];['D' 'A'];['A' 'A'];0.5;0.0;0.5;1.0;0.0;0.0;;;;;;;
2026-05-08;194252028;Bangladesh Premier League;Bangladesh;06:45;Full;-0.7183306055646481;1.825;3.0;1.975;3.0;1.0;4.0;;1.0;3.0;4.0;137.0;124.0;;Fakirapool Young Men's Club;;0.0;0.0;10.0;1;1.0;1 - 7;5.75;Fortis FC;;0.0;0.0;1.222;3;7.0;+1.75;1 - 4;1-3;3.0;1.25;56 - 68;33 - 40;40.0;33.0;;;4.0;5.0;5.0;2.0;;;;;;;;68.0;69.0;68.0;56.0;;;7.0;7.0;10.0;3.0;;[ 6 19 42 52 48 55 67 88];[1 1 1 1 2 2 2 2];[False False False  True False False False False];"['Fortis FC' ""Fakirapool Young Men's Club"" 'Fortis FC' 'Fortis FC'
 'Fortis FC' 'Fortis FC' 'Fortis FC' 'Fortis FC']";[ 0 -1  0 -1 -2 -3 -4 -5];[-1  0 -1 -2 -3 -4 -5 -6];['D' 'A' 'D' 'A' 'A' 'A' 'A' 'A'];['A' 'D' 'A' 'A' 'A' 'A' 'A' 'A'];0.32;0.0;0.68;0.56;0.0;0.44;;;;;;;
2026-05-08;194154208;Bangladesh Premier League;Bangladesh;06:45;Schedule;0.4848484848484848;1.9;2.5, 3.0;1.9;2.5, 3.0;2.0;3.0;;2.0;2.0;4.0;130.0;104.0;100.0;Bashundhara Kings;;0.0;3.0;1.5;1;1.0;1 - 1;4.0;Bangladesh Police Club;;1.0;2.0;5.5;0;1.0;-1.0 ( 0.0);2 - 3;2-2;2.75 ( 2.5);1.25;53 - 51;39 - 38;38.0;39.0;54.0;46.0;0.0;0.0;0.0;1.0;;;;;;;;65.0;65.0;51.0;53.0;52.0;48.0;0.0;0.0;1.0;1.0;;[35 53];[1 2];[False False];['Bashundhara Kings' 'Bangladesh Police Club'];[0 1];[1 0];['D' 'H'];['H' 'D'];0.8;0.2;0.0;0.78;0.22;0.0;;;;;;;
2026-05-08;194111549;Australia Victoria Premier League 2;Australia;06:45;Full;0.33182503770739064;1.95;2.5;1.85;2.5;5.0;1.0;;4.0;0.0;4.0;145.0;108.0;;Eastern Lions;10.0;1.0;0.0;1.7;0;0.0;0 - 2;3.75;Altona City;13.0;0.0;2.0;3.9;1;2.0;-0.75;5 - 1;4-0;2.5;1.0;56 - 52;30 - 23;23.0;30.0;;;0.0;3.0;2.0;2.0;;;;;;;;66.0;79.0;52.0;56.0;;;1.0;9.0;5.0;3.0;;[13 83];[1 2];[False False];['Altona City' 'Altona City'];[ 0 -1];[-1 -2];['D' 'A'];['A' 'A'];0.14;0.0;0.86;0.29;0.0;0.71;;;;;;;
2026-05-08;194111551;Australia Victoria Premier League 2;Australia;06:45;Full;-0.13636363636363635;1.95;3.5;1.85;3.5;5.0;9.0;;2.0;3.0;5.0;157.0;135.0;;Keilor Park;8.0;0.0;0.0;2.75;0;1.0;1 - 0;4.0;Essendon Royals;5.0;0.0;1.0;2.0;0;0.0;+0.25;5 - 9;2-3;3.5;1.5;56 - 79;23 - 38;38.0;23.0;;;1.0;2.0;0.0;2.0;;;;;;;;78.0;79.0;79.0;56.0;;;1.0;5.0;0.0;5.0;;[56];[2];[False];['Keilor Park'];[0];[1];['D'];['H'];0.62;0.38;0.0;1.0;0.0;0.0;;;;;;;
2026-05-08;194112856;Australia New South Wales League 2;Australia;07:00;Full;0.8055555555555555;1.85;4.5, 5.0;1.95;4.5, 5.0;5.0;3.0;;1.0;1.0;2.0;102.0;97.0;;Mounties Wanderers;;0.0;0.0;1.125;0;4.0;4 - 0;8.5;Hawkesbury City SC;;0.0;2.0;12.0;0;0.0;-2.75;5 - 3;1-1;4.75;2.0;67 - 30;29 - 14;14.0;29.0;;;4.0;3.0;1.0;2.0;;;;;;;;43.0;59.0;30.0;67.0;;;7.0;7.0;3.0;11.0;;[57 69 87 93];[2 2 2 2];[False False False  True];"['Mounties Wanderers' 'Mounties Wanderers' 'Mounties Wanderers'
 'Mounties Wanderers']";[0 1 2 3];[1 2 3 4];['D' 'H' 'H' 'H'];['H' 'H' 'H' 'H'];0.61;0.39;0.0;1.0;0.0;0.0;;;;;;;
2026-05-08;194112858;Australia New South Wales League 1;Australia;07:00;Full;-0.1679929266136163;1.975;3.0;1.825;3.0;3.0;3.0;;1.0;1.0;2.0;200.0;108.0;;Prospect United;;0.0;2.0;2.9;0;0.0;0 - 1;3.8;Bankstown City Lions FC;;0.0;3.0;1.95;1;1.0;+0.5;3 - 3;1-1;3.0;1.25;50 - 58;20 - 22;22.0;20.0;;;4.0;4.0;2.0;1.0;;;;;;;;99.0;101.0;58.0;50.0;;;11.0;10.0;4.0;2.0;;[4];[1];[False];['Bankstown City Lions FC'];[0];[-1];['D'];['A'];0.04;0.0;0.96;0.09;0.0;0.91;;;;;;;
2026-05-08;194163001;Poland III Liga;Poland;07:00;Full;0.6347478338147079;1.975;3.5, 4.0;1.825;3.5, 4.0;5.0;2.0;;4.0;1.0;5.0;183.0;93.0;100.0;Zaglebie Lubin II;;0.0;1.0;1.286;2;5.0;5 - 0;5.5;LZS Starowice Dolne;;0.0;1.0;7.0;0;0.0;-1.75;5 - 2;4-1;3.75;1.5;64 - 29;36 - 11;11.0;36.0;26.0;74.0;0.0;7.0;1.0;5.0;;;;;;;;59.0;124.0;29.0;64.0;33.0;67.0;6.0;8.0;4.0;11.0;;[ 6 12 47 57 68];[1 1 2 2 2];[False False False False False];"['Zaglebie Lubin II' 'Zaglebie Lubin II' 'Zaglebie Lubin II'
 'Zaglebie Lubin II' 'Zaglebie Lubin II']";[0 1 2 3 4];[1 2 3 4 5];['D' 'H' 'H' 'H' 'H'];['H' 'H' 'H' 'H' 'H'];0.07;0.93;0.0;0.13;0.87;0.0;3113.0;;zaglebie lubin;;;;Youth
2026-05-08;194110662;Australia New South Wales League 1;Australia;07:00;Full;-0.13066202090592338;1.925;3.0;1.875;3.0;2.0;6.0;;2.0;1.0;3.0;151.0;149.0;;Hurstville FC;;1.0;1.0;2.8;1;2.0;2 - 2;3.8;Blacktown Spartans;;0.0;2.0;2.05;0;2.0;+0.25;2 - 6;2-1;3.0;1.25;59 - 90;32 - 35;35.0;32.0;;;5.0;2.0;1.0;3.0;;;;;;;;78.0;73.0;90.0;59.0;;;6.0;5.0;4.0;4.0;;[42 51 65 69];[1 2 2 2];[False False False False];['Hurstville FC' 'Blacktown Spartans' 'Blacktown Spartans' 'Hurstville FC'];[ 0  1  0 -1];[ 1  0 -1  0];['D' 'H' 'D' 'A'];['H' 'D' 'A' 'D'];0.86;0.1;0.04;0.93;0.07;0.0;;;;;;;
2026-05-08;194254390;Ethiopia Premier League Women;Ethiopia;07:00;Schedule;0.6515837104072397;2.0;2.5, 3.0;1.8;2.5, 3.0;0.0;0.0;;0.0;0.0;0.0;0.0;0.0;;Sidama Bunna (W);;0.0;0.0;1.3;0;0.0;0 - 0;4.2;Arba Minch (W);;0.0;0.0;8.5;0;0.0;-1.5;0 - 0;0-0;2.75;1.0;-;nan;;;;;;;;;;;;;;;;0.0;0.0;0.0;0.0;;;0.0;0.0;0.0;0.0;;[];[];[];[];[];[];[];[];1.0;0.0;0.0;1.0;0.0;0.0;;;;;;;Women
2026-05-08;194112864;Australia Northern NSW Premier League Women;Australia;07:00;Full;-0.29411764705882354;1.925;4.0, 4.5;1.875;4.0, 4.5;3.0;5.0;;1.0;1.0;2.0;226.0;157.0;100.0;Adamstown Rosebud (W);;1.0;1.0;3.4;1;2.0;2 - 4;4.333;New Lambton FC (W);;0.0;1.0;1.7;3;4.0;+1.25;3 - 5;1-1;4.25;1.75;64 - 93;32 - 40;40.0;32.0;35.0;65.0;2.0;1.0;3.0;3.0;;;;;;;;112.0;114.0;93.0;64.0;45.0;55.0;6.0;3.0;5.0;5.0;;[ 4 34 37 41 91 93];[1 1 1 1 2 2];[False False False False  True  True];"['New Lambton FC (W)' 'Adamstown Rosebud (W)' 'New Lambton FC (W)'
 'New Lambton FC (W)' 'New Lambton FC (W)' 'Adamstown Rosebud (W)']";[ 0 -1  0 -1 -2 -3];[-1  0 -1 -2 -3 -2];['D' 'A' 'D' 'A' 'A' 'A'];['A' 'D' 'A' 'A' 'A' 'A'];0.08;0.0;0.92;0.16;0.0;0.84;;;;;;;Women
2026-05-08;194136638;Australia South Australia State League 1;Australia;07:00;Full;0.0841638981173865;1.875;3.0;1.925;3.0;4.0;7.0;;0.0;4.0;4.0;280.0;179.0;100.0;Adelaide Olympic;;0.0;2.0;2.15;1;2.0;2 - 0;3.75;Adelaide Cobras;;0.0;2.0;2.625;0;0.0;-0.25;4 - 7;0-4;3.0;1.25;91 - 88;39 - 50;50.0;39.0;45.0;55.0;2.0;1.0;2.0;1.0;;;;;;;;140.0;140.0;88.0;91.0;47.0;53.0;3.0;5.0;2.0;2.0;;[40 80];[1 2];[False False];['Adelaide Olympic' 'Adelaide Olympic'];[0 1];[1 2];['D' 'H'];['H' 'H'];0.44;0.56;0.0;0.89;0.11;0.0;;;;;;;
2026-05-08;194256678;Vietnam V-League 2;Vietnam;07:00;Full;-0.09090909090909088;1.875;2.5;1.925;2.5;3.0;7.0;;2.0;2.0;4.0;58.0;46.0;100.0;Cong An HCMC II;;0.0;0.0;2.75;0;2.0;2 - 3;3.3;Quy Nhon United;;0.0;1.0;2.2;2;3.0;+0.25;3 - 7;2-2;2.5;1.0;19 - 27;19 - 27;27.0;19.0;57.0;43.0;2.0;3.0;4.0;0.0;;;;;;;;31.0;27.0;27.0;19.0;57.0;43.0;2.0;3.0;5.0;2.0;;[23 42 62 67 94];[1 1 2 2 2];[False False False False  True];"['Quy Nhon United' 'Quy Nhon United' 'Cong An HCMC II' 'Cong An HCMC II'
 'Quy Nhon United']";[ 0 -1 -2 -1  0];[-1 -2 -1  0 -1];['D' 'A' 'A' 'A' 'D'];['A' 'A' 'A' 'D' 'A'];0.53;0.0;0.47;0.51;0.0;0.49;33120.0;;cong an tp ho chi minh city fc;;;;Youth
2026-05-08;194112860;Australia New South Wales League 2;Australia;07:00;Schedule;0.026619343389529815;1.775;2.5, 3.0;2.025;2.5, 3.0;2.0;0.0;;1.0;0.0;1.0;161.0;81.0;;Nepean FC;;0.0;4.0;2.3;0;0.0;0 - 3;3.6;Central Coast United FC;;0.0;2.0;2.45;0;3.0;0.0 ( 0.0);2 - 0;1-0;2.75 ( 3.5);1.25;38 - 43;20 - 26;26.0;20.0;;;2.0;3.0;3.0;2.0;;;;;;;;77.0;84.0;43.0;38.0;;;3.0;5.0;7.0;5.0;;[62 77 87];[2 2 2];[False False False];"['Central Coast United FC' 'Central Coast United FC'
 'Central Coast United FC']";[ 0 -1 -2];[-1 -2 -3];['D' 'A' 'A'];['A' 'A' 'A'];0.69;0.0;0.31;1.0;0.0;0.0;;;;;;;
2026-05-08;194112862;Australia Northern NSW Premier League;Australia;07:00;Full;0.17900688210111804;1.95;3.5, 4.0;1.85;3.5, 4.0;9.0;5.0;;6.0;3.0;9.0;187.0;119.0;100.0;Cooks Hill United;;0.0;1.0;1.909;1;3.0;3 - 0;4.1;Kahibah FC;;1.0;2.0;2.9;0;0.0;-0.5;9 - 5;6-3;3.75;1.5;70 - 49;40 - 27;27.0;40.0;38.0;62.0;3.0;5.0;0.0;4.0;;;;;;;;81.0;106.0;49.0;70.0;42.0;58.0;4.0;6.0;2.0;10.0;;[ 4 51 79];[1 2 2];[False False False];['Cooks Hill United' 'Cooks Hill United' 'Cooks Hill United'];[0 1 2];[1 2 3];['D' 'H' 'H'];['H' 'H' 'H'];0.04;0.96;0.0;0.09;0.91;0.0;;;;;;;
2026-05-08;194136642;Australia South Australia State League 1;Australia;07:15;Schedule;-0.4215287371947474;1.975;3.5;1.825;3.5;3.0;7.0;;2.0;3.0;5.0;177.0;191.0;100.0;Eastern United;;0.0;0.0;4.333;0;0.0;0 - 0;4.333;Fulham United FC;;0.0;0.0;1.533;0;0.0;+1.0 (+0.25);3 - 7;2-3;3.5 ( 0.5);1.5;78 - 93;46 - 49;49.0;46.0;50.0;50.0;2.0;2.0;1.0;4.0;;;;;;;;90.0;87.0;108.0;83.0;53.0;47.0;4.0;3.0;1.0;4.0;;[];[];[];[];[];[];[];[];1.0;0.0;0.0;1.0;0.0;0.0;;;;;;;
2026-05-08;193268653;Australia NPL Victoria;Australia;07:15;Schedule;0.5224071702944943;1.875;3.0;1.925;3.0;9.0;5.0;;2.0;4.0;6.0;193.0;116.0;100.0;Oakleigh Cannons;;0.0;0.0;1.42;0;0.0;0 - 0;4.333;Dandenong Thunder;;0.0;0.0;5.5;0;0.0;-1.25 (-0.25);9 - 5;2-4;3.0 ( 0.5);1.25;66 - 40;31 - 23;23.0;31.0;58.0;42.0;2.0;3.0;1.0;3.0;;;;;;;;95.0;98.0;45.0;71.0;56.0;44.0;3.0;5.0;2.0;8.0;;[94 95];[2 2];[ True  True];['Oakleigh Cannons' 'Oakleigh Cannons'];[0 1];[1 2];['D' 'H'];['H' 'H'];0.99;0.01;0.0;1.0;0.0;0.0;92931.0;92923.0;oakleigh cannons;dandenong thunder;1.61;1.72;
2026-05-08;194136541;Australia South Australia Premier League;Australia;07:30;Schedule;-0.09157509157509158;1.8;3.0, 3.5;2.0;3.0, 3.5;11.0;2.0;;6.0;0.0;6.0;180.0;150.0;100.0;West Torrens Birkalla;;0.0;2.0;2.6;0;1.0;1 - 2;4.0;Playford;;0.0;2.0;2.1;2;2.0;+0.25 ( 0.0);11 - 2;6-0;3.25 ( 4);1.5;76 - 57;43 - 34;34.0;43.0;42.0;58.0;1.0;2.0;2.0;1.0;;;;;;;;85.0;95.0;69.0;81.0;38.0;62.0;5.0;6.0;4.0;6.0;;[17 29 68];[1 1 2];[False False False];['Playford' 'Playford' 'West Torrens Birkalla'];[ 0 -1 -2];[-1 -2 -1];['D' 'A' 'A'];['A' 'A' 'A'];0.19;0.0;0.81;0.38;0.0;0.62;90890.0;424591.0;west torrens birkalla;playford city;1.4;1.4;
2026-05-08;194151606;Australia Queensland Premier League 3;Australia;07:30;Schedule;0.42857142857142855;1.925;4.0, 4.5;1.875;4.0, 4.5;8.0;0.0;;5.0;0.0;5.0;79.0;82.0;;AC Carina;;0.0;3.0;1.5;2;3.0;3 - 1;4.75;Mount Gravatt Hawks;;0.0;4.0;4.2;1;1.0;-1.25 (-0.25);8 - 0;5-0;4.25 (4.75);1.75;46 - 22;29 - 14;14.0;29.0;;;2.0;6.0;4.0;8.0;;;;;;;;38.0;41.0;26.0;56.0;;;2.0;6.0;7.0;18.0;;[12 35 37 51 79];[1 1 1 2 2];[False False False False False];"['Mount Gravatt Hawks' 'AC Carina' 'AC Carina' 'AC Carina'
 'Mount Gravatt Hawks']";[ 0 -1  0  1  2];[-1  0  1  2  1];['D' 'A' 'D' 'H' 'H'];['A' 'D' 'H' 'H' 'H'];0.16;0.59;0.26;0.31;0.18;0.51;;;;;;;
2026-05-08;194162425;India I-League 2nd Division;India;07:30;Schedule;0.050682261208576995;2.0;2.0, 2.5;1.8;2.0, 2.5;4.0;3.0;;3.0;2.0;5.0;259.0;160.0;;FC Bengaluru United;;0.0;1.0;2.375;1;2.0;2 - 0;3.1;Sporting Clube de Goa;;1.0;1.0;2.7;0;0.0;0.0 (-0.25);4 - 3;3-2;2.25 (2.75);0.75;58 - 81;39 - 55;55.0;39.0;;;3.0;5.0;3.0;1.0;;;;;;;;153.0;106.0;91.0;69.0;;;7.0;9.0;3.0;3.0;;[23 64];[1 2];[False False];['FC Bengaluru United' 'FC Bengaluru United'];[0 1];[1 2];['D' 'H'];['H' 'H'];0.26;0.74;0.0;0.51;0.49;0.0;;;;;;;
2026-05-08;194159686;Australia NPL Victoria Women;Australia;07:30;Schedule;-0.6442716433385174;1.975;3.0, 3.5;1.825;3.0, 3.5;3.0;3.0;;3.0;3.0;6.0;101.0;112.0;100.0;Spring Hills FC (W);;0.0;0.0;7.5;0;0.0;0 - 1;5.0;Bulleen Lions (W);;0.0;1.0;1.286;0;1.0;+1.5 ( +0.5);3 - 3;3-3;3.25 (1.75);1.5;33 - 65;21 - 46;46.0;21.0;53.0;47.0;8.0;3.0;3.0;0.0;;;;;;;;52.0;49.0;78.0;34.0;57.0;43.0;9.0;4.0;8.0;1.0;;[48];[2];[False];['Bulleen Lions (W)'];[0];[-1];['D'];['A'];0.53;0.0;0.47;1.0;0.0;0.0;;;;;;;Women
2026-05-08;194148368;Australia Queensland Premier League;Australia;07:30;Schedule;-0.30126101782152737;1.925;3.0, 3.5;1.875;3.0, 3.5;1.0;2.0;;1.0;1.0;2.0;85.0;76.0;100.0;Redlands United;7.0;0.0;2.0;3.6;0;0.0;0 - 1;3.8;Brisbane Strikers;2.0;1.0;1.0;1.727;0;1.0;+0.75 (-0.25);1 - 2;1-1;3.25 (1.75);1.5;28 - 37;15 - 28;28.0;15.0;75.0;25.0;2.0;4.0;2.0;0.0;;;;;;;;41.0;44.0;44.0;32.0;64.0;36.0;5.0;5.0;4.0;1.0;;[49];[2];[False];['Brisbane Strikers'];[0];[-1];['D'];['A'];0.54;0.0;0.46;1.0;0.0;0.0;;;;;;;
2026-05-08;194115762;Australia Victoria Premier League 2;Australia;07:30;Schedule;0.05228758169934633;1.8;3.0;2.0;3.0;5.0;6.0;;3.0;5.0;8.0;125.0;89.0;;Springvale White Eagles;11.0;0.0;0.0;2.25;0;1.0;1 - 0;3.6;Werribee City;7.0;1.0;2.0;2.55;0;0.0;0.0 (-0.25);5 - 6;3-5;3.0 (1.75);1.25;49 - 29;30 - 21;21.0;30.0;;;0.0;2.0;1.0;1.0;;;;;;;;48.0;77.0;36.0;53.0;;;1.0;3.0;3.0;3.0;;[69];[2];[False];['Springvale White Eagles'];[0];[1];['D'];['H'];0.77;0.23;0.0;1.0;0.0;0.0;;;;;;;
2026-05-08;194111544;Australia Victoria Premier League 1;Australia;07:30;Schedule;-0.026619343389529815;1.925;3.0, 3.5;1.875;3.0, 3.5;3.0;5.0;;2.0;5.0;7.0;209.0;148.0;;Brunswick Juventus;;0.0;2.0;2.45;0;0.0;0 - 0;3.8;Northcote City;;0.0;1.0;2.3;0;0.0;0.0 ( 0.0);3 - 5;2-5;3.25 (0.75);1.25;68 - 60;55 - 38;38.0;55.0;;;1.0;2.0;1.0;0.0;;;;;;;;96.0;113.0;64.0;84.0;;;2.0;4.0;1.0;0.0;;[];[];[];[];[];[];[];[];1.0;0.0;0.0;1.0;0.0;0.0;;;;;;;
2026-05-08;194111547;Australia Victoria Premier League 1;Australia;07:30;Schedule;0.5513196480938416;1.9;3.0, 3.5;1.9;3.0, 3.5;3.0;1.0;;3.0;1.0;4.0;264.0;156.0;;Eltham Redbacks;;0.0;0.0;1.364;5;6.0;6 - 0;4.75;Port Melbourne SC;;0.0;2.0;5.5;0;0.0;-1.5 ( -0.5);3 - 1;3-1;3.25 ( 7);1.25;92 - 43;66 - 27;27.0;66.0;;;1.0;7.0;1.0;9.0;;;;;;;;135.0;129.0;49.0;107.0;;;2.0;9.0;2.0;13.0;;[12 21 25 31 41 46 73];[1 1 1 1 1 2 2];[False False False False False False False];"['Eltham Redbacks' 'Eltham Redbacks' 'Eltham Redbacks' 'Eltham Redbacks'
 'Eltham Redbacks' 'Eltham Redbacks' 'Eltham Redbacks']";[0 1 2 3 4 5 6];[1 2 3 4 5 6 7];['D' 'H' 'H' 'H' 'H' 'H' 'H'];['H' 'H' 'H' 'H' 'H' 'H' 'H'];0.13;0.87;0.0;0.27;0.73;0.0;;;;;;;
2026-05-08;193268655;Australia NPL Victoria;Australia;07:30;Schedule;0.3752926074152383;1.8;2.5;2.0;2.5;4.0;3.0;;4.0;3.0;7.0;170.0;102.0;100.0;Preston Lions;;0.0;0.0;1.615;1;1.0;1 - 0;3.9;Dandenong City;;0.0;0.0;4.1;0;0.0;-0.75 (-0.25);4 - 3;4-3;2.5 (1.75);1.25;45 - 42;28 - 22;22.0;28.0;39.0;61.0;2.0;4.0;1.0;4.0;;;;;;;;73.0;97.0;46.0;56.0;40.0;60.0;4.0;4.0;2.0;10.0;;[19];[1];[False];['Preston Lions'];[0];[1];['D'];['H'];0.21;0.79;0.0;0.42;0.58;0.0;364598.0;243494.0;preston lions fc;dandenong city sc;1.66;1.8;
2026-05-08;194113557;Australia Western Australia State League 1;Australia;08:00;Half;0.6025641025641025;1.825;3.5;1.975;3.5;1.0;1.0;;1.0;1.0;2.0;69.0;41.0;;Floreat Athena;3.0;0.0;0.0;1.3;3;3.0;3 - 1;5.5;Subiaco AFC;12.0;0.0;0.0;6.0;1;1.0;-1.75 ( -0.5);1 - 1;1-1;3.5 (6.25);1.5;21 - 16;21 - 16;16.0;21.0;;;1.0;5.0;1.0;3.0;;;;;;;;39.0;30.0;17.0;24.0;;;1.0;7.0;1.0;3.0;;[ 9 15 25 27];[1 1 1 1];[False False False False];['Floreat Athena' 'Floreat Athena' 'Floreat Athena' 'Subiaco AFC'];[0 1 2 3];[1 2 3 2];['D' 'H' 'H' 'H'];['H' 'H' 'H' 'H'];0.1;0.9;0.0;0.2;0.8;0.0;;;;;;;
2026-05-08;194204645;Seychelles Premier League;Seychelles;08:00;Half;-0.6571428571428573;1.8;3.5;2.0;3.5;0.0;3.0;;0.0;3.0;3.0;128.0;76.0;;Revengers FC;;0.0;0.0;7.0;1;1.0;1 - 1;6.0;Anse Reunion FC;;0.0;2.0;1.25;1;1.0;+2.0 (+1.75);0 - 3;0-3;3.5 (4.25);1.5;20 - 56;20 - 56;56.0;20.0;;;5.0;1.0;3.0;2.0;;;;;;;;81.0;47.0;56.0;20.0;;;5.0;1.0;3.0;2.0;;[19 47];[1 1];[False  True];['Anse Reunion FC' 'Revengers FC'];[ 0 -1];[-1  0];['D' 'A'];['A' 'D'];0.69;0.0;0.31;0.4;0.0;0.6;;;;;;;
2026-05-08;194136432;Australia SA Premier League Women;Australia;08:00;Half;0.5579710144927538;1.825;3.5, 4.0;1.975;3.5, 4.0;2.0;2.0;;2.0;2.0;4.0;117.0;64.0;100.0;Campbelltown City (W);;0.0;0.0;1.38;2;2.0;2 - 2;4.5;Modbury Vista (W);;0.0;0.0;6.0;2;2.0;-1.25 (-0.75);2 - 2;2-2;3.75 ( 6);1.5;29 - 35;29 - 35;35.0;29.0;48.0;52.0;4.0;5.0;3.0;6.0;;;;;;;;73.0;44.0;35.0;29.0;48.0;52.0;4.0;5.0;3.0;6.0;;[ 5 29 40 42];[1 1 1 1];[False False False False];"['Campbelltown City (W)' 'Modbury Vista (W)' 'Modbury Vista (W)'
 'Campbelltown City (W)']";[ 0  1  0 -1];[ 1  0 -1  0];['D' 'H' 'D' 'A'];['H' 'D' 'A' 'D'];0.71;0.27;0.02;0.42;0.53;0.04;90874.0;;campbelltown city sc;;;;Women
2026-05-08;194135963;Vietnam V-League;Vietnam;08:00;Half;0.16522423288749022;1.85;2.5, 3.0;1.95;2.5, 3.0;3.0;0.0;;3.0;0.0;3.0;20.0;46.0;100.0;Da Nang;;0.0;1.0;2.05;2;2.0;2 - 0;3.2;Becamex HCMC;;0.0;2.0;3.1;0;0.0;-0.25 ( 0.0);3 - 0;3-0;2.75 ( 3.5);1.0;24 - 20;24 - 20;20.0;24.0;60.0;40.0;4.0;0.0;0.0;6.0;;;;;;;;13.0;7.0;21.0;25.0;60.0;40.0;4.0;0.0;0.0;6.0;;[27 48];[1 1];[False  True];['Da Nang' 'Da Nang'];[0 1];[1 2];['D' 'H'];['H' 'H'];0.3;0.7;0.0;0.56;0.44;0.0;33121.0;33119.0;shb da nang;becamex ho chi minh city;1.66;1.57;
2026-05-08;194136538;Australia South Australia Premier League;Australia;08:00;Half;-0.23305373704309873;1.8;3.0;2.0;3.0;0.0;4.0;;0.0;4.0;4.0;78.0;73.0;100.0;Adelaide Comets;;0.0;1.0;3.2;1;1.0;1 - 1;3.9;Sturt Lions;;0.0;0.0;1.833;1;1.0;+0.25 (+0.25);0 - 4;0-4;3.0 (3.75);1.25;29 - 44;29 - 44;44.0;29.0;58.0;42.0;1.0;3.0;1.0;3.0;;;;;;;;42.0;36.0;44.0;29.0;59.0;41.0;1.0;3.0;1.0;3.0;;[30 44];[1 1];[False False];['Adelaide Comets' 'Sturt Lions'];[0 1];[1 0];['D' 'H'];['H' 'D'];0.84;0.16;0.0;0.69;0.31;0.0;90870.0;222542.0;adelaide comets fc;sturt lions;1.44;1.44;
2026-05-08;194111557;Australia Western Australia Premier League;Australia;08:00;Half;0.4666666666666666;1.9;2.5, 3.0;1.9;2.5, 3.0;1.0;2.0;;1.0;2.0;3.0;117.0;95.0;100.0;Perth RedStar FC;;0.0;0.0;1.5;2;2.0;2 - 0;4.2;Sorrento FC;;0.0;0.0;5.0;0;0.0;-1.0 ( -0.5);1 - 2;1-2;2.75 ( 3.5);1.25;47 - 34;47 - 34;34.0;47.0;45.0;55.0;1.0;2.0;1.0;5.0;;;;;;;;50.0;67.0;41.0;54.0;47.0;53.0;3.0;3.0;3.0;6.0;;[ 5 36 51];[1 1 2];[False False False];['Perth RedStar FC' 'Perth RedStar FC' 'Sorrento FC'];[0 1 2];[1 2 1];['D' 'H' 'H'];['H' 'H' 'H'];0.06;0.94;0.0;0.11;0.89;0.0;1237385.0;1237377.0;perth redstar fc;sorrento fc;;;
2026-05-08;194111553;Australia Western Australia Premier League;Australia;08:00;Half;0.008503401360544283;1.825;3.0;1.975;3.0;1.0;1.0;;1.0;1.0;2.0;69.0;59.0;100.0;Bayswater City;;0.0;1.0;2.4;2;2.0;2 - 1;3.5;Olympic Kingsway;;0.0;1.0;2.45;1;1.0;0.0 ( 0.0);1 - 1;1-1;3.0 ( 4.5);1.25;30 - 23;30 - 23;23.0;30.0;50.0;50.0;0.0;0.0;1.0;2.0;;;;;;;;38.0;31.0;24.0;35.0;49.0;51.0;0.0;1.0;1.0;2.0;;[ 3 18 29];[1 1 1];[False False False];['Olympic Kingsway' 'Bayswater City' 'Bayswater City'];[ 0 -1  0];[-1  0  1];['D' 'A' 'D'];['A' 'D' 'H'];0.16;0.68;0.17;0.31;0.36;0.33;92018.0;319213.0;bayswater city;olympic kingsway sc;1.5;1.5;
2026-05-08;194110653;Australia Darwin Premier League;Australia;08:00;Half;-0.5597113564105313;1.85;4.5;1.95;4.5;1.0;1.0;;1.0;1.0;2.0;98.0;54.0;100.0;Casuarina FC;4.0;0.0;0.0;5.25;1;1.0;1 - 3;5.5;Port Darwin FC;3.0;0.0;0.0;1.333;3;3.0;+1.75 ( +1);1 - 1;1-1;4.5 ( 7);1.5;11 - 32;11 - 32;32.0;11.0;57.0;43.0;3.0;4.0;5.0;1.0;;;;;;;;58.0;40.0;40.0;14.0;55.0;45.0;4.0;4.0;6.0;1.0;;[18 39 40 45 51];[1 1 1 1 2];[False False False False False];"['Port Darwin FC' 'Port Darwin FC' 'Port Darwin FC' 'Casuarina FC'
 'Port Darwin FC']";[ 0 -1 -2 -3 -2];[-1 -2 -3 -2 -3];['D' 'A' 'A' 'A' 'A'];['A' 'A' 'A' 'A' 'A'];0.2;0.0;0.8;0.4;0.0;0.6;;;;;;;
2026-05-08;194110657;Australia WA Premier League Women;Australia;08:00;Schedule;0.2777777777777778;2.0;2.5, 3.0;1.8;2.5, 3.0;0.0;0.0;;0.0;0.0;0.0;0.0;0.0;;Perth SC (W);;0.0;0.0;1.8;0;0.0;0 - 0;3.6;Fremantle City FC (W);;0.0;0.0;3.6;0;0.0;-0.5;0 - 0;0-0;2.75;1.0;-;nan;;;;;;;;;;;;;;;;0.0;0.0;0.0;0.0;;;0.0;0.0;0.0;0.0;;[];[];[];[];[];[];[];[];1.0;0.0;0.0;1.0;0.0;0.0;92030.0;319209.0;perth azzurri;fremantle city;;;Women
2026-05-08;194111555;Australia Western Australia Premier League;Australia;08:00;Half;0.4444444444444444;1.825;3.5;1.975;3.5;0.0;0.0;;0.0;0.0;0.0;134.0;74.0;100.0;Perth SC;;0.0;0.0;1.5;0;0.0;0 - 1;4.5;Fremantle City FC;;0.0;3.0;4.5;1;1.0;-1.0 ( -0.5);0 - 0;0-0;3.5 (2.75);1.5;39 - 30;39 - 30;30.0;39.0;42.0;58.0;3.0;4.0;2.0;0.0;;;;;;;;63.0;71.0;31.0;43.0;40.0;60.0;3.0;4.0;3.0;0.0;;[5];[1];[False];['Fremantle City FC'];[0];[-1];['D'];['A'];0.06;0.0;0.94;0.11;0.0;0.89;92030.0;319209.0;perth azzurri;fremantle city;1.4;1.4;
2026-05-08;193758259;Ukraine Vyscha Liga;Ukraine;08:16;Schedule;-0.25482625482625476;1.875;2.5, 3.0;1.925;2.5, 3.0;2.0;2.0;;2.0;2.0;4.0;106.0;63.0;100.0;FC Kryvbas Kriviy Rih;5.0;0.0;1.0;3.5;1;1.0;1 - 0;3.4;Karpaty Lviv;9.0;0.0;1.0;1.85;0;0.0;+0.25 (+0.25);2 - 2;2-2;2.75 (2.75);1.25;21 - 37;nan;41.0;22.0;54.0;46.0;4.0;0.0;1.0;3.0;;;;;;;;58.0;48.0;41.0;22.0;54.0;46.0;4.0;0.0;1.0;3.0;;[32];[1];[False];['FC Kryvbas Kriviy Rih'];[0];[1];['D'];['H'];0.36;0.64;0.0;0.71;0.29;0.0;3320.0;3316.0;fc kryvbas kriviy rih;karpaty lviv;1.57;1.61;
2026-05-08;194153030;India Super League;India;08:30;Schedule;0.29914529914529914;1.975;2.5;1.825;2.5;2.0;0.0;;2.0;0.0;2.0;68.0;45.0;100.0;Sporting Club Delhi;;0.0;0.0;1.8;0;0.0;0 - 2;3.25;Odisha FC;;0.0;0.0;3.9;2;2.0;-0.5 ( -0.5);2 - 0;2-0;2.5 ( 4);1.0 (2.75);23 - 14;nan;;;;;;;;;;;;;;;;27.0;41.0;15.0;30.0;40.0;60.0;2.0;4.0;2.0;0.0;;[ 4 13];[1 1];[False False];['Odisha FC' 'Odisha FC'];[ 0 -1];[-1 -2];['D' 'A'];['A' 'A'];0.04;0.0;0.96;0.09;0.0;0.91;643680.0;174592.0;sporting club delhi;odisha fc;1.72;1.83;
2026-05-08;194153913;Brazil Campeonato Mineiro U20;Brazil;09:00;Schedule;-0.1313628899835796;2.025;2.5;1.775;2.5;0.0;0.0;;0.0;0.0;0.0;23.0;11.0;100.0;Boston City FC Brasil U20;;0.0;0.0;2.9;0;0.0;0 - 0;3.3;Athletic Club MG U20;;0.0;0.0;2.1;0;0.0;+0.25;0 - 0;0-0;2.5;1.0;-;nan;;;;;;;;;;;;;;;;12.0;11.0;4.0;7.0;42.0;58.0;1.0;1.0;0.0;0.0;;[];[];[];[];[];[];[];[];1.0;0.0;0.0;1.0;0.0;0.0;;547561.0;;athletic club sjdr mg;;;Youth
2026-05-08;194254398;Ethiopia Premier League Women;Ethiopia;09:00;Schedule;0.9408607213485262;1.825;4.0;1.975;4.0;0.0;0.0;;0.0;0.0;0.0;0.0;0.0;;Mechal FC (W);;0.0;0.0;1.036;0;0.0;0 - 0;15.0;Addis Ababa Ketema (W);;0.0;0.0;41.0;0;0.0;-3.75;0 - 0;0-0;4.0;1.75;-;nan;;;;;;;;;;;;;;;;0.0;0.0;0.0;0.0;;;0.0;0.0;0.0;0.0;;[];[];[];[];[];[];[];[];1.0;0.0;0.0;1.0;0.0;0.0;;;;;;;Women
2026-05-08;194194568;Brazil Copa Pernambuco U20;Brazil;09:00;Schedule;0.6335554209569957;1.925;3.5;1.875;3.5;0.0;0.0;;0.0;0.0;0.0;0.0;0.0;100.0;Nautico Capibaribe U20;;0.0;0.0;1.27;1;0.0;0 - 0;5.75;America PE U20;;0.0;0.0;6.5;0;0.0;-1.75;0 - 0;0-0;3.5;1.5;-;nan;;;;;;;;;;;;;;;;0.0;0.0;0.0;0.0;44.0;56.0;0.0;0.0;0.0;1.0;;[8];[1];[False];['Nautico Capibaribe U20'];[0];[1];['D'];['H'];0.09;0.91;0.0;0.18;0.82;0.0;;;;;;;Youth
2026-05-08;193758261;Ukraine Vyscha Liga;Ukraine;09:30;Schedule;0.23219814241486064;2.0;2.5;1.8;2.5;0.0;0.0;;0.0;0.0;0.0;0.0;0.0;;Kolos Kovalivka;7.0;0.0;0.0;1.9;0;0.0;0 - 0;3.5;FC Kudrivka;11.0;0.0;0.0;3.4;0;0.0;-0.5;0 - 0;0-0;2.5;1.0;-;nan;;;;;;;;;;;;;;;;0.0;0.0;0.0;0.0;;;0.0;0.0;0.0;0.0;;[];[];[];[];[];[];[];[];1.0;0.0;0.0;1.0;0.0;0.0;213176.0;543813.0;kolos kovalivka;fk kudrivka;;;
2026-05-08;194151778;Azerbaijan Premier League;Azerbaijan;09:30;Schedule;-0.284130284130284;1.925;2.0;1.875;2.0;0.0;0.0;;0.0;0.0;0.0;0.0;0.0;;Imisli;9.0;0.0;0.0;3.9;0;0.0;0 - 0;3.1;Zira IK;5.0;0.0;0.0;1.85;0;0.0;+0.5;0 - 0;0-0;2.0;0.75;-;nan;;;;;;;;;;;;;;;;0.0;0.0;0.0;0.0;;;0.0;0.0;0.0;0.0;;[];[];[];[];[];[];[];[];1.0;0.0;0.0;1.0;0.0;0.0;;;;;;;
2026-05-08;194114051;Malaysia Super League;Malaysia;10:00;Schedule;0.4229390681003584;1.9;3.0, 3.5;1.9;3.0, 3.5;0.0;0.0;;0.0;0.0;0.0;0.0;0.0;;Terengganu;;0.0;0.0;1.55;0;0.0;0 - 0;4.1;Imigresen FC;;0.0;0.0;4.5;0;0.0;-1.0;0 - 0;0-0;3.25;1.25;-;nan;;;;;;;;;;;;;;;;0.0;0.0;0.0;0.0;;;0.0;0.0;0.0;0.0;;[];[];[];[];[];[];[];[];1.0;0.0;0.0;1.0;0.0;0.0;;;;;;;
2026-05-08;194135974;Israel Leumit Liga;Israel;10:00;Schedule;0.09661835748792269;1.85;2.0, 2.5;1.95;2.0, 2.5;0.0;0.0;;0.0;0.0;0.0;0.0;0.0;;Hapoel Hadera;;0.0;0.0;2.25;0;0.0;0 - 0;3.1;Hapoel Afula;;0.0;0.0;2.875;0;0.0;-0.25;0 - 0;0-0;2.25;1.0;-;nan;;;;;;;;;;;;;;;;0.0;0.0;0.0;0.0;;;0.0;0.0;0.0;0.0;;[];[];[];[];[];[];[];[];1.0;0.0;0.0;1.0;0.0;0.0;39525.0;39521.0;hapoel hadera fc;hapoel afula fc;;;
2026-05-08;194135980;Israel Leumit Liga;Israel;10:00;Schedule;-0.15360983102918585;1.775;2.0, 2.5;2.025;2.0, 2.5;0.0;0.0;;0.0;0.0;0.0;0.0;0.0;;Ironi Modiin;;0.0;0.0;3.1;0;0.0;0 - 0;3.2;Maccabi Kabilio Jaffa;;0.0;0.0;2.1;0;0.0;+0.25;0 - 0;0-0;2.25;1.0;-;nan;;;;;;;;;;;;;;;;0.0;0.0;0.0;0.0;;;0.0;0.0;0.0;0.0;;[];[];[];[];[];[];[];[];1.0;0.0;0.0;1.0;0.0;0.0;388096.0;39526.0;ironi modiin;maccabi kabilio jaffa;;;
2026-05-08;194163238;Tanzania Premier League;Tanzania;10:00;Schedule;-0.38823529411764707;1.8;1.5, 2.0;2.0;1.5, 2.0;0.0;0.0;;0.0;0.0;0.0;0.0;0.0;;TRA United;;0.0;0.0;5.0;0;0.0;0 - 0;3.1;Azam FC;;0.0;0.0;1.7;0;0.0;+0.75;0 - 0;0-0;1.75;0.75;-;nan;;;;;;;;;;;;;;;;0.0;0.0;0.0;0.0;;;0.0;0.0;0.0;0.0;;[];[];[];[];[];[];[];[];1.0;0.0;0.0;1.0;0.0;0.0;;;;;;;
2026-05-08;194135976;Israel Leumit Liga;Israel;10:00;Schedule;-0.1679929266136163;1.925;3.0;1.875;3.0;0.0;0.0;;0.0;0.0;0.0;0.0;0.0;;Hapoel Kfar Shalem;;0.0;0.0;2.9;0;0.0;0 - 0;3.9;Bnei Yehuda Tel Aviv;;0.0;0.0;1.95;0;0.0;+0.25;0 - 0;0-0;3.0;1.25;-;nan;;;;;;;;;;;;;;;;0.0;0.0;0.0;0.0;;;0.0;0.0;0.0;0.0;;[];[];[];[];[];[];[];[];1.0;0.0;0.0;1.0;0.0;0.0;65204.0;5203.0;hapoel kfar shalem fc;bnei yehuda tel aviv fc;;;
2026-05-08;194162980;Türkiye 3. Lig Promotion Group Play-off;Turkey;10:00;Schedule;0.14253563390847712;1.9;2.5;1.9;2.5;0.0;0.0;;0.0;0.0;0.0;0.0;0.0;;Corluspor 1947;;0.0;0.0;2.15;0;0.0;0 - 0;3.1;Kucukcekmece Sinopspor;;0.0;0.0;3.1;0;0.0;-0.25;0 - 0;0-0;2.5;1.0;-;nan;;;;;;;;;;;;;;;;0.0;0.0;0.0;0.0;;;0.0;0.0;0.0;0.0;;[];[];[];[];[];[];[];[];1.0;0.0;0.0;1.0;0.0;0.0;;;;;;;
2026-05-08;194267372;Paraguay Tercera Division;Paraguay;10:00;Schedule;0.29914529914529914;1.925;2.5, 3.0;1.875;2.5, 3.0;0.0;0.0;;0.0;0.0;0.0;0.0;0.0;;Club General Martin Ledesma;;0.0;0.0;1.8;0;0.0;0 - 0;3.5;Atlantida SC;;0.0;0.0;3.9;0;0.0;-0.5;0 - 0;0-0;2.75;1.25;-;nan;;;;;;;;;;;;;;;;0.0;0.0;0.0;0.0;;;0.0;0.0;0.0;0.0;;[];[];[];[];[];[];[];[];1.0;0.0;0.0;1.0;0.0;0.0;;;;;;;
2026-05-08;194114039;Macau 1st Division;Macau;10:00;Schedule;-0.34346976758494446;2.0;3.0, 3.5;1.8;3.0, 3.5;0.0;0.0;;0.0;0.0;0.0;0.0;0.0;;Hang Sai;;0.0;0.0;3.9;0;0.0;0 - 0;3.9;Cheng Fung;;0.0;0.0;1.667;0;0.0;+0.75;0 - 0;0-0;3.25;1.25;-;nan;;;;;;;;;;;;;;;;0.0;0.0;0.0;0.0;;;0.0;0.0;0.0;0.0;;[];[];[];[];[];[];[];[];1.0;0.0;0.0;1.0;0.0;0.0;;;;;;;
2026-05-08;194135989;Israel Leumit Liga;Israel;10:00;Schedule;0.016666666666666663;1.85;2.5;1.95;2.5;0.0;0.0;;0.0;0.0;0.0;0.0;0.0;;Maccabi Herzliya;;0.0;0.0;2.4;0;0.0;0 - 0;3.4;Hapoel Ramat Gan;;0.0;0.0;2.5;0;0.0;0.0;0 - 0;0-0;2.5;1.0;-;nan;;;;;;;;;;;;;;;;0.0;0.0;0.0;0.0;;;0.0;0.0;0.0;0.0;;[];[];[];[];[];[];[];[];1.0;0.0;0.0;1.0;0.0;0.0;7478.0;7385.0;maccabi herzliya;hapoel ramat gan givatayim fc;;;
2026-05-08;194203460;Malaysia Super League;Malaysia;10:00;Schedule;-0.7333333333333334;1.925;3.5, 4.0;1.875;3.5, 4.0;0.0;0.0;;0.0;0.0;0.0;0.0;0.0;;PDRM;13.0;0.0;0.0;10.0;0;0.0;0 - 0;7.0;Penang;9.0;0.0;0.0;1.2;0;0.0;+2.25;0 - 0;0-0;3.75;1.5;-;nan;;;;;;;;;;;;;;;;0.0;0.0;0.0;0.0;;;0.0;0.0;0.0;0.0;;[];[];[];[];[];[];[];[];1.0;0.0;0.0;1.0;0.0;0.0;;;;;;;
2026-05-08;194153024;India I-League;India;10:00;Schedule;0.28528528528528535;2.0;2.5, 3.0;1.8;2.5, 3.0;0.0;0.0;;0.0;0.0;0.0;0.0;0.0;;Diamond Harbour FC;1.0;0.0;0.0;1.8;0;0.0;0 - 0;3.4;Rajasthan United;3.0;0.0;0.0;3.7;0;0.0;-0.5;0 - 0;0-0;2.75;1.0;-;nan;;;;;;;;;;;;;;;;0.0;0.0;0.0;0.0;;;0.0;0.0;0.0;0.0;;[];[];[];[];[];[];[];[];1.0;0.0;0.0;1.0;0.0;0.0;923063.0;820934.0;diamond harbour fc;rajasthan united;;;
2026-05-08;194153911;Brazil Campeonato Mineiro U20;Brazil;10:00;Schedule;0.4027777777777778;1.95;2.5, 3.0;1.85;2.5, 3.0;0.0;0.0;;0.0;0.0;0.0;0.0;0.0;;Itabirito U20;;0.0;0.0;1.6;0;0.0;0 - 0;3.8;Minas Boca U20;;0.0;0.0;4.5;0;0.0;-0.75;0 - 0;0-0;2.75;1.0;-;nan;;;;;;;;;;;;;;;;0.0;0.0;0.0;0.0;;;0.0;0.0;0.0;0.0;;[];[];[];[];[];[];[];[];1.0;0.0;0.0;1.0;0.0;0.0;;;;;;;Youth
2026-05-08;194135972;Israel Leumit Liga;Israel;10:00;Schedule;0.14285714285714285;1.85;2.0, 2.5;1.95;2.0, 2.5;0.0;0.0;;0.0;0.0;0.0;0.0;0.0;;Hapoel Acre;;0.0;0.0;2.1;0;0.0;0 - 0;3.2;Hapoel Raanana;;0.0;0.0;3.0;0;0.0;-0.25;0 - 0;0-0;2.25;1.0;-;nan;;;;;;;;;;;;;;;;0.0;0.0;0.0;0.0;;;0.0;0.0;0.0;0.0;;[];[];[];[];[];[];[];[];1.0;0.0;0.0;1.0;0.0;0.0;7380.0;5398.0;hapoel acre fc;hapoel ra`anana fc;;;
2026-05-08;194258290;Ukraine Persha Liga;Ukraine;10:00;Schedule;0.7090909090909091;1.9;2.5;1.9;2.5;0.0;0.0;;0.0;0.0;0.0;0.0;0.0;;FC Livyi Bereh;3.0;0.0;0.0;1.25;0;0.0;0 - 0;4.75;UCSA;8.0;0.0;0.0;11.0;0;0.0;-1.5;0 - 0;0-0;2.5;1.0;-;nan;;;;;;;;;;;;;;;;0.0;0.0;0.0;0.0;;;0.0;0.0;0.0;0.0;;[];[];[];[];[];[];[];[];1.0;0.0;0.0;1.0;0.0;0.0;;;;;;;
2026-05-08;194206646;Poland Youth League;Poland;10:00;Schedule;-0.11743450767841018;1.975;3.0, 3.5;1.825;3.0, 3.5;0.0;0.0;;0.0;0.0;0.0;0.0;0.0;;Stal Rzeszow U19;;0.0;0.0;2.7;0;0.0;0 - 0;3.9;Gornik Zabrze U19;;0.0;0.0;2.05;0;0.0;+0.25;0 - 0;0-0;3.25;1.25;-;nan;;;;;;;;;;;;;;;;0.0;0.0;0.0;0.0;;;0.0;0.0;0.0;0.0;;[];[];[];[];[];[];[];[];1.0;0.0;0.0;1.0;0.0;0.0;37207.0;3110.0;zks stal rzeszow;gornik zabrze;;;Youth
2026-05-08;194151442;Poland III Liga;Poland;10:30;Schedule;-0.04262574595055413;1.85;3.0;1.95;3.0;0.0;0.0;;0.0;0.0;0.0;0.0;0.0;;Sleza Wroclaw;;0.0;0.0;2.55;0;0.0;0 - 0;3.5;Miedz Legnica II;;0.0;0.0;2.3;0;0.0;0.0;0 - 0;0-0;3.0;1.25;-;nan;;;;;;;;;;;;;;;;0.0;0.0;0.0;0.0;;;0.0;0.0;0.0;0.0;;[];[];[];[];[];[];[];[];1.0;0.0;0.0;1.0;0.0;0.0;;35330.0;;miedz legnica;;;Youth
2026-05-08;194160717;Oman League;Oman;10:30;Schedule;-0.38383838383838387;2.025;2.5;1.775;2.5;0.0;0.0;;0.0;0.0;0.0;0.0;0.0;;Sur SC;;0.0;0.0;4.5;0;0.0;0 - 0;3.4;Al Shabab Seeb;;0.0;0.0;1.65;0;0.0;+0.25;0 - 0;0-0;2.5;1.0;-;nan;;;;;;;;;;;;;;;;0.0;0.0;0.0;0.0;;;0.0;0.0;0.0;0.0;;[];[];[];[];[];[];[];[];1.0;0.0;0.0;1.0;0.0;0.0;57439.0;57449.0;sur sc;al shabab;;;
2026-05-08;194254845;Iraq Premier League;Iraq;10:30;Schedule;-0.036363636363636376;;;;;0.0;0.0;;0.0;0.0;0.0;0.0;0.0;;Al Etisalat SC;;0.0;0.0;2.75;0;0.0;0 - 0;2.8;Al Bahri;;0.0;0.0;2.5;0;0.0;nan;0 - 0;0-0;;nan;-;nan;;;;;;;;;;;;;;;;0.0;0.0;0.0;0.0;;;0.0;0.0;0.0;0.0;;[];[];[];[];[];[];[];[];1.0;0.0;0.0;1.0;0.0;0.0;;;;;;;
2026-05-08;194151462;Poland III Liga;Poland;11:00;Schedule;-0.05228758169934633;1.9;3.0;1.9;3.0;0.0;0.0;;0.0;0.0;0.0;0.0;0.0;;Karkonosze Jelenia Gora;;0.0;0.0;2.55;0;0.0;0 - 0;3.7;LKS Goczalkowice Zdroj;;0.0;0.0;2.25;0;0.0;0.0;0 - 0;0-0;3.0;1.25;-;nan;;;;;;;;;;;;;;;;0.0;0.0;0.0;0.0;;;0.0;0.0;0.0;0.0;;[];[];[];[];[];[];[];[];1.0;0.0;0.0;1.0;0.0;0.0;;;;;;;
2026-05-08;194157183;Luxembourg Division Nationale;Luxembourg;11:00;Schedule;-0.36601307189542487;1.975;2.5;1.825;2.5;0.0;0.0;;0.0;0.0;0.0;0.0;0.0;;Progres Niederkorn;;0.0;0.0;4.5;0;0.0;0 - 0;3.3;FC 03 Differdange;;0.0;0.0;1.7;0;0.0;+0.75;0 - 0;0-0;2.5;1.0;-;nan;;;;;;;;;;;;;;;;0.0;0.0;0.0;0.0;;;0.0;0.0;0.0;0.0;;[];[];[];[];[];[];[];[];1.0;0.0;0.0;1.0;0.0;0.0;;;;;;;
2026-05-08;194260564;France U19 League;France;11:00;Schedule;0.5963413930405679;1.9;3.0, 3.5;1.9;3.0, 3.5;0.0;0.0;;0.0;0.0;0.0;0.0;0.0;;PSG U19;;0.0;0.0;1.333;0;0.0;0 - 0;4.75;Racing Paris U19;;0.0;0.0;6.5;0;0.0;-1.5;0 - 0;0-0;3.25;1.25;-;nan;;;;;;;;;;;;;;;;0.0;0.0;0.0;0.0;;;0.0;0.0;0.0;0.0;;[];[];[];[];[];[];[];[];1.0;0.0;0.0;1.0;0.0;0.0;90138.0;;paris saint-germain fc;;;;Youth
2026-05-08;194151776;Hungary NBI Women;Hungary;11:00;Schedule;-0.3066950464396285;1.85;2.5, 3.0;1.95;2.5, 3.0;0.0;0.0;;0.0;0.0;0.0;0.0;0.0;;Viktoria FC (W);;0.0;0.0;3.2;0;0.0;0 - 0;5.0;Budapest Honved (W);;0.0;0.0;1.615;0;0.0;+1.0;0 - 0;0-0;2.75;1.25;-;nan;;;;;;;;;;;;;;;;0.0;0.0;0.0;0.0;;;0.0;0.0;0.0;0.0;;[];[];[];[];[];[];[];[];1.0;0.0;0.0;1.0;0.0;0.0;;1916.0;;budapest honved fc;;;Women
2026-05-08;194104339;Brazil Campeonato Carioca B2 U20;Brazil;11:00;Schedule;0.27731092436974786;2.0;3.0, 3.5;1.8;3.0, 3.5;0.0;0.0;;0.0;0.0;0.0;0.0;0.0;;CGI April 7 U20;;0.0;0.0;1.75;0;0.0;0 - 0;4.0;Belford Roxo U20;;0.0;0.0;3.4;0;0.0;-0.75;0 - 0;0-0;3.25;1.25;-;nan;;;;;;;;;;;;;;;;0.0;0.0;0.0;0.0;;;0.0;0.0;0.0;0.0;;[];[];[];[];[];[];[];[];1.0;0.0;0.0;1.0;0.0;0.0;;;;;;;Youth
2026-05-08;194204823;Cameroon League Women;Cameroon;11:00;Schedule;-0.15360983102918585;1.85;2.5;1.95;2.5;0.0;0.0;;0.0;0.0;0.0;0.0;0.0;;Vision Foot (W);;0.0;0.0;3.1;0;0.0;0 - 0;3.2;Cyclone FC (W);;0.0;0.0;2.1;0;0.0;+0.25;0 - 0;0-0;2.5;1.0;-;nan;;;;;;;;;;;;;;;;0.0;0.0;0.0;0.0;;;0.0;0.0;0.0;0.0;;[];[];[];[];[];[];[];[];1.0;0.0;0.0;1.0;0.0;0.0;;;;;;;Women
2026-05-08;194151725;Egypt Division 1;Egypt;11:00;Schedule;-0.15261627906976744;2.05;2.0, 2.5;1.75;2.0, 2.5;0.0;0.0;;0.0;0.0;0.0;0.0;0.0;;Petrojet;12.0;0.0;0.0;3.2;0;0.0;0 - 0;3.0;Wadi Degla;9.0;0.0;0.0;2.15;0;0.0;+0.25;0 - 0;0-0;2.25;0.75;-;nan;;;;;;;;;;;;;;;;0.0;0.0;0.0;0.0;;;0.0;0.0;0.0;0.0;;[];[];[];[];[];[];[];[];1.0;0.0;0.0;1.0;0.0;0.0;43567.0;43568.0;petrojet fc;wadi degla sc;2.2;2.2;
2026-05-08;194199896;Argentina Reserve League;Argentina;11:00;Schedule;0.044579533941236094;2.0;2.5;1.8;2.5;0.0;0.0;;0.0;0.0;0.0;0.0;0.0;;Deportivo Liniers Reserves;;0.0;0.0;2.35;0;0.0;0 - 0;3.25;Deportivo Camioneros Reserves;;0.0;0.0;2.625;0;0.0;0.0;0 - 0;0-0;2.5;1.0;-;nan;;;;;;;;;;;;;;;;0.0;0.0;0.0;0.0;;;0.0;0.0;0.0;0.0;;[];[];[];[];[];[];[];[];1.0;0.0;0.0;1.0;0.0;0.0;;;;;;;Youth
2026-05-08;194173230;Jordan League;Jordan;11:00;Schedule;0.6515837104072397;1.975;2.5, 3.0;1.825;2.5, 3.0;0.0;0.0;;0.0;0.0;0.0;0.0;0.0;;Shabab Al Ordon;8.0;0.0;0.0;1.3;0;0.0;0 - 0;4.333;Sama Al Sarhan;10.0;0.0;0.0;8.5;0;0.0;-1.5;0 - 0;0-0;2.75;1.0;-;nan;;;;;;;;;;;;;;;;0.0;0.0;0.0;0.0;;;0.0;0.0;0.0;0.0;;[];[];[];[];[];[];[];[];1.0;0.0;0.0;1.0;0.0;0.0;40646.0;544603.0;shabab al ordun;sama al sarhan sc;;;
2026-05-08;194173226;Jordan League;Jordan;11:00;Schedule;0.5646376811594204;1.85;2.5, 3.0;1.95;2.5, 3.0;0.0;0.0;;0.0;0.0;0.0;0.0;0.0;;Al-Wehdat;;0.0;0.0;1.38;0;0.0;0 - 0;4.5;Al Ahli Amman;;0.0;0.0;6.25;0;0.0;-1.25;0 - 0;0-0;2.75;1.25;-;nan;;;;;;;;;;;;;;;;0.0;0.0;0.0;0.0;;;0.0;0.0;0.0;0.0;;[];[];[];[];[];[];[];[];1.0;0.0;0.0;1.0;0.0;0.0;40650.0;167130.0;al wehdat;al-ahly amman;;;Women
2026-05-08;194151714;Egypt Division 1;Egypt;11:00;Schedule;0.18733850129198965;1.775;1.5;2.025;1.5;0.0;0.0;;0.0;0.0;0.0;0.0;0.0;;Al Moqawloon Al Arab;17.0;0.0;0.0;2.15;0;0.0;0 - 0;2.625;El Gounah;10.0;0.0;0.0;3.6;0;0.0;-0.25;0 - 0;0-0;1.5;0.5;-;nan;;;;;;;;;;;;;;;;0.0;0.0;0.0;0.0;;;0.0;0.0;0.0;0.0;;[];[];[];[];[];[];[];[];1.0;0.0;0.0;1.0;0.0;0.0;42365.0;43565.0;al mokawloon al arab;el gouna fc;2.5;2.5;
2026-05-08;194267168;UAE Youth League;UAE;11:05;Schedule;0.19023986765922257;2.0;3.0, 3.5;1.8;3.0, 3.5;0.0;0.0;;0.0;0.0;0.0;0.0;0.0;;Al Wasl SC U21;;0.0;0.0;1.95;0;0.0;0 - 0;3.6;Al Urooba U21;;0.0;0.0;3.1;0;0.0;-0.5;0 - 0;0-0;3.25;1.25;-;nan;;;;;;;;;;;;;;;;0.0;0.0;0.0;0.0;;;0.0;0.0;0.0;0.0;;[];[];[];[];[];[];[];[];1.0;0.0;0.0;1.0;0.0;0.0;47674.0;;al wasl fc;;;;Youth
2026-05-08;194267687;UAE Youth League;UAE;11:05;Schedule;0.12416851441241689;2.025;3.0;1.775;3.0;0.0;0.0;;0.0;0.0;0.0;0.0;0.0;;Al Ain SCC U21;;0.0;0.0;2.05;0;0.0;0 - 0;3.7;Shabab Al Ahli Dubai U21;;0.0;0.0;2.75;0;0.0;-0.25;0 - 0;0-0;3.0;1.25;-;nan;;;;;;;;;;;;;;;;0.0;0.0;0.0;0.0;;;0.0;0.0;0.0;0.0;;[];[];[];[];[];[];[];[];1.0;0.0;0.0;1.0;0.0;0.0;37082.0;370464.0;al ain fc;shabab al ahli dubai;;;Youth
2026-05-08;194152363;UAE Youth League;UAE;11:05;Schedule;0.6461538461538462;1.85;3.5, 4.0;1.95;3.5, 4.0;0.0;0.0;;0.0;0.0;0.0;0.0;0.0;;Al Jazira SC U21;;0.0;0.0;1.25;0;0.0;0 - 0;6.25;Emirates Club U21;;0.0;0.0;6.5;0;0.0;-2.0;0 - 0;0-0;3.75;1.5;-;nan;;;;;;;;;;;;;;;;0.0;0.0;0.0;0.0;;;0.0;0.0;0.0;0.0;;[];[];[];[];[];[];[];[];1.0;0.0;0.0;1.0;0.0;0.0;8090.0;;al jazira (uae);;;;Youth
2026-05-08;194152366;UAE Youth League;UAE;11:05;Schedule;0.4791288566243195;1.9;3.5;1.9;3.5;0.0;0.0;;0.0;0.0;0.0;0.0;0.0;;Sharjah SCC U21;;0.0;0.0;1.45;0;0.0;0 - 0;4.75;Gulf United FC U21;;0.0;0.0;4.75;0;0.0;-1.25;0 - 0;0-0;3.5;1.5;-;nan;;;;;;;;;;;;;;;;0.0;0.0;0.0;0.0;;;0.0;0.0;0.0;0.0;;[];[];[];[];[];[];[];[];1.0;0.0;0.0;1.0;0.0;0.0;34060.0;;sharjah fc;;;;Youth
2026-05-08;194157718;Czechia 3. Liga;Czech Republic;11:30;Full;0.3560606060606061;1.975;3.0, 3.5;1.825;3.0, 3.5;2.0;6.0;;2.0;4.0;6.0;159.0;113.0;100.0;TJ Start Brno;;0.0;3.0;1.65;0;1.0;1 - 4;3.9;SK Hranice;;0.0;0.0;4.0;3;4.0;-0.75;2 - 6;2-4;3.25;1.25;59 - 54;19 - 19;19.0;19.0;50.0;50.0;0.0;0.0;3.0;0.0;;;;;;;;68.0;91.0;54.0;59.0;47.0;53.0;2.0;3.0;5.0;2.0;;[ 9 15 17 53 85];[1 1 1 2 2];[False False False False False];['SK Hranice' 'SK Hranice' 'SK Hranice' 'TJ Start Brno' 'SK Hranice'];[ 0 -1 -2 -3 -2];[-1 -2 -3 -2 -3];['D' 'A' 'A' 'A' 'A'];['A' 'A' 'A' 'A' 'A'];0.1;0.0;0.9;0.2;0.0;0.8;;;;;;;
2026-05-08;194204651;Seychelles Premier League;Seychelles;11:30;Schedule;0.10147991543340379;1.9;2.5, 3.0;1.9;2.5, 3.0;0.0;0.0;;0.0;0.0;0.0;0.0;0.0;;Foresters FC;;0.0;0.0;2.15;0;0.0;0 - 0;3.7;PTL Bazar Brothers FC;;0.0;0.0;2.75;0;0.0;-0.25;0 - 0;0-0;2.75;1.25;-;nan;;;;;;;;;;;;;;;;0.0;0.0;0.0;0.0;;;0.0;0.0;0.0;0.0;;[];[];[];[];[];[];[];[];1.0;0.0;0.0;1.0;0.0;0.0;;;;;;;
2026-05-08;193327113;Bulgaria First League;Bulgaria;11:30;Schedule;0.010582010582010581;1.975;2.0, 2.5;1.825;2.0, 2.5;0.0;0.0;;0.0;0.0;0.0;0.0;0.0;;Lokomotiv Plovdiv;;0.0;0.0;2.625;0;0.0;0 - 0;3.2;Arda Kardzhali;;0.0;0.0;2.7;0;0.0;0.0;0 - 0;0-0;2.25;1.0;-;nan;;;;;;;;;;;;;;;;0.0;0.0;0.0;0.0;;;0.0;0.0;0.0;0.0;;[];[];[];[];[];[];[];[];1.0;0.0;0.0;1.0;0.0;0.0;3272.0;364786.0;pfc lokomotiv plovdiv;fc arda kardzhali;2.2;1.9;
2026-05-08;194153037;Latvia Virsliga;Latvia;11:30;Schedule;-0.6358974358974359;1.8;3.0;2.0;3.0;0.0;0.0;;0.0;0.0;0.0;0.0;0.0;;BFC Daugavpils;4.0;0.0;0.0;7.5;0;0.0;0 - 0;4.75;Riga FC;3.0;0.0;0.0;1.3;0;0.0;+1.5;0 - 0;0-0;3.0;1.25;-;nan;;;;;;;;;;;;;;;;0.0;0.0;0.0;0.0;;;0.0;0.0;0.0;0.0;;[];[];[];[];[];[];[];[];1.0;0.0;0.0;1.0;0.0;0.0;41498.0;162368.0;bfc daugavpils;riga fc;2.0;2.0;
2026-05-08;193332314;Slovakia 2. Liga;Slovakia;12:00;Schedule;0.3055555555555556;1.85;2.5;1.95;2.5;0.0;0.0;;0.0;0.0;0.0;0.0;0.0;;OFK Malzenice;5.0;0.0;0.0;1.8;0;0.0;0 - 0;3.7;STK Samorin;11.0;0.0;0.0;4.0;0;0.0;-0.5;0 - 0;0-0;2.5;1.0;-;nan;;;;;;;;;;;;;;;;0.0;0.0;0.0;0.0;;;0.0;0.0;0.0;0.0;;[];[];[];[];[];[];[];[];1.0;0.0;0.0;1.0;0.0;0.0;;;;;;;
2026-05-08;193286209;Poland II Liga;Poland;12:00;Schedule;0.050167224080267636;2.0;3.0;1.8;3.0;0.0;0.0;;0.0;0.0;0.0;0.0;0.0;;LKS Lodz II;;0.0;0.0;2.3;0;0.0;0 - 0;3.3;Swit Szczecin;;0.0;0.0;2.6;0;0.0;-0.25;0 - 0;0-0;3.0;1.25;-;nan;;;;;;;;;;;;;;;;0.0;0.0;0.0;0.0;;;0.0;0.0;0.0;0.0;;[];[];[];[];[];[];[];[];1.0;0.0;0.0;1.0;0.0;0.0;681381.0;432661.0;lks lodz ii;oks swit szczecin;;;Youth
2026-05-08;193758264;Ukraine Vyscha Liga;Ukraine;12:00;Schedule;0.8082239720034996;1.9;2.5, 3.0;1.9;2.5, 3.0;0.0;0.0;;0.0;0.0;0.0;0.0;0.0;;Polissya Zhytomyr;3.0;0.0;0.0;1.143;0;0.0;0 - 0;6.25;PFC Oleksandria;15.0;0.0;0.0;15.0;0;0.0;-2.0;0 - 0;0-0;2.75;1.25;-;nan;;;;;;;;;;;;;;;;0.0;0.0;0.0;0.0;;;0.0;0.0;0.0;0.0;;[];[];[];[];[];[];[];[];1.0;0.0;0.0;1.0;0.0;0.0;350828.0;25479.0;fc polissya zhytomyr;fc oleksandriya;;;
2026-05-08;194163333;Tunisia League 1;Tunisia;12:00;Schedule;0.8272715910511186;1.8;2.5;2.0;2.5;0.0;0.0;;0.0;0.0;0.0;0.0;0.0;;AS Soliman;16.0;0.0;0.0;1.143;0;0.0;0 - 0;6.25;AS Gabes;15.0;0.0;0.0;21.0;0;0.0;-2.0;0 - 0;0-0;2.5;1.0;-;nan;;;;;;;;;;;;;;;;0.0;0.0;0.0;0.0;;;0.0;0.0;0.0;0.0;;[];[];[];[];[];[];[];[];1.0;0.0;0.0;1.0;0.0;0.0;;;;;;;
2026-05-08;194157724;Czechia 5. Liga;Czech Republic;12:00;Schedule;-0.018912529550827395;1.9;3.5, 4.0;1.9;3.5, 4.0;0.0;0.0;;0.0;0.0;0.0;0.0;0.0;;Junior Decin;;0.0;0.0;2.35;0;0.0;0 - 0;4.1;Banik Modlany;;0.0;0.0;2.25;0;0.0;0.0;0 - 0;0-0;3.75;1.5;-;nan;;;;;;;;;;;;;;;;0.0;0.0;0.0;0.0;;;0.0;0.0;0.0;0.0;;[];[];[];[];[];[];[];[];1.0;0.0;0.0;1.0;0.0;0.0;;;;;;;
2026-05-08;194156570;Lithuania II Lyga;Lithuania;12:00;Schedule;0.811965811965812;1.85;4.0;1.95;4.0;0.0;0.0;;0.0;0.0;0.0;0.0;0.0;;Nevezis;;0.0;0.0;1.125;0;0.0;0 - 0;8.5;DFK Dainava II;;0.0;0.0;13.0;0;0.0;-2.75;0 - 0;0-0;4.0;1.75;-;nan;;;;;;;;;;;;;;;;0.0;0.0;0.0;0.0;;;0.0;0.0;0.0;0.0;;[];[];[];[];[];[];[];[];1.0;0.0;0.0;1.0;0.0;0.0;;;;;;;Youth
2026-05-08;194135970;USA MLS Next Pro League;USA;12:00;Schedule;-0.26143790849673204;1.975;3.0, 3.5;1.825;3.0, 3.5;0.0;0.0;;0.0;0.0;0.0;0.0;0.0;;Toronto FC II;;0.0;0.0;3.4;0;0.0;0 - 0;3.8;New York Red Bulls II;;0.0;0.0;1.8;0;0.0;+0.5;0 - 0;0-0;3.25;1.25;-;nan;;;;;;;;;;;;;;;;0.0;0.0;0.0;0.0;;;0.0;0.0;0.0;0.0;;[];[];[];[];[];[];[];[];1.0;0.0;0.0;1.0;0.0;0.0;7080.0;;toronto fc;;;;Youth
2026-05-08;194156052;Nigeria National League;Nigeria;12:00;Schedule;0.20209059233449483;1.975;2.0;1.825;2.0;0.0;0.0;;0.0;0.0;0.0;0.0;0.0;;Inter Lagos;;0.0;0.0;2.05;0;0.0;0 - 0;2.875;Sporting Lagos;;0.0;0.0;3.5;0;0.0;-0.25;0 - 0;0-0;2.0;0.75;-;nan;;;;;;;;;;;;;;;;0.0;0.0;0.0;0.0;;;0.0;0.0;0.0;0.0;;[];[];[];[];[];[];[];[];1.0;0.0;0.0;1.0;0.0;0.0;;;;;;;
2026-05-08;194110633;Algeria Division 1;Algeria;12:00;Schedule;-0.014245014245014231;2.025;2.0;1.775;2.0;0.0;0.0;;0.0;0.0;0.0;0.0;0.0;;Olympique Akbou;4.0;0.0;0.0;2.7;0;0.0;0 - 0;2.75;CR Belouizdad;6.0;0.0;0.0;2.6;0;0.0;0.0;0 - 0;0-0;2.0;0.75;-;nan;;;;;;;;;;;;;;;;0.0;0.0;0.0;0.0;;;0.0;0.0;0.0;0.0;;[];[];[];[];[];[];[];[];1.0;0.0;0.0;1.0;0.0;0.0;527315.0;42207.0;olympique akbou;cr belouizdad;;;
2026-05-08;193332350;Slovakia 2. Liga;Slovakia;12:00;Schedule;0.20032051282051289;1.95;3.0, 3.5;1.85;3.0, 3.5;0.0;0.0;;0.0;0.0;0.0;0.0;0.0;;MFK Zvolen;;0.0;0.0;1.95;0;0.0;0 - 0;4.1;MSK Zilina B;;0.0;0.0;3.2;0;0.0;-0.5;0 - 0;0-0;3.25;1.25;-;nan;;;;;;;;;;;;;;;;0.0;0.0;0.0;0.0;;;0.0;0.0;0.0;0.0;;[];[];[];[];[];[];[];[];1.0;0.0;0.0;1.0;0.0;0.0;;2402.0;;msk zilina;;;Youth
2026-05-08;193332307;Slovakia 2. Liga;Slovakia;12:00;Schedule;0.3776578017729787;1.925;3.0;1.875;3.0;0.0;0.0;;0.0;0.0;0.0;0.0;0.0;;Tatran Liptovsky Mikulas;3.0;0.0;0.0;1.667;0;0.0;0 - 0;4.0;Puchov;15.0;0.0;0.0;4.5;0;0.0;-0.75;0 - 0;0-0;3.0;1.25;-;nan;;;;;;;;;;;;;;;;0.0;0.0;0.0;0.0;;;0.0;0.0;0.0;0.0;;[];[];[];[];[];[];[];[];1.0;0.0;0.0;1.0;0.0;0.0;;;;;;;
2026-05-08;194163336;Tunisia League 1;Tunisia;12:00;Schedule;0.4984695669627177;1.95;2.0;1.85;2.0;0.0;0.0;;0.0;0.0;0.0;0.0;0.0;;Stade Tunisien;4.0;0.0;0.0;1.533;0;0.0;0 - 0;3.2;US Ben Guerdane;13.0;0.0;0.0;6.5;0;0.0;-1.0;0 - 0;0-0;2.0;0.75;-;nan;;;;;;;;;;;;;;;;0.0;0.0;0.0;0.0;;;0.0;0.0;0.0;0.0;;[];[];[];[];[];[];[];[];1.0;0.0;0.0;1.0;0.0;0.0;;;;;;;
2026-05-08;194234816;Finland Kolmonen;Finland;12:00;Schedule;-0.7839815477610753;1.975;4.5;1.825;4.5;0.0;0.0;;0.0;0.0;0.0;0.0;0.0;;ToTe/Tapio;;0.0;0.0;11.0;0;0.0;0 - 0;8.5;JaPS II;;0.0;0.0;1.143;0;0.0;+1.75;0 - 0;0-0;3.75;1.75;-;nan;;;;;;;;;;;;;;;;0.0;0.0;0.0;0.0;;;0.0;0.0;0.0;0.0;;[];[];[];[];[];[];[];[];1.0;0.0;0.0;1.0;0.0;0.0;;23422.0;;japs;;;Youth
2026-05-08;194113581;Czechia 4. Liga;Czech Republic;12:00;Schedule;0.5513196480938416;1.975;3.5;1.825;3.5;0.0;0.0;;0.0;0.0;0.0;0.0;0.0;;FC Tempo Prague;;0.0;0.0;1.364;0;0.0;0 - 0;5.0;Viktoria Marianske Lazne;;0.0;0.0;5.5;0;0.0;-1.5;0 - 0;0-0;3.5;1.5;-;nan;;;;;;;;;;;;;;;;0.0;0.0;0.0;0.0;;;0.0;0.0;0.0;0.0;;[];[];[];[];[];[];[];[];1.0;0.0;0.0;1.0;0.0;0.0;;;;;;;
2026-05-08;194151457;Poland III Liga;Poland;12:00;Schedule;0.7280701754385965;1.925;3.5;1.875;3.5;0.0;0.0;;0.0;0.0;0.0;0.0;0.0;;Blekitni Stargard;;0.0;0.0;1.2;0;0.0;0 - 0;6.0;Wybrzeze Rewalskie Rewal;;0.0;0.0;9.5;0;0.0;-2.0;0 - 0;0-0;3.5;1.5;-;nan;;;;;;;;;;;;;;;;0.0;0.0;0.0;0.0;;;0.0;0.0;0.0;0.0;;[];[];[];[];[];[];[];[];1.0;0.0;0.0;1.0;0.0;0.0;;;;;;;
2026-05-08;194205492;Slovakia Cup Women;Slovakia;12:00;Schedule;0.06238859180035644;1.925;3.0, 3.5;1.875;3.0, 3.5;0.0;0.0;;0.0;0.0;0.0;0.0;0.0;;Spartak Myjava (W);;0.0;0.0;2.2;0;0.0;0 - 0;3.8;Slovan Bratislava (W);;0.0;0.0;2.55;0;0.0;-0.25;0 - 0;0-0;3.25;1.25;-;nan;;;;;;;;;;;;;;;;0.0;0.0;0.0;0.0;;;0.0;0.0;0.0;0.0;;[];[];[];[];[];[];[];[];1.0;0.0;0.0;1.0;0.0;0.0;;2404.0;;sk slovan bratislava;;;Women
2026-05-08;193330080;Romania Liga I;Romania;12:00;Schedule;0.2142857142857143;1.8;2.0, 2.5;2.0;2.0, 2.5;0.0;0.0;;0.0;0.0;0.0;0.0;0.0;;UTA Arad;;0.0;0.0;2.0;0;0.0;0 - 0;3.25;FK Csikszereda Miercurea Ciuc;;0.0;0.0;3.5;0;0.0;-0.5;0 - 0;0-0;2.25;1.0;-;nan;;;;;;;;;;;;;;;;0.0;0.0;0.0;0.0;;;0.0;0.0;0.0;0.0;;[];[];[];[];[];[];[];[];1.0;0.0;0.0;1.0;0.0;0.0;221210.0;391688.0;fc uta arad;afk csikszereda miercurea ciuc;1.83;1.83;
2026-05-08;193197993;Finland Veikkausliiga;Finland;12:00;Schedule;-0.3409435575040671;1.925;2.5, 3.0;1.875;2.5, 3.0;0.0;0.0;;0.0;0.0;0.0;0.0;0.0;;TPS;;0.0;0.0;4.2;0;0.0;0 - 0;3.8;HJK Helsinki;;0.0;0.0;1.727;0;0.0;+0.75;0 - 0;0-0;2.75;1.25;-;nan;;;;;;;;;;;;;;;;0.0;0.0;0.0;0.0;;;0.0;0.0;0.0;0.0;;[];[];[];[];[];[];[];[];1.0;0.0;0.0;1.0;0.0;0.0;;2242.0;;hjk helsinki;;;
2026-05-08;193197990;Finland Veikkausliiga;Finland;12:00;Schedule;-0.08730158730158727;1.85;2.5, 3.0;1.95;2.5, 3.0;0.0;0.0;;0.0;0.0;0.0;0.0;0.0;;FC Ilves;;0.0;0.0;2.8;0;0.0;0 - 0;3.3;AC Oulu;;0.0;0.0;2.25;0;0.0;0.0;0 - 0;0-0;2.75;1.25;-;nan;;;;;;;;;;;;;;;;0.0;0.0;0.0;0.0;;;0.0;0.0;0.0;0.0;;[];[];[];[];[];[];[];[];1.0;0.0;0.0;1.0;0.0;0.0;22386.0;5114.0;tampereen ilves;ac oulu;1.5;1.53;
2026-05-08;194115805;Serbia Prva Liga;Serbia;12:00;Schedule;0.17316017316017313;1.95;2.0, 2.5;1.85;2.0, 2.5;0.0;0.0;;0.0;0.0;0.0;0.0;0.0;;FK Kabel Novi Sad;13.0;0.0;0.0;2.1;0;0.0;0 - 0;3.0;FK Trayal Krusevac;14.0;0.0;0.0;3.3;0;0.0;-0.25;0 - 0;0-0;2.25;1.0;-;nan;;;;;;;;;;;;;;;;0.0;0.0;0.0;0.0;;;0.0;0.0;0.0;0.0;;[];[];[];[];[];[];[];[];1.0;0.0;0.0;1.0;0.0;0.0;;;;;;;
2026-05-08;194253513;Colombia U20 League;Colombia;12:00;Schedule;0.2514360899842752;1.975;3.0;1.825;3.0;0.0;0.0;;0.0;0.0;0.0;0.0;0.0;;CEIF U20;;0.0;0.0;1.833;0;0.0;0 - 0;3.6;Europa FC Quindio U20;;0.0;0.0;3.4;0;0.0;-0.5;0 - 0;0-0;3.0;1.25;-;nan;;;;;;;;;;;;;;;;0.0;0.0;0.0;0.0;;;0.0;0.0;0.0;0.0;;[];[];[];[];[];[];[];[];1.0;0.0;0.0;1.0;0.0;0.0;;;;;;;Youth
2026-05-08;194173222;Tunisia League 1;Tunisia;12:00;Schedule;0.8272715910511186;1.775;2.0, 2.5;2.025;2.0, 2.5;0.0;0.0;;0.0;0.0;0.0;0.0;0.0;;Olympique de Beja;12.0;0.0;0.0;1.143;0;0.0;0 - 0;5.5;JS Omrane;7.0;0.0;0.0;21.0;0;0.0;-1.75;0 - 0;0-0;2.25;1.0;-;nan;;;;;;;;;;;;;;;;0.0;0.0;0.0;0.0;;;0.0;0.0;0.0;0.0;;[];[];[];[];[];[];[];[];1.0;0.0;0.0;1.0;0.0;0.0;;;;;;;
2026-05-08;194110637;Algeria Division 1;Algeria;12:00;Schedule;0.4784026773306107;1.975;2.5;1.825;2.5;0.0;0.0;;0.0;0.0;0.0;0.0;0.0;;USM Khenchela;9.0;0.0;0.0;1.533;0;0.0;0 - 0;3.5;MC El Bayadh;16.0;0.0;0.0;5.75;0;0.0;-1.0;0 - 0;0-0;2.5;1.0;-;nan;;;;;;;;;;;;;;;;0.0;0.0;0.0;0.0;;;0.0;0.0;0.0;0.0;;[];[];[];[];[];[];[];[];1.0;0.0;0.0;1.0;0.0;0.0;300444.0;133466.0;usm khenchela;el bayadh;;;
2026-05-08;194206635;Oman Federation Cup;Oman;12:15;Schedule;0.2222222222222222;1.9;2.0;1.9;2.0;0.0;0.0;;0.0;0.0;0.0;0.0;0.0;;Al-Nahda;;0.0;0.0;2.0;0;0.0;0 - 0;3.0;Sohar Club;;0.0;0.0;3.6;0;0.0;-0.25;0 - 0;0-0;2.0;0.75;-;nan;;;;;;;;;;;;;;;;0.0;0.0;0.0;0.0;;;0.0;0.0;0.0;0.0;;[];[];[];[];[];[];[];[];1.0;0.0;0.0;1.0;0.0;0.0;40648.0;99993.0;al nahda;sohar;;;
2026-05-08;194155106;Finland Kakkonen Group A;Finland;12:30;Schedule;0.07295941632466935;1.975;3.5;1.825;3.5;0.0;0.0;;0.0;0.0;0.0;0.0;0.0;;Reipas;;0.0;0.0;2.15;0;0.0;0 - 0;3.75;Puiu;;0.0;0.0;2.55;0;0.0;-0.25;0 - 0;0-0;3.5;1.5;-;nan;;;;;;;;;;;;;;;;0.0;0.0;0.0;0.0;;;0.0;0.0;0.0;0.0;;[];[];[];[];[];[];[];[];1.0;0.0;0.0;1.0;0.0;0.0;66870.0;2283.0;lahden reipas;puistolan urheilijat;;;
2026-05-08;194155111;Finland Kakkonen Group C;Finland;12:30;Schedule;-0.03628117913832202;1.875;3.5;1.925;3.5;0.0;0.0;;0.0;0.0;0.0;0.0;0.0;;VPS-J;;0.0;0.0;2.45;0;0.0;0 - 0;3.7;JBK;;0.0;0.0;2.25;0;0.0;+0.25;0 - 0;0-0;3.5;1.5;-;nan;;;;;;;;;;;;;;;;0.0;0.0;0.0;0.0;;;0.0;0.0;0.0;0.0;;[];[];[];[];[];[];[];[];1.0;0.0;0.0;1.0;0.0;0.0;22397.0;22387.0;vps akatemia;jakobstads bollklubb;;;
2026-05-08;194151782;Azerbaijan Premier League;Azerbaijan;12:30;Schedule;0.6153846153846153;1.9;3.0, 3.5;1.9;3.0, 3.5;0.0;0.0;;0.0;0.0;0.0;0.0;0.0;;Sabah;;0.0;0.0;1.3;0;0.0;0 - 0;5.0;FK Kapaz;;0.0;0.0;6.5;0;0.0;-1.75;0 - 0;0-0;3.25;1.25;-;nan;;;;;;;;;;;;;;;;0.0;0.0;0.0;0.0;;;0.0;0.0;0.0;0.0;;[];[];[];[];[];[];[];[];1.0;0.0;0.0;1.0;0.0;0.0;;;;;;;
2026-05-08;194206644;Poland IV Liga;Poland;12:30;Schedule;0.5513196480938416;1.95;3.0;1.85;3.0;0.0;0.0;;0.0;0.0;0.0;0.0;0.0;;Orleta Kielce;;0.0;0.0;1.364;0;0.0;0 - 0;5.0;Granat Skarzysko-Kamienna;;0.0;0.0;5.5;0;0.0;-0.75;0 - 0;0-0;3.0;1.25;-;nan;;;;;;;;;;;;;;;;0.0;0.0;0.0;0.0;;;0.0;0.0;0.0;0.0;;[];[];[];[];[];[];[];[];1.0;0.0;0.0;1.0;0.0;0.0;;;;;;;
2026-05-08;194156324;Chile Primera Division Women;Chile;12:30;Schedule;-0.7799749522114561;1.975;3.0, 3.5;1.825;3.0, 3.5;0.0;0.0;;0.0;0.0;0.0;0.0;0.0;;Magallanes (W);;0.0;0.0;13.0;0;0.0;0 - 0;5.75;Coquimbo Unido (W);;0.0;0.0;1.167;0;0.0;+2.0;0 - 0;0-0;3.25;1.25;-;nan;;;;;;;;;;;;;;;;0.0;0.0;0.0;0.0;;;0.0;0.0;0.0;0.0;;[];[];[];[];[];[];[];[];1.0;0.0;0.0;1.0;0.0;0.0;;3165.0;;coquimbo unido;;;Women
2026-05-08;194205497;Tanzania Premier League;Tanzania;12:30;Schedule;0.25609756097560976;1.875;1.5, 2.0;1.925;1.5, 2.0;0.0;0.0;;0.0;0.0;0.0;0.0;0.0;;Namungo FC;8.0;0.0;0.0;2.0;0;0.0;0 - 0;2.7;Mashujaa FC;11.0;0.0;0.0;4.1;0;0.0;-0.5;0 - 0;0-0;1.75;0.75;-;nan;;;;;;;;;;;;;;;;0.0;0.0;0.0;0.0;;;0.0;0.0;0.0;0.0;;[];[];[];[];[];[];[];[];1.0;0.0;0.0;1.0;0.0;0.0;;;;;;;
2026-05-08;194151774;Finland Ykkosliiga;Finland;12:30;Schedule;0.4417894050193979;1.85;3.0;1.95;3.0;0.0;0.0;;0.0;0.0;0.0;0.0;0.0;;FC Haka;;0.0;0.0;1.533;0;0.0;0 - 0;3.9;EIF;;0.0;0.0;4.75;0;0.0;-1.0;0 - 0;0-0;3.0;1.25;-;nan;;;;;;;;;;;;;;;;0.0;0.0;0.0;0.0;;;0.0;0.0;0.0;0.0;;[];[];[];[];[];[];[];[];1.0;0.0;0.0;1.0;0.0;0.0;2240.0;22372.0;fc haka valkeakoski;ekenas idrottsforening;;;
2026-05-08;194151695;Croatia 1.NL;Croatia;12:45;Schedule;-0.32752613240418116;1.925;2.0, 2.5;1.875;2.0, 2.5;0.0;0.0;;0.0;0.0;0.0;0.0;0.0;;Karlovac;;0.0;0.0;4.1;0;0.0;0 - 0;3.3;NK Rudes;;0.0;0.0;1.75;0;0.0;+0.5;0 - 0;0-0;2.25;1.0;-;nan;;;;;;;;;;;;;;;;0.0;0.0;0.0;0.0;;;0.0;0.0;0.0;0.0;;[];[];[];[];[];[];[];[];1.0;0.0;0.0;1.0;0.0;0.0;25528.0;35226.0;nk karlovac 1919;nk rudes zagreb;;;
2026-05-08;194155100;Finland Kakkonen Group A;Finland;13:00;Schedule;0.49369903632320244;1.85;4.0, 4.5;1.95;4.0, 4.5;0.0;0.0;;0.0;0.0;0.0;0.0;0.0;;Atlantis;;0.0;0.0;1.42;0;0.0;0 - 0;5.0;Union Plaani;;0.0;0.0;4.75;0;0.0;-1.25;0 - 0;0-0;4.25;1.75;-;nan;;;;;;;;;;;;;;;;0.0;0.0;0.0;0.0;;;0.0;0.0;0.0;0.0;;[];[];[];[];[];[];[];[];1.0;0.0;0.0;1.0;0.0;0.0;5119.0;728541.0;atlantis fc;union plaani;;;
2026-05-08;194150320;Norway Toppserien Women;Norway;13:00;Schedule;-0.7979675617470894;1.975;3.5;1.825;3.5;0.0;0.0;;0.0;0.0;0.0;0.0;0.0;;Honefoss (W);;0.0;0.0;13.0;0;0.0;0 - 0;7.0;Valerenga (W);;0.0;0.0;1.143;0;0.0;+2.25;0 - 0;0-0;3.5;1.5;-;nan;;;;;;;;;;;;;;;;0.0;0.0;0.0;0.0;;;0.0;0.0;0.0;0.0;;[];[];[];[];[];[];[];[];1.0;0.0;0.0;1.0;0.0;0.0;678.0;1165.0;hoenefoss bk;vaalerenga if;;;Women
2026-05-08;194098654;Bahrain Division 2;Bahrain;13:00;Schedule;-0.24060150375939848;1.9;2.5;1.9;2.5;0.0;0.0;;0.0;0.0;0.0;0.0;0.0;;Al Hala;;0.0;0.0;3.5;0;0.0;0 - 0;3.4;East Riffa;;0.0;0.0;1.9;0;0.0;+0.5;0 - 0;0-0;2.5;1.0;-;nan;;;;;;;;;;;;;;;;0.0;0.0;0.0;0.0;;;0.0;0.0;0.0;0.0;;[];[];[];[];[];[];[];[];1.0;0.0;0.0;1.0;0.0;0.0;;;;;;;
2026-05-08;194091020;Serbia Super Liga;Serbia;13:00;Schedule;0.44606104695219917;1.95;2.5, 3.0;1.85;2.5, 3.0;0.0;0.0;;0.0;0.0;0.0;0.0;0.0;;Vojvodina;2.0;0.0;0.0;1.571;0;0.0;0 - 0;4.1;FK Cukaricki;7.0;0.0;0.0;5.25;0;0.0;-1.0;0 - 0;0-0;2.75;1.25;-;nan;;;;;;;;;;;;;;;;0.0;0.0;0.0;0.0;;;0.0;0.0;0.0;0.0;;[];[];[];[];[];[];[];[];1.0;0.0;0.0;1.0;0.0;0.0;5150.0;5148.0;fk vojvodina novi sad;fk cukaricki belgrade;1.8;1.8;
2026-05-08;194085246;Cyprus Division 1;Cyprus;13:00;Schedule;0.3450292397660819;1.975;2.5;1.825;2.5;0.0;0.0;;0.0;0.0;0.0;0.0;0.0;;Anorthosis Famagusta;9.0;0.0;0.0;1.8;0;0.0;0 - 0;3.5;Krasava ENY Ypsonas;10.0;0.0;0.0;4.75;0;0.0;-0.5;0 - 0;0-0;2.5;1.0;-;nan;;;;;;;;;;;;;;;;0.0;0.0;0.0;0.0;;;0.0;0.0;0.0;0.0;;[];[];[];[];[];[];[];[];1.0;0.0;0.0;1.0;0.0;0.0;3403.0;617260.0;anorthosis famagusta;krasava eny ypsonas fc;1.9;1.9;
2026-05-08;193331614;Estonia Meistriliiga;Estonia;13:00;Schedule;0.26143790849673204;1.8;3.0;2.0;3.0;0.0;0.0;;0.0;0.0;0.0;0.0;0.0;;JK Tammeka Tartu;7.0;0.0;0.0;1.8;0;0.0;0 - 0;3.75;FC Kuressaare;9.0;0.0;0.0;3.4;0;0.0;-0.5;0 - 0;0-0;3.0;1.25;-;nan;;;;;;;;;;;;;;;;0.0;0.0;0.0;0.0;;;0.0;0.0;0.0;0.0;;[];[];[];[];[];[];[];[];1.0;0.0;0.0;1.0;0.0;0.0;138566.0;7106.0;tartu jk tammeka;fc kuressaare;1.53;1.53;
2026-05-08;194267274;Colombia U19 Championship;Colombia;13:00;Schedule;0.2514360899842752;1.85;3.0;1.95;3.0;0.0;0.0;;0.0;0.0;0.0;0.0;0.0;;CEIF U19;;0.0;0.0;1.833;0;0.0;0 - 0;3.6;Europa FC Quindio U19;;0.0;0.0;3.4;0;0.0;-0.5;0 - 0;0-0;3.0;1.25;-;nan;;;;;;;;;;;;;;;;0.0;0.0;0.0;0.0;;;0.0;0.0;0.0;0.0;;[];[];[];[];[];[];[];[];1.0;0.0;0.0;1.0;0.0;0.0;;;;;;;Youth
2026-05-08;193762010;Poland Ekstraklasa;Poland;13:00;Schedule;0.3333333333333333;1.975;2.5, 3.0;1.825;2.5, 3.0;0.0;0.0;;0.0;0.0;0.0;0.0;0.0;;Rakow Czestochowa;5.0;0.0;0.0;1.75;0;0.0;0 - 0;3.5;Korona Kielce;12.0;0.0;0.0;4.2;0;0.0;-0.75;0 - 0;0-0;2.75;1.0;-;nan;;;;;;;;;;;;;;;;0.0;0.0;0.0;0.0;;;0.0;0.0;0.0;0.0;;[];[];[];[];[];[];[];[];1.0;0.0;0.0;1.0;0.0;0.0;35268.0;5065.0;rks rakow czestochowa;korona kielce;1.66;1.7;
2026-05-08;194253518;Colombia U20 League;Colombia;13:00;Schedule;-0.0444444444444444;1.8;3.0;2.0;3.0;0.0;0.0;;0.0;0.0;0.0;0.0;0.0;;Belen Arco Zaragoza U20;;0.0;0.0;2.5;0;0.0;0 - 0;3.6;Envigado FC U20;;0.0;0.0;2.25;0;0.0;0.0;0 - 0;0-0;3.0;nan;-;nan;;;;;;;;;;;;;;;;0.0;0.0;0.0;0.0;;;0.0;0.0;0.0;0.0;;[];[];[];[];[];[];[];[];1.0;0.0;0.0;1.0;0.0;0.0;;;;;;;Youth
2026-05-08;194115419;Austria Landesliga;Austria;13:00;Schedule;0.03628117913832202;1.85;2.5, 3.0;1.95;2.5, 3.0;0.0;0.0;;0.0;0.0;0.0;0.0;0.0;;FC Stadlau;;0.0;0.0;2.25;0;0.0;0 - 0;3.9;A XIII Auhof Center;;0.0;0.0;2.45;0;0.0;0.0;0 - 0;0-0;2.75;1.25;-;nan;;;;;;;;;;;;;;;;0.0;0.0;0.0;0.0;;;0.0;0.0;0.0;0.0;;[];[];[];[];[];[];[];[];1.0;0.0;0.0;1.0;0.0;0.0;;;;;;;
2026-05-08;194115425;Austria Landesliga;Austria;13:00;Schedule;-0.17948717948717957;1.85;2.5, 3.0;1.95;2.5, 3.0;0.0;0.0;;0.0;0.0;0.0;0.0;0.0;;Red Star Penzing;;0.0;0.0;3.0;0;0.0;0 - 0;3.8;SV Wienerberg;;0.0;0.0;1.95;0;0.0;+0.5;0 - 0;0-0;2.75;1.25;-;nan;;;;;;;;;;;;;;;;0.0;0.0;0.0;0.0;;;0.0;0.0;0.0;0.0;;[];[];[];[];[];[];[];[];1.0;0.0;0.0;1.0;0.0;0.0;;;;;;;
2026-05-08;194098656;Bahrain Division 2;Bahrain;13:00;Schedule;0.6442307692307692;1.875;3.0;1.925;3.0;0.0;0.0;;0.0;0.0;0.0;0.0;0.0;;Al Ittifaq Maqaba;;0.0;0.0;1.3;0;0.0;0 - 0;5.5;Busaiteen;;0.0;0.0;8.0;0;0.0;-1.75;0 - 0;0-0;3.0;1.25;-;nan;;;;;;;;;;;;;;;;0.0;0.0;0.0;0.0;;;0.0;0.0;0.0;0.0;;[];[];[];[];[];[];[];[];1.0;0.0;0.0;1.0;0.0;0.0;;;;;;;
2026-05-08;194098658;Bahrain Division 2;Bahrain;13:00;Schedule;-0.7979675617470894;2.0;3.5;1.8;3.5;0.0;0.0;;0.0;0.0;0.0;0.0;0.0;;Etehad Al Reef;;0.0;0.0;13.0;0;0.0;0 - 0;7.0;Al-Ittihad Bahrain;;0.0;0.0;1.143;0;0.0;+2.25;0 - 0;0-0;3.5;1.5;-;nan;;;;;;;;;;;;;;;;0.0;0.0;0.0;0.0;;;0.0;0.0;0.0;0.0;;[];[];[];[];[];[];[];[];1.0;0.0;0.0;1.0;0.0;0.0;;;;;;;
2026-05-08;193331510;Denmark Division 1;Denmark;13:00;Schedule;0.3351363565749149;2.025;3.0;1.775;3.0;0.0;0.0;;0.0;0.0;0.0;0.0;0.0;;Hobro IK;;0.0;0.0;1.727;0;0.0;0 - 0;4.0;B93 Copenhagen;;0.0;0.0;4.1;0;0.0;-0.75;0 - 0;0-0;3.0;1.25;-;nan;;;;;;;;;;;;;;;;0.0;0.0;0.0;0.0;;;0.0;0.0;0.0;0.0;;[];[];[];[];[];[];[];[];1.0;0.0;0.0;1.0;0.0;0.0;1392.0;1298.0;hobro ik;b93 copenhagen;1.61;1.61;
2026-05-08;193331290;Austria 2. Liga;Austria;13:00;Schedule;-0.016006402561024313;1.8;2.5, 3.0;2.0;2.5, 3.0;0.0;0.0;;0.0;0.0;0.0;0.0;0.0;;SW Bregenz;15.0;0.0;0.0;2.55;0;0.0;0 - 0;3.6;FK Austria Vienna II;7.0;0.0;0.0;2.45;0;0.0;0.0;0 - 0;0-0;2.75;1.25;-;nan;;;;;;;;;;;;;;;;0.0;0.0;0.0;0.0;;;0.0;0.0;0.0;0.0;;[];[];[];[];[];[];[];[];1.0;0.0;0.0;1.0;0.0;0.0;7786.0;2108.0;schwarz-weiss bregenz;young violets wien;1.57;1.57;Youth
2026-05-08;194267270;Colombia U19 Championship;Colombia;13:00;Schedule;0.11904761904761901;1.875;3.0;1.925;3.0;0.0;0.0;;0.0;0.0;0.0;0.0;0.0;;Belen Arco Zaragoza U19;;0.0;0.0;2.1;0;0.0;0 - 0;3.5;Envigado U19;;0.0;0.0;2.8;0;0.0;-0.25;0 - 0;0-0;3.0;1.25;-;nan;;;;;;;;;;;;;;;;0.0;0.0;0.0;0.0;;;0.0;0.0;0.0;0.0;;[];[];[];[];[];[];[];[];1.0;0.0;0.0;1.0;0.0;0.0;;;;;;;Youth
2026-05-08;193331237;Austria 2. Liga;Austria;13:00;Schedule;-0.2535641980377444;1.975;2.5;1.825;2.5;0.0;0.0;;0.0;0.0;0.0;0.0;0.0;;SV Austria Salzburg;;0.0;0.0;3.7;0;0.0;0 - 0;3.5;Austria Lustenau;;0.0;0.0;1.909;0;0.0;+0.5;0 - 0;0-0;2.5;1.0;-;nan;;;;;;;;;;;;;;;;0.0;0.0;0.0;0.0;;;0.0;0.0;0.0;0.0;;[];[];[];[];[];[];[];[];1.0;0.0;0.0;1.0;0.0;0.0;43074.0;2062.0;austria salzburg;austria lustenau;1.83;1.83;
2026-05-08;194163880;Qatar Stars League Play-Offs;Qatar;13:00;Schedule;0.4143150152061674;1.8;2.5;2.0;2.5;0.0;0.0;;0.0;0.0;0.0;0.0;0.0;;Al-Shahaniya SC;;0.0;0.0;1.571;0;0.0;0 - 0;3.9;Al-Kharitiyath SC;;0.0;0.0;4.5;0;0.0;-0.75;0 - 0;0-0;2.5;1.0;-;nan;;;;;;;;;;;;;;;;0.0;0.0;0.0;0.0;;;0.0;0.0;0.0;0.0;;[];[];[];[];[];[];[];[];1.0;0.0;0.0;1.0;0.0;0.0;170364.0;;al shahaniya;;;;
2026-05-08;194156066;Norway Toppserien Women;Norway;13:00;Schedule;-0.10797342192691028;1.9;2.5, 3.0;1.9;2.5, 3.0;0.0;0.0;;0.0;0.0;0.0;0.0;0.0;;Molde FK (W);;0.0;0.0;2.8;0;0.0;0 - 0;3.4;Røa (W);;0.0;0.0;2.15;0;0.0;+0.25;0 - 0;0-0;2.75;1.25;-;nan;;;;;;;;;;;;;;;;0.0;0.0;0.0;0.0;;;0.0;0.0;0.0;0.0;;[];[];[];[];[];[];[];[];1.0;0.0;0.0;1.0;0.0;0.0;;;;;;;Women
2026-05-08;193331284;Austria 2. Liga;Austria;13:00;Schedule;-0.22971682124919107;2.025;3.0;1.775;3.0;0.0;0.0;;0.0;0.0;0.0;0.0;0.0;;Rapid Vienna II;;0.0;0.0;3.4;0;0.0;0 - 0;3.9;First Vienna FC 1894;;0.0;0.0;1.909;0;0.0;+0.5;0 - 0;0-0;2.75;1.25;-;nan;;;;;;;;;;;;;;;;0.0;0.0;0.0;0.0;;;0.0;0.0;0.0;0.0;;[];[];[];[];[];[];[];[];1.0;0.0;0.0;1.0;0.0;0.0;2092.0;2054.0;rapid wien ii;first vienna fc 1894;1.72;1.61;Youth
2026-05-08;193331271;Austria 2. Liga;Austria;13:00;Schedule;-0.1875;2.0;3.0;1.8;3.0;0.0;0.0;;0.0;0.0;0.0;0.0;0.0;;FC Liefering;;0.0;0.0;3.2;0;0.0;0 - 0;3.9;Admira Wacker;;0.0;0.0;2.0;0;0.0;+0.5;0 - 0;0-0;3.0;1.25;-;nan;;;;;;;;;;;;;;;;0.0;0.0;0.0;0.0;;;0.0;0.0;0.0;0.0;;[];[];[];[];[];[];[];[];1.0;0.0;0.0;1.0;0.0;0.0;7790.0;2050.0;fc liefering;fc admira wacker modling;1.72;1.61;
2026-05-08;194150334;Norway Toppserien Women;Norway;13:00;Schedule;0.9071368270666926;1.9;3.5, 4.0;1.9;3.5, 4.0;0.0;0.0;;0.0;0.0;0.0;0.0;0.0;;Rosenborg (W);;0.0;0.0;1.062;0;0.0;0 - 0;11.0;Bodo/Glimt (W);;0.0;0.0;29.0;0;0.0;-3.0;0 - 0;0-0;3.75;1.75;-;nan;;;;;;;;;;;;;;;;0.0;0.0;0.0;0.0;;;0.0;0.0;0.0;0.0;;[];[];[];[];[];[];[];[];1.0;0.0;0.0;1.0;0.0;0.0;1161.0;656.0;rosenborg bk;bodoe/glimt;;;Women
2026-05-08;193331262;Austria 2. Liga;Austria;13:00;Schedule;0.09961685823754785;1.95;2.5, 3.0;1.85;2.5, 3.0;0.0;0.0;;0.0;0.0;0.0;0.0;0.0;;Hertha Wels;;0.0;0.0;2.25;0;0.0;0 - 0;3.5;SK Sturm Graz II;;0.0;0.0;2.9;0;0.0;-0.25;0 - 0;0-0;2.75;1.0;-;nan;;;;;;;;;;;;;;;;0.0;0.0;0.0;0.0;;;0.0;0.0;0.0;0.0;;[];[];[];[];[];[];[];[];1.0;0.0;0.0;1.0;0.0;0.0;459941.0;2103.0;fc hertha wels;sk sturm graz ii;1.61;1.61;Youth
2026-05-08;193331277;Austria 2. Liga;Austria;13:00;Schedule;-0.43463497453310695;1.9;3.0;1.9;3.0;0.0;0.0;;0.0;0.0;0.0;0.0;0.0;;SV Kapfenberg;13.0;0.0;0.0;4.75;0;0.0;0 - 0;4.5;St Polten;3.0;0.0;0.0;1.55;0;0.0;+1.0;0 - 0;0-0;3.0;1.25;-;nan;;;;;;;;;;;;;;;;0.0;0.0;0.0;0.0;;;0.0;0.0;0.0;0.0;;[];[];[];[];[];[];[];[];1.0;0.0;0.0;1.0;0.0;0.0;2067.0;2119.0;kapfenberger sv;skn st polten;1.8;1.8;
2026-05-08;194156072;Norway Toppserien Women;Norway;13:00;Schedule;0.8160671092584015;1.95;3.5;1.85;3.5;0.0;0.0;;0.0;0.0;0.0;0.0;0.0;;SK Brann (W);;0.0;0.0;1.143;0;0.0;0 - 0;7.5;Stabaek (W);;0.0;0.0;17.0;0;0.0;-2.25;0 - 0;0-0;3.5;1.5;-;nan;;;;;;;;;;;;;;;;0.0;0.0;0.0;0.0;;;0.0;0.0;0.0;0.0;;[];[];[];[];[];[];[];[];1.0;0.0;0.0;1.0;0.0;0.0;1159.0;1162.0;sk brann;stabaek if;;;Women
2026-05-08;194153041;Latvia Virsliga;Latvia;13:00;Schedule;0.6073304040295788;1.775;2.5, 3.0;2.025;2.5, 3.0;0.0;0.0;;0.0;0.0;0.0;0.0;0.0;;RFS;2.0;0.0;0.0;1.333;0;0.0;0 - 0;4.75;FK Liepaja;6.0;0.0;0.0;7.0;0;0.0;-1.5;0 - 0;0-0;2.75;1.25;-;nan;;;;;;;;;;;;;;;;0.0;0.0;0.0;0.0;;;0.0;0.0;0.0;0.0;;[];[];[];[];[];[];[];[];1.0;0.0;0.0;1.0;0.0;0.0;68718.0;146336.0;fc rfs;fk liepaja;2.1;2.1;
2026-05-08;194150332;Norway Toppserien Women;Norway;13:00;Schedule;0.06349206349206349;1.85;3.0;1.95;3.0;0.0;0.0;;0.0;0.0;0.0;0.0;0.0;;LSK Kvinner (W);;0.0;0.0;2.25;0;0.0;0 - 0;3.5;Haugesund (W);;0.0;0.0;2.625;0;0.0;-0.25;0 - 0;0-0;3.0;1.25;-;nan;;;;;;;;;;;;;;;;0.0;0.0;0.0;0.0;;;0.0;0.0;0.0;0.0;;[];[];[];[];[];[];[];[];1.0;0.0;0.0;1.0;0.0;0.0;;673.0;;fk haugesund;;;Women
2026-05-08;194173212;Austria Landesliga;Austria;13:00;Schedule;0.43009349858664936;1.875;3.0;1.925;3.0;0.0;0.0;;0.0;0.0;0.0;0.0;0.0;;SV Gerasdorf Stammersdorf;;0.0;0.0;1.533;0;0.0;0 - 0;4.1;Simmeringer SC;;0.0;0.0;4.5;0;0.0;-1.0;0 - 0;0-0;3.0;1.25;-;nan;;;;;;;;;;;;;;;;0.0;0.0;0.0;0.0;;;0.0;0.0;0.0;0.0;;[];[];[];[];[];[];[];[];1.0;0.0;0.0;1.0;0.0;0.0;;;;;;;
2026-05-08;194155098;Finland Kolmonen;Finland;13:00;Schedule;0.08403361344537807;1.85;3.5;1.95;3.5;0.0;0.0;;0.0;0.0;0.0;0.0;0.0;;PiPS;;0.0;0.0;2.1;0;0.0;0 - 0;4.0;ACF;;0.0;0.0;2.55;0;0.0;-0.25;0 - 0;0-0;3.5;1.5;-;nan;;;;;;;;;;;;;;;;0.0;0.0;0.0;0.0;;;0.0;0.0;0.0;0.0;;[];[];[];[];[];[];[];[];1.0;0.0;0.0;1.0;0.0;0.0;;;;;;;
2026-05-08;194155109;Finland Kakkonen Group B;Finland;13:00;Schedule;0.8222222222222222;1.85;4.0;1.95;4.0;0.0;0.0;;0.0;0.0;0.0;0.0;0.0;;FC Honka;;0.0;0.0;1.125;0;0.0;0 - 0;7.5;FC Ilves II;;0.0;0.0;15.0;0;0.0;-2.5;0 - 0;0-0;4.0;1.75;-;nan;;;;;;;;;;;;;;;;0.0;0.0;0.0;0.0;;;0.0;0.0;0.0;0.0;;[];[];[];[];[];[];[];[];1.0;0.0;0.0;1.0;0.0;0.0;2260.0;22386.0;fc honka;tampereen ilves;;;Youth
2026-05-08;194155294;Denmark Division 2;Denmark;13:00;Schedule;-0.325077399380805;1.85;3.0;1.95;3.0;0.0;0.0;;0.0;0.0;0.0;0.0;0.0;;HIK;;0.0;0.0;3.8;0;0.0;0 - 0;3.8;FC Roskilde;;0.0;0.0;1.7;0;0.0;+0.75;0 - 0;0-0;3.0;1.25;-;nan;;;;;;;;;;;;;;;;0.0;0.0;0.0;0.0;;;0.0;0.0;0.0;0.0;;[];[];[];[];[];[];[];[];1.0;0.0;0.0;1.0;0.0;0.0;1308.0;4873.0;hik hellerup;fc roskilde;;;
2026-05-08;194155300;Denmark Division 2;Denmark;13:00;Schedule;-0.26777595926532094;1.825;2.5;1.975;2.5;0.0;0.0;;0.0;0.0;0.0;0.0;0.0;;Thisted FC;;0.0;0.0;3.6;0;0.0;0 - 0;3.4;AB;;0.0;0.0;1.833;0;0.0;+0.5;0 - 0;0-0;2.5;1.0;-;nan;;;;;;;;;;;;;;;;0.0;0.0;0.0;0.0;;;0.0;0.0;0.0;0.0;;[];[];[];[];[];[];[];[];1.0;0.0;0.0;1.0;0.0;0.0;1403.0;218750.0;thisted fc;ab gladsaxe;;;
2026-05-08;194163005;Poland III Liga;Poland;13:00;Schedule;0.2857142857142857;1.85;2.5, 3.0;1.95;2.5, 3.0;0.0;0.0;;0.0;0.0;0.0;0.0;0.0;;GKS Wikielec;;0.0;0.0;1.75;0;0.0;0 - 0;3.75;GKS Belchatow;;0.0;0.0;3.5;0;0.0;-0.5;0 - 0;0-0;2.75;1.25;-;nan;;;;;;;;;;;;;;;;0.0;0.0;0.0;0.0;;;0.0;0.0;0.0;0.0;;[];[];[];[];[];[];[];[];1.0;0.0;0.0;1.0;0.0;0.0;;;;;;;
2026-05-08;194156059;Norway Toppserien Women;Norway;13:00;Schedule;0.02354788069073782;2.0;2.5, 3.0;1.8;2.5, 3.0;0.0;0.0;;0.0;0.0;0.0;0.0;0.0;;Fortuna Aalesund (W);;0.0;0.0;2.45;0;0.0;0 - 0;3.4;Lyn (W);;0.0;0.0;2.6;0;0.0;0.0;0 - 0;0-0;2.75;1.0;-;nan;;;;;;;;;;;;;;;;0.0;0.0;0.0;0.0;;;0.0;0.0;0.0;0.0;;[];[];[];[];[];[];[];[];1.0;0.0;0.0;1.0;0.0;0.0;;;;;;;Women
2026-05-08;193331287;Austria 2. Liga;Austria;13:00;Schedule;0.32752613240418116;1.975;2.5, 3.0;1.825;2.5, 3.0;0.0;0.0;;0.0;0.0;0.0;0.0;0.0;;SKU Amstetten;5.0;0.0;0.0;1.75;0;0.0;0 - 0;3.8;Austria Klagenfurt;10.0;0.0;0.0;4.1;0;0.0;-0.75;0 - 0;0-0;2.75;1.0;-;nan;;;;;;;;;;;;;;;;0.0;0.0;0.0;0.0;;;0.0;0.0;0.0;0.0;;[];[];[];[];[];[];[];[];1.0;0.0;0.0;1.0;0.0;0.0;6281.0;43254.0;sku amstetten;sk austria klagenfurt;1.72;1.72;
2026-05-08;194205506;Spanish Copa de Catalunya Women;Spain;13:15;Schedule;0.16369047619047616;1.975;2.5;1.825;2.5;0.0;0.0;;0.0;0.0;0.0;0.0;0.0;;CE Europa (W);;0.0;0.0;2.1;0;0.0;0 - 0;3.2;SE AEM (W);;0.0;0.0;3.2;0;0.0;-0.25;0 - 0;0-0;2.5;1.0;-;nan;;;;;;;;;;;;;;;;0.0;0.0;0.0;0.0;;;0.0;0.0;0.0;0.0;;[];[];[];[];[];[];[];[];1.0;0.0;0.0;1.0;0.0;0.0;135672.0;;ce europa;;;;Women
2026-05-08;194155072;Finland Kolmonen;Finland;13:15;Schedule;0.38653723742838964;1.9;3.5;1.9;3.5;0.0;0.0;;0.0;0.0;0.0;0.0;0.0;;ESPA;;0.0;0.0;1.571;0;0.0;0 - 0;4.333;Gilla FC;;0.0;0.0;4.0;0;0.0;-0.5;0 - 0;0-0;3.5;1.5;-;nan;;;;;;;;;;;;;;;;0.0;0.0;0.0;0.0;;;0.0;0.0;0.0;0.0;;[];[];[];[];[];[];[];[];1.0;0.0;0.0;1.0;0.0;0.0;;;;;;;
2026-05-08;194156577;Lithuania II Lyga;Lithuania;13:30;Schedule;0.8810752371123889;1.9;4.0, 4.5;1.9;4.0, 4.5;0.0;0.0;;0.0;0.0;0.0;0.0;0.0;;Vilnius Football Academy;;0.0;0.0;1.071;0;0.0;0 - 0;10.0;Sirijus Klaipeda;;0.0;0.0;19.0;0;0.0;-3.0;0 - 0;0-0;4.25;1.75;-;nan;;;;;;;;;;;;;;;;0.0;0.0;0.0;0.0;;;0.0;0.0;0.0;0.0;;[];[];[];[];[];[];[];[];1.0;0.0;0.0;1.0;0.0;0.0;;;;;;;Youth
2026-05-08;194110438;Germany Bundesliga Women;Germany;13:30;Schedule;0.1313628899835796;1.8;2.5, 3.0;2.0;2.5, 3.0;0.0;0.0;;0.0;0.0;0.0;0.0;0.0;;Nurnberg (W);;0.0;0.0;2.1;0;0.0;0 - 0;3.5;SGS Essen (W);;0.0;0.0;2.9;0;0.0;-0.25;0 - 0;0-0;2.75;1.25;-;nan;;;;;;;;;;;;;;;;0.0;0.0;0.0;0.0;;;0.0;0.0;0.0;0.0;;[];[];[];[];[];[];[];[];1.0;0.0;0.0;1.0;0.0;0.0;164534.0;5551.0;1. fc nuremberg;sgs essen-schonebeck 19/68;;;Women
2026-05-08;193001531;Germany Bundesliga II;Germany;13:30;Schedule;-0.15360983102918585;1.975;3.0;1.825;3.0;0.0;0.0;;0.0;0.0;0.0;0.0;0.0;;Kaiserslautern;7.0;0.0;0.0;3.1;0;0.0;0 - 0;3.6;Arminia Bielefeld;13.0;0.0;0.0;2.1;0;0.0;+0.25;0 - 0;0-0;3.0;1.25;-;nan;;;;;;;;;;;;;;;;0.0;0.0;0.0;0.0;;;0.0;0.0;0.0;0.0;;[];[];[];[];[];[];[];[];1.0;0.0;0.0;1.0;0.0;0.0;2675.0;2540.0;1 fc kaiserslautern;arminia bielefeld;1.5;1.5;Youth
2026-05-08;194155305;Denmark Division 3;Denmark;13:30;Schedule;0.024509803921568596;2.0;2.5;1.8;2.5;0.0;0.0;;0.0;0.0;0.0;0.0;0.0;;Brønshøj;;0.0;0.0;2.4;0;0.0;0 - 0;3.3;FA 2000;;0.0;0.0;2.55;0;0.0;0.0;0 - 0;0-0;2.5;1.0;-;nan;;;;;;;;;;;;;;;;0.0;0.0;0.0;0.0;;;0.0;0.0;0.0;0.0;;[];[];[];[];[];[];[];[];1.0;0.0;0.0;1.0;0.0;0.0;;;;;;;
2026-05-08;193001539;Germany Bundesliga II;Germany;13:30;Schedule;0.5375586854460095;1.925;3.5;1.875;3.5;0.0;0.0;;0.0;0.0;0.0;0.0;0.0;;Paderborn;4.0;0.0;0.0;1.42;0;0.0;0 - 0;5.5;Karlsruher SC;8.0;0.0;0.0;6.0;0;0.0;-1.25;0 - 0;0-0;3.5;1.5;-;nan;;;;;;;;;;;;;;;;0.0;0.0;0.0;0.0;;;0.0;0.0;0.0;0.0;;[];[];[];[];[];[];[];[];1.0;0.0;0.0;1.0;0.0;0.0;2561.0;2553.0;sc paderborn 07;karlsruher sc;1.53;1.53;Youth
2026-05-08;194151467;Poland III Liga;Poland;13:30;Schedule;-0.15217391304347827;1.925;2.5, 3.0;1.875;2.5, 3.0;0.0;0.0;;0.0;0.0;0.0;0.0;0.0;;Bron Radom;;0.0;0.0;2.875;0;0.0;0 - 0;3.6;CK Troszyn;;0.0;0.0;2.0;0;0.0;+0.25;0 - 0;0-0;2.75;1.25;-;nan;;;;;;;;;;;;;;;;0.0;0.0;0.0;0.0;;;0.0;0.0;0.0;0.0;;[];[];[];[];[];[];[];[];1.0;0.0;0.0;1.0;0.0;0.0;;;;;;;
2026-05-08;194205525;Sierra Leone Premier League;Sierra Leone;13:30;Schedule;-0.036363636363636376;2.025;2.0;1.775;2.0;0.0;0.0;;0.0;0.0;0.0;0.0;0.0;;FC Kallon;;0.0;0.0;2.75;0;0.0;0 - 0;2.8;Old Edwardians;;0.0;0.0;2.5;0;0.0;0.0;0 - 0;0-0;2.0;0.75;-;nan;;;;;;;;;;;;;;;;0.0;0.0;0.0;0.0;;;0.0;0.0;0.0;0.0;;[];[];[];[];[];[];[];[];1.0;0.0;0.0;1.0;0.0;0.0;;;;;;;
2026-05-08;194173224;Jordan League;Jordan;13:45;Schedule;0.21870286576168935;2.025;2.5;1.775;2.5;0.0;0.0;;0.0;0.0;0.0;0.0;0.0;;Al-Hussein SC;;0.0;0.0;1.95;0;0.0;0 - 0;3.2;Al Faisaly Amman;;0.0;0.0;3.4;0;0.0;-0.5;0 - 0;0-0;2.5;1.0;-;nan;;;;;;;;;;;;;;;;0.0;0.0;0.0;0.0;;;0.0;0.0;0.0;0.0;;[];[];[];[];[];[];[];[];1.0;0.0;0.0;1.0;0.0;0.0;117204.0;47482.0;al hussein irbid;al faisaly (jor);;;
2026-05-08;194204428;Finland Kolmonen;Finland;13:45;Schedule;-0.5142857142857142;1.95;4.0;1.85;4.0;0.0;0.0;;0.0;0.0;0.0;0.0;0.0;;SC Zulimanit;;0.0;0.0;5.0;0;0.0;0 - 0;5.0;Jippo II;;0.0;0.0;1.4;0;0.0;+1.5;0 - 0;0-0;4.0;1.75;-;nan;;;;;;;;;;;;;;;;0.0;0.0;0.0;0.0;;;0.0;0.0;0.0;0.0;;[];[];[];[];[];[];[];[];1.0;0.0;0.0;1.0;0.0;0.0;;2263.0;;jippo;;;Youth
2026-05-08;194110621;Algeria Division 1;Algeria;13:45;Schedule;0.350140056022409;2.025;2.5;1.775;2.5;0.0;0.0;;0.0;0.0;0.0;0.0;0.0;;JS Kabylie;;0.0;0.0;1.7;0;0.0;0 - 0;3.5;ES Setif;;0.0;0.0;4.2;0;0.0;-0.75;0 - 0;0-0;2.5;1.0;-;nan;;;;;;;;;;;;;;;;0.0;0.0;0.0;0.0;;;0.0;0.0;0.0;0.0;;[];[];[];[];[];[];[];[];1.0;0.0;0.0;1.0;0.0;0.0;42202.0;41756.0;js kabylie;es setif;;;
2026-05-08;194155309;Denmark Division 3;Denmark;13:45;Schedule;0.47567567567567565;1.975;3.0;1.825;3.0;0.0;0.0;;0.0;0.0;0.0;0.0;0.0;;Odder IGF;11.0;0.0;0.0;1.48;0;0.0;0 - 0;4.1;IF Lyseng;12.0;0.0;0.0;5.0;0;0.0;-1.0;0 - 0;0-0;3.0;1.25;-;nan;;;;;;;;;;;;;;;;0.0;0.0;0.0;0.0;;;0.0;0.0;0.0;0.0;;[];[];[];[];[];[];[];[];1.0;0.0;0.0;1.0;0.0;0.0;;;;;;;
2026-05-08;194116135;Sweden 2.div Södra Götaland;Sweden;14:00;Schedule;-0.3752926074152383;1.975;3.0;1.825;3.0;0.0;0.0;;0.0;0.0;0.0;0.0;0.0;;Räppe GOIF;;0.0;0.0;4.1;0;0.0;0 - 0;3.9;FK Karlskrona;;0.0;0.0;1.615;0;0.0;+0.75;0 - 0;0-0;3.0;1.25;-;nan;;;;;;;;;;;;;;;;0.0;0.0;0.0;0.0;;;0.0;0.0;0.0;0.0;;[];[];[];[];[];[];[];[];1.0;0.0;0.0;1.0;0.0;0.0;327037.0;87692.0;rappe goif;fk karlskrona;;;
2026-05-08;193327119;Bulgaria First League;Bulgaria;14:00;Schedule;-0.036363636363636376;1.8;2.0, 2.5;2.0;2.0, 2.5;0.0;0.0;;0.0;0.0;0.0;0.0;0.0;;CSKA 1948 Sofia;;0.0;0.0;2.75;0;0.0;0 - 0;3.25;CSKA Sofia;;0.0;0.0;2.5;0;0.0;0.0;0 - 0;0-0;2.25;1.0;-;nan;;;;;;;;;;;;;;;;0.0;0.0;0.0;0.0;;;0.0;0.0;0.0;0.0;;[];[];[];[];[];[];[];[];1.0;0.0;0.0;1.0;0.0;0.0;288687.0;3275.0;fc cska 1948;pfc cska sofia;1.83;1.83;
2026-05-08;194151718;Egypt Division 1;Egypt;14:00;Schedule;0.0;1.85;2.0;1.95;2.0;0.0;0.0;;0.0;0.0;0.0;0.0;0.0;;Kahraba Ismailia;19.0;0.0;0.0;2.625;0;0.0;0 - 0;2.8;Pharco FC;20.0;0.0;0.0;2.625;0;0.0;0.0;0 - 0;0-0;2.0;0.75;-;nan;;;;;;;;;;;;;;;;0.0;0.0;0.0;0.0;;;0.0;0.0;0.0;0.0;;[];[];[];[];[];[];[];[];1.0;0.0;0.0;1.0;0.0;0.0;510490.0;307074.0;kahrabaa ismailia;pharco fc;2.1;2.1;
2026-05-08;194116144;Sweden 2.div Västra Götaland;Sweden;14:00;Schedule;-0.06238859180035644;2.025;3.0, 3.5;1.775;3.0, 3.5;0.0;0.0;;0.0;0.0;0.0;0.0;0.0;;IK Kongahälla;;0.0;0.0;2.55;0;0.0;0 - 0;3.7;Jonsereds IF;;0.0;0.0;2.2;0;0.0;+0.25;0 - 0;0-0;3.25;1.25;-;nan;;;;;;;;;;;;;;;;0.0;0.0;0.0;0.0;;;0.0;0.0;0.0;0.0;;[];[];[];[];[];[];[];[];1.0;0.0;0.0;1.0;0.0;0.0;1846.0;7089.0;ik kongahalla;jonsereds if;;;
2026-05-08;194151720;Egypt Division 1;Egypt;14:00;Schedule;-0.07482993197278909;1.95;1.5, 2.0;1.85;1.5, 2.0;0.0;0.0;;0.0;0.0;0.0;0.0;0.0;;Modern Sport FC;;0.0;0.0;3.0;0;0.0;0 - 0;2.7;Al Ittihad Al Sakandary;;0.0;0.0;2.45;0;0.0;+0.25;0 - 0;0-0;1.75;0.75;-;nan;;;;;;;;;;;;;;;;0.0;0.0;0.0;0.0;;;0.0;0.0;0.0;0.0;;[];[];[];[];[];[];[];[];1.0;0.0;0.0;1.0;0.0;0.0;375678.0;35187.0;modern sport fc;al ittihad al sakandary;2.5;2.5;
2026-05-08;194135216;Uganda Premier League;Uganda;14:00;Schedule;0.6081378299120234;2.0;2.0, 2.5;1.8;2.0, 2.5;0.0;0.0;;0.0;0.0;0.0;0.0;0.0;;Vipers SC;;0.0;0.0;1.364;0;0.0;0 - 0;4.1;URA;;0.0;0.0;8.0;0;0.0;-1.25;0 - 0;0-0;2.25;0.75;-;nan;;;;;;;;;;;;;;;;0.0;0.0;0.0;0.0;;;0.0;0.0;0.0;0.0;;[];[];[];[];[];[];[];[];1.0;0.0;0.0;1.0;0.0;0.0;;;;;;;
2026-05-08;194116131;Sweden 2.div Norra Götaland;Sweden;14:00;Schedule;0.4417894050193979;1.95;3.0;1.85;3.0;0.0;0.0;;0.0;0.0;0.0;0.0;0.0;;Herrestads AIF;;0.0;0.0;1.533;0;0.0;0 - 0;4.0;Stenungsunds IF;;0.0;0.0;4.75;0;0.0;-1.0;0 - 0;0-0;3.0;1.25;-;nan;;;;;;;;;;;;;;;;0.0;0.0;0.0;0.0;;;0.0;0.0;0.0;0.0;;[];[];[];[];[];[];[];[];1.0;0.0;0.0;1.0;0.0;0.0;210386.0;22347.0;herrestads aif;stenungsunds if;;;
2026-05-08;193756222;Sweden 1.div Norra;Sweden;14:00;Schedule;0.0;1.85;3.0, 3.5;1.95;3.0, 3.5;0.0;0.0;;0.0;0.0;0.0;0.0;0.0;;Enköping;;0.0;0.0;2.375;0;0.0;0 - 0;3.6;AFC Eskilstuna;;0.0;0.0;2.375;0;0.0;0.0;0 - 0;0-0;3.25;1.25;-;nan;;;;;;;;;;;;;;;;0.0;0.0;0.0;0.0;;;0.0;0.0;0.0;0.0;;[];[];[];[];[];[];[];[];1.0;0.0;0.0;1.0;0.0;0.0;1780.0;5954.0;enkopings sk;afc eskilstuna;1.4;1.4;
2026-05-08;194115460;Austria Regionalliga Ost;Austria;14:00;Schedule;0.0735930735930736;1.925;3.0;1.875;3.0;0.0;0.0;;0.0;0.0;0.0;0.0;0.0;;Neusiedl;;0.0;0.0;2.2;0;0.0;0 - 0;3.75;Sportunion Mauer;;0.0;0.0;2.625;0;0.0;-0.25;0 - 0;0-0;3.0;1.25;-;nan;;;;;;;;;;;;;;;;0.0;0.0;0.0;0.0;;;0.0;0.0;0.0;0.0;;[];[];[];[];[];[];[];[];1.0;0.0;0.0;1.0;0.0;0.0;;;;;;;
2026-05-08;194252147;Botswana FA Cup;Botswana;14:00;Schedule;-0.3147667534289746;1.8;2.0;2.0;2.0;0.0;0.0;;0.0;0.0;0.0;0.0;0.0;;Black Lions FC;;0.0;0.0;4.333;0;0.0;0 - 0;3.0;Mochudi Centre Chiefs;;0.0;0.0;1.833;0;0.0;+0.5;0 - 0;0-0;2.0;0.75;-;nan;;;;;;;;;;;;;;;;0.0;0.0;0.0;0.0;;;0.0;0.0;0.0;0.0;;[];[];[];[];[];[];[];[];1.0;0.0;0.0;1.0;0.0;0.0;;;;;;;
2026-05-08;194115455;Austria Regionalliga Mitte;Austria;14:00;Schedule;0.0444444444444444;1.8;3.0;2.0;3.0;0.0;0.0;;0.0;0.0;0.0;0.0;0.0;;SK Treibach;14.0;0.0;0.0;2.25;0;0.0;0 - 0;3.8;SC Weiz;10.0;0.0;0.0;2.5;0;0.0;0.0;0 - 0;0-0;3.0;1.25;-;nan;;;;;;;;;;;;;;;;0.0;0.0;0.0;0.0;;;0.0;0.0;0.0;0.0;;[];[];[];[];[];[];[];[];1.0;0.0;0.0;1.0;0.0;0.0;;;;;;;
2026-05-08;194110627;Algeria Division 1;Algeria;14:00;Schedule;0.6664938655607395;1.85;2.5;1.95;2.5;0.0;0.0;;0.0;0.0;0.0;0.0;0.0;;MC Alger;1.0;0.0;0.0;1.286;0;0.0;0 - 0;4.333;MB Rouissat;13.0;0.0;0.0;9.0;0;0.0;-1.5;0 - 0;0-0;2.5;1.0;-;nan;;;;;;;;;;;;;;;;0.0;0.0;0.0;0.0;;;0.0;0.0;0.0;0.0;;[];[];[];[];[];[];[];[];1.0;0.0;0.0;1.0;0.0;0.0;42204.0;300448.0;mc alger;mb rouissat;;;
2026-05-08;194116138;Sweden Elitettan;Sweden;14:00;Schedule;0.12416851441241689;1.975;3.0;1.825;3.0;0.0;0.0;;0.0;0.0;0.0;0.0;0.0;;Linköpings FC (W);;0.0;0.0;2.05;0;0.0;0 - 0;3.7;KIF Orebro (W);;0.0;0.0;2.75;0;0.0;-0.25;0 - 0;0-0;3.0;1.25;-;nan;;;;;;;;;;;;;;;;0.0;0.0;0.0;0.0;;;0.0;0.0;0.0;0.0;;[];[];[];[];[];[];[];[];1.0;0.0;0.0;1.0;0.0;0.0;;;;;;;Women
2026-05-08;194157711;Croatia 3.NL;Croatia;14:00;Schedule;-0.6073304040295788;1.925;3.0;1.875;3.0;0.0;0.0;;0.0;0.0;0.0;0.0;0.0;;NK Precko;;0.0;0.0;7.0;0;0.0;0 - 0;4.75;NK Inker Zapresic;;0.0;0.0;1.333;0;0.0;+1.5;0 - 0;0-0;3.0;1.25;-;nan;;;;;;;;;;;;;;;;0.0;0.0;0.0;0.0;;;0.0;0.0;0.0;0.0;;[];[];[];[];[];[];[];[];1.0;0.0;0.0;1.0;0.0;0.0;;;;;;;
2026-05-08;194252356;Türkiye 3. Lig Promotion Group Play-off;Turkey;14:00;Schedule;0.032051282051282104;1.8;2.5;2.0;2.5;0.0;0.0;;0.0;0.0;0.0;0.0;0.0;;Erciyes 38 FK;;0.0;0.0;2.4;0;0.0;0 - 0;3.2;Malatya Yesilyurtspor;;0.0;0.0;2.6;0;0.0;0.0;0 - 0;0-0;2.5;1.0;-;nan;;;;;;;;;;;;;;;;0.0;0.0;0.0;0.0;;;0.0;0.0;0.0;0.0;;[];[];[];[];[];[];[];[];1.0;0.0;0.0;1.0;0.0;0.0;;;;;;;
2026-05-08;193320684;Sweden Superettan;Sweden;14:00;Schedule;0.08080808080808077;1.8;2.5;2.0;2.5;0.0;0.0;;0.0;0.0;0.0;0.0;0.0;;Varbergs BoIS FC;1.0;0.0;0.0;2.25;0;0.0;0 - 0;3.25;IFK Varnamo;1.0;0.0;0.0;2.75;0;0.0;-0.25;0 - 0;0-0;2.5;1.0;-;nan;;;;;;;;;;;;;;;;0.0;0.0;0.0;0.0;;;0.0;0.0;0.0;0.0;;[];[];[];[];[];[];[];[];1.0;0.0;0.0;1.0;0.0;0.0;7101.0;1842.0;varbergs bois;ifk varnamo;1.66;1.66;
2026-05-08;194115458;Austria Regionalliga Ost;Austria;14:00;Schedule;0.21795989537925015;1.95;3.0;1.85;3.0;0.0;0.0;;0.0;0.0;0.0;0.0;0.0;;FC Marchfeld Donauauen;;0.0;0.0;1.85;0;0.0;0 - 0;4.0;FCM Traiskirchen;;0.0;0.0;3.1;0;0.0;-0.5;0 - 0;0-0;3.0;1.25;-;nan;;;;;;;;;;;;;;;;0.0;0.0;0.0;0.0;;;0.0;0.0;0.0;0.0;;[];[];[];[];[];[];[];[];1.0;0.0;0.0;1.0;0.0;0.0;;;;;;;
2026-05-08;194203951;Colombia Liga Femenina;Colombia;14:00;Schedule;0.425;1.825;2.0, 2.5;1.975;2.0, 2.5;0.0;0.0;;0.0;0.0;0.0;0.0;0.0;;Internacional de Bogota (W);;0.0;0.0;1.6;0;0.0;0 - 0;3.3;Llaneros (W);;0.0;0.0;5.0;0;0.0;-0.75;0 - 0;0-0;2.25;1.0;-;nan;;;;;;;;;;;;;;;;0.0;0.0;0.0;0.0;;;0.0;0.0;0.0;0.0;;[];[];[];[];[];[];[];[];1.0;0.0;0.0;1.0;0.0;0.0;1317886.0;89374.0;internacional de bogota.;llaneros fc;;;Women
2026-05-08;194115433;Austria Regionalliga Mitte;Austria;14:00;Schedule;0.8577667547312234;1.975;4.5;1.825;4.5;0.0;0.0;;0.0;0.0;0.0;0.0;0.0;;ASK Voitsberg;;0.0;0.0;1.091;0;0.0;0 - 0;10.0;FC Gleisdorf 09;;0.0;0.0;17.0;0;0.0;-3.0;0 - 0;0-0;4.5;1.75;-;nan;;;;;;;;;;;;;;;;0.0;0.0;0.0;0.0;;;0.0;0.0;0.0;0.0;;[];[];[];[];[];[];[];[];1.0;0.0;0.0;1.0;0.0;0.0;;;;;;;
2026-05-08;194116149;Sweden 2.div Västra Götaland;Sweden;14:00;Schedule;0.2857142857142857;1.85;3.0, 3.5;1.95;3.0, 3.5;0.0;0.0;;0.0;0.0;0.0;0.0;0.0;;Lindome GIF;;0.0;0.0;1.75;0;0.0;0 - 0;3.9;Hestrafors IF;;0.0;0.0;3.5;0;0.0;-0.75;0 - 0;0-0;3.25;1.25;-;nan;;;;;;;;;;;;;;;;0.0;0.0;0.0;0.0;;;0.0;0.0;0.0;0.0;;[];[];[];[];[];[];[];[];1.0;0.0;0.0;1.0;0.0;0.0;5949.0;475738.0;lindome gif;hestrafors if;;;
2026-05-08;193331445;Denmark Superligaen;Denmark;14:00;Schedule;0.42601092163891596;1.8;3.0, 3.5;2.0;3.0, 3.5;0.0;0.0;;0.0;0.0;0.0;0.0;0.0;;Viborg;;0.0;0.0;1.571;0;0.0;0 - 0;4.5;Sonderjyske;;0.0;0.0;4.75;0;0.0;-1.0;0 - 0;0-0;3.25;1.25;-;nan;;;;;;;;;;;;;;;;0.0;0.0;0.0;0.0;;;0.0;0.0;0.0;0.0;;[];[];[];[];[];[];[];[];1.0;0.0;0.0;1.0;0.0;0.0;1288.0;1295.0;viborg ff;soenderjyske;1.53;1.5;
2026-05-08;194162984;Türkiye 3. Lig Promotion Group Play-off;Turkey;14:00;Schedule;0.3955342902711324;1.8;2.5;2.0;2.5;0.0;0.0;;0.0;0.0;0.0;0.0;0.0;;Eskisehirspor;;0.0;0.0;1.65;0;0.0;0 - 0;3.4;Ayvalikgucu Belediyespor;;0.0;0.0;4.75;0;0.0;-0.75;0 - 0;0-0;2.5;1.0;-;nan;;;;;;;;;;;;;;;;0.0;0.0;0.0;0.0;;;0.0;0.0;0.0;0.0;;[];[];[];[];[];[];[];[];1.0;0.0;0.0;1.0;0.0;0.0;;;;;;;
2026-05-08;194206642;Poland IV Liga;Poland;14:00;Schedule;0.04406364749082009;1.85;3.0, 3.5;1.95;3.0, 3.5;0.0;0.0;;0.0;0.0;0.0;0.0;0.0;;Stal Lancut;;0.0;0.0;2.15;0;0.0;0 - 0;4.333;Izolator Boguchwala;;0.0;0.0;2.375;0;0.0;0.0;0 - 0;0-0;3.25;1.25;-;nan;;;;;;;;;;;;;;;;0.0;0.0;0.0;0.0;;;0.0;0.0;0.0;0.0;;[];[];[];[];[];[];[];[];1.0;0.0;0.0;1.0;0.0;0.0;;;;;;;
2026-05-08;194115421;Austria Landesliga;Austria;14:00;Schedule;0.3926347984039994;1.925;3.0;1.875;3.0;0.0;0.0;;0.0;0.0;0.0;0.0;0.0;;SK Furstenfeld;;0.0;0.0;1.571;0;0.0;0 - 0;4.333;USV Gnas;;0.0;0.0;4.1;0;0.0;-1.0;0 - 0;0-0;3.0;1.25;-;nan;;;;;;;;;;;;;;;;0.0;0.0;0.0;0.0;;;0.0;0.0;0.0;0.0;;[];[];[];[];[];[];[];[];1.0;0.0;0.0;1.0;0.0;0.0;;;;;;;
2026-05-08;194173206;Austria Landesliga;Austria;14:00;Schedule;-0.6442716433385174;1.85;3.5;1.95;3.5;0.0;0.0;;0.0;0.0;0.0;0.0;0.0;;FC Gamlitz;;0.0;0.0;7.5;0;0.0;0 - 0;5.0;FSC Eggendorf Hartberg II;;0.0;0.0;1.286;0;0.0;+1.75;0 - 0;0-0;3.5;1.5;-;nan;;;;;;;;;;;;;;;;0.0;0.0;0.0;0.0;;;0.0;0.0;0.0;0.0;;[];[];[];[];[];[];[];[];1.0;0.0;0.0;1.0;0.0;0.0;;;;;;;Youth
2026-05-08;193320676;Sweden Superettan;Sweden;14:00;Schedule;0.036437246963562764;1.8;2.5;2.0;2.5;0.0;0.0;;0.0;0.0;0.0;0.0;0.0;;Orebro SK;;0.0;0.0;2.375;0;0.0;0 - 0;3.25;IK Brage;;0.0;0.0;2.6;0;0.0;0.0;0 - 0;0-0;2.5;1.0;-;nan;;;;;;;;;;;;;;;;0.0;0.0;0.0;0.0;;;0.0;0.0;0.0;0.0;;[];[];[];[];[];[];[];[];1.0;0.0;0.0;1.0;0.0;0.0;1768.0;1777.0;orebro sk;ik brage;1.61;1.66;
2026-05-08;193001726;Germany 3. Liga;Germany;14:00;Schedule;-0.39844199933315155;1.85;3.0;1.95;3.0;0.0;0.0;;0.0;0.0;0.0;0.0;0.0;;Erzgebirge Aue;19.0;0.0;0.0;4.2;0;0.0;0 - 0;4.0;MSV Duisburg;3.0;0.0;0.0;1.571;0;0.0;+1.0;0 - 0;0-0;3.0;1.25;-;nan;;;;;;;;;;;;;;;;0.0;0.0;0.0;0.0;;;0.0;0.0;0.0;0.0;;[];[];[];[];[];[];[];[];1.0;0.0;0.0;1.0;0.0;0.0;2566.0;2543.0;erzgebirge aue;msv duisburg;1.57;1.57;
2026-05-08;193757631;Sweden 1.div Södra;Sweden;14:00;Schedule;0.15447154471544722;1.8;2.5;2.0;2.5;0.0;0.0;;0.0;0.0;0.0;0.0;0.0;;Ariana FC Malmo;;0.0;0.0;2.05;0;0.0;0 - 0;3.4;Hässleholms IF;;0.0;0.0;3.0;0;0.0;-0.25;0 - 0;0-0;2.5;1.0;-;nan;;;;;;;;;;;;;;;;0.0;0.0;0.0;0.0;;;0.0;0.0;0.0;0.0;;[];[];[];[];[];[];[];[];1.0;0.0;0.0;1.0;0.0;0.0;870811.0;22274.0;ariana fc;hassleholms if;;;
2026-05-08;193320595;Sweden Allsvenskan;Sweden;14:00;Schedule;0.28241335044929394;1.95;2.5;1.85;2.5;0.0;0.0;;0.0;0.0;0.0;0.0;0.0;;Elfsborg;1.0;0.0;0.0;1.9;0;0.0;0 - 0;3.4;Brommapojkarna;1.0;0.0;0.0;4.1;0;0.0;-0.5;0 - 0;0-0;2.5;1.0;-;nan;;;;;;;;;;;;;;;;0.0;0.0;0.0;0.0;;;0.0;0.0;0.0;0.0;;[];[];[];[];[];[];[];[];1.0;0.0;0.0;1.0;0.0;0.0;1762.0;1787.0;if elfsborg;if brommapojkarna;1.66;1.75;
2026-05-08;193319764;Spain Primera Division RFEF Group 2;Spain;14:00;Schedule;0.15742397137745973;1.825;2.0;1.975;2.0;0.0;0.0;;0.0;0.0;0.0;0.0;0.0;;FC Cartagena;;0.0;0.0;2.15;0;0.0;0 - 0;2.9;Alcorcon;;0.0;0.0;3.25;0;0.0;-0.25;0 - 0;0-0;2.0;0.75;-;nan;;;;;;;;;;;;;;;;0.0;0.0;0.0;0.0;;;0.0;0.0;0.0;0.0;;[];[];[];[];[];[];[];[];1.0;0.0;0.0;1.0;0.0;0.0;24329.0;24322.0;fc cartagena;ad alcorcon;;;
2026-05-08;193331850;Norway Eliteserien;Norway;14:00;Schedule;-0.09961685823754785;2.0;3.0;1.8;3.0;0.0;0.0;;0.0;0.0;0.0;0.0;0.0;;HamKam;;0.0;0.0;2.9;0;0.0;0 - 0;3.6;Valerenga;;0.0;0.0;2.25;0;0.0;+0.25;0 - 0;0-0;3.0;1.25;-;nan;;;;;;;;;;;;;;;;0.0;0.0;0.0;0.0;;;0.0;0.0;0.0;0.0;;[];[];[];[];[];[];[];[];1.0;0.0;0.0;1.0;0.0;0.0;666.0;1165.0;hamkam;vaalerenga if;1.53;1.53;
2026-05-08;193331973;Norway Division 1;Norway;14:00;Schedule;-0.028895768833849256;2.0;3.5;1.8;3.5;0.0;0.0;;0.0;0.0;0.0;0.0;0.0;;Ranheim;7.0;0.0;0.0;2.55;0;0.0;0 - 0;3.75;Kongsvinger;2.0;0.0;0.0;2.375;0;0.0;0.0;0 - 0;0-0;3.5;1.5;-;nan;;;;;;;;;;;;;;;;0.0;0.0;0.0;0.0;;;0.0;0.0;0.0;0.0;;[];[];[];[];[];[];[];[];1.0;0.0;0.0;1.0;0.0;0.0;708.0;672.0;ranheim;kongsvinger il toppfotball;1.44;1.4;
2026-05-08;194115427;Austria Landesliga;Austria;14:00;Schedule;0.2637362637362637;1.95;3.0, 3.5;1.85;3.0, 3.5;0.0;0.0;;0.0;0.0;0.0;0.0;0.0;;USC Eugendorf;;0.0;0.0;1.75;0;0.0;0 - 0;4.2;Union Henndorf;;0.0;0.0;3.25;0;0.0;-0.5;0 - 0;0-0;3.25;1.25;-;nan;;;;;;;;;;;;;;;;0.0;0.0;0.0;0.0;;;0.0;0.0;0.0;0.0;;[];[];[];[];[];[];[];[];1.0;0.0;0.0;1.0;0.0;0.0;;;;;;;
2026-05-08;193197996;Finland Veikkausliiga;Finland;14:00;Schedule;0.40866873065015485;1.8;2.5, 3.0;2.0;2.5, 3.0;0.0;0.0;;0.0;0.0;0.0;0.0;0.0;;KuPS Kuopio;;0.0;0.0;1.615;0;0.0;0 - 0;3.8;SJK;;0.0;0.0;4.75;0;0.0;-0.75;0 - 0;0-0;2.75;1.25;-;nan;;;;;;;;;;;;;;;;0.0;0.0;0.0;0.0;;;0.0;0.0;0.0;0.0;;[];[];[];[];[];[];[];[];1.0;0.0;0.0;1.0;0.0;0.0;2244.0;22395.0;kuopion palloseura;seinajoen jk;1.7;1.7;
2026-05-08;194115417;Austria Landesliga;Austria;14:00;Schedule;-0.3884080628255044;1.975;3.0;1.825;3.0;0.0;0.0;;0.0;0.0;0.0;0.0;0.0;;ATUS Ferlach;;0.0;0.0;4.333;0;0.0;0 - 0;3.7;SV Donau Klagenfurt;;0.0;0.0;1.615;0;0.0;+0.75;0 - 0;0-0;3.0;1.25;-;nan;;;;;;;;;;;;;;;;0.0;0.0;0.0;0.0;;;0.0;0.0;0.0;0.0;;[];[];[];[];[];[];[];[];1.0;0.0;0.0;1.0;0.0;0.0;;;;;;;
2026-05-08;193331526;Denmark Division 1;Denmark;14:00;Schedule;0.6168542135533884;2.0;3.0, 3.5;1.8;3.0, 3.5;0.0;0.0;;0.0;0.0;0.0;0.0;0.0;;AaB;;0.0;0.0;1.333;0;0.0;0 - 0;5.25;Middelfart;;0.0;0.0;7.5;0;0.0;-1.5;0 - 0;0-0;3.25;1.25;-;nan;;;;;;;;;;;;;;;;0.0;0.0;0.0;0.0;;;0.0;0.0;0.0;0.0;;[];[];[];[];[];[];[];[];1.0;0.0;0.0;1.0;0.0;0.0;1290.0;22163.0;aalborg bk;middelfart bk;1.83;1.83;
2026-05-08;194155313;Denmark Division 2;Denmark;14:00;Schedule;0.12121212121212122;1.875;2.0, 2.5;1.925;2.0, 2.5;0.0;0.0;;0.0;0.0;0.0;0.0;0.0;;Skive;;0.0;0.0;2.2;0;0.0;0 - 0;3.1;FC Helsingor;;0.0;0.0;3.0;0;0.0;-0.25;0 - 0;0-0;2.25;1.0;-;nan;;;;;;;;;;;;;;;;0.0;0.0;0.0;0.0;;;0.0;0.0;0.0;0.0;;[];[];[];[];[];[];[];[];1.0;0.0;0.0;1.0;0.0;0.0;1304.0;6392.0;skive ik;fc helsingoer;;;
2026-05-08;194155317;Denmark Division 3;Denmark;14:00;Schedule;0.033375052148518936;1.8;2.5;2.0;2.5;0.0;0.0;;0.0;0.0;0.0;0.0;0.0;;Sundby;10.0;0.0;0.0;2.35;0;0.0;0 - 0;3.4;Frem;7.0;0.0;0.0;2.55;0;0.0;0.0;0 - 0;0-0;2.5;1.0;-;nan;;;;;;;;;;;;;;;;0.0;0.0;0.0;0.0;;;0.0;0.0;0.0;0.0;;[];[];[];[];[];[];[];[];1.0;0.0;0.0;1.0;0.0;0.0;;;;;;;
2026-05-08;194163012;Poland III Liga;Poland;14:00;Schedule;0.4851994851994852;1.8;2.5, 3.0;2.0;2.5, 3.0;0.0;0.0;;0.0;0.0;0.0;0.0;0.0;;Polonia Sroda Wlkp;;0.0;0.0;1.48;0;0.0;0 - 0;4.0;Tluchowia Tluchowo;;0.0;0.0;5.25;0;0.0;-1.0;0 - 0;0-0;2.75;1.25;-;nan;;;;;;;;;;;;;;;;0.0;0.0;0.0;0.0;;;0.0;0.0;0.0;0.0;;[];[];[];[];[];[];[];[];1.0;0.0;0.0;1.0;0.0;0.0;;;;;;;
2026-05-08;194258168;Switzerland Division 1 Women;Switzerland;14:00;Schedule;-0.2777777777777778;1.8;2.5, 3.0;2.0;2.5, 3.0;0.0;0.0;;0.0;0.0;0.0;0.0;0.0;;St Gallen (W);;0.0;0.0;3.6;0;0.0;0 - 0;3.6;Young Boys (W);;0.0;0.0;1.8;0;0.0;+0.5;0 - 0;0-0;2.75;1.25;-;nan;;;;;;;;;;;;;;;;0.0;0.0;0.0;0.0;;;0.0;0.0;0.0;0.0;;[];[];[];[];[];[];[];[];1.0;0.0;0.0;1.0;0.0;0.0;2442.0;2445.0;fc st. gallen 1879;young boys bern;;;Women
2026-05-08;194162987;Türkiye 3. Lig Promotion Group Play-off;Turkey;14:00;Schedule;0.32903879559930516;1.8;2.5;2.0;2.5;0.0;0.0;;0.0;0.0;0.0;0.0;0.0;;52 Orduspor FK;;0.0;0.0;1.727;0;0.0;0 - 0;3.5;Yozgat Bozokspor;;0.0;0.0;4.0;0;0.0;-0.75;0 - 0;0-0;2.5;1.0;-;nan;;;;;;;;;;;;;;;;0.0;0.0;0.0;0.0;;;0.0;0.0;0.0;0.0;;[];[];[];[];[];[];[];[];1.0;0.0;0.0;1.0;0.0;0.0;;;;;;;
2026-05-08;194115443;Austria Regionalliga Mitte;Austria;14:00;Schedule;-0.26276276276276267;1.875;2.5;1.925;2.5;0.0;0.0;;0.0;0.0;0.0;0.0;0.0;;Atus Velden;9.0;0.0;0.0;3.6;0;0.0;0 - 0;3.6;Union Gurten;2.0;0.0;0.0;1.85;0;0.0;+0.5;0 - 0;0-0;2.5;1.0;-;nan;;;;;;;;;;;;;;;;0.0;0.0;0.0;0.0;;;0.0;0.0;0.0;0.0;;[];[];[];[];[];[];[];[];1.0;0.0;0.0;1.0;0.0;0.0;;;;;;;
2026-05-08;194257960;Ecuador Primera Women;Ecuador;14:00;Schedule;0.05228758169934633;1.825;3.0, 3.5;1.975;3.0, 3.5;0.0;0.0;;0.0;0.0;0.0;0.0;0.0;;EL Nacional (W);;0.0;0.0;2.25;0;0.0;0 - 0;3.6;Quito FC (W);;0.0;0.0;2.55;0;0.0;0.0;0 - 0;0-0;3.25;1.25;-;nan;;;;;;;;;;;;;;;;0.0;0.0;0.0;0.0;;;0.0;0.0;0.0;0.0;;[];[];[];[];[];[];[];[];1.0;0.0;0.0;1.0;0.0;0.0;;;;;;;Women
2026-05-08;194155076;Finland Kolmonen;Finland;14:00;Schedule;0.13636363636363635;1.825;3.5, 4.0;1.975;3.5, 4.0;0.0;0.0;;0.0;0.0;0.0;0.0;0.0;;Toukolan Teras;;0.0;0.0;2.0;0;0.0;0 - 0;4.0;TiPS;;0.0;0.0;2.75;0;0.0;-0.25;0 - 0;0-0;3.75;1.5;-;nan;;;;;;;;;;;;;;;;0.0;0.0;0.0;0.0;;;0.0;0.0;0.0;0.0;;[];[];[];[];[];[];[];[];1.0;0.0;0.0;1.0;0.0;0.0;;;;;;;
2026-05-08;194116142;Sweden 2.div Västra Götaland;Sweden;14:00;Schedule;0.09474590869939709;1.85;3.0;1.95;3.0;0.0;0.0;;0.0;0.0;0.0;0.0;0.0;;Galtabäcks BK;;0.0;0.0;2.15;0;0.0;0 - 0;3.6;Torslanda IK;;0.0;0.0;2.7;0;0.0;-0.25;0 - 0;0-0;3.0;1.25;-;nan;;;;;;;;;;;;;;;;0.0;0.0;0.0;0.0;;;0.0;0.0;0.0;0.0;;[];[];[];[];[];[];[];[];1.0;0.0;0.0;1.0;0.0;0.0;1321832.0;1790.0;galtabacks bk;torslanda ik;;;
2026-05-08;194163030;Poland III Liga;Poland;14:08;Schedule;0.7915573053368329;1.85;3.5, 4.0;1.95;3.5, 4.0;0.0;0.0;;0.0;0.0;0.0;0.0;0.0;;Wisloka Debica;;0.0;0.0;1.143;0;0.0;0 - 0;8.0;Sparta Kazimierza Wielka;;0.0;0.0;12.0;0;0.0;-2.75;0 - 0;0-0;3.75;1.5;-;nan;;;;;;;;;;;;;;;;0.0;0.0;0.0;0.0;;;0.0;0.0;0.0;0.0;;[];[];[];[];[];[];[];[];1.0;0.0;0.0;1.0;0.0;0.0;;;;;;;
2026-05-08;194257181;Norway Youth Cup;Norway;14:15;Schedule;0.37849462365591396;1.875;4.0;1.925;4.0;0.0;0.0;;0.0;0.0;0.0;0.0;0.0;;KFUM U19;;0.0;0.0;1.55;0;0.0;0 - 0;5.0;Asker U19;;0.0;0.0;3.75;0;0.0;-1.0;0 - 0;0-0;4.0;1.75;-;nan;;;;;;;;;;;;;;;;0.0;0.0;0.0;0.0;;;0.0;0.0;0.0;0.0;;[];[];[];[];[];[];[];[];1.0;0.0;0.0;1.0;0.0;0.0;786.0;;kfum oslo;;;;Youth
2026-05-08;194155092;Finland Kolmonen;Finland;14:15;Schedule;-0.56836936506854;1.95;4.0, 4.5;1.85;4.0, 4.5;0.0;0.0;;0.0;0.0;0.0;0.0;0.0;;Gnistan/Ogeli;;0.0;0.0;5.5;0;0.0;0 - 0;5.5;MK United;;0.0;0.0;1.333;0;0.0;+1.75;0 - 0;0-0;4.25;1.75;-;nan;;;;;;;;;;;;;;;;0.0;0.0;0.0;0.0;;;0.0;0.0;0.0;0.0;;[];[];[];[];[];[];[];[];1.0;0.0;0.0;1.0;0.0;0.0;;;;;;;
2026-05-08;194116133;Sweden 2.div Norra Götaland;Sweden;14:15;Schedule;0.11904761904761901;1.875;2.5, 3.0;1.925;2.5, 3.0;0.0;0.0;;0.0;0.0;0.0;0.0;0.0;;Vänersborgs IF;;0.0;0.0;2.1;0;0.0;0 - 0;3.5;Lidköpings FK;;0.0;0.0;2.8;0;0.0;-0.25;0 - 0;0-0;2.75;1.25;-;nan;;;;;;;;;;;;;;;;0.0;0.0;0.0;0.0;;;0.0;0.0;0.0;0.0;;[];[];[];[];[];[];[];[];1.0;0.0;0.0;1.0;0.0;0.0;102047.0;1823.0;vanersborgs if;lidkopings fk;;;
2026-05-08;194116140;Sweden 2.div Västra Götaland;Sweden;14:30;Schedule;0.008503401360544283;1.825;2.5, 3.0;1.975;2.5, 3.0;0.0;0.0;;0.0;0.0;0.0;0.0;0.0;;Dalstorp IF;;0.0;0.0;2.4;0;0.0;0 - 0;3.4;Landvetter IS;;0.0;0.0;2.45;0;0.0;0.0;0 - 0;0-0;2.75;1.25;-;nan;;;;;;;;;;;;;;;;0.0;0.0;0.0;0.0;;;0.0;0.0;0.0;0.0;;[];[];[];[];[];[];[];[];1.0;0.0;0.0;1.0;0.0;0.0;68856.0;342144.0;dalstorps if;landvetter is;;;
2026-05-08;194115423;Austria Landesliga;Austria;14:30;Schedule;0.017368649587494622;1.975;2.5, 3.0;1.825;2.5, 3.0;0.0;0.0;;0.0;0.0;0.0;0.0;0.0;;Oberpullendorf;;0.0;0.0;2.35;0;0.0;0 - 0;3.6;SC Bad Sauerbrunn;;0.0;0.0;2.45;0;0.0;0.0;0 - 0;0-0;2.75;1.0;-;nan;;;;;;;;;;;;;;;;0.0;0.0;0.0;0.0;;;0.0;0.0;0.0;0.0;;[];[];[];[];[];[];[];[];1.0;0.0;0.0;1.0;0.0;0.0;;;;;;;
2026-05-08;193332414;South Africa Premier;South Africa;14:30;Schedule;-0.036363636363636376;1.825;1.5, 2.0;1.975;1.5, 2.0;0.0;0.0;;0.0;0.0;0.0;0.0;0.0;;Durban City;;0.0;0.0;2.75;0;0.0;0 - 0;2.75;Stellenbosch FC;;0.0;0.0;2.5;0;0.0;0.0;0 - 0;0-0;1.75;0.75;-;nan;;;;;;;;;;;;;;;;0.0;0.0;0.0;0.0;;;0.0;0.0;0.0;0.0;;[];[];[];[];[];[];[];[];1.0;0.0;0.0;1.0;0.0;0.0;1176555.0;43555.0;durban city;stellenbosch fc;;;
2026-05-08;194115463;Austria Regionalliga Ost;Austria;14:30;Schedule;0.3691950464396285;1.8;3.0;2.0;3.0;0.0;0.0;;0.0;0.0;0.0;0.0;0.0;;Oberwart;;0.0;0.0;1.615;0;0.0;0 - 0;4.0;Favoritner AC;;0.0;0.0;4.0;0;0.0;-0.75;0 - 0;0-0;3.0;1.25;-;nan;;;;;;;;;;;;;;;;0.0;0.0;0.0;0.0;;;0.0;0.0;0.0;0.0;;[];[];[];[];[];[];[];[];1.0;0.0;0.0;1.0;0.0;0.0;;;;;;;
2026-05-08;194132679;Iceland Premier League;Iceland;14:30;Schedule;0.7222222222222223;1.85;3.5, 4.0;1.95;3.5, 4.0;0.0;0.0;;0.0;0.0;0.0;0.0;0.0;;Vikingur Reykjavik;;0.0;0.0;1.2;0;0.0;0 - 0;6.0;Thor Akureyri;;0.0;0.0;9.0;0;0.0;-2.0;0 - 0;0-0;3.75;1.5;-;nan;;;;;;;;;;;;;;;;0.0;0.0;0.0;0.0;;;0.0;0.0;0.0;0.0;;[];[];[];[];[];[];[];[];1.0;0.0;0.0;1.0;0.0;0.0;1908.0;1903.0;vikingur reykjavik;thor akureyri;1.66;1.66;
2026-05-08;194216501;Austria Regionalliga West;Austria;14:30;Schedule;0.5137491616364857;1.95;3.0;1.85;3.0;0.0;0.0;;0.0;0.0;0.0;0.0;0.0;;FC Wacker Innsbruck;;0.0;0.0;1.42;0;0.0;0 - 0;4.5;SC Imst;;0.0;0.0;5.25;0;0.0;-1.25;0 - 0;0-0;3.0;1.25;-;nan;;;;;;;;;;;;;;;;0.0;0.0;0.0;0.0;;;0.0;0.0;0.0;0.0;;[];[];[];[];[];[];[];[];1.0;0.0;0.0;1.0;0.0;0.0;;;;;;;
2026-05-08;194116156;Sweden 2.div Västra Götaland;Sweden;14:30;Schedule;0.42857142857142855;1.9;3.5;1.9;3.5;0.0;0.0;;0.0;0.0;0.0;0.0;0.0;;Qviding FIF;;0.0;0.0;1.5;0;0.0;0 - 0;4.5;IF Boljan;;0.0;0.0;4.2;0;0.0;-1.0;0 - 0;0-0;3.5;1.5;-;nan;;;;;;;;;;;;;;;;0.0;0.0;0.0;0.0;;;0.0;0.0;0.0;0.0;;[];[];[];[];[];[];[];[];1.0;0.0;0.0;1.0;0.0;0.0;1815.0;1225617.0;qviding fif;if boljan falkenberg;;;
2026-05-08;194155320;Faroe Islands Premier League;Faroe Islands;14:30;Schedule;0.25252525252525254;1.875;3.0;1.925;3.0;0.0;0.0;;0.0;0.0;0.0;0.0;0.0;;NSI Runavik;2.0;0.0;0.0;1.8;0;0.0;0 - 0;3.75;HB Torshavn;4.0;0.0;0.0;3.3;0;0.0;-0.5;0 - 0;0-0;3.0;1.25;-;nan;;;;;;;;;;;;;;;;0.0;0.0;0.0;0.0;;;0.0;0.0;0.0;0.0;;[];[];[];[];[];[];[];[];1.0;0.0;0.0;1.0;0.0;0.0;;;;;;;
2026-05-08;194161530;Switzerland 1.Liga Promotion;Switzerland;14:30;Schedule;0.12416851441241689;1.825;3.0;1.975;3.0;0.0;0.0;;0.0;0.0;0.0;0.0;0.0;;FC Bulle;;0.0;0.0;2.05;0;0.0;0 - 0;3.8;Breitenrain;;0.0;0.0;2.75;0;0.0;-0.25;0 - 0;0-0;2.75;1.25;-;nan;;;;;;;;;;;;;;;;0.0;0.0;0.0;0.0;;;0.0;0.0;0.0;0.0;;[];[];[];[];[];[];[];[];1.0;0.0;0.0;1.0;0.0;0.0;;;;;;;
2026-05-08;194163044;Poland III Liga;Poland;14:57;Schedule;0.43009349858664936;1.875;3.0;1.925;3.0;0.0;0.0;;0.0;0.0;0.0;0.0;0.0;;Podlasie Biala Podlaska;;0.0;0.0;1.533;0;0.0;0 - 0;4.2;Swidniczanka Swidnik;;0.0;0.0;4.5;0;0.0;-1.0;0 - 0;0-0;3.0;1.25;-;nan;;;;;;;;;;;;;;;;0.0;0.0;0.0;0.0;;;0.0;0.0;0.0;0.0;;[];[];[];[];[];[];[];[];1.0;0.0;0.0;1.0;0.0;0.0;;;;;;;
2026-05-08;194110467;Netherlands Eredivisie Women;Netherlands;15:00;Schedule;0.8300653594771241;1.925;3.5, 4.0;1.875;3.5, 4.0;0.0;0.0;;0.0;0.0;0.0;0.0;0.0;;PSV (W);;0.0;0.0;1.125;0;0.0;0 - 0;7.5;ADO Den Haag (W);;0.0;0.0;17.0;0;0.0;-2.25;0 - 0;0-0;3.75;1.5;-;nan;;;;;;;;;;;;;;;;0.0;0.0;0.0;0.0;;;0.0;0.0;0.0;0.0;;[];[];[];[];[];[];[];[];1.0;0.0;0.0;1.0;0.0;0.0;2952.0;2966.0;psv eindhoven;ado den haag;;;Women
2026-05-08;194110455;Netherlands Eredivisie Women;Netherlands;15:00;Schedule;0.14297729184188396;1.825;3.0;1.975;3.0;0.0;0.0;;0.0;0.0;0.0;0.0;0.0;;FC Utrecht (W);;0.0;0.0;2.05;0;0.0;0 - 0;3.4;Heerenveen (W);;0.0;0.0;2.9;0;0.0;-0.25;0 - 0;0-0;3.0;1.25;-;nan;;;;;;;;;;;;;;;;0.0;0.0;0.0;0.0;;;0.0;0.0;0.0;0.0;;[];[];[];[];[];[];[];[];1.0;0.0;0.0;1.0;0.0;0.0;2948.0;2964.0;fc utrecht;sc heerenveen;;;Women
2026-05-08;193719871;Croatia HNL;Croatia;15:00;Schedule;0.6442307692307692;1.775;2.5, 3.0;2.025;2.5, 3.0;0.0;0.0;;0.0;0.0;0.0;0.0;0.0;;HNK Rijeka;4.0;0.0;0.0;1.3;0;0.0;0 - 0;4.333;Vukovar 1991;10.0;0.0;0.0;8.0;0;0.0;-1.5;0 - 0;0-0;2.75;1.25;-;nan;;;;;;;;;;;;;;;;0.0;0.0;0.0;0.0;;;0.0;0.0;0.0;0.0;;[];[];[];[];[];[];[];[];1.0;0.0;0.0;1.0;0.0;0.0;2039.0;6672.0;hnk rijeka;hnk vukovar 1991;;;
2026-05-08;194149804;Morocco GNF 1;Morocco;15:00;Schedule;-0.032051282051282104;1.95;2.5;1.85;2.5;0.0;0.0;;0.0;0.0;0.0;0.0;0.0;;Olympique Dcheira;;0.0;0.0;2.6;0;0.0;0 - 0;3.2;US Yacoub El Mansour;;0.0;0.0;2.4;0;0.0;+0.25;0 - 0;0-0;2.5;1.0;-;nan;;;;;;;;;;;;;;;;0.0;0.0;0.0;0.0;;;0.0;0.0;0.0;0.0;;[];[];[];[];[];[];[];[];1.0;0.0;0.0;1.0;0.0;0.0;220518.0;1174823.0;olympique dcheira;us yacoub mansour;;;
2026-05-08;194153543;Belgium Reserve League;Belgium;15:00;Schedule;0.8639587051956197;1.9;4.0;1.9;4.0;0.0;0.0;;0.0;0.0;0.0;0.0;0.0;;Lommel Reserves;;0.0;0.0;1.091;0;0.0;0 - 0;10.0;RFC Liege Reserves;;0.0;0.0;19.0;0;0.0;-3.0;0 - 0;0-0;4.0;1.75;-;nan;;;;;;;;;;;;;;;;0.0;0.0;0.0;0.0;;;0.0;0.0;0.0;0.0;;[];[];[];[];[];[];[];[];1.0;0.0;0.0;1.0;0.0;0.0;;;;;;;Youth
2026-05-08;193330088;Romania Liga I;Romania;15:00;Schedule;-0.007843137254901933;2.05;2.0, 2.5;1.75;2.0, 2.5;0.0;0.0;;0.0;0.0;0.0;0.0;0.0;;CFR Cluj;;0.0;0.0;2.55;0;0.0;0 - 0;3.0;CS U Craiova;;0.0;0.0;2.5;0;0.0;0.0;0 - 0;0-0;2.25;0.75;-;nan;;;;;;;;;;;;;;;;0.0;0.0;0.0;0.0;;;0.0;0.0;0.0;0.0;;[];[];[];[];[];[];[];[];1.0;0.0;0.0;1.0;0.0;0.0;5287.0;116223.0;fc cfr 1907 cluj;cs universitatea craiova;1.9;1.9;
2026-05-08;194153533;Belgium Reserve League;Belgium;15:00;Schedule;0.22804054054054046;1.875;3.5;1.925;3.5;0.0;0.0;;0.0;0.0;0.0;0.0;0.0;;Francs Borains Reserves;;0.0;0.0;1.85;0;0.0;0 - 0;3.9;ROC Charleroi Reserves;;0.0;0.0;3.2;0;0.0;-0.5;0 - 0;0-0;3.5;1.5;-;nan;;;;;;;;;;;;;;;;0.0;0.0;0.0;0.0;;;0.0;0.0;0.0;0.0;;[];[];[];[];[];[];[];[];1.0;0.0;0.0;1.0;0.0;0.0;;;;;;;Youth
2026-05-08;194110445;Netherlands Eredivisie Women;Netherlands;15:00;Schedule;0.6888888888888889;1.875;3.0, 3.5;1.925;3.0, 3.5;0.0;0.0;;0.0;0.0;0.0;0.0;0.0;;Ajax (W);;0.0;0.0;1.25;0;0.0;0 - 0;5.25;AZ (W);;0.0;0.0;9.0;0;0.0;-1.75;0 - 0;0-0;3.25;1.5;-;nan;;;;;;;;;;;;;;;;0.0;0.0;0.0;0.0;;;0.0;0.0;0.0;0.0;;[];[];[];[];[];[];[];[];1.0;0.0;0.0;1.0;0.0;0.0;2953.0;2950.0;ajax amsterdam;az alkmaar;;;Women
2026-05-08;194110451;Netherlands Eredivisie Women;Netherlands;15:00;Schedule;-0.8524709613818524;1.975;3.5;1.825;3.5;0.0;0.0;;0.0;0.0;0.0;0.0;0.0;;Excelsior (W);;0.0;0.0;21.0;0;0.0;0 - 0;8.0;Feyenoord (W);;0.0;0.0;1.111;0;0.0;+2.5;0 - 0;0-0;3.5;1.5;-;nan;;;;;;;;;;;;;;;;0.0;0.0;0.0;0.0;;;0.0;0.0;0.0;0.0;;[];[];[];[];[];[];[];[];1.0;0.0;0.0;1.0;0.0;0.0;2967.0;2959.0;excelsior rotterdam;feyenoord rotterdam;;;Women
2026-05-08;194152309;Brazil Campeonato Cearense U20;Brazil;15:00;Schedule;-0.1313628899835796;1.8;2.0, 2.5;2.0;2.0, 2.5;0.0;0.0;;0.0;0.0;0.0;0.0;0.0;;Horizonte U20;;0.0;0.0;2.9;0;0.0;0 - 0;3.4;Quixada FC U20;;0.0;0.0;2.1;0;0.0;+0.25;0 - 0;0-0;2.25;1.0;-;nan;;;;;;;;;;;;;;;;0.0;0.0;0.0;0.0;;;0.0;0.0;0.0;0.0;;[];[];[];[];[];[];[];[];1.0;0.0;0.0;1.0;0.0;0.0;;;;;;;Youth
2026-05-08;194110463;Netherlands Eredivisie Women;Netherlands;15:00;Schedule;0.48965517241379314;1.975;3.0;1.825;3.0;0.0;0.0;;0.0;0.0;0.0;0.0;0.0;;PEC Zwolle (W);;0.0;0.0;1.45;0;0.0;0 - 0;4.333;HERA United (W);;0.0;0.0;5.0;0;0.0;-1.25;0 - 0;0-0;3.0;1.25;-;nan;;;;;;;;;;;;;;;;0.0;0.0;0.0;0.0;;;0.0;0.0;0.0;0.0;;[];[];[];[];[];[];[];[];1.0;0.0;0.0;1.0;0.0;0.0;2971.0;;pec zwolle;;;;Women
2026-05-08;194110459;Netherlands Eredivisie Women;Netherlands;15:00;Schedule;-0.9408607213485262;1.825;4.0;1.975;4.0;0.0;0.0;;0.0;0.0;0.0;0.0;0.0;;NAC (W);;0.0;0.0;41.0;0;0.0;0 - 0;15.0;FC Twente (W);;0.0;0.0;1.036;0;0.0;+3.5;0 - 0;0-0;4.0;1.75;-;nan;;;;;;;;;;;;;;;;0.0;0.0;0.0;0.0;;;0.0;0.0;0.0;0.0;;[];[];[];[];[];[];[];[];1.0;0.0;0.0;1.0;0.0;0.0;2947.0;2955.0;nac breda;fc twente enschede;;;Women
2026-05-08;194199733;Argentina Championship Women;Argentina;15:00;Schedule;0.029629629629629672;1.775;1.5, 2.0;2.025;1.5, 2.0;0.0;0.0;;0.0;0.0;0.0;0.0;0.0;;Ferro Carril Oeste (W);;0.0;0.0;2.5;0;0.0;0 - 0;2.9;Banfield (W);;0.0;0.0;2.7;0;0.0;0.0;0 - 0;0-0;1.75;0.75;-;nan;;;;;;;;;;;;;;;;0.0;0.0;0.0;0.0;;;0.0;0.0;0.0;0.0;;[];[];[];[];[];[];[];[];1.0;0.0;0.0;1.0;0.0;0.0;36841.0;3219.0;ferro carril oeste;ca banfield;;;Women
2026-05-08;194257369;Peru Liga 2;Peru;15:00;Schedule;0.040100250626566414;1.9;2.0, 2.5;1.9;2.0, 2.5;0.0;0.0;;0.0;0.0;0.0;0.0;0.0;;Union Minas;;0.0;0.0;2.375;0;0.0;0 - 0;3.1;Comerciantes FC;;0.0;0.0;2.625;0;0.0;0.0;0 - 0;0-0;2.25;1.0;-;nan;;;;;;;;;;;;;;;;0.0;0.0;0.0;0.0;;;0.0;0.0;0.0;0.0;;[];[];[];[];[];[];[];[];1.0;0.0;0.0;1.0;0.0;0.0;;;;;;;
2026-05-08;194216716;Brazil Campeonato Catarinense U20;Brazil;15:00;Schedule;0.2514360899842752;1.975;3.0, 3.5;1.825;3.0, 3.5;0.0;0.0;;0.0;0.0;0.0;0.0;0.0;;Brusque U20;;0.0;0.0;1.833;0;0.0;0 - 0;3.6;Carlos Renaux U20;;0.0;0.0;3.4;0;0.0;-0.5;0 - 0;0-0;3.25;1.25;-;nan;;;;;;;;;;;;;;;;0.0;0.0;0.0;0.0;;;0.0;0.0;0.0;0.0;;[];[];[];[];[];[];[];[];1.0;0.0;0.0;1.0;0.0;0.0;21884.0;;brusque fc sc;;;;Youth
2026-05-08;194221517;Croatia 3.NL;Croatia;15:00;Schedule;0.7735646958011996;1.9;3.5;1.9;3.5;0.0;0.0;;0.0;0.0;0.0;0.0;0.0;;NK Zagorec Krapina;;0.0;0.0;1.167;0;0.0;0 - 0;7.0;NK Maksimir;;0.0;0.0;12.0;0;0.0;-2.25;0 - 0;0-0;3.5;1.5;-;nan;;;;;;;;;;;;;;;;0.0;0.0;0.0;0.0;;;0.0;0.0;0.0;0.0;;[];[];[];[];[];[];[];[];1.0;0.0;0.0;1.0;0.0;0.0;;;;;;;
2026-05-08;194204642;Saudi Arabia Cup;Saudi Arabia;15:00;Schedule;-0.7551145977541917;1.8;3.0, 3.5;2.0;3.0, 3.5;0.0;0.0;;0.0;0.0;0.0;0.0;0.0;;Al Kholood;;0.0;0.0;11.0;0;0.0;0 - 0;6.0;Al Hilal Riyadh;;0.0;0.0;1.182;0;0.0;+2.0;0 - 0;0-0;3.25;1.5;-;nan;;;;;;;;;;;;;;;;0.0;0.0;0.0;0.0;;;0.0;0.0;0.0;0.0;;[];[];[];[];[];[];[];[];1.0;0.0;0.0;1.0;0.0;0.0;386360.0;21895.0;al-kholood;al hilal sfc;;;
2026-05-08;194204371;England Premier League 2;England;15:00;Schedule;-0.026619343389529815;1.975;3.0, 3.5;1.825;3.0, 3.5;0.0;0.0;;0.0;0.0;0.0;0.0;0.0;;Tottenham U21;;0.0;0.0;2.45;0;0.0;0 - 0;3.75;Brighton U21;;0.0;0.0;2.3;0;0.0;0.0;0 - 0;0-0;3.25;1.25;-;nan;;;;;;;;;;;;;;;;0.0;0.0;0.0;0.0;;;0.0;0.0;0.0;0.0;;[];[];[];[];[];[];[];[];1.0;0.0;0.0;1.0;0.0;0.0;33.0;30.0;tottenham hotspur;brighton & hove albion;;;Youth
2026-05-08;194199736;Argentina Championship Women;Argentina;15:00;Schedule;0.5467980295566504;1.95;2.0, 2.5;1.85;2.0, 2.5;0.0;0.0;;0.0;0.0;0.0;0.0;0.0;;Racing Club (W);;0.0;0.0;1.45;0;0.0;0 - 0;3.6;Social Atletico Television (W);;0.0;0.0;7.0;0;0.0;-1.0;0 - 0;0-0;2.25;1.0;-;nan;;;;;;;;;;;;;;;;0.0;0.0;0.0;0.0;;;0.0;0.0;0.0;0.0;;[];[];[];[];[];[];[];[];1.0;0.0;0.0;1.0;0.0;0.0;3215.0;;racing club avellaneda;;;;Women
2026-05-08;194255222;England Premier League 2;England;15:00;Schedule;0.3282828282828283;2.0;3.5;1.8;3.5;0.0;0.0;;0.0;0.0;0.0;0.0;0.0;;Man City U21;;0.0;0.0;1.65;0;0.0;0 - 0;4.2;Man Utd U21;;0.0;0.0;3.6;0;0.0;-0.75;0 - 0;0-0;3.5;nan;-;nan;;;;;;;;;;;;;;;;0.0;0.0;0.0;0.0;;;0.0;0.0;0.0;0.0;;[];[];[];[];[];[];[];[];1.0;0.0;0.0;1.0;0.0;0.0;17.0;35.0;manchester city;manchester united;;;Youth
2026-05-08;194216570;Brazil Copa Pernambuco U20;Brazil;15:00;Schedule;0.31588090086246307;1.95;3.0;1.85;3.0;0.0;0.0;;0.0;0.0;0.0;0.0;0.0;;Sport Recife U20;;0.0;0.0;1.727;0;0.0;0 - 0;3.6;Retro U20;;0.0;0.0;3.8;0;0.0;-0.75;0 - 0;0-0;3.0;1.25;-;nan;;;;;;;;;;;;;;;;0.0;0.0;0.0;0.0;;;0.0;0.0;0.0;0.0;;[];[];[];[];[];[];[];[];1.0;0.0;0.0;1.0;0.0;0.0;1959.0;614088.0;sc recife pe;retro fc pe;;;Youth
2026-05-08;193286203;Poland II Liga;Poland;15:00;Schedule;0.3869047619047619;1.9;3.0, 3.5;1.9;3.0, 3.5;0.0;0.0;;0.0;0.0;0.0;0.0;0.0;;Stal Stalowa Wola;;0.0;0.0;1.6;0;0.0;0 - 0;4.0;Sokol Kleczew;;0.0;0.0;4.2;0;0.0;-1.25;0 - 0;0-0;3.25;1.25;-;nan;;;;;;;;;;;;;;;;0.0;0.0;0.0;0.0;;;0.0;0.0;0.0;0.0;;[];[];[];[];[];[];[];[];1.0;0.0;0.0;1.0;0.0;0.0;7920.0;54323.0;zks stal stalowa wola;sokol kleczew;;;Youth
2026-05-08;193757974;Switzerland Challenge League;Switzerland;15:15;Schedule;-0.04262574595055413;2.0;3.0, 3.5;1.8;3.0, 3.5;0.0;0.0;;0.0;0.0;0.0;0.0;0.0;;FC Rapperswil-Jona;6.0;0.0;0.0;2.55;0;0.0;0 - 0;3.4;Neuchatel Xamax;5.0;0.0;0.0;2.3;0;0.0;+0.25;0 - 0;0-0;3.25;1.25;-;nan;;;;;;;;;;;;;;;;0.0;0.0;0.0;0.0;;;0.0;0.0;0.0;0.0;;[];[];[];[];[];[];[];[];1.0;0.0;0.0;1.0;0.0;0.0;37390.0;2451.0;fc rapperswil-jona;neuchatel xamax;1.5;1.44;
2026-05-08;193757977;Switzerland Challenge League;Switzerland;15:15;Schedule;-0.08730158730158727;1.9;3.0;1.9;3.0;0.0;0.0;;0.0;0.0;0.0;0.0;0.0;;Wil 1900;9.0;0.0;0.0;2.8;0;0.0;0 - 0;3.6;Yverdon Sport FC;3.0;0.0;0.0;2.25;0;0.0;+0.25;0 - 0;0-0;3.0;1.25;-;nan;;;;;;;;;;;;;;;;0.0;0.0;0.0;0.0;;;0.0;0.0;0.0;0.0;;[];[];[];[];[];[];[];[];1.0;0.0;0.0;1.0;0.0;0.0;2455.0;2460.0;fc wil 1900;yverdon-sport;;;
2026-05-08;193757967;Switzerland Challenge League;Switzerland;15:15;Schedule;-0.31501831501831495;1.85;3.0;1.95;3.0;0.0;0.0;;0.0;0.0;0.0;0.0;0.0;;Etoile Carouge;;0.0;0.0;3.9;0;0.0;0 - 0;3.9;FC Vaduz;;0.0;0.0;1.75;0;0.0;+0.75;0 - 0;0-0;3.0;1.25;-;nan;;;;;;;;;;;;;;;;0.0;0.0;0.0;0.0;;;0.0;0.0;0.0;0.0;;[];[];[];[];[];[];[];[];1.0;0.0;0.0;1.0;0.0;0.0;2497.0;2463.0;etoile carouge fc;fc vaduz;1.53;1.57;
2026-05-08;193757965;Switzerland Challenge League;Switzerland;15:15;Schedule;0.5731378299120233;1.825;3.0, 3.5;1.975;3.0, 3.5;0.0;0.0;;0.0;0.0;0.0;0.0;0.0;;Aarau;2.0;0.0;0.0;1.364;0;0.0;0 - 0;5.5;Stade Nyonnais;8.0;0.0;0.0;6.25;0;0.0;-1.5;0 - 0;0-0;3.25;1.5;-;nan;;;;;;;;;;;;;;;;0.0;0.0;0.0;0.0;;;0.0;0.0;0.0;0.0;;[];[];[];[];[];[];[];[];1.0;0.0;0.0;1.0;0.0;0.0;2447.0;2490.0;fc aarau;fc stade nyonnais;1.66;1.66;
2026-05-08;193757970;Switzerland Challenge League;Switzerland;15:15;Schedule;0.43009349858664936;2.0;3.0, 3.5;1.8;3.0, 3.5;0.0;0.0;;0.0;0.0;0.0;0.0;0.0;;Stade Lausanne-Ouchy;;0.0;0.0;1.533;0;0.0;0 - 0;4.1;AC Bellinzona;;0.0;0.0;4.5;0;0.0;-1.0;0 - 0;0-0;3.25;1.25;-;nan;;;;;;;;;;;;;;;;0.0;0.0;0.0;0.0;;;0.0;0.0;0.0;0.0;;[];[];[];[];[];[];[];[];1.0;0.0;0.0;1.0;0.0;0.0;35162.0;2459.0;stade lausanne ouchy;ac bellinzona;1.57;1.57;
2026-05-08;193004924;Italy Serie B;Italy;15:30;Schedule;0.40606060606060607;1.95;2.5, 3.0;1.85;2.5, 3.0;0.0;0.0;;0.0;0.0;0.0;0.0;0.0;;Virtus Entella;16.0;0.0;0.0;1.65;0;0.0;0 - 0;3.9;Carrarese;11.0;0.0;0.0;5.0;0;0.0;-0.75;0 - 0;0-0;2.75;1.25;-;nan;;;;;;;;;;;;;;;;0.0;0.0;0.0;0.0;;;0.0;0.0;0.0;0.0;;[];[];[];[];[];[];[];[];1.0;0.0;0.0;1.0;0.0;0.0;43680.0;2745.0;virtus entella;carrarese calcio;1.9;1.9;Youth
2026-05-08;194199059;Argentina Primera C Metropolitana;Argentina;15:30;Schedule;0.2496626180836708;1.975;2.0;1.825;2.0;0.0;0.0;;0.0;0.0;0.0;0.0;0.0;;General Lamadrid;;0.0;0.0;1.95;0;0.0;0 - 0;2.9;CA Atlas;;0.0;0.0;3.8;0;0.0;-0.5;0 - 0;0-0;2.0;0.75;-;nan;;;;;;;;;;;;;;;;0.0;0.0;0.0;0.0;;;0.0;0.0;0.0;0.0;;[];[];[];[];[];[];[];[];1.0;0.0;0.0;1.0;0.0;0.0;377556.0;182701.0;ca general lamadrid;ca atlas;;;
2026-05-08;194162214;Switzerland 2. Liga Interregional;Switzerland;15:30;Schedule;0.7915573053368329;1.925;4.0;1.875;4.0;0.0;0.0;;0.0;0.0;0.0;0.0;0.0;;FC Thun II;;0.0;0.0;1.143;0;0.0;0 - 0;8.5;AS Italiana;;0.0;0.0;12.0;0;0.0;-2.5;0 - 0;0-0;4.0;1.75;-;nan;;;;;;;;;;;;;;;;0.0;0.0;0.0;0.0;;;0.0;0.0;0.0;0.0;;[];[];[];[];[];[];[];[];1.0;0.0;0.0;1.0;0.0;0.0;2454.0;;fc thun;;;;Youth
2026-05-08;194153539;Belgium Reserve League;Belgium;15:30;Schedule;0.458868188799669;1.925;3.5;1.875;3.5;0.0;0.0;;0.0;0.0;0.0;0.0;0.0;;Westerlo Reserves;;0.0;0.0;1.45;0;0.0;0 - 0;5.5;Lierse SK Reserves;;0.0;0.0;4.333;0;0.0;-1.25;0 - 0;0-0;3.5;1.5;-;nan;;;;;;;;;;;;;;;;0.0;0.0;0.0;0.0;;;0.0;0.0;0.0;0.0;;[];[];[];[];[];[];[];[];1.0;0.0;0.0;1.0;0.0;0.0;;;;;;;Youth
2026-05-08;194199008;Argentina Championship Women;Argentina;15:30;Schedule;0.36601307189542487;1.9;2.0;1.9;2.0;0.0;0.0;;0.0;0.0;0.0;0.0;0.0;;San Lorenzo (W);;0.0;0.0;1.7;0;0.0;0 - 0;3.2;Newell's (W);;0.0;0.0;4.5;0;0.0;-0.75;0 - 0;0-0;2.0;0.75;-;nan;;;;;;;;;;;;;;;;0.0;0.0;0.0;0.0;;;0.0;0.0;0.0;0.0;;[];[];[];[];[];[];[];[];1.0;0.0;0.0;1.0;0.0;0.0;3201.0;3212.0;ca san lorenzo de almagro;newell's old boys;;;Women
2026-05-08;193319707;Spain Primera Division RFEF Group 1;Spain;15:30;Schedule;0.02254428341384862;2.025;2.0, 2.5;1.775;2.0, 2.5;0.0;0.0;;0.0;0.0;0.0;0.0;0.0;;Arenas Club de Getxo;;0.0;0.0;2.7;0;0.0;0 - 0;2.6;Racing Ferrol;;0.0;0.0;2.875;0;0.0;0.0;0 - 0;0-0;2.25;0.75;-;nan;;;;;;;;;;;;;;;;0.0;0.0;0.0;0.0;;;0.0;0.0;0.0;0.0;;[];[];[];[];[];[];[];[];1.0;0.0;0.0;1.0;0.0;0.0;216196.0;2843.0;arenas club getxo;racing club de ferrol;1.9;1.9;
2026-05-08;193004938;Italy Serie B;Italy;15:30;Schedule;0.4144736842105263;1.85;2.5, 3.0;1.95;2.5, 3.0;0.0;0.0;;0.0;0.0;0.0;0.0;0.0;;Venezia;1.0;0.0;0.0;1.6;0;0.0;0 - 0;4.333;Palermo;4.0;0.0;0.0;4.75;0;0.0;-1.0;0 - 0;0-0;2.75;1.25;-;nan;;;;;;;;;;;;;;;;0.0;0.0;0.0;0.0;;;0.0;0.0;0.0;0.0;;[];[];[];[];[];[];[];[];1.0;0.0;0.0;1.0;0.0;0.0;2688.0;2715.0;venezia fc;palermo fc;1.7;1.7;Youth
2026-05-08;194206640;Poland IV Liga;Poland;15:30;Schedule;-0.5137491616364857;1.85;3.0, 3.5;1.95;3.0, 3.5;0.0;0.0;;0.0;0.0;0.0;0.0;0.0;;Limanovia Limanowa;;0.0;0.0;5.25;0;0.0;0 - 0;4.5;Orzel Ryczow;;0.0;0.0;1.42;0;0.0;+1.25;0 - 0;0-0;3.25;1.25;-;nan;;;;;;;;;;;;;;;;0.0;0.0;0.0;0.0;;;0.0;0.0;0.0;0.0;;[];[];[];[];[];[];[];[];1.0;0.0;0.0;1.0;0.0;0.0;;;;;;;
2026-05-08;193004916;Italy Serie B;Italy;15:30;Schedule;0.45231572080887156;1.95;3.0;1.85;3.0;0.0;0.0;;0.0;0.0;0.0;0.0;0.0;;Cesena;9.0;0.0;0.0;1.533;0;0.0;0 - 0;4.75;Padova;13.0;0.0;0.0;5.0;0;0.0;-1.0;0 - 0;0-0;3.0;1.25;-;nan;;;;;;;;;;;;;;;;0.0;0.0;0.0;0.0;;;0.0;0.0;0.0;0.0;;[];[];[];[];[];[];[];[];1.0;0.0;0.0;1.0;0.0;0.0;2742.0;2741.0;cesena fc;calcio padova;1.8;1.9;Youth
2026-05-08;193004936;Italy Serie B;Italy;15:30;Schedule;0.47124824684431976;1.825;2.5;1.975;2.5;0.0;0.0;;0.0;0.0;0.0;0.0;0.0;;Sudtirol;15.0;0.0;0.0;1.55;0;0.0;0 - 0;4.0;Juve Stabia;7.0;0.0;0.0;5.75;0;0.0;-1.0;0 - 0;0-0;2.5;1.0;-;nan;;;;;;;;;;;;;;;;0.0;0.0;0.0;0.0;;;0.0;0.0;0.0;0.0;;[];[];[];[];[];[];[];[];1.0;0.0;0.0;1.0;0.0;0.0;2760.0;5324.0;fc sudtirol bolzano;juve stabia;2.0;1.95;Youth
2026-05-08;194259619;Republic of Ireland Leinster Senior League;Ireland;15:30;Schedule;0.6442716433385174;1.8;3.0;2.0;3.0;0.0;0.0;;0.0;0.0;0.0;0.0;0.0;;Kilbarrack Utd;;0.0;0.0;1.286;0;0.0;0 - 0;5.25;UCD II;;0.0;0.0;7.5;0;0.0;-1.5;0 - 0;0-0;3.0;nan;-;nan;;;;;;;;;;;;;;;;0.0;0.0;0.0;0.0;;;0.0;0.0;0.0;0.0;;[];[];[];[];[];[];[];[];1.0;0.0;0.0;1.0;0.0;0.0;;3168.0;;university college dublin;;;Youth
2026-05-08;193004926;Italy Serie B;Italy;15:30;Schedule;0.4365372374283896;1.9;3.0;1.9;3.0;0.0;0.0;;0.0;0.0;0.0;0.0;0.0;;Frosinone;2.0;0.0;0.0;1.571;0;0.0;0 - 0;4.2;Mantova;10.0;0.0;0.0;5.0;0;0.0;-1.0;0 - 0;0-0;3.0;1.25;-;nan;;;;;;;;;;;;;;;;0.0;0.0;0.0;0.0;;;0.0;0.0;0.0;0.0;;[];[];[];[];[];[];[];[];1.0;0.0;0.0;1.0;0.0;0.0;2801.0;2770.0;frosinone calcio;mantova 1911;1.61;1.61;Youth
2026-05-08;194152238;Belgium Reserve League;Belgium;15:30;Schedule;0.6025641025641025;1.9;3.5, 4.0;1.9;3.5, 4.0;0.0;0.0;;0.0;0.0;0.0;0.0;0.0;;KV Kortrijk Reserves;;0.0;0.0;1.3;0;0.0;0 - 0;5.5;Patro Eisden Maasmechelen Reserves;;0.0;0.0;6.0;0;0.0;-1.75;0 - 0;0-0;3.75;1.5;-;nan;;;;;;;;;;;;;;;;0.0;0.0;0.0;0.0;;;0.0;0.0;0.0;0.0;;[];[];[];[];[];[];[];[];1.0;0.0;0.0;1.0;0.0;0.0;;;;;;;Youth
2026-05-08;193762012;Poland Ekstraklasa;Poland;15:30;Schedule;0.5792916760658695;1.975;3.0, 3.5;1.825;3.0, 3.5;0.0;0.0;;0.0;0.0;0.0;0.0;0.0;;Lech Poznan;1.0;0.0;0.0;1.364;0;0.0;0 - 0;5.0;Arka Gdynia;17.0;0.0;0.0;6.5;0;0.0;-1.5;0 - 0;0-0;3.25;1.25;-;nan;;;;;;;;;;;;;;;;0.0;0.0;0.0;0.0;;;0.0;0.0;0.0;0.0;;[];[];[];[];[];[];[];[];1.0;0.0;0.0;1.0;0.0;0.0;3121.0;5064.0;kks lech poznan;mks arka gdynia;1.75;1.75;
2026-05-08;193004910;Italy Serie B;Italy;15:30;Schedule;-0.11303191489361702;1.9;2.5, 3.0;1.9;2.5, 3.0;0.0;0.0;;0.0;0.0;0.0;0.0;0.0;;Catanzaro;5.0;0.0;0.0;3.2;0;0.0;0 - 0;3.2;Bari;17.0;0.0;0.0;2.35;0;0.0;+0.25;0 - 0;0-0;2.75;1.25;-;nan;;;;;;;;;;;;;;;;0.0;0.0;0.0;0.0;;;0.0;0.0;0.0;0.0;;[];[];[];[];[];[];[];[];1.0;0.0;0.0;1.0;0.0;0.0;2796.0;2712.0;us catanzaro;ssc bari;1.7;1.66;Youth
2026-05-08;193000787;Germany Bundesliga I;Germany;15:30;Schedule;0.350140056022409;1.825;3.0, 3.5;2.025;3.0, 3.5;0.0;0.0;;0.0;0.0;0.0;0.0;0.0;;Borussia Dortmund;2.0;0.0;0.0;1.7;0;0.0;0 - 0;4.333;Eintracht Frankfurt;8.0;0.0;0.0;4.2;0;0.0;-0.75;0 - 0;0-0;3.25;1.5;-;nan;;;;;;;;;;;;;;;;0.0;0.0;0.0;0.0;;;0.0;0.0;0.0;0.0;;[];[];[];[];[];[];[];[];1.0;0.0;0.0;1.0;0.0;0.0;2673.0;2674.0;borussia dortmund;eintracht frankfurt;1.5;1.44;
2026-05-08;194152242;Belgium Reserve League;Belgium;15:30;Schedule;0.04844961240310075;1.875;3.5, 4.0;1.925;3.5, 4.0;0.0;0.0;;0.0;0.0;0.0;0.0;0.0;;RAAL La Louviere Reserves;;0.0;0.0;2.15;0;0.0;0 - 0;4.333;KFCO Beerschot-Wilrijk Reserves;;0.0;0.0;2.4;0;0.0;-0.25;0 - 0;0-0;3.75;1.5;-;nan;;;;;;;;;;;;;;;;0.0;0.0;0.0;0.0;;;0.0;0.0;0.0;0.0;;[];[];[];[];[];[];[];[];1.0;0.0;0.0;1.0;0.0;0.0;;;;;;;Youth-Women
2026-05-08;193004934;Italy Serie B;Italy;15:30;Schedule;-0.160427807486631;1.825;2.0, 2.5;1.975;2.0, 2.5;0.0;0.0;;0.0;0.0;0.0;0.0;0.0;;AC Reggiana;20.0;0.0;0.0;3.4;0;0.0;0 - 0;3.25;Sampdoria;12.0;0.0;0.0;2.2;0;0.0;+0.25;0 - 0;0-0;2.25;1.0;-;nan;;;;;;;;;;;;;;;;0.0;0.0;0.0;0.0;;;0.0;0.0;0.0;0.0;;[];[];[];[];[];[];[];[];1.0;0.0;0.0;1.0;0.0;0.0;24516.0;2711.0;reggiana 1919;sampdoria genoa;2.0;2.0;Youth
2026-05-08;193004928;Italy Serie B;Italy;15:30;Schedule;0.3617847858999628;1.95;2.5, 3.0;1.85;2.5, 3.0;0.0;0.0;;0.0;0.0;0.0;0.0;0.0;;Monza;3.0;0.0;0.0;1.667;0;0.0;0 - 0;3.9;Empoli;14.0;0.0;0.0;4.2;0;0.0;-0.75;0 - 0;0-0;2.75;1.25;-;nan;;;;;;;;;;;;;;;;0.0;0.0;0.0;0.0;;;0.0;0.0;0.0;0.0;;[];[];[];[];[];[];[];[];1.0;0.0;0.0;1.0;0.0;0.0;2729.0;2705.0;ac monza;empoli fc;1.8;1.8;Youth
2026-05-08;193003550;Spain Segunda;Spain;15:30;Schedule;-0.26276276276276267;1.9;2.5;1.9;2.5;0.0;0.0;;0.0;0.0;0.0;0.0;0.0;;Cadiz;;0.0;0.0;3.6;0;0.0;0 - 0;3.4;Deportivo La Coruna;;0.0;0.0;1.85;0;0.0;+0.5;0 - 0;0-0;2.5;1.0;-;nan;;;;;;;;;;;;;;;;0.0;0.0;0.0;0.0;;;0.0;0.0;0.0;0.0;;[];[];[];[];[];[];[];[];1.0;0.0;0.0;1.0;0.0;0.0;4488.0;2832.0;cadiz cf;rc deportivo de la coruna;1.72;1.8;
2026-05-08;193004907;Italy Serie B;Italy;15:30;Schedule;0.48564905414220494;1.975;2.5;1.825;2.5;0.0;0.0;;0.0;0.0;0.0;0.0;0.0;;Avellino;8.0;0.0;0.0;1.533;0;0.0;0 - 0;4.0;Modena;6.0;0.0;0.0;6.0;0;0.0;-1.0;0 - 0;0-0;2.5;1.0;-;nan;;;;;;;;;;;;;;;;0.0;0.0;0.0;0.0;;;0.0;0.0;0.0;0.0;;[];[];[];[];[];[];[];[];1.0;0.0;0.0;1.0;0.0;0.0;2730.0;2706.0;us avellino;modena fc;1.95;1.95;Youth
2026-05-08;193997167;Scotland Premiership Play-Offs;Scotland;15:30;Schedule;0.18207282913165262;1.975;2.5, 3.0;1.825;2.5, 3.0;0.0;0.0;;0.0;0.0;0.0;0.0;0.0;;Arbroath;;0.0;0.0;2.1;0;0.0;0 - 0;3.5;Dunfermline;;0.0;0.0;3.4;0;0.0;-0.5;0 - 0;0-0;2.75;1.0;-;nan;;;;;;;;;;;;;;;;0.0;0.0;0.0;0.0;;;0.0;0.0;0.0;0.0;;[];[];[];[];[];[];[];[];1.0;0.0;0.0;1.0;0.0;0.0;2366.0;2350.0;arbroath fc;dunfermline athletic fc;;;
2026-05-08;194206625;Northern Ireland Championship Women;North Ireland;15:30;Schedule;-0.11904761904761907;1.925;3.5, 4.0;1.875;3.5, 4.0;0.0;0.0;;0.0;0.0;0.0;0.0;0.0;;Mid Ulster (W);;0.0;0.0;2.625;0;0.0;0 - 0;4.2;Strabane Athletic (W);;0.0;0.0;2.0;0;0.0;+0.25;0 - 0;0-0;3.75;1.5;-;nan;;;;;;;;;;;;;;;;0.0;0.0;0.0;0.0;;;0.0;0.0;0.0;0.0;;[];[];[];[];[];[];[];[];1.0;0.0;0.0;1.0;0.0;0.0;;;;;;;Women
2026-05-08;193004930;Italy Serie B;Italy;15:30;Schedule;0.15360983102918585;1.9;3.0;1.9;3.0;0.0;0.0;;0.0;0.0;0.0;0.0;0.0;;Pescara;18.0;0.0;0.0;2.1;0;0.0;0 - 0;3.7;Spezia;19.0;0.0;0.0;3.1;0;0.0;-0.25;0 - 0;0-0;3.0;1.25;-;nan;;;;;;;;;;;;;;;;0.0;0.0;0.0;0.0;;;0.0;0.0;0.0;0.0;;[];[];[];[];[];[];[];[];1.0;0.0;0.0;1.0;0.0;0.0;2728.0;2735.0;delfino pescara;spezia calcio;1.53;1.53;Youth
2026-05-08;193331358;Belgium First Division A;Belgium;15:45;Schedule;0.20588235294117646;1.8;2.5, 3.0;2.0;2.5, 3.0;0.0;0.0;;0.0;0.0;0.0;0.0;0.0;;Standard Liege;;0.0;0.0;2.0;0;0.0;0 - 0;3.6;OH Leuven;;0.0;0.0;3.4;0;0.0;-0.5;0 - 0;0-0;2.75;1.25;-;nan;;;;;;;;;;;;;;;;0.0;0.0;0.0;0.0;;;0.0;0.0;0.0;0.0;;[];[];[];[];[];[];[];[];1.0;0.0;0.0;1.0;0.0;0.0;2901.0;2918.0;standard liege;oud-heverlee leuven;1.8;1.8;
2026-05-08;193005727;France Ligue 1;France;15:45;Schedule;0.5358090185676393;2.05;3.0, 3.5;1.8;3.0, 3.5;0.0;0.0;;0.0;0.0;0.0;0.0;0.0;;Lens;2.0;0.0;0.0;1.45;0;0.0;0 - 0;4.5;Nantes;17.0;0.0;0.0;6.5;0;0.0;-1.25;0 - 0;0-0;3.25;1.25;-;nan;;;;;;;;;;;;;;;;0.0;0.0;0.0;0.0;;;0.0;0.0;0.0;0.0;;[];[];[];[];[];[];[];[];1.0;0.0;0.0;1.0;0.0;0.0;1648.0;1647.0;racing club de lens;fc nantes;1.95;1.75;
2026-05-08;193201029;Republic of Ireland Premier Division;Ireland;15:45;Schedule;0.5503791982665223;1.975;2.5, 3.0;1.825;2.5, 3.0;0.0;0.0;;0.0;0.0;0.0;0.0;0.0;;Shelbourne;;0.0;0.0;1.42;0;0.0;0 - 0;4.333;Sligo Rovers;;0.0;0.0;6.5;0;0.0;-1.25;0 - 0;0-0;2.75;1.0;-;nan;;;;;;;;;;;;;;;;0.0;0.0;0.0;0.0;;;0.0;0.0;0.0;0.0;;[];[];[];[];[];[];[];[];1.0;0.0;0.0;1.0;0.0;0.0;3174.0;3190.0;shelbourne fc;sligo rovers fc;2.0;1.95;
2026-05-08;194153149;Republic of Ireland First Division;Ireland;15:45;Schedule;0.3884080628255044;1.85;2.5;1.95;2.5;0.0;0.0;;0.0;0.0;0.0;0.0;0.0;;Cork City;;0.0;0.0;1.615;0;0.0;0 - 0;3.6;UCD;;0.0;0.0;4.333;0;0.0;-0.75;0 - 0;0-0;2.5;1.0;-;nan;;;;;;;;;;;;;;;;0.0;0.0;0.0;0.0;;;0.0;0.0;0.0;0.0;;[];[];[];[];[];[];[];[];1.0;0.0;0.0;1.0;0.0;0.0;40896.0;3168.0;cork city fc;university college dublin;;;
2026-05-08;194153153;Republic of Ireland First Division;Ireland;15:45;Schedule;0.035714285714285754;1.85;2.0, 2.5;1.95;2.0, 2.5;0.0;0.0;;0.0;0.0;0.0;0.0;0.0;;Finn Harps;;0.0;0.0;2.4;0;0.0;0 - 0;3.1;Kerry FC;;0.0;0.0;2.625;0;0.0;0.0;0 - 0;0-0;2.25;1.0;-;nan;;;;;;;;;;;;;;;;0.0;0.0;0.0;0.0;;;0.0;0.0;0.0;0.0;;[];[];[];[];[];[];[];[];1.0;0.0;0.0;1.0;0.0;0.0;3181.0;972503.0;finn harps fc;kerry fc;;;
2026-05-08;194153144;Republic of Ireland First Division;Ireland;15:45;Schedule;0.2777777777777778;1.85;2.5;1.95;2.5;0.0;0.0;;0.0;0.0;0.0;0.0;0.0;;Bray Wanderers;;0.0;0.0;1.8;0;0.0;0 - 0;3.4;Cobh Ramblers;;0.0;0.0;3.6;0;0.0;-0.5;0 - 0;0-0;2.5;1.0;-;nan;;;;;;;;;;;;;;;;0.0;0.0;0.0;0.0;;;0.0;0.0;0.0;0.0;;[];[];[];[];[];[];[];[];1.0;0.0;0.0;1.0;0.0;0.0;3171.0;3185.0;bray wanderers afc;cobh ramblers;;;
2026-05-08;194153155;Republic of Ireland First Division;Ireland;15:45;Schedule;0.29914529914529914;1.8;2.0, 2.5;2.0;2.0, 2.5;0.0;0.0;;0.0;0.0;0.0;0.0;0.0;;Wexford FC;;0.0;0.0;1.8;0;0.0;0 - 0;3.3;Longford Town;;0.0;0.0;3.9;0;0.0;-0.5;0 - 0;0-0;2.25;1.0;-;nan;;;;;;;;;;;;;;;;0.0;0.0;0.0;0.0;;;0.0;0.0;0.0;0.0;;[];[];[];[];[];[];[];[];1.0;0.0;0.0;1.0;0.0;0.0;7128.0;3175.0;wexford fc;longford town fc;;;
2026-05-08;193201027;Republic of Ireland Premier Division;Ireland;15:45;Schedule;-0.2350427350427351;1.775;2.0, 2.5;2.025;2.0, 2.5;0.0;0.0;;0.0;0.0;0.0;0.0;0.0;;Galway United;;0.0;0.0;3.6;0;0.0;0 - 0;3.3;Shamrock Rovers;;0.0;0.0;1.95;0;0.0;+0.5;0 - 0;0-0;2.25;1.0;-;nan;;;;;;;;;;;;;;;;0.0;0.0;0.0;0.0;;;0.0;0.0;0.0;0.0;;[];[];[];[];[];[];[];[];1.0;0.0;0.0;1.0;0.0;0.0;3172.0;3177.0;galway united fc;shamrock rovers;2.0;1.95;
2026-05-08;193201025;Republic of Ireland Premier Division;Ireland;15:45;Schedule;0.0;1.825;2.5;1.975;2.5;0.0;0.0;;0.0;0.0;0.0;0.0;0.0;;Dundalk;;0.0;0.0;2.55;0;0.0;0 - 0;3.3;Bohemians Dublin;;0.0;0.0;2.55;0;0.0;0.0;0 - 0;0-0;2.5;1.0;-;nan;;;;;;;;;;;;;;;;0.0;0.0;0.0;0.0;;;0.0;0.0;0.0;0.0;;[];[];[];[];[];[];[];[];1.0;0.0;0.0;1.0;0.0;0.0;3179.0;3173.0;dundalk fc;bohemians dublin fc;1.8;1.75;
2026-05-08;193201022;Republic of Ireland Premier Division;Ireland;15:45;Schedule;-0.15261627906976744;1.875;2.0, 2.5;1.925;2.0, 2.5;0.0;0.0;;0.0;0.0;0.0;0.0;0.0;;Drogheda United;;0.0;0.0;3.2;0;0.0;0 - 0;3.1;Derry City;;0.0;0.0;2.15;0;0.0;+0.25;0 - 0;0-0;2.25;1.0;-;nan;;;;;;;;;;;;;;;;0.0;0.0;0.0;0.0;;;0.0;0.0;0.0;0.0;;[];[];[];[];[];[];[];[];1.0;0.0;0.0;1.0;0.0;0.0;3180.0;3170.0;drogheda united fc;derry city fc;1.95;1.9;
2026-05-08;194153140;Republic of Ireland First Division;Ireland;15:45;Schedule;0.2381201825937289;2.0;2.5;1.8;2.5;0.0;0.0;;0.0;0.0;0.0;0.0;0.0;;Athlone Town;;0.0;0.0;1.909;0;0.0;0 - 0;3.3;Treaty United FC;;0.0;0.0;3.5;0;0.0;-0.5;0 - 0;0-0;2.5;1.0;-;nan;;;;;;;;;;;;;;;;0.0;0.0;0.0;0.0;;;0.0;0.0;0.0;0.0;;[];[];[];[];[];[];[];[];1.0;0.0;0.0;1.0;0.0;0.0;3198.0;779084.0;athlone town afc;treaty united;;;
2026-05-08;193004733;Italy Serie A;Italy;15:45;Schedule;0.01904761904761909;1.925;2.5;1.925;2.5;0.0;0.0;;0.0;0.0;0.0;0.0;0.0;;Torino;13.0;0.0;0.0;2.5;0;0.0;0 - 0;3.0;Sassuolo;10.0;0.0;0.0;2.625;0;0.0;0.0;0 - 0;0-0;2.5;1.0;-;nan;;;;;;;;;;;;;;;;0.0;0.0;0.0;0.0;;;0.0;0.0;0.0;0.0;;[];[];[];[];[];[];[];[];1.0;0.0;0.0;1.0;0.0;0.0;2696.0;2793.0;torino fc;sassuolo calcio;1.8;1.75;
2026-05-08;194206630;Northern Ireland Premier League Women;North Ireland;16:00;Schedule;0.05454545454545451;1.9;3.5;1.9;3.5;0.0;0.0;;0.0;0.0;0.0;0.0;0.0;;Crusaders Strikers (W);4.0;0.0;0.0;2.2;0;0.0;0 - 0;3.8;Derry City (W);6.0;0.0;0.0;2.5;0;0.0;0.0;0 - 0;0-0;3.5;1.5;-;nan;;;;;;;;;;;;;;;;0.0;0.0;0.0;0.0;;;0.0;0.0;0.0;0.0;;[];[];[];[];[];[];[];[];1.0;0.0;0.0;1.0;0.0;0.0;;3170.0;;derry city fc;;;Women
2026-05-08;193107590;Poland I Liga;Poland;16:00;Schedule;0.5442253521126761;1.85;2.5, 3.0;1.95;2.5, 3.0;0.0;0.0;;0.0;0.0;0.0;0.0;0.0;;Wisla Krakow;;0.0;0.0;1.42;0;0.0;0 - 0;3.9;Chrobry Glogow;;0.0;0.0;6.25;0;0.0;-1.25;0 - 0;0-0;2.75;1.25;-;nan;;;;;;;;;;;;;;;;0.0;0.0;0.0;0.0;;;0.0;0.0;0.0;0.0;;[];[];[];[];[];[];[];[];1.0;0.0;0.0;1.0;0.0;0.0;3111.0;53296.0;wisla krakow;chrobry glogow;1.83;1.83;
2026-05-08;194204333;Ecuador Primera Women;Ecuador;16:00;Schedule;0.4144736842105263;1.8;2.5, 3.0;2.0;2.5, 3.0;0.0;0.0;;0.0;0.0;0.0;0.0;0.0;;Macara (W);;0.0;0.0;1.6;0;0.0;0 - 0;3.7;CD Espuce (W);;0.0;0.0;4.75;0;0.0;-0.75;0 - 0;0-0;2.75;1.25;-;nan;;;;;;;;;;;;;;;;0.0;0.0;0.0;0.0;;;0.0;0.0;0.0;0.0;;[];[];[];[];[];[];[];[];1.0;0.0;0.0;1.0;0.0;0.0;6001.0;;csd macara;;;;Women
2026-05-08;194253797;Costa Rica U21 League;Costa Rica;16:00;Schedule;0.15447154471544722;1.975;2.5;1.825;2.5;0.0;0.0;;0.0;0.0;0.0;0.0;0.0;;Herediano U21;;0.0;0.0;2.05;0;0.0;0 - 0;3.3;Sporting San Jose U21;;0.0;0.0;3.0;0;0.0;-0.25;0 - 0;0-0;2.5;1.0;-;nan;;;;;;;;;;;;;;;;0.0;0.0;0.0;0.0;;;0.0;0.0;0.0;0.0;;[];[];[];[];[];[];[];[];1.0;0.0;0.0;1.0;0.0;0.0;7045.0;313515.0;cs herediano;sporting fc;;;Youth
2026-05-08;194206633;Northern Ireland Premier League Women;North Ireland;16:00;Schedule;0.19023986765922257;2.0;3.0, 3.5;1.8;3.0, 3.5;0.0;0.0;;0.0;0.0;0.0;0.0;0.0;;Lisburn (W);;0.0;0.0;1.95;0;0.0;0 - 0;3.5;Larne FC (W);;0.0;0.0;3.1;0;0.0;-0.25;0 - 0;0-0;3.25;1.25;-;nan;;;;;;;;;;;;;;;;0.0;0.0;0.0;0.0;;;0.0;0.0;0.0;0.0;;[];[];[];[];[];[];[];[];1.0;0.0;0.0;1.0;0.0;0.0;;;;;;;Women
2026-05-08;194259621;Republic of Ireland Leinster Senior League;Ireland;16:00;Schedule;-0.08050089445438285;1.95;3.0, 3.5;1.85;3.0, 3.5;0.0;0.0;;0.0;0.0;0.0;0.0;0.0;;St Francis FC;;0.0;0.0;2.6;0;0.0;0 - 0;3.7;Inchicore Athletic FC;;0.0;0.0;2.15;0;0.0;+0.25;0 - 0;0-0;3.25;1.25;-;nan;;;;;;;;;;;;;;;;0.0;0.0;0.0;0.0;;;0.0;0.0;0.0;0.0;;[];[];[];[];[];[];[];[];1.0;0.0;0.0;1.0;0.0;0.0;;;;;;;
2026-05-08;193989622;England Championship;England;16:00;Schedule;-0.05217391304347829;1.85;2.0, 2.5;2.0;2.0, 2.5;0.0;0.0;;0.0;0.0;0.0;0.0;0.0;;Hull;6.0;0.0;0.0;2.875;0;0.0;0 - 0;3.2;Millwall;3.0;0.0;0.0;2.5;0;0.0;0.0;0 - 0;0-0;2.25;1.0;-;nan;;;;;;;;;;;;;;;;0.0;0.0;0.0;0.0;;;0.0;0.0;0.0;0.0;;[];[];[];[];[];[];[];[];1.0;0.0;0.0;1.0;0.0;0.0;96.0;25.0;hull city;millwall fc;1.83;1.8;
2026-05-08;193201031;Republic of Ireland Premier Division;Ireland;16:00;Schedule;0.7333333333333334;1.8;3.0;2.0;3.0;0.0;0.0;;0.0;0.0;0.0;0.0;0.0;;St Patrick's Athletic;;0.0;0.0;1.2;0;0.0;0 - 0;5.75;Waterford FC;;0.0;0.0;10.0;0;0.0;-1.75;0 - 0;0-0;3.0;1.25;-;nan;;;;;;;;;;;;;;;;0.0;0.0;0.0;0.0;;;0.0;0.0;0.0;0.0;;[];[];[];[];[];[];[];[];1.0;0.0;0.0;1.0;0.0;0.0;3169.0;3194.0;saint patrick´s athletic fc;waterford fc;2.05;2.05;
2026-05-08;194298292;Bolivia Copa Simon Bolivar;Bolivia;16:00;Schedule;0.0;2.0;3.0;1.8;3.0;0.0;0.0;;0.0;0.0;0.0;0.0;0.0;;CD Nueva Santa Cruz;;0.0;0.0;2.375;0;0.0;0 - 0;3.6;Real Santa Cruz;;0.0;0.0;2.375;0;0.0;0.0;0 - 0;0-0;3.0;1.25;-;nan;;;;;;;;;;;;;;;;0.0;0.0;0.0;0.0;;;0.0;0.0;0.0;0.0;;[];[];[];[];[];[];[];[];1.0;0.0;0.0;1.0;0.0;0.0;;;;;;;
2026-05-08;193003387;Spain La Liga;Spain;16:00;Schedule;0.028520499108734443;2.05;2.5;1.8;2.5;0.0;0.0;;0.0;0.0;0.0;0.0;0.0;;Levante;19.0;0.0;0.0;2.55;0;0.0;0 - 0;3.25;Osasuna;10.0;0.0;0.0;2.75;0;0.0;0.0;0 - 0;0-0;2.5;1.0;-;nan;;;;;;;;;;;;;;;;0.0;0.0;0.0;0.0;;;0.0;0.0;0.0;0.0;;[];[];[];[];[];[];[];[];1.0;0.0;0.0;1.0;0.0;0.0;2849.0;2820.0;levante ud;ca osasuna;1.75;1.75;
2026-05-08;193319747;Spain Primera Division RFEF Group 2;Spain;16:15;Schedule;0.13196480938416422;1.975;2.0, 2.5;1.825;2.0, 2.5;0.0;0.0;;0.0;0.0;0.0;0.0;0.0;;Atletico Madrid B;;0.0;0.0;2.2;0;0.0;0 - 0;3.0;Sabadell;;0.0;0.0;3.1;0;0.0;-0.25;0 - 0;0-0;2.25;1.0;-;nan;;;;;;;;;;;;;;;;0.0;0.0;0.0;0.0;;;0.0;0.0;0.0;0.0;;[];[];[];[];[];[];[];[];1.0;0.0;0.0;1.0;0.0;0.0;24326.0;24335.0;atletico madrid b;ce sabadell fc;;;Youth
2026-05-08;194151780;Iceland 1 Deild;Iceland;16:15;Schedule;-0.23751023751023742;1.9;3.0;1.9;3.0;0.0;0.0;;0.0;0.0;0.0;0.0;0.0;;Leiknir Reykjavik;4.0;0.0;0.0;3.3;0;0.0;0 - 0;3.7;Afturelding;10.0;0.0;0.0;1.85;0;0.0;+0.5;0 - 0;0-0;3.0;1.25;-;nan;;;;;;;;;;;;;;;;0.0;0.0;0.0;0.0;;;0.0;0.0;0.0;0.0;;[];[];[];[];[];[];[];[];1.0;0.0;0.0;1.0;0.0;0.0;36057.0;1914.0;leiknir reykjavik;afturelding;;;
2026-05-08;194155323;Iceland 1 Deild;Iceland;16:15;Schedule;-0.07407407407407407;1.9;3.0;1.9;3.0;0.0;0.0;;0.0;0.0;0.0;0.0;0.0;;Njardvik;;0.0;0.0;2.7;0;0.0;0 - 0;3.4;Fylkir Reykjavik;;0.0;0.0;2.25;0;0.0;+0.25;0 - 0;0-0;3.0;1.25;-;nan;;;;;;;;;;;;;;;;0.0;0.0;0.0;0.0;;;0.0;0.0;0.0;0.0;;[];[];[];[];[];[];[];[];1.0;0.0;0.0;1.0;0.0;0.0;431251.0;;umf njardvik;;;;
2026-05-08;194173215;Iceland Premier League;Iceland;16:15;Schedule;0.3296097537249307;1.825;3.0, 3.5;1.975;3.0, 3.5;0.0;0.0;;0.0;0.0;0.0;0.0;0.0;;IA Akranes;;0.0;0.0;1.667;0;0.0;0 - 0;4.0;Keflavik;;0.0;0.0;3.7;0;0.0;-0.75;0 - 0;0-0;3.25;1.5;-;nan;;;;;;;;;;;;;;;;0.0;0.0;0.0;0.0;;;0.0;0.0;0.0;0.0;;[];[];[];[];[];[];[];[];1.0;0.0;0.0;1.0;0.0;0.0;1898.0;1900.0;ia akranes;keflavik if;;;
2026-05-08;194132677;Iceland Premier League;Iceland;16:15;Schedule;-0.24305555555555558;2.0;4.0, 4.5;1.8;4.0, 4.5;0.0;0.0;;0.0;0.0;0.0;0.0;0.0;;Stjarnan;;0.0;0.0;3.2;0;0.0;0 - 0;4.0;KR Reykjavik;;0.0;0.0;1.8;0;0.0;+0.5;0 - 0;0-0;4.25;1.75;-;nan;;;;;;;;;;;;;;;;0.0;0.0;0.0;0.0;;;0.0;0.0;0.0;0.0;;[];[];[];[];[];[];[];[];1.0;0.0;0.0;1.0;0.0;0.0;1912.0;1902.0;stjarnan gardabae;kr reykjavik;1.22;1.22;
2026-05-08;194132675;Iceland Premier League;Iceland;16:15;Schedule;0.23305373704309873;1.85;3.5;1.95;3.5;0.0;0.0;;0.0;0.0;0.0;0.0;0.0;;Fram Reykjavik;;0.0;0.0;1.833;0;0.0;0 - 0;3.9;Valur Reykjavik;;0.0;0.0;3.2;0;0.0;-0.5;0 - 0;0-0;3.5;1.5;-;nan;;;;;;;;;;;;;;;;0.0;0.0;0.0;0.0;;;0.0;0.0;0.0;0.0;;[];[];[];[];[];[];[];[];1.0;0.0;0.0;1.0;0.0;0.0;1893.0;1899.0;fram reykjavik;valur reykjavik;1.33;1.33;
2026-05-08;194132673;Iceland Premier League;Iceland;16:15;Schedule;0.4143743067084565;1.925;3.5;1.875;3.5;0.0;0.0;;0.0;0.0;0.0;0.0;0.0;;Breidablik;;0.0;0.0;1.55;0;0.0;0 - 0;4.2;FH Hafnarfjordur;;0.0;0.0;4.333;0;0.0;-1.0;0 - 0;0-0;3.5;1.5;-;nan;;;;;;;;;;;;;;;;0.0;0.0;0.0;0.0;;;0.0;0.0;0.0;0.0;;[];[];[];[];[];[];[];[];1.0;0.0;0.0;1.0;0.0;0.0;1901.0;1894.0;breidablik kopavogur;fh hafnarfjordur;1.5;1.5;
2026-05-08;194142521;Colombia Cup;Colombia;17:00;Schedule;-0.2095238095238095;1.975;2.0;1.825;2.0;0.0;0.0;;0.0;0.0;0.0;0.0;0.0;;Boca Juniors De Cali;;0.0;0.0;3.75;0;0.0;0 - 0;3.0;Alianza;;0.0;0.0;2.1;0;0.0;+0.25;0 - 0;0-0;2.0;0.75;-;nan;;;;;;;;;;;;;;;;0.0;0.0;0.0;0.0;;;0.0;0.0;0.0;0.0;;[];[];[];[];[];[];[];[];1.0;0.0;0.0;1.0;0.0;0.0;;1098993.0;;alianza fc valledupar;;;
2026-05-08;193329723;Peru Liga 1;Peru;17:00;Schedule;0.3776578017729787;1.85;2.5;1.95;2.5;0.0;0.0;;0.0;0.0;0.0;0.0;0.0;;UTC Cajamarca;;0.0;0.0;1.667;0;0.0;0 - 0;3.75;FC Cajamarca;;0.0;0.0;4.5;0;0.0;-0.75;0 - 0;0-0;2.5;1.0;-;nan;;;;;;;;;;;;;;;;0.0;0.0;0.0;0.0;;;0.0;0.0;0.0;0.0;;[];[];[];[];[];[];[];[];1.0;0.0;0.0;1.0;0.0;0.0;87854.0;1065398.0;utc de cajamarca;fc cajamarca;1.72;1.72;
2026-05-08;194149799;Morocco GNF 1;Morocco;17:00;Schedule;0.1014492753623189;2.0;1.5, 2.0;1.8;1.5, 2.0;0.0;0.0;;0.0;0.0;0.0;0.0;0.0;;Kawkab Marrakech;;0.0;0.0;2.3;0;0.0;0 - 0;2.9;Renaissance Zemamra;;0.0;0.0;3.0;0;0.0;-0.25;0 - 0;0-0;1.75;0.5;-;nan;;;;;;;;;;;;;;;;0.0;0.0;0.0;0.0;;;0.0;0.0;0.0;0.0;;[];[];[];[];[];[];[];[];1.0;0.0;0.0;1.0;0.0;0.0;47696.0;368674.0;kawkab athletic club of marrakech;renaissance zemamra;;;
2026-05-08;194155326;Iceland 1 Deild;Iceland;17:00;Schedule;0.1905011349746813;1.8;3.0, 3.5;2.0;3.0, 3.5;0.0;0.0;;0.0;0.0;0.0;0.0;0.0;;IR Reykjavik;5.0;0.0;0.0;1.909;0;0.0;0 - 0;3.75;Grindavik;6.0;0.0;0.0;3.0;0;0.0;-0.5;0 - 0;0-0;3.25;1.5;-;nan;;;;;;;;;;;;;;;;0.0;0.0;0.0;0.0;;;0.0;0.0;0.0;0.0;;[];[];[];[];[];[];[];[];1.0;0.0;0.0;1.0;0.0;0.0;1907.0;1897.0;ir reykjavik;umf grindavik;;;
2026-05-08;194150998;Paraguay Division Intermedia;Paraguay;17:00;Schedule;0.016006402561024313;1.925;2.0, 2.5;1.875;2.0, 2.5;0.0;0.0;;0.0;0.0;0.0;0.0;0.0;;Resistencia FC;12.0;0.0;0.0;2.45;0;0.0;0 - 0;3.1;Paraguari AC;13.0;0.0;0.0;2.55;0;0.0;0.0;0 - 0;0-0;2.25;1.0;-;nan;;;;;;;;;;;;;;;;0.0;0.0;0.0;0.0;;;0.0;0.0;0.0;0.0;;[];[];[];[];[];[];[];[];1.0;0.0;0.0;1.0;0.0;0.0;;;;;;;
2026-05-08;194203535;Colombia Cup;Colombia;17:00;Schedule;0.6135265700483092;1.975;2.5;1.825;2.5;0.0;0.0;;0.0;0.0;0.0;0.0;0.0;;Fortaleza CEIF;;0.0;0.0;1.38;0;0.0;0 - 0;4.333;Itagui Leones;;0.0;0.0;9.0;0;0.0;-1.25;0 - 0;0-0;2.5;1.0;-;nan;;;;;;;;;;;;;;;;0.0;0.0;0.0;0.0;;;0.0;0.0;0.0;0.0;;[];[];[];[];[];[];[];[];1.0;0.0;0.0;1.0;0.0;0.0;89368.0;;fortaleza fc;;;;
2026-05-08;194206502;Chile Ascenso Women;Chile;17:00;Schedule;0.3884080628255044;1.95;2.5;1.85;2.5;0.0;0.0;;0.0;0.0;0.0;0.0;0.0;;Cobreloa (W);;0.0;0.0;1.615;0;0.0;0 - 0;3.75;Deportes Copiapo (W);;0.0;0.0;4.333;0;0.0;-0.75;0 - 0;0-0;2.5;1.0;-;nan;;;;;;;;;;;;;;;;0.0;0.0;0.0;0.0;;;0.0;0.0;0.0;0.0;;[];[];[];[];[];[];[];[];1.0;0.0;0.0;1.0;0.0;0.0;;;;;;;Women
2026-05-08;194155329;Ecuador LigaPro Serie B;Ecuador;18:30;Schedule;0.14253563390847712;1.85;2.0;1.95;2.0;0.0;0.0;;0.0;0.0;0.0;0.0;0.0;;LDU Portoviejo;10.0;0.0;0.0;2.15;0;0.0;0 - 0;3.0;Atletico FC Guayaquil;3.0;0.0;0.0;3.1;0;0.0;-0.25;0 - 0;0-0;2.0;0.75;-;nan;;;;;;;;;;;;;;;;0.0;0.0;0.0;0.0;;;0.0;0.0;0.0;0.0;;[];[];[];[];[];[];[];[];1.0;0.0;0.0;1.0;0.0;0.0;;;;;;;Youth
2026-05-08;194214216;Brazil Paulista Serie B;Brazil;19:00;Schedule;0.4365372374283896;1.975;2.5;1.825;2.5;0.0;0.0;;0.0;0.0;0.0;0.0;0.0;;Audax SP U23;;0.0;0.0;1.571;0;0.0;0 - 0;3.7;SC Paulinense U23;;0.0;0.0;5.0;0;0.0;-0.75;0 - 0;0-0;2.5;1.0;-;nan;;;;;;;;;;;;;;;;0.0;0.0;0.0;0.0;;;0.0;0.0;0.0;0.0;;[];[];[];[];[];[];[];[];1.0;0.0;0.0;1.0;0.0;0.0;;;;;;;Youth
2026-05-08;194151693;Colombia Primera B;Colombia;19:00;Schedule;0.18207282913165262;2.0;2.5;1.8;2.5;0.0;0.0;;0.0;0.0;0.0;0.0;0.0;;Barranquilla FC;;0.0;0.0;2.1;0;0.0;0 - 0;3.3;Bogota FC;;0.0;0.0;3.4;0;0.0;-0.25;0 - 0;0-0;2.5;1.0;-;nan;;;;;;;;;;;;;;;;0.0;0.0;0.0;0.0;;;0.0;0.0;0.0;0.0;;[];[];[];[];[];[];[];[];1.0;0.0;0.0;1.0;0.0;0.0;;;;;;;Youth
2026-05-08;194093977;Brazil Serie A1 Women;Brazil;19:00;Schedule;0.7979675617470894;1.95;3.0, 3.5;1.85;3.0, 3.5;0.0;0.0;;0.0;0.0;0.0;0.0;0.0;;Cruzeiro (W);;0.0;0.0;1.143;0;0.0;0 - 0;7.5;America MG (W);;0.0;0.0;13.0;0;0.0;-2.25;0 - 0;0-0;3.25;1.25;-;nan;;;;;;;;;;;;;;;;0.0;0.0;0.0;0.0;;;0.0;0.0;0.0;0.0;;[];[];[];[];[];[];[];[];1.0;0.0;0.0;1.0;0.0;0.0;1954.0;1973.0;cruzeiro ec mg;america fc mg;;;Women
2026-05-08;193820486;Argentina Primera C Metropolitana;Argentina;19:00;Schedule;0.14141414141414138;1.75;1.5, 2.0;2.05;1.5, 2.0;0.0;0.0;;0.0;0.0;0.0;0.0;0.0;;Defensores de Cambaceres;;0.0;0.0;2.25;0;0.0;0 - 0;2.75;Club Mercedes;;0.0;0.0;3.3;0;0.0;-0.25;0 - 0;0-0;1.75;0.75;-;nan;;;;;;;;;;;;;;;;0.0;0.0;0.0;0.0;;;0.0;0.0;0.0;0.0;;[];[];[];[];[];[];[];[];1.0;0.0;0.0;1.0;0.0;0.0;306572.0;354964.0;defensores de cambaceres;club mercedes;;;
2026-05-08;194152560;USA NWSL Women;USA;19:30;Schedule;-0.24642289348171692;1.85;2.5;1.95;2.5;0.0;0.0;;0.0;0.0;0.0;0.0;0.0;;Racing Louisville FC (W);;0.0;0.0;3.4;0;0.0;0 - 0;3.4;Portland Thorns (W);;0.0;0.0;1.85;0;0.0;+0.5;0 - 0;0-0;2.5;1.0;-;nan;;;;;;;;;;;;;;;;0.0;0.0;0.0;0.0;;;0.0;0.0;0.0;0.0;;[];[];[];[];[];[];[];[];1.0;0.0;0.0;1.0;0.0;0.0;781492.0;151008.0;racing louisville fc;portland thorns fc;;;Women
2026-05-08;194052217;Uruguay Apertura;Uruguay;19:30;Schedule;-0.17530487804878053;1.875;2.0, 2.5;1.925;2.0, 2.5;0.0;0.0;;0.0;0.0;0.0;0.0;0.0;;Montevideo Wanderers;;0.0;0.0;3.2;0;0.0;0 - 0;3.1;Liverpool Montevideo;;0.0;0.0;2.05;0;0.0;+0.25;0 - 0;0-0;2.25;nan;-;nan;;;;;;;;;;;;;;;;0.0;0.0;0.0;0.0;;;0.0;0.0;0.0;0.0;;[];[];[];[];[];[];[];[];1.0;0.0;0.0;1.0;0.0;0.0;3240.0;6879.0;montevideo wanderers;liverpool montevideo;;;
2026-05-08;194163625;Venezuela Primera Division;Venezuela;20:00;Schedule;0.29555373704309873;2.0;2.5;1.8;2.5;0.0;0.0;;0.0;0.0;0.0;0.0;0.0;;Metropolitanos FC;3.0;0.0;0.0;1.833;0;0.0;0 - 0;3.1;Estudiantes Merida;8.0;0.0;0.0;4.0;0;0.0;-0.5;0 - 0;0-0;2.5;1.0;-;nan;;;;;;;;;;;;;;;;0.0;0.0;0.0;0.0;;;0.0;0.0;0.0;0.0;;[];[];[];[];[];[];[];[];1.0;0.0;0.0;1.0;0.0;0.0;162480.0;;metropolitanos fc;;;;
2026-05-08;194163495;USA MLS Next Pro League;USA;20:00;Schedule;-0.13066202090592338;1.975;3.0, 3.5;1.825;3.0, 3.5;0.0;0.0;;0.0;0.0;0.0;0.0;0.0;;Inter Miami CF II;;0.0;0.0;2.8;0;0.0;0 - 0;3.7;Chattanooga FC;;0.0;0.0;2.05;0;0.0;+0.5;0 - 0;0-0;3.25;1.25;-;nan;;;;;;;;;;;;;;;;0.0;0.0;0.0;0.0;;;0.0;0.0;0.0;0.0;;[];[];[];[];[];[];[];[];1.0;0.0;0.0;1.0;0.0;0.0;;153486.0;;chattanooga fc;;;Youth
2026-05-08;194153785;Bolivia Primera Division;Bolivia;20:00;Schedule;0.3409435575040671;1.775;3.0;2.025;3.0;0.0;0.0;;0.0;0.0;0.0;0.0;0.0;;Nacional Potosi;;0.0;0.0;1.727;0;0.0;0 - 0;3.9;Club Aurora;;0.0;0.0;4.2;0;0.0;-0.75;0 - 0;0-0;3.0;1.25;-;nan;;;;;;;;;;;;;;;;0.0;0.0;0.0;0.0;;;0.0;0.0;0.0;0.0;;[];[];[];[];[];[];[];[];1.0;0.0;0.0;1.0;0.0;0.0;47700.0;33714.0;ca nacional potosi;club aurora;;;
2026-05-08;194218875;Uruguay Segunda;Uruguay;20:00;Schedule;0.09740259740259738;1.975;2.0, 2.5;1.825;2.0, 2.5;0.0;0.0;;0.0;0.0;0.0;0.0;0.0;;CA Atenas;;0.0;0.0;2.2;0;0.0;0 - 0;3.2;Uruguay Montevideo;;0.0;0.0;2.8;0;0.0;-0.25;0 - 0;0-0;2.0;1.0;-;nan;;;;;;;;;;;;;;;;0.0;0.0;0.0;0.0;;;0.0;0.0;0.0;0.0;;[];[];[];[];[];[];[];[];1.0;0.0;0.0;1.0;0.0;0.0;;;;;;;
2026-05-08;194151042;Argentina Primera B Metropolitana;Argentina;20:00;Schedule;0.3998800239952009;1.825;2.0;1.975;2.0;0.0;0.0;;0.0;0.0;0.0;0.0;0.0;;Excursionistas;4.0;0.0;0.0;1.667;0;0.0;0 - 0;3.1;UAI Urquiza;18.0;0.0;0.0;5.0;0;0.0;-0.5;0 - 0;0-0;2.0;0.75;-;nan;;;;;;;;;;;;;;;;0.0;0.0;0.0;0.0;;;0.0;0.0;0.0;0.0;;[];[];[];[];[];[];[];[];1.0;0.0;0.0;1.0;0.0;0.0;65672.0;112507.0;ca excursionistas;cd uai urquiza;;;Youth
2026-05-08;194153842;Brazil Paulista Serie B;Brazil;20:00;Schedule;-0.22971682124919107;1.95;2.5;1.85;2.5;0.0;0.0;;0.0;0.0;0.0;0.0;0.0;;Assisense U23;;0.0;0.0;3.4;0;0.0;0 - 0;3.4;Jose Bonifacio EC U23;;0.0;0.0;1.909;0;0.0;+0.5;0 - 0;0-0;2.5;1.0;-;nan;;;;;;;;;;;;;;;;0.0;0.0;0.0;0.0;;;0.0;0.0;0.0;0.0;;[];[];[];[];[];[];[];[];1.0;0.0;0.0;1.0;0.0;0.0;;;;;;;Youth
2026-05-08;193333192;USA USL Championship;USA;20:30;Schedule;0.5186077321450079;1.8;2.5;2.0;2.5;0.0;0.0;;0.0;0.0;0.0;0.0;0.0;;Lexington SC;;0.0;0.0;1.444;0;0.0;0 - 0;4.0;Monterey Bay FC;;0.0;0.0;5.75;0;0.0;-1.25;0 - 0;0-0;2.75;1.0;-;nan;;;;;;;;;;;;;;;;0.0;0.0;0.0;0.0;;;0.0;0.0;0.0;0.0;;[];[];[];[];[];[];[];[];1.0;0.0;0.0;1.0;0.0;0.0;980885.0;868669.0;lexington sc;monterey bay fc;1.83;1.83;
2026-05-08;194163564;USA NWSL Women;USA;21:00;Schedule;0.13066202090592338;1.9;2.5, 3.0;1.9;2.5, 3.0;0.0;0.0;;0.0;0.0;0.0;0.0;0.0;;Orlando Pride (W);;0.0;0.0;2.05;0;0.0;0 - 0;3.7;North Carolina Courage (W);;0.0;0.0;2.8;0;0.0;-0.25;0 - 0;0-0;2.75;1.25;-;nan;;;;;;;;;;;;;;;;0.0;0.0;0.0;0.0;;;0.0;0.0;0.0;0.0;;[];[];[];[];[];[];[];[];1.0;0.0;0.0;1.0;0.0;0.0;245093.0;49787.0;orlando pride;north carolina courage;;;Women
2026-05-08;193326570;Argentina Nacional B;Argentina;21:00;Schedule;0.15873015873015872;1.975;1.5, 2.0;1.825;1.5, 2.0;0.0;0.0;;0.0;0.0;0.0;0.0;0.0;;Atletico Rafaela;;0.0;0.0;2.25;0;0.0;0 - 0;3.0;Gimnasia y Tiro;;0.0;0.0;3.5;0;0.0;-0.25;0 - 0;0-0;1.75;0.75;-;nan;;;;;;;;;;;;;;;;0.0;0.0;0.0;0.0;;;0.0;0.0;0.0;0.0;;[];[];[];[];[];[];[];[];1.0;0.0;0.0;1.0;0.0;0.0;34976.0;258465.0;atletico de rafaela;gimnasia y tiro de salta;2.5;2.62;Youth
2026-05-08;194155070;Chile Primera B;Chile;21:00;Schedule;0.14285714285714285;1.9;2.0, 2.5;1.9;2.0, 2.5;0.0;0.0;;0.0;0.0;0.0;0.0;0.0;;Puerto Montt;3.0;0.0;0.0;2.1;0;0.0;0 - 0;3.25;Magallanes;7.0;0.0;0.0;3.0;0;0.0;-0.25;0 - 0;0-0;2.25;1.0;-;nan;;;;;;;;;;;;;;;;0.0;0.0;0.0;0.0;;;0.0;0.0;0.0;0.0;;[];[];[];[];[];[];[];[];1.0;0.0;0.0;1.0;0.0;0.0;;;;;;;Youth
2026-05-08;194155066;Chile Primera B;Chile;21:00;Schedule;0.25983945132881303;1.95;2.5;1.85;2.5;0.0;0.0;;0.0;0.0;0.0;0.0;0.0;;Deportes Iquique;;0.0;0.0;1.833;0;0.0;0 - 0;3.5;Rangers de Talca;;0.0;0.0;3.5;0;0.0;-0.5;0 - 0;0-0;2.5;1.0;-;nan;;;;;;;;;;;;;;;;0.0;0.0;0.0;0.0;;;0.0;0.0;0.0;0.0;;[];[];[];[];[];[];[];[];1.0;0.0;0.0;1.0;0.0;0.0;;;;;;;Youth
2026-05-08;194252331;Chile Tercera;Chile;21:00;Schedule;0.31501831501831495;1.925;2.5;1.875;2.5;0.0;0.0;;0.0;0.0;0.0;0.0;0.0;;Puente Alto;;0.0;0.0;1.75;0;0.0;0 - 0;3.5;Futuro FC;;0.0;0.0;3.9;0;0.0;-0.5;0 - 0;0-0;2.5;1.0;-;nan;;;;;;;;;;;;;;;;0.0;0.0;0.0;0.0;;;0.0;0.0;0.0;0.0;;[];[];[];[];[];[];[];[];1.0;0.0;0.0;1.0;0.0;0.0;;;;;;;
2026-05-08;194057596;Ecuador LigaPro Serie A;Ecuador;21:00;Schedule;0.5328185328185329;2.0;2.0, 2.5;1.8;2.0, 2.5;0.0;0.0;;0.0;0.0;0.0;0.0;0.0;;Orense;;0.0;0.0;1.48;0;0.0;0 - 0;3.75;Leones FC;;0.0;0.0;7.0;0;0.0;-0.75;0 - 0;0-0;2.25;0.75;-;nan;;;;;;;;;;;;;;;;0.0;0.0;0.0;0.0;;;0.0;0.0;0.0;0.0;;[];[];[];[];[];[];[];[];1.0;0.0;0.0;1.0;0.0;0.0;403235.0;671275.0;orense sc;leones futbol club;2.2;2.25;
2026-05-08;194156000;New Zealand Northern League;New Zealand;21:00;Schedule;0.17600838135149288;1.95;3.5;1.85;3.5;0.0;0.0;;0.0;0.0;0.0;0.0;0.0;;Auckland FC Reserves;;0.0;0.0;1.909;0;0.0;0 - 0;4.0;Melville United;;0.0;0.0;2.875;0;0.0;-0.5;0 - 0;0-0;3.5;1.5;-;nan;;;;;;;;;;;;;;;;0.0;0.0;0.0;0.0;;;0.0;0.0;0.0;0.0;;[];[];[];[];[];[];[];[];1.0;0.0;0.0;1.0;0.0;0.0;;;;;;;Youth
2026-05-08;194067568;Argentina Cup;Argentina;21:10;Schedule;0.22702104097452935;1.775;1.5, 2.0;2.025;1.5, 2.0;0.0;0.0;;0.0;0.0;0.0;0.0;0.0;;Banfield;;0.0;0.0;2.15;0;0.0;0 - 0;2.75;San Martin de Tucuman;;0.0;0.0;4.2;0;0.0;-0.25;0 - 0;0-0;1.75;0.75;-;nan;;;;;;;;;;;;;;;;0.0;0.0;0.0;0.0;;;0.0;0.0;0.0;0.0;;[];[];[];[];[];[];[];[];1.0;0.0;0.0;1.0;0.0;0.0;3219.0;23950.0;ca banfield;san martin de tucuman;2.5;2.37;
2026-05-08;194216222;Aruba Division Di Honor;Aruba;21:30;Schedule;0.09157509157509158;1.95;3.5;1.85;3.5;0.0;0.0;;0.0;0.0;0.0;0.0;0.0;;SV Sporting Aruba;;0.0;0.0;2.1;0;0.0;0 - 0;4.0;Racing Club Aruba;;0.0;0.0;2.6;0;0.0;-0.25;0 - 0;0-0;3.5;1.5;-;nan;;;;;;;;;;;;;;;;0.0;0.0;0.0;0.0;;;0.0;0.0;0.0;0.0;;[];[];[];[];[];[];[];[];1.0;0.0;0.0;1.0;0.0;0.0;;;;;;;
2026-05-08;194157708;Colombia Primera B;Colombia;21:30;Schedule;0.14685314685314682;2.0;2.5;1.8;2.5;0.0;0.0;;0.0;0.0;0.0;0.0;0.0;;Real Cartagena;;0.0;0.0;2.2;0;0.0;0 - 0;3.2;Union Magdalena;;0.0;0.0;3.25;0;0.0;-0.25;0 - 0;0-0;2.5;1.0;-;nan;;;;;;;;;;;;;;;;0.0;0.0;0.0;0.0;;;0.0;0.0;0.0;0.0;;[];[];[];[];[];[];[];[];1.0;0.0;0.0;1.0;0.0;0.0;;;;;;;Youth
2026-05-08;194157482;New Zealand Central League;New Zealand;21:30;Schedule;0.6176049766718507;1.825;3.5, 4.0;1.975;3.5, 4.0;0.0;0.0;;0.0;0.0;0.0;0.0;0.0;;Western Suburbs;;0.0;0.0;1.286;0;0.0;0 - 0;5.5;Petone FC;;0.0;0.0;6.25;0;0.0;-1.75;0 - 0;0-0;3.75;1.5;-;nan;;;;;;;;;;;;;;;;0.0;0.0;0.0;0.0;;;0.0;0.0;0.0;0.0;;[];[];[];[];[];[];[];[];1.0;0.0;0.0;1.0;0.0;0.0;;;;;;;
2026-05-08;193333203;USA USL Championship;USA;22:00;Schedule;0.3969728242174063;1.8;2.5;2.0;2.5;0.0;0.0;;0.0;0.0;0.0;0.0;0.0;;Colorado Switchbacks FC;;0.0;0.0;1.615;0;0.0;0 - 0;3.6;Orange County SC;;0.0;0.0;4.5;0;0.0;-0.75;0 - 0;0-0;2.5;1.0;-;nan;;;;;;;;;;;;;;;;0.0;0.0;0.0;0.0;;;0.0;0.0;0.0;0.0;;[];[];[];[];[];[];[];[];1.0;0.0;0.0;1.0;0.0;0.0;206017.0;235850.0;colorado springs switchbacks fc;orange county sc;1.9;1.83;
2026-05-08;194160727;Panama Liga Prom;Panama;22:30;Schedule;0.31796502384737685;1.85;3.0, 3.5;1.95;3.0, 3.5;0.0;0.0;;0.0;0.0;0.0;0.0;0.0;;Plaza Amador Reserves;;0.0;0.0;1.7;0;0.0;0 - 0;3.8;Academia Costa Del Este;;0.0;0.0;3.7;0;0.0;-0.75;0 - 0;0-0;3.25;1.25;-;nan;;;;;;;;;;;;;;;;0.0;0.0;0.0;0.0;;;0.0;0.0;0.0;0.0;;[];[];[];[];[];[];[];[];1.0;0.0;0.0;1.0;0.0;0.0;;;;;;;Youth
2026-05-08;194160722;Panama Liga Prom;Panama;22:30;Schedule;0.43463497453310695;1.975;2.5, 3.0;1.825;2.5, 3.0;0.0;0.0;;0.0;0.0;0.0;0.0;0.0;;CD Arabe Unido Reserves;;0.0;0.0;1.55;0;0.0;0 - 0;3.75;San Martin FC;;0.0;0.0;4.75;0;0.0;-0.75;0 - 0;0-0;2.75;1.0;-;nan;;;;;;;;;;;;;;;;0.0;0.0;0.0;0.0;;;0.0;0.0;0.0;0.0;;[];[];[];[];[];[];[];[];1.0;0.0;0.0;1.0;0.0;0.0;;;;;;;Youth
2026-05-08;194153653;Australia SA Premier League Women Reserves;Australia;22:45;Schedule;0.05695301376364503;1.875;3.5, 4.0;1.925;3.5, 4.0;0.0;0.0;;0.0;0.0;0.0;0.0;0.0;;Adelaide Comets Reserves (W);;0.0;0.0;2.15;0;0.0;0 - 0;4.1;MetroStars Reserves (W);;0.0;0.0;2.45;0;0.0;-0.25;0 - 0;0-0;3.75;1.5;-;nan;;;;;;;;;;;;;;;;0.0;0.0;0.0;0.0;;;0.0;0.0;0.0;0.0;;[];[];[];[];[];[];[];[];1.0;0.0;0.0;1.0;0.0;0.0;;;;;;;Youth-Women
2026-05-08;194150579;Australia Northern NSW Reserves League;Australia;23:00;Schedule;-0.013729977116704872;1.8;3.5, 4.0;2.0;3.5, 4.0;0.0;0.0;;0.0;0.0;0.0;0.0;0.0;;Weston Workers Reserves;;0.0;0.0;2.375;0;0.0;0 - 0;4.0;Valentine Phoenix Reserves;;0.0;0.0;2.3;0;0.0;0.0;0 - 0;0-0;3.75;1.5;-;nan;;;;;;;;;;;;;;;;0.0;0.0;0.0;0.0;;;0.0;0.0;0.0;0.0;;[];[];[];[];[];[];[];[];1.0;0.0;0.0;1.0;0.0;0.0;;;;;;;Youth
2026-05-08;194154286;Australia NPL Victoria U23;Australia;23:00;Schedule;0.45614035087719296;2.0;3.5, 4.0;1.8;3.5, 4.0;0.0;0.0;;0.0;0.0;0.0;0.0;0.0;;Avondale U23;;0.0;0.0;1.5;0;0.0;0 - 0;4.1;Altona Magic U23;;0.0;0.0;4.75;0;0.0;-1.25;0 - 0;0-0;3.75;1.5;-;nan;;;;;;;;;;;;;;;;0.0;0.0;0.0;0.0;;;0.0;0.0;0.0;0.0;;[];[];[];[];[];[];[];[];1.0;0.0;0.0;1.0;0.0;0.0;189013.0;151492.0;avondale fc;altona magic sc;;;Youth
2026-05-08;194153201;Australia Tasmania Super League Women;Australia;23:15;Schedule;0.9358392005450828;1.9;5.0, 5.5;1.9;5.0, 5.5;0.0;0.0;;0.0;0.0;0.0;0.0;0.0;;Launceston United (W);;0.0;0.0;1.036;0;0.0;0 - 0;17.0;Taroona (W);;0.0;0.0;34.0;0;0.0;-4.0;0 - 0;0-0;5.25;2.25;-;nan;;;;;;;;;;;;;;;;0.0;0.0;0.0;0.0;;;0.0;0.0;0.0;0.0;;[];[];[];[];[];[];[];[];1.0;0.0;0.0;1.0;0.0;0.0;;;;;;;Women
2026-05-08;194153196;Australia Tasmania Super League Women;Australia;23:15;Schedule;0.9408607213485262;1.825;4.5;1.975;4.5;0.0;0.0;;0.0;0.0;0.0;0.0;0.0;;Devonport Strikers (W);;0.0;0.0;1.036;0;0.0;0 - 0;15.0;Kingborough Lions (W);;0.0;0.0;41.0;0;0.0;-3.75;0 - 0;0-0;4.5;2.25;-;nan;;;;;;;;;;;;;;;;0.0;0.0;0.0;0.0;;;0.0;0.0;0.0;0.0;;[];[];[];[];[];[];[];[];1.0;0.0;0.0;1.0;0.0;0.0;;;;;;;Women
2026-05-08;194154808;Australia Victoria PL 1 U23;Australia;23:30;Schedule;-0.09157509157509158;1.875;3.5;1.925;3.5;0.0;0.0;;0.0;0.0;0.0;0.0;0.0;;Langwarrin U23;;0.0;0.0;2.6;0;0.0;0 - 0;4.0;Melbourne Knights U23;;0.0;0.0;2.1;0;0.0;+0.25;0 - 0;0-0;3.5;1.5;-;nan;;;;;;;;;;;;;;;;0.0;0.0;0.0;0.0;;;0.0;0.0;0.0;0.0;;[];[];[];[];[];[];[];[];1.0;0.0;0.0;1.0;0.0;0.0;;;;;;;Youth
2026-05-08;194154298;Australia NPL Victoria U23;Australia;23:30;Schedule;-0.09564801530368244;1.975;3.5, 4.0;1.825;3.5, 4.0;0.0;0.0;;0.0;0.0;0.0;0.0;0.0;;St Albans Saints U23;;0.0;0.0;2.55;0;0.0;0 - 0;4.333;Green Gully U23;;0.0;0.0;2.05;0;0.0;+0.25;0 - 0;0-0;3.75;1.5;-;nan;;;;;;;;;;;;;;;;0.0;0.0;0.0;0.0;;;0.0;0.0;0.0;0.0;;[];[];[];[];[];[];[];[];1.0;0.0;0.0;1.0;0.0;0.0;163430.0;92925.0;st albans saints dinamo sc;green gully sc;;;Youth
2026-05-08;194152681;Australia South Australia State League Reserves;Australia;23:30;Schedule;0.325077399380805;1.9;4.0;1.9;4.0;0.0;0.0;;0.0;0.0;0.0;0.0;0.0;;Eastern United Reserves;;0.0;0.0;1.615;0;0.0;0 - 0;5.0;Fulham United FC Reserves;;0.0;0.0;3.4;0;0.0;-1.0;0 - 0;0-0;4.0;1.75;-;nan;;;;;;;;;;;;;;;;0.0;0.0;0.0;0.0;;;0.0;0.0;0.0;0.0;;[];[];[];[];[];[];[];[];1.0;0.0;0.0;1.0;0.0;0.0;;;;;;;Youth
2026-05-08;194155800;Australia Capital Territory U23 League;Australia;23:30;Schedule;-0.10318949343339595;1.875;4.0;1.925;4.0;0.0;0.0;;0.0;0.0;0.0;0.0;0.0;;O'Connor Knights U23;;0.0;0.0;2.6;0;0.0;0 - 0;4.2;Monaro Panthers U23;;0.0;0.0;2.05;0;0.0;+0.25;0 - 0;0-0;4.0;1.75;-;nan;;;;;;;;;;;;;;;;0.0;0.0;0.0;0.0;;;0.0;0.0;0.0;0.0;;[];[];[];[];[];[];[];[];1.0;0.0;0.0;1.0;0.0;0.0;;;;;;;Youth
2026-05-08;194154258;Australia Capital Territory U23 League;Australia;23:45;Schedule;0.16669161116515746;2.0;4.0;1.8;4.0;0.0;0.0;;0.0;0.0;0.0;0.0;0.0;;Tuggeranong United U23;;0.0;0.0;1.909;0;0.0;0 - 0;4.1;Canberra Olympic U23;;0.0;0.0;2.8;0;0.0;-0.5;0 - 0;0-0;4.0;1.5;-;nan;;;;;;;;;;;;;;;;0.0;0.0;0.0;0.0;;;0.0;0.0;0.0;0.0;;[];[];[];[];[];[];[];[];1.0;0.0;0.0;1.0;0.0;0.0;;;;;;;Youth
2026-05-08;194152802;Australia SA Premier League Reserves;Australia;23:45;Schedule;0.5953177257525083;1.9;4.0;1.9;4.0;0.0;0.0;;0.0;0.0;0.0;0.0;0.0;;Croydon FC Reserves;;0.0;0.0;1.3;0;0.0;0 - 0;5.75;White City FK Beograd Reserves;;0.0;0.0;5.75;0;0.0;-1.75;0 - 0;0-0;4.0;1.75;-;nan;;;;;;;;;;;;;;;;0.0;0.0;0.0;0.0;;;0.0;0.0;0.0;0.0;;[];[];[];[];[];[];[];[];1.0;0.0;0.0;1.0;0.0;0.0;;;;;;;Youth
2026-05-08;194294452;Australia Capital Territory U23 League;Australia;23:45;Schedule;-0.17900688210111804;1.95;3.5, 4.0;1.85;3.5, 4.0;0.0;0.0;;0.0;0.0;0.0;0.0;0.0;;Brindabella Blues FC U23;;0.0;0.0;2.9;0;0.0;0 - 0;4.0;Queanbeyan City U23;;0.0;0.0;1.909;0;0.0;+0.5;0 - 0;0-0;3.75;1.5;-;nan;;;;;;;;;;;;;;;;0.0;0.0;0.0;0.0;;;0.0;0.0;0.0;0.0;;[];[];[];[];[];[];[];[];1.0;0.0;0.0;1.0;0.0;0.0;;;;;;;Youth
