Date;Match ID;League;country;Time;Status;Stats;Diff_Prob;OddAsianOverGoals_FT;AsianOverGoals_FT;OddAsianUnderGoals_FT;AsianUnderGoals_FT;corners_home;corners_away;corners_FT;corners_home_HT;corners_away_HT;Corners_HT;attack_FT;dangerous_attack_FT;possession_FT;Home;Home Pos;Home Red Cards;Home Yellow Cards;Odd_H_FT;Goals_H_HT;Goals_H_FT;Score;Odd_D_FT;Away;Away Pos;Away Red Cards;Away Yellow Cards;Odd_A_FT;Goals_A_HT;Goals_A_FT;Handicap;Corners (FT);Corners (HT);Total Goals Line (FT);Total Goals Line (HT);Dangerous Attacks (FT);Dangerous Attacks (HT);half_dangerous_attack_away;half_dangerous_attack_home;half_possession_away;half_possession_home;half_shoot_off_target_away;half_shoot_off_target_home;half_shoot_on_target_away;half_shoot_on_target_home;odds_lose_odds;odds_win_odds;odds_draw_odds;handicap_goal_over_line;handicap_goal_over_odds;handicap_goal_under_odds;handicap_goal_under_line;attack_away;attack_home;dangerous_attack_away;dangerous_attack_home;possession_away;possession_home;shoot_off_target_away;shoot_off_target_home;shoot_on_target_away;shoot_on_target_home;GoalMinutes;goal_minutes_real;goal_periods;is_extra_time;goal_scorers;goal_diff_before_list;goal_diff_after_list;period_result_before_list;period_result_after_list;pct_time_drawing;pct_time_home_winning;pct_time_away_winning;pct_time_drawing_HT;pct_time_home_winning_HT;pct_time_away_winning_HT;api_H_id;api_A_id;api_H_name;api_A_name;odd_yes_abertura;odd_yes_fechamento;category
2026-05-16;194586042;New Zealand Northern League;New Zealand;00:00;Full;True;-0.4791288566243195;1.825;3.0, 3.5;1.975;3.0, 3.5;2.0;8.0;;1.0;3.0;4.0;215.0;113.0;100.0;Tauranga City AFC;;1.0;0.0;4.75;3;4.0;4 - 2;4.75;Western Springs AFC;;0.0;2.0;1.45;1;2.0;+1.0;2 - 8;1-3;3.25;1.25;24 - 89;15 - 38;38.0;15.0;64.0;36.0;7.0;2.0;1.0;6.0;;;;;;;;130.0;85.0;89.0;24.0;69.0;31.0;21.0;2.0;4.0;7.0;;[ 8 14 17 37 88 93];[1 1 1 1 2 2];[False False False False False  True];"['Tauranga City AFC' 'Tauranga City AFC' 'Tauranga City AFC'
 'Western Springs AFC' 'Tauranga City AFC' 'Western Springs AFC']";[0 1 2 3 2 3];[1 2 3 2 3 2];['D' 'H' 'H' 'H' 'H' 'H'];['H' 'H' 'H' 'H' 'H' 'H'];0.09;0.91;0.0;0.18;0.82;0.0;;;;;;;
2026-05-16;194626403;New Zealand Southern League;New Zealand;00:00;Full;True;-0.1068524970963996;1.925;3.0, 3.5;1.875;3.0, 3.5;12.0;3.0;;8.0;0.0;8.0;146.0;105.0;100.0;Selwyn United;;0.0;2.0;2.625;1;2.0;2 - 1;3.9;Wanaka AFC;;0.0;2.0;2.05;1;1.0;+0.25;12 - 3;8-0;3.25;1.5;78 - 27;46 - 7;7.0;46.0;54.0;46.0;1.0;4.0;2.0;4.0;;;;;;;;69.0;77.0;27.0;78.0;51.0;49.0;3.0;6.0;2.0;6.0;;[16 37 92];[1 1 2];[False False  True];['Wanaka AFC' 'Selwyn United' 'Selwyn United'];[ 0 -1  0];[-1  0  1];['D' 'A' 'D'];['A' 'D' 'H'];0.77;0.0;0.23;0.53;0.0;0.47;;;;;;;
2026-05-16;194580106;Australia Victoria PL 1 U23;Australia;00:00;Full;True;0.6666666666666667;1.825;4.0, 4.5;1.975;4.0, 4.5;10.0;2.0;;3.0;1.0;4.0;154.0;118.0;;Manningham Utd Blues U23;;0.0;1.0;1.25;3;9.0;9 - 0;6.0;Brunswick Juventus U23;;1.0;0.0;7.5;0;0.0;-2.0;10 - 2;3-1;4.25;1.75;79 - 39;40 - 20;20.0;40.0;;;3.0;2.0;0.0;4.0;;;;;;;;68.0;86.0;39.0;79.0;;;5.0;8.0;3.0;13.0;;[14 30 40 47 51 70 72 77 79];[1 1 1 2 2 2 2 2 2];[False False False False False False False False False];"['Manningham Utd Blues U23' 'Manningham Utd Blues U23'
 'Manningham Utd Blues U23' 'Manningham Utd Blues U23'
 'Manningham Utd Blues U23' 'Manningham Utd Blues U23'
 'Manningham Utd Blues U23' 'Manningham Utd Blues U23'
 'Manningham Utd Blues U23']";[0 1 2 3 4 5 6 7 8];[1 2 3 4 5 6 7 8 9];['D' 'H' 'H' 'H' 'H' 'H' 'H' 'H' 'H'];['H' 'H' 'H' 'H' 'H' 'H' 'H' 'H' 'H'];0.16;0.84;0.0;0.31;0.69;0.0;;;;;;;Youth
2026-05-16;194578626;Australia New South Wales U20 League;Australia;00:00;Full;True;-0.15217391304347827;1.825;3.5;1.975;3.5;5.0;5.0;;4.0;1.0;5.0;219.0;134.0;;University NSW U20;;0.0;2.0;2.875;1;2.0;2 - 1;3.8;Rockdale Ilinden FC U20;;0.0;2.0;2.0;0;1.0;+0.5;5 - 5;4-1;3.5;1.5;77 - 57;42 - 26;26.0;42.0;;;2.0;8.0;0.0;4.0;;;;;;;;103.0;116.0;57.0;77.0;;;7.0;17.0;3.0;8.0;;[26 55 76];[1 2 2];[False False False];['University NSW U20' 'University NSW U20' 'Rockdale Ilinden FC U20'];[0 1 2];[1 2 1];['D' 'H' 'H'];['H' 'H' 'H'];0.29;0.71;0.0;0.58;0.42;0.0;319451.0;92210.0;university of nsw;rockdale ilinden fc;;;Youth
2026-05-16;194578641;Australia NPL Victoria U23;Australia;00:00;Full;True;0.09564801530368244;1.95;3.5, 4.0;1.85;3.5, 4.0;1.0;7.0;;1.0;3.0;4.0;99.0;99.0;;Dandenong Thunder U23;;0.0;1.0;2.05;0;0.0;0 - 3;4.2;St Albans Saints U23;;0.0;0.0;2.55;1;3.0;0.0;1 - 7;1-3;3.75;1.5;34 - 65;18 - 31;31.0;18.0;;;2.0;3.0;6.0;1.0;;;;;;;;51.0;48.0;65.0;34.0;;;8.0;6.0;11.0;2.0;;[12 66 80];[1 2 2];[False False False];['St Albans Saints U23' 'St Albans Saints U23' 'St Albans Saints U23'];[ 0 -1 -2];[-1 -2 -3];['D' 'A' 'A'];['A' 'A' 'A'];0.13;0.0;0.87;0.27;0.0;0.73;92923.0;163430.0;dandenong thunder;st albans saints dinamo sc;;;Youth
2026-05-16;194722672;Australia NPL Victoria U23;Australia;00:00;Full;True;;;4.0;;4.0;7.0;2.0;;2.0;2.0;4.0;120.0;84.0;;Bentleigh Greens U23;;0.0;1.0;;0;1.0;1 - 6;;Heidelberg Utd U23;;0.0;1.0;;5;6.0;-0.25;7 - 2;2-2;4.0;1.75;55 - 29;26 - 21;21.0;26.0;;;3.0;3.0;8.0;8.0;;;;;;;;58.0;62.0;29.0;55.0;;;3.0;5.0;11.0;14.0;;[ 3 10 32 37 39 49 75];[1 1 1 1 1 2 2];[False False False False False False False];"['Heidelberg Utd U23' 'Heidelberg Utd U23' 'Heidelberg Utd U23'
 'Heidelberg Utd U23' 'Heidelberg Utd U23' 'Bentleigh Greens U23'
 'Heidelberg Utd U23']";[ 0 -1 -2 -3 -4 -5 -4];[-1 -2 -3 -4 -5 -4 -5];['D' 'A' 'A' 'A' 'A' 'A' 'A'];['A' 'A' 'A' 'A' 'A' 'A' 'A'];0.03;0.0;0.97;0.07;0.0;0.93;92921.0;142724.0;bentleigh greens;heidelberg united fc;;;Youth
2026-05-16;194585321;Australia SA Premier League Reserves;Australia;00:00;Full;True;0.04140786749482395;1.9;4.0;1.9;4.0;8.0;2.0;;5.0;1.0;6.0;169.0;100.0;;Sturt Lions Reserves;;0.0;2.0;2.1;2;4.0;4 - 2;5.0;Croydon FC Reserves;;0.0;5.0;2.3;1;2.0;0.0;8 - 2;5-1;4.0;1.75;58 - 42;29 - 19;19.0;29.0;;;5.0;1.0;2.0;5.0;;;;;;;;78.0;91.0;42.0;58.0;;;7.0;5.0;7.0;9.0;;[ 5 17 38 55 86 90];[1 1 1 2 2 2];[False False False False False False];"['Sturt Lions Reserves' 'Croydon FC Reserves' 'Sturt Lions Reserves'
 'Sturt Lions Reserves' 'Sturt Lions Reserves' 'Croydon FC Reserves']";[0 1 0 1 2 3];[1 0 1 2 3 2];['D' 'H' 'D' 'H' 'H' 'H'];['H' 'D' 'H' 'H' 'H' 'H'];0.29;0.71;0.0;0.58;0.42;0.0;;;;;;;Youth
2026-05-16;194586032;New Zealand Central League;New Zealand;00:00;Full;True;0.40231572080887157;1.825;3.5, 4.0;1.975;3.5, 4.0;8.0;2.0;;5.0;1.0;6.0;159.0;113.0;100.0;Wellington Phoenix Reserves;;0.0;0.0;1.533;2;3.0;3 - 1;4.5;Island Bay United;;0.0;3.0;4.0;1;1.0;-1.0;8 - 2;5-1;3.75;1.5;68 - 45;26 - 23;23.0;26.0;44.0;56.0;0.0;4.0;2.0;3.0;;;;;;;;62.0;97.0;45.0;68.0;41.0;59.0;4.0;8.0;3.0;7.0;;[ 7 18 37 62];[1 1 1 2];[False False False False];"['Island Bay United' 'Wellington Phoenix Reserves'
 'Wellington Phoenix Reserves' 'Wellington Phoenix Reserves']";[ 0 -1  0  1];[-1  0  1  2];['D' 'A' 'D' 'H'];['A' 'D' 'H' 'H'];0.29;0.59;0.12;0.58;0.18;0.24;;;;;;;Youth
2026-05-16;194586038;New Zealand Northern League;New Zealand;00:00;Full;True;-0.5476190476190477;1.975;3.0;1.825;3.0;5.0;13.0;;1.0;7.0;8.0;155.0;113.0;;Bay Olympic;;0.0;2.0;6.0;0;0.0;0 - 3;4.5;Auckland United FC;;0.0;1.0;1.4;2;3.0;+1.5;5 - 13;1-7;3.0;1.25;38 - 75;15 - 41;41.0;15.0;;;3.0;0.0;7.0;1.0;;;;;;;;83.0;72.0;75.0;38.0;;;8.0;4.0;9.0;2.0;;[30 41 57];[1 1 2];[False False False];['Auckland United FC' 'Auckland United FC' 'Auckland United FC'];[ 0 -1 -2];[-1 -2 -3];['D' 'A' 'A'];['A' 'A' 'A'];0.33;0.0;0.67;0.67;0.0;0.33;;;;;;;
2026-05-16;194586040;New Zealand Northern League;New Zealand;00:00;Full;True;0.46743295019157094;1.9;3.5;1.9;3.5;3.0;2.0;;2.0;0.0;2.0;171.0;104.0;100.0;Melville United;;0.0;1.0;1.45;1;2.0;2 - 0;4.75;Manukau United;;0.0;0.0;4.5;0;0.0;-1.25;3 - 2;2-0;3.5;1.5;59 - 45;28 - 14;14.0;28.0;35.0;65.0;4.0;5.0;0.0;3.0;;;;;;;;82.0;89.0;45.0;59.0;44.0;56.0;7.0;12.0;0.0;4.0;;[47 71];[1 2];[ True False];['Melville United' 'Melville United'];[0 1];[1 2];['D' 'H'];['H' 'H'];0.52;0.48;0.0;1.0;0.0;0.0;;;;;;;
2026-05-16;194578575;Australia SA Premier League Reserves;Australia;00:15;Full;True;-0.6849972722313148;1.9;4.0;1.9;4.0;2.0;7.0;;1.0;4.0;5.0;192.0;123.0;;West Adelaide Reserves;;1.0;0.0;7.5;0;1.0;1 - 1;6.5;West Torrens Birkalla Reserves;;0.0;2.0;1.222;1;1.0;+2.0;2 - 7;1-4;4.0;1.75;47 - 76;30 - 33;33.0;30.0;;;3.0;3.0;2.0;1.0;;;;;;;;101.0;91.0;76.0;47.0;;;8.0;3.0;7.0;2.0;;[ 9 55];[1 2];[False False];['West Torrens Birkalla Reserves' 'West Adelaide Reserves'];[ 0 -1];[-1  0];['D' 'A'];['A' 'D'];0.49;0.0;0.51;0.2;0.0;0.8;;;;;;;Youth
2026-05-16;194585444;Australia South Australia State League Reserves;Australia;00:15;Full;True;0.04140786749482395;1.85;3.5;1.95;3.5;2.0;9.0;;1.0;5.0;6.0;180.0;112.0;;South Adelaide Reserves;;0.0;2.0;2.1;1;2.0;2 - 1;5.0;Salisbury United Reserves;;0.0;0.0;2.3;0;1.0;0.0;2 - 9;1-5;3.5;1.5;53 - 59;25 - 27;27.0;25.0;;;4.0;3.0;3.0;6.0;;;;;;;;104.0;76.0;59.0;53.0;;;7.0;4.0;11.0;13.0;;[25 69 75];[1 2 2];[False False False];"['South Adelaide Reserves' 'Salisbury United Reserves'
 'South Adelaide Reserves']";[0 1 0];[1 0 1];['D' 'H' 'D'];['H' 'D' 'H'];0.34;0.66;0.0;0.56;0.44;0.0;;;;;;;Youth
2026-05-16;194578602;Australia South Australia State League Reserves;Australia;00:15;Full;True;0.4920634920634921;1.9;4.0;1.9;4.0;7.0;2.0;;2.0;0.0;2.0;104.0;105.0;;Adelaide Blue Eagles Reserves;;1.0;2.0;1.4;1;3.0;3 - 1;5.5;Fulham United FC Reserves;;0.0;1.0;4.5;1;1.0;-1.5;7 - 2;2-0;4.0;1.75;60 - 45;29 - 18;18.0;29.0;;;2.0;3.0;3.0;2.0;;;;;;;;50.0;54.0;45.0;60.0;;;9.0;7.0;3.0;5.0;;[15 32 57 60];[1 1 2 2];[False False False False];"['Adelaide Blue Eagles Reserves' 'Fulham United FC Reserves'
 'Adelaide Blue Eagles Reserves' 'Adelaide Blue Eagles Reserves']";[0 1 0 1];[1 0 1 2];['D' 'H' 'D' 'H'];['H' 'D' 'H' 'H'];0.44;0.56;0.0;0.62;0.38;0.0;;;;;;;Youth
2026-05-16;194678198;India I-League 3;India;00:30;Full;True;-0.2777777777777778;1.85;3.0;1.95;3.0;9.0;3.0;;3.0;1.0;4.0;245.0;194.0;;KLASA;;0.0;5.0;3.6;0;0.0;0 - 0;3.5;Baghpat FC;;0.0;4.0;1.8;0;0.0;+0.5;9 - 3;3-1;3.0;1.25;147 - 47;72 - 16;16.0;72.0;;;2.0;5.0;0.0;1.0;;;;;;;;91.0;154.0;47.0;147.0;;;3.0;9.0;2.0;4.0;;[];[];[];[];[];[];[];[];1.0;0.0;0.0;1.0;0.0;0.0;;;;;;;
2026-05-16;194586035;New Zealand Central League;New Zealand;00:45;Full;True;0.8231669320778232;1.975;4.0;1.825;4.0;2.0;6.0;;0.0;2.0;2.0;208.0;75.0;100.0;Wellington Olympic;;0.0;1.0;1.111;3;5.0;5 - 1;9.0;Petone FC;;0.0;0.0;13.0;0;1.0;-2.25;2 - 6;0-2;3.75;1.5;37 - 38;18 - 15;15.0;18.0;56.0;44.0;3.0;5.0;1.0;6.0;;;;;;;;103.0;105.0;38.0;37.0;58.0;42.0;5.0;9.0;3.0;10.0;;[18 27 47 79 86 93];[1 1 1 2 2 2];[False False  True False False  True];"['Wellington Olympic' 'Wellington Olympic' 'Wellington Olympic'
 'Petone FC' 'Wellington Olympic' 'Wellington Olympic']";[0 1 2 3 2 3];[1 2 3 2 3 4];['D' 'H' 'H' 'H' 'H' 'H'];['H' 'H' 'H' 'H' 'H' 'H'];0.19;0.81;0.0;0.38;0.62;0.0;;;;;;;
2026-05-16;194585523;Japan Women Empowerment League;Japan;01:00;Full;True;0.42601092163891596;1.85;2.5;1.95;2.5;3.0;3.0;;1.0;0.0;1.0;145.0;96.0;100.0;Omiya Ardija (W);;0.0;0.0;1.571;0;0.0;0 - 4;3.9;Nojima (W);;0.0;1.0;4.75;2;4.0;-0.75;3 - 3;1-0;2.5;1.0;44 - 52;20 - 28;28.0;20.0;55.0;45.0;3.0;4.0;3.0;2.0;;;;;;;;77.0;68.0;52.0;44.0;49.0;51.0;8.0;13.0;8.0;4.0;;[15 31 85 93];[1 1 2 2];[False False False  True];['Nojima (W)' 'Nojima (W)' 'Nojima (W)' 'Nojima (W)'];[ 0 -1 -2 -3];[-1 -2 -3 -4];['D' 'A' 'A' 'A'];['A' 'A' 'A' 'A'];0.16;0.0;0.84;0.33;0.0;0.67;5130.0;;rb omiya ardija;;;;Women
2026-05-16;194585500;Japan Regional League;Japan;01:00;Full;True;-0.06349206349206349;1.95;2.5;1.85;2.5;3.0;9.0;;1.0;1.0;2.0;151.0;88.0;100.0;Tokyo 23 FC;;0.0;1.0;2.625;0;1.0;1 - 1;3.4;Tokyo United FC;;0.0;2.0;2.25;0;1.0;0.0;3 - 9;1-1;2.25;1.0;36 - 52;17 - 20;20.0;17.0;57.0;43.0;2.0;2.0;1.0;1.0;;;;;;;;78.0;73.0;52.0;36.0;61.0;39.0;9.0;3.0;6.0;2.0;;[52 90];[2 2];[False False];['Tokyo 23 FC' 'Tokyo United FC'];[0 1];[1 0];['D' 'H'];['H' 'D'];0.58;0.42;0.0;1.0;0.0;0.0;;;;;;;
2026-05-16;194507588;Australia Northern NSW Premier League;Australia;01:00;Full;True;-0.16499442586399116;1.925;3.0, 3.5;1.875;3.0, 3.5;5.0;6.0;;1.0;4.0;5.0;264.0;163.0;100.0;Adamstown Rosebud;;0.0;5.0;2.875;0;2.0;2 - 0;3.9;Charlestown Azzurri;;0.0;0.0;1.95;0;0.0;+0.25;5 - 6;1-4;3.25;1.25;78 - 85;40 - 40;40.0;40.0;52.0;48.0;4.0;6.0;3.0;1.0;;;;;;;;143.0;121.0;85.0;78.0;55.0;45.0;11.0;9.0;6.0;3.0;;[76 86];[2 2];[False False];['Adamstown Rosebud' 'Adamstown Rosebud'];[0 1];[1 2];['D' 'H'];['H' 'H'];0.84;0.16;0.0;1.0;0.0;0.0;;;;;;;
2026-05-16;194585563;Japan Women Empowerment League;Japan;01:00;Full;True;0.5913043478260871;1.9;2.5, 3.0;1.9;2.5, 3.0;0.0;4.0;;0.0;0.0;0.0;256.0;121.0;100.0;Cerezo Osaka (W);;0.0;2.0;1.38;0;1.0;1 - 1;4.2;AC Nagano Parceiro (W);;0.0;1.0;7.5;1;1.0;-1.5;0 - 4;0-0;2.75;1.25;61 - 60;33 - 20;20.0;33.0;44.0;56.0;1.0;2.0;3.0;0.0;;;;;;;;118.0;138.0;60.0;61.0;44.0;56.0;3.0;4.0;7.0;3.0;;[33 81];[1 2];[False False];['AC Nagano Parceiro (W)' 'Cerezo Osaka (W)'];[ 0 -1];[-1  0];['D' 'A'];['A' 'D'];0.47;0.0;0.53;0.73;0.0;0.27;3141.0;;cerezo osaka;;;;Women
2026-05-16;193268699;Australia NPL Victoria;Australia;01:00;Full;True;-0.040916530278232444;2.0;3.0;1.8;3.0;3.0;7.0;;2.0;3.0;5.0;0.0;0.0;100.0;Hume City;;0.0;1.0;2.6;1;3.0;3 - 0;3.4;Avondale;;0.0;4.0;2.35;0;0.0;0.0;3 - 7;2-3;3.0;1.25;-;-;0.0;0.0;50.0;50.0;0.0;0.0;0.0;1.0;;;;;;;;0.0;0.0;0.0;0.0;50.0;50.0;0.0;0.0;0.0;3.0;;[ 8 58 84];[1 2 2];[False False False];['Hume City' 'Hume City' 'Hume City'];[0 1 2];[1 2 3];['D' 'H' 'H'];['H' 'H' 'H'];0.09;0.91;0.0;0.18;0.82;0.0;92927.0;189013.0;hume city;avondale fc;1.61;1.5;
2026-05-16;194585525;Japan Women Empowerment League;Japan;01:00;Full;True;0.2606765735711725;1.975;2.0, 2.5;1.825;2.0, 2.5;6.0;5.0;;2.0;2.0;4.0;140.0;61.0;100.0;Mynavi Sendai (W);;0.0;0.0;1.909;0;2.0;2 - 3;3.3;Chifure AS Elfen Saitama (W);;0.0;1.0;3.8;0;3.0;-0.5;6 - 5;2-2;2.25;1.0;36 - 25;17 - 15;15.0;17.0;49.0;51.0;3.0;1.0;0.0;3.0;;;;;;;;58.0;82.0;25.0;36.0;45.0;55.0;5.0;2.0;3.0;5.0;;[50 60 63 84 95];[2 2 2 2 2];[False False False False  True];"['Mynavi Sendai (W)' 'Chifure AS Elfen Saitama (W)'
 'Chifure AS Elfen Saitama (W)' 'Chifure AS Elfen Saitama (W)'
 'Mynavi Sendai (W)']";[ 0  1  0 -1 -2];[ 1  0 -1 -2 -1];['D' 'H' 'D' 'A' 'A'];['H' 'D' 'A' 'A' 'A'];0.56;0.11;0.34;1.0;0.0;0.0;;;;;;;Women
2026-05-16;194585520;Japan Women Empowerment League;Japan;01:00;Full;True;0.5224071702944943;2.0;3.0;1.8;3.0;7.0;3.0;;1.0;3.0;4.0;139.0;65.0;100.0;NTV Beleza (W);;0.0;1.0;1.42;0;2.0;2 - 1;5.0;Albirex Niigata (W);;0.0;0.0;5.5;0;1.0;-1.25;7 - 3;1-3;3.0;1.25;28 - 37;12 - 20;20.0;12.0;48.0;52.0;8.0;4.0;1.0;1.0;;;;;;;;68.0;71.0;37.0;28.0;45.0;55.0;10.0;6.0;3.0;6.0;;[47 60 73];[2 2 2];[False False False];['NTV Beleza (W)' 'Albirex Niigata (W)' 'NTV Beleza (W)'];[0 1 0];[1 0 1];['D' 'H' 'D'];['H' 'D' 'H'];0.67;0.33;0.0;1.0;0.0;0.0;;5128.0;;albirex niigata;;;Women
2026-05-16;194585527;Japan JFL Cup;Japan;01:00;Full;True;0.04262574595055413;2.0;2.5;1.8;2.5;4.0;7.0;;2.0;4.0;6.0;148.0;104.0;100.0;Maruyasu Okazaki;;0.0;0.0;2.3;0;0.0;0 - 0;3.5;J-Lease FC;;0.0;2.0;2.55;0;0.0;0.0;4 - 7;2-4;2.0;1.0;52 - 52;24 - 25;25.0;24.0;57.0;43.0;4.0;1.0;0.0;0.0;;;;;;;;72.0;76.0;52.0;52.0;56.0;44.0;5.0;6.0;2.0;1.0;;[];[];[];[];[];[];[];[];1.0;0.0;0.0;1.0;0.0;0.0;;;;;;;
2026-05-16;194583274;Australia NPL Queensland U23;Australia;01:00;Schedule;False;-0.4444444444444444;1.9;3.5;1.9;3.5;0.0;0.0;;0.0;0.0;0.0;0.0;0.0;;Gold Coast United U23;;0.0;0.0;4.5;0;0.0;0 - 0;4.5;Brisbane City U23;;0.0;0.0;1.5;0;0.0;+1.25;0 - 0;0-0;3.5;1.5;-;nan;;;;;;;;;;;;;;;;0.0;0.0;0.0;0.0;;;0.0;0.0;0.0;0.0;;[];[];[];[];[];[];[];[];1.0;0.0;0.0;1.0;0.0;0.0;35845.0;91920.0;gold coast united fc;brisbane city fc;;;Youth
2026-05-16;194585372;Japan JFL Cup;Japan;01:00;Full;True;0.1774193548387097;1.875;2.5;1.925;2.5;3.0;6.0;;1.0;3.0;4.0;136.0;80.0;100.0;Verspah Oita;;0.0;0.0;2.0;0;0.0;0 - 2;3.5;Veertien Mie;;0.0;0.0;3.1;0;2.0;-0.5;3 - 6;1-3;2.5;1.0;33 - 47;16 - 21;21.0;16.0;49.0;51.0;2.0;2.0;5.0;1.0;;;;;;;;62.0;74.0;47.0;33.0;51.0;49.0;7.0;6.0;9.0;3.0;;[52 63];[2 2];[False False];['Veertien Mie' 'Veertien Mie'];[ 0 -1];[-1 -2];['D' 'A'];['A' 'A'];0.58;0.0;0.42;1.0;0.0;0.0;;;;;;;
2026-05-16;194507590;Australia Northern NSW Premier League;Australia;01:00;Full;True;0.5762745034084609;1.85;3.5;1.95;3.5;6.0;4.0;;3.0;2.0;5.0;184.0;111.0;100.0;Lambton Jaffas;;0.0;2.0;1.333;1;4.0;4 - 0;5.25;Kahibah FC;;1.0;3.0;5.75;0;0.0;-1.5;6 - 4;3-2;3.5;1.5;68 - 43;30 - 17;17.0;30.0;45.0;55.0;2.0;7.0;1.0;4.0;;;;;;;;86.0;98.0;43.0;68.0;48.0;52.0;7.0;12.0;1.0;8.0;;[37 59 82 94];[1 2 2 2];[False False False  True];['Lambton Jaffas' 'Lambton Jaffas' 'Lambton Jaffas' 'Lambton Jaffas'];[0 1 2 3];[1 2 3 4];['D' 'H' 'H' 'H'];['H' 'H' 'H' 'H'];0.39;0.61;0.0;0.82;0.18;0.0;;;;;;;
2026-05-16;194585381;Japan Women Empowerment League;Japan;01:00;Full;True;-0.5792916760658695;1.825;2.5, 3.0;1.975;2.5, 3.0;3.0;3.0;;2.0;1.0;3.0;123.0;69.0;100.0;JEF Utd Chiba (W);;0.0;1.0;6.5;0;1.0;1 - 0;4.75;Urawa Red Diamonds (W);;0.0;0.0;1.364;0;0.0;+1.5;3 - 3;2-1;2.75;1.25;32 - 37;20 - 17;17.0;20.0;46.0;54.0;2.0;2.0;1.0;0.0;;;;;;;;65.0;58.0;37.0;32.0;50.0;50.0;6.0;3.0;4.0;1.0;;[93];[2];[ True];['JEF Utd Chiba (W)'];[0];[1];['D'];['H'];1.0;0.0;0.0;1.0;0.0;0.0;3144.0;3145.0;jef united chiba;urawa red diamonds;;;Women
2026-05-16;194585349;Japan L2 League Women;Japan;01:00;Full;True;-0.35744831050352294;1.925;2.0, 2.5;1.875;2.0, 2.5;1.0;3.0;;0.0;1.0;1.0;126.0;64.0;100.0;SEISA OSA Rheia FC (W);;0.0;0.0;4.333;0;0.0;0 - 1;3.4;Diosa Izumo (W);;0.0;0.0;1.7;0;1.0;+0.75;1 - 3;0-1;2.25;1.0;32 - 32;11 - 18;18.0;11.0;50.0;50.0;5.0;2.0;1.0;0.0;;;;;;;;63.0;63.0;32.0;32.0;51.0;49.0;7.0;10.0;4.0;2.0;;[77];[2];[False];['Diosa Izumo (W)'];[0];[-1];['D'];['A'];0.86;0.0;0.14;1.0;0.0;0.0;;;;;;;Women
2026-05-16;194585369;Japan JFL Cup;Japan;01:00;Full;True;0.3884080628255044;2.0;2.5, 3.0;1.8;2.5, 3.0;7.0;2.0;;2.0;1.0;3.0;113.0;79.0;100.0;FC Tiamo Hirakata;;0.0;2.0;1.615;0;1.0;1 - 3;3.75;Minebea Mitsumi;;0.0;2.0;4.333;2;3.0;-0.75;7 - 2;2-1;2.75;1.25;47 - 32;27 - 19;19.0;27.0;36.0;64.0;6.0;3.0;3.0;1.0;;;;;;;;45.0;68.0;32.0;47.0;32.0;68.0;7.0;8.0;6.0;8.0;;[11 22 47 89];[1 1 2 2];[False False False False];['Minebea Mitsumi' 'Minebea Mitsumi' 'Minebea Mitsumi' 'FC Tiamo Hirakata'];[ 0 -1 -2 -3];[-1 -2 -3 -2];['D' 'A' 'A' 'A'];['A' 'A' 'A' 'A'];0.12;0.0;0.88;0.24;0.0;0.76;;;;;;;
2026-05-16;194585498;Japan L1 League Women;Japan;01:00;Full;True;-0.12028869286287086;1.775;2.0;2.025;2.0;0.0;2.0;;0.0;2.0;2.0;164.0;74.0;100.0;AS Harima Albion (W);;0.0;1.0;2.9;0;0.0;0 - 1;3.1;Orca Kamogawa FC (W);;0.0;0.0;2.15;1;1.0;+0.25;0 - 2;0-2;2.25;1.0;42 - 32;17 - 14;14.0;17.0;43.0;57.0;5.0;4.0;3.0;1.0;;;;;;;;79.0;85.0;32.0;42.0;46.0;54.0;7.0;11.0;4.0;2.0;;[20];[1];[False];['Orca Kamogawa FC (W)'];[0];[-1];['D'];['A'];0.22;0.0;0.78;0.44;0.0;0.56;;;;;;;Women
2026-05-16;194584614;Australia Capital Territory U23 League;Australia;01:15;Full;True;0.04638218923933213;1.825;3.5;1.975;3.5;5.0;3.0;;2.0;2.0;4.0;154.0;42.0;;Belconnen United U23;;0.0;2.0;2.2;0;3.0;3 - 2;4.0;Monaro Panthers U23;;0.0;2.0;2.45;1;2.0;0.0;5 - 3;2-2;3.5;1.5;21 - 21;11 - 11;11.0;11.0;;;3.0;2.0;3.0;4.0;;;;;;;;78.0;76.0;21.0;21.0;;;8.0;4.0;7.0;9.0;;[22 62 68 73 85];[1 2 2 2 2];[False False False False False];"['Monaro Panthers U23' 'Belconnen United U23' 'Monaro Panthers U23'
 'Belconnen United U23' 'Belconnen United U23']";[ 0 -1  0 -1  0];[-1  0 -1  0  1];['D' 'A' 'D' 'A' 'D'];['A' 'D' 'A' 'D' 'H'];0.44;0.06;0.5;0.49;0.0;0.51;;;;;;;Youth
2026-05-16;194565136;Australia Queensland Premier League;Australia;01:30;Schedule;False;0.5142857142857142;1.875;3.5, 4.0;1.925;3.5, 4.0;0.0;0.0;;0.0;0.0;0.0;0.0;0.0;;Robina City;8.0;0.0;0.0;1.4;0;0.0;0 - 0;5.0;Capalaba Bulldogs;11.0;0.0;0.0;5.0;0;0.0;-1.5;0 - 0;0-0;3.75;1.5;-;nan;;;;;;;;;;;;;;;;0.0;0.0;0.0;0.0;;;0.0;0.0;0.0;0.0;;[];[];[];[];[];[];[];[];1.0;0.0;0.0;1.0;0.0;0.0;;;;;;;
2026-05-16;194583312;Australia Queensland PL U23;Australia;01:45;Full;True;0.5592247864337625;1.925;4.0;1.875;4.0;9.0;3.0;;4.0;2.0;6.0;191.0;123.0;;Brisbane Strikers U23;;0.0;1.0;1.364;1;1.0;1 - 2;5.25;Holland Park Hawks U23;;0.0;2.0;5.75;1;2.0;-1.75;9 - 3;4-2;4.0;1.75;75 - 48;41 - 23;23.0;41.0;;;2.0;3.0;5.0;3.0;;;;;;;;83.0;108.0;48.0;75.0;;;2.0;6.0;12.0;7.0;;[17 38 68];[1 1 2];[False False False];['Holland Park Hawks U23' 'Brisbane Strikers U23' 'Holland Park Hawks U23'];[ 0 -1  0];[-1  0 -1];['D' 'A' 'D'];['A' 'D' 'A'];0.52;0.0;0.48;0.53;0.0;0.47;;;;;;;Youth
2026-05-16;194092222;Japan J2/J3 Centennial League;Japan;02:00;Full;True;0.32903879559930516;1.8;2.0, 2.5;2.0;2.0, 2.5;10.0;2.0;;8.0;0.0;8.0;156.0;72.0;100.0;Albirex Niigata Singapore;;0.0;0.0;1.727;0;2.0;2 - 1;3.5;Nara Club;;0.0;2.0;4.0;0;1.0;-0.75;10 - 2;8-0;2.25;1.0;44 - 28;23 - 10;10.0;23.0;48.0;52.0;0.0;8.0;0.0;11.0;;;;;;;;80.0;76.0;28.0;44.0;52.0;48.0;3.0;12.0;5.0;15.0;;[47 50 87];[2 2 2];[False False False];['Albirex Niigata' 'Nara Club' 'Albirex Niigata'];[ 0 -1 -2];[-1 -2 -3];['D' 'A' 'A'];['A' 'A' 'A'];0.52;0.0;0.48;1.0;0.0;0.0;34081.0;38148.0;albirex niigata (s);nara club;2.0;2.0;
2026-05-16;194582944;Australia Western Australia U23 League;Australia;02:00;Full;True;0.13636363636363635;1.975;4.0;1.825;4.0;4.0;5.0;;0.0;2.0;2.0;165.0;126.0;;Western Knights U23;;0.0;1.0;2.0;0;0.0;0 - 3;4.0;Stirling Macedonia U23;;0.0;3.0;2.75;2;3.0;-0.25;4 - 5;0-2;4.0;1.5;48 - 78;23 - 40;40.0;23.0;;;2.0;2.0;5.0;0.0;;;;;;;;98.0;67.0;78.0;48.0;;;5.0;3.0;10.0;1.0;;[ 6 22 87];[1 1 2];[False False False];"['Stirling Macedonia U23' 'Stirling Macedonia U23'
 'Stirling Macedonia U23']";[ 0 -1 -2];[-1 -2 -3];['D' 'A' 'A'];['A' 'A' 'A'];0.07;0.0;0.93;0.13;0.0;0.87;1237383.0;92034.0;western knights sc;stirling macedonia fc;;;Youth
2026-05-16;193381841;Japan J-League;Japan;02:00;Full;True;-0.02254428341384862;1.75;1.5, 2.0;2.05;1.5, 2.0;3.0;4.0;;3.0;1.0;4.0;203.0;107.0;100.0;Mito Hollyhock;;0.0;2.0;2.875;0;0.0;0 - 1;3.0;Tokyo Verdy;;0.0;2.0;2.7;0;1.0;0.0;3 - 4;3-1;2.0;0.75;67 - 40;31 - 15;15.0;31.0;34.0;66.0;4.0;6.0;1.0;0.0;;;;;;;;95.0;108.0;40.0;67.0;39.0;61.0;5.0;10.0;3.0;2.0;;[54];[2];[False];['Tokyo Verdy'];[0];[-1];['D'];['A'];0.6;0.0;0.4;1.0;0.0;0.0;21901.0;3139.0;mito hollyhock;tokyo verdy;2.1;2.2;
2026-05-16;194507413;Australia New South Wales Premier League;Australia;02:00;Full;True;0.07407407407407407;2.0;3.0;1.8;3.0;5.0;5.0;;2.0;1.0;3.0;106.0;103.0;100.0;Western Sydney Wanderers NPL;;0.0;0.0;2.25;2;3.0;3 - 3;3.4;Blacktown City;;0.0;2.0;2.7;2;3.0;-0.25;5 - 5;2-1;3.0;1.25;51 - 52;29 - 22;22.0;29.0;52.0;48.0;6.0;3.0;3.0;3.0;;;;;;;;60.0;46.0;52.0;51.0;60.0;40.0;8.0;6.0;5.0;5.0;;[24 35 40 41 67 76];[1 1 1 1 2 2];[False False False False False False];"['Western Sydney Wanderers NPL' 'Western Sydney Wanderers NPL'
 'Blacktown City' 'Blacktown City' 'Blacktown City'
 'Western Sydney Wanderers NPL']";[ 0  1  2  1  0 -1];[ 1  2  1  0 -1  0];['D' 'H' 'H' 'H' 'D' 'A'];['H' 'H' 'H' 'D' 'A' 'D'];0.71;0.19;0.1;0.62;0.38;0.0;;92204.0;;blacktown city fc;1.53;1.53;
2026-05-16;194092225;Japan J2/J3 Centennial League;Japan;02:00;Full;True;-0.2777777777777778;1.85;3.0;1.95;3.0;3.0;4.0;;2.0;1.0;3.0;134.0;86.0;100.0;Fukushima Utd;;0.0;0.0;3.6;0;0.0;0 - 3;3.6;Hokkaido Consadole Sapporo;;0.0;2.0;1.8;1;3.0;+0.25;3 - 4;2-1;3.0;1.25;40 - 46;18 - 22;22.0;18.0;45.0;55.0;2.0;3.0;1.0;0.0;;;;;;;;73.0;61.0;46.0;40.0;42.0;58.0;2.0;8.0;4.0;3.0;;[34 55 61];[1 2 2];[False False False];"['Hokkaido Consadole Sapporo' 'Hokkaido Consadole Sapporo'
 'Hokkaido Consadole Sapporo']";[ 0 -1 -2];[-1 -2 -3];['D' 'A' 'A'];['A' 'A' 'A'];0.38;0.0;0.62;0.76;0.0;0.24;38140.0;3142.0;fukushima united fc;hokkaido consadole sapporo;1.5;1.53;
2026-05-16;194092236;Japan J2/J3 Centennial League;Japan;02:00;Full;True;0.14285714285714285;1.925;2.5;1.875;2.5;6.0;3.0;;3.0;2.0;5.0;176.0;85.0;100.0;Tochigi City;;0.0;2.0;2.1;0;3.0;3 - 0;3.25;Montedio Yamagata;;0.0;0.0;3.0;0;0.0;-0.25;6 - 3;3-2;2.5;1.0;49 - 36;19 - 16;16.0;19.0;43.0;57.0;4.0;4.0;2.0;0.0;;;;;;;;88.0;88.0;36.0;49.0;44.0;56.0;5.0;7.0;3.0;6.0;;[61 77 91];[2 2 2];[False False  True];['Tochigi City' 'Tochigi City' 'Tochigi City'];[0 1 2];[1 2 3];['D' 'H' 'H'];['H' 'H' 'H'];0.67;0.33;0.0;1.0;0.0;0.0;245541.0;21902.0;tochigi city fc;montedio yamagata;1.72;1.72;
2026-05-16;194580432;Australia NPL Victoria Women;Australia;02:00;Full;True;-0.2012538231467243;1.9;3.0, 3.5;1.9;3.0, 3.5;3.0;3.0;;2.0;2.0;4.0;188.0;143.0;100.0;Essendon Royals (W);;0.0;3.0;3.1;3;4.0;4 - 1;3.7;South Melbourne (W);;0.0;2.0;1.909;0;1.0;+0.5;3 - 3;2-2;3.25;1.25;68 - 75;41 - 34;34.0;41.0;54.0;46.0;2.0;3.0;3.0;7.0;;;;;;;;89.0;99.0;75.0;68.0;55.0;45.0;4.0;4.0;7.0;10.0;;[10 31 41 51 56];[1 1 1 2 2];[False False False False False];"['Essendon Royals (W)' 'Essendon Royals (W)' 'Essendon Royals (W)'
 'Essendon Royals (W)' 'South Melbourne (W)']";[0 1 2 3 4];[1 2 3 4 3];['D' 'H' 'H' 'H' 'H'];['H' 'H' 'H' 'H' 'H'];0.11;0.89;0.0;0.22;0.78;0.0;;2944.0;;south melbourne fc;;;Women
2026-05-16;194580446;Australia NPL Victoria Women;Australia;02:00;Full;True;-0.30126101782152737;1.8;3.0;2.0;3.0;2.0;7.0;;0.0;4.0;4.0;232.0;134.0;100.0;Keilor Park (W);;0.0;0.0;3.6;1;2.0;2 - 5;3.8;Boroondara Eagles (W);;0.0;2.0;1.727;2;5.0;+0.5;2 - 7;0-4;3.25;1.25;36 - 98;12 - 53;53.0;12.0;65.0;35.0;4.0;1.0;5.0;2.0;;;;;;;;137.0;95.0;98.0;36.0;62.0;38.0;9.0;3.0;9.0;5.0;;[15 17 38 51 62 69 81];[1 1 1 2 2 2 2];[False False False False False False False];"['Boroondara Eagles (W)' 'Keilor Park (W)' 'Boroondara Eagles (W)'
 'Boroondara Eagles (W)' 'Boroondara Eagles (W)' 'Keilor Park (W)'
 'Boroondara Eagles (W)']";[ 0 -1  0 -1 -2 -3 -2];[-1  0 -1 -2 -3 -2 -3];['D' 'A' 'D' 'A' 'A' 'A' 'A'];['A' 'D' 'A' 'A' 'A' 'A' 'A'];0.4;0.0;0.6;0.8;0.0;0.2;;;;;;;Women
2026-05-16;194582942;Australia Western Australia U23 League;Australia;02:00;Full;True;0.12416851441241689;1.9;3.5, 4.0;1.9;3.5, 4.0;3.0;6.0;;2.0;4.0;6.0;188.0;93.0;;Sorrento U23;;0.0;4.0;2.05;1;1.0;1 - 1;3.8;Perth SC U23;;0.0;1.0;2.75;0;1.0;0.0;3 - 6;2-4;3.5;1.5;41 - 52;22 - 32;32.0;22.0;;;3.0;2.0;6.0;7.0;;;;;;;;111.0;77.0;52.0;41.0;;;6.0;4.0;12.0;8.0;;[43 62];[1 2];[False False];['Sorrento U23' 'Perth SC U23'];[0 1];[1 0];['D' 'H'];['H' 'D'];0.79;0.21;0.0;0.96;0.04;0.0;1237377.0;1237367.0;sorrento fc;perth sc;;;Youth
2026-05-16;194507397;Australia New South Wales Premier League;Australia;02:00;Full;True;-0.2857142857142857;2.0;3.0, 3.5;1.8;3.0, 3.5;5.0;7.0;;3.0;5.0;8.0;224.0;158.0;100.0;University NSW;;0.0;2.0;3.5;0;2.0;2 - 0;3.8;Rockdale Ilinden FC;;0.0;2.0;1.75;0;0.0;+0.5;5 - 7;3-5;3.25;1.25;61 - 97;33 - 51;51.0;33.0;46.0;54.0;8.0;3.0;2.0;1.0;;;;;;;;127.0;97.0;97.0;61.0;54.0;46.0;11.0;5.0;4.0;7.0;;[77 83];[2 2];[False False];['University NSW' 'University NSW'];[0 1];[1 2];['D' 'H'];['H' 'H'];0.86;0.14;0.0;1.0;0.0;0.0;319451.0;92210.0;university of nsw;rockdale ilinden fc;1.53;1.5;
2026-05-16;194581052;Australia WA State League 1 Reserves;Australia;02:00;Full;True;-0.3472222222222222;1.975;4.0;1.825;4.0;6.0;11.0;;2.0;7.0;9.0;227.0;161.0;;Subiaco AFC Reserves;;0.0;0.0;3.6;0;1.0;1 - 4;4.75;Gwelup Croatia SC Reserves;;0.0;1.0;1.6;3;4.0;+1.0;6 - 11;2-7;4.25;1.75;54 - 107;21 - 62;62.0;21.0;;;4.0;5.0;7.0;4.0;;;;;;;;139.0;88.0;107.0;54.0;;;5.0;8.0;12.0;7.0;;[11 27 32 48 52];[1 1 1 2 2];[False False False False False];"['Gwelup Croatia SC Reserves' 'Gwelup Croatia SC Reserves'
 'Gwelup Croatia SC Reserves' 'Gwelup Croatia SC Reserves'
 'Subiaco AFC Reserves']";[ 0 -1 -2 -3 -4];[-1 -2 -3 -4 -3];['D' 'A' 'A' 'A' 'A'];['A' 'A' 'A' 'A' 'A'];0.12;0.0;0.88;0.24;0.0;0.76;;;;;;;Youth
2026-05-16;194582445;Australia WA State League 1 Reserves;Australia;02:00;Full;True;-0.07295941632466935;1.9;3.0, 3.5;1.9;3.0, 3.5;3.0;4.0;;3.0;2.0;5.0;95.0;70.0;;Cockburn City Reserves;;0.0;2.0;2.55;0;0.0;0 - 3;3.9;Joondalup City Reserves;;0.0;0.0;2.15;2;3.0;+0.25;3 - 4;3-2;3.5;1.5;34 - 36;17 - 20;20.0;17.0;;;6.0;3.0;6.0;4.0;;;;;;;;38.0;57.0;36.0;34.0;;;9.0;8.0;9.0;6.0;;[24 36 85];[1 1 2];[False False False];"['Joondalup City Reserves' 'Joondalup City Reserves'
 'Joondalup City Reserves']";[ 0 -1 -2];[-1 -2 -3];['D' 'A' 'A'];['A' 'A' 'A'];0.27;0.0;0.73;0.53;0.0;0.47;;;;;;;Youth
2026-05-16;194582450;Australia WA State League 1 Reserves;Australia;02:00;Full;True;-0.3926347984039994;1.95;3.5, 4.0;1.85;3.5, 4.0;0.0;9.0;;0.0;4.0;4.0;110.0;76.0;;Curtin University SC Reserves;;0.0;3.0;4.1;1;2.0;2 - 3;4.2;Murdoch University Melville FC Reserves;;0.0;0.0;1.571;2;3.0;+1.0;0 - 9;0-4;3.75;1.5;31 - 45;21 - 17;17.0;21.0;;;0.0;0.0;2.0;2.0;;;;;;;;57.0;53.0;45.0;31.0;;;6.0;0.0;10.0;5.0;;[15 19 36 55 90];[1 1 1 2 2];[False False False False False];"['Murdoch University Melville FC Reserves' 'Curtin University SC Reserves'
 'Murdoch University Melville FC Reserves'
 'Murdoch University Melville FC Reserves' 'Curtin University SC Reserves']";[ 0 -1  0 -1 -2];[-1  0 -1 -2 -1];['D' 'A' 'D' 'A' 'A'];['A' 'D' 'A' 'A' 'A'];0.36;0.0;0.64;0.71;0.0;0.29;;;;;;;Youth
2026-05-16;194582940;Australia Western Australia U23 League;Australia;02:00;Schedule;False;0.4358796830525425;1.8;4.0;2.0;4.0;0.0;0.0;;0.0;0.0;0.0;0.0;0.0;;Perth RedStar FC U23;;0.0;0.0;1.5;0;0.0;0 - 0;4.5;Armadale U23;;0.0;0.0;4.333;0;0.0;-1.25;0 - 0;0-0;4.0;1.75;-;nan;;;;;;;;;;;;;;;;0.0;0.0;0.0;0.0;;;0.0;0.0;0.0;0.0;;[];[];[];[];[];[];[];[];1.0;0.0;0.0;1.0;0.0;0.0;1237385.0;1237379.0;perth redstar fc;armadale sc;;;Youth
2026-05-16;194582935;Australia Western Australia U23 League;Australia;02:00;Full;True;0.13636363636363635;1.85;4.0;1.95;4.0;2.0;8.0;;1.0;6.0;7.0;133.0;96.0;;Fremantle City FC U23;;0.0;0.0;2.0;2;2.0;2 - 2;4.0;Olympic Kingsway U23;;0.0;1.0;2.75;0;2.0;-0.25;2 - 8;1-6;4.0;1.5;33 - 63;22 - 29;29.0;22.0;;;4.0;2.0;8.0;7.0;;;;;;;;71.0;62.0;63.0;33.0;;;10.0;5.0;21.0;9.0;;[20 25 63 86];[1 1 2 2];[False False False False];"['Fremantle City FC U23' 'Fremantle City FC U23' 'Olympic Kingsway U23'
 'Olympic Kingsway U23']";[0 1 2 1];[1 2 1 0];['D' 'H' 'H' 'H'];['H' 'H' 'H' 'D'];0.27;0.73;0.0;0.44;0.56;0.0;1237373.0;319213.0;fremantle city fc;olympic kingsway sc;;;Youth
2026-05-16;194582455;Australia WA State League 1 Reserves;Australia;02:00;Schedule;False;-0.6335554209569957;1.85;3.5, 4.0;1.95;3.5, 4.0;0.0;0.0;;0.0;0.0;0.0;0.0;0.0;;Mandurah City FC Reserves;;0.0;0.0;6.5;0;0.0;0 - 0;5.5;UWA-Nedlands FC Reserves;;0.0;0.0;1.27;0;0.0;+1.5;0 - 0;0-0;3.75;1.5;-;nan;;;;;;;;;;;;;;;;0.0;0.0;0.0;0.0;;;0.0;0.0;0.0;0.0;;[];[];[];[];[];[];[];[];1.0;0.0;0.0;1.0;0.0;0.0;;;;;;;Youth
2026-05-16;194678203;Australia Victoria PL 1 U23;Australia;02:00;Full;True;0.04140786749482395;1.9;4.0;1.9;4.0;5.0;8.0;;2.0;3.0;5.0;180.0;122.0;;Melbourne Srbija U23;;0.0;0.0;2.1;1;1.0;1 - 1;5.0;Brunswick City U23;;0.0;0.0;2.3;0;1.0;-0.25;5 - 8;2-3;4.0;1.75;58 - 64;27 - 32;32.0;27.0;;;3.0;3.0;3.0;3.0;;;;;;;;103.0;77.0;64.0;58.0;;;8.0;3.0;6.0;6.0;;[33 62];[1 2];[False False];['Melbourne Srbija U23' 'Brunswick City U23'];[0 1];[1 0];['D' 'H'];['H' 'D'];0.68;0.32;0.0;0.73;0.27;0.0;;;;;;;Youth
2026-05-16;194580616;Australia Victoria Premier League 1;Australia;02:00;Full;True;0.16019810467165096;1.975;3.5, 4.0;1.825;3.5, 4.0;4.0;4.0;;4.0;1.0;5.0;166.0;133.0;;North Sunshine Eagles;;0.0;1.0;1.909;0;3.0;3 - 2;4.2;Western United FC NPL;;0.0;2.0;2.75;0;2.0;-0.5;4 - 4;4-1;3.75;1.5;75 - 58;43 - 25;25.0;43.0;;;3.0;1.0;2.0;3.0;;;;;;;;81.0;85.0;58.0;75.0;;;8.0;4.0;6.0;10.0;;[47 51 52 70 81];[2 2 2 2 2];[False False False False False];"['North Sunshine Eagles' 'Western United FC NPL' 'North Sunshine Eagles'
 'North Sunshine Eagles' 'Western United FC NPL']";[0 1 0 1 2];[1 0 1 2 1];['D' 'H' 'D' 'H' 'H'];['H' 'D' 'H' 'H' 'H'];0.53;0.47;0.0;1.0;0.0;0.0;;;;;;;
2026-05-16;194507593;Australia Northern NSW Premier League;Australia;02:00;Full;True;0.4819944598337951;1.85;3.5;1.95;3.5;8.0;4.0;;2.0;2.0;4.0;160.0;106.0;100.0;Belmont Swansea United SC;;0.0;1.0;1.444;1;1.0;1 - 1;4.75;Valentine Phoenix;;0.0;2.0;4.75;0;1.0;-1.25;8 - 4;2-2;3.75;1.5;61 - 45;31 - 20;20.0;31.0;52.0;48.0;3.0;7.0;0.0;3.0;;;;;;;;78.0;82.0;45.0;61.0;51.0;49.0;5.0;9.0;2.0;3.0;;[29 49];[1 2];[False False];['Belmont Swansea United SC' 'Valentine Phoenix'];[0 1];[1 0];['D' 'H'];['H' 'D'];0.78;0.22;0.0;0.64;0.36;0.0;;;;;;;
2026-05-16;194092231;Japan J2/J3 Centennial League;Japan;02:00;Full;True;0.24060150375939848;1.95;2.0, 2.5;1.85;2.0, 2.5;7.0;2.0;;4.0;0.0;4.0;192.0;95.0;100.0;Sagan Tosu;;0.0;1.0;1.9;0;1.0;1 - 1;3.25;Renofa Yamaguchi;;0.0;0.0;3.5;0;1.0;-0.5;7 - 2;4-0;2.25;1.0;39 - 56;19 - 29;29.0;19.0;50.0;50.0;2.0;6.0;2.0;1.0;;;;;;;;100.0;92.0;56.0;39.0;51.0;49.0;7.0;13.0;5.0;4.0;;[50 62];[2 2];[False False];['Sagan Tosu' 'Renofa Yamaguchi'];[0 1];[1 0];['D' 'H'];['H' 'D'];0.87;0.13;0.0;1.0;0.0;0.0;21904.0;38146.0;sagan tosu;renofa yamaguchi;2.0;2.1;
2026-05-16;194580237;Australia Capital Territory Premier League;Australia;02:00;Full;True;-0.7460236886632826;1.95;4.0, 4.5;1.85;4.0, 4.5;5.0;3.0;;0.0;0.0;0.0;164.0;133.0;100.0;O'Connor Knights;;0.0;2.0;10.0;0;1.0;1 - 5;7.5;Canberra Croatia FC;;0.0;0.0;1.182;3;5.0;+2.25;5 - 3;0-0;4.25;1.75;58 - 75;21 - 39;39.0;21.0;50.0;50.0;1.0;1.0;7.0;0.0;;;;;;;;81.0;83.0;75.0;58.0;50.0;50.0;3.0;1.0;11.0;3.0;;[ 9 35 39 56 79 91];[1 1 1 2 2 2];[False False False False False  True];"['Canberra Croatia FC' 'Canberra Croatia FC' 'Canberra Croatia FC'
 'Canberra Croatia FC' 'Canberra Croatia FC' ""O'Connor Knights""]";[ 0 -1 -2 -3 -4 -5];[-1 -2 -3 -4 -5 -4];['D' 'A' 'A' 'A' 'A' 'A'];['A' 'A' 'A' 'A' 'A' 'A'];0.1;0.0;0.9;0.2;0.0;0.8;;;;;;;
2026-05-16;194585376;Japan Regional League;Japan;02:00;Schedule;False;0.3214285714285714;1.825;2.0, 2.5;1.975;2.0, 2.5;0.0;0.0;;0.0;0.0;0.0;0.0;0.0;;FC Basara Hyogo;;0.0;0.0;1.75;0;0.0;0 - 0;3.4;Cento Cuore Harima;;0.0;0.0;4.0;0;0.0;-0.5;0 - 0;0-0;2.25;1.0;-;nan;;;;;;;;;;;;;;;;0.0;0.0;0.0;0.0;;;0.0;0.0;0.0;0.0;;[];[];[];[];[];[];[];[];1.0;0.0;0.0;1.0;0.0;0.0;;;;;;;
2026-05-16;194585997;South Korea K3 League;South Korea;02:00;Full;True;0.19696969696969696;1.925;2.0, 2.5;1.875;2.0, 2.5;5.0;4.0;;2.0;2.0;4.0;145.0;76.0;100.0;Chuncheon FC;;0.0;0.0;2.0;3;6.0;6 - 1;3.2;Jeonbuk Motors II;;0.0;0.0;3.3;0;1.0;-0.25;5 - 4;2-2;2.25;1.0;40 - 36;21 - 16;16.0;21.0;45.0;55.0;2.0;5.0;0.0;3.0;;;;;;;;72.0;73.0;36.0;40.0;54.0;46.0;3.0;8.0;2.0;7.0;;[21 39 44 54 68 73 96];[1 1 1 2 2 2 2];[False False False False False False  True];"['Chuncheon FC' 'Chuncheon FC' 'Chuncheon FC' 'Chuncheon FC'
 'Chuncheon FC' 'Chuncheon FC' 'Jeonbuk Motors II']";[0 1 2 3 4 5 6];[1 2 3 4 5 6 5];['D' 'H' 'H' 'H' 'H' 'H' 'H'];['H' 'H' 'H' 'H' 'H' 'H' 'H'];0.22;0.78;0.0;0.47;0.53;0.0;;6908.0;;jeonbuk fc;;;Youth
2026-05-16;194585709;South Korea K3 League;South Korea;02:00;Full;True;-0.28528528528528535;1.9;2.5;1.9;2.5;9.0;3.0;;4.0;2.0;6.0;214.0;138.0;100.0;Dangjin Citizen FC;;0.0;0.0;3.7;0;0.0;0 - 1;3.5;Daejeon Korail;;0.0;3.0;1.8;1;1.0;+0.5;9 - 3;4-2;2.5;1.0;86 - 52;34 - 26;26.0;34.0;37.0;63.0;2.0;0.0;1.0;0.0;;;;;;;;87.0;127.0;52.0;86.0;35.0;65.0;2.0;3.0;1.0;0.0;;[13];[1];[False];['Daejeon Korail'];[0];[-1];['D'];['A'];0.14;0.0;0.86;0.29;0.0;0.71;;;;;;;
2026-05-16;194585359;Japan L1 League Women;Japan;02:00;Full;True;-0.1313628899835796;1.975;2.5;1.825;2.5;3.0;4.0;;2.0;2.0;4.0;172.0;52.0;100.0;Ehime FC (W);;0.0;2.0;2.9;2;3.0;3 - 1;3.3;Yokohama FC Seagulls (W);;0.0;0.0;2.1;0;1.0;+0.25;3 - 4;2-2;2.25;1.0;27 - 25;18 - 11;11.0;18.0;49.0;51.0;3.0;4.0;2.0;4.0;;;;;;;;82.0;90.0;25.0;27.0;50.0;50.0;5.0;5.0;3.0;5.0;;[13 36 55 87];[1 1 2 2];[False False False False];['Ehime FC (W)' 'Ehime FC (W)' 'Yokohama FC Seagulls (W)' 'Ehime FC (W)'];[0 1 2 1];[1 2 1 2];['D' 'H' 'H' 'H'];['H' 'H' 'H' 'H'];0.14;0.86;0.0;0.29;0.71;0.0;8060.0;;ehime fc;;;;Women
2026-05-16;194585378;Japan Regional League;Japan;02:00;Schedule;False;0.45614035087719296;2.0;3.0;1.8;3.0;0.0;0.0;;0.0;0.0;0.0;0.0;0.0;;Toho Titanium;;0.0;0.0;1.5;0;0.0;0 - 0;4.1;EDO ALL United;;0.0;0.0;4.75;0;0.0;-1.0;0 - 0;0-0;2.75;1.25;-;nan;;;;;;;;;;;;;;;;0.0;0.0;0.0;0.0;;;0.0;0.0;0.0;0.0;;[];[];[];[];[];[];[];[];1.0;0.0;0.0;1.0;0.0;0.0;;;;;;;
2026-05-16;194585338;Australia SA Premier League Reserves;Australia;02:00;Full;True;0.3959054643986151;1.85;4.0;1.95;4.0;7.0;2.0;;4.0;0.0;4.0;247.0;156.0;;Metrostars Reserves;;0.0;1.0;1.533;2;4.0;4 - 1;5.25;Adelaide Comets Reserves;;0.0;1.0;3.9;1;1.0;-1.25;7 - 2;4-0;4.0;1.75;106 - 50;51 - 22;22.0;51.0;;;2.0;6.0;1.0;3.0;;;;;;;;93.0;154.0;50.0;106.0;;;3.0;8.0;1.0;5.0;;[24 28 40 53 92];[1 1 1 2 2];[False False False False  True];"['Metrostars Reserves' 'Adelaide Comets Reserves' 'Metrostars Reserves'
 'Metrostars Reserves' 'Metrostars Reserves']";[0 1 0 1 2];[1 0 1 2 3];['D' 'H' 'D' 'H' 'H'];['H' 'D' 'H' 'H' 'H'];0.39;0.61;0.0;0.8;0.2;0.0;;;;;;;Youth
2026-05-16;194589733;South Korea K3 League;South Korea;02:00;Full;True;-0.14285714285714285;1.825;2.0, 2.5;1.975;2.0, 2.5;5.0;6.0;;1.0;4.0;5.0;95.0;72.0;100.0;Yeoju;;0.0;0.0;3.0;1;1.0;1 - 1;2.9;Busan Trans Corp;;0.0;1.0;2.1;0;1.0;+0.25;5 - 6;1-4;2.25;1.0;38 - 34;16 - 17;17.0;16.0;60.0;40.0;0.0;1.0;1.0;1.0;;;;;;;;49.0;46.0;34.0;38.0;51.0;49.0;0.0;2.0;4.0;1.0;;[37 65];[1 2];[False False];['Yeoju' 'Busan Trans Corp'];[0 1];[1 0];['D' 'H'];['H' 'D'];0.69;0.31;0.0;0.82;0.18;0.0;;;;;;;
2026-05-16;194586001;South Korea K4 League;South Korea;02:00;Full;True;-0.16666666666666669;1.975;2.5, 3.0;1.825;2.5, 3.0;2.0;5.0;;0.0;2.0;2.0;152.0;105.0;100.0;Haman;;0.0;1.0;3.0;0;1.0;1 - 2;3.6;Seoul Jungnang FC;;0.0;2.0;2.0;0;2.0;+0.25;2 - 5;0-2;2.5;1.0;29 - 76;18 - 36;36.0;18.0;67.0;33.0;4.0;6.0;7.0;3.0;;;;;;;;78.0;74.0;76.0;29.0;68.0;32.0;11.0;9.0;12.0;4.0;;[59 70 78];[2 2 2];[False False False];['Haman' 'Seoul Jungnang FC' 'Seoul Jungnang FC'];[0 1 0];[ 1  0 -1];['D' 'H' 'D'];['H' 'D' 'A'];0.74;0.12;0.13;1.0;0.0;0.0;;;;;;;
2026-05-16;194092228;Japan J2/J3 Centennial League;Japan;02:00;Full;True;-0.007541478129713508;1.8;2.0;2.0;2.0;3.0;6.0;;1.0;3.0;4.0;152.0;98.0;100.0;Sagamihara;;0.0;3.0;2.6;1;1.0;1 - 1;3.0;Vanraure Hachinohe;;0.0;2.0;2.55;0;1.0;0.0;3 - 6;1-3;2.0;0.75;40 - 58;24 - 22;22.0;24.0;65.0;35.0;2.0;2.0;1.0;1.0;;;;;;;;83.0;69.0;58.0;40.0;63.0;37.0;11.0;7.0;4.0;4.0;;[25 79];[1 2];[False False];['Sagamihara' 'Vanraure Hachinohe'];[0 1];[1 0];['D' 'H'];['H' 'D'];0.4;0.6;0.0;0.56;0.44;0.0;190658.0;118478.0;sc sagamihara;vanraure hachinohe fc;2.0;2.2;
2026-05-16;194583544;Australia NPL Victoria U23;Australia;02:00;Schedule;False;-0.30576237693637737;1.8;3.5, 4.0;2.0;3.5, 4.0;0.0;0.0;;0.0;0.0;0.0;0.0;0.0;;Dandenong City U23;;0.0;0.0;3.4;0;0.0;0 - 0;4.5;Oakleigh Cannons U23;;0.0;0.0;1.667;0;0.0;+0.5;0 - 0;0-0;3.75;1.5;-;nan;;;;;;;;;;;;;;;;0.0;0.0;0.0;0.0;;;0.0;0.0;0.0;0.0;;[];[];[];[];[];[];[];[];1.0;0.0;0.0;1.0;0.0;0.0;243494.0;92931.0;dandenong city sc;oakleigh cannons;;;Youth
2026-05-16;194586003;South Korea K4 League;South Korea;02:00;Full;True;-0.04262574595055413;1.95;2.5;1.85;2.5;5.0;6.0;;4.0;3.0;7.0;49.0;73.0;100.0;Namyangju FC;;0.0;3.0;2.55;1;1.0;1 - 1;3.4;Geumsan Insam;;0.0;0.0;2.3;0;1.0;0.0;5 - 6;4-3;2.5;1.0;28 - 45;18 - 16;16.0;18.0;67.0;33.0;3.0;2.0;1.0;3.0;;;;;;;;33.0;16.0;45.0;28.0;74.0;26.0;5.0;6.0;3.0;3.0;;[ 7 88];[1 2];[False False];['Namyangju FC' 'Geumsan Insam'];[0 1];[1 0];['D' 'H'];['H' 'D'];0.1;0.9;0.0;0.16;0.84;0.0;;;;;;;
2026-05-16;194583532;Australia Victoria Premier League 2;Australia;02:00;Schedule;False;-0.00886524822695034;1.85;3.0;1.95;3.0;0.0;0.0;;0.0;0.0;0.0;0.0;0.0;;Box Hill United;5.0;0.0;0.0;2.4;0;0.0;0 - 0;3.6;Goulburn Valley Suns FC;2.0;0.0;0.0;2.35;0;0.0;-0.25;0 - 0;0-0;3.0;1.25;-;nan;;;;;;;;;;;;;;;;0.0;0.0;0.0;0.0;;;0.0;0.0;0.0;0.0;;[];[];[];[];[];[];[];[];1.0;0.0;0.0;1.0;0.0;0.0;;;;;;;
2026-05-16;194583530;Australia Victoria Premier League 2;Australia;02:00;Schedule;False;0.29332450988501946;2.0;3.0, 3.5;1.8;3.0, 3.5;0.0;0.0;;0.0;0.0;0.0;0.0;0.0;;Bayside Argonauts FC;4.0;0.0;0.0;1.727;0;0.0;0 - 0;4.0;Springvale White Eagles;9.0;0.0;0.0;3.5;0;0.0;-0.5;0 - 0;0-0;3.25;1.25;-;nan;;;;;;;;;;;;;;;;0.0;0.0;0.0;0.0;;;0.0;0.0;0.0;0.0;;[];[];[];[];[];[];[];[];1.0;0.0;0.0;1.0;0.0;0.0;;;;;;;
2026-05-16;194583321;Australia NPL Victoria Women;Australia;02:00;Full;True;0.5476190476190477;2.025;3.0, 3.5;1.775;3.0, 3.5;4.0;4.0;;0.0;2.0;2.0;115.0;148.0;100.0;Avondale (W);;0.0;0.0;1.4;0;0.0;0 - 1;4.2;Spring Hills FC (W);;0.0;0.0;6.0;0;1.0;-1.25;4 - 4;0-2;3.25;1.25;85 - 63;35 - 37;37.0;35.0;41.0;59.0;2.0;2.0;0.0;1.0;;;;;;;;52.0;63.0;63.0;85.0;40.0;60.0;3.0;5.0;1.0;3.0;;[88];[2];[False];['Spring Hills FC (W)'];[0];[-1];['D'];['A'];0.98;0.0;0.02;1.0;0.0;0.0;189013.0;;avondale fc;;;;Women
2026-05-16;194585440;Australia South Australia State League Reserves;Australia;02:00;Full;True;0.05065856129685914;1.85;3.5;1.95;3.5;5.0;6.0;;4.0;0.0;4.0;136.0;130.0;;The Cove FC Reserves;;0.0;1.0;2.1;1;2.0;2 - 1;4.75;Adelaide Croatia Raiders Reserves;;2.0;3.0;2.35;0;1.0;+0.25;5 - 6;4-0;3.5;1.5;71 - 59;44 - 27;27.0;44.0;;;2.0;3.0;0.0;2.0;;;;;;;;84.0;52.0;59.0;71.0;;;2.0;6.0;1.0;3.0;;[24 55 71];[1 2 2];[False False False];"['The Cove FC Reserves' 'The Cove FC Reserves'
 'Adelaide Croatia Raiders Reserves']";[0 1 2];[1 2 1];['D' 'H' 'H'];['H' 'H' 'H'];0.27;0.73;0.0;0.53;0.47;0.0;;;;;;;Youth
2026-05-16;194585999;South Korea K3 League;South Korea;02:00;Full;True;0.2350427350427351;1.975;2.0, 2.5;1.825;2.0, 2.5;2.0;2.0;;1.0;2.0;3.0;145.0;75.0;100.0;Pocheon Citizen FC;;0.0;3.0;1.95;0;0.0;0 - 0;3.2;Changwon City;;0.0;1.0;3.6;0;0.0;-0.5;2 - 2;1-2;2.25;1.0;40 - 35;19 - 19;19.0;19.0;51.0;49.0;1.0;1.0;1.0;1.0;;;;;;;;79.0;66.0;35.0;40.0;48.0;52.0;2.0;4.0;1.0;4.0;;[];[];[];[];[];[];[];[];1.0;0.0;0.0;1.0;0.0;0.0;;;;;;;
2026-05-16;194092234;Japan J2/J3 Centennial League;Japan;02:00;Full;True;-0.044579533941236094;1.85;2.0, 2.5;1.95;2.0, 2.5;2.0;3.0;;1.0;0.0;1.0;136.0;64.0;100.0;Shonan Bellmare;;1.0;3.0;2.625;0;0.0;0 - 2;3.25;Vegalta Sendai;;0.0;0.0;2.35;0;2.0;0.0;2 - 3;1-0;2.25;1.0;31 - 33;19 - 13;13.0;19.0;53.0;47.0;4.0;4.0;2.0;0.0;;;;;;;;77.0;59.0;33.0;31.0;59.0;41.0;5.0;5.0;6.0;0.0;;[72 96];[2 2];[False  True];['Vegalta Sendai' 'Vegalta Sendai'];[ 0 -1];[-1 -2];['D' 'A'];['A' 'A'];0.75;0.0;0.25;1.0;0.0;0.0;21905.0;3148.0;shonan bellmare;vegalta sendai;1.83;1.83;
2026-05-16;194582453;Australia WA State League 1 Reserves;Australia;02:00;Full;True;-0.4215287371947474;1.8;3.5;2.0;3.5;5.0;11.0;;1.0;7.0;8.0;134.0;104.0;;Inglewood United Reserves;;0.0;2.0;4.333;0;0.0;0 - 4;4.333;Quinns FC Reserves;;0.0;0.0;1.533;1;4.0;+1.0;5 - 11;1-7;4.0;1.5;31 - 73;13 - 37;37.0;13.0;;;9.0;2.0;7.0;0.0;;;;;;;;82.0;52.0;73.0;31.0;;;14.0;6.0;14.0;2.0;;[35 56 60 77];[1 2 2 2];[False False False False];"['Quinns FC Reserves' 'Quinns FC Reserves' 'Quinns FC Reserves'
 'Quinns FC Reserves']";[ 0 -1 -2 -3];[-1 -2 -3 -4];['D' 'A' 'A' 'A'];['A' 'A' 'A' 'A'];0.39;0.0;0.61;0.78;0.0;0.22;;;;;;;Youth
2026-05-16;194580620;Australia Victoria Premier League 1;Australia;02:15;Full;True;-0.1814882032667876;1.95;3.0, 3.5;1.85;3.0, 3.5;7.0;6.0;;5.0;0.0;5.0;217.0;140.0;;Manningham United Blues;;0.0;1.0;2.9;0;1.0;1 - 0;4.1;Brunswick Juventus;;0.0;1.0;1.9;0;0.0;+0.5;7 - 6;5-0;3.25;1.25;59 - 81;38 - 27;27.0;38.0;;;4.0;2.0;1.0;1.0;;;;;;;;114.0;103.0;81.0;59.0;;;7.0;4.0;3.0;2.0;;[76];[2];[False];['Manningham United Blues'];[0];[1];['D'];['H'];0.84;0.16;0.0;1.0;0.0;0.0;;;;;;;
2026-05-16;194578578;Australia SA Premier League Reserves;Australia;02:15;Full;True;-0.5874125874125873;1.95;4.0, 4.5;1.85;4.0, 4.5;8.0;3.0;;3.0;1.0;4.0;171.0;123.0;;White City FK Beograd Reserves;;0.0;1.0;5.5;0;0.0;0 - 4;6.0;Campbelltown Reserves;;0.0;2.0;1.3;2;4.0;+1.5;8 - 3;3-1;4.25;1.75;52 - 71;25 - 33;33.0;25.0;;;2.0;0.0;5.0;2.0;;;;;;;;84.0;87.0;71.0;52.0;;;6.0;5.0;10.0;4.0;;[19 42 79 89];[1 1 2 2];[False False False False];"['Campbelltown Reserves' 'Campbelltown Reserves' 'Campbelltown Reserves'
 'Campbelltown Reserves']";[ 0 -1 -2 -3];[-1 -2 -3 -4];['D' 'A' 'A' 'A'];['A' 'A' 'A' 'A'];0.21;0.0;0.79;0.42;0.0;0.58;;;;;;;Youth
2026-05-16;194578583;Australia South Australia State League 1;Australia;02:30;Full;True;-0.05228758169934633;1.85;3.0;1.95;3.0;6.0;2.0;;5.0;1.0;6.0;124.0;109.0;100.0;Adelaide Blue Eagles;;0.0;1.0;2.55;0;3.0;3 - 1;3.7;Fulham United FC;;1.0;2.0;2.25;0;1.0;0.0;6 - 2;5-1;3.0;1.25;61 - 48;33 - 17;17.0;33.0;36.0;64.0;3.0;7.0;3.0;1.0;;;;;;;;66.0;58.0;48.0;61.0;45.0;55.0;6.0;12.0;4.0;6.0;;[49 70 77 80];[2 2 2 2];[False False False False];"['Adelaide Blue Eagles' 'Adelaide Blue Eagles' 'Adelaide Blue Eagles'
 'Fulham United FC']";[0 1 2 3];[1 2 3 2];['D' 'H' 'H' 'H'];['H' 'H' 'H' 'H'];0.54;0.46;0.0;1.0;0.0;0.0;;;;;;;
2026-05-16;194507828;Australia South Australia Premier League;Australia;02:30;Full;True;-0.7280701754385965;1.975;4.0, 4.5;1.825;4.0, 4.5;3.0;6.0;;2.0;3.0;5.0;275.0;153.0;100.0;Para Hills Knights;;0.0;0.0;9.5;0;0.0;0 - 2;6.25;Adelaide United NPL;;0.0;0.0;1.2;1;2.0;+2.0;3 - 6;2-3;4.25;1.75;52 - 101;27 - 48;48.0;27.0;65.0;35.0;2.0;1.0;5.0;3.0;;;;;;;;152.0;123.0;101.0;52.0;63.0;37.0;12.0;5.0;10.0;4.0;;[47 93];[1 2];[ True  True];['Adelaide United NPL' 'Adelaide United NPL'];[ 0 -1];[-1 -2];['D' 'A'];['A' 'A'];0.51;0.0;0.49;1.0;0.0;0.0;90886.0;240776.0;para hills knights sc;adelaide united fc;1.53;1.44;
2026-05-16;194507838;Australia South Australia Premier League;Australia;02:30;Full;True;0.10582010582010581;1.825;3.0, 3.5;1.975;3.0, 3.5;4.0;2.0;;3.0;0.0;3.0;160.0;92.0;100.0;Playford;;0.0;3.0;2.1;0;0.0;0 - 0;3.75;Adelaide City;;0.0;1.0;2.7;0;0.0;-0.25;4 - 2;3-0;3.25;1.25;44 - 48;14 - 6;6.0;14.0;54.0;46.0;1.0;0.0;0.0;2.0;;;;;;;;85.0;75.0;48.0;44.0;53.0;47.0;5.0;3.0;1.0;5.0;;[];[];[];[];[];[];[];[];1.0;0.0;0.0;1.0;0.0;0.0;424591.0;90868.0;playford city;adelaide city fc;1.4;1.4;
2026-05-16;194507843;Australia South Australia Premier League;Australia;02:30;Full;True;-0.23751023751023742;2.0;3.5;1.8;3.5;2.0;4.0;;1.0;3.0;4.0;196.0;122.0;100.0;West Adelaide;;0.0;2.0;3.3;0;1.0;1 - 2;3.75;West Torrens Birkalla;;0.0;0.0;1.85;1;2.0;+0.5;2 - 4;1-3;3.5;1.5;57 - 65;24 - 37;37.0;24.0;53.0;47.0;0.0;3.0;4.0;0.0;;;;;;;;97.0;99.0;65.0;57.0;51.0;49.0;3.0;7.0;6.0;1.0;;[12 48 93];[1 2 2];[False False  True];['West Torrens Birkalla' 'West Adelaide' 'West Torrens Birkalla'];[ 0 -1  0];[-1  0 -1];['D' 'A' 'D'];['A' 'D' 'A'];0.61;0.0;0.39;0.27;0.0;0.73;137694.0;90890.0;west adelaide sc;west torrens birkalla;1.4;1.4;
2026-05-16;194578580;Australia South Australia State League 1;Australia;02:30;Full;True;0.36858974358974356;1.9;3.0, 3.5;1.9;3.0, 3.5;3.0;6.0;;2.0;4.0;6.0;171.0;181.0;100.0;Adelaide Atletico;;0.0;0.0;1.6;4;5.0;5 - 0;4.2;Eastern United;;0.0;1.0;3.9;0;0.0;-1.0;3 - 6;2-4;3.25;1.25;81 - 100;44 - 42;42.0;44.0;54.0;46.0;0.0;3.0;1.0;5.0;;;;;;;;97.0;74.0;100.0;81.0;55.0;45.0;1.0;5.0;4.0;8.0;;[10 14 38 42 66];[1 1 1 1 2];[False False False False False];"['Adelaide Atletico' 'Adelaide Atletico' 'Adelaide Atletico'
 'Adelaide Atletico' 'Adelaide Atletico']";[0 1 2 3 4];[1 2 3 4 5];['D' 'H' 'H' 'H' 'H'];['H' 'H' 'H' 'H' 'H'];0.11;0.89;0.0;0.22;0.78;0.0;;;;;;;
2026-05-16;194092238;Japan J2/J3 Centennial League;Japan;02:30;Full;True;0.12028869286287086;2.025;2.5;1.775;2.5;1.0;5.0;;0.0;2.0;2.0;204.0;143.0;100.0;Jubilo Iwata;;0.0;1.0;2.15;0;0.0;0 - 3;3.25;Fujieda MYFC;;0.0;0.0;2.9;1;3.0;-0.25;1 - 5;0-2;2.5;1.0;78 - 65;36 - 34;34.0;36.0;57.0;43.0;3.0;3.0;3.0;1.0;;;;;;;;92.0;112.0;65.0;78.0;50.0;50.0;6.0;5.0;6.0;1.0;;[38 48 50];[1 2 2];[False False False];['Fujieda MYFC' 'Fujieda MYFC' 'Fujieda MYFC'];[ 0 -1 -2];[-1 -2 -3];['D' 'A' 'A'];['A' 'A' 'A'];0.42;0.0;0.58;0.84;0.0;0.16;3132.0;118500.0;jubilo iwata;fujieda myfc;1.8;1.9;
2026-05-16;194584617;Australia Capital Territory U23 League;Australia;02:30;Full;True;0.47029855340104654;1.9;4.0;1.9;4.0;4.0;4.0;;3.0;1.0;4.0;133.0;86.0;;Tigers FC U23;;0.0;0.0;1.444;1;1.0;1 - 1;4.75;Canberra Olympic U23;;0.0;2.0;4.5;0;1.0;-1.25;4 - 4;3-1;4.0;1.75;44 - 42;29 - 16;16.0;29.0;;;3.0;2.0;1.0;3.0;;;;;;;;63.0;70.0;42.0;44.0;;;9.0;5.0;5.0;3.0;;[45 47];[1 2];[False False];['Tigers FC U23' 'Canberra Olympic U23'];[0 1];[1 0];['D' 'H'];['H' 'D'];0.98;0.02;0.0;1.0;0.0;0.0;;;;;;;Youth
2026-05-16;194507840;Australia South Australia Premier League;Australia;02:30;Full;True;0.026619343389529815;1.925;3.5;1.875;3.5;5.0;4.0;;2.0;1.0;3.0;225.0;147.0;100.0;Sturt Lions;;0.0;1.0;2.3;0;0.0;0 - 2;3.75;Croydon FC;;0.0;3.0;2.45;0;2.0;0.0;5 - 4;2-1;3.5;1.5;83 - 64;40 - 32;32.0;40.0;62.0;38.0;2.0;5.0;0.0;2.0;;;;;;;;117.0;108.0;64.0;83.0;55.0;45.0;4.0;7.0;5.0;2.0;;[48 52];[2 2];[False False];['Croydon FC' 'Croydon FC'];[ 0 -1];[-1 -2];['D' 'A'];['A' 'A'];0.53;0.0;0.47;1.0;0.0;0.0;222542.0;90878.0;sturt lions;croydon fc;1.4;1.36;
2026-05-16;194578585;Australia South Australia State League 1;Australia;02:30;Full;True;-0.3221022462174231;1.825;3.0, 3.5;1.975;3.0, 3.5;8.0;5.0;;4.0;2.0;6.0;169.0;103.0;100.0;South Adelaide Panthers;;0.0;1.0;3.6;2;2.0;2 - 0;4.2;Salisbury United;;0.0;2.0;1.667;0;0.0;+0.5;8 - 5;4-2;3.25;1.25;49 - 54;26 - 21;21.0;26.0;44.0;56.0;2.0;0.0;5.0;9.0;;;;;;;;92.0;77.0;54.0;49.0;51.0;49.0;7.0;6.0;11.0;14.0;;[11 34];[1 1];[False False];['South Adelaide Panthers' 'South Adelaide Panthers'];[0 1];[1 2];['D' 'H'];['H' 'H'];0.12;0.88;0.0;0.24;0.76;0.0;;;;;;;
2026-05-16;194708593;Australia NPL Queensland U23;Australia;02:45;Full;True;;;3.5;;3.5;9.0;1.0;;3.0;1.0;4.0;117.0;87.0;;Moreton City Excelsior U23;;0.0;1.0;;2;2.0;2 - 0;;Brisbane Olympic FC U23;;0.0;1.0;;0;0.0;-0.5;9 - 1;3-1;3.5;1.5;65 - 22;28 - 13;13.0;28.0;;;1.0;8.0;0.0;3.0;;;;;;;;78.0;39.0;22.0;65.0;;;2.0;13.0;1.0;7.0;;[ 9 19];[1 1];[False False];['Moreton City Excelsior U23' 'Moreton City Excelsior U23'];[0 1];[1 2];['D' 'H'];['H' 'H'];0.1;0.9;0.0;0.2;0.8;0.0;1098129.0;91928.0;moreton city excelsior fc;olympic fc brisbane;;;Youth
2026-05-16;194716138;Australia Queensland PL U23;Australia;02:45;Full;True;;;3.5;;3.5;3.0;1.0;;2.0;0.0;2.0;208.0;144.0;;Ipswich FC U23;;0.0;3.0;;0;5.0;5 - 0;;Broadbeach United U23;;0.0;3.0;;0;0.0;-1.0;3 - 1;2-0;3.5;1.5;83 - 61;51 - 24;24.0;51.0;;;3.0;4.0;2.0;3.0;;;;;;;;101.0;107.0;61.0;83.0;;;11.0;7.0;4.0;8.0;;[47 48 65 72 89];[2 2 2 2 2];[False False False False False];"['Ipswich FC U23' 'Ipswich FC U23' 'Ipswich FC U23' 'Ipswich FC U23'
 'Ipswich FC U23']";[0 1 2 3 4];[1 2 3 4 5];['D' 'H' 'H' 'H' 'H'];['H' 'H' 'H' 'H' 'H'];0.52;0.48;0.0;1.0;0.0;0.0;;;;;;;Youth
2026-05-16;194583303;Australia NPL Queensland U23;Australia;03:00;Schedule;False;-0.2849211485404816;1.95;3.5, 4.0;1.85;3.5, 4.0;0.0;0.0;;0.0;0.0;0.0;0.0;0.0;;Wynnum Wolves U23;;0.0;0.0;3.4;0;0.0;0 - 0;4.2;Eastern Suburbs U23;;0.0;0.0;1.727;0;0.0;+0.75;0 - 0;0-0;3.75;1.5;-;nan;;;;;;;;;;;;;;;;0.0;0.0;0.0;0.0;;;0.0;0.0;0.0;0.0;;[];[];[];[];[];[];[];[];1.0;0.0;0.0;1.0;0.0;0.0;91134.0;91136.0;wynnum wolves fc;eastern suburbs fc;;;Youth
2026-05-16;194585374;Japan Regional League;Japan;03:00;Full;True;0.5507246376811595;1.875;2.5, 3.0;1.925;2.5, 3.0;7.0;1.0;;4.0;0.0;4.0;148.0;92.0;100.0;Velago Ikoma;;0.0;2.0;1.38;0;1.0;1 - 2;4.5;Ococias Kyoto AC;;0.0;1.0;5.75;0;2.0;-1.25;7 - 1;4-0;2.75;1.25;61 - 31;31 - 16;16.0;31.0;46.0;54.0;4.0;3.0;1.0;2.0;;;;;;;;77.0;71.0;31.0;61.0;44.0;56.0;7.0;5.0;4.0;4.0;;[53 65 96];[2 2 2];[False False  True];['Ococias Kyoto AC' 'Ococias Kyoto AC' 'Velago Ikoma'];[ 0 -1 -2];[-1 -2 -1];['D' 'A' 'A'];['A' 'A' 'A'];0.55;0.0;0.45;1.0;0.0;0.0;;;;;;;
2026-05-16;194585005;Australia Northern NSW Premier League Women;Australia;03:00;Full;True;-0.29332450988501946;1.825;4.0;1.975;4.0;2.0;2.0;;1.0;1.0;2.0;193.0;127.0;;Charlestown Azzurri (W);;0.0;0.0;3.5;1;2.0;2 - 2;4.0;Adamstown Rosebud (W);;0.0;1.0;1.727;1;2.0;0.0;2 - 2;1-1;4.0;1.75;56 - 71;31 - 34;34.0;31.0;;;2.0;4.0;2.0;3.0;;;;;;;;104.0;89.0;71.0;56.0;;;6.0;6.0;7.0;4.0;;[19 20 64 72];[1 1 2 2];[False False False False];"['Charlestown Azzurri (W)' 'Adamstown Rosebud (W)'
 'Charlestown Azzurri (W)' 'Adamstown Rosebud (W)']";[0 1 0 1];[1 0 1 0];['D' 'H' 'D' 'H'];['H' 'D' 'H' 'D'];0.9;0.1;0.0;0.98;0.02;0.0;;;;;;;Women
2026-05-16;194583315;Australia Queensland PL U23;Australia;03:00;Schedule;False;0.8748832866479925;1.95;4.5;1.85;4.5;0.0;0.0;;0.0;0.0;0.0;0.0;0.0;;Sunshine Coast Wanderers U23;;0.0;0.0;1.071;0;0.0;0 - 0;11.0;St George Willawong U23;;0.0;0.0;17.0;0;0.0;-3.25;0 - 0;0-0;4.5;2.0;-;nan;;;;;;;;;;;;;;;;0.0;0.0;0.0;0.0;;;0.0;0.0;0.0;0.0;;[];[];[];[];[];[];[];[];1.0;0.0;0.0;1.0;0.0;0.0;;;;;;;Youth
2026-05-16;194578643;Australia NPL Victoria U23;Australia;03:00;Full;True;-0.11904761904761907;1.95;4.0;1.85;4.0;4.0;4.0;;1.0;1.0;2.0;248.0;121.0;;Altona Magic U23;;0.0;4.0;2.625;1;1.0;1 - 0;4.2;Preston Lions U23;;0.0;2.0;2.0;0;0.0;+0.5;4 - 4;1-1;3.5;1.5;57 - 64;30 - 32;32.0;30.0;;;1.0;3.0;0.0;3.0;;;;;;;;128.0;120.0;64.0;57.0;;;4.0;6.0;1.0;7.0;;[27];[1];[False];['Altona Magic U23'];[0];[1];['D'];['H'];0.3;0.7;0.0;0.6;0.4;0.0;151492.0;364598.0;altona magic sc;preston lions fc;;;Youth
2026-05-16;194586044;New Zealand Northern League;New Zealand;03:00;Schedule;False;-0.1905011349746813;1.85;2.5, 3.0;1.95;2.5, 3.0;2.0;6.0;;1.0;4.0;5.0;74.0;55.0;100.0;East Coast Bays;;0.0;0.0;3.0;0;1.0;1 - 0;3.7;Eastern Suburbs Auckland;;0.0;2.0;1.909;0;0.0;+0.5 (+0.25);2 - 6;1-4;2.75 (1.75);1.25;18 - 37;12 - 24;24.0;12.0;42.0;58.0;3.0;1.0;0.0;0.0;;;;;;;;38.0;36.0;37.0;18.0;46.0;54.0;4.0;1.0;0.0;2.0;;[69];[2];[False];['East Coast Bays'];[0];[1];['D'];['H'];0.77;0.23;0.0;1.0;0.0;0.0;;;;;;;
2026-05-16;194583292;Australia NPL Queensland U23;Australia;03:00;Full;True;-0.3691950464396285;1.8;3.5;2.0;3.5;4.0;10.0;;1.0;7.0;8.0;153.0;121.0;;Peninsula Power U23;;0.0;3.0;4.0;0;2.0;2 - 5;4.0;Gold Coast Knights U23;;1.0;1.0;1.615;5;5.0;+0.75;4 - 10;1-7;3.5;1.5;61 - 60;28 - 34;34.0;28.0;;;0.0;2.0;12.0;4.0;;;;;;;;76.0;77.0;60.0;61.0;;;0.0;4.0;15.0;9.0;;[ 3 22 27 40 46 48 65];[1 1 1 1 1 2 2];[False False False False  True False False];"['Gold Coast Knights U23' 'Gold Coast Knights U23'
 'Gold Coast Knights U23' 'Gold Coast Knights U23'
 'Gold Coast Knights U23' 'Peninsula Power U23' 'Peninsula Power U23']";[ 0 -1 -2 -3 -4 -5 -4];[-1 -2 -3 -4 -5 -4 -3];['D' 'A' 'A' 'A' 'A' 'A' 'A'];['A' 'A' 'A' 'A' 'A' 'A' 'A'];0.03;0.0;0.97;0.07;0.0;0.93;91144.0;771086.0;peninsula power fc;gold coast knights fc;;;Youth
2026-05-16;194678207;Australia NPL Queensland U23;Australia;03:00;Schedule;False;0.8827960562756175;1.95;4.5;1.85;4.5;0.0;0.0;;0.0;0.0;0.0;0.0;0.0;;Rochedale Rovers U23;;0.0;0.0;1.062;0;0.0;0 - 0;11.0;Magic United U23;;0.0;0.0;17.0;0;0.0;-3.5;0 - 0;0-0;4.5;2.0;-;nan;;;;;;;;;;;;;;;;0.0;0.0;0.0;0.0;;;0.0;0.0;0.0;0.0;;[];[];[];[];[];[];[];[];1.0;0.0;0.0;1.0;0.0;0.0;91146.0;781806.0;rochedale rovers;magic united tfa;;;Youth
2026-05-16;194585141;Australia NPL Queensland Women;Australia;03:15;Schedule;False;-0.707219494453537;1.825;3.0;1.975;3.0;0.0;0.0;;0.0;0.0;0.0;0.0;0.0;;Gold Coast United (W);;0.0;0.0;9.0;0;0.0;0 - 0;5.25;Brisbane City (W);;0.0;0.0;1.222;0;0.0;+1.75;0 - 0;0-0;3.0;1.25;-;nan;;;;;;;;;;;;;;;;0.0;0.0;0.0;0.0;;;0.0;0.0;0.0;0.0;;[];[];[];[];[];[];[];[];1.0;0.0;0.0;1.0;0.0;0.0;35845.0;91920.0;gold coast united fc;brisbane city fc;;;Women
2026-05-16;194578645;Australia NPL Victoria U23;Australia;03:15;Full;True;-0.3489247761693583;1.875;3.5;1.925;3.5;4.0;2.0;;2.0;0.0;2.0;0.0;0.0;;Hume City U23;;0.0;0.0;3.7;1;2.0;2 - 2;4.5;Avondale U23;;0.0;2.0;1.615;0;2.0;+0.75;4 - 2;2-0;3.25;1.25;-;-;0.0;0.0;;;0.0;0.0;0.0;1.0;;;;;;;;0.0;0.0;0.0;0.0;;;0.0;0.0;2.0;2.0;;[12 51 55 88];[1 2 2 2];[False False False False];['Hume City U23' 'Avondale U23' 'Avondale U23' 'Hume City U23'];[ 0  1  0 -1];[ 1  0 -1  0];['D' 'H' 'D' 'A'];['H' 'D' 'A' 'D'];0.2;0.43;0.37;0.27;0.73;0.0;92927.0;189013.0;hume city;avondale fc;;;Youth
2026-05-16;194585837;Australia Cup Qualifying;Australia;03:15;Schedule;False;0.5324675324675325;1.9;3.0;1.9;3.0;0.0;0.0;;0.0;0.0;0.0;0.0;0.0;;Devonport City;;0.0;0.0;1.4;0;0.0;0 - 0;4.5;Glenorchy Knights FC;;0.0;0.0;5.5;0;0.0;-1.5;0 - 0;0-0;3.0;1.25;-;nan;;;;;;;;;;;;;;;;0.0;0.0;0.0;0.0;;;0.0;0.0;0.0;0.0;;[];[];[];[];[];[];[];[];1.0;0.0;0.0;1.0;0.0;0.0;;;;;;;
2026-05-16;194578816;Australia A-League Women;Australia;03:15;Full;True;0.26276276276276267;1.975;2.5, 3.0;1.825;2.5, 3.0;4.0;6.0;;3.0;2.0;5.0;172.0;80.0;100.0;Melbourne City (W);;0.0;0.0;1.85;2;3.0;3 - 1;3.3;Wellington Phoenix (W);;0.0;1.0;3.6;0;1.0;-0.5;4 - 6;3-2;2.5;1.0;45 - 35;28 - 12;12.0;28.0;39.0;61.0;4.0;6.0;1.0;4.0;;;;;;;;99.0;73.0;35.0;45.0;50.0;50.0;20.0;7.0;5.0;6.0;;[41 43 49 52];[1 1 2 2];[False False False False];"['Melbourne City (W)' 'Melbourne City (W)' 'Melbourne City (W)'
 'Wellington Phoenix (W)']";[0 1 2 3];[1 2 3 2];['D' 'H' 'H' 'H'];['H' 'H' 'H' 'H'];0.46;0.54;0.0;0.91;0.09;0.0;227542.0;841742.0;melbourne city fc;wellington phoenix;1.66;1.72;Women
2026-05-16;194564858;Australia New South Wales League 1;Australia;03:30;Full;True;0.0735930735930736;1.875;2.5, 3.0;1.925;2.5, 3.0;6.0;8.0;;3.0;6.0;9.0;177.0;95.0;;Macarthur Rams;;0.0;2.0;2.2;0;0.0;0 - 2;3.6;Canterbury Bankstown FC;;0.0;4.0;2.625;1;2.0;-0.25;6 - 8;3-6;2.75;1.25;56 - 39;28 - 21;21.0;28.0;;;1.0;1.0;4.0;0.0;;;;;;;;75.0;102.0;39.0;56.0;;;2.0;3.0;8.0;2.0;;[49 82];[1 2];[ True False];['Canterbury Bankstown FC' 'Canterbury Bankstown FC'];[ 0 -1];[-1 -2];['D' 'A'];['A' 'A'];0.54;0.0;0.46;1.0;0.0;0.0;;;;;;;
2026-05-16;194564855;Australia New South Wales League 1;Australia;03:30;Full;True;0.29332450988501946;1.875;3.0, 3.5;1.925;3.0, 3.5;12.0;5.0;;3.0;4.0;7.0;139.0;131.0;;Hakoah Sydney City East;;0.0;6.0;1.727;0;1.0;1 - 3;4.0;Inter Lions;;0.0;4.0;3.5;1;3.0;-0.5;12 - 5;3-4;3.25;1.25;77 - 54;28 - 31;31.0;28.0;;;2.0;2.0;3.0;0.0;;;;;;;;68.0;71.0;54.0;77.0;;;4.0;5.0;5.0;3.0;;[39 51 63 78];[1 2 2 2];[False False False False];['Inter Lions' 'Inter Lions' 'Hakoah Sydney City East' 'Inter Lions'];[ 0 -1 -2 -1];[-1 -2 -1 -2];['D' 'A' 'A' 'A'];['A' 'A' 'A' 'A'];0.43;0.0;0.57;0.87;0.0;0.13;;;;;;;
2026-05-16;194564853;Australia New South Wales League 1;Australia;03:30;Full;True;0.6624015748031495;1.95;3.0, 3.5;1.85;3.0, 3.5;11.0;1.0;;7.0;0.0;7.0;198.0;49.0;;Northern Tigers;;0.0;0.0;1.27;0;1.0;1 - 1;5.0;Western City Rangers;;0.0;1.0;8.0;0;1.0;-1.5;11 - 1;7-0;3.25;1.25;38 - 11;23 - 4;4.0;23.0;;;0.0;6.0;3.0;6.0;;;;;;;;65.0;133.0;11.0;38.0;;;0.0;8.0;6.0;12.0;;[53 63];[2 2];[False False];['Northern Tigers' 'Western City Rangers'];[0 1];[1 0];['D' 'H'];['H' 'D'];0.89;0.11;0.0;1.0;0.0;0.0;;;;;;;
2026-05-16;194578630;Australia New South Wales U20 League;Australia;03:30;Full;True;-0.3141657382809152;1.925;4.0;1.875;4.0;3.0;10.0;;2.0;6.0;8.0;193.0;102.0;;St George Saints U20;;0.0;0.0;3.5;0;1.0;1 - 3;4.333;Sydney United 58 U20;;0.0;1.0;1.667;1;3.0;+0.75;3 - 10;2-6;4.0;1.75;38 - 64;23 - 31;31.0;23.0;;;9.0;3.0;4.0;2.0;;;;;;;;110.0;83.0;64.0;38.0;;;16.0;6.0;10.0;5.0;;[31 74 85 91];[1 2 2 2];[False False False  True];"['Sydney United 58 U20' 'Sydney United 58 U20' 'Sydney United 58 U20'
 'St George Saints U20']";[ 0 -1 -2 -3];[-1 -2 -3 -2];['D' 'A' 'A' 'A'];['A' 'A' 'A' 'A'];0.34;0.0;0.66;0.69;0.0;0.31;138216.0;2939.0;st george saints fc;sydney united 58 fc;;;Youth
2026-05-16;194586046;New Zealand Northern League;New Zealand;03:30;Full;True;-0.56836936506854;1.95;3.5, 4.0;1.85;3.5, 4.0;5.0;11.0;;1.0;1.0;2.0;201.0;163.0;100.0;Fencibles United;;0.0;1.0;5.5;0;0.0;0 - 1;5.25;Birkenhead United;;0.0;2.0;1.333;0;1.0;+1.25;5 - 11;1-1;3.5;1.5;61 - 102;24 - 47;47.0;24.0;51.0;49.0;6.0;1.0;1.0;1.0;;;;;;;;99.0;102.0;102.0;61.0;51.0;49.0;10.0;1.0;2.0;3.0;;[94];[2];[ True];['Birkenhead United'];[0];[-1];['D'];['A'];1.0;0.0;0.0;1.0;0.0;0.0;;;;;;;
2026-05-16;194580249;Australia Capital Territory Premier League;Australia;03:30;Full;True;-0.5762745034084609;1.8;3.5, 4.0;2.0;3.5, 4.0;1.0;10.0;;1.0;6.0;7.0;195.0;88.0;100.0;Belconnen United;;0.0;1.0;5.75;0;1.0;1 - 3;5.5;Monaro Panthers;;0.0;0.0;1.333;1;3.0;+1.5;1 - 10;1-6;3.75;1.5;27 - 61;18 - 31;31.0;18.0;57.0;43.0;7.0;4.0;1.0;2.0;;;;;;;;115.0;80.0;61.0;27.0;55.0;45.0;10.0;4.0;5.0;3.0;;[44 62 75 90];[1 2 2 2];[False False False False];['Monaro Panthers' 'Belconnen United' 'Monaro Panthers' 'Monaro Panthers'];[ 0 -1  0 -1];[-1  0 -1 -2];['D' 'A' 'D' 'A'];['A' 'D' 'A' 'A'];0.63;0.0;0.37;0.98;0.0;0.02;;;;;;;
2026-05-16;194598947;China U20 League;China;04:00;Full;True;0.7979675617470894;1.9;4.0;1.9;4.0;3.0;6.0;;1.0;1.0;2.0;86.0;58.0;100.0;Yunnan Yukun U20;;0.0;2.0;1.143;0;0.0;0 - 0;8.0;Qingdao West Coast U20;;1.0;1.0;13.0;0;0.0;-2.5;3 - 6;1-1;4.0;1.75;30 - 28;16 - 13;13.0;16.0;47.0;53.0;3.0;0.0;0.0;1.0;;;;;;;;34.0;52.0;28.0;30.0;45.0;55.0;4.0;2.0;1.0;2.0;;[];[];[];[];[];[];[];[];1.0;0.0;0.0;1.0;0.0;0.0;1009011.0;754363.0;yunnan yukun;qingdao west coast fc;;;Youth
2026-05-16;194508255;Australia Western Australia Premier League;Australia;04:00;Full;True;-0.10797342192691028;1.85;3.0, 3.5;1.95;3.0, 3.5;7.0;3.0;;5.0;2.0;7.0;167.0;110.0;100.0;Western Knights;;0.0;2.0;2.8;1;2.0;2 - 1;3.5;Stirling Macedonia;;0.0;2.0;2.15;1;1.0;0.0;7 - 3;5-2;3.25;1.25;62 - 48;31 - 20;20.0;31.0;54.0;46.0;0.0;6.0;1.0;1.0;;;;;;;;95.0;72.0;48.0;62.0;57.0;43.0;3.0;10.0;4.0;3.0;;[21 33 52];[1 1 2];[False False False];['Stirling Macedonia' 'Western Knights' 'Western Knights'];[ 0 -1  0];[-1  0  1];['D' 'A' 'D'];['A' 'D' 'H'];0.44;0.42;0.13;0.73;0.0;0.27;1237383.0;92034.0;western knights sc;stirling macedonia fc;1.4;1.4;
2026-05-16;194564999;Australia New South Wales League 2;Australia;04:00;Full;True;0.22297309188180842;1.9;3.5;1.9;3.5;3.0;2.0;;1.0;2.0;3.0;195.0;173.0;;Bankstown United FC;;0.0;2.0;1.833;1;1.0;1 - 3;4.0;Hawkesbury City SC;;0.0;0.0;3.1;2;3.0;-1.0;3 - 2;1-2;3.75;1.5;100 - 73;46 - 44;44.0;46.0;;;1.0;1.0;4.0;4.0;;;;;;;;105.0;90.0;73.0;100.0;;;3.0;2.0;7.0;5.0;;[14 23 26 53];[1 1 1 2];[False False False False];"['Bankstown United FC' 'Hawkesbury City SC' 'Hawkesbury City SC'
 'Hawkesbury City SC']";[ 0  1  0 -1];[ 1  0 -1 -2];['D' 'H' 'D' 'A'];['H' 'D' 'A' 'A'];0.19;0.1;0.71;0.38;0.2;0.42;;;;;;;
2026-05-16;194564997;Australia New South Wales League 2;Australia;04:00;Full;True;0.39844199933315155;1.95;3.0, 3.5;1.85;3.0, 3.5;6.0;6.0;;4.0;4.0;8.0;123.0;96.0;;Parramatta FC;;0.0;0.0;1.571;2;5.0;5 - 0;4.2;Camden Tigers SC;;0.0;1.0;4.2;0;0.0;-1.0;6 - 6;4-4;3.75;1.5;50 - 46;24 - 11;11.0;24.0;;;0.0;0.0;1.0;5.0;;;;;;;;68.0;55.0;46.0;50.0;;;0.0;0.0;2.0;11.0;;[27 37 48 57 80];[1 1 2 2 2];[False False False False False];"['Parramatta FC' 'Parramatta FC' 'Parramatta FC' 'Parramatta FC'
 'Parramatta FC']";[0 1 2 3 4];[1 2 3 4 5];['D' 'H' 'H' 'H' 'H'];['H' 'H' 'H' 'H' 'H'];0.3;0.7;0.0;0.6;0.4;0.0;;;;;;;
2026-05-16;194564860;Australia New South Wales League 1;Australia;04:00;Full;True;-0.23786142935079102;1.975;3.0;1.825;3.0;3.0;8.0;;2.0;4.0;6.0;149.0;164.0;;Dulwich Hill;;0.0;4.0;3.25;1;2.0;2 - 1;3.8;Rydalmere Lions FC;;0.0;4.0;1.833;0;1.0;+0.25;3 - 8;2-4;3.0;1.25;81 - 83;45 - 31;31.0;45.0;;;3.0;0.0;0.0;2.0;;;;;;;;76.0;73.0;83.0;81.0;;;4.0;0.0;3.0;6.0;;[45 57 87];[1 2 2];[False False False];['Dulwich Hill' 'Rydalmere Lions FC' 'Dulwich Hill'];[0 1 0];[1 0 1];['D' 'H' 'D'];['H' 'D' 'H'];0.83;0.17;0.0;1.0;0.0;0.0;;;;;;;
2026-05-16;194508250;Australia Western Australia Premier League;Australia;04:00;Full;True;-0.2012538231467243;1.825;3.0, 3.5;1.975;3.0, 3.5;2.0;8.0;;1.0;6.0;7.0;0.0;0.0;;Sorrento;;0.0;1.0;3.1;0;1.0;1 - 2;3.75;Perth SC;;0.0;3.0;1.909;1;2.0;+0.75;2 - 8;1-6;3.25;1.25;-;-;0.0;0.0;;;0.0;0.0;1.0;0.0;;;;;;;;0.0;0.0;0.0;0.0;;;0.0;0.0;2.0;1.0;;[15 69 94];[1 2 2];[False False  True];['Perth SC' 'Sorrento' 'Perth SC'];[ 0 -1  0];[-1  0 -1];['D' 'A' 'D'];['A' 'D' 'A'];0.43;0.0;0.57;0.33;0.0;0.67;7937.0;92030.0;asd sorrento 1945;perth azzurri;1.44;1.44;
2026-05-16;194507422;Australia New South Wales Premier League;Australia;04:00;Full;True;0.016666666666666663;1.9;2.5, 3.0;1.9;2.5, 3.0;6.0;3.0;;4.0;1.0;5.0;91.0;100.0;100.0;SD Raiders;;0.0;2.0;2.4;1;2.0;2 - 2;3.4;Sutherland Sharks;;0.0;1.0;2.5;1;2.0;0.0;6 - 3;4-1;2.75;1.0;58 - 42;27 - 21;21.0;27.0;43.0;57.0;6.0;3.0;2.0;5.0;;;;;;;;43.0;48.0;42.0;58.0;44.0;56.0;11.0;7.0;4.0;9.0;;[ 3 10 72 81];[1 1 2 2];[False False False False];['SD Raiders' 'Sutherland Sharks' 'Sutherland Sharks' 'SD Raiders'];[ 0  1  0 -1];[ 1  0 -1  0];['D' 'H' 'D' 'A'];['H' 'D' 'A' 'D'];0.82;0.08;0.1;0.84;0.16;0.0;316737.0;92214.0;sd raiders fc;sutherland sharks;1.61;1.61;
2026-05-16;193381843;Japan J-League;Japan;04:00;Full;True;-0.05217391304347829;1.825;2.0, 2.5;1.975;2.0, 2.5;5.0;7.0;;0.0;1.0;1.0;206.0;78.0;100.0;Urawa Red Diamonds;;0.0;0.0;2.875;0;0.0;0 - 0;3.2;FC Tokyo;;0.0;0.0;2.5;0;0.0;+0.25;5 - 7;0-1;2.25;1.0;38 - 40;17 - 22;22.0;17.0;48.0;52.0;5.0;2.0;1.0;1.0;;;;;;;;105.0;101.0;40.0;38.0;45.0;55.0;13.0;6.0;7.0;4.0;;[];[];[];[];[];[];[];[];1.0;0.0;0.0;1.0;0.0;0.0;3145.0;3147.0;urawa red diamonds;fc tokyo;1.8;1.9;
2026-05-16;194565154;Australia Queensland Premier League;Australia;04:00;Full;True;0.4444444444444444;1.9;3.5;1.9;3.5;10.0;2.0;;6.0;1.0;7.0;190.0;117.0;100.0;Brisbane Strikers;2.0;0.0;4.0;1.5;1;3.0;3 - 2;4.5;Holland Park Hawks;5.0;0.0;0.0;4.5;0;2.0;-1.0;10 - 2;6-1;3.5;1.5;75 - 42;43 - 22;22.0;43.0;39.0;61.0;0.0;2.0;0.0;5.0;;;;;;;;93.0;97.0;42.0;75.0;42.0;58.0;3.0;8.0;7.0;12.0;;[ 2 51 73 84 85];[1 2 2 2 2];[False False False False False];"['Brisbane Strikers' 'Holland Park Hawks' 'Brisbane Strikers'
 'Brisbane Strikers' 'Holland Park Hawks']";[0 1 0 1 2];[1 0 1 2 1];['D' 'H' 'D' 'H' 'H'];['H' 'D' 'H' 'H' 'H'];0.27;0.73;0.0;0.04;0.96;0.0;;;;;;;
2026-05-16;194508246;Australia Western Australia Premier League;Australia;04:00;Schedule;False;0.5303123086344153;1.9;3.0, 3.5;1.9;3.0, 3.5;0.0;0.0;;0.0;0.0;0.0;0.0;0.0;;Olympic Kingsway;;0.0;0.0;1.42;0;0.0;0 - 0;4.2;Fremantle City FC;;0.0;0.0;5.75;0;0.0;-1.25;0 - 0;0-0;3.25;1.25;-;nan;;;;;;;;;;;;;;;;0.0;0.0;0.0;0.0;;;0.0;0.0;0.0;0.0;;[];[];[];[];[];[];[];[];1.0;0.0;0.0;1.0;0.0;0.0;319213.0;319209.0;olympic kingsway sc;fremantle city;;;
2026-05-16;194586007;South Korea K4 League;South Korea;04:00;Full;True;0.5476190476190477;1.825;2.5, 3.0;1.975;2.5, 3.0;1.0;1.0;;1.0;1.0;2.0;55.0;99.0;100.0;Jinju Citizen FC;;0.0;0.0;1.4;3;4.0;4 - 0;4.2;Pyeongchang United;;0.0;2.0;6.0;0;0.0;-1.0;1 - 1;1-1;2.75;1.0;57 - 42;30 - 16;16.0;30.0;43.0;57.0;0.0;0.0;0.0;4.0;;;;;;;;30.0;25.0;42.0;57.0;52.0;48.0;0.0;0.0;0.0;6.0;;[10 15 35 89];[1 1 1 2];[False False False False];"['Jinju Citizen FC' 'Jinju Citizen FC' 'Jinju Citizen FC'
 'Jinju Citizen FC']";[0 1 2 3];[1 2 3 4];['D' 'H' 'H' 'H'];['H' 'H' 'H' 'H'];0.11;0.89;0.0;0.22;0.78;0.0;;;;;;;
2026-05-16;194585518;Hong Kong Premier League;Hong Kong;04:00;Full;True;0.6153846153846153;1.95;3.5, 4.0;1.85;3.5, 4.0;12.0;3.0;;7.0;2.0;9.0;158.0;131.0;100.0;Kowloon City;;0.0;2.0;1.3;0;1.0;1 - 1;5.0;Hong Kong FC;;0.0;2.0;6.5;1;1.0;-1.5;12 - 3;7-2;3.75;1.5;85 - 46;30 - 17;17.0;30.0;35.0;65.0;1.0;3.0;2.0;1.0;;;;;;;;72.0;86.0;46.0;85.0;37.0;63.0;3.0;10.0;4.0;5.0;;[ 9 58];[1 2];[False False];['Hong Kong FC' 'Kowloon City'];[ 0 -1];[-1  0];['D' 'A'];['A' 'D'];0.46;0.0;0.54;0.2;0.0;0.8;;;;;;;
2026-05-16;194508248;Australia Western Australia Premier League;Australia;04:00;Full;True;0.45614035087719296;1.825;3.5;1.975;3.5;1.0;5.0;;0.0;1.0;1.0;215.0;115.0;100.0;Perth RedStar FC;;0.0;3.0;1.5;1;1.0;1 - 0;4.2;Armadale;;0.0;2.0;4.75;0;0.0;-1.0;1 - 5;0-1;3.5;1.5;39 - 76;15 - 38;38.0;15.0;56.0;44.0;3.0;0.0;0.0;1.0;;;;;;;;131.0;84.0;76.0;39.0;64.0;36.0;6.0;2.0;1.0;3.0;;[15];[1];[False];['Perth RedStar FC'];[0];[1];['D'];['H'];0.17;0.83;0.0;0.33;0.67;0.0;1237385.0;1237379.0;perth redstar fc;armadale sc;;;
2026-05-16;194507418;Australia New South Wales Premier League;Australia;04:00;Full;True;-0.10147991543340379;1.825;2.5;1.975;2.5;6.0;3.0;;4.0;3.0;7.0;154.0;152.0;100.0;Manly Utd;;0.0;2.0;2.75;0;0.0;0 - 1;3.4;Wollongong Wolves;;0.0;2.0;2.15;1;1.0;+0.25;6 - 3;4-3;2.5;1.0;94 - 58;44 - 28;28.0;44.0;49.0;51.0;0.0;3.0;4.0;4.0;;;;;;;;73.0;81.0;58.0;94.0;45.0;55.0;1.0;9.0;4.0;9.0;;[18];[1];[False];['Wollongong Wolves'];[0];[-1];['D'];['A'];0.2;0.0;0.8;0.4;0.0;0.6;92208.0;2940.0;manly united fc;wollongong wolves fc;1.66;1.66;
2026-05-16;194565455;Australia Queensland Premier League 2;Australia;04:00;Schedule;False;-0.13636363636363635;1.975;3.5, 4.0;1.825;3.5, 4.0;0.0;0.0;;0.0;0.0;0.0;0.0;0.0;;Caloundra;5.0;0.0;0.0;2.75;0;0.0;0 - 0;4.0;Grange Thistle;2.0;0.0;0.0;2.0;0;0.0;+0.25;0 - 0;0-0;3.75;1.5;-;nan;;;;;;;;;;;;;;;;0.0;0.0;0.0;0.0;;;0.0;0.0;0.0;0.0;;[];[];[];[];[];[];[];[];1.0;0.0;0.0;1.0;0.0;0.0;;;;;;;
2026-05-16;194092240;Japan J2/J3 Centennial League;Japan;04:00;Full;True;0.15261627906976744;1.9;2.0, 2.5;1.9;2.0, 2.5;4.0;7.0;;4.0;3.0;7.0;120.0;57.0;100.0;Ventforet Kofu;;0.0;0.0;2.15;1;2.0;2 - 2;3.0;FC Gifu;;0.0;1.0;3.2;1;2.0;-0.25;4 - 7;4-3;2.25;1.0;25 - 32;16 - 13;13.0;16.0;42.0;58.0;1.0;3.0;3.0;3.0;;;;;;;;57.0;63.0;32.0;25.0;48.0;52.0;8.0;5.0;6.0;4.0;;[26 38 56 78];[1 1 2 2];[False False False False];['Ventforet Kofu' 'FC Gifu' 'Ventforet Kofu' 'FC Gifu'];[0 1 0 1];[1 0 1 0];['D' 'H' 'D' 'H'];['H' 'D' 'H' 'D'];0.62;0.38;0.0;0.73;0.27;0.0;5762.0;21900.0;ventforet kofu;fc gifu;1.83;1.9;
2026-05-16;194578637;Australia New South Wales U20 League;Australia;04:00;Full;True;-0.5513196480938416;1.85;3.5;1.95;3.5;4.0;14.0;;1.0;4.0;5.0;121.0;123.0;;St George City FA U20;;1.0;1.0;5.5;0;0.0;0 - 3;5.0;Apia L Tigers U20;;0.0;1.0;1.364;1;3.0;+1.25;4 - 14;1-4;3.5;1.5;34 - 89;17 - 42;42.0;17.0;;;3.0;2.0;2.0;0.0;;;;;;;;63.0;58.0;89.0;34.0;;;6.0;3.0;5.0;0.0;;[34 71 77];[1 2 2];[False False False];['Apia L Tigers U20' 'Apia L Tigers U20' 'Apia L Tigers U20'];[ 0 -1 -2];[-1 -2 -3];['D' 'A' 'A'];['A' 'A' 'A'];0.38;0.0;0.62;0.76;0.0;0.24;323705.0;64145.0;st george city fa;apia leichhardt tigers;;;Youth
2026-05-16;194582946;Australia Western Australia U23 League;Australia;04:00;Schedule;False;0.17900688210111804;1.975;4.0;1.825;4.0;0.0;1.0;;0.0;1.0;1.0;9.0;5.0;;Dianella White Eagles U23;;0.0;0.0;1.909;0;0.0;0 - 1;4.0;Balcatta U23;;0.0;0.0;2.9;1;1.0;-0.5 ( -0.5);0 - 1;0-1;4.0 ( 4.5);1.5 (2.25);2 - 3;nan;;;;;;;;;;;;;;;;5.0;4.0;3.0;2.0;;;0.0;0.0;2.0;1.0;;[2];[1];[False];['Balcatta U23'];[0];[-1];['D'];['A'];0.02;0.0;0.98;0.04;0.0;0.96;1329658.0;1237369.0;dianella white eagles sc u23;balcatta etna fc;;;Youth
2026-05-16;193268702;Australia NPL Victoria;Australia;04:00;Full;True;0.016666666666666663;1.95;2.5, 3.0;1.85;2.5, 3.0;3.0;12.0;;1.0;3.0;4.0;65.0;80.0;;Dandenong Thunder;;0.0;1.0;2.4;0;2.0;2 - 2;3.25;St Albans Saints;;0.0;1.0;2.5;1;2.0;0.0;3 - 12;1-3;2.5;1.0;26 - 54;3 - 14;14.0;3.0;;;1.0;0.0;1.0;0.0;;;;;;;;33.0;32.0;54.0;26.0;;;2.0;3.0;4.0;3.0;;[13 53 55 90];[1 2 2 2];[False False False False];"['St Albans Saints' 'Dandenong Thunder' 'Dandenong Thunder'
 'St Albans Saints']";[ 0 -1  0  1];[-1  0  1  0];['D' 'A' 'D' 'H'];['A' 'D' 'H' 'D'];0.17;0.39;0.44;0.29;0.0;0.71;92923.0;163430.0;dandenong thunder;st albans saints dinamo sc;1.53;1.61;
2026-05-16;194578639;Australia New South Wales U20 League;Australia;04:00;Schedule;False;0.14285714285714285;1.825;3.5, 4.0;1.975;3.5, 4.0;0.0;0.0;;0.0;0.0;0.0;0.0;0.0;;Western Sydney Wanderers U20;;0.0;0.0;2.0;0;0.0;0 - 0;3.9;Blacktown City U20;;0.0;0.0;2.8;0;0.0;-0.25;0 - 0;0-0;3.75;1.5;-;nan;;;;;;;;;;;;;;;;0.0;0.0;0.0;0.0;;;0.0;0.0;0.0;0.0;;[];[];[];[];[];[];[];[];1.0;0.0;0.0;1.0;0.0;0.0;72926.0;92204.0;western sydney wanderers;blacktown city fc;;;Youth
2026-05-16;194583527;Australia Victoria Premier League 1;Australia;04:00;Full;True;0.2760084925690021;1.975;3.5, 4.0;1.825;3.5, 4.0;11.0;1.0;;6.0;0.0;6.0;128.0;94.0;;North Geelong;;1.0;3.0;1.727;2;2.0;2 - 4;4.333;Langwarrin;;1.0;3.0;3.3;3;4.0;-0.75;11 - 1;6-0;3.75;1.5;69 - 25;29 - 9;9.0;29.0;;;1.0;4.0;4.0;4.0;;;;;;;;53.0;75.0;25.0;69.0;;;2.0;7.0;6.0;9.0;;[ 7 12 14 18 23 90];[1 1 1 1 1 2];[False False False False False False];"['Langwarrin' 'North Geelong' 'Langwarrin' 'North Geelong' 'Langwarrin'
 'Langwarrin']";[ 0 -1  0 -1  0 -1];[-1  0 -1  0 -1 -2];['D' 'A' 'D' 'A' 'D' 'A'];['A' 'D' 'A' 'D' 'A' 'A'];0.16;0.0;0.84;0.31;0.0;0.69;;;;;;;
2026-05-16;194583319;Australia NPL Queensland Women;Australia;04:00;Schedule;False;0.8474584300535317;2.0;3.0, 3.5;1.8;3.0, 3.5;0.0;0.0;;0.0;0.0;0.0;0.0;0.0;;Gold Coast Knights (W);;0.0;0.0;1.111;0;0.0;0 - 0;7.5;Sunshine Coast Wanderers (W);;0.0;0.0;19.0;0;0.0;-3.0;0 - 0;0-0;4.0;1.75;-;nan;;;;;;;;;;;;;;;;0.0;0.0;0.0;0.0;;;0.0;0.0;0.0;0.0;;[];[];[];[];[];[];[];[];1.0;0.0;0.0;1.0;0.0;0.0;391734.0;;gold coast knights;;;;Women
2026-05-16;194582948;Australia Western Australia Premier League;Australia;04:00;Full;True;-0.4229390681003584;1.8;3.0;2.0;3.0;3.0;2.0;;2.0;0.0;2.0;184.0;132.0;100.0;Fremantle City FC;;1.0;1.0;4.5;1;2.0;2 - 2;3.9;Olympic Kingsway;;0.0;1.0;1.55;2;2.0;+1.0;3 - 2;2-0;3.25;1.25;73 - 59;38 - 30;30.0;38.0;43.0;57.0;3.0;5.0;5.0;3.0;;;;;;;;93.0;91.0;59.0;73.0;49.0;51.0;5.0;9.0;5.0;6.0;;[ 6 23 30 92];[1 1 1 2];[False False False  True];"['Olympic Kingsway' 'Fremantle City FC' 'Olympic Kingsway'
 'Fremantle City FC']";[ 0 -1  0 -1];[-1  0 -1  0];['D' 'A' 'D' 'A'];['A' 'D' 'A' 'D'];0.14;0.0;0.86;0.29;0.0;0.71;319209.0;319213.0;fremantle city;olympic kingsway sc;1.53;1.53;
2026-05-16;194566417;Australia Western Australia State League 1;Australia;04:00;Full;True;-0.38653723742838964;1.95;3.0;1.85;3.0;3.0;8.0;;2.0;5.0;7.0;208.0;134.0;;Cockburn City;10.0;0.0;3.0;4.0;2;3.0;3 - 1;4.333;Joondalup City;5.0;0.0;2.0;1.571;1;1.0;+1.0;3 - 8;2-5;3.0;1.25;60 - 74;25 - 36;36.0;25.0;;;1.0;0.0;6.0;4.0;;;;;;;;114.0;94.0;74.0;60.0;;;8.0;6.0;10.0;9.0;;[ 4 18 25 66];[1 1 1 2];[False False False False];['Cockburn City' 'Joondalup City' 'Cockburn City' 'Cockburn City'];[0 1 0 1];[1 0 1 2];['D' 'H' 'D' 'H'];['H' 'D' 'H' 'H'];0.12;0.88;0.0;0.24;0.76;0.0;;;;;;;
2026-05-16;194566415;Australia Western Australia State League 1;Australia;04:00;Full;True;-0.026619343389529815;1.925;3.5;1.875;3.5;8.0;4.0;;6.0;1.0;7.0;276.0;157.0;;Subiaco AFC;12.0;0.0;4.0;2.45;2;5.0;5 - 1;3.75;Gwelup Croatia SC;4.0;1.0;2.0;2.3;0;1.0;0.0;8 - 4;6-1;3.5;1.5;91 - 66;52 - 26;26.0;52.0;;;0.0;5.0;0.0;4.0;;;;;;;;142.0;134.0;66.0;91.0;;;5.0;11.0;2.0;7.0;;[31 39 54 62 65 94];[1 1 2 2 2 2];[False False False False False  True];"['Subiaco AFC' 'Subiaco AFC' 'Subiaco AFC' 'Gwelup Croatia SC'
 'Subiaco AFC' 'Subiaco AFC']";[0 1 2 3 2 3];[1 2 3 2 3 4];['D' 'H' 'H' 'H' 'H' 'H'];['H' 'H' 'H' 'H' 'H' 'H'];0.33;0.67;0.0;0.69;0.31;0.0;;;;;;;
2026-05-16;194566413;Australia Western Australia State League 1;Australia;04:00;Full;True;-0.05228758169934633;1.975;3.0;1.825;3.0;7.0;2.0;;2.0;1.0;3.0;140.0;83.0;;Inglewood United;8.0;1.0;1.0;2.55;1;1.0;1 - 2;3.6;Quinns FC;7.0;1.0;3.0;2.25;0;2.0;0.0;7 - 2;2-1;2.75;1.25;44 - 39;20 - 18;18.0;20.0;;;1.0;1.0;2.0;1.0;;;;;;;;72.0;68.0;39.0;44.0;;;1.0;3.0;6.0;6.0;;[17 92 94];[1 2 2];[False  True  True];['Inglewood United' 'Quinns FC' 'Quinns FC'];[0 1 0];[ 1  0 -1];['D' 'H' 'D'];['H' 'D' 'A'];0.2;0.8;0.0;0.38;0.62;0.0;;;;;;;
2026-05-16;194566419;Australia Western Australia State League 1;Australia;04:00;Schedule;False;-0.375;2.0;3.5;1.8;3.5;0.0;0.0;;0.0;0.0;0.0;0.0;0.0;;Mandurah City;9.0;0.0;0.0;4.0;0;0.0;0 - 0;4.333;UWA-Nedlands FC;2.0;0.0;0.0;1.6;0;0.0;+0.5;0 - 0;0-0;3.5;1.5;-;nan;;;;;;;;;;;;;;;;0.0;0.0;0.0;0.0;;;0.0;0.0;0.0;0.0;;[];[];[];[];[];[];[];[];1.0;0.0;0.0;1.0;0.0;0.0;;;;;;;
2026-05-16;194584611;Australia Capital Territory U23 League;Australia;04:15;Full;True;0.6335554209569957;1.975;3.5, 4.0;1.825;3.5, 4.0;7.0;0.0;;5.0;0.0;5.0;127.0;118.0;;Tuggeranong United U23;;0.0;1.0;1.27;5;7.0;7 - 0;5.75;Brindabella Blues FC U23;;0.0;2.0;6.5;0;0.0;-1.75;7 - 0;5-0;3.75;1.5;75 - 43;43 - 18;18.0;43.0;;;2.0;4.0;0.0;15.0;;;;;;;;48.0;79.0;43.0;75.0;;;5.0;7.0;2.0;22.0;;[ 2  8 14 18 41 58 69];[1 1 1 1 1 2 2];[False False False False False False False];"['Tuggeranong United U23' 'Tuggeranong United U23'
 'Tuggeranong United U23' 'Tuggeranong United U23'
 'Tuggeranong United U23' 'Tuggeranong United U23'
 'Tuggeranong United U23']";[0 1 2 3 4 5 6];[1 2 3 4 5 6 7];['D' 'H' 'H' 'H' 'H' 'H' 'H'];['H' 'H' 'H' 'H' 'H' 'H' 'H'];0.02;0.98;0.0;0.04;0.96;0.0;;;;;;;Youth
2026-05-16;194578618;Australia South Australia State League Reserves;Australia;04:15;Full;True;-0.13167760556291652;1.85;3.5;1.95;3.5;3.0;8.0;;1.0;3.0;4.0;221.0;132.0;;Adelaide Cobras Reserves;;0.0;1.0;2.55;1;1.0;1 - 3;5.0;Modbury Jets Reserves;;0.0;1.0;1.909;0;3.0;+0.5;3 - 8;1-3;3.5;1.5;37 - 95;19 - 44;44.0;19.0;;;3.0;3.0;1.0;2.0;;;;;;;;124.0;97.0;95.0;37.0;;;10.0;5.0;5.0;4.0;;[35 50 67 89];[1 2 2 2];[False False False False];"['Adelaide Cobras Reserves' 'Modbury Jets Reserves'
 'Modbury Jets Reserves' 'Modbury Jets Reserves']";[ 0  1  0 -1];[ 1  0 -1 -2];['D' 'H' 'D' 'A'];['H' 'D' 'A' 'A'];0.58;0.17;0.26;0.78;0.22;0.0;;;;;;;Youth
2026-05-16;194530156;Taiwan Mulan League Women;Taiwan;04:30;Full;True;0.325077399380805;1.875;2.5, 3.0;1.925;2.5, 3.0;2.0;3.0;;1.0;1.0;2.0;207.0;81.0;100.0;Hualian (W);;0.0;1.0;1.7;0;2.0;2 - 1;3.7;AC Taipei (W);;0.0;0.0;3.8;1;1.0;0.0;2 - 3;1-1;2.5;1.0;39 - 42;10 - 26;26.0;10.0;52.0;48.0;2.0;2.0;2.0;2.0;;;;;;;;100.0;107.0;42.0;39.0;51.0;49.0;2.0;3.0;3.0;6.0;;[48 73 80];[1 2 2];[ True False False];['AC Taipei (W)' 'Hualian (W)' 'Hualian (W)'];[ 0 -1  0];[-1  0  1];['D' 'A' 'D'];['A' 'D' 'H'];0.61;0.11;0.28;1.0;0.0;0.0;;;;;;;Women
2026-05-16;194565001;Australia New South Wales League 2;Australia;04:30;Full;True;0.2012538231467243;1.95;3.5;1.85;3.5;5.0;2.0;;4.0;2.0;6.0;186.0;98.0;;Granville Rage;;0.0;1.0;1.909;1;1.0;1 - 2;3.75;Nepean FC;;0.0;6.0;3.1;1;2.0;-0.75;5 - 2;4-2;3.5;1.5;62 - 36;28 - 21;21.0;28.0;;;2.0;1.0;5.0;3.0;;;;;;;;77.0;109.0;36.0;62.0;;;2.0;8.0;11.0;9.0;;[ 9 46 57];[1 1 2];[False  True False];['Granville Rage' 'Nepean FC' 'Nepean FC'];[0 1 0];[ 1  0 -1];['D' 'H' 'D'];['H' 'D' 'A'];0.22;0.41;0.37;0.2;0.8;0.0;;;;;;;
2026-05-16;194669222;Australia South Australia State League 1;Australia;04:30;Full;True;-0.08403361344537807;1.95;3.0, 3.5;1.85;3.0, 3.5;12.0;1.0;;5.0;1.0;6.0;151.0;162.0;100.0;Cove;;0.0;2.0;2.55;0;1.0;1 - 1;4.0;Adelaide Croatia Raiders;;0.0;5.0;2.1;0;1.0;+0.25;12 - 1;5-1;3.25;1.25;94 - 68;49 - 36;36.0;49.0;53.0;47.0;2.0;5.0;1.0;2.0;;;;;;;;74.0;77.0;68.0;94.0;50.0;50.0;4.0;8.0;3.0;3.0;;[89 97];[2 2];[False  True];['Adelaide Croatia Raiders' 'Cove'];[ 0 -1];[-1  0];['D' 'A'];['A' 'D'];0.92;0.0;0.08;1.0;0.0;0.0;;;;;;;
2026-05-16;194592842;Philippines PFL;Philippines;04:30;Full;True;-0.756898029134533;1.9;3.5, 4.0;1.9;3.5, 4.0;2.0;8.0;;0.0;3.0;3.0;197.0;126.0;100.0;Dynamic Herb Cebu FC;;0.0;0.0;10.0;0;1.0;1 - 1;7.0;Manila Digger FC;;0.0;0.0;1.167;1;1.0;+1.75;2 - 8;0-3;3.5;1.5;45 - 81;20 - 34;34.0;20.0;73.0;27.0;6.0;2.0;3.0;2.0;;;;;;;;118.0;79.0;81.0;45.0;66.0;34.0;13.0;10.0;9.0;5.0;;[16 78];[1 2];[False False];['Manila Digger FC' 'Dynamic Herb Cebu FC'];[ 0 -1];[-1  0];['D' 'A'];['A' 'D'];0.31;0.0;0.69;0.36;0.0;0.64;;;;;;;
2026-05-16;194613543;Japan L2 League Women;Japan;04:30;Full;True;0.046296296296296335;1.8;2.0;2.0;2.0;4.0;3.0;;2.0;0.0;2.0;140.0;64.0;100.0;FC Osaka Speranza (W);;0.0;0.0;2.4;0;1.0;1 - 0;3.0;Renofa Yamaguchi (W);;0.0;1.0;2.7;0;0.0;0.0;4 - 3;2-0;2.0;0.75;33 - 31;16 - 11;11.0;16.0;47.0;53.0;4.0;4.0;1.0;0.0;;;;;;;;70.0;70.0;31.0;33.0;48.0;52.0;7.0;6.0;1.0;4.0;;[71];[2];[False];['FC Osaka Speranza (W)'];[0];[1];['D'];['H'];0.79;0.21;0.0;1.0;0.0;0.0;;38146.0;;renofa yamaguchi;;;Women
2026-05-16;193203791;South Korea K League 2;South Korea;04:30;Full;True;0.4365372374283896;1.95;2.5, 3.0;1.85;2.5, 3.0;6.0;6.0;;1.0;1.0;2.0;196.0;126.0;100.0;Seoul E-Land FC;;0.0;2.0;1.571;0;2.0;2 - 2;3.7;Yongin FC;;0.0;2.0;5.0;1;2.0;-0.75;6 - 6;1-1;2.5;1.0;78 - 48;31 - 19;19.0;31.0;37.0;63.0;2.0;4.0;1.0;1.0;;;;;;;;69.0;127.0;48.0;78.0;38.0;62.0;4.0;9.0;3.0;9.0;;[12 68 93 99];[1 2 2 2];[False False  True  True];['Yongin FC' 'Seoul E-Land FC' 'Yongin FC' 'Seoul E-Land FC'];[ 0 -1  0 -1];[-1  0 -1  0];['D' 'A' 'D' 'A'];['A' 'D' 'A' 'D'];0.37;0.0;0.63;0.27;0.0;0.73;191070.0;41266.0;seoul e-land fc;yongin city fc;1.83;1.8;
2026-05-16;194577727;China FA Cup;China;04:30;Full;True;0.00366300366300365;2.025;2.0, 2.5;1.775;2.0, 2.5;6.0;8.0;;6.0;4.0;10.0;171.0;107.0;100.0;Lanzhou Longyuan Athletic;;0.0;1.0;2.6;2;2.0;2 - 1;2.875;Meizhou Hakka;;0.0;2.0;2.625;0;1.0;-0.25;6 - 8;6-4;2.25;0.75;38 - 69;21 - 34;34.0;21.0;74.0;26.0;3.0;2.0;1.0;3.0;;;;;;;;95.0;76.0;69.0;38.0;64.0;36.0;7.0;4.0;2.0;4.0;;[11 30 77];[1 1 2];[False False False];['Lanzhou Longyuan Athletic' 'Lanzhou Longyuan Athletic' 'Meizhou Hakka'];[0 1 2];[1 2 1];['D' 'H' 'H'];['H' 'H' 'H'];0.12;0.88;0.0;0.24;0.76;0.0;;245357.0;;meizhou hakka;;;
2026-05-16;194577725;China FA Cup;China;04:30;Full;True;-0.35681657337708295;2.0;2.0, 2.5;1.8;2.0, 2.5;2.0;6.0;;2.0;5.0;7.0;151.0;95.0;100.0;Shanghai Segenda;;1.0;3.0;4.5;1;1.0;1 - 0;3.2;Yanbian Longding;;0.0;2.0;1.727;0;0.0;+0.5;2 - 6;2-5;2.25;1.0;35 - 60;20 - 29;29.0;20.0;62.0;38.0;3.0;0.0;1.0;1.0;;;;;;;;83.0;68.0;60.0;35.0;59.0;41.0;7.0;2.0;3.0;1.0;;[40];[1];[False];['Shanghai Segenda'];[0];[1];['D'];['H'];0.44;0.56;0.0;0.89;0.11;0.0;;793018.0;;yanbian longding;;;
2026-05-16;194577730;China FA Cup;China;04:30;Full;True;-0.3955342902711324;1.9;2.5;1.9;2.5;1.0;10.0;;0.0;7.0;7.0;193.0;99.0;100.0;Shanxi Chongde Ronghai;;1.0;0.0;4.75;0;1.0;1 - 1;3.4;Changchun Yatai;;0.0;3.0;1.65;1;1.0;+1.0;1 - 10;0-7;2.5;1.0;33 - 66;17 - 36;36.0;17.0;45.0;55.0;4.0;1.0;3.0;1.0;;;;;;;;103.0;90.0;66.0;33.0;45.0;55.0;5.0;1.0;6.0;2.0;;[ 6 90];[1 2];[False False];['Changchun Yatai' 'Shanxi Chongde Ronghai'];[ 0 -1];[-1  0];['D' 'A'];['A' 'D'];0.07;0.0;0.93;0.13;0.0;0.87;;34694.0;;changchun yatai;;;
2026-05-16;194507845;Australia South Australia Premier League;Australia;04:30;Full;True;-0.017368649587494622;1.825;3.5;1.975;3.5;3.0;5.0;;1.0;2.0;3.0;195.0;128.0;100.0;White City FK Beograd;;0.0;1.0;2.45;1;3.0;3 - 1;3.7;Campbelltown City;;1.0;3.0;2.35;1;1.0;0.0;3 - 5;1-2;3.5;1.5;69 - 59;38 - 24;24.0;38.0;45.0;55.0;7.0;1.0;2.0;1.0;;;;;;;;93.0;102.0;59.0;69.0;43.0;57.0;7.0;7.0;3.0;6.0;;[ 6 46 62 81];[1 1 2 2];[False  True False False];"['White City FK Beograd' 'Campbelltown City' 'White City FK Beograd'
 'White City FK Beograd']";[0 1 0 1];[1 0 1 2];['D' 'H' 'D' 'H'];['H' 'D' 'H' 'H'];0.24;0.76;0.0;0.13;0.87;0.0;90894.0;90874.0;fk beograd;campbelltown city sc;1.44;1.36;
2026-05-16;193203789;South Korea K League 2;South Korea;04:30;Full;True;0.14253563390847712;1.8;2.0, 2.5;2.0;2.0, 2.5;13.0;1.0;;6.0;1.0;7.0;205.0;139.0;100.0;Jeonnam Dragons;16.0;0.0;3.0;2.15;0;2.0;2 - 2;3.1;Chungbuk Cheongju;15.0;0.0;1.0;3.1;1;2.0;-0.25;13 - 1;6-1;2.25;1.0;83 - 56;41 - 32;32.0;41.0;34.0;66.0;2.0;4.0;1.0;0.0;;;;;;;;93.0;112.0;56.0;83.0;36.0;64.0;2.0;7.0;3.0;2.0;;[20 53 58 64];[1 2 2 2];[False False False False];"['Chungbuk Cheongju' 'Chungbuk Cheongju' 'Jeonnam Dragons'
 'Jeonnam Dragons']";[ 0 -1 -2 -1];[-1 -2 -1  0];['D' 'A' 'A' 'A'];['A' 'A' 'A' 'D'];0.51;0.0;0.49;0.44;0.0;0.56;7643.0;567083.0;jeonnam dragons;chungbuk cheongju fc;1.8;1.83;
2026-05-16;193717004;South Korea K League 1;South Korea;04:30;Full;True;-0.05102040816326525;1.825;2.0, 2.5;1.975;2.0, 2.5;3.0;6.0;;0.0;3.0;3.0;186.0;116.0;100.0;Daejeon Hana Citizen;;0.0;3.0;2.8;0;1.0;1 - 2;3.1;FC Seoul;;0.0;3.0;2.45;1;2.0;0.0;3 - 6;0-3;2.25;1.0;57 - 59;25 - 26;26.0;25.0;50.0;50.0;3.0;2.0;2.0;2.0;;;;;;;;94.0;92.0;59.0;57.0;50.0;50.0;3.0;5.0;5.0;4.0;;[24 71 88];[1 2 2];[False False False];['FC Seoul' 'Daejeon Hana Citizen' 'FC Seoul'];[ 0 -1  0];[-1  0 -1];['D' 'A' 'D'];['A' 'D' 'A'];0.46;0.0;0.54;0.53;0.0;0.47;7645.0;7646.0;daejeon citizen fc;fc seoul;1.8;1.8;
2026-05-16;194507426;Australia New South Wales Premier League;Australia;04:30;Full;True;-0.34965034965034963;1.95;2.5, 3.0;1.85;2.5, 3.0;7.0;5.0;;3.0;3.0;6.0;205.0;123.0;100.0;NWS Spirit FC;;0.0;1.0;3.9;0;0.0;0 - 3;3.9;Marconi Stallions;;0.0;1.0;1.65;2;3.0;+0.5;7 - 5;3-3;2.75;1.0;66 - 57;31 - 30;30.0;31.0;41.0;59.0;3.0;1.0;3.0;3.0;;;;;;;;86.0;119.0;57.0;66.0;43.0;57.0;7.0;3.0;5.0;4.0;;[18 21 61];[1 1 2];[False False False];['Marconi Stallions' 'Marconi Stallions' 'Marconi Stallions'];[ 0 -1 -2];[-1 -2 -3];['D' 'A' 'A'];['A' 'A' 'A'];0.2;0.0;0.8;0.4;0.0;0.6;2943.0;2941.0;nws spirit;marconi stallions;1.8;1.8;
2026-05-16;194507847;Australia South Australia Premier League;Australia;04:45;Full;True;0.7460236886632826;1.85;3.5;1.95;3.5;5.0;3.0;;1.0;1.0;2.0;268.0;170.0;100.0;Metrostars;;0.0;0.0;1.182;0;0.0;0 - 0;6.25;Adelaide Comets;;0.0;3.0;10.0;0;0.0;-2.0;5 - 3;1-1;3.75;1.5;102 - 68;42 - 32;32.0;42.0;35.0;65.0;5.0;5.0;2.0;0.0;;;;;;;;104.0;164.0;68.0;102.0;35.0;65.0;6.0;9.0;5.0;0.0;;[];[];[];[];[];[];[];[];1.0;0.0;0.0;1.0;0.0;0.0;90884.0;90870.0;north eastern metrostars sc;adelaide comets fc;1.72;1.66;
2026-05-16;194579037;Australia NPL Victoria Women;Australia;04:45;Full;True;0.5579710144927538;1.95;3.0, 3.5;1.85;3.0, 3.5;5.0;3.0;;3.0;2.0;5.0;239.0;149.0;100.0;Bulleen Lions (W);;0.0;2.0;1.38;0;2.0;2 - 1;4.5;Alamein FC (W);;0.0;0.0;6.0;1;1.0;-1.0;5 - 3;3-2;3.0;1.25;79 - 70;46 - 22;22.0;46.0;45.0;55.0;3.0;2.0;5.0;1.0;;;;;;;;110.0;129.0;70.0;79.0;44.0;56.0;5.0;3.0;5.0;5.0;;[36 48 85];[1 2 2];[False False False];['Alamein FC (W)' 'Bulleen Lions (W)' 'Bulleen Lions (W)'];[ 0 -1  0];[-1  0  1];['D' 'A' 'D'];['A' 'D' 'H'];0.81;0.06;0.13;0.8;0.0;0.2;;;;;;;Women
2026-05-16;194596915;Israel Youth League;Israel;04:45;Full;True;0.04262574595055413;1.825;2.5, 3.0;1.975;2.5, 3.0;6.0;7.0;;1.0;5.0;6.0;251.0;151.0;100.0;Hapoel Rishon Lezion U19;;0.0;1.0;2.3;0;0.0;0 - 3;3.5;Maccabi Herzliya U19;;0.0;0.0;2.55;0;3.0;0.0;6 - 7;1-5;2.75;1.25;61 - 90;24 - 48;48.0;24.0;54.0;46.0;6.0;3.0;3.0;1.0;;;;;;;;130.0;121.0;90.0;61.0;50.0;50.0;9.0;6.0;7.0;1.0;;[52 89 90];[2 2 2];[False False False];['Maccabi Herzliya U19' 'Maccabi Herzliya U19' 'Maccabi Herzliya U19'];[ 0 -1 -2];[-1 -2 -3];['D' 'A' 'A'];['A' 'A' 'A'];0.58;0.0;0.42;1.0;0.0;0.0;5394.0;7478.0;hapoel rishon lezion fc;maccabi herzliya;;;Youth
2026-05-16;194579255;Romania Liga II;Romania;05:00;Full;True;-0.1923076923076923;1.975;2.5;1.825;2.5;2.0;5.0;;1.0;1.0;2.0;304.0;178.0;100.0;CSA Steaua Bucuresti;6.0;0.0;2.0;3.25;0;2.0;2 - 4;3.3;FC Voluntari;5.0;0.0;0.0;2.0;1;4.0;+0.5;2 - 5;1-1;2.5;1.0;105 - 73;54 - 26;26.0;54.0;41.0;59.0;4.0;8.0;2.0;1.0;;;;;;;;128.0;176.0;73.0;105.0;46.0;54.0;8.0;12.0;6.0;4.0;;[45 50 71 74 83 93];[1 2 2 2 2 2];[False False False False False  True];"['FC Voluntari' 'CSA Steaua Bucuresti' 'FC Voluntari' 'FC Voluntari'
 'FC Voluntari' 'CSA Steaua Bucuresti']";[ 0 -1  0 -1 -2 -3];[-1  0 -1 -2 -3 -2];['D' 'A' 'D' 'A' 'A' 'A'];['A' 'D' 'A' 'A' 'A' 'A'];0.71;0.0;0.29;1.0;0.0;0.0;;;;;;;Youth
2026-05-16;194565168;Australia Queensland Premier League;Australia;05:00;Full;True;-0.16666666666666669;1.85;2.5, 3.0;1.95;2.5, 3.0;1.0;4.0;;1.0;2.0;3.0;230.0;126.0;100.0;Ipswich FC;3.0;0.0;2.0;3.0;1;2.0;2 - 2;3.7;Broadbeach United;1.0;0.0;1.0;2.0;0;2.0;+0.25;1 - 4;1-2;2.75;1.25;64 - 62;36 - 25;25.0;36.0;32.0;68.0;3.0;3.0;1.0;1.0;;;;;;;;105.0;125.0;62.0;64.0;44.0;56.0;6.0;10.0;5.0;2.0;;[16 61 68 70];[1 2 2 2];[False False False False];['Ipswich FC' 'Broadbeach United' 'Broadbeach United' 'Ipswich FC'];[ 0  1  0 -1];[ 1  0 -1  0];['D' 'H' 'D' 'A'];['H' 'D' 'A' 'D'];0.48;0.5;0.02;0.36;0.64;0.0;;;;;;;
2026-05-16;194598519;Israel Youth League;Israel;05:00;Full;True;0.11904761904761901;1.975;2.5, 3.0;1.825;2.5, 3.0;5.0;5.0;;3.0;1.0;4.0;150.0;125.0;;Hapoel Kfar Saba U19;;0.0;2.0;2.1;2;5.0;5 - 1;3.5;Bnei Yehuda Tel Aviv U19;;0.0;4.0;2.8;0;1.0;-0.25;5 - 5;3-1;2.75;1.0;53 - 72;31 - 29;29.0;31.0;;;0.0;3.0;6.0;6.0;;;;;;;;81.0;69.0;72.0;53.0;;;2.0;6.0;12.0;9.0;;[ 8 47 70 73 79 93];[1 1 2 2 2 2];[False  True False False False  True];"['Hapoel Kfar Saba U19' 'Hapoel Kfar Saba U19' 'Hapoel Kfar Saba U19'
 'Bnei Yehuda Tel Aviv U19' 'Hapoel Kfar Saba U19' 'Hapoel Kfar Saba U19']";[0 1 2 3 2 3];[1 2 3 2 3 4];['D' 'H' 'H' 'H' 'H' 'H'];['H' 'H' 'H' 'H' 'H' 'H'];0.09;0.91;0.0;0.17;0.83;0.0;5200.0;5203.0;hapoel kfar saba fc;bnei yehuda tel aviv fc;;;Youth
2026-05-16;193269008;Australia NPL Queensland;Australia;05:00;Full;True;0.2857142857142857;1.9;3.0, 3.5;1.9;3.0, 3.5;8.0;1.0;;3.0;0.0;3.0;116.0;98.0;100.0;Moreton City Excelsior;;0.0;0.0;1.75;2;4.0;4 - 3;3.9;Brisbane Olympic FC;;0.0;2.0;3.5;1;3.0;-0.75;8 - 1;3-0;3.25;1.25;60 - 38;30 - 16;16.0;30.0;50.0;50.0;1.0;2.0;1.0;3.0;;;;;;;;52.0;64.0;38.0;60.0;50.0;50.0;2.0;7.0;4.0;6.0;;[14 16 47 53 57 80 89];[1 1 1 2 2 2 2];[False False  True False False False False];"['Moreton City Excelsior' 'Moreton City Excelsior' 'Brisbane Olympic FC'
 'Brisbane Olympic FC' 'Moreton City Excelsior' 'Moreton City Excelsior'
 'Brisbane Olympic FC']";[0 1 2 1 0 1 2];[1 2 1 0 1 2 1];['D' 'H' 'H' 'H' 'D' 'H' 'H'];['H' 'H' 'H' 'D' 'H' 'H' 'H'];0.2;0.8;0.0;0.3;0.7;0.0;1098129.0;91928.0;moreton city excelsior fc;olympic fc brisbane;1.5;1.5;
2026-05-16;194638728;Israel Youth League;Israel;05:00;Schedule;False;0.16666666666666669;1.975;3.0;1.825;3.0;0.0;0.0;;0.0;0.0;0.0;0.0;0.0;;Hapoel Ironi Kiryat Shmona U19;;0.0;0.0;2.0;0;0.0;0 - 0;3.6;Hapoel Acre U19;;0.0;0.0;3.0;0;0.0;-0.75;0 - 0;0-0;3.0;1.25;-;nan;;;;;;;;;;;;;;;;0.0;0.0;0.0;0.0;;;0.0;0.0;0.0;0.0;;[];[];[];[];[];[];[];[];1.0;0.0;0.0;1.0;0.0;0.0;5399.0;7380.0;hapoel ironi kiryat shmona fc;hapoel acre fc;;;Youth
2026-05-16;194565459;Australia Queensland Premier League 2;Australia;05:00;Schedule;False;0.05454545454545451;2.0;3.5;1.8;3.5;0.0;0.0;;0.0;0.0;0.0;0.0;0.0;;Pine Hills;10.0;0.0;0.0;2.2;0;0.0;0 - 0;3.8;Virginia United;8.0;0.0;0.0;2.5;0;0.0;0.0;0 - 0;0-0;3.5;1.5;-;nan;;;;;;;;;;;;;;;;0.0;0.0;0.0;0.0;;;0.0;0.0;0.0;0.0;;[];[];[];[];[];[];[];[];1.0;0.0;0.0;1.0;0.0;0.0;;;;;;;
2026-05-16;194565457;Australia Queensland Premier League 2;Australia;05:00;Full;True;0.13636363636363635;1.9;3.5;1.9;3.5;3.0;6.0;;2.0;4.0;6.0;0.0;0.0;;Souths United;1.0;0.0;0.0;2.0;0;0.0;0 - 3;3.9;SWQ Thunder;3.0;0.0;2.0;2.75;0;3.0;-0.25;3 - 6;2-4;3.75;1.5;-;-;0.0;0.0;;;0.0;0.0;0.0;0.0;;;;;;;;0.0;0.0;0.0;0.0;;;0.0;0.0;3.0;0.0;;[65 73 81];[2 2 2];[False False False];['SWQ Thunder' 'SWQ Thunder' 'SWQ Thunder'];[ 0 -1 -2];[-1 -2 -3];['D' 'A' 'A'];['A' 'A' 'A'];0.72;0.0;0.28;1.0;0.0;0.0;;;;;;;
2026-05-16;194588578;Australia WA State League 1 Reserves;Australia;05:00;Schedule;False;0.342902711323764;2.0;3.5, 4.0;1.8;3.5, 4.0;0.0;0.0;;0.0;0.0;0.0;0.0;0.0;;Kingsley Westside Reserves;;0.0;0.0;1.65;0;0.0;0 - 0;4.1;Floreat Athena Reserves;;0.0;0.0;3.8;0;0.0;-0.75;0 - 0;0-0;3.75;1.5;-;nan;;;;;;;;;;;;;;;;0.0;0.0;0.0;0.0;;;0.0;0.0;0.0;0.0;;[];[];[];[];[];[];[];[];1.0;0.0;0.0;1.0;0.0;0.0;;;;;;;Youth
2026-05-16;194580867;Australia NPL Queensland Women;Australia;05:00;Schedule;False;-0.465149359886202;1.9;3.0;1.9;3.0;0.0;0.0;;0.0;0.0;0.0;0.0;0.0;;Capalaba (W);;0.0;0.0;4.75;0;0.0;0 - 0;4.333;Brisbane Olympic FC (W);;0.0;0.0;1.48;0;0.0;+1.25;0 - 0;0-0;3.0;1.25;-;nan;;;;;;;;;;;;;;;;0.0;0.0;0.0;0.0;;;0.0;0.0;0.0;0.0;;[];[];[];[];[];[];[];[];1.0;0.0;0.0;1.0;0.0;0.0;;91928.0;;olympic fc brisbane;;;Women
2026-05-16;194580857;Australia Capital Territory Premier League;Australia;05:00;Full;True;0.4102564102564102;1.85;3.5, 4.0;1.95;3.5, 4.0;3.0;3.0;;1.0;2.0;3.0;217.0;134.0;100.0;Tigers FC;;0.0;2.0;1.5;0;3.0;3 - 2;5.25;Canberra Olympic;;1.0;1.0;3.9;1;2.0;-1.25;3 - 3;1-2;4.25;1.75;73 - 61;30 - 32;32.0;30.0;46.0;54.0;1.0;3.0;2.0;1.0;;;;;;;;104.0;113.0;61.0;73.0;47.0;53.0;3.0;5.0;3.0;5.0;;[23 57 64 90 97];[1 2 2 2 2];[False False False False  True];['Canberra Olympic' 'Tigers FC' 'Tigers FC' 'Tigers FC' 'Canberra Olympic'];[ 0 -1  0  1  2];[-1  0  1  2  1];['D' 'A' 'D' 'H' 'H'];['A' 'D' 'H' 'H' 'H'];0.31;0.34;0.35;0.51;0.0;0.49;;;;;;;
2026-05-16;194592363;Hungary U19 1st Division;Hungary;05:00;Full;True;0.1905011349746813;1.975;3.0, 3.5;1.825;3.0, 3.5;11.0;5.0;;6.0;4.0;10.0;125.0;120.0;;Budapest Honved U19;;0.0;0.0;1.909;0;0.0;0 - 2;3.8;MTK Budapest U19;;0.0;3.0;3.0;1;2.0;-0.5;11 - 5;6-4;3.0;1.25;88 - 32;38 - 20;20.0;38.0;;;0.0;0.0;1.0;0.0;;;;;;;;58.0;67.0;32.0;88.0;;;0.0;0.0;2.0;0.0;;[24 81];[1 2];[False False];['MTK Budapest U19' 'MTK Budapest U19'];[ 0 -1];[-1 -2];['D' 'A'];['A' 'A'];0.27;0.0;0.73;0.53;0.0;0.47;1916.0;1915.0;budapest honved fc;mtk budapest;;;Youth
2026-05-16;193381849;Japan J-League;Japan;05:00;Full;True;-0.13194444444444442;2.0;2.5;1.8;2.5;7.0;3.0;;1.0;1.0;2.0;197.0;68.0;100.0;Yokohama F-Marinos;;0.0;2.0;3.2;0;0.0;0 - 1;3.25;Kashiwa Reysol;;0.0;1.0;2.25;1;1.0;+0.25;7 - 3;1-1;2.5;1.0;44 - 24;16 - 10;10.0;16.0;47.0;53.0;0.0;4.0;1.0;1.0;;;;;;;;68.0;129.0;24.0;44.0;45.0;55.0;3.0;13.0;2.0;2.0;;[42];[1];[False];['Kashiwa Reysol'];[0];[-1];['D'];['A'];0.47;0.0;0.53;0.93;0.0;0.07;3137.0;3140.0;yokohama f marinos;kashiwa reysol;1.75;1.7;
2026-05-16;194565164;Australia Queensland Premier League;Australia;05:00;Schedule;False;0.1905011349746813;1.975;3.0, 3.5;1.825;3.0, 3.5;0.0;0.0;;0.0;0.0;0.0;0.0;0.0;;Sunshine Coast Wanderers;;0.0;0.0;1.909;0;0.0;0 - 0;3.9;St George Willawong FC;;0.0;0.0;3.0;0;0.0;-0.75;0 - 0;0-0;3.25;1.25;-;nan;;;;;;;;;;;;;;;;0.0;0.0;0.0;0.0;;;0.0;0.0;0.0;0.0;;[];[];[];[];[];[];[];[];1.0;0.0;0.0;1.0;0.0;0.0;;;;;;;
2026-05-16;194547287;Czechia Youth League;Czech Republic;05:00;Full;True;-0.3489247761693583;1.85;3.5;1.95;3.5;10.0;4.0;;6.0;2.0;8.0;175.0;84.0;100.0;Slovan Liberec U19;;0.0;0.0;3.7;4;6.0;6 - 1;4.333;Banik Ostrava U19;;0.0;0.0;1.615;0;1.0;+1.25;10 - 4;6-2;3.75;1.5;41 - 43;30 - 8;8.0;30.0;54.0;46.0;1.0;6.0;2.0;5.0;;;;;;;;92.0;83.0;43.0;41.0;54.0;46.0;4.0;7.0;6.0;9.0;;[23 28 38 42 63 71 75];[1 1 1 1 2 2 2];[False False False False False False False];"['Slovan Liberec U19' 'Slovan Liberec U19' 'Slovan Liberec U19'
 'Slovan Liberec U19' 'Slovan Liberec U19' 'Slovan Liberec U19'
 'Banik Ostrava U19']";[0 1 2 3 4 5 6];[1 2 3 4 5 6 5];['D' 'H' 'H' 'H' 'H' 'H' 'H'];['H' 'H' 'H' 'H' 'H' 'H' 'H'];0.26;0.74;0.0;0.51;0.49;0.0;2219.0;2204.0;fc slovan liberec;fc banik ostrava;;;Youth
2026-05-16;194577897;Romania Liga II;Romania;05:00;Full;True;0.035714285714285754;1.8;2.0, 2.5;2.0;2.0, 2.5;4.0;6.0;;0.0;4.0;4.0;232.0;141.0;100.0;CS Dinamo Bucuresti;19.0;0.0;0.0;2.4;0;1.0;1 - 1;3.2;CSC 1599 Selimbar;17.0;0.0;1.0;2.625;0;1.0;0.0;4 - 6;0-4;2.25;1.0;60 - 81;27 - 41;41.0;27.0;53.0;47.0;6.0;1.0;3.0;2.0;;;;;;;;110.0;122.0;81.0;60.0;49.0;51.0;11.0;2.0;5.0;4.0;;[86 94];[2 2];[False  True];['CS Dinamo Bucuresti' 'CSC 1599 Selimbar'];[0 1];[1 0];['D' 'H'];['H' 'D'];0.91;0.09;0.0;1.0;0.0;0.0;;;;;;;Youth
2026-05-16;194591421;China Super League Women;China;05:00;Full;True;-0.6874015748031496;1.85;2.5;1.95;2.5;3.0;12.0;;1.0;6.0;7.0;77.0;94.0;100.0;Zhejiang Hangzhou (W);;0.0;0.0;10.0;0;0.0;0 - 1;4.333;Liaoning Shenbei Hefeng (W);;0.0;0.0;1.27;0;1.0;+0.75;3 - 12;1-6;2.5;1.0;36 - 58;16 - 28;28.0;16.0;70.0;30.0;5.0;4.0;0.0;2.0;;;;;;;;49.0;28.0;58.0;36.0;67.0;33.0;10.0;6.0;1.0;2.0;;[82];[2];[False];['Liaoning Shenbei Hefeng (W)'];[0];[-1];['D'];['A'];0.91;0.0;0.09;1.0;0.0;0.0;;;;;;;Women
2026-05-16;194578191;Australia Queensland Premier League 3;Australia;05:00;Full;True;0.04638218923933213;1.9;3.5, 4.0;1.9;3.5, 4.0;4.0;6.0;;1.0;5.0;6.0;119.0;144.0;;Yeronga FC;;0.0;1.0;2.2;0;1.0;1 - 2;4.0;Newmarket;;1.0;3.0;2.45;0;2.0;0.0;4 - 6;1-5;3.75;1.5;78 - 66;35 - 37;37.0;35.0;;;3.0;3.0;2.0;4.0;;;;;;;;59.0;60.0;66.0;78.0;;;4.0;9.0;7.0;11.0;;[47 48 58];[2 2 2];[False False False];['Newmarket' 'Yeronga FC' 'Newmarket'];[ 0 -1  0];[-1  0 -1];['D' 'A' 'D'];['A' 'D' 'A'];0.63;0.0;0.37;1.0;0.0;0.0;;;;;;;
2026-05-16;194508273;Australia Western Australia Premier League;Australia;05:00;Full;True;-0.26143790849673204;1.95;3.5;1.85;3.5;2.0;10.0;;1.0;4.0;5.0;302.0;186.0;100.0;Perth Glory NPL;;0.0;2.0;3.4;0;1.0;1 - 0;3.8;Bayswater City;;0.0;1.0;1.8;0;0.0;+0.5;2 - 10;1-4;3.25;1.5;74 - 112;39 - 58;58.0;39.0;48.0;52.0;4.0;0.0;2.0;2.0;;;;;;;;157.0;145.0;112.0;74.0;51.0;49.0;11.0;5.0;6.0;5.0;;[82];[2];[False];['Perth Glory NPL'];[0];[1];['D'];['H'];0.91;0.09;0.0;1.0;0.0;0.0;;92018.0;;bayswater city;1.4;1.4;
2026-05-16;194579170;Hungary U19 1st Division;Hungary;05:00;Schedule;False;0.03628117913832202;1.9;3.0, 3.5;1.9;3.0, 3.5;0.0;0.0;;0.0;0.0;0.0;0.0;0.0;;Vasas SC U19;;0.0;0.0;2.25;0;0.0;0 - 0;3.8;Puskas Academy U19;;0.0;0.0;2.45;0;0.0;-0.5;0 - 0;0-0;3.25;1.25;-;nan;;;;;;;;;;;;;;;;0.0;0.0;0.0;0.0;;;0.0;0.0;0.0;0.0;;[];[];[];[];[];[];[];[];1.0;0.0;0.0;1.0;0.0;0.0;;25596.0;;puskas akademia fc felcsut;;;Youth
2026-05-16;194584780;Czechia 5. Liga;Czech Republic;05:15;Schedule;False;0.24305555555555558;1.875;3.0, 3.5;1.925;3.0, 3.5;0.0;0.0;;0.0;0.0;0.0;0.0;0.0;;Luhacovice;;0.0;0.0;1.8;0;0.0;0 - 0;4.1;SK Borsice;;0.0;0.0;3.2;0;0.0;-0.5;0 - 0;0-0;3.25;1.25;-;nan;;;;;;;;;;;;;;;;0.0;0.0;0.0;0.0;;;0.0;0.0;0.0;0.0;;[];[];[];[];[];[];[];[];1.0;0.0;0.0;1.0;0.0;0.0;;;;;;;
2026-05-16;194660255;Australia Victoria Premier League 2;Australia;05:15;Full;True;-0.0444444444444444;1.975;3.0;1.825;3.0;2.0;4.0;;1.0;1.0;2.0;221.0;83.0;;Altona City;13.0;0.0;0.0;2.5;0;0.0;0 - 1;3.7;Keilor Park;8.0;0.0;2.0;2.25;1;1.0;0.0;2 - 4;1-1;3.0;1.25;46 - 37;19 - 17;17.0;19.0;;;2.0;0.0;2.0;3.0;;;;;;;;87.0;134.0;37.0;46.0;;;2.0;1.0;5.0;4.0;;[23];[1];[False];['Keilor Park'];[0];[-1];['D'];['A'];0.26;0.0;0.74;0.51;0.0;0.49;;;;;;;
2026-05-16;194588557;Australia Victoria Premier League 1;Australia;05:15;Full;True;0.08403361344537807;2.0;3.0, 3.5;1.8;3.0, 3.5;2.0;9.0;;2.0;1.0;3.0;181.0;134.0;;FC Melbourne Srbija;;0.0;2.0;2.1;2;2.0;2 - 1;4.1;Brunswick City;;0.0;0.0;2.55;1;1.0;-0.25;2 - 9;2-1;3.25;1.25;61 - 73;38 - 22;22.0;38.0;;;2.0;2.0;3.0;3.0;;;;;;;;97.0;84.0;73.0;61.0;;;7.0;4.0;10.0;4.0;;[ 4 26 38];[1 1 1];[False False False];['FC Melbourne Srbija' 'Brunswick City' 'FC Melbourne Srbija'];[0 1 0];[1 0 1];['D' 'H' 'D'];['H' 'D' 'H'];0.18;0.82;0.0;0.36;0.64;0.0;;;;;;;
2026-05-16;193269010;Australia NPL Queensland;Australia;05:15;Schedule;False;0.375;1.95;3.5;1.85;3.5;0.0;0.0;;0.0;0.0;0.0;0.0;0.0;;Rochedale Rovers;;0.0;0.0;1.6;0;0.0;0 - 0;4.2;Magic United;;0.0;0.0;4.0;0;0.0;-1.0;0 - 0;0-0;3.5;1.5;-;nan;;;;;;;;;;;;;;;;0.0;0.0;0.0;0.0;;;0.0;0.0;0.0;0.0;;[];[];[];[];[];[];[];[];1.0;0.0;0.0;1.0;0.0;0.0;91146.0;781806.0;rochedale rovers;magic united tfa;1.44;1.44;
2026-05-16;193268704;Australia NPL Victoria;Australia;05:15;Full;True;-0.36215816703621584;1.875;2.5, 3.0;1.925;2.5, 3.0;4.0;7.0;;1.0;2.0;3.0;267.0;140.0;100.0;Altona Magic;;0.0;1.0;4.1;1;1.0;1 - 0;3.8;Preston Lions;;0.0;0.0;1.65;0;0.0;+0.75;4 - 7;1-2;2.75;1.25;84 - 56;33 - 27;27.0;33.0;65.0;35.0;1.0;4.0;1.0;5.0;;;;;;;;133.0;134.0;56.0;84.0;60.0;40.0;2.0;6.0;6.0;10.0;;[39];[1];[False];['Altona Magic'];[0];[1];['D'];['H'];0.43;0.57;0.0;0.87;0.13;0.0;151492.0;364598.0;altona magic sc;preston lions fc;1.72;1.72;
2026-05-16;193269012;Australia NPL Queensland;Australia;05:30;Schedule;False;-0.25252525252525254;1.825;3.0, 3.5;1.975;3.0, 3.5;0.0;0.0;;0.0;0.0;0.0;0.0;0.0;;Gold Coast United;;0.0;0.0;3.3;0;0.0;0 - 0;3.9;Brisbane City;;0.0;0.0;1.8;0;0.0;+0.25;0 - 0;0-0;3.25;1.25;-;nan;;;;;;;;;;;;;;;;0.0;0.0;0.0;0.0;;;0.0;0.0;0.0;0.0;;[];[];[];[];[];[];[];[];1.0;0.0;0.0;1.0;0.0;0.0;35845.0;91920.0;gold coast united fc;brisbane city fc;1.44;1.44;
2026-05-16;194577887;Indonesia Super League;Indonesia;05:30;Full;True;-0.2485380116959064;1.825;2.5, 3.0;1.975;2.5, 3.0;7.0;8.0;;5.0;2.0;7.0;202.0;155.0;100.0;Persik Kediri;;0.0;2.0;3.6;1;1.0;1 - 3;3.3;Persija Jakarta;;0.0;1.0;1.9;1;3.0;+0.5;7 - 8;5-2;2.75;1.25;79 - 76;33 - 38;38.0;33.0;49.0;51.0;2.0;3.0;2.0;3.0;;;;;;;;98.0;104.0;76.0;79.0;48.0;52.0;6.0;6.0;5.0;3.0;;[24 26 64 66];[1 1 2 2];[False False False False];['Persik Kediri' 'Persija Jakarta' 'Persija Jakarta' 'Persija Jakarta'];[ 0  1  0 -1];[ 1  0 -1 -2];['D' 'H' 'D' 'A'];['H' 'D' 'A' 'A'];0.69;0.02;0.29;0.96;0.04;0.0;;;;;;;
2026-05-16;194588506;Australia NSW League 1 U20;Australia;05:30;Full;True;0.39844199933315155;2.0;3.5, 4.0;1.8;3.5, 4.0;6.0;3.0;;5.0;1.0;6.0;179.0;115.0;;Macarthur Rams U20;;0.0;0.0;1.571;3;4.0;4 - 0;4.2;Canterbury Bankstown FC U20;;0.0;2.0;4.2;0;0.0;-1.0;6 - 3;5-1;3.75;1.5;58 - 57;31 - 26;26.0;31.0;;;6.0;1.0;6.0;8.0;;;;;;;;108.0;71.0;57.0;58.0;;;8.0;6.0;12.0;12.0;;[ 7 19 28 61];[1 1 1 2];[False False False False];"['Macarthur Rams U20' 'Macarthur Rams U20' 'Macarthur Rams U20'
 'Macarthur Rams U20']";[0 1 2 3];[1 2 3 4];['D' 'H' 'H' 'H'];['H' 'H' 'H' 'H'];0.08;0.92;0.0;0.16;0.84;0.0;;;;;;;Youth
2026-05-16;194588512;Australia NSW League 1 U20;Australia;05:30;Full;True;0.5238095238095238;1.825;3.5;1.975;3.5;5.0;2.0;;2.0;1.0;3.0;180.0;34.0;;Northern Tigers U20;;0.0;1.0;1.4;1;3.0;3 - 0;4.75;Western City Rangers U20;;0.0;1.0;5.25;0;0.0;-1.5;5 - 2;2-1;3.5;1.5;23 - 11;10 - 3;3.0;10.0;;;0.0;3.0;0.0;3.0;;;;;;;;57.0;123.0;11.0;23.0;;;2.0;5.0;3.0;9.0;;[26 50 73];[1 2 2];[False False False];['Northern Tigers U20' 'Northern Tigers U20' 'Northern Tigers U20'];[0 1 2];[1 2 3];['D' 'H' 'H'];['H' 'H' 'H'];0.29;0.71;0.0;0.58;0.42;0.0;;;;;;;Youth
2026-05-16;194578695;Australia NSW League 1 U20;Australia;05:30;Full;True;0.7979675617470894;2.0;3.5, 4.0;1.8;3.5, 4.0;3.0;1.0;;0.0;0.0;0.0;146.0;131.0;;Hakoah Sydney City East U20;;0.0;2.0;1.143;4;7.0;7 - 0;7.0;Inter Lions U20;;0.0;2.0;13.0;0;0.0;-2.25;3 - 1;0-0;3.75;1.5;92 - 39;45 - 13;13.0;45.0;;;2.0;6.0;0.0;5.0;;;;;;;;90.0;56.0;39.0;92.0;;;2.0;9.0;1.0;10.0;;[12 30 36 42 49 53 86];[1 1 1 1 2 2 2];[False False False False False False False];"['Hakoah Sydney City East U20' 'Hakoah Sydney City East U20'
 'Hakoah Sydney City East U20' 'Hakoah Sydney City East U20'
 'Hakoah Sydney City East U20' 'Hakoah Sydney City East U20'
 'Hakoah Sydney City East U20']";[0 1 2 3 4 5 6];[1 2 3 4 5 6 7];['D' 'H' 'H' 'H' 'H' 'H' 'H'];['H' 'H' 'H' 'H' 'H' 'H' 'H'];0.13;0.87;0.0;0.27;0.73;0.0;;;;;;;Youth
2026-05-16;194530159;Taiwan Mulan League Women;Taiwan;05:30;Full;True;-0.9358392005450828;1.925;4.5;1.875;4.5;0.0;8.0;;0.0;2.0;2.0;123.0;117.0;100.0;Valkyrie (W);;0.0;0.0;34.0;0;0.0;0 - 3;12.0;Taichung Blue Whale (W);;0.0;0.0;1.036;1;3.0;+2.5;0 - 8;0-2;3.25;1.5;14 - 103;4 - 52;52.0;4.0;72.0;28.0;8.0;0.0;1.0;0.0;;;;;;;;102.0;21.0;103.0;14.0;72.0;28.0;19.0;1.0;4.0;0.0;;[24 77 78];[1 2 2];[False False False];"['Taichung Blue Whale (W)' 'Taichung Blue Whale (W)'
 'Taichung Blue Whale (W)']";[ 0 -1 -2];[-1 -2 -3];['D' 'A' 'A'];['A' 'A' 'A'];0.27;0.0;0.73;0.53;0.0;0.47;;;;;;;Women
2026-05-16;194588527;Australia Queensland Premier League 3;Australia;05:30;Full;True;-0.5142857142857142;1.9;4.0;1.9;4.0;4.0;10.0;;3.0;5.0;8.0;200.0;101.0;;North Pine;11.0;0.0;4.0;5.0;0;2.0;2 - 2;5.0;AC Carina;2.0;0.0;2.0;1.4;1;2.0;+1.5;4 - 10;3-5;4.0;1.75;45 - 56;19 - 28;28.0;19.0;;;3.0;1.0;7.0;2.0;;;;;;;;109.0;91.0;56.0;45.0;;;7.0;2.0;9.0;5.0;;[37 55 66 83];[1 2 2 2];[False False False False];['AC Carina' 'North Pine' 'AC Carina' 'North Pine'];[ 0 -1  0 -1];[-1  0 -1  0];['D' 'A' 'D' 'A'];['A' 'D' 'A' 'D'];0.61;0.0;0.39;0.82;0.0;0.18;;;;;;;
2026-05-16;194580860;Australia Darwin Premier League;Australia;05:30;Full;True;0.42857142857142855;1.85;3.5, 4.0;1.95;3.5, 4.0;3.0;2.0;;2.0;0.0;2.0;148.0;59.0;100.0;Mindil Aces;6.0;0.0;0.0;1.5;3;4.0;4 - 0;4.75;Hellenic AC;7.0;1.0;0.0;4.2;0;0.0;-1.5;3 - 2;2-0;3.75;1.5;35 - 24;19 - 11;11.0;19.0;65.0;35.0;0.0;2.0;1.0;3.0;;;;;;;;71.0;77.0;24.0;35.0;58.0;42.0;3.0;3.0;3.0;6.0;;[11 39 45 71];[1 1 1 2];[False False False False];['Mindil Aces' 'Mindil Aces' 'Mindil Aces' 'Mindil Aces'];[0 1 2 3];[1 2 3 4];['D' 'H' 'H' 'H'];['H' 'H' 'H' 'H'];0.12;0.88;0.0;0.24;0.76;0.0;;;;;;;
2026-05-16;194507428;Australia New South Wales Premier League;Australia;05:30;Full;True;-0.2857142857142857;1.975;2.5, 3.0;1.825;2.5, 3.0;4.0;2.0;;1.0;2.0;3.0;191.0;94.0;100.0;St George Saints;;0.0;1.0;3.5;0;1.0;1 - 3;3.9;Sydney United 58;;1.0;2.0;1.75;2;3.0;+0.5;4 - 2;1-2;2.75;1.0;58 - 36;25 - 20;20.0;25.0;42.0;58.0;2.0;1.0;2.0;1.0;;;;;;;;94.0;97.0;36.0;58.0;43.0;57.0;3.0;4.0;4.0;4.0;;[10 16 48 50];[1 1 2 2];[False False False False];"['Sydney United 58' 'Sydney United 58' 'St George Saints'
 'Sydney United 58']";[ 0 -1 -2 -1];[-1 -2 -1 -2];['D' 'A' 'A' 'A'];['A' 'A' 'A' 'A'];0.11;0.0;0.89;0.22;0.0;0.78;138216.0;2939.0;st george saints fc;sydney united 58 fc;1.8;1.72;
2026-05-16;194583030;Czechia 4. Liga;Czech Republic;05:30;Full;True;-0.17900688210111804;1.85;3.5;1.95;3.5;1.0;2.0;;1.0;1.0;2.0;228.0;105.0;100.0;FK Usti nad Labem B;;0.0;0.0;2.9;1;1.0;1 - 1;4.0;SK Ujezd Praha 4;;0.0;1.0;1.909;1;1.0;+0.25;1 - 2;1-1;3.5;1.5;54 - 51;25 - 18;18.0;25.0;42.0;58.0;5.0;2.0;2.0;4.0;;;;;;;;100.0;128.0;51.0;54.0;43.0;57.0;8.0;4.0;4.0;4.0;;[ 7 39];[1 1];[False False];['SK Ujezd Praha 4' 'FK Usti nad Labem B'];[ 0 -1];[-1  0];['D' 'A'];['A' 'D'];0.64;0.0;0.36;0.29;0.0;0.71;4868.0;;fk usti nad labem;;;;Youth
2026-05-16;194565461;Australia Queensland Premier League 2;Australia;05:30;Full;True;-0.13636363636363635;1.9;3.5, 4.0;1.9;3.5, 4.0;7.0;3.0;;2.0;3.0;5.0;108.0;85.0;;Southside Eagles;11.0;0.0;1.0;2.75;1;5.0;5 - 4;4.0;Mitchelton FC;7.0;0.0;0.0;2.0;2;4.0;+0.25;7 - 3;2-3;3.75;1.5;37 - 48;16 - 20;20.0;16.0;;;5.0;3.0;5.0;1.0;;;;;;;;60.0;48.0;48.0;37.0;;;7.0;7.0;11.0;7.0;;[ 5  9 48 51 52 56 73 84 92];[1 1 1 2 2 2 2 2 2];[False False  True False False False False False  True];"['Mitchelton FC' 'Mitchelton FC' 'Southside Eagles' 'Southside Eagles'
 'Mitchelton FC' 'Mitchelton FC' 'Southside Eagles' 'Southside Eagles'
 'Southside Eagles']";[ 0 -1 -2 -1  0 -1 -2 -1  0];[-1 -2 -1  0 -1 -2 -1  0  1];['D' 'A' 'A' 'A' 'D' 'A' 'A' 'A' 'D'];['A' 'A' 'A' 'D' 'A' 'A' 'A' 'D' 'H'];0.15;0.0;0.85;0.1;0.0;0.9;;;;;;;
2026-05-16;194578699;Australia NSW League 1 U20;Australia;06:00;Full;True;0.3367221292583588;1.975;3.5;1.825;3.5;8.0;1.0;;6.0;1.0;7.0;135.0;154.0;;Dulwich Hill U20;;0.0;4.0;1.667;2;4.0;4 - 1;4.0;Rydalmere Lions FC U20;;0.0;1.0;3.8;1;1.0;-0.75;8 - 1;6-1;3.5;1.5;83 - 71;40 - 33;33.0;40.0;;;0.0;0.0;2.0;7.0;;;;;;;;59.0;76.0;71.0;83.0;;;3.0;3.0;3.0;11.0;;[22 38 40 80 86];[1 1 1 2 2];[False False False False False];"['Dulwich Hill U20' 'Rydalmere Lions FC U20' 'Dulwich Hill U20'
 'Dulwich Hill U20' 'Dulwich Hill U20']";[0 1 0 1 2];[1 0 1 2 3];['D' 'H' 'D' 'H' 'H'];['H' 'D' 'H' 'H' 'H'];0.27;0.73;0.0;0.53;0.47;0.0;;;;;;;Youth
2026-05-16;194716517;Australia New South Wales U20 League;Australia;06:00;Full;True;;;3.25;;3.25;5.0;3.0;;2.0;2.0;4.0;90.0;90.0;;SD Raiders U20;;0.0;1.0;;2;4.0;4 - 5;;Sutherland Sharks U20;;0.0;1.0;;3;5.0;-0.25;5 - 3;2-2;3.25;1.25;56 - 34;22 - 19;19.0;22.0;;;1.0;2.0;7.0;4.0;;;;;;;;50.0;40.0;34.0;56.0;;;5.0;8.0;10.0;12.0;;[ 6 18 19 27 40 54 60 79 85];[1 1 1 1 1 2 2 2 2];[False False False False False False False False False];"['Sutherland Sharks U20' 'SD Raiders U20' 'Sutherland Sharks U20'
 'SD Raiders U20' 'Sutherland Sharks U20' 'Sutherland Sharks U20'
 'SD Raiders U20' 'SD Raiders U20' 'Sutherland Sharks U20']";[ 0 -1  0 -1  0 -1 -2 -1  0];[-1  0 -1  0 -1 -2 -1  0 -1];['D' 'A' 'D' 'A' 'D' 'A' 'A' 'A' 'D'];['A' 'D' 'A' 'D' 'A' 'A' 'A' 'D' 'A'];0.29;0.0;0.71;0.44;0.0;0.56;316737.0;364626.0;sd raiders fc;sutherland sharks fc;1.61;1.61;Youth
2026-05-16;194637599;Italy Campionato Primavera 2;Italy;06:00;Full;True;0.33321335732853424;1.8;3.0, 3.5;2.0;3.0, 3.5;4.0;6.0;;1.0;4.0;5.0;210.0;119.0;100.0;Pescara U19;;0.0;2.0;1.667;1;1.0;1 - 1;3.9;Albinoleffe U19;;0.0;1.0;3.75;1;1.0;-0.75;4 - 6;1-4;3.25;1.5;43 - 76;18 - 42;42.0;18.0;64.0;36.0;2.0;0.0;5.0;1.0;;;;;;;;126.0;84.0;76.0;43.0;63.0;37.0;4.0;4.0;6.0;1.0;;[21 25];[1 1];[False False];['Albinoleffe U19' 'Pescara U19'];[ 0 -1];[-1  0];['D' 'A'];['A' 'D'];0.96;0.0;0.04;0.91;0.0;0.09;2728.0;2732.0;delfino pescara;us albinoleffe;;;Youth
2026-05-16;194638934;Poland IV Liga;Poland;06:00;Full;True;0.765988938225442;1.9;3.5, 4.0;1.9;3.5, 4.0;7.0;1.0;;3.0;1.0;4.0;130.0;77.0;100.0;Wieczysta Krakow II;;0.0;3.0;1.167;1;1.0;1 - 0;7.0;Metal Tarnow;;0.0;3.0;11.0;0;0.0;-2.75;7 - 1;3-1;4.0;1.75;55 - 22;26 - 13;13.0;26.0;41.0;59.0;1.0;1.0;2.0;2.0;;;;;;;;42.0;88.0;22.0;55.0;35.0;65.0;2.0;12.0;2.0;8.0;;[39];[1];[False];['Wieczysta Krakow II'];[0];[1];['D'];['H'];0.43;0.57;0.0;0.87;0.13;0.0;406863.0;;wieczysta krakow;;;;Youth
2026-05-16;194716515;Australia New South Wales U20 League;Australia;06:00;Full;True;;;3.5;;3.5;4.0;3.0;;2.0;1.0;3.0;140.0;143.0;;Manly United U20;;0.0;2.0;;1;3.0;3 - 2;;Wollongong Wolves U20;;0.0;3.0;;0;2.0;-0.5;4 - 3;2-1;3.5;1.5;72 - 71;33 - 34;34.0;33.0;;;4.0;2.0;2.0;2.0;;;;;;;;65.0;75.0;71.0;72.0;;;7.0;2.0;7.0;5.0;;[28 50 63 66 72];[1 2 2 2 2];[False False False False False];"['Manly United U20' 'Wollongong Wolves U20' 'Manly United U20'
 'Wollongong Wolves U20' 'Manly United U20']";[0 1 0 1 0];[1 0 1 0 1];['D' 'H' 'D' 'H' 'D'];['H' 'D' 'H' 'D' 'H'];0.52;0.48;0.0;0.62;0.38;0.0;92208.0;2940.0;manly united fc;wollongong wolves fc;1.66;1.66;Youth
2026-05-16;194579182;Japan Regional League;Japan;06:00;Full;True;0.31588090086246307;1.925;2.5, 3.0;1.875;2.5, 3.0;4.0;1.0;;3.0;1.0;4.0;248.0;113.0;100.0;Asuka FC;;0.0;2.0;1.727;0;1.0;1 - 1;3.75;Moriyama Samurai;;0.0;2.0;3.8;0;1.0;-0.75;4 - 1;3-1;2.75;1.25;48 - 65;24 - 38;38.0;24.0;44.0;56.0;0.0;4.0;2.0;0.0;;;;;;;;138.0;110.0;65.0;48.0;48.0;52.0;4.0;6.0;7.0;3.0;;[55 70];[2 2];[False False];['Asuka FC' 'Moriyama Samurai'];[0 1];[1 0];['D' 'H'];['H' 'D'];0.83;0.17;0.0;1.0;0.0;0.0;;;;;;;
2026-05-16;194730760;Poland IV Liga;Poland;06:00;Full;True;;;3.25;;3.25;7.0;1.0;;3.0;0.0;3.0;0.0;0.0;;Ursus Warsaw;;0.0;2.0;;2;5.0;5 - 4;;Victoria Sulejowek;;0.0;3.0;;2;4.0;+0.75;7 - 1;3-0;3.25;1.25;-;-;0.0;0.0;;;0.0;0.0;2.0;2.0;;;;;;;;0.0;0.0;0.0;0.0;;;0.0;0.0;4.0;5.0;;[27 30 34 47 67 79 83 85 88];[1 1 1 1 2 2 2 2 2];[False False False  True False False False False False];"['Victoria Sulejowek' 'Victoria Sulejowek' 'Ursus Warsaw' 'Ursus Warsaw'
 'Victoria Sulejowek' 'Victoria Sulejowek' 'Ursus Warsaw' 'Ursus Warsaw'
 'Ursus Warsaw']";[ 0 -1 -2 -1  0 -1 -2 -1  0];[-1 -2 -1  0 -1 -2 -1  0  1];['D' 'A' 'A' 'A' 'D' 'A' 'A' 'A' 'D'];['A' 'A' 'A' 'D' 'A' 'A' 'A' 'D' 'H'];0.56;0.02;0.42;0.57;0.0;0.43;;;;;;;
2026-05-16;194508284;Australia Western Australia Premier League;Australia;06:00;Full;True;0.4991789819376027;2.0;3.5;1.8;3.5;6.0;2.0;;1.0;1.0;2.0;228.0;171.0;100.0;Dianella White Eagles;;0.0;3.0;1.45;1;2.0;2 - 3;4.2;Balcatta;;0.0;0.0;5.25;1;3.0;-1.25;6 - 2;1-1;3.25;1.5;99 - 72;37 - 44;44.0;37.0;39.0;61.0;5.0;2.0;3.0;2.0;;;;;;;;93.0;135.0;72.0;99.0;35.0;65.0;8.0;8.0;7.0;8.0;;[40 47 52 57 94];[1 1 2 2 2];[False  True False False  True];"['Dianella White Eagles' 'Balcatta' 'Balcatta' 'Balcatta'
 'Dianella White Eagles']";[ 0  1  0 -1 -2];[ 1  0 -1 -2 -1];['D' 'H' 'D' 'A' 'A'];['H' 'D' 'A' 'A' 'A'];0.48;0.07;0.45;0.85;0.15;0.0;254835.0;42505.0;dianella white eagles sc;balcatta;1.44;1.53;
2026-05-16;194596840;Japan JFL Cup;Japan;06:00;Full;True;0.0735930735930736;1.8;2.5, 3.0;2.0;2.5, 3.0;1.0;4.0;;1.0;4.0;5.0;153.0;112.0;100.0;Grulla Morioka FC;;0.0;2.0;2.2;1;2.0;2 - 1;3.5;Azul Claro Numazu;;0.0;1.0;2.625;0;1.0;+0.25;1 - 4;1-4;2.75;1.25;57 - 55;28 - 21;21.0;28.0;53.0;47.0;5.0;1.0;1.0;3.0;;;;;;;;77.0;76.0;55.0;57.0;55.0;45.0;8.0;4.0;3.0;5.0;;[36 50 75];[1 2 2];[False False False];['Grulla Morioka FC' 'Azul Claro Numazu' 'Grulla Morioka FC'];[0 1 0];[1 0 1];['D' 'H' 'D'];['H' 'D' 'H'];0.68;0.32;0.0;0.8;0.2;0.0;;;;;;;
2026-05-16;194638943;Poland IV Liga;Poland;06:00;Full;True;-0.5592247864337625;1.85;3.5;1.95;3.5;4.0;6.0;;3.0;5.0;8.0;150.0;86.0;100.0;Polonia Przemysl;;0.0;2.0;5.75;0;0.0;0 - 1;5.5;Cosmos Nowotaniec;;0.0;2.0;1.364;1;1.0;+1.5;4 - 6;3-5;3.5;1.25;30 - 56;14 - 25;25.0;14.0;57.0;43.0;5.0;1.0;4.0;2.0;;;;;;;;92.0;58.0;56.0;30.0;56.0;44.0;12.0;2.0;4.0;2.0;;[41];[1];[False];['Cosmos Nowotaniec'];[0];[-1];['D'];['A'];0.46;0.0;0.54;0.91;0.0;0.09;;;;;;;
2026-05-16;194594487;Poland Youth League;Poland;06:00;Full;True;-0.018912529550827395;1.95;3.5;1.85;3.5;4.0;7.0;;1.0;2.0;3.0;158.0;89.0;100.0;Lechia Gdansk U19;;0.0;1.0;2.35;2;3.0;3 - 3;3.9;Jagiellonia Bialystok U19;;0.0;3.0;2.25;1;3.0;-0.5;4 - 7;1-2;3.5;1.5;47 - 42;23 - 18;18.0;23.0;40.0;60.0;10.0;4.0;4.0;4.0;;;;;;;;73.0;85.0;42.0;47.0;45.0;55.0;13.0;15.0;7.0;6.0;;[ 3  7 44 75 84 95];[1 1 1 2 2 2];[False False False False False  True];"['Jagiellonia Bialystok U19' 'Lechia Gdansk U19' 'Lechia Gdansk U19'
 'Jagiellonia Bialystok U19' 'Jagiellonia Bialystok U19'
 'Lechia Gdansk U19']";[ 0 -1  0  1  0 -1];[-1  0  1  0 -1  0];['D' 'A' 'D' 'H' 'D' 'A'];['A' 'D' 'H' 'D' 'A' 'D'];0.52;0.33;0.16;0.89;0.02;0.09;7913.0;7691.0;ks lechia gdansk;jagiellonia bialystok;;;Youth
2026-05-16;194578472;Vietnam Division 2;Vietnam;06:00;Full;True;;;2.0;;2.0;7.0;3.0;;3.0;2.0;5.0;107.0;60.0;100.0;Dong Thap;;0.0;2.0;;1;1.0;1 - 1;;Long An;;0.0;1.0;;1;1.0;0.0;7 - 3;3-2;2.0;0.75;30 - 30;13 - 19;19.0;13.0;53.0;47.0;4.0;2.0;3.0;1.0;;;;;;;;50.0;57.0;30.0;30.0;37.0;63.0;4.0;7.0;4.0;5.0;;[ 2 12];[1 1];[False False];['Dong Thap' 'Long An'];[0 1];[1 0];['D' 'H'];['H' 'D'];0.89;0.11;0.0;0.78;0.22;0.0;;;;;;;
2026-05-16;194590772;Hungary NB III;Hungary;06:00;Full;True;0.4057502538142655;1.85;3.0;1.95;3.0;5.0;3.0;;4.0;3.0;7.0;143.0;116.0;;Szeged-Csanad Grosics II;;0.0;1.0;1.571;2;4.0;4 - 0;4.0;Martfui LSE;;0.0;1.0;4.333;0;0.0;-1.0;5 - 3;4-3;3.0;1.25;73 - 43;41 - 26;26.0;41.0;;;2.0;1.0;8.0;10.0;;;;;;;;81.0;62.0;43.0;73.0;;;7.0;9.0;11.0;17.0;;[ 7 44 73 83];[1 1 2 2];[False False False False];"['Szeged-Csanad Grosics II' 'Szeged-Csanad Grosics II'
 'Szeged-Csanad Grosics II' 'Szeged-Csanad Grosics II']";[0 1 2 3];[1 2 3 4];['D' 'H' 'H' 'H'];['H' 'H' 'H' 'H'];0.08;0.92;0.0;0.16;0.84;0.0;;;;;;;Youth
2026-05-16;194592095;Austria Women League 2;Austria;06:00;Full;True;0.7460236886632826;2.0;3.0, 3.5;1.8;3.0, 3.5;7.0;1.0;;2.0;1.0;3.0;220.0;74.0;100.0;Rapid Vienna (W);;0.0;0.0;1.182;2;6.0;6 - 2;6.5;Wacker Innsbruck (W);;0.0;0.0;10.0;1;2.0;-2.5;7 - 1;2-1;3.5;1.5;57 - 17;33 - 9;9.0;33.0;34.0;66.0;1.0;4.0;2.0;7.0;;;;;;;;79.0;141.0;17.0;57.0;30.0;70.0;2.0;10.0;4.0;17.0;;[ 6 11 46 53 58 66 86 87];[1 1 1 2 2 2 2 2];[False False  True False False False False False];"['Rapid Vienna (W)' 'Wacker Innsbruck (W)' 'Rapid Vienna (W)'
 'Rapid Vienna (W)' 'Rapid Vienna (W)' 'Wacker Innsbruck (W)'
 'Rapid Vienna (W)' 'Rapid Vienna (W)']";[0 1 0 1 2 3 2 3];[1 0 1 2 3 2 3 4];['D' 'H' 'D' 'H' 'H' 'H' 'H' 'H'];['H' 'D' 'H' 'H' 'H' 'H' 'H' 'H'];0.46;0.54;0.0;0.89;0.11;0.0;2055.0;;sk rapid;;;;Women
2026-05-16;194594168;Poland IV Liga;Poland;06:00;Full;True;-0.4791288566243195;2.0;3.0, 3.5;1.8;3.0, 3.5;6.0;1.0;;1.0;1.0;2.0;180.0;99.0;100.0;Jaguar Gdansk;;0.0;2.0;4.75;1;2.0;2 - 4;4.5;Gedania Gdansk;;0.0;1.0;1.45;2;4.0;+0.75;6 - 1;1-1;3.25;1.25;48 - 51;22 - 29;29.0;22.0;61.0;39.0;3.0;3.0;2.0;1.0;;;;;;;;94.0;86.0;51.0;48.0;60.0;40.0;5.0;9.0;6.0;6.0;;[ 6 19 21 49 57 82];[1 1 1 2 2 2];[False False False False False False];"['Gedania Gdansk' 'Jaguar Gdansk' 'Gedania Gdansk' 'Gedania Gdansk'
 'Gedania Gdansk' 'Jaguar Gdansk']";[ 0 -1  0 -1 -2 -3];[-1  0 -1 -2 -3 -2];['D' 'A' 'D' 'A' 'A' 'A'];['A' 'D' 'A' 'A' 'A' 'A'];0.09;0.0;0.91;0.18;0.0;0.82;;;;;;;
2026-05-16;194565010;Australia New South Wales League 2;Australia;06:00;Full;True;-0.09474590869939709;1.875;3.0;1.925;3.0;4.0;5.0;;2.0;2.0;4.0;114.0;113.0;;Dunbar Rovers FC;;0.0;0.0;2.7;2;3.0;3 - 1;3.7;Fraser Park;;0.0;0.0;2.15;0;1.0;0.0;4 - 5;2-2;3.0;1.25;60 - 53;24 - 22;22.0;24.0;;;2.0;1.0;2.0;4.0;;;;;;;;57.0;57.0;53.0;60.0;;;3.0;8.0;4.0;9.0;;[ 8 27 58 84];[1 1 2 2];[False False False False];['Dunbar Rovers FC' 'Dunbar Rovers FC' 'Fraser Park' 'Dunbar Rovers FC'];[0 1 2 1];[1 2 1 2];['D' 'H' 'H' 'H'];['H' 'H' 'H' 'H'];0.09;0.91;0.0;0.18;0.82;0.0;;;;;;;
2026-05-16;194594484;Poland Youth League;Poland;06:00;Full;True;-0.26839826839826836;1.95;3.0, 3.5;1.85;3.0, 3.5;6.0;4.0;;5.0;2.0;7.0;137.0;69.0;100.0;Resovia Rzeszow U19;;0.0;2.0;3.3;0;0.0;0 - 2;4.0;Miedz Legnica U19;;0.0;2.0;1.75;1;2.0;+0.5;6 - 4;5-2;3.25;1.25;35 - 34;14 - 15;15.0;14.0;51.0;49.0;3.0;8.0;1.0;2.0;;;;;;;;68.0;69.0;34.0;35.0;52.0;48.0;5.0;17.0;3.0;6.0;;[31 49];[1 2];[False False];['Miedz Legnica U19' 'Miedz Legnica U19'];[ 0 -1];[-1 -2];['D' 'A'];['A' 'A'];0.34;0.0;0.66;0.69;0.0;0.31;37204.0;35330.0;cwks resovia;miedz legnica;;;Youth
2026-05-16;194596923;Israel Youth League;Israel;06:00;Full;True;0.3215686274509804;1.9;3.0;1.9;3.0;5.0;7.0;;3.0;4.0;7.0;121.0;56.0;100.0;FC Ashdod U19;;0.0;0.0;1.7;3;5.0;5 - 1;3.8;Hapoel Nir Ramat Hasharon U19;;0.0;2.0;3.75;1;1.0;-0.75;5 - 7;3-4;3.0;1.25;31 - 25;17 - 13;13.0;17.0;47.0;53.0;2.0;3.0;4.0;4.0;;;;;;;;61.0;60.0;25.0;31.0;46.0;54.0;8.0;3.0;6.0;7.0;;[ 5 36 42 45 70 91];[1 1 1 1 2 2];[False False False False False  True];"['FC Ashdod U19' 'FC Ashdod U19' 'Hapoel Nir Ramat Hasharon U19'
 'FC Ashdod U19' 'FC Ashdod U19' 'FC Ashdod U19']";[0 1 2 1 2 3];[1 2 1 2 3 4];['D' 'H' 'H' 'H' 'H' 'H'];['H' 'H' 'H' 'H' 'H' 'H'];0.05;0.95;0.0;0.11;0.89;0.0;;;;;;;Youth
2026-05-16;194593062;Poland IV Liga;Poland;06:00;Full;True;0.19298245614035087;1.975;3.5;1.825;3.5;11.0;3.0;;6.0;1.0;7.0;200.0;98.0;100.0;Sparta Brodnica;;0.0;0.0;1.9;0;0.0;0 - 2;3.9;Mustang Ostaszewo;;0.0;1.0;3.0;1;2.0;-0.5;11 - 3;6-1;3.0;1.25;61 - 37;30 - 17;17.0;30.0;43.0;57.0;2.0;3.0;2.0;2.0;;;;;;;;91.0;109.0;37.0;61.0;44.0;56.0;4.0;10.0;5.0;4.0;;[20 91];[1 2];[False  True];['Mustang Ostaszewo' 'Mustang Ostaszewo'];[ 0 -1];[-1 -2];['D' 'A'];['A' 'A'];0.22;0.0;0.78;0.44;0.0;0.56;;;;;;;
2026-05-16;194578193;Australia Queensland Premier League 3;Australia;06:15;Full;True;0.05454545454545451;2.0;3.5, 4.0;1.8;3.5, 4.0;4.0;8.0;;0.0;2.0;2.0;115.0;143.0;;University of Queensland;;0.0;0.0;2.2;1;2.0;2 - 3;3.8;Springfield United;;0.0;2.0;2.5;1;3.0;0.0;4 - 8;0-2;3.75;1.75;61 - 82;22 - 35;35.0;22.0;;;1.0;2.0;3.0;5.0;;;;;;;;55.0;60.0;82.0;61.0;;;6.0;5.0;10.0;7.0;;[34 37 66 73 80];[1 1 2 2 2];[False False False False False];"['University of Queensland' 'Springfield United' 'Springfield United'
 'Springfield United' 'University of Queensland']";[ 0  1  0 -1 -2];[ 1  0 -1 -2 -1];['D' 'H' 'D' 'A' 'A'];['H' 'D' 'A' 'A' 'A'];0.7;0.03;0.27;0.93;0.07;0.0;;;;;;;
2026-05-16;194580243;Australia Capital Territory Premier League;Australia;06:15;Full;True;0.6442716433385174;1.875;3.5, 4.0;1.925;3.5, 4.0;2.0;9.0;;2.0;1.0;3.0;214.0;140.0;100.0;Tuggeranong Utd;;0.0;0.0;1.286;0;5.0;5 - 1;5.0;Brindabella Blues FC;;0.0;0.0;7.5;0;1.0;-1.5;2 - 9;2-1;3.75;1.5;69 - 71;43 - 32;32.0;43.0;49.0;51.0;3.0;5.0;4.0;2.0;;;;;;;;111.0;103.0;71.0;69.0;49.0;51.0;10.0;11.0;10.0;11.0;;[58 67 71 75 89 90];[2 2 2 2 2 2];[False False False False False False];"['Tuggeranong Utd' 'Tuggeranong Utd' 'Tuggeranong Utd' 'Tuggeranong Utd'
 'Brindabella Blues FC' 'Tuggeranong Utd']";[0 1 2 3 4 3];[1 2 3 4 3 4];['D' 'H' 'H' 'H' 'H' 'H'];['H' 'H' 'H' 'H' 'H' 'H'];0.64;0.36;0.0;1.0;0.0;0.0;;;;;;;
2026-05-16;194588542;Australia Victoria PL 1 U23;Australia;06:15;Full;True;-0.10318949343339595;1.85;3.5;1.95;3.5;3.0;1.0;;2.0;0.0;2.0;142.0;95.0;;North Geelong U23;;0.0;3.0;2.6;1;3.0;3 - 1;4.2;Langwarrin U23;;0.0;0.0;2.05;1;1.0;+0.25;3 - 1;2-0;3.5;1.5;51 - 44;28 - 22;22.0;28.0;;;1.0;1.0;2.0;3.0;;;;;;;;58.0;84.0;44.0;51.0;;;3.0;3.0;6.0;5.0;;[ 2  4 74 88];[1 1 2 2];[False False False False];"['Langwarrin U23' 'North Geelong U23' 'North Geelong U23'
 'North Geelong U23']";[ 0 -1  0  1];[-1  0  1  2];['D' 'A' 'D' 'H'];['A' 'D' 'H' 'H'];0.8;0.18;0.02;0.96;0.0;0.04;;;;;;;Youth
2026-05-16;194507430;Australia New South Wales Premier League;Australia;06:15;Full;True;-0.47567567567567565;1.85;3.0;1.95;3.0;1.0;5.0;;0.0;4.0;4.0;268.0;158.0;100.0;St George City FA;;0.0;1.0;5.0;2;2.0;2 - 1;4.2;Apia L Tigers;;0.0;1.0;1.48;0;1.0;+1.0;1 - 5;0-4;3.0;1.25;35 - 123;14 - 58;58.0;14.0;73.0;27.0;4.0;3.0;1.0;5.0;;;;;;;;187.0;81.0;123.0;35.0;75.0;25.0;9.0;4.0;7.0;6.0;;[ 6 26 81];[1 1 2];[False False False];['St George City FA' 'St George City FA' 'Apia L Tigers'];[0 1 2];[1 2 1];['D' 'H' 'H'];['H' 'H' 'H'];0.07;0.93;0.0;0.13;0.87;0.0;323705.0;92202.0;st george city fa;apia leichhardt;1.66;1.66;
2026-05-16;194565003;Australia New South Wales League 2;Australia;06:21;Full;True;0.15217391304347827;1.8;3.0;2.0;3.0;7.0;5.0;;1.0;3.0;4.0;134.0;95.0;;Bonnyrigg White Eagles;;0.0;4.0;2.0;0;2.0;2 - 1;3.8;Sydney University;;0.0;2.0;2.875;1;1.0;-0.5;7 - 5;1-3;3.0;1.25;38 - 57;16 - 29;29.0;16.0;;;2.0;2.0;3.0;3.0;;;;;;;;69.0;65.0;57.0;38.0;;;8.0;3.0;7.0;11.0;;[24 87 96];[1 2 2];[False False  True];['Sydney University' 'Bonnyrigg White Eagles' 'Bonnyrigg White Eagles'];[ 0 -1  0];[-1  0  1];['D' 'A' 'D'];['A' 'D' 'H'];0.34;0.0;0.66;0.53;0.0;0.47;;;;;;;
2026-05-16;194578633;Australia South Australia State League 1;Australia;06:30;Schedule;False;-0.3926347984039994;2.0;3.0, 3.5;1.8;3.0, 3.5;2.0;0.0;;2.0;0.0;2.0;70.0;43.0;100.0;Adelaide Cobras;;0.0;0.0;4.1;0;0.0;0 - 0;4.2;Modbury Jets;;0.0;0.0;1.571;0;0.0;+0.75 ( +0.5);2 - 0;2-0;3.0 ( 2);1.25 ( 0.5);25 - 18;nan;;;;;;;;;;;;;;;;34.0;36.0;18.0;25.0;60.0;40.0;5.0;1.0;0.0;1.0;;[];[];[];[];[];[];[];[];1.0;0.0;0.0;1.0;0.0;0.0;;;;;;;
2026-05-16;194592076;Estonia Meistriliiga Women;Estonia;06:30;Full;True;0.9358392005450828;1.9;4.0, 4.5;1.9;4.0, 4.5;8.0;3.0;;4.0;0.0;4.0;289.0;161.0;100.0;FC Flora Tallinn (W);;0.0;1.0;1.036;6;7.0;7 - 1;17.0;FC Elva (W);;0.0;0.0;34.0;1;1.0;-3.75;8 - 3;4-0;4.5;2.0;92 - 69;49 - 26;26.0;49.0;35.0;65.0;0.0;1.0;4.0;11.0;;;;;;;;132.0;157.0;69.0;92.0;41.0;59.0;2.0;4.0;5.0;16.0;;[12 16 23 25 29 37 39 82];[1 1 1 1 1 1 1 2];[False False False False False False False False];"['FC Flora Tallinn (W)' 'FC Flora Tallinn (W)' 'FC Flora Tallinn (W)'
 'FC Flora Tallinn (W)' 'FC Flora Tallinn (W)' 'FC Flora Tallinn (W)'
 'FC Elva (W)' 'FC Flora Tallinn (W)']";[0 1 2 3 4 5 6 5];[1 2 3 4 5 6 5 6];['D' 'H' 'H' 'H' 'H' 'H' 'H' 'H'];['H' 'H' 'H' 'H' 'H' 'H' 'H' 'H'];0.13;0.87;0.0;0.27;0.73;0.0;3346.0;;tallinna fc flora;;;;Women
2026-05-16;194678493;India I-League 3;India;06:30;Full;True;-0.19298245614035087;1.85;3.0;1.95;3.0;4.0;5.0;;3.0;2.0;5.0;266.0;167.0;;Sunrise Club Orissa;;0.0;1.0;3.0;0;0.0;0 - 0;4.1;Trau FC;;0.0;2.0;1.9;0;0.0;+0.5;4 - 5;3-2;3.0;1.25;67 - 100;36 - 47;47.0;36.0;;;4.0;2.0;1.0;0.0;;;;;;;;144.0;122.0;100.0;67.0;;;10.0;4.0;4.0;1.0;;[];[];[];[];[];[];[];[];1.0;0.0;0.0;1.0;0.0;0.0;;;;;;;
2026-05-16;194678490;India I-League 3;India;06:30;Full;True;-0.0444444444444444;1.95;3.0;1.85;3.0;9.0;1.0;;2.0;1.0;3.0;260.0;195.0;;FC Raengdai;;0.0;1.0;2.5;2;4.0;4 - 2;3.75;Chhaygaon FC;;0.0;2.0;2.25;1;2.0;0.0;9 - 1;2-1;3.0;1.25;138 - 57;63 - 35;35.0;63.0;;;0.0;7.0;2.0;4.0;;;;;;;;110.0;150.0;57.0;138.0;;;2.0;15.0;3.0;7.0;;[  5  29  50  67  96 101];[1 1 1 2 2 2];[False False  True False  True  True];"['Chhaygaon FC' 'FC Raengdai' 'FC Raengdai' 'Chhaygaon FC' 'FC Raengdai'
 'FC Raengdai']";[ 0 -1  0  1  0  1];[-1  0  1  0  1  2];['D' 'A' 'D' 'H' 'D' 'H'];['A' 'D' 'H' 'D' 'H' 'H'];0.54;0.22;0.24;0.52;0.0;0.48;;;;;;;
2026-05-16;194595848;Spain Regional League;Spain;06:30;Full;True;-0.016006402561024313;1.8;2.0, 2.5;2.0;2.0, 2.5;3.0;4.0;;1.0;3.0;4.0;143.0;76.0;100.0;CD Getxo;;0.0;1.0;2.55;0;2.0;2 - 1;3.2;Bermeo;;1.0;1.0;2.45;0;1.0;0.0;3 - 4;1-3;2.25;1.0;39 - 37;21 - 19;19.0;21.0;54.0;46.0;3.0;0.0;2.0;2.0;;;;;;;;76.0;67.0;37.0;39.0;51.0;49.0;5.0;3.0;4.0;6.0;;[48 60 73];[2 2 2];[False False False];['Bermeo' 'CD Getxo' 'CD Getxo'];[ 0 -1  0];[-1  0  1];['D' 'A' 'D'];['A' 'D' 'H'];0.68;0.19;0.13;1.0;0.0;0.0;;;;;;;
2026-05-16;194594806;Estonia Meistriliiga Women;Estonia;06:30;Full;True;-0.11904761904761901;1.9;3.0;1.9;3.0;3.0;9.0;;1.0;5.0;6.0;259.0;167.0;;Harju JK Laagri (W);;0.0;0.0;2.8;0;2.0;2 - 5;3.7;Viimsi JK (W);;0.0;0.0;2.1;3;5.0;+0.5;3 - 9;1-5;3.0;1.25;82 - 85;39 - 40;40.0;39.0;;;2.0;3.0;8.0;5.0;;;;;;;;113.0;146.0;85.0;82.0;;;8.0;9.0;17.0;8.0;;[ 3  5 46 54 56 72 79];[1 1 1 2 2 2 2];[False False  True False False False False];"['Viimsi JK (W)' 'Viimsi JK (W)' 'Viimsi JK (W)' 'Harju JK Laagri (W)'
 'Viimsi JK (W)' 'Harju JK Laagri (W)' 'Viimsi JK (W)']";[ 0 -1 -2 -3 -2 -3 -2];[-1 -2 -3 -2 -3 -2 -3];['D' 'A' 'A' 'A' 'A' 'A' 'A'];['A' 'A' 'A' 'A' 'A' 'A' 'A'];0.03;0.0;0.97;0.07;0.0;0.93;560360.0;;harju jk laagri;;;;Women
2026-05-16;194619556;Lithuania A Lyga Women;Lithuania;06:30;Full;True;0.965708765998551;1.95;5.0, 5.5;1.85;5.0, 5.5;1.0;2.0;;1.0;1.0;2.0;253.0;124.0;;MFA Zalgiris (W);;0.0;0.0;1.01;1;3.0;3 - 0;34.0;Kauno Rajono FA (W);;0.0;1.0;41.0;0;0.0;-4.0;1 - 2;1-1;4.5;2.0;102 - 22;41 - 10;10.0;41.0;;;1.0;8.0;0.0;3.0;;;;;;;;82.0;171.0;22.0;102.0;;;1.0;19.0;1.0;11.0;;[10 56 60];[1 2 2];[False False False];['MFA Zalgiris (W)' 'MFA Zalgiris (W)' 'MFA Zalgiris (W)'];[0 1 2];[1 2 3];['D' 'H' 'H'];['H' 'H' 'H'];0.11;0.89;0.0;0.22;0.78;0.0;;;;;;;Women
2026-05-16;194015536;Australia A-League;Australia;06:40;Full;True;0.08730158730158727;1.85;3.0;1.95;3.0;5.0;3.0;;2.0;3.0;5.0;188.0;133.0;100.0;Newcastle Jets;;0.0;5.0;2.25;0;1.0;1 - 1;3.7;Sydney FC;;0.0;2.0;2.8;0;1.0;-0.25;5 - 3;2-3;3.0;1.25;88 - 45;32 - 22;22.0;32.0;51.0;49.0;3.0;3.0;1.0;0.0;;;;;;;;69.0;119.0;45.0;88.0;43.0;57.0;5.0;14.0;6.0;3.0;;[64 96];[2 2];[False  True];['Sydney FC' 'Newcastle Jets'];[ 0 -1];[-1  0];['D' 'A'];['A' 'D'];0.67;0.0;0.33;1.0;0.0;0.0;2934.0;5971.0;newcastle united jets;sydney fc;1.4;1.44;
2026-05-16;194733161;Australia New South Wales U20 League;Australia;06:45;Full;True;;;3.75;;3.75;1.0;6.0;;0.0;5.0;5.0;204.0;128.0;;NWS Spirit FC U20;;0.0;1.0;;0;0.0;0 - 0;;Marconi Stallions U20;;0.0;1.0;;0;0.0;+0.75;1 - 6;0-5;3.75;1.5;54 - 74;23 - 37;37.0;23.0;;;5.0;2.0;1.0;2.0;;;;;;;;115.0;89.0;74.0;54.0;;;9.0;5.0;5.0;3.0;;[];[];[];[];[];[];[];[];1.0;0.0;0.0;1.0;0.0;0.0;264417.0;264413.0;nws spirit fc;marconi stallions fc;1.66;1.8;Youth
2026-05-16;194577508;Vietnam V-League 2;Vietnam;07:00;Full;True;-0.3884080628255044;1.85;2.5, 3.0;1.95;2.5, 3.0;3.0;4.0;;0.0;3.0;3.0;110.0;109.0;100.0;Cong An HCMC II;;0.0;0.0;4.333;0;1.0;1 - 2;3.8;Xuan Thien Phu Tho;;0.0;0.0;1.615;0;2.0;+1.0;3 - 4;0-3;2.75;1.25;50 - 59;14 - 35;35.0;14.0;62.0;38.0;12.0;3.0;1.0;0.0;;;;;;;;57.0;53.0;59.0;50.0;59.0;41.0;15.0;4.0;5.0;2.0;;[48 52 60];[2 2 2];[False False False];['Xuan Thien Phu Tho' 'Cong An HCMC II' 'Xuan Thien Phu Tho'];[ 0 -1  0];[-1  0 -1];['D' 'A' 'D'];['A' 'D' 'A'];0.62;0.0;0.38;1.0;0.0;0.0;33120.0;;cong an tp ho chi minh city fc;;;;Youth
2026-05-16;194587986;Kazakhstan Premier League;Kazakhstan;07:00;Full;True;0.2535641980377444;2.025;2.0, 2.5;1.775;2.0, 2.5;4.0;0.0;;3.0;0.0;3.0;146.0;86.0;100.0;FK Ulytau;5.0;0.0;5.0;1.909;0;1.0;1 - 0;3.0;FK Kaspyi Aktau;13.0;0.0;5.0;3.7;0;0.0;-0.5;4 - 0;3-0;2.25;1.0;52 - 34;20 - 17;17.0;20.0;47.0;53.0;3.0;3.0;1.0;2.0;;;;;;;;58.0;88.0;34.0;52.0;41.0;59.0;9.0;9.0;2.0;5.0;;[93];[2];[ True];['FK Ulytau'];[0];[1];['D'];['H'];1.0;0.0;0.0;1.0;0.0;0.0;;;;;;;
2026-05-16;194594489;Poland Youth League;Poland;07:00;Full;True;0.7156862745098039;2.0;4.0;1.8;4.0;8.0;0.0;;2.0;0.0;2.0;152.0;94.0;100.0;Legia Warsaw U19;;0.0;2.0;1.2;0;2.0;2 - 1;6.5;Znicz Pruszkow U19;;0.0;2.0;8.5;1;1.0;-2.0;8 - 0;2-0;3.75;1.5;56 - 38;29 - 17;17.0;29.0;32.0;68.0;1.0;3.0;1.0;4.0;;;;;;;;58.0;94.0;38.0;56.0;30.0;70.0;6.0;10.0;7.0;9.0;;[ 8 50 60];[1 2 2];[False False False];['Znicz Pruszkow U19' 'Legia Warsaw U19' 'Legia Warsaw U19'];[ 0 -1  0];[-1  0  1];['D' 'A' 'D'];['A' 'D' 'H'];0.2;0.33;0.47;0.18;0.0;0.82;3106.0;7923.0;legia warszawa;mks znicz pruszkow;;;Youth
2026-05-16;194577880;Hong Kong Premier League;Hong Kong;07:00;Full;True;0.11255411255411252;1.8;2.5, 3.0;2.0;2.5, 3.0;3.0;8.0;;1.0;5.0;6.0;143.0;132.0;100.0;Eastern District;;0.0;3.0;2.1;1;1.0;1 - 1;3.6;HK Rangers FC;;0.0;1.0;2.75;1;1.0;-0.25;3 - 8;1-5;2.75;1.25;54 - 78;26 - 38;38.0;26.0;48.0;52.0;5.0;2.0;1.0;2.0;;;;;;;;74.0;69.0;78.0;54.0;53.0;47.0;14.0;4.0;5.0;6.0;;[19 31];[1 1];[False False];['HK Rangers FC' 'Eastern District'];[ 0 -1];[-1  0];['D' 'A'];['A' 'D'];0.87;0.0;0.13;0.73;0.0;0.27;;;;;;;
2026-05-16;194594762;Poland III Liga;Poland;07:00;Full;True;0.11255411255411252;1.875;2.5, 3.0;1.925;2.5, 3.0;4.0;10.0;;3.0;5.0;8.0;170.0;98.0;100.0;Sleza Wroclaw;;0.0;3.0;2.1;1;2.0;2 - 0;3.6;Slowianin Woliborz;;0.0;4.0;2.75;0;0.0;-0.25;4 - 10;3-5;2.75;1.25;44 - 54;23 - 17;17.0;23.0;52.0;48.0;5.0;5.0;7.0;3.0;;;;;;;;90.0;80.0;54.0;44.0;58.0;42.0;12.0;5.0;12.0;6.0;;[24 67];[1 2];[False False];['Sleza Wroclaw' 'Sleza Wroclaw'];[0 1];[1 2];['D' 'H'];['H' 'H'];0.27;0.73;0.0;0.53;0.47;0.0;;;;;;;
2026-05-16;194578474;Vietnam Division 2;Vietnam;07:00;Full;True;;;2.0;;2.0;5.0;4.0;;2.0;2.0;4.0;140.0;52.0;100.0;Khanh Hoa;;0.0;1.0;;1;2.0;2 - 2;;Bac Ninh;;0.0;2.0;;2;2.0;+0.25;5 - 4;2-2;2.0;0.75;22 - 30;11 - 14;14.0;11.0;40.0;60.0;3.0;2.0;3.0;2.0;;;;;;;;64.0;76.0;30.0;22.0;44.0;56.0;8.0;5.0;3.0;4.0;;[ 3 17 25 70];[1 1 1 2];[False False False False];['Bac Ninh' 'Khanh Hoa' 'Bac Ninh' 'Khanh Hoa'];[ 0 -1  0 -1];[-1  0 -1  0];['D' 'A' 'D' 'A'];['A' 'D' 'A' 'D'];0.34;0.0;0.66;0.24;0.0;0.76;;;;;;;
2026-05-16;193203795;South Korea K League 2;South Korea;07:00;Full;True;-0.4848484848484848;1.9;2.5;1.9;2.5;6.0;2.0;;1.0;0.0;1.0;197.0;120.0;100.0;Ansan Greeners FC;12.0;0.0;1.0;5.5;0;0.0;0 - 1;3.8;Gimpo FC;8.0;1.0;1.0;1.5;1;1.0;+1.0;6 - 2;1-0;2.5;1.0;81 - 39;40 - 15;15.0;40.0;50.0;50.0;1.0;6.0;1.0;0.0;;;;;;;;83.0;114.0;39.0;81.0;50.0;50.0;4.0;13.0;2.0;4.0;;[5];[1];[False];['Gimpo FC'];[0];[-1];['D'];['A'];0.06;0.0;0.94;0.11;0.0;0.89;319507.0;202341.0;ansan greeners fc;gimpo fc;2.1;2.0;
2026-05-16;194620546;Portugal U19 2nd Division;Portugal;07:00;Full;True;0.040100250626566414;1.8;2.0, 2.5;2.0;2.0, 2.5;1.0;7.0;;1.0;2.0;3.0;139.0;125.0;;Maritimo U19;;1.0;6.0;2.375;3;3.0;3 - 2;3.2;Gondomar U19;;0.0;3.0;2.625;0;2.0;0.0;1 - 7;1-2;2.25;1.0;50 - 75;24 - 31;31.0;24.0;;;4.0;0.0;1.0;4.0;;;;;;;;76.0;63.0;75.0;50.0;;;6.0;2.0;5.0;7.0;;[11 16 23 52 98];[1 1 1 2 2];[False False False False  True];"['Maritimo U19' 'Maritimo U19' 'Maritimo U19' 'Gondomar U19'
 'Gondomar U19']";[0 1 2 3 2];[1 2 3 2 1];['D' 'H' 'H' 'H' 'H'];['H' 'H' 'H' 'H' 'H'];0.11;0.89;0.0;0.24;0.76;0.0;3007.0;;maritimo madeira;;1.8;1.61;Youth
2026-05-16;194566421;Australia Western Australia State League 1;Australia;07:00;Full;True;-0.0444444444444444;1.8;3.0;2.0;3.0;8.0;5.0;;5.0;1.0;6.0;284.0;157.0;;Kingsley Westside;3.0;1.0;0.0;2.5;0;0.0;0 - 4;3.7;Floreat Athena;1.0;0.0;0.0;2.25;2;4.0;+0.25;8 - 5;5-1;2.75;1.25;75 - 82;42 - 36;36.0;42.0;;;1.0;6.0;4.0;1.0;;;;;;;;140.0;144.0;82.0;75.0;;;5.0;8.0;9.0;2.0;;[ 3 13 65 78];[1 1 2 2];[False False False False];['Floreat Athena' 'Floreat Athena' 'Floreat Athena' 'Floreat Athena'];[ 0 -1 -2 -3];[-1 -2 -3 -4];['D' 'A' 'A' 'A'];['A' 'A' 'A' 'A'];0.03;0.0;0.97;0.07;0.0;0.93;;;;;;;
2026-05-16;194594281;Poland IV Liga;Poland;07:00;Full;True;0.3752926074152383;1.9;3.5;1.9;3.5;4.0;5.0;;2.0;1.0;3.0;192.0;99.0;100.0;Chemik Police;;0.0;0.0;1.615;1;6.0;6 - 2;3.9;Blekitni Stargard II;;0.0;0.0;4.1;1;2.0;-1.0;4 - 5;2-1;3.5;1.5;60 - 39;27 - 17;17.0;27.0;46.0;54.0;1.0;6.0;3.0;3.0;;;;;;;;82.0;110.0;39.0;60.0;46.0;54.0;3.0;13.0;6.0;12.0;;[14 45 55 58 62 65 84 86];[1 1 2 2 2 2 2 2];[False False False False False False False False];"['Blekitni Stargard II' 'Chemik Police' 'Chemik Police' 'Chemik Police'
 'Blekitni Stargard II' 'Chemik Police' 'Chemik Police' 'Chemik Police']";[ 0 -1  0  1  2  1  2  3];[-1  0  1  2  1  2  3  4];['D' 'A' 'D' 'H' 'H' 'H' 'H' 'H'];['A' 'D' 'H' 'H' 'H' 'H' 'H' 'H'];0.27;0.39;0.34;0.31;0.0;0.69;;;;;;;Youth
2026-05-16;194422200;Poland Cup Women;Poland;07:00;Full;True;0.2425234340127957;2.0;3.0;1.8;3.0;9.0;4.0;;0.0;4.0;4.0;152.0;122.0;100.0;Czarni Sosnowiec (W);;0.0;3.0;1.833;1;2.0;2 - 2;3.7;GKS Katowice (W);;0.0;1.0;3.3;1;2.0;-0.5;9 - 4;0-4;2.75;1.25;62 - 60;18 - 30;30.0;18.0;54.0;46.0;2.0;1.0;2.0;1.0;;;;;;;;67.0;85.0;60.0;62.0;46.0;54.0;4.0;3.0;5.0;6.0;;[25 35 69 87];[1 1 2 2];[False False False False];"['Czarni Sosnowiec (W)' 'GKS Katowice (W)' 'Czarni Sosnowiec (W)'
 'GKS Katowice (W)']";[0 1 0 1];[1 0 1 0];['D' 'H' 'D' 'H'];['H' 'D' 'H' 'D'];0.69;0.31;0.0;0.78;0.22;0.0;;3112.0;;gks katowice;;;Women
2026-05-16;194579193;Poland III Liga;Poland;07:00;Full;True;0.0444444444444444;1.95;3.0;1.85;3.0;4.0;6.0;;1.0;2.0;3.0;174.0;117.0;100.0;LKS Goczalkowice Zdroj;;1.0;4.0;2.25;1;2.0;2 - 2;3.7;Gornik Zabrze II;;0.0;2.0;2.5;1;2.0;+0.25;4 - 6;1-2;3.0;1.25;44 - 73;17 - 27;27.0;17.0;49.0;51.0;5.0;1.0;3.0;1.0;;;;;;;;97.0;77.0;73.0;44.0;52.0;48.0;17.0;2.0;6.0;2.0;;[12 38 58 81];[1 1 2 2];[False False False False];"['LKS Goczalkowice Zdroj' 'Gornik Zabrze II' 'Gornik Zabrze II'
 'LKS Goczalkowice Zdroj']";[ 0  1  0 -1];[ 1  0 -1  0];['D' 'H' 'D' 'A'];['H' 'D' 'A' 'D'];0.46;0.29;0.26;0.42;0.58;0.0;;3110.0;;gornik zabrze;;;Youth
2026-05-16;194594767;Poland III Liga;Poland;07:00;Full;True;0.14297729184188396;1.85;2.5, 3.0;1.95;2.5, 3.0;7.0;9.0;;1.0;5.0;6.0;188.0;124.0;;Sparta Katowice;;0.0;3.0;2.05;0;1.0;1 - 0;3.6;Skra Czestochowa;;0.0;0.0;2.9;0;0.0;-0.25;7 - 9;1-5;2.75;1.25;46 - 78;23 - 40;40.0;23.0;;;8.0;2.0;1.0;0.0;;;;;;;;96.0;92.0;78.0;46.0;;;11.0;6.0;2.0;2.0;;[63];[2];[False];['Sparta Katowice'];[0];[1];['D'];['H'];0.7;0.3;0.0;1.0;0.0;0.0;;;;;;;
2026-05-16;194645437;Denmark Danmarksserien Promotion;Denmark;07:00;Full;True;0.23305373704309873;1.9;3.0, 3.5;1.9;3.0, 3.5;4.0;6.0;;2.0;3.0;5.0;156.0;82.0;100.0;Glostrup;;0.0;3.0;1.833;1;2.0;2 - 1;3.9;Allerød;;0.0;4.0;3.2;0;1.0;-0.25;4 - 6;2-3;3.25;1.25;46 - 36;23 - 13;13.0;23.0;39.0;61.0;6.0;1.0;2.0;3.0;;;;;;;;69.0;87.0;36.0;46.0;44.0;56.0;11.0;4.0;6.0;5.0;;[19 74 92];[1 2 2];[False False  True];['Glostrup' 'Allerød' 'Glostrup'];[0 1 0];[1 0 1];['D' 'H' 'D'];['H' 'D' 'H'];0.4;0.6;0.0;0.42;0.58;0.0;;;;;;;
2026-05-16;194577961;China Super League Women;China;07:00;Full;True;-0.509009009009009;1.95;2.5;1.85;2.5;3.0;4.0;;2.0;2.0;4.0;61.0;41.0;100.0;Sichuan (W);;0.0;0.0;6.0;0;0.0;0 - 3;3.6;Wuhan Jiangda University (W);;0.0;0.0;1.48;1;3.0;+1.0;3 - 4;2-2;2.5;1.0;14 - 27;7 - 21;21.0;7.0;71.0;29.0;2.0;4.0;2.0;1.0;;;;;;;;35.0;26.0;27.0;14.0;74.0;26.0;6.0;7.0;7.0;4.0;;[26 52 81];[1 2 2];[False False False];"['Wuhan Jiangda University (W)' 'Wuhan Jiangda University (W)'
 'Wuhan Jiangda University (W)']";[ 0 -1 -2];[-1 -2 -3];['D' 'A' 'A'];['A' 'A' 'A'];0.29;0.0;0.71;0.58;0.0;0.42;;;;;;;Women
2026-05-16;194733163;Portugal U23 League;Portugal;07:00;Full;True;;;2.75;;2.75;5.0;1.0;;2.0;0.0;2.0;174.0;81.0;100.0;Gil Vicente U23;;0.0;0.0;;1;2.0;2 - 2;;Leixoes U23;;0.0;2.0;;0;2.0;0.0;5 - 1;2-0;2.75;1.25;57 - 24;24 - 14;14.0;24.0;53.0;47.0;1.0;5.0;1.0;3.0;;;;;;;;78.0;96.0;24.0;57.0;49.0;51.0;1.0;11.0;4.0;6.0;;[29 59 69 92];[1 2 2 2];[False False False  True];['Gil Vicente U23' 'Leixoes U23' 'Leixoes U23' 'Gil Vicente U23'];[ 0  1  0 -1];[ 1  0 -1  0];['D' 'H' 'D' 'A'];['H' 'D' 'A' 'D'];0.42;0.33;0.25;0.64;0.36;0.0;3010.0;3018.0;gil vicente barcelos;leixoes sc;;;Youth
2026-05-16;194592086;Portugal U19 League;Portugal;07:00;Full;True;-0.48965517241379314;1.925;3.0, 3.5;1.875;3.0, 3.5;4.0;5.0;;3.0;2.0;5.0;154.0;97.0;100.0;Famalicao U19;;0.0;1.0;5.0;0;2.0;2 - 1;4.333;Benfica U19;;0.0;2.0;1.45;1;1.0;+1.25;4 - 5;3-2;3.25;1.25;41 - 56;23 - 25;25.0;23.0;54.0;46.0;6.0;2.0;2.0;1.0;;;;;;;;84.0;70.0;56.0;41.0;56.0;44.0;12.0;4.0;4.0;3.0;;[42 70 72];[1 2 2];[False False False];['Benfica U19' 'Famalicao U19' 'Famalicao U19'];[ 0 -1  0];[-1  0  1];['D' 'A' 'D'];['A' 'D' 'H'];0.49;0.2;0.31;0.93;0.0;0.07;49531.0;3006.0;fc famalicao;sl benfica;1.75;1.7;Youth
2026-05-16;194642641;Türkiye Womens League;Turkey;07:00;Full;True;0.9512659432705121;1.85;4.0;1.95;4.0;4.0;3.0;;1.0;3.0;4.0;129.0;66.0;100.0;Trabzonspor (W);;0.0;0.0;1.03;4;10.0;10 - 0;15.0;Giresun Sanayispor (W);;0.0;1.0;51.0;0;0.0;-3.25;4 - 3;1-3;4.0;1.75;54 - 12;22 - 10;10.0;22.0;44.0;56.0;3.0;3.0;0.0;4.0;;;;;;;;39.0;90.0;12.0;54.0;42.0;58.0;3.0;12.0;0.0;14.0;;[ 6 12 38 41 59 62 64 81 85 88];[1 1 1 1 2 2 2 2 2 2];[False False False False False False False False False False];"['Trabzonspor (W)' 'Trabzonspor (W)' 'Trabzonspor (W)' 'Trabzonspor (W)'
 'Trabzonspor (W)' 'Trabzonspor (W)' 'Trabzonspor (W)' 'Trabzonspor (W)'
 'Trabzonspor (W)' 'Trabzonspor (W)']";[0 1 2 3 4 5 6 7 8 9];[ 1  2  3  4  5  6  7  8  9 10];['D' 'H' 'H' 'H' 'H' 'H' 'H' 'H' 'H' 'H'];['H' 'H' 'H' 'H' 'H' 'H' 'H' 'H' 'H' 'H'];0.07;0.93;0.0;0.13;0.87;0.0;3051.0;;trabzonspor;;;;Women
2026-05-16;194527080;Portugal Segunda Liga;Portugal;07:00;Full;True;0.24060150375939848;1.825;2.0, 2.5;1.975;2.0, 2.5;3.0;3.0;;1.0;1.0;2.0;221.0;98.0;100.0;Torreense;3.0;0.0;1.0;1.9;1;4.0;4 - 0;3.4;Vizela;4.0;0.0;2.0;3.5;0;0.0;-0.5;3 - 3;1-1;2.5;1.0;55 - 43;22 - 15;15.0;22.0;50.0;50.0;3.0;3.0;1.0;3.0;;;;;;;;97.0;124.0;43.0;55.0;50.0;50.0;4.0;6.0;1.0;8.0;;[40 63 74 93];[1 2 2 2];[False False False  True];['Torreense' 'Torreense' 'Torreense' 'Torreense'];[0 1 2 3];[1 2 3 4];['D' 'H' 'H' 'H'];['H' 'H' 'H' 'H'];0.43;0.57;0.0;0.89;0.11;0.0;25787.0;5136.0;scu torreense;fc vizela;1.8;1.83;
2026-05-16;194537186;Ukraine Vyscha Liga;Ukraine;07:00;Full;True;-0.8564593301435406;1.975;4.0;1.825;4.0;2.0;6.0;;1.0;3.0;4.0;169.0;94.0;100.0;SC Poltava;16.0;0.0;2.0;19.0;0;0.0;0 - 2;8.5;Dynamo Kyiv;4.0;0.0;1.0;1.1;1;2.0;+2.5;2 - 6;1-3;3.5;1.5;39 - 55;24 - 28;28.0;24.0;58.0;42.0;3.0;2.0;6.0;1.0;;;;;;;;84.0;85.0;55.0;39.0;62.0;38.0;6.0;4.0;9.0;2.0;;[ 4 92];[1 2];[False  True];['Dynamo Kyiv' 'Dynamo Kyiv'];[ 0 -1];[-1 -2];['D' 'A'];['A' 'A'];0.04;0.0;0.96;0.09;0.0;0.91;586811.0;3305.0;sc poltava;fc dynamo kyiv;;;
2026-05-16;193717006;South Korea K League 1;South Korea;07:00;Full;True;0.5128205128205128;1.9;2.0, 2.5;1.9;2.0, 2.5;5.0;1.0;;5.0;1.0;6.0;184.0;110.0;100.0;Incheon Utd;;0.0;0.0;1.5;2;4.0;4 - 0;3.7;Gwangju FC;;0.0;2.0;6.5;0;0.0;-1.0;5 - 1;5-1;2.0;0.75;65 - 45;35 - 28;28.0;35.0;50.0;50.0;2.0;2.0;0.0;4.0;;;;;;;;82.0;102.0;45.0;65.0;50.0;50.0;2.0;2.0;0.0;5.0;;[20 27 55 66];[1 1 2 2];[False False False False];['Incheon Utd' 'Incheon Utd' 'Incheon Utd' 'Incheon Utd'];[0 1 2 3];[1 2 3 4];['D' 'H' 'H' 'H'];['H' 'H' 'H' 'H'];0.22;0.78;0.0;0.44;0.56;0.0;7648.0;48912.0;incheon united fc;gwangju fc;2.2;2.62;
2026-05-16;194518500;Germany Regionalliga Bayern;Germany;07:00;Schedule;False;0.3123721289326385;1.8;2.5, 3.0;2.0;2.5, 3.0;0.0;0.0;;0.0;0.0;0.0;0.0;0.0;;TSV Aubstadt;;0.0;0.0;1.727;0;0.0;0 - 0;3.75;SpVgg Bayreuth;;0.0;0.0;3.75;0;0.0;-0.25;0 - 0;0-0;2.75;1.25;-;nan;;;;;;;;;;;;;;;;0.0;0.0;0.0;0.0;;;0.0;0.0;0.0;0.0;;[];[];[];[];[];[];[];[];1.0;0.0;0.0;1.0;0.0;0.0;75115.0;5050.0;tsv aubstadt;spvgg bayreuth;1.61;1.57;
2026-05-16;194587994;South Korea K3 League;South Korea;07:00;Full;True;0.1111111111111111;1.875;2.0;1.925;2.0;6.0;5.0;;3.0;4.0;7.0;155.0;90.0;100.0;Ulsan Citizen FC;;0.0;1.0;2.25;0;0.0;0 - 0;3.0;Yangpyeong FC;;0.0;1.0;3.0;0;0.0;0.0;6 - 5;3-4;2.0;0.75;37 - 53;16 - 25;25.0;16.0;44.0;56.0;8.0;3.0;0.0;1.0;;;;;;;;82.0;73.0;53.0;37.0;44.0;56.0;15.0;8.0;4.0;2.0;;[];[];[];[];[];[];[];[];1.0;0.0;0.0;1.0;0.0;0.0;;;;;;;
2026-05-16;194527048;Portugal Segunda Liga;Portugal;07:00;Full;True;0.5325207756232687;1.85;2.5;1.95;2.5;6.0;2.0;;3.0;2.0;5.0;192.0;103.0;100.0;Academico Viseu;2.0;0.0;2.0;1.444;0;0.0;0 - 0;3.8;Sporting B;13.0;0.0;1.0;6.25;0;0.0;-1.0;6 - 2;3-2;2.5;1.0;59 - 44;31 - 23;23.0;31.0;49.0;51.0;3.0;3.0;0.0;2.0;;;;;;;;87.0;105.0;44.0;59.0;49.0;51.0;6.0;8.0;2.0;5.0;;[];[];[];[];[];[];[];[];1.0;0.0;0.0;1.0;0.0;0.0;3022.0;74467.0;academico de viseu fc;sporting lisbon b;1.9;1.9;Youth
2026-05-16;194619551;Lithuania A Lyga Women;Lithuania;07:00;Full;True;-0.8222222222222222;1.8;3.5;2.0;3.5;4.0;8.0;;1.0;4.0;5.0;152.0;72.0;100.0;FK Banga Women;;0.0;3.0;15.0;0;0.0;0 - 0;8.0;FK Zalgiris Vilnius (W);;0.0;3.0;1.125;0;0.0;+1.75;4 - 8;1-4;3.25;1.5;21 - 51;8 - 26;26.0;8.0;69.0;31.0;8.0;2.0;7.0;1.0;;;;;;;;93.0;59.0;51.0;21.0;67.0;33.0;13.0;6.0;10.0;2.0;;[];[];[];[];[];[];[];[];1.0;0.0;0.0;1.0;0.0;0.0;;5345.0;;vilnius fk zalgiris;;;Women
2026-05-16;193203798;South Korea K League 2;South Korea;07:00;Full;True;0.07763975155279507;1.8;2.0, 2.5;2.0;2.0, 2.5;3.0;1.0;;1.0;1.0;2.0;230.0;129.0;100.0;Cheonan City;14.0;0.0;2.0;2.3;0;0.0;0 - 0;3.1;Paju Frontier FC;11.0;1.0;3.0;2.8;0;0.0;0.0;3 - 1;1-1;2.25;1.0;81 - 48;44 - 17;17.0;44.0;41.0;59.0;2.0;3.0;1.0;0.0;;;;;;;;96.0;134.0;48.0;81.0;45.0;55.0;3.0;3.0;1.0;0.0;;[];[];[];[];[];[];[];[];1.0;0.0;0.0;1.0;0.0;0.0;41263.0;418115.0;cheonan city fc;paju citizen fc;1.83;1.83;
2026-05-16;194689255;Portugal U19 League;Portugal;07:00;Full;True;-0.15517241379310343;1.8;2.5, 3.0;2.0;2.5, 3.0;8.0;3.0;;3.0;2.0;5.0;138.0;81.0;100.0;Sporting U19;;0.0;1.0;2.9;0;1.0;1 - 3;3.6;FC Porto U19;;0.0;2.0;2.0;2;3.0;+0.5;8 - 3;3-2;3.0;nan;46 - 35;17 - 19;19.0;17.0;45.0;55.0;3.0;5.0;5.0;1.0;;;;;;;;60.0;78.0;35.0;46.0;42.0;58.0;6.0;14.0;8.0;2.0;;[12 45 60 83];[1 1 2 2];[False False False False];['FC Porto U19' 'FC Porto U19' 'Sporting U19' 'FC Porto U19'];[ 0 -1 -2 -1];[-1 -2 -1 -2];['D' 'A' 'A' 'A'];['A' 'A' 'A' 'A'];0.13;0.0;0.87;0.27;0.0;0.73;3001.0;3002.0;sporting cp;fc porto;;;Youth
2026-05-16;194599403;Netherlands U21 League;Netherlands;07:00;Full;True;-0.5835208802200551;1.825;3.5, 4.0;1.975;3.5, 4.0;1.0;4.0;;0.0;2.0;2.0;187.0;109.0;100.0;IJsselmeervogels U21;;0.0;2.0;6.0;1;3.0;3 - 5;5.0;FC Volendam U21;;0.0;1.0;1.333;2;5.0;+1.5;1 - 4;0-2;3.75;1.5;41 - 68;20 - 31;31.0;20.0;72.0;28.0;4.0;2.0;3.0;2.0;;;;;;;;112.0;75.0;68.0;41.0;67.0;33.0;8.0;3.0;7.0;6.0;;[13 39 46 51 55 61 69 87];[1 1 1 2 2 2 2 2];[False False  True False False False False False];"['FC Volendam U21' 'IJsselmeervogels U21' 'FC Volendam U21'
 'FC Volendam U21' 'FC Volendam U21' 'IJsselmeervogels U21'
 'FC Volendam U21' 'IJsselmeervogels U21']";[ 0 -1  0 -1 -2 -3 -2 -3];[-1  0 -1 -2 -3 -2 -3 -2];['D' 'A' 'D' 'A' 'A' 'A' 'A' 'A'];['A' 'D' 'A' 'A' 'A' 'A' 'A' 'A'];0.22;0.0;0.78;0.43;0.0;0.57;;2968.0;;fc volendam;;;Youth
2026-05-16;194534875;Poland Ekstraliga Women;Poland;07:00;Full;True;0.7564102564102564;1.9;4.0;1.9;4.0;6.0;6.0;;2.0;3.0;5.0;213.0;139.0;100.0;Slask Wroclaw (W);;0.0;2.0;1.2;0;0.0;0 - 2;6.25;Pogon Tczew (W);;0.0;2.0;13.0;1;2.0;-2.25;6 - 6;2-3;3.75;1.75;82 - 57;26 - 37;37.0;26.0;58.0;42.0;4.0;4.0;5.0;0.0;;;;;;;;91.0;122.0;57.0;82.0;53.0;47.0;6.0;14.0;8.0;3.0;;[40 50];[1 2];[False False];['Pogon Tczew (W)' 'Pogon Tczew (W)'];[ 0 -1];[-1 -2];['D' 'A'];['A' 'A'];0.44;0.0;0.56;0.89;0.0;0.11;3108.0;;wks slask wroclaw;;;;Women
2026-05-16;194537192;Ukraine Vyscha Liga;Ukraine;07:00;Full;True;0.4191950464396285;1.85;2.0, 2.5;1.95;2.0, 2.5;4.0;8.0;;3.0;4.0;7.0;128.0;82.0;100.0;FC Metalist 1925;6.0;0.0;0.0;1.615;1;1.0;1 - 1;3.25;Epitsentr Kamianets-Podilskyi;13.0;0.0;0.0;5.0;0;1.0;-0.75;4 - 8;3-4;2.25;1.0;44 - 38;28 - 12;12.0;28.0;33.0;67.0;0.0;3.0;0.0;5.0;;;;;;;;59.0;69.0;38.0;44.0;39.0;61.0;4.0;6.0;2.0;8.0;;[22 74];[1 2];[False False];['FC Metalist 1925' 'Epitsentr Kamianets-Podilskyi'];[0 1];[1 0];['D' 'H'];['H' 'D'];0.42;0.58;0.0;0.49;0.51;0.0;373230.0;602316.0;fc metalist 1925 kharkiv;fc epitsentr kamianets-podilskyi;;;
2026-05-16;194640790;Kenya Cup;Kenya;07:00;Full;True;0.03501400560224094;1.9;2.0;1.9;2.0;4.0;4.0;;3.0;1.0;4.0;199.0;110.0;100.0;Tusker;;0.0;1.0;2.55;0;0.0;0 - 0;2.7;KCB;;0.0;1.0;2.8;0;0.0;0.0;4 - 4;3-1;2.0;0.75;52 - 58;35 - 32;32.0;35.0;42.0;58.0;4.0;3.0;0.0;1.0;;;;;;;;104.0;95.0;58.0;52.0;48.0;52.0;15.0;5.0;1.0;1.0;;[];[];[];[];[];[];[];[];1.0;0.0;0.0;1.0;0.0;0.0;;;;;;;
2026-05-16;194599409;Netherlands U21 League;Netherlands;07:15;Full;True;0.5137491616364857;1.8;3.5, 4.0;2.0;3.5, 4.0;2.0;6.0;;0.0;2.0;2.0;246.0;159.0;100.0;RKVV Westlandia U21;;0.0;2.0;1.42;3;3.0;3 - 2;4.75;Alphense Boys U21;;0.0;2.0;5.25;1;2.0;-1.5;2 - 6;0-2;4.25;1.75;73 - 86;35 - 35;35.0;35.0;47.0;53.0;3.0;2.0;3.0;6.0;;;;;;;;123.0;123.0;86.0;73.0;50.0;50.0;14.0;4.0;11.0;11.0;;[24 26 32 38 78];[1 1 1 1 2];[False False False False False];"['RKVV Westlandia U21' 'RKVV Westlandia U21' 'RKVV Westlandia U21'
 'Alphense Boys U21' 'Alphense Boys U21']";[0 1 2 3 2];[1 2 3 2 1];['D' 'H' 'H' 'H' 'H'];['H' 'H' 'H' 'H' 'H'];0.27;0.73;0.0;0.53;0.47;0.0;;;;;;;Youth
2026-05-16;194599405;Netherlands U21 League;Netherlands;07:15;Half;False;-0.2637362637362637;1.975;3.5, 4.0;1.825;3.5, 4.0;1.0;1.0;;1.0;1.0;2.0;29.0;9.0;100.0;RKVV DEM U21;;0.0;0.0;3.25;0;0.0;0 - 0;4.2;USV Hercules U21;;0.0;0.0;1.75;0;0.0;+0.75 (+0.75);1 - 1;1-1;4.0 (3.25);1.5;3 - 6;3 - 6;6.0;3.0;62.0;38.0;0.0;0.0;0.0;0.0;;;;;;;;16.0;13.0;6.0;3.0;62.0;38.0;0.0;0.0;0.0;0.0;;[];[];[];[];[];[];[];[];1.0;0.0;0.0;1.0;0.0;0.0;;;;;;;Youth
2026-05-16;194592844;Philippines PFL;Philippines;07:15;Full;True;0.6153846153846153;1.95;3.0;1.85;3.0;2.0;1.0;;1.0;0.0;1.0;211.0;68.0;100.0;Kaya FC;;0.0;2.0;1.3;1;3.0;3 - 1;4.75;Davao Aguilas FC;;0.0;0.0;6.5;0;1.0;-1.0;2 - 1;1-0;2.75;1.25;39 - 29;15 - 14;14.0;15.0;47.0;53.0;1.0;2.0;1.0;1.0;;;;;;;;103.0;108.0;29.0;39.0;45.0;55.0;6.0;3.0;2.0;6.0;;[20 74 82 84];[1 2 2 2];[False False False False];['Kaya FC' 'Kaya FC' 'Kaya FC' 'Davao Aguilas FC'];[0 1 2 3];[1 2 3 2];['D' 'H' 'H' 'H'];['H' 'H' 'H' 'H'];0.22;0.78;0.0;0.44;0.56;0.0;;;;;;;
2026-05-16;194599407;Netherlands U21 League;Netherlands;07:15;Schedule;False;0.19298245614035087;2.0;3.5, 4.0;1.8;3.5, 4.0;0.0;0.0;;0.0;0.0;0.0;0.0;0.0;100.0;Zeeburgia U21;;0.0;0.0;1.9;0;0.0;0 - 0;4.1;FC Emmen U21;;0.0;0.0;3.0;0;0.0;-0.5;0 - 0;0-0;3.75;1.5;-;nan;;;;;;;;;;;;;;;;0.0;0.0;0.0;0.0;50.0;50.0;0.0;0.0;0.0;0.0;;[];[];[];[];[];[];[];[];1.0;0.0;0.0;1.0;0.0;0.0;;2965.0;;fc emmen;;;Youth
2026-05-16;194530162;Taiwan Mulan League Women;Taiwan;07:30;Full;True;0.9408607213485262;1.925;4.5;1.875;4.5;5.0;3.0;;2.0;0.0;2.0;217.0;94.0;100.0;Hang Yuen (W);;0.0;0.0;1.036;5;5.0;5 - 0;12.0;Taichung Sakura (W);;0.0;1.0;41.0;0;0.0;-3.5;5 - 3;2-0;4.25;1.75;73 - 21;41 - 5;5.0;41.0;32.0;68.0;0.0;1.0;0.0;6.0;;;;;;;;75.0;142.0;21.0;73.0;36.0;64.0;1.0;3.0;0.0;7.0;;[ 4 16 17 23 32];[1 1 1 1 1];[False False False False False];"['Hang Yuen (W)' 'Hang Yuen (W)' 'Hang Yuen (W)' 'Hang Yuen (W)'
 'Hang Yuen (W)']";[0 1 2 3 4];[1 2 3 4 5];['D' 'H' 'H' 'H' 'H'];['H' 'H' 'H' 'H' 'H'];0.04;0.96;0.0;0.09;0.91;0.0;;;;;;;Women
2026-05-16;194580863;Australia Darwin Premier League;Australia;07:30;Full;True;-0.09157509157509158;1.925;3.5, 4.0;1.875;3.5, 4.0;6.0;3.0;;6.0;0.0;6.0;139.0;91.0;100.0;Port Darwin FC;2.0;0.0;1.0;2.6;2;6.0;6 - 1;3.9;Darwin Olympic;3.0;0.0;2.0;2.1;1;1.0;+0.5;6 - 3;6-0;5.0;2.0;47 - 44;25 - 20;20.0;25.0;62.0;38.0;0.0;0.0;3.0;5.0;;;;;;;;67.0;72.0;44.0;47.0;59.0;41.0;3.0;2.0;5.0;11.0;;[41 44 45 50 53 84 88];[1 1 1 2 2 2 2];[False False False False False False False];"['Port Darwin FC' 'Port Darwin FC' 'Darwin Olympic' 'Port Darwin FC'
 'Port Darwin FC' 'Port Darwin FC' 'Port Darwin FC']";[0 1 2 1 2 3 4];[1 2 1 2 3 4 5];['D' 'H' 'H' 'H' 'H' 'H' 'H'];['H' 'H' 'H' 'H' 'H' 'H' 'H'];0.46;0.54;0.0;0.91;0.09;0.0;;;;;;;
2026-05-16;194599401;Netherlands U21 League;Netherlands;07:43;Full;True;-0.17848970251716245;1.85;3.5, 4.0;1.95;3.5, 4.0;6.0;7.0;;4.0;3.0;7.0;201.0;95.0;100.0;AFC U21;;0.0;1.0;2.875;1;1.0;1 - 4;4.1;Excelsior U21;;0.0;0.0;1.9;2;4.0;+0.5;6 - 7;4-3;3.75;1.5;43 - 52;18 - 28;28.0;18.0;66.0;34.0;6.0;2.0;2.0;2.0;;;;;;;;104.0;97.0;52.0;43.0;59.0;41.0;11.0;8.0;4.0;4.0;;[19 25 39 58 77];[1 1 1 2 2];[False False False False False];['AFC U21' 'Excelsior U21' 'Excelsior U21' 'Excelsior U21' 'Excelsior U21'];[ 0  1  0 -1 -2];[ 1  0 -1 -2 -3];['D' 'H' 'D' 'A' 'A'];['H' 'D' 'A' 'A' 'A'];0.37;0.07;0.57;0.73;0.13;0.13;;2967.0;;excelsior rotterdam;;;Youth
2026-05-16;194599411;Netherlands U21 League;Netherlands;07:45;Full;True;-0.6153846153846153;1.85;4.0;1.95;4.0;1.0;4.0;;1.0;1.0;2.0;175.0;89.0;100.0;Spartaan'20 U21;;0.0;1.0;6.5;1;1.0;1 - 5;5.25;Roda JC U21;;0.0;1.0;1.3;2;5.0;+2.5;1 - 4;1-1;4.25;1.75;36 - 53;15 - 30;30.0;15.0;54.0;46.0;7.0;4.0;5.0;2.0;;;;;;;;102.0;73.0;53.0;36.0;52.0;48.0;9.0;10.0;11.0;2.0;;[11 23 46 52 56 60];[1 1 1 2 2 2];[False False  True False False False];"['Roda JC U21' 'Roda JC U21' ""Spartaan'20 U21"" 'Roda JC U21' 'Roda JC U21'
 'Roda JC U21']";[ 0 -1 -2 -1 -2 -3];[-1 -2 -1 -2 -3 -4];['D' 'A' 'A' 'A' 'A' 'A'];['A' 'A' 'A' 'A' 'A' 'A'];0.12;0.0;0.88;0.24;0.0;0.76;;2954.0;;roda jc kerkrade;;;Youth
2026-05-16;194594750;Poland III Liga;Poland;08:00;Full;True;-0.3296097537249307;1.9;3.0;1.9;3.0;3.0;6.0;;2.0;5.0;7.0;129.0;68.0;100.0;KS Wasilkow;;0.0;1.0;3.7;0;0.0;0 - 3;3.9;Wigry Suwalki;;0.0;0.0;1.667;3;3.0;+1.0;3 - 6;2-5;3.0;1.25;31 - 37;13 - 22;22.0;13.0;64.0;36.0;5.0;4.0;5.0;0.0;;;;;;;;71.0;58.0;37.0;31.0;61.0;39.0;7.0;8.0;6.0;1.0;;[33 37 41];[1 1 1];[False False False];['Wigry Suwalki' 'Wigry Suwalki' 'Wigry Suwalki'];[ 0 -1 -2];[-1 -2 -3];['D' 'A' 'A'];['A' 'A' 'A'];0.37;0.0;0.63;0.73;0.0;0.27;;;;;;;
2026-05-16;194594287;Poland IV Liga;Poland;08:00;Full;True;0.11743450767841018;1.85;3.0, 3.5;1.95;3.0, 3.5;6.0;3.0;;0.0;2.0;2.0;156.0;86.0;100.0;Huragan Pobiedziska;;0.0;1.0;2.05;0;2.0;2 - 1;3.8;Polonia Leszno;;0.0;0.0;2.7;0;1.0;0.0;6 - 3;0-2;3.25;1.25;45 - 41;22 - 26;26.0;22.0;42.0;58.0;6.0;3.0;3.0;0.0;;;;;;;;78.0;78.0;41.0;45.0;44.0;56.0;8.0;8.0;5.0;3.0;;[54 67 68];[2 2 2];[False False False];['Polonia Leszno' 'Huragan Pobiedziska' 'Huragan Pobiedziska'];[ 0 -1  0];[-1  0  1];['D' 'A' 'D'];['A' 'D' 'H'];0.61;0.24;0.14;1.0;0.0;0.0;;;;;;;
2026-05-16;194547363;Denmark Division 3;Denmark;08:00;Full;True;0.4666666666666666;1.875;3.0;1.925;3.0;6.0;5.0;;2.0;1.0;3.0;138.0;93.0;100.0;Holbæk;8.0;0.0;2.0;1.5;2;4.0;4 - 2;4.0;Odder IGF;11.0;0.0;0.0;5.0;1;2.0;-1.25;6 - 5;2-1;3.0;1.25;46 - 47;28 - 18;18.0;28.0;49.0;51.0;1.0;2.0;1.0;2.0;;;;;;;;79.0;59.0;47.0;46.0;56.0;44.0;1.0;3.0;3.0;5.0;;[18 28 32 53 83 91];[1 1 1 2 2 2];[False False False False False  True];['Odder IGF' 'Holbæk' 'Holbæk' 'Odder IGF' 'Holbæk' 'Holbæk'];[ 0 -1  0  1  0  1];[-1  0  1  0  1  2];['D' 'A' 'D' 'H' 'D' 'H'];['A' 'D' 'H' 'D' 'H' 'H'];0.57;0.32;0.11;0.49;0.29;0.22;;;;;;;
2026-05-16;194534251;Lithuania 1 Lyga;Lithuania;08:00;Full;True;-0.19023986765922257;1.95;2.5, 3.0;1.85;2.5, 3.0;3.0;7.0;;1.0;3.0;4.0;267.0;168.0;100.0;FK Neptunas Klaipeda;5.0;0.0;2.0;3.1;0;1.0;1 - 3;3.6;FK Minija;2.0;0.0;3.0;1.95;1;3.0;+0.75;3 - 7;1-3;2.5;1.0;80 - 88;37 - 48;48.0;37.0;51.0;49.0;7.0;5.0;1.0;0.0;;;;;;;;125.0;142.0;88.0;80.0;47.0;53.0;10.0;8.0;4.0;1.0;;[24 63 80 93];[1 2 2 2];[False False False  True];['FK Minija' 'FK Minija' 'FK Minija' 'FK Neptunas Klaipeda'];[ 0 -1 -2 -3];[-1 -2 -3 -2];['D' 'A' 'A' 'A'];['A' 'A' 'A' 'A'];0.26;0.0;0.74;0.53;0.0;0.47;;;;;;;
2026-05-16;194534257;Lithuania 1 Lyga;Lithuania;08:00;Full;True;0.33182503770739064;2.0;2.5, 3.0;1.8;2.5, 3.0;6.0;6.0;;3.0;1.0;4.0;161.0;124.0;100.0;FK Tauras;6.0;0.0;3.0;1.7;1;2.0;2 - 0;3.7;FK Jonava;9.0;0.0;2.0;3.9;0;0.0;-1.0;6 - 6;3-1;2.75;1.25;61 - 63;34 - 27;27.0;34.0;45.0;55.0;2.0;3.0;1.0;5.0;;;;;;;;82.0;79.0;63.0;61.0;51.0;49.0;6.0;7.0;1.0;8.0;;[13 93];[1 2];[False  True];['FK Tauras' 'FK Tauras'];[0 1];[1 2];['D' 'H'];['H' 'H'];0.14;0.86;0.0;0.29;0.71;0.0;;;;;;;
2026-05-16;194547365;Denmark Division 3;Denmark;08:00;Full;True;-0.1774193548387097;1.85;2.5;1.95;2.5;6.0;4.0;;1.0;3.0;4.0;171.0;90.0;100.0;Vejgaard;9.0;0.0;2.0;3.1;0;0.0;0 - 1;3.4;Sundby;10.0;0.0;2.0;2.0;1;1.0;+0.5;6 - 4;1-3;2.75;1.25;52 - 38;20 - 25;25.0;20.0;48.0;52.0;8.0;1.0;2.0;0.0;;;;;;;;77.0;94.0;38.0;52.0;44.0;56.0;10.0;6.0;4.0;5.0;;[24];[1];[False];['Sundby'];[0];[-1];['D'];['A'];0.27;0.0;0.73;0.53;0.0;0.47;;;;;;;
2026-05-16;194589345;Norway Division 2 Group 1;Norway;08:00;Full;True;0.3498800239952009;2.0;3.0;1.8;3.0;5.0;5.0;;3.0;2.0;5.0;158.0;67.0;100.0;Kvik Halden FK;;0.0;2.0;1.667;0;0.0;0 - 0;3.8;Sandviken;;0.0;2.0;4.0;0;0.0;-0.75;5 - 5;3-2;2.75;1.25;34 - 33;16 - 17;17.0;16.0;45.0;55.0;1.0;1.0;1.0;2.0;;;;;;;;78.0;80.0;33.0;34.0;43.0;57.0;3.0;7.0;6.0;2.0;;[];[];[];[];[];[];[];[];1.0;0.0;0.0;1.0;0.0;0.0;700.0;7472.0;kvik halden fk;il sandviken;1.61;1.61;
2026-05-16;194589785;Norway Division 3 Group 1;Norway;08:00;Full;True;0.09157509157509158;2.0;3.5, 4.0;1.8;3.5, 4.0;13.0;4.0;;6.0;0.0;6.0;160.0;153.0;;Nordstrand;;0.0;1.0;2.1;1;2.0;2 - 0;4.0;Konnerud;;0.0;0.0;2.6;0;0.0;-0.25;13 - 4;6-0;3.75;1.5;93 - 60;51 - 24;24.0;51.0;;;4.0;1.0;0.0;2.0;;;;;;;;75.0;85.0;60.0;93.0;;;4.0;5.0;0.0;5.0;;[30 85];[1 2];[False False];['Nordstrand' 'Nordstrand'];[0 1];[1 2];['D' 'H'];['H' 'H'];0.33;0.67;0.0;0.67;0.33;0.0;;;;;;;
2026-05-16;194591933;Finland Kolmonen;Finland;08:00;Full;True;-0.8055555555555555;2.0;4.0;1.8;4.0;2.0;2.0;;2.0;2.0;4.0;182.0;117.0;100.0;SIF;;0.0;4.0;12.0;0;0.0;0 - 1;8.5;VIFK;;0.0;3.0;1.125;0;1.0;+1.5;2 - 2;2-2;3.75;1.75;50 - 67;30 - 27;27.0;30.0;52.0;48.0;1.0;2.0;0.0;2.0;;;;;;;;81.0;101.0;67.0;50.0;51.0;49.0;4.0;5.0;3.0;2.0;;[78];[2];[False];['VIFK'];[0];[-1];['D'];['A'];0.87;0.0;0.13;1.0;0.0;0.0;;;;;;;
2026-05-16;194592068;Vietnam V-League 2;Vietnam;08:00;Full;True;0.8160671092584015;1.95;2.5;1.85;2.5;3.0;3.0;;1.0;1.0;2.0;117.0;57.0;100.0;Truong Tuoi Dong Nai;;0.0;2.0;1.143;1;3.0;3 - 0;5.75;Dai Hoc Van Hien;;0.0;2.0;17.0;0;0.0;-1.75;3 - 3;1-1;2.5;1.0;30 - 27;15 - 12;12.0;15.0;35.0;65.0;1.0;2.0;1.0;2.0;;;;;;;;56.0;61.0;27.0;30.0;47.0;53.0;8.0;6.0;2.0;6.0;;[ 2 58 86];[1 2 2];[False False False];['Truong Tuoi Dong Nai' 'Truong Tuoi Dong Nai' 'Truong Tuoi Dong Nai'];[0 1 2];[1 2 3];['D' 'H' 'H'];['H' 'H' 'H'];0.02;0.98;0.0;0.04;0.96;0.0;;;;;;;
2026-05-16;194592536;Sweden Elitettan;Sweden;08:00;Full;True;0.7349125775521714;1.95;3.5, 4.0;1.85;3.5, 4.0;8.0;3.0;;3.0;0.0;3.0;160.0;69.0;100.0;KIF Orebro (W);;0.0;0.0;1.182;3;4.0;4 - 3;6.5;Enskede IK (W);;0.0;2.0;9.0;0;3.0;-1.75;8 - 3;3-0;3.25;1.5;39 - 30;20 - 10;10.0;20.0;37.0;63.0;0.0;4.0;1.0;5.0;;;;;;;;72.0;88.0;30.0;39.0;41.0;59.0;2.0;6.0;7.0;6.0;;[14 18 24 56 65 84 86];[1 1 1 2 2 2 2];[False False False False False False False];"['KIF Orebro (W)' 'KIF Orebro (W)' 'KIF Orebro (W)' 'Enskede IK (W)'
 'KIF Orebro (W)' 'Enskede IK (W)' 'Enskede IK (W)']";[0 1 2 3 2 3 2];[1 2 3 2 3 2 1];['D' 'H' 'H' 'H' 'H' 'H' 'H'];['H' 'H' 'H' 'H' 'H' 'H' 'H'];0.16;0.84;0.0;0.31;0.69;0.0;;5290.0;;enskede ik;;;Women
2026-05-16;194590029;Norway Division 3 Group 4;Norway;08:00;Full;True;-0.3025210084033614;1.85;3.5;1.95;3.5;7.0;4.0;;2.0;4.0;6.0;151.0;137.0;;Våg;;0.0;0.0;3.5;0;0.0;0 - 2;4.333;Flekkerøy;;0.0;2.0;1.7;0;2.0;+0.5;7 - 4;2-4;3.5;1.5;62 - 75;22 - 50;50.0;22.0;;;1.0;1.0;2.0;1.0;;;;;;;;70.0;81.0;75.0;62.0;;;6.0;5.0;6.0;3.0;;[74 95];[2 2];[False  True];['Flekkerøy' 'Flekkerøy'];[ 0 -1];[-1 -2];['D' 'A'];['A' 'A'];0.78;0.0;0.22;1.0;0.0;0.0;;;;;;;
2026-05-16;194577323;Thailand Division 2;Thailand;08:00;Full;True;0.2698412698412699;2.0;3.0;1.8;3.0;6.0;4.0;;2.0;3.0;5.0;132.0;94.0;100.0;Nong Bua Pitchaya;5.0;0.0;4.0;1.8;1;2.0;2 - 1;3.7;Pattani FC;3.0;0.0;3.0;3.5;1;1.0;-0.25;6 - 4;2-3;3.0;1.25;62 - 32;29 - 21;21.0;29.0;47.0;53.0;4.0;6.0;2.0;3.0;;;;;;;;62.0;70.0;32.0;62.0;45.0;55.0;9.0;13.0;3.0;4.0;;[ 6 19 72];[1 1 2];[False False False];['Pattani FC' 'Nong Bua Pitchaya' 'Nong Bua Pitchaya'];[ 0 -1  0];[-1  0  1];['D' 'A' 'D'];['A' 'D' 'H'];0.66;0.2;0.14;0.71;0.0;0.29;;;;;;;
2026-05-16;194589778;Norway Division 3 Group 1;Norway;08:00;Full;True;-0.01010101010101011;1.875;4.5;1.925;4.5;6.0;7.0;;4.0;3.0;7.0;151.0;93.0;100.0;Ullern;;0.0;2.0;2.25;0;1.0;1 - 2;4.5;Frigg;;0.0;1.0;2.2;1;2.0;0.0;6 - 7;4-3;4.5;1.75;43 - 50;18 - 21;21.0;18.0;60.0;40.0;6.0;4.0;2.0;4.0;;;;;;;;81.0;70.0;50.0;43.0;58.0;42.0;11.0;10.0;5.0;6.0;;[39 68 79];[1 2 2];[False False False];['Frigg' 'Ullern' 'Frigg'];[ 0 -1  0];[-1  0 -1];['D' 'A' 'D'];['A' 'D' 'A'];0.56;0.0;0.44;0.87;0.0;0.13;;;;;;;
2026-05-16;194577732;China FA Cup;China;08:00;Full;True;-0.13196480938416422;1.975;2.0, 2.5;1.825;2.0, 2.5;4.0;4.0;;0.0;3.0;3.0;208.0;135.0;100.0;Guangzhou Dandelion;;0.0;1.0;3.1;0;0.0;0 - 2;2.9;Wuxi Wugo;;0.0;2.0;2.2;2;2.0;0.0;4 - 4;0-3;2.25;0.75;54 - 81;14 - 39;39.0;14.0;58.0;42.0;2.0;1.0;5.0;0.0;;;;;;;;107.0;101.0;81.0;54.0;52.0;48.0;7.0;1.0;8.0;0.0;;[29 36];[1 1];[False False];['Wuxi Wugo' 'Wuxi Wugo'];[ 0 -1];[-1 -2];['D' 'A'];['A' 'A'];0.32;0.0;0.68;0.64;0.0;0.36;;793008.0;;wuxi wugou;;;
2026-05-16;193331596;Denmark Division 1;Denmark;08:00;Full;True;0.08995502248875564;1.875;2.5;1.925;2.5;2.0;10.0;;2.0;6.0;8.0;186.0;87.0;100.0;Hillerød;;0.0;0.0;2.3;0;1.0;1 - 1;3.4;Esbjerg;;0.0;0.0;2.9;0;1.0;-0.25;2 - 10;2-6;2.5;1.0;38 - 49;23 - 31;31.0;23.0;53.0;47.0;5.0;3.0;1.0;1.0;;;;;;;;102.0;84.0;49.0;38.0;49.0;51.0;9.0;4.0;5.0;5.0;;[57 70];[2 2];[False False];['Esbjerg' 'Hillerød'];[ 0 -1];[-1  0];['D' 'A'];['A' 'D'];0.86;0.0;0.14;1.0;0.0;0.0;1371.0;1287.0;hillerod fodbold;esbjerg fb;1.66;1.72;
2026-05-16;194577908;Vietnam V-League;Vietnam;08:00;Full;True;0.3382352941176471;1.875;2.5, 3.0;1.925;2.5, 3.0;3.0;2.0;;2.0;1.0;3.0;240.0;137.0;100.0;Hai Phong;;0.0;1.0;1.7;2;4.0;4 - 2;3.6;Becamex HCMC;;0.0;0.0;4.0;2;2.0;-0.75;3 - 2;2-1;2.75;1.25;82 - 55;43 - 25;25.0;43.0;35.0;65.0;3.0;2.0;2.0;4.0;;;;;;;;93.0;147.0;55.0;82.0;42.0;58.0;3.0;11.0;2.0;8.0;;[13 18 28 32 61 75];[1 1 1 1 2 2];[False False False False False False];"['Hai Phong' 'Becamex HCMC' 'Hai Phong' 'Becamex HCMC' 'Hai Phong'
 'Hai Phong']";[0 1 0 1 0 1];[1 0 1 0 1 2];['D' 'H' 'D' 'H' 'D' 'H'];['H' 'D' 'H' 'D' 'H' 'H'];0.58;0.42;0.0;0.8;0.2;0.0;33124.0;33119.0;haiphong fc;becamex ho chi minh city;1.66;1.72;
2026-05-16;193711572;China Super League;China;08:00;Full;True;0.0777058279370953;1.975;2.5, 3.0;1.825;2.5, 3.0;3.0;7.0;;2.0;1.0;3.0;162.0;85.0;100.0;Wuhan Three Towns;15.0;0.0;1.0;2.35;2;2.0;2 - 2;3.5;Liaoning Ironman;14.0;0.0;1.0;2.875;1;2.0;-0.25;3 - 7;2-1;2.5;1.0;26 - 59;8 - 18;18.0;8.0;58.0;42.0;2.0;5.0;2.0;4.0;;;;;;;;119.0;43.0;59.0;26.0;67.0;33.0;8.0;10.0;7.0;5.0;;[10 28 39 85];[1 1 1 2];[False False False False];"['Wuhan Three Towns' 'Liaoning Ironman' 'Wuhan Three Towns'
 'Liaoning Ironman']";[0 1 0 1];[1 0 1 0];['D' 'H' 'D' 'H'];['H' 'D' 'H' 'D'];0.29;0.71;0.0;0.47;0.53;0.0;475928.0;252175.0;wuhan three towns fc;liaoning tieren fc;1.61;1.66;
2026-05-16;194642092;Spain Tercera Group 12;Spain;08:00;Schedule;False;;;2.25 ( 2.5);;2.25 ( 2.5);4.0;6.0;;2.0;5.0;7.0;132.0;65.0;100.0;UD Tamaraceite;;0.0;2.0;;1;2.0;2 - 0;;Mensajero;;0.0;2.0;;0;0.0;0.0 ( 0.0);4 - 6;2-5;2.25 ( 2.5);nan;35 - 28;17 - 15;15.0;17.0;45.0;55.0;4.0;4.0;2.0;2.0;;;;;;;;69.0;63.0;30.0;35.0;51.0;49.0;7.0;9.0;2.0;5.0;;[26 56];[1 2];[False False];['UD Tamaraceite' 'UD Tamaraceite'];[0 1];[1 2];['D' 'H'];['H' 'H'];0.29;0.71;0.0;0.58;0.42;0.0;;;;;;;
2026-05-16;194469857;Finland Veikkausliiga;Finland;08:00;Full;True;0.3969728242174063;1.775;2.5, 3.0;2.025;2.5, 3.0;3.0;4.0;;1.0;3.0;4.0;214.0;136.0;100.0;HJK Helsinki;;1.0;2.0;1.615;1;2.0;2 - 2;3.9;FC Ilves;;0.0;0.0;4.5;1;2.0;-1.0;3 - 4;1-3;3.0;1.25;83 - 53;43 - 23;23.0;43.0;50.0;50.0;4.0;3.0;3.0;4.0;;;;;;;;88.0;126.0;53.0;83.0;50.0;50.0;8.0;10.0;5.0;6.0;;[21 43 60 83];[1 1 2 2];[False False False False];['FC Ilves' 'HJK Helsinki' 'FC Ilves' 'HJK Helsinki'];[ 0 -1  0 -1];[-1  0 -1  0];['D' 'A' 'D' 'A'];['A' 'D' 'A' 'D'];0.5;0.0;0.5;0.51;0.0;0.49;2242.0;22386.0;hjk helsinki;tampereen ilves;1.66;1.57;
2026-05-16;194579184;Norway Division 3 Group 1;Norway;08:00;Full;True;0.07619047619047614;1.825;3.5;1.975;3.5;5.0;11.0;;4.0;6.0;10.0;110.0;70.0;100.0;Heming;;1.0;2.0;2.1;0;0.0;0 - 0;4.1;IF Ready;;0.0;2.0;2.5;0;0.0;-0.25;5 - 11;4-6;3.5;1.5;38 - 32;21 - 15;15.0;21.0;39.0;61.0;3.0;2.0;3.0;1.0;;;;;;;;51.0;59.0;32.0;38.0;52.0;48.0;5.0;3.0;4.0;2.0;;[];[];[];[];[];[];[];[];1.0;0.0;0.0;1.0;0.0;0.0;;;;;;;
2026-05-16;194596284;Vietnam V-League;Vietnam;08:00;Full;True;-0.16522423288749022;1.8;2.5;2.0;2.5;6.0;3.0;;3.0;0.0;3.0;85.0;122.0;100.0;Song Lam Nghe An;;0.0;1.0;3.1;0;1.0;1 - 2;3.3;Ninh Binh;;0.0;0.0;2.05;0;2.0;+0.5;6 - 3;3-0;2.75;1.0;61 - 61;28 - 34;34.0;28.0;63.0;37.0;2.0;3.0;0.0;0.0;;;;;;;;45.0;40.0;61.0;61.0;56.0;44.0;3.0;10.0;3.0;1.0;;[66 83 84];[2 2 2];[False False False];['Song Lam Nghe An' 'Ninh Binh' 'Ninh Binh'];[0 1 0];[ 1  0 -1];['D' 'H' 'D'];['H' 'D' 'A'];0.74;0.19;0.07;1.0;0.0;0.0;33129.0;330079.0;song lam nghe an;ninh binh fc;1.66;1.66;
2026-05-16;194594283;Poland IV Liga;Poland;08:00;Full;True;0.5901875468867217;1.875;3.5;1.925;3.5;9.0;5.0;;5.0;1.0;6.0;149.0;114.0;100.0;Baltyk Koszalin;;0.0;4.0;1.333;1;2.0;2 - 1;5.0;Astra Ustronie Morskie;;0.0;3.0;6.25;0;1.0;-1.5;9 - 5;5-1;3.5;1.5;68 - 46;35 - 18;18.0;35.0;29.0;71.0;1.0;4.0;1.0;6.0;;;;;;;;68.0;81.0;46.0;68.0;34.0;66.0;2.0;12.0;4.0;9.0;;[26 58 82];[1 2 2];[False False False];['Baltyk Koszalin' 'Astra Ustronie Morskie' 'Baltyk Koszalin'];[0 1 0];[1 0 1];['D' 'H' 'D'];['H' 'D' 'H'];0.56;0.44;0.0;0.58;0.42;0.0;;;;;;;
2026-05-16;194577900;Sweden 1.div Norra;Sweden;08:00;Full;True;0.33182503770739064;1.975;3.0;1.825;3.0;10.0;2.0;;2.0;2.0;4.0;199.0;126.0;100.0;Karlbergs BK;;0.0;4.0;1.7;1;1.0;1 - 3;3.8;FC Järfälla;;0.0;1.0;3.9;2;3.0;-0.75;10 - 2;2-2;3.0;1.25;96 - 30;31 - 18;18.0;31.0;37.0;63.0;4.0;7.0;3.0;1.0;;;;;;;;63.0;136.0;30.0;96.0;31.0;69.0;5.0;15.0;5.0;4.0;;[10 31 40 91];[1 1 1 2];[False False False  True];['FC Järfälla' 'FC Järfälla' 'Karlbergs BK' 'FC Järfälla'];[ 0 -1 -2 -1];[-1 -2 -1 -2];['D' 'A' 'A' 'A'];['A' 'A' 'A' 'A'];0.11;0.0;0.89;0.22;0.0;0.78;22238.0;22262.0;karlbergs bk;fc jarfalla;1.61;1.61;
2026-05-16;194599873;Sweden 2.div Södra Svealand;Sweden;08:00;Full;True;0.49252077562326874;1.95;3.5, 4.0;1.85;3.5, 4.0;6.0;6.0;;3.0;3.0;6.0;187.0;83.0;100.0;IFK Haninge;;0.0;1.0;1.444;0;1.0;1 - 0;4.5;Karlslunds IF FK;;0.0;3.0;5.0;0;0.0;-1.25;6 - 6;3-3;3.75;1.5;46 - 37;19 - 19;19.0;19.0;45.0;55.0;1.0;4.0;2.0;1.0;;;;;;;;86.0;101.0;37.0;46.0;49.0;51.0;1.0;6.0;5.0;5.0;;[67];[2];[False];['IFK Haninge'];[0];[1];['D'];['H'];0.74;0.26;0.0;1.0;0.0;0.0;82443.0;1867.0;ifk haninge;karlslunds if hfk;;;
2026-05-16;194579220;Poland III Liga;Poland;08:00;Full;True;0.8222222222222222;1.825;3.0, 3.5;1.975;3.0, 3.5;4.0;1.0;;2.0;0.0;2.0;260.0;165.0;100.0;Miedz Legnica II;;0.0;2.0;1.125;5;6.0;6 - 0;7.5;GKS Pniowek 74 Pawlowice;;0.0;1.0;15.0;0;0.0;-2.25;4 - 1;2-0;3.25;1.5;116 - 49;62 - 16;16.0;62.0;43.0;57.0;1.0;7.0;1.0;8.0;;;;;;;;109.0;151.0;49.0;116.0;40.0;60.0;1.0;11.0;3.0;14.0;;[ 7 17 23 28 31 82];[1 1 1 1 1 2];[False False False False False False];"['Miedz Legnica II' 'Miedz Legnica II' 'Miedz Legnica II'
 'Miedz Legnica II' 'Miedz Legnica II' 'Miedz Legnica II']";[0 1 2 3 4 5];[1 2 3 4 5 6];['D' 'H' 'H' 'H' 'H' 'H'];['H' 'H' 'H' 'H' 'H' 'H'];0.08;0.92;0.0;0.16;0.84;0.0;35330.0;;miedz legnica;;;;Youth
2026-05-16;194594170;Poland IV Liga;Poland;08:00;Schedule;False;-0.05454545454545451;1.85;3.0;1.95;3.0;0.0;0.0;;0.0;0.0;0.0;0.0;0.0;;Sokol Bozepole Wielkie;;0.0;0.0;2.5;0;0.0;0 - 0;3.8;Arka Gdynia II;;0.0;0.0;2.2;0;0.0;+0.25;0 - 0;0-0;3.0;1.25;-;nan;;;;;;;;;;;;;;;;0.0;0.0;0.0;0.0;;;0.0;0.0;0.0;0.0;;[];[];[];[];[];[];[];[];1.0;0.0;0.0;1.0;0.0;0.0;;5064.0;;mks arka gdynia;;;Youth
2026-05-16;194596797;Türkiye U19 League;Turkey;08:00;Full;True;0.342902711323764;1.925;3.0, 3.5;1.875;3.0, 3.5;11.0;1.0;;5.0;0.0;5.0;183.0;77.0;100.0;Fatih Karagumruk U19;;0.0;1.0;1.65;0;0.0;0 - 1;4.0;Alanyaspor U19;;0.0;4.0;3.8;0;1.0;-1.25;11 - 1;5-0;3.25;1.5;51 - 26;28 - 11;11.0;28.0;44.0;56.0;1.0;4.0;1.0;4.0;;;;;;;;87.0;96.0;26.0;51.0;43.0;57.0;4.0;6.0;4.0;7.0;;[86];[2];[False];['Alanyaspor U19'];[0];[-1];['D'];['A'];0.96;0.0;0.04;1.0;0.0;0.0;4954.0;6362.0;fatih karagumruk istanbul;alanyaspor;;;Youth
2026-05-16;194638902;Norway Division 3 Group 3;Norway;08:00;Full;True;-0.033492822966507185;2.0;3.5;1.8;3.5;4.0;5.0;;1.0;2.0;3.0;208.0;126.0;;Varegg;;0.0;3.0;2.375;0;0.0;0 - 2;4.1;Åsane Fotball 2;;0.0;2.0;2.2;2;2.0;0.0;4 - 5;1-2;3.5;1.5;59 - 67;27 - 34;34.0;27.0;;;0.0;1.0;3.0;0.0;;;;;;;;107.0;101.0;67.0;59.0;;;0.0;3.0;4.0;1.0;;[35 47];[1 1];[False  True];['Åsane Fotball 2' 'Åsane Fotball 2'];[ 0 -1];[-1 -2];['D' 'A'];['A' 'A'];0.39;0.0;0.61;0.74;0.0;0.26;;;;;;;
2026-05-16;194592623;Sweden 2.div Norra Svealand;Sweden;08:00;Full;True;-0.13066202090592338;1.825;3.0;1.975;3.0;4.0;17.0;;4.0;6.0;10.0;97.0;106.0;;Viggbyholms IK;;0.0;2.0;2.8;1;2.0;2 - 1;3.7;IK Franke;;0.0;1.0;2.05;0;1.0;+0.75;4 - 17;4-6;3.25;1.25;39 - 67;22 - 28;28.0;22.0;;;4.0;3.0;0.0;2.0;;;;;;;;54.0;43.0;67.0;39.0;;;7.0;6.0;5.0;4.0;;[45 71 89];[1 2 2];[False False False];['Viggbyholms IK' 'IK Franke' 'Viggbyholms IK'];[0 1 0];[1 0 1];['D' 'H' 'D'];['H' 'D' 'H'];0.7;0.3;0.0;1.0;0.0;0.0;956875.0;230570.0;viggbyholms ik ff;ik franke;1.5;1.5;
2026-05-16;194645593;Denmark U19 League;Denmark;08:00;Full;True;-0.42857142857142855;1.875;3.0, 3.5;1.925;3.0, 3.5;1.0;9.0;;0.0;5.0;5.0;206.0;129.0;;Lyngby U19;;0.0;0.0;4.2;0;0.0;0 - 2;4.75;FC Nordsjaelland U19;;0.0;3.0;1.5;1;2.0;+1.0;1 - 9;0-5;3.25;1.25;33 - 96;14 - 49;49.0;14.0;;;4.0;0.0;2.0;1.0;;;;;;;;129.0;77.0;96.0;33.0;;;6.0;0.0;6.0;2.0;;[33 71];[1 2];[False False];['FC Nordsjaelland U19' 'FC Nordsjaelland U19'];[ 0 -1];[-1 -2];['D' 'A'];['A' 'A'];0.37;0.0;0.63;0.73;0.0;0.27;1756.0;1292.0;lyngby bk;fc nordsjaelland;;;Youth
2026-05-16;194652183;Finland U21 League;Finland;08:15;Schedule;False;-0.17900688210111804;1.85;4.0;1.95;4.0;3.0;8.0;;3.0;4.0;7.0;176.0;106.0;;FC Honka U21;;0.0;1.0;2.9;0;0.0;0 - 2;4.0;ESPA U21;;0.0;1.0;1.909;1;2.0;+0.5 ( 0.0);3 - 8;3-4;4.0 ( 2.5);1.75;44 - 54;25 - 27;27.0;25.0;;;3.0;2.0;5.0;0.0;;;;;;;;86.0;90.0;61.0;45.0;;;8.0;5.0;8.0;1.0;;[ 7 72];[1 2];[False False];['ESPA U21' 'ESPA U21'];[ 0 -1];[-1 -2];['D' 'A'];['A' 'A'];0.08;0.0;0.92;0.16;0.0;0.84;2260.0;;fc honka;;;;Youth
2026-05-16;194592365;Hungary U19 1st Division;Hungary;08:15;Full;True;-0.03628117913832202;1.85;3.0;1.95;3.0;1.0;4.0;;1.0;2.0;3.0;191.0;99.0;;Ujpest U19;;0.0;1.0;2.45;0;0.0;0 - 3;3.75;Diosgyori VTK U19;;0.0;0.0;2.25;1;3.0;0.0;1 - 4;1-2;3.0;1.25;35 - 64;20 - 37;37.0;20.0;;;5.0;3.0;4.0;3.0;;;;;;;;106.0;85.0;64.0;35.0;;;7.0;5.0;7.0;4.0;;[29 52 70];[1 2 2];[False False False];['Diosgyori VTK U19' 'Diosgyori VTK U19' 'Diosgyori VTK U19'];[ 0 -1 -2];[-1 -2 -3];['D' 'A' 'A'];['A' 'A' 'A'];0.32;0.0;0.68;0.64;0.0;0.36;1924.0;5121.0;ujpest fc budapest;diosgyori vtk;;;Youth
2026-05-16;194526039;Lithuania A Lyga;Lithuania;08:15;Schedule;False;0.7183306055646481;1.8;3.0;2.0;3.0;9.0;1.0;;4.0;1.0;5.0;165.0;117.0;100.0;FK Kauno Zalgiris;;0.0;1.0;1.222;0;0.0;0 - 0;5.5;FA Siauliai;;0.0;1.0;10.0;0;0.0;-2.0 ( -0.5);9 - 1;4-1;3.25 (0.75);nan;83 - 18;47 - 10;10.0;47.0;30.0;70.0;1.0;8.0;0.0;0.0;;;;;;;;53.0;112.0;20.0;97.0;33.0;67.0;4.0;15.0;2.0;1.0;;[];[];[];[];[];[];[];[];1.0;0.0;0.0;1.0;0.0;0.0;80741.0;557322.0;fk kauno zalgiris;fa siauliai;2.0;1.83;
2026-05-16;194547218;Germany 3. Liga;Germany;08:30;Schedule;False;0.5902806870548805;2.0;3.0;1.8;3.0;7.0;3.0;;7.0;2.0;9.0;152.0;82.0;100.0;MSV Duisburg;3.0;0.0;1.0;1.364;0;0.0;0 - 1;4.333;FC Viktoria Köln;11.0;0.0;2.0;7.0;0;1.0;-1.25 (-0.25);7 - 3;7-2;3.0 (1.75);1.25;43 - 25;31 - 14;14.0;31.0;37.0;63.0;3.0;1.0;3.0;6.0;;;;;;;;54.0;98.0;28.0;54.0;39.0;61.0;6.0;2.0;5.0;8.0;;[50 76];[2 2];[False False];['FC Viktoria Köln' 'MSV Duisburg'];[ 0 -1];[-1  0];['D' 'A'];['A' 'D'];0.71;0.0;0.29;1.0;0.0;0.0;2543.0;53365.0;msv duisburg;fc viktoria cologne;1.72;1.72;
2026-05-16;194547213;Germany 3. Liga;Germany;08:30;Schedule;False;0.034782608695652195;1.95;3.0;1.85;3.0;7.0;3.0;;2.0;2.0;4.0;122.0;70.0;100.0;Saarbrucken;15.0;0.0;1.0;2.3;0;2.0;2 - 2;3.6;Hansa Rostock;5.0;0.0;1.0;2.5;2;2.0;0.0 (-0.25);7 - 3;2-2;3.25 ( 5);1.25;36 - 21;24 - 15;15.0;24.0;50.0;50.0;2.0;3.0;2.0;1.0;;;;;;;;57.0;65.0;28.0;42.0;50.0;50.0;3.0;5.0;4.0;4.0;;[24 36 59 66 75 79];[1 1 2 2 2 2];[False False False False False False];"['Hansa Rostock' 'Hansa Rostock' 'Saarbrucken' 'Saarbrucken' 'Saarbrucken'
 'Hansa Rostock']";[ 0 -1 -2 -1  0  1];[-1 -2 -1  0  1  0];['D' 'A' 'A' 'A' 'D' 'H'];['A' 'A' 'A' 'D' 'H' 'D'];0.49;0.04;0.47;0.53;0.0;0.47;2554.0;2533.0;1. fc saarbrucken;hansa rostock;1.44;1.44;
2026-05-16;194547229;Germany 3. Liga;Germany;08:30;Schedule;False;0.15517241379310343;1.8;3.0, 3.5;2.0;3.0, 3.5;7.0;5.0;;7.0;4.0;11.0;143.0;100.0;100.0;FC Ingolstadt;13.0;0.0;0.0;2.0;2;4.0;4 - 1;3.75;Waldhof Mannheim;9.0;0.0;0.0;2.9;0;1.0;-0.25 ( 0.0);7 - 5;7-4;3.5 (5.75);1.5;43 - 48;29 - 30;30.0;29.0;50.0;50.0;3.0;4.0;0.0;3.0;;;;;;;;85.0;58.0;55.0;45.0;50.0;50.0;4.0;4.0;1.0;7.0;;[ 2 30 51 57 65 81];[1 1 2 2 2 2];[False False False False False False];"['FC Ingolstadt' 'FC Ingolstadt' 'FC Ingolstadt' 'Waldhof Mannheim'
 'FC Ingolstadt' 'FC Ingolstadt']";[0 1 2 3 2 3];[1 2 3 2 3 4];['D' 'H' 'H' 'H' 'H' 'H'];['H' 'H' 'H' 'H' 'H' 'H'];0.02;0.98;0.0;0.04;0.96;0.0;5880.0;2680.0;fc ingolstadt 04;sv waldhof mannheim 07;1.4;1.36;
2026-05-16;194547251;Germany 3. Liga;Germany;08:30;Schedule;False;-0.21381578947368418;1.9;3.0;1.9;3.0;5.0;3.0;;2.0;1.0;3.0;201.0;129.0;100.0;VfB Stuttgart II;;0.0;1.0;3.2;0;2.0;2 - 4;3.75;VfL Osnabruck;;0.0;0.0;1.9;2;4.0;+0.5 ( 0.0);5 - 3;2-1;3.25 (6.75);1.25;64 - 45;35 - 30;30.0;35.0;45.0;55.0;3.0;2.0;2.0;2.0;;;;;;;;82.0;119.0;53.0;76.0;43.0;57.0;4.0;6.0;4.0;9.0;;[31 38 48 57 63 67 78];[1 1 2 2 2 2 2];[False False False False False False False];"['VfL Osnabruck' 'VfL Osnabruck' 'VfL Osnabruck' 'VfB Stuttgart II'
 'VfL Osnabruck' 'VfB Stuttgart II' 'VfB Stuttgart II']";[ 0 -1 -2 -3 -2 -3 -2];[-1 -2 -3 -2 -3 -2 -1];['D' 'A' 'A' 'A' 'A' 'A' 'A'];['A' 'A' 'A' 'A' 'A' 'A' 'A'];0.34;0.0;0.66;0.69;0.0;0.31;2522.0;2581.0;vfb stuttgart ii;vfl 1899 osnabruck;1.53;1.44;Youth
2026-05-16;193331744;Estonia Meistriliiga;Estonia;08:30;Schedule;False;-0.6263736263736264;1.9;3.0;1.9;3.0;1.0;10.0;;0.0;6.0;6.0;149.0;118.0;100.0;JK Trans Narva;;0.0;1.0;7.0;0;0.0;0 - 3;4.5;FC Flora Tallinn;;0.0;0.0;1.3;2;3.0;+1.5 (+0.25);1 - 10;0-6;3.0 (3.75);1.25;26 - 73;10 - 48;48.0;10.0;71.0;29.0;5.0;0.0;3.0;0.0;;;;;;;;86.0;63.0;77.0;41.0;57.0;43.0;12.0;5.0;4.0;0.0;;[21 37 52];[1 1 2];[False False False];['FC Flora Tallinn' 'FC Flora Tallinn' 'FC Flora Tallinn'];[ 0 -1 -2];[-1 -2 -3];['D' 'A' 'A'];['A' 'A' 'A'];0.23;0.0;0.77;0.47;0.0;0.53;3343.0;3346.0;jk narva trans;tallinna fc flora;1.57;1.83;
2026-05-16;194547255;Germany 3. Liga;Germany;08:30;Schedule;False;0.3752926074152383;1.85;3.0, 3.5;1.95;3.0, 3.5;4.0;3.0;;1.0;2.0;3.0;141.0;83.0;100.0;Verl;6.0;0.0;0.0;1.615;1;2.0;2 - 0;3.9;1860 Munich;8.0;0.0;1.0;4.1;0;0.0;-0.75 (-0.25);4 - 3;1-2;3.25 (2.75);1.25;44 - 30;30 - 19;19.0;30.0;42.0;58.0;2.0;1.0;2.0;1.0;;;;;;;;66.0;75.0;35.0;48.0;42.0;58.0;2.0;3.0;5.0;4.0;;[36 60 78];[1 2 2];[False False False];['Verl' 'Verl' 'Verl'];[0 1 2];[1 2 3];['D' 'H' 'H'];['H' 'H' 'H'];0.4;0.6;0.0;0.8;0.2;0.0;2593.0;2536.0;sc verl;tsv 1860 munich;1.44;1.5;
2026-05-16;194535903;Singapore Premier League;Singapore;08:30;Schedule;False;0.898141324817817;1.825;4.0;1.975;4.0;4.0;0.0;;3.0;0.0;3.0;112.0;80.0;100.0;Albirex Niigata Singapore;3.0;0.0;1.0;1.062;2;3.0;3 - 0;12.0;Young Lions;7.0;0.0;4.0;23.0;0;0.0;-3.0 (-0.75);4 - 0;3-0;4.0 ( 4);1.75;47 - 16;34 - 12;12.0;34.0;38.0;62.0;1.0;6.0;0.0;5.0;;;;;;;;56.0;56.0;24.0;56.0;43.0;57.0;1.0;10.0;2.0;9.0;;[ 5 29 67];[1 1 2];[False False False];"['Albirex Niigata Singapore' 'Albirex Niigata Singapore'
 'Albirex Niigata Singapore']";[0 1 2];[1 2 3];['D' 'H' 'H'];['H' 'H' 'H'];0.06;0.94;0.0;0.11;0.89;0.0;34081.0;34082.0;albirex niigata (s);young lions fc;;;
2026-05-16;194547258;Germany 3. Liga;Germany;08:30;Schedule;False;0.2425234340127957;1.8;3.0, 3.5;2.0;3.0, 3.5;7.0;2.0;;4.0;1.0;5.0;187.0;80.0;100.0;Wehen SV;;0.0;2.0;1.833;1;2.0;2 - 0;3.75;TSG Hoffenheim II;;0.0;0.0;3.3;0;0.0;-0.75 (-0.25);7 - 2;4-1;3.5 (2.75);1.5;39 - 33;26 - 12;12.0;26.0;41.0;59.0;1.0;4.0;1.0;4.0;;;;;;;;90.0;97.0;39.0;41.0;50.0;50.0;3.0;6.0;2.0;7.0;;[45 53];[1 2];[False False];['Wehen SV' 'Wehen SV'];[0 1];[1 2];['D' 'H'];['H' 'H'];0.5;0.5;0.0;1.0;0.0;0.0;2597.0;5887.0;sv wehen wiesbaden;tsg hoffenheim ii;1.4;1.4;Youth
2026-05-16;194547246;Germany 3. Liga;Germany;08:30;Schedule;False;-0.20373514431239387;1.875;3.0, 3.5;1.925;3.0, 3.5;5.0;1.0;;1.0;1.0;2.0;138.0;77.0;100.0;Schweinfurt 05;;0.0;0.0;3.1;1;2.0;2 - 4;3.8;Erzgebirge Aue;;0.0;2.0;1.9;2;4.0;+0.25 ( 0.0);5 - 1;1-1;3.25 (6.75);1.25;35 - 28;18 - 23;23.0;18.0;57.0;43.0;1.0;4.0;3.0;3.0;;;;;;;;70.0;68.0;33.0;44.0;50.0;50.0;3.0;9.0;6.0;5.0;;[27 35 47 63 67 70];[1 1 1 2 2 2];[False False  True False False False];"['Schweinfurt 05' 'Erzgebirge Aue' 'Erzgebirge Aue' 'Schweinfurt 05'
 'Erzgebirge Aue' 'Erzgebirge Aue']";[ 0  1  0 -1  0 -1];[ 1  0 -1  0 -1 -2];['D' 'H' 'D' 'A' 'D' 'A'];['H' 'D' 'A' 'D' 'A' 'A'];0.48;0.09;0.43;0.83;0.17;0.0;2544.0;2566.0;1. fc schweinfurt 05;erzgebirge aue;1.44;1.4;
2026-05-16;194547263;Germany 3. Liga;Germany;08:30;Schedule;False;-0.3752926074152383;1.825;3.0, 3.5;1.975;3.0, 3.5;0.0;5.0;;0.0;4.0;4.0;149.0;71.0;100.0;Jahn Regensburg;12.0;0.0;1.0;4.1;0;0.0;0 - 1;4.0;Cottbus;2.0;0.0;3.0;1.615;1;1.0;+1.0 ( 0.0);0 - 5;0-4;3.25 (1.75);1.5;19 - 39;10 - 27;27.0;10.0;50.0;50.0;1.0;2.0;1.0;1.0;;;;;;;;73.0;76.0;40.0;31.0;50.0;50.0;1.0;3.0;3.0;5.0;;[28];[1];[False];['Cottbus'];[0];[-1];['D'];['A'];0.31;0.0;0.69;0.62;0.0;0.38;2567.0;2532.0;jahn regensburg;energie cottbus;1.5;1.5;
2026-05-16;194547266;Germany 3. Liga;Germany;08:30;Schedule;False;-0.4444444444444444;1.8;3.0, 3.5;2.0;3.0, 3.5;2.0;8.0;;1.0;5.0;6.0;154.0;110.0;100.0;SSV Ulm 1846;;1.0;3.0;4.5;2;2.0;2 - 2;4.1;Rot-Weiss Essen;;0.0;1.0;1.5;2;2.0;+1.0 (+0.75);2 - 8;1-5;3.25 ( 5);1.5;17 - 70;8 - 44;44.0;8.0;50.0;50.0;6.0;1.0;6.0;2.0;;;;;;;;102.0;52.0;88.0;22.0;50.0;50.0;14.0;2.0;13.0;3.0;;[ 2 28 35 40];[1 1 1 1];[False False False False];['Rot-Weiss Essen' 'SSV Ulm 1846' 'SSV Ulm 1846' 'Rot-Weiss Essen'];[ 0 -1  0  1];[-1  0  1  0];['D' 'A' 'D' 'H'];['A' 'D' 'H' 'D'];0.66;0.06;0.29;0.31;0.11;0.58;2580.0;2562.0;ssv ulm 1846;rot-weiss essen;1.44;1.44;Women
2026-05-16;194592495;Paraguay Reserve League;Paraguay;08:30;Schedule;False;;;2.75;;2.75;0.0;0.0;;0.0;0.0;0.0;0.0;0.0;;Sportivo Trinidense Reserves;;0.0;0.0;;0;0.0;0 - 0;;Cerro Porteno Reserves;;0.0;0.0;;0;0.0;+1.0;0 - 0;0-0;2.75;1.25;-;nan;;;;;;;;;;;;;;;;0.0;0.0;0.0;0.0;;;0.0;0.0;0.0;0.0;;[];[];[];[];[];[];[];[];1.0;0.0;0.0;1.0;0.0;0.0;;;;;;;Youth
2026-05-16;194579045;India Super League;India;08:30;Schedule;False;-0.3776578017729787;1.95;2.5;1.85;2.5;2.0;7.0;;1.0;5.0;6.0;136.0;81.0;100.0;Chennaiyin FC;13.0;0.0;0.0;4.5;1;1.0;1 - 1;3.4;Bengaluru;5.0;0.0;0.0;1.667;1;1.0;+0.75 (+0.25);2 - 7;1-5;2.5 (2.75);1.0;19 - 50;13 - 34;34.0;13.0;74.0;26.0;1.0;2.0;1.0;1.0;;;;;;;;87.0;49.0;60.0;21.0;71.0;29.0;3.0;3.0;1.0;1.0;;[34 43];[1 1];[False False];['Chennaiyin FC' 'Bengaluru'];[0 1];[1 0];['D' 'H'];['H' 'D'];0.9;0.1;0.0;0.8;0.2;0.0;174590.0;118670.0;chennaiyin fc;bengaluru fc;1.72;1.83;
2026-05-16;194577853;Belgium Super League Women;Belgium;08:30;Schedule;False;-0.6153846153846153;1.9;3.0;1.9;3.0;3.0;3.0;;3.0;2.0;5.0;219.0;177.0;100.0;Club Brugge (W);;1.0;2.0;6.5;0;0.0;0 - 0;5.0;OH Leuven (W);;0.0;0.0;1.3;0;0.0;+1.0 (+0.25);3 - 3;3-2;3.0 (0.75);1.25;63 - 94;45 - 53;53.0;45.0;57.0;43.0;3.0;0.0;1.0;4.0;;;;;;;;140.0;79.0;111.0;66.0;59.0;41.0;10.0;2.0;6.0;4.0;;[88];[2];[False];['OH Leuven (W)'];[0];[-1];['D'];['A'];0.98;0.0;0.02;1.0;0.0;0.0;2888.0;2918.0;club brugge;oud-heverlee leuven;;;Women
2026-05-16;194698078;Germany 3. Liga;Germany;08:30;Schedule;False;0.5762745034084609;1.875;3.5, 4.0;1.925;3.5, 4.0;4.0;3.0;;1.0;2.0;3.0;127.0;94.0;100.0;Alemannia Aachen;7.0;0.0;1.0;1.333;1;5.0;5 - 1;5.0;TSV Havelse;17.0;0.0;3.0;5.75;0;1.0;-1.5 (-0.25);4 - 3;1-2;3.75 ( 7);1.5;37 - 38;19 - 27;27.0;19.0;50.0;50.0;6.0;1.0;1.0;1.0;;;;;;;;64.0;63.0;40.0;54.0;46.0;54.0;6.0;2.0;2.0;7.0;;[ 7 46 52 54 55 74];[1 2 2 2 2 2];[False False False False False False];"['Alemannia Aachen' 'Alemannia Aachen' 'TSV Havelse' 'Alemannia Aachen'
 'Alemannia Aachen' 'Alemannia Aachen']";[0 1 2 1 2 3];[1 2 1 2 3 4];['D' 'H' 'H' 'H' 'H' 'H'];['H' 'H' 'H' 'H' 'H' 'H'];0.08;0.92;0.0;0.16;0.84;0.0;2546.0;7827.0;alemannia aachen;tsv havelse;1.44;1.44;
2026-05-16;193332171;Scotland Premiership;Scotland;08:30;Schedule;False;0.44606104695219917;1.85;3.0;2.0;3.0;7.0;4.0;;3.0;3.0;6.0;155.0;84.0;100.0;Celtic;3.0;0.0;3.0;1.571;1;1.0;1 - 1;4.2;Hearts;1.0;0.0;1.0;5.25;1;1.0;-1.0 (-0.25);7 - 4;3-3;3.0 (2.75);1.25;43 - 25;29 - 16;16.0;29.0;35.0;65.0;5.0;1.0;1.0;2.0;;;;;;;;68.0;87.0;31.0;53.0;31.0;69.0;6.0;8.0;2.0;3.0;;[43 49];[1 1];[False  True];['Hearts' 'Celtic'];[ 0 -1];[-1  0];['D' 'A'];['A' 'D'];0.93;0.0;0.07;0.88;0.0;0.12;2352.0;2353.0;celtic glasgow;heart of midlothian fc;1.61;1.53;
2026-05-16;193332175;Scotland Premiership;Scotland;08:30;Schedule;False;-0.27027027027027023;2.025;3.0;1.825;3.0;6.0;3.0;;4.0;2.0;6.0;143.0;90.0;100.0;Falkirk;6.0;0.0;3.0;3.7;2;2.0;2 - 4;3.8;Rangers;2.0;0.0;0.0;1.85;3;4.0;+0.75 (+0.25);6 - 3;4-2;3.0 (6.75);1.25;36 - 38;24 - 18;18.0;24.0;38.0;62.0;5.0;1.0;5.0;3.0;;;;;;;;70.0;73.0;44.0;46.0;42.0;58.0;7.0;5.0;7.0;4.0;;[ 2  6  7 27 44 47 79];[1 1 1 1 1 2 2];[False False False False False False False];['Rangers' 'Rangers' 'Falkirk' 'Rangers' 'Falkirk' 'Rangers' 'Rangers'];[ 0 -1 -2 -1 -2 -1 -2];[-1 -2 -1 -2 -1 -2 -3];['D' 'A' 'A' 'A' 'A' 'A' 'A'];['A' 'A' 'A' 'A' 'A' 'A' 'A'];0.02;0.0;0.98;0.04;0.0;0.96;2363.0;2351.0;falkirk fc;glasgow rangers;1.61;1.53;
2026-05-16;193332181;Scotland Premiership;Scotland;08:30;Schedule;False;0.02178649237472774;1.9;2.5;1.95;2.5;2.0;3.0;;2.0;2.0;4.0;139.0;67.0;100.0;Hibernian;5.0;0.0;2.0;2.55;0;0.0;0 - 1;3.3;Motherwell;4.0;1.0;3.0;2.7;0;1.0;0.0 (-0.25);2 - 3;2-2;2.5 ( 2);1.0;16 - 40;11 - 33;33.0;11.0;62.0;38.0;8.0;2.0;2.0;1.0;;;;;;;;61.0;78.0;46.0;21.0;54.0;46.0;8.0;5.0;7.0;1.0;;[];[];[];[];[];[];[];[];1.0;0.0;0.0;1.0;0.0;0.0;2354.0;2346.0;hibernian fc;motherwell fc;1.7;1.66;
2026-05-16;194591423;China Super League Women;China;08:35;Schedule;False;-0.07763975155279507;1.95;2.0, 2.5;1.85;2.0, 2.5;2.0;4.0;;2.0;3.0;5.0;58.0;46.0;100.0;Guangxi Pingguo (W);;0.0;1.0;2.8;0;0.0;0 - 1;3.1;Guangdong (W);;0.0;0.0;2.3;1;1.0;+0.25 ( 0.0);2 - 4;2-3;2.25 (1.75);1.0;27 - 11;20 - 9;9.0;20.0;43.0;57.0;2.0;2.0;1.0;0.0;;;;;;;;21.0;37.0;14.0;32.0;38.0;62.0;2.0;4.0;3.0;1.0;;[20 77];[1 2];[False False];['Guangdong (W)' 'Guangdong (W)'];[ 0 -1];[-1 -2];['D' 'A'];['A' 'A'];0.22;0.0;0.78;0.44;0.0;0.56;;;;;;;Women
2026-05-16;193711579;China Super League;China;08:35;Schedule;False;0.47124824684431976;1.9;2.5, 3.0;1.9;2.5, 3.0;3.0;4.0;;1.0;0.0;1.0;186.0;82.0;100.0;Shandong Taishan;5.0;0.0;2.0;1.55;2;2.0;2 - 1;4.1;Chongqing Tonglianglong;2.0;0.0;2.0;5.75;0;1.0;-1.0 (-0.25);3 - 4;1-0;2.75 (3.75);1.25;58 - 12;39 - 2;2.0;39.0;35.0;65.0;1.0;4.0;0.0;3.0;;;;;;;;53.0;133.0;16.0;66.0;39.0;61.0;5.0;8.0;2.0;5.0;;[35 38 69];[1 1 2];[False False False];['Shandong Taishan' 'Shandong Taishan' 'Chongqing Tonglianglong'];[0 1 2];[1 2 1];['D' 'H' 'H'];['H' 'H' 'H'];0.39;0.61;0.0;0.78;0.22;0.0;3371.0;1009007.0;shandong taishan fc;chongqing tonglianglong fc;1.8;1.75;
2026-05-16;194530172;Croatia 1.NL;Croatia;08:45;Schedule;False;0.1218637992831541;1.8;2.0;2.0;2.0;2.0;0.0;;1.0;0.0;1.0;143.0;89.0;100.0;NK Sesvete;3.0;0.0;0.0;2.25;0;0.0;0 - 1;2.9;NK Dugopolje;4.0;0.0;1.0;3.1;1;1.0;-0.25 (-0.25);2 - 0;1-0;2.25 (1.75);0.75;44 - 27;29 - 24;24.0;29.0;49.0;51.0;2.0;4.0;2.0;1.0;;;;;;;;77.0;66.0;33.0;56.0;45.0;55.0;3.0;8.0;3.0;3.0;;[20 70];[1 2];[False False];['NK Dugopolje' 'NK Sesvete'];[ 0 -1];[-1  0];['D' 'A'];['A' 'D'];0.44;0.0;0.56;0.44;0.0;0.56;54297.0;43918.0;nk sesvete;nk dugopolje;1.9;2.0;
2026-05-16;220576;Türkiye U19 League;Turkey;08:58;Half;False;;;3 ( 2.5);;3 ( 2.5);0.0;0.0;;0.0;0.0;0.0;133.0;44.0;;Fenerbahce U19;;0.0;0.0;;0;0.0;0 - 1;;Eyupspor U19;;0.0;0.0;;1;1.0;-0.75 (-0.25);0 - 0;0-0;3 ( 2.5);nan;10 - 22;10 - 22;22.0;10.0;;;5.0;0.0;2.0;0.0;;;;;;;;70.0;63.0;28.0;16.0;;;5.0;0.0;4.0;0.0;;[45];[1];[False];['Eyupspor U19'];[0];[-1];['D'];['A'];0.5;0.0;0.5;1.0;0.0;0.0;3052.0;7040.0;fenerbahce istanbul;eyupspor;;;Youth
2026-05-16;777809;Finland Ykkonen Women;Finland;08:58;Schedule;False;;;3.25;;3.25;0.0;0.0;;0.0;0.0;0.0;0.0;0.0;;HJS (W);;0.0;0.0;;0;0.0;0 - 0;;HJK II (W);;0.0;0.0;;0;0.0;-0.5;0 - 0;0-0;3.25;nan;-;nan;;;;;;;;;;;;;;;;0.0;0.0;0.0;0.0;;;0.0;0.0;0.0;0.0;;[];[];[];[];[];[];[];[];1.0;0.0;0.0;1.0;0.0;0.0;330431.0;;hjs;;;;Youth-Women
2026-05-16;194518547;Germany Regionalliga Bayern;Germany;09:00;Schedule;False;0.7222222222222223;1.875;4.0, 4.5;1.925;4.0, 4.5;0.0;0.0;;0.0;0.0;0.0;0.0;0.0;;Nurnberg II;;0.0;0.0;1.2;0;0.0;0 - 0;6.25;SpVgg Hankofen-Hailing;;0.0;0.0;9.0;0;0.0;-2.0;0 - 0;0-0;4.25;1.75;-;nan;;;;;;;;;;;;;;;;0.0;0.0;0.0;0.0;;;0.0;0.0;0.0;0.0;;[];[];[];[];[];[];[];[];1.0;0.0;0.0;1.0;0.0;0.0;5872.0;75131.0;1 fc nuremberg ii;spvgg hankofen-hailing;1.83;1.44;Youth
2026-05-16;194547367;Denmark Division 3;Denmark;09:00;Schedule;False;0.6263736263736264;1.825;3.0;1.975;3.0;2.0;6.0;;2.0;6.0;8.0;61.0;36.0;100.0;Frem;7.0;0.0;0.0;1.3;1;1.0;1 - 1;5.0;IF Lyseng;12.0;0.0;0.0;7.0;1;1.0;-1.5 (-0.75);2 - 6;2-6;3.0 (3.25);1.25;15 - 13;15 - 13;13.0;15.0;50.0;50.0;0.0;4.0;2.0;3.0;;;;;;;;22.0;39.0;17.0;19.0;50.0;50.0;2.0;4.0;3.0;3.0;;[25 33];[1 1];[False False];['Frem' 'IF Lyseng'];[0 1];[1 0];['D' 'H'];['H' 'D'];0.91;0.09;0.0;0.82;0.18;0.0;;;;;;;
2026-05-16;194547370;Denmark Division 3;Denmark;09:00;Half;False;0.36909304038107676;2.025;2.5;1.775;2.5;2.0;1.0;;2.0;1.0;3.0;121.0;58.0;100.0;FA 2000;2.0;0.0;0.0;1.667;1;1.0;1 - 0;3.5;Vanløse;5.0;0.0;2.0;4.333;0;0.0;-0.5 (-0.25);2 - 1;2-1;2.5 (2.25);1.0;28 - 19;28 - 19;19.0;28.0;57.0;43.0;3.0;7.0;0.0;2.0;;;;;;;;69.0;52.0;23.0;35.0;58.0;42.0;3.0;9.0;0.0;3.0;;[46];[1];[ True];['FA 2000'];[0];[1];['D'];['H'];0.51;0.49;0.0;1.0;0.0;0.0;;;;;;;
2026-05-16;194547357;Denmark Division 2;Denmark;09:00;Half;False;0.017368649587494622;1.9;2.5, 3.0;1.9;2.5, 3.0;4.0;5.0;;4.0;5.0;9.0;106.0;80.0;100.0;Brabrand;;0.0;2.0;2.35;0;0.0;0 - 1;3.5;VSK Aarhus;;0.0;0.0;2.45;1;1.0;0.0 ( 0.0);4 - 5;4-5;2.75 ( 2.5);1.25;36 - 25;36 - 25;25.0;36.0;60.0;40.0;2.0;4.0;5.0;1.0;;;;;;;;56.0;50.0;36.0;44.0;62.0;38.0;6.0;4.0;7.0;2.0;;[12];[1];[False];['VSK Aarhus'];[0];[-1];['D'];['A'];0.13;0.0;0.87;0.27;0.0;0.73;1398.0;272767.0;brabrand if;vsk aarhus;1.72;1.61;
2026-05-16;194547348;Denmark Division 2;Denmark;09:00;Schedule;False;0.22328548644338114;1.825;2.5;1.975;2.5;4.0;2.0;;4.0;1.0;5.0;77.0;39.0;100.0;FC Roskilde;;0.0;1.0;1.9;0;0.0;0 - 0;3.5;Naestved IF;;0.0;1.0;3.3;0;0.0;-0.5 (-0.25);4 - 2;4-1;2.75 (1.25);1.0;14 - 14;14 - 13;13.0;14.0;50.0;50.0;0.0;2.0;1.0;2.0;;;;;;;;38.0;39.0;17.0;22.0;50.0;50.0;1.0;2.0;3.0;2.0;;[];[];[];[];[];[];[];[];1.0;0.0;0.0;1.0;0.0;0.0;4873.0;1320.0;fc roskilde;naestved bk;1.66;1.66;
2026-05-16;194547339;Denmark Division 2;Denmark;09:00;Half;False;-0.19023986765922257;1.8;2.5;2.0;2.5;1.0;5.0;;1.0;5.0;6.0;104.0;50.0;100.0;Hellerup IK;6.0;0.0;1.0;3.1;0;0.0;0 - 1;3.6;Thisted FC;5.0;0.0;1.0;1.95;1;1.0;+0.5 (+0.25);1 - 5;1-5;2.5 ( 2.5);1.0;10 - 29;10 - 29;29.0;10.0;53.0;47.0;4.0;0.0;1.0;2.0;;;;;;;;61.0;43.0;40.0;10.0;51.0;49.0;6.0;0.0;1.0;2.0;;[31];[1];[False];['Thisted FC'];[0];[-1];['D'];['A'];0.34;0.0;0.66;0.69;0.0;0.31;;1403.0;;thisted fc;;;
2026-05-16;193331889;Norway Eliteserien;Norway;09:00;Half;False;0.5503791982665223;1.95;3.0, 3.5;1.85;3.0, 3.5;4.0;0.0;;4.0;0.0;4.0;114.0;86.0;100.0;SK Brann;;0.0;1.0;1.42;2;2.0;2 - 0;4.75;KFUM;;1.0;0.0;6.5;0;0.0;-1.0 (-1.25);4 - 0;4-0;3.0 ( 4);1.25;60 - 18;60 - 18;18.0;60.0;23.0;77.0;2.0;3.0;1.0;5.0;;;;;;;;31.0;83.0;18.0;68.0;22.0;78.0;2.0;5.0;2.0;6.0;;[36 43 49];[1 1 2];[False False False];['SK Brann' 'SK Brann' 'KFUM'];[0 1 2];[1 2 1];['D' 'H' 'H'];['H' 'H' 'H'];0.4;0.6;0.0;0.8;0.2;0.0;1159.0;786.0;sk brann;kfum oslo;1.57;1.66;
2026-05-16;194518552;Germany Regionalliga Bayern;Germany;09:00;Schedule;False;0.06238859180035644;1.8;2.5, 3.0;2.0;2.5, 3.0;0.0;0.0;;0.0;0.0;0.0;0.0;0.0;;DJK Vilzing;;0.0;0.0;2.2;0;0.0;0 - 0;3.75;Greuther Furth II;;0.0;0.0;2.55;0;0.0;+0.5;0 - 0;0-0;3.25;1.25;-;nan;;;;;;;;;;;;;;;;0.0;0.0;0.0;0.0;;;0.0;0.0;0.0;0.0;;[];[];[];[];[];[];[];[];1.0;0.0;0.0;1.0;0.0;0.0;23537.0;5883.0;djk vilzing;greuther furth ii;1.57;1.61;Youth
2026-05-16;194547324;Czechia Div 1 Women;Czech Republic;09:00;Schedule;False;0.13066202090592338;1.8;3.0;2.0;3.0;4.0;3.0;;4.0;3.0;7.0;131.0;63.0;100.0;Slavia Prague (W);;0.0;0.0;2.05;0;0.0;0 - 0;3.7;Sparta Prague (W);;0.0;0.0;2.8;0;0.0;-0.25 ( 0.0);4 - 3;4-3;3.0 ( 1.5);1.25;24 - 19;24 - 17;17.0;24.0;42.0;58.0;2.0;4.0;0.0;2.0;;;;;;;;56.0;75.0;29.0;34.0;42.0;58.0;3.0;6.0;3.0;2.0;;[52 61];[2 2];[False False];['Sparta Prague (W)' 'Sparta Prague (W)'];[ 0 -1];[-1 -2];['D' 'A'];['A' 'A'];0.58;0.0;0.42;1.0;0.0;0.0;2216.0;2218.0;slavia prague;sparta prague;;;Women
2026-05-16;194523821;Germany Regionalliga West;Germany;09:00;Schedule;False;-0.3123721289326385;1.975;3.0;1.825;3.0;0.0;0.0;;0.0;0.0;0.0;0.0;0.0;;Sportfreunde Lotte;;0.0;0.0;3.75;0;0.0;0 - 0;3.75;Fortuna Cologne;;0.0;0.0;1.727;0;0.0;+0.5;0 - 0;0-0;3.0;1.25;-;nan;;;;;;;;;;;;;;;;0.0;0.0;0.0;0.0;;;0.0;0.0;0.0;0.0;;[];[];[];[];[];[];[];[];1.0;0.0;0.0;1.0;0.0;0.0;5844.0;2683.0;vfl sportfreunde lotte 1929;fortuna cologne;1.61;1.53;
2026-05-16;193711601;China Super League;China;09:00;Half;False;0.23219814241486064;1.875;3.5;1.925;3.5;1.0;2.0;;1.0;2.0;3.0;119.0;55.0;100.0;Yunnan Yukun;4.0;0.0;0.0;1.9;0;0.0;0 - 0;4.1;Shanghai Shenhua;7.0;0.0;1.0;3.4;0;0.0;-0.5 ( 0.0);1 - 2;1-2;3.75 (1.75);1.5;22 - 20;22 - 20;20.0;22.0;40.0;60.0;6.0;4.0;0.0;1.0;;;;;;;;50.0;69.0;23.0;32.0;39.0;61.0;6.0;6.0;0.0;4.0;;[];[];[];[];[];[];[];[];1.0;0.0;0.0;1.0;0.0;0.0;1009011.0;3373.0;yunnan yukun;shanghai shenhua fc;1.4;1.33;
2026-05-16;194523817;Germany Regionalliga West;Germany;09:00;Schedule;False;0.16499442586399116;1.85;3.0;1.95;3.0;0.0;0.0;;0.0;0.0;0.0;0.0;0.0;;Bochum II;;0.0;0.0;1.95;0;0.0;0 - 0;4.0;Fortuna Dusseldorf II;;0.0;0.0;2.875;0;0.0;0.0;0 - 0;0-0;3.25;1.25;-;nan;;;;;;;;;;;;;;;;0.0;0.0;0.0;0.0;;;0.0;0.0;0.0;0.0;;[];[];[];[];[];[];[];[];1.0;0.0;0.0;1.0;0.0;0.0;5839.0;7931.0;vfl bochum ii;fortuna dusseldorf ii;1.53;1.4;Youth
2026-05-16;194589675;Norway Division 2 Group 2;Norway;09:00;Half;False;-0.16666666666666669;1.975;3.0, 3.5;1.825;3.0, 3.5;2.0;1.0;;2.0;1.0;3.0;134.0;76.0;100.0;Follo;;0.0;2.0;3.0;0;0.0;0 - 0;3.6;Lørenskog;;0.0;1.0;2.0;0;0.0;+0.5 (+0.25);2 - 1;2-1;3.25 ( 1.5);1.25;31 - 25;31 - 25;25.0;31.0;54.0;46.0;5.0;3.0;3.0;1.0;;;;;;;;78.0;56.0;41.0;35.0;58.0;42.0;5.0;5.0;4.0;1.0;;[];[];[];[];[];[];[];[];1.0;0.0;0.0;1.0;0.0;0.0;855.0;684.0;follo;loerenskog if;1.44;1.53;
2026-05-16;194518550;Germany Regionalliga Bayern;Germany;09:00;Schedule;False;0.5020445851470783;1.9;3.0, 3.5;1.9;3.0, 3.5;0.0;0.0;;0.0;0.0;0.0;0.0;0.0;;Unterhaching;;0.0;0.0;1.444;0;0.0;0 - 0;4.333;Wacker Burghausen;;0.0;0.0;5.25;0;0.0;-0.5;0 - 0;0-0;3.5;1.5;-;nan;;;;;;;;;;;;;;;;0.0;0.0;0.0;0.0;;;0.0;0.0;0.0;0.0;;[];[];[];[];[];[];[];[];1.0;0.0;0.0;1.0;0.0;0.0;2555.0;2559.0;spvgg unterhaching;wacker burghausen;1.57;1.36;
2026-05-16;194523819;Germany Regionalliga West;Germany;09:00;Schedule;False;0.04638218923933213;1.975;3.0, 3.5;1.825;3.0, 3.5;0.0;0.0;;0.0;0.0;0.0;0.0;0.0;;Cologne II;;0.0;0.0;2.2;0;0.0;0 - 0;4.0;Schalke II;;0.0;0.0;2.45;0;0.0;0.0;0 - 0;0-0;3.75;1.5;-;nan;;;;;;;;;;;;;;;;0.0;0.0;0.0;0.0;;;0.0;0.0;0.0;0.0;;[];[];[];[];[];[];[];[];1.0;0.0;0.0;1.0;0.0;0.0;2525.0;350336.0;1. fc cologne ii;fc schalke 04 ii;1.44;1.3;Youth
2026-05-16;194547335;Denmark Division 3;Denmark;09:00;Schedule;False;0.30126101782152737;2.0;3.0, 3.5;1.8;3.0, 3.5;5.0;3.0;;5.0;3.0;8.0;78.0;50.0;100.0;Næsby;;0.0;0.0;1.727;1;1.0;1 - 0;3.9;Brønshøj;;0.0;1.0;3.6;0;0.0;-0.75 (-0.75);5 - 3;5-3;3.25 (2.75);1.25;25 - 11;25 - 11;11.0;25.0;50.0;50.0;2.0;6.0;1.0;4.0;;;;;;;;35.0;43.0;17.0;33.0;48.0;52.0;2.0;9.0;1.0;10.0;;[ 4 61];[1 2];[False False];['Næsby' 'Næsby'];[0 1];[1 2];['D' 'H'];['H' 'H'];0.04;0.96;0.0;0.09;0.91;0.0;;;;;;;
2026-05-16;194577895;Indonesia Super League;Indonesia;09:00;Schedule;False;-0.028895768833849256;1.95;2.5, 3.0;1.85;2.5, 3.0;8.0;3.0;;8.0;3.0;11.0;158.0;85.0;100.0;Persis Solo;;0.0;0.0;2.55;0;0.0;0 - 0;3.4;Dewa United FC;;0.0;1.0;2.375;0;0.0;+0.25 (+0.25);8 - 3;8-3;2.75 ( 1.5);1.0;31 - 36;31 - 36;36.0;31.0;49.0;51.0;1.0;3.0;0.0;2.0;;;;;;;;94.0;64.0;49.0;36.0;48.0;52.0;1.0;3.0;0.0;3.0;;[];[];[];[];[];[];[];[];1.0;0.0;0.0;1.0;0.0;0.0;;;;;;;
2026-05-16;194523825;Germany Regionalliga West;Germany;09:00;Schedule;False;0.3123721289326385;1.875;3.0;1.925;3.0;0.0;0.0;;0.0;0.0;0.0;0.0;0.0;;SC Paderborn 07 II;;0.0;0.0;1.727;0;0.0;0 - 0;3.75;SV Rodinghausen;;0.0;0.0;3.75;0;0.0;-0.25;0 - 0;0-0;3.0;1.25;-;nan;;;;;;;;;;;;;;;;0.0;0.0;0.0;0.0;;;0.0;0.0;0.0;0.0;;[];[];[];[];[];[];[];[];1.0;0.0;0.0;1.0;0.0;0.0;217116.0;108351.0;sc paderborn 07 ii;sv rodinghausen;1.57;1.5;Youth
2026-05-16;194579189;Norway Division 3 Group 1;Norway;09:00;Schedule;False;-0.3887510339123242;2.0;3.5, 4.0;1.8;3.5, 4.0;0.0;2.0;;0.0;2.0;2.0;92.0;45.0;100.0;Baerum;;0.0;1.0;3.9;2;2.0;2 - 3;4.5;Asker;;0.0;0.0;1.55;3;3.0;+0.75 ( +0.5);0 - 2;0-2;3.25 (7.25);1.5;14 - 19;14 - 19;19.0;14.0;55.0;45.0;2.0;4.0;7.0;4.0;;;;;;;;56.0;36.0;26.0;19.0;55.0;45.0;4.0;4.0;8.0;4.0;;[ 2 17 19 29 36 49];[1 1 1 1 1 2];[False False False False False False];['Baerum' 'Asker' 'Asker' 'Asker' 'Baerum' 'Asker'];[ 0  1  0 -1 -2 -1];[ 1  0 -1 -2 -1 -2];['D' 'H' 'D' 'A' 'A' 'A'];['H' 'D' 'A' 'A' 'A' 'A'];0.04;0.17;0.79;0.09;0.33;0.58;;;;;;;
2026-05-16;193000192;England Super League Women;England;09:00;Half;False;-0.6821384169084127;1.95;2.5, 3.0;1.85;2.5, 3.0;0.0;3.0;;0.0;3.0;3.0;139.0;76.0;100.0;Liverpool (W);;0.0;0.0;9.5;0;0.0;0 - 3;5.5;Arsenal (W);;0.0;1.0;1.27;3;3.0;+1.5 ( +1);0 - 3;0-3;3.0 (4.75);1.25;18 - 44;18 - 44;44.0;18.0;53.0;47.0;6.0;2.0;7.0;1.0;;;;;;;;72.0;67.0;51.0;25.0;51.0;49.0;7.0;3.0;7.0;1.0;;[21 32 37];[1 1 1];[False False False];['Arsenal (W)' 'Arsenal (W)' 'Arsenal (W)'];[ 0 -1 -2];[-1 -2 -3];['D' 'A' 'A'];['A' 'A' 'A'];0.23;0.0;0.77;0.47;0.0;0.53;66774.0;26243.0;liverpool lfc;arsenal wfc;1.83;2.2;Women
2026-05-16;194523823;Germany Regionalliga West;Germany;09:00;Schedule;False;0.16499442586399116;1.85;3.0;1.95;3.0;0.0;0.0;;0.0;0.0;0.0;0.0;0.0;;Borussia M'gladbach II;;0.0;0.0;1.95;0;0.0;0 - 0;4.0;Gutersloh 2000;;0.0;0.0;2.875;0;0.0;-0.25;0 - 0;0-0;3.25;1.25;-;nan;;;;;;;;;;;;;;;;0.0;0.0;0.0;0.0;;;0.0;0.0;0.0;0.0;;[];[];[];[];[];[];[];[];1.0;0.0;0.0;1.0;0.0;0.0;5811.0;5842.0;borussia monchengladbach ii;fc gutersloh 2000;1.53;1.4;Youth
2026-05-16;194518544;Germany Regionalliga Bayern;Germany;09:00;Schedule;False;0.4143150152061674;1.8;3.0;2.0;3.0;0.0;0.0;;0.0;0.0;0.0;0.0;0.0;;FV Illertissen;;0.0;0.0;1.571;0;0.0;0 - 0;4.0;TSV Schwaben Augsburg;;0.0;0.0;4.5;0;0.0;-0.75;0 - 0;0-0;3.75;1.5;-;nan;;;;;;;;;;;;;;;;0.0;0.0;0.0;0.0;;;0.0;0.0;0.0;0.0;;[];[];[];[];[];[];[];[];1.0;0.0;0.0;1.0;0.0;0.0;24267.0;342944.0;fv illertissen;schwaben augsburg;1.57;1.44;
2026-05-16;194523840;Germany Regionalliga West;Germany;09:00;Schedule;False;-0.24786324786324787;1.825;3.0, 3.5;1.975;3.0, 3.5;0.0;0.0;;0.0;0.0;0.0;0.0;0.0;;SC Wiedenbruck;;0.0;0.0;3.25;0;0.0;0 - 0;4.0;Borussia Dortmund II;;0.0;0.0;1.8;0;0.0;+0.5;0 - 0;0-0;3.75;1.5;-;nan;;;;;;;;;;;;;;;;0.0;0.0;0.0;0.0;;;0.0;0.0;0.0;0.0;;[];[];[];[];[];[];[];[];1.0;0.0;0.0;1.0;0.0;0.0;7875.0;2535.0;sc wiedenbruck;borussia dortmund ii;1.44;1.36;Youth
2026-05-16;194587988;Kazakhstan Premier League;Kazakhstan;09:00;Half;False;-0.24060150375939848;1.9;2.5;1.9;2.5;3.0;4.0;;3.0;4.0;7.0;95.0;59.0;100.0;Okzhetpes Kokshetau;3.0;0.0;0.0;3.5;1;1.0;1 - 0;3.2;FC Astana;4.0;0.0;1.0;1.9;0;0.0;+0.5 (+0.25);3 - 4;3-4;2.5 (2.25);1.0;23 - 22;23 - 22;22.0;23.0;55.0;45.0;1.0;3.0;1.0;3.0;;;;;;;;52.0;43.0;28.0;31.0;57.0;43.0;2.0;4.0;1.0;3.0;;[48];[1];[ True];['Okzhetpes Kokshetau'];[0];[1];['D'];['H'];0.53;0.47;0.0;1.0;0.0;0.0;;;;;;;
2026-05-16;194588583;Austria League 1 Women;Austria;09:00;Half;False;0.43009349858664936;2.0;3.0, 3.5;1.8;3.0, 3.5;3.0;5.0;;3.0;5.0;8.0;126.0;74.0;;First Vienna FC 1894 (W);;0.0;0.0;1.533;0;0.0;0 - 1;4.2;LASK Linz (W);;0.0;1.0;4.5;1;1.0;-1.25 ( -0.5);3 - 5;3-5;3.0 (2.75);1.25;34 - 17;34 - 17;17.0;34.0;;;1.0;1.0;3.0;0.0;;;;;;;;62.0;64.0;28.0;46.0;;;2.0;2.0;4.0;2.0;;[39 51 54];[1 2 2];[False False False];['LASK Linz (W)' 'First Vienna FC 1894 (W)' 'LASK Linz (W)'];[ 0 -1  0];[-1  0 -1];['D' 'A' 'D'];['A' 'D' 'A'];0.47;0.0;0.53;0.87;0.0;0.13;2054.0;2058.0;first vienna fc 1894;lask linz;;;Women
2026-05-16;194523829;Germany Regionalliga West;Germany;09:00;Schedule;False;0.6442716433385174;2.0;3.5;1.8;3.5;0.0;0.0;;0.0;0.0;0.0;0.0;0.0;;Sportfreunde Siegen;;0.0;0.0;1.286;0;0.0;0 - 0;5.0;SSVg Velbert;;0.0;0.0;7.5;0;0.0;-1.25;0 - 0;0-0;3.25;1.5;-;nan;;;;;;;;;;;;;;;;0.0;0.0;0.0;0.0;;;0.0;0.0;0.0;0.0;;[];[];[];[];[];[];[];[];1.0;0.0;0.0;1.0;0.0;0.0;2587.0;5817.0;sportfreunde siegen 1899;ssvg velbert;1.72;1.53;
2026-05-16;194534261;Lithuania 1 Lyga;Lithuania;09:00;Half;False;-0.025531914893617003;2.0;2.5, 3.0;1.8;2.5, 3.0;2.0;0.0;;2.0;0.0;2.0;141.0;71.0;100.0;BFA Vilnius;;0.0;0.0;2.5;0;0.0;0 - 1;3.5;FK Atmosfera;;0.0;0.0;2.35;1;1.0;+0.25 (-0.25);2 - 0;2-0;2.75 ( 2.5);1.0;39 - 15;39 - 15;15.0;39.0;35.0;65.0;1.0;4.0;1.0;0.0;;;;;;;;54.0;87.0;19.0;52.0;35.0;65.0;2.0;5.0;3.0;0.0;;[ 9 51 55];[1 2 2];[False False False];['FK Atmosfera' 'FK Atmosfera' 'FK Atmosfera'];[ 0 -1 -2];[-1 -2 -3];['D' 'A' 'A'];['A' 'A' 'A'];0.1;0.0;0.9;0.2;0.0;0.8;;;;;;;
2026-05-16;194588864;Georgia First League;Georgia;09:00;Half;False;0.06441223832528187;1.95;2.0, 2.5;1.85;2.0, 2.5;3.0;7.0;;3.0;7.0;10.0;126.0;86.0;100.0;FC Samtredia;;0.0;0.0;2.3;1;1.0;1 - 0;3.25;Shturmi;;0.0;0.0;2.7;0;0.0;-0.25 (+0.25);3 - 7;3-7;2.25 (2.25);1.0;25 - 39;25 - 39;39.0;25.0;60.0;40.0;4.0;2.0;2.0;2.0;;;;;;;;64.0;62.0;47.0;39.0;54.0;46.0;5.0;2.0;2.0;2.0;;[15];[1];[False];['FC Samtredia'];[0];[1];['D'];['H'];0.17;0.83;0.0;0.33;0.67;0.0;;;;;;;
2026-05-16;194585857;Finland Ykkonen;Finland;09:00;Schedule;False;-0.43009349858664936;1.875;3.5;1.925;3.5;1.0;1.0;;0.0;1.0;1.0;91.0;45.0;100.0;FC Jazz;;0.0;0.0;4.5;0;0.0;0 - 1;4.1;RoPS;;0.0;0.0;1.533;1;1.0;+1.0 (+0.25);1 - 1;0-1;3.25 ( 2.5);1.5;15 - 18;13 - 18;18.0;13.0;45.0;55.0;0.0;0.0;2.0;0.0;;;;;;;;39.0;52.0;25.0;20.0;45.0;55.0;1.0;0.0;2.0;2.0;;[16 61];[1 2];[False False];['RoPS' 'FC Jazz'];[ 0 -1];[-1  0];['D' 'A'];['A' 'D'];0.5;0.0;0.5;0.36;0.0;0.64;35395.0;2250.0;fc jazz;rovaniemen palloseura;1.4;1.5;
2026-05-16;194523850;Germany Regionalliga West;Germany;09:00;Schedule;False;-0.018115942028985532;1.875;3.0;1.925;3.0;0.0;0.0;;0.0;0.0;0.0;0.0;0.0;;Wuppertaler;;0.0;0.0;2.4;0;0.0;0 - 0;3.75;Bonner SC;;0.0;0.0;2.3;0;0.0;0.0;0 - 0;0-0;3.25;1.25;-;nan;;;;;;;;;;;;;;;;0.0;0.0;0.0;0.0;;;0.0;0.0;0.0;0.0;;[];[];[];[];[];[];[];[];1.0;0.0;0.0;1.0;0.0;0.0;4505.0;6188.0;wuppertaler sv;bonner sc;1.5;1.44;
2026-05-16;193000188;England Super League Women;England;09:00;Half;False;0.40866873065015485;1.975;2.5, 3.0;1.825;2.5, 3.0;3.0;3.0;;3.0;3.0;6.0;117.0;71.0;100.0;Everton (W);;0.0;0.0;1.615;0;0.0;0 - 0;4.1;Leicester (W);;0.0;1.0;4.75;0;0.0;-0.75 ( -0.5);3 - 3;3-3;2.75 ( 1.5);1.0;32 - 25;32 - 25;25.0;32.0;46.0;54.0;3.0;3.0;1.0;0.0;;;;;;;;57.0;60.0;35.0;36.0;46.0;54.0;3.0;3.0;1.0;1.0;;[];[];[];[];[];[];[];[];1.0;0.0;0.0;1.0;0.0;0.0;36704.0;438552.0;everton fc;leicester city wfc;1.66;1.83;Women
2026-05-16;194594267;Poland IV Liga;Poland;09:00;Half;False;-0.49252077562326874;1.9;3.0, 3.5;1.9;3.0, 3.5;2.0;3.0;;2.0;3.0;5.0;94.0;46.0;100.0;Orlicz Suchedniow;;0.0;1.0;5.0;0;0.0;0 - 1;4.5;Neptun Konskie;;0.0;1.0;1.444;1;1.0;+0.75 ( +0.5);2 - 3;2-3;3.25 ( 2.5);1.25;15 - 19;15 - 19;19.0;15.0;48.0;52.0;3.0;4.0;3.0;1.0;;;;;;;;50.0;44.0;26.0;20.0;50.0;50.0;3.0;5.0;5.0;1.0;;[29 52];[1 2];[False False];['Neptun Konskie' 'Neptun Konskie'];[ 0 -1];[-1 -2];['D' 'A'];['A' 'A'];0.32;0.0;0.68;0.64;0.0;0.36;;;;;;;
2026-05-16;193000186;England Super League Women;England;09:00;Half;False;0.5714285714285714;1.975;2.5, 3.0;1.825;2.5, 3.0;2.0;1.0;;2.0;1.0;3.0;167.0;102.0;100.0;Chelsea (W);;0.0;0.0;1.4;1;1.0;1 - 0;4.5;Man Utd (W);;0.0;1.0;7.0;0;0.0;-1.25 (-0.75);2 - 1;2-1;3.0 (2.75);1.25;48 - 36;48 - 36;36.0;48.0;39.0;61.0;2.0;4.0;0.0;3.0;;;;;;;;82.0;85.0;48.0;54.0;45.0;55.0;3.0;5.0;1.0;3.0;;[34];[1];[False];['Chelsea (W)'];[0];[1];['D'];['H'];0.38;0.62;0.0;0.76;0.24;0.0;38.0;494374.0;chelsea fc;manchester united wfc;1.66;1.7;Women
2026-05-16;193000184;England Super League Women;England;09:00;Half;False;0.13178294573643412;1.8;2.5, 3.0;2.0;2.5, 3.0;0.0;2.0;;0.0;2.0;2.0;135.0;62.0;100.0;Brighton (W);;0.0;0.0;2.15;0;0.0;0 - 0;3.6;Tottenham (W);;0.0;0.0;3.0;0;0.0;-0.25 ( 0.0);0 - 2;0-2;3.0 ( 1.5);1.25;20 - 31;20 - 31;31.0;20.0;51.0;49.0;5.0;0.0;0.0;1.0;;;;;;;;59.0;76.0;36.0;26.0;51.0;49.0;5.0;1.0;0.0;3.0;;[49];[2];[False];['Brighton (W)'];[0];[1];['D'];['H'];0.54;0.46;0.0;1.0;0.0;0.0;372788.0;301890.0;brighton and hove albion wfc;tottenham hotspur fc;1.53;1.5;Women
2026-05-16;194579201;Poland III Liga;Poland;09:00;Schedule;False;0.17948717948717957;1.825;2.5, 3.0;1.975;2.5, 3.0;3.0;2.0;;2.0;2.0;4.0;151.0;69.0;100.0;Victoria Wrzesnia;;0.0;0.0;1.95;1;1.0;1 - 1;3.7;Kluczevia Stargard;;0.0;0.0;3.0;1;1.0;-0.25 (-0.25);3 - 2;2-2;2.75 (3.25);1.25;28 - 22;26 - 22;22.0;26.0;46.0;54.0;2.0;4.0;3.0;2.0;;;;;;;;65.0;86.0;25.0;44.0;43.0;57.0;3.0;7.0;3.0;3.0;;[ 2 41 54];[1 1 2];[False False False];['Victoria Wrzesnia' 'Kluczevia Stargard' 'Victoria Wrzesnia'];[0 1 0];[1 0 1];['D' 'H' 'D'];['H' 'D' 'H'];0.17;0.83;0.0;0.13;0.87;0.0;;;;;;;
2026-05-16;193000198;England Super League Women;England;09:00;Half;False;0.09661835748792269;1.85;2.5, 3.0;1.95;2.5, 3.0;1.0;2.0;;1.0;2.0;3.0;123.0;72.0;100.0;London City Lionesses (W);;0.0;0.0;2.25;0;0.0;0 - 1;3.5;Aston Villa (W);;0.0;0.0;2.875;1;1.0;-0.25 (-0.25);1 - 2;1-2;2.75 ( 2.5);1.25;32 - 21;32 - 21;21.0;32.0;54.0;46.0;3.0;4.0;1.0;0.0;;;;;;;;62.0;61.0;26.0;46.0;54.0;46.0;4.0;4.0;1.0;2.0;;[47];[1];[ True];['Aston Villa (W)'];[0];[-1];['D'];['A'];0.52;0.0;0.48;1.0;0.0;0.0;606004.0;372786.0;london city lionesses;aston villa wfc;1.61;1.57;Women
2026-05-16;194518541;Germany Regionalliga Bayern;Germany;09:00;Schedule;False;0.43009349858664936;1.85;3.0, 3.5;1.95;3.0, 3.5;0.0;0.0;;0.0;0.0;0.0;0.0;0.0;;VfB Eichstätt;;0.0;0.0;1.533;0;0.0;0 - 0;4.2;Buchbach;;0.0;0.0;4.5;0;0.0;-0.5;0 - 0;0-0;3.0;1.25;-;nan;;;;;;;;;;;;;;;;0.0;0.0;0.0;0.0;;;0.0;0.0;0.0;0.0;;[];[];[];[];[];[];[];[];1.0;0.0;0.0;1.0;0.0;0.0;42589.0;23949.0;vfb eichstatt;tsv buchbach;1.61;1.33;
2026-05-16;194594716;Indonesia Super League;Indonesia;09:00;Schedule;False;0.43463497453310695;1.875;3.0;1.925;3.0;0.0;0.0;;0.0;0.0;0.0;0.0;0.0;100.0;Malut United FC;;0.0;0.0;1.55;0;0.0;0 - 0;3.8;Persita Tangerang;;0.0;0.0;4.75;0;0.0;-0.75;0 - 0;0-0;3.0;1.0;-;nan;;;;;;;;;;;;;;;;0.0;0.0;0.0;0.0;50.0;50.0;0.0;0.0;0.0;0.0;;[];[];[];[];[];[];[];[];1.0;0.0;0.0;1.0;0.0;0.0;;;;;;;
2026-05-16;194620818;Türkiye U19 League;Turkey;09:00;Half;False;-0.06349206349206349;1.825;2.5, 3.0;1.975;2.5, 3.0;0.0;3.0;;0.0;3.0;3.0;101.0;57.0;100.0;Gaziantep FK U19;;0.0;0.0;2.625;0;0.0;0 - 0;3.5;Istanbul Basaksehir U19;;0.0;1.0;2.25;0;0.0;+0.25 ( 0.0);0 - 3;0-3;2.75 ( 1.5);1.25;28 - 23;28 - 23;23.0;28.0;54.0;46.0;3.0;6.0;2.0;3.0;;;;;;;;50.0;51.0;26.0;31.0;57.0;43.0;3.0;7.0;2.0;3.0;;[];[];[];[];[];[];[];[];1.0;0.0;0.0;1.0;0.0;0.0;5138.0;3086.0;gaziantep fk;istanbul basaksehir;;;Youth
2026-05-16;194518537;Germany Regionalliga Bayern;Germany;09:00;Schedule;False;0.33321335732853424;2.0;3.0;1.8;3.0;0.0;0.0;;0.0;0.0;0.0;0.0;0.0;;Augsburg II;;0.0;0.0;1.667;0;0.0;0 - 0;4.0;Memmingen;;0.0;0.0;3.75;0;0.0;-1.0;0 - 0;0-0;3.0;1.25;-;nan;;;;;;;;;;;;;;;;0.0;0.0;0.0;0.0;;;0.0;0.0;0.0;0.0;;[];[];[];[];[];[];[];[];1.0;0.0;0.0;1.0;0.0;0.0;70944.0;5871.0;fc augsburg ii;fc memmingen;1.66;1.66;Youth
2026-05-16;194642376;Sweden 2.div Södra Götaland;Sweden;09:00;Half;False;0.5403726708074534;1.8;3.0, 3.5;2.0;3.0, 3.5;3.0;2.0;;3.0;2.0;5.0;109.0;38.0;100.0;FK Karlskrona;;0.0;1.0;1.4;1;1.0;1 - 0;4.333;Staffanstorp United;;0.0;0.0;5.75;0;0.0;-1.0 (-0.25);3 - 2;3-2;3.25 ( 2.5);1.5;13 - 15;13 - 15;15.0;13.0;45.0;55.0;2.0;5.0;0.0;2.0;;;;;;;;56.0;53.0;21.0;17.0;45.0;55.0;2.0;5.0;1.0;2.0;;[22];[1];[False];['FK Karlskrona'];[0];[1];['D'];['H'];0.24;0.76;0.0;0.49;0.51;0.0;87692.0;1300016.0;fk karlskrona;staffanstorp united;1.57;1.53;
2026-05-16;194523263;Germany Regionalliga South West;Germany;09:00;Schedule;False;0.2589285714285714;2.0;4.0;1.8;4.0;0.0;0.0;;0.0;0.0;0.0;0.0;0.0;;Mainz II;;0.0;0.0;1.75;0;0.0;0 - 0;4.2;SC Freiburg II;;0.0;0.0;3.2;0;0.0;-0.25;0 - 0;0-0;3.75;1.5;-;nan;;;;;;;;;;;;;;;;0.0;0.0;0.0;0.0;;;0.0;0.0;0.0;0.0;;[];[];[];[];[];[];[];[];1.0;0.0;0.0;1.0;0.0;0.0;2571.0;5889.0;fsv mainz ii;sc freiburg ii;1.44;1.28;Youth
2026-05-16;194523259;Germany Regionalliga South West;Germany;09:00;Schedule;False;0.16499442586399116;2.0;3.0, 3.5;1.8;3.0, 3.5;0.0;0.0;;0.0;0.0;0.0;0.0;0.0;;SG Barockstadt;;0.0;0.0;1.95;0;0.0;0 - 0;4.0;FSV Frankfurt;;0.0;0.0;2.875;0;0.0;+0.25;0 - 0;0-0;3.0;1.25;-;nan;;;;;;;;;;;;;;;;0.0;0.0;0.0;0.0;;;0.0;0.0;0.0;0.0;;[];[];[];[];[];[];[];[];1.0;0.0;0.0;1.0;0.0;0.0;459543.0;5777.0;sg barockstadt fulda-lehnerz;fsv frankfurt 1899;1.5;1.44;
2026-05-16;194523255;Germany Regionalliga South West;Germany;09:00;Schedule;False;-0.09157509157509158;1.8;3.0, 3.5;2.0;3.0, 3.5;0.0;0.0;;0.0;0.0;0.0;0.0;0.0;;TSG Balingen;;0.0;0.0;2.6;0;0.0;0 - 0;4.0;FC Astoria Walldorf;;0.0;0.0;2.1;0;0.0;+0.25;0 - 0;0-0;3.75;1.5;-;nan;;;;;;;;;;;;;;;;0.0;0.0;0.0;0.0;;;0.0;0.0;0.0;0.0;;[];[];[];[];[];[];[];[];1.0;0.0;0.0;1.0;0.0;0.0;24272.0;7872.0;tsg balingen 1848;fc astoria walldorf;1.4;1.28;
2026-05-16;194523251;Germany Regionalliga South West;Germany;09:00;Schedule;False;-0.5020445851470783;1.85;3.0, 3.5;1.95;3.0, 3.5;0.0;0.0;;0.0;0.0;0.0;0.0;0.0;;Bayern Alzenau;;0.0;0.0;5.25;0;0.0;0 - 0;4.333;SGV Freiberg;;0.0;0.0;1.444;0;0.0;+0.5;0 - 0;0-0;3.25;1.25;-;nan;;;;;;;;;;;;;;;;0.0;0.0;0.0;0.0;;;0.0;0.0;0.0;0.0;;[];[];[];[];[];[];[];[];1.0;0.0;0.0;1.0;0.0;0.0;5776.0;2640.0;fc bayern alzenau;sgv freiberg;1.53;1.44;
2026-05-16;194521293;Germany Regionalliga North East;Germany;09:00;Schedule;False;0.26143790849673204;1.95;3.0, 3.5;1.85;3.0, 3.5;0.0;0.0;;0.0;0.0;0.0;0.0;0.0;;Zwickau;;0.0;0.0;1.8;0;0.0;0 - 0;3.75;BSG Chemie Leipzig;;0.0;0.0;3.4;0;0.0;-0.25;0 - 0;0-0;3.0;1.25;-;nan;;;;;;;;;;;;;;;;0.0;0.0;0.0;0.0;;;0.0;0.0;0.0;0.0;;[];[];[];[];[];[];[];[];1.0;0.0;0.0;1.0;0.0;0.0;2620.0;270785.0;fsv zwickau;bsg chemie leipzig;1.44;1.5;
2026-05-16;194521291;Germany Regionalliga North East;Germany;09:00;Schedule;False;0.10582010582010581;1.825;2.5, 3.0;1.975;2.5, 3.0;0.0;0.0;;0.0;0.0;0.0;0.0;0.0;;ZFC Meuselwitz;;0.0;0.0;2.1;0;0.0;0 - 0;3.75;FSV 63 Luckenwalde;;0.0;0.0;2.7;0;0.0;0.0;0 - 0;0-0;3.0;1.25;-;nan;;;;;;;;;;;;;;;;0.0;0.0;0.0;0.0;;;0.0;0.0;0.0;0.0;;[];[];[];[];[];[];[];[];1.0;0.0;0.0;1.0;0.0;0.0;5567.0;36358.0;zfc meuselwitz;fsv luckenwalde;1.61;1.53;
2026-05-16;194521283;Germany Regionalliga North East;Germany;09:00;Schedule;False;0.6442716433385174;2.0;3.5;1.8;3.5;0.0;0.0;;0.0;0.0;0.0;0.0;0.0;;FC Lok Leipzig;;0.0;0.0;1.286;0;0.0;0 - 0;5.0;Magdeburg II;;0.0;0.0;7.5;0;0.0;-1.25;0 - 0;0-0;3.0;1.25;-;nan;;;;;;;;;;;;;;;;0.0;0.0;0.0;0.0;;;0.0;0.0;0.0;0.0;;[];[];[];[];[];[];[];[];1.0;0.0;0.0;1.0;0.0;0.0;24093.0;24094.0;1. fc lokomotive leipzig;fc magdeburg ii;1.72;1.61;Youth
2026-05-16;194521275;Germany Regionalliga North East;Germany;09:00;Schedule;False;0.3123721289326385;1.8;3.0;2.0;3.0;0.0;0.0;;0.0;0.0;0.0;0.0;0.0;100.0;Carl Zeiss Jena;;0.0;0.0;1.727;1;1.0;1 - 0;3.75;Rot-Weiss Erfurt;;0.0;0.0;3.75;0;0.0;-1.0 ( -1);0 - 0;0-0;3.5 (4.25);1.5 (2.25);-;nan;;;;;;;;;;;;;;;;0.0;0.0;0.0;0.0;50.0;50.0;0.0;0.0;0.0;1.0;;[9];[1];[False];['Carl Zeiss Jena'];[0];[1];['D'];['H'];0.1;0.9;0.0;0.2;0.8;0.0;2614.0;2578.0;fc carl zeiss jena;fc rot-weiss erfurt;1.53;1.44;Women
2026-05-16;194521273;Germany Regionalliga North East;Germany;09:00;Schedule;False;-0.2425234340127957;1.775;2.5, 3.0;2.025;2.5, 3.0;0.0;0.0;;0.0;0.0;0.0;0.0;0.0;;Hertha Zehlendorf;;0.0;0.0;3.3;0;0.0;0 - 0;3.75;Greifswalder FC;;0.0;0.0;1.833;0;0.0;+0.75;0 - 0;0-0;3.25;1.5;-;nan;;;;;;;;;;;;;;;;0.0;0.0;0.0;0.0;;;0.0;0.0;0.0;0.0;;[];[];[];[];[];[];[];[];1.0;0.0;0.0;1.0;0.0;0.0;164518.0;7864.0;fc hertha 03 zehlendorf;greifswalder fc;1.61;1.5;
2026-05-16;194521271;Germany Regionalliga North East;Germany;09:00;Schedule;False;-0.4417894050193979;1.825;3.0;1.975;3.0;0.0;0.0;;0.0;0.0;0.0;0.0;0.0;;Eilenburg;;0.0;0.0;4.75;0;0.0;0 - 0;4.0;Hallescher FC;;0.0;0.0;1.533;0;0.0;+1.0;0 - 0;0-0;3.25;1.5;-;nan;;;;;;;;;;;;;;;;0.0;0.0;0.0;0.0;;;0.0;0.0;0.0;0.0;;[];[];[];[];[];[];[];[];1.0;0.0;0.0;1.0;0.0;0.0;5561.0;2582.0;fc eilenburg;hallescher fc;1.61;1.53;
2026-05-16;194521268;Germany Regionalliga North East;Germany;09:00;Schedule;False;0.018115942028985532;1.95;3.0;1.85;3.0;0.0;0.0;;0.0;0.0;0.0;0.0;0.0;;BFC Dynamo;;0.0;0.0;2.3;0;0.0;0 - 0;3.75;Chemnitzer;;0.0;0.0;2.4;0;0.0;-0.5;0 - 0;0-0;3.0;1.25;-;nan;;;;;;;;;;;;;;;;0.0;0.0;0.0;0.0;;;0.0;0.0;0.0;0.0;;[];[];[];[];[];[];[];[];1.0;0.0;0.0;1.0;0.0;0.0;5861.0;2592.0;bfc dynamo;chemnitzer fc;1.53;1.53;
2026-05-16;194521266;Germany Regionalliga North East;Germany;09:00;Schedule;False;0.15217391304347827;1.925;3.0, 3.5;1.875;3.0, 3.5;0.0;0.0;;0.0;0.0;0.0;0.0;0.0;;Babelsberg 03;;0.0;0.0;2.0;0;0.0;0 - 0;3.75;Hertha Berlin II;;0.0;0.0;2.875;0;0.0;-0.25;0 - 0;0-0;3.5;1.5;-;nan;;;;;;;;;;;;;;;;0.0;0.0;0.0;0.0;;;0.0;0.0;0.0;0.0;;[];[];[];[];[];[];[];[];1.0;0.0;0.0;1.0;0.0;0.0;2549.0;2626.0;sv babelsberg;hertha bsc ii;1.44;1.36;Youth
2026-05-16;193331601;Denmark Division 1;Denmark;09:00;Schedule;False;-0.44606104695219917;1.8;2.5, 3.0;2.0;2.5, 3.0;2.0;3.0;;2.0;3.0;5.0;119.0;61.0;100.0;Middelfart;;0.0;0.0;5.25;0;0.0;0 - 3;4.1;HB Køge;;0.0;0.0;1.571;3;3.0;+0.75 (+0.25);2 - 3;2-3;3.0 (4.75);1.25;32 - 23;32 - 22;22.0;32.0;34.0;66.0;6.0;4.0;5.0;1.0;;;;;;;;75.0;44.0;24.0;37.0;36.0;64.0;6.0;4.0;8.0;1.0;;[24 31 33 52];[1 1 1 2];[False False False False];['HB Køge' 'HB Køge' 'HB Køge' 'HB Køge'];[ 0 -1 -2 -3];[-1 -2 -3 -4];['D' 'A' 'A' 'A'];['A' 'A' 'A' 'A'];0.27;0.0;0.73;0.53;0.0;0.47;22163.0;36095.0;middelfart bk;hb koege;1.72;1.61;
2026-05-16;194523270;Germany Regionalliga South West;Germany;09:00;Schedule;False;0.018115942028985532;1.925;3.0, 3.5;1.875;3.0, 3.5;0.0;0.0;;0.0;0.0;0.0;0.0;0.0;;Sandhausen;;0.0;0.0;2.3;0;0.0;0 - 0;3.75;FC 08 Homburg;;0.0;0.0;2.4;0;0.0;0.0;0 - 0;0-0;3.5;1.5;-;nan;;;;;;;;;;;;;;;;0.0;0.0;0.0;0.0;;;0.0;0.0;0.0;0.0;;[];[];[];[];[];[];[];[];1.0;0.0;0.0;1.0;0.0;0.0;6157.0;5824.0;sv sandhausen;fc 08 homburg-saar;1.44;1.36;
2026-05-16;194523273;Germany Regionalliga South West;Germany;09:00;Schedule;False;0.6263736263736264;1.85;3.5;1.95;3.5;0.0;0.0;;0.0;0.0;0.0;0.0;0.0;;TSV Steinbach;;0.0;0.0;1.3;0;0.0;0 - 0;5.0;Bahlinger SC;;0.0;0.0;7.0;0;0.0;-1.25;0 - 0;0-0;3.75;1.5;-;nan;;;;;;;;;;;;;;;;0.0;0.0;0.0;0.0;;;0.0;0.0;0.0;0.0;;[];[];[];[];[];[];[];[];1.0;0.0;0.0;1.0;0.0;0.0;165922.0;2584.0;tsv steinbach haiger;bahlinger sc;1.61;1.4;
2026-05-16;194523267;Germany Regionalliga South West;Germany;09:00;Schedule;False;0.13636363636363635;1.975;3.0, 3.5;1.825;3.0, 3.5;0.0;0.0;;0.0;0.0;0.0;0.0;0.0;;Kickers Offenbach;;0.0;0.0;2.0;0;0.0;0 - 0;4.0;KSV Hessen Kassel;;0.0;0.0;2.75;0;0.0;-0.25;0 - 0;0-0;3.5;1.5;-;nan;;;;;;;;;;;;;;;;0.0;0.0;0.0;0.0;;;0.0;0.0;0.0;0.0;;[];[];[];[];[];[];[];[];1.0;0.0;0.0;1.0;0.0;0.0;2586.0;5781.0;offenbacher fc kickers 1901;ksv hessen kassel;1.44;1.36;
2026-05-16;194523281;Germany Regionalliga South West;Germany;09:00;Schedule;False;0.45614035087719296;1.85;3.0, 3.5;1.95;3.0, 3.5;0.0;0.0;;0.0;0.0;0.0;0.0;0.0;;Eintracht Trier;;0.0;0.0;1.5;0;0.0;0 - 0;4.2;TSV Schott Mainz;;0.0;0.0;4.75;0;0.0;-0.75;0 - 0;0-0;3.5;1.5;-;nan;;;;;;;;;;;;;;;;0.0;0.0;0.0;0.0;;;0.0;0.0;0.0;0.0;;[];[];[];[];[];[];[];[];1.0;0.0;0.0;1.0;0.0;0.0;2558.0;162354.0;eintracht trier;tsv schott mainz;1.53;1.4;
2026-05-16;194518528;Germany Regionalliga Bayern;Germany;09:00;Schedule;False;0.018115942028985532;1.9;3.0;1.9;3.0;0.0;0.0;;0.0;0.0;0.0;0.0;0.0;;Viktoria Aschaffenburg;;0.0;0.0;2.3;0;0.0;0 - 0;3.75;Bayern Munich II;;0.0;0.0;2.4;0;0.0;-0.25;0 - 0;0-0;3.25;1.25;-;nan;;;;;;;;;;;;;;;;0.0;0.0;0.0;0.0;;;0.0;0.0;0.0;0.0;;[];[];[];[];[];[];[];[];1.0;0.0;0.0;1.0;0.0;0.0;5791.0;2568.0;viktoria aschaffenburg;bayern munich ii;1.53;1.5;Youth
2026-05-16;194518511;Germany Regionalliga Bayern;Germany;09:00;Schedule;False;-0.5324675324675325;1.9;3.0, 3.5;1.9;3.0, 3.5;0.0;0.0;;0.0;0.0;0.0;0.0;0.0;;Ansbach;;0.0;0.0;5.5;0;0.0;0 - 0;4.5;Wurzburger Kickers;;0.0;0.0;1.4;0;0.0;+1.0;0 - 0;0-0;3.25;1.75;-;nan;;;;;;;;;;;;;;;;0.0;0.0;0.0;0.0;;;0.0;0.0;0.0;0.0;;[];[];[];[];[];[];[];[];1.0;0.0;0.0;1.0;0.0;0.0;2599.0;23947.0;spvgg ansbach;fc wurzburger kickers;1.61;1.36;
2026-05-16;194619012;Cameroon League Women;Cameroon;09:00;Schedule;False;0.16522423288749022;1.85;2.5, 3.0;1.95;2.5, 3.0;3.0;3.0;;3.0;3.0;6.0;102.0;97.0;;Eclair de Saa (W);;0.0;0.0;2.05;2;2.0;2 - 1;3.3;Ita Mbong (W);;0.0;0.0;3.1;1;1.0;-0.25 (-0.25);3 - 3;3-3;2.5 ( 4.5);1.25;37 - 34;37 - 34;34.0;37.0;;;0.0;1.0;1.0;3.0;;;;;;;;41.0;61.0;45.0;52.0;;;1.0;2.0;1.0;5.0;;[14 18 46];[1 1 1];[False False  True];['Ita Mbong (W)' 'Eclair de Saa (W)' 'Eclair de Saa (W)'];[ 0 -1  0];[-1  0  1];['D' 'A' 'D'];['A' 'D' 'H'];0.47;0.49;0.04;0.91;0.0;0.09;;;;;;;Women
2026-05-16;193000203;England Super League Women;England;09:00;Half;False;-0.7551145977541917;1.95;3.5;1.85;3.5;2.0;6.0;;2.0;6.0;8.0;126.0;78.0;100.0;West Ham (W);;0.0;0.0;11.0;0;0.0;0 - 1;7.5;Man City (W);;0.0;0.0;1.182;1;1.0;+2.0 (+0.75);2 - 6;2-6;3.5 (2.75);1.5;25 - 41;25 - 41;41.0;25.0;56.0;44.0;2.0;4.0;2.0;0.0;;;;;;;;70.0;56.0;52.0;26.0;55.0;45.0;5.0;7.0;3.0;0.0;;[13];[1];[False];['Man City (W)'];[0];[-1];['D'];['A'];0.14;0.0;0.86;0.29;0.0;0.71;499630.0;142658.0;west ham united fc;manchester city wfc;2.1;2.0;Women
2026-05-16;194523277;Germany Regionalliga South West;Germany;09:00;Schedule;False;-0.1905011349746813;2.0;3.0, 3.5;1.8;3.0, 3.5;0.0;0.0;;0.0;0.0;0.0;0.0;0.0;;Stuttgarter Kickers;;0.0;0.0;3.0;0;0.0;0 - 0;4.0;SG Sonnenhof Grossaspach;;0.0;0.0;1.909;0;0.0;0.0;0 - 0;0-0;3.0;1.25;-;nan;;;;;;;;;;;;;;;;0.0;0.0;0.0;0.0;;;0.0;0.0;0.0;0.0;;[];[];[];[];[];[];[];[];1.0;0.0;0.0;1.0;0.0;0.0;2682.0;5894.0;stuttgarter kickers;sg sonnenhof grossaspach;1.5;1.53;
2026-05-16;193003648;Spain Segunda;Spain;09:00;Half;False;-0.16849816849816845;1.925;2.5, 3.0;1.875;2.5, 3.0;4.0;2.0;;4.0;2.0;6.0;132.0;49.0;100.0;Real Sociedad B;13.0;0.0;1.0;3.25;1;1.0;1 - 1;3.6;Mirandes;22.0;0.0;1.0;2.1;1;1.0;0.0 ( 0.0);4 - 2;4-2;2.75 (3.25);1.25;35 - 6;35 - 6;6.0;35.0;38.0;62.0;0.0;6.0;1.0;3.0;;;;;;;;66.0;66.0;8.0;41.0;40.0;60.0;0.0;8.0;2.0;4.0;;[17 46 49];[1 1 2];[False  True False];['Mirandes' 'Real Sociedad B' 'Mirandes'];[ 0 -1  0];[-1  0 -1];['D' 'A' 'D'];['A' 'D' 'A'];0.22;0.0;0.78;0.37;0.0;0.63;24360.0;35092.0;real sociedad san sebastian b;cd mirandes;1.61;1.57;Youth
2026-05-16;194592079;Georgia First League;Georgia;09:00;Half;False;0.27888707037643207;1.825;2.0, 2.5;1.975;2.0, 2.5;4.0;0.0;;4.0;0.0;4.0;88.0;38.0;100.0;Merani Martvili;2.0;0.0;1.0;1.833;0;0.0;0 - 0;3.3;FC Telavi;4.0;0.0;0.0;3.75;0;0.0;-0.25 (-0.25);4 - 0;4-0;2.25 ( 1);1.0;18 - 11;18 - 11;11.0;18.0;50.0;50.0;2.0;9.0;1.0;1.0;;;;;;;;41.0;47.0;15.0;23.0;48.0;52.0;3.0;10.0;1.0;1.0;;[];[];[];[];[];[];[];[];1.0;0.0;0.0;1.0;0.0;0.0;;;;;;;
2026-05-16;194596276;Vietnam Cup Women;Vietnam;09:00;Schedule;False;0.23219814241486064;2.025;2.0, 2.5;1.775;2.0, 2.5;1.0;2.0;;1.0;2.0;3.0;79.0;39.0;100.0;Ha Noi (W);;0.0;0.0;1.9;0;0.0;0 - 0;3.4;Than KSVN (W);;0.0;1.0;3.4;0;0.0;-0.5 (-0.25);1 - 2;1-2;2.25 ( 1);1.0;22 - 11;21 - 11;11.0;21.0;32.0;68.0;2.0;3.0;1.0;5.0;;;;;;;;28.0;51.0;14.0;25.0;29.0;71.0;4.0;6.0;3.0;8.0;;[];[];[];[];[];[];[];[];1.0;0.0;0.0;1.0;0.0;0.0;;;;;;;Women
2026-05-16;194590101;Norway Division 3 Group 6;Norway;09:00;Schedule;False;0.8412664795891354;1.925;4.0;1.875;4.0;2.0;2.0;;2.0;2.0;4.0;172.0;110.0;;Ørn Horten;;0.0;0.0;1.111;1;1.0;1 - 1;8.5;Bjørkelangen;;0.0;1.0;17.0;1;1.0;-2.75 (-1.75);2 - 2;2-2;4.0 ( 4.5);1.75;46 - 34;46 - 34;34.0;46.0;;;0.0;3.0;5.0;1.0;;;;;;;;80.0;92.0;41.0;69.0;;;0.0;4.0;5.0;2.0;;[13 16 55];[1 1 2];[False False False];['Ørn Horten' 'Bjørkelangen' 'Ørn Horten'];[0 1 0];[1 0 1];['D' 'H' 'D'];['H' 'D' 'H'];0.58;0.42;0.0;0.93;0.07;0.0;;;;;;;
2026-05-16;194592367;Hungary U19 1st Division;Hungary;09:00;Schedule;False;0.36858974358974356;1.9;3.0, 3.5;1.9;3.0, 3.5;6.0;2.0;;6.0;2.0;8.0;116.0;88.0;;Debreceni VSC U19;;0.0;0.0;1.6;1;1.0;1 - 0;4.2;Gyor Eto FC U19;;0.0;0.0;3.9;0;0.0;-1.0 ( -0.5);6 - 2;6-2;3.5 ( 2.5);1.25;36 - 29;31 - 25;25.0;31.0;;;3.0;5.0;2.0;1.0;;;;;;;;62.0;54.0;42.0;46.0;;;5.0;9.0;2.0;1.0;;[23];[1];[False];['Debreceni VSC U19'];[0];[1];['D'];['H'];0.26;0.74;0.0;0.51;0.49;0.0;1921.0;1923.0;debreceni vsc;wkw eto fc gyor;;;Youth
2026-05-16;194592697;Sweden 2.div Västra Götaland;Sweden;09:00;Half;False;0.10147991543340379;1.775;2.5, 3.0;2.025;2.5, 3.0;5.0;3.0;;5.0;3.0;8.0;77.0;70.0;;Dalstorp IF;;0.0;0.0;2.15;1;1.0;1 - 2;3.5;Astorps FF;;0.0;1.0;2.75;2;2.0;-0.25 ( 0.0);5 - 3;5-3;2.75 ( 4.5);1.25;22 - 31;22 - 31;31.0;22.0;;;1.0;2.0;3.0;1.0;;;;;;;;38.0;39.0;38.0;32.0;;;3.0;2.0;3.0;2.0;;[29 31 33 52];[1 1 1 2];[False False False False];['Astorps FF' 'Astorps FF' 'Dalstorp IF' 'Dalstorp IF'];[ 0 -1 -2 -1];[-1 -2 -1  0];['D' 'A' 'A' 'A'];['A' 'A' 'A' 'D'];0.74;0.0;0.26;0.64;0.0;0.36;68856.0;22367.0;dalstorps if;astorps ff;1.57;1.57;
2026-05-16;194620820;Türkiye U19 League;Turkey;09:00;Schedule;False;-0.06349206349206349;1.9;2.5, 3.0;1.9;2.5, 3.0;0.0;0.0;;0.0;0.0;0.0;0.0;0.0;;Samsunspor U19;;0.0;0.0;2.625;0;0.0;0 - 0;3.5;Goztepe U19;;0.0;0.0;2.25;0;0.0;+0.25;0 - 0;0-0;2.75;1.25;-;nan;;;;;;;;;;;;;;;;0.0;0.0;0.0;0.0;;;0.0;0.0;0.0;0.0;;[];[];[];[];[];[];[];[];1.0;0.0;0.0;1.0;0.0;0.0;3053.0;3054.0;samsunspor;goztepe izmir;;;Youth
2026-05-16;194589672;Norway Division 2 Group 2;Norway;09:00;Schedule;False;0.3367221292583588;1.85;3.0;1.95;3.0;3.0;4.0;;3.0;4.0;7.0;100.0;41.0;100.0;Kjelsås;;0.0;1.0;1.667;1;1.0;1 - 0;3.8;Skeid;;0.0;0.0;3.8;0;0.0;-1.0 ( -0.5);3 - 4;3-4;3.0 (2.25);1.25;20 - 14;18 - 14;14.0;18.0;66.0;34.0;2.0;1.0;0.0;1.0;;;;;;;;50.0;50.0;18.0;23.0;66.0;34.0;2.0;2.0;0.0;2.0;;[35];[1];[False];['Kjelsås'];[0];[1];['D'];['H'];0.39;0.61;0.0;0.78;0.22;0.0;670.0;679.0;kjelsaas;skeid fotball;1.57;1.66;
2026-05-16;194523815;Germany Regionalliga West;Germany;09:00;Schedule;False;-0.15217391304347827;1.8;3.0;2.0;3.0;0.0;0.0;;0.0;0.0;0.0;0.0;0.0;;1. FC Bocholt;;0.0;0.0;2.875;0;0.0;0 - 0;3.75;Rot-Weiss Oberhausen;;0.0;0.0;2.0;0;0.0;+0.25;0 - 0;0-0;3.25;1.5;-;nan;;;;;;;;;;;;;;;;0.0;0.0;0.0;0.0;;;0.0;0.0;0.0;0.0;;[];[];[];[];[];[];[];[];1.0;0.0;0.0;1.0;0.0;0.0;6156.0;2552.0;1. fc bocholt;rw oberhausen;1.5;1.4;Women
2026-05-16;194645369;Czechia Div 2 Women;Czech Republic;09:00;Half;False;0.21222040370976542;1.9;3.5, 4.0;1.9;3.5, 4.0;0.0;1.0;;0.0;1.0;1.0;100.0;46.0;100.0;Slovan Liberec II (W);;0.0;1.0;1.833;3;3.0;3 - 1;4.2;FK Teplice (W);;0.0;1.0;3.0;1;1.0;-0.5 (-0.25);0 - 1;0-1;4.0 ( 6);1.5;18 - 17;18 - 17;17.0;18.0;46.0;54.0;0.0;1.0;2.0;3.0;;;;;;;;52.0;48.0;23.0;23.0;48.0;52.0;1.0;1.0;2.0;3.0;;[11 24 27 46];[1 1 1 1];[False False False  True];"['Slovan Liberec II (W)' 'Slovan Liberec II (W)' 'FK Teplice (W)'
 'Slovan Liberec II (W)']";[0 1 2 1];[1 2 1 2];['D' 'H' 'H' 'H'];['H' 'H' 'H' 'H'];0.12;0.88;0.0;0.24;0.76;0.0;;2208.0;;fk teplice;;;Youth-Women
2026-05-16;194592091;Slovenia 3. SNL;Slovenia;09:00;Schedule;False;0.4144736842105263;1.875;2.5, 3.0;1.925;2.5, 3.0;4.0;2.0;;4.0;2.0;6.0;190.0;134.0;100.0;NK Dren Vrhnika;;0.0;0.0;1.6;1;1.0;1 - 1;3.5;SD Sencur;;0.0;1.0;4.75;1;1.0;-0.5 ( -0.5);4 - 2;4-2;2.5 (3.25);1.25;53 - 49;51 - 48;48.0;51.0;43.0;57.0;1.0;8.0;2.0;5.0;;;;;;;;91.0;99.0;62.0;72.0;41.0;59.0;1.0;9.0;4.0;5.0;;[ 5 25 55];[1 1 2];[False False False];['NK Dren Vrhnika' 'SD Sencur' 'SD Sencur'];[0 1 0];[ 1  0 -1];['D' 'H' 'D'];['H' 'D' 'A'];0.39;0.22;0.39;0.56;0.44;0.0;;;;;;;
2026-05-16;194521262;Germany Regionalliga North East;Germany;09:00;Schedule;False;0.29332450988501946;1.825;3.0;1.975;3.0;0.0;0.0;;0.0;0.0;0.0;0.0;0.0;;VSG Altglienicke;;0.0;0.0;1.727;0;0.0;0 - 0;4.0;BFC Preussen;;0.0;0.0;3.5;0;0.0;-0.75;0 - 0;0-0;3.5;1.5;-;nan;;;;;;;;;;;;;;;;0.0;0.0;0.0;0.0;;;0.0;0.0;0.0;0.0;;[];[];[];[];[];[];[];[];1.0;0.0;0.0;1.0;0.0;0.0;74483.0;5895.0;vsg altglienicke;bfc preussen berlin;1.57;1.4;
2026-05-16;194638851;Netherlands U21 League;Netherlands;09:15;Schedule;False;0.13636363636363635;2.0;3.5;1.8;3.5;0.0;0.0;;0.0;0.0;0.0;0.0;0.0;;FC Eindhoven U21;;0.0;0.0;2.0;0;0.0;0 - 0;4.0;Telstar U21;;0.0;0.0;2.75;0;0.0;+0.25;0 - 0;0-0;3.75;1.5;-;nan;;;;;;;;;;;;;;;;0.0;0.0;0.0;0.0;;;0.0;0.0;0.0;0.0;;[];[];[];[];[];[];[];[];1.0;0.0;0.0;1.0;0.0;0.0;2994.0;2972.0;fc eindhoven;sc telstar;;;Youth
2026-05-16;194595091;Malawi Super League;Malawi;09:30;Schedule;False;-0.4547190556102078;2.0;2.0, 2.5;1.8;2.0, 2.5;1.0;1.0;;1.0;1.0;2.0;104.0;78.0;;Mitundu Baptist FC;;0.0;0.0;5.5;0;0.0;0 - 2;3.4;Mighty Wanderers;;0.0;0.0;1.571;2;2.0;+0.75 ( +0.5);1 - 1;1-1;2.25 ( 3.5);0.75 ( 2.5);33 - 27;nan;34.0;44.0;;;2.0;0.0;3.0;2.0;;;;;;;;53.0;51.0;34.0;44.0;;;2.0;0.0;3.0;2.0;;[15 34];[1 1];[False False];['Mighty Wanderers' 'Mighty Wanderers'];[ 0 -1];[-1 -2];['D' 'A'];['A' 'A'];0.17;0.0;0.83;0.33;0.0;0.67;;;;;;;
2026-05-16;194595082;Malawi Super League;Malawi;09:30;Schedule;False;0.2763157894736842;1.9;2.0;1.9;2.0;1.0;1.0;;1.0;1.0;2.0;76.0;41.0;;Ekhaya FC;;0.0;1.0;1.9;0;0.0;0 - 0;3.0;Moyale Barracks;;0.0;1.0;4.0;0;0.0;-0.75 ( -0.5);1 - 1;1-1;2.0 ( 1.5);0.75 ( 0.5);11 - 11;nan;;;;;;;;;;;;;;;;38.0;38.0;17.0;24.0;;;3.0;6.0;0.0;0.0;;[];[];[];[];[];[];[];[];1.0;0.0;0.0;1.0;0.0;0.0;;;;;;;
2026-05-16;194591146;Argentina Championship Women;Argentina;09:30;Schedule;False;0.5;1.775;2.0, 2.5;2.025;2.0, 2.5;1.0;0.0;;1.0;0.0;1.0;103.0;59.0;100.0;Social Atletico Television (W);;0.0;0.0;1.5;2;0.0;0 - 0;3.6;Union Santa Fe (W);;0.0;0.0;6.0;0;0.0;-1.0 (-0.75);1 - 0;1-0;2.25 ( 1.5);1.0 ( 0.5);28 - 7;nan;;;;;;;;;;;;;;;;43.0;60.0;20.0;39.0;57.0;43.0;1.0;3.0;1.0;5.0;;[26 29];[1 1];[False False];['Social Atletico Television (W)' 'Social Atletico Television (W)'];[0 1];[1 2];['D' 'H'];['H' 'H'];0.29;0.71;0.0;0.58;0.42;0.0;;3204.0;;union de santa fe;;;Women
2026-05-16;194595085;Malawi Super League;Malawi;09:30;Schedule;False;-0.06884057971014496;2.05;2.0;1.75;2.0;0.0;0.0;;0.0;0.0;0.0;109.0;73.0;;Chitipa United;;0.0;0.0;2.875;0;0.0;0 - 0;2.875;CIVO United;;0.0;0.0;2.4;0;0.0;0.0 ( 0.0);0 - 0;0-0;2.0 (1.25);0.75 ( 0.5);27 - 20;nan;;;;;;;;;;;;;;;;52.0;57.0;28.0;45.0;;;0.0;1.0;0.0;0.0;;[];[];[];[];[];[];[];[];1.0;0.0;0.0;1.0;0.0;0.0;;;;;;;
2026-05-16;194595089;Malawi Super League;Malawi;09:30;Schedule;False;0.13194444444444442;1.8;1.5, 2.0;2.0;1.5, 2.0;1.0;0.0;;1.0;0.0;1.0;136.0;75.0;;Creck SC;;0.0;0.0;2.25;1;0.0;0 - 1;2.8;Kamuzu Barracks;;0.0;0.0;3.2;2;1.0;-0.25 (-0.25);1 - 0;1-0;1.75 ( 2.5);0.75 ( 1.5);32 - 18;nan;;;;;;;;;;;;;;;;69.0;67.0;30.0;45.0;;;7.0;2.0;5.0;3.0;;[ 3 36 41];[1 1 1];[False False False];['Kamuzu Barracks' 'Creck SC' 'Kamuzu Barracks'];[ 0 -1  0];[-1  0 -1];['D' 'A' 'D'];['A' 'D' 'A'];0.09;0.0;0.91;0.18;0.0;0.82;;;;;;;
2026-05-16;193267636;Poland Ekstraklasa;Poland;09:45;Schedule;False;-0.06441223832528187;2.0;2.5, 3.0;1.8;2.5, 3.0;0.0;3.0;;0.0;3.0;3.0;64.0;46.0;100.0;Motor Lublin;12.0;0.0;1.0;2.7;0;0.0;0 - 1;3.5;Cracovia Krakow;14.0;0.0;0.0;2.3;1;1.0;+0.25 ( 0.0);0 - 3;0-3;2.5 ( 3.5);1.0 (1.75);4 - 19;nan;;;;;;;;;;;;;;;;36.0;28.0;29.0;17.0;35.0;65.0;6.0;3.0;2.0;3.0;;[8];[1];[False];['Cracovia Krakow'];[0];[-1];['D'];['A'];0.09;0.0;0.91;0.18;0.0;0.82;7915.0;4901.0;lkp motor lublin;mks cracovia krakow;1.8;1.61;
2026-05-16;194592044;Kenya Cup;Kenya;09:45;Schedule;False;0.35555555555555557;1.775;1.5, 2.0;2.025;1.5, 2.0;1.0;0.0;;1.0;0.0;1.0;58.0;29.0;100.0;Kenya Police FC;;0.0;1.0;1.8;0;0.0;0 - 0;2.75;Bandari FC;;0.0;1.0;5.0;0;0.0;-0.5 ( 0.0);1 - 0;1-0;1.75 (1.25);0.75 (0.75);7 - 2;nan;;;;;;;;;;;;;;;;28.0;30.0;14.0;15.0;40.0;60.0;1.0;1.0;1.0;0.0;;[];[];[];[];[];[];[];[];1.0;0.0;0.0;1.0;0.0;0.0;;;;;;;
2026-05-16;487305;Tanzania Cup;Tanzania;09:59;Schedule;False;;;2 ( 2);;2 ( 2);0.0;0.0;;0.0;0.0;0.0;41.0;18.0;;Coastal Union;;0.0;0.0;;0;0.0;0 - 0;;Singida Black Stars;;0.0;0.0;;0;0.0;0.0 ( 0.0);0 - 0;0-0;2 ( 2);(0.75);- 1;nan;;;;;;;;;;;;;;;;23.0;18.0;13.0;5.0;;;2.0;1.0;2.0;0.0;;[];[];[];[];[];[];[];[];1.0;0.0;0.0;1.0;0.0;0.0;;;;;;;
2026-05-16;194734418;France U19 League;France;10:00;Schedule;False;;;3.0;;3.0;0.0;0.0;;0.0;0.0;0.0;0.0;0.0;100.0;PSG U19;;0.0;0.0;;0;0.0;0 - 0;;Nantes U19;;0.0;0.0;;0;0.0;-0.5;0 - 0;0-0;3.0;1.25;-;nan;;;;;;;;;;;;;;;;0.0;0.0;0.0;0.0;50.0;50.0;0.0;0.0;0.0;0.0;;[];[];[];[];[];[];[];[];1.0;0.0;0.0;1.0;0.0;0.0;90138.0;1647.0;paris saint-germain fc;fc nantes;;;Youth
2026-05-16;194633929;San Marino Campionato;San Marino;10:00;Schedule;False;0.5107025938050869;1.875;2.5, 3.0;1.925;2.5, 3.0;0.0;0.0;;0.0;0.0;0.0;42.0;25.0;100.0;Tre Penne;3.0;0.0;0.0;1.444;2;0.0;0 - 0;4.2;SP Domagnano;6.0;0.0;0.0;5.5;0;0.0;-1.25 ( -1);0 - 0;0-0;3.0 (2.75);1.25 ( 1);1 - 1;nan;;;;;;;;;;;;;;;;16.0;26.0;7.0;18.0;39.0;61.0;0.0;1.0;0.0;2.0;;[ 9 15];[1 1];[False False];['Tre Penne' 'Tre Penne'];[0 1];[1 2];['D' 'H'];['H' 'H'];0.1;0.9;0.0;0.2;0.8;0.0;;;;;;;
2026-05-16;194693284;Botswana FA Cup;Botswana;10:00;Schedule;False;;;2.25 (2.25);;2.25 (2.25);0.0;0.0;;0.0;0.0;0.0;35.0;32.0;;Gaborone United;;0.0;0.0;;0;0.0;0 - 0;;Jwaneng Galaxy FC;;0.0;0.0;;0;0.0;-0.5 ( -0.5);0 - 0;0-0;2.25 (2.25);1.0 ( 1);-;nan;;;;;;;;;;;;;;;;17.0;18.0;15.0;17.0;;;1.0;1.0;0.0;0.0;;[];[];[];[];[];[];[];[];1.0;0.0;0.0;1.0;0.0;0.0;;;;;;;
2026-05-16;194596087;Italy Campionato Primavera 3;Italy;10:00;Schedule;False;0.09474590869939709;1.975;3.0;1.825;3.0;0.0;0.0;;0.0;0.0;0.0;22.0;13.0;100.0;Mantova U19;;0.0;0.0;2.15;0;0.0;0 - 0;3.6;Pro Patria U19;;0.0;0.0;2.7;0;0.0;-0.5;0 - 0;0-0;3.0;1.25;-;nan;;;;;;;;;;;;;;;;8.0;14.0;6.0;7.0;47.0;53.0;2.0;3.0;0.0;1.0;;[];[];[];[];[];[];[];[];1.0;0.0;0.0;1.0;0.0;0.0;2770.0;2746.0;mantova 1911;pro patria busto arsizio;;;Youth
2026-05-16;194652461;France U19 League;France;10:00;Schedule;False;0.11255411255411252;1.9;3.0;1.9;3.0;0.0;0.0;;0.0;0.0;0.0;56.0;35.0;;Monaco U19;;0.0;0.0;2.1;0;0.0;0 - 0;3.6;Valenciennes U19;;0.0;0.0;2.75;0;0.0;-0.5 ( -0.5);0 - 0;0-0;3.0 ( 3);1.25 (1.25);- 2;nan;;;;;;;;;;;;;;;;22.0;34.0;6.0;29.0;;;0.0;2.0;1.0;0.0;;[];[];[];[];[];[];[];[];1.0;0.0;0.0;1.0;0.0;0.0;1653.0;5061.0;as monaco;valenciennes fc;;;Youth
2026-05-16;193716915;South Africa Premier;South Africa;10:00;Schedule;False;-0.24255024255024266;1.775;2.0;2.025;2.0;0.0;0.0;;0.0;0.0;0.0;37.0;19.0;100.0;Amazulu;;0.0;0.0;3.7;0;0.0;0 - 0;3.0;Kaizer Chiefs;;0.0;0.0;1.95;0;0.0;+0.5 ( +0.5);0 - 0;0-0;2.0 ( 2);0.75 (0.75);-;nan;;;;;;;;;;;;;;;;22.0;15.0;9.0;10.0;66.0;34.0;2.0;1.0;0.0;1.0;;[];[];[];[];[];[];[];[];1.0;0.0;0.0;1.0;0.0;0.0;7655.0;7663.0;amazulu fc;kaizer chiefs;2.1;2.1;
2026-05-16;194645106;Brazil Campeonato Brasiliense U20;Brazil;10:00;Schedule;False;-0.33321335732853424;1.8;3.0;2.0;3.0;0.0;0.0;;0.0;0.0;0.0;70.0;34.0;;Gama U20;;0.0;0.0;3.75;0;0.0;0 - 0;4.0;Brasiliense U20;;0.0;0.0;1.667;2;0.0;+0.75 (+0.75);0 - 0;0-0;3.0 ( 3);1.25 (1.25);1 - 7;nan;;;;;;;;;;;;;;;;30.0;40.0;15.0;19.0;;;0.0;0.0;2.0;0.0;;[ 4 16];[1 1];[False False];['Brasiliense U20' 'Brasiliense U20'];[ 0 -1];[-1 -2];['D' 'A'];['A' 'A'];0.04;0.0;0.96;0.09;0.0;0.91;1978.0;2024.0;se gama df;brasiliense fc df;;;Youth
2026-05-16;193716919;South Africa Premier;South Africa;10:00;Schedule;False;0.2606765735711725;1.925;2.0, 2.5;1.875;2.0, 2.5;0.0;0.0;;0.0;0.0;0.0;48.0;31.0;100.0;Chippa United;;0.0;0.0;1.909;0;0.0;0 - 0;3.2;Golden Arrows;;0.0;0.0;3.8;0;0.0;-0.25 (-0.25);0 - 0;0-0;2.25 ( 2.5);1.0 ( 1);- 2;nan;;;;;;;;;;;;;;;;21.0;27.0;16.0;15.0;49.0;51.0;0.0;2.0;1.0;1.0;;[];[];[];[];[];[];[];[];1.0;0.0;0.0;1.0;0.0;0.0;70946.0;7664.0;chippa united fc;lamontville golden arrows;2.0;1.83;
2026-05-16;193716950;South Africa Premier;South Africa;10:00;Schedule;False;-0.02747252747252743;2.05;2.0;1.75;2.0;1.0;0.0;;1.0;0.0;1.0;20.0;10.0;100.0;Richards Bay FC;;0.0;0.0;2.8;0;0.0;0 - 0;2.8;Sekhukhune United;;0.0;0.0;2.6;0;0.0;0.0 ( 0.0);1 - 0;1-0;2.0 ( 2);0.75 (0.75);1 -;nan;;;;;;;;;;;;;;;;8.0;12.0;5.0;5.0;47.0;53.0;2.0;1.0;0.0;1.0;;[];[];[];[];[];[];[];[];1.0;0.0;0.0;1.0;0.0;0.0;367882.0;760704.0;richards bay fc;sekhukhune united;2.37;2.2;
2026-05-16;194621047;Uruguay Primera Division Amateur;Uruguay;10:00;Schedule;False;;;3.0;;3.0;0.0;0.0;;0.0;0.0;0.0;22.0;10.0;100.0;Rampla Juniors;;0.0;0.0;;1;0.0;0 - 0;;Los Halcones;;0.0;0.0;;0;0.0;-2.25;0 - 0;0-0;3.0;1.25;-;nan;;;;;;;;;;;;;;;;11.0;11.0;6.0;4.0;38.0;62.0;0.0;1.0;2.0;1.0;;[3];[1];[False];['Rampla Juniors'];[0];[1];['D'];['H'];0.03;0.97;0.0;0.07;0.93;0.0;;;;;;;
2026-05-16;194596091;Italy Campionato Primavera 3;Italy;10:00;Schedule;False;0.16666666666666669;1.9;2.5, 3.0;1.9;2.5, 3.0;0.0;0.0;;0.0;0.0;0.0;31.0;11.0;100.0;Latina U19;;0.0;0.0;2.0;0;0.0;0 - 0;3.5;Catania U19;;0.0;0.0;3.0;0;0.0;-0.25;0 - 0;0-0;2.75;1.25;-;nan;;;;;;;;;;;;;;;;18.0;13.0;7.0;4.0;62.0;38.0;3.0;4.0;1.0;0.0;;[];[];[];[];[];[];[];[];1.0;0.0;0.0;1.0;0.0;0.0;;2725.0;;calcio catania;;;Youth
2026-05-16;193716959;South Africa Premier;South Africa;10:00;Schedule;False;0.09408602150537637;2.025;2.0;1.775;2.0;0.0;0.0;;0.0;0.0;0.0;34.0;19.0;100.0;Siwelele FC;;0.0;0.0;2.4;0;0.0;0 - 0;2.875;Magesi FC;;0.0;0.0;3.1;0;0.0;-0.25 (-0.25);0 - 0;0-0;2.0 (2.25);0.75 (0.75);1 -;nan;;;;;;;;;;;;;;;;16.0;18.0;9.0;10.0;35.0;65.0;0.0;1.0;0.0;0.0;;[];[];[];[];[];[];[];[];1.0;0.0;0.0;1.0;0.0;0.0;1269648.0;90844.0;siwelele fc;magesi fc;2.2;2.1;
2026-05-16;193327496;Bulgaria First League;Bulgaria;10:00;Schedule;False;0.13194444444444442;1.775;2.0, 2.5;2.025;2.0, 2.5;0.0;0.0;;0.0;0.0;0.0;23.0;30.0;100.0;Levski Sofia;;0.0;0.0;2.25;1;0.0;0 - 0;3.25;CSKA Sofia;;0.0;0.0;3.2;0;0.0;-0.25 ( 0.0);0 - 0;0-0;2.25 (2.25);1.0 (0.75);- 2;nan;;;;;;;;;;;;;;;;14.0;9.0;15.0;15.0;50.0;50.0;1.0;1.0;0.0;1.0;;[11];[1];[False];['Levski Sofia'];[0];[1];['D'];['H'];0.12;0.88;0.0;0.24;0.76;0.0;3273.0;3275.0;pfc levski sofia;pfc cska sofia;1.9;1.83;
2026-05-16;194645108;Brazil Campeonato Brasiliense U20;Brazil;10:00;Schedule;False;0.5731378299120233;1.9;3.5;1.9;3.5;0.0;1.0;;0.0;1.0;1.0;59.0;41.0;;Cruzeiro DF U20;;0.0;0.0;1.364;0;0.0;0 - 0;4.75;Ceilandense U20;;0.0;0.0;6.25;0;0.0;-1.5 (-1.25);0 - 1;0-1;3.5 (3.25);1.5 (1.25);2 - 4;nan;;;;;;;;;;;;;;;;31.0;28.0;20.0;21.0;;;1.0;3.0;0.0;1.0;;[];[];[];[];[];[];[];[];1.0;0.0;0.0;1.0;0.0;0.0;;;;;;;Youth
2026-05-16;193716967;South Africa Premier;South Africa;10:00;Schedule;False;0.3226285391890487;1.875;2.0, 2.5;1.925;2.0, 2.5;0.0;0.0;;0.0;0.0;0.0;34.0;22.0;100.0;Stellenbosch FC;;0.0;0.0;1.727;1;0.0;0 - 0;3.75;Orbit College;;0.0;0.0;3.9;0;0.0;-0.75 (-0.75);0 - 0;0-0;2.25 (2.25);1.0 ( 1);1 - 2;nan;;;;;;;;;;;;;;;;15.0;19.0;15.0;7.0;44.0;56.0;3.0;0.0;2.0;1.0;;[4];[1];[False];['Stellenbosch FC'];[0];[1];['D'];['H'];0.04;0.96;0.0;0.09;0.91;0.0;43555.0;407263.0;stellenbosch fc;orbit college fc;2.0;2.1;
2026-05-16;193716980;South Africa Premier;South Africa;10:00;Schedule;False;-0.19841269841269837;1.95;2.0;1.85;2.0;0.0;0.0;;0.0;0.0;0.0;27.0;17.0;100.0;Polokwane City;;0.0;0.0;3.6;0;0.0;0 - 0;2.875;Marumo Gallants;;0.0;0.0;2.1;0;0.0;0.0 ( 0.0);0 - 0;0-0;2.0 (1.75);0.75 (0.75);1 - 2;nan;;;;;;;;;;;;;;;;13.0;14.0;7.0;10.0;49.0;51.0;1.0;0.0;0.0;0.0;;[];[];[];[];[];[];[];[];1.0;0.0;0.0;1.0;0.0;0.0;25002.0;367886.0;polokwane city;marumo gallants fc;2.2;2.2;
2026-05-16;193716927;South Africa Premier;South Africa;10:00;Schedule;False;0.7564102564102564;1.8;2.5;2.0;2.5;0.0;0.0;;0.0;0.0;0.0;23.0;9.0;100.0;Orlando Pirates;;0.0;0.0;1.2;0;0.0;0 - 0;5.75;Durban City;;0.0;0.0;13.0;0;0.0;-1.75 (-1.75);0 - 0;0-0;2.5 (2.75);1.0 (1.25);-;nan;;;;;;;;;;;;;;;;11.0;12.0;4.0;5.0;25.0;75.0;0.0;0.0;0.0;2.0;;[];[];[];[];[];[];[];[];1.0;0.0;0.0;1.0;0.0;0.0;7668.0;1176555.0;orlando pirates fc;durban city;2.75;3.0;
2026-05-16;193320647;Sweden Allsvenskan;Sweden;10:00;Schedule;False;-0.2628205128205129;1.825;2.0, 2.5;1.975;2.0, 2.5;0.0;0.0;;0.0;0.0;0.0;37.0;15.0;100.0;Halmstad;1.0;0.0;0.0;4.0;0;0.0;0 - 0;3.3;Elfsborg;1.0;0.0;0.0;1.95;0;0.0;+0.5 (+0.25);0 - 0;0-0;2.25 (2.25);1.0 ( 1);1 -;nan;;;;;;;;;;;;;;;;22.0;15.0;12.0;3.0;66.0;34.0;1.0;1.0;0.0;0.0;;[];[];[];[];[];[];[];[];1.0;0.0;0.0;1.0;0.0;0.0;1767.0;1762.0;halmstads bk;if elfsborg;1.8;1.9;
2026-05-16;194734052;Iceland Cup Women;Iceland;10:00;Schedule;False;;;4.25 ( 4);;4.25 ( 4);0.0;0.0;;0.0;0.0;0.0;25.0;32.0;100.0;Fylkir Reykjavik (W);;0.0;0.0;;0;0.0;0 - 0;;Fjardabyggd/Leiknir/Hottur (W);;0.0;0.0;;0;0.0;+1.0 (-0.25);0 - 0;0-0;4.25 ( 4);1.75 ( 1.5);1 -;nan;;;;;;;;;;;;;;;;10.0;15.0;16.0;16.0;65.0;35.0;0.0;0.0;1.0;1.0;;[];[];[];[];[];[];[];[];1.0;0.0;0.0;1.0;0.0;0.0;;;;;;;Women
2026-05-16;194599877;Sweden 2.div Södra Götaland;Sweden;10:00;Schedule;False;0.20373514431239387;1.9;3.0, 3.5;1.9;3.0, 3.5;0.0;0.0;;0.0;0.0;0.0;30.0;18.0;;IFK Trelleborg;;0.0;0.0;1.9;0;0.0;0 - 0;3.7;Osterlen FF;;0.0;0.0;3.1;0;0.0;-0.5 ( -0.5);0 - 0;0-0;3.5 ( 3.5);1.5 ( 1.5);2 -;nan;;;;;;;;;;;;;;;;8.0;22.0;6.0;12.0;;;0.0;2.0;0.0;0.0;;[];[];[];[];[];[];[];[];1.0;0.0;0.0;1.0;0.0;0.0;22289.0;193068.0;ifk trelleborg;osterlen ff;1.44;1.36;
2026-05-16;194709723;Italy Campionato Primavera 4;Italy;10:00;Schedule;False;;;2.75 (2.75);;2.75 (2.75);0.0;0.0;;0.0;0.0;0.0;35.0;15.0;100.0;Novara U19;;0.0;0.0;;0;0.0;0 - 0;;Trento U19;;0.0;0.0;;0;0.0;+0.25 (+0.25);0 - 0;0-0;2.75 (2.75);1.25 (1.25);-;nan;;;;;;;;;;;;;;;;14.0;21.0;3.0;12.0;40.0;60.0;1.0;4.0;1.0;0.0;;[];[];[];[];[];[];[];[];1.0;0.0;0.0;1.0;0.0;0.0;2767.0;347514.0;novara fc;ac trento;;;Youth
2026-05-16;194638857;Netherlands U21 League;Netherlands;10:00;Schedule;False;0.24305555555555558;1.875;3.5;1.925;3.5;0.0;0.0;;0.0;0.0;0.0;48.0;25.0;;Heerenveen U21;;0.0;0.0;1.8;0;0.0;0 - 0;4.1;NEC U21;;0.0;0.0;3.2;0;0.0;-1.0 ( -1);0 - 0;0-0;3.75 (3.75);1.5 ( 1.5);- 3;nan;;;;;;;;;;;;;;;;27.0;21.0;12.0;13.0;;;0.0;2.0;0.0;1.0;;[];[];[];[];[];[];[];[];1.0;0.0;0.0;1.0;0.0;0.0;2964.0;2962.0;sc heerenveen;nec nijmegen;;;Youth
2026-05-16;194637637;Italy Campionato Primavera 2;Italy;10:00;Schedule;False;0.23786142935079102;1.95;3.0;1.85;3.0;0.0;0.0;;0.0;0.0;0.0;48.0;23.0;100.0;Modena U19;;0.0;0.0;1.833;0;0.0;0 - 0;3.7;Avellino U19;;0.0;0.0;3.25;0;0.0;-0.25 ( 0.0);0 - 0;0-0;2.75 (2.75);1.25 ( 1);1 - 1;nan;;;;;;;;;;;;;;;;19.0;29.0;12.0;11.0;30.0;70.0;0.0;2.0;0.0;1.0;;[];[];[];[];[];[];[];[];1.0;0.0;0.0;1.0;0.0;0.0;2706.0;2730.0;modena fc;us avellino;;;Youth
2026-05-16;194637625;Italy Campionato Primavera 2;Italy;10:00;Schedule;False;0.2936507936507936;1.85;2.5, 3.0;1.95;2.5, 3.0;0.0;0.0;;0.0;0.0;0.0;44.0;19.0;100.0;Perugia U19;;0.0;0.0;1.75;0;0.0;0 - 0;3.6;Reggiana U19;;0.0;0.0;3.6;0;0.0;-0.25;0 - 0;0-0;2.75;1.25;-;nan;;;;;;;;;;;;;;;;22.0;22.0;8.0;11.0;42.0;58.0;0.0;3.0;0.0;2.0;;[];[];[];[];[];[];[];[];1.0;0.0;0.0;1.0;0.0;0.0;2698.0;;perugia calcio spa;;;;Youth
2026-05-16;194605359;Uruguay Segunda;Uruguay;10:00;Schedule;False;0.13178294573643412;2.025;2.0, 2.5;1.775;2.0, 2.5;0.0;0.0;;0.0;0.0;0.0;31.0;23.0;100.0;Uruguay Montevideo;;0.0;0.0;2.15;0;0.0;0 - 0;3.1;Cerrito;;0.0;0.0;3.0;0;0.0;-0.25 (-0.25);0 - 0;0-0;2.25 (2.25);0.75 ( 1);- 1;nan;;;;;;;;;;;;;;;;15.0;16.0;11.0;12.0;40.0;60.0;0.0;1.0;1.0;0.0;;[];[];[];[];[];[];[];[];1.0;0.0;0.0;1.0;0.0;0.0;;;;;;;
2026-05-16;194596304;Zimbabwe Premier Soccer League;Zimbabwe;10:00;Schedule;False;0.35555555555555557;1.95;1.5, 2.0;1.85;1.5, 2.0;0.0;0.0;;0.0;0.0;0.0;39.0;36.0;;Scottland FC Mabvuku;;0.0;0.0;1.8;0;0.0;0 - 0;2.8;ZPC Kariba FC;;0.0;0.0;5.0;0;0.0;-0.5 ( -0.5);0 - 0;0-0;1.75 (1.75);0.75 (0.75);1 - 2;nan;;;;;;;;;;;;;;;;22.0;17.0;13.0;23.0;;;0.0;3.0;0.0;1.0;;[];[];[];[];[];[];[];[];1.0;0.0;0.0;1.0;0.0;0.0;;;;;;;
2026-05-16;194637596;Italy Campionato Primavera 2;Italy;10:00;Schedule;False;0.15517241379310343;1.9;3.0;1.9;3.0;0.0;0.0;;0.0;0.0;0.0;40.0;17.0;100.0;Padova U19;;0.0;0.0;2.0;0;0.0;0 - 0;3.6;Venezia U19;;0.0;0.0;2.9;0;0.0;0.0;0 - 0;0-0;3.0;1.25;-;nan;;;;;;;;;;;;;;;;20.0;20.0;8.0;9.0;52.0;48.0;0.0;0.0;1.0;1.0;;[];[];[];[];[];[];[];[];1.0;0.0;0.0;1.0;0.0;0.0;2741.0;2688.0;calcio padova;venezia fc;;;Youth
2026-05-16;194619014;Cameroon League Women;Cameroon;10:00;Schedule;False;0.14253563390847712;2.0;2.5;1.8;2.5;0.0;0.0;;0.0;0.0;0.0;19.0;20.0;;Authentic de Douala (W);;0.0;0.0;2.15;1;0.0;0 - 0;3.1;Vision Foot (W);;0.0;0.0;3.1;0;0.0;-0.25 (-0.25);0 - 0;0-0;2.5 (2.25);1.0 ( 1);-;nan;;;;;;;;;;;;;;;;10.0;9.0;9.0;11.0;;;0.0;0.0;0.0;1.0;;[16];[1];[False];['Authentic de Douala (W)'];[0];[1];['D'];['H'];0.18;0.82;0.0;0.36;0.64;0.0;;;;;;;Women
2026-05-16;193327490;Bulgaria First League;Bulgaria;10:00;Schedule;False;-0.18207282913165262;1.775;2.0, 2.5;2.025;2.0, 2.5;0.0;0.0;;0.0;0.0;0.0;45.0;21.0;100.0;CSKA 1948 Sofia;;0.0;0.0;3.4;0;0.0;0 - 0;3.4;Ludogorets Razgrad;;0.0;0.0;2.1;0;0.0;+0.25 (+0.25);0 - 0;0-0;2.75 (2.75);1.0 ( 1);3 -;nan;;;;;;;;;;;;;;;;18.0;27.0;4.0;17.0;29.0;71.0;1.0;4.0;1.0;1.0;;[];[];[];[];[];[];[];[];1.0;0.0;0.0;1.0;0.0;0.0;288687.0;43840.0;fc cska 1948;pfc ludogorets 1945 razgrad;1.8;1.66;
2026-05-16;194640981;Zimbabwe Premier Soccer League;Zimbabwe;10:00;Schedule;False;0.020979020979020935;1.8;1.5, 2.0;2.0;1.5, 2.0;0.0;0.0;;0.0;0.0;0.0;16.0;10.0;;Bulawayo Chiefs FC;;0.0;0.0;2.6;0;0.0;0 - 0;2.7;Hardrock FC;;0.0;0.0;2.75;1;0.0;+0.25;0 - 0;0-0;1.75;0.75;-;nan;;;;;;;;;;;;;;;;6.0;10.0;4.0;6.0;;;0.0;1.0;1.0;0.0;;[12];[1];[False];['Hardrock FC'];[0];[-1];['D'];['A'];0.13;0.0;0.87;0.27;0.0;0.73;;;;;;;
2026-05-16;193331608;Denmark Division 1;Denmark;10:00;Schedule;False;0.24615384615384622;1.8;2.0, 2.5;2.0;2.0, 2.5;0.0;0.0;;0.0;0.0;0.0;38.0;20.0;100.0;AC Horsens;;0.0;0.0;1.95;0;0.0;0 - 0;3.4;Hvidovre IF;;0.0;0.0;3.75;0;0.0;-0.5 (-0.25);0 - 0;0-0;2.25 (2.25);1.0 ( 1);- 1;nan;;;;;;;;;;;;;;;;15.0;23.0;6.0;14.0;53.0;47.0;2.0;1.0;0.0;1.0;;[];[];[];[];[];[];[];[];1.0;0.0;0.0;1.0;0.0;0.0;1297.0;1305.0;ac horsens;hvidovre if;1.83;1.83;
2026-05-16;194490398;Latvia Virsliga;Latvia;10:00;Schedule;False;0.3969728242174063;1.95;2.5;1.85;2.5;0.0;0.0;;0.0;0.0;0.0;31.0;13.0;100.0;SK Super Nova;5.0;0.0;0.0;1.615;1;0.0;0 - 0;3.6;Ogre United;10.0;0.0;0.0;4.5;0;0.0;-0.75 (-0.75);0 - 0;0-0;2.5 (2.25);1.0 ( 1);-;nan;;;;;;;;;;;;;;;;19.0;12.0;11.0;2.0;47.0;53.0;0.0;0.0;0.0;1.0;;[11];[1];[False];['SK Super Nova'];[0];[1];['D'];['H'];0.12;0.88;0.0;0.24;0.76;0.0;425115.0;1015457.0;sk super nova;ogre united;1.8;1.9;
2026-05-16;194594162;Poland IV Liga;Poland;10:00;Schedule;False;0.3221022462174231;1.975;3.0, 3.5;1.825;3.0, 3.5;0.0;0.0;;0.0;0.0;0.0;18.0;7.0;100.0;Legionovia Legionowo;;0.0;0.0;1.667;0;0.0;0 - 0;4.1;Blonianka Blonie;;0.0;0.0;3.6;0;0.0;-0.75;0 - 0;0-0;3.25;1.25;-;nan;;;;;;;;;;;;;;;;10.0;8.0;5.0;2.0;56.0;44.0;0.0;2.0;2.0;0.0;;[];[];[];[];[];[];[];[];1.0;0.0;0.0;1.0;0.0;0.0;;;;;;;
2026-05-16;194592558;Sweden Elitettan;Sweden;10:00;Schedule;False;-0.6445444319460067;1.975;3.5;1.825;3.5;0.0;0.0;;0.0;0.0;0.0;0.0;0.0;;Gamla Upsala SK (W);;0.0;0.0;7.0;0;0.0;0 - 0;5.5;Linköpings FC (W);;0.0;0.0;1.27;0;0.0;+1.75;0 - 0;0-0;3.5;1.5;-;nan;;;;;;;;;;;;;;;;0.0;0.0;0.0;0.0;;;0.0;0.0;0.0;0.0;;[];[];[];[];[];[];[];[];1.0;0.0;0.0;1.0;0.0;0.0;;;;;;;Women
2026-05-16;194592266;Paraguay Division Intermedia;Paraguay;10:00;Schedule;False;-0.050682261208576995;1.925;2.0, 2.5;1.875;2.0, 2.5;0.0;0.0;;0.0;0.0;0.0;14.0;20.0;;Encarnacion FC;12.0;0.0;0.0;2.7;0;0.0;0 - 0;3.1;Club Atlético Tembetary;8.0;0.0;0.0;2.375;1;0.0;0.0 ( 0.0);0 - 0;0-0;2.25 (2.25);1.0 ( 1);1 -;nan;;;;;;;;;;;;;;;;8.0;6.0;10.0;10.0;;;1.0;0.0;1.0;0.0;;[14];[1];[False];['Club Atlético Tembetary'];[0];[-1];['D'];['A'];0.16;0.0;0.84;0.31;0.0;0.69;;;;;;;
2026-05-16;194592850;Philippines PFL;Philippines;10:00;Schedule;False;0.5224071702944943;1.875;2.5, 3.0;1.925;2.5, 3.0;0.0;0.0;;0.0;0.0;0.0;23.0;18.0;;One Taguig FC;;0.0;0.0;1.42;1;0.0;0 - 0;4.1;Stallion Laguna FC;;0.0;0.0;5.5;0;0.0;-1.0 ( -1);0 - 0;0-0;3.0 ( 3);1.25 (1.25);1 - 1;nan;;;;;;;;;;;;;;;;12.0;11.0;4.0;14.0;;;1.0;0.0;0.0;4.0;;[7];[1];[False];['One Taguig FC'];[0];[1];['D'];['H'];0.08;0.92;0.0;0.16;0.84;0.0;;;;;;;
2026-05-16;194547337;Denmark Cup Women;Denmark;10:00;Schedule;False;-0.3123721289326385;1.9;3.0;1.9;3.0;0.0;0.0;;0.0;0.0;0.0;0.0;0.0;;FC Nordsjaelland (W);;0.0;0.0;3.75;0;0.0;0 - 0;3.75;HB Køge (W);;0.0;0.0;1.727;0;0.0;+0.75;0 - 0;0-0;3.0;1.25;-;nan;;;;;;;;;;;;;;;;0.0;0.0;0.0;0.0;;;0.0;0.0;0.0;0.0;;[];[];[];[];[];[];[];[];1.0;0.0;0.0;1.0;0.0;0.0;1292.0;36095.0;fc nordsjaelland;hb koege;;;Women
2026-05-16;194592550;Sweden Elitettan;Sweden;10:00;Schedule;False;0.026619343389529815;1.95;3.0;1.85;3.0;0.0;0.0;;0.0;0.0;0.0;33.0;26.0;100.0;Jitex BK (W);;0.0;0.0;2.3;0;0.0;0 - 0;3.7;Trelleborgs FF (W);;0.0;0.0;2.45;0;0.0;0.0 (-0.25);0 - 0;0-0;3.0 (3.25);1.25 (1.25);3 - 1;nan;;;;;;;;;;;;;;;;13.0;20.0;11.0;15.0;31.0;69.0;1.0;2.0;1.0;2.0;;[];[];[];[];[];[];[];[];1.0;0.0;0.0;1.0;0.0;0.0;;1771.0;;trelleborgs ff;;;Women
2026-05-16;194592093;Sweden Cup Women;Sweden;10:00;Schedule;False;-0.053830227743271286;1.95;2.5, 3.0;1.85;2.5, 3.0;0.0;0.0;;0.0;0.0;0.0;42.0;26.0;100.0;Hammarby (W);;0.0;0.0;2.625;0;0.0;0 - 0;3.3;BK Hacken (W);;0.0;0.0;2.3;0;0.0;0.0 (-0.25);0 - 0;0-0;2.75 (2.75);1.25 ( 1);3 -;nan;;;;;;;;;;;;;;;;22.0;20.0;14.0;12.0;50.0;50.0;1.0;0.0;1.0;0.0;;[];[];[];[];[];[];[];[];1.0;0.0;0.0;1.0;0.0;0.0;1758.0;1760.0;hammarby if;bk hacken;;;Women
2026-05-16;194640964;Uzbekistan Cup;Uzbekistan;10:00;Schedule;False;0.06349206349206349;1.85;2.5;1.95;2.5;0.0;0.0;;0.0;0.0;0.0;34.0;19.0;100.0;Metallurg Bekabad;;0.0;0.0;2.25;0;0.0;0 - 0;3.4;FC Aral Nukus;;0.0;0.0;2.625;0;0.0;-0.25;0 - 0;0-0;2.5;1.0;-;nan;;;;;;;;;;;;;;;;16.0;18.0;6.0;13.0;53.0;47.0;1.0;3.0;0.0;0.0;;[];[];[];[];[];[];[];[];1.0;0.0;0.0;1.0;0.0;0.0;;;;;;;
2026-05-16;194547359;Denmark Division 2;Denmark;10:00;Schedule;False;0.367965367965368;1.85;2.5, 3.0;1.95;2.5, 3.0;0.0;0.0;;0.0;0.0;0.0;34.0;12.0;100.0;Fremad Amager;;0.0;0.0;1.65;1;0.0;0 - 0;3.8;Ishoj;;0.0;0.0;4.2;0;0.0;-0.75 (-0.75);0 - 0;0-0;2.75 ( 2.5);1.25 ( 1);-;nan;;;;;;;;;;;;;;;;15.0;19.0;4.0;8.0;45.0;55.0;1.0;1.0;0.0;1.0;;[5];[1];[False];['Fremad Amager'];[0];[1];['D'];['H'];0.06;0.94;0.0;0.11;0.89;0.0;35412.0;473205.0;bk fremad amager;ishoej if;1.72;1.72;
2026-05-16;194590034;Norway Division 3 Group 4;Norway;10:00;Schedule;False;-0.15567765567765574;1.95;4.0;1.85;4.0;0.0;0.0;;0.0;0.0;0.0;47.0;25.0;;Mandalskameratene;;0.0;0.0;2.8;1;0.0;0 - 0;4.2;Vindbjart;;0.0;0.0;1.95;0;0.0;+0.5 ( +0.5);0 - 0;0-0;3.5 ( 3.5);1.5 ( 1.5);1 - 2;nan;;;;;;;;;;;;;;;;26.0;21.0;15.0;10.0;;;1.0;0.0;1.0;1.0;;[18];[1];[False];['Mandalskameratene'];[0];[1];['D'];['H'];0.2;0.8;0.0;0.4;0.6;0.0;;;;;;;
2026-05-16;194585654;Finland Kakkonen Group A;Finland;10:00;Schedule;False;-0.465149359886202;1.9;3.5;1.9;3.5;0.0;0.0;;0.0;0.0;0.0;21.0;24.0;100.0;Union Plaani;;0.0;0.0;4.75;0;0.0;0 - 0;4.5;PPJ;;0.0;0.0;1.48;0;0.0;+1.0 ( +1);0 - 0;0-0;3.25 (3.25);1.5 (1.25);-;nan;;;;;;;;;;;;;;;;13.0;8.0;16.0;8.0;58.0;42.0;0.0;3.0;1.0;1.0;;[];[];[];[];[];[];[];[];1.0;0.0;0.0;1.0;0.0;0.0;728541.0;193664.0;union plaani;ppj helsinki;1.4;1.5;
2026-05-16;194530720;Georgia Erovnuli Liga;Georgia;10:00;Schedule;False;-0.06441223832528187;1.925;2.0, 2.5;1.875;2.0, 2.5;0.0;0.0;;0.0;0.0;0.0;61.0;20.0;100.0;FC Gagra;9.0;0.0;0.0;2.7;0;0.0;0 - 0;3.2;FC Rustavi;3.0;0.0;0.0;2.3;0;0.0;+0.25 (+0.25);0 - 0;0-0;2.25 (2.25);1.0 ( 1);-;nan;;;;;;;;;;;;;;;;33.0;28.0;15.0;5.0;55.0;45.0;1.0;0.0;0.0;0.0;;[];[];[];[];[];[];[];[];1.0;0.0;0.0;1.0;0.0;0.0;;;;;;;
2026-05-16;194579191;Norway Division 3 Group 5;Norway;10:00;Schedule;False;0.04406364749082009;1.8;4.0;2.0;4.0;0.0;0.0;;0.0;0.0;0.0;21.0;20.0;;Lillestrøm 2;;0.0;0.0;2.15;0;0.0;0 - 0;4.2;Skedsmo;;0.0;0.0;2.375;0;0.0;0.0 (-0.25);0 - 0;0-0;4.0 ( 4);1.75 (1.75);2 -;nan;;;;;;;;;;;;;;;;6.0;15.0;4.0;16.0;;;1.0;2.0;0.0;0.0;;[];[];[];[];[];[];[];[];1.0;0.0;0.0;1.0;0.0;0.0;;;;;;;
2026-05-16;194589348;Norway Division 2 Group 1;Norway;10:00;Schedule;False;-0.375;2.025;3.0, 3.5;1.775;3.0, 3.5;0.0;0.0;;0.0;0.0;0.0;55.0;38.0;;Eik Tønsberg;;0.0;0.0;4.0;0;0.0;0 - 0;4.0;Mjondalen;;0.0;0.0;1.6;0;0.0;+1.0 ( +1);0 - 0;0-0;3.0 (2.75);1.25 (1.25);1 - 5;nan;;;;;;;;;;;;;;;;24.0;31.0;21.0;17.0;;;5.0;5.0;0.0;0.0;;[];[];[];[];[];[];[];[];1.0;0.0;0.0;1.0;0.0;0.0;797.0;903.0;fk eik toensberg 871;mjoendalen if;1.57;1.61;
2026-05-16;194592160;Austria Regionalliga West;Austria;10:00;Schedule;False;0.4444444444444444;1.9;3.0, 3.5;1.9;3.0, 3.5;0.0;0.0;;0.0;0.0;0.0;43.0;23.0;100.0;SK Bischofshofen;;0.0;0.0;1.5;0;0.0;0 - 0;4.333;FC Lauterach;;0.0;0.0;4.5;0;0.0;-1.25 ( -2);0 - 0;0-0;3.25 ( 3.5);1.5 ( 1.5);3 -;nan;;;;;;;;;;;;;;;;21.0;22.0;10.0;13.0;34.0;66.0;2.0;1.0;1.0;0.0;;[];[];[];[];[];[];[];[];1.0;0.0;0.0;1.0;0.0;0.0;;;;;;;
2026-05-16;194589685;Norway Division 2 Group 2;Norway;10:00;Schedule;False;0.45614035087719296;1.85;3.0, 3.5;1.95;3.0, 3.5;0.0;0.0;;0.0;0.0;0.0;35.0;24.0;100.0;Levanger;;0.0;0.0;1.5;2;0.0;0 - 0;4.333;Trygg/Lade;;0.0;0.0;4.75;0;0.0;-1.0 (-1.25);0 - 0;0-0;3.25 (3.25);1.25 (1.25);1 -;nan;;;;;;;;;;;;;;;;19.0;16.0;11.0;13.0;50.0;50.0;1.0;2.0;0.0;2.0;;[ 7 16];[1 1];[False False];['Levanger' 'Levanger'];[0 1];[1 2];['D' 'H'];['H' 'H'];0.08;0.92;0.0;0.16;0.84;0.0;866.0;250563.0;levanger fk;trygg/lade;1.57;1.53;
2026-05-16;194534151;Latvia 1. Liga;Latvia;10:00;Schedule;False;-0.11743450767841018;1.925;3.0, 3.5;1.875;3.0, 3.5;0.0;0.0;;0.0;0.0;0.0;49.0;27.0;;Riga Mariners;;0.0;0.0;2.7;0;0.0;0 - 0;3.8;Valmiera FC;;0.0;0.0;2.05;0;0.0;+0.25 (+0.25);0 - 0;0-0;3.25 (3.25);1.25 (1.25);2 - 1;nan;;;;;;;;;;;;;;;;27.0;22.0;13.0;14.0;;;0.0;4.0;0.0;0.0;;[];[];[];[];[];[];[];[];1.0;0.0;0.0;1.0;0.0;0.0;;;;;;;
2026-05-16;194579043;India I-League;India;10:00;Schedule;False;0.3869047619047619;1.85;2.5, 3.0;1.95;2.5, 3.0;0.0;1.0;;0.0;1.0;1.0;38.0;24.0;;Sreenidi Deccan;4.0;0.0;0.0;1.6;1;0.0;0 - 0;4.0;Chanmari FC;5.0;0.0;0.0;4.2;0;0.0;-0.75 (-1.25);0 - 1;0-1;2.75 ( 3);1.25 (1.25);3 - 2;nan;;;;;;;;;;;;;;;;16.0;22.0;9.0;15.0;;;1.0;1.0;0.0;1.0;;[10];[1];[False];['Sreenidi Deccan'];[0];[1];['D'];['H'];0.11;0.89;0.0;0.22;0.78;0.0;862153.0;633526.0;sreenidi deccan fc;chanmari fc;1.83;1.72;
2026-05-16;194577554;Azerbaijan Premier League;Azerbaijan;10:00;Schedule;False;0.7551145977541917;1.975;3.0, 3.5;1.825;3.0, 3.5;0.0;0.0;;0.0;0.0;0.0;35.0;22.0;100.0;FK Qarabag;2.0;0.0;0.0;1.182;0;1.0;1 - 0;6.5;Imisli;9.0;0.0;0.0;11.0;0;0.0;-2.0 (-2.25);0 - 0;0-0;3.25 ( 4.5);1.25 (2.25);- 2;nan;;;;;;;;;;;;;;;;21.0;14.0;7.0;15.0;44.0;56.0;0.0;0.0;1.0;1.0;;[];[];[];[];[];[];[];[];1.0;0.0;0.0;1.0;0.0;0.0;;;;;;;
2026-05-16;194577557;Azerbaijan Premier League;Azerbaijan;10:00;Schedule;False;-0.2606765735711725;1.85;2.0;1.95;2.0;0.0;0.0;;0.0;0.0;0.0;35.0;26.0;100.0;Shamakhi FK;;0.0;0.0;3.8;1;0.0;0 - 0;3.1;PFK Turan Tovuz;;0.0;0.0;1.909;0;0.0;+0.5 (+0.25);0 - 0;0-0;2.0 (1.75);0.75 (0.75);5 -;nan;;;;;;;;;;;;;;;;19.0;16.0;12.0;14.0;70.0;30.0;1.0;1.0;0.0;1.0;;[9];[1];[False];['Shamakhi FK'];[0];[1];['D'];['H'];0.1;0.9;0.0;0.2;0.8;0.0;;;;;;;
2026-05-16;194577759;Italy Serie A Women;Italy;10:00;Schedule;False;0.7979675617470894;1.8;3.0, 3.5;2.0;3.0, 3.5;0.0;0.0;;0.0;0.0;0.0;47.0;29.0;100.0;Roma (W);;0.0;0.0;1.143;0;0.0;0 - 0;7.5;Genoa (W);;0.0;0.0;13.0;0;0.0;-2.25 ( -2.5);0 - 0;0-0;3.5 ( 3.5);1.5 ( 1.5);1 - 1;nan;;;;;;;;;;;;;;;;13.0;34.0;5.0;24.0;28.0;72.0;0.0;1.0;0.0;1.0;;[];[];[];[];[];[];[];[];1.0;0.0;0.0;1.0;0.0;0.0;2702.0;512870.0;as roma;genoa cfc women;;;Women
2026-05-16;194577797;Malaysia Super League;Malaysia;10:00;Schedule;False;0.34965034965034963;1.8;3.0;2.0;3.0;0.0;0.0;;0.0;0.0;0.0;42.0;18.0;100.0;Imigresen FC;;0.0;0.0;1.65;0;0.0;0 - 0;3.9;Melaka FC;;0.0;0.0;3.9;0;0.0;-1.0 (-0.75);0 - 0;0-0;3.25 ( 3);1.25 (1.25);-;nan;;;;;;;;;;;;;;;;22.0;20.0;10.0;8.0;44.0;56.0;0.0;2.0;0.0;0.0;;[];[];[];[];[];[];[];[];1.0;0.0;0.0;1.0;0.0;0.0;;;;;;;
2026-05-16;194577867;Finland Kakkonen Group B;Finland;10:00;Schedule;False;-0.7333333333333334;1.9;3.5;1.9;3.5;0.0;0.0;;0.0;0.0;0.0;39.0;20.0;100.0;GrIFK;;0.0;0.0;10.0;0;0.0;0 - 0;5.75;FC Honka;;0.0;0.0;1.2;2;0.0;+2.0 (+1.75);0 - 0;0-0;3.5 ( 3.5);1.5 ( 1.5);-;nan;;;;;;;;;;;;;;;;21.0;18.0;15.0;5.0;72.0;28.0;2.0;0.0;2.0;0.0;;[13 16];[1 1];[False False];['FC Honka' 'FC Honka'];[ 0 -1];[-1 -2];['D' 'A'];['A' 'A'];0.14;0.0;0.86;0.29;0.0;0.71;2282.0;2260.0;grankulla ifk;fc honka;1.44;1.8;Youth
2026-05-16;193320641;Sweden Allsvenskan;Sweden;10:00;Schedule;False;0.4155844155844156;1.975;2.5;1.825;2.5;0.0;0.0;;0.0;0.0;0.0;40.0;14.0;100.0;GAIS;1.0;0.0;0.0;1.65;1;0.0;0 - 0;3.7;Degerfors;1.0;0.0;0.0;5.25;0;0.0;-0.75 (-0.75);0 - 0;0-0;2.25 (2.25);1.0 ( 1);-;nan;;;;;;;;;;;;;;;;18.0;22.0;9.0;5.0;53.0;47.0;1.0;2.0;0.0;1.0;;[13];[1];[False];['GAIS'];[0];[1];['D'];['H'];0.14;0.86;0.0;0.29;0.71;0.0;1786.0;1807.0;gais;degerfors if;1.9;2.05;
2026-05-16;194588589;Austria Landesliga;Austria;10:00;Schedule;False;-0.49252077562326874;1.975;3.5;1.825;3.5;0.0;0.0;;0.0;0.0;0.0;34.0;12.0;100.0;Simmeringer SC;;0.0;0.0;5.0;0;0.0;0 - 0;4.5;FC 1980 Wien;;0.0;0.0;1.444;0;0.0;+0.75 (+0.75);0 - 0;0-0;3.25 ( 3.5);1.25 ( 1.5);- 1;nan;;;;;;;;;;;;;;;;20.0;14.0;6.0;6.0;60.0;40.0;2.0;2.0;1.0;0.0;;[];[];[];[];[];[];[];[];1.0;0.0;0.0;1.0;0.0;0.0;;;;;;;
2026-05-16;194589729;Latvia 1. Liga;Latvia;10:00;Schedule;False;-0.27731092436974786;1.95;3.0, 3.5;1.85;3.0, 3.5;0.0;0.0;;0.0;0.0;0.0;0.0;0.0;;Rezeknes FA;14.0;0.0;0.0;3.4;0;0.0;0 - 0;4.0;FK Tukums 2000/TSS II;10.0;0.0;0.0;1.75;0;0.0;+0.5;0 - 0;0-0;3.75;1.5;-;nan;;;;;;;;;;;;;;;;0.0;0.0;0.0;0.0;;;0.0;0.0;0.0;0.0;;[5];[1];[False];[''];[0];[-1];['D'];['A'];0.06;0.0;0.94;0.11;0.0;0.89;;;;;;;Youth
2026-05-16;194592059;Paraguay Division Intermedia;Paraguay;10:00;Schedule;False;0.055161544523246675;1.8;2.0, 2.5;2.0;2.0, 2.5;0.0;0.0;;0.0;0.0;0.0;63.0;22.0;100.0;Guairena FC;11.0;0.0;0.0;2.35;0;0.0;0 - 0;3.1;Resistencia FC;9.0;0.0;0.0;2.7;0;0.0;-0.25 (-0.25);0 - 0;0-0;2.5 (2.25);1.0 ( 1);2 -;nan;;;;;;;;;;;;;;;;33.0;30.0;9.0;13.0;52.0;48.0;1.0;0.0;1.0;4.0;;[];[];[];[];[];[];[];[];1.0;0.0;0.0;1.0;0.0;0.0;;;;;;;
2026-05-16;194579160;Finland Kakkonen Group C;Finland;10:00;Schedule;False;0.4791288566243195;1.8;3.5;2.0;3.5;0.0;0.0;;0.0;0.0;0.0;33.0;16.0;100.0;Huima/Urho;;0.0;0.0;1.45;1;0.0;0 - 0;4.5;FC Vaajakoski;;0.0;0.0;4.75;0;0.0;-1.25 ( -1.5);0 - 0;0-0;3.5 ( 4);1.5 (1.75);-;nan;;;;;;;;;;;;;;;;16.0;17.0;5.0;11.0;50.0;50.0;1.0;1.0;0.0;3.0;;[6];[1];[False];['Huima/Urho'];[0];[1];['D'];['H'];0.07;0.93;0.0;0.13;0.87;0.0;22383.0;23531.0;huima/urho;fc vaajakoski;1.44;1.44;
2026-05-16;194577864;Finland Ykkosliiga;Finland;10:00;Schedule;False;-0.20512820512820518;1.975;2.5, 3.0;1.825;2.5, 3.0;0.0;0.0;;0.0;0.0;0.0;28.0;17.0;100.0;JaPS;;0.0;0.0;3.25;0;0.0;0 - 0;3.5;KTP;;0.0;0.0;1.95;0;0.0;+0.5;0 - 0;0-0;2.75;1.25;-;nan;;;;;;;;;;;;;;;;11.0;17.0;10.0;7.0;55.0;45.0;1.0;0.0;3.0;0.0;;[];[];[];[];[];[];[];[];1.0;0.0;0.0;1.0;0.0;0.0;23422.0;2255.0;japs;fc ktp kotka;1.66;1.66;
2026-05-16;194577600;Netherlands Tweede Divisie;Netherlands;10:30;Schedule;False;0.06511627906976741;1.9;3.5;1.9;3.5;0.0;0.0;;0.0;0.0;0.0;0.0;0.0;;HSV Hoek;3.0;0.0;0.0;2.15;0;0.0;0 - 0;3.9;Rijnsburgse Boys;4.0;0.0;0.0;2.5;0;0.0;-0.25;0 - 0;0-0;3.25;1.5;-;nan;;;;;;;;;;;;;;;;0.0;0.0;0.0;0.0;;;0.0;0.0;0.0;0.0;;[];[];[];[];[];[];[];[];1.0;0.0;0.0;1.0;0.0;0.0;;;;;;;
2026-05-16;194579249;Netherlands Derde Divisie;Netherlands;10:30;Schedule;False;0.22804054054054046;2.0;3.0, 3.5;1.8;3.0, 3.5;0.0;0.0;;0.0;0.0;0.0;0.0;0.0;;VV Gemert;;0.0;0.0;1.85;0;0.0;0 - 0;3.9;SteDoco;;0.0;0.0;3.2;0;0.0;-0.75;0 - 0;0-0;3.25;1.25;-;nan;;;;;;;;;;;;;;;;0.0;0.0;0.0;0.0;;;0.0;0.0;0.0;0.0;;[];[];[];[];[];[];[];[];1.0;0.0;0.0;1.0;0.0;0.0;;;;;;;
2026-05-16;194593165;Netherlands Derde Divisie;Netherlands;10:30;Schedule;False;-0.018115942028985532;1.8;3.0;2.0;3.0;0.0;0.0;;0.0;0.0;0.0;0.0;0.0;;TOGB;;0.0;0.0;2.4;0;0.0;0 - 0;3.8;RKSV Groene Ster;;0.0;0.0;2.3;0;0.0;-0.25;0 - 0;0-0;3.25;1.5;-;nan;;;;;;;;;;;;;;;;0.0;0.0;0.0;0.0;;;0.0;0.0;0.0;0.0;;[];[];[];[];[];[];[];[];1.0;0.0;0.0;1.0;0.0;0.0;;;;;;;
2026-05-16;193000853;Germany Bundesliga I;Germany;10:30;Schedule;False;0.7979675617470894;1.975;4.5, 5.0;1.875;4.5, 5.0;0.0;0.0;;0.0;0.0;0.0;0.0;0.0;;Bayern Munich;1.0;0.0;0.0;1.143;0;0.0;0 - 0;9.5;Cologne;14.0;0.0;0.0;13.0;0;0.0;-2.5;0 - 0;0-0;4.75;2.0;-;nan;;;;;;;;;;;;;;;;0.0;0.0;0.0;0.0;;;0.0;0.0;0.0;0.0;;[];[];[];[];[];[];[];[];1.0;0.0;0.0;1.0;0.0;0.0;2672.0;2671.0;bayern munich;1. fc cologne;1.53;1.44;
2026-05-16;194593160;Netherlands Derde Divisie;Netherlands;10:30;Schedule;False;-0.24786324786324787;1.95;3.0, 3.5;1.85;3.0, 3.5;0.0;0.0;;0.0;0.0;0.0;0.0;0.0;;Meerssen;;0.0;0.0;3.25;0;0.0;0 - 0;4.0;Rijnvogels;;0.0;0.0;1.8;0;0.0;+0.75;0 - 0;0-0;3.25;1.25;-;nan;;;;;;;;;;;;;;;;0.0;0.0;0.0;0.0;;;0.0;0.0;0.0;0.0;;[];[];[];[];[];[];[];[];1.0;0.0;0.0;1.0;0.0;0.0;;;;;;;
2026-05-16;194577876;Netherlands Tweede Divisie;Netherlands;10:30;Schedule;False;-0.3489247761693583;1.975;3.5, 4.0;1.825;3.5, 4.0;0.0;0.0;;0.0;0.0;0.0;0.0;0.0;;Sparta Rotterdam Reserves;9.0;0.0;0.0;3.7;0;0.0;0 - 0;4.5;De Treffers;2.0;0.0;0.0;1.615;0;0.0;+1.0;0 - 0;0-0;3.75;1.5;-;nan;;;;;;;;;;;;;;;;0.0;0.0;0.0;0.0;;;0.0;0.0;0.0;0.0;;[];[];[];[];[];[];[];[];1.0;0.0;0.0;1.0;0.0;0.0;;6475.0;;de treffers groesbeek;;;Youth
2026-05-16;194588921;Netherlands Tweede Divisie;Netherlands;10:30;Schedule;False;0.017368649587494622;1.9;3.0;1.9;3.0;0.0;0.0;;0.0;0.0;0.0;0.0;0.0;;GVVV;;0.0;0.0;2.35;0;0.0;0 - 0;3.7;AFC;;0.0;0.0;2.45;0;0.0;-0.25;0 - 0;0-0;3.0;1.25;-;nan;;;;;;;;;;;;;;;;0.0;0.0;0.0;0.0;;;0.0;0.0;0.0;0.0;;[];[];[];[];[];[];[];[];1.0;0.0;0.0;1.0;0.0;0.0;;;;;;;
2026-05-16;194577874;Netherlands Tweede Divisie;Netherlands;10:30;Schedule;False;0.465149359886202;1.9;3.0;1.9;3.0;0.0;0.0;;0.0;0.0;0.0;0.0;0.0;;Quick Boys;1.0;0.0;0.0;1.48;0;0.0;0 - 0;4.333;IJsselmeervogels;16.0;0.0;0.0;4.75;0;0.0;-1.25;0 - 0;0-0;3.25;1.25;-;nan;;;;;;;;;;;;;;;;0.0;0.0;0.0;0.0;;;0.0;0.0;0.0;0.0;;[];[];[];[];[];[];[];[];1.0;0.0;0.0;1.0;0.0;0.0;;;;;;;
2026-05-16;194588923;Netherlands Tweede Divisie;Netherlands;10:30;Schedule;False;0.06511627906976741;1.85;3.5;1.95;3.5;0.0;0.0;;0.0;0.0;0.0;0.0;0.0;;RKAV Volendam;14.0;0.0;0.0;2.15;0;0.0;0 - 0;3.9;Barendrecht;12.0;0.0;0.0;2.5;0;0.0;0.0;0 - 0;0-0;3.5;1.5;-;nan;;;;;;;;;;;;;;;;0.0;0.0;0.0;0.0;;;0.0;0.0;0.0;0.0;;[];[];[];[];[];[];[];[];1.0;0.0;0.0;1.0;0.0;0.0;;;;;;;
2026-05-16;194593156;Netherlands Derde Divisie;Netherlands;10:30;Schedule;False;0.1399787910922588;1.9;3.0;1.9;3.0;0.0;0.0;;0.0;0.0;0.0;0.0;0.0;;USV Hercules;;0.0;0.0;2.05;0;0.0;0 - 0;3.6;Harkemase Boys;;0.0;0.0;2.875;0;0.0;0.0;0 - 0;0-0;3.0;1.25;-;nan;;;;;;;;;;;;;;;;0.0;0.0;0.0;0.0;;;0.0;0.0;0.0;0.0;;[];[];[];[];[];[];[];[];1.0;0.0;0.0;1.0;0.0;0.0;;;;;;;
2026-05-16;193000849;Germany Bundesliga I;Germany;10:30;Schedule;False;0.6762904636920384;1.9;3.5, 4.0;1.95;3.5, 4.0;0.0;0.0;;0.0;0.0;0.0;0.0;0.0;;Bayer Leverkusen;6.0;0.0;0.0;1.27;0;0.0;0 - 0;6.5;Hamburg;11.0;0.0;0.0;9.0;0;0.0;-1.75;0 - 0;0-0;3.75;1.5;-;nan;;;;;;;;;;;;;;;;0.0;0.0;0.0;0.0;;;0.0;0.0;0.0;0.0;;[];[];[];[];[];[];[];[];1.0;0.0;0.0;1.0;0.0;0.0;2681.0;2676.0;bayer leverkusen;hamburger sv;1.61;1.57;
2026-05-16;194593154;Netherlands Derde Divisie;Netherlands;10:30;Schedule;False;0.3498800239952009;2.0;3.0;1.8;3.0;0.0;0.0;;0.0;0.0;0.0;0.0;0.0;;ADO '20;;0.0;0.0;1.667;0;0.0;0 - 0;3.75;VV Scherpenzeel;;0.0;0.0;4.0;0;0.0;-0.25;0 - 0;0-0;2.75;1.25;-;nan;;;;;;;;;;;;;;;;0.0;0.0;0.0;0.0;;;0.0;0.0;0.0;0.0;;[];[];[];[];[];[];[];[];1.0;0.0;0.0;1.0;0.0;0.0;;;;;;;
2026-05-16;194697802;Spain Regional League;Spain;10:30;Schedule;False;;;2.75;;2.75;0.0;0.0;;0.0;0.0;0.0;0.0;0.0;;CD Calahorra B;;0.0;0.0;;0;0.0;0 - 0;;Cenicero;;0.0;0.0;;0;0.0;-0.5;0 - 0;0-0;2.75;1.25;-;nan;;;;;;;;;;;;;;;;0.0;0.0;0.0;0.0;;;0.0;0.0;0.0;0.0;;[];[];[];[];[];[];[];[];1.0;0.0;0.0;1.0;0.0;0.0;;;;;;;Youth
2026-05-16;194640947;Ukraine Persha Liga;Ukraine;10:30;Schedule;False;-0.050682261208576995;1.775;2.0;2.025;2.0;0.0;0.0;;0.0;0.0;0.0;0.0;0.0;;Chernomorets Odessa;2.0;0.0;0.0;2.7;0;0.0;0 - 0;3.1;FC Livyi Bereh;3.0;0.0;0.0;2.375;0;0.0;0.0;0 - 0;0-0;2.0;0.75;-;nan;;;;;;;;;;;;;;;;0.0;0.0;0.0;0.0;;;0.0;0.0;0.0;0.0;;[];[];[];[];[];[];[];[];1.0;0.0;0.0;1.0;0.0;0.0;;;;;;;
2026-05-16;193000899;Germany Bundesliga I;Germany;10:30;Schedule;False;-0.032051282051282104;1.975;3.0, 3.5;1.875;3.0, 3.5;0.0;0.0;;0.0;0.0;0.0;0.0;0.0;;Union Berlin;12.0;0.0;0.0;2.6;0;0.0;0 - 0;3.9;Augsburg;9.0;0.0;0.0;2.4;0;0.0;+0.25;0 - 0;0-0;3.5;1.5;-;nan;;;;;;;;;;;;;;;;0.0;0.0;0.0;0.0;;;0.0;0.0;0.0;0.0;;[];[];[];[];[];[];[];[];1.0;0.0;0.0;1.0;0.0;0.0;2547.0;2600.0;union berlin;fc augsburg;1.5;1.44;
2026-05-16;194734684;Netherlands Tweede Divisie;Netherlands;10:30;Schedule;False;;;3.5;;3.5;0.0;0.0;;0.0;0.0;0.0;0.0;0.0;;Spakenburg;5.0;0.0;0.0;;0;0.0;0 - 0;;Katwijk;7.0;0.0;0.0;;0;0.0;0.0;0 - 0;0-0;3.5;1.5;-;nan;;;;;;;;;;;;;;;;0.0;0.0;0.0;0.0;;;0.0;0.0;0.0;0.0;;[];[];[];[];[];[];[];[];1.0;0.0;0.0;1.0;0.0;0.0;;;;;;;
2026-05-16;194577602;Netherlands Tweede Divisie;Netherlands;10:30;Schedule;False;0.12416851441241689;1.875;3.0;1.925;3.0;0.0;0.0;;0.0;0.0;0.0;0.0;0.0;;ACV Assen;18.0;0.0;0.0;2.05;0;0.0;0 - 0;3.75;Koninklijke HFC;15.0;0.0;0.0;2.75;0;0.0;-0.5;0 - 0;0-0;3.0;1.25;-;nan;;;;;;;;;;;;;;;;0.0;0.0;0.0;0.0;;;0.0;0.0;0.0;0.0;;[];[];[];[];[];[];[];[];1.0;0.0;0.0;1.0;0.0;0.0;;;;;;;
2026-05-16;194588919;Netherlands Tweede Divisie;Netherlands;10:30;Schedule;False;0.12416851441241689;1.975;3.0, 3.5;1.825;3.0, 3.5;0.0;0.0;;0.0;0.0;0.0;0.0;0.0;;Excelsior Maassluis;17.0;0.0;0.0;2.05;0;0.0;0 - 0;3.8;Almere City Reserves;10.0;0.0;0.0;2.75;0;0.0;0.0;0 - 0;0-0;3.25;1.25;-;nan;;;;;;;;;;;;;;;;0.0;0.0;0.0;0.0;;;0.0;0.0;0.0;0.0;;[];[];[];[];[];[];[];[];1.0;0.0;0.0;1.0;0.0;0.0;;;;;;;Youth
2026-05-16;194577605;Netherlands Tweede Divisie;Netherlands;10:30;Schedule;False;0.26143790849673204;2.0;3.0, 3.5;1.8;3.0, 3.5;0.0;0.0;;0.0;0.0;0.0;0.0;0.0;;HHC Hardenberg;6.0;0.0;0.0;1.8;0;0.0;0 - 0;3.75;Kozakken Boys;8.0;0.0;0.0;3.4;0;0.0;-0.5;0 - 0;0-0;3.0;1.25;-;nan;;;;;;;;;;;;;;;;0.0;0.0;0.0;0.0;;;0.0;0.0;0.0;0.0;;[];[];[];[];[];[];[];[];1.0;0.0;0.0;1.0;0.0;0.0;;;;;;;
2026-05-16;193000896;Germany Bundesliga I;Germany;10:30;Schedule;False;-0.06838905775075987;1.875;2.5, 3.0;1.975;2.5, 3.0;0.0;0.0;;0.0;0.0;0.0;0.0;0.0;;St Pauli;18.0;0.0;0.0;2.8;0;0.0;0 - 0;3.7;Wolfsburg;16.0;0.0;0.0;2.35;0;0.0;0.0;0 - 0;0-0;2.75;1.25;-;nan;;;;;;;;;;;;;;;;0.0;0.0;0.0;0.0;;;0.0;0.0;0.0;0.0;;[];[];[];[];[];[];[];[];1.0;0.0;0.0;1.0;0.0;0.0;2526.0;2524.0;fc st. pauli;vfl wolfsburg;1.7;1.57;
2026-05-16;193000901;Germany Bundesliga I;Germany;10:30;Schedule;False;-0.19696969696969696;2.0;3.5;1.85;3.5;0.0;0.0;;0.0;0.0;0.0;0.0;0.0;;Werder Bremen;15.0;0.0;0.0;3.3;0;0.0;0 - 0;4.0;Borussia Dortmund;2.0;0.0;0.0;2.0;0;0.0;+0.5;0 - 0;0-0;3.5;1.5;-;nan;;;;;;;;;;;;;;;;0.0;0.0;0.0;0.0;;;0.0;0.0;0.0;0.0;;[];[];[];[];[];[];[];[];1.0;0.0;0.0;1.0;0.0;0.0;2534.0;2673.0;werder bremen;borussia dortmund;1.53;1.4;
2026-05-16;194697808;Spain Regional League;Spain;10:30;Schedule;False;-0.26143790849673204;2.0;3.0;1.8;3.0;0.0;0.0;;0.0;0.0;0.0;0.0;0.0;;Rotxapea CD;;0.0;0.0;3.4;0;0.0;0 - 0;3.75;CF Gazte Berriak;;0.0;0.0;1.8;0;0.0;+0.25;0 - 0;0-0;2.75;1.25;-;nan;;;;;;;;;;;;;;;;0.0;0.0;0.0;0.0;;;0.0;0.0;0.0;0.0;;[];[];[];[];[];[];[];[];1.0;0.0;0.0;1.0;0.0;0.0;;;;;;;
2026-05-16;193000873;Germany Bundesliga I;Germany;10:30;Schedule;False;0.24642289348171692;1.925;3.0, 3.5;1.925;3.0, 3.5;0.0;0.0;;0.0;0.0;0.0;0.0;0.0;;Heidenheim;17.0;0.0;0.0;1.85;0;0.0;0 - 0;4.333;Mainz;10.0;0.0;0.0;3.4;0;0.0;-0.5;0 - 0;0-0;3.25;1.5;-;nan;;;;;;;;;;;;;;;;0.0;0.0;0.0;0.0;;;0.0;0.0;0.0;0.0;;[];[];[];[];[];[];[];[];1.0;0.0;0.0;1.0;0.0;0.0;5885.0;2556.0;1. fc heidenheim;fsv mainz;1.5;1.44;
2026-05-16;193000871;Germany Bundesliga I;Germany;10:30;Schedule;False;-0.024509803921568596;1.85;3.0, 3.5;2.0;3.0, 3.5;0.0;0.0;;0.0;0.0;0.0;0.0;0.0;;SC Freiburg;7.0;0.0;0.0;2.55;0;0.0;0 - 0;4.0;RB Leipzig;3.0;0.0;0.0;2.4;0;0.0;0.0;0 - 0;0-0;3.0;1.25;-;nan;;;;;;;;;;;;;;;;0.0;0.0;0.0;0.0;;;0.0;0.0;0.0;0.0;;[];[];[];[];[];[];[];[];1.0;0.0;0.0;1.0;0.0;0.0;2538.0;36360.0;sc freiburg;rb leipzig;1.5;1.4;
2026-05-16;193000863;Germany Bundesliga I;Germany;10:30;Schedule;False;-0.24642289348171692;1.975;3.5, 4.0;1.875;3.5, 4.0;0.0;0.0;;0.0;0.0;0.0;0.0;0.0;;Eintracht Frankfurt;8.0;0.0;0.0;3.4;0;0.0;0 - 0;4.333;VfB Stuttgart;4.0;0.0;0.0;1.85;0;0.0;+0.5;0 - 0;0-0;3.75;1.5;-;nan;;;;;;;;;;;;;;;;0.0;0.0;0.0;0.0;;;0.0;0.0;0.0;0.0;;[];[];[];[];[];[];[];[];1.0;0.0;0.0;1.0;0.0;0.0;2674.0;2677.0;eintracht frankfurt;vfb stuttgart;1.4;1.33;
2026-05-16;193000858;Germany Bundesliga I;Germany;10:30;Schedule;False;-0.38383838383838387;1.925;3.5;1.925;3.5;0.0;0.0;;0.0;0.0;0.0;0.0;0.0;;Borussia M'gladbach;13.0;0.0;0.0;4.5;0;0.0;0 - 0;4.5;TSG Hoffenheim;5.0;0.0;0.0;1.65;0;0.0;+1.0;0 - 0;0-0;3.5;1.5;-;nan;;;;;;;;;;;;;;;;0.0;0.0;0.0;0.0;;;0.0;0.0;0.0;0.0;;[];[];[];[];[];[];[];[];1.0;0.0;0.0;1.0;0.0;0.0;2527.0;2569.0;borussia monchengladbach;tsg hoffenheim;1.5;1.4;
2026-05-16;194697806;Spain Regional League;Spain;10:30;Schedule;False;0.008503401360544283;1.825;2.5, 3.0;1.975;2.5, 3.0;0.0;0.0;;0.0;0.0;0.0;0.0;0.0;;Burladés;;0.0;0.0;2.4;0;0.0;0 - 0;3.5;Lagunak;;0.0;0.0;2.45;0;0.0;0.0;0 - 0;0-0;2.75;1.25;-;nan;;;;;;;;;;;;;;;;0.0;0.0;0.0;0.0;;;0.0;0.0;0.0;0.0;;[];[];[];[];[];[];[];[];1.0;0.0;0.0;1.0;0.0;0.0;;;;;;;
2026-05-16;194594790;Poland III Liga;Poland;11:00;Schedule;False;0.6540682414698162;1.9;3.0;1.9;3.0;0.0;0.0;;0.0;0.0;0.0;0.0;0.0;;KSZO Ostrowiec;;0.0;0.0;1.27;0;0.0;0 - 0;5.0;Sokol Kolbuszowa Dolna;;0.0;0.0;7.5;0;0.0;-1.75;0 - 0;0-0;3.0;1.25;-;nan;;;;;;;;;;;;;;;;0.0;0.0;0.0;0.0;;;0.0;0.0;0.0;0.0;;[];[];[];[];[];[];[];[];1.0;0.0;0.0;1.0;0.0;0.0;;;;;;;
2026-05-16;194593046;Iceland 2 Deild;Iceland;11:00;Schedule;False;0.49252077562326874;1.9;3.0, 3.5;1.9;3.0, 3.5;0.0;0.0;;0.0;0.0;0.0;0.0;0.0;;Selfoss;10.0;0.0;0.0;1.444;0;0.0;0 - 0;4.5;Kormakur/Hvot;5.0;0.0;0.0;5.0;0;0.0;-1.25;0 - 0;0-0;3.25;1.5;-;nan;;;;;;;;;;;;;;;;0.0;0.0;0.0;0.0;;;0.0;0.0;0.0;0.0;;[];[];[];[];[];[];[];[];1.0;0.0;0.0;1.0;0.0;0.0;;;;;;;
2026-05-16;194593685;Portugal U19 League;Portugal;11:00;Schedule;False;0.08417508417508418;1.85;2.5;1.95;2.5;0.0;0.0;;0.0;0.0;0.0;0.0;0.0;;Santa Clara U19;;0.0;0.0;2.2;0;0.0;0 - 0;3.4;Rio Ave U19;;0.0;0.0;2.7;0;0.0;-0.25;0 - 0;0-0;2.5;1.0;-;nan;;;;;;;;;;;;;;;;0.0;0.0;0.0;0.0;;;0.0;0.0;0.0;0.0;;[];[];[];[];[];[];[];[];1.0;0.0;0.0;1.0;0.0;0.0;3011.0;3036.0;santa clara azores;rio ave fc;;;Youth
2026-05-16;194592625;Sweden 2.div Norra Svealand;Sweden;11:00;Schedule;False;0.0;2.0;3.0, 3.5;1.8;3.0, 3.5;0.0;0.0;;0.0;0.0;0.0;0.0;0.0;;IFK Lidingo;;0.0;0.0;2.4;0;0.0;0 - 0;3.6;FC Gute;;0.0;0.0;2.4;0;0.0;0.0;0 - 0;0-0;3.25;1.25;-;nan;;;;;;;;;;;;;;;;0.0;0.0;0.0;0.0;;;0.0;0.0;0.0;0.0;;[];[];[];[];[];[];[];[];1.0;0.0;0.0;1.0;0.0;0.0;1870.0;1795.0;ifk lidingo fk;fc gute;;;
2026-05-16;194592560;Sweden Elitettan;Sweden;11:00;Schedule;False;0.465149359886202;1.975;3.0, 3.5;1.825;3.0, 3.5;0.0;0.0;;0.0;0.0;0.0;0.0;0.0;;IFK Goteborg (W);;0.0;0.0;1.48;0;0.0;0 - 0;4.333;Orebro SK (W);;0.0;0.0;4.75;0;0.0;-0.75;0 - 0;0-0;3.0;1.25;-;nan;;;;;;;;;;;;;;;;0.0;0.0;0.0;0.0;;;0.0;0.0;0.0;0.0;;[];[];[];[];[];[];[];[];1.0;0.0;0.0;1.0;0.0;0.0;1761.0;1768.0;ifk goteborg;orebro sk;;;Women
2026-05-16;194593767;Iceland 3 Deild;Iceland;11:00;Schedule;False;-0.17948717948717957;2.0;4.0;1.8;4.0;0.0;0.0;;0.0;0.0;0.0;0.0;0.0;;KV Vesturbaer;6.0;0.0;0.0;3.0;0;0.0;0 - 0;3.8;Hottur/Huginn;3.0;0.0;0.0;1.95;0;0.0;+0.5;0 - 0;0-0;4.0;1.5;-;nan;;;;;;;;;;;;;;;;0.0;0.0;0.0;0.0;;;0.0;0.0;0.0;0.0;;[];[];[];[];[];[];[];[];1.0;0.0;0.0;1.0;0.0;0.0;;;;;;;
2026-05-16;194592137;Austria Landesliga;Austria;11:00;Schedule;False;0.1905011349746813;1.8;3.0, 3.5;2.0;3.0, 3.5;0.0;0.0;;0.0;0.0;0.0;0.0;0.0;;LAC Inter;;0.0;0.0;1.909;0;0.0;0 - 0;3.9;SV Gerasdorf Stammersdorf;;0.0;0.0;3.0;0;0.0;-0.75;0 - 0;0-0;3.0;1.25;-;nan;;;;;;;;;;;;;;;;0.0;0.0;0.0;0.0;;;0.0;0.0;0.0;0.0;;[];[];[];[];[];[];[];[];1.0;0.0;0.0;1.0;0.0;0.0;;;;;;;
2026-05-16;194593279;Switzerland 1.Liga Promotion;Switzerland;11:00;Schedule;False;0.13066202090592338;2.0;3.0, 3.5;1.8;3.0, 3.5;0.0;0.0;;0.0;0.0;0.0;0.0;0.0;;Breitenrain;;0.0;0.0;2.05;0;0.0;0 - 0;3.75;Basel II;;0.0;0.0;2.8;0;0.0;-0.25;0 - 0;0-0;3.0;1.25;-;nan;;;;;;;;;;;;;;;;0.0;0.0;0.0;0.0;;;0.0;0.0;0.0;0.0;;[];[];[];[];[];[];[];[];1.0;0.0;0.0;1.0;0.0;0.0;;2501.0;;fc basel 1893;;;Youth
2026-05-16;194640971;Uzbekistan Cup;Uzbekistan;11:00;Schedule;False;0.06441223832528187;1.85;2.0, 2.5;1.95;2.0, 2.5;0.0;0.0;;0.0;0.0;0.0;0.0;0.0;;FK Kokand 1912;;0.0;0.0;2.3;0;0.0;0 - 0;3.2;AGMK;;0.0;0.0;2.7;0;0.0;-0.25;0 - 0;0-0;2.25;1.0;-;nan;;;;;;;;;;;;;;;;0.0;0.0;0.0;0.0;;;0.0;0.0;0.0;0.0;;[];[];[];[];[];[];[];[];1.0;0.0;0.0;1.0;0.0;0.0;;;;;;;
2026-05-16;194592150;Austria Regionalliga Ost;Austria;11:00;Schedule;False;-0.7888888888888889;1.95;3.5, 4.0;1.85;3.5, 4.0;0.0;0.0;;0.0;0.0;0.0;0.0;0.0;;SC Retz;;0.0;0.0;10.0;0;0.0;0 - 0;8.0;SV Gloggnitz;;0.0;0.0;1.125;0;0.0;+2.0;0 - 0;0-0;3.5;1.5;-;nan;;;;;;;;;;;;;;;;0.0;0.0;0.0;0.0;;;0.0;0.0;0.0;0.0;;[];[];[];[];[];[];[];[];1.0;0.0;0.0;1.0;0.0;0.0;;;;;;;
2026-05-16;193331774;Estonia Meistriliiga;Estonia;11:00;Schedule;False;0.10797342192691028;2.025;3.0;1.775;3.0;0.0;0.0;;0.0;0.0;0.0;0.0;0.0;;Harju JK Laagri;;0.0;0.0;2.15;0;0.0;0 - 0;3.4;Parnu JK Vaprus;;0.0;0.0;2.8;0;0.0;-0.25;0 - 0;0-0;3.0;1.25;-;nan;;;;;;;;;;;;;;;;0.0;0.0;0.0;0.0;;;0.0;0.0;0.0;0.0;;[];[];[];[];[];[];[];[];1.0;0.0;0.0;1.0;0.0;0.0;560360.0;318005.0;harju jk laagri;parnu jk vaprus;1.5;1.5;
2026-05-16;194593284;Switzerland 1.Liga Promotion;Switzerland;11:00;Schedule;False;0.5592247864337625;1.875;3.5, 4.0;1.925;3.5, 4.0;0.0;0.0;;0.0;0.0;0.0;0.0;0.0;;SC Bruhl;2.0;0.0;0.0;1.364;0;0.0;0 - 0;4.75;FC Zurich II;7.0;0.0;0.0;5.75;0;0.0;-1.5;0 - 0;0-0;3.75;1.5;-;nan;;;;;;;;;;;;;;;;0.0;0.0;0.0;0.0;;;0.0;0.0;0.0;0.0;;[];[];[];[];[];[];[];[];1.0;0.0;0.0;1.0;0.0;0.0;;2450.0;;fc zurich;;;Youth
2026-05-16;194469863;Finland Veikkausliiga;Finland;11:00;Schedule;False;-0.20588235294117646;2.0;2.5;1.8;2.5;0.0;0.0;;0.0;0.0;0.0;0.0;0.0;;SJK;;0.0;0.0;3.4;0;0.0;0 - 0;3.3;FC Inter;;0.0;0.0;2.0;0;0.0;+0.5;0 - 0;0-0;2.5;1.0;-;nan;;;;;;;;;;;;;;;;0.0;0.0;0.0;0.0;;;0.0;0.0;0.0;0.0;;[];[];[];[];[];[];[];[];1.0;0.0;0.0;1.0;0.0;0.0;22395.0;2247.0;seinajoen jk;fc inter turku;;;
2026-05-16;194595080;North Macedonia First League;North Macedonia;11:00;Schedule;False;0.367965367965368;1.975;2.5, 3.0;1.825;2.5, 3.0;0.0;0.0;;0.0;0.0;0.0;0.0;0.0;;KF Bashkimi;;0.0;0.0;1.65;0;0.0;0 - 0;3.6;Makedonija Gj. P;;0.0;0.0;4.2;0;0.0;-0.75;0 - 0;0-0;2.75;1.0;-;nan;;;;;;;;;;;;;;;;0.0;0.0;0.0;0.0;;;0.0;0.0;0.0;0.0;;[];[];[];[];[];[];[];[];1.0;0.0;0.0;1.0;0.0;0.0;;;;;;;
2026-05-16;194593771;Iceland 3 Deild;Iceland;11:00;Schedule;False;0.4227642276422764;1.9;4.0;1.9;4.0;0.0;0.0;;0.0;0.0;0.0;0.0;0.0;;Reynir Sandgerdi;9.0;0.0;0.0;1.5;0;0.0;0 - 0;5.0;KF Fjallabyggd;10.0;0.0;0.0;4.1;0;0.0;-1.0;0 - 0;0-0;4.0;1.5;-;nan;;;;;;;;;;;;;;;;0.0;0.0;0.0;0.0;;;0.0;0.0;0.0;0.0;;[];[];[];[];[];[];[];[];1.0;0.0;0.0;1.0;0.0;0.0;;;;;;;
2026-05-16;194605343;Andorra Premier Division;Andorra;11:00;Schedule;False;-0.8321678321678321;1.85;3.5, 4.0;1.95;3.5, 4.0;0.0;0.0;;0.0;0.0;0.0;0.0;0.0;;CE Carroi;8.0;0.0;0.0;13.0;0;0.0;0 - 0;8.0;Inter Club d'Escaldes;5.0;0.0;0.0;1.1;0;0.0;+2.75;0 - 0;0-0;3.75;1.5;-;nan;;;;;;;;;;;;;;;;0.0;0.0;0.0;0.0;;;0.0;0.0;0.0;0.0;;[];[];[];[];[];[];[];[];1.0;0.0;0.0;1.0;0.0;0.0;;;;;;;
2026-05-16;193286255;Poland II Liga;Poland;11:00;Schedule;False;0.34433285509325684;1.95;2.5, 3.0;1.85;2.5, 3.0;0.0;0.0;;0.0;0.0;0.0;0.0;0.0;;Chojniczanka Chojnice;;0.0;0.0;1.7;0;0.0;0 - 0;3.4;Zaglebie Sosnowiec;;0.0;0.0;4.1;0;0.0;-0.75;0 - 0;0-0;2.75;1.25;-;nan;;;;;;;;;;;;;;;;0.0;0.0;0.0;0.0;;;0.0;0.0;0.0;0.0;;[];[];[];[];[];[];[];[];1.0;0.0;0.0;1.0;0.0;0.0;105963.0;7693.0;mks chojniczanka chojnice;zaglebie sosnowiec;;;Youth
2026-05-16;194469867;Finland Veikkausliiga;Finland;11:00;Schedule;False;-0.5442253521126761;1.875;2.5, 3.0;1.925;2.5, 3.0;0.0;0.0;;0.0;0.0;0.0;0.0;0.0;;IFK Mariehamn;;0.0;0.0;6.25;0;0.0;0 - 0;4.2;KuPS Kuopio;;0.0;0.0;1.42;0;0.0;+1.0;0 - 0;0-0;2.75;nan;-;nan;;;;;;;;;;;;;;;;0.0;0.0;0.0;0.0;;;0.0;0.0;0.0;0.0;;[];[];[];[];[];[];[];[];1.0;0.0;0.0;1.0;0.0;0.0;5058.0;2244.0;ifk mariehamn;kuopion palloseura;1.9;1.95;
2026-05-16;194579151;Finland Kakkonen Group A;Finland;11:00;Schedule;False;-0.17900688210111804;1.95;4.0;1.85;4.0;0.0;0.0;;0.0;0.0;0.0;0.0;0.0;;MyPa;;0.0;0.0;2.9;0;0.0;0 - 0;4.0;Reipas;;0.0;0.0;1.909;0;0.0;+0.5;0 - 0;0-0;4.0;1.75;-;nan;;;;;;;;;;;;;;;;0.0;0.0;0.0;0.0;;;0.0;0.0;0.0;0.0;;[];[];[];[];[];[];[];[];1.0;0.0;0.0;1.0;0.0;0.0;2243.0;66870.0;myllykosken pallo -47;lahden reipas;;;
2026-05-16;194589726;Kosovo Division 1;Kosovo;11:00;Schedule;False;0.29914529914529914;1.775;2.0, 2.5;2.025;2.0, 2.5;0.0;0.0;;0.0;0.0;0.0;0.0;0.0;;KF Tefik Canga;;0.0;0.0;1.8;0;0.0;0 - 0;3.3;KF Kika;;0.0;0.0;3.9;0;0.0;-0.5;0 - 0;0-0;2.25;1.0;-;nan;;;;;;;;;;;;;;;;0.0;0.0;0.0;0.0;;;0.0;0.0;0.0;0.0;;[];[];[];[];[];[];[];[];1.0;0.0;0.0;1.0;0.0;0.0;;;;;;;
2026-05-16;193331945;Norway Eliteserien;Norway;11:00;Schedule;False;0.7564102564102564;1.975;3.5;1.825;3.5;0.0;0.0;;0.0;0.0;0.0;0.0;0.0;;Viking FK;;0.0;0.0;1.2;0;0.0;0 - 0;6.25;IK Start;;0.0;0.0;13.0;0;0.0;-2.0;0 - 0;0-0;3.5;1.5;-;nan;;;;;;;;;;;;;;;;0.0;0.0;0.0;0.0;;;0.0;0.0;0.0;0.0;;[];[];[];[];[];[];[];[];1.0;0.0;0.0;1.0;0.0;0.0;1164.0;667.0;viking fk;ik start;1.8;1.8;
2026-05-16;194589351;Norway Division 2 Group 1;Norway;11:00;Schedule;False;-0.23751023751023742;1.975;3.0;1.825;3.0;0.0;0.0;;0.0;0.0;0.0;0.0;0.0;;Arendal;;0.0;0.0;3.3;0;0.0;0 - 0;3.75;FK Jerv;;0.0;0.0;1.85;0;0.0;+0.25;0 - 0;0-0;3.0;1.25;-;nan;;;;;;;;;;;;;;;;0.0;0.0;0.0;0.0;;;0.0;0.0;0.0;0.0;;[];[];[];[];[];[];[];[];1.0;0.0;0.0;1.0;0.0;0.0;755.0;862.0;arendal fk;fk jerv;;;
2026-05-16;193331909;Norway Eliteserien;Norway;11:00;Schedule;False;0.5325207756232687;1.9;3.0, 3.5;1.9;3.0, 3.5;0.0;0.0;;0.0;0.0;0.0;0.0;0.0;;Molde;;0.0;0.0;1.444;0;0.0;0 - 0;4.75;Kristiansund BK;;0.0;0.0;6.25;0;0.0;-1.25;0 - 0;0-0;3.25;1.25;-;nan;;;;;;;;;;;;;;;;0.0;0.0;0.0;0.0;;;0.0;0.0;0.0;0.0;;[];[];[];[];[];[];[];[];1.0;0.0;0.0;1.0;0.0;0.0;661.0;957.0;molde fk;kristiansund bk;1.66;1.61;
2026-05-16;193718086;Türkiye Super Lig;Turkey;11:00;Schedule;False;-0.028520499108734443;1.925;2.5;1.875;2.5;0.0;0.0;;0.0;0.0;0.0;0.0;0.0;;Fatih Karagumruk;;0.0;0.0;2.75;0;0.0;0 - 0;3.2;Alanyaspor;;0.0;0.0;2.55;0;0.0;0.0;0 - 0;0-0;2.5;1.0;-;nan;;;;;;;;;;;;;;;;0.0;0.0;0.0;0.0;;;0.0;0.0;0.0;0.0;;[];[];[];[];[];[];[];[];1.0;0.0;0.0;1.0;0.0;0.0;4954.0;6362.0;fatih karagumruk istanbul;alanyaspor;1.61;1.66;
2026-05-16;194637610;Italy Campionato Primavera 2;Italy;11:00;Schedule;False;0.20373514431239387;1.9;3.0, 3.5;1.9;3.0, 3.5;0.0;0.0;;0.0;0.0;0.0;0.0;0.0;;Lecco U19;;0.0;0.0;1.9;0;0.0;0 - 0;3.75;Pisa U19;;0.0;0.0;3.1;0;0.0;-0.75;0 - 0;0-0;3.25;1.25;-;nan;;;;;;;;;;;;;;;;0.0;0.0;0.0;0.0;;;0.0;0.0;0.0;0.0;;[];[];[];[];[];[];[];[];1.0;0.0;0.0;1.0;0.0;0.0;7933.0;2737.0;calcio lecco 1912;pisa sc;;;Youth
2026-05-16;193332045;Norway Division 1;Norway;11:00;Schedule;False;0.38935370820572723;1.95;3.0;1.85;3.0;0.0;0.0;;0.0;0.0;0.0;0.0;0.0;;Bryne;13.0;0.0;0.0;1.667;0;0.0;0 - 0;4.0;Strommen;14.0;0.0;0.0;4.75;0;0.0;-0.75;0 - 0;0-0;3.0;1.25;-;nan;;;;;;;;;;;;;;;;0.0;0.0;0.0;0.0;;;0.0;0.0;0.0;0.0;;[];[];[];[];[];[];[];[];1.0;0.0;0.0;1.0;0.0;0.0;663.0;885.0;bryne fk;stroemmen if;1.57;1.61;
2026-05-16;193331926;Norway Eliteserien;Norway;11:00;Schedule;False;0.38935370820572723;1.95;3.0;1.85;3.0;0.0;0.0;;0.0;0.0;0.0;0.0;0.0;;Rosenborg;;0.0;0.0;1.667;0;0.0;0 - 0;4.0;Aalesund;;0.0;0.0;4.75;0;0.0;-0.75;0 - 0;0-0;3.0;1.25;-;nan;;;;;;;;;;;;;;;;0.0;0.0;0.0;0.0;;;0.0;0.0;0.0;0.0;;[];[];[];[];[];[];[];[];1.0;0.0;0.0;1.0;0.0;0.0;1161.0;677.0;rosenborg bk;aalesunds fk;1.66;1.57;
2026-05-16;194591944;Finland Kolmonen;Finland;11:00;Schedule;False;0.4920634920634921;1.975;4.0, 4.5;1.825;4.0, 4.5;0.0;0.0;;0.0;0.0;0.0;0.0;0.0;;HauPa;;0.0;0.0;1.4;0;0.0;0 - 0;5.5;RoPo;;0.0;0.0;4.5;0;0.0;-1.25;0 - 0;0-0;4.25;1.75;-;nan;;;;;;;;;;;;;;;;0.0;0.0;0.0;0.0;;;0.0;0.0;0.0;0.0;;[];[];[];[];[];[];[];[];1.0;0.0;0.0;1.0;0.0;0.0;;621170.0;;rollon pojat;;;
2026-05-16;194599875;Sweden 2.div Norra Svealand;Sweden;11:00;Schedule;False;0.2012538231467243;1.825;3.0, 3.5;1.975;3.0, 3.5;0.0;0.0;;0.0;0.0;0.0;0.0;0.0;;Taby FK;;0.0;0.0;1.909;0;0.0;0 - 0;3.75;Sunnersta AIF;;0.0;0.0;3.1;0;0.0;-0.5;0 - 0;0-0;3.25;1.25;-;nan;;;;;;;;;;;;;;;;0.0;0.0;0.0;0.0;;;0.0;0.0;0.0;0.0;;[];[];[];[];[];[];[];[];1.0;0.0;0.0;1.0;0.0;0.0;274873.0;;taby fk;;;;
2026-05-16;194592081;North Macedonia First League;North Macedonia;11:00;Schedule;False;-0.1774193548387097;1.9;2.5;1.9;2.5;0.0;0.0;;0.0;0.0;0.0;0.0;0.0;;Tikves Kavadarci;;0.0;0.0;3.1;0;0.0;0 - 0;3.4;Pelister Bitola;;0.0;0.0;2.0;0;0.0;0.0;0 - 0;0-0;2.5;1.0;-;nan;;;;;;;;;;;;;;;;0.0;0.0;0.0;0.0;;;0.0;0.0;0.0;0.0;;[];[];[];[];[];[];[];[];1.0;0.0;0.0;1.0;0.0;0.0;;;;;;;
2026-05-16;193988585;Scotland League Two Play-Offs;Scotland;11:00;Schedule;False;0.028895768833849256;1.925;2.5, 3.0;1.875;2.5, 3.0;0.0;0.0;;0.0;0.0;0.0;0.0;0.0;;Edinburgh City;;0.0;0.0;2.375;0;0.0;0 - 0;3.4;Brora Rangers FC;;0.0;0.0;2.55;0;0.0;0.0;0 - 0;0-0;2.75;1.25;-;nan;;;;;;;;;;;;;;;;0.0;0.0;0.0;0.0;;;0.0;0.0;0.0;0.0;;[];[];[];[];[];[];[];[];1.0;0.0;0.0;1.0;0.0;0.0;26252.0;;edinburgh city fc;;;;
2026-05-16;193719922;Croatia HNL;Croatia;11:00;Schedule;False;0.18011257035647282;1.85;2.0, 2.5;1.95;2.0, 2.5;0.0;0.0;;0.0;0.0;0.0;0.0;0.0;;HNK Gorica;;0.0;0.0;2.05;0;0.0;0 - 0;3.1;NK Osijek;;0.0;0.0;3.25;0;0.0;-0.25;0 - 0;0-0;2.25;1.0;-;nan;;;;;;;;;;;;;;;;0.0;0.0;0.0;0.0;;;0.0;0.0;0.0;0.0;;[];[];[];[];[];[];[];[];1.0;0.0;0.0;1.0;0.0;0.0;43917.0;2040.0;hnk gorica;nk osijek;1.83;1.83;
2026-05-16;193331894;Norway Eliteserien;Norway;11:00;Schedule;False;0.24255024255024266;1.975;2.5, 3.0;1.825;2.5, 3.0;0.0;0.0;;0.0;0.0;0.0;0.0;0.0;;Fredrikstad;;0.0;0.0;1.95;0;0.0;0 - 0;3.5;HamKam;;0.0;0.0;3.7;0;0.0;-0.5;0 - 0;0-0;2.75;1.0;-;nan;;;;;;;;;;;;;;;;0.0;0.0;0.0;0.0;;;0.0;0.0;0.0;0.0;;[];[];[];[];[];[];[];[];1.0;0.0;0.0;1.0;0.0;0.0;687.0;666.0;fredrikstad fk;hamkam;1.66;1.61;
2026-05-16;193331899;Norway Eliteserien;Norway;11:00;Schedule;False;0.32752613240418116;1.975;3.0, 3.5;1.825;3.0, 3.5;0.0;0.0;;0.0;0.0;0.0;0.0;0.0;;Lillestrom;;0.0;0.0;1.75;0;0.0;0 - 0;4.0;Sandefjord;;0.0;0.0;4.1;0;0.0;-0.5;0 - 0;0-0;2.75;1.25;-;nan;;;;;;;;;;;;;;;;0.0;0.0;0.0;0.0;;;0.0;0.0;0.0;0.0;;[];[];[];[];[];[];[];[];1.0;0.0;0.0;1.0;0.0;0.0;664.0;676.0;lillestroem sk;sandefjord fotball;1.57;1.44;
2026-05-16;193332090;Norway Division 1;Norway;11:00;Schedule;False;0.3969728242174063;1.825;3.0, 3.5;1.975;3.0, 3.5;0.0;0.0;;0.0;0.0;0.0;0.0;0.0;;Stromsgodset;;0.0;0.0;1.615;0;0.0;0 - 0;4.333;Ranheim;;0.0;0.0;4.5;0;0.0;-1.0;0 - 0;0-0;3.25;1.5;-;nan;;;;;;;;;;;;;;;;0.0;0.0;0.0;0.0;;;0.0;0.0;0.0;0.0;;[];[];[];[];[];[];[];[];1.0;0.0;0.0;1.0;0.0;0.0;1163.0;708.0;stroemsgodset if;ranheim;1.44;1.5;
2026-05-16;194642602;Türkiye U19 League;Turkey;11:00;Schedule;False;-0.034782608695652195;1.85;2.5, 3.0;1.95;2.5, 3.0;0.0;0.0;;0.0;0.0;0.0;0.0;0.0;;Kayserispor U19;;0.0;0.0;2.5;0;0.0;0 - 0;3.6;Konyaspor U19;;0.0;0.0;2.3;0;0.0;-0.25;0 - 0;0-0;3.0;1.25;-;nan;;;;;;;;;;;;;;;;0.0;0.0;0.0;0.0;;;0.0;0.0;0.0;0.0;;[];[];[];[];[];[];[];[];1.0;0.0;0.0;1.0;0.0;0.0;3072.0;3085.0;kayserispor;konyaspor;;;Youth
2026-05-16;194642559;Türkiye 3. Lig Promotion Group Play-off;Turkey;11:00;Schedule;False;0.19696969696969696;1.9;2.5;1.9;2.5;0.0;0.0;;0.0;0.0;0.0;0.0;0.0;;Corluspor 1947;;0.0;0.0;2.0;0;0.0;0 - 0;3.2;Malatya Yesilyurtspor;;0.0;0.0;3.3;0;0.0;-0.5;0 - 0;0-0;2.5;1.0;-;nan;;;;;;;;;;;;;;;;0.0;0.0;0.0;0.0;;;0.0;0.0;0.0;0.0;;[];[];[];[];[];[];[];[];1.0;0.0;0.0;1.0;0.0;0.0;;;;;;;
2026-05-16;194594275;Poland IV Liga;Poland;11:00;Schedule;False;-0.3801269810181332;1.85;3.0, 3.5;1.95;3.0, 3.5;0.0;0.0;;0.0;0.0;0.0;0.0;0.0;;Sokol Ostroda;;0.0;0.0;3.9;0;0.0;0 - 0;4.333;Stomil Olsztyn;;0.0;0.0;1.571;0;0.0;+1.0;0 - 0;0-0;3.25;1.25;-;nan;;;;;;;;;;;;;;;;0.0;0.0;0.0;0.0;;;0.0;0.0;0.0;0.0;;[];[];[];[];[];[];[];[];1.0;0.0;0.0;1.0;0.0;0.0;;;;;;;
2026-05-16;194642408;Sweden 2.div Västra Götaland;Sweden;11:00;Schedule;False;0.27731092436974786;1.8;3.0, 3.5;2.0;3.0, 3.5;0.0;0.0;;0.0;0.0;0.0;0.0;0.0;;Onsala BK;;0.0;0.0;1.75;0;0.0;0 - 0;4.0;Hestrafors IF;;0.0;0.0;3.4;0;0.0;-0.5;0 - 0;0-0;3.25;1.5;-;nan;;;;;;;;;;;;;;;;0.0;0.0;0.0;0.0;;;0.0;0.0;0.0;0.0;;[];[];[];[];[];[];[];[];1.0;0.0;0.0;1.0;0.0;0.0;49956.0;475738.0;onsala bk;hestrafors if;;;
2026-05-16;194655331;Austria Women League 2;Austria;11:00;Schedule;False;0.09157509157509158;1.85;3.0, 3.5;1.95;3.0, 3.5;0.0;0.0;;0.0;0.0;0.0;0.0;0.0;;GAK 1902 (W);;0.0;0.0;2.1;0;0.0;0 - 0;4.0;SV Kraig (W);;0.0;0.0;2.6;0;0.0;-0.5;0 - 0;0-0;3.25;1.25;-;nan;;;;;;;;;;;;;;;;0.0;0.0;0.0;0.0;;;0.0;0.0;0.0;0.0;;[];[];[];[];[];[];[];[];1.0;0.0;0.0;1.0;0.0;0.0;;;;;;;Women
2026-05-16;193331407;Belgium First Division A;Belgium;11:00;Schedule;False;0.23219814241486064;1.975;3.0;1.825;3.0;0.0;0.0;;0.0;0.0;0.0;0.0;0.0;;Charleroi;11.0;0.0;0.0;1.9;0;0.0;0 - 0;3.6;Westerlo;9.0;0.0;0.0;3.4;0;0.0;-0.75;0 - 0;0-0;3.0;1.25;-;nan;;;;;;;;;;;;;;;;0.0;0.0;0.0;0.0;;;0.0;0.0;0.0;0.0;;[];[];[];[];[];[];[];[];1.0;0.0;0.0;1.0;0.0;0.0;2898.0;2893.0;royal charleroi sc;kvc westerlo;1.53;1.53;
2026-05-16;194709725;Italy Campionato Primavera 4;Italy;11:00;Schedule;False;;;3.0;;3.0;0.0;0.0;;0.0;0.0;0.0;0.0;0.0;;Sorrento U19;;0.0;0.0;;0;0.0;0 - 0;;FC Guidonia Montecelio 1937 U19;;0.0;0.0;;0;0.0;-1.0;0 - 0;0-0;3.0;1.25;-;nan;;;;;;;;;;;;;;;;0.0;0.0;0.0;0.0;;;0.0;0.0;0.0;0.0;;[];[];[];[];[];[];[];[];1.0;0.0;0.0;1.0;0.0;0.0;7937.0;281373.0;asd sorrento 1945;guidonia montecelio 1937 fc;;;Youth
2026-05-16;194579162;Finland Ykkonen;Finland;11:00;Schedule;False;-0.48965517241379314;1.95;3.5;1.85;3.5;0.0;0.0;;0.0;0.0;0.0;0.0;0.0;;TPV;;0.0;0.0;5.0;0;0.0;0 - 0;4.333;OLS;;0.0;0.0;1.45;0;0.0;+1.0;0 - 0;0-0;3.5;1.5;-;nan;;;;;;;;;;;;;;;;0.0;0.0;0.0;0.0;;;0.0;0.0;0.0;0.0;;[];[];[];[];[];[];[];[];1.0;0.0;0.0;1.0;0.0;0.0;2269.0;5116.0;tpv tampere;oulun luistinseura;;;
2026-05-16;194578364;Malta Premier League;Malta;11:00;Schedule;False;0.2381201825937289;1.9;2.0, 2.5;1.9;2.0, 2.5;0.0;0.0;;0.0;0.0;0.0;0.0;0.0;;Floriana;;0.0;0.0;1.909;0;0.0;0 - 0;3.3;Marsaxlokk FC;;0.0;0.0;3.5;0;0.0;-0.25;0 - 0;0-0;2.25;1.0;-;nan;;;;;;;;;;;;;;;;0.0;0.0;0.0;0.0;;;0.0;0.0;0.0;0.0;;[];[];[];[];[];[];[];[];1.0;0.0;0.0;1.0;0.0;0.0;;;;;;;
2026-05-16;194533562;Republic of Ireland National League Women;Ireland;11:00;Schedule;False;0.675;2.0;3.0, 3.5;1.8;3.0, 3.5;0.0;0.0;;0.0;0.0;0.0;0.0;0.0;;Shamrock Rovers (W);;0.0;0.0;1.25;0;0.0;0 - 0;5.0;Bohemians Dublin (W);;0.0;0.0;8.0;0;0.0;-1.0;0 - 0;0-0;2.75;1.25;-;nan;;;;;;;;;;;;;;;;0.0;0.0;0.0;0.0;;;0.0;0.0;0.0;0.0;;[];[];[];[];[];[];[];[];1.0;0.0;0.0;1.0;0.0;0.0;3177.0;3173.0;shamrock rovers;bohemians dublin fc;;;Women
2026-05-16;194533558;Republic of Ireland National League Women;Ireland;11:00;Schedule;False;-0.26143790849673204;1.825;3.0;1.975;3.0;0.0;0.0;;0.0;0.0;0.0;0.0;0.0;;Waterford FC (W);;0.0;0.0;3.4;0;0.0;0 - 0;3.7;Sligo Rovers (W);;0.0;0.0;1.8;0;0.0;+0.5;0 - 0;0-0;2.75;1.25;-;nan;;;;;;;;;;;;;;;;0.0;0.0;0.0;0.0;;;0.0;0.0;0.0;0.0;;[];[];[];[];[];[];[];[];1.0;0.0;0.0;1.0;0.0;0.0;3194.0;3190.0;waterford fc;sligo rovers fc;;;Women
2026-05-16;194533549;Republic of Ireland National League Women;Ireland;11:00;Schedule;False;0.3969728242174063;1.95;2.5, 3.0;1.85;2.5, 3.0;0.0;0.0;;0.0;0.0;0.0;0.0;0.0;;DLR Waves (W);;0.0;0.0;1.615;0;0.0;0 - 0;3.7;Cork City (W);;0.0;0.0;4.5;0;0.0;-1.25;0 - 0;0-0;2.75;1.25;-;nan;;;;;;;;;;;;;;;;0.0;0.0;0.0;0.0;;;0.0;0.0;0.0;0.0;;[];[];[];[];[];[];[];[];1.0;0.0;0.0;1.0;0.0;0.0;;40896.0;;cork city fc;;;Women
2026-05-16;194577902;Sweden 1.div Norra;Sweden;11:00;Schedule;False;0.0;1.8;2.5;2.0;2.5;0.0;0.0;;0.0;0.0;0.0;0.0;0.0;;Hammarby TFF;;0.0;0.0;2.45;0;0.0;0 - 0;3.4;FC Stockholm Internazionale;;0.0;0.0;2.45;0;0.0;+0.25;0 - 0;0-0;2.5;1.0;-;nan;;;;;;;;;;;;;;;;0.0;0.0;0.0;0.0;;;0.0;0.0;0.0;0.0;;[];[];[];[];[];[];[];[];1.0;0.0;0.0;1.0;0.0;0.0;785288.0;258613.0;hammarby talang ff;fc stockholm internazionale;;;
2026-05-16;193332085;Norway Division 1;Norway;11:00;Schedule;False;0.6168542135533884;1.825;3.0, 3.5;1.975;3.0, 3.5;0.0;0.0;;0.0;0.0;0.0;0.0;0.0;;Stabaek;3.0;0.0;0.0;1.333;0;0.0;0 - 0;5.25;Raufoss;15.0;0.0;0.0;7.5;0;0.0;-1.5;0 - 0;0-0;3.25;1.5;-;nan;;;;;;;;;;;;;;;;0.0;0.0;0.0;0.0;;;0.0;0.0;0.0;0.0;;[];[];[];[];[];[];[];[];1.0;0.0;0.0;1.0;0.0;0.0;1162.0;668.0;stabaek if;raufoss il;1.61;1.66;
2026-05-16;194577870;Finland Kakkonen Group B;Finland;11:00;Schedule;False;0.6153846153846153;1.85;3.5;1.95;3.5;0.0;0.0;;0.0;0.0;0.0;0.0;0.0;;EPS;;0.0;0.0;1.3;0;0.0;0 - 0;5.5;MuSa;;0.0;0.0;6.5;0;0.0;-1.25;0 - 0;0-0;3.5;1.5;-;nan;;;;;;;;;;;;;;;;0.0;0.0;0.0;0.0;;;0.0;0.0;0.0;0.0;;[];[];[];[];[];[];[];[];1.0;0.0;0.0;1.0;0.0;0.0;245397.0;192684.0;espoon palloseura;musan salama;;;Youth
2026-05-16;194532474;India Super League;India;11:00;Schedule;False;-0.5604395604395604;1.8;2.5;2.0;2.5;0.0;0.0;;0.0;0.0;0.0;0.0;0.0;;Odisha FC;;0.0;0.0;6.5;0;0.0;0 - 0;4.1;Punjab FC;;0.0;0.0;1.4;0;0.0;+1.5;0 - 0;0-0;2.75;1.25;-;nan;;;;;;;;;;;;;;;;0.0;0.0;0.0;0.0;;;0.0;0.0;0.0;0.0;;[];[];[];[];[];[];[];[];1.0;0.0;0.0;1.0;0.0;0.0;174592.0;275171.0;odisha fc;punjab fc;;;
2026-05-16;194585656;Finland Kakkonen Group A;Finland;11:00;Schedule;False;-0.15217391304347827;1.85;3.0, 3.5;1.95;3.0, 3.5;0.0;0.0;;0.0;0.0;0.0;0.0;0.0;;HPS;;0.0;0.0;2.875;0;0.0;0 - 0;3.6;Atlantis;;0.0;0.0;2.0;0;0.0;+0.25;0 - 0;0-0;3.25;1.25;-;nan;;;;;;;;;;;;;;;;0.0;0.0;0.0;0.0;;;0.0;0.0;0.0;0.0;;[];[];[];[];[];[];[];[];1.0;0.0;0.0;1.0;0.0;0.0;49530.0;5119.0;hps;atlantis fc;;;
2026-05-16;193663388;England FA Cup;England;11:00;Schedule;False;-0.3998800239952009;1.95;2.5, 3.0;1.9;2.5, 3.0;0.0;0.0;;0.0;0.0;0.0;0.0;0.0;;Chelsea;;0.0;0.0;5.0;0;0.0;0 - 0;4.1;Man City;;0.0;0.0;1.667;0;0.0;+0.75;0 - 0;0-0;2.75;1.25;-;nan;;;;;;;;;;;;;;;;0.0;0.0;0.0;0.0;;;0.0;0.0;0.0;0.0;;[];[];[];[];[];[];[];[];1.0;0.0;0.0;1.0;0.0;0.0;38.0;17.0;chelsea fc;manchester city;1.66;1.7;
2026-05-16;194655315;Albania Championship Play-Offs;Albania;11:00;Schedule;False;0.42424242424242425;1.95;2.0, 2.5;1.85;2.0, 2.5;0.0;0.0;;0.0;0.0;0.0;0.0;0.0;;KF Teuta;;0.0;0.0;1.65;0;0.0;0 - 0;3.1;Pogradeci;;0.0;0.0;5.5;0;0.0;-1.0;0 - 0;0-0;2.5;1.0;-;nan;;;;;;;;;;;;;;;;0.0;0.0;0.0;0.0;;;0.0;0.0;0.0;0.0;;[];[];[];[];[];[];[];[];1.0;0.0;0.0;1.0;0.0;0.0;;;;;;;
2026-05-16;193332056;Norway Division 1;Norway;11:00;Schedule;False;0.6358974358974359;1.95;3.5;1.85;3.5;0.0;0.0;;0.0;0.0;0.0;0.0;0.0;;Haugesund;6.0;0.0;0.0;1.3;0;0.0;0 - 0;5.25;Asane;16.0;0.0;0.0;7.5;0;0.0;-1.5;0 - 0;0-0;3.25;1.5;-;nan;;;;;;;;;;;;;;;;0.0;0.0;0.0;0.0;;;0.0;0.0;0.0;0.0;;[];[];[];[];[];[];[];[];1.0;0.0;0.0;1.0;0.0;0.0;673.0;682.0;fk haugesund;aasane fotball;1.61;1.61;
2026-05-16;194526042;Lithuania A Lyga;Lithuania;11:00;Schedule;False;-0.16522423288749022;1.975;2.0, 2.5;1.825;2.0, 2.5;0.0;0.0;;0.0;0.0;0.0;0.0;0.0;;Hegelmann Litauen;;0.0;0.0;3.1;0;0.0;0 - 0;3.25;Suduva Marijampole;;0.0;0.0;2.05;0;0.0;+0.25;0 - 0;0-0;2.25;1.0;-;nan;;;;;;;;;;;;;;;;0.0;0.0;0.0;0.0;;;0.0;0.0;0.0;0.0;;[];[];[];[];[];[];[];[];1.0;0.0;0.0;1.0;0.0;0.0;171484.0;5343.0;fc hegelmann kaunas;fk suduva marijampole;1.9;1.9;
2026-05-16;193332077;Norway Division 1;Norway;11:00;Schedule;False;0.4365372374283896;1.825;3.0;1.975;3.0;0.0;0.0;;0.0;0.0;0.0;0.0;0.0;;Odd BK;;0.0;0.0;1.571;0;0.0;0 - 0;4.2;Moss;;0.0;0.0;5.0;0;0.0;-1.0;0 - 0;0-0;3.0;1.25;-;nan;;;;;;;;;;;;;;;;0.0;0.0;0.0;0.0;;;0.0;0.0;0.0;0.0;;[];[];[];[];[];[];[];[];1.0;0.0;0.0;1.0;0.0;0.0;659.0;662.0;odds bk;moss fk;1.57;1.57;
2026-05-16;193332063;Norway Division 1;Norway;11:00;Schedule;False;-0.07763975155279507;1.825;2.5, 3.0;1.975;2.5, 3.0;0.0;0.0;;0.0;0.0;0.0;0.0;0.0;;Hodd;;0.0;0.0;2.8;0;0.0;0 - 0;3.5;Sogndal;;0.0;0.0;2.3;0;0.0;+0.25;0 - 0;0-0;2.75;1.25;-;nan;;;;;;;;;;;;;;;;0.0;0.0;0.0;0.0;;;0.0;0.0;0.0;0.0;;[];[];[];[];[];[];[];[];1.0;0.0;0.0;1.0;0.0;0.0;680.0;665.0;hoedd il;sogndal fotball;1.57;1.57;
2026-05-16;194587984;Kazakhstan Premier League;Kazakhstan;11:00;Schedule;False;-0.26777595926532094;1.85;2.5;1.95;2.5;0.0;0.0;;0.0;0.0;0.0;0.0;0.0;;Irtysh Pavlodar;14.0;0.0;0.0;3.6;0;0.0;0 - 0;3.4;FC Elimai Semey;6.0;0.0;0.0;1.833;0;0.0;+0.25;0 - 0;0-0;2.5;1.0;-;nan;;;;;;;;;;;;;;;;0.0;0.0;0.0;0.0;;;0.0;0.0;0.0;0.0;;[];[];[];[];[];[];[];[];1.0;0.0;0.0;1.0;0.0;0.0;;;;;;;
2026-05-16;194588593;Austria Landesliga;Austria;11:00;Schedule;False;0.4417894050193979;1.85;3.0;1.95;3.0;0.0;0.0;;0.0;0.0;0.0;0.0;0.0;;A XIII Auhof Center;;0.0;0.0;1.533;0;0.0;0 - 0;4.0;Vorwarts Brigittenau;;0.0;0.0;4.75;0;0.0;-1.25;0 - 0;0-0;3.25;1.25;-;nan;;;;;;;;;;;;;;;;0.0;0.0;0.0;0.0;;;0.0;0.0;0.0;0.0;;[];[];[];[];[];[];[];[];1.0;0.0;0.0;1.0;0.0;0.0;;;;;;;
2026-05-16;193332070;Norway Division 1;Norway;11:00;Schedule;False;-0.21870286576168935;2.0;3.0, 3.5;1.8;3.0, 3.5;0.0;0.0;;0.0;0.0;0.0;0.0;0.0;;Lyn 1896;12.0;0.0;0.0;3.4;0;0.0;0 - 0;3.8;Kongsvinger;2.0;0.0;0.0;1.95;0;0.0;+0.25;0 - 0;0-0;3.0;1.25;-;nan;;;;;;;;;;;;;;;;0.0;0.0;0.0;0.0;;;0.0;0.0;0.0;0.0;;[];[];[];[];[];[];[];[];1.0;0.0;0.0;1.0;0.0;0.0;657.0;672.0;lyn 1896 fk;kongsvinger il toppfotball;1.5;1.5;
2026-05-16;194587797;Andorra Premier Division;Andorra;11:00;Schedule;False;0.33321335732853424;2.0;3.0;1.8;3.0;0.0;0.0;;0.0;0.0;0.0;0.0;0.0;;FC Ordino;7.0;0.0;0.0;1.667;0;0.0;0 - 0;4.0;CF Esperança d'Andorra;9.0;0.0;0.0;3.75;0;0.0;-1.0;0 - 0;0-0;2.75;1.0;-;nan;;;;;;;;;;;;;;;;0.0;0.0;0.0;0.0;;;0.0;0.0;0.0;0.0;;[];[];[];[];[];[];[];[];1.0;0.0;0.0;1.0;0.0;0.0;;;;;;;
2026-05-16;194585859;Finland Ykkonen;Finland;11:00;Schedule;False;-0.5579710144927538;1.925;3.0, 3.5;1.875;3.0, 3.5;0.0;0.0;;0.0;0.0;0.0;0.0;0.0;;KPV;;0.0;0.0;6.0;0;0.0;0 - 0;4.5;Tampere Utd II;;0.0;0.0;1.38;0;0.0;+1.0;0 - 0;0-0;3.0;1.25;-;nan;;;;;;;;;;;;;;;;0.0;0.0;0.0;0.0;;;0.0;0.0;0.0;0.0;;[];[];[];[];[];[];[];[];1.0;0.0;0.0;1.0;0.0;0.0;2256.0;2241.0;kpv kokkola;tampere united;;;Youth
2026-05-16;194585749;Finland Kakkonen Group C;Finland;11:00;Schedule;False;0.5238095238095238;1.95;3.5, 4.0;1.85;3.5, 4.0;0.0;0.0;;0.0;0.0;0.0;0.0;0.0;;JBK;;0.0;0.0;1.4;0;0.0;0 - 0;4.5;JS Hercules;;0.0;0.0;5.25;0;0.0;-1.25;0 - 0;0-0;3.5;1.5;-;nan;;;;;;;;;;;;;;;;0.0;0.0;0.0;0.0;;;0.0;0.0;0.0;0.0;;[];[];[];[];[];[];[];[];1.0;0.0;0.0;1.0;0.0;0.0;22387.0;200267.0;jakobstads bollklubb;js hercules;;;
2026-05-16;194585747;Finland Kakkonen Group C;Finland;11:00;Schedule;False;-0.013729977116704872;1.975;3.5, 4.0;1.825;3.5, 4.0;0.0;0.0;;0.0;0.0;0.0;0.0;0.0;;TP-47;;0.0;0.0;2.375;0;0.0;0 - 0;3.8;FF Jaro II;;0.0;0.0;2.3;0;0.0;0.0;0 - 0;0-0;3.75;1.5;-;nan;;;;;;;;;;;;;;;;0.0;0.0;0.0;0.0;;;0.0;0.0;0.0;0.0;;[];[];[];[];[];[];[];[];1.0;0.0;0.0;1.0;0.0;0.0;2280.0;2252.0;tp-47;ff jaro;1.57;1.75;Youth
2026-05-16;194585659;Finland Kakkonen Group A;Finland;11:00;Schedule;False;0.10582010582010581;1.85;3.0, 3.5;1.95;3.0, 3.5;0.0;0.0;;0.0;0.0;0.0;0.0;0.0;;Puiu;;0.0;0.0;2.1;0;0.0;0 - 0;3.75;PEPO;;0.0;0.0;2.7;0;0.0;-0.25;0 - 0;0-0;3.25;1.25;-;nan;;;;;;;;;;;;;;;;0.0;0.0;0.0;0.0;;;0.0;0.0;0.0;0.0;;[];[];[];[];[];[];[];[];1.0;0.0;0.0;1.0;0.0;0.0;2283.0;2275.0;puistolan urheilijat;pepo lappeenranta;;;
2026-05-16;194577855;Belgium Super League Women;Belgium;11:00;Schedule;False;0.3691950464396285;1.9;2.5, 3.0;1.9;2.5, 3.0;0.0;0.0;;0.0;0.0;0.0;0.0;0.0;;Zulte-Waregem (W);;0.0;0.0;1.615;0;0.0;0 - 0;4.0;Westerlo (W);;0.0;0.0;4.0;0;0.0;-1.0;0 - 0;0-0;2.75;1.25;-;nan;;;;;;;;;;;;;;;;0.0;0.0;0.0;0.0;;;0.0;0.0;0.0;0.0;;[];[];[];[];[];[];[];[];1.0;0.0;0.0;1.0;0.0;0.0;2933.0;2893.0;sv zulte waregem;kvc westerlo;;;Women
2026-05-16;194709721;Spain Regional League;Spain;11:05;Schedule;False;;;2.5;;2.5;0.0;0.0;;0.0;0.0;0.0;0.0;0.0;;UE Rubi;;0.0;0.0;;0;0.0;0 - 0;;Sabadell II;;0.0;0.0;;0;0.0;0.0;0 - 0;0-0;2.5;1.0;-;nan;;;;;;;;;;;;;;;;0.0;0.0;0.0;0.0;;;0.0;0.0;0.0;0.0;;[];[];[];[];[];[];[];[];1.0;0.0;0.0;1.0;0.0;0.0;;24335.0;;ce sabadell fc;;;Youth
2026-05-16;194709700;Spain Regional League;Spain;11:05;Schedule;False;;;2.5;;2.5;0.0;0.0;;0.0;0.0;0.0;0.0;0.0;;Manlleu;;0.0;0.0;;0;0.0;0 - 0;;UE Valls;;0.0;0.0;;0;0.0;-0.5;0 - 0;0-0;2.5;1.0;-;nan;;;;;;;;;;;;;;;;0.0;0.0;0.0;0.0;;;0.0;0.0;0.0;0.0;;[];[];[];[];[];[];[];[];1.0;0.0;0.0;1.0;0.0;0.0;;;;;;;
2026-05-16;194709710;Spain Regional League;Spain;11:05;Schedule;False;;;2.25;;2.25;0.0;0.0;;0.0;0.0;0.0;0.0;0.0;;Pobla Mafumet;;0.0;0.0;;0;0.0;0 - 0;;CF Ciudad Cooperativa;;0.0;0.0;;0;0.0;-1.0;0 - 0;0-0;2.25;1.0;-;nan;;;;;;;;;;;;;;;;0.0;0.0;0.0;0.0;;;0.0;0.0;0.0;0.0;;[];[];[];[];[];[];[];[];1.0;0.0;0.0;1.0;0.0;0.0;;;;;;;
2026-05-16;194709718;Spain Regional League;Spain;11:05;Schedule;False;;;2.25;;2.25;0.0;0.0;;0.0;0.0;0.0;0.0;0.0;;UA Horta;;0.0;0.0;;0;0.0;0 - 0;;Vilafranca;;0.0;0.0;;0;0.0;-0.5;0 - 0;0-0;2.25;1.0;-;nan;;;;;;;;;;;;;;;;0.0;0.0;0.0;0.0;;;0.0;0.0;0.0;0.0;;[];[];[];[];[];[];[];[];1.0;0.0;0.0;1.0;0.0;0.0;;;;;;;
2026-05-16;194709695;Spain Regional League;Spain;11:05;Schedule;False;;;2.25;;2.25;0.0;0.0;;0.0;0.0;0.0;0.0;0.0;;UE Castelldefels;;0.0;0.0;;0;0.0;0 - 0;;Jupiter CE;;0.0;0.0;;0;0.0;-0.5;0 - 0;0-0;2.25;1.0;-;nan;;;;;;;;;;;;;;;;0.0;0.0;0.0;0.0;;;0.0;0.0;0.0;0.0;;[];[];[];[];[];[];[];[];1.0;0.0;0.0;1.0;0.0;0.0;;;;;;;
2026-05-16;194640949;UAE Reserve League;UAE;11:10;Schedule;False;-0.11904761904761901;2.0;3.0, 3.5;1.8;3.0, 3.5;0.0;0.0;;0.0;0.0;0.0;0.0;0.0;;Al Ittihad Kalba U23;;0.0;0.0;2.8;0;0.0;0 - 0;3.6;Al Wasl SC U23;;0.0;0.0;2.1;0;0.0;+0.25;0 - 0;0-0;3.25;1.25;-;nan;;;;;;;;;;;;;;;;0.0;0.0;0.0;0.0;;;0.0;0.0;0.0;0.0;;[];[];[];[];[];[];[];[];1.0;0.0;0.0;1.0;0.0;0.0;55705.0;47674.0;ittihad kalba fc;al wasl fc;;;Youth
2026-05-16;194579176;Israel Youth League;Israel;11:10;Schedule;False;-0.0444444444444444;1.85;2.5, 3.0;1.95;2.5, 3.0;0.0;0.0;;0.0;0.0;0.0;0.0;0.0;;Maccabi Petah Tikva U19;;0.0;0.0;2.5;0;0.0;0 - 0;3.75;Maccabi Netanya U19;;0.0;0.0;2.25;0;0.0;0.0;0 - 0;0-0;2.75;1.25;-;nan;;;;;;;;;;;;;;;;0.0;0.0;0.0;0.0;;;0.0;0.0;0.0;0.0;;[];[];[];[];[];[];[];[];1.0;0.0;0.0;1.0;0.0;0.0;;5395.0;;maccabi netanya fc;;;Youth
2026-05-16;194596902;Israel Youth League;Israel;11:15;Schedule;False;0.0735930735930736;1.8;2.5, 3.0;2.0;2.5, 3.0;0.0;0.0;;0.0;0.0;0.0;0.0;0.0;;Hapoel Tel Aviv U19;;0.0;0.0;2.2;0;0.0;0 - 0;3.6;Maccabi Haifa U19;;0.0;0.0;2.625;0;0.0;-0.25;0 - 0;0-0;2.75;1.25;-;nan;;;;;;;;;;;;;;;;0.0;0.0;0.0;0.0;;;0.0;0.0;0.0;0.0;;[];[];[];[];[];[];[];[];1.0;0.0;0.0;1.0;0.0;0.0;;5197.0;;maccabi haifa fc;;;Youth
2026-05-16;193003623;Spain Segunda;Spain;11:15;Schedule;False;-0.05102040816326525;1.825;2.0, 2.5;1.975;2.0, 2.5;0.0;0.0;;0.0;0.0;0.0;0.0;0.0;;Cultural Leonesa;21.0;0.0;0.0;2.8;0;0.0;0 - 0;3.4;Eibar;8.0;0.0;0.0;2.45;0;0.0;+0.25;0 - 0;0-0;2.25;1.0;-;nan;;;;;;;;;;;;;;;;0.0;0.0;0.0;0.0;;;0.0;0.0;0.0;0.0;;[];[];[];[];[];[];[];[];1.0;0.0;0.0;1.0;0.0;0.0;2868.0;2839.0;cultural leonesa;sd eibar;1.8;1.8;
2026-05-16;193003594;Spain Segunda;Spain;11:15;Schedule;False;-0.27738264580369837;1.8;2.5, 3.0;2.0;2.5, 3.0;0.0;0.0;;0.0;0.0;0.0;0.0;0.0;;AD Ceuta;;0.0;0.0;3.8;0;0.0;0 - 0;3.8;Malaga;;0.0;0.0;1.85;0;0.0;+0.75;0 - 0;0-0;3.0;1.25;-;nan;;;;;;;;;;;;;;;;0.0;0.0;0.0;0.0;;;0.0;0.0;0.0;0.0;;[];[];[];[];[];[];[];[];1.0;0.0;0.0;1.0;0.0;0.0;2869.0;2830.0;ad ceuta;malaga cf;1.66;1.66;
2026-05-16;194636161;Cameroon League Women;Cameroon;11:30;Schedule;False;0.425;1.95;2.5;1.85;2.5;0.0;0.0;;0.0;0.0;0.0;0.0;0.0;;Lekie Filles FC (W);;0.0;0.0;1.6;0;0.0;0 - 0;3.5;Amazone FAP (W);;0.0;0.0;5.0;0;0.0;-0.75;0 - 0;0-0;2.5;1.0;-;nan;;;;;;;;;;;;;;;;0.0;0.0;0.0;0.0;;;0.0;0.0;0.0;0.0;;[];[];[];[];[];[];[];[];1.0;0.0;0.0;1.0;0.0;0.0;;;;;;;Women
2026-05-16;194640815;Kyrgyzstan Top Liga;Kyrgyzstan;11:30;Schedule;False;0.2485380116959064;1.975;2.5;1.825;2.5;0.0;0.0;;0.0;0.0;0.0;0.0;0.0;;FC Dordoi Bishkek;;0.0;0.0;1.9;0;0.0;0 - 0;3.3;FC Ozgon;;0.0;0.0;3.6;0;0.0;-0.5;0 - 0;0-0;2.5;1.0;-;nan;;;;;;;;;;;;;;;;0.0;0.0;0.0;0.0;;;0.0;0.0;0.0;0.0;;[];[];[];[];[];[];[];[];1.0;0.0;0.0;1.0;0.0;0.0;;;;;;;
2026-05-16;194692076;Netherlands Cup Women;Netherlands;11:30;Schedule;False;0.16666666666666669;1.8;3.0;2.0;3.0;0.0;0.0;;0.0;0.0;0.0;0.0;0.0;;FC Twente (W);;0.0;0.0;2.0;0;0.0;0 - 0;3.6;PSV (W);;0.0;0.0;3.0;0;0.0;-0.25;0 - 0;0-0;3.0;1.25;-;nan;;;;;;;;;;;;;;;;0.0;0.0;0.0;0.0;;;0.0;0.0;0.0;0.0;;[];[];[];[];[];[];[];[];1.0;0.0;0.0;1.0;0.0;0.0;2955.0;2952.0;fc twente enschede;psv eindhoven;;;Women
2026-05-16;193006292;Portugal Primeira Liga;Portugal;11:30;Schedule;False;0.3055555555555556;1.85;2.5;2.0;2.5;0.0;0.0;;0.0;0.0;0.0;0.0;0.0;;Moreirense;7.0;0.0;0.0;1.8;0;0.0;0 - 0;3.8;AVS;18.0;0.0;0.0;4.0;0;0.0;-0.5;0 - 0;0-0;2.5;1.0;-;nan;;;;;;;;;;;;;;;;0.0;0.0;0.0;0.0;;;0.0;0.0;0.0;0.0;;[];[];[];[];[];[];[];[];1.0;0.0;0.0;1.0;0.0;0.0;3014.0;1031053.0;moreirense fc;avs futebol sad;;;
2026-05-16;194543757;Bahrain Premier League;Bahrain;11:30;Schedule;False;0.0574162679425837;1.9;2.0, 2.5;1.9;2.0, 2.5;0.0;0.0;;0.0;0.0;0.0;0.0;0.0;;Sitra;8.0;0.0;0.0;2.375;0;0.0;0 - 0;3.0;Malkiya;4.0;0.0;0.0;2.75;0;0.0;0.0;0 - 0;0-0;2.25;1.0;-;nan;;;;;;;;;;;;;;;;0.0;0.0;0.0;0.0;;;0.0;0.0;0.0;0.0;;[];[];[];[];[];[];[];[];1.0;0.0;0.0;1.0;0.0;0.0;117220.0;45477.0;sitra club;malkiya club;;;
2026-05-16;193006289;Portugal Primeira Liga;Portugal;11:30;Schedule;False;0.6251875468867217;2.025;2.5, 3.0;1.825;2.5, 3.0;0.0;0.0;;0.0;0.0;0.0;0.0;0.0;;FC Porto;1.0;0.0;0.0;1.333;0;0.0;0 - 0;5.25;Santa Clara;12.0;0.0;0.0;8.0;0;0.0;-1.5;0 - 0;0-0;2.75;1.25;-;nan;;;;;;;;;;;;;;;;0.0;0.0;0.0;0.0;;;0.0;0.0;0.0;0.0;;[];[];[];[];[];[];[];[];1.0;0.0;0.0;1.0;0.0;0.0;3002.0;3011.0;fc porto;santa clara azores;;;
2026-05-16;194693873;Angola Girabola;Angola;11:30;Schedule;False;;;2.0;;2.0;0.0;0.0;;0.0;0.0;0.0;0.0;0.0;;Primeiro de Agosto;3.0;0.0;0.0;;0;0.0;0 - 0;;Kabuscorp;7.0;0.0;0.0;;0;0.0;-1.0;0 - 0;0-0;2.0;0.75;-;nan;;;;;;;;;;;;;;;;0.0;0.0;0.0;0.0;;;0.0;0.0;0.0;0.0;;[];[];[];[];[];[];[];[];1.0;0.0;0.0;1.0;0.0;0.0;;;;;;;
2026-05-16;194594808;Faroe Islands Div 1;Faroe Islands;11:30;Schedule;False;0.5513196480938416;1.875;3.5, 4.0;1.925;3.5, 4.0;0.0;0.0;;0.0;0.0;0.0;0.0;0.0;;B36 Torshavn II;;0.0;0.0;1.364;0;0.0;0 - 0;5.0;EB/Streymur II;;0.0;0.0;5.5;0;0.0;-1.75;0 - 0;0-0;3.75;1.5;-;nan;;;;;;;;;;;;;;;;0.0;0.0;0.0;0.0;;;0.0;0.0;0.0;0.0;;[];[];[];[];[];[];[];[];1.0;0.0;0.0;1.0;0.0;0.0;;;;;;;Youth
2026-05-16;194543764;Bahrain Premier League;Bahrain;11:30;Schedule;False;-0.47619047619047616;1.8;2.5, 3.0;2.0;2.5, 3.0;0.0;0.0;;0.0;0.0;0.0;0.0;0.0;;Al-Najma Manama;;0.0;0.0;5.25;0;0.0;0 - 0;3.9;Al Khalidiyah;;0.0;0.0;1.5;0;0.0;+1.25;0 - 0;0-0;2.75;1.25;-;nan;;;;;;;;;;;;;;;;0.0;0.0;0.0;0.0;;;0.0;0.0;0.0;0.0;;[];[];[];[];[];[];[];[];1.0;0.0;0.0;1.0;0.0;0.0;45475.0;761576.0;al-najma manama;al-khaldiya sc;;;
2026-05-16;194543761;Bahrain Premier League;Bahrain;11:30;Schedule;False;0.75;1.8;2.5, 3.0;2.0;2.5, 3.0;0.0;0.0;;0.0;0.0;0.0;0.0;0.0;;Al-Muharraq;;0.0;0.0;1.2;0;0.0;0 - 0;5.0;A'ali Club;;0.0;0.0;12.0;0;0.0;-2.0;0 - 0;0-0;3.0;1.25;-;nan;;;;;;;;;;;;;;;;0.0;0.0;0.0;0.0;;;0.0;0.0;0.0;0.0;;[];[];[];[];[];[];[];[];1.0;0.0;0.0;1.0;0.0;0.0;45474.0;937191.0;al-muharraq sc;aali;;;
2026-05-16;194595054;Iraq Stars League;Iraq;11:30;Schedule;False;0.6168542135533884;1.8;2.5;2.0;2.5;0.0;0.0;;0.0;0.0;0.0;0.0;0.0;;Zakho;;0.0;0.0;1.333;0;0.0;0 - 0;4.333;Al Najaf;;0.0;0.0;7.5;0;0.0;-1.25;0 - 0;0-0;2.75;1.0;-;nan;;;;;;;;;;;;;;;;0.0;0.0;0.0;0.0;;;0.0;0.0;0.0;0.0;;[];[];[];[];[];[];[];[];1.0;0.0;0.0;1.0;0.0;0.0;;;;;;;
2026-05-16;194651399;Ecuador Primera Women;Ecuador;12:00;Schedule;False;;;2.75;;2.75;0.0;0.0;;0.0;0.0;0.0;0.0;0.0;;Macara (W);;0.0;0.0;;0;0.0;0 - 0;;Deportivo Ibarra (W);;0.0;0.0;;0;0.0;+0.25;0 - 0;0-0;2.75;1.0;-;nan;;;;;;;;;;;;;;;;0.0;0.0;0.0;0.0;;;0.0;0.0;0.0;0.0;;[];[];[];[];[];[];[];[];1.0;0.0;0.0;1.0;0.0;0.0;6001.0;;csd macara;;;;Women
2026-05-16;194085281;Cyprus Division 1;Cyprus;12:00;Schedule;False;0.13196480938416422;1.825;2.5;1.975;2.5;0.0;0.0;;0.0;0.0;0.0;0.0;0.0;;AEK Larnaca;2.0;0.0;0.0;2.2;0;0.0;0 - 0;3.5;Pafos FC;4.0;0.0;0.0;3.1;0;0.0;-0.25;0 - 0;0-0;2.75;1.0;-;nan;;;;;;;;;;;;;;;;0.0;0.0;0.0;0.0;;;0.0;0.0;0.0;0.0;;[];[];[];[];[];[];[];[];1.0;0.0;0.0;1.0;0.0;0.0;3404.0;171626.0;aek larnaca;pafos fc;1.8;1.8;
2026-05-16;193323540;Austria Bundesliga;Austria;12:00;Schedule;False;0.21002710027100274;1.775;2.0, 2.5;2.025;2.0, 2.5;0.0;0.0;;0.0;0.0;0.0;0.0;0.0;;FC Blau Weiss Linz;;0.0;0.0;2.05;0;0.0;0 - 0;3.4;Grazer AK;;0.0;0.0;3.6;0;0.0;-0.25;0 - 0;0-0;2.5;1.0;-;nan;;;;;;;;;;;;;;;;0.0;0.0;0.0;0.0;;;0.0;0.0;0.0;0.0;;[];[];[];[];[];[];[];[];1.0;0.0;0.0;1.0;0.0;0.0;2113.0;2052.0;blau-weiss linz;grazer ak 1902;1.9;1.9;
2026-05-16;194582297;Czechia 2. Liga;Czech Republic;12:00;Schedule;False;0.1923076923076923;1.8;2.5, 3.0;2.0;2.5, 3.0;0.0;0.0;;0.0;0.0;0.0;0.0;0.0;;Sparta Prague B;;0.0;0.0;2.0;0;0.0;0 - 0;3.3;Vysocina Jihlava;;0.0;0.0;3.25;0;0.0;-0.5;0 - 0;0-0;3.0;1.25;-;nan;;;;;;;;;;;;;;;;0.0;0.0;0.0;0.0;;;0.0;0.0;0.0;0.0;;[];[];[];[];[];[];[];[];1.0;0.0;0.0;1.0;0.0;0.0;4866.0;4863.0;sparta prague b;fc vysocina jihlava;;;Youth
2026-05-16;194547268;Czechia First League;Czech Republic;12:00;Schedule;False;-0.20588235294117646;1.85;2.5, 3.0;1.95;2.5, 3.0;0.0;0.0;;0.0;0.0;0.0;0.0;0.0;;MFK Karvina;;0.0;0.0;3.4;0;0.0;0 - 0;3.5;Sigma Olomouc;;0.0;0.0;2.0;0;0.0;+0.25;0 - 0;0-0;2.75;1.25;-;nan;;;;;;;;;;;;;;;;0.0;0.0;0.0;0.0;;;0.0;0.0;0.0;0.0;;[];[];[];[];[];[];[];[];1.0;0.0;0.0;1.0;0.0;0.0;23951.0;2207.0;mfk karvina;sk sigma olomouc;1.61;1.61;
2026-05-16;194638953;Poland IV Liga;Poland;12:00;Schedule;False;0.09523809523809523;1.875;3.0, 3.5;1.925;3.0, 3.5;0.0;0.0;;0.0;0.0;0.0;0.0;0.0;;Ruch Radzionkow;;0.0;0.0;2.1;0;0.0;0 - 0;3.9;Spojnia Landek;;0.0;0.0;2.625;0;0.0;-0.5;0 - 0;0-0;3.25;1.25;-;nan;;;;;;;;;;;;;;;;0.0;0.0;0.0;0.0;;;0.0;0.0;0.0;0.0;;[];[];[];[];[];[];[];[];1.0;0.0;0.0;1.0;0.0;0.0;;;;;;;
2026-05-16;194584482;Czechia 4. Liga;Czech Republic;12:00;Schedule;False;0.4444444444444444;1.85;3.5;1.95;3.5;0.0;0.0;;0.0;0.0;0.0;0.0;0.0;;FK Nachod;;0.0;0.0;1.5;0;0.0;0 - 0;4.5;FK Dobrovice;;0.0;0.0;4.5;0;0.0;-1.5;0 - 0;0-0;3.75;1.5;-;nan;;;;;;;;;;;;;;;;0.0;0.0;0.0;0.0;;;0.0;0.0;0.0;0.0;;[];[];[];[];[];[];[];[];1.0;0.0;0.0;1.0;0.0;0.0;;;;;;;
2026-05-16;194592611;Peru Campeonato Nacional Women;Peru;12:00;Schedule;False;;;4.5;;4.5;0.0;0.0;;0.0;0.0;0.0;0.0;0.0;;Sporting Cristal (W);;0.0;0.0;;0;0.0;0 - 0;;FC Killas (W);;0.0;0.0;;0;0.0;-4.0;0 - 0;0-0;4.5;2.0;-;nan;;;;;;;;;;;;;;;;0.0;0.0;0.0;0.0;;;0.0;0.0;0.0;0.0;;[];[];[];[];[];[];[];[];1.0;0.0;0.0;1.0;0.0;0.0;2302.0;;sporting cristal;;;;Women
2026-05-16;194595203;Mexico U21 League;Mexico;12:00;Schedule;False;;;2.75;;2.75;0.0;0.0;;0.0;0.0;0.0;0.0;0.0;;Club America U21;;0.0;0.0;;0;0.0;0 - 0;;Chivas Guadalajara U21;;0.0;0.0;;0;0.0;-0.25;0 - 0;0-0;2.75;1.25;-;nan;;;;;;;;;;;;;;;;0.0;0.0;0.0;0.0;;;0.0;0.0;0.0;0.0;;[];[];[];[];[];[];[];[];1.0;0.0;0.0;1.0;0.0;0.0;1939.0;1938.0;cf america;cd guadalajara;;;Youth
2026-05-16;194599866;Spain Tercera Group 8;Spain;12:00;Schedule;False;;;2.0;;2.0;0.0;0.0;;0.0;0.0;0.0;0.0;0.0;;UD Santa Marta;;0.0;0.0;;0;0.0;0 - 0;;Guijuelo;;0.0;0.0;;0;0.0;-0.25;0 - 0;0-0;2.0;0.75;-;nan;;;;;;;;;;;;;;;;0.0;0.0;0.0;0.0;;;0.0;0.0;0.0;0.0;;[];[];[];[];[];[];[];[];1.0;0.0;0.0;1.0;0.0;0.0;;;;;;;
2026-05-16;194639646;Chile Ascenso Women;Chile;12:00;Schedule;False;;;2.5;;2.5;0.0;0.0;;0.0;0.0;0.0;0.0;0.0;;Cobresal (W);;0.0;0.0;;0;0.0;0 - 0;;San Luis Quillota (W);;0.0;0.0;;0;0.0;-0.75;0 - 0;0-0;2.5;1.0;-;nan;;;;;;;;;;;;;;;;0.0;0.0;0.0;0.0;;;0.0;0.0;0.0;0.0;;[];[];[];[];[];[];[];[];1.0;0.0;0.0;1.0;0.0;0.0;3167.0;;cobresal;;;;Women
2026-05-16;194538977;Uruguay Torneo Intermedio;Uruguay;12:00;Schedule;False;0.2142857142857143;1.8;2.0;2.0;2.0;0.0;0.0;;0.0;0.0;0.0;0.0;0.0;;Boston River;;0.0;0.0;2.0;0;0.0;0 - 0;3.1;Cerro;;0.0;0.0;3.5;0;0.0;-0.5;0 - 0;0-0;2.0;0.75;-;nan;;;;;;;;;;;;;;;;0.0;0.0;0.0;0.0;;;0.0;0.0;0.0;0.0;;[];[];[];[];[];[];[];[];1.0;0.0;0.0;1.0;0.0;0.0;174970.0;22011.0;ca boston river;ca cerro;;;
2026-05-16;194655333;Austria Women League 2;Austria;12:00;Schedule;False;-0.8935574229691876;1.9;5.0;1.9;5.0;0.0;0.0;;0.0;0.0;0.0;0.0;0.0;;Wiener Sportclub (W);;0.0;0.0;17.0;0;0.0;0 - 0;12.0;SV Krottendorf (W);;0.0;0.0;1.05;0;0.0;+4.0;0 - 0;0-0;5.0;2.0;-;nan;;;;;;;;;;;;;;;;0.0;0.0;0.0;0.0;;;0.0;0.0;0.0;0.0;;[];[];[];[];[];[];[];[];1.0;0.0;0.0;1.0;0.0;0.0;;;;;;;Women
2026-05-16;194534158;Latvia 1. Liga;Latvia;12:00;Schedule;False;0.4444444444444444;1.9;3.0, 3.5;1.9;3.0, 3.5;0.0;0.0;;0.0;0.0;0.0;0.0;0.0;;FK Metta;2.0;0.0;0.0;1.5;0;0.0;0 - 0;4.333;JDFS Alberts;8.0;0.0;0.0;4.5;0;0.0;-1.25;0 - 0;0-0;3.0;1.25;-;nan;;;;;;;;;;;;;;;;0.0;0.0;0.0;0.0;;;0.0;0.0;0.0;0.0;;[];[];[];[];[];[];[];[];1.0;0.0;0.0;1.0;0.0;0.0;;;;;;;
2026-05-16;193332294;Slovakia Super Liga;Slovakia;12:00;Schedule;False;0.3998800239952009;1.8;2.5;2.0;2.5;0.0;0.0;;0.0;0.0;0.0;0.0;0.0;;MFK Skalica;;0.0;0.0;1.667;0;0.0;0 - 0;3.7;MFK Ruzomberok;;0.0;0.0;5.0;0;0.0;-0.75;0 - 0;0-0;2.5;1.0;-;nan;;;;;;;;;;;;;;;;0.0;0.0;0.0;0.0;;;0.0;0.0;0.0;0.0;;[];[];[];[];[];[];[];[];1.0;0.0;0.0;1.0;0.0;0.0;111061.0;2397.0;mfk skalica;mfk ruzomberok;;;
2026-05-16;193323546;Austria Bundesliga;Austria;12:00;Schedule;False;0.3685124798098315;1.825;2.0, 2.5;1.975;2.0, 2.5;0.0;0.0;;0.0;0.0;0.0;0.0;0.0;;SCR Altach;;0.0;0.0;1.727;0;0.0;0 - 0;3.7;SV Ried;;0.0;0.0;4.75;0;0.0;-0.75;0 - 0;0-0;2.5;1.0;-;nan;;;;;;;;;;;;;;;;0.0;0.0;0.0;0.0;;;0.0;0.0;0.0;0.0;;[];[];[];[];[];[];[];[];1.0;0.0;0.0;1.0;0.0;0.0;4856.0;2049.0;scr altach;sv ried;1.95;2.0;
2026-05-16;193323550;Austria Bundesliga;Austria;12:00;Schedule;False;0.25641025641025644;1.9;2.5;1.9;2.5;0.0;0.0;;0.0;0.0;0.0;0.0;0.0;;Wolfsberger AC;;0.0;0.0;1.95;0;0.0;0 - 0;3.4;WSG Swarovski Tirol;;0.0;0.0;3.9;0;0.0;-0.5;0 - 0;0-0;2.5;1.0;-;nan;;;;;;;;;;;;;;;;0.0;0.0;0.0;0.0;;;0.0;0.0;0.0;0.0;;[];[];[];[];[];[];[];[];1.0;0.0;0.0;1.0;0.0;0.0;2076.0;5405.0;wolfsberger ac;wsg tirol;1.61;1.7;
2026-05-16;194530723;Georgia Erovnuli Liga;Georgia;12:00;Schedule;False;0.016006402561024313;1.95;2.0, 2.5;1.85;2.0, 2.5;0.0;0.0;;0.0;0.0;0.0;0.0;0.0;;Dinamo Tbilisi;;0.0;0.0;2.45;0;0.0;0 - 0;3.2;FC Iberia 1999;;0.0;0.0;2.55;0;0.0;-0.25;0 - 0;0-0;2.25;1.0;-;nan;;;;;;;;;;;;;;;;0.0;0.0;0.0;0.0;;;0.0;0.0;0.0;0.0;;[];[];[];[];[];[];[];[];1.0;0.0;0.0;1.0;0.0;0.0;;;;;;;
2026-05-16;193332300;Slovakia Super Liga;Slovakia;12:00;Schedule;False;0.4365372374283896;1.95;3.0, 3.5;1.85;3.0, 3.5;0.0;0.0;;0.0;0.0;0.0;0.0;0.0;;MSK Zilina;;0.0;0.0;1.571;0;0.0;0 - 0;4.333;FK Zeleziarne Podbrezova;;0.0;0.0;5.0;0;0.0;-1.0;0 - 0;0-0;3.25;1.5;-;nan;;;;;;;;;;;;;;;;0.0;0.0;0.0;0.0;;;0.0;0.0;0.0;0.0;;[];[];[];[];[];[];[];[];1.0;0.0;0.0;1.0;0.0;0.0;2402.0;7887.0;msk zilina;fk zeleziarne podbrezova;;;
2026-05-16;194636693;Georgia First League;Georgia;12:00;Schedule;False;-0.13178294573643412;1.925;2.0, 2.5;1.875;2.0, 2.5;0.0;0.0;;0.0;0.0;0.0;0.0;0.0;;Kolkheti Poti;8.0;0.0;0.0;3.0;0;0.0;0 - 0;3.2;FC Gareji;1.0;0.0;0.0;2.15;0;0.0;0.0;0 - 0;0-0;2.25;1.0;-;nan;;;;;;;;;;;;;;;;0.0;0.0;0.0;0.0;;;0.0;0.0;0.0;0.0;;[];[];[];[];[];[];[];[];1.0;0.0;0.0;1.0;0.0;0.0;;;;;;;
2026-05-16;193332289;Slovakia Super Liga;Slovakia;12:00;Schedule;False;0.07183908045977011;1.85;2.0, 2.5;1.95;2.0, 2.5;0.0;0.0;;0.0;0.0;0.0;0.0;0.0;;KFC Komarno;;0.0;0.0;2.4;0;0.0;0 - 0;3.3;FC Tatran Presov;;0.0;0.0;2.9;0;0.0;-0.25;0 - 0;0-0;2.5;1.0;-;nan;;;;;;;;;;;;;;;;0.0;0.0;0.0;0.0;;;0.0;0.0;0.0;0.0;;[];[];[];[];[];[];[];[];1.0;0.0;0.0;1.0;0.0;0.0;191850.0;2403.0;kfc komarno;1. fc tatran presov;1.83;1.83;
2026-05-16;194533574;Republic of Ireland National League Women;Ireland;12:00;Schedule;False;0.1774193548387097;1.8;2.5, 3.0;2.0;2.5, 3.0;0.0;0.0;;0.0;0.0;0.0;0.0;0.0;;Shelbourne (W);;0.0;0.0;2.0;0;0.0;0 - 0;3.6;Galway (W);;0.0;0.0;3.1;0;0.0;-0.25;0 - 0;0-0;2.75;1.25;-;nan;;;;;;;;;;;;;;;;0.0;0.0;0.0;0.0;;;0.0;0.0;0.0;0.0;;[];[];[];[];[];[];[];[];1.0;0.0;0.0;1.0;0.0;0.0;3174.0;;shelbourne fc;;;;Women
2026-05-16;193332277;Slovakia Super Liga;Slovakia;12:00;Schedule;False;0.015384615384615441;1.9;3.0;1.9;3.0;0.0;0.0;;0.0;0.0;0.0;0.0;0.0;;AS Trencin;;0.0;0.0;2.5;0;0.0;0 - 0;3.7;FC Kosice;;0.0;0.0;2.6;0;0.0;0.0;0 - 0;0-0;3.25;1.25;-;nan;;;;;;;;;;;;;;;;0.0;0.0;0.0;0.0;;;0.0;0.0;0.0;0.0;;[];[];[];[];[];[];[];[];1.0;0.0;0.0;1.0;0.0;0.0;2398.0;168476.0;as trencin;fk kosice;;;
2026-05-16;194532603;Israel Premier League;Israel;12:00;Schedule;False;0.367965367965368;1.95;3.0, 3.5;1.85;3.0, 3.5;0.0;0.0;;0.0;0.0;0.0;0.0;0.0;;Maccabi Haifa;;0.0;0.0;1.65;0;0.0;0 - 0;3.9;Hapoel Petah Tikva;;0.0;0.0;4.2;0;0.0;-1.0;0 - 0;0-0;3.25;1.25;-;nan;;;;;;;;;;;;;;;;0.0;0.0;0.0;0.0;;;0.0;0.0;0.0;0.0;;[];[];[];[];[];[];[];[];1.0;0.0;0.0;1.0;0.0;0.0;5197.0;;maccabi haifa fc;;;;
2026-05-16;193320754;Sweden Superettan;Sweden;12:00;Schedule;False;-0.1067193675889328;1.975;3.0;1.825;3.0;0.0;0.0;;0.0;0.0;0.0;0.0;0.0;;IK Brage;1.0;0.0;0.0;2.875;0;0.0;0 - 0;3.4;IFK Norrkoping;1.0;0.0;0.0;2.2;0;0.0;+0.25;0 - 0;0-0;3.0;1.25;-;nan;;;;;;;;;;;;;;;;0.0;0.0;0.0;0.0;;;0.0;0.0;0.0;0.0;;[];[];[];[];[];[];[];[];1.0;0.0;0.0;1.0;0.0;0.0;1777.0;1769.0;ik brage;ifk norrkoping fk;;;
2026-05-16;194085288;Cyprus Division 1;Cyprus;12:00;Schedule;False;-0.34064158781444726;1.85;2.5;1.95;2.5;0.0;0.0;;0.0;0.0;0.0;0.0;0.0;;Apoel Nicosia;5.0;0.0;0.0;4.333;0;0.0;0 - 0;3.8;Omonia Nicosia;1.0;0.0;0.0;1.75;0;0.0;+0.75;0 - 0;0-0;2.75;1.0;-;nan;;;;;;;;;;;;;;;;0.0;0.0;0.0;0.0;;;0.0;0.0;0.0;0.0;;[];[];[];[];[];[];[];[];1.0;0.0;0.0;1.0;0.0;0.0;3398.0;3395.0;apoel nikosia;ac omonia nicosia;1.72;1.8;
2026-05-16;193332285;Slovakia Super Liga;Slovakia;12:00;Schedule;False;0.1014492753623189;1.975;2.5, 3.0;1.825;2.5, 3.0;0.0;0.0;;0.0;0.0;0.0;0.0;0.0;;Dunajska Streda;;0.0;0.0;2.3;0;0.0;0 - 0;3.4;Spartak Trnava;;0.0;0.0;3.0;0;0.0;-0.25;0 - 0;0-0;2.75;1.0;-;nan;;;;;;;;;;;;;;;;0.0;0.0;0.0;0.0;;;0.0;0.0;0.0;0.0;;[];[];[];[];[];[];[];[];1.0;0.0;0.0;1.0;0.0;0.0;23833.0;2406.0;dac 1904 dunajska streda;fc spartak trnava;;;
2026-05-16;194085291;Cyprus Division 1;Cyprus;12:00;Schedule;False;0.284130284130284;1.85;2.5, 3.0;1.95;2.5, 3.0;0.0;0.0;;0.0;0.0;0.0;0.0;0.0;;Apollon Limassol;3.0;0.0;0.0;1.85;0;0.0;0 - 0;3.6;Aris Limassol;6.0;0.0;0.0;3.9;0;0.0;-0.5;0 - 0;0-0;2.75;1.25;-;nan;;;;;;;;;;;;;;;;0.0;0.0;0.0;0.0;;;0.0;0.0;0.0;0.0;;[];[];[];[];[];[];[];[];1.0;0.0;0.0;1.0;0.0;0.0;3402.0;3397.0;apollon limassol;aris limassol fc;1.72;1.72;
2026-05-16;193332302;Slovakia Super Liga;Slovakia;12:00;Schedule;False;0.6168542135533884;1.875;3.0, 3.5;1.925;3.0, 3.5;0.0;0.0;;0.0;0.0;0.0;0.0;0.0;;Slovan Bratislava;;0.0;0.0;1.333;0;0.0;0 - 0;5.5;MFK Zemplin Michalovce;;0.0;0.0;7.5;0;0.0;-1.75;0 - 0;0-0;3.5;1.5;-;nan;;;;;;;;;;;;;;;;0.0;0.0;0.0;0.0;;;0.0;0.0;0.0;0.0;;[];[];[];[];[];[];[];[];1.0;0.0;0.0;1.0;0.0;0.0;2404.0;7885.0;sk slovan bratislava;mfk zemplin michalovce;;;
2026-05-16;194584450;Czechia 4. Liga;Czech Republic;12:00;Schedule;False;-0.3951612903225806;1.8;3.0, 3.5;2.0;3.0, 3.5;0.0;0.0;;0.0;0.0;0.0;0.0;0.0;;FK Louny;;0.0;0.0;4.0;0;0.0;0 - 0;4.5;FC Tempo Prague;;0.0;0.0;1.55;0;0.0;+1.0;0 - 0;0-0;3.25;1.5;-;nan;;;;;;;;;;;;;;;;0.0;0.0;0.0;0.0;;;0.0;0.0;0.0;0.0;;[];[];[];[];[];[];[];[];1.0;0.0;0.0;1.0;0.0;0.0;;;;;;;
2026-05-16;194592101;Bosnia & Herzegovina 1st League;Bosnia;12:00;Schedule;False;0.1923076923076923;1.8;2.0, 2.5;2.0;2.0, 2.5;0.0;0.0;;0.0;0.0;0.0;0.0;0.0;;Romanija Pale;;0.0;0.0;2.0;0;0.0;0 - 0;3.25;FK Zvijezda 09;;0.0;0.0;3.25;0;0.0;-0.25;0 - 0;0-0;2.25;1.0;-;nan;;;;;;;;;;;;;;;;0.0;0.0;0.0;0.0;;;0.0;0.0;0.0;0.0;;[];[];[];[];[];[];[];[];1.0;0.0;0.0;1.0;0.0;0.0;;;;;;;
2026-05-16;194582425;Czechia First League;Czech Republic;12:00;Schedule;False;0.48564905414220494;1.95;2.5;1.85;2.5;0.0;0.0;;0.0;0.0;0.0;0.0;0.0;;Banik Ostrava;;0.0;0.0;1.533;0;0.0;0 - 0;3.8;FC Zlin;;0.0;0.0;6.0;0;0.0;-1.0;0 - 0;0-0;2.5;1.0;-;nan;;;;;;;;;;;;;;;;0.0;0.0;0.0;0.0;;;0.0;0.0;0.0;0.0;;[];[];[];[];[];[];[];[];1.0;0.0;0.0;1.0;0.0;0.0;2204.0;2220.0;fc banik ostrava;fc zlin;;;
2026-05-16;194547278;Czechia 2. Liga;Czech Republic;12:00;Schedule;False;0.4057502538142655;1.95;3.0, 3.5;1.85;3.0, 3.5;0.0;0.0;;0.0;0.0;0.0;0.0;0.0;;FK Usti nad Labem;;0.0;0.0;1.571;0;0.0;0 - 0;4.0;Slavia Prague B;;0.0;0.0;4.333;0;0.0;-1.0;0 - 0;0-0;3.25;1.25;-;nan;;;;;;;;;;;;;;;;0.0;0.0;0.0;0.0;;;0.0;0.0;0.0;0.0;;[];[];[];[];[];[];[];[];1.0;0.0;0.0;1.0;0.0;0.0;4868.0;602164.0;fk usti nad labem;sk slavia prague b;;;Youth
2026-05-16;194547282;Czechia 2. Liga;Czech Republic;12:00;Schedule;False;0.3226285391890487;1.95;2.5, 3.0;1.85;2.5, 3.0;0.0;0.0;;0.0;0.0;0.0;0.0;0.0;;FC Silon Taborsko;;0.0;0.0;1.727;0;0.0;0 - 0;3.5;Opava;;0.0;0.0;3.9;0;0.0;-0.5;0 - 0;0-0;2.75;1.0;-;nan;;;;;;;;;;;;;;;;0.0;0.0;0.0;0.0;;;0.0;0.0;0.0;0.0;;[];[];[];[];[];[];[];[];1.0;0.0;0.0;1.0;0.0;0.0;24782.0;2215.0;fc silon taborsko;sfc opava;;;
2026-05-16;194547275;Czechia 2. Liga;Czech Republic;12:00;Schedule;False;0.0;1.9;2.5, 3.0;1.9;2.5, 3.0;0.0;0.0;;0.0;0.0;0.0;0.0;0.0;;Ceske Budejovice;;0.0;0.0;2.4;0;0.0;0 - 0;3.6;MFK Chrudim;;0.0;0.0;2.4;0;0.0;0.0;0 - 0;0-0;2.75;1.0;-;nan;;;;;;;;;;;;;;;;0.0;0.0;0.0;0.0;;;0.0;0.0;0.0;0.0;;[];[];[];[];[];[];[];[];1.0;0.0;0.0;1.0;0.0;0.0;2221.0;36741.0;sk dynamo ceske budejovice;mfk chrudim;;;
2026-05-16;194547273;Czechia 2. Liga;Czech Republic;12:00;Schedule;False;0.3691950464396285;1.85;2.5, 3.0;1.95;2.5, 3.0;0.0;0.0;;0.0;0.0;0.0;0.0;0.0;;FK Pribram;;0.0;0.0;1.615;0;0.0;0 - 0;4.0;SK Prostejov;;0.0;0.0;4.0;0;0.0;-0.75;0 - 0;0-0;2.75;1.25;-;nan;;;;;;;;;;;;;;;;0.0;0.0;0.0;0.0;;;0.0;0.0;0.0;0.0;;[];[];[];[];[];[];[];[];1.0;0.0;0.0;1.0;0.0;0.0;2213.0;76775.0;fk pribram;1.sk prostejov;;;
2026-05-16;194577919;Austria Regionalliga Ost;Austria;12:00;Schedule;False;0.0;1.8;2.5, 3.0;2.0;2.5, 3.0;0.0;0.0;;0.0;0.0;0.0;0.0;0.0;;SC Wiener Viktoria;;0.0;0.0;2.375;0;0.0;0 - 0;3.7;FC Marchfeld Donauauen;;0.0;0.0;2.375;0;0.0;+0.25;0 - 0;0-0;3.0;1.25;-;nan;;;;;;;;;;;;;;;;0.0;0.0;0.0;0.0;;;0.0;0.0;0.0;0.0;;[];[];[];[];[];[];[];[];1.0;0.0;0.0;1.0;0.0;0.0;;;;;;;
2026-05-16;194594224;Poland IV Liga;Poland;12:00;Schedule;False;0.04638218923933213;1.85;3.0, 3.5;1.95;3.0, 3.5;0.0;0.0;;0.0;0.0;0.0;0.0;0.0;;ROW 1964 Rybnik;;0.0;0.0;2.2;0;0.0;0 - 0;4.0;Rakow Czestochowa II;;0.0;0.0;2.45;0;0.0;-0.5;0 - 0;0-0;3.25;1.25;-;nan;;;;;;;;;;;;;;;;0.0;0.0;0.0;0.0;;;0.0;0.0;0.0;0.0;;[];[];[];[];[];[];[];[];1.0;0.0;0.0;1.0;0.0;0.0;;35268.0;;rks rakow czestochowa;;;Youth
2026-05-16;194579238;Slovakia 3. Liga;Slovakia;12:00;Schedule;False;0.2698412698412699;2.0;3.0;1.8;3.0;0.0;0.0;;0.0;0.0;0.0;0.0;0.0;;Namestovo;;0.0;0.0;1.8;0;0.0;0 - 0;3.7;Dukla Banska Bystrica B;;0.0;0.0;3.5;0;0.0;-0.75;0 - 0;0-0;3.0;1.25;-;nan;;;;;;;;;;;;;;;;0.0;0.0;0.0;0.0;;;0.0;0.0;0.0;0.0;;[];[];[];[];[];[];[];[];1.0;0.0;0.0;1.0;0.0;0.0;;;;;;;Youth
2026-05-16;194582430;Czechia First League;Czech Republic;12:00;Schedule;False;-0.044526901669758756;2.0;2.0, 2.5;1.8;2.0, 2.5;0.0;0.0;;0.0;0.0;0.0;0.0;0.0;;FK Teplice;;0.0;0.0;2.75;0;0.0;0 - 0;3.1;Dukla Praha;;0.0;0.0;2.45;0;0.0;+0.25;0 - 0;0-0;2.25;1.0;-;nan;;;;;;;;;;;;;;;;0.0;0.0;0.0;0.0;;;0.0;0.0;0.0;0.0;;[];[];[];[];[];[];[];[];1.0;0.0;0.0;1.0;0.0;0.0;2208.0;7739.0;fk teplice;dukla prague;;;
2026-05-16;194592084;Poland III Liga;Poland;12:00;Schedule;False;0.2425234340127957;1.825;3.0;1.975;3.0;0.0;0.0;;0.0;0.0;0.0;0.0;0.0;;Wda Swiecie;;0.0;0.0;1.833;0;0.0;0 - 0;3.8;Tluchowia Tluchowo;;0.0;0.0;3.3;0;0.0;-1.0;0 - 0;0-0;3.0;1.25;-;nan;;;;;;;;;;;;;;;;0.0;0.0;0.0;0.0;;;0.0;0.0;0.0;0.0;;[];[];[];[];[];[];[];[];1.0;0.0;0.0;1.0;0.0;0.0;;;;;;;
2026-05-16;194547271;Czechia 2. Liga;Czech Republic;12:00;Schedule;False;0.12836438923395443;2.025;3.0;1.775;3.0;0.0;0.0;;0.0;0.0;0.0;0.0;0.0;;FC Sellier & Bellot Vlasim;;0.0;0.0;2.1;0;0.0;0 - 0;3.4;Banik Ostrava B;;0.0;0.0;2.875;0;0.0;-0.25;0 - 0;0-0;3.0;1.25;-;nan;;;;;;;;;;;;;;;;0.0;0.0;0.0;0.0;;;0.0;0.0;0.0;0.0;;[];[];[];[];[];[];[];[];1.0;0.0;0.0;1.0;0.0;0.0;36024.0;610536.0;fc vlasim;fc banik ostrava b;;;Youth
2026-05-16;194592142;Austria Landesliga;Austria;12:00;Schedule;False;0.6516639388979815;1.875;3.5;1.925;3.5;0.0;0.0;;0.0;0.0;0.0;0.0;0.0;;SV Tillmitsch;;0.0;0.0;1.222;0;0.0;0 - 0;8.5;FC Schladming;;0.0;0.0;6.0;0;0.0;-1.75;0 - 0;0-0;3.5;1.5;-;nan;;;;;;;;;;;;;;;;0.0;0.0;0.0;0.0;;;0.0;0.0;0.0;0.0;;[];[];[];[];[];[];[];[];1.0;0.0;0.0;1.0;0.0;0.0;;;;;;;
2026-05-16;194592144;Austria Landesliga;Austria;12:00;Schedule;False;0.05228758169934633;1.925;3.0, 3.5;1.875;3.0, 3.5;0.0;0.0;;0.0;0.0;0.0;0.0;0.0;;FC Deutschkreutz;;0.0;0.0;2.25;0;0.0;0 - 0;3.7;ASK Horitschon;;0.0;0.0;2.55;0;0.0;-0.25;0 - 0;0-0;3.25;1.25;-;nan;;;;;;;;;;;;;;;;0.0;0.0;0.0;0.0;;;0.0;0.0;0.0;0.0;;[];[];[];[];[];[];[];[];1.0;0.0;0.0;1.0;0.0;0.0;;;;;;;
2026-05-16;194605351;Bosnia & Herzegovina 1st League;Bosnia;12:00;Schedule;False;-0.25716780164134795;2.0;2.0, 2.5;1.8;2.0, 2.5;0.0;0.0;;0.0;0.0;0.0;0.0;0.0;;FK Tuzla City;;0.0;0.0;3.75;0;0.0;0 - 0;3.1;NK Celik Zenica;;0.0;0.0;1.909;0;0.0;+0.5;0 - 0;0-0;2.25;0.75;-;nan;;;;;;;;;;;;;;;;0.0;0.0;0.0;0.0;;;0.0;0.0;0.0;0.0;;[];[];[];[];[];[];[];[];1.0;0.0;0.0;1.0;0.0;0.0;;;;;;;
2026-05-16;194605349;Bosnia & Herzegovina 1st League;Bosnia;12:00;Schedule;False;0.4365372374283896;1.95;2.5;1.85;2.5;0.0;0.0;;0.0;0.0;0.0;0.0;0.0;;FK Radnik Hadzici;;0.0;0.0;1.571;0;0.0;0 - 0;3.6;FK Igman Konjic;;0.0;0.0;5.0;0;0.0;-0.75;0 - 0;0-0;2.25;0.75;-;nan;;;;;;;;;;;;;;;;0.0;0.0;0.0;0.0;;;0.0;0.0;0.0;0.0;;[];[];[];[];[];[];[];[];1.0;0.0;0.0;1.0;0.0;0.0;;;;;;;
2026-05-16;194594782;Poland III Liga;Poland;12:00;Schedule;False;0.05982905982905984;1.875;2.5, 3.0;1.925;2.5, 3.0;0.0;0.0;;0.0;0.0;0.0;0.0;0.0;;Wisloka Debica;;0.0;0.0;2.25;0;0.0;0 - 0;3.4;Wislanie Skawina;;0.0;0.0;2.6;0;0.0;-0.25;0 - 0;0-0;2.75;1.25;-;nan;;;;;;;;;;;;;;;;0.0;0.0;0.0;0.0;;;0.0;0.0;0.0;0.0;;[];[];[];[];[];[];[];[];1.0;0.0;0.0;1.0;0.0;0.0;;;;;;;
2026-05-16;194594778;Poland III Liga;Poland;12:00;Schedule;False;0.10582010582010581;1.9;3.0;1.9;3.0;0.0;0.0;;0.0;0.0;0.0;0.0;0.0;;Siarka Tarnobrzeg;;0.0;0.0;2.1;0;0.0;0 - 0;3.7;Wisla Krakow II;;0.0;0.0;2.7;0;0.0;-0.25;0 - 0;0-0;3.0;1.25;-;nan;;;;;;;;;;;;;;;;0.0;0.0;0.0;0.0;;;0.0;0.0;0.0;0.0;;[];[];[];[];[];[];[];[];1.0;0.0;0.0;1.0;0.0;0.0;;3111.0;;wisla krakow;;;Youth
2026-05-16;194593151;Morocco Cup;Morocco;12:00;Schedule;False;0.6874015748031496;1.85;2.5;1.95;2.5;0.0;0.0;;0.0;0.0;0.0;0.0;0.0;;HUSA Agadir;;0.0;0.0;1.27;0;0.0;0 - 0;4.5;Mostakbal El Marsa;;0.0;0.0;10.0;0;0.0;-1.5;0 - 0;0-0;2.5;1.0;-;nan;;;;;;;;;;;;;;;;0.0;0.0;0.0;0.0;;;0.0;0.0;0.0;0.0;;[];[];[];[];[];[];[];[];1.0;0.0;0.0;1.0;0.0;0.0;55039.0;;hassania union sport agadir;;;;
2026-05-16;194594774;Poland III Liga;Poland;12:00;Schedule;False;0.5137491616364857;1.9;3.0, 3.5;1.9;3.0, 3.5;0.0;0.0;;0.0;0.0;0.0;0.0;0.0;;Avia Swidnik;;0.0;0.0;1.42;0;0.0;0 - 0;4.333;Korona Kielce II;;0.0;0.0;5.25;0;0.0;-1.25;0 - 0;0-0;3.25;1.25;-;nan;;;;;;;;;;;;;;;;0.0;0.0;0.0;0.0;;;0.0;0.0;0.0;0.0;;[];[];[];[];[];[];[];[];1.0;0.0;0.0;1.0;0.0;0.0;;5065.0;;korona kielce;;;Youth
2026-05-16;194594159;Poland IV Liga;Poland;12:00;Schedule;False;0.0;1.85;3.0;1.95;3.0;0.0;0.0;;0.0;0.0;0.0;0.0;0.0;;Limanovia Limanowa;;0.0;0.0;2.35;0;0.0;0 - 0;3.75;Luban Maniowy;;0.0;0.0;2.35;0;0.0;-0.25;0 - 0;0-0;2.75;1.25;-;nan;;;;;;;;;;;;;;;;0.0;0.0;0.0;0.0;;;0.0;0.0;0.0;0.0;;[];[];[];[];[];[];[];[];1.0;0.0;0.0;1.0;0.0;0.0;;;;;;;
2026-05-16;194594278;Poland IV Liga;Poland;12:00;Schedule;False;0.11743450767841018;1.8;3.0, 3.5;2.0;3.0, 3.5;0.0;0.0;;0.0;0.0;0.0;0.0;0.0;;Kania Gostyn;;0.0;0.0;2.05;0;0.0;0 - 0;3.8;Warta Srem;;0.0;0.0;2.7;0;0.0;-0.25;0 - 0;0-0;3.25;1.5;-;nan;;;;;;;;;;;;;;;;0.0;0.0;0.0;0.0;;;0.0;0.0;0.0;0.0;;[];[];[];[];[];[];[];[];1.0;0.0;0.0;1.0;0.0;0.0;;;;;;;
2026-05-16;194592188;Bosnia & Herzegovina 1st League;Bosnia;12:00;Schedule;False;0.3409435575040671;2.025;2.0, 2.5;1.775;2.0, 2.5;0.0;0.0;;0.0;0.0;0.0;0.0;0.0;;Bratstvo Gracanica;;0.0;0.0;1.727;0;0.0;0 - 0;3.4;Buducnost Banovici;;0.0;0.0;4.2;0;0.0;-0.5;0 - 0;0-0;2.25;1.0;-;nan;;;;;;;;;;;;;;;;0.0;0.0;0.0;0.0;;;0.0;0.0;0.0;0.0;;[];[];[];[];[];[];[];[];1.0;0.0;0.0;1.0;0.0;0.0;;;;;;;
2026-05-16;194578366;Morocco Cup;Morocco;12:00;Schedule;False;-0.8160671092584015;1.975;3.0;1.825;3.0;0.0;0.0;;0.0;0.0;0.0;0.0;0.0;;Rachad Bernoussi;;0.0;0.0;17.0;0;0.0;0 - 0;6.0;FUS Rabat;;0.0;0.0;1.143;0;0.0;+2.0;0 - 0;0-0;3.0;1.25;-;nan;;;;;;;;;;;;;;;;0.0;0.0;0.0;0.0;;;0.0;0.0;0.0;0.0;;[];[];[];[];[];[];[];[];1.0;0.0;0.0;1.0;0.0;0.0;;55027.0;;fus rabat;;;
2026-05-16;194633937;San Marino Campionato;San Marino;12:00;Schedule;False;0.17530487804878053;2.0;2.5;1.8;2.5;0.0;0.0;;0.0;0.0;0.0;0.0;0.0;;Virtus Acquaviva;;0.0;0.0;2.05;0;0.0;0 - 0;3.2;La Fiorita;;0.0;0.0;3.2;0;0.0;-0.25;0 - 0;0-0;2.25;1.0;-;nan;;;;;;;;;;;;;;;;0.0;0.0;0.0;0.0;;;0.0;0.0;0.0;0.0;;[];[];[];[];[];[];[];[];1.0;0.0;0.0;1.0;0.0;0.0;;;;;;;
2026-05-16;194638895;Norway Division 2 Group 1;Norway;12:00;Schedule;False;0.17900688210111804;1.85;3.0;1.95;3.0;0.0;0.0;;0.0;0.0;0.0;0.0;0.0;;Rana FK;;0.0;0.0;1.909;0;0.0;0 - 0;4.1;Junkeren;;0.0;0.0;2.9;0;0.0;-0.5;0 - 0;0-0;3.25;1.25;-;nan;;;;;;;;;;;;;;;;0.0;0.0;0.0;0.0;;;0.0;0.0;0.0;0.0;;[];[];[];[];[];[];[];[];1.0;0.0;0.0;1.0;0.0;0.0;558170.0;94841.0;rana fk;ik junkeren;;;
2026-05-16;194582300;Czechia 2. Liga;Czech Republic;12:00;Schedule;False;-0.22971682124919107;1.975;2.5, 3.0;1.825;2.5, 3.0;0.0;0.0;;0.0;0.0;0.0;0.0;0.0;;Hanacka Slavia Kromeriz;;0.0;0.0;3.4;0;0.0;0 - 0;3.4;FC Brno;;0.0;0.0;1.909;0;0.0;+0.75;0 - 0;0-0;2.75;1.25;-;nan;;;;;;;;;;;;;;;;0.0;0.0;0.0;0.0;;;0.0;0.0;0.0;0.0;;[];[];[];[];[];[];[];[];1.0;0.0;0.0;1.0;0.0;0.0;4865.0;2210.0;sk hanacka slavia kromeriz;fc zbrojovka brno;;;
2026-05-16;194582304;Czechia 2. Liga;Czech Republic;12:00;Schedule;False;0.5792916760658695;1.9;3.0;1.9;3.0;0.0;0.0;;0.0;0.0;0.0;0.0;0.0;;SK Artis Brno;;0.0;0.0;1.364;0;0.0;0 - 0;4.333;Viktoria Zizkov;;0.0;0.0;6.5;0;0.0;-1.25;0 - 0;0-0;2.75;1.25;-;nan;;;;;;;;;;;;;;;;0.0;0.0;0.0;0.0;;;0.0;0.0;0.0;0.0;;[];[];[];[];[];[];[];[];1.0;0.0;0.0;1.0;0.0;0.0;35264.0;2211.0;sk artis brno;fk viktoria zizkov;;;
2026-05-16;194582418;Czechia First League;Czech Republic;12:00;Schedule;False;0.17530487804878053;1.875;2.5, 3.0;1.925;2.5, 3.0;0.0;0.0;;0.0;0.0;0.0;0.0;0.0;;Slovacko;;0.0;0.0;2.05;0;0.0;0 - 0;3.4;Mlada Boleslav;;0.0;0.0;3.2;0;0.0;-0.5;0 - 0;0-0;2.75;1.25;-;nan;;;;;;;;;;;;;;;;0.0;0.0;0.0;0.0;;;0.0;0.0;0.0;0.0;;[];[];[];[];[];[];[];[];1.0;0.0;0.0;1.0;0.0;0.0;4871.0;2224.0;1. fc slovacko uherske hradiste;fk mlada boleslav;;;
2026-05-16;194592172;Austria Regionalliga West;Austria;12:00;Schedule;False;0.24786324786324787;1.95;3.0, 3.5;1.85;3.0, 3.5;0.0;0.0;;0.0;0.0;0.0;0.0;0.0;;Hohenems;;0.0;0.0;1.8;0;0.0;0 - 0;4.0;SV Wals-Grünau;;0.0;0.0;3.25;0;0.0;-0.25;0 - 0;0-0;3.0;1.25;-;nan;;;;;;;;;;;;;;;;0.0;0.0;0.0;0.0;;;0.0;0.0;0.0;0.0;;[];[];[];[];[];[];[];[];1.0;0.0;0.0;1.0;0.0;0.0;;;;;;;
2026-05-16;193713770;Hungary NB I;Hungary;12:15;Schedule;False;-0.47567567567567565;1.9;3.5, 4.0;1.9;3.5, 4.0;0.0;0.0;;0.0;0.0;0.0;0.0;0.0;;Diosgyori VTK;11.0;0.0;0.0;5.0;0;0.0;0 - 0;5.0;Paksi;3.0;0.0;0.0;1.48;0;0.0;+1.0;0 - 0;0-0;3.5;1.5;-;nan;;;;;;;;;;;;;;;;0.0;0.0;0.0;0.0;;;0.0;0.0;0.0;0.0;;[];[];[];[];[];[];[];[];1.0;0.0;0.0;1.0;0.0;0.0;5121.0;6059.0;diosgyori vtk;paksi fc;1.36;1.4;
2026-05-16;193713772;Hungary NB I;Hungary;12:15;Schedule;False;0.6251875468867217;1.825;3.0;1.975;3.0;0.0;0.0;;0.0;0.0;0.0;0.0;0.0;;Ferencvarosi TC;;0.0;0.0;1.333;0;0.0;0 - 0;5.5;Zalaegerszegi TE;;0.0;0.0;8.0;0;0.0;-1.5;0 - 0;0-0;3.25;1.25;-;nan;;;;;;;;;;;;;;;;0.0;0.0;0.0;0.0;;;0.0;0.0;0.0;0.0;;[];[];[];[];[];[];[];[];1.0;0.0;0.0;1.0;0.0;0.0;1925.0;1922.0;ferencvarosi budapest;zalaegerszeg te;1.83;1.83;
2026-05-16;193713779;Hungary NB I;Hungary;12:15;Schedule;False;-0.6168542135533884;1.95;3.0;1.85;3.0;0.0;0.0;;0.0;0.0;0.0;0.0;0.0;;Kisvarda FC;8.0;0.0;0.0;7.5;0;0.0;0 - 0;5.25;Gyor Eto FC;1.0;0.0;0.0;1.333;0;0.0;+1.5;0 - 0;0-0;3.0;1.25;-;nan;;;;;;;;;;;;;;;;0.0;0.0;0.0;0.0;;;0.0;0.0;0.0;0.0;;[];[];[];[];[];[];[];[];1.0;0.0;0.0;1.0;0.0;0.0;25397.0;1923.0;kisvarda fc;wkw eto fc gyor;1.8;1.8;
2026-05-16;193713768;Hungary NB I;Hungary;12:15;Schedule;False;0.35744831050352294;1.975;3.0;1.825;3.0;0.0;0.0;;0.0;0.0;0.0;0.0;0.0;;Debreceni VSC;;0.0;0.0;1.7;0;0.0;0 - 0;3.9;Ujpest;;0.0;0.0;4.333;0;0.0;-0.75;0 - 0;0-0;3.0;1.25;-;nan;;;;;;;;;;;;;;;;0.0;0.0;0.0;0.0;;;0.0;0.0;0.0;0.0;;[];[];[];[];[];[];[];[];1.0;0.0;0.0;1.0;0.0;0.0;1921.0;1924.0;debreceni vsc;ujpest fc budapest;1.57;1.61;
2026-05-16;194596270;UAE Pro League;UAE;12:30;Schedule;False;0.8082239720034996;1.9;3.5;1.9;3.5;0.0;0.0;;0.0;0.0;0.0;0.0;0.0;;Al Ain SCC;;0.0;0.0;1.143;0;0.0;0 - 0;7.0;Dibba Al Fujairah;;0.0;0.0;15.0;0;0.0;-2.25;0 - 0;0-0;3.75;1.5;-;nan;;;;;;;;;;;;;;;;0.0;0.0;0.0;0.0;;;0.0;0.0;0.0;0.0;;[];[];[];[];[];[];[];[];1.0;0.0;0.0;1.0;0.0;0.0;37082.0;81309.0;al ain fc;dibba al fujairah;;;
2026-05-16;194526896;Portugal Liga 3;Portugal;12:30;Schedule;False;0.4618395303326811;1.8;2.0, 2.5;2.0;2.0, 2.5;0.0;0.0;;0.0;0.0;0.0;0.0;0.0;;CF Os Belenenses;;0.0;0.0;1.533;0;0.0;0 - 0;3.7;CD Mafra;;0.0;0.0;5.25;0;0.0;-0.75;0 - 0;0-0;2.25;1.0;-;nan;;;;;;;;;;;;;;;;0.0;0.0;0.0;0.0;;;0.0;0.0;0.0;0.0;;[];[];[];[];[];[];[];[];1.0;0.0;0.0;1.0;0.0;0.0;;;;;;;
2026-05-16;193716900;Slovenia Prva Liga;Slovenia;12:30;Schedule;False;0.2271062271062272;1.925;3.0;1.875;3.0;0.0;0.0;;0.0;0.0;0.0;0.0;0.0;;NK Celje;1.0;0.0;0.0;1.95;0;0.0;0 - 0;3.2;FC Koper;2.0;0.0;0.0;3.5;0;0.0;-0.75;0 - 0;0-0;3.25;1.25;-;nan;;;;;;;;;;;;;;;;0.0;0.0;0.0;0.0;;;0.0;0.0;0.0;0.0;;[];[];[];[];[];[];[];[];1.0;0.0;0.0;1.0;0.0;0.0;2413.0;2417.0;nk celje;fc koper;1.57;1.5;
2026-05-16;194526044;Lithuania A Lyga;Lithuania;12:30;Schedule;False;0.050682261208576995;1.85;2.0, 2.5;1.95;2.0, 2.5;0.0;0.0;;0.0;0.0;0.0;0.0;0.0;;FK Dziugas Telsiai;2.0;0.0;0.0;2.375;0;0.0;0 - 0;3.1;Banga Gargzdai;4.0;0.0;0.0;2.7;0;0.0;0.0;0 - 0;0-0;2.25;1.0;-;nan;;;;;;;;;;;;;;;;0.0;0.0;0.0;0.0;;;0.0;0.0;0.0;0.0;;[];[];[];[];[];[];[];[];1.0;0.0;0.0;1.0;0.0;0.0;168446.0;35388.0;dziugas;fk banga gargzdai;1.83;1.83;
2026-05-16;194530174;Croatia 1.NL;Croatia;12:30;Schedule;False;0.02721088435374147;1.975;2.0, 2.5;1.825;2.0, 2.5;0.0;0.0;;0.0;0.0;0.0;0.0;0.0;;Bijelo Brdo;5.0;0.0;0.0;2.45;0;0.0;0 - 0;3.0;Hrvace;9.0;0.0;0.0;2.625;0;0.0;-0.25;0 - 0;0-0;2.25;1.0;-;nan;;;;;;;;;;;;;;;;0.0;0.0;0.0;0.0;;;0.0;0.0;0.0;0.0;;[];[];[];[];[];[];[];[];1.0;0.0;0.0;1.0;0.0;0.0;44476.0;6670.0;nk bsk bijelo brdo;nk hrvace;;;
2026-05-16;194581790;Croatia 2.NL;Croatia;12:30;Schedule;False;0.07407407407407407;1.8;2.5;2.0;2.5;0.0;0.0;;0.0;0.0;0.0;0.0;0.0;;NK Uljanik;5.0;0.0;0.0;2.25;0;0.0;0 - 0;3.3;NK Uskok;6.0;0.0;0.0;2.7;0;0.0;-0.25;0 - 0;0-0;2.5;1.0;-;nan;;;;;;;;;;;;;;;;0.0;0.0;0.0;0.0;;;0.0;0.0;0.0;0.0;;[];[];[];[];[];[];[];[];1.0;0.0;0.0;1.0;0.0;0.0;;;;;;;
2026-05-16;194581797;Croatia 2.NL;Croatia;12:30;Schedule;False;0.10147991543340379;1.825;2.5;1.975;2.5;0.0;0.0;;0.0;0.0;0.0;0.0;0.0;;NK Dugo Selo;16.0;0.0;0.0;2.15;0;0.0;0 - 0;3.4;NK Grobnican;9.0;0.0;0.0;2.75;0;0.0;-0.25;0 - 0;0-0;2.75;1.25;-;nan;;;;;;;;;;;;;;;;0.0;0.0;0.0;0.0;;;0.0;0.0;0.0;0.0;;[];[];[];[];[];[];[];[];1.0;0.0;0.0;1.0;0.0;0.0;;;;;;;
2026-05-16;194581911;Croatia 3.NL;Croatia;12:30;Schedule;False;0.6073304040295788;1.8;3.0;2.0;3.0;0.0;0.0;;0.0;0.0;0.0;0.0;0.0;;NK Dinamo Predavac;;0.0;0.0;1.333;0;0.0;0 - 0;4.5;NK Slatina;;0.0;0.0;7.0;0;0.0;-1.75;0 - 0;0-0;3.0;1.25;-;nan;;;;;;;;;;;;;;;;0.0;0.0;0.0;0.0;;;0.0;0.0;0.0;0.0;;[];[];[];[];[];[];[];[];1.0;0.0;0.0;1.0;0.0;0.0;;;;;;;
2026-05-16;194585861;Finland Ykkonen;Finland;12:30;Schedule;False;-0.034782608695652195;1.95;3.0, 3.5;1.85;3.0, 3.5;0.0;0.0;;0.0;0.0;0.0;0.0;0.0;;JJK;;0.0;0.0;2.5;0;0.0;0 - 0;3.6;SalPa;;0.0;0.0;2.3;0;0.0;+0.25;0 - 0;0-0;3.25;1.25;-;nan;;;;;;;;;;;;;;;;0.0;0.0;0.0;0.0;;;0.0;0.0;0.0;0.0;;[];[];[];[];[];[];[];[];1.0;0.0;0.0;1.0;0.0;0.0;7298.0;22394.0;jjk jyvaskyla;salpa;;;
2026-05-16;194530176;Croatia 1.NL;Croatia;12:30;Schedule;False;0.509009009009009;1.875;2.0, 2.5;1.925;2.0, 2.5;0.0;0.0;;0.0;0.0;0.0;0.0;0.0;;Orijent;10.0;0.0;0.0;1.48;0;0.0;0 - 0;3.6;Karlovac;6.0;0.0;0.0;6.0;0;0.0;-1.5;0 - 0;0-0;2.5;1.0;-;nan;;;;;;;;;;;;;;;;0.0;0.0;0.0;0.0;;;0.0;0.0;0.0;0.0;;[];[];[];[];[];[];[];[];1.0;0.0;0.0;1.0;0.0;0.0;25539.0;25528.0;orijent 1919 rijeka;nk karlovac 1919;;;
2026-05-16;194645030;Croatia 3.NL;Croatia;12:30;Schedule;False;0.09740259740259738;1.8;2.5;2.0;2.5;0.0;0.0;;0.0;0.0;0.0;0.0;0.0;;Jadran Kastel Sucurac;;0.0;0.0;2.2;0;0.0;0 - 0;3.3;NK Gosk Kastel Gomilica;;0.0;0.0;2.8;0;0.0;-0.75;0 - 0;0-0;2.5;1.0;-;nan;;;;;;;;;;;;;;;;0.0;0.0;0.0;0.0;;;0.0;0.0;0.0;0.0;;[];[];[];[];[];[];[];[];1.0;0.0;0.0;1.0;0.0;0.0;;;;;;;
2026-05-16;194526904;Portugal Liga 3;Portugal;12:30;Schedule;False;0.046296296296296335;1.975;2.0, 2.5;1.825;2.0, 2.5;0.0;0.0;;0.0;0.0;0.0;0.0;0.0;;UD Santarem;;0.0;0.0;2.4;0;0.0;0 - 0;3.1;Varzim;;0.0;0.0;2.7;0;0.0;0.0;0 - 0;0-0;2.25;1.0;-;nan;;;;;;;;;;;;;;;;0.0;0.0;0.0;0.0;;;0.0;0.0;0.0;0.0;;[];[];[];[];[];[];[];[];1.0;0.0;0.0;1.0;0.0;0.0;;;;;;;
2026-05-16;194596260;UAE Pro League;UAE;12:30;Schedule;False;0.6358974358974359;1.975;3.0, 3.5;1.825;3.0, 3.5;0.0;0.0;;0.0;0.0;0.0;0.0;0.0;;Shabab Al Ahli Dubai;;0.0;0.0;1.3;0;0.0;0 - 0;4.75;Al Bataeh;;0.0;0.0;7.5;0;0.0;-1.25;0 - 0;0-0;3.25;1.25;-;nan;;;;;;;;;;;;;;;;0.0;0.0;0.0;0.0;;;0.0;0.0;0.0;0.0;;[];[];[];[];[];[];[];[];1.0;0.0;0.0;1.0;0.0;0.0;370464.0;634516.0;shabab al ahli dubai;al bataeh (uae);;;
2026-05-16;194526891;Portugal Liga 3;Portugal;12:30;Schedule;False;0.5613682092555332;2.0;2.5;1.8;2.5;0.0;0.0;;0.0;0.0;0.0;0.0;0.0;;Academica;;0.0;0.0;1.42;0;0.0;0 - 0;3.9;Trofense;;0.0;0.0;7.0;0;0.0;-1.25;0 - 0;0-0;2.5;1.0;-;nan;;;;;;;;;;;;;;;;0.0;0.0;0.0;0.0;;;0.0;0.0;0.0;0.0;;[];[];[];[];[];[];[];[];1.0;0.0;0.0;1.0;0.0;0.0;;;;;;;
2026-05-16;194593294;Switzerland 1.Liga Promotion;Switzerland;12:30;Schedule;False;-0.5513196480938416;2.0;4.0;1.8;4.0;0.0;0.0;;0.0;0.0;0.0;0.0;0.0;;Vevey Sports 05;;0.0;0.0;5.5;0;0.0;0 - 0;5.0;FC Bulle;;0.0;0.0;1.364;0;0.0;+1.5;0 - 0;0-0;4.0;1.5;-;nan;;;;;;;;;;;;;;;;0.0;0.0;0.0;0.0;;;0.0;0.0;0.0;0.0;;[];[];[];[];[];[];[];[];1.0;0.0;0.0;1.0;0.0;0.0;;;;;;;
2026-05-16;193715916;Romania Liga I;Romania;12:30;Schedule;False;-0.016006402561024313;1.95;2.5;1.85;2.5;0.0;0.0;;0.0;0.0;0.0;0.0;0.0;;FK Csikszereda Miercurea Ciuc;;0.0;0.0;2.55;0;0.0;0 - 0;3.1;FC Botosani;;0.0;0.0;2.45;0;0.0;0.0;0 - 0;0-0;2.5;1.0;-;nan;;;;;;;;;;;;;;;;0.0;0.0;0.0;0.0;;;0.0;0.0;0.0;0.0;;[];[];[];[];[];[];[];[];1.0;0.0;0.0;1.0;0.0;0.0;391688.0;24798.0;afk csikszereda miercurea ciuc;fc botosani;;;
2026-05-16;194599869;Spain Tercera Group 4;Spain;12:30;Schedule;False;;;2.25;;2.25;0.0;0.0;;0.0;0.0;0.0;0.0;0.0;;CD Touring;;0.0;0.0;;0;0.0;0 - 0;;Leioa;;0.0;0.0;;0;0.0;-0.25;0 - 0;0-0;2.25;1.0;-;nan;;;;;;;;;;;;;;;;0.0;0.0;0.0;0.0;;;0.0;0.0;0.0;0.0;;[];[];[];[];[];[];[];[];1.0;0.0;0.0;1.0;0.0;0.0;;;;;;;
2026-05-16;194596264;UAE Pro League;UAE;12:30;Schedule;False;-0.4143150152061674;1.825;2.5, 3.0;1.975;2.5, 3.0;0.0;0.0;;0.0;0.0;0.0;0.0;0.0;;Al Dhafra SCC;;0.0;0.0;4.5;0;0.0;0 - 0;3.9;Al Wahda Abu Dhabi;;0.0;0.0;1.571;0;0.0;+1.0;0 - 0;0-0;3.0;1.25;-;nan;;;;;;;;;;;;;;;;0.0;0.0;0.0;0.0;;;0.0;0.0;0.0;0.0;;[];[];[];[];[];[];[];[];1.0;0.0;0.0;1.0;0.0;0.0;81305.0;342882.0;al dhafra ssc;al wahda fc (uae);;;
2026-05-16;194579128;Croatia 2.NL;Croatia;12:30;Schedule;False;-0.2777777777777778;1.8;2.5;2.0;2.5;0.0;0.0;;0.0;0.0;0.0;0.0;0.0;;NK Solin;;0.0;0.0;3.6;0;0.0;0 - 0;3.5;HNK Segesta;;0.0;0.0;1.8;0;0.0;+0.25;0 - 0;0-0;2.5;1.0;-;nan;;;;;;;;;;;;;;;;0.0;0.0;0.0;0.0;;;0.0;0.0;0.0;0.0;;[];[];[];[];[];[];[];[];1.0;0.0;0.0;1.0;0.0;0.0;;;;;;;
2026-05-16;193267645;Poland Ekstraklasa;Poland;12:30;Schedule;False;-0.20588235294117646;1.975;2.5;1.825;2.5;0.0;0.0;;0.0;0.0;0.0;0.0;0.0;;Wisla Plock;7.0;0.0;0.0;3.4;0;0.0;0 - 0;3.3;Gornik Zabrze;3.0;0.0;0.0;2.0;0;0.0;+0.5;0 - 0;0-0;2.5;1.0;-;nan;;;;;;;;;;;;;;;;0.0;0.0;0.0;0.0;;;0.0;0.0;0.0;0.0;;[];[];[];[];[];[];[];[];1.0;0.0;0.0;1.0;0.0;0.0;3122.0;3110.0;wisla plock;gornik zabrze;1.9;1.9;
2026-05-16;194596253;UAE Pro League;UAE;12:30;Schedule;False;0.5476190476190477;1.9;3.0;1.9;3.0;0.0;0.0;;0.0;0.0;0.0;0.0;0.0;;Al Jazira SC;;0.0;0.0;1.4;0;0.0;0 - 0;4.2;Baniyas SC;;0.0;0.0;6.0;0;0.0;-1.25;0 - 0;0-0;3.25;1.25;-;nan;;;;;;;;;;;;;;;;0.0;0.0;0.0;0.0;;;0.0;0.0;0.0;0.0;;[];[];[];[];[];[];[];[];1.0;0.0;0.0;1.0;0.0;0.0;8090.0;58689.0;al jazira (uae);baniyas club;;;
2026-05-16;194526893;Portugal Liga 3;Portugal;12:30;Schedule;False;-0.036363636363636376;2.05;2.0, 2.5;1.75;2.0, 2.5;0.0;0.0;;0.0;0.0;0.0;0.0;0.0;;Guimaraes B;;0.0;0.0;2.75;0;0.0;0 - 0;2.9;Amarante;;0.0;0.0;2.5;0;0.0;0.0;0 - 0;0-0;2.25;0.75;-;nan;;;;;;;;;;;;;;;;0.0;0.0;0.0;0.0;;;0.0;0.0;0.0;0.0;;[];[];[];[];[];[];[];[];1.0;0.0;0.0;1.0;0.0;0.0;3009.0;;vitoria sc guimaraes;;;;Youth
2026-05-16;194586785;France National 3;France;13:00;Schedule;False;-0.4666666666666666;1.95;2.5, 3.0;1.85;2.5, 3.0;0.0;0.0;;0.0;0.0;0.0;0.0;0.0;;AC Seyssinet;;0.0;0.0;5.0;0;0.0;0 - 0;4.0;ES Fosseenne;;0.0;0.0;1.5;0;0.0;+0.5;0 - 0;0-0;2.75;1.0;-;nan;;;;;;;;;;;;;;;;0.0;0.0;0.0;0.0;;;0.0;0.0;0.0;0.0;;[];[];[];[];[];[];[];[];1.0;0.0;0.0;1.0;0.0;0.0;;;;;;;
2026-05-16;194734722;France National 2;France;13:00;Schedule;False;;;3.25;;3.25;0.0;0.0;;0.0;0.0;0.0;0.0;0.0;;Andrezieux;;0.0;0.0;;0;0.0;0 - 0;;Rousset-Ste Victoire;;0.0;0.0;;0;0.0;-1.75;0 - 0;0-0;3.25;1.25;-;nan;;;;;;;;;;;;;;;;0.0;0.0;0.0;0.0;;;0.0;0.0;0.0;0.0;;[];[];[];[];[];[];[];[];1.0;0.0;0.0;1.0;0.0;0.0;;;;;;;
2026-05-16;193331951;Norway Eliteserien;Norway;13:00;Schedule;False;0.5358090185676393;1.825;3.0;1.975;3.0;0.0;0.0;;0.0;0.0;0.0;0.0;0.0;;Bodo/Glimt;;0.0;0.0;1.45;0;0.0;0 - 0;4.333;Tromso;;0.0;0.0;6.5;0;0.0;-1.25;0 - 0;0-0;3.25;1.25;-;nan;;;;;;;;;;;;;;;;0.0;0.0;0.0;0.0;;;0.0;0.0;0.0;0.0;;[];[];[];[];[];[];[];[];1.0;0.0;0.0;1.0;0.0;0.0;656.0;660.0;bodoe/glimt;tromsoe il;1.66;1.66;
2026-05-16;194529720;Bosnia & Herzegovina Premier Liga;Bosnia;13:00;Schedule;False;0.5604395604395604;2.0;2.5, 3.0;1.8;2.5, 3.0;0.0;0.0;;0.0;0.0;0.0;0.0;0.0;;FK Sarajevo;;0.0;0.0;1.4;0;0.0;0 - 0;4.0;Siroki Brijeg;;0.0;0.0;6.5;0;0.0;-1.5;0 - 0;0-0;2.75;1.0;-;nan;;;;;;;;;;;;;;;;0.0;0.0;0.0;0.0;;;0.0;0.0;0.0;0.0;;[];[];[];[];[];[];[];[];1.0;0.0;0.0;1.0;0.0;0.0;;;;;;;
2026-05-16;194542760;Uganda Cup;Uganda;13:00;Schedule;False;0.5;2.05;2.0, 2.5;1.75;2.0, 2.5;0.0;0.0;;0.0;0.0;0.0;0.0;0.0;;SC Villa;;0.0;0.0;1.5;0;0.0;0 - 0;3.5;URA;;0.0;0.0;6.0;0;0.0;-0.75;0 - 0;0-0;2.25;0.75;-;nan;;;;;;;;;;;;;;;;0.0;0.0;0.0;0.0;;;0.0;0.0;0.0;0.0;;[];[];[];[];[];[];[];[];1.0;0.0;0.0;1.0;0.0;0.0;;;;;;;
2026-05-16;194529701;Bosnia & Herzegovina Premier Liga;Bosnia;13:00;Schedule;False;0.49275362318840576;1.975;2.0, 2.5;1.825;2.0, 2.5;0.0;0.0;;0.0;0.0;0.0;0.0;0.0;;Velez Mostar;;0.0;0.0;1.5;0;0.0;0 - 0;3.6;FK Rudar Prijedor;;0.0;0.0;5.75;0;0.0;-0.75;0 - 0;0-0;2.25;1.0;-;nan;;;;;;;;;;;;;;;;0.0;0.0;0.0;0.0;;;0.0;0.0;0.0;0.0;;[];[];[];[];[];[];[];[];1.0;0.0;0.0;1.0;0.0;0.0;;;;;;;
2026-05-16;193327526;Bulgaria First League;Bulgaria;13:00;Schedule;False;-0.02380952380952378;1.9;2.0, 2.5;1.9;2.0, 2.5;0.0;0.0;;0.0;0.0;0.0;0.0;0.0;;Botev Plovdiv;;0.0;0.0;2.8;0;0.0;0 - 0;3.1;Cherno More Varna;;0.0;0.0;2.625;0;0.0;0.0;0 - 0;0-0;2.25;1.0;-;nan;;;;;;;;;;;;;;;;0.0;0.0;0.0;0.0;;;0.0;0.0;0.0;0.0;;[];[];[];[];[];[];[];[];1.0;0.0;0.0;1.0;0.0;0.0;5241.0;3280.0;botev plovdiv;pfc cherno more varna;;;
2026-05-16;193327517;Bulgaria First League;Bulgaria;13:00;Schedule;False;0.46499999999999997;1.925;2.0, 2.5;1.875;2.0, 2.5;0.0;0.0;;0.0;0.0;0.0;0.0;0.0;;Arda Kardzhali;;0.0;0.0;1.6;0;0.0;0 - 0;3.5;Lokomotiv Plovdiv;;0.0;0.0;6.25;0;0.0;-1.25;0 - 0;0-0;2.25;1.0;-;nan;;;;;;;;;;;;;;;;0.0;0.0;0.0;0.0;;;0.0;0.0;0.0;0.0;;[];[];[];[];[];[];[];[];1.0;0.0;0.0;1.0;0.0;0.0;364786.0;3272.0;fc arda kardzhali;pfc lokomotiv plovdiv;;;
2026-05-16;194586329;France National 2;France;13:00;Schedule;False;-0.1923076923076923;1.8;2.0, 2.5;2.0;2.0, 2.5;0.0;0.0;;0.0;0.0;0.0;0.0;0.0;;AS Montlouis;;0.0;0.0;3.25;0;0.0;0 - 0;2.9;Saint Malo;;0.0;0.0;2.0;0;0.0;+0.25;0 - 0;0-0;2.25;1.0;-;nan;;;;;;;;;;;;;;;;0.0;0.0;0.0;0.0;;;0.0;0.0;0.0;0.0;;[];[];[];[];[];[];[];[];1.0;0.0;0.0;1.0;0.0;0.0;;;;;;;
2026-05-16;194586333;France National 2;France;13:00;Schedule;False;0.26777595926532094;1.775;2.0, 2.5;2.025;2.0, 2.5;0.0;0.0;;0.0;0.0;0.0;0.0;0.0;;Les Herbiers;;0.0;0.0;1.833;0;0.0;0 - 0;3.4;Chateaubriant;;0.0;0.0;3.6;0;0.0;-0.75;0 - 0;0-0;2.5;1.0;-;nan;;;;;;;;;;;;;;;;0.0;0.0;0.0;0.0;;;0.0;0.0;0.0;0.0;;[];[];[];[];[];[];[];[];1.0;0.0;0.0;1.0;0.0;0.0;;;;;;;
2026-05-16;193332603;Switzerland Super League;Switzerland;13:00;Schedule;False;-0.22971682124919107;1.825;3.5;1.975;3.5;0.0;0.0;;0.0;0.0;0.0;0.0;0.0;;Winterthur;12.0;0.0;0.0;3.4;0;0.0;0 - 0;4.1;Lucerne;7.0;0.0;0.0;1.909;0;0.0;+0.75;0 - 0;0-0;3.5;1.5;-;nan;;;;;;;;;;;;;;;;0.0;0.0;0.0;0.0;;;0.0;0.0;0.0;0.0;;[];[];[];[];[];[];[];[];1.0;0.0;0.0;1.0;0.0;0.0;2458.0;2453.0;fc winterthur;fc luzern;1.33;1.36;
2026-05-16;193710453;Argentina Nacional B;Argentina;13:00;Schedule;False;0.3816425120772947;1.95;1.5, 2.0;1.85;1.5, 2.0;0.0;0.0;;0.0;0.0;0.0;0.0;0.0;;CA Atlanta;;0.0;0.0;1.8;0;0.0;0 - 0;3.0;Atletico Rafaela;;0.0;0.0;5.75;0;0.0;-0.5;0 - 0;0-0;1.75;0.75;-;nan;;;;;;;;;;;;;;;;0.0;0.0;0.0;0.0;;;0.0;0.0;0.0;0.0;;[];[];[];[];[];[];[];[];1.0;0.0;0.0;1.0;0.0;0.0;53799.0;34976.0;ca atlanta;atletico de rafaela;;;Youth
2026-05-16;194692732;Burkina Faso League;Burkina Faso;13:00;Schedule;False;;;2.0;;2.0;0.0;0.0;;0.0;0.0;0.0;0.0;0.0;;US Comoe;;0.0;0.0;;0;0.0;0 - 0;;Etoile Filante FC;;0.0;0.0;;0;0.0;0.0;0 - 0;0-0;2.0;0.75;-;nan;;;;;;;;;;;;;;;;0.0;0.0;0.0;0.0;;;0.0;0.0;0.0;0.0;;[];[];[];[];[];[];[];[];1.0;0.0;0.0;1.0;0.0;0.0;;;;;;;
2026-05-16;194692728;Burkina Faso League;Burkina Faso;13:00;Schedule;False;;;1.75;;1.75;0.0;0.0;;0.0;0.0;0.0;0.0;0.0;;Sonabel;;0.0;0.0;;0;0.0;0 - 0;;KOZAF;;0.0;0.0;;0;0.0;0.0;0 - 0;0-0;1.75;0.75;-;nan;;;;;;;;;;;;;;;;0.0;0.0;0.0;0.0;;;0.0;0.0;0.0;0.0;;[];[];[];[];[];[];[];[];1.0;0.0;0.0;1.0;0.0;0.0;;;;;;;
2026-05-16;193332609;Switzerland Super League;Switzerland;13:00;Schedule;False;0.49275362318840576;1.975;3.0, 3.5;1.825;3.0, 3.5;0.0;0.0;;0.0;0.0;0.0;0.0;0.0;;Lausanne Sports;9.0;0.0;0.0;1.5;0;0.0;0 - 0;4.5;Grasshoppers;11.0;0.0;0.0;5.75;0;0.0;-1.25;0 - 0;0-0;3.25;1.5;-;nan;;;;;;;;;;;;;;;;0.0;0.0;0.0;0.0;;;0.0;0.0;0.0;0.0;;[];[];[];[];[];[];[];[];1.0;0.0;0.0;1.0;0.0;0.0;2446.0;2449.0;lausanne-sport;grasshopper club zurich;1.53;1.53;
2026-05-16;194642285;Spain Tercera Group 17;Spain;13:00;Schedule;False;;;2.0;;2.0;0.0;0.0;;0.0;0.0;0.0;0.0;0.0;;Epila CF;;0.0;0.0;;0;0.0;0 - 0;;Monzón;;0.0;0.0;;0;0.0;0.0;0 - 0;0-0;2.0;0.75;-;nan;;;;;;;;;;;;;;;;0.0;0.0;0.0;0.0;;;0.0;0.0;0.0;0.0;;[];[];[];[];[];[];[];[];1.0;0.0;0.0;1.0;0.0;0.0;;;;;;;
2026-05-16;194586336;France National 2;France;13:00;Schedule;False;0.015384615384615441;1.9;2.0, 2.5;1.9;2.0, 2.5;0.0;0.0;;0.0;0.0;0.0;0.0;0.0;;Dinan Lehon;;0.0;0.0;2.5;0;0.0;0 - 0;3.0;Angouleme;;0.0;0.0;2.6;0;0.0;0.0;0 - 0;0-0;2.5;1.0;-;nan;;;;;;;;;;;;;;;;0.0;0.0;0.0;0.0;;;0.0;0.0;0.0;0.0;;[];[];[];[];[];[];[];[];1.0;0.0;0.0;1.0;0.0;0.0;;;;;;;
2026-05-16;194529697;Bosnia & Herzegovina Premier Liga;Bosnia;13:00;Schedule;False;0.40606060606060607;2.025;2.0, 2.5;1.775;2.0, 2.5;0.0;0.0;;0.0;0.0;0.0;0.0;0.0;;FK Sloga Doboj;;0.0;0.0;1.65;0;0.0;0 - 0;3.25;Radnik Bijeljina;;0.0;0.0;5.0;0;0.0;-0.75;0 - 0;0-0;2.25;0.75;-;nan;;;;;;;;;;;;;;;;0.0;0.0;0.0;0.0;;;0.0;0.0;0.0;0.0;;[];[];[];[];[];[];[];[];1.0;0.0;0.0;1.0;0.0;0.0;;;;;;;
2026-05-16;194586345;France National 2;France;13:00;Schedule;False;-0.40866873065015485;1.825;2.0, 2.5;1.975;2.0, 2.5;0.0;0.0;;0.0;0.0;0.0;0.0;0.0;;Limonest;;0.0;0.0;4.75;0;0.0;0 - 0;3.5;Nimes;;0.0;0.0;1.615;0;0.0;+1.0;0 - 0;0-0;2.5;1.0;-;nan;;;;;;;;;;;;;;;;0.0;0.0;0.0;0.0;;;0.0;0.0;0.0;0.0;;[];[];[];[];[];[];[];[];1.0;0.0;0.0;1.0;0.0;0.0;;;;;;;
2026-05-16;194586798;France National 3;France;13:00;Schedule;False;0.32903879559930516;1.95;2.5;1.85;2.5;0.0;0.0;;0.0;0.0;0.0;0.0;0.0;;Pontivy GSI;;0.0;0.0;1.727;0;0.0;0 - 0;3.5;Vannes OC;;0.0;0.0;4.0;0;0.0;-0.5;0 - 0;0-0;2.25;1.0;-;nan;;;;;;;;;;;;;;;;0.0;0.0;0.0;0.0;;;0.0;0.0;0.0;0.0;;[];[];[];[];[];[];[];[];1.0;0.0;0.0;1.0;0.0;0.0;;;;;;;
2026-05-16;194586828;France National 3;France;13:00;Schedule;False;-0.2381201825937289;2.025;2.5;1.775;2.5;0.0;0.0;;0.0;0.0;0.0;0.0;0.0;;Strasbourg II;;0.0;0.0;3.5;0;0.0;0 - 0;3.25;CA Pontarlier;;0.0;0.0;1.909;0;0.0;0.0;0 - 0;0-0;2.75;1.0;-;nan;;;;;;;;;;;;;;;;0.0;0.0;0.0;0.0;;;0.0;0.0;0.0;0.0;;[];[];[];[];[];[];[];[];1.0;0.0;0.0;1.0;0.0;0.0;1659.0;;strasbourg alsace;;;;Youth
2026-05-16;194655319;Algeria Division 2;Algeria;13:00;Schedule;False;0.01904761904761909;1.85;2.0;1.95;2.0;0.0;0.0;;0.0;0.0;0.0;0.0;0.0;;USM El Harrach;;0.0;0.0;2.5;0;0.0;0 - 0;3.0;US Chaouia;;0.0;0.0;2.625;0;0.0;-0.25;0 - 0;0-0;2.0;0.75;-;nan;;;;;;;;;;;;;;;;0.0;0.0;0.0;0.0;;;0.0;0.0;0.0;0.0;;[];[];[];[];[];[];[];[];1.0;0.0;0.0;1.0;0.0;0.0;;;;;;;
2026-05-16;194576444;Spain Segunda Division RFEF Play-Offs;Spain;13:00;Schedule;False;0.07763975155279507;1.825;2.0, 2.5;1.975;2.0, 2.5;0.0;0.0;;0.0;0.0;0.0;0.0;0.0;;Real Oviedo Vetusta;;0.0;0.0;2.3;0;0.0;0 - 0;3.1;Tudelano;;0.0;0.0;2.8;0;0.0;0.0;0 - 0;0-0;2.25;1.0;-;nan;;;;;;;;;;;;;;;;0.0;0.0;0.0;0.0;;;0.0;0.0;0.0;0.0;;[];[];[];[];[];[];[];[];1.0;0.0;0.0;1.0;0.0;0.0;;;;;;;
2026-05-16;194652405;France National 3;France;13:00;Schedule;False;0.5604395604395604;1.8;2.5;2.0;2.5;0.0;0.0;;0.0;0.0;0.0;0.0;0.0;;Challans;;0.0;0.0;1.4;0;0.0;0 - 0;4.0;Chatellerault;;0.0;0.0;6.5;0;0.0;-1.25;0 - 0;0-0;2.5;1.0;-;nan;;;;;;;;;;;;;;;;0.0;0.0;0.0;0.0;;;0.0;0.0;0.0;0.0;;[];[];[];[];[];[];[];[];1.0;0.0;0.0;1.0;0.0;0.0;;;;;;;
2026-05-16;194652410;France National 3;France;13:00;Schedule;False;-0.08080808080808077;1.8;2.0, 2.5;2.0;2.0, 2.5;0.0;0.0;;0.0;0.0;0.0;0.0;0.0;;Saran;;0.0;0.0;2.75;0;0.0;0 - 0;3.25;Dijon II;;0.0;0.0;2.25;0;0.0;+0.25;0 - 0;0-0;2.5;1.0;-;nan;;;;;;;;;;;;;;;;0.0;0.0;0.0;0.0;;;0.0;0.0;0.0;0.0;;[];[];[];[];[];[];[];[];1.0;0.0;0.0;1.0;0.0;0.0;;477222.0;;dijon fco;;;Youth
2026-05-16;194586787;France National 3;France;13:00;Schedule;False;-0.14285714285714285;2.025;2.5;1.775;2.5;0.0;0.0;;0.0;0.0;0.0;0.0;0.0;;Caen II;;0.0;0.0;3.0;0;0.0;0 - 0;3.25;Bastia II;;0.0;0.0;2.1;0;0.0;-0.25;0 - 0;0-0;2.5;1.0;-;nan;;;;;;;;;;;;;;;;0.0;0.0;0.0;0.0;;;0.0;0.0;0.0;0.0;;[];[];[];[];[];[];[];[];1.0;0.0;0.0;1.0;0.0;0.0;1667.0;;sm caen;;;;Youth
2026-05-16;194651651;Estonia Meistriliiga Women;Estonia;13:00;Schedule;False;0.45345345345345345;1.925;3.5, 4.0;1.875;3.5, 4.0;0.0;0.0;;0.0;0.0;0.0;0.0;0.0;;Paide Linnanaiskond (W);;0.0;0.0;1.48;0;0.0;0 - 0;4.75;Saku Sporting (W);;0.0;0.0;4.5;0;0.0;-1.25;0 - 0;0-0;4.0;1.75;-;nan;;;;;;;;;;;;;;;;0.0;0.0;0.0;0.0;;;0.0;0.0;0.0;0.0;;[];[];[];[];[];[];[];[];1.0;0.0;0.0;1.0;0.0;0.0;;;;;;;Women
2026-05-16;194642485;Switzerland 2. Liga Interregional;Switzerland;13:00;Schedule;False;0.27731092436974786;1.775;3.0;2.025;3.0;0.0;0.0;;0.0;0.0;0.0;0.0;0.0;;AC Malcantone;;0.0;0.0;1.75;0;0.0;0 - 0;4.0;FC Ibach;;0.0;0.0;3.4;0;0.0;-0.75;0 - 0;0-0;3.0;1.25;-;nan;;;;;;;;;;;;;;;;0.0;0.0;0.0;0.0;;;0.0;0.0;0.0;0.0;;[];[];[];[];[];[];[];[];1.0;0.0;0.0;1.0;0.0;0.0;;;;;;;
2026-05-16;194655317;Algeria Division 2;Algeria;13:00;Schedule;False;0.07114624505928857;1.8;2.0;2.0;2.0;0.0;0.0;;0.0;0.0;0.0;0.0;0.0;;CA Batna;;0.0;0.0;2.3;0;0.0;0 - 0;3.2;CR Temouchent;;0.0;0.0;2.75;0;0.0;-0.25;0 - 0;0-0;2.0;0.75;-;nan;;;;;;;;;;;;;;;;0.0;0.0;0.0;0.0;;;0.0;0.0;0.0;0.0;;[];[];[];[];[];[];[];[];1.0;0.0;0.0;1.0;0.0;0.0;;;;;;;
2026-05-16;194586793;France National 3;France;13:00;Schedule;False;-0.09090909090909088;2.0;2.5;1.8;2.5;0.0;0.0;;0.0;0.0;0.0;0.0;0.0;;Blagnac;;0.0;0.0;2.75;0;0.0;0 - 0;3.4;Tarbes Pyrenees;;0.0;0.0;2.2;0;0.0;0.0;0 - 0;0-0;2.25;1.0;-;nan;;;;;;;;;;;;;;;;0.0;0.0;0.0;0.0;;;0.0;0.0;0.0;0.0;;[];[];[];[];[];[];[];[];1.0;0.0;0.0;1.0;0.0;0.0;;;;;;;
2026-05-16;194640780;Jordan Cup;Jordan;13:00;Schedule;False;-0.3617847858999628;1.8;2.5;2.0;2.5;0.0;0.0;;0.0;0.0;0.0;0.0;0.0;;Ramtha SC;;0.0;0.0;4.2;0;0.0;0 - 0;3.6;Al-Hussein SC;;0.0;0.0;1.667;0;0.0;+1.0;0 - 0;0-0;2.5;1.0;-;nan;;;;;;;;;;;;;;;;0.0;0.0;0.0;0.0;;;0.0;0.0;0.0;0.0;;[];[];[];[];[];[];[];[];1.0;0.0;0.0;1.0;0.0;0.0;54595.0;117204.0;ramtha sc;al hussein irbid;1.8;1.8;
2026-05-16;194586789;France National 3;France;13:00;Schedule;False;0.2777777777777778;2.0;2.5;1.8;2.5;0.0;0.0;;0.0;0.0;0.0;0.0;0.0;;Ajaccio GFCA;;0.0;0.0;1.8;0;0.0;0 - 0;3.5;Amiens SC II;;0.0;0.0;3.6;0;0.0;-0.5;0 - 0;0-0;2.5;1.0;-;nan;;;;;;;;;;;;;;;;0.0;0.0;0.0;0.0;;;0.0;0.0;0.0;0.0;;[];[];[];[];[];[];[];[];1.0;0.0;0.0;1.0;0.0;0.0;;;;;;;Youth
2026-05-16;194586791;France National 3;France;13:00;Schedule;False;-0.21870286576168935;1.875;2.0, 2.5;1.925;2.0, 2.5;0.0;0.0;;0.0;0.0;0.0;0.0;0.0;;Bassin D'Arcachon;;0.0;0.0;3.4;0;0.0;0 - 0;3.3;Canet Roussillon;;0.0;0.0;1.95;0;0.0;+0.5;0 - 0;0-0;2.5;1.0;-;nan;;;;;;;;;;;;;;;;0.0;0.0;0.0;0.0;;;0.0;0.0;0.0;0.0;;[];[];[];[];[];[];[];[];1.0;0.0;0.0;1.0;0.0;0.0;;;;;;;
2026-05-16;194691221;Portugal U19 2nd Division;Portugal;13:00;Schedule;False;0.0444444444444444;1.95;3.0;1.85;3.0;0.0;0.0;;0.0;0.0;0.0;0.0;0.0;;Uniao Nogueirense U19;;0.0;0.0;2.25;0;0.0;0 - 0;3.75;SC Farense U19;;0.0;0.0;2.5;0;0.0;0.0;0 - 0;0-0;3.0;1.25;-;nan;;;;;;;;;;;;;;;;0.0;0.0;0.0;0.0;;;0.0;0.0;0.0;0.0;;[];[];[];[];[];[];[];[];1.0;0.0;0.0;1.0;0.0;0.0;;2998.0;;sc farense;;;Youth
2026-05-16;194636802;Iceland 2 Deild;Iceland;13:00;Schedule;False;0.1905011349746813;1.825;3.5;1.975;3.5;0.0;0.0;;0.0;0.0;0.0;0.0;0.0;;KFG;;0.0;0.0;1.909;0;0.0;0 - 0;4.0;Magni Grenivik;;0.0;0.0;3.0;0;0.0;-0.25;0 - 0;0-0;3.5;1.5;-;nan;;;;;;;;;;;;;;;;0.0;0.0;0.0;0.0;;;0.0;0.0;0.0;0.0;;[];[];[];[];[];[];[];[];1.0;0.0;0.0;1.0;0.0;0.0;;;;;;;
2026-05-16;194636696;Georgia First League;Georgia;13:00;Schedule;False;0.21870286576168935;1.9;2.0, 2.5;1.9;2.0, 2.5;0.0;0.0;;0.0;0.0;0.0;0.0;0.0;;FC Gori;10.0;0.0;0.0;1.95;0;0.0;0 - 0;3.25;Aragvi Dusheti;6.0;0.0;0.0;3.4;0;0.0;-0.5;0 - 0;0-0;2.25;1.0;-;nan;;;;;;;;;;;;;;;;0.0;0.0;0.0;0.0;;;0.0;0.0;0.0;0.0;;[];[];[];[];[];[];[];[];1.0;0.0;0.0;1.0;0.0;0.0;;;;;;;
2026-05-16;194586795;France National 3;France;13:00;Schedule;False;0.2777777777777778;2.0;2.5;1.8;2.5;0.0;0.0;;0.0;0.0;0.0;0.0;0.0;;Pau II;;0.0;0.0;1.8;0;0.0;0 - 0;3.5;Agde;;0.0;0.0;3.6;0;0.0;-0.75;0 - 0;0-0;2.25;1.0;-;nan;;;;;;;;;;;;;;;;0.0;0.0;0.0;0.0;;;0.0;0.0;0.0;0.0;;[];[];[];[];[];[];[];[];1.0;0.0;0.0;1.0;0.0;0.0;1685.0;;pau fc;;;;Youth
2026-05-16;194638838;Mexico Liga TDP;Mexico;13:00;Schedule;False;;;3.0;;3.0;0.0;0.0;;0.0;0.0;0.0;0.0;0.0;;CF Pachuca III;;0.0;0.0;;0;0.0;0 - 0;;Cordobes Futbol Club II;;0.0;0.0;;0;0.0;-1.25;0 - 0;0-0;3.0;1.25;-;nan;;;;;;;;;;;;;;;;0.0;0.0;0.0;0.0;;;0.0;0.0;0.0;0.0;;[];[];[];[];[];[];[];[];1.0;0.0;0.0;1.0;0.0;0.0;;;;;;;Youth
2026-05-16;194586807;France National 3;France;13:00;Schedule;False;0.1067193675889328;1.775;2.0, 2.5;2.025;2.0, 2.5;0.0;0.0;;0.0;0.0;0.0;0.0;0.0;;Havre Caucriauville Sportif;;0.0;0.0;2.2;0;0.0;0 - 0;3.25;Versailles 78 II;;0.0;0.0;2.875;0;0.0;-0.5;0 - 0;0-0;2.5;1.0;-;nan;;;;;;;;;;;;;;;;0.0;0.0;0.0;0.0;;;0.0;0.0;0.0;0.0;;[];[];[];[];[];[];[];[];1.0;0.0;0.0;1.0;0.0;0.0;;;;;;;Youth
2026-05-16;194586815;France National 3;France;13:00;Schedule;False;-0.6599579178483213;1.9;2.5, 3.0;1.9;2.5, 3.0;0.0;0.0;;0.0;0.0;0.0;0.0;0.0;;Besancon;;0.0;0.0;8.5;0;0.0;0 - 0;4.5;Troyes II;;0.0;0.0;1.286;0;0.0;+1.5;0 - 0;0-0;2.75;1.25;-;nan;;;;;;;;;;;;;;;;0.0;0.0;0.0;0.0;;;0.0;0.0;0.0;0.0;;[];[];[];[];[];[];[];[];1.0;0.0;0.0;1.0;0.0;0.0;;1652.0;;estac troyes;;;Youth
2026-05-16;194691219;Portugal U19 2nd Division;Portugal;13:00;Schedule;False;0.016666666666666663;2.0;2.5, 3.0;1.8;2.5, 3.0;0.0;0.0;;0.0;0.0;0.0;0.0;0.0;;Feirense U19;;0.0;0.0;2.4;0;0.0;0 - 0;3.4;Clube Oriental Lisboa U19;;0.0;0.0;2.5;0;0.0;0.0;0 - 0;0-0;2.75;1.0;-;nan;;;;;;;;;;;;;;;;0.0;0.0;0.0;0.0;;;0.0;0.0;0.0;0.0;;[];[];[];[];[];[];[];[];1.0;0.0;0.0;1.0;0.0;0.0;4501.0;;cd feirense;;;;Youth
2026-05-16;194586339;France National 2;France;13:00;Schedule;False;0.3776578017729787;1.8;2.0, 2.5;2.0;2.0, 2.5;0.0;0.0;;0.0;0.0;0.0;0.0;0.0;;Thionville FC;;0.0;0.0;1.667;0;0.0;0 - 0;3.4;FC Chambly Oise;;0.0;0.0;4.5;0;0.0;-0.5;0 - 0;0-0;2.5;1.0;-;nan;;;;;;;;;;;;;;;;0.0;0.0;0.0;0.0;;;0.0;0.0;0.0;0.0;;[];[];[];[];[];[];[];[];1.0;0.0;0.0;1.0;0.0;0.0;;;;;;;
2026-05-16;193332606;Switzerland Super League;Switzerland;13:00;Schedule;False;-0.16849816849816845;1.825;3.0;1.975;3.0;0.0;0.0;;0.0;0.0;0.0;0.0;0.0;;FC Zurich;10.0;0.0;0.0;3.25;0;0.0;0 - 0;3.6;Servette;8.0;0.0;0.0;2.1;0;0.0;+0.25;0 - 0;0-0;3.25;1.25;-;nan;;;;;;;;;;;;;;;;0.0;0.0;0.0;0.0;;;0.0;0.0;0.0;0.0;;[];[];[];[];[];[];[];[];1.0;0.0;0.0;1.0;0.0;0.0;2450.0;2448.0;fc zurich;servette geneva;1.44;1.44;
2026-05-16;194599871;Spain Tercera Group 15;Spain;13:00;Schedule;False;;;2.0;;2.0;0.0;0.0;;0.0;0.0;0.0;0.0;0.0;;AD San Juan;;0.0;0.0;;0;0.0;0 - 0;;CD Pamplona;;0.0;0.0;;0;0.0;0.0;0 - 0;0-0;2.0;0.75;-;nan;;;;;;;;;;;;;;;;0.0;0.0;0.0;0.0;;;0.0;0.0;0.0;0.0;;[];[];[];[];[];[];[];[];1.0;0.0;0.0;1.0;0.0;0.0;;;;;;;
2026-05-16;194593043;Iceland 2 Deild;Iceland;13:00;Schedule;False;0.12416851441241689;2.0;3.0, 3.5;1.8;3.0, 3.5;0.0;0.0;;0.0;0.0;0.0;0.0;0.0;;Vikingur Olafsvik;10.0;0.0;0.0;2.05;0;0.0;0 - 0;3.8;Dalvik/Reynir;7.0;0.0;0.0;2.75;0;0.0;0.0;0 - 0;0-0;3.25;1.25;-;nan;;;;;;;;;;;;;;;;0.0;0.0;0.0;0.0;;;0.0;0.0;0.0;0.0;;[];[];[];[];[];[];[];[];1.0;0.0;0.0;1.0;0.0;0.0;;;;;;;
2026-05-16;194518909;Germany Regionalliga North;Germany;13:00;Schedule;False;0.49252077562326874;1.975;3.5;1.825;3.5;0.0;0.0;;0.0;0.0;0.0;0.0;0.0;;Hamburg II;;0.0;0.0;1.444;0;0.0;0 - 0;4.5;TuS Blau-Weiss Lohne;;0.0;0.0;5.0;0;0.0;-0.25;0 - 0;0-0;3.25;1.25;-;nan;;;;;;;;;;;;;;;;0.0;0.0;0.0;0.0;;;0.0;0.0;0.0;0.0;;[];[];[];[];[];[];[];[];1.0;0.0;0.0;1.0;0.0;0.0;2531.0;738679.0;hamburger sv ii;blau-weiss lohne;1.53;1.53;Youth-Women
2026-05-16;194579179;Italy Serie A Women;Italy;13:00;Schedule;False;0.5792916760658695;1.925;3.0;1.875;3.0;0.0;0.0;;0.0;0.0;0.0;0.0;0.0;;Inter Milan (W);;0.0;0.0;1.364;0;0.0;0 - 0;4.75;FC Como (W);;0.0;0.0;6.5;0;0.0;-1.0;0 - 0;0-0;2.75;1.25;-;nan;;;;;;;;;;;;;;;;0.0;0.0;0.0;0.0;;;0.0;0.0;0.0;0.0;;[];[];[];[];[];[];[];[];1.0;0.0;0.0;1.0;0.0;0.0;2697.0;865429.0;inter milano;ssd fc como;;;Women
2026-05-16;194518906;Germany Regionalliga North;Germany;13:00;Schedule;False;-0.39844199933315155;1.95;3.5;1.85;3.5;0.0;0.0;;0.0;0.0;0.0;0.0;0.0;;Altona 93;;0.0;0.0;4.2;0;0.0;0 - 0;4.2;BSV Kickers Emden;;0.0;0.0;1.571;0;0.0;+1.0;0 - 0;0-0;3.75;1.5;-;nan;;;;;;;;;;;;;;;;0.0;0.0;0.0;0.0;;;0.0;0.0;0.0;0.0;;[];[];[];[];[];[];[];[];1.0;0.0;0.0;1.0;0.0;0.0;6183.0;5047.0;altona 93;kickers emden;1.44;1.44;
2026-05-16;194530455;Estonia Esiliiga;Estonia;13:00;Schedule;False;0.24884792626728108;1.8;3.5, 4.0;2.0;3.5, 4.0;0.0;0.0;;0.0;0.0;0.0;0.0;0.0;;Levadia Tallinn II;;0.0;0.0;1.75;0;0.0;0 - 0;4.333;Maardu Linnameeskond;;0.0;0.0;3.1;0;0.0;0.0;0 - 0;0-0;3.75;1.5;-;nan;;;;;;;;;;;;;;;;0.0;0.0;0.0;0.0;;;0.0;0.0;0.0;0.0;;[];[];[];[];[];[];[];[];1.0;0.0;0.0;1.0;0.0;0.0;;;;;;;Youth
2026-05-16;194530461;Estonia Esiliiga;Estonia;13:00;Schedule;False;0.10582010582010581;1.9;3.5, 4.0;1.9;3.5, 4.0;0.0;0.0;;0.0;0.0;0.0;0.0;0.0;;JK Nomme United II;;0.0;0.0;2.1;0;0.0;0 - 0;3.75;FC Elva;;0.0;0.0;2.7;0;0.0;0.0;0 - 0;0-0;3.75;1.5;-;nan;;;;;;;;;;;;;;;;0.0;0.0;0.0;0.0;;;0.0;0.0;0.0;0.0;;[];[];[];[];[];[];[];[];1.0;0.0;0.0;1.0;0.0;0.0;37572.0;;fc nomme united;;;;Youth
2026-05-16;194469876;Finland Veikkausliiga;Finland;13:00;Schedule;False;0.3955342902711324;1.825;2.5;1.975;2.5;0.0;0.0;;0.0;0.0;0.0;0.0;0.0;;AC Oulu;;0.0;0.0;1.65;0;0.0;0 - 0;3.7;TPS;;0.0;0.0;4.75;0;0.0;-0.75;0 - 0;0-0;2.5;1.0;-;nan;;;;;;;;;;;;;;;;0.0;0.0;0.0;0.0;;;0.0;0.0;0.0;0.0;;[];[];[];[];[];[];[];[];1.0;0.0;0.0;1.0;0.0;0.0;5114.0;;ac oulu;;;;
2026-05-16;194469894;Finland Veikkausliiga;Finland;13:00;Schedule;False;0.12028869286287086;1.85;2.5;1.95;2.5;0.0;0.0;;0.0;0.0;0.0;0.0;0.0;;IF Gnistan;;0.0;0.0;2.15;0;0.0;0 - 0;3.4;FF Jaro;;0.0;0.0;2.9;0;0.0;-0.25;0 - 0;0-0;2.5;nan;-;nan;;;;;;;;;;;;;;;;0.0;0.0;0.0;0.0;;;0.0;0.0;0.0;0.0;;[];[];[];[];[];[];[];[];1.0;0.0;0.0;1.0;0.0;0.0;2271.0;2252.0;if gnistan;ff jaro;1.57;1.75;
2026-05-16;194579168;France National 2;France;13:00;Schedule;False;0.29914529914529914;1.875;2.0, 2.5;1.925;2.0, 2.5;0.0;0.0;;0.0;0.0;0.0;0.0;0.0;;Cannes;;0.0;0.0;1.8;0;0.0;0 - 0;3.4;US Lusitanos Saint-Maur;;0.0;0.0;3.9;0;0.0;-0.75;0 - 0;0-0;2.5;1.0;-;nan;;;;;;;;;;;;;;;;0.0;0.0;0.0;0.0;;;0.0;0.0;0.0;0.0;;[];[];[];[];[];[];[];[];1.0;0.0;0.0;1.0;0.0;0.0;;;;;;;
2026-05-16;194490401;Latvia Virsliga;Latvia;13:00;Schedule;False;0.7979675617470894;1.825;3.5;1.975;3.5;0.0;0.0;;0.0;0.0;0.0;0.0;0.0;;Riga FC;;0.0;0.0;1.143;0;0.0;0 - 0;8.0;FS Jelgava;;0.0;0.0;13.0;0;0.0;-2.25;0 - 0;0-0;3.5;1.5;-;nan;;;;;;;;;;;;;;;;0.0;0.0;0.0;0.0;;;0.0;0.0;0.0;0.0;;[];[];[];[];[];[];[];[];1.0;0.0;0.0;1.0;0.0;0.0;162368.0;36081.0;riga fc;fs jelgava;1.72;1.9;
2026-05-16;194518928;Germany Regionalliga North;Germany;13:00;Schedule;False;-0.10582010582010581;1.8;3.0, 3.5;2.0;3.0, 3.5;0.0;0.0;;0.0;0.0;0.0;0.0;0.0;;FSV Schoningen;;0.0;0.0;2.7;0;0.0;0 - 0;3.8;Phonix Lubeck;;0.0;0.0;2.1;0;0.0;+0.5;0 - 0;0-0;3.25;1.25;-;nan;;;;;;;;;;;;;;;;0.0;0.0;0.0;0.0;;;0.0;0.0;0.0;0.0;;[];[];[];[];[];[];[];[];1.0;0.0;0.0;1.0;0.0;0.0;915975.0;447507.0;fsv schoningen 2011;1. fc phonix lubeck;1.33;1.33;
2026-05-16;194518921;Germany Regionalliga North;Germany;13:00;Schedule;False;0.811965811965812;1.8;3.5, 4.0;2.0;3.5, 4.0;0.0;0.0;;0.0;0.0;0.0;0.0;0.0;;SV Meppen;;0.0;0.0;1.125;0;0.0;0 - 0;8.0;St Pauli II;;0.0;0.0;13.0;0;0.0;-2.25;0 - 0;0-0;3.75;1.5;-;nan;;;;;;;;;;;;;;;;0.0;0.0;0.0;0.0;;;0.0;0.0;0.0;0.0;;[];[];[];[];[];[];[];[];1.0;0.0;0.0;1.0;0.0;0.0;5804.0;5800.0;sv meppen 1912;fc st. pauli ii;1.83;1.83;Youth
2026-05-16;194594786;Poland III Liga;Poland;13:00;Schedule;False;0.008503401360544283;1.825;2.5;1.975;2.5;0.0;0.0;;0.0;0.0;0.0;0.0;0.0;;Cartusia Kartuzy;;0.0;0.0;2.4;0;0.0;0 - 0;3.4;Pogon Nowe Skalmierzyce;;0.0;0.0;2.45;0;0.0;+0.25;0 - 0;0-0;2.5;1.0;-;nan;;;;;;;;;;;;;;;;0.0;0.0;0.0;0.0;;;0.0;0.0;0.0;0.0;;[];[];[];[];[];[];[];[];1.0;0.0;0.0;1.0;0.0;0.0;;;;;;;
2026-05-16;194596306;Estonia Esiliiga B;Estonia;13:00;Schedule;False;-0.1068524970963996;2.0;4.0, 4.5;1.8;4.0, 4.5;0.0;0.0;;0.0;0.0;0.0;0.0;0.0;;FA Kalev Tartu;6.0;0.0;0.0;2.625;0;0.0;0 - 0;4.1;JK Tammeka Tartu II;1.0;0.0;0.0;2.05;0;0.0;+0.25;0 - 0;0-0;4.0;1.5;-;nan;;;;;;;;;;;;;;;;0.0;0.0;0.0;0.0;;;0.0;0.0;0.0;0.0;;[];[];[];[];[];[];[];[];1.0;0.0;0.0;1.0;0.0;0.0;;138566.0;;tartu jk tammeka;;;Youth
2026-05-16;194586861;France Division 1 Women;France;13:00;Schedule;False;0.8614718614718615;1.85;4.0;1.95;4.0;0.0;0.0;;0.0;0.0;0.0;0.0;0.0;;OL Lyonnes (W);;0.0;0.0;1.1;0;0.0;0 - 0;10.0;Nantes (W);;0.0;0.0;21.0;0;0.0;-3.0;0 - 0;0-0;4.0;1.75;-;nan;;;;;;;;;;;;;;;;0.0;0.0;0.0;0.0;;;0.0;0.0;0.0;0.0;;[];[];[];[];[];[];[];[];1.0;0.0;0.0;1.0;0.0;0.0;1649.0;1647.0;olympique lyon;fc nantes;;;Women
2026-05-16;194596696;International Match;International (World);13:00;Schedule;False;0.8614718614718615;1.975;3.5;1.825;3.5;0.0;0.0;;0.0;0.0;0.0;0.0;0.0;;Rep of Ireland;;0.0;0.0;1.1;0;0.0;0 - 0;8.0;Grenada;;0.0;0.0;21.0;0;0.0;-3.0;0 - 0;0-0;3.75;1.5;-;nan;;;;;;;;;;;;;;;;0.0;0.0;0.0;0.0;;;0.0;0.0;0.0;0.0;;[];[];[];[];[];[];[];[];1.0;0.0;0.0;1.0;0.0;0.0;4693.0;;ireland;;;;
2026-05-16;194578002;Estonia Esiliiga;Estonia;13:00;Schedule;False;-0.49252077562326874;1.85;3.5;1.95;3.5;0.0;0.0;;0.0;0.0;0.0;0.0;0.0;;JK Nomme Kalju II;;0.0;0.0;5.0;0;0.0;0 - 0;4.5;Viimsi JK;;0.0;0.0;1.444;0;0.0;+1.25;0 - 0;0-0;3.5;1.5;-;nan;;;;;;;;;;;;;;;;0.0;0.0;0.0;0.0;;;0.0;0.0;0.0;0.0;;[];[];[];[];[];[];[];[];1.0;0.0;0.0;1.0;0.0;0.0;8091.0;;nomme kalju fc;;;;Youth
2026-05-16;194529711;Bosnia & Herzegovina Premier Liga;Bosnia;13:00;Schedule;False;0.549663632766126;1.975;2.0, 2.5;1.825;2.0, 2.5;0.0;0.0;;0.0;0.0;0.0;0.0;0.0;;Zrinjski Mostar;;0.0;0.0;1.444;0;0.0;0 - 0;3.6;HSK Posusje;;0.0;0.0;7.0;0;0.0;-0.5;0 - 0;0-0;2.25;1.0;-;nan;;;;;;;;;;;;;;;;0.0;0.0;0.0;0.0;;;0.0;0.0;0.0;0.0;;[];[];[];[];[];[];[];[];1.0;0.0;0.0;1.0;0.0;0.0;;;;;;;
2026-05-16;194586341;France National 2;France;13:00;Schedule;False;0.15360983102918585;2.025;2.0, 2.5;1.775;2.0, 2.5;0.0;0.0;;0.0;0.0;0.0;0.0;0.0;;Feignies Aulnoye FC;;0.0;0.0;2.1;0;0.0;0 - 0;3.2;Haguenau;;0.0;0.0;3.1;0;0.0;-0.25;0 - 0;0-0;2.25;0.75;-;nan;;;;;;;;;;;;;;;;0.0;0.0;0.0;0.0;;;0.0;0.0;0.0;0.0;;[];[];[];[];[];[];[];[];1.0;0.0;0.0;1.0;0.0;0.0;;;;;;;
2026-05-16;194579166;France National 2;France;13:00;Schedule;False;-0.015384615384615441;1.75;2.0;2.05;2.0;0.0;0.0;;0.0;0.0;0.0;0.0;0.0;;Beauvais;;0.0;0.0;2.6;0;0.0;0 - 0;3.0;Bieshiem;;0.0;0.0;2.5;0;0.0;-0.25;0 - 0;0-0;2.25;1.0;-;nan;;;;;;;;;;;;;;;;0.0;0.0;0.0;0.0;;;0.0;0.0;0.0;0.0;;[];[];[];[];[];[];[];[];1.0;0.0;0.0;1.0;0.0;0.0;;;;;;;
2026-05-16;194592089;Portugal U19 League;Portugal;13:00;Schedule;False;0.11255411255411252;1.9;3.0;1.9;3.0;0.0;0.0;;0.0;0.0;0.0;0.0;0.0;;UD Leiria U19;;0.0;0.0;2.1;0;0.0;0 - 0;3.6;Gil Vicente U19;;0.0;0.0;2.75;0;0.0;0.0;0 - 0;0-0;3.0;1.25;-;nan;;;;;;;;;;;;;;;;0.0;0.0;0.0;0.0;;;0.0;0.0;0.0;0.0;;[];[];[];[];[];[];[];[];1.0;0.0;0.0;1.0;0.0;0.0;3000.0;3010.0;ud leiria;gil vicente barcelos;;;Youth
2026-05-16;194593132;Switzerland 1.Liga Classic;Switzerland;13:00;Schedule;False;0.4143743067084565;1.825;3.5;1.975;3.5;0.0;0.0;;0.0;0.0;0.0;0.0;0.0;;FC Solothurn;;0.0;0.0;1.55;0;0.0;0 - 0;4.2;BSC Old Boys;;0.0;0.0;4.333;0;0.0;-1.0;0 - 0;0-0;3.5;1.5;-;nan;;;;;;;;;;;;;;;;0.0;0.0;0.0;0.0;;;0.0;0.0;0.0;0.0;;[];[];[];[];[];[];[];[];1.0;0.0;0.0;1.0;0.0;0.0;;;;;;;
2026-05-16;194620550;Portugal U19 2nd Division;Portugal;13:00;Schedule;False;0.1875;2.0;2.0, 2.5;1.8;2.0, 2.5;0.0;0.0;;0.0;0.0;0.0;0.0;0.0;;Boavista U19;;0.0;0.0;2.0;0;0.0;0 - 0;3.25;UD Oliveirense U19;;0.0;0.0;3.2;0;0.0;-0.25;0 - 0;0-0;2.25;0.75;-;nan;;;;;;;;;;;;;;;;0.0;0.0;0.0;0.0;;;0.0;0.0;0.0;0.0;;[];[];[];[];[];[];[];[];1.0;0.0;0.0;1.0;0.0;0.0;;21831.0;;ud oliveirense;;;Youth
2026-05-16;194586780;France National 3;France;13:00;Schedule;False;0.32903879559930516;2.0;2.5;1.8;2.5;0.0;0.0;;0.0;0.0;0.0;0.0;0.0;;Racing Paris;;0.0;0.0;1.727;0;0.0;0 - 0;3.5;Linas-Montlhery;;0.0;0.0;4.0;0;0.0;-0.75;0 - 0;0-0;2.5;1.0;-;nan;;;;;;;;;;;;;;;;0.0;0.0;0.0;0.0;;;0.0;0.0;0.0;0.0;;[];[];[];[];[];[];[];[];1.0;0.0;0.0;1.0;0.0;0.0;;;;;;;
2026-05-16;194586782;France National 3;France;13:00;Schedule;False;0.10971786833855796;1.9;2.0, 2.5;1.9;2.0, 2.5;0.0;0.0;;0.0;0.0;0.0;0.0;0.0;;US Ivry;;0.0;0.0;2.2;0;0.0;0 - 0;3.2;ASM Belfort;;0.0;0.0;2.9;0;0.0;-0.5;0 - 0;0-0;2.25;1.0;-;nan;;;;;;;;;;;;;;;;0.0;0.0;0.0;0.0;;;0.0;0.0;0.0;0.0;;[];[];[];[];[];[];[];[];1.0;0.0;0.0;1.0;0.0;0.0;;;;;;;
2026-05-16;194620566;Portugal U19 2nd Division;Portugal;13:00;Schedule;False;-0.017368649587494622;1.975;3.0;1.825;3.0;0.0;0.0;;0.0;0.0;0.0;0.0;0.0;;Marinhas FC U19;;0.0;0.0;2.45;0;0.0;0 - 0;3.6;Vitoria Setubal U19;;0.0;0.0;2.35;0;0.0;0.0;0 - 0;0-0;3.0;1.25;-;nan;;;;;;;;;;;;;;;;0.0;0.0;0.0;0.0;;;0.0;0.0;0.0;0.0;;[];[];[];[];[];[];[];[];1.0;0.0;0.0;1.0;0.0;0.0;;;;;;;Youth
2026-05-16;194586824;France National 3;France;13:00;Schedule;False;-0.07114624505928857;1.875;2.0, 2.5;1.925;2.0, 2.5;0.0;0.0;;0.0;0.0;0.0;0.0;0.0;;Torcy;;0.0;0.0;2.75;0;0.0;0 - 0;3.2;Racing Besancon;;0.0;0.0;2.3;0;0.0;0.0;0 - 0;0-0;2.25;1.0;-;nan;;;;;;;;;;;;;;;;0.0;0.0;0.0;0.0;;;0.0;0.0;0.0;0.0;;[];[];[];[];[];[];[];[];1.0;0.0;0.0;1.0;0.0;0.0;;;;;;;
2026-05-16;194586832;France National 3;France;13:00;Schedule;False;0.3884080628255044;1.975;2.5, 3.0;1.825;2.5, 3.0;0.0;0.0;;0.0;0.0;0.0;0.0;0.0;;Lyon Duchere;;0.0;0.0;1.615;0;0.0;0 - 0;3.8;Montpellier II;;0.0;0.0;4.333;0;0.0;-1.25;0 - 0;0-0;3.0;1.25;-;nan;;;;;;;;;;;;;;;;0.0;0.0;0.0;0.0;;;0.0;0.0;0.0;0.0;;[];[];[];[];[];[];[];[];1.0;0.0;0.0;1.0;0.0;0.0;;1642.0;;montpellier hsc;;;Youth
2026-05-16;194518932;Germany Regionalliga North;Germany;13:00;Schedule;False;0.6263736263736264;1.825;3.5, 4.0;1.975;3.5, 4.0;0.0;0.0;;0.0;0.0;0.0;0.0;0.0;;VfB Oldenburg;;0.0;0.0;1.3;0;0.0;0 - 0;5.0;Werder Bremen II;;0.0;0.0;7.0;0;0.0;-1.0;0 - 0;0-0;4.0;1.75;-;nan;;;;;;;;;;;;;;;;0.0;0.0;0.0;0.0;;;0.0;0.0;0.0;0.0;;[];[];[];[];[];[];[];[];1.0;0.0;0.0;1.0;0.0;0.0;7870.0;2577.0;vfb oldenburg;sv werder bremen ii;1.5;1.5;Youth
2026-05-16;193754235;Greece Super League 1;Greece;13:00;Schedule;False;0.1111111111111111;1.975;2.0, 2.5;1.825;2.0, 2.5;0.0;0.0;;0.0;0.0;0.0;0.0;0.0;;Larissa;;0.0;0.0;2.25;0;0.0;0 - 0;3.2;Atromitos Athinon;;0.0;0.0;3.0;0;0.0;0.0;0 - 0;0-0;2.25;1.0;-;nan;;;;;;;;;;;;;;;;0.0;0.0;0.0;0.0;;;0.0;0.0;0.0;0.0;;[];[];[];[];[];[];[];[];1.0;0.0;0.0;1.0;0.0;0.0;3265.0;5062.0;ae larissa fc;atromitos athinon;;;
2026-05-16;194586343;France National 2;France;13:00;Schedule;False;0.2381201825937289;1.975;2.0, 2.5;1.825;2.0, 2.5;0.0;0.0;;0.0;0.0;0.0;0.0;0.0;;Colmar;;0.0;0.0;1.909;0;0.0;0 - 0;3.25;Wasquehal;;0.0;0.0;3.5;0;0.0;-0.5;0 - 0;0-0;2.5;1.0;-;nan;;;;;;;;;;;;;;;;0.0;0.0;0.0;0.0;;;0.0;0.0;0.0;0.0;;[];[];[];[];[];[];[];[];1.0;0.0;0.0;1.0;0.0;0.0;;;;;;;
2026-05-16;193754238;Greece Super League 1;Greece;13:00;Schedule;False;0.4373768646214467;1.775;2.0, 2.5;2.025;2.0, 2.5;0.0;0.0;;0.0;0.0;0.0;0.0;0.0;;Asteras Tripolis;;0.0;0.0;1.615;0;0.0;0 - 0;3.5;AE Kifisias;;0.0;0.0;5.5;0;0.0;-0.75;0 - 0;0-0;2.25;1.0;-;nan;;;;;;;;;;;;;;;;0.0;0.0;0.0;0.0;;;0.0;0.0;0.0;0.0;;[];[];[];[];[];[];[];[];1.0;0.0;0.0;1.0;0.0;0.0;6342.0;120224.0;asteras tripolis;ae kifisia fc;2.05;2.05;
2026-05-16;194518923;Germany Regionalliga North;Germany;13:00;Schedule;False;0.23297491039426527;1.9;3.5;1.9;3.5;0.0;0.0;;0.0;0.0;0.0;0.0;0.0;;Eintracht Norderstedt;;0.0;0.0;1.8;0;0.0;0 - 0;4.2;HSC Hannover;;0.0;0.0;3.1;0;0.0;-0.75;0 - 0;0-0;3.5;1.5;-;nan;;;;;;;;;;;;;;;;0.0;0.0;0.0;0.0;;;0.0;0.0;0.0;0.0;;[];[];[];[];[];[];[];[];1.0;0.0;0.0;1.0;0.0;0.0;24072.0;276285.0;eintracht norderstedt;hsc hannover;1.4;1.4;
2026-05-16;194529706;Bosnia & Herzegovina Premier Liga;Bosnia;13:00;Schedule;False;0.6168542135533884;1.95;2.5;1.85;2.5;0.0;0.0;;0.0;0.0;0.0;0.0;0.0;;Borac Banja Luka;;0.0;0.0;1.333;0;0.0;0 - 0;4.5;Zeljeznicar;;0.0;0.0;7.5;0;0.0;-1.25;0 - 0;0-0;2.5;1.0;-;nan;;;;;;;;;;;;;;;;0.0;0.0;0.0;0.0;;;0.0;0.0;0.0;0.0;;[];[];[];[];[];[];[];[];1.0;0.0;0.0;1.0;0.0;0.0;;;;;;;
2026-05-16;194605361;Uruguay Segunda;Uruguay;13:00;Schedule;False;0.13178294573643412;1.875;2.0, 2.5;1.925;2.0, 2.5;0.0;0.0;;0.0;0.0;0.0;0.0;0.0;;CA River Plate;;0.0;0.0;2.15;0;0.0;0 - 0;3.2;Paysandu FC;;0.0;0.0;3.0;0;0.0;-0.25;0 - 0;0-0;2.25;1.0;-;nan;;;;;;;;;;;;;;;;0.0;0.0;0.0;0.0;;;0.0;0.0;0.0;0.0;;[];[];[];[];[];[];[];[];1.0;0.0;0.0;1.0;0.0;0.0;;;;;;;
2026-05-16;194589353;Norway Division 2 Group 1;Norway;13:00;Schedule;False;0.0841638981173865;1.9;2.5, 3.0;1.9;2.5, 3.0;0.0;0.0;;0.0;0.0;0.0;0.0;0.0;;Pors Grenland;;0.0;0.0;2.15;0;0.0;0 - 0;3.5;Notodden;;0.0;0.0;2.625;0;0.0;-0.5;0 - 0;0-0;2.75;1.25;-;nan;;;;;;;;;;;;;;;;0.0;0.0;0.0;0.0;;;0.0;0.0;0.0;0.0;;[];[];[];[];[];[];[];[];1.0;0.0;0.0;1.0;0.0;0.0;729.0;833.0;pors grenland;notodden fk;;;
2026-05-16;194518919;Germany Regionalliga North;Germany;13:00;Schedule;False;0.06511627906976741;1.875;3.0, 3.5;1.925;3.0, 3.5;0.0;0.0;;0.0;0.0;0.0;0.0;0.0;;Vfb Lubeck;;0.0;0.0;2.15;0;0.0;0 - 0;4.0;SC Weiche Flensburg 08;;0.0;0.0;2.5;0;0.0;-0.25;0 - 0;0-0;3.25;1.25;-;nan;;;;;;;;;;;;;;;;0.0;0.0;0.0;0.0;;;0.0;0.0;0.0;0.0;;[];[];[];[];[];[];[];[];1.0;0.0;0.0;1.0;0.0;0.0;2560.0;36572.0;vfb lubeck;sc weiche flensburg 08;1.44;1.44;
2026-05-16;194518913;Germany Regionalliga North;Germany;13:00;Schedule;False;0.04638218923933213;1.9;3.0, 3.5;1.9;3.0, 3.5;0.0;0.0;;0.0;0.0;0.0;0.0;0.0;;SSV Jeddeloh;;0.0;0.0;2.2;0;0.0;0 - 0;4.0;SV Drochtersen-Assel;;0.0;0.0;2.45;0;0.0;0.0;0 - 0;0-0;3.5;1.5;-;nan;;;;;;;;;;;;;;;;0.0;0.0;0.0;0.0;;;0.0;0.0;0.0;0.0;;[];[];[];[];[];[];[];[];1.0;0.0;0.0;1.0;0.0;0.0;75853.0;24148.0;ssv jeddeloh ii;sv drochtersen/assel;1.44;1.44;
2026-05-16;193286257;Poland II Liga;Poland;13:00;Schedule;False;0.5324675324675325;1.95;3.0, 3.5;1.85;3.0, 3.5;0.0;0.0;;0.0;0.0;0.0;0.0;0.0;;Podbeskidzie Bielsko Biala;;0.0;0.0;1.4;0;0.0;0 - 0;4.75;Sokol Kleczew;;0.0;0.0;5.5;0;0.0;-1.25;0 - 0;0-0;3.25;1.25;-;nan;;;;;;;;;;;;;;;;0.0;0.0;0.0;0.0;;;0.0;0.0;0.0;0.0;;[];[];[];[];[];[];[];[];1.0;0.0;0.0;1.0;0.0;0.0;7919.0;54323.0;podbeskidzie bielsko-biała;sokol kleczew;;;Youth
2026-05-16;194579142;Estonia Esiliiga B;Estonia;13:00;Schedule;False;-0.16669161116515746;1.9;4.0, 4.5;1.9;4.0, 4.5;0.0;0.0;;0.0;0.0;0.0;0.0;0.0;;JK Tallinna Kalev II;;0.0;0.0;2.8;0;0.0;0 - 0;4.2;Johvi FC Phoenix;;0.0;0.0;1.909;0;0.0;+0.75;0 - 0;0-0;4.5;2.0;-;nan;;;;;;;;;;;;;;;;0.0;0.0;0.0;0.0;;;0.0;0.0;0.0;0.0;;[];[];[];[];[];[];[];[];1.0;0.0;0.0;1.0;0.0;0.0;;;;;;;Youth
2026-05-16;193754240;Greece Super League 1;Greece;13:00;Schedule;False;0.028520499108734443;1.8;2.0;2.0;2.0;0.0;0.0;;0.0;0.0;0.0;0.0;0.0;;Panserraikos;;0.0;0.0;2.55;0;0.0;0 - 0;3.0;Panetolikos;;0.0;0.0;2.75;0;0.0;0.0;0 - 0;0-0;2.0;0.75;-;nan;;;;;;;;;;;;;;;;0.0;0.0;0.0;0.0;;;0.0;0.0;0.0;0.0;;[];[];[];[];[];[];[];[];1.0;0.0;0.0;1.0;0.0;0.0;6347.0;7004.0;panserraikos fc;panaitolikos agrinio;2.0;2.0;
2026-05-16;194518911;Germany Regionalliga North;Germany;13:00;Schedule;False;0.19298245614035087;1.85;3.0, 3.5;1.95;3.0, 3.5;0.0;0.0;;0.0;0.0;0.0;0.0;0.0;;Hannover II;;0.0;0.0;1.9;0;0.0;0 - 0;4.1;Bremer SV;;0.0;0.0;3.0;0;0.0;-0.5;0 - 0;0-0;3.25;1.5;-;nan;;;;;;;;;;;;;;;;0.0;0.0;0.0;0.0;;;0.0;0.0;0.0;0.0;;[];[];[];[];[];[];[];[];1.0;0.0;0.0;1.0;0.0;0.0;5801.0;24039.0;hannover 96 ii;bremer sv 1906;1.5;1.44;Youth
2026-05-16;193715957;Saudi Arabia Pro League;Saudi Arabia;13:05;Schedule;False;-0.34346976758494446;2.025;3.0;1.775;3.0;0.0;0.0;;0.0;0.0;0.0;0.0;0.0;;Al Akhdoud;;0.0;0.0;3.9;0;0.0;0 - 0;3.8;Al Khaleej Saihat;;0.0;0.0;1.667;0;0.0;+0.75;0 - 0;0-0;3.0;1.25;-;nan;;;;;;;;;;;;;;;;0.0;0.0;0.0;0.0;;;0.0;0.0;0.0;0.0;;[];[];[];[];[];[];[];[];1.0;0.0;0.0;1.0;0.0;0.0;529779.0;167228.0;al-okhdood club;al-khaleej club;;;
2026-05-16;193715966;Saudi Arabia Pro League;Saudi Arabia;13:05;Schedule;False;0.6849972722313148;1.975;3.5;1.825;3.5;0.0;0.0;;0.0;0.0;0.0;0.0;0.0;;Al Hilal Riyadh;;0.0;0.0;1.222;0;0.0;0 - 0;6.0;Neom SC;;0.0;0.0;7.5;0;0.0;-1.75;0 - 0;0-0;3.5;1.5;-;nan;;;;;;;;;;;;;;;;0.0;0.0;0.0;0.0;;;0.0;0.0;0.0;0.0;;[];[];[];[];[];[];[];[];1.0;0.0;0.0;1.0;0.0;0.0;21895.0;529781.0;al hilal sfc;neom sc;;;
2026-05-16;193719928;Croatia HNL;Croatia;13:15;Schedule;False;-0.2777777777777778;1.9;2.5, 3.0;1.9;2.5, 3.0;0.0;0.0;;0.0;0.0;0.0;0.0;0.0;;NK Lokomotiva Zagreb;6.0;0.0;0.0;3.6;0;0.0;0 - 0;3.4;Hajduk Split;2.0;0.0;0.0;1.8;0;0.0;+0.5;0 - 0;0-0;2.75;1.25;-;nan;;;;;;;;;;;;;;;;0.0;0.0;0.0;0.0;;;0.0;0.0;0.0;0.0;;[];[];[];[];[];[];[];[];1.0;0.0;0.0;1.0;0.0;0.0;36246.0;2036.0;nk lokomotiva zagreb;hnk hajduk split;1.61;1.61;
2026-05-16;193331411;Belgium First Division A;Belgium;13:15;Schedule;False;-0.15360983102918585;1.8;2.5;2.0;2.5;0.0;0.0;;0.0;0.0;0.0;0.0;0.0;;Standard Liege;;0.0;0.0;3.1;0;0.0;0 - 0;3.4;Genk;;0.0;0.0;2.1;0;0.0;+0.25;0 - 0;0-0;2.75;1.25;-;nan;;;;;;;;;;;;;;;;0.0;0.0;0.0;0.0;;;0.0;0.0;0.0;0.0;;[];[];[];[];[];[];[];[];1.0;0.0;0.0;1.0;0.0;0.0;2901.0;2890.0;standard liege;krc genk;1.66;1.66;
2026-05-16;194588861;Gambia GFA League;Gambia;13:30;Schedule;False;0.15032679738562088;1.825;1.5, 2.0;1.975;1.5, 2.0;0.0;0.0;;0.0;0.0;0.0;0.0;0.0;;Gambia Ports Authority;;0.0;0.0;2.25;0;0.0;0 - 0;2.625;Hart Academy FC;;0.0;0.0;3.4;0;0.0;-0.25;0 - 0;0-0;1.75;0.75;-;nan;;;;;;;;;;;;;;;;0.0;0.0;0.0;0.0;;;0.0;0.0;0.0;0.0;;[];[];[];[];[];[];[];[];1.0;0.0;0.0;1.0;0.0;0.0;;;;;;;
2026-05-16;193003644;Spain Segunda;Spain;13:30;Schedule;False;0.5325207756232687;1.85;3.0;1.95;3.0;0.0;0.0;;0.0;0.0;0.0;0.0;0.0;;Racing Santander;1.0;0.0;0.0;1.444;0;0.0;0 - 0;4.75;Valladolid;18.0;0.0;0.0;6.25;0;0.0;-1.25;0 - 0;0-0;3.0;1.25;-;nan;;;;;;;;;;;;;;;;0.0;0.0;0.0;0.0;;;0.0;0.0;0.0;0.0;;[];[];[];[];[];[];[];[];1.0;0.0;0.0;1.0;0.0;0.0;2835.0;2831.0;racing santander;real valladolid;1.66;1.66;
2026-05-16;194656909;Spain Tercera Group 1;Spain;13:30;Schedule;False;;;2.25;;2.25;0.0;0.0;;0.0;0.0;0.0;0.0;0.0;;CD Estradense;;0.0;0.0;;0;0.0;0 - 0;;Atletico Arteixo;;0.0;0.0;;0;0.0;-0.25;0 - 0;0-0;2.25;1.0;-;nan;;;;;;;;;;;;;;;;0.0;0.0;0.0;0.0;;;0.0;0.0;0.0;0.0;;[];[];[];[];[];[];[];[];1.0;0.0;0.0;1.0;0.0;0.0;;;;;;;
2026-05-16;193003584;Spain Segunda;Spain;13:30;Schedule;False;0.2738344683080146;1.9;2.5, 3.0;1.9;2.5, 3.0;0.0;0.0;;0.0;0.0;0.0;0.0;0.0;;Almeria;3.0;0.0;0.0;1.909;0;0.0;0 - 0;3.4;Las Palmas;5.0;0.0;0.0;4.0;0;0.0;-0.5;0 - 0;0-0;2.75;1.25;-;nan;;;;;;;;;;;;;;;;0.0;0.0;0.0;0.0;;;0.0;0.0;0.0;0.0;;[];[];[];[];[];[];[];[];1.0;0.0;0.0;1.0;0.0;0.0;2858.0;6577.0;ud almeria;ud las palmas;1.61;1.61;
2026-05-16;194379872;Scotland Championship Play-Offs;Scotland;13:30;Schedule;False;0.193687230989957;1.925;2.5;1.875;2.5;0.0;0.0;;0.0;0.0;0.0;0.0;0.0;;Stenhousemuir;;0.0;0.0;2.05;0;0.0;0 - 0;3.25;Alloa;;0.0;0.0;3.4;0;0.0;-0.25;0 - 0;0-0;2.5;1.0;-;nan;;;;;;;;;;;;;;;;0.0;0.0;0.0;0.0;;;0.0;0.0;0.0;0.0;;[];[];[];[];[];[];[];[];1.0;0.0;0.0;1.0;0.0;0.0;2370.0;2369.0;stenhousemuir fc;alloa athletic fc;;;
2026-05-16;194652187;Finland U21 League;Finland;13:30;Schedule;False;-0.40231572080887157;1.9;4.0, 4.5;1.9;4.0, 4.5;0.0;0.0;;0.0;0.0;0.0;0.0;0.0;;FC Kontu U21;;0.0;0.0;4.0;0;0.0;0 - 0;4.75;MPS U21;;0.0;0.0;1.533;0;0.0;+1.0;0 - 0;0-0;4.25;1.75;-;nan;;;;;;;;;;;;;;;;0.0;0.0;0.0;0.0;;;0.0;0.0;0.0;0.0;;[];[];[];[];[];[];[];[];1.0;0.0;0.0;1.0;0.0;0.0;;;;;;;Youth
2026-05-16;193003635;Spain Segunda;Spain;13:30;Schedule;False;-0.058823529411764774;1.95;2.0;1.85;2.0;0.0;0.0;;0.0;0.0;0.0;0.0;0.0;;Granada;14.0;0.0;0.0;3.0;0;0.0;0 - 0;3.0;Burgos;7.0;0.0;0.0;2.55;0;0.0;+0.25;0 - 0;0-0;2.0;0.75;-;nan;;;;;;;;;;;;;;;;0.0;0.0;0.0;0.0;;;0.0;0.0;0.0;0.0;;[];[];[];[];[];[];[];[];1.0;0.0;0.0;1.0;0.0;0.0;33779.0;2854.0;granada cf;burgos cf;2.1;2.1;
2026-05-16;194642328;Spain Tercera Group 1;Spain;13:30;Schedule;False;;;2.0;;2.0;0.0;0.0;;0.0;0.0;0.0;0.0;0.0;;Racing Club Villalbes;;0.0;0.0;;0;0.0;0 - 0;;Compostela;;0.0;0.0;;0;0.0;+0.25;0 - 0;0-0;2.0;0.75;-;nan;;;;;;;;;;;;;;;;0.0;0.0;0.0;0.0;;;0.0;0.0;0.0;0.0;;[];[];[];[];[];[];[];[];1.0;0.0;0.0;1.0;0.0;0.0;;;;;;;
2026-05-16;194371454;Chile Primera B;Chile;13:30;Schedule;False;0.25482625482625476;2.0;2.5;1.8;2.5;0.0;0.0;;0.0;0.0;0.0;0.0;0.0;;Magallanes;8.0;0.0;0.0;1.85;0;0.0;0 - 0;3.4;Deportes Recoleta;6.0;0.0;0.0;3.5;0;0.0;-0.5;0 - 0;0-0;2.25;0.75;-;nan;;;;;;;;;;;;;;;;0.0;0.0;0.0;0.0;;;0.0;0.0;0.0;0.0;;[];[];[];[];[];[];[];[];1.0;0.0;0.0;1.0;0.0;0.0;;;;;;;Youth
2026-05-16;194697810;Spain Regional League;Spain;13:45;Schedule;False;;;2.5;;2.5;0.0;0.0;;0.0;0.0;0.0;0.0;0.0;;Indautxu;;0.0;0.0;;0;0.0;0 - 0;;Balmaseda FC;;0.0;0.0;;0;0.0;-0.5;0 - 0;0-0;2.5;1.0;-;nan;;;;;;;;;;;;;;;;0.0;0.0;0.0;0.0;;;0.0;0.0;0.0;0.0;;[];[];[];[];[];[];[];[];1.0;0.0;0.0;1.0;0.0;0.0;;;;;;;
2026-05-16;194593130;Switzerland 1.Liga Classic;Switzerland;14:00;Schedule;False;0.23786142935079102;2.0;3.0, 3.5;1.8;3.0, 3.5;0.0;0.0;;0.0;0.0;0.0;0.0;0.0;;FC Prishtina Bern;;0.0;0.0;1.833;0;0.0;0 - 0;3.8;Lancy FC;;0.0;0.0;3.25;0;0.0;-0.5;0 - 0;0-0;3.5;1.5;-;nan;;;;;;;;;;;;;;;;0.0;0.0;0.0;0.0;;;0.0;0.0;0.0;0.0;;[];[];[];[];[];[];[];[];1.0;0.0;0.0;1.0;0.0;0.0;;;;;;;
2026-05-16;194594166;Poland IV Liga;Poland;14:00;Schedule;False;-0.6933306055646481;1.8;3.0, 3.5;2.0;3.0, 3.5;0.0;0.0;;0.0;0.0;0.0;0.0;0.0;;Ozarowianka Ozarow;;0.0;0.0;8.0;0;0.0;0 - 0;5.5;Mazovia Minsk Mazowiecki;;0.0;0.0;1.222;0;0.0;+2.5;0 - 0;0-0;3.5;1.5;-;nan;;;;;;;;;;;;;;;;0.0;0.0;0.0;0.0;;;0.0;0.0;0.0;0.0;;[];[];[];[];[];[];[];[];1.0;0.0;0.0;1.0;0.0;0.0;;;;;;;
2026-05-16;194619754;Luxembourg Ligue 1 Women;Luxembourg;14:00;Schedule;False;0.9414620217018846;1.9;4.5, 5.0;1.9;4.5, 5.0;0.0;0.0;;0.0;0.0;0.0;0.0;0.0;;Racing FC Union (W);;0.0;0.0;1.03;0;0.0;0 - 0;15.0;Swift Hesperange (W);;0.0;0.0;34.0;0;0.0;-4.25;0 - 0;0-0;4.75;2.0;-;nan;;;;;;;;;;;;;;;;0.0;0.0;0.0;0.0;;;0.0;0.0;0.0;0.0;;[];[];[];[];[];[];[];[];1.0;0.0;0.0;1.0;0.0;0.0;;;;;;;Women
2026-05-16;194534169;Latvia 1. Liga;Latvia;14:00;Schedule;False;-0.375;1.825;3.0;1.975;3.0;0.0;0.0;;0.0;0.0;0.0;0.0;0.0;;RFS II;;0.0;0.0;4.0;0;0.0;0 - 0;4.1;Leevon PPK;;0.0;0.0;1.6;0;0.0;+1.0;0 - 0;0-0;3.0;1.25;-;nan;;;;;;;;;;;;;;;;0.0;0.0;0.0;0.0;;;0.0;0.0;0.0;0.0;;[];[];[];[];[];[];[];[];1.0;0.0;0.0;1.0;0.0;0.0;68718.0;;fc rfs;;;;Youth
2026-05-16;194577849;Albania Championship;Albania;14:00;Schedule;False;0.36909304038107676;1.9;2.0, 2.5;1.9;2.0, 2.5;0.0;0.0;;0.0;0.0;0.0;0.0;0.0;;Vllaznia Shkoder;;0.0;0.0;1.667;0;0.0;0 - 0;3.5;FC Dinamo City;;0.0;0.0;4.333;0;0.0;-0.75;0 - 0;0-0;2.25;1.0;-;nan;;;;;;;;;;;;;;;;0.0;0.0;0.0;0.0;;;0.0;0.0;0.0;0.0;;[];[];[];[];[];[];[];[];1.0;0.0;0.0;1.0;0.0;0.0;;;;;;;
2026-05-16;193006295;Portugal Primeira Liga;Portugal;14:00;Schedule;False;0.2350427350427351;1.975;2.5, 3.0;1.875;2.5, 3.0;0.0;0.0;;0.0;0.0;0.0;0.0;0.0;;Nacional;14.0;0.0;0.0;1.95;0;0.0;0 - 0;3.6;Guimaraes;8.0;0.0;0.0;3.6;0;0.0;-0.25;0 - 0;0-0;2.75;1.0;-;nan;;;;;;;;;;;;;;;;0.0;0.0;0.0;0.0;;;0.0;0.0;0.0;0.0;;[];[];[];[];[];[];[];[];1.0;0.0;0.0;1.0;0.0;0.0;3013.0;3009.0;nacional da madeira;vitoria sc guimaraes;;;
2026-05-16;194533584;Republic of Ireland National League Women;Ireland;14:00;Schedule;False;0.016666666666666663;1.8;2.5;2.0;2.5;0.0;0.0;;0.0;0.0;0.0;0.0;0.0;;Wexford FC (W);;0.0;0.0;2.4;0;0.0;0 - 0;3.4;Peamount Utd (W);;0.0;0.0;2.5;0;0.0;0.0;0 - 0;0-0;2.5;1.0;-;nan;;;;;;;;;;;;;;;;0.0;0.0;0.0;0.0;;;0.0;0.0;0.0;0.0;;[];[];[];[];[];[];[];[];1.0;0.0;0.0;1.0;0.0;0.0;7128.0;;wexford fc;;;;Women
2026-05-16;194533578;Republic of Ireland National League Women;Ireland;14:00;Schedule;False;0.6624015748031495;1.975;3.0;1.825;3.0;0.0;0.0;;0.0;0.0;0.0;0.0;0.0;;Athlone Town (W);;0.0;0.0;1.27;0;0.0;0 - 0;4.75;FC Treaty United (W);;0.0;0.0;8.0;0;0.0;-1.5;0 - 0;0-0;3.0;1.25;-;nan;;;;;;;;;;;;;;;;0.0;0.0;0.0;0.0;;;0.0;0.0;0.0;0.0;;[];[];[];[];[];[];[];[];1.0;0.0;0.0;1.0;0.0;0.0;3198.0;;athlone town afc;;;;Women
2026-05-16;194697821;Spain Regional League Play-Offs;Spain;14:00;Schedule;False;;;2.5;;2.5;0.0;0.0;;0.0;0.0;0.0;0.0;0.0;;Montilla CF;;0.0;0.0;;0;0.0;0 - 0;;Atletico Palma del Rio;;0.0;0.0;;0;0.0;-0.25;0 - 0;0-0;2.5;1.0;-;nan;;;;;;;;;;;;;;;;0.0;0.0;0.0;0.0;;;0.0;0.0;0.0;0.0;;[];[];[];[];[];[];[];[];1.0;0.0;0.0;1.0;0.0;0.0;;;;;;;
2026-05-16;194620348;Paraguay Women League;Paraguay;14:00;Schedule;False;;;2.75;;2.75;0.0;0.0;;0.0;0.0;0.0;0.0;0.0;;Sportivo Luqueno (W);;0.0;0.0;;0;0.0;0 - 0;;Rubio Nu (W);;0.0;0.0;;0;0.0;-0.5;0 - 0;0-0;2.75;1.25;-;nan;;;;;;;;;;;;;;;;0.0;0.0;0.0;0.0;;;0.0;0.0;0.0;0.0;;[];[];[];[];[];[];[];[];1.0;0.0;0.0;1.0;0.0;0.0;5998.0;36438.0;sportivo luqueno;rubio nu;;;Women
2026-05-16;194595052;Iraq Stars League;Iraq;14:00;Schedule;False;0.5017626321974148;1.85;2.5;1.95;2.5;0.0;0.0;;0.0;0.0;0.0;0.0;0.0;;Erbil SC;;0.0;0.0;1.48;0;0.0;0 - 0;3.75;Newroz SC;;0.0;0.0;5.75;0;0.0;-1.25;0 - 0;0-0;2.5;1.0;-;nan;;;;;;;;;;;;;;;;0.0;0.0;0.0;0.0;;;0.0;0.0;0.0;0.0;;[];[];[];[];[];[];[];[];1.0;0.0;0.0;1.0;0.0;0.0;;;;;;;
2026-05-16;194635585;Botswana FA Cup;Botswana;14:00;Schedule;False;-0.08995502248875564;1.9;2.0, 2.5;1.9;2.0, 2.5;0.0;0.0;;0.0;0.0;0.0;0.0;0.0;;Orapa United;;0.0;0.0;2.9;0;0.0;0 - 0;3.0;Mochudi Centre Chiefs;;0.0;0.0;2.3;0;0.0;0.0;0 - 0;0-0;2.25;1.0;-;nan;;;;;;;;;;;;;;;;0.0;0.0;0.0;0.0;;;0.0;0.0;0.0;0.0;;[];[];[];[];[];[];[];[];1.0;0.0;0.0;1.0;0.0;0.0;;;;;;;
2026-05-16;193718080;Türkiye Super Lig;Turkey;14:00;Schedule;False;-0.32903879559930516;1.925;3.0, 3.5;1.875;3.0, 3.5;0.0;0.0;;0.0;0.0;0.0;0.0;0.0;;Gaziantep FK;;0.0;0.0;4.0;0;0.0;0 - 0;4.333;Istanbul Basaksehir;;0.0;0.0;1.727;0;0.0;+0.5;0 - 0;0-0;3.5;1.5;-;nan;;;;;;;;;;;;;;;;0.0;0.0;0.0;0.0;;;0.0;0.0;0.0;0.0;;[];[];[];[];[];[];[];[];1.0;0.0;0.0;1.0;0.0;0.0;5138.0;3086.0;gaziantep fk;istanbul basaksehir;1.44;1.5;
2026-05-16;193006278;Portugal Primeira Liga;Portugal;14:00;Schedule;False;0.3998800239952009;1.825;2.5;2.025;2.5;0.0;0.0;;0.0;0.0;0.0;0.0;0.0;;Casa Pia;16.0;0.0;0.0;1.667;0;0.0;0 - 0;3.75;Rio Ave;13.0;0.0;0.0;5.0;0;0.0;-0.75;0 - 0;0-0;2.5;1.0;-;nan;;;;;;;;;;;;;;;;0.0;0.0;0.0;0.0;;;0.0;0.0;0.0;0.0;;[];[];[];[];[];[];[];[];1.0;0.0;0.0;1.0;0.0;0.0;36365.0;3036.0;casa pia lisbon;rio ave fc;;;
2026-05-16;194577917;Austria Regionalliga Mitte;Austria;14:00;Schedule;False;0.17948717948717957;2.0;3.0, 3.5;1.8;3.0, 3.5;0.0;0.0;;0.0;0.0;0.0;0.0;0.0;;SC Kalsdorf;;0.0;0.0;1.95;0;0.0;0 - 0;3.8;Union Dietach;;0.0;0.0;3.0;0;0.0;-1.0;0 - 0;0-0;3.0;1.25;-;nan;;;;;;;;;;;;;;;;0.0;0.0;0.0;0.0;;;0.0;0.0;0.0;0.0;;[];[];[];[];[];[];[];[];1.0;0.0;0.0;1.0;0.0;0.0;;;;;;;
2026-05-16;194577913;Algeria Division 1;Algeria;14:00;Schedule;False;-0.2142857142857143;2.05;2.0, 2.5;1.75;2.0, 2.5;0.0;0.0;;0.0;0.0;0.0;0.0;0.0;;ES Setif;13.0;0.0;0.0;3.5;0;0.0;0 - 0;3.1;CR Belouizdad;4.0;0.0;0.0;2.0;0;0.0;+0.25;0 - 0;0-0;1.75;0.75;-;nan;;;;;;;;;;;;;;;;0.0;0.0;0.0;0.0;;;0.0;0.0;0.0;0.0;;[];[];[];[];[];[];[];[];1.0;0.0;0.0;1.0;0.0;0.0;41756.0;42207.0;es setif;cr belouizdad;;;
2026-05-16;194593775;Iceland 3 Deild;Iceland;14:00;Schedule;False;0.3887510339123242;1.8;3.5, 4.0;2.0;3.5, 4.0;0.0;0.0;;0.0;0.0;0.0;0.0;0.0;;UMF Tindastoll;;0.0;0.0;1.55;0;0.0;0 - 0;4.75;FC Arbaer;;0.0;0.0;3.9;0;0.0;-1.25;0 - 0;0-0;4.25;1.75;-;nan;;;;;;;;;;;;;;;;0.0;0.0;0.0;0.0;;;0.0;0.0;0.0;0.0;;[];[];[];[];[];[];[];[];1.0;0.0;0.0;1.0;0.0;0.0;;;;;;;
2026-05-16;194619747;Luxembourg Ligue 1 Women;Luxembourg;14:00;Schedule;False;0.06802721088435376;1.95;3.5;1.85;3.5;0.0;0.0;;0.0;0.0;0.0;0.0;0.0;;FC 03 Differdange (W);;0.0;0.0;2.1;0;0.0;0 - 0;4.333;FC Jeunesse Junglinster (W);;0.0;0.0;2.45;0;0.0;-0.25;0 - 0;0-0;2.75;1.25;-;nan;;;;;;;;;;;;;;;;0.0;0.0;0.0;0.0;;;0.0;0.0;0.0;0.0;;[];[];[];[];[];[];[];[];1.0;0.0;0.0;1.0;0.0;0.0;;;;;;;Women
2026-05-16;193718119;Türkiye Super Lig;Turkey;14:00;Schedule;False;0.044526901669758756;1.95;2.5, 3.0;1.85;2.5, 3.0;0.0;0.0;;0.0;0.0;0.0;0.0;0.0;;Samsunspor;;0.0;0.0;2.45;0;0.0;0 - 0;3.5;Goztepe;;0.0;0.0;2.75;0;0.0;0.0;0 - 0;0-0;2.75;1.0;-;nan;;;;;;;;;;;;;;;;0.0;0.0;0.0;0.0;;;0.0;0.0;0.0;0.0;;[];[];[];[];[];[];[];[];1.0;0.0;0.0;1.0;0.0;0.0;3053.0;3054.0;samsunspor;goztepe izmir;1.57;1.57;
2026-05-16;193006276;Portugal Primeira Liga;Portugal;14:00;Schedule;False;0.3955342902711324;2.025;2.5, 3.0;1.825;2.5, 3.0;0.0;0.0;;0.0;0.0;0.0;0.0;0.0;;Braga;4.0;0.0;0.0;1.65;0;0.0;0 - 0;3.9;Estrela Amadora;15.0;0.0;0.0;4.75;0;0.0;-0.75;0 - 0;0-0;2.75;1.0;-;nan;;;;;;;;;;;;;;;;0.0;0.0;0.0;0.0;;;0.0;0.0;0.0;0.0;;[];[];[];[];[];[];[];[];1.0;0.0;0.0;1.0;0.0;0.0;2999.0;744135.0;sc braga;estrela amadora;;;
2026-05-16;193006271;Portugal Primeira Liga;Portugal;14:00;Schedule;False;-0.1218637992831541;1.875;2.5;1.975;2.5;0.0;0.0;;0.0;0.0;0.0;0.0;0.0;;FC Arouca;;0.0;0.0;3.1;0;0.0;0 - 0;3.4;Tondela;;0.0;0.0;2.25;0;0.0;+0.25;0 - 0;0-0;2.5;1.0;-;nan;;;;;;;;;;;;;;;;0.0;0.0;0.0;0.0;;;0.0;0.0;0.0;0.0;;[];[];[];[];[];[];[];[];1.0;0.0;0.0;1.0;0.0;0.0;25777.0;38396.0;fc arouca;cd tondela;;;
2026-05-16;194588866;Georgia First League;Georgia;14:00;Schedule;False;0.2752834667728285;2.0;2.0, 2.5;1.8;2.0, 2.5;0.0;0.0;;0.0;0.0;0.0;0.0;0.0;;Sioni Bolnisi;5.0;0.0;0.0;1.833;0;0.0;0 - 0;3.3;Odishi 1919 Zugdidi;9.0;0.0;0.0;3.7;0;0.0;-0.75;0 - 0;0-0;2.25;0.75;-;nan;;;;;;;;;;;;;;;;0.0;0.0;0.0;0.0;;;0.0;0.0;0.0;0.0;;[];[];[];[];[];[];[];[];1.0;0.0;0.0;1.0;0.0;0.0;;;;;;;
2026-05-16;194530730;Georgia Erovnuli Liga;Georgia;14:00;Schedule;False;0.2381201825937289;2.0;2.5;1.8;2.5;0.0;0.0;;0.0;0.0;0.0;0.0;0.0;;Dinamo Batumi;7.0;0.0;0.0;1.909;0;0.0;0 - 0;3.3;Meshakhte Tkibuli;10.0;0.0;0.0;3.5;0;0.0;-0.5;0 - 0;0-0;2.25;1.0;-;nan;;;;;;;;;;;;;;;;0.0;0.0;0.0;0.0;;;0.0;0.0;0.0;0.0;;[];[];[];[];[];[];[];[];1.0;0.0;0.0;1.0;0.0;0.0;;;;;;;
2026-05-16;194594752;Poland III Liga;Poland;14:26;Schedule;False;0.6153846153846153;1.95;3.0, 3.5;1.85;3.0, 3.5;0.0;0.0;;0.0;0.0;0.0;0.0;0.0;;LKS Lomza;;0.0;0.0;1.3;0;0.0;0 - 0;5.0;GKS Belchatow;;0.0;0.0;6.5;0;0.0;-1.75;0 - 0;0-0;3.25;1.25;-;nan;;;;;;;;;;;;;;;;0.0;0.0;0.0;0.0;;;0.0;0.0;0.0;0.0;;[];[];[];[];[];[];[];[];1.0;0.0;0.0;1.0;0.0;0.0;;;;;;;
2026-05-16;193336410;Poland I Liga;Poland;14:30;Schedule;False;0.32752613240418116;1.9;2.5;1.9;2.5;0.0;0.0;;0.0;0.0;0.0;0.0;0.0;;Gornik Leczna;;0.0;0.0;1.75;0;0.0;0 - 0;3.6;Odra Opole;;0.0;0.0;4.1;0;0.0;-0.5;0 - 0;0-0;2.5;1.0;-;nan;;;;;;;;;;;;;;;;0.0;0.0;0.0;0.0;;;0.0;0.0;0.0;0.0;;[];[];[];[];[];[];[];[];1.0;0.0;0.0;1.0;0.0;0.0;3125.0;7916.0;gornik leczna;odra opole;1.8;1.8;
2026-05-16;193336413;Poland I Liga;Poland;14:30;Schedule;False;-0.3226285391890487;1.825;3.0, 3.5;1.975;3.0, 3.5;0.0;0.0;;0.0;0.0;0.0;0.0;0.0;;Stal Rzeszow;;0.0;0.0;3.9;0;0.0;0 - 0;3.9;Wieczysta Krakow;;0.0;0.0;1.727;0;0.0;+0.5;0 - 0;0-0;3.25;1.5;-;nan;;;;;;;;;;;;;;;;0.0;0.0;0.0;0.0;;;0.0;0.0;0.0;0.0;;[];[];[];[];[];[];[];[];1.0;0.0;0.0;1.0;0.0;0.0;37207.0;406863.0;zks stal rzeszow;wieczysta krakow;1.44;1.44;
2026-05-16;194577859;Belgium Super League Women;Belgium;14:30;Schedule;False;0.10147991543340379;1.9;2.5, 3.0;1.9;2.5, 3.0;0.0;0.0;;0.0;0.0;0.0;0.0;0.0;;Gent (W);;0.0;0.0;2.15;0;0.0;0 - 0;3.5;Genk (W);;0.0;0.0;2.75;0;0.0;-0.25;0 - 0;0-0;2.75;1.0;-;nan;;;;;;;;;;;;;;;;0.0;0.0;0.0;0.0;;;0.0;0.0;0.0;0.0;;[];[];[];[];[];[];[];[];1.0;0.0;0.0;1.0;0.0;0.0;2903.0;2890.0;kaa gent;krc genk;;;Women
2026-05-16;193336408;Poland I Liga;Poland;14:30;Schedule;False;0.25604551920341395;1.95;2.5;1.85;2.5;0.0;0.0;;0.0;0.0;0.0;0.0;0.0;;Chrobry Glogow;;0.0;0.0;1.9;0;0.0;0 - 0;3.4;Znicz Pruszków;;0.0;0.0;3.7;0;0.0;-0.5;0 - 0;0-0;2.5;1.0;-;nan;;;;;;;;;;;;;;;;0.0;0.0;0.0;0.0;;;0.0;0.0;0.0;0.0;;[];[];[];[];[];[];[];[];1.0;0.0;0.0;1.0;0.0;0.0;53296.0;7923.0;chrobry glogow;mks znicz pruszkow;1.8;1.8;
2026-05-16;194592146;Austria Landesliga;Austria;14:30;Schedule;False;0.49252077562326874;1.825;3.0, 3.5;1.975;3.0, 3.5;0.0;0.0;;0.0;0.0;0.0;0.0;0.0;;ATSV Wolfsberg;;0.0;0.0;1.444;0;0.0;0 - 0;4.5;St Veit SC;;0.0;0.0;5.0;0;0.0;-1.0;0 - 0;0-0;3.25;1.25;-;nan;;;;;;;;;;;;;;;;0.0;0.0;0.0;0.0;;;0.0;0.0;0.0;0.0;;[];[];[];[];[];[];[];[];1.0;0.0;0.0;1.0;0.0;0.0;;;;;;;
2026-05-16;194532612;Israel Premier League;Israel;14:30;Schedule;False;-0.017368649587494622;1.775;3.0;2.025;3.0;0.0;0.0;;0.0;0.0;0.0;0.0;0.0;;Maccabi Tel Aviv;3.0;0.0;0.0;2.45;0;0.0;0 - 0;3.6;Beitar Jerusalem;2.0;0.0;0.0;2.35;0;0.0;0.0;0 - 0;0-0;3.0;1.25;-;nan;;;;;;;;;;;;;;;;0.0;0.0;0.0;0.0;;;0.0;0.0;0.0;0.0;;[];[];[];[];[];[];[];[];1.0;0.0;0.0;1.0;0.0;0.0;5198.0;5204.0;maccabi tel aviv fc;beitar jerusalem fc;;;
2026-05-16;194697815;Spain Regional League;Spain;14:30;Schedule;False;;;2.5;;2.5;0.0;0.0;;0.0;0.0;0.0;0.0;0.0;;Uritarra;;0.0;0.0;;0;0.0;0 - 0;;CD Basconia II;;0.0;0.0;;0;0.0;-0.25;0 - 0;0-0;2.5;1.0;-;nan;;;;;;;;;;;;;;;;0.0;0.0;0.0;0.0;;;0.0;0.0;0.0;0.0;;[];[];[];[];[];[];[];[];1.0;0.0;0.0;1.0;0.0;0.0;;;;;;;Youth
2026-05-16;194709729;Spain Tercera Group 13;Spain;14:30;Schedule;False;;;2.5;;2.5;0.0;0.0;;0.0;0.0;0.0;0.0;0.0;;Mazarron;;0.0;0.0;;0;0.0;0 - 0;;Real Murcia B;;0.0;0.0;;0;0.0;-0.5;0 - 0;0-0;2.5;1.0;-;nan;;;;;;;;;;;;;;;;0.0;0.0;0.0;0.0;;;0.0;0.0;0.0;0.0;;[];[];[];[];[];[];[];[];1.0;0.0;0.0;1.0;0.0;0.0;;4487.0;;real murcia cf;;;Youth
2026-05-16;194577911;AFC Champions League Two;International (Asia);14:45;Schedule;False;0.47619047619047616;1.975;3.0;1.825;3.0;0.0;0.0;;0.0;0.0;0.0;0.0;0.0;;Al-Nassr Riyadh;;0.0;0.0;1.5;0;0.0;0 - 0;3.8;Gamba Osaka;;0.0;0.0;5.25;0;0.0;-1.0;0 - 0;0-0;3.0;1.25;-;nan;;;;;;;;;;;;;;;;0.0;0.0;0.0;0.0;;;0.0;0.0;0.0;0.0;;[];[];[];[];[];[];[];[];1.0;0.0;0.0;1.0;0.0;0.0;23400.0;3138.0;al nassr club;gamba osaka;;;
2026-05-16;194578368;Morocco Cup;Morocco;15:00;Schedule;False;0.19047619047619047;1.825;2.0;1.975;2.0;0.0;0.0;;0.0;0.0;0.0;0.0;0.0;;OC Safi;;0.0;0.0;2.1;0;0.0;0 - 0;2.875;Olympique Dcheira;;0.0;0.0;3.5;0;0.0;-0.25;0 - 0;0-0;2.0;0.75;-;nan;;;;;;;;;;;;;;;;0.0;0.0;0.0;0.0;;;0.0;0.0;0.0;0.0;;[];[];[];[];[];[];[];[];1.0;0.0;0.0;1.0;0.0;0.0;55037.0;220518.0;olympique club de safi;olympique dcheira;;;
2026-05-16;194587449;Brazil Serie A U20;Brazil;15:00;Schedule;False;0.1172901921132457;2.0;2.5, 3.0;1.8;2.5, 3.0;0.0;0.0;;0.0;0.0;0.0;0.0;0.0;;Botafogo U20;;0.0;0.0;2.15;0;0.0;0 - 0;3.3;Cruzeiro U20;;0.0;0.0;2.875;0;0.0;-0.25;0 - 0;0-0;2.75;1.0;-;nan;;;;;;;;;;;;;;;;0.0;0.0;0.0;0.0;;;0.0;0.0;0.0;0.0;;[];[];[];[];[];[];[];[];1.0;0.0;0.0;1.0;0.0;0.0;1958.0;1954.0;botafogo fr rj;cruzeiro ec mg;;;Youth
2026-05-16;194091101;Serbia Super Liga;Serbia;15:00;Schedule;False;-0.3977591036414566;1.875;2.0, 2.5;1.925;2.0, 2.5;0.0;0.0;;0.0;0.0;0.0;0.0;0.0;;Spartak Subotica;;0.0;0.0;5.25;0;0.0;0 - 0;3.1;IMT Novi Belgrade;;0.0;0.0;1.7;0;0.0;+0.75;0 - 0;0-0;2.5;1.0;-;nan;;;;;;;;;;;;;;;;0.0;0.0;0.0;0.0;;;0.0;0.0;0.0;0.0;;[];[];[];[];[];[];[];[];1.0;0.0;0.0;1.0;0.0;0.0;36967.0;425691.0;fk spartak subotica;fk imt novi beograd;2.0;2.0;
2026-05-16;194587426;Brazil Serie A U20;Brazil;15:00;Schedule;False;-0.14285714285714285;1.925;2.5, 3.0;1.875;2.5, 3.0;0.0;0.0;;0.0;0.0;0.0;0.0;0.0;;Corinthians U20;;0.0;0.0;3.0;0;0.0;0 - 0;3.4;Vasco da Gama U20;;0.0;0.0;2.1;0;0.0;+0.25;0 - 0;0-0;2.5;1.0;-;nan;;;;;;;;;;;;;;;;0.0;0.0;0.0;0.0;;;0.0;0.0;0.0;0.0;;[];[];[];[];[];[];[];[];1.0;0.0;0.0;1.0;0.0;0.0;1957.0;1974.0;sc corinthians sp;cr vasco da gama rj;;;Youth
2026-05-16;194587440;Brazil Serie A U20;Brazil;15:00;Schedule;False;-0.1172901921132457;1.8;2.5;2.0;2.5;0.0;0.0;;0.0;0.0;0.0;0.0;0.0;;Criciuma U20;;0.0;0.0;2.875;0;0.0;0 - 0;3.4;Fluminense U20;;0.0;0.0;2.15;0;0.0;+0.25;0 - 0;0-0;2.5;1.0;-;nan;;;;;;;;;;;;;;;;0.0;0.0;0.0;0.0;;;0.0;0.0;0.0;0.0;;[];[];[];[];[];[];[];[];1.0;0.0;0.0;1.0;0.0;0.0;1984.0;1961.0;criciuma ec sc;fluminense fc rj;;;Youth
2026-05-16;194594792;Brazil Paulista Serie B;Brazil;15:00;Schedule;False;0.07763975155279507;1.9;2.5;1.9;2.5;0.0;0.0;;0.0;0.0;0.0;0.0;0.0;;Sao Carlos U23;;0.0;0.0;2.3;0;0.0;0 - 0;3.1;Santacruzense U23;;0.0;0.0;2.8;0;0.0;-0.5;0 - 0;0-0;2.5;1.0;-;nan;;;;;;;;;;;;;;;;0.0;0.0;0.0;0.0;;;0.0;0.0;0.0;0.0;;[];[];[];[];[];[];[];[];1.0;0.0;0.0;1.0;0.0;0.0;;;;;;;Youth
2026-05-16;194526662;Netherlands Eerste Divisie;Netherlands;15:00;Schedule;False;0.15261627906976744;2.0;3.0, 3.5;1.8;3.0, 3.5;0.0;0.0;;0.0;0.0;0.0;0.0;0.0;;Willem II;;0.0;0.0;2.15;0;0.0;0 - 0;3.4;Almere City;;0.0;0.0;3.2;0;0.0;-0.25;0 - 0;0-0;3.0;1.25;-;nan;;;;;;;;;;;;;;;;0.0;0.0;0.0;0.0;;;0.0;0.0;0.0;0.0;;[];[];[];[];[];[];[];[];1.0;0.0;0.0;1.0;0.0;0.0;2961.0;2990.0;willem ii tilburg;almere city fc;;;Youth
2026-05-16;194594788;Brazil Paulista Serie B;Brazil;15:00;Schedule;False;0.00816326530612238;1.95;2.5;1.85;2.5;0.0;0.0;;0.0;0.0;0.0;0.0;0.0;;Mogi Mirim U23;;0.0;0.0;2.45;0;0.0;0 - 0;3.25;Matonense U23;;0.0;0.0;2.5;0;0.0;0.0;0 - 0;0-0;2.5;1.0;-;nan;;;;;;;;;;;;;;;;0.0;0.0;0.0;0.0;;;0.0;0.0;0.0;0.0;;[];[];[];[];[];[];[];[];1.0;0.0;0.0;1.0;0.0;0.0;;;;;;;Youth
2026-05-16;194594784;Brazil Campeonato Carioca A2;Brazil;15:00;Schedule;False;-0.04285714285714287;1.8;1.5, 2.0;2.0;1.5, 2.0;0.0;0.0;;0.0;0.0;0.0;0.0;0.0;;Sao Goncalo EC;;0.0;0.0;2.8;0;0.0;0 - 0;2.8;Resende;;0.0;0.0;2.5;0;0.0;0.0;0 - 0;0-0;1.75;0.75;-;nan;;;;;;;;;;;;;;;;0.0;0.0;0.0;0.0;;;0.0;0.0;0.0;0.0;;[];[];[];[];[];[];[];[];1.0;0.0;0.0;1.0;0.0;0.0;;;;;;;
2026-05-16;194594776;Brazil Campeonato Carioca A2;Brazil;15:00;Schedule;False;0.2966381015161502;2.0;2.0;1.8;2.0;0.0;0.0;;0.0;0.0;0.0;0.0;0.0;;Olaria;;0.0;0.0;1.85;0;0.0;0 - 0;3.0;Perolas Negras;;0.0;0.0;4.1;0;0.0;-0.5;0 - 0;0-0;2.0;0.75;-;nan;;;;;;;;;;;;;;;;0.0;0.0;0.0;0.0;;;0.0;0.0;0.0;0.0;;[];[];[];[];[];[];[];[];1.0;0.0;0.0;1.0;0.0;0.0;;;;;;;
2026-05-16;194594794;Poland III Liga;Poland;15:00;Schedule;False;0.8902285551901921;1.925;3.5;1.875;3.5;0.0;0.0;;0.0;0.0;0.0;0.0;0.0;;Lechia Zielona Góra;;0.0;0.0;1.071;0;0.0;0 - 0;10.0;LZS Starowice Dolne;;0.0;0.0;23.0;0;0.0;-2.75;0 - 0;0-0;3.5;1.5;-;nan;;;;;;;;;;;;;;;;0.0;0.0;0.0;0.0;;;0.0;0.0;0.0;0.0;;[];[];[];[];[];[];[];[];1.0;0.0;0.0;1.0;0.0;0.0;;;;;;;
2026-05-16;194542117;Argentina Primera B Metropolitana;Argentina;15:00;Schedule;False;0.33333333333333337;1.85;1.5, 2.0;1.95;1.5, 2.0;0.0;0.0;;0.0;0.0;0.0;0.0;0.0;;Deportivo Camioneros;6.0;0.0;0.0;1.8;0;0.0;0 - 0;2.9;CA Brown de Adrogue;16.0;0.0;0.0;4.5;0;0.0;-0.25;0 - 0;0-0;1.75;0.75;-;nan;;;;;;;;;;;;;;;;0.0;0.0;0.0;0.0;;;0.0;0.0;0.0;0.0;;[];[];[];[];[];[];[];[];1.0;0.0;0.0;1.0;0.0;0.0;336147.0;107201.0;deportivo camioneros;ca brown de adrogue;;;Youth
2026-05-16;194577905;Morocco Cup;Morocco;15:00;Schedule;False;0.5902806870548805;2.0;2.5;1.8;2.5;0.0;0.0;;0.0;0.0;0.0;0.0;0.0;;Raja Casablanca;;0.0;0.0;1.364;0;0.0;0 - 0;4.2;JS Massira;;0.0;0.0;7.0;0;0.0;-1.5;0 - 0;0-0;2.5;1.0;-;nan;;;;;;;;;;;;;;;;0.0;0.0;0.0;0.0;;;0.0;0.0;0.0;0.0;;[];[];[];[];[];[];[];[];1.0;0.0;0.0;1.0;0.0;0.0;41757.0;;raja casablanca athletic;;;;
2026-05-16;194545472;Argentina Primera C Metropolitana;Argentina;15:00;Schedule;False;-0.1122019635343619;1.8;1.5, 2.0;2.0;1.5, 2.0;0.0;0.0;;0.0;0.0;0.0;0.0;0.0;;Deportivo Paraguayo;;0.0;0.0;3.1;0;0.0;0 - 0;2.8;Lujan;;0.0;0.0;2.3;0;0.0;+0.25;0 - 0;0-0;1.75;0.75;-;nan;;;;;;;;;;;;;;;;0.0;0.0;0.0;0.0;;;0.0;0.0;0.0;0.0;;[];[];[];[];[];[];[];[];1.0;0.0;0.0;1.0;0.0;0.0;377554.0;306574.0;deportivo paraguayo;club lujan;;;
2026-05-16;194545462;Argentina Primera C Metropolitana;Argentina;15:00;Schedule;False;0.09408602150537637;1.875;1.5, 2.0;1.925;1.5, 2.0;0.0;0.0;;0.0;0.0;0.0;0.0;0.0;;Argentino de Rosario;;0.0;0.0;2.4;0;0.0;0 - 0;2.7;Central Cordoba Rosario;;0.0;0.0;3.1;0;0.0;-0.25;0 - 0;0-0;1.75;0.75;-;nan;;;;;;;;;;;;;;;;0.0;0.0;0.0;0.0;;;0.0;0.0;0.0;0.0;;[];[];[];[];[];[];[];[];1.0;0.0;0.0;1.0;0.0;0.0;377568.0;224836.0;argentino de rosario;ca central cordoba rosario;;;
2026-05-16;194534601;Montenegro Prva Liga;Montenegro;15:00;Schedule;False;-0.0639097744360902;1.8;2.0;2.0;2.0;0.0;0.0;;0.0;0.0;0.0;0.0;0.0;;Buducnost Podgorica;;0.0;0.0;2.8;0;0.0;0 - 0;3.1;FK Mornar Bar;;0.0;0.0;2.375;0;0.0;0.0;0 - 0;0-0;2.0;0.75;-;nan;;;;;;;;;;;;;;;;0.0;0.0;0.0;0.0;;;0.0;0.0;0.0;0.0;;[];[];[];[];[];[];[];[];1.0;0.0;0.0;1.0;0.0;0.0;;;;;;;
2026-05-16;194577016;Italy Serie B;Italy;15:00;Schedule;False;-0.23333333333333334;1.95;2.0, 2.5;1.85;2.0, 2.5;0.0;0.0;;0.0;0.0;0.0;0.0;0.0;;Juve Stabia;7.0;0.0;0.0;3.75;0;0.0;0 - 0;3.4;Monza;3.0;0.0;0.0;2.0;0;0.0;+0.25;0 - 0;0-0;2.0;0.75;-;nan;;;;;;;;;;;;;;;;0.0;0.0;0.0;0.0;;;0.0;0.0;0.0;0.0;;[];[];[];[];[];[];[];[];1.0;0.0;0.0;1.0;0.0;0.0;5324.0;2729.0;juve stabia;ac monza;1.9;1.9;Youth
2026-05-16;194577923;Brazil Serie A U20;Brazil;15:00;Schedule;False;0.4229390681003584;1.825;3.0;1.975;3.0;0.0;0.0;;0.0;0.0;0.0;0.0;0.0;;Gremio U20;;0.0;0.0;1.55;0;0.0;0 - 0;3.9;Avai U20;;0.0;0.0;4.5;0;0.0;-1.0;0 - 0;0-0;3.0;1.25;-;nan;;;;;;;;;;;;;;;;0.0;0.0;0.0;0.0;;;0.0;0.0;0.0;0.0;;[];[];[];[];[];[];[];[];1.0;0.0;0.0;1.0;0.0;0.0;5926.0;7315.0;gremio fb porto alegrense rs;avai fc sc;;;Youth
2026-05-16;194534599;Montenegro Prva Liga;Montenegro;15:00;Schedule;False;0.14253563390847712;2.0;2.0, 2.5;1.8;2.0, 2.5;0.0;0.0;;0.0;0.0;0.0;0.0;0.0;;FK Jezero;;0.0;0.0;2.15;0;0.0;0 - 0;3.1;OFK Mladost DG;;0.0;0.0;3.1;0;0.0;0.0;0 - 0;0-0;2.0;0.75;-;nan;;;;;;;;;;;;;;;;0.0;0.0;0.0;0.0;;;0.0;0.0;0.0;0.0;;[];[];[];[];[];[];[];[];1.0;0.0;0.0;1.0;0.0;0.0;;;;;;;
2026-05-16;194534597;Montenegro Prva Liga;Montenegro;15:00;Schedule;False;0.40866873065015485;1.85;2.0, 2.5;1.95;2.0, 2.5;0.0;0.0;;0.0;0.0;0.0;0.0;0.0;;OFK Petrovac;;0.0;0.0;1.615;0;0.0;0 - 0;3.4;FK Jedinstvo Franca;;0.0;0.0;4.75;0;0.0;-0.75;0 - 0;0-0;2.25;1.0;-;nan;;;;;;;;;;;;;;;;0.0;0.0;0.0;0.0;;;0.0;0.0;0.0;0.0;;[];[];[];[];[];[];[];[];1.0;0.0;0.0;1.0;0.0;0.0;;;;;;;
2026-05-16;194579247;Morocco Cup;Morocco;15:00;Schedule;False;0.5902806870548805;2.0;2.5;1.8;2.5;0.0;0.0;;0.0;0.0;0.0;0.0;0.0;;Union de Touarga;;0.0;0.0;1.364;0;0.0;0 - 0;4.5;Fath Nador;;0.0;0.0;7.0;0;0.0;-1.25;0 - 0;0-0;2.5;1.0;-;nan;;;;;;;;;;;;;;;;0.0;0.0;0.0;0.0;;;0.0;0.0;0.0;0.0;;[];[];[];[];[];[];[];[];1.0;0.0;0.0;1.0;0.0;0.0;;;;;;;
2026-05-16;194538980;Uruguay Torneo Intermedio;Uruguay;15:00;Schedule;False;0.2142857142857143;1.9;2.0, 2.5;1.9;2.0, 2.5;0.0;0.0;;0.0;0.0;0.0;0.0;0.0;;Juventud De Las Piedras;;0.0;0.0;2.0;0;0.0;0 - 0;3.2;Club Atletico Progreso;;0.0;0.0;3.5;0;0.0;-0.5;0 - 0;0-0;2.25;1.0;-;nan;;;;;;;;;;;;;;;;0.0;0.0;0.0;0.0;;;0.0;0.0;0.0;0.0;;[];[];[];[];[];[];[];[];1.0;0.0;0.0;1.0;0.0;0.0;3224.0;3238.0;ca juventud de las piedras;ca progreso;;;
2026-05-16;194091062;Serbia Super Liga;Serbia;15:00;Schedule;False;0.3024453024453024;2.0;2.0, 2.5;1.8;2.0, 2.5;0.0;0.0;;0.0;0.0;0.0;0.0;0.0;;Javor Ivanjica;12.0;0.0;0.0;1.85;0;0.0;0 - 0;3.3;Mladost Lucani;14.0;0.0;0.0;4.2;0;0.0;-0.5;0 - 0;0-0;2.25;0.75;-;nan;;;;;;;;;;;;;;;;0.0;0.0;0.0;0.0;;;0.0;0.0;0.0;0.0;;[];[];[];[];[];[];[];[];1.0;0.0;0.0;1.0;0.0;0.0;5144.0;7771.0;fk javor ivanjica;fk mladost lucani;2.0;1.9;
2026-05-16;194577925;Brazil Serie A U20;Brazil;15:00;Schedule;False;-0.30476190476190473;1.9;2.5;1.9;2.5;0.0;0.0;;0.0;0.0;0.0;0.0;0.0;;Juventude U20;;0.0;0.0;3.75;0;0.0;0 - 0;3.5;Flamengo U20;;0.0;0.0;1.75;0;0.0;+0.75;0 - 0;0-0;2.25;1.0;-;nan;;;;;;;;;;;;;;;;0.0;0.0;0.0;0.0;;;0.0;0.0;0.0;0.0;;[];[];[];[];[];[];[];[];1.0;0.0;0.0;1.0;0.0;0.0;1980.0;5981.0;ec juventude rs;cr flamengo rj;;;Youth
2026-05-16;194534593;Montenegro Prva Liga;Montenegro;15:00;Schedule;False;0.02721088435374147;1.8;2.0;2.0;2.0;0.0;0.0;;0.0;0.0;0.0;0.0;0.0;;FK Bokelj;;0.0;0.0;2.45;0;0.0;0 - 0;3.0;Arsenal Tivat;;0.0;0.0;2.625;0;0.0;0.0;0 - 0;0-0;2.0;0.75;-;nan;;;;;;;;;;;;;;;;0.0;0.0;0.0;0.0;;;0.0;0.0;0.0;0.0;;[];[];[];[];[];[];[];[];1.0;0.0;0.0;1.0;0.0;0.0;;;;;;;
2026-05-16;194534595;Montenegro Prva Liga;Montenegro;15:00;Schedule;False;0.45468509984639016;2.0;2.5;1.8;2.5;0.0;0.0;;0.0;0.0;0.0;0.0;0.0;;Sutjeska Niksic;;0.0;0.0;1.55;0;0.0;0 - 0;3.6;FK Decic Tuzi;;0.0;0.0;5.25;0;0.0;-1.0;0 - 0;0-0;2.25;1.0;-;nan;;;;;;;;;;;;;;;;0.0;0.0;0.0;0.0;;;0.0;0.0;0.0;0.0;;[];[];[];[];[];[];[];[];1.0;0.0;0.0;1.0;0.0;0.0;;;;;;;
2026-05-16;194091089;Serbia Super Liga;Serbia;15:00;Schedule;False;-0.6073304040295788;1.9;2.5, 3.0;1.9;2.5, 3.0;0.0;0.0;;0.0;0.0;0.0;0.0;0.0;;FK Napredak;;0.0;0.0;7.0;0;0.0;0 - 0;4.333;FK Radnicki 1923;;0.0;0.0;1.333;0;0.0;+1.5;0 - 0;0-0;2.75;1.25;-;nan;;;;;;;;;;;;;;;;0.0;0.0;0.0;0.0;;;0.0;0.0;0.0;0.0;;[];[];[];[];[];[];[];[];1.0;0.0;0.0;1.0;0.0;0.0;7674.0;43981.0;fk napredak krusevac;fk radnicki 1923 kragujevac;2.1;2.1;
2026-05-16;194592054;Morocco Cup;Morocco;15:00;Schedule;False;0.5604395604395604;2.0;2.5;1.8;2.5;0.0;0.0;;0.0;0.0;0.0;0.0;0.0;;RSB Berkane;;0.0;0.0;1.4;0;0.0;0 - 0;4.0;Wydad Fès;;0.0;0.0;6.5;0;0.0;-1.5;0 - 0;0-0;2.75;1.0;-;nan;;;;;;;;;;;;;;;;0.0;0.0;0.0;0.0;;;0.0;0.0;0.0;0.0;;[];[];[];[];[];[];[];[];1.0;0.0;0.0;1.0;0.0;0.0;80395.0;;rs berkane;;;;
2026-05-16;193715968;Saudi Arabia Pro League;Saudi Arabia;15:00;Schedule;False;0.6624015748031495;1.95;3.0, 3.5;1.85;3.0, 3.5;0.0;0.0;;0.0;0.0;0.0;0.0;0.0;;Al Ahli Jeddah;;0.0;0.0;1.27;0;0.0;0 - 0;5.0;Al Kholood;;0.0;0.0;8.0;0;0.0;-1.5;0 - 0;0-0;3.0;1.25;-;nan;;;;;;;;;;;;;;;;0.0;0.0;0.0;0.0;;;0.0;0.0;0.0;0.0;;[];[];[];[];[];[];[];[];1.0;0.0;0.0;1.0;0.0;0.0;34469.0;386360.0;al ahli saudi fc;al-kholood;;;
2026-05-16;194091110;Serbia Super Liga;Serbia;15:00;Schedule;False;0.2175346077785103;1.9;2.5;1.9;2.5;0.0;0.0;;0.0;0.0;0.0;0.0;0.0;;TSC;;0.0;0.0;2.05;0;0.0;0 - 0;2.15;Radnicki Nis;;0.0;0.0;3.7;0;0.0;-0.25;0 - 0;0-0;2.5;1.0;-;nan;;;;;;;;;;;;;;;;0.0;0.0;0.0;0.0;;;0.0;0.0;0.0;0.0;;[];[];[];[];[];[];[];[];1.0;0.0;0.0;1.0;0.0;0.0;368638.0;25737.0;fk tsc backa topola;fk radnicki nis;1.8;1.8;
2026-05-16;194636000;Brazil Paulista Serie B;Brazil;15:00;Schedule;False;0.09740259740259738;1.975;2.5;1.825;2.5;0.0;0.0;;0.0;0.0;0.0;0.0;0.0;;Flamengo SP U23;;0.0;0.0;2.2;0;0.0;0 - 0;3.2;Audax SP U23;;0.0;0.0;2.8;0;0.0;-0.25;0 - 0;0-0;2.5;1.0;-;nan;;;;;;;;;;;;;;;;0.0;0.0;0.0;0.0;;;0.0;0.0;0.0;0.0;;[];[];[];[];[];[];[];[];1.0;0.0;0.0;1.0;0.0;0.0;;;;;;;Youth
2026-05-16;193331959;Norway Eliteserien;Norway;15:00;Schedule;False;0.24060150375939848;1.85;3.0;1.95;3.0;0.0;0.0;;0.0;0.0;0.0;0.0;0.0;;Valerenga;;0.0;0.0;1.9;0;0.0;0 - 0;4.0;Sarpsborg;;0.0;0.0;3.5;0;0.0;-0.75;0 - 0;0-0;3.0;1.25;-;nan;;;;;;;;;;;;;;;;0.0;0.0;0.0;0.0;;;0.0;0.0;0.0;0.0;;[];[];[];[];[];[];[];[];1.0;0.0;0.0;1.0;0.0;0.0;1165.0;822.0;vaalerenga if;sarpsborg 08;1.53;1.5;
2026-05-16;194636002;Brazil Paulista Serie B;Brazil;15:00;Schedule;False;-0.5303123086344153;1.95;2.5, 3.0;1.85;2.5, 3.0;0.0;0.0;;0.0;0.0;0.0;0.0;0.0;;Barcelona SP U23;;0.0;0.0;5.75;0;0.0;0 - 0;4.1;Maua U23;;0.0;0.0;1.42;0;0.0;+1.25;0 - 0;0-0;2.75;1.0;-;nan;;;;;;;;;;;;;;;;0.0;0.0;0.0;0.0;;;0.0;0.0;0.0;0.0;;[];[];[];[];[];[];[];[];1.0;0.0;0.0;1.0;0.0;0.0;;;;;;;Youth
2026-05-16;194636005;Brazil Paulista Serie B;Brazil;15:00;Schedule;False;0.5229885057471265;1.8;2.0, 2.5;2.0;2.0, 2.5;0.0;0.0;;0.0;0.0;0.0;0.0;0.0;;Mauaense U23;;0.0;0.0;1.45;0;0.0;0 - 0;3.8;Manthiqueira U23;;0.0;0.0;6.0;0;0.0;-1.0;0 - 0;0-0;2.25;1.0;-;nan;;;;;;;;;;;;;;;;0.0;0.0;0.0;0.0;;;0.0;0.0;0.0;0.0;;[];[];[];[];[];[];[];[];1.0;0.0;0.0;1.0;0.0;0.0;;;;;;;Youth
2026-05-16;194707664;Morocco Cup;Morocco;15:00;Schedule;False;;;2.5;;2.5;0.0;0.0;;0.0;0.0;0.0;0.0;0.0;;UTS Rabat;;0.0;0.0;;0;0.0;0 - 0;;Fath Nador;;0.0;0.0;;0;0.0;-1.5;0 - 0;0-0;2.5;1.0;-;nan;;;;;;;;;;;;;;;;0.0;0.0;0.0;0.0;;;0.0;0.0;0.0;0.0;;[];[];[];[];[];[];[];[];1.0;0.0;0.0;1.0;0.0;0.0;118834.0;;union touarga;;;;
2026-05-16;194586173;CAF Confederations Cup;International (Africa);15:00;Schedule;False;0.38935370820572723;1.95;2.0;1.85;2.0;0.0;0.0;;0.0;0.0;0.0;0.0;0.0;;El Zamalek;;0.0;0.0;1.667;0;0.0;0 - 0;3.3;USM Alger;;0.0;0.0;4.75;0;0.0;-1.0;0 - 0;0-0;2.0;0.75;-;nan;;;;;;;;;;;;;;;;0.0;0.0;0.0;0.0;;;0.0;0.0;0.0;0.0;;[];[];[];[];[];[];[];[];1.0;0.0;0.0;1.0;0.0;0.0;42368.0;42206.0;zamalek sc;usm alger;;;
2026-05-16;193715871;Peru Liga 1;Peru;15:00;Schedule;False;0.49275362318840576;1.825;2.5, 3.0;1.975;2.5, 3.0;0.0;0.0;;0.0;0.0;0.0;0.0;0.0;;FBC Melgar;;0.0;0.0;1.5;0;0.0;0 - 0;4.1;Sport Huancayo;;0.0;0.0;5.75;0;0.0;-1.0;0 - 0;0-0;2.5;1.0;-;nan;;;;;;;;;;;;;;;;0.0;0.0;0.0;0.0;;;0.0;0.0;0.0;0.0;;[];[];[];[];[];[];[];[];1.0;0.0;0.0;1.0;0.0;0.0;2308.0;33895.0;fbc melgar;sport huancayo;1.72;1.72;
2026-05-16;193710521;Argentina Nacional B;Argentina;15:00;Schedule;False;0.04105571847507333;1.775;1.5;2.025;1.5;0.0;0.0;;0.0;0.0;0.0;0.0;0.0;;Los Andes;;0.0;0.0;2.75;0;0.0;0 - 0;2.7;Godoy Cruz;;0.0;0.0;3.1;0;0.0;-0.25;0 - 0;0-0;1.5;0.5;-;nan;;;;;;;;;;;;;;;;0.0;0.0;0.0;0.0;;;0.0;0.0;0.0;0.0;;[];[];[];[];[];[];[];[];1.0;0.0;0.0;1.0;0.0;0.0;112497.0;6074.0;club atletico los andes;cd godoy cruz;2.62;2.62;Youth
2026-05-16;194577971;Peru Liga 2;Peru;15:00;Schedule;False;;;2.75;;2.75;0.0;0.0;;0.0;0.0;0.0;0.0;0.0;;Alianza Universidad;;0.0;0.0;;0;0.0;0 - 0;;CD Estudiantil CNI;;0.0;0.0;;0;0.0;-1.0;0 - 0;0-0;2.75;1.25;-;nan;;;;;;;;;;;;;;;;0.0;0.0;0.0;0.0;;;0.0;0.0;0.0;0.0;;[];[];[];[];[];[];[];[];1.0;0.0;0.0;1.0;0.0;0.0;;;;;;;
2026-05-16;194584400;Brazil Serie D;Brazil;15:00;Schedule;False;;;2.0;;2.0;0.0;0.0;;0.0;0.0;0.0;0.0;0.0;;America RJ;;0.0;0.0;;0;0.0;0 - 0;;Madureira;;0.0;0.0;;0;0.0;0.0;0 - 0;0-0;2.0;0.75;-;nan;;;;;;;;;;;;;;;;0.0;0.0;0.0;0.0;;;0.0;0.0;0.0;0.0;;[];[];[];[];[];[];[];[];1.0;0.0;0.0;1.0;0.0;0.0;6976.0;6980.0;america fc rj;madureira rj;;;
2026-05-16;194584406;Brazil Serie D;Brazil;15:00;Schedule;False;;;2.0;;2.0;0.0;0.0;;0.0;0.0;0.0;0.0;0.0;;Santa Catarina;;0.0;0.0;;0;0.0;0 - 0;;Joinville;;0.0;0.0;;0;0.0;-0.25;0 - 0;0-0;2.0;0.75;-;nan;;;;;;;;;;;;;;;;0.0;0.0;0.0;0.0;;;0.0;0.0;0.0;0.0;;[];[];[];[];[];[];[];[];1.0;0.0;0.0;1.0;0.0;0.0;510178.0;1987.0;santa catarina sc;joinville ec sc;;;
2026-05-16;194703802;Uruguay League Women;Uruguay;15:00;Schedule;False;;;3.0;;3.0;0.0;0.0;;0.0;0.0;0.0;0.0;0.0;;Defensor Sporting (W);;0.0;0.0;;0;0.0;0 - 0;;Penarol (W);;0.0;0.0;;0;0.0;+1.0;0 - 0;0-0;3.0;1.25;-;nan;;;;;;;;;;;;;;;;0.0;0.0;0.0;0.0;;;0.0;0.0;0.0;0.0;;[];[];[];[];[];[];[];[];1.0;0.0;0.0;1.0;0.0;0.0;3229.0;3227.0;defensor sporting;ca penarol montevideo;;;Women
2026-05-16;193715930;Romania Liga I;Romania;15:00;Schedule;False;0.14253563390847712;1.9;2.0, 2.5;1.9;2.0, 2.5;0.0;0.0;;0.0;0.0;0.0;0.0;0.0;;Dinamo Bucharest;;0.0;0.0;2.15;0;0.0;0 - 0;3.1;CFR Cluj;;0.0;0.0;3.1;0;0.0;-0.25;0 - 0;0-0;2.25;1.0;-;nan;;;;;;;;;;;;;;;;0.0;0.0;0.0;0.0;;;0.0;0.0;0.0;0.0;;[];[];[];[];[];[];[];[];1.0;0.0;0.0;1.0;0.0;0.0;3292.0;5287.0;fc dinamo bucuresti 1948;fc cfr 1907 cluj;;;
2026-05-16;194592071;Brazil Campeonato Carioca A2;Brazil;15:00;Schedule;False;0.19047619047619047;1.8;1.5, 2.0;2.0;1.5, 2.0;0.0;0.0;;0.0;0.0;0.0;0.0;0.0;;Cabofriense;;0.0;0.0;2.1;0;0.0;0 - 0;2.8;Serrano;;0.0;0.0;3.5;0;0.0;-0.25;0 - 0;0-0;1.75;0.75;-;nan;;;;;;;;;;;;;;;;0.0;0.0;0.0;0.0;;;0.0;0.0;0.0;0.0;;[];[];[];[];[];[];[];[];1.0;0.0;0.0;1.0;0.0;0.0;;;;;;;
2026-05-16;194094035;Brazil Serie A1 Women;Brazil;15:00;Schedule;False;-0.38383838383838387;1.875;2.0, 2.5;1.925;2.0, 2.5;0.0;0.0;;0.0;0.0;0.0;0.0;0.0;;America MG (W);;0.0;0.0;4.5;0;0.0;0 - 0;3.4;Atletico Mineiro (W);;0.0;0.0;1.65;0;0.0;+0.75;0 - 0;0-0;2.25;0.75;-;nan;;;;;;;;;;;;;;;;0.0;0.0;0.0;0.0;;;0.0;0.0;0.0;0.0;;[];[];[];[];[];[];[];[];1.0;0.0;0.0;1.0;0.0;0.0;1973.0;1977.0;america fc mg;atletico mineiro mg;;;Women
2026-05-16;194587419;Brazil Serie A U20;Brazil;15:00;Schedule;False;-0.14285714285714285;1.9;2.5;1.9;2.5;0.0;0.0;;0.0;0.0;0.0;0.0;0.0;;Fortaleza U20;;0.0;0.0;3.0;0;0.0;0 - 0;3.3;Santos U20;;0.0;0.0;2.1;0;0.0;+0.25;0 - 0;0-0;2.5;1.0;-;nan;;;;;;;;;;;;;;;;0.0;0.0;0.0;0.0;;;0.0;0.0;0.0;0.0;;[];[];[];[];[];[];[];[];1.0;0.0;0.0;1.0;0.0;0.0;2020.0;1968.0;fortaleza ec ce;santos fc sp;;;Youth
2026-05-16;194592074;Brazil Campeonato Carioca A2;Brazil;15:00;Schedule;False;0.1620859760394644;1.875;2.0;1.925;2.0;0.0;0.0;;0.0;0.0;0.0;0.0;0.0;;Bonsucesso FC;;0.0;0.0;2.15;0;0.0;0 - 0;2.9;Audax RJ;;0.0;0.0;3.3;0;0.0;-0.5;0 - 0;0-0;2.0;0.75;-;nan;;;;;;;;;;;;;;;;0.0;0.0;0.0;0.0;;;0.0;0.0;0.0;0.0;;[];[];[];[];[];[];[];[];1.0;0.0;0.0;1.0;0.0;0.0;;;;;;;
2026-05-16;194592116;Brazil Serie A2 Women;Brazil;15:00;Schedule;False;-0.3226285391890487;1.925;2.5;1.875;2.5;0.0;0.0;;0.0;0.0;0.0;0.0;0.0;;Doce Mel EC (W);;0.0;0.0;3.9;0;0.0;0 - 0;3.5;Perolas Negras (W);;0.0;0.0;1.727;0;0.0;+0.5;0 - 0;0-0;2.5;1.0;-;nan;;;;;;;;;;;;;;;;0.0;0.0;0.0;0.0;;;0.0;0.0;0.0;0.0;;[];[];[];[];[];[];[];[];1.0;0.0;0.0;1.0;0.0;0.0;;;;;;;Women
2026-05-16;194591142;Argentina Championship Women;Argentina;15:00;Schedule;False;-0.1014492753623189;1.825;2.0;1.975;2.0;0.0;0.0;;0.0;0.0;0.0;0.0;0.0;;Belgrano (W);;0.0;0.0;3.0;0;0.0;0 - 0;2.9;Boca Juniors (W);;0.0;0.0;2.3;0;0.0;0.0;0 - 0;0-0;1.75;0.75;-;nan;;;;;;;;;;;;;;;;0.0;0.0;0.0;0.0;;;0.0;0.0;0.0;0.0;;[];[];[];[];[];[];[];[];1.0;0.0;0.0;1.0;0.0;0.0;3203.0;3202.0;ca belgrano de cordoba;boca juniors;;;Women
2026-05-16;194592194;Brazil Serie A2 Women;Brazil;15:00;Schedule;False;-0.17530487804878053;1.775;2.0, 2.5;2.025;2.0, 2.5;0.0;0.0;;0.0;0.0;0.0;0.0;0.0;;Sport Recife (W);;0.0;0.0;3.2;0;0.0;0 - 0;3.1;Itabirito (W);;0.0;0.0;2.05;0;0.0;+0.25;0 - 0;0-0;2.25;1.0;-;nan;;;;;;;;;;;;;;;;0.0;0.0;0.0;0.0;;;0.0;0.0;0.0;0.0;;[];[];[];[];[];[];[];[];1.0;0.0;0.0;1.0;0.0;0.0;1959.0;;sc recife pe;;;;Women
2026-05-16;194590811;Brazil Catarinense 2;Brazil;15:00;Schedule;False;0.055161544523246675;2.05;2.0, 2.5;1.75;2.0, 2.5;0.0;0.0;;0.0;0.0;0.0;0.0;0.0;;Guarani de Palhoca;;0.0;0.0;2.35;0;0.0;0 - 0;3.1;Juventus SC;;0.0;0.0;2.7;0;0.0;0.0;0 - 0;0-0;2.0;0.75;-;nan;;;;;;;;;;;;;;;;0.0;0.0;0.0;0.0;;;0.0;0.0;0.0;0.0;;[];[];[];[];[];[];[];[];1.0;0.0;0.0;1.0;0.0;0.0;;;;;;;
2026-05-16;194592197;Brazil Serie A2 Women;Brazil;15:00;Schedule;False;0.75;2.025;3.0, 3.5;1.775;3.0, 3.5;0.0;0.0;;0.0;0.0;0.0;0.0;0.0;;Minas ICESP DF (W);;0.0;0.0;1.2;0;0.0;0 - 0;6.0;Paysandu (W);;0.0;0.0;12.0;0;0.0;-2.0;0 - 0;0-0;3.25;1.25;-;nan;;;;;;;;;;;;;;;;0.0;0.0;0.0;0.0;;;0.0;0.0;0.0;0.0;;[];[];[];[];[];[];[];[];1.0;0.0;0.0;1.0;0.0;0.0;;1997.0;;paysandu sc pa;;;Women
2026-05-16;194592199;Brazil Serie A2 Women;Brazil;15:00;Schedule;False;0.9607843137254901;1.975;4.0, 4.5;1.825;4.0, 4.5;0.0;0.0;;0.0;0.0;0.0;0.0;0.0;;Vasco da Gama (W);;0.0;0.0;1.02;0;0.0;0 - 0;21.0;Rio Negro RR (W);;0.0;0.0;51.0;0;0.0;-3.75;0 - 0;0-0;4.25;1.75;-;nan;;;;;;;;;;;;;;;;0.0;0.0;0.0;0.0;;;0.0;0.0;0.0;0.0;;[];[];[];[];[];[];[];[];1.0;0.0;0.0;1.0;0.0;0.0;1974.0;;cr vasco da gama rj;;;;Women
2026-05-16;194592202;Brazil Serie A2 Women;Brazil;15:00;Schedule;False;0.32903879559930516;1.9;3.0;1.9;3.0;0.0;0.0;;0.0;0.0;0.0;0.0;0.0;;UDA AL (W);;0.0;0.0;1.727;0;0.0;0 - 0;3.4;Itacoatiara (W);;0.0;0.0;4.0;0;0.0;-0.75;0 - 0;0-0;3.0;1.25;-;nan;;;;;;;;;;;;;;;;0.0;0.0;0.0;0.0;;;0.0;0.0;0.0;0.0;;[];[];[];[];[];[];[];[];1.0;0.0;0.0;1.0;0.0;0.0;;;;;;;Women
2026-05-16;194592204;Brazil Serie A3 Women;Brazil;15:00;Schedule;False;0.016666666666666663;2.0;2.5, 3.0;1.8;2.5, 3.0;0.0;0.0;;0.0;0.0;0.0;0.0;0.0;;Sampaio Correa (W);;0.0;0.0;2.4;0;0.0;0 - 0;3.4;Tiradentes PA (W);;0.0;0.0;2.5;0;0.0;0.0;0 - 0;0-0;2.75;1.0;-;nan;;;;;;;;;;;;;;;;0.0;0.0;0.0;0.0;;;0.0;0.0;0.0;0.0;;[];[];[];[];[];[];[];[];1.0;0.0;0.0;1.0;0.0;0.0;2005.0;;sampaio correa fc ma;;;;Women
2026-05-16;194584402;Brazil Serie D;Brazil;15:00;Schedule;False;;;1.75;;1.75;0.0;0.0;;0.0;0.0;0.0;0.0;0.0;;Blumenau;;0.0;0.0;;0;0.0;0 - 0;;Marcilio Dias;;0.0;0.0;;0;0.0;0.0;0 - 0;0-0;1.75;0.5;-;nan;;;;;;;;;;;;;;;;0.0;0.0;0.0;0.0;;;0.0;0.0;0.0;0.0;;[];[];[];[];[];[];[];[];1.0;0.0;0.0;1.0;0.0;0.0;434706.0;21978.0;blumenau ec sc;cn marcilio dias sc;;;
2026-05-16;193716908;Slovenia Prva Liga;Slovenia;15:15;Schedule;False;0.14297729184188396;1.875;3.0;1.925;3.0;0.0;0.0;;0.0;0.0;0.0;0.0;0.0;;Aluminij Kidricevo;7.0;0.0;0.0;2.05;0;0.0;0 - 0;3.6;ND Primorje;9.0;0.0;0.0;2.9;0;0.0;-0.25;0 - 0;0-0;3.0;1.25;-;nan;;;;;;;;;;;;;;;;0.0;0.0;0.0;0.0;;;0.0;0.0;0.0;0.0;;[];[];[];[];[];[];[];[];1.0;0.0;0.0;1.0;0.0;0.0;2424.0;2414.0;aluminij kidricevo;primorje ajdovscina;1.5;1.5;
2026-05-16;194595853;Spain Segunda Division RFEF Play-Offs;Spain;15:15;Schedule;False;0.2923976608187135;2.0;2.5;1.8;2.5;0.0;0.0;;0.0;0.0;0.0;0.0;0.0;;UD Logrones;;0.0;0.0;1.8;0;0.0;0 - 0;3.4;Getafe B;;0.0;0.0;3.8;0;0.0;-0.5;0 - 0;0-0;2.5;1.0;-;nan;;;;;;;;;;;;;;;;0.0;0.0;0.0;0.0;;;0.0;0.0;0.0;0.0;;[];[];[];[];[];[];[];[];1.0;0.0;0.0;1.0;0.0;0.0;;2859.0;;getafe cf;;;Youth
2026-05-16;193267651;Poland Ekstraklasa;Poland;15:15;Schedule;False;-0.26777595926532094;1.925;3.0;1.875;3.0;0.0;0.0;;0.0;0.0;0.0;0.0;0.0;;Radomiak Radom;8.0;0.0;0.0;3.6;0;0.0;0 - 0;3.7;Lech Poznan;1.0;0.0;0.0;1.833;0;0.0;+0.75;0 - 0;0-0;3.0;1.25;-;nan;;;;;;;;;;;;;;;;0.0;0.0;0.0;0.0;;;0.0;0.0;0.0;0.0;;[];[];[];[];[];[];[];[];1.0;0.0;0.0;1.0;0.0;0.0;7295.0;3121.0;rks radomiak radom;kks lech poznan;1.5;1.53;
2026-05-16;194542132;Argentina Primera B Metropolitana;Argentina;15:30;Schedule;False;0.14141414141414138;1.95;1.5, 2.0;1.85;1.5, 2.0;0.0;0.0;;0.0;0.0;0.0;0.0;0.0;;CS Dock Sud;;0.0;0.0;2.25;0;0.0;0 - 0;2.7;CSD Flandria;;0.0;0.0;3.3;0;0.0;-0.5;0 - 0;0-0;1.75;0.75;-;nan;;;;;;;;;;;;;;;;0.0;0.0;0.0;0.0;;;0.0;0.0;0.0;0.0;;[];[];[];[];[];[];[];[];1.0;0.0;0.0;1.0;0.0;0.0;388100.0;112505.0;cs dock sud;csd flandria;;;Youth
2026-05-16;194545450;Argentina Primera C Metropolitana;Argentina;15:30;Schedule;False;-0.30745849894786065;1.85;2.0;1.95;2.0;0.0;0.0;;0.0;0.0;0.0;0.0;0.0;;CA Atlas;;0.0;0.0;4.2;0;0.0;0 - 0;3.0;Berazategui;;0.0;0.0;1.833;0;0.0;+0.5;0 - 0;0-0;2.0;0.75;-;nan;;;;;;;;;;;;;;;;0.0;0.0;0.0;0.0;;;0.0;0.0;0.0;0.0;;[];[];[];[];[];[];[];[];1.0;0.0;0.0;1.0;0.0;0.0;182701.0;388236.0;ca atlas;ad berazategui;;;
2026-05-16;194584507;Brazil Serie D;Brazil;15:30;Schedule;False;;;2.0;;2.0;0.0;0.0;;0.0;0.0;0.0;0.0;0.0;;Maracanã;;0.0;0.0;;0;0.0;0 - 0;;Iguatu;;0.0;0.0;;0;0.0;-0.25;0 - 0;0-0;2.0;0.75;-;nan;;;;;;;;;;;;;;;;0.0;0.0;0.0;0.0;;;0.0;0.0;0.0;0.0;;[];[];[];[];[];[];[];[];1.0;0.0;0.0;1.0;0.0;0.0;87156.0;401927.0;maracana ec ce;iguatu ce;;;
2026-05-16;194655322;Argentina Primera C Metropolitana;Argentina;15:30;Schedule;False;0.29552880585956004;1.9;1.5, 2.0;1.9;1.5, 2.0;0.0;0.0;;0.0;0.0;0.0;0.0;0.0;;General Lamadrid;;0.0;0.0;1.9;0;0.0;0 - 0;2.8;JJ Urquiza;;0.0;0.0;4.333;0;0.0;-0.25;0 - 0;0-0;1.75;0.75;-;nan;;;;;;;;;;;;;;;;0.0;0.0;0.0;0.0;;;0.0;0.0;0.0;0.0;;[];[];[];[];[];[];[];[];1.0;0.0;0.0;1.0;0.0;0.0;377556.0;211856.0;ca general lamadrid;asd justo jose de urquiza;;;
2026-05-16;193710455;Argentina Nacional B;Argentina;15:30;Schedule;False;0.13175230566534918;1.85;1.5, 2.0;1.95;1.5, 2.0;0.0;0.0;;0.0;0.0;0.0;0.0;0.0;;CA Estudiantes Caseros;;0.0;0.0;2.3;0;0.0;0 - 0;2.625;Colon;;0.0;0.0;3.3;0;0.0;-0.25;0 - 0;0-0;1.75;0.75;-;nan;;;;;;;;;;;;;;;;0.0;0.0;0.0;0.0;;;0.0;0.0;0.0;0.0;;[];[];[];[];[];[];[];[];1.0;0.0;0.0;1.0;0.0;0.0;93107.0;3207.0;ca estudiantes;colon de santa fe;2.37;2.37;Youth
2026-05-16;194545458;Argentina Primera C Metropolitana;Argentina;15:30;Schedule;False;0.0;1.85;1.5, 2.0;1.95;1.5, 2.0;0.0;0.0;;0.0;0.0;0.0;0.0;0.0;;Yupanqui;;0.0;0.0;2.7;0;0.0;0 - 0;2.7;Estrella del Sur Alejandro Korn;;0.0;0.0;2.7;0;0.0;0.0;0 - 0;0-0;1.75;0.75;-;nan;;;;;;;;;;;;;;;;0.0;0.0;0.0;0.0;;;0.0;0.0;0.0;0.0;;[];[];[];[];[];[];[];[];1.0;0.0;0.0;1.0;0.0;0.0;377558.0;1074128.0;yupanqui;club estrella del sur (alejandro korn);;;
2026-05-16;194542145;Argentina Primera B Metropolitana;Argentina;15:30;Schedule;False;-0.14141414141414138;1.925;1.5, 2.0;1.875;1.5, 2.0;0.0;0.0;;0.0;0.0;0.0;0.0;0.0;;UAI Urquiza;17.0;0.0;0.0;3.3;0;0.0;0 - 0;2.7;Villa Dalmine;2.0;0.0;0.0;2.25;0;0.0;+0.25;0 - 0;0-0;1.5;0.5;-;nan;;;;;;;;;;;;;;;;0.0;0.0;0.0;0.0;;;0.0;0.0;0.0;0.0;;[];[];[];[];[];[];[];[];1.0;0.0;0.0;1.0;0.0;0.0;112507.0;112509.0;cd uai urquiza;villa dalmine;;;Youth
2026-05-16;194579126;Italy Serie C Super Cup;Italy;15:30;Schedule;False;0.14253563390847712;1.9;2.0, 2.5;1.9;2.0, 2.5;0.0;0.0;;0.0;0.0;0.0;0.0;0.0;;Vicenza;;0.0;0.0;2.15;0;0.0;0 - 0;3.1;Benevento;;0.0;0.0;3.1;0;0.0;-0.25;0 - 0;0-0;2.25;1.0;-;nan;;;;;;;;;;;;;;;;0.0;0.0;0.0;0.0;;;0.0;0.0;0.0;0.0;;[];[];[];[];[];[];[];[];1.0;0.0;0.0;1.0;0.0;0.0;2722.0;2759.0;l.r. vicenza;benevento calcio;;;
2026-05-16;194545454;Argentina Primera C Metropolitana;Argentina;15:30;Schedule;False;0.2799320292836244;1.85;1.5, 2.0;1.95;1.5, 2.0;0.0;0.0;;0.0;0.0;0.0;0.0;0.0;;El Porvenir;;0.0;0.0;1.909;0;0.0;0 - 0;2.875;Juventud Unida San Miguel;;0.0;0.0;4.1;0;0.0;-0.5;0 - 0;0-0;1.75;0.75;-;nan;;;;;;;;;;;;;;;;0.0;0.0;0.0;0.0;;;0.0;0.0;0.0;0.0;;[];[];[];[];[];[];[];[];1.0;0.0;0.0;1.0;0.0;0.0;388934.0;377574.0;club el porvenir;juventud unida san miguel;;;
2026-05-16;194545452;Argentina Primera C Metropolitana;Argentina;15:30;Schedule;False;0.21002710027100274;1.75;1.5, 2.0;2.05;1.5, 2.0;0.0;0.0;;0.0;0.0;0.0;0.0;0.0;;Centro Espanol;;0.0;0.0;2.05;0;0.0;0 - 0;2.875;Fenix;;0.0;0.0;3.6;0;0.0;-0.25;0 - 0;0-0;1.75;0.75;-;nan;;;;;;;;;;;;;;;;0.0;0.0;0.0;0.0;;;0.0;0.0;0.0;0.0;;[];[];[];[];[];[];[];[];1.0;0.0;0.0;1.0;0.0;0.0;299336.0;112495.0;centro espanol;ca fenix pilar;;;
2026-05-16;194636270;Brazil Campeonato Acreano U20;Brazil;15:30;Schedule;False;-0.23305373704309873;1.95;3.5, 4.0;1.85;3.5, 4.0;0.0;0.0;;0.0;0.0;0.0;0.0;0.0;;Placido de Castro U20;;0.0;0.0;3.2;0;0.0;0 - 0;4.0;Andira U20;;0.0;0.0;1.833;0;0.0;+0.5;0 - 0;0-0;3.75;1.5;-;nan;;;;;;;;;;;;;;;;0.0;0.0;0.0;0.0;;;0.0;0.0;0.0;0.0;;[];[];[];[];[];[];[];[];1.0;0.0;0.0;1.0;0.0;0.0;;;;;;;Youth
2026-05-16;194577845;Italy Serie C Group B;Italy;15:30;Schedule;False;0.40866873065015485;2.0;2.5;1.8;2.5;0.0;0.0;;0.0;0.0;0.0;0.0;0.0;;Torres;;0.0;0.0;1.615;0;0.0;0 - 0;3.4;AC Bra;;0.0;0.0;4.75;0;0.0;-0.75;0 - 0;0-0;2.5;1.0;-;nan;;;;;;;;;;;;;;;;0.0;0.0;0.0;0.0;;;0.0;0.0;0.0;0.0;;[];[];[];[];[];[];[];[];1.0;0.0;0.0;1.0;0.0;0.0;2753.0;111883.0;sef torres sassari;ac bra;;;Youth
2026-05-16;194545456;Argentina Primera C Metropolitana;Argentina;15:30;Schedule;False;0.22972972972972977;1.95;2.0;1.85;2.0;0.0;0.0;;0.0;0.0;0.0;0.0;0.0;;Leones de Rosario;;0.0;0.0;2.0;0;0.0;0 - 0;2.875;CA Lugano;;0.0;0.0;3.7;0;0.0;-0.25;0 - 0;0-0;2.0;0.75;-;nan;;;;;;;;;;;;;;;;0.0;0.0;0.0;0.0;;;0.0;0.0;0.0;0.0;;[];[];[];[];[];[];[];[];1.0;0.0;0.0;1.0;0.0;0.0;1314460.0;182126.0;leones de rosario fc;ca lugano;;;
2026-05-16;194525659;Republic of Ireland First Division;Ireland;15:30;Schedule;False;-0.3969728242174063;1.975;2.5;1.825;2.5;0.0;0.0;;0.0;0.0;0.0;0.0;0.0;;Longford Town;;0.0;0.0;4.5;0;0.0;0 - 0;3.6;Cork City;;0.0;0.0;1.615;0;0.0;+0.75;0 - 0;0-0;2.75;1.0;-;nan;;;;;;;;;;;;;;;;0.0;0.0;0.0;0.0;;;0.0;0.0;0.0;0.0;;[];[];[];[];[];[];[];[];1.0;0.0;0.0;1.0;0.0;0.0;3175.0;40896.0;longford town fc;cork city fc;2.0;2.0;
2026-05-16;194635636;Brazil Campeonato Paranaense 2;Brazil;15:30;Schedule;False;0.050682261208576995;1.95;2.0, 2.5;1.85;2.0, 2.5;0.0;0.0;;0.0;0.0;0.0;0.0;0.0;;Paranavai;;0.0;0.0;2.375;0;0.0;0 - 0;3.1;Patriotas;;0.0;0.0;2.7;0;0.0;0.0;0 - 0;0-0;2.25;0.75;-;nan;;;;;;;;;;;;;;;;0.0;0.0;0.0;0.0;;;0.0;0.0;0.0;0.0;;[];[];[];[];[];[];[];[];1.0;0.0;0.0;1.0;0.0;0.0;;;;;;;
2026-05-16;194655324;Argentina Torneo A;Argentina;15:30;Schedule;False;0.49231572080887154;1.85;2.0;1.95;2.0;0.0;0.0;;0.0;0.0;0.0;0.0;0.0;;Gimnasia Y Esgrima De Chivilcoy;;0.0;0.0;1.533;0;0.0;0 - 0;3.3;Defensores de Belgrano VR;;0.0;0.0;6.25;0;0.0;-0.75;0 - 0;0-0;2.0;0.75;-;nan;;;;;;;;;;;;;;;;0.0;0.0;0.0;0.0;;;0.0;0.0;0.0;0.0;;[];[];[];[];[];[];[];[];1.0;0.0;0.0;1.0;0.0;0.0;1191759.0;;gimnasia de chivilcoy;;;;
2026-05-16;194589815;Brazil Campeonato Goiano U20;Brazil;15:30;Schedule;False;;;2.5;;2.5;0.0;0.0;;0.0;0.0;0.0;0.0;0.0;;Atletico Goianiense U20;;0.0;0.0;;0;0.0;0 - 0;;Cerrado EC U20;;0.0;0.0;;0;0.0;-0.5;0 - 0;0-0;2.5;1.0;-;nan;;;;;;;;;;;;;;;;0.0;0.0;0.0;0.0;;;0.0;0.0;0.0;0.0;;[];[];[];[];[];[];[];[];1.0;0.0;0.0;1.0;0.0;0.0;;;;;;;Youth
2026-05-16;194542154;Argentina Primera B Metropolitana;Argentina;15:30;Schedule;False;0.02380952380952378;1.975;1.5, 2.0;1.825;1.5, 2.0;0.0;0.0;;0.0;0.0;0.0;0.0;0.0;;San Martin De Burzaco;;0.0;0.0;2.625;0;0.0;0 - 0;2.625;Talleres Remedios;;0.0;0.0;2.8;0;0.0;0.0;0 - 0;0-0;1.75;0.75;-;nan;;;;;;;;;;;;;;;;0.0;0.0;0.0;0.0;;;0.0;0.0;0.0;0.0;;[];[];[];[];[];[];[];[];1.0;0.0;0.0;1.0;0.0;0.0;388242.0;210418.0;csd san martin;ca talleres de remedios;;;Youth
2026-05-16;194589799;Brazil Campeonato Goiano U20;Brazil;15:30;Schedule;False;;;2.5;;2.5;0.0;0.0;;0.0;0.0;0.0;0.0;0.0;;Vila Nova GO U20;;0.0;0.0;;0;0.0;0 - 0;;Anapolis U20;;0.0;0.0;;0;0.0;-0.75;0 - 0;0-0;2.5;1.0;-;nan;;;;;;;;;;;;;;;;0.0;0.0;0.0;0.0;;;0.0;0.0;0.0;0.0;;[];[];[];[];[];[];[];[];1.0;0.0;0.0;1.0;0.0;0.0;;21872.0;;anapolis fc go;;;Youth
2026-05-16;193710451;Argentina Nacional B;Argentina;15:30;Schedule;False;0.2322880371660859;2.025;1.5, 2.0;1.775;1.5, 2.0;0.0;0.0;;0.0;0.0;0.0;0.0;0.0;;Almirante Brown;;0.0;0.0;2.1;0;0.0;0 - 0;2.9;CA San Telmo;;0.0;0.0;4.1;0;0.0;-0.25;0 - 0;0-0;1.5;0.5;-;nan;;;;;;;;;;;;;;;;0.0;0.0;0.0;0.0;;;0.0;0.0;0.0;0.0;;[];[];[];[];[];[];[];[];1.0;0.0;0.0;1.0;0.0;0.0;43740.0;241512.0;club almirante brown;ca san telmo;;;Youth
2026-05-16;194635833;Brazil Campeonato Paraense A2;Brazil;15:30;Schedule;False;0.29914529914529914;1.975;3.0;1.825;3.0;0.0;0.0;;0.0;0.0;0.0;0.0;0.0;;Caete FC;;0.0;0.0;1.8;0;0.0;0 - 0;3.3;Canaa PA;;0.0;0.0;3.9;0;0.0;-0.25;0 - 0;0-0;3.0;1.25;-;nan;;;;;;;;;;;;;;;;0.0;0.0;0.0;0.0;;;0.0;0.0;0.0;0.0;;[];[];[];[];[];[];[];[];1.0;0.0;0.0;1.0;0.0;0.0;;;;;;;
2026-05-16;194542151;Argentina Primera B Metropolitana;Argentina;15:30;Schedule;False;0.13194444444444442;1.75;1.5, 2.0;2.05;1.5, 2.0;0.0;0.0;;0.0;0.0;0.0;0.0;0.0;;Real Pilar;7.0;0.0;0.0;2.25;0;0.0;0 - 0;2.8;Excursionistas;4.0;0.0;0.0;3.2;0;0.0;-0.25;0 - 0;0-0;1.75;0.75;-;nan;;;;;;;;;;;;;;;;0.0;0.0;0.0;0.0;;;0.0;0.0;0.0;0.0;;[];[];[];[];[];[];[];[];1.0;0.0;0.0;1.0;0.0;0.0;374918.0;65672.0;real pilar fc;ca excursionistas;;;Youth
2026-05-16;194735686;England Premier League 2;England;15:30;Schedule;False;;;3.5;;3.5;0.0;0.0;;0.0;0.0;0.0;0.0;0.0;;Brighton U21;;0.0;0.0;;0;0.0;0 - 0;;Man Utd U21;;0.0;0.0;;0;0.0;-0.25;0 - 0;0-0;3.5;1.5;-;nan;;;;;;;;;;;;;;;;0.0;0.0;0.0;0.0;;;0.0;0.0;0.0;0.0;;[];[];[];[];[];[];[];[];1.0;0.0;0.0;1.0;0.0;0.0;30.0;35.0;brighton & hove albion;manchester united;;;Youth
2026-05-16;194621050;Uruguay Primera Division Amateur;Uruguay;15:30;Schedule;False;;;2.25;;2.25;0.0;0.0;;0.0;0.0;0.0;0.0;0.0;;Parque del Plata;;0.0;0.0;;0;0.0;0 - 0;;Deportivo LSM;;0.0;0.0;;0;0.0;+0.25;0 - 0;0-0;2.25;1.0;-;nan;;;;;;;;;;;;;;;;0.0;0.0;0.0;0.0;;;0.0;0.0;0.0;0.0;;[];[];[];[];[];[];[];[];1.0;0.0;0.0;1.0;0.0;0.0;;;;;;;
2026-05-16;194542149;Argentina Primera B Metropolitana;Argentina;15:30;Schedule;False;-0.014245014245014231;2.05;2.0;1.75;2.0;0.0;0.0;;0.0;0.0;0.0;0.0;0.0;;Villa San Carlos;20.0;0.0;0.0;2.7;0;0.0;0 - 0;2.75;Argentino Merlo;11.0;0.0;0.0;2.6;0;0.0;0.0;0 - 0;0-0;2.0;0.75;-;nan;;;;;;;;;;;;;;;;0.0;0.0;0.0;0.0;;;0.0;0.0;0.0;0.0;;[];[];[];[];[];[];[];[];1.0;0.0;0.0;1.0;0.0;0.0;107199.0;210370.0;ca villa san carlos;argentino de merlo;;;Youth
2026-05-16;194542140;Argentina Primera B Metropolitana;Argentina;15:30;Schedule;False;0.42871885596343806;1.85;2.0;1.95;2.0;0.0;0.0;;0.0;0.0;0.0;0.0;0.0;;Defensores Unidos;19.0;0.0;0.0;1.615;0;0.0;0 - 0;3.2;CA Ituzaingo;22.0;0.0;0.0;5.25;0;0.0;-0.5;0 - 0;0-0;2.0;0.75;-;nan;;;;;;;;;;;;;;;;0.0;0.0;0.0;0.0;;;0.0;0.0;0.0;0.0;;[];[];[];[];[];[];[];[];1.0;0.0;0.0;1.0;0.0;0.0;93515.0;374916.0;ca defensores unidos;ca ituzaingo;;;Youth
2026-05-16;194542156;Argentina Primera B Metropolitana;Argentina;15:30;Schedule;False;-0.1709986320109439;1.775;1.5, 2.0;2.025;1.5, 2.0;0.0;0.0;;0.0;0.0;0.0;0.0;0.0;;Deportivo Liniers;12.0;0.0;0.0;3.4;0;0.0;0 - 0;2.8;Arsenal de Sarandi;1.0;0.0;0.0;2.15;0;0.0;+0.25;0 - 0;0-0;1.75;0.75;-;nan;;;;;;;;;;;;;;;;0.0;0.0;0.0;0.0;;;0.0;0.0;0.0;0.0;;[];[];[];[];[];[];[];[];1.0;0.0;0.0;1.0;0.0;0.0;196432.0;3221.0;csd liniers;arsenal de sarandi;;;Youth
2026-05-16;194645111;Brazil Campeonato Brasiliense U20;Brazil;15:30;Schedule;False;-0.3296097537249307;2.0;3.0, 3.5;1.8;3.0, 3.5;0.0;0.0;;0.0;0.0;0.0;0.0;0.0;;AA Luziania DF U20;;0.0;0.0;3.7;0;0.0;0 - 0;4.0;GREVAL U20;;0.0;0.0;1.667;0;0.0;+0.75;0 - 0;0-0;3.25;1.25;-;nan;;;;;;;;;;;;;;;;0.0;0.0;0.0;0.0;;;0.0;0.0;0.0;0.0;;[];[];[];[];[];[];[];[];1.0;0.0;0.0;1.0;0.0;0.0;;;;;;;Youth
2026-05-16;193201041;Republic of Ireland Premier Division;Ireland;15:45;Schedule;False;-0.029629629629629672;1.825;2.0, 2.5;1.975;2.0, 2.5;0.0;0.0;;0.0;0.0;0.0;0.0;0.0;;Sligo Rovers;;0.0;0.0;2.7;0;0.0;0 - 0;3.2;Galway United;;0.0;0.0;2.5;0;0.0;0.0;0 - 0;0-0;2.25;0.75;-;nan;;;;;;;;;;;;;;;;0.0;0.0;0.0;0.0;;;0.0;0.0;0.0;0.0;;[];[];[];[];[];[];[];[];1.0;0.0;0.0;1.0;0.0;0.0;3190.0;3172.0;sligo rovers fc;galway united fc;1.9;1.9;
2026-05-16;193331416;Belgium First Division A;Belgium;15:45;Schedule;False;0.2381201825937289;2.025;3.0;1.775;3.0;0.0;0.0;;0.0;0.0;0.0;0.0;0.0;;Sint-Truidense;3.0;0.0;0.0;1.909;0;0.0;0 - 0;3.6;Gent;4.0;0.0;0.0;3.5;0;0.0;-0.5;0 - 0;0-0;3.0;1.25;-;nan;;;;;;;;;;;;;;;;0.0;0.0;0.0;0.0;;;0.0;0.0;0.0;0.0;;[];[];[];[];[];[];[];[];1.0;0.0;0.0;1.0;0.0;0.0;2895.0;2903.0;st. truidense vv;kaa gent;1.57;1.57;
2026-05-16;194605346;Andorra Premier Division;Andorra;15:45;Schedule;False;-0.10797342192691028;1.85;2.5, 3.0;1.95;2.5, 3.0;0.0;0.0;;0.0;0.0;0.0;0.0;0.0;;FC Ranger's;;0.0;0.0;2.8;0;0.0;0 - 0;3.4;FC Santa Coloma;;0.0;0.0;2.15;0;0.0;+0.5;0 - 0;0-0;2.5;1.0;-;nan;;;;;;;;;;;;;;;;0.0;0.0;0.0;0.0;;;0.0;0.0;0.0;0.0;;[];[];[];[];[];[];[];[];1.0;0.0;0.0;1.0;0.0;0.0;;;;;;;
2026-05-16;193718030;Spain Primera Division RFEF Group 2;Spain;16:00;Schedule;False;0.29555373704309873;2.0;2.0, 2.5;1.8;2.0, 2.5;0.0;0.0;;0.0;0.0;0.0;0.0;0.0;;UD Ibiza;;0.0;0.0;1.833;0;0.0;0 - 0;3.1;FC Cartagena;;0.0;0.0;4.0;0;0.0;-0.5;0 - 0;0-0;2.25;0.75;-;nan;;;;;;;;;;;;;;;;0.0;0.0;0.0;0.0;;;0.0;0.0;0.0;0.0;;[];[];[];[];[];[];[];[];1.0;0.0;0.0;1.0;0.0;0.0;24368.0;24329.0;ud ibiza;fc cartagena;;;
2026-05-16;193718007;Spain Primera Division RFEF Group 2;Spain;16:00;Schedule;False;0.6154907710884939;1.9;2.5;1.9;2.5;0.0;0.0;;0.0;0.0;0.0;0.0;0.0;;Sabadell;;0.0;0.0;1.364;0;0.0;0 - 0;3.9;Antequera;;0.0;0.0;8.5;0;0.0;-1.25;0 - 0;0-0;2.5;1.0;-;nan;;;;;;;;;;;;;;;;0.0;0.0;0.0;0.0;;;0.0;0.0;0.0;0.0;;[];[];[];[];[];[];[];[];1.0;0.0;0.0;1.0;0.0;0.0;24335.0;24323.0;ce sabadell fc;antequera cf;;;
2026-05-16;194595851;Spain Copa De La Reina;Spain;16:00;Schedule;False;0.9124869383490073;1.85;4.0, 4.5;1.95;4.0, 4.5;0.0;0.0;;0.0;0.0;0.0;0.0;0.0;;Barcelona (W);;0.0;0.0;1.056;0;0.0;0 - 0;10.0;Atletico Madrid (W);;0.0;0.0;29.0;0;0.0;-3.25;0 - 0;0-0;4.25;1.75;-;nan;;;;;;;;;;;;;;;;0.0;0.0;0.0;0.0;;;0.0;0.0;0.0;0.0;;[];[];[];[];[];[];[];[];1.0;0.0;0.0;1.0;0.0;0.0;2817.0;2836.0;fc barcelona;atletico madrid;;;Women
2026-05-16;194584420;Brazil Serie D;Brazil;16:00;Schedule;False;;;2.5;;2.5;0.0;0.0;;0.0;0.0;0.0;0.0;0.0;;Portuguesa;;0.0;0.0;;0;0.0;0 - 0;;Agua Santa;;0.0;0.0;;0;0.0;-1.0;0 - 0;0-0;2.5;1.0;-;nan;;;;;;;;;;;;;;;;0.0;0.0;0.0;0.0;;;0.0;0.0;0.0;0.0;;[];[];[];[];[];[];[];[];1.0;0.0;0.0;1.0;0.0;0.0;21896.0;135510.0;associacao portuguesa de desportos sp;ec agua santa sp;;;
2026-05-16;194584434;Brazil Serie D;Brazil;16:00;Schedule;False;;;2.25;;2.25;0.0;0.0;;0.0;0.0;0.0;0.0;0.0;;CEFAT Tirol;;0.0;0.0;;0;0.0;0 - 0;;Fluminense PI;;0.0;0.0;;0;0.0;0.0;0 - 0;0-0;2.25;1.0;-;nan;;;;;;;;;;;;;;;;0.0;0.0;0.0;0.0;;;0.0;0.0;0.0;0.0;;[];[];[];[];[];[];[];[];1.0;0.0;0.0;1.0;0.0;0.0;845622.0;773398.0;cf atletas do tirol ce;fluminense ec pi;;;
2026-05-16;193718020;Spain Primera Division RFEF Group 2;Spain;16:00;Schedule;False;-0.010752688172043001;1.95;2.0;1.85;2.0;0.0;0.0;;0.0;0.0;0.0;0.0;0.0;;Juventud Torremolinos CF;;0.0;0.0;3.1;0;0.0;0 - 0;1.75;Real Murcia;;0.0;0.0;3.0;0;0.0;0.0;0 - 0;0-0;2.0;0.75;-;nan;;;;;;;;;;;;;;;;0.0;0.0;0.0;0.0;;;0.0;0.0;0.0;0.0;;[];[];[];[];[];[];[];[];1.0;0.0;0.0;1.0;0.0;0.0;369282.0;4487.0;juventud torremolinos cf;real murcia cf;;;
2026-05-16;194596433;France Division 1 Women;France;16:00;Schedule;False;-0.07114624505928857;1.9;2.5;1.9;2.5;0.0;0.0;;0.0;0.0;0.0;0.0;0.0;;Paris FC (W);;0.0;0.0;2.75;0;0.0;0 - 0;3.2;PSG (W);;0.0;0.0;2.3;0;0.0;+0.25;0 - 0;0-0;2.5;1.0;-;nan;;;;;;;;;;;;;;;;0.0;0.0;0.0;0.0;;;0.0;0.0;0.0;0.0;;[];[];[];[];[];[];[];[];1.0;0.0;0.0;1.0;0.0;0.0;6070.0;1644.0;paris fc;paris saint-germain;;;Women
2026-05-16;194577840;Bolivia Primera Division;Bolivia;16:00;Schedule;False;;;2.75;;2.75;0.0;0.0;;0.0;0.0;0.0;0.0;0.0;;Universitario De Vinto;;0.0;0.0;;0;0.0;0 - 0;;Bolivar;;0.0;0.0;;0;0.0;+0.75;0 - 0;0-0;2.75;1.25;-;nan;;;;;;;;;;;;;;;;0.0;0.0;0.0;0.0;;;0.0;0.0;0.0;0.0;;[];[];[];[];[];[];[];[];1.0;0.0;0.0;1.0;0.0;0.0;378092.0;7059.0;fc universitario de vinto;club bolivar;;;
2026-05-16;193717984;Spain Primera Division RFEF Group 2;Spain;16:00;Schedule;False;0.14285714285714285;1.875;2.0, 2.5;1.925;2.0, 2.5;0.0;0.0;;0.0;0.0;0.0;0.0;0.0;;Betis Deportivo;;0.0;0.0;2.1;0;0.0;0 - 0;3.2;SD Tarazona;;0.0;0.0;3.0;0;0.0;-0.25;0 - 0;0-0;2.25;1.0;-;nan;;;;;;;;;;;;;;;;0.0;0.0;0.0;0.0;;;0.0;0.0;0.0;0.0;;[];[];[];[];[];[];[];[];1.0;0.0;0.0;1.0;0.0;0.0;24358.0;336771.0;betis deportivo balompie;sd tarazona;1.83;1.83;
2026-05-16;193717991;Spain Primera Division RFEF Group 2;Spain;16:00;Schedule;False;0.2222222222222222;1.95;2.0, 2.5;1.85;2.0, 2.5;0.0;0.0;;0.0;0.0;0.0;0.0;0.0;;Eldense;;0.0;0.0;2.0;0;0.0;0 - 0;3.0;Atletico Madrid B;;0.0;0.0;3.6;0;0.0;-0.5;0 - 0;0-0;2.5;1.0;-;nan;;;;;;;;;;;;;;;;0.0;0.0;0.0;0.0;;;0.0;0.0;0.0;0.0;;[];[];[];[];[];[];[];[];1.0;0.0;0.0;1.0;0.0;0.0;47321.0;24326.0;club deportivo eldense;atletico madrid b;;;Youth
2026-05-16;193717999;Spain Primera Division RFEF Group 2;Spain;16:00;Schedule;False;0.13196480938416422;1.975;2.0, 2.5;1.825;2.0, 2.5;0.0;0.0;;0.0;0.0;0.0;0.0;0.0;;Gimnastic;;0.0;0.0;2.2;0;0.0;0 - 0;3.1;CE Europa;;0.0;0.0;3.1;0;0.0;-0.25;0 - 0;0-0;2.25;1.0;-;nan;;;;;;;;;;;;;;;;0.0;0.0;0.0;0.0;;;0.0;0.0;0.0;0.0;;[];[];[];[];[];[];[];[];1.0;0.0;0.0;1.0;0.0;0.0;2840.0;135672.0;gimnastic de tarragona;ce europa;;;
2026-05-16;193718039;Spain Primera Division RFEF Group 2;Spain;16:00;Schedule;False;0.7424242424242424;1.825;2.5;1.975;2.5;0.0;0.0;;0.0;0.0;0.0;0.0;0.0;;Villarreal B;;0.0;0.0;1.2;0;0.0;0 - 0;5.25;Sevilla Atletico;;0.0;0.0;11.0;0;0.0;-1.75;0 - 0;0-0;2.75;1.0;-;nan;;;;;;;;;;;;;;;;0.0;0.0;0.0;0.0;;;0.0;0.0;0.0;0.0;;[];[];[];[];[];[];[];[];1.0;0.0;0.0;1.0;0.0;0.0;24338.0;7762.0;villarreal cf b;sevilla atletico;;;Youth
2026-05-16;194577598;Brazil Serie D;Brazil;16:00;Schedule;False;;;2.25;;2.25;0.0;0.0;;0.0;0.0;0.0;0.0;0.0;;ABC;;0.0;0.0;;0;0.0;0 - 0;;Sousa;;0.0;0.0;;0;0.0;-1.0;0 - 0;0-0;2.25;1.0;-;nan;;;;;;;;;;;;;;;;0.0;0.0;0.0;0.0;;;0.0;0.0;0.0;0.0;;[];[];[];[];[];[];[];[];1.0;0.0;0.0;1.0;0.0;0.0;21838.0;21864.0;abc fc rn;sousa ec pb;;;
2026-05-16;194584423;Brazil Serie D;Brazil;16:00;Schedule;False;;;2.0;;2.0;0.0;0.0;;0.0;0.0;0.0;0.0;0.0;;Pouso Alegre;;0.0;0.0;;0;0.0;0 - 0;;Portuguesa RJ;;0.0;0.0;;0;0.0;0.0;0 - 0;0-0;2.0;0.75;-;nan;;;;;;;;;;;;;;;;0.0;0.0;0.0;0.0;;;0.0;0.0;0.0;0.0;;[];[];[];[];[];[];[];[];1.0;0.0;0.0;1.0;0.0;0.0;673707.0;225938.0;pouso alegre mg;aa portuguesa rj;;;
2026-05-16;194596323;USA NPSL;USA;16:00;Schedule;False;0.33321335732853424;2.0;3.0, 3.5;1.8;3.0, 3.5;0.0;0.0;;0.0;0.0;0.0;0.0;0.0;;New Jersey United AC;;0.0;0.0;1.667;0;0.0;0 - 0;4.1;Jackson Lions;;0.0;0.0;3.75;0;0.0;-0.75;0 - 0;0-0;3.25;1.25;-;nan;;;;;;;;;;;;;;;;0.0;0.0;0.0;0.0;;;0.0;0.0;0.0;0.0;;[];[];[];[];[];[];[];[];1.0;0.0;0.0;1.0;0.0;0.0;;;;;;;
2026-05-16;193718012;Spain Primera Division RFEF Group 2;Spain;16:00;Schedule;False;0.44606104695219917;1.85;2.0;1.95;2.0;0.0;0.0;;0.0;0.0;0.0;0.0;0.0;;Teruel;;0.0;0.0;1.571;0;0.0;0 - 0;3.5;Atletico Sanluqueno;;0.0;0.0;5.25;0;0.0;-0.75;0 - 0;0-0;2.0;0.75;-;nan;;;;;;;;;;;;;;;;0.0;0.0;0.0;0.0;;;0.0;0.0;0.0;0.0;;[];[];[];[];[];[];[];[];1.0;0.0;0.0;1.0;0.0;0.0;43751.0;77413.0;cd teruel;atletico sanluqueno;2.5;2.5;
2026-05-16;193717977;Spain Primera Division RFEF Group 2;Spain;16:00;Schedule;False;0.5817805383022776;2.025;2.5;1.775;2.5;0.0;0.0;;0.0;0.0;0.0;0.0;0.0;;Algeciras CF;;0.0;0.0;1.38;0;0.0;0 - 0;3.9;Hercules;;0.0;0.0;7.0;0;0.0;-1.0;0 - 0;0-0;2.5;1.0;-;nan;;;;;;;;;;;;;;;;0.0;0.0;0.0;0.0;;;0.0;0.0;0.0;0.0;;[];[];[];[];[];[];[];[];1.0;0.0;0.0;1.0;0.0;0.0;4489.0;2877.0;cf algeciras;hercules de alicante cf;;;
2026-05-16;193717969;Spain Primera Division RFEF Group 2;Spain;16:00;Schedule;False;0.5542857142857143;1.775;2.0, 2.5;2.025;2.0, 2.5;0.0;0.0;;0.0;0.0;0.0;0.0;0.0;;Alcorcon;;0.0;0.0;1.4;0;0.0;0 - 0;4.1;Marbella FC;;0.0;0.0;6.25;0;0.0;-1.25;0 - 0;0-0;2.5;1.0;-;nan;;;;;;;;;;;;;;;;0.0;0.0;0.0;0.0;;;0.0;0.0;0.0;0.0;;[];[];[];[];[];[];[];[];1.0;0.0;0.0;1.0;0.0;0.0;24322.0;24348.0;ad alcorcon;marbella fc;;;
2026-05-16;194094039;Brazil Serie A1 Women;Brazil;16:00;Schedule;False;0.5476190476190477;1.9;2.5, 3.0;1.9;2.5, 3.0;0.0;0.0;;0.0;0.0;0.0;0.0;0.0;;Gremio (W);;0.0;0.0;1.4;0;0.0;0 - 0;4.2;Mixto (W);;0.0;0.0;6.0;0;0.0;-1.5;0 - 0;0-0;2.75;1.25;-;nan;;;;;;;;;;;;;;;;0.0;0.0;0.0;0.0;;;0.0;0.0;0.0;0.0;;[];[];[];[];[];[];[];[];1.0;0.0;0.0;1.0;0.0;0.0;5926.0;34005.0;gremio fb porto alegrense rs;mixto ec mt;;;Women
2026-05-16;193711497;Brazil Serie B;Brazil;16:00;Schedule;False;0.3233315148208765;1.975;2.0, 2.5;1.825;2.0, 2.5;0.0;0.0;;0.0;0.0;0.0;0.0;0.0;;Sao Bernardo;;0.0;0.0;1.833;0;0.0;0 - 0;3.4;America MG;;0.0;0.0;4.5;0;0.0;-0.25;0 - 0;0-0;2.0;0.75;-;nan;;;;;;;;;;;;;;;;0.0;0.0;0.0;0.0;;;0.0;0.0;0.0;0.0;;[];[];[];[];[];[];[];[];1.0;0.0;0.0;1.0;0.0;0.0;47504.0;1973.0;sao bernardo fc;america fc mg;;;Youth
2026-05-16;193711618;Ecuador LigaPro Serie A;Ecuador;16:00;Schedule;False;-0.06884057971014496;1.9;2.0, 2.5;1.9;2.0, 2.5;0.0;0.0;;0.0;0.0;0.0;0.0;0.0;;Macara;;0.0;0.0;2.875;0;0.0;0 - 0;3.2;Independiente del Valle;;0.0;0.0;2.4;0;0.0;0.0;0 - 0;0-0;2.25;1.0;-;nan;;;;;;;;;;;;;;;;0.0;0.0;0.0;0.0;;;0.0;0.0;0.0;0.0;;[];[];[];[];[];[];[];[];1.0;0.0;0.0;1.0;0.0;0.0;6001.0;39723.0;csd macara;csd independiente del valle;1.9;1.83;
2026-05-16;194094037;Brazil Serie A1 Women;Brazil;16:00;Schedule;False;0.007843137254901933;1.95;2.5, 3.0;1.85;2.5, 3.0;0.0;0.0;;0.0;0.0;0.0;0.0;0.0;;Bahia (W);;0.0;0.0;2.5;0;0.0;0 - 0;3.2;Internacional (W);;0.0;0.0;2.55;0;0.0;-0.25;0 - 0;0-0;2.25;1.0;-;nan;;;;;;;;;;;;;;;;0.0;0.0;0.0;0.0;;;0.0;0.0;0.0;0.0;;[];[];[];[];[];[];[];[];1.0;0.0;0.0;1.0;0.0;0.0;1955.0;1966.0;ec bahia ba;sc internacional rs;;;Women
2026-05-16;193711490;Brazil Serie B;Brazil;16:00;Schedule;False;0.19841269841269837;1.975;2.0, 2.5;1.825;2.0, 2.5;0.0;0.0;;0.0;0.0;0.0;0.0;0.0;;Operario PR;;0.0;0.0;2.1;0;0.0;0 - 0;3.2;Nautico;;0.0;0.0;3.6;0;0.0;-0.25;0 - 0;0-0;2.25;0.75;-;nan;;;;;;;;;;;;;;;;0.0;0.0;0.0;0.0;;;0.0;0.0;0.0;0.0;;[];[];[];[];[];[];[];[];1.0;0.0;0.0;1.0;0.0;0.0;39634.0;2011.0;operario ferroviario ec pr;nautico pe;2.0;1.9;Youth
2026-05-16;194371362;Chile Primera B;Chile;16:00;Schedule;False;-0.06441223832528187;1.975;2.5;1.825;2.5;0.0;0.0;;0.0;0.0;0.0;0.0;0.0;;Union San Felipe;;0.0;0.0;2.7;0;0.0;0 - 0;3.25;Rangers de Talca;;0.0;0.0;2.3;0;0.0;+0.25;0 - 0;0-0;2.5;1.0;-;nan;;;;;;;;;;;;;;;;0.0;0.0;0.0;0.0;;;0.0;0.0;0.0;0.0;;[];[];[];[];[];[];[];[];1.0;0.0;0.0;1.0;0.0;0.0;;;;;;;Youth
2026-05-16;193710494;Argentina Nacional B;Argentina;16:00;Schedule;False;0.21511627906976744;1.8;1.5;2.0;1.5;0.0;0.0;;0.0;0.0;0.0;0.0;0.0;;CA Colegiales;;0.0;0.0;2.15;0;0.0;0 - 0;2.875;CA Guemes;;0.0;0.0;4.0;0;0.0;-0.25;0 - 0;0-0;1.75;0.75;-;nan;;;;;;;;;;;;;;;;0.0;0.0;0.0;0.0;;;0.0;0.0;0.0;0.0;;[];[];[];[];[];[];[];[];1.0;0.0;0.0;1.0;0.0;0.0;112493.0;266889.0;ca colegiales;ca guemes;2.62;2.75;Youth
2026-05-16;194371364;Chile Primera B;Chile;16:00;Schedule;False;0.2888888888888889;1.9;2.5;1.9;2.5;0.0;0.0;;0.0;0.0;0.0;0.0;0.0;;Cobreloa;;0.0;0.0;1.8;0;0.0;0 - 0;3.4;Deportes Copiapo;;0.0;0.0;3.75;0;0.0;-0.5;0 - 0;0-0;2.5;1.0;-;nan;;;;;;;;;;;;;;;;0.0;0.0;0.0;0.0;;;0.0;0.0;0.0;0.0;;[];[];[];[];[];[];[];[];1.0;0.0;0.0;1.0;0.0;0.0;;;;;;;Youth
2026-05-16;194605363;Uruguay Segunda;Uruguay;16:00;Schedule;False;-0.059523809523809534;2.05;2.0;1.75;2.0;0.0;0.0;;0.0;0.0;0.0;0.0;0.0;;Colon FC;;0.0;0.0;2.8;0;0.0;0 - 0;2.875;Plaza Colonia;;0.0;0.0;2.4;0;0.0;+0.25;0 - 0;0-0;2.0;0.75;-;nan;;;;;;;;;;;;;;;;0.0;0.0;0.0;0.0;;;0.0;0.0;0.0;0.0;;[];[];[];[];[];[];[];[];1.0;0.0;0.0;1.0;0.0;0.0;;;;;;;
2026-05-16;193710469;Argentina Nacional B;Argentina;16:00;Schedule;False;0.34054054054054045;1.9;1.5, 2.0;1.9;1.5, 2.0;0.0;0.0;;0.0;0.0;0.0;0.0;0.0;;Club Ciudad de Bolivar;;0.0;0.0;1.85;0;0.0;0 - 0;3.0;Acassuso;;0.0;0.0;5.0;0;0.0;-0.5;0 - 0;0-0;1.75;0.75;-;nan;;;;;;;;;;;;;;;;0.0;0.0;0.0;0.0;;;0.0;0.0;0.0;0.0;;[];[];[];[];[];[];[];[];1.0;0.0;0.0;1.0;0.0;0.0;672813.0;112491.0;club ciudad de bolivar;ca acassuso;;;Youth
2026-05-16;194620360;Paraguay Women League;Paraguay;16:15;Schedule;False;;;3.25;;3.25;0.0;0.0;;0.0;0.0;0.0;0.0;0.0;;2 de Mayo (W);;0.0;0.0;;0;0.0;0 - 0;;Sportivo Trinidense (W);;0.0;0.0;;0;0.0;+0.5;0 - 0;0-0;3.25;1.5;-;nan;;;;;;;;;;;;;;;;0.0;0.0;0.0;0.0;;;0.0;0.0;0.0;0.0;;[];[];[];[];[];[];[];[];1.0;0.0;0.0;1.0;0.0;0.0;5992.0;39722.0;cs 2 de mayo;sportivo trinidense;;;Women
2026-05-16;193006298;Portugal Primeira Liga;Portugal;16:30;Schedule;False;0.7000000000000001;2.0;3.0, 3.5;1.85;3.0, 3.5;0.0;0.0;;0.0;0.0;0.0;0.0;0.0;;Sporting;2.0;0.0;0.0;1.25;0;0.0;0 - 0;6.0;Gil Vicente;6.0;0.0;0.0;10.0;0;0.0;-2.0;0 - 0;0-0;3.5;1.5;-;nan;;;;;;;;;;;;;;;;0.0;0.0;0.0;0.0;;;0.0;0.0;0.0;0.0;;[];[];[];[];[];[];[];[];1.0;0.0;0.0;1.0;0.0;0.0;3001.0;3010.0;sporting cp;gil vicente barcelos;;;
2026-05-16;193006283;Portugal Primeira Liga;Portugal;16:30;Schedule;False;-0.6390764357756107;1.85;3.0, 3.5;2.0;3.0, 3.5;0.0;0.0;;0.0;0.0;0.0;0.0;0.0;;Estoril;9.0;0.0;0.0;9.0;0;0.0;0 - 0;5.0;Benfica;3.0;0.0;0.0;1.333;0;0.0;+1.75;0 - 0;0-0;3.5;1.5;-;nan;;;;;;;;;;;;;;;;0.0;0.0;0.0;0.0;;;0.0;0.0;0.0;0.0;;[];[];[];[];[];[];[];[];1.0;0.0;0.0;1.0;0.0;0.0;4500.0;3006.0;estoril praia;sl benfica;;;
2026-05-16;194605412;Venezuela Segunda Division;Venezuela;16:30;Schedule;False;;;2.5;;2.5;0.0;0.0;;0.0;0.0;0.0;0.0;0.0;;Atletico Barinas;;0.0;0.0;;0;0.0;0 - 0;;Barquisimeto;;0.0;0.0;;0;0.0;+0.5;0 - 0;0-0;2.5;1.0;-;nan;;;;;;;;;;;;;;;;0.0;0.0;0.0;0.0;;;0.0;0.0;0.0;0.0;;[];[];[];[];[];[];[];[];1.0;0.0;0.0;1.0;0.0;0.0;;;;;;;
2026-05-16;194605407;Venezuela Segunda Division;Venezuela;16:30;Schedule;False;;;2.25;;2.25;0.0;0.0;;0.0;0.0;0.0;0.0;0.0;;Yaracuyanos;;0.0;0.0;;0;0.0;0 - 0;;Academia Puerto Cabello II;;0.0;0.0;;0;0.0;-0.75;0 - 0;0-0;2.25;1.0;-;nan;;;;;;;;;;;;;;;;0.0;0.0;0.0;0.0;;;0.0;0.0;0.0;0.0;;[];[];[];[];[];[];[];[];1.0;0.0;0.0;1.0;0.0;0.0;;266595.0;;academia puerto cabello;;;Youth
2026-05-16;194605365;Venezuela Segunda Division;Venezuela;16:30;Schedule;False;;;2.0;;2.0;0.0;0.0;;0.0;0.0;0.0;0.0;0.0;;Mineros de Guayana;;0.0;0.0;;0;0.0;0 - 0;;Deportivo Miranda FC;;0.0;0.0;;0;0.0;+0.25;0 - 0;0-0;2.0;0.75;-;nan;;;;;;;;;;;;;;;;0.0;0.0;0.0;0.0;;;0.0;0.0;0.0;0.0;;[];[];[];[];[];[];[];[];1.0;0.0;0.0;1.0;0.0;0.0;;;;;;;
2026-05-16;194605367;Venezuela Segunda Division;Venezuela;16:30;Schedule;False;;;2.25;;2.25;0.0;0.0;;0.0;0.0;0.0;0.0;0.0;;Atletico El Vigia;;0.0;0.0;;0;0.0;0 - 0;;Zamora II;;0.0;0.0;;0;0.0;0.0;0 - 0;0-0;2.25;1.0;-;nan;;;;;;;;;;;;;;;;0.0;0.0;0.0;0.0;;;0.0;0.0;0.0;0.0;;[];[];[];[];[];[];[];[];1.0;0.0;0.0;1.0;0.0;0.0;;;;;;;Youth
2026-05-16;194584461;Brazil Serie D;Brazil;16:30;Schedule;False;;;2.0;;2.0;0.0;0.0;;0.0;0.0;0.0;0.0;0.0;;Serra Branca;;0.0;0.0;;0;0.0;0 - 0;;Treze;;0.0;0.0;;0;0.0;0.0;0 - 0;0-0;2.0;0.75;-;nan;;;;;;;;;;;;;;;;0.0;0.0;0.0;0.0;;;0.0;0.0;0.0;0.0;;[];[];[];[];[];[];[];[];1.0;0.0;0.0;1.0;0.0;0.0;931665.0;2018.0;serra branca ec pb;treze fc pb;;;
2026-05-16;193006285;Portugal Primeira Liga;Portugal;16:30;Schedule;False;0.44606104695219917;1.85;2.5, 3.0;2.0;2.5, 3.0;0.0;0.0;;0.0;0.0;0.0;0.0;0.0;;Famalicao;5.0;0.0;0.0;1.571;0;0.0;0 - 0;4.0;Alverca;11.0;0.0;0.0;5.25;0;0.0;-1.0;0 - 0;0-0;2.75;1.25;-;nan;;;;;;;;;;;;;;;;0.0;0.0;0.0;0.0;;;0.0;0.0;0.0;0.0;;[];[];[];[];[];[];[];[];1.0;0.0;0.0;1.0;0.0;0.0;49531.0;3012.0;fc famalicao;fc alverca sad;;;
2026-05-16;194584488;Brazil Serie D;Brazil;17:00;Schedule;False;;;2.25;;2.25;0.0;0.0;;0.0;0.0;0.0;0.0;0.0;;Operario MS;;0.0;0.0;;0;0.0;0 - 0;;Ivinhema;;0.0;0.0;;0;0.0;-0.25;0 - 0;0-0;2.25;0.75;-;nan;;;;;;;;;;;;;;;;0.0;0.0;0.0;0.0;;;0.0;0.0;0.0;0.0;;[];[];[];[];[];[];[];[];1.0;0.0;0.0;1.0;0.0;0.0;317965.0;34000.0;operario fc ms;ivinhema ms;;;
2026-05-16;194594796;Chile Segunda;Chile;17:00;Schedule;False;;;2.5;;2.5;0.0;0.0;;0.0;0.0;0.0;0.0;0.0;;Lota Schwager;;0.0;0.0;;0;0.0;0 - 0;;Deportes Rengo;;0.0;0.0;;0;0.0;-0.75;0 - 0;0-0;2.5;1.0;-;nan;;;;;;;;;;;;;;;;0.0;0.0;0.0;0.0;;;0.0;0.0;0.0;0.0;;[];[];[];[];[];[];[];[];1.0;0.0;0.0;1.0;0.0;0.0;;;;;;;
2026-05-16;194635721;Brazil Serie D;Brazil;17:00;Schedule;False;;;2.25;;2.25;0.0;0.0;;0.0;0.0;0.0;0.0;0.0;;Nova Iguacu;;0.0;0.0;;0;0.0;0 - 0;;Sampaio Correa RJ;;0.0;0.0;;0;0.0;-0.25;0 - 0;0-0;2.25;0.75;-;nan;;;;;;;;;;;;;;;;0.0;0.0;0.0;0.0;;;0.0;0.0;0.0;0.0;;[];[];[];[];[];[];[];[];1.0;0.0;0.0;1.0;0.0;0.0;6981.0;342192.0;nova iguacu rj;sampaio correa fe rj;;;
2026-05-16;193710445;Argentina Nacional B;Argentina;17:00;Schedule;False;0.03456221198156684;1.9;1.5;1.9;1.5;0.0;0.0;;0.0;0.0;0.0;0.0;0.0;;All Boys;;0.0;0.0;2.8;0;0.0;0 - 0;2.6;CD Moron;;0.0;0.0;3.1;0;0.0;0.0;0 - 0;0-0;1.5;0.5;-;nan;;;;;;;;;;;;;;;;0.0;0.0;0.0;0.0;;;0.0;0.0;0.0;0.0;;[];[];[];[];[];[];[];[];1.0;0.0;0.0;1.0;0.0;0.0;36834.0;93109.0;ca all boys;deportivo moron;2.62;2.62;Youth
2026-05-16;194591435;Colombia Liga Femenina;Colombia;17:00;Schedule;False;;;2.25;;2.25;0.0;0.0;;0.0;0.0;0.0;0.0;0.0;;CD Real Santander (W);;0.0;0.0;;0;0.0;0 - 0;;Junior (W);;0.0;0.0;;0;0.0;+0.25;0 - 0;0-0;2.25;1.0;-;nan;;;;;;;;;;;;;;;;0.0;0.0;0.0;0.0;;;0.0;0.0;0.0;0.0;;[];[];[];[];[];[];[];[];1.0;0.0;0.0;1.0;0.0;0.0;;6105.0;;cd junior fc;;;Women
2026-05-16;194584491;Brazil Serie D;Brazil;17:00;Schedule;False;;;2.25;;2.25;0.0;0.0;;0.0;0.0;0.0;0.0;0.0;;Operario VG;;0.0;0.0;;0;0.0;0 - 0;;Uniao Rondonopolis;;0.0;0.0;;0;0.0;-0.25;0 - 0;0-0;2.25;0.75;-;nan;;;;;;;;;;;;;;;;0.0;0.0;0.0;0.0;;;0.0;0.0;0.0;0.0;;[];[];[];[];[];[];[];[];1.0;0.0;0.0;1.0;0.0;0.0;35276.0;336163.0;ce operario varzea-grandense mt;uniao ec mt;;;
2026-05-16;194596109;El Salvador Segunda Division;El Salvador;17:00;Schedule;False;;;2.5;;2.5;0.0;0.0;;0.0;0.0;0.0;0.0;0.0;;CD INCA;;0.0;0.0;;0;0.0;0 - 0;;Atlético Balboa;;0.0;0.0;;0;0.0;-0.25;0 - 0;0-0;2.5;1.0;-;nan;;;;;;;;;;;;;;;;0.0;0.0;0.0;0.0;;;0.0;0.0;0.0;0.0;;[];[];[];[];[];[];[];[];1.0;0.0;0.0;1.0;0.0;0.0;;;;;;;
2026-05-16;194584494;Brazil Serie D;Brazil;17:00;Schedule;False;;;2.0;;2.0;0.0;0.0;;0.0;0.0;0.0;0.0;0.0;;Real Noroeste;;0.0;0.0;;0;0.0;0 - 0;;Rio Branco ES;;0.0;0.0;;0;0.0;+0.25;0 - 0;0-0;2.0;0.75;-;nan;;;;;;;;;;;;;;;;0.0;0.0;0.0;0.0;;;0.0;0.0;0.0;0.0;;[];[];[];[];[];[];[];[];1.0;0.0;0.0;1.0;0.0;0.0;65494.0;49199.0;real noroeste es;rio branco ac es;;;
2026-05-16;194584481;Brazil Serie D;Brazil;17:00;Schedule;False;;;2.25;;2.25;0.0;0.0;;0.0;0.0;0.0;0.0;0.0;;Nacional AM;;0.0;0.0;;0;0.0;0 - 0;;Manauara;;0.0;0.0;;0;0.0;-0.5;0 - 0;0-0;2.25;0.75;-;nan;;;;;;;;;;;;;;;;0.0;0.0;0.0;0.0;;;0.0;0.0;0.0;0.0;;[];[];[];[];[];[];[];[];1.0;0.0;0.0;1.0;0.0;0.0;21859.0;837176.0;nacional fc am;manauara ec am;;;
2026-05-16;194595826;Dominica Premier League;Dominica;17:00;Schedule;False;0.16019810467165096;1.85;3.0, 3.5;1.95;3.0, 3.5;0.0;0.0;;0.0;0.0;0.0;0.0;0.0;;Bath Estate;;0.0;0.0;1.909;0;0.0;0 - 0;4.333;Promex Harlem United SC;;0.0;0.0;2.75;0;0.0;-0.5;0 - 0;0-0;3.25;1.25;-;nan;;;;;;;;;;;;;;;;0.0;0.0;0.0;0.0;;;0.0;0.0;0.0;0.0;;[];[];[];[];[];[];[];[];1.0;0.0;0.0;1.0;0.0;0.0;;;;;;;
2026-05-16;194584472;Brazil Serie D;Brazil;17:00;Schedule;False;;;2.0;;2.0;0.0;0.0;;0.0;0.0;0.0;0.0;0.0;;Marica;;0.0;0.0;;0;0.0;0 - 0;;XV Piracicaba;;0.0;0.0;;0;0.0;+0.5;0 - 0;0-0;2.0;0.75;-;nan;;;;;;;;;;;;;;;;0.0;0.0;0.0;0.0;;;0.0;0.0;0.0;0.0;;[];[];[];[];[];[];[];[];1.0;0.0;0.0;1.0;0.0;0.0;342210.0;61692.0;marica fc rj;ec xv de novembro piracicaba sp;;;
2026-05-16;194584468;Brazil Serie D;Brazil;17:00;Schedule;False;;;1.75;;1.75;0.0;0.0;;0.0;0.0;0.0;0.0;0.0;;ASA;;0.0;0.0;;0;0.0;0 - 0;;Juazeirense;;0.0;0.0;;0;0.0;-0.5;0 - 0;0-0;1.75;0.75;-;nan;;;;;;;;;;;;;;;;0.0;0.0;0.0;0.0;;;0.0;0.0;0.0;0.0;;[];[];[];[];[];[];[];[];1.0;0.0;0.0;1.0;0.0;0.0;2019.0;61724.0;as arapiraquense al;sd juazeirense ba;;;
2026-05-16;194638922;Peru Liga 2;Peru;17:00;Schedule;False;;;2.25;;2.25;0.0;0.0;;0.0;0.0;0.0;0.0;0.0;;Comerciantes FC;;0.0;0.0;;0;0.0;0 - 0;;Deportivo Binacional;;0.0;0.0;;0;0.0;-1.0;0 - 0;0-0;2.25;1.0;-;nan;;;;;;;;;;;;;;;;0.0;0.0;0.0;0.0;;;0.0;0.0;0.0;0.0;;[];[];[];[];[];[];[];[];1.0;0.0;0.0;1.0;0.0;0.0;;;;;;;
2026-05-16;194580837;USA USL Super League Women;USA;17:00;Schedule;False;0.425;1.8;2.0, 2.5;2.0;2.0, 2.5;0.0;0.0;;0.0;0.0;0.0;0.0;0.0;;Spokane Zephyr (W);;0.0;0.0;1.6;0;0.0;0 - 0;3.5;Brooklyn (W);;0.0;0.0;5.0;0;0.0;-0.75;0 - 0;0-0;2.25;1.0;-;nan;;;;;;;;;;;;;;;;0.0;0.0;0.0;0.0;;;0.0;0.0;0.0;0.0;;[];[];[];[];[];[];[];[];1.0;0.0;0.0;1.0;0.0;0.0;1166967.0;1312976.0;spokane zephyr fc;brooklyn fc;;;Women
2026-05-16;194371128;Brazil Serie C;Brazil;17:00;Schedule;False;0.12028869286287086;1.9;2.5;1.9;2.5;0.0;0.0;;0.0;0.0;0.0;0.0;0.0;;Ypiranga RS;;0.0;0.0;2.15;0;0.0;0 - 0;3.3;Maringa;;0.0;0.0;2.9;0;0.0;0.0;0 - 0;0-0;2.0;0.75;-;nan;;;;;;;;;;;;;;;;0.0;0.0;0.0;0.0;;;0.0;0.0;0.0;0.0;;[];[];[];[];[];[];[];[];1.0;0.0;0.0;1.0;0.0;0.0;32766.0;135324.0;ypiranga fc rs;maringa fc pr;;;
2026-05-16;194580557;USA USL Cup;USA;17:00;Schedule;False;-0.28528528528528535;1.8;2.5;2.0;2.5;0.0;0.0;;0.0;0.0;0.0;0.0;0.0;;Portland Hearts of Pine;;0.0;0.0;3.7;0;0.0;0 - 0;3.5;Rhode Island FC;;0.0;0.0;1.8;0;0.0;+0.75;0 - 0;0-0;2.5;1.0;-;nan;;;;;;;;;;;;;;;;0.0;0.0;0.0;0.0;;;0.0;0.0;0.0;0.0;;[];[];[];[];[];[];[];[];1.0;0.0;0.0;1.0;0.0;0.0;;1092285.0;;rhode island fc;;;
2026-05-16;194371132;Brazil Serie C;Brazil;17:00;Schedule;False;0.22972972972972977;2.025;2.0;1.775;2.0;0.0;0.0;;0.0;0.0;0.0;0.0;0.0;;Santa Cruz;;0.0;0.0;2.0;0;0.0;0 - 0;2.9;Volta Redonda;;0.0;0.0;3.7;0;0.0;-0.5;0 - 0;0-0;2.0;0.75;-;nan;;;;;;;;;;;;;;;;0.0;0.0;0.0;0.0;;;0.0;0.0;0.0;0.0;;[];[];[];[];[];[];[];[];1.0;0.0;0.0;1.0;0.0;0.0;1976.0;6982.0;santa cruz fc pe;volta redonda fc rj;;;
2026-05-16;194584486;Brazil Serie D;Brazil;17:00;Schedule;False;;;2.0;;2.0;0.0;0.0;;0.0;0.0;0.0;0.0;0.0;;Noroeste;;0.0;0.0;;0;0.0;0 - 0;;Velo Clube;;0.0;0.0;;0;0.0;-0.5;0 - 0;0-0;2.0;0.75;-;nan;;;;;;;;;;;;;;;;0.0;0.0;0.0;0.0;;;0.0;0.0;0.0;0.0;;[];[];[];[];[];[];[];[];1.0;0.0;0.0;1.0;0.0;0.0;6962.0;88736.0;ec noroeste sp;ae velo clube sp;;;
2026-05-16;194584476;Brazil Serie D;Brazil;17:00;Schedule;False;;;2.0;;2.0;0.0;0.0;;0.0;0.0;0.0;0.0;0.0;;Moto Club;;0.0;0.0;;0;0.0;0 - 0;;IAPE;;0.0;0.0;;0;0.0;-0.75;0 - 0;0-0;2.0;0.75;-;nan;;;;;;;;;;;;;;;;0.0;0.0;0.0;0.0;;;0.0;0.0;0.0;0.0;;[];[];[];[];[];[];[];[];1.0;0.0;0.0;1.0;0.0;0.0;2009.0;49203.0;moto club ma;iape ma;;;
2026-05-16;193715875;Peru Liga 1;Peru;17:15;Schedule;False;-0.014245014245014231;1.825;2.0, 2.5;1.975;2.0, 2.5;0.0;0.0;;0.0;0.0;0.0;0.0;0.0;;Juan Pablo II College;;0.0;0.0;2.7;0;0.0;0 - 0;3.1;Alianza Atletico;;0.0;0.0;2.6;0;0.0;+0.25;0 - 0;0-0;2.25;1.0;-;nan;;;;;;;;;;;;;;;;0.0;0.0;0.0;0.0;;;0.0;0.0;0.0;0.0;;[];[];[];[];[];[];[];[];1.0;0.0;0.0;1.0;0.0;0.0;1041663.0;2307.0;juan pablo ii college;alianza atletico;2.0;1.8;Youth
2026-05-16;194577973;Peru Liga 2;Peru;17:15;Schedule;False;;;2.5;;2.5;0.0;0.0;;0.0;0.0;0.0;0.0;0.0;;Santos FC;;0.0;0.0;;0;0.0;0 - 0;;Bentin Tacna Heroica;;0.0;0.0;;0;0.0;-0.25;0 - 0;0-0;2.5;1.0;-;nan;;;;;;;;;;;;;;;;0.0;0.0;0.0;0.0;;;0.0;0.0;0.0;0.0;;[];[];[];[];[];[];[];[];1.0;0.0;0.0;1.0;0.0;0.0;;;;;;;
2026-05-16;194490717;Paraguay Division Profesional;Paraguay;17:15;Schedule;False;0.09961685823754785;2.05;2.0, 2.5;1.75;2.0, 2.5;0.0;0.0;;0.0;0.0;0.0;0.0;0.0;;Guarani Asuncion;;0.0;0.0;2.25;0;0.0;0 - 0;3.0;Sportivo Ameliano;;0.0;0.0;2.9;0;0.0;-0.25;0 - 0;0-0;2.0;0.75;-;nan;;;;;;;;;;;;;;;;0.0;0.0;0.0;0.0;;;0.0;0.0;0.0;0.0;;[];[];[];[];[];[];[];[];1.0;0.0;0.0;1.0;0.0;0.0;5994.0;607728.0;club guarani asuncion;sportivo ameliano;2.0;2.0;
2026-05-16;193719786;USA MLS;USA;17:30;Schedule;False;-0.08695652173913049;1.975;3.0;1.825;3.0;0.0;0.0;;0.0;0.0;0.0;0.0;0.0;;CF Montreal;;0.0;0.0;2.875;0;0.0;0 - 0;3.75;Chicago Fire;;0.0;0.0;2.3;0;0.0;+0.25;0 - 0;0-0;3.0;1.25;-;nan;;;;;;;;;;;;;;;;0.0;0.0;0.0;0.0;;;0.0;0.0;0.0;0.0;;[];[];[];[];[];[];[];[];1.0;0.0;0.0;1.0;0.0;0.0;22006.0;2505.0;cf montreal;chicago fire;1.53;1.53;
2026-05-16;194577966;Colombia Liga Femenina;Colombia;17:30;Schedule;False;;;3.0;;3.0;0.0;0.0;;0.0;0.0;0.0;0.0;0.0;;Atletico Nacional (W);;0.0;0.0;;0;0.0;0 - 0;;Once Caldas (W);;0.0;0.0;;0;0.0;-2.25;0 - 0;0-0;3.0;1.25;-;nan;;;;;;;;;;;;;;;;0.0;0.0;0.0;0.0;;;0.0;0.0;0.0;0.0;;[];[];[];[];[];[];[];[];1.0;0.0;0.0;1.0;0.0;0.0;6106.0;6118.0;atletico nacional medellin;cd once caldas;;;Women
2026-05-16;194698285;Colombia Cup;Colombia;17:30;Schedule;False;0.6442716433385174;1.975;2.5, 3.0;1.825;2.5, 3.0;0.0;0.0;;0.0;0.0;0.0;0.0;0.0;;Alianza;;0.0;0.0;1.286;0;0.0;0 - 0;5.0;CD Real Santander;;0.0;0.0;7.5;0;0.0;-1.25;0 - 0;0-0;2.5;1.0;-;nan;;;;;;;;;;;;;;;;0.0;0.0;0.0;0.0;;;0.0;0.0;0.0;0.0;;[];[];[];[];[];[];[];[];1.0;0.0;0.0;1.0;0.0;0.0;1098993.0;;alianza fc valledupar;;;;
2026-05-16;194591427;Colombia Cup;Colombia;17:30;Schedule;False;0.5229885057471265;1.825;2.0, 2.5;1.975;2.0, 2.5;0.0;0.0;;0.0;0.0;0.0;0.0;0.0;;Boyaca Chico;;0.0;0.0;1.45;0;0.0;0 - 0;3.8;Atletico Cali FC;;0.0;0.0;6.0;0;0.0;-1.0;0 - 0;0-0;2.25;1.0;-;nan;;;;;;;;;;;;;;;;0.0;0.0;0.0;0.0;;;0.0;0.0;0.0;0.0;;[];[];[];[];[];[];[];[];1.0;0.0;0.0;1.0;0.0;0.0;6107.0;;boyaca chico fc;;;;
2026-05-16;194591431;Colombia Cup;Colombia;17:30;Schedule;False;0.5403726708074534;1.9;2.5;1.9;2.5;0.0;0.0;;0.0;0.0;0.0;0.0;0.0;;Cucuta Deportivo;;0.0;0.0;1.4;0;0.0;0 - 0;4.5;Itagui Leones;;0.0;0.0;5.75;0;0.0;-1.0;0 - 0;0-0;2.5;1.0;-;nan;;;;;;;;;;;;;;;;0.0;0.0;0.0;0.0;;;0.0;0.0;0.0;0.0;;[];[];[];[];[];[];[];[];1.0;0.0;0.0;1.0;0.0;0.0;6108.0;;cucuta deportivo fc;;;;
2026-05-16;194595950;Ecuador LigaPro Serie B;Ecuador;17:30;Schedule;False;;;2.0;;2.0;0.0;0.0;;0.0;0.0;0.0;0.0;0.0;;Gualaceo SC;;0.0;0.0;;0;0.0;0 - 0;;San Antonio FC Cotacachi;;0.0;0.0;;0;0.0;-0.5;0 - 0;0-0;2.0;0.75;-;nan;;;;;;;;;;;;;;;;0.0;0.0;0.0;0.0;;;0.0;0.0;0.0;0.0;;[];[];[];[];[];[];[];[];1.0;0.0;0.0;1.0;0.0;0.0;;;;;;;Youth
2026-05-16;194584504;Brazil Serie D;Brazil;18:00;Schedule;False;;;2.25;;2.25;0.0;0.0;;0.0;0.0;0.0;0.0;0.0;;Tombense;;0.0;0.0;;0;0.0;0 - 0;;Democrata GV;;0.0;0.0;;0;0.0;-0.75;0 - 0;0-0;2.25;1.0;-;nan;;;;;;;;;;;;;;;;0.0;0.0;0.0;0.0;;;0.0;0.0;0.0;0.0;;[];[];[];[];[];[];[];[];1.0;0.0;0.0;1.0;0.0;0.0;87202.0;21848.0;tombense fc mg;ec democrata mg;;;
2026-05-16;194590822;Chile Primera Division Women;Chile;18:00;Schedule;False;;;3.75;;3.75;0.0;0.0;;0.0;0.0;0.0;0.0;0.0;;Universidad de Chile (W);;0.0;0.0;;0;0.0;0 - 0;;Santiago Wanderers (W);;0.0;0.0;;0;0.0;-3.0;0 - 0;0-0;3.75;1.5;-;nan;;;;;;;;;;;;;;;;0.0;0.0;0.0;0.0;;;0.0;0.0;0.0;0.0;;[];[];[];[];[];[];[];[];1.0;0.0;0.0;1.0;0.0;0.0;3161.0;;universidad de chile;;;;Women
2026-05-16;194584497;Brazil Serie D;Brazil;18:00;Schedule;False;;;2.5;;2.5;0.0;0.0;;0.0;0.0;0.0;0.0;0.0;;GAS;;0.0;0.0;;0;0.0;0 - 0;;Monte Roraima;;0.0;0.0;;0;0.0;+0.25;0 - 0;0-0;2.5;1.0;-;nan;;;;;;;;;;;;;;;;0.0;0.0;0.0;0.0;;;0.0;0.0;0.0;0.0;;[];[];[];[];[];[];[];[];1.0;0.0;0.0;1.0;0.0;0.0;426351.0;1104921.0;gremio atletico sampaio rr;monte roraima rr;;;
2026-05-16;194605394;Venezuela Segunda Division;Venezuela;18:00;Schedule;False;;;2.0;;2.0;0.0;0.0;;0.0;0.0;0.0;0.0;0.0;;CS Maritimo de La Guaira;;0.0;0.0;;0;0.0;0 - 0;;Aragua;;0.0;0.0;;0;0.0;-0.5;0 - 0;0-0;2.0;0.75;-;nan;;;;;;;;;;;;;;;;0.0;0.0;0.0;0.0;;;0.0;0.0;0.0;0.0;;[];[];[];[];[];[];[];[];1.0;0.0;0.0;1.0;0.0;0.0;;;;;;;
2026-05-16;194580841;USA USL Super League Women;USA;18:00;Schedule;False;0.4666666666666666;1.775;2.5, 3.0;2.025;2.5, 3.0;0.0;0.0;;0.0;0.0;0.0;0.0;0.0;;Lexington SC (W);;0.0;0.0;1.5;0;0.0;0 - 0;4.0;Tampa Bay Sun (W);;0.0;0.0;5.0;0;0.0;-1.0;0 - 0;0-0;2.75;1.25;-;nan;;;;;;;;;;;;;;;;0.0;0.0;0.0;0.0;;;0.0;0.0;0.0;0.0;;[];[];[];[];[];[];[];[];1.0;0.0;0.0;1.0;0.0;0.0;980885.0;1166969.0;lexington sc;tampa bay sun fc;;;Women
2026-05-16;194586830;USA USL League Two;USA;18:00;Schedule;False;-0.4991789819376027;1.8;2.5, 3.0;2.0;2.5, 3.0;0.0;0.0;;0.0;0.0;0.0;0.0;0.0;;Brooke House FC;;0.0;0.0;5.25;0;0.0;0 - 0;4.2;Nona FC;;0.0;0.0;1.45;0;0.0;+1.0;0 - 0;0-0;2.75;1.25;-;nan;;;;;;;;;;;;;;;;0.0;0.0;0.0;0.0;;;0.0;0.0;0.0;0.0;;[];[];[];[];[];[];[];[];1.0;0.0;0.0;1.0;0.0;0.0;;;;;;;
2026-05-16;194584502;Brazil Serie D;Brazil;18:00;Schedule;False;;;2.0;;2.0;0.0;0.0;;0.0;0.0;0.0;0.0;0.0;;Mixto;;0.0;0.0;;0;0.0;0 - 0;;Goiatuba;;0.0;0.0;;0;0.0;-0.25;0 - 0;0-0;2.0;0.75;-;nan;;;;;;;;;;;;;;;;0.0;0.0;0.0;0.0;;;0.0;0.0;0.0;0.0;;[];[];[];[];[];[];[];[];1.0;0.0;0.0;1.0;0.0;0.0;34005.0;646902.0;mixto ec mt;goiatuba ec go;;;
2026-05-16;194605374;Venezuela Segunda Division;Venezuela;18:00;Schedule;False;;;2.5;;2.5;0.0;0.0;;0.0;0.0;0.0;0.0;0.0;;CD Lara;;0.0;0.0;;0;0.0;0 - 0;;Real Frontera;;0.0;0.0;;0;0.0;-1.25;0 - 0;0-0;2.5;1.0;-;nan;;;;;;;;;;;;;;;;0.0;0.0;0.0;0.0;;;0.0;0.0;0.0;0.0;;[];[];[];[];[];[];[];[];1.0;0.0;0.0;1.0;0.0;0.0;;;;;;;
2026-05-16;193193639;Chile Liga de Primera;Chile;18:30;Schedule;False;0.32752613240418116;1.825;2.5;1.975;2.5;0.0;0.0;;0.0;0.0;0.0;0.0;0.0;;O'Higgins;;0.0;0.0;1.75;0;0.0;0 - 0;3.5;Universidad de Concepcion;;0.0;0.0;4.1;0;0.0;-0.75;0 - 0;0-0;2.5;1.0;-;nan;;;;;;;;;;;;;;;;0.0;0.0;0.0;0.0;;;0.0;0.0;0.0;0.0;;[];[];[];[];[];[];[];[];1.0;0.0;0.0;1.0;0.0;0.0;3163.0;5034.0;cd o´higgins;universidad de concepcion;1.8;1.72;
2026-05-16;193711631;Ecuador LigaPro Serie A;Ecuador;18:30;Schedule;False;0.5714285714285714;1.8;2.0, 2.5;2.0;2.0, 2.5;0.0;0.0;;0.0;0.0;0.0;0.0;0.0;;Universidad Catolica del Ecuador;;0.0;0.0;1.4;0;0.0;0 - 0;4.333;Delfin SC;;0.0;0.0;7.0;0;0.0;-1.0;0 - 0;0-0;2.5;1.0;-;nan;;;;;;;;;;;;;;;;0.0;0.0;0.0;0.0;;;0.0;0.0;0.0;0.0;;[];[];[];[];[];[];[];[];1.0;0.0;0.0;1.0;0.0;0.0;21942.0;241468.0;cd universidad catolica del ecuador;delfin sc;2.37;2.37;
2026-05-16;193710977;Brazil Serie A;Brazil;18:30;Schedule;False;0.24358974358974356;1.85;2.0, 2.5;2.0;2.0, 2.5;0.0;0.0;;0.0;0.0;0.0;0.0;0.0;;Internacional;;0.0;0.0;2.0;0;0.0;0 - 0;3.4;Vasco da Gama;;0.0;0.0;3.9;0;0.0;-0.5;0 - 0;0-0;2.25;1.0;-;nan;;;;;;;;;;;;;;;;0.0;0.0;0.0;0.0;;;0.0;0.0;0.0;0.0;;[];[];[];[];[];[];[];[];1.0;0.0;0.0;1.0;0.0;0.0;1966.0;1974.0;sc internacional rs;cr vasco da gama rj;1.95;1.9;
2026-05-16;193710974;Brazil Serie A;Brazil;18:30;Schedule;False;0.19841269841269837;1.925;2.0, 2.5;1.925;2.0, 2.5;0.0;0.0;;0.0;0.0;0.0;0.0;0.0;;Atletico Mineiro;13.0;0.0;0.0;2.1;0;0.0;0 - 0;3.4;Mirassol;18.0;0.0;0.0;3.6;0;0.0;-0.25;0 - 0;0-0;2.25;1.0;-;nan;;;;;;;;;;;;;;;;0.0;0.0;0.0;0.0;;;0.0;0.0;0.0;0.0;;[];[];[];[];[];[];[];[];1.0;0.0;0.0;1.0;0.0;0.0;1977.0;21982.0;atletico mineiro mg;mirassol fc sp;1.95;1.95;
2026-05-16;193711507;Brazil Serie B;Brazil;18:30;Schedule;False;0.3450292397660819;2.0;2.0, 2.5;1.8;2.0, 2.5;0.0;0.0;;0.0;0.0;0.0;0.0;0.0;;Goias;;0.0;0.0;1.8;0;0.0;0 - 0;3.4;Botafogo SP;;0.0;0.0;4.75;0;0.0;-0.5;0 - 0;0-0;2.0;0.75;-;nan;;;;;;;;;;;;;;;;0.0;0.0;0.0;0.0;;;0.0;0.0;0.0;0.0;;[];[];[];[];[];[];[];[];1.0;0.0;0.0;1.0;0.0;0.0;1960.0;1979.0;goias ec go;botafogo fc sp;2.1;2.1;Youth
2026-05-16;194371366;Chile Primera B;Chile;18:30;Schedule;False;0.044579533941236094;1.95;2.5;1.85;2.5;0.0;0.0;;0.0;0.0;0.0;0.0;0.0;;Curico Unido;13.0;0.0;0.0;2.35;0;0.0;0 - 0;3.3;Santiago Wanderers;5.0;0.0;0.0;2.625;0;0.0;-0.25;0 - 0;0-0;2.5;1.0;-;nan;;;;;;;;;;;;;;;;0.0;0.0;0.0;0.0;;;0.0;0.0;0.0;0.0;;[];[];[];[];[];[];[];[];1.0;0.0;0.0;1.0;0.0;0.0;;;;;;;Youth
2026-05-16;194538982;Uruguay Torneo Intermedio;Uruguay;18:30;Schedule;False;0.35681657337708295;1.85;2.0, 2.5;1.95;2.0, 2.5;0.0;0.0;;0.0;0.0;0.0;0.0;0.0;;Penarol;;0.0;0.0;1.727;0;0.0;0 - 0;3.4;Liverpool Montevideo;;0.0;0.0;4.5;0;0.0;-0.5;0 - 0;0-0;2.25;1.0;-;nan;;;;;;;;;;;;;;;;0.0;0.0;0.0;0.0;;;0.0;0.0;0.0;0.0;;[];[];[];[];[];[];[];[];1.0;0.0;0.0;1.0;0.0;0.0;3227.0;6879.0;ca penarol montevideo;liverpool montevideo;;;
2026-05-16;194620375;Paraguay Women League;Paraguay;18:30;Schedule;False;;;4.5;;4.5;0.0;0.0;;0.0;0.0;0.0;0.0;0.0;;Cerro Porteno (W);;0.0;0.0;;0;0.0;0 - 0;;Deportivo Recoleta (W);;0.0;0.0;;0;0.0;-4.0;0 - 0;0-0;4.5;2.0;-;nan;;;;;;;;;;;;;;;;0.0;0.0;0.0;0.0;;;0.0;0.0;0.0;0.0;;[];[];[];[];[];[];[];[];1.0;0.0;0.0;1.0;0.0;0.0;5991.0;463345.0;cerro porteno;recoleta fc;;;Women
2026-05-16;194589190;Argentina Primera B Metropolitana;Argentina;19:00;Schedule;False;0.31831831831831825;1.95;1.5, 2.0;1.85;1.5, 2.0;0.0;0.0;;0.0;0.0;0.0;0.0;0.0;;Deportivo Merlo;;0.0;0.0;1.85;0;0.0;0 - 0;2.8;Deportivo Armenio;;0.0;0.0;4.5;0;0.0;-0.25;0 - 0;0-0;1.75;0.75;-;nan;;;;;;;;;;;;;;;;0.0;0.0;0.0;0.0;;;0.0;0.0;0.0;0.0;;[];[];[];[];[];[];[];[];1.0;0.0;0.0;1.0;0.0;0.0;36840.0;93105.0;deportivo merlo;cd armenio;;;Youth
2026-05-16;194638918;Panama First Division Women;Panama;19:00;Schedule;False;;;2.25;;2.25;0.0;0.0;;0.0;0.0;0.0;0.0;0.0;;Santa Fe FC (W);;0.0;0.0;;0;0.0;0 - 0;;Chorrillo (W);;0.0;0.0;;0;0.0;-0.25;0 - 0;0-0;2.25;1.0;-;nan;;;;;;;;;;;;;;;;0.0;0.0;0.0;0.0;;;0.0;0.0;0.0;0.0;;[];[];[];[];[];[];[];[];1.0;0.0;0.0;1.0;0.0;0.0;;;;;;;Women
2026-05-16;194586900;USA USL Cup;USA;19:00;Schedule;False;-0.32903879559930516;1.9;2.0, 2.5;1.9;2.0, 2.5;0.0;0.0;;0.0;0.0;0.0;0.0;0.0;;Richmond Kickers;;0.0;0.0;4.0;0;0.0;0 - 0;3.5;Charleston Battery;;0.0;0.0;1.727;0;0.0;+0.5;0 - 0;0-0;2.25;1.0;-;nan;;;;;;;;;;;;;;;;0.0;0.0;0.0;0.0;;;0.0;0.0;0.0;0.0;;[];[];[];[];[];[];[];[];1.0;0.0;0.0;1.0;0.0;0.0;23841.0;22004.0;richmond kickers;charleston battery;;;
2026-05-16;194584516;Brazil Serie D;Brazil;19:00;Schedule;False;;;2.0;;2.0;0.0;0.0;;0.0;0.0;0.0;0.0;0.0;;Capital DF;;0.0;0.0;;0;0.0;0 - 0;;Ceilandia;;0.0;0.0;;0;0.0;-0.75;0 - 0;0-0;2.0;0.75;-;nan;;;;;;;;;;;;;;;;0.0;0.0;0.0;0.0;;;0.0;0.0;0.0;0.0;;[];[];[];[];[];[];[];[];1.0;0.0;0.0;1.0;0.0;0.0;529973.0;35279.0;capital cf df;ceilandia ec df;;;
2026-05-16;194537669;USA MLS Next Pro League;USA;19:00;Schedule;False;0.43463497453310695;1.975;3.0;1.825;3.0;0.0;0.0;;0.0;0.0;0.0;0.0;0.0;;CT United;;0.0;0.0;1.55;0;0.0;0 - 0;4.0;Toronto FC II;;0.0;0.0;4.75;0;0.0;-1.0;0 - 0;0-0;3.25;1.25;-;nan;;;;;;;;;;;;;;;;0.0;0.0;0.0;0.0;;;0.0;0.0;0.0;0.0;;[];[];[];[];[];[];[];[];1.0;0.0;0.0;1.0;0.0;0.0;;7080.0;;toronto fc;;;Youth
2026-05-16;194537667;USA MLS Next Pro League;USA;19:00;Schedule;False;0.0735930735930736;2.0;3.0, 3.5;1.8;3.0, 3.5;0.0;0.0;;0.0;0.0;0.0;0.0;0.0;;Carolina Core FC;;0.0;0.0;2.2;0;0.0;0 - 0;3.6;Chicago Fire II;;0.0;0.0;2.625;0;0.0;-0.25;0 - 0;0-0;3.25;1.25;-;nan;;;;;;;;;;;;;;;;0.0;0.0;0.0;0.0;;;0.0;0.0;0.0;0.0;;[];[];[];[];[];[];[];[];1.0;0.0;0.0;1.0;0.0;0.0;;2505.0;;chicago fire;;;Youth
2026-05-16;194627126;USA USL Cup;USA;19:00;Schedule;False;-0.30476190476190473;2.0;2.5;1.8;2.5;0.0;0.0;;0.0;0.0;0.0;0.0;0.0;;Forward Madison FC;;0.0;0.0;3.75;0;0.0;0 - 0;3.6;Detroit City FC;;0.0;0.0;1.75;0;0.0;+0.5;0 - 0;0-0;2.5;1.0;-;nan;;;;;;;;;;;;;;;;0.0;0.0;0.0;0.0;;;0.0;0.0;0.0;0.0;;[];[];[];[];[];[];[];[];1.0;0.0;0.0;1.0;0.0;0.0;;437402.0;;detroit city fc;;;
2026-05-16;193710980;Brazil Serie A;Brazil;19:00;Schedule;False;0.2799320292836244;1.825;2.0, 2.5;2.025;2.0, 2.5;0.0;0.0;;0.0;0.0;0.0;0.0;0.0;;Fluminense;3.0;0.0;0.0;1.909;0;0.0;0 - 0;3.5;Sao Paulo;4.0;0.0;0.0;4.1;0;0.0;-0.5;0 - 0;0-0;2.25;1.0;-;nan;;;;;;;;;;;;;;;;0.0;0.0;0.0;0.0;;;0.0;0.0;0.0;0.0;;[];[];[];[];[];[];[];[];1.0;0.0;0.0;1.0;0.0;0.0;1961.0;1981.0;fluminense fc rj;sao paulo fc sp;1.9;1.9;
2026-05-16;194595839;Dominica Premier League;Dominica;19:30;Schedule;False;-0.16499442586399116;2.0;3.5;1.8;3.5;0.0;0.0;;0.0;0.0;0.0;0.0;0.0;;Pointe Michel FC;;0.0;0.0;2.875;0;0.0;0 - 0;3.9;Middleham United FC;;0.0;0.0;1.95;0;0.0;+0.25;0 - 0;0-0;3.5;1.5;-;nan;;;;;;;;;;;;;;;;0.0;0.0;0.0;0.0;;;0.0;0.0;0.0;0.0;;[];[];[];[];[];[];[];[];1.0;0.0;0.0;1.0;0.0;0.0;;;;;;;
2026-05-16;194584524;Brazil Serie D;Brazil;19:30;Schedule;False;;;2.25;;2.25;0.0;0.0;;0.0;0.0;0.0;0.0;0.0;;Gama;;0.0;0.0;;0;0.0;0 - 0;;Brasiliense;;0.0;0.0;;0;0.0;-0.5;0 - 0;0-0;2.25;1.0;-;nan;;;;;;;;;;;;;;;;0.0;0.0;0.0;0.0;;;0.0;0.0;0.0;0.0;;[];[];[];[];[];[];[];[];1.0;0.0;0.0;1.0;0.0;0.0;1978.0;2024.0;se gama df;brasiliense fc df;;;
2026-05-16;194371138;Brazil Serie C;Brazil;19:30;Schedule;False;0.1122019635343619;1.85;1.5, 2.0;1.95;1.5, 2.0;0.0;0.0;;0.0;0.0;0.0;0.0;0.0;;Floresta;;0.0;0.0;2.3;0;0.0;0 - 0;2.8;Amazonas;;0.0;0.0;3.1;0;0.0;0.0;0 - 0;0-0;1.5;0.5;-;nan;;;;;;;;;;;;;;;;0.0;0.0;0.0;0.0;;;0.0;0.0;0.0;0.0;;[];[];[];[];[];[];[];[];1.0;0.0;0.0;1.0;0.0;0.0;401925.0;663997.0;floresta ec ce;amazonas fc am;;;
2026-05-16;194538178;USA NWSL Women;USA;19:30;Schedule;False;0.5107025938050869;1.825;2.5;1.975;2.5;0.0;0.0;;0.0;0.0;0.0;0.0;0.0;;North Carolina Courage (W);;0.0;0.0;1.444;0;0.0;0 - 0;4.1;Chicago Stars (W);;0.0;0.0;5.5;0;0.0;-1.5;0 - 0;0-0;2.75;1.25;-;nan;;;;;;;;;;;;;;;;0.0;0.0;0.0;0.0;;;0.0;0.0;0.0;0.0;;[];[];[];[];[];[];[];[];1.0;0.0;0.0;1.0;0.0;0.0;49787.0;34714.0;north carolina courage;chicago stars fc;;;Women
2026-05-16;194371148;Brazil Serie C;Brazil;19:30;Schedule;False;0.4191950464396285;2.025;2.0, 2.5;1.775;2.0, 2.5;0.0;0.0;;0.0;0.0;0.0;0.0;0.0;;Figueirense;;0.0;0.0;1.615;0;0.0;0 - 0;3.4;Itabaiana;;0.0;0.0;5.0;0;0.0;-0.5;0 - 0;0-0;2.25;1.0;-;nan;;;;;;;;;;;;;;;;0.0;0.0;0.0;0.0;;;0.0;0.0;0.0;0.0;;[];[];[];[];[];[];[];[];1.0;0.0;0.0;1.0;0.0;0.0;1985.0;21853.0;figueirense fc sc;ao itabaiana se;;;
2026-05-16;194633447;Argentina Liga Profesional;Argentina;19:30;Schedule;False;0.26921301638587586;1.875;2.0;1.925;2.0;0.0;0.0;;0.0;0.0;0.0;0.0;0.0;;River Plate;;0.0;0.0;2.0;0;0.0;0 - 0;3.1;Rosario Central;;0.0;0.0;4.333;0;0.0;-0.5;0 - 0;0-0;2.0;nan;-;nan;;;;;;;;;;;;;;;;0.0;0.0;0.0;0.0;;;0.0;0.0;0.0;0.0;;[];[];[];[];[];[];[];[];1.0;0.0;0.0;1.0;0.0;0.0;3211.0;3217.0;ca river plate (arg);ca rosario central;;;
2026-05-16;194640768;Jamaica Super League;Jamaica;19:30;Schedule;False;;;2.5;;2.5;0.0;0.0;;0.0;0.0;0.0;0.0;0.0;;Seaview Gardens FC;;0.0;0.0;;0;0.0;0 - 0;;Browns Town;;0.0;0.0;;0;0.0;-0.25;0 - 0;0-0;2.5;1.0;-;nan;;;;;;;;;;;;;;;;0.0;0.0;0.0;0.0;;;0.0;0.0;0.0;0.0;;[];[];[];[];[];[];[];[];1.0;0.0;0.0;1.0;0.0;0.0;;;;;;;
2026-05-16;193715877;Peru Liga 1;Peru;19:45;Schedule;False;0.16369047619047616;1.8;2.0, 2.5;2.0;2.0, 2.5;0.0;0.0;;0.0;0.0;0.0;0.0;0.0;;Cienciano;;0.0;0.0;2.1;0;0.0;0 - 0;3.3;Alianza Lima;;0.0;0.0;3.2;0;0.0;-0.25;0 - 0;0-0;2.25;1.0;-;nan;;;;;;;;;;;;;;;;0.0;0.0;0.0;0.0;;;0.0;0.0;0.0;0.0;;[];[];[];[];[];[];[];[];1.0;0.0;0.0;1.0;0.0;0.0;2301.0;2311.0;cs cienciano;alianza lima;1.72;1.83;
2026-05-16;194584412;Brazil Serie D;Brazil;20:00;Schedule;False;;;2.25;;2.25;0.0;0.0;;0.0;0.0;0.0;0.0;0.0;;Lagarto;;0.0;0.0;;0;0.0;0 - 0;;Sergipe;;0.0;0.0;;0;0.0;+0.25;0 - 0;0-0;2.25;0.75;-;nan;;;;;;;;;;;;;;;;0.0;0.0;0.0;0.0;;;0.0;0.0;0.0;0.0;;[];[];[];[];[];[];[];[];1.0;0.0;0.0;1.0;0.0;0.0;144856.0;2016.0;lagarto fc se;cs sergipe se;;;
2026-05-16;194639878;Colombia Primera A;Colombia;20:00;Schedule;False;-0.0639097744360902;1.8;2.0, 2.5;2.0;2.0, 2.5;0.0;0.0;;0.0;0.0;0.0;0.0;0.0;;Deportes Tolima;;0.0;0.0;2.8;0;0.0;0 - 0;3.2;SD Atletico Nacional;;0.0;0.0;2.375;0;0.0;0.0;0 - 0;0-0;2.25;1.0;-;nan;;;;;;;;;;;;;;;;0.0;0.0;0.0;0.0;;;0.0;0.0;0.0;0.0;;[];[];[];[];[];[];[];[];1.0;0.0;0.0;1.0;0.0;0.0;6111.0;;cd tolima;;;;
2026-05-16;194586842;USA USL Cup;USA;20:00;Schedule;False;-0.12028869286287086;1.9;2.0, 2.5;1.9;2.0, 2.5;0.0;0.0;;0.0;0.0;0.0;0.0;0.0;;Brooklyn FC;;0.0;0.0;2.9;0;0.0;0 - 0;3.25;Hartford Athletic;;0.0;0.0;2.15;0;0.0;+0.25;0 - 0;0-0;2.25;1.0;-;nan;;;;;;;;;;;;;;;;0.0;0.0;0.0;0.0;;;0.0;0.0;0.0;0.0;;[];[];[];[];[];[];[];[];1.0;0.0;0.0;1.0;0.0;0.0;1312976.0;538327.0;brooklyn fc;hartford athletic;;;
2026-05-16;194586844;USA USL Cup;USA;20:00;Schedule;False;;;2.75;;2.75;0.0;0.0;;0.0;0.0;0.0;0.0;0.0;;Chattanooga Red Wolves;;0.0;0.0;;0;0.0;0 - 0;;Birmingham Legion FC;;0.0;0.0;;0;0.0;+0.25;0 - 0;0-0;2.75;1.25;-;nan;;;;;;;;;;;;;;;;0.0;0.0;0.0;0.0;;;0.0;0.0;0.0;0.0;;[];[];[];[];[];[];[];[];1.0;0.0;0.0;1.0;0.0;0.0;;538325.0;;birmingham legion fc;;;
2026-05-16;194586805;USA USL Super League Women;USA;20:00;Schedule;False;0.06441223832528187;1.825;2.5;1.975;2.5;0.0;0.0;;0.0;0.0;0.0;0.0;0.0;;Carolina Ascent (W);3.0;0.0;0.0;2.3;0;0.0;0 - 0;3.2;Sporting JAX (W);1.0;0.0;0.0;2.7;0;0.0;0.0;0 - 0;0-0;2.5;1.0;-;nan;;;;;;;;;;;;;;;;0.0;0.0;0.0;0.0;;;0.0;0.0;0.0;0.0;;[];[];[];[];[];[];[];[];1.0;0.0;0.0;1.0;0.0;0.0;1108137.0;1232571.0;carolina ascent;sporting jacksonville;;;Women
2026-05-16;194586846;USA USL Cup;USA;20:00;Schedule;False;-0.20588235294117646;1.9;2.5;1.9;2.5;0.0;0.0;;0.0;0.0;0.0;0.0;0.0;;Miami FC;;0.0;0.0;3.4;0;0.0;0 - 0;3.1;Tampa Bay Rowdies;;0.0;0.0;2.0;0;0.0;+0.5;0 - 0;0-0;2.5;1.0;-;nan;;;;;;;;;;;;;;;;0.0;0.0;0.0;0.0;;;0.0;0.0;0.0;0.0;;[];[];[];[];[];[];[];[];1.0;0.0;0.0;1.0;0.0;0.0;253137.0;41617.0;miami fc;tampa bay rowdies;;;
2026-05-16;194596319;USA USL League Two;USA;20:00;Schedule;False;-0.675;1.95;3.5, 4.0;1.85;3.5, 4.0;0.0;0.0;;0.0;0.0;0.0;0.0;0.0;;Christos FC;;0.0;0.0;8.0;0;0.0;0 - 0;5.25;Lionsbridge FC;;0.0;0.0;1.25;0;0.0;+1.5;0 - 0;0-0;3.75;1.5;-;nan;;;;;;;;;;;;;;;;0.0;0.0;0.0;0.0;;;0.0;0.0;0.0;0.0;;[];[];[];[];[];[];[];[];1.0;0.0;0.0;1.0;0.0;0.0;;;;;;;
2026-05-16;194586836;USA USL League Two;USA;20:00;Schedule;False;0.17948717948717957;1.975;3.0, 3.5;1.825;3.0, 3.5;0.0;0.0;;0.0;0.0;0.0;0.0;0.0;;New England FC;;0.0;0.0;1.95;0;0.0;0 - 0;3.75;AC Connecticut;;0.0;0.0;3.0;0;0.0;-0.25;0 - 0;0-0;3.25;1.25;-;nan;;;;;;;;;;;;;;;;0.0;0.0;0.0;0.0;;;0.0;0.0;0.0;0.0;;[];[];[];[];[];[];[];[];1.0;0.0;0.0;1.0;0.0;0.0;;;;;;;
2026-05-16;194586840;USA USL League Two;USA;20:00;Schedule;False;-0.5963413930405679;2.0;3.0, 3.5;1.8;3.0, 3.5;0.0;0.0;;0.0;0.0;0.0;0.0;0.0;;Weston FC;;0.0;0.0;6.5;0;0.0;0 - 0;4.75;Fort Lauderdale Utd;;0.0;0.0;1.333;0;0.0;+1.5;0 - 0;0-0;3.25;1.25;-;nan;;;;;;;;;;;;;;;;0.0;0.0;0.0;0.0;;;0.0;0.0;0.0;0.0;;[];[];[];[];[];[];[];[];1.0;0.0;0.0;1.0;0.0;0.0;;;;;;;
2026-05-16;194586848;USA USL Cup;USA;20:00;Schedule;False;-0.28239584230625664;2.025;2.5;1.775;2.5;0.0;0.0;;0.0;0.0;0.0;0.0;0.0;;One Knoxville SC;;0.0;0.0;3.8;0;0.0;0 - 0;3.3;San Antonio FC;;0.0;0.0;1.833;0;0.0;+0.5;0 - 0;0-0;2.5;1.0;-;nan;;;;;;;;;;;;;;;;0.0;0.0;0.0;0.0;;;0.0;0.0;0.0;0.0;;[];[];[];[];[];[];[];[];1.0;0.0;0.0;1.0;0.0;0.0;874807.0;250005.0;one knoxville sc;san antonio fc;;;
2026-05-16;194590808;Brazil Catarinense 2;Brazil;20:00;Schedule;False;0.27888707037643207;1.775;2.0;2.025;2.0;0.0;0.0;;0.0;0.0;0.0;0.0;0.0;;Fluminense SC;;0.0;0.0;1.833;0;0.0;0 - 0;3.2;Nacao Araquari;;0.0;0.0;3.75;0;0.0;-0.5;0 - 0;0-0;2.0;0.75;-;nan;;;;;;;;;;;;;;;;0.0;0.0;0.0;0.0;;;0.0;0.0;0.0;0.0;;[];[];[];[];[];[];[];[];1.0;0.0;0.0;1.0;0.0;0.0;;;;;;;
2026-05-16;193719802;USA MLS;USA;20:30;Schedule;False;0.15360983102918585;2.025;3.0, 3.5;1.775;3.0, 3.5;0.0;0.0;;0.0;0.0;0.0;0.0;0.0;;Orlando City;;0.0;0.0;2.1;0;0.0;0 - 0;3.6;Atlanta Utd;;0.0;0.0;3.1;0;0.0;-0.25;0 - 0;0-0;3.25;1.25;-;nan;;;;;;;;;;;;;;;;0.0;0.0;0.0;0.0;;;0.0;0.0;0.0;0.0;;[];[];[];[];[];[];[];[];1.0;0.0;0.0;1.0;0.0;0.0;52237.0;305920.0;orlando city sc;atlanta united fc;1.44;1.44;
2026-05-16;193719790;USA MLS;USA;20:30;Schedule;False;0.3055555555555556;1.875;2.5, 3.0;1.925;2.5, 3.0;0.0;0.0;;0.0;0.0;0.0;0.0;0.0;;Charlotte FC;;0.0;0.0;1.8;0;0.0;0 - 0;3.8;Toronto FC;;0.0;0.0;4.0;0;0.0;-0.75;0 - 0;0-0;2.75;1.25;-;nan;;;;;;;;;;;;;;;;0.0;0.0;0.0;0.0;;;0.0;0.0;0.0;0.0;;[];[];[];[];[];[];[];[];1.0;0.0;0.0;1.0;0.0;0.0;863473.0;7080.0;charlotte fc;toronto fc;1.61;1.61;
2026-05-16;194621045;Uruguay Primera Division Amateur;Uruguay;20:30;Schedule;False;;;2.0;;2.0;0.0;0.0;;0.0;0.0;0.0;0.0;0.0;;Basanez;;0.0;0.0;;0;0.0;0 - 0;;Canadian SC;;0.0;0.0;;0;0.0;0.0;0 - 0;0-0;2.0;0.75;-;nan;;;;;;;;;;;;;;;;0.0;0.0;0.0;0.0;;;0.0;0.0;0.0;0.0;;[];[];[];[];[];[];[];[];1.0;0.0;0.0;1.0;0.0;0.0;;;;;;;
2026-05-16;194586850;USA USL Cup;USA;20:30;Schedule;False;-0.25983945132881303;1.85;2.5;1.95;2.5;0.0;0.0;;0.0;0.0;0.0;0.0;0.0;;Fort Wayne FC;;0.0;0.0;3.5;0;0.0;0 - 0;3.5;Indy Eleven;;0.0;0.0;1.833;0;0.0;+0.5;0 - 0;0-0;2.5;1.0;-;nan;;;;;;;;;;;;;;;;0.0;0.0;0.0;0.0;;;0.0;0.0;0.0;0.0;;[];[];[];[];[];[];[];[];1.0;0.0;0.0;1.0;0.0;0.0;;148992.0;;indy eleven;;;
2026-05-16;193719805;USA MLS;USA;20:30;Schedule;False;0.08995502248875564;1.925;2.5, 3.0;1.875;2.5, 3.0;0.0;0.0;;0.0;0.0;0.0;0.0;0.0;;Philadelphia;;0.0;0.0;2.3;0;0.0;0 - 0;3.5;Columbus Crew;;0.0;0.0;2.9;0;0.0;-0.25;0 - 0;0-0;2.75;1.25;-;nan;;;;;;;;;;;;;;;;0.0;0.0;0.0;0.0;;;0.0;0.0;0.0;0.0;;[];[];[];[];[];[];[];[];1.0;0.0;0.0;1.0;0.0;0.0;39833.0;2504.0;philadelphia union;columbus crew;1.57;1.57;
2026-05-16;193719799;USA MLS;USA;20:30;Schedule;False;-0.00816326530612238;1.9;3.0;1.9;3.0;0.0;0.0;;0.0;0.0;0.0;0.0;0.0;;NY Red Bulls;;0.0;0.0;2.5;0;0.0;0 - 0;3.7;New York City;;0.0;0.0;2.45;0;0.0;0.0;0 - 0;0-0;3.0;1.25;-;nan;;;;;;;;;;;;;;;;0.0;0.0;0.0;0.0;;;0.0;0.0;0.0;0.0;;[];[];[];[];[];[];[];[];1.0;0.0;0.0;1.0;0.0;0.0;2506.0;167510.0;new york red bulls;new york city fc;1.53;1.53;
2026-05-16;193719796;USA MLS;USA;20:30;Schedule;False;0.15261627906976744;1.95;2.5, 3.0;1.85;2.5, 3.0;0.0;0.0;;0.0;0.0;0.0;0.0;0.0;;New England;;0.0;0.0;2.15;0;0.0;0 - 0;3.5;Minnesota Utd;;0.0;0.0;3.2;0;0.0;-0.25;0 - 0;0-0;2.75;1.0;-;nan;;;;;;;;;;;;;;;;0.0;0.0;0.0;0.0;;;0.0;0.0;0.0;0.0;;[];[];[];[];[];[];[];[];1.0;0.0;0.0;1.0;0.0;0.0;2511.0;41618.0;new england revolution;minnesota united fc;1.66;1.66;
2026-05-16;193719794;USA MLS;USA;20:30;Schedule;False;0.07763975155279507;2.0;2.5, 3.0;1.8;2.5, 3.0;0.0;0.0;;0.0;0.0;0.0;0.0;0.0;;DC United;;0.0;0.0;2.3;0;0.0;0 - 0;3.4;St. Louis City SC;;0.0;0.0;2.8;0;0.0;-0.25;0 - 0;0-0;2.75;1.0;-;nan;;;;;;;;;;;;;;;;0.0;0.0;0.0;0.0;;;0.0;0.0;0.0;0.0;;[];[];[];[];[];[];[];[];1.0;0.0;0.0;1.0;0.0;0.0;2502.0;874725.0;dc united;saint louis city sc;1.7;1.7;
2026-05-16;193711513;Brazil Serie B;Brazil;20:30;Schedule;False;0.11363636363636365;2.05;2.0;1.75;2.0;0.0;0.0;;0.0;0.0;0.0;0.0;0.0;;Cuiaba;;0.0;0.0;2.4;0;0.0;0 - 0;2.875;Novorizontino;;0.0;0.0;3.3;0;0.0;-0.25;0 - 0;0-0;1.75;0.75;-;nan;;;;;;;;;;;;;;;;0.0;0.0;0.0;0.0;;;0.0;0.0;0.0;0.0;;[];[];[];[];[];[];[];[];1.0;0.0;0.0;1.0;0.0;0.0;49202.0;135514.0;cuiaba ec mt;gremio novorizontino sp;2.2;2.2;Youth
2026-05-16;194584247;Bolivia Primera Division;Bolivia;20:30;Schedule;False;0.5714285714285714;1.875;3.0, 3.5;1.925;3.0, 3.5;0.0;0.0;;0.0;0.0;0.0;0.0;0.0;;Blooming;;0.0;0.0;1.4;0;0.0;0 - 0;4.5;GV San Jose;;0.0;0.0;7.0;0;0.0;-1.25;0 - 0;0-0;3.25;1.25;-;nan;;;;;;;;;;;;;;;;0.0;0.0;0.0;0.0;;;0.0;0.0;0.0;0.0;;[];[];[];[];[];[];[];[];1.0;0.0;0.0;1.0;0.0;0.0;6968.0;1015661.0;blooming santa cruz;gv club deportivo san jose de oruro;;;
2026-05-16;194537671;USA MLS Next Pro League;USA;21:00;Schedule;False;0.05982905982905984;1.95;3.0;1.85;3.0;0.0;0.0;;0.0;0.0;0.0;0.0;0.0;;Minnesota United FC II;;0.0;0.0;2.25;0;0.0;0 - 0;3.6;Houston Dynamo II;;0.0;0.0;2.6;0;0.0;0.0;0 - 0;0-0;2.75;1.25;-;nan;;;;;;;;;;;;;;;;0.0;0.0;0.0;0.0;;;0.0;0.0;0.0;0.0;;[];[];[];[];[];[];[];[];1.0;0.0;0.0;1.0;0.0;0.0;;2508.0;;houston dynamo;;;Youth
2026-05-16;194599585;New Zealand Southern League;New Zealand;21:00;Schedule;False;-0.4444444444444444;1.9;3.5;1.9;3.5;0.0;0.0;;0.0;0.0;0.0;0.0;0.0;;Coastal Spirit;;0.0;0.0;4.5;0;0.0;0 - 0;4.333;Cashmere Technical;;0.0;0.0;1.5;0;0.0;+1.5;0 - 0;0-0;3.5;1.5;-;nan;;;;;;;;;;;;;;;;0.0;0.0;0.0;0.0;;;0.0;0.0;0.0;0.0;;[];[];[];[];[];[];[];[];1.0;0.0;0.0;1.0;0.0;0.0;;;;;;;
2026-05-16;194645061;Curacao League;Curacao;21:00;Schedule;False;;;2.5;;2.5;0.0;0.0;;0.0;0.0;0.0;0.0;0.0;;Scherpenheuvel;;0.0;0.0;;0;0.0;0 - 0;;Jong Holland;;0.0;0.0;;0;0.0;0.0;0 - 0;0-0;2.5;1.0;-;nan;;;;;;;;;;;;;;;;0.0;0.0;0.0;0.0;;;0.0;0.0;0.0;0.0;;[];[];[];[];[];[];[];[];1.0;0.0;0.0;1.0;0.0;0.0;;;;;;;
2026-05-16;194588914;Guatemala Liga Nacional;Guatemala;21:00;Schedule;False;0.4144736842105263;1.8;2.0, 2.5;2.0;2.0, 2.5;0.0;0.0;;0.0;0.0;0.0;0.0;0.0;;CSD Municipal;;0.0;0.0;1.6;0;0.0;0 - 0;3.6;Xelaju;;0.0;0.0;4.75;0;0.0;-1.0;0 - 0;0-0;2.25;nan;-;nan;;;;;;;;;;;;;;;;0.0;0.0;0.0;0.0;;;0.0;0.0;0.0;0.0;;[];[];[];[];[];[];[];[];1.0;0.0;0.0;1.0;0.0;0.0;;;;;;;
2026-05-16;193711622;Ecuador LigaPro Serie A;Ecuador;21:00;Schedule;False;0.2496626180836708;1.825;2.0, 2.5;1.975;2.0, 2.5;0.0;0.0;;0.0;0.0;0.0;0.0;0.0;;Barcelona Guayaquil;;0.0;0.0;1.95;0;0.0;0 - 0;3.3;SD Aucas;;0.0;0.0;3.8;0;0.0;-0.25;0 - 0;0-0;2.25;1.0;-;nan;;;;;;;;;;;;;;;;0.0;0.0;0.0;0.0;;;0.0;0.0;0.0;0.0;;[];[];[];[];[];[];[];[];1.0;0.0;0.0;1.0;0.0;0.0;5250.0;5249.0;barcelona sc;sd aucas;1.9;1.83;
2026-05-16;193193643;Chile Liga de Primera;Chile;21:00;Schedule;False;-0.01904761904761909;1.875;2.5, 3.0;1.925;2.5, 3.0;0.0;0.0;;0.0;0.0;0.0;0.0;0.0;;Deportes Limache;;0.0;0.0;2.625;0;0.0;0 - 0;3.4;Universidad Catolica;;0.0;0.0;2.5;0;0.0;0.0;0 - 0;0-0;2.75;1.25;-;nan;;;;;;;;;;;;;;;;0.0;0.0;0.0;0.0;;;0.0;0.0;0.0;0.0;;[];[];[];[];[];[];[];[];1.0;0.0;0.0;1.0;0.0;0.0;434002.0;3151.0;deportes limache;cd universidad catolica;1.61;1.57;
2026-05-16;193710982;Brazil Serie A;Brazil;21:00;Schedule;False;0.38823529411764707;1.85;2.0, 2.5;2.0;2.0, 2.5;0.0;0.0;;0.0;0.0;0.0;0.0;0.0;;Palmeiras;1.0;0.0;0.0;1.7;0;0.0;0 - 0;3.75;Cruzeiro;11.0;0.0;0.0;5.0;0;0.0;-0.75;0 - 0;0-0;2.25;1.0;-;nan;;;;;;;;;;;;;;;;0.0;0.0;0.0;0.0;;;0.0;0.0;0.0;0.0;;[];[];[];[];[];[];[];[];1.0;0.0;0.0;1.0;0.0;0.0;1963.0;1954.0;se palmeiras sp;cruzeiro ec mg;1.95;2.0;
2026-05-16;194586855;USA USL Cup;USA;21:00;Schedule;False;0.06189555125725338;1.9;2.0, 2.5;1.9;2.0, 2.5;0.0;0.0;;0.0;0.0;0.0;0.0;0.0;;Oakland Roots;;0.0;0.0;2.35;0;0.0;0 - 0;3.1;Sacramento Republic;;0.0;0.0;2.75;0;0.0;0.0;0 - 0;0-0;2.25;1.0;-;nan;;;;;;;;;;;;;;;;0.0;0.0;0.0;0.0;;;0.0;0.0;0.0;0.0;;[];[];[];[];[];[];[];[];1.0;0.0;0.0;1.0;0.0;0.0;598758.0;153498.0;oakland roots sc;sacramento republic fc;;;
2026-05-16;194537679;USA MLS Next Pro League;USA;21:00;Schedule;False;0.15517241379310343;1.85;3.0;1.95;3.0;0.0;0.0;;0.0;0.0;0.0;0.0;0.0;;Huntsville City;;0.0;0.0;2.0;0;0.0;0 - 0;3.7;Atlanta United II;;0.0;0.0;2.9;0;0.0;-0.25;0 - 0;0-0;3.0;1.25;-;nan;;;;;;;;;;;;;;;;0.0;0.0;0.0;0.0;;;0.0;0.0;0.0;0.0;;[];[];[];[];[];[];[];[];1.0;0.0;0.0;1.0;0.0;0.0;;;;;;;Youth
2026-05-16;193719810;USA MLS;USA;21:30;Schedule;False;-0.2485380116959064;2.025;3.0;1.775;3.0;0.0;0.0;;0.0;0.0;0.0;0.0;0.0;;Houston Dynamo;;0.0;0.0;3.6;0;0.0;0 - 0;3.8;Vancouver Whitecaps;;0.0;0.0;1.9;0;0.0;+0.5;0 - 0;0-0;2.75;1.25;-;nan;;;;;;;;;;;;;;;;0.0;0.0;0.0;0.0;;;0.0;0.0;0.0;0.0;;[];[];[];[];[];[];[];[];1.0;0.0;0.0;1.0;0.0;0.0;2508.0;22010.0;houston dynamo;vancouver whitecaps fc;1.5;1.57;
2026-05-16;194586868;USA USL Cup;USA;21:30;Schedule;False;-0.3498800239952009;1.825;2.5;1.975;2.5;0.0;0.0;;0.0;0.0;0.0;0.0;0.0;;Corpus Christi FC;;0.0;0.0;4.0;0;0.0;0 - 0;3.75;Tulsa;;0.0;0.0;1.667;0;0.0;+0.75;0 - 0;0-0;2.5;1.0;-;nan;;;;;;;;;;;;;;;;0.0;0.0;0.0;0.0;;;0.0;0.0;0.0;0.0;;[];[];[];[];[];[];[];[];1.0;0.0;0.0;1.0;0.0;0.0;;206015.0;;fc tulsa;;;
2026-05-16;193719807;USA MLS;USA;21:30;Schedule;False;0.4848484848484848;1.975;3.0, 3.5;1.825;3.0, 3.5;0.0;0.0;;0.0;0.0;0.0;0.0;0.0;;Austin FC;;0.0;0.0;1.5;0;0.0;0 - 0;4.5;Kansas City;;0.0;0.0;5.5;0;0.0;-1.0;0 - 0;0-0;3.0;1.25;-;nan;;;;;;;;;;;;;;;;0.0;0.0;0.0;0.0;;;0.0;0.0;0.0;0.0;;[];[];[];[];[];[];[];[];1.0;0.0;0.0;1.0;0.0;0.0;772256.0;2509.0;austin fc;sporting kansas city;1.61;1.57;
2026-05-16;194537692;USA MLS Next Pro League;USA;21:30;Schedule;False;0.22804054054054046;1.825;3.0;1.975;3.0;0.0;0.0;;0.0;0.0;0.0;0.0;0.0;;North Texas SC;;0.0;0.0;1.85;0;0.0;0 - 0;3.75;Sporting Kansas City II;;0.0;0.0;3.2;0;0.0;-0.5;0 - 0;0-0;3.25;1.25;-;nan;;;;;;;;;;;;;;;;0.0;0.0;0.0;0.0;;;0.0;0.0;0.0;0.0;;[];[];[];[];[];[];[];[];1.0;0.0;0.0;1.0;0.0;0.0;;;;;;;Youth
2026-05-16;194586812;USA USL Super League Women;USA;21:30;Schedule;False;0.6073304040295788;1.925;2.5, 3.0;1.875;2.5, 3.0;0.0;0.0;;0.0;0.0;0.0;0.0;0.0;;Dallas Trinity (W);4.0;0.0;0.0;1.333;0;0.0;0 - 0;4.333;Fort Lauderdale Utd (W);8.0;0.0;0.0;7.0;0;0.0;-1.25;0 - 0;0-0;2.75;1.25;-;nan;;;;;;;;;;;;;;;;0.0;0.0;0.0;0.0;;;0.0;0.0;0.0;0.0;;[];[];[];[];[];[];[];[];1.0;0.0;0.0;1.0;0.0;0.0;1166961.0;1166965.0;dallas trinity fc;fort lauderdale united fc;;;Women
2026-05-16;194655326;Aruba Division Di Honor;Aruba;21:30;Schedule;False;;;3.5;;3.5;0.0;0.0;;0.0;0.0;0.0;0.0;0.0;;SV Dakota;;0.0;0.0;;0;0.0;0 - 0;;SV Sporting Aruba;;0.0;0.0;;0;0.0;-1.75;0 - 0;0-0;3.5;1.5;-;nan;;;;;;;;;;;;;;;;0.0;0.0;0.0;0.0;;;0.0;0.0;0.0;0.0;;[];[];[];[];[];[];[];[];1.0;0.0;0.0;1.0;0.0;0.0;;;;;;;
2026-05-16;194599573;New Zealand Central League;New Zealand;21:30;Schedule;False;-0.28520499108734404;1.975;3.5, 4.0;1.825;3.5, 4.0;0.0;0.0;;0.0;0.0;0.0;0.0;0.0;;FC Western;;0.0;0.0;3.3;0;0.0;0 - 0;4.5;Upper Hutt City;;0.0;0.0;1.7;0;0.0;+0.75;0 - 0;0-0;3.75;1.5;-;nan;;;;;;;;;;;;;;;;0.0;0.0;0.0;0.0;;;0.0;0.0;0.0;0.0;;[];[];[];[];[];[];[];[];1.0;0.0;0.0;1.0;0.0;0.0;;;;;;;
2026-05-16;194538185;USA NWSL Women;USA;21:45;Schedule;False;-0.012889366272824943;1.875;2.5;1.925;2.5;0.0;0.0;;0.0;0.0;0.0;0.0;0.0;;Denver Summit FC (W);;0.0;0.0;2.45;0;0.0;0 - 0;3.5;Orlando Pride (W);;0.0;0.0;2.375;0;0.0;0.0;0 - 0;0-0;2.75;1.25;-;nan;;;;;;;;;;;;;;;;0.0;0.0;0.0;0.0;;;0.0;0.0;0.0;0.0;;[];[];[];[];[];[];[];[];1.0;0.0;0.0;1.0;0.0;0.0;1319038.0;245093.0;denver summit fc;orlando pride;;;Women
2026-05-16;194642131;Nicaragua Clausura;Nicaragua;22:00;Schedule;False;0.12028869286287086;1.975;2.5;1.825;2.5;0.0;0.0;;0.0;0.0;0.0;0.0;0.0;;Diriangen;;0.0;0.0;2.15;0;0.0;0 - 0;3.25;Real Esteli;;0.0;0.0;2.9;0;0.0;0.0;0 - 0;0-0;2.5;1.0;-;nan;;;;;;;;;;;;;;;;0.0;0.0;0.0;0.0;;;0.0;0.0;0.0;0.0;;[];[];[];[];[];[];[];[];1.0;0.0;0.0;1.0;0.0;0.0;;;;;;;
2026-05-16;194588917;Guatemala Primera Division;Guatemala;22:00;Schedule;False;;;2.25;;2.25;0.0;0.0;;0.0;0.0;0.0;0.0;0.0;;Suchitepequez;;0.0;0.0;;0;0.0;0 - 0;;Deportivo San Pedro;;0.0;0.0;;0;0.0;-0.75;0 - 0;0-0;2.25;1.0;-;nan;;;;;;;;;;;;;;;;0.0;0.0;0.0;0.0;;;0.0;0.0;0.0;0.0;;[];[];[];[];[];[];[];[];1.0;0.0;0.0;1.0;0.0;0.0;;;;;;;
2026-05-16;194586891;USA USL Cup;USA;22:00;Schedule;False;0.04262574595055413;1.975;2.5, 3.0;1.825;2.5, 3.0;0.0;0.0;;0.0;0.0;0.0;0.0;0.0;;AC Boise;;0.0;0.0;2.3;0;0.0;0 - 0;3.4;Monterey Bay FC;;0.0;0.0;2.55;0;0.0;0.0;0 - 0;0-0;2.75;1.0;-;nan;;;;;;;;;;;;;;;;0.0;0.0;0.0;0.0;;;0.0;0.0;0.0;0.0;;[];[];[];[];[];[];[];[];1.0;0.0;0.0;1.0;0.0;0.0;;868669.0;;monterey bay fc;;;
2026-05-16;194651699;El Salvador Clausura;El Salvador;22:00;Schedule;False;0.21870286576168935;1.8;2.0, 2.5;2.0;2.0, 2.5;0.0;0.0;;0.0;0.0;0.0;0.0;0.0;;CD Luis Angel Firpo;2.0;0.0;0.0;1.95;0;0.0;0 - 0;3.25;CD Aguila;6.0;0.0;0.0;3.4;0;0.0;-0.25;0 - 0;0-0;2.25;1.0;-;nan;;;;;;;;;;;;;;;;0.0;0.0;0.0;0.0;;;0.0;0.0;0.0;0.0;;[];[];[];[];[];[];[];[];1.0;0.0;0.0;1.0;0.0;0.0;;;;;;;
2026-05-16;194091279;Mexico Liga de Expansion;Mexico;22:00;Schedule;False;0.29552880585956004;1.95;2.0, 2.5;1.85;2.0, 2.5;0.0;0.0;;0.0;0.0;0.0;0.0;0.0;;Tepatitlan de Morelos;;0.0;0.0;1.9;0;0.0;0 - 0;3.3;Jaiba Brava;;0.0;0.0;4.333;0;0.0;-0.5;0 - 0;0-0;2.25;1.0;-;nan;;;;;;;;;;;;;;;;0.0;0.0;0.0;0.0;;;0.0;0.0;0.0;0.0;;[];[];[];[];[];[];[];[];1.0;0.0;0.0;1.0;0.0;0.0;;;;;;;
2026-05-16;194592033;Australia Northern NSW Reserves League;Australia;22:00;Schedule;False;0.0;1.85;3.5;1.95;3.5;0.0;0.0;;0.0;0.0;0.0;0.0;0.0;;Broadmeadow Magic Reserves;;0.0;0.0;2.25;0;0.0;0 - 0;4.2;Edgeworth Eagles Reserves;;0.0;0.0;2.25;0;0.0;0.0;0 - 0;0-0;3.5;1.5;-;nan;;;;;;;;;;;;;;;;0.0;0.0;0.0;0.0;;;0.0;0.0;0.0;0.0;;[];[];[];[];[];[];[];[];1.0;0.0;0.0;1.0;0.0;0.0;;;;;;;Youth
2026-05-16;194586881;USA USL Cup;USA;22:00;Schedule;False;0.22971682124919107;1.95;2.5, 3.0;1.85;2.5, 3.0;0.0;0.0;;0.0;0.0;0.0;0.0;0.0;;Colorado Switchbacks FC;;0.0;0.0;1.909;0;0.0;0 - 0;3.4;New Mexico United;;0.0;0.0;3.4;0;0.0;-0.5;0 - 0;0-0;2.75;1.0;-;nan;;;;;;;;;;;;;;;;0.0;0.0;0.0;0.0;;;0.0;0.0;0.0;0.0;;[];[];[];[];[];[];[];[];1.0;0.0;0.0;1.0;0.0;0.0;206017.0;545601.0;colorado springs switchbacks fc;new mexico united;;;
2026-05-16;194528317;Mexico Liga MX;Mexico;22:07;Schedule;False;0.13194444444444442;1.85;2.5;1.95;2.5;0.0;0.0;;0.0;0.0;0.0;0.0;0.0;;Chivas Guadalajara;;0.0;0.0;2.25;0;0.0;0 - 0;3.4;Cruz Azul;;0.0;0.0;3.2;0;0.0;-0.25;0 - 0;0-0;2.5;1.0;-;nan;;;;;;;;;;;;;;;;0.0;0.0;0.0;0.0;;;0.0;0.0;0.0;0.0;;[];[];[];[];[];[];[];[];1.0;0.0;0.0;1.0;0.0;0.0;1938.0;1947.0;cd guadalajara;cf cruz azul;1.7;1.66;
2026-05-16;193719813;USA MLS;USA;22:15;Schedule;False;0.4191950464396285;1.85;3.0;1.95;3.0;0.0;0.0;;0.0;0.0;0.0;0.0;0.0;;Seattle Sounders;;0.0;0.0;1.615;0;0.0;0 - 0;4.0;LA Galaxy;;0.0;0.0;5.0;0;0.0;-1.0;0 - 0;0-0;3.0;1.25;-;nan;;;;;;;;;;;;;;;;0.0;0.0;0.0;0.0;;;0.0;0.0;0.0;0.0;;[];[];[];[];[];[];[];[];1.0;0.0;0.0;1.0;0.0;0.0;22009.0;2513.0;seattle sounders;los angeles galaxy;1.61;1.57;
2026-05-16;193719818;USA MLS;USA;22:30;Schedule;False;0.24060150375939848;1.85;3.5;1.95;3.5;0.0;0.0;;0.0;0.0;0.0;0.0;0.0;;San Diego FC;;0.0;0.0;1.9;0;0.0;0 - 0;4.0;FC Cincinnati;;0.0;0.0;3.5;0;0.0;-0.5;0 - 0;0-0;3.5;1.5;-;nan;;;;;;;;;;;;;;;;0.0;0.0;0.0;0.0;;;0.0;0.0;0.0;0.0;;[];[];[];[];[];[];[];[];1.0;0.0;0.0;1.0;0.0;0.0;1217911.0;245305.0;san diego fc;fc cincinnati;1.4;1.33;
2026-05-16;193719816;USA MLS;USA;22:30;Schedule;False;0.3969728242174063;1.95;3.0, 3.5;1.85;3.0, 3.5;0.0;0.0;;0.0;0.0;0.0;0.0;0.0;;Real Salt Lake;;0.0;0.0;1.615;0;0.0;0 - 0;4.2;Colorado Rapids;;0.0;0.0;4.5;0;0.0;-0.75;0 - 0;0-0;3.25;1.25;-;nan;;;;;;;;;;;;;;;;0.0;0.0;0.0;0.0;;;0.0;0.0;0.0;0.0;;[];[];[];[];[];[];[];[];1.0;0.0;0.0;1.0;0.0;0.0;5133.0;2510.0;real salt lake;colorado rapids;1.5;1.5;
2026-05-16;193715880;Peru Liga 1;Peru;22:30;Schedule;False;0.09219858156028371;1.9;2.5;1.9;2.5;0.0;0.0;;0.0;0.0;0.0;0.0;0.0;;Sport Boys;;0.0;0.0;2.35;0;0.0;0 - 0;3.3;Cusco FC;;0.0;0.0;3.0;0;0.0;-0.25;0 - 0;0-0;2.5;1.0;-;nan;;;;;;;;;;;;;;;;0.0;0.0;0.0;0.0;;;0.0;0.0;0.0;0.0;;[];[];[];[];[];[];[];[];1.0;0.0;0.0;1.0;0.0;0.0;2312.0;63760.0;sport boys association;cusco fc;1.8;1.66;
2026-05-16;194639880;Colombia Primera A;Colombia;22:30;Schedule;False;0.29555373704309873;1.925;2.5;1.875;2.5;0.0;0.0;;0.0;0.0;0.0;0.0;0.0;;Independiente Santa Fe;;0.0;0.0;1.833;0;0.0;0 - 0;3.4;Junior;;0.0;0.0;4.0;0;0.0;-0.5;0 - 0;0-0;2.5;1.0;-;nan;;;;;;;;;;;;;;;;0.0;0.0;0.0;0.0;;;0.0;0.0;0.0;0.0;;[];[];[];[];[];[];[];[];1.0;0.0;0.0;1.0;0.0;0.0;6116.0;6105.0;independiente santa fe;cd junior fc;;;
2026-05-16;194592139;Panama LPF;Panama;22:30;Schedule;False;0.016006402561024313;1.8;2.0, 2.5;2.0;2.0, 2.5;0.0;0.0;;0.0;0.0;0.0;0.0;0.0;;Veraguas United;;0.0;0.0;2.45;0;0.0;0 - 0;3.1;Alianza FC Panama;;0.0;0.0;2.55;0;0.0;0.0;0 - 0;0-0;2.25;1.0;-;nan;;;;;;;;;;;;;;;;0.0;0.0;0.0;0.0;;;0.0;0.0;0.0;0.0;;[];[];[];[];[];[];[];[];1.0;0.0;0.0;1.0;0.0;0.0;;;;;;;
2026-05-16;194595737;Costa Rica Primera Division;Costa Rica;23:00;Schedule;False;0.15360983102918585;1.775;2.0, 2.5;2.025;2.0, 2.5;0.0;0.0;;0.0;0.0;0.0;0.0;0.0;;Herediano;5.0;0.0;0.0;2.1;0;0.0;0 - 0;3.1;Deportivo Saprissa;2.0;0.0;0.0;3.1;0;0.0;-0.25;0 - 0;0-0;2.25;1.0;-;nan;;;;;;;;;;;;;;;;0.0;0.0;0.0;0.0;;;0.0;0.0;0.0;0.0;;[];[];[];[];[];[];[];[];1.0;0.0;0.0;1.0;0.0;0.0;7045.0;6574.0;cs herediano;deportivo saprissa san jose;;;
2026-05-16;194586895;USA USL Cup;USA;23:00;Schedule;False;0.19696969696969696;1.9;2.5;1.9;2.5;0.0;0.0;;0.0;0.0;0.0;0.0;0.0;;Phoenix Rising FC;;0.0;0.0;2.0;0;0.0;0 - 0;3.25;Orange County SC;;0.0;0.0;3.3;0;0.0;-0.25;0 - 0;0-0;2.5;1.0;-;nan;;;;;;;;;;;;;;;;0.0;0.0;0.0;0.0;;;0.0;0.0;0.0;0.0;;[];[];[];[];[];[];[];[];1.0;0.0;0.0;1.0;0.0;0.0;154018.0;235850.0;phoenix rising fc;orange county sc;;;
2026-05-16;194537702;USA MLS Next Pro League;USA;23:00;Schedule;False;0.21862348178137647;1.975;3.0, 3.5;1.825;3.0, 3.5;0.0;0.0;;0.0;0.0;0.0;0.0;0.0;;Los Angeles FC II;;0.0;0.0;1.9;0;0.0;0 - 0;3.75;Ventura County FC;;0.0;0.0;3.25;0;0.0;-0.5;0 - 0;0-0;3.25;1.25;-;nan;;;;;;;;;;;;;;;;0.0;0.0;0.0;0.0;;;0.0;0.0;0.0;0.0;;[];[];[];[];[];[];[];[];1.0;0.0;0.0;1.0;0.0;0.0;;;;;;;Youth
2026-05-16;193719823;USA MLS;USA;23:30;Schedule;False;0.27888707037643207;1.9;3.0, 3.5;1.9;3.0, 3.5;0.0;0.0;;0.0;0.0;0.0;0.0;0.0;;San Jose;;0.0;0.0;1.833;0;0.0;0 - 0;4.1;FC Dallas;;0.0;0.0;3.75;0;0.0;-0.5;0 - 0;0-0;3.25;1.25;-;nan;;;;;;;;;;;;;;;;0.0;0.0;0.0;0.0;;;0.0;0.0;0.0;0.0;;[];[];[];[];[];[];[];[];1.0;0.0;0.0;1.0;0.0;0.0;21825.0;2512.0;san jose earthquakes;fc dallas;1.53;1.44;
2026-05-16;194588352;Australia Capital Territory U23 League;Australia;23:45;Schedule;False;-0.898141324817817;2.0;4.0, 4.5;1.8;4.0, 4.5;0.0;0.0;;0.0;0.0;0.0;0.0;0.0;;Canberra White Eagles U23;;0.0;0.0;23.0;0;0.0;0 - 0;12.0;Canberra Juventus U23;;0.0;0.0;1.062;0;0.0;+3.25;0 - 0;0-0;3.75;1.5;-;nan;;;;;;;;;;;;;;;;0.0;0.0;0.0;0.0;;;0.0;0.0;0.0;0.0;;[];[];[];[];[];[];[];[];1.0;0.0;0.0;1.0;0.0;0.0;;;;;;;Youth
