Date;Match ID;League;country;Time;Status;Stats;Diff_Prob;OddAsianOverGoals_FT;AsianOverGoals_FT;OddAsianUnderGoals_FT;AsianUnderGoals_FT;corners_home;corners_away;corners_FT;corners_home_HT;corners_away_HT;Corners_HT;attack_FT;dangerous_attack_FT;possession_FT;Home;Home Pos;Home Red Cards;Home Yellow Cards;Odd_H_FT;Goals_H_HT;Goals_H_FT;Score;Odd_D_FT;Away;Away Pos;Away Red Cards;Away Yellow Cards;Odd_A_FT;Goals_A_HT;Goals_A_FT;Handicap;Corners (FT);Corners (HT);Total Goals Line (FT);Total Goals Line (HT);Dangerous Attacks (FT);Dangerous Attacks (HT);half_dangerous_attack_away;half_dangerous_attack_home;half_possession_away;half_possession_home;half_shoot_off_target_away;half_shoot_off_target_home;half_shoot_on_target_away;half_shoot_on_target_home;odds_lose_odds;odds_win_odds;odds_draw_odds;handicap_goal_over_line;handicap_goal_over_odds;handicap_goal_under_odds;handicap_goal_under_line;attack_away;attack_home;dangerous_attack_away;dangerous_attack_home;possession_away;possession_home;shoot_off_target_away;shoot_off_target_home;shoot_on_target_away;shoot_on_target_home;GoalMinutes;goal_minutes_real;goal_periods;is_extra_time;goal_scorers;goal_diff_before_list;goal_diff_after_list;period_result_before_list;period_result_after_list;pct_time_drawing;pct_time_home_winning;pct_time_away_winning;pct_time_drawing_HT;pct_time_home_winning_HT;pct_time_away_winning_HT;api_H_id;api_A_id;api_H_name;api_A_name;odd_yes_abertura;odd_yes_fechamento;category
2026-05-15;194593636;Mexico Liga MX Femenil;Mexico;00:10;Full;True;-0.23751023751023742;1.8;3.0;2.0;3.0;3.0;5.0;;1.0;3.0;4.0;77.0;84.0;100.0;Monterrey (W);;0.0;2.0;3.3;1;1.0;1 - 0;3.5;Club America (W);;0.0;2.0;1.85;0;0.0;+0.5;3 - 5;1-3;3.0;1.25;37 - 47;23 - 25;25.0;23.0;55.0;45.0;2.0;2.0;0.0;3.0;;;;;;;;43.0;34.0;47.0;37.0;60.0;40.0;2.0;2.0;0.0;6.0;;[25];[1];[False];['Monterrey (W)'];[0];[1];['D'];['H'];0.28;0.72;0.0;0.56;0.44;0.0;334061.0;340986.0;cf monterrey;club america;1.5;1.5;Women
2026-05-15;194532337;New Zealand Northern League;New Zealand;04:00;Full;True;-0.4791288566243195;1.8;3.0;2.0;3.0;4.0;10.0;;3.0;3.0;6.0;225.0;148.0;100.0;Auckland FC Reserves;;0.0;2.0;4.75;1;1.0;1 - 3;4.75;Auckland City;;0.0;3.0;1.45;0;3.0;+1.25;4 - 10;3-3;3.0;1.25;48 - 100;24 - 41;41.0;24.0;60.0;40.0;3.0;1.0;1.0;3.0;;;;;;;;129.0;96.0;100.0;48.0;60.0;40.0;5.0;2.0;9.0;5.0;;[33 61 70 83];[1 2 2 2];[False False False False];['Auckland FC Reserves' 'Auckland City' 'Auckland City' 'Auckland City'];[ 0  1  0 -1];[ 1  0 -1 -2];['D' 'H' 'D' 'A'];['H' 'D' 'A' 'A'];0.47;0.31;0.22;0.73;0.27;0.0;;;;;;;Youth
2026-05-15;194636633;CAFA U20 Championship;International (Asia);04:30;Full;True;-0.13178294573643412;1.8;2.0, 2.5;2.0;2.0, 2.5;3.0;8.0;;3.0;1.0;4.0;158.0;84.0;;Kyrgyzstan U20;;0.0;1.0;3.0;0;2.0;2 - 1;3.2;Turkmenistan U20;;0.0;3.0;2.15;0;1.0;+0.25;3 - 8;3-1;2.25;1.0;36 - 48;18 - 13;13.0;18.0;;;2.0;3.0;0.0;0.0;;;;;;;;79.0;79.0;48.0;36.0;;;5.0;3.0;1.0;3.0;;[ 66  90 102];[2 2 2];[False False  True];['Kyrgyzstan U20' 'Turkmenistan U20' 'Kyrgyzstan U20'];[0 1 0];[1 0 1];['D' 'H' 'D'];['H' 'D' 'H'];0.76;0.24;0.0;1.0;0.0;0.0;;4728.0;;turkmenistan;;;Youth
2026-05-15;194536101;Australia NSW League 1 U20;Australia;05:00;Full;True;-0.4215287371947474;2.0;3.5;1.8;3.5;3.0;2.0;;2.0;0.0;2.0;99.0;98.0;;Hurstville FC U20;;0.0;1.0;4.333;0;0.0;0 - 0;4.333;Prospect United U20;;0.0;0.0;1.533;0;0.0;+1.0;3 - 2;2-0;3.5;1.5;47 - 51;27 - 19;19.0;27.0;;;2.0;6.0;4.0;3.0;;;;;;;;55.0;44.0;51.0;47.0;;;9.0;10.0;7.0;4.0;;[];[];[];[];[];[];[];[];1.0;0.0;0.0;1.0;0.0;0.0;;;;;;;Youth
2026-05-15;194534798;Australia Northern NSW Reserves League;Australia;05:00;Full;True;-0.2425234340127957;1.95;3.0;1.85;3.0;4.0;8.0;;0.0;5.0;5.0;165.0;135.0;;Maitland FC Reserves;;0.0;0.0;3.3;0;1.0;1 - 3;3.75;Cooks Hill United Reserves;;0.0;2.0;1.833;3;3.0;+0.5;4 - 8;0-5;3.0;1.25;55 - 80;11 - 57;57.0;11.0;;;1.0;1.0;4.0;0.0;;;;;;;;91.0;74.0;80.0;55.0;;;6.0;1.0;4.0;2.0;;[22 28 33 57];[1 1 1 2];[False False False False];"['Cooks Hill United Reserves' 'Cooks Hill United Reserves'
 'Cooks Hill United Reserves' 'Maitland FC Reserves']";[ 0 -1 -2 -3];[-1 -2 -3 -2];['D' 'A' 'A' 'A'];['A' 'A' 'A' 'A'];0.24;0.0;0.76;0.49;0.0;0.51;;;;;;;Youth
2026-05-15;194534133;China FA Cup;China;05:00;Full;True;-0.48564905414220494;1.875;2.5;1.925;2.5;2.0;7.0;;0.0;5.0;5.0;185.0;104.0;100.0;Shenzhen 2028;;0.0;4.0;6.0;0;0.0;0 - 2;3.9;Shaanxi Union;;1.0;2.0;1.533;2;2.0;+1.0;2 - 7;0-5;2.5;1.0;35 - 69;16 - 45;45.0;16.0;63.0;37.0;3.0;0.0;2.0;1.0;;;;;;;;111.0;74.0;69.0;35.0;58.0;42.0;4.0;3.0;3.0;2.0;;[ 7 44];[1 1];[False False];['Shaanxi Union' 'Shaanxi Union'];[ 0 -1];[-1 -2];['D' 'A'];['A' 'A'];0.08;0.0;0.92;0.16;0.0;0.84;;1110233.0;;shaanxi union fc;;;
2026-05-15;194646014;India Sikkim Premier League;India;05:00;Full;True;-0.016666666666666663;1.975;3.0;1.825;3.0;3.0;3.0;;3.0;1.0;4.0;184.0;92.0;100.0;Singling Sporting Club;;0.0;1.0;2.5;0;1.0;1 - 1;3.4;Yangthang United FC;;0.0;1.0;2.4;1;1.0;0.0;3 - 3;3-1;3.0;1.25;46 - 46;21 - 23;23.0;21.0;55.0;45.0;1.0;3.0;2.0;0.0;;;;;;;;90.0;94.0;46.0;46.0;50.0;50.0;4.0;4.0;3.0;2.0;;[30 68];[1 2];[False False];['Yangthang United FC' 'Singling Sporting Club'];[ 0 -1];[-1  0];['D' 'A'];['A' 'D'];0.58;0.0;0.42;0.67;0.0;0.33;;;;;;;
2026-05-15;194536124;Australia NPL Victoria Women;Australia;05:15;Full;True;-0.9307682066302756;1.875;5.5;1.925;5.5;0.0;8.0;;0.0;6.0;6.0;251.0;165.0;100.0;Bentleigh Greens (W);;0.0;0.0;29.0;0;1.0;1 - 2;17.0;Heidelberg United (W);;0.0;0.0;1.036;0;2.0;+4.25;0 - 8;0-6;5.5;2.25;37 - 128;19 - 73;73.0;19.0;58.0;42.0;6.0;1.0;2.0;0.0;;;;;;;;163.0;88.0;128.0;37.0;59.0;41.0;13.0;1.0;5.0;3.0;;[66 84 85];[2 2 2];[False False False];['Bentleigh Greens (W)' 'Heidelberg United (W)' 'Heidelberg United (W)'];[0 1 0];[ 1  0 -1];['D' 'H' 'D'];['H' 'D' 'A'];0.74;0.2;0.06;1.0;0.0;0.0;92921.0;;bentleigh greens;;;;Women
2026-05-15;194536113;Australia Victoria PL 1 U23;Australia;05:15;Full;True;-0.14918414918414924;1.925;3.5, 4.0;1.875;3.5, 4.0;2.0;0.0;;0.0;0.0;0.0;200.0;114.0;;Northcote City U23;;0.0;3.0;2.75;1;2.0;2 - 0;4.2;Bulleen Lions U23;;0.0;3.0;1.95;0;0.0;+0.25;2 - 0;0-0;3.75;1.5;56 - 58;24 - 31;31.0;24.0;;;2.0;4.0;0.0;2.0;;;;;;;;118.0;82.0;58.0;56.0;;;4.0;5.0;2.0;6.0;;[24 86];[1 2];[False False];['Northcote City U23' 'Northcote City U23'];[0 1];[1 2];['D' 'H'];['H' 'H'];0.27;0.73;0.0;0.53;0.47;0.0;;;;;;;Youth
2026-05-15;194536133;Australia Victoria PL 1 U23;Australia;05:15;Full;True;0.22222222222222227;1.9;3.5, 4.0;1.9;3.5, 4.0;3.0;6.0;;1.0;3.0;4.0;197.0;92.0;;Melbourne Knights U23;;0.0;3.0;1.8;0;0.0;0 - 4;4.5;Eltham Redbacks U23;;0.0;2.0;3.0;2;4.0;-0.5;3 - 6;1-3;3.75;1.5;61 - 31;31 - 15;15.0;31.0;;;4.0;3.0;6.0;2.0;;;;;;;;82.0;115.0;31.0;61.0;;;4.0;8.0;10.0;4.0;;[ 8 17 56 83];[1 1 2 2];[False False False False];"['Eltham Redbacks U23' 'Eltham Redbacks U23' 'Eltham Redbacks U23'
 'Eltham Redbacks U23']";[ 0 -1 -2 -3];[-1 -2 -3 -4];['D' 'A' 'A' 'A'];['A' 'A' 'A' 'A'];0.09;0.0;0.91;0.18;0.0;0.82;;;;;;;Youth
2026-05-15;194533551;Indonesia Super League;Indonesia;05:30;Full;True;-0.6540682414698162;1.85;3.0;1.95;3.0;4.0;9.0;;3.0;7.0;10.0;151.0;92.0;100.0;Semen Padang;;1.0;2.0;7.5;0;0.0;0 - 7;5.25;Persebaya Surabaya;;0.0;0.0;1.27;2;7.0;+1.75;4 - 9;3-7;3.0;1.25;36 - 56;18 - 30;30.0;18.0;53.0;47.0;1.0;0.0;2.0;1.0;;;;;;;;82.0;69.0;56.0;36.0;51.0;49.0;1.0;0.0;8.0;1.0;;[16 19 50 63 68 74 93];[1 1 2 2 2 2 2];[False False False False False False  True];"['Persebaya Surabaya' 'Persebaya Surabaya' 'Persebaya Surabaya'
 'Persebaya Surabaya' 'Persebaya Surabaya' 'Persebaya Surabaya'
 'Persebaya Surabaya']";[ 0 -1 -2 -3 -4 -5 -6];[-1 -2 -3 -4 -5 -6 -7];['D' 'A' 'A' 'A' 'A' 'A' 'A'];['A' 'A' 'A' 'A' 'A' 'A' 'A'];0.17;0.0;0.83;0.36;0.0;0.64;;;;;;;
2026-05-15;194533539;India Delhi Premier League;India;05:30;Full;True;0.19298245614035087;1.8;3.0, 3.5;2.0;3.0, 3.5;2.0;1.0;;1.0;0.0;1.0;239.0;111.0;;Royal Rangers FC;;0.0;0.0;1.9;2;4.0;4 - 1;4.2;Garhwal Diamond FC;;0.0;2.0;3.0;1;1.0;-0.5;2 - 1;1-0;3.25;1.5;71 - 40;35 - 21;21.0;35.0;;;3.0;2.0;1.0;3.0;;;;;;;;108.0;131.0;40.0;71.0;;;5.0;6.0;1.0;9.0;;[11 34 41 46 70];[1 1 1 2 2];[False False False False False];"['Garhwal Diamond FC' 'Royal Rangers FC' 'Royal Rangers FC'
 'Royal Rangers FC' 'Royal Rangers FC']";[ 0 -1  0  1  2];[-1  0  1  2  3];['D' 'A' 'D' 'H' 'H'];['A' 'D' 'H' 'H' 'H'];0.2;0.54;0.26;0.4;0.09;0.51;;;;;;;
2026-05-15;194534139;China FA Cup;China;05:30;Full;True;-0.3885626051231147;1.975;2.5;1.825;2.5;4.0;5.0;;2.0;0.0;2.0;154.0;106.0;100.0;Dalian Kewei;;0.0;3.0;5.25;1;2.0;2 - 1;3.5;Nantong Zhiyun;;1.0;3.0;1.727;1;1.0;+0.5;4 - 5;2-0;2.5;1.0;53 - 53;29 - 21;21.0;29.0;54.0;46.0;0.0;6.0;2.0;1.0;;;;;;;;76.0;78.0;53.0;53.0;57.0;43.0;2.0;10.0;3.0;3.0;;[ 7 25 88];[1 1 2];[False False False];['Nantong Zhiyun' 'Dalian Kewei' 'Dalian Kewei'];[ 0 -1  0];[-1  0  1];['D' 'A' 'D'];['A' 'D' 'H'];0.78;0.02;0.2;0.6;0.0;0.4;;327153.0;;nantong zhiyun;;;
2026-05-15;194536079;Australia Queensland PL U23;Australia;05:30;Schedule;False;-0.12962962962962965;1.825;3.5;1.975;3.5;0.0;0.0;;0.0;0.0;0.0;0.0;0.0;;Caboolture FC U23;;0.0;0.0;2.7;0;0.0;0 - 0;3.9;North Star U23;;0.0;0.0;2.0;0;0.0;+0.25;0 - 0;0-0;3.5;1.5;-;nan;;;;;;;;;;;;;;;;0.0;0.0;0.0;0.0;;;0.0;0.0;0.0;0.0;;[];[];[];[];[];[];[];[];1.0;0.0;0.0;1.0;0.0;0.0;;;;;;;Youth
2026-05-15;194536107;Australia Queensland PL U23;Australia;05:30;Schedule;False;0.5426616394358329;2.0;4.0;1.8;4.0;0.0;0.0;;0.0;0.0;0.0;0.0;0.0;;Logan Lightning U23;;0.0;0.0;1.364;0;0.0;0 - 0;5.25;Redlands United U23;;0.0;0.0;5.25;0;0.0;-1.5;0 - 0;0-0;4.0;1.5;-;nan;;;;;;;;;;;;;;;;0.0;0.0;0.0;0.0;;;0.0;0.0;0.0;0.0;;[];[];[];[];[];[];[];[];1.0;0.0;0.0;1.0;0.0;0.0;;;;;;;Youth
2026-05-15;194589357;Malaysia Liga A1 Semi Pro;Malaysia;05:45;Full;True;0.008503401360544283;1.9;2.5;1.9;2.5;7.0;0.0;;3.0;0.0;3.0;176.0;153.0;100.0;Bunga Raya;11.0;1.0;3.0;2.4;0;1.0;1 - 3;3.4;Malaysia University;12.0;0.0;1.0;2.45;1;3.0;0.0;7 - 0;3-0;2.5;1.0;105 - 48;50 - 25;25.0;50.0;42.0;58.0;3.0;3.0;2.0;6.0;;;;;;;;79.0;97.0;48.0;105.0;41.0;59.0;5.0;10.0;6.0;10.0;;[36 50 62 75];[1 2 2 2];[False False False False];"['Malaysia University' 'Malaysia University' 'Malaysia University'
 'Bunga Raya']";[ 0 -1 -2 -3];[-1 -2 -3 -2];['D' 'A' 'A' 'A'];['A' 'A' 'A' 'A'];0.4;0.0;0.6;0.8;0.0;0.2;;;;;;;
2026-05-15;194531952;Malaysia Super League;Malaysia;06:00;Full;True;0.4057502538142655;1.8;3.0;2.0;3.0;9.0;1.0;;2.0;1.0;3.0;218.0;137.0;100.0;Penang;10.0;0.0;1.0;1.571;0;2.0;2 - 1;4.1;DPMM FC;9.0;0.0;2.0;4.333;1;1.0;-1.0;9 - 1;2-1;3.0;1.25;89 - 48;44 - 19;19.0;44.0;39.0;61.0;2.0;5.0;2.0;5.0;;;;;;;;106.0;112.0;48.0;89.0;44.0;56.0;5.0;7.0;5.0;10.0;;[41 58 83];[1 2 2];[False False False];['DPMM FC' 'Penang' 'Penang'];[ 0 -1  0];[-1  0  1];['D' 'A' 'D'];['A' 'D' 'H'];0.73;0.08;0.19;0.91;0.0;0.09;;;;;;;
2026-05-15;194531922;European U19 Championship Qual;International (Europe);06:00;Full;True;0.9178981937602627;1.925;4.0, 4.5;1.875;4.0, 4.5;4.0;2.0;;3.0;2.0;5.0;197.0;116.0;100.0;Slovakia U19;;0.0;3.0;1.05;1;4.0;4 - 2;13.0;San Marino U19;;0.0;4.0;29.0;1;2.0;-3.0;4 - 2;3-2;4.25;1.75;72 - 44;34 - 25;25.0;34.0;41.0;59.0;1.0;5.0;2.0;2.0;;;;;;;;85.0;112.0;44.0;72.0;41.0;59.0;2.0;7.0;3.0;7.0;;[11 42 55 64 88 93];[1 1 2 2 2 2];[False False False False False  True];"['Slovakia U19' 'San Marino U19' 'Slovakia U19' 'Slovakia U19'
 'San Marino U19' 'Slovakia U19']";[0 1 0 1 2 1];[1 0 1 2 1 2];['D' 'H' 'D' 'H' 'H' 'H'];['H' 'D' 'H' 'H' 'H' 'H'];0.26;0.74;0.0;0.31;0.69;0.0;4697.0;4833.0;slovakia;san marino;;;Youth
2026-05-15;193269016;Australia NPL Queensland;Australia;06:15;Full;True;-0.7156862745098039;1.925;3.5;1.875;3.5;1.0;7.0;;1.0;1.0;2.0;266.0;172.0;100.0;Brisbane Roar NPL;;0.0;3.0;8.5;1;1.0;1 - 3;6.0;Lions FC;;0.0;2.0;1.2;1;3.0;+1.5;1 - 7;1-1;3.5;1.5;75 - 97;37 - 55;55.0;37.0;58.0;42.0;3.0;2.0;2.0;1.0;;;;;;;;133.0;133.0;97.0;75.0;52.0;48.0;4.0;6.0;4.0;2.0;;[28 40 65 83];[1 1 2 2];[False False False False];['Lions FC' 'Brisbane Roar NPL' 'Lions FC' 'Lions FC'];[ 0 -1  0 -1];[-1  0 -1 -2];['D' 'A' 'D' 'A'];['A' 'D' 'A' 'A'];0.59;0.0;0.41;0.73;0.0;0.27;;47708.0;;lions fc;1.57;1.72;
2026-05-15;194507386;Australia New South Wales Premier League;Australia;06:30;Full;True;0.3560606060606061;1.825;3.0;1.975;3.0;9.0;8.0;;2.0;7.0;9.0;219.0;131.0;100.0;Sydney FC NPL;;0.0;2.0;1.65;1;2.0;2 - 0;3.8;Sydney Olympic;;0.0;0.0;4.0;0;0.0;-0.75;9 - 8;2-7;3.0;1.25;72 - 59;31 - 39;39.0;31.0;44.0;56.0;6.0;8.0;0.0;2.0;;;;;;;;109.0;110.0;59.0;72.0;40.0;60.0;8.0;17.0;0.0;5.0;;[41 67];[1 2];[False False];['Sydney FC NPL' 'Sydney FC NPL'];[0 1];[1 2];['D' 'H'];['H' 'H'];0.46;0.54;0.0;0.91;0.09;0.0;;2938.0;;sydney olympic fc;;;
2026-05-15;193268998;Australia NPL Queensland;Australia;06:30;Schedule;False;-0.15217391304347827;2.0;3.5;1.8;3.5;0.0;0.0;;0.0;0.0;0.0;0.0;0.0;;Wynnum Wolves;;0.0;0.0;2.875;0;0.0;0 - 0;3.8;Eastern Suburbs;;0.0;0.0;2.0;0;0.0;+0.5;0 - 0;0-0;3.5;1.5;-;nan;;;;;;;;;;;;;;;;0.0;0.0;0.0;0.0;;;0.0;0.0;0.0;0.0;;[];[];[];[];[];[];[];[];1.0;0.0;0.0;1.0;0.0;0.0;91134.0;91136.0;wynnum wolves fc;eastern suburbs fc;1.36;1.36;
2026-05-15;193268993;Australia NPL Queensland;Australia;06:30;Full;True;0.1399787910922588;2.0;3.0, 3.5;1.8;3.0, 3.5;3.0;9.0;;1.0;3.0;4.0;192.0;119.0;100.0;Peninsula Power;;0.0;3.0;2.05;1;2.0;2 - 0;3.6;Gold Coast Knights;;0.0;1.0;2.875;0;0.0;-0.25;3 - 9;1-3;3.25;1.25;56 - 63;30 - 30;30.0;30.0;50.0;50.0;4.0;3.0;0.0;2.0;;;;;;;;92.0;100.0;63.0;56.0;50.0;50.0;7.0;7.0;1.0;6.0;;[28 96];[1 2];[False  True];['Peninsula Power' 'Peninsula Power'];[0 1];[1 2];['D' 'H'];['H' 'H'];0.29;0.71;0.0;0.62;0.38;0.0;91144.0;391734.0;peninsula power fc;gold coast knights;1.44;1.44;
2026-05-15;193268683;Australia NPL Victoria;Australia;06:30;Full;True;-0.47567567567567565;1.8;2.5, 3.0;2.0;2.5, 3.0;4.0;8.0;;1.0;2.0;3.0;267.0;187.0;100.0;Green Gully;;0.0;2.0;5.0;1;1.0;1 - 3;4.333;Melbourne City NPL;;0.0;1.0;1.48;1;3.0;+1.0;4 - 8;1-2;2.75;1.25;105 - 82;46 - 48;48.0;46.0;56.0;44.0;5.0;8.0;4.0;2.0;;;;;;;;120.0;147.0;82.0;105.0;51.0;49.0;9.0;18.0;7.0;7.0;;[29 40 52 62];[1 1 2 2];[False False False False];"['Green Gully' 'Melbourne City NPL' 'Melbourne City NPL'
 'Melbourne City NPL']";[ 0  1  0 -1];[ 1  0 -1 -2];['D' 'H' 'D' 'A'];['H' 'D' 'A' 'A'];0.46;0.12;0.42;0.76;0.24;0.0;92925.0;1320578.0;green gully sc;melbourne city fc 2;1.66;1.8;
2026-05-15;194583536;Australia Victoria Premier League 2;Australia;06:30;Schedule;False;0.12416851441241689;1.95;3.0;1.85;3.0;0.0;0.0;;0.0;0.0;0.0;0.0;0.0;;Nunawading;;0.0;0.0;2.05;0;0.0;0 - 0;3.8;Whittlesea United;;0.0;0.0;2.75;0;0.0;-0.25;0 - 0;0-0;3.0;1.25;-;nan;;;;;;;;;;;;;;;;0.0;0.0;0.0;0.0;;;0.0;0.0;0.0;0.0;;[];[];[];[];[];[];[];[];1.0;0.0;0.0;1.0;0.0;0.0;;;;;;;
2026-05-15;194015532;Australia A-League;Australia;06:35;Full;True;0.07322654462242562;1.95;2.5, 3.0;1.85;2.5, 3.0;6.0;4.0;;4.0;2.0;6.0;213.0;89.0;100.0;Adelaide United;2.0;0.0;1.0;2.375;0;0.0;0 - 3;3.4;Auckland FC;3.0;0.0;2.0;2.875;1;3.0;-0.25;6 - 4;4-2;2.75;1.25;44 - 45;13 - 27;27.0;13.0;48.0;52.0;4.0;1.0;3.0;0.0;;;;;;;;104.0;109.0;45.0;44.0;38.0;62.0;7.0;14.0;5.0;1.0;;[44 58 86];[1 2 2];[False False False];['Auckland FC' 'Auckland FC' 'Auckland FC'];[ 0 -1 -2];[-1 -2 -3];['D' 'A' 'A'];['A' 'A' 'A'];0.49;0.0;0.51;0.98;0.0;0.02;;1156423.0;;auckland fc;1.53;1.61;
2026-05-15;193268692;Australia NPL Victoria;Australia;06:45;Full;True;-0.5303123086344153;1.95;3.0;1.85;3.0;3.0;4.0;;1.0;4.0;5.0;187.0;113.0;100.0;Dandenong City;;0.0;1.0;5.75;0;1.0;1 - 1;4.1;Oakleigh Cannons;;0.0;2.0;1.42;0;1.0;+1.0;3 - 4;1-4;3.0;1.25;43 - 70;20 - 43;43.0;20.0;49.0;51.0;1.0;1.0;1.0;0.0;;;;;;;;101.0;86.0;70.0;43.0;49.0;51.0;6.0;5.0;3.0;6.0;;[68 90];[2 2];[False False];['Oakleigh Cannons' 'Dandenong City'];[ 0 -1];[-1  0];['D' 'A'];['A' 'D'];0.76;0.0;0.24;1.0;0.0;0.0;243494.0;92931.0;dandenong city sc;oakleigh cannons;1.72;1.72;
2026-05-15;194536160;Australia Victoria Premier League 2;Australia;06:45;Full;True;-0.11904761904761901;1.85;3.0;1.95;3.0;6.0;6.0;;2.0;4.0;6.0;130.0;110.0;;Kingston City;10.0;0.0;0.0;2.8;0;0.0;0 - 4;3.7;Eastern Lions;11.0;0.0;0.0;2.1;1;4.0;+0.25;6 - 6;2-4;3.0;1.25;55 - 55;28 - 31;31.0;28.0;;;3.0;2.0;2.0;1.0;;;;;;;;62.0;68.0;55.0;55.0;;;8.0;4.0;8.0;1.0;;[ 8 64 67 74];[1 2 2 2];[False False False False];['Eastern Lions' 'Eastern Lions' 'Eastern Lions' 'Eastern Lions'];[ 0 -1 -2 -3];[-1 -2 -3 -4];['D' 'A' 'A' 'A'];['A' 'A' 'A' 'A'];0.09;0.0;0.91;0.18;0.0;0.82;;;;;;;
2026-05-15;194507586;Australia Northern NSW Premier League;Australia;07:00;Full;True;0.29332450988501946;1.975;3.5, 4.0;1.825;3.5, 4.0;2.0;5.0;;0.0;2.0;2.0;66.0;63.0;100.0;Maitland FC;;0.0;1.0;1.727;1;1.0;1 - 3;4.0;Cooks Hill United;;0.0;1.0;3.5;3;3.0;-0.75;2 - 5;0-2;3.75;1.5;33 - 30;32 - 29;29.0;32.0;43.0;57.0;3.0;2.0;3.0;1.0;;;;;;;;32.0;34.0;30.0;33.0;40.0;60.0;3.0;2.0;3.0;1.0;;[22 32 38 44];[1 1 1 1];[False False False False];['Cooks Hill United' 'Cooks Hill United' 'Cooks Hill United' 'Maitland FC'];[ 0 -1 -2 -3];[-1 -2 -3 -2];['D' 'A' 'A' 'A'];['A' 'A' 'A' 'A'];0.24;0.0;0.76;0.49;0.0;0.51;;;;;;;
2026-05-15;194533543;India I-League 2nd Division;India;07:00;Full;True;0.016006402561024313;1.95;2.5, 3.0;1.85;2.5, 3.0;14.0;5.0;;5.0;2.0;7.0;220.0;147.0;;United Sports Club;3.0;0.0;0.0;2.45;0;1.0;1 - 1;3.2;Delhi FC;1.0;0.0;1.0;2.55;0;1.0;0.0;14 - 5;5-2;2.75;1.0;76 - 71;23 - 45;45.0;23.0;;;4.0;3.0;1.0;4.0;;;;;;;;110.0;110.0;71.0;76.0;;;4.0;9.0;3.0;9.0;;[54 67];[2 2];[False False];['United Sports Club' 'Delhi FC'];[0 1];[1 0];['D' 'H'];['H' 'D'];0.86;0.14;0.0;1.0;0.0;0.0;;;;;;;
2026-05-15;194531926;South Korea Women K League;South Korea;07:00;Schedule;False;-0.37527362244648194;1.85;2.5;1.95;2.5;0.0;0.0;;0.0;0.0;0.0;0.0;0.0;;Seoul Amazones (W);;0.0;0.0;4.333;0;0.0;0 - 0;3.7;Suwon FMC (W);;0.0;0.0;1.65;0;0.0;+0.75;0 - 0;0-0;2.5;1.0;-;nan;;;;;;;;;;;;;;;;0.0;0.0;0.0;0.0;;;0.0;0.0;0.0;0.0;;[];[];[];[];[];[];[];[];1.0;0.0;0.0;1.0;0.0;0.0;;;;;;;Women
2026-05-15;194536175;Australia Victoria Premier League 2;Australia;07:00;Schedule;False;-0.40231572080887157;1.9;3.5, 4.0;1.9;3.5, 4.0;0.0;0.0;;0.0;0.0;0.0;0.0;0.0;;Werribee City;9.0;0.0;0.0;4.0;0;0.0;0 - 0;4.5;Malvern City;1.0;0.0;0.0;1.533;0;0.0;+1.0;0 - 0;0-0;3.75;1.5;-;nan;;;;;;;;;;;;;;;;0.0;0.0;0.0;0.0;;;0.0;0.0;0.0;0.0;;[];[];[];[];[];[];[];[];1.0;0.0;0.0;1.0;0.0;0.0;;;;;;;
2026-05-15;194534793;Australia New South Wales League 2;Australia;07:00;Full;True;-0.07295941632466935;1.95;3.0;1.85;3.0;8.0;2.0;;4.0;1.0;5.0;103.0;65.0;;Central Coast United FC;;0.0;3.0;2.55;0;2.0;2 - 1;3.8;Inner West Hawks;;1.0;2.0;2.15;0;1.0;+0.25;8 - 2;4-1;3.0;1.25;46 - 19;24 - 8;8.0;24.0;;;1.0;2.0;0.0;8.0;;;;;;;;37.0;66.0;19.0;46.0;;;2.0;3.0;3.0;13.0;;[51 65 68];[2 2 2];[False False False];['Inner West Hawks' 'Central Coast United FC' 'Central Coast United FC'];[ 0 -1  0];[-1  0  1];['D' 'A' 'D'];['A' 'D' 'H'];0.6;0.24;0.16;1.0;0.0;0.0;;;;;;;
2026-05-15;194531929;South Korea Women K League;South Korea;07:00;Full;True;0.42601092163891596;1.925;2.5;1.875;2.5;1.0;4.0;;0.0;1.0;1.0;191.0;131.0;;Incheon Red Angels (W);;1.0;3.0;1.571;1;1.0;1 - 0;3.75;Gyeongju (W);;0.0;0.0;4.75;0;0.0;-1.0;1 - 4;0-1;2.5;1.0;44 - 87;17 - 35;35.0;17.0;;;1.0;4.0;1.0;1.0;;;;;;;;112.0;79.0;87.0;44.0;;;6.0;7.0;3.0;3.0;;[33];[1];[False];['Incheon Red Angels (W)'];[0];[1];['D'];['H'];0.37;0.63;0.0;0.73;0.27;0.0;;;;;;;Women
2026-05-15;194534778;Australia New South Wales League 1;Australia;07:00;Full;True;0.3025210084033614;1.825;3.0, 3.5;1.975;3.0, 3.5;8.0;1.0;;6.0;0.0;6.0;103.0;102.0;;Hurstville FC;;0.0;1.0;1.7;1;2.0;2 - 1;4.2;Prospect United;;1.0;2.0;3.5;0;1.0;-0.75;8 - 1;6-0;3.25;1.25;60 - 42;31 - 21;21.0;31.0;;;5.0;6.0;1.0;3.0;;;;;;;;54.0;49.0;42.0;60.0;;;8.0;9.0;2.0;6.0;;[46 53 79];[1 2 2];[ True False False];['Hurstville FC' 'Hurstville FC' 'Prospect United'];[0 1 2];[1 2 1];['D' 'H' 'H'];['H' 'H' 'H'];0.51;0.49;0.0;1.0;0.0;0.0;;;;;;;
2026-05-15;194533545;India I-League 2nd Division;India;07:00;Schedule;False;-0.31588090086246307;1.95;2.5, 3.0;1.85;2.5, 3.0;0.0;0.0;;0.0;0.0;0.0;0.0;0.0;;MYJ-GMSC;9.0;0.0;0.0;3.8;0;0.0;0 - 0;3.7;FC Bengaluru United;2.0;0.0;0.0;1.727;0;0.0;+0.75;0 - 0;0-0;2.75;1.0;-;nan;;;;;;;;;;;;;;;;0.0;0.0;0.0;0.0;;;0.0;0.0;0.0;0.0;;[];[];[];[];[];[];[];[];1.0;0.0;0.0;1.0;0.0;0.0;;;;;;;
2026-05-15;194534765;Australia New South Wales League 1;Australia;07:00;Full;True;0.11743450767841018;1.925;3.5;1.875;3.5;10.0;3.0;;0.0;1.0;1.0;125.0;139.0;;Bankstown City Lions FC;;0.0;3.0;2.05;0;1.0;1 - 3;4.0;Newcastle Jets NPL;;0.0;2.0;2.7;1;3.0;-0.5;10 - 3;0-1;3.5;1.5;85 - 54;34 - 30;30.0;34.0;;;2.0;4.0;5.0;0.0;;;;;;;;64.0;61.0;54.0;85.0;;;3.0;11.0;8.0;7.0;;[27 57 89 94];[1 2 2 2];[False False False  True];"['Newcastle Jets NPL' 'Bankstown City Lions FC' 'Newcastle Jets NPL'
 'Newcastle Jets NPL']";[ 0 -1  0 -1];[-1  0 -1 -2];['D' 'A' 'D' 'A'];['A' 'D' 'A' 'A'];0.63;0.0;0.37;0.6;0.0;0.4;;;;;;;
2026-05-15;194530598;Ethiopia Premier League;Ethiopia;07:00;Full;True;-0.29304748469389047;1.825;1.5, 2.0;1.975;1.5, 2.0;3.0;3.0;;1.0;1.0;2.0;236.0;144.0;100.0;Mekelle 70 Enderta FC;;0.0;3.0;4.333;0;1.0;1 - 1;2.8;Ethiopian Medhin;;0.0;2.0;1.909;0;1.0;+0.5;3 - 3;1-1;1.75;0.75;70 - 74;31 - 30;30.0;31.0;62.0;38.0;1.0;3.0;0.0;0.0;;;;;;;;115.0;121.0;74.0;70.0;57.0;43.0;2.0;4.0;1.0;1.0;;[67 84];[2 2];[False False];['Ethiopian Medhin' 'Mekelle 70 Enderta FC'];[ 0 -1];[-1  0];['D' 'A'];['A' 'D'];0.81;0.0;0.19;1.0;0.0;0.0;;;;;;;
2026-05-15;194585014;Australia Northern NSW Premier League Women;Australia;07:00;Full;True;-0.019762845849802313;1.975;4.0;1.825;4.0;7.0;2.0;;6.0;1.0;7.0;176.0;107.0;100.0;Broadmeadow Magic (W);;0.0;0.0;2.3;2;5.0;5 - 0;4.75;Newcastle Olympic FC (W);;0.0;0.0;2.2;0;0.0;0.0;7 - 2;6-1;4.0;1.5;64 - 43;33 - 19;19.0;33.0;53.0;47.0;1.0;1.0;0.0;2.0;;;;;;;;94.0;82.0;43.0;64.0;51.0;49.0;1.0;4.0;0.0;5.0;;[28 40 73 86 92];[1 1 2 2 2];[False False False False  True];"['Broadmeadow Magic (W)' 'Broadmeadow Magic (W)' 'Broadmeadow Magic (W)'
 'Broadmeadow Magic (W)' 'Broadmeadow Magic (W)']";[0 1 2 3 4];[1 2 3 4 5];['D' 'H' 'H' 'H' 'H'];['H' 'H' 'H' 'H' 'H'];0.3;0.7;0.0;0.62;0.38;0.0;;;;;;;Women
2026-05-15;194534783;Australia New South Wales League 1;Australia;07:15;Full;True;0.3618421052631579;1.825;3.0;1.975;3.0;6.0;6.0;;2.0;4.0;6.0;109.0;86.0;;Blacktown Spartans;;0.0;2.0;1.6;2;3.0;3 - 2;4.333;Bulls FC Academy;;0.0;2.0;3.8;1;2.0;-0.75;6 - 6;2-4;3.0;1.25;35 - 51;17 - 18;18.0;17.0;;;3.0;1.0;2.0;2.0;;;;;;;;48.0;61.0;51.0;35.0;;;7.0;3.0;3.0;3.0;;[ 1 10 13 73 92];[1 1 1 2 2];[False False False False  True];"['Blacktown Spartans' 'Bulls FC Academy' 'Blacktown Spartans'
 'Bulls FC Academy' 'Blacktown Spartans']";[0 1 0 1 0];[1 0 1 0 1];['D' 'H' 'D' 'H' 'D'];['H' 'D' 'H' 'D' 'H'];0.25;0.75;0.0;0.09;0.91;0.0;;;;;;;
2026-05-15;194536189;Australia Victoria Premier League 2;Australia;07:30;Full;True;0.5020445851470783;1.875;3.5;1.925;3.5;6.0;5.0;;2.0;4.0;6.0;80.0;109.0;;Essendon Royals;5.0;0.0;1.0;1.444;0;3.0;3 - 1;4.333;Moreland City SC;14.0;0.0;0.0;5.25;0;1.0;-1.25;6 - 5;2-4;3.5;1.5;60 - 49;24 - 32;32.0;24.0;;;0.0;1.0;0.0;1.0;;;;;;;;29.0;51.0;49.0;60.0;;;2.0;6.0;2.0;5.0;;[50 60 78 88];[2 2 2 2];[False False False False];['Essendon Royals' 'Essendon Royals' 'Moreland City SC' 'Essendon Royals'];[0 1 2 1];[1 2 1 2];['D' 'H' 'H' 'H'];['H' 'H' 'H' 'H'];0.56;0.44;0.0;1.0;0.0;0.0;;;;;;;
2026-05-15;194536138;Australia Victoria Premier League 1;Australia;07:30;Full;True;0.24305555555555558;1.9;3.0;1.9;3.0;5.0;5.0;;2.0;1.0;3.0;203.0;103.0;;Melbourne Knights;;0.0;2.0;1.8;2;4.0;4 - 0;4.1;Eltham Redbacks;;0.0;0.0;3.2;0;0.0;-0.5;5 - 5;2-1;3.0;1.25;41 - 62;24 - 25;25.0;24.0;;;3.0;2.0;2.0;5.0;;;;;;;;105.0;98.0;62.0;41.0;;;7.0;2.0;5.0;13.0;;[13 21 54 59];[1 1 2 2];[False False False False];"['Melbourne Knights' 'Melbourne Knights' 'Melbourne Knights'
 'Melbourne Knights']";[0 1 2 3];[1 2 3 4];['D' 'H' 'H' 'H'];['H' 'H' 'H' 'H'];0.14;0.86;0.0;0.29;0.71;0.0;;;;;;;
2026-05-15;193268696;Australia NPL Victoria;Australia;07:30;Full;True;-0.4991789819376027;1.95;2.5, 3.0;1.85;2.5, 3.0;2.0;6.0;;2.0;2.0;4.0;236.0;126.0;100.0;Bentleigh Greens;;0.0;2.0;5.25;1;2.0;2 - 2;4.1;Heidelberg Utd;;0.0;2.0;1.45;0;2.0;+1.0;2 - 6;2-2;2.75;1.25;41 - 85;24 - 32;32.0;24.0;67.0;33.0;1.0;0.0;1.0;1.0;;;;;;;;127.0;109.0;85.0;41.0;65.0;35.0;3.0;0.0;3.0;2.0;;[41 55 58 78];[1 2 2 2];[False False False False];['Bentleigh Greens' 'Heidelberg Utd' 'Heidelberg Utd' 'Bentleigh Greens'];[ 0  1  0 -1];[ 1  0 -1  0];['D' 'H' 'D' 'A'];['H' 'D' 'A' 'D'];0.62;0.16;0.22;0.91;0.09;0.0;92921.0;142724.0;bentleigh greens;heidelberg united fc;1.83;1.83;
2026-05-15;194536095;Australia Queensland Premier League;Australia;07:30;Schedule;False;0.24786324786324787;1.95;3.5;1.85;3.5;0.0;0.0;;0.0;0.0;0.0;0.0;0.0;;Logan Lightning;9.0;0.0;0.0;1.8;0;0.0;0 - 0;4.0;Redlands United;7.0;0.0;0.0;3.25;0;0.0;-0.5;0 - 0;0-0;3.5;1.5;-;nan;;;;;;;;;;;;;;;;0.0;0.0;0.0;0.0;;;0.0;0.0;0.0;0.0;;[];[];[];[];[];[];[];[];1.0;0.0;0.0;1.0;0.0;0.0;;;;;;;
2026-05-15;194536087;Australia Queensland Premier League;Australia;07:30;Full;True;0.4012588512981904;1.8;3.5, 4.0;2.0;3.5, 4.0;1.0;8.0;;1.0;4.0;5.0;161.0;114.0;100.0;Caboolture FC;4.0;0.0;0.0;1.55;0;2.0;2 - 3;4.75;North Star;10.0;0.0;0.0;4.1;1;3.0;-1.25;1 - 8;1-4;3.75;1.5;49 - 65;25 - 26;26.0;25.0;43.0;57.0;5.0;1.0;5.0;1.0;;;;;;;;76.0;85.0;65.0;49.0;47.0;53.0;9.0;1.0;9.0;6.0;;[13 55 61 69 83];[1 2 2 2 2];[False False False False False];['North Star' 'Caboolture FC' 'North Star' 'North Star' 'Caboolture FC'];[ 0 -1  0 -1 -2];[-1  0 -1 -2 -1];['D' 'A' 'D' 'A' 'A'];['A' 'D' 'A' 'A' 'A'];0.21;0.0;0.79;0.29;0.0;0.71;;;;;;;
2026-05-15;194536146;Australia Victoria Premier League 1;Australia;07:30;Full;True;0.38109756097560976;1.95;3.0;1.85;3.0;7.0;2.0;;5.0;1.0;6.0;193.0;119.0;;Northcote City;;0.0;2.0;1.6;0;1.0;1 - 1;4.1;Bulleen Lions;;0.0;3.0;4.1;0;1.0;-0.75;7 - 2;5-1;3.0;1.25;68 - 51;34 - 24;24.0;34.0;;;1.0;3.0;0.0;2.0;;;;;;;;102.0;91.0;51.0;68.0;;;6.0;7.0;3.0;6.0;;[50 87];[2 2];[False False];['Northcote City' 'Bulleen Lions'];[0 1];[1 0];['D' 'H'];['H' 'D'];0.59;0.41;0.0;1.0;0.0;0.0;;;;;;;
2026-05-15;194584910;Australia Darwin Premier League;Australia;08:00;Schedule;False;-0.7222222222222223;1.95;3.5, 4.0;1.85;3.5, 4.0;0.0;3.0;;0.0;2.0;2.0;162.0;58.0;100.0;Casuarina FC;5.0;0.0;0.0;9.0;1;2.0;2 - 3;6.5;University Azzurri FC;1.0;0.0;1.0;1.2;2;3.0;+2.0 ( +0.5);0 - 3;0-2;3.75 (6.25);1.75;19 - 31;15 - 17;17.0;15.0;49.0;51.0;3.0;0.0;2.0;2.0;;;;;;;;83.0;79.0;37.0;21.0;53.0;47.0;9.0;1.0;4.0;3.0;;[ 7 33 43 56 60];[1 1 1 2 2];[False False False False False];"['Casuarina FC' 'University Azzurri FC' 'University Azzurri FC'
 'University Azzurri FC' 'Casuarina FC']";[ 0  1  0 -1 -2];[ 1  0 -1 -2 -1];['D' 'H' 'D' 'A' 'A'];['H' 'D' 'A' 'A' 'A'];0.19;0.29;0.52;0.38;0.58;0.04;;;;;;;
2026-05-15;194542771;Vietnam V-League 2;Vietnam;08:00;Schedule;False;0.2891434806328423;1.95;2.5;1.85;2.5;4.0;1.0;;1.0;1.0;2.0;97.0;56.0;100.0;PVF-CAND II;;0.0;2.0;1.833;1;1.0;1 - 2;3.4;Ho Chi Minh City;;0.0;1.0;3.9;2;2.0;-0.5 ( 0.0);4 - 1;1-1;2.5 ( 3.5);1.0;31 - 16;17 - 11;11.0;17.0;47.0;53.0;3.0;1.0;5.0;2.0;;;;;;;;40.0;57.0;20.0;36.0;39.0;61.0;4.0;5.0;5.0;6.0;;[12 32 47];[1 1 1];[False False  True];['Ho Chi Minh City' 'Ho Chi Minh City' 'PVF-CAND II'];[ 0 -1 -2];[-1 -2 -1];['D' 'A' 'A'];['A' 'A' 'A'];0.13;0.0;0.87;0.26;0.0;0.74;340516.0;;pvf cong an nhan dan fc;;;;Youth
2026-05-15;194542769;Vietnam V-League;Vietnam;08:00;Schedule;False;0.17316017316017313;1.9;2.5;1.9;2.5;4.0;1.0;;1.0;1.0;2.0;203.0;142.0;100.0;Cong An HCMC;;0.0;0.0;2.1;1;2.0;2 - 1;3.3;Da Nang;;0.0;2.0;3.3;1;1.0;-0.25 ( 0.0);4 - 1;1-1;2.5 (3.75);1.0;76 - 55;52 - 33;33.0;52.0;37.0;63.0;2.0;3.0;1.0;2.0;;;;;;;;86.0;117.0;62.0;80.0;37.0;63.0;3.0;4.0;6.0;4.0;;[ 6 49 68 76];[1 1 2 2];[False  True False False];['Da Nang' 'Cong An HCMC' 'Cong An HCMC' 'Da Nang'];[ 0 -1  0  1];[-1  0  1  0];['D' 'A' 'D' 'H'];['A' 'D' 'H' 'D'];0.43;0.09;0.48;0.12;0.0;0.88;33120.0;33121.0;cong an tp ho chi minh city fc;shb da nang;1.8;1.72;
2026-05-15;194533541;India Delhi Premier League;India;08:00;Schedule;False;-0.0444444444444444;1.95;3.0;1.85;3.0;2.0;4.0;;0.0;3.0;3.0;207.0;108.0;;Noida City FC;;0.0;1.0;2.5;0;0.0;0 - 1;3.75;CISF;;0.0;1.0;2.25;0;1.0;0.0 ( 0.0);2 - 4;0-3;3.0 (1.75);1.25;56 - 42;32 - 32;32.0;32.0;;;3.0;6.0;1.0;2.0;;;;;;;;93.0;114.0;46.0;62.0;;;5.0;11.0;2.0;2.0;;[48];[2];[False];['CISF'];[0];[-1];['D'];['A'];0.53;0.0;0.47;1.0;0.0;0.0;;;;;;;
2026-05-15;194538667;Australia WA Premier League Women;Australia;08:00;Schedule;False;0.05228758169934633;2.0;3.0, 3.5;1.8;3.0, 3.5;5.0;2.0;;4.0;2.0;6.0;208.0;133.0;100.0;Balcatta FC (W);;0.0;0.0;2.25;2;3.0;3 - 3;3.7;Fremantle City FC (W);;0.0;0.0;2.55;3;3.0;0.0 ( -0.5);5 - 2;4-2;3.25 ( 7);1.25;87 - 42;59 - 22;22.0;59.0;45.0;55.0;0.0;9.0;4.0;14.0;;;;;;;;83.0;125.0;44.0;89.0;45.0;55.0;1.0;17.0;5.0;16.0;;[10 14 23 26 41 64];[1 1 1 1 1 2];[False False False False False False];"['Fremantle City FC (W)' 'Fremantle City FC (W)' 'Balcatta FC (W)'
 'Fremantle City FC (W)' 'Balcatta FC (W)' 'Balcatta FC (W)']";[ 0 -1 -2 -1 -2 -1];[-1 -2 -1 -2 -1  0];['D' 'A' 'A' 'A' 'A' 'A'];['A' 'A' 'A' 'A' 'A' 'D'];0.4;0.0;0.6;0.22;0.0;0.78;;319209.0;;fremantle city;;;Women
2026-05-15;194533598;India I-League 2nd Division;India;08:00;Schedule;False;0.1774193548387097;1.85;2.5;1.95;2.5;3.0;3.0;;1.0;2.0;3.0;250.0;154.0;;Sporting Clube de Goa;;0.0;0.0;2.0;0;0.0;0 - 2;3.4;SC Bengaluru;;0.0;2.0;3.1;1;2.0;-0.25 ( 0.0);3 - 3;1-2;2.5 (2.75);1.0;76 - 69;52 - 44;44.0;52.0;;;4.0;2.0;2.0;0.0;;;;;;;;117.0;133.0;71.0;83.0;;;4.0;5.0;4.0;2.0;;[29 56 78];[1 2 2];[False False False];['SC Bengaluru' 'SC Bengaluru' 'Sporting Clube de Goa'];[ 0 -1 -2];[-1 -2 -1];['D' 'A' 'A'];['A' 'A' 'A'];0.32;0.0;0.68;0.64;0.0;0.36;;;;;;;
2026-05-15;194534148;China FA Cup;China;08:30;Schedule;False;-0.04433077578857636;1.95;2.0;1.85;2.0;4.0;0.0;;4.0;0.0;4.0;238.0;136.0;100.0;Hangzhou Linping Wuyue;;0.0;0.0;2.875;0;0.0;0 - 0;3.1;Foshan Nanshi;;0.0;1.0;2.55;0;0.0;0.0 (-0.25);4 - 0;4-0;2.0 (0.75);0.75;76 - 31;76 - 30;30.0;76.0;34.0;66.0;1.0;5.0;0.0;1.0;;;;;;;;99.0;139.0;50.0;86.0;39.0;61.0;5.0;5.0;0.0;1.0;;[];[];[];[];[];[];[];[];1.0;0.0;0.0;1.0;0.0;0.0;;1110241.0;;foshan nanshi fc;;;
2026-05-15;194535602;Singapore Premier League;Singapore;08:30;Half;False;0.09090909090909088;1.85;3.5, 4.0;1.95;3.5, 4.0;7.0;0.0;;7.0;0.0;7.0;109.0;64.0;100.0;Geylang International;;0.0;0.0;2.2;2;2.0;2 - 1;3.3;Balestier Khalsa FC;;0.0;1.0;2.75;1;1.0;-0.25 (-0.25);7 - 0;7-0;3.75 ( 5);1.5;41 - 13;41 - 13;13.0;41.0;37.0;63.0;1.0;2.0;2.0;5.0;;;;;;;;38.0;71.0;16.0;48.0;36.0;64.0;1.0;3.0;3.0;6.0;;[22 30 32 55];[1 1 1 2];[False False False False];"['Balestier Khalsa FC' 'Geylang International' 'Geylang International'
 'Balestier Khalsa FC']";[ 0 -1  0  1];[-1  0  1  0];['D' 'A' 'D' 'H'];['A' 'D' 'H' 'D'];0.66;0.26;0.09;0.53;0.29;0.18;3044.0;3039.0;geylang international fc;balestier khalsa fc;1.28;1.25;
2026-05-15;194534143;China FA Cup;China;08:30;Schedule;False;-0.14141414141414138;1.8;2.0;2.0;2.0;0.0;8.0;;0.0;8.0;8.0;115.0;69.0;100.0;Qingdao Red Lions;;0.0;1.0;3.3;0;0.0;0 - 0;3.1;Nanjing City;;0.0;0.0;2.25;0;0.0;+0.25 ( 0.0);0 - 8;0-8;2.0 (0.75);0.75;19 - 36;17 - 36;36.0;17.0;50.0;50.0;3.0;2.0;1.0;1.0;;;;;;;;66.0;49.0;43.0;26.0;50.0;50.0;5.0;2.0;1.0;2.0;;[49];[2];[False];['Qingdao Red Lions'];[0];[1];['D'];['H'];0.54;0.46;0.0;1.0;0.0;0.0;;754361.0;;nanjing city;;;
2026-05-15;194581198;Australia Western Australia State League 1;Australia;08:30;Half;False;-0.3691950464396285;1.875;3.0, 3.5;1.925;3.0, 3.5;3.0;7.0;;3.0;7.0;10.0;77.0;57.0;;Curtin University SC;11.0;0.0;0.0;4.0;1;1.0;1 - 1;4.0;Murdoch University Melville FC;8.0;0.0;1.0;1.615;1;1.0;+0.75 ( 0.0);3 - 7;3-7;3.25 ( 3.5);1.25;28 - 23;28 - 23;23.0;28.0;;;1.0;6.0;1.0;1.0;;;;;;;;41.0;36.0;25.0;32.0;;;2.0;7.0;1.0;1.0;;[22 30];[1 1];[False False];['Murdoch University Melville FC' 'Curtin University SC'];[ 0 -1];[-1  0];['D' 'A'];['A' 'D'];0.91;0.0;0.09;0.82;0.0;0.18;;;;;;;
2026-05-15;194531954;Malaysia Super League;Malaysia;08:30;Half;False;-0.07295941632466935;2.0;3.0, 3.5;1.8;3.0, 3.5;1.0;3.0;;1.0;3.0;4.0;108.0;58.0;100.0;Sabah FC;;0.0;3.0;2.55;0;0.0;0 - 0;3.8;Terengganu;;0.0;1.0;2.15;0;0.0;+0.25 ( 0.0);1 - 3;1-3;3.25 ( 3);1.25;24 - 25;24 - 25;25.0;24.0;50.0;50.0;3.0;8.0;2.0;1.0;;;;;;;;62.0;46.0;30.0;28.0;50.0;50.0;3.0;8.0;2.0;1.0;;[];[];[];[];[];[];[];[];1.0;0.0;0.0;1.0;0.0;0.0;;;;;;;
2026-05-15;194533806;Paraguay Reserve League;Paraguay;08:30;Half;False;0.6153846153846153;1.875;3.0, 3.5;1.925;3.0, 3.5;4.0;0.0;;4.0;0.0;4.0;125.0;101.0;100.0;Libertad Asuncion Reserves;;0.0;1.0;1.3;1;1.0;1 - 0;4.75;2 de Mayo Reserves;;0.0;1.0;6.5;0;0.0;-1.5 (-0.75);4 - 0;4-0;3.25 (2.75);1.25;53 - 30;53 - 30;30.0;53.0;39.0;61.0;1.0;2.0;1.0;3.0;;;;;;;;64.0;61.0;38.0;63.0;41.0;59.0;1.0;2.0;2.0;3.0;;[18];[1];[False];['Libertad Asuncion Reserves'];[0];[1];['D'];['H'];0.2;0.8;0.0;0.4;0.6;0.0;;;;;;;Youth
2026-05-15;193711556;China Super League;China;08:35;Half;False;0.21870286576168935;1.9;3.0, 3.5;1.9;3.0, 3.5;4.0;1.0;;4.0;1.0;5.0;88.0;29.0;;Shanghai Port;12.0;0.0;3.0;1.95;1;1.0;1 - 1;3.8;Zhejiang;8.0;0.0;0.0;3.4;1;1.0;-0.5 (-0.25);4 - 1;4-1;3.25 ( 3.5);1.25;14 - 12;14 - 12;12.0;14.0;;;4.0;4.0;1.0;1.0;;;;;;;;33.0;55.0;12.0;17.0;;;4.0;4.0;1.0;1.0;;[22 28];[1 1];[False False];['Shanghai Port' 'Zhejiang'];[0 1];[1 0];['D' 'H'];['H' 'D'];0.93;0.07;0.0;0.87;0.13;0.0;41537.0;34697.0;shanghai port fc;zhejiang fc;1.44;1.4;
2026-05-15;193711564;China Super League;China;08:35;Half;False;-0.34064158781444726;1.85;2.5;1.95;2.5;1.0;3.0;;1.0;3.0;4.0;110.0;43.0;;Tianjin Jinmen Tigers;16.0;0.0;1.0;4.333;1;1.0;1 - 1;3.7;Chengdu Rongcheng;1.0;0.0;1.0;1.75;1;1.0;+0.75 ( +0.5);1 - 3;1-3;2.5 ( 3.5);1.0;13 - 28;13 - 28;28.0;13.0;;;7.0;2.0;2.0;3.0;;;;;;;;78.0;32.0;30.0;13.0;;;7.0;2.0;2.0;3.0;;[ 9 16];[1 1];[False False];['Tianjin Jinmen Tigers' 'Chengdu Rongcheng'];[0 1];[1 0];['D' 'H'];['H' 'D'];0.92;0.08;0.0;0.84;0.16;0.0;3367.0;252167.0;tianjin jinmen tiger;chengdu rongcheng;1.8;1.8;
2026-05-15;193711554;China Super League;China;08:35;Half;False;0.40606060606060607;1.9;2.5, 3.0;1.9;2.5, 3.0;5.0;0.0;;5.0;0.0;5.0;104.0;60.0;;Henan;;0.0;0.0;1.65;0;0.0;0 - 0;3.9;Shenzhen Xinpengcheng;;0.0;0.0;5.0;0;0.0;-0.75 ( -0.5);5 - 0;5-0;2.75 ( 1.5);1.0;40 - 16;40 - 16;16.0;40.0;;;5.0;5.0;0.0;2.0;;;;;;;;31.0;73.0;16.0;44.0;;;5.0;7.0;0.0;2.0;;[];[];[];[];[];[];[];[];1.0;0.0;0.0;1.0;0.0;0.0;34692.0;422227.0;henan;shenzhen peng city;1.75;1.75;
2026-05-15;194538717;Cameroon League Women;Cameroon;09:00;Schedule;False;0.5229885057471265;1.975;2.5, 3.0;1.825;2.5, 3.0;3.0;0.0;;3.0;0.0;3.0;58.0;61.0;;Louves Minproff (W);;0.0;1.0;1.45;1;1.0;1 - 0;3.8;AS Dibamba (W);;0.0;0.0;6.0;0;0.0;-1.0 (-1.25);3 - 0;3-0;2.75 ( 3);1.0 ( 1.5);28 - 17;nan;;;;;;;;;;;;;;;;36.0;22.0;25.0;36.0;;;5.0;4.0;0.0;1.0;;[23];[1];[False];['Louves Minproff (W)'];[0];[1];['D'];['H'];0.26;0.74;0.0;0.51;0.49;0.0;;;;;;;Women
2026-05-15;194537951;Georgia Liga 3;Georgia;09:00;Schedule;False;-0.026619343389529815;2.0;3.0, 3.5;1.8;3.0, 3.5;2.0;2.0;;2.0;2.0;4.0;103.0;46.0;;FC WIT Georgia Tbilisi;;0.0;1.0;2.45;0;0.0;0 - 0;3.75;Guria Lanchkhuti;;0.0;0.0;2.3;0;0.0;0.0 ( 0.0);2 - 2;2-2;3.25 ( 2);1.25 ( 0.5);16 - 15;nan;;;;;;;;;;;;;;;;53.0;50.0;24.0;22.0;;;3.0;1.0;0.0;2.0;;[];[];[];[];[];[];[];[];1.0;0.0;0.0;1.0;0.0;0.0;;;;;;;
2026-05-15;194538012;Hungary U19 1st Division;Hungary;09:00;Schedule;False;0.3926347984039994;1.85;3.0, 3.5;1.95;3.0, 3.5;3.0;0.0;;3.0;0.0;3.0;77.0;50.0;;Ferencvarosi TC U19;;0.0;0.0;1.571;2;2.0;2 - 0;4.333;Illes Akademia Haladas U19;;0.0;0.0;4.1;0;0.0;-1.25 ( -0.5);3 - 0;3-0;3.25 (4.25);1.25 ( 2.5);21 - 11;nan;;;;;;;;;;;;;;;;35.0;42.0;17.0;33.0;;;2.0;5.0;2.0;3.0;;[ 2 28];[1 1];[False False];['Ferencvarosi TC U19' 'Ferencvarosi TC U19'];[0 1];[1 2];['D' 'H'];['H' 'H'];0.02;0.98;0.0;0.04;0.96;0.0;1925.0;;ferencvarosi budapest;;;;Youth
2026-05-15;193711568;China Super League;China;09:00;Schedule;False;0.5998044965786901;2.0;3.5;1.8;3.5;0.0;0.0;;0.0;0.0;0.0;89.0;26.0;100.0;Beijing Guoan;11.0;0.0;0.0;1.364;3;2.0;2 - 0;5.25;Qingdao Hainiu;10.0;0.0;0.0;7.5;0;0.0;-1.5 ( -1);0 - 0;0-0;3.5 (4.25);1.5 (2.75);16 - 4;nan;;;;;;;;;;;;;;;;19.0;70.0;4.0;22.0;26.0;74.0;1.0;8.0;1.0;3.0;;[12 24 38];[1 1 1];[False False False];['Beijing Guoan' 'Beijing Guoan' 'Beijing Guoan'];[0 1 2];[1 2 3];['D' 'H' 'H'];['H' 'H' 'H'];0.13;0.87;0.0;0.27;0.73;0.0;3376.0;34695.0;beijing guoan;qingdao hainiu fc;1.61;1.61;
2026-05-15;194636635;CAFA U20 Championship;International (Asia);09:00;Schedule;False;0.40866873065015485;2.0;2.5;1.8;2.5;4.0;1.0;;4.0;1.0;5.0;81.0;41.0;;Tajikistan U20;;0.0;0.0;1.615;2;1.0;1 - 0;3.5;Afghanistan U20;;0.0;0.0;4.75;0;0.0;-0.75 ( -1);4 - 1;4-1;2.5 ( 3);1.0 ( 1.5);24 - 8;nan;;;;;;;;;;;;;;;;39.0;42.0;10.0;31.0;;;1.0;2.0;0.0;4.0;;[11 34];[1 1];[False False];['Tajikistan U20' 'Tajikistan U20'];[0 1];[1 2];['D' 'H'];['H' 'H'];0.12;0.88;0.0;0.24;0.76;0.0;23488.0;;tajikistan;;;;Youth
2026-05-15;193711570;China Super League;China;09:00;Schedule;False;0.24255024255024266;1.9;2.5;1.9;2.5;2.0;2.0;;2.0;2.0;4.0;90.0;44.0;100.0;Dalian Young Boy;;0.0;1.0;1.95;0;0.0;0 - 1;3.5;Qingdao West Coast;;0.0;0.0;3.7;1;1.0;-0.75 ( -0.5);2 - 2;2-2;2.5 (2.75);1.0 ( 1.5);19 - 7;nan;;;;;;;;;;;;;;;;21.0;69.0;7.0;37.0;31.0;69.0;1.0;4.0;2.0;3.0;;[22];[1];[False];['Qingdao West Coast'];[0];[-1];['D'];['A'];0.24;0.0;0.76;0.49;0.0;0.51;1009005.0;754363.0;dalian yingbo fc;qingdao west coast fc;1.9;1.8;
2026-05-15;718675;Brazil Campeonato Maranhense U20;Brazil;09:13;Schedule;False;;;(2.25);;(2.25);1.0;2.0;;1.0;2.0;3.0;96.0;60.0;;IAPE U20;;0.0;0.0;;0;0.0;0 - 0;;Moto Club U20;;0.0;0.0;;0;0.0;( -0.5);1 - 2;1-2;(2.25);( 0.5);21 - 18;nan;;;;;;;;;;;;;;;;41.0;55.0;31.0;29.0;;;0.0;2.0;0.0;1.0;;[];[];[];[];[];[];[];[];1.0;0.0;0.0;1.0;0.0;0.0;49203.0;2009.0;iape ma;moto club ma;;;Youth
2026-05-15;194490710;Paraguay Division Profesional;Paraguay;09:30;Schedule;False;0.5646376811594204;1.825;2.5, 3.0;1.975;2.5, 3.0;0.0;1.0;;0.0;1.0;1.0;21.0;11.0;100.0;Olimpia Asuncion;;0.0;0.0;1.38;0;0.0;0 - 0;4.2;Deportivo Recoleta;;0.0;0.0;6.25;0;0.0;-1.25 (-1.25);0 - 1;0-1;2.75 (2.75);1.25 (1.25);- 2;nan;;;;;;;;;;;;;;;;7.0;14.0;4.0;7.0;50.0;50.0;1.0;2.0;0.0;0.0;;[];[];[];[];[];[];[];[];1.0;0.0;0.0;1.0;0.0;0.0;5997.0;463345.0;club olimpia;recoleta fc;1.83;1.83;
2026-05-15;194525539;Israel Leumit Liga;Israel;10:00;Schedule;False;-0.38109980834439044;1.9;3.0;1.9;3.0;0.0;0.0;;0.0;0.0;0.0;0.0;0.0;;Hapoel Kfar Saba;;0.0;0.0;4.2;0;0.0;0 - 0;3.9;Maccabi Petah Tikva;;0.0;0.0;1.615;0;0.0;+0.75;0 - 0;0-0;3.0;1.25;-;nan;;;;;;;;;;;;;;;;0.0;0.0;0.0;0.0;;;0.0;0.0;0.0;0.0;;[];[];[];[];[];[];[];[];1.0;0.0;0.0;1.0;0.0;0.0;5200.0;;hapoel kfar saba fc;;;;
2026-05-15;194530600;Ethiopia Premier League;Ethiopia;10:00;Schedule;False;-0.04285714285714287;1.8;1.5, 2.0;2.0;1.5, 2.0;0.0;0.0;;0.0;0.0;0.0;0.0;0.0;;Ethiopia Nigd Bank;;0.0;0.0;2.8;0;0.0;0 - 0;2.875;Shaggar City;;0.0;0.0;2.5;0;0.0;0.0;0 - 0;0-0;1.75;0.75;-;nan;;;;;;;;;;;;;;;;0.0;0.0;0.0;0.0;;;0.0;0.0;0.0;0.0;;[];[];[];[];[];[];[];[];1.0;0.0;0.0;1.0;0.0;0.0;;;;;;;
2026-05-15;194530624;Israel Premier League;Israel;10:00;Schedule;False;-0.35744831050352294;1.825;2.5;1.975;2.5;0.0;0.0;;0.0;0.0;0.0;0.0;0.0;;Hapoel Tel Aviv;;0.0;0.0;4.333;0;0.0;0 - 0;3.5;Hapoel Beer Sheva;;0.0;0.0;1.7;0;0.0;+0.75;0 - 0;0-0;2.5;1.0;-;nan;;;;;;;;;;;;;;;;0.0;0.0;0.0;0.0;;;0.0;0.0;0.0;0.0;;[];[];[];[];[];[];[];[];1.0;0.0;0.0;1.0;0.0;0.0;;5202.0;;hapoel be`er sheva fc;;;
2026-05-15;194525536;Israel Leumit Liga;Israel;10:00;Schedule;False;-0.15447154471544722;1.9;2.5, 3.0;1.9;2.5, 3.0;0.0;0.0;;0.0;0.0;0.0;0.0;0.0;;Hapoel Rishon Lezion;;0.0;0.0;3.0;0;0.0;0 - 0;3.5;Maccabi Herzliya;;0.0;0.0;2.05;0;0.0;+0.25;0 - 0;0-0;2.75;1.25;-;nan;;;;;;;;;;;;;;;;0.0;0.0;0.0;0.0;;;0.0;0.0;0.0;0.0;;[];[];[];[];[];[];[];[];1.0;0.0;0.0;1.0;0.0;0.0;5394.0;7478.0;hapoel rishon lezion fc;maccabi herzliya;;;
2026-05-15;194531225;Hungary NBI Women;Hungary;10:00;Schedule;False;0.8902285551901921;1.95;3.5, 4.0;1.85;3.5, 4.0;0.0;0.0;;0.0;0.0;0.0;0.0;0.0;;Gyor Eto FC (W);;0.0;0.0;1.071;0;0.0;0 - 0;10.0;Pecsi MFC (W);;0.0;0.0;23.0;0;0.0;-2.75;0 - 0;0-0;3.75;1.5;-;nan;;;;;;;;;;;;;;;;0.0;0.0;0.0;0.0;;;0.0;0.0;0.0;0.0;;[];[];[];[];[];[];[];[];1.0;0.0;0.0;1.0;0.0;0.0;1923.0;;wkw eto fc gyor;;;;Women
2026-05-15;194531884;Ethiopia Premier League;Ethiopia;10:00;Schedule;False;-0.17777777777777776;1.9;1.5, 2.0;1.9;1.5, 2.0;0.0;0.0;;0.0;0.0;0.0;0.0;0.0;;Dire Dawa;18.0;0.0;0.0;3.75;0;0.0;0 - 0;2.5;Bahir Dar Kenema FC;9.0;0.0;0.0;2.25;0;0.0;+0.25;0 - 0;0-0;1.75;0.75;-;nan;;;;;;;;;;;;;;;;0.0;0.0;0.0;0.0;;;0.0;0.0;0.0;0.0;;[];[];[];[];[];[];[];[];1.0;0.0;0.0;1.0;0.0;0.0;;;;;;;
2026-05-15;194525542;Israel Leumit Liga;Israel;10:00;Schedule;False;0.43463497453310695;2.0;3.0, 3.5;1.8;3.0, 3.5;0.0;0.0;;0.0;0.0;0.0;0.0;0.0;;Hapoel Ramat Gan;;0.0;0.0;1.55;0;0.0;0 - 0;4.0;Hapoel Kfar Shalem;;0.0;0.0;4.75;0;0.0;-1.0;0 - 0;0-0;3.25;1.25;-;nan;;;;;;;;;;;;;;;;0.0;0.0;0.0;0.0;;;0.0;0.0;0.0;0.0;;[];[];[];[];[];[];[];[];1.0;0.0;0.0;1.0;0.0;0.0;7385.0;65204.0;hapoel ramat gan givatayim fc;hapoel kfar shalem fc;;;
2026-05-15;194525534;Israel Leumit Liga;Israel;10:00;Schedule;False;0.3214285714285714;1.9;2.5, 3.0;1.9;2.5, 3.0;0.0;0.0;;0.0;0.0;0.0;0.0;0.0;;Bnei Yehuda Tel Aviv;;0.0;0.0;1.75;0;0.0;0 - 0;3.4;SC Kiryat Yam;;0.0;0.0;4.0;0;0.0;-0.75;0 - 0;0-0;2.75;1.25;-;nan;;;;;;;;;;;;;;;;0.0;0.0;0.0;0.0;;;0.0;0.0;0.0;0.0;;[];[];[];[];[];[];[];[];1.0;0.0;0.0;1.0;0.0;0.0;5203.0;239124.0;bnei yehuda tel aviv fc;ms football hapoel kiryat yam;;;
2026-05-15;194525531;Israel Leumit Liga;Israel;10:00;Schedule;False;0.15360983102918585;1.95;2.5;1.85;2.5;0.0;0.0;;0.0;0.0;0.0;0.0;0.0;;FC Kafr Qasim;;0.0;0.0;2.1;0;0.0;0 - 0;3.25;Maccabi Kabilio Jaffa;;0.0;0.0;3.1;0;0.0;-0.25;0 - 0;0-0;2.5;1.0;-;nan;;;;;;;;;;;;;;;;0.0;0.0;0.0;0.0;;;0.0;0.0;0.0;0.0;;[];[];[];[];[];[];[];[];1.0;0.0;0.0;1.0;0.0;0.0;238982.0;39526.0;fc kafr qasim;maccabi kabilio jaffa;;;
2026-05-15;194525528;Israel Leumit Liga;Israel;10:00;Schedule;False;-0.03779289493575205;2.025;2.0, 2.5;1.775;2.0, 2.5;0.0;0.0;;0.0;0.0;0.0;0.0;0.0;;Hapoel Afula;;0.0;0.0;2.7;0;0.0;0 - 0;3.0;Hapoel Nof HaGalil;;0.0;0.0;2.45;0;0.0;0.0;0 - 0;0-0;2.25;0.75;-;nan;;;;;;;;;;;;;;;;0.0;0.0;0.0;0.0;;;0.0;0.0;0.0;0.0;;[];[];[];[];[];[];[];[];1.0;0.0;0.0;1.0;0.0;0.0;39521.0;5393.0;hapoel afula fc;hapoel nof hagalil fc;;;
2026-05-15;194533547;India I-League;India;10:00;Schedule;False;0.15447154471544722;1.975;3.0;1.825;3.0;0.0;0.0;;0.0;0.0;0.0;0.0;0.0;;Shillong Lajong FC;2.0;0.0;0.0;2.05;0;0.0;0 - 0;3.4;Rajasthan United;3.0;0.0;0.0;3.0;0;0.0;-0.25;0 - 0;0-0;3.0;1.25;-;nan;;;;;;;;;;;;;;;;0.0;0.0;0.0;0.0;;;0.0;0.0;0.0;0.0;;[];[];[];[];[];[];[];[];1.0;0.0;0.0;1.0;0.0;0.0;58741.0;820934.0;shillong lajong fc;rajasthan united;;;
2026-05-15;194543753;Azerbaijan Premier League;Azerbaijan;10:00;Schedule;False;-0.34064158781444726;1.85;2.0, 2.5;1.95;2.0, 2.5;0.0;0.0;;0.0;0.0;0.0;0.0;0.0;;FK Karvan;12.0;0.0;0.0;4.333;0;0.0;0 - 0;3.25;FK Qabala;11.0;0.0;0.0;1.75;0;0.0;+0.75;0 - 0;0-0;2.25;0.75;-;nan;;;;;;;;;;;;;;;;0.0;0.0;0.0;0.0;;;0.0;0.0;0.0;0.0;;[];[];[];[];[];[];[];[];1.0;0.0;0.0;1.0;0.0;0.0;;;;;;;
2026-05-15;194584634;Azerbaijan Division 1;Azerbaijan;10:00;Schedule;False;0.47619047619047616;1.975;2.5, 3.0;1.825;2.5, 3.0;0.0;0.0;;0.0;0.0;0.0;0.0;0.0;;Sabail FC;;0.0;0.0;1.5;0;0.0;0 - 0;3.8;FK Sahdag Qusar;;0.0;0.0;5.25;0;0.0;-1.0;0 - 0;0-0;2.75;1.0;-;nan;;;;;;;;;;;;;;;;0.0;0.0;0.0;0.0;;;0.0;0.0;0.0;0.0;;[];[];[];[];[];[];[];[];1.0;0.0;0.0;1.0;0.0;0.0;;;;;;;
2026-05-15;194585489;Uzbekistan Cup;Uzbekistan;10:00;Schedule;False;-0.08070432868672045;2.0;2.0, 2.5;1.8;2.0, 2.5;0.0;0.0;;0.0;0.0;0.0;0.0;0.0;;Lokomotiv Tashkent;;0.0;0.0;2.9;0;0.0;0 - 0;2.9;Dinamo Samarqand;;0.0;0.0;2.35;0;0.0;+0.25;0 - 0;0-0;2.25;0.75;-;nan;;;;;;;;;;;;;;;;0.0;0.0;0.0;0.0;;;0.0;0.0;0.0;0.0;;[];[];[];[];[];[];[];[];1.0;0.0;0.0;1.0;0.0;0.0;;;;;;;
2026-05-15;194585491;Uzbekistan Cup;Uzbekistan;10:00;Schedule;False;-0.20588235294117646;1.9;2.0, 2.5;1.9;2.0, 2.5;0.0;0.0;;0.0;0.0;0.0;0.0;0.0;;Shortan Guzor;;0.0;0.0;3.4;0;0.0;0 - 0;3.1;Andijon FK;;0.0;0.0;2.0;0;0.0;+0.25;0 - 0;0-0;2.25;1.0;-;nan;;;;;;;;;;;;;;;;0.0;0.0;0.0;0.0;;;0.0;0.0;0.0;0.0;;[];[];[];[];[];[];[];[];1.0;0.0;0.0;1.0;0.0;0.0;;;;;;;
2026-05-15;194637086;World Club Friendlies;International (World);10:00;Schedule;False;0.4618395303326811;1.8;2.0, 2.5;2.0;2.0, 2.5;0.0;0.0;;0.0;0.0;0.0;0.0;0.0;;Al Nejmeh;;0.0;0.0;1.533;0;0.0;0 - 0;3.6;Sagesse SC;;0.0;0.0;5.25;0;0.0;-1.0;0 - 0;0-0;2.25;1.0;-;nan;;;;;;;;;;;;;;;;0.0;0.0;0.0;0.0;;;0.0;0.0;0.0;0.0;;[];[];[];[];[];[];[];[];1.0;0.0;0.0;1.0;0.0;0.0;;;;;;;
2026-05-15;194538434;Syria Division 1;Syria;10:00;Schedule;False;0.75;1.825;2.5, 3.0;1.975;2.5, 3.0;0.0;0.0;;0.0;0.0;0.0;0.0;0.0;;Al Ittihad Aleppo;1.0;0.0;0.0;1.2;0;0.0;0 - 0;5.0;Al-Shorta Damascus;11.0;0.0;0.0;12.0;0;0.0;-1.75;0 - 0;0-0;2.75;1.25;-;nan;;;;;;;;;;;;;;;;0.0;0.0;0.0;0.0;;;0.0;0.0;0.0;0.0;;[];[];[];[];[];[];[];[];1.0;0.0;0.0;1.0;0.0;0.0;40652.0;;al ittihad ahli of aleppo;;;;
2026-05-15;194530197;Croatia 1.NL;Croatia;10:45;Schedule;False;0.3174603174603175;1.85;2.0, 2.5;1.95;2.0, 2.5;0.0;0.0;;0.0;0.0;0.0;0.0;0.0;;NK Rudes;;0.0;0.0;1.8;0;0.0;0 - 0;3.2;HNK Cibalia;;0.0;0.0;4.2;0;0.0;-0.5;0 - 0;0-0;2.25;1.0;-;nan;;;;;;;;;;;;;;;;0.0;0.0;0.0;0.0;;;0.0;0.0;0.0;0.0;;[];[];[];[];[];[];[];[];1.0;0.0;0.0;1.0;0.0;0.0;35226.0;2031.0;nk rudes zagreb;hnk cibalia vinkovci;;;
2026-05-15;194635544;Colombia U19 Championship;Colombia;11:00;Schedule;False;-0.38109980834439044;2.0;3.0, 3.5;1.8;3.0, 3.5;0.0;0.0;;0.0;0.0;0.0;0.0;0.0;;Tigres FC U19;;0.0;0.0;4.2;0;0.0;0 - 0;3.8;Fortaleza CEIF U19;;0.0;0.0;1.615;0;0.0;+0.75;0 - 0;0-0;3.25;1.25;-;nan;;;;;;;;;;;;;;;;0.0;0.0;0.0;0.0;;;0.0;0.0;0.0;0.0;;[];[];[];[];[];[];[];[];1.0;0.0;0.0;1.0;0.0;0.0;;89368.0;;fortaleza fc;;;Youth
2026-05-15;194531965;Norway Division 1 Women;Norway;11:00;Schedule;False;0.8082239720034996;2.0;3.0, 3.5;1.8;3.0, 3.5;0.0;0.0;;0.0;0.0;0.0;0.0;0.0;;Viking FK (W);;0.0;0.0;1.143;0;0.0;0 - 0;7.0;Frigg Women;;0.0;0.0;15.0;0;0.0;-2.25;0 - 0;0-0;3.25;1.25;-;nan;;;;;;;;;;;;;;;;0.0;0.0;0.0;0.0;;;0.0;0.0;0.0;0.0;;[];[];[];[];[];[];[];[];1.0;0.0;0.0;1.0;0.0;0.0;1164.0;;viking fk;;;;Women
2026-05-15;194534739;Argentina Championship Women;Argentina;11:00;Schedule;False;0.509009009009009;1.975;2.5;1.825;2.5;0.0;0.0;;0.0;0.0;0.0;0.0;0.0;;Huracan (W);;0.0;0.0;1.48;0;0.0;0 - 0;3.75;Lanus (W);;0.0;0.0;6.0;0;0.0;-1.0;0 - 0;0-0;2.5;1.0;-;nan;;;;;;;;;;;;;;;;0.0;0.0;0.0;0.0;;;0.0;0.0;0.0;0.0;;[];[];[];[];[];[];[];[];1.0;0.0;0.0;1.0;0.0;0.0;7629.0;3218.0;ca huracan;ca lanus;;;Women
2026-05-15;194532331;India Super League;India;11:00;Schedule;False;-0.5714285714285714;1.85;2.5;1.95;2.5;0.0;0.0;;0.0;0.0;0.0;0.0;0.0;;Mohammedan SC;;0.0;0.0;7.0;0;0.0;0 - 0;3.9;Mumbai City FC;;0.0;0.0;1.4;0;0.0;+1.25;0 - 0;0-0;2.5;1.0;-;nan;;;;;;;;;;;;;;;;0.0;0.0;0.0;0.0;;;0.0;0.0;0.0;0.0;;[];[];[];[];[];[];[];[];1.0;0.0;0.0;1.0;0.0;0.0;118660.0;174600.0;mohammedan sc;mumbai city;2.1;2.1;
2026-05-15;194538721;Cameroon League Women;Cameroon;11:00;Schedule;False;0.6666666666666667;1.85;3.0;1.95;3.0;0.0;0.0;;0.0;0.0;0.0;0.0;0.0;;FC Ebolowa (W);;0.0;0.0;1.25;0;0.0;0 - 0;5.5;Cyclone FC (W);;0.0;0.0;7.5;0;0.0;-1.5;0 - 0;0-0;3.0;1.25;-;nan;;;;;;;;;;;;;;;;0.0;0.0;0.0;0.0;;;0.0;0.0;0.0;0.0;;[];[];[];[];[];[];[];[];1.0;0.0;0.0;1.0;0.0;0.0;;;;;;;Women
2026-05-15;194538442;UAE Division 1;UAE;11:05;Schedule;False;-0.1774193548387097;1.95;2.5;1.85;2.5;0.0;0.0;;0.0;0.0;0.0;0.0;0.0;;Al Thaid;;0.0;0.0;3.1;0;0.0;0 - 0;3.5;Hatta Dubai;;0.0;0.0;2.0;0;0.0;+0.25;0 - 0;0-0;2.5;1.0;-;nan;;;;;;;;;;;;;;;;0.0;0.0;0.0;0.0;;;0.0;0.0;0.0;0.0;;[];[];[];[];[];[];[];[];1.0;0.0;0.0;1.0;0.0;0.0;;;;;;;
2026-05-15;194538446;UAE Division 1;UAE;11:05;Schedule;False;-0.21381578947368418;1.8;3.0;2.0;3.0;0.0;0.0;;0.0;0.0;0.0;0.0;0.0;;Majd FC;;0.0;0.0;3.2;0;0.0;0 - 0;3.75;Al Jazira Al Hamra;;0.0;0.0;1.9;0;0.0;+0.5;0 - 0;0-0;3.0;1.25;-;nan;;;;;;;;;;;;;;;;0.0;0.0;0.0;0.0;;;0.0;0.0;0.0;0.0;;[];[];[];[];[];[];[];[];1.0;0.0;0.0;1.0;0.0;0.0;;;;;;;
2026-05-15;194538456;UAE Division 1;UAE;11:05;Schedule;False;-0.016666666666666663;1.9;2.5;1.9;2.5;0.0;0.0;;0.0;0.0;0.0;0.0;0.0;;Al Urooba;;0.0;0.0;2.5;0;0.0;0 - 0;3.4;Dubai United;;0.0;0.0;2.4;0;0.0;0.0;0 - 0;0-0;2.5;1.0;-;nan;;;;;;;;;;;;;;;;0.0;0.0;0.0;0.0;;;0.0;0.0;0.0;0.0;;[];[];[];[];[];[];[];[];1.0;0.0;0.0;1.0;0.0;0.0;;779068.0;;dubai united fc;;;
2026-05-15;194542767;UAE Division 1;UAE;11:05;Schedule;False;0.4143150152061674;1.875;3.0;1.925;3.0;0.0;0.0;;0.0;0.0;0.0;0.0;0.0;;Al Arabi Umm Al Quwain;;0.0;0.0;1.571;0;0.0;0 - 0;4.0;Gulf United FC;;0.0;0.0;4.5;0;0.0;-1.0;0 - 0;0-0;3.0;1.25;-;nan;;;;;;;;;;;;;;;;0.0;0.0;0.0;0.0;;;0.0;0.0;0.0;0.0;;[];[];[];[];[];[];[];[];1.0;0.0;0.0;1.0;0.0;0.0;;;;;;;
2026-05-15;194538461;UAE Division 1;UAE;11:05;Schedule;False;-0.3498800239952009;2.0;3.0, 3.5;1.8;3.0, 3.5;0.0;0.0;;0.0;0.0;0.0;0.0;0.0;;Dubai City;;0.0;0.0;4.0;0;0.0;0 - 0;3.9;Al Fujairah;;0.0;0.0;1.667;0;0.0;+0.75;0 - 0;0-0;3.25;1.25;-;nan;;;;;;;;;;;;;;;;0.0;0.0;0.0;0.0;;;0.0;0.0;0.0;0.0;;[];[];[];[];[];[];[];[];1.0;0.0;0.0;1.0;0.0;0.0;;;;;;;
2026-05-15;194692638;UAE Division 1;UAE;11:05;Schedule;False;0.3560606060606061;1.95;3.0, 3.5;1.85;3.0, 3.5;0.0;0.0;;0.0;0.0;0.0;0.0;0.0;;Al Fujairah;;0.0;0.0;1.65;0;0.0;0 - 0;3.9;Dubai City;;0.0;0.0;4.0;0;0.0;-0.75;0 - 0;0-0;3.25;nan;-;nan;;;;;;;;;;;;;;;;0.0;0.0;0.0;0.0;;;0.0;0.0;0.0;0.0;;[];[];[];[];[];[];[];[];1.0;0.0;0.0;1.0;0.0;0.0;;;;;;;
2026-05-15;194538459;UAE Division 1;UAE;11:05;Schedule;False;-0.1068524970963996;1.825;3.0;1.975;3.0;0.0;0.0;;0.0;0.0;0.0;0.0;0.0;;Al Ittifaq Dubai;;0.0;0.0;2.625;0;0.0;0 - 0;4.0;Emirates Club RAK;;0.0;0.0;2.05;0;0.0;+0.25;0 - 0;0-0;3.0;1.25;-;nan;;;;;;;;;;;;;;;;0.0;0.0;0.0;0.0;;;0.0;0.0;0.0;0.0;;[];[];[];[];[];[];[];[];1.0;0.0;0.0;1.0;0.0;0.0;;;;;;;
2026-05-15;194538454;UAE Division 1;UAE;11:05;Schedule;False;-0.21381578947368418;1.875;2.5, 3.0;1.925;2.5, 3.0;0.0;0.0;;0.0;0.0;0.0;0.0;0.0;;Al Hamriyah;;0.0;0.0;3.2;0;0.0;0 - 0;3.5;Dibba Al Hisn;;0.0;0.0;1.9;0;0.0;+0.5;0 - 0;0-0;2.75;1.25;-;nan;;;;;;;;;;;;;;;;0.0;0.0;0.0;0.0;;;0.0;0.0;0.0;0.0;;[];[];[];[];[];[];[];[];1.0;0.0;0.0;1.0;0.0;0.0;;;;;;;
2026-05-15;194585477;UAE Pro League;UAE;11:10;Schedule;False;-0.08417508417508418;1.775;2.5, 3.0;2.025;2.5, 3.0;0.0;0.0;;0.0;0.0;0.0;0.0;0.0;;Ajman SCC;;0.0;0.0;2.7;0;0.0;0 - 0;3.5;Al Nasr SC;;0.0;0.0;2.2;0;0.0;+0.25;0 - 0;0-0;2.75;1.25;-;nan;;;;;;;;;;;;;;;;0.0;0.0;0.0;0.0;;;0.0;0.0;0.0;0.0;;[];[];[];[];[];[];[];[];1.0;0.0;0.0;1.0;0.0;0.0;58687.0;46332.0;ajman club;al-nasr dubai csc;;;
2026-05-15;194585479;UAE Pro League;UAE;11:10;Schedule;False;0.2596491228070175;1.9;2.5, 3.0;1.9;2.5, 3.0;0.0;0.0;;0.0;0.0;0.0;0.0;0.0;;Sharjah SCC;;0.0;0.0;1.9;0;0.0;0 - 0;3.6;Khor Fakkan;;0.0;0.0;3.75;0;0.0;-0.5;0 - 0;0-0;2.75;1.25;-;nan;;;;;;;;;;;;;;;;0.0;0.0;0.0;0.0;;;0.0;0.0;0.0;0.0;;[];[];[];[];[];[];[];[];1.0;0.0;0.0;1.0;0.0;0.0;34060.0;290572.0;sharjah fc;khor fakkan club;;;
2026-05-15;194533556;Iraq Stars League;Iraq;11:30;Schedule;False;0.044526901669758756;1.75;2.0;2.05;2.0;0.0;0.0;;0.0;0.0;0.0;0.0;0.0;;Al Gharraf;;0.0;0.0;2.45;0;0.0;0 - 0;2.9;Al Karkh;;0.0;0.0;2.75;0;0.0;0.0;0 - 0;0-0;2.0;0.75;-;nan;;;;;;;;;;;;;;;;0.0;0.0;0.0;0.0;;;0.0;0.0;0.0;0.0;;[];[];[];[];[];[];[];[];1.0;0.0;0.0;1.0;0.0;0.0;;;;;;;
2026-05-15;194533560;Iraq Stars League;Iraq;11:30;Schedule;False;-0.015384615384615441;1.925;2.0, 2.5;1.875;2.0, 2.5;0.0;0.0;;0.0;0.0;0.0;0.0;0.0;;Mosul FC;;0.0;0.0;2.6;0;0.0;0 - 0;3.0;Duhok;;0.0;0.0;2.5;0;0.0;0.0;0 - 0;0-0;2.25;1.0;-;nan;;;;;;;;;;;;;;;;0.0;0.0;0.0;0.0;;;0.0;0.0;0.0;0.0;;[];[];[];[];[];[];[];[];1.0;0.0;0.0;1.0;0.0;0.0;;;;;;;
2026-05-15;194635827;Kyrgyzstan Top Liga;Kyrgyzstan;11:30;Schedule;False;0.40866873065015485;2.025;2.5;1.775;2.5;0.0;0.0;;0.0;0.0;0.0;0.0;0.0;;FC Bishkek City;;0.0;0.0;1.615;0;0.0;0 - 0;3.6;FK Kyrgyzaltyn;;0.0;0.0;4.75;0;0.0;-0.75;0 - 0;0-0;2.5;1.0;-;nan;;;;;;;;;;;;;;;;0.0;0.0;0.0;0.0;;;0.0;0.0;0.0;0.0;;[];[];[];[];[];[];[];[];1.0;0.0;0.0;1.0;0.0;0.0;;;;;;;
2026-05-15;194635830;Kyrgyzstan Top Liga;Kyrgyzstan;11:30;Schedule;False;-0.28528528528528535;1.9;2.5;1.9;2.5;0.0;0.0;;0.0;0.0;0.0;0.0;0.0;;FC Asiagoal;;0.0;0.0;3.7;0;0.0;0 - 0;3.5;FK Alga;;0.0;0.0;1.8;0;0.0;+0.5;0 - 0;0-0;2.5;1.0;-;nan;;;;;;;;;;;;;;;;0.0;0.0;0.0;0.0;;;0.0;0.0;0.0;0.0;;[];[];[];[];[];[];[];[];1.0;0.0;0.0;1.0;0.0;0.0;;;;;;;
2026-05-15;194532358;Uzbekistan Cup;Uzbekistan;11:30;Schedule;False;-0.16522423288749022;2.0;2.5;1.8;2.5;0.0;0.0;;0.0;0.0;0.0;0.0;0.0;;Gazalkent;;0.0;0.0;3.1;0;0.0;0 - 0;3.25;FC Lochin;;0.0;0.0;2.05;0;0.0;+0.25;0 - 0;0-0;2.5;1.0;-;nan;;;;;;;;;;;;;;;;0.0;0.0;0.0;0.0;;;0.0;0.0;0.0;0.0;;[];[];[];[];[];[];[];[];1.0;0.0;0.0;1.0;0.0;0.0;;;;;;;
2026-05-15;194533572;Iraq Stars League;Iraq;11:30;Schedule;False;0.08730158730158727;1.9;2.5;1.9;2.5;0.0;0.0;;0.0;0.0;0.0;0.0;0.0;;Amanat Baghdad;;0.0;0.0;2.25;0;0.0;0 - 0;3.2;Al Kahrabaa;;0.0;0.0;2.8;0;0.0;-0.25;0 - 0;0-0;2.5;1.0;-;nan;;;;;;;;;;;;;;;;0.0;0.0;0.0;0.0;;;0.0;0.0;0.0;0.0;;[];[];[];[];[];[];[];[];1.0;0.0;0.0;1.0;0.0;0.0;;;;;;;
2026-05-15;194530627;Kuwait League;Kuwait;11:40;Schedule;False;-0.38383838383838387;1.975;2.5;1.825;2.5;0.0;0.0;;0.0;0.0;0.0;0.0;0.0;;Al Shabab SC;;0.0;0.0;4.5;0;0.0;0 - 0;3.4;Kazma SC;;0.0;0.0;1.65;0;0.0;+0.75;0 - 0;0-0;2.5;1.0;-;nan;;;;;;;;;;;;;;;;0.0;0.0;0.0;0.0;;;0.0;0.0;0.0;0.0;;[];[];[];[];[];[];[];[];1.0;0.0;0.0;1.0;0.0;0.0;;;;;;;
2026-05-15;194490396;Latvia Virsliga;Latvia;12:00;Schedule;False;-0.15360983102918585;1.975;2.5;1.825;2.5;0.0;0.0;;0.0;0.0;0.0;0.0;0.0;;SC Grobinas;9.0;0.0;0.0;3.1;0;0.0;0 - 0;3.25;Tukums 2000;7.0;0.0;0.0;2.1;0;0.0;+0.25;0 - 0;0-0;2.5;1.0;-;nan;;;;;;;;;;;;;;;;0.0;0.0;0.0;0.0;;;0.0;0.0;0.0;0.0;;[];[];[];[];[];[];[];[];1.0;0.0;0.0;1.0;0.0;0.0;52220.0;36080.0;grobinas sc/lfs;fk tukums 2000/tss;1.72;1.83;
2026-05-15;193286259;Poland II Liga;Poland;12:00;Schedule;False;-0.39421301638587586;1.95;2.5, 3.0;1.85;2.5, 3.0;0.0;0.0;;0.0;0.0;0.0;0.0;0.0;;LKS Lodz II;;0.0;0.0;4.333;0;0.0;0 - 0;3.8;Unia Skierniewice;;0.0;0.0;1.6;0;0.0;+0.75;0 - 0;0-0;2.75;1.25;-;nan;;;;;;;;;;;;;;;;0.0;0.0;0.0;0.0;;;0.0;0.0;0.0;0.0;;[];[];[];[];[];[];[];[];1.0;0.0;0.0;1.0;0.0;0.0;681381.0;458143.0;lks lodz ii;unia skierniewice;;;Youth
2026-05-15;193332369;Slovakia 2. Liga;Slovakia;12:00;Schedule;False;0.016006402561024313;1.85;2.5, 3.0;1.95;2.5, 3.0;0.0;0.0;;0.0;0.0;0.0;0.0;0.0;;Puchov;;0.0;0.0;2.45;0;0.0;0 - 0;3.6;MSK Povazska Bystrica;;0.0;0.0;2.55;0;0.0;0.0;0 - 0;0-0;2.75;1.25;-;nan;;;;;;;;;;;;;;;;0.0;0.0;0.0;0.0;;;0.0;0.0;0.0;0.0;;[];[];[];[];[];[];[];[];1.0;0.0;0.0;1.0;0.0;0.0;;;;;;;
2026-05-15;193332385;Slovakia 2. Liga;Slovakia;12:00;Schedule;False;0.5224071702944943;2.0;3.0, 3.5;1.8;3.0, 3.5;0.0;0.0;;0.0;0.0;0.0;0.0;0.0;;MSK Zilina B;14.0;0.0;0.0;1.42;0;0.0;0 - 0;5.25;Slavia TU Kosice;12.0;0.0;0.0;5.5;0;0.0;-1.75;0 - 0;0-0;3.5;1.25;-;nan;;;;;;;;;;;;;;;;0.0;0.0;0.0;0.0;;;0.0;0.0;0.0;0.0;;[];[];[];[];[];[];[];[];1.0;0.0;0.0;1.0;0.0;0.0;2402.0;;msk zilina;;;;Youth
2026-05-15;194589666;Morocco Cup;Morocco;12:00;Schedule;False;0.5913043478260871;2.05;2.0, 2.5;1.75;2.0, 2.5;0.0;0.0;;0.0;0.0;0.0;0.0;0.0;;MAT Tetouan;;0.0;0.0;1.38;0;0.0;0 - 0;3.9;Fath Casablanca;;0.0;0.0;7.5;0;0.0;-1.25;0 - 0;0-0;2.25;0.75;-;nan;;;;;;;;;;;;;;;;0.0;0.0;0.0;0.0;;;0.0;0.0;0.0;0.0;;[];[];[];[];[];[];[];[];1.0;0.0;0.0;1.0;0.0;0.0;;;;;;;
2026-05-15;194530631;Lithuania 1 Lyga;Lithuania;12:00;Schedule;False;0.4229390681003584;1.95;3.0;1.85;3.0;0.0;0.0;;0.0;0.0;0.0;0.0;0.0;;FK Babrungas;2.0;0.0;0.0;1.55;0;0.0;0 - 0;4.0;FK Zalgiris Vilnius II;7.0;0.0;0.0;4.5;0;0.0;-1.0;0 - 0;0-0;3.0;1.25;-;nan;;;;;;;;;;;;;;;;0.0;0.0;0.0;0.0;;;0.0;0.0;0.0;0.0;;[];[];[];[];[];[];[];[];1.0;0.0;0.0;1.0;0.0;0.0;;5345.0;;vilnius fk zalgiris;;;Youth
2026-05-15;194531960;Morocco Cup;Morocco;12:00;Schedule;False;0.14066496163682868;1.8;1.5, 2.0;2.0;1.5, 2.0;0.0;0.0;;0.0;0.0;0.0;0.0;0.0;;SC Chabab Mohammedia;;0.0;0.0;2.3;0;0.0;0 - 0;2.6;Chabab Ben Guerir;;0.0;0.0;3.4;0;0.0;-0.25;0 - 0;0-0;1.75;0.75;-;nan;;;;;;;;;;;;;;;;0.0;0.0;0.0;0.0;;;0.0;0.0;0.0;0.0;;[];[];[];[];[];[];[];[];1.0;0.0;0.0;1.0;0.0;0.0;;;;;;;
2026-05-15;194543755;Azerbaijan Premier League;Azerbaijan;12:30;Schedule;False;0.24060150375939848;1.925;2.5;1.875;2.5;0.0;0.0;;0.0;0.0;0.0;0.0;0.0;;Araz FK;;0.0;0.0;1.9;0;0.0;0 - 0;3.3;FK Kapaz;;0.0;0.0;3.5;0;0.0;-0.25;0 - 0;0-0;2.5;1.0;-;nan;;;;;;;;;;;;;;;;0.0;0.0;0.0;0.0;;;0.0;0.0;0.0;0.0;;[];[];[];[];[];[];[];[];1.0;0.0;0.0;1.0;0.0;0.0;;;;;;;
2026-05-15;194592338;Finland Kolmonen;Finland;12:30;Schedule;False;-0.29411764705882354;1.925;3.5, 4.0;1.875;3.5, 4.0;0.0;0.0;;0.0;0.0;0.0;0.0;0.0;;LOPA;;0.0;0.0;3.4;0;0.0;0 - 0;4.333;EIF Academy;;0.0;0.0;1.7;0;0.0;+0.25;0 - 0;0-0;3.75;1.5;-;nan;;;;;;;;;;;;;;;;0.0;0.0;0.0;0.0;;;0.0;0.0;0.0;0.0;;[];[];[];[];[];[];[];[];1.0;0.0;0.0;1.0;0.0;0.0;;;;;;;
2026-05-15;194534499;Croatia 2.NL;Croatia;12:30;Schedule;False;0.33321335732853424;1.825;2.5;1.975;2.5;0.0;0.0;;0.0;0.0;0.0;0.0;0.0;;NK Hrvatski Dragovoljac;14.0;0.0;0.0;1.667;0;0.0;0 - 0;4.0;Radnik Krizevci;7.0;0.0;0.0;3.75;0;0.0;-0.75;0 - 0;0-0;2.5;1.0;-;nan;;;;;;;;;;;;;;;;0.0;0.0;0.0;0.0;;;0.0;0.0;0.0;0.0;;[];[];[];[];[];[];[];[];1.0;0.0;0.0;1.0;0.0;0.0;;;;;;;
2026-05-15;194533453;Czechia 4. Liga;Czech Republic;12:30;Schedule;False;-0.34965034965034963;1.925;3.0;1.875;3.0;0.0;0.0;;0.0;0.0;0.0;0.0;0.0;;Viktoria Marianske Lazne;;0.0;0.0;3.9;0;0.0;0 - 0;4.1;Chomutov;;0.0;0.0;1.65;0;0.0;+0.75;0 - 0;0-0;3.0;1.25;-;nan;;;;;;;;;;;;;;;;0.0;0.0;0.0;0.0;;;0.0;0.0;0.0;0.0;;[];[];[];[];[];[];[];[];1.0;0.0;0.0;1.0;0.0;0.0;;;;;;;
2026-05-15;194530199;Croatia 1.NL;Croatia;12:30;Schedule;False;0.348251811985181;1.775;2.0;2.025;2.0;0.0;0.0;;0.0;0.0;0.0;0.0;0.0;;Opatija;9.0;0.0;0.0;1.727;0;0.0;0 - 0;3.25;NK Croatia Zmijavci;12.0;0.0;0.0;4.333;0;0.0;-0.75;0 - 0;0-0;2.0;0.75;-;nan;;;;;;;;;;;;;;;;0.0;0.0;0.0;0.0;;;0.0;0.0;0.0;0.0;;[];[];[];[];[];[];[];[];1.0;0.0;0.0;1.0;0.0;0.0;44480.0;249455.0;nk opatija;nk croatia zmijavci;;;
2026-05-15;194534501;Croatia 2.NL;Croatia;12:30;Schedule;False;0.4144736842105263;1.85;2.5;1.95;2.5;0.0;0.0;;0.0;0.0;0.0;0.0;0.0;;Mladost Zdralovi;3.0;0.0;0.0;1.6;0;0.0;0 - 0;3.6;Bjelovar;10.0;0.0;0.0;4.75;0;0.0;-1.0;0 - 0;0-0;2.5;1.0;-;nan;;;;;;;;;;;;;;;;0.0;0.0;0.0;0.0;;;0.0;0.0;0.0;0.0;;[];[];[];[];[];[];[];[];1.0;0.0;0.0;1.0;0.0;0.0;;;;;;;
2026-05-15;193713798;Hungary NB I;Hungary;12:45;Schedule;False;0.5442253521126761;1.95;3.0;1.85;3.0;0.0;0.0;;0.0;0.0;0.0;0.0;0.0;;Nyiregyhaza;;0.0;0.0;1.42;0;0.0;0 - 0;4.75;Kazincbarcikai BSC;;0.0;0.0;6.25;0;0.0;-1.25;0 - 0;0-0;3.0;1.25;-;nan;;;;;;;;;;;;;;;;0.0;0.0;0.0;0.0;;;0.0;0.0;0.0;0.0;;[];[];[];[];[];[];[];[];1.0;0.0;0.0;1.0;0.0;0.0;5124.0;8059.0;nyiregyhaza spartacus fc;kazincbarcikai sc;1.72;1.72;
2026-05-15;194587696;Poland IV Liga;Poland;12:45;Schedule;False;0.5901875468867217;1.9;3.5, 4.0;1.9;3.5, 4.0;0.0;0.0;;0.0;0.0;0.0;0.0;0.0;;Ruch Wysokie Mazowieckie;;0.0;0.0;1.333;0;0.0;0 - 0;4.75;Turosnianka Turosn Koscielna;;0.0;0.0;6.25;0;0.0;-1.5;0 - 0;0-0;3.75;1.5;-;nan;;;;;;;;;;;;;;;;0.0;0.0;0.0;0.0;;;0.0;0.0;0.0;0.0;;[];[];[];[];[];[];[];[];1.0;0.0;0.0;1.0;0.0;0.0;;;;;;;
2026-05-15;194542763;Uganda Cup;Uganda;13:00;Schedule;False;0.18011257035647282;2.0;1.5, 2.0;1.8;1.5, 2.0;0.0;0.0;;0.0;0.0;0.0;0.0;0.0;;Vipers SC;;0.0;0.0;2.05;0;0.0;0 - 0;3.0;Kitara FC;;0.0;0.0;3.25;0;0.0;-0.5;0 - 0;0-0;1.75;0.75;-;nan;;;;;;;;;;;;;;;;0.0;0.0;0.0;0.0;;;0.0;0.0;0.0;0.0;;[];[];[];[];[];[];[];[];1.0;0.0;0.0;1.0;0.0;0.0;;;;;;;
2026-05-15;193267623;Poland Ekstraklasa;Poland;13:00;Schedule;False;0.0;1.85;2.5;1.95;2.5;0.0;0.0;;0.0;0.0;0.0;0.0;0.0;;Zaglebie Lubin;6.0;0.0;0.0;2.55;0;0.0;0 - 0;3.3;Pogon Szczecin;11.0;0.0;0.0;2.55;0;0.0;0.0;0 - 0;0-0;2.5;1.0;-;nan;;;;;;;;;;;;;;;;0.0;0.0;0.0;0.0;;;0.0;0.0;0.0;0.0;;[];[];[];[];[];[];[];[];1.0;0.0;0.0;1.0;0.0;0.0;3113.0;3117.0;zaglebie lubin;pogon szczecin;1.66;1.66;
2026-05-15;194532527;Norway Toppserien Women;Norway;13:00;Schedule;False;-0.5020445851470783;2.025;3.0, 3.5;1.775;3.0, 3.5;0.0;0.0;;0.0;0.0;0.0;0.0;0.0;;Bodo/Glimt (W);;0.0;0.0;5.25;0;0.0;0 - 0;4.333;LSK Kvinner (W);;0.0;0.0;1.444;0;0.0;+1.25;0 - 0;0-0;3.25;1.25;-;nan;;;;;;;;;;;;;;;;0.0;0.0;0.0;0.0;;;0.0;0.0;0.0;0.0;;[];[];[];[];[];[];[];[];1.0;0.0;0.0;1.0;0.0;0.0;656.0;;bodoe/glimt;;;;Women
2026-05-15;194532261;Lithuania II Lyga;Lithuania;13:00;Schedule;False;-0.5142857142857142;1.9;3.5, 4.0;1.9;3.5, 4.0;0.0;0.0;;0.0;0.0;0.0;0.0;0.0;;FKS Ukmerge;;0.0;0.0;5.0;0;0.0;0 - 0;5.0;Vilnius Football Academy;;0.0;0.0;1.4;0;0.0;+1.5;0 - 0;0-0;3.75;1.5;-;nan;;;;;;;;;;;;;;;;0.0;0.0;0.0;0.0;;;0.0;0.0;0.0;0.0;;[];[];[];[];[];[];[];[];1.0;0.0;0.0;1.0;0.0;0.0;;;;;;;Youth
2026-05-15;194531968;Norway Division 1 Women;Norway;13:00;Schedule;False;0.45614035087719296;1.775;2.5, 3.0;2.025;2.5, 3.0;0.0;0.0;;0.0;0.0;0.0;0.0;0.0;;IK Start (W);;0.0;0.0;1.5;0;0.0;0 - 0;4.333;Kolbotn (W);;0.0;0.0;4.75;0;0.0;-1.0;0 - 0;0-0;2.75;1.25;-;nan;;;;;;;;;;;;;;;;0.0;0.0;0.0;0.0;;;0.0;0.0;0.0;0.0;;[];[];[];[];[];[];[];[];1.0;0.0;0.0;1.0;0.0;0.0;667.0;;ik start;;;;Women
2026-05-15;194530718;Georgia Erovnuli Liga;Georgia;13:00;Schedule;False;0.11904761904761901;1.85;2.5;1.95;2.5;0.0;0.0;;0.0;0.0;0.0;0.0;0.0;;Torpedo Kutaisi;5.0;0.0;0.0;2.1;0;0.0;0 - 0;3.5;Dila Gori;3.0;0.0;0.0;2.8;0;0.0;-0.25;0 - 0;0-0;2.5;1.0;-;nan;;;;;;;;;;;;;;;;0.0;0.0;0.0;0.0;;;0.0;0.0;0.0;0.0;;[];[];[];[];[];[];[];[];1.0;0.0;0.0;1.0;0.0;0.0;;;;;;;
2026-05-15;194530633;Lithuania 1 Lyga;Lithuania;13:00;Schedule;False;0.675;1.8;3.0;2.0;3.0;0.0;0.0;;0.0;0.0;0.0;0.0;0.0;;DFK Dainava;;0.0;0.0;1.25;0;0.0;0 - 0;5.75;Hegelmann Litauen II;;0.0;0.0;8.0;0;0.0;-1.75;0 - 0;0-0;3.0;1.25;-;nan;;;;;;;;;;;;;;;;0.0;0.0;0.0;0.0;;;0.0;0.0;0.0;0.0;;[];[];[];[];[];[];[];[];1.0;0.0;0.0;1.0;0.0;0.0;;171484.0;;fc hegelmann kaunas;;;Youth
2026-05-15;194532518;Norway Toppserien Women;Norway;13:00;Schedule;False;0.7979675617470894;1.975;3.5, 4.0;1.825;3.5, 4.0;0.0;0.0;;0.0;0.0;0.0;0.0;0.0;;Valerenga (W);;0.0;0.0;1.143;0;0.0;0 - 0;7.5;Molde FK (W);;0.0;0.0;13.0;0;0.0;-2.25;0 - 0;0-0;3.75;1.5;-;nan;;;;;;;;;;;;;;;;0.0;0.0;0.0;0.0;;;0.0;0.0;0.0;0.0;;[];[];[];[];[];[];[];[];1.0;0.0;0.0;1.0;0.0;0.0;1165.0;;vaalerenga if;;;;Women
2026-05-15;194532521;Norway Toppserien Women;Norway;13:00;Schedule;False;0.45468509984639016;1.875;2.5, 3.0;1.925;2.5, 3.0;0.0;0.0;;0.0;0.0;0.0;0.0;0.0;;Lyn (W);;0.0;0.0;1.55;0;0.0;0 - 0;4.1;Røa (W);;0.0;0.0;5.25;0;0.0;-1.0;0 - 0;0-0;2.75;1.25;-;nan;;;;;;;;;;;;;;;;0.0;0.0;0.0;0.0;;;0.0;0.0;0.0;0.0;;[];[];[];[];[];[];[];[];1.0;0.0;0.0;1.0;0.0;0.0;;;;;;;Women
2026-05-15;194532523;Norway Toppserien Women;Norway;13:00;Schedule;False;-0.8222222222222222;1.925;3.5;1.875;3.5;0.0;0.0;;0.0;0.0;0.0;0.0;0.0;;Haugesund (W);;0.0;0.0;15.0;0;0.0;0 - 0;7.5;SK Brann (W);;0.0;0.0;1.125;0;0.0;+2.25;0 - 0;0-0;3.5;1.5;-;nan;;;;;;;;;;;;;;;;0.0;0.0;0.0;0.0;;;0.0;0.0;0.0;0.0;;[];[];[];[];[];[];[];[];1.0;0.0;0.0;1.0;0.0;0.0;673.0;1159.0;fk haugesund;sk brann;;;Women
2026-05-15;194532525;Norway Toppserien Women;Norway;13:00;Schedule;False;-0.3498800239952009;1.9;2.5, 3.0;1.9;2.5, 3.0;0.0;0.0;;0.0;0.0;0.0;0.0;0.0;;Stabaek (W);;0.0;0.0;4.0;0;0.0;0 - 0;3.7;Rosenborg (W);;0.0;0.0;1.667;0;0.0;+0.75;0 - 0;0-0;2.75;1.25;-;nan;;;;;;;;;;;;;;;;0.0;0.0;0.0;0.0;;;0.0;0.0;0.0;0.0;;[];[];[];[];[];[];[];[];1.0;0.0;0.0;1.0;0.0;0.0;1162.0;1161.0;stabaek if;rosenborg bk;;;Women
2026-05-15;194530643;Lithuania 1 Lyga;Lithuania;13:00;Schedule;False;-0.4991789819376027;1.8;3.0;2.0;3.0;0.0;0.0;;0.0;0.0;0.0;0.0;0.0;;FK Transinvest II;;0.0;0.0;5.25;0;0.0;0 - 0;4.1;FK BE1;;0.0;0.0;1.45;0;0.0;+1.25;0 - 0;0-0;3.0;1.25;-;nan;;;;;;;;;;;;;;;;0.0;0.0;0.0;0.0;;;0.0;0.0;0.0;0.0;;[];[];[];[];[];[];[];[];1.0;0.0;0.0;1.0;0.0;0.0;885005.0;;fk transinvest;;;;Youth
2026-05-15;193331689;Estonia Meistriliiga;Estonia;13:00;Schedule;False;0.025531914893617003;1.95;3.0, 3.5;1.85;3.0, 3.5;0.0;0.0;;0.0;0.0;0.0;0.0;0.0;;JK Tammeka Tartu;;0.0;0.0;2.35;0;0.0;0 - 0;3.5;JK Nomme United;;0.0;0.0;2.5;0;0.0;0.0;0 - 0;0-0;3.25;1.25;-;nan;;;;;;;;;;;;;;;;0.0;0.0;0.0;0.0;;;0.0;0.0;0.0;0.0;;[];[];[];[];[];[];[];[];1.0;0.0;0.0;1.0;0.0;0.0;138566.0;37572.0;tartu jk tammeka;fc nomme united;1.4;1.4;
2026-05-15;193719917;Croatia HNL;Croatia;13:00;Schedule;False;-0.25983945132881303;1.8;2.5;2.0;2.5;0.0;0.0;;0.0;0.0;0.0;0.0;0.0;;Vukovar 1991;10.0;0.0;0.0;3.5;0;0.0;0 - 0;3.4;NK Varazdin;4.0;0.0;0.0;1.833;0;0.0;+0.5;0 - 0;0-0;2.5;1.0;-;nan;;;;;;;;;;;;;;;;0.0;0.0;0.0;0.0;;;0.0;0.0;0.0;0.0;;[];[];[];[];[];[];[];[];1.0;0.0;0.0;1.0;0.0;0.0;6672.0;282653.0;hnk vukovar 1991;nk varazdin;;;
2026-05-15;194542760;Uganda Cup;Uganda;13:00;Schedule;False;0.5;2.05;2.0, 2.5;1.75;2.0, 2.5;0.0;0.0;;0.0;0.0;0.0;0.0;0.0;;SC Villa;;0.0;0.0;1.5;0;0.0;0 - 0;3.5;URA;;0.0;0.0;6.0;0;0.0;-1.0;0 - 0;0-0;2.25;0.75;-;nan;;;;;;;;;;;;;;;;0.0;0.0;0.0;0.0;;;0.0;0.0;0.0;0.0;;[];[];[];[];[];[];[];[];1.0;0.0;0.0;1.0;0.0;0.0;;;;;;;
2026-05-15;194469723;Cyprus Division 1;Cyprus;13:00;Schedule;False;-0.035714285714285754;1.925;2.5, 3.0;1.875;2.5, 3.0;0.0;0.0;;0.0;0.0;0.0;0.0;0.0;;Ethnikos Achna;;0.0;0.0;2.625;0;0.0;0 - 0;3.6;Omonia Aradippou;;0.0;0.0;2.4;0;0.0;0.0;0 - 0;0-0;2.75;1.25;-;nan;;;;;;;;;;;;;;;;0.0;0.0;0.0;0.0;;;0.0;0.0;0.0;0.0;;[];[];[];[];[];[];[];[];1.0;0.0;0.0;1.0;0.0;0.0;3396.0;25542.0;ethnikos achnas fc;omonia aradippou;1.57;1.57;
2026-05-15;194469706;Cyprus Division 1;Cyprus;13:00;Schedule;False;0.24255024255024266;1.825;2.5;1.975;2.5;0.0;0.0;;0.0;0.0;0.0;0.0;0.0;;Akritas Chlorakas;12.0;0.0;0.0;1.95;0;0.0;0 - 0;3.6;AEL Limassol;8.0;0.0;0.0;3.7;0;0.0;-0.5;0 - 0;0-0;2.5;1.0;-;nan;;;;;;;;;;;;;;;;0.0;0.0;0.0;0.0;;;0.0;0.0;0.0;0.0;;[];[];[];[];[];[];[];[];1.0;0.0;0.0;1.0;0.0;0.0;36398.0;3407.0;akritas chlorakas;ael limassol;1.72;1.72;
2026-05-15;194587687;Norway Toppserien Women;Norway;13:00;Schedule;False;0.5324675324675325;1.85;3.0;1.95;3.0;0.0;0.0;;0.0;0.0;0.0;0.0;0.0;;Fortuna Aalesund (W);;0.0;0.0;1.4;0;0.0;0 - 0;4.333;Honefoss (W);;0.0;0.0;5.5;0;0.0;-1.25;0 - 0;0-0;3.0;1.25;-;nan;;;;;;;;;;;;;;;;0.0;0.0;0.0;0.0;;;0.0;0.0;0.0;0.0;;[];[];[];[];[];[];[];[];1.0;0.0;0.0;1.0;0.0;0.0;;678.0;;hoenefoss bk;;;Women
2026-05-15;194543769;Bahrain Premier League;Bahrain;13:00;Schedule;False;0.8748832866479925;1.825;3.5;1.975;3.5;0.0;0.0;;0.0;0.0;0.0;0.0;0.0;;Al-Riffa;;0.0;0.0;1.071;0;0.0;0 - 0;9.0;Bahrain SC;;0.0;0.0;17.0;0;0.0;-2.75;0 - 0;0-0;3.5;1.5;-;nan;;;;;;;;;;;;;;;;0.0;0.0;0.0;0.0;;;0.0;0.0;0.0;0.0;;[];[];[];[];[];[];[];[];1.0;0.0;0.0;1.0;0.0;0.0;40659.0;60428.0;al riffa;al bahrain;;;
2026-05-15;193331586;Denmark Division 1;Denmark;13:00;Schedule;False;-0.27027027027027023;2.0;3.0;1.8;3.0;0.0;0.0;;0.0;0.0;0.0;0.0;0.0;;Kolding IF;;0.0;0.0;3.7;0;0.0;0 - 0;3.75;Lyngby;;0.0;0.0;1.85;0;0.0;+0.5;0 - 0;0-0;3.0;1.25;-;nan;;;;;;;;;;;;;;;;0.0;0.0;0.0;0.0;;;0.0;0.0;0.0;0.0;;[];[];[];[];[];[];[];[];1.0;0.0;0.0;1.0;0.0;0.0;22162.0;1756.0;kolding if;lyngby bk;1.66;1.57;
2026-05-15;194469728;Cyprus Division 1;Cyprus;13:00;Schedule;False;0.34064158781444726;1.9;2.0, 2.5;1.9;2.0, 2.5;0.0;0.0;;0.0;0.0;0.0;0.0;0.0;;Olympiakos Nicosia;11.0;0.0;0.0;1.75;0;0.0;0 - 0;3.2;Anorthosis Famagusta;9.0;0.0;0.0;4.333;0;0.0;-0.5;0 - 0;0-0;2.25;1.0;-;nan;;;;;;;;;;;;;;;;0.0;0.0;0.0;0.0;;;0.0;0.0;0.0;0.0;;[];[];[];[];[];[];[];[];1.0;0.0;0.0;1.0;0.0;0.0;3401.0;3403.0;olympiakos nicosia;anorthosis famagusta;1.83;1.83;
2026-05-15;193332031;Norway Division 1;Norway;13:00;Schedule;False;-0.0777058279370953;2.0;3.0;1.8;3.0;0.0;0.0;;0.0;0.0;0.0;0.0;0.0;;Sandnes Ulf;12.0;0.0;0.0;2.875;0;0.0;0 - 0;3.4;Egersunds;5.0;0.0;0.0;2.35;0;0.0;+0.25;0 - 0;0-0;3.0;1.25;-;nan;;;;;;;;;;;;;;;;0.0;0.0;0.0;0.0;;;0.0;0.0;0.0;0.0;;[];[];[];[];[];[];[];[];1.0;0.0;0.0;1.0;0.0;0.0;929.0;920.0;sandnes ulf;egersunds ik;1.5;1.5;
2026-05-15;194543759;Bahrain Premier League;Bahrain;13:00;Schedule;False;-0.07763975155279507;1.8;2.5;2.0;2.5;0.0;0.0;;0.0;0.0;0.0;0.0;0.0;;Budaiya;;0.0;0.0;2.8;0;0.0;0 - 0;3.0;Al-Ahli Manama;;0.0;0.0;2.3;0;0.0;+0.25;0 - 0;0-0;2.5;1.0;-;nan;;;;;;;;;;;;;;;;0.0;0.0;0.0;0.0;;;0.0;0.0;0.0;0.0;;[];[];[];[];[];[];[];[];1.0;0.0;0.0;1.0;0.0;0.0;193666.0;45471.0;al budaiya;al-ahli sc manama;;;
2026-05-15;194543766;Bahrain Premier League;Bahrain;13:00;Schedule;False;0.38109756097560976;1.825;2.5;1.975;2.5;0.0;0.0;;0.0;0.0;0.0;0.0;0.0;;Al Hidd;;0.0;0.0;1.6;0;0.0;0 - 0;4.0;Al Shabab Manama;;0.0;0.0;4.1;0;0.0;-0.75;0 - 0;0-0;2.5;1.0;-;nan;;;;;;;;;;;;;;;;0.0;0.0;0.0;0.0;;;0.0;0.0;0.0;0.0;;[];[];[];[];[];[];[];[];1.0;0.0;0.0;1.0;0.0;0.0;45472.0;45476.0;al hidd;al-shabab;;;
2026-05-15;193336402;Poland I Liga;Poland;13:00;Schedule;False;-0.13178294573643412;1.925;2.5;1.875;2.5;0.0;0.0;;0.0;0.0;0.0;0.0;0.0;;Pogon Siedlce;;0.0;0.0;3.0;0;0.0;0 - 0;3.25;Stal Mielec;;0.0;0.0;2.15;0;0.0;+0.25;0 - 0;0-0;2.5;1.0;-;nan;;;;;;;;;;;;;;;;0.0;0.0;0.0;0.0;;;0.0;0.0;0.0;0.0;;[];[];[];[];[];[];[];[];1.0;0.0;0.0;1.0;0.0;0.0;162252.0;38732.0;pogon siedlce;fks stal mielec;1.72;1.72;
2026-05-15;194587699;Poland IV Liga;Poland;13:00;Schedule;False;-0.707219494453537;1.9;3.5;1.9;3.5;0.0;0.0;;0.0;0.0;0.0;0.0;0.0;;Gwarek Tarnowskie Gory;;0.0;0.0;9.0;0;0.0;0 - 0;5.5;Podlesianka Katowice;;0.0;0.0;1.222;0;0.0;+2.0;0 - 0;0-0;3.5;1.5;-;nan;;;;;;;;;;;;;;;;0.0;0.0;0.0;0.0;;;0.0;0.0;0.0;0.0;;[];[];[];[];[];[];[];[];1.0;0.0;0.0;1.0;0.0;0.0;;;;;;;
2026-05-15;194537842;Finland Kolmonen;Finland;13:15;Schedule;False;0.6176049766718507;1.825;3.5;1.975;3.5;0.0;0.0;;0.0;0.0;0.0;0.0;0.0;;ESPA;;0.0;0.0;1.286;0;0.0;0 - 0;5.75;MPS;;0.0;0.0;6.25;0;0.0;-1.75;0 - 0;0-0;3.5;1.5;-;nan;;;;;;;;;;;;;;;;0.0;0.0;0.0;0.0;;;0.0;0.0;0.0;0.0;;[];[];[];[];[];[];[];[];1.0;0.0;0.0;1.0;0.0;0.0;;;;;;;
2026-05-15;193715946;Saudi Arabia Pro League;Saudi Arabia;13:15;Schedule;False;0.3409435575040671;1.975;2.5;1.825;2.5;0.0;0.0;;0.0;0.0;0.0;0.0;0.0;;Damac FC;15.0;0.0;0.0;1.727;0;0.0;0 - 0;3.5;Al Feiha;10.0;0.0;0.0;4.2;0;0.0;-0.75;0 - 0;0-0;2.5;1.0;-;nan;;;;;;;;;;;;;;;;0.0;0.0;0.0;0.0;;;0.0;0.0;0.0;0.0;;[];[];[];[];[];[];[];[];1.0;0.0;0.0;1.0;0.0;0.0;220298.0;168094.0;damac fc;al-fayha fc;2.0;2.0;
2026-05-15;194531977;Norway Division 3 Group 3;Norway;13:30;Schedule;False;0.027777777777777735;1.825;3.5;1.975;3.5;0.0;0.0;;0.0;0.0;0.0;0.0;0.0;;Djerv 1919;;0.0;0.0;2.25;0;0.0;0 - 0;4.0;Vard Haugesund;;0.0;0.0;2.4;0;0.0;0.0;0 - 0;0-0;3.5;1.5;-;nan;;;;;;;;;;;;;;;;0.0;0.0;0.0;0.0;;;0.0;0.0;0.0;0.0;;[];[];[];[];[];[];[];[];1.0;0.0;0.0;1.0;0.0;0.0;;;;;;;
2026-05-15;194531971;Norway Division 1 Women;Norway;13:30;Schedule;False;0.33321335732853424;1.95;3.0;1.85;3.0;0.0;0.0;;0.0;0.0;0.0;0.0;0.0;;Odd BK (W);;0.0;0.0;1.667;0;0.0;0 - 0;3.9;Fyllingsdalen (W);;0.0;0.0;3.75;0;0.0;-0.75;0 - 0;0-0;3.0;1.25;-;nan;;;;;;;;;;;;;;;;0.0;0.0;0.0;0.0;;;0.0;0.0;0.0;0.0;;[];[];[];[];[];[];[];[];1.0;0.0;0.0;1.0;0.0;0.0;659.0;;odds bk;;;;Women
2026-05-15;194530635;Lithuania 1 Lyga;Lithuania;13:30;Schedule;False;0.5901875468867217;1.85;3.0;1.95;3.0;0.0;0.0;;0.0;0.0;0.0;0.0;0.0;;FK Garliava;;0.0;0.0;1.333;0;0.0;0 - 0;5.25;FK Kauno Zalgiris II;;0.0;0.0;6.25;0;0.0;-1.5;0 - 0;0-0;3.0;1.25;-;nan;;;;;;;;;;;;;;;;0.0;0.0;0.0;0.0;;;0.0;0.0;0.0;0.0;;[];[];[];[];[];[];[];[];1.0;0.0;0.0;1.0;0.0;0.0;;80741.0;;fk kauno zalgiris;;;Youth
2026-05-15;194538428;Sweden Damallsvenskan;Sweden;13:30;Schedule;False;0.05228758169934633;1.8;2.5, 3.0;2.0;2.5, 3.0;0.0;0.0;;0.0;0.0;0.0;0.0;0.0;;FC Rosengård (W);;0.0;0.0;2.25;0;0.0;0 - 0;3.6;Kristianstads (W);;0.0;0.0;2.55;0;0.0;0.0;0 - 0;0-0;2.75;1.25;-;nan;;;;;;;;;;;;;;;;0.0;0.0;0.0;0.0;;;0.0;0.0;0.0;0.0;;[];[];[];[];[];[];[];[];1.0;0.0;0.0;1.0;0.0;0.0;;;;;;;Women
2026-05-15;194533537;Denmark Danmarksserien Relegation;Denmark;13:30;Schedule;False;0.3691950464396285;1.975;3.0, 3.5;1.825;3.0, 3.5;0.0;0.0;;0.0;0.0;0.0;0.0;0.0;;Skovshoved;;0.0;0.0;1.615;0;0.0;0 - 0;4.1;AB Tårnby;;0.0;0.0;4.0;0;0.0;-0.75;0 - 0;0-0;3.25;1.25;-;nan;;;;;;;;;;;;;;;;0.0;0.0;0.0;0.0;;;0.0;0.0;0.0;0.0;;[];[];[];[];[];[];[];[];1.0;0.0;0.0;1.0;0.0;0.0;;;;;;;
2026-05-15;194533506;Denmark Danmarksserien Promotion;Denmark;13:30;Schedule;False;0.22297309188180842;1.9;3.0;1.9;3.0;0.0;0.0;;0.0;0.0;0.0;0.0;0.0;;Avarta;;0.0;0.0;1.833;0;0.0;0 - 0;4.0;Gørslev IF;;0.0;0.0;3.1;0;0.0;-0.5;0 - 0;0-0;3.0;1.25;-;nan;;;;;;;;;;;;;;;;0.0;0.0;0.0;0.0;;;0.0;0.0;0.0;0.0;;[];[];[];[];[];[];[];[];1.0;0.0;0.0;1.0;0.0;0.0;;;;;;;
2026-05-15;194536238;Sweden Elitettan;Sweden;13:30;Schedule;False;-0.5902806870548805;1.9;2.5, 3.0;1.9;2.5, 3.0;0.0;0.0;;0.0;0.0;0.0;0.0;0.0;;Alingsås IF (W);;0.0;0.0;7.0;0;0.0;0 - 0;4.2;Elfsborg (W);;0.0;0.0;1.364;0;0.0;+1.5;0 - 0;0-0;2.75;1.25;-;nan;;;;;;;;;;;;;;;;0.0;0.0;0.0;0.0;;;0.0;0.0;0.0;0.0;;[];[];[];[];[];[];[];[];1.0;0.0;0.0;1.0;0.0;0.0;;1762.0;;if elfsborg;;;Women
2026-05-15;194537863;Finland Kolmonen;Finland;13:30;Schedule;False;0.42857142857142855;1.9;3.5, 4.0;1.9;3.5, 4.0;0.0;0.0;;0.0;0.0;0.0;0.0;0.0;;Valtti;;0.0;0.0;1.5;0;0.0;0 - 0;4.75;FC Kontu;;0.0;0.0;4.2;0;0.0;-1.25;0 - 0;0-0;3.75;1.5;-;nan;;;;;;;;;;;;;;;;0.0;0.0;0.0;0.0;;;0.0;0.0;0.0;0.0;;[];[];[];[];[];[];[];[];1.0;0.0;0.0;1.0;0.0;0.0;;;;;;;
2026-05-15;194585482;UAE Pro League;UAE;13:45;Schedule;False;0.5901875468867217;1.925;3.0, 3.5;1.875;3.0, 3.5;0.0;0.0;;0.0;0.0;0.0;0.0;0.0;;Al Wasl SC;;0.0;0.0;1.333;0;0.0;0 - 0;5.0;Al Ittihad Kalba;;0.0;0.0;6.25;0;0.0;-1.5;0 - 0;0-0;3.25;1.25;-;nan;;;;;;;;;;;;;;;;0.0;0.0;0.0;0.0;;;0.0;0.0;0.0;0.0;;[];[];[];[];[];[];[];[];1.0;0.0;0.0;1.0;0.0;0.0;47674.0;55705.0;al wasl fc;ittihad kalba fc;;;
2026-05-15;194537852;Finland Kolmonen;Finland;13:45;Schedule;False;-0.3887510339123242;1.925;3.5;1.875;3.5;0.0;0.0;;0.0;0.0;0.0;0.0;0.0;;PPS;;0.0;0.0;3.9;0;0.0;0 - 0;4.75;TiPS;;0.0;0.0;1.55;0;0.0;+1.0;0 - 0;0-0;3.5;1.5;-;nan;;;;;;;;;;;;;;;;0.0;0.0;0.0;0.0;;;0.0;0.0;0.0;0.0;;[];[];[];[];[];[];[];[];1.0;0.0;0.0;1.0;0.0;0.0;;;;;;;
2026-05-15;194533582;Iraq Stars League;Iraq;14:00;Schedule;False;0.25604551920341395;1.9;2.0, 2.5;1.9;2.0, 2.5;0.0;0.0;;0.0;0.0;0.0;0.0;0.0;;Al Quwa Al Jawiya;;0.0;0.0;1.9;0;0.0;0 - 0;3.1;Al Talaba;;0.0;0.0;3.7;0;0.0;-0.5;0 - 0;0-0;2.25;1.0;-;nan;;;;;;;;;;;;;;;;0.0;0.0;0.0;0.0;;;0.0;0.0;0.0;0.0;;[];[];[];[];[];[];[];[];1.0;0.0;0.0;1.0;0.0;0.0;;;;;;;
2026-05-15;194533796;Norway Division 2 Group 2;Norway;14:00;Schedule;False;-0.4215287371947474;1.825;3.5;1.975;3.5;0.0;0.0;;0.0;0.0;0.0;0.0;0.0;;Ullensaker/Kisa;;0.0;0.0;4.333;0;0.0;0 - 0;4.333;Eidsvold TF;;0.0;0.0;1.533;0;0.0;+1.0;0 - 0;0-0;3.5;1.5;-;nan;;;;;;;;;;;;;;;;0.0;0.0;0.0;0.0;;;0.0;0.0;0.0;0.0;;[];[];[];[];[];[];[];[];1.0;0.0;0.0;1.0;0.0;0.0;692.0;694.0;ullensaker/kisa;eidsvold tf;;;
2026-05-15;194636928;Mauritania Cup;Mauritania;14:00;Schedule;False;-0.348251811985181;1.875;2.0, 2.5;1.925;2.0, 2.5;0.0;0.0;;0.0;0.0;0.0;0.0;0.0;;ASC Gendrim;;0.0;0.0;4.333;0;0.0;0 - 0;3.3;AS Douanes Nouakchott;;0.0;0.0;1.727;0;0.0;+0.75;0 - 0;0-0;2.25;1.0;-;nan;;;;;;;;;;;;;;;;0.0;0.0;0.0;0.0;;;0.0;0.0;0.0;0.0;;[];[];[];[];[];[];[];[];1.0;0.0;0.0;1.0;0.0;0.0;;;;;;;
2026-05-15;194536539;Austria Regionalliga Ost;Austria;14:00;Schedule;False;-0.16369047619047616;2.0;2.5, 3.0;1.8;2.5, 3.0;0.0;0.0;;0.0;0.0;0.0;0.0;0.0;;Sportunion Mauer;;0.0;0.0;3.2;0;0.0;0 - 0;3.1;SV Leobendorf;;0.0;0.0;2.1;0;0.0;+0.25;0 - 0;0-0;2.75;1.0;-;nan;;;;;;;;;;;;;;;;0.0;0.0;0.0;0.0;;;0.0;0.0;0.0;0.0;;[];[];[];[];[];[];[];[];1.0;0.0;0.0;1.0;0.0;0.0;;;;;;;
2026-05-15;194535625;Sweden 2.div Norra Götaland;Sweden;14:00;Schedule;False;0.6697545159796201;2.0;3.0, 3.5;1.8;3.0, 3.5;0.0;0.0;;0.0;0.0;0.0;0.0;0.0;;Husqvarna FF;;0.0;0.0;1.27;0;0.0;0 - 0;5.0;IK Tord;;0.0;0.0;8.5;0;0.0;-1.5;0 - 0;0-0;3.25;1.25;-;nan;;;;;;;;;;;;;;;;0.0;0.0;0.0;0.0;;;0.0;0.0;0.0;0.0;;[];[];[];[];[];[];[];[];1.0;0.0;0.0;1.0;0.0;0.0;1820.0;1828.0;husqvarna ff;ik tord;;;
2026-05-15;194592340;Finland Kolmonen;Finland;14:00;Schedule;False;0.4448886920615515;1.975;4.0, 4.5;1.825;4.0, 4.5;0.0;0.0;;0.0;0.0;0.0;0.0;0.0;;Toukolan Teras;;0.0;0.0;1.48;0;0.0;0 - 0;4.75;Atlantis FC/PM;;0.0;0.0;4.333;0;0.0;-1.25;0 - 0;0-0;4.25;1.75;-;nan;;;;;;;;;;;;;;;;0.0;0.0;0.0;0.0;;;0.0;0.0;0.0;0.0;;[];[];[];[];[];[];[];[];1.0;0.0;0.0;1.0;0.0;0.0;;;;;;;
2026-05-15;194536524;Austria Regionalliga Mitte;Austria;14:00;Schedule;False;-0.47038327526132406;1.95;4.5, 5.0;1.85;4.5, 5.0;0.0;0.0;;0.0;0.0;0.0;0.0;0.0;;SV Lafnitz;;0.0;0.0;4.1;0;0.0;0 - 0;6.25;ASK Voitsberg;;0.0;0.0;1.4;0;0.0;+1.5;0 - 0;0-0;4.75;2.0;-;nan;;;;;;;;;;;;;;;;0.0;0.0;0.0;0.0;;;0.0;0.0;0.0;0.0;;[];[];[];[];[];[];[];[];1.0;0.0;0.0;1.0;0.0;0.0;;;;;;;
2026-05-15;194536529;Austria Regionalliga Mitte;Austria;14:00;Schedule;False;-0.04262574595055413;1.775;2.0, 2.5;2.025;2.0, 2.5;0.0;0.0;;0.0;0.0;0.0;0.0;0.0;;Union Gurten;2.0;0.0;0.0;2.55;0;0.0;0 - 0;3.5;Askoe Oedt;4.0;0.0;0.0;2.3;0;0.0;0.0;0 - 0;0-0;2.25;1.0;-;nan;;;;;;;;;;;;;;;;0.0;0.0;0.0;0.0;;;0.0;0.0;0.0;0.0;;[];[];[];[];[];[];[];[];1.0;0.0;0.0;1.0;0.0;0.0;;;;;;;
2026-05-15;194533576;Iraq Stars League;Iraq;14:00;Schedule;False;-0.4451612903225806;1.8;2.0, 2.5;2.0;2.0, 2.5;0.0;0.0;;0.0;0.0;0.0;0.0;0.0;;Diyala FC;;0.0;0.0;5.0;0;0.0;0 - 0;3.7;Al Shorta SC;;0.0;0.0;1.55;0;0.0;+1.0;0 - 0;0-0;2.25;1.0;-;nan;;;;;;;;;;;;;;;;0.0;0.0;0.0;0.0;;;0.0;0.0;0.0;0.0;;[];[];[];[];[];[];[];[];1.0;0.0;0.0;1.0;0.0;0.0;;;;;;;
2026-05-15;194536515;Austria Landesliga;Austria;14:00;Schedule;False;-0.36858974358974356;1.95;3.5, 4.0;1.85;3.5, 4.0;0.0;0.0;;0.0;0.0;0.0;0.0;0.0;;UFC Fehring;;0.0;0.0;3.9;0;0.0;0 - 0;4.333;SV Allerheiligen;;0.0;0.0;1.6;0;0.0;+1.0;0 - 0;0-0;3.75;1.5;-;nan;;;;;;;;;;;;;;;;0.0;0.0;0.0;0.0;;;0.0;0.0;0.0;0.0;;[];[];[];[];[];[];[];[];1.0;0.0;0.0;1.0;0.0;0.0;;;;;;;
2026-05-15;194536521;Austria Regionalliga Mitte;Austria;14:00;Schedule;False;0.47567567567567565;1.925;3.0, 3.5;1.875;3.0, 3.5;0.0;0.0;;0.0;0.0;0.0;0.0;0.0;;FC Gleisdorf 09;13.0;0.0;0.0;1.48;0;0.0;0 - 0;4.333;St. Anna am Aigen;16.0;0.0;0.0;5.0;0;0.0;-1.0;0 - 0;0-0;3.25;1.25;-;nan;;;;;;;;;;;;;;;;0.0;0.0;0.0;0.0;;;0.0;0.0;0.0;0.0;;[];[];[];[];[];[];[];[];1.0;0.0;0.0;1.0;0.0;0.0;;;;;;;
2026-05-15;194536250;Sweden Elitettan;Sweden;14:00;Schedule;False;-0.2012538231467243;1.975;3.0;1.825;3.0;0.0;0.0;;0.0;0.0;0.0;0.0;0.0;;BK Hacken (W) II;;0.0;0.0;3.1;0;0.0;0 - 0;3.8;Husqvarna FF (W);;0.0;0.0;1.909;0;0.0;+0.5;0 - 0;0-0;3.0;1.25;-;nan;;;;;;;;;;;;;;;;0.0;0.0;0.0;0.0;;;0.0;0.0;0.0;0.0;;[];[];[];[];[];[];[];[];1.0;0.0;0.0;1.0;0.0;0.0;1760.0;1820.0;bk hacken;husqvarna ff;;;Youth-Women
2026-05-15;194635950;Argentina Reserve League;Argentina;14:00;Schedule;False;0.5901875468867217;1.9;3.5;1.9;3.5;0.0;0.0;;0.0;0.0;0.0;0.0;0.0;;JJ Urquiza Reserves;;0.0;0.0;1.333;0;0.0;0 - 0;4.75;Centro Espanol Reserves;;0.0;0.0;6.25;0;0.0;-1.5;0 - 0;0-0;3.5;1.5;-;nan;;;;;;;;;;;;;;;;0.0;0.0;0.0;0.0;;;0.0;0.0;0.0;0.0;;[];[];[];[];[];[];[];[];1.0;0.0;0.0;1.0;0.0;0.0;;;;;;;Youth
2026-05-15;194531979;Norway Division 3 Group 2;Norway;14:00;Schedule;False;-0.16267942583732053;1.975;4.0, 4.5;1.825;4.0, 4.5;0.0;0.0;;0.0;0.0;0.0;0.0;0.0;;Ranheim 2;;0.0;0.0;2.75;0;0.0;0 - 0;4.333;Rosenborg 2;;0.0;0.0;1.9;0;0.0;+0.5;0 - 0;0-0;4.25;1.75;-;nan;;;;;;;;;;;;;;;;0.0;0.0;0.0;0.0;;;0.0;0.0;0.0;0.0;;[];[];[];[];[];[];[];[];1.0;0.0;0.0;1.0;0.0;0.0;;;;;;;
2026-05-15;194635546;Colombia U19 Championship;Colombia;14:00;Schedule;False;-0.5646376811594204;1.85;3.0;1.95;3.0;0.0;0.0;;0.0;0.0;0.0;0.0;0.0;;Real Santuario U19;;0.0;0.0;6.25;0;0.0;0 - 0;4.333;Aguilas Doradas U19;;0.0;0.0;1.38;0;0.0;+1.25;0 - 0;0-0;3.0;1.25;-;nan;;;;;;;;;;;;;;;;0.0;0.0;0.0;0.0;;;0.0;0.0;0.0;0.0;;[];[];[];[];[];[];[];[];1.0;0.0;0.0;1.0;0.0;0.0;;;;;;;Youth
2026-05-15;194531957;Malta Premier League;Malta;14:00;Schedule;False;-0.26777595926532094;1.8;2.0, 2.5;2.0;2.0, 2.5;0.0;0.0;;0.0;0.0;0.0;0.0;0.0;;Valletta;;0.0;0.0;3.6;0;0.0;0 - 0;3.5;Hamrun Spartans;;0.0;0.0;1.833;0;0.0;+0.5;0 - 0;0-0;2.25;1.0;-;nan;;;;;;;;;;;;;;;;0.0;0.0;0.0;0.0;;;0.0;0.0;0.0;0.0;;[];[];[];[];[];[];[];[];1.0;0.0;0.0;1.0;0.0;0.0;;;;;;;
2026-05-15;194536499;Austria Landesliga;Austria;14:00;Schedule;False;0.21862348178137647;1.85;2.5, 3.0;1.95;2.5, 3.0;0.0;0.0;;0.0;0.0;0.0;0.0;0.0;;SV Schwechat;;0.0;0.0;1.9;0;0.0;0 - 0;3.6;FC Stadlau;;0.0;0.0;3.25;0;0.0;-0.5;0 - 0;0-0;2.75;1.25;-;nan;;;;;;;;;;;;;;;;0.0;0.0;0.0;0.0;;;0.0;0.0;0.0;0.0;;[];[];[];[];[];[];[];[];1.0;0.0;0.0;1.0;0.0;0.0;;;;;;;
2026-05-15;194527353;Türkiye 1 Lig;Turkey;14:00;Schedule;False;0.4365372374283896;1.8;2.5;2.0;2.5;0.0;0.0;;0.0;0.0;0.0;0.0;0.0;;Corum FK;;0.0;0.0;1.571;0;0.0;0 - 0;3.7;Bodrum FK;;0.0;0.0;5.0;0;0.0;-0.75;0 - 0;0-0;2.5;1.0;-;nan;;;;;;;;;;;;;;;;0.0;0.0;0.0;0.0;;;0.0;0.0;0.0;0.0;;[];[];[];[];[];[];[];[];1.0;0.0;0.0;1.0;0.0;0.0;77629.0;216876.0;corum fk;bodrum fk;1.8;1.8;
2026-05-15;194536533;Austria Regionalliga Mitte;Austria;14:00;Schedule;False;0.45614035087719296;1.9;3.5, 4.0;1.9;3.5, 4.0;0.0;0.0;;0.0;0.0;0.0;0.0;0.0;;SC Weiz;10.0;0.0;0.0;1.5;0;0.0;0 - 0;4.2;SV Ried II;14.0;0.0;0.0;4.75;0;0.0;-1.25;0 - 0;0-0;3.75;1.5;-;nan;;;;;;;;;;;;;;;;0.0;0.0;0.0;0.0;;;0.0;0.0;0.0;0.0;;[];[];[];[];[];[];[];[];1.0;0.0;0.0;1.0;0.0;0.0;;2049.0;;sv ried;;;Youth
2026-05-15;193331592;Denmark Division 1;Denmark;14:00;Schedule;False;-0.008503401360544283;1.9;3.5;1.9;3.5;0.0;0.0;;0.0;0.0;0.0;0.0;0.0;;B93 Copenhagen;;0.0;0.0;2.45;0;0.0;0 - 0;4.0;AaB;;0.0;0.0;2.4;0;0.0;0.0;0 - 0;0-0;3.25;1.25;-;nan;;;;;;;;;;;;;;;;0.0;0.0;0.0;0.0;;;0.0;0.0;0.0;0.0;;[];[];[];[];[];[];[];[];1.0;0.0;0.0;1.0;0.0;0.0;1298.0;1290.0;b93 copenhagen;aalborg bk;1.5;1.5;
2026-05-15;194526037;Lithuania A Lyga;Lithuania;14:00;Schedule;False;-0.4851994851994852;2.0;2.5;1.8;2.5;0.0;0.0;;0.0;0.0;0.0;0.0;0.0;;FK Riteriai;10.0;0.0;0.0;5.25;0;0.0;0 - 0;3.9;FK Panevezys;7.0;0.0;0.0;1.48;0;0.0;+1.0;0 - 0;0-0;2.5;nan;-;nan;;;;;;;;;;;;;;;;0.0;0.0;0.0;0.0;;;0.0;0.0;0.0;0.0;;[];[];[];[];[];[];[];[];1.0;0.0;0.0;1.0;0.0;0.0;547277.0;197434.0;fk riteriai;fk panevezys;1.9;1.9;
2026-05-15;194527055;Portugal Segunda Liga;Portugal;14:00;Schedule;False;-0.09740259740259738;1.85;2.5;1.95;2.5;0.0;0.0;;0.0;0.0;0.0;0.0;0.0;;FC Porto B;6.0;0.0;0.0;2.8;0;0.0;0 - 0;3.4;Benfica B;9.0;0.0;0.0;2.2;0;0.0;+0.25;0 - 0;0-0;2.5;1.0;-;nan;;;;;;;;;;;;;;;;0.0;0.0;0.0;0.0;;;0.0;0.0;0.0;0.0;;[];[];[];[];[];[];[];[];1.0;0.0;0.0;1.0;0.0;0.0;74469.0;74465.0;fc porto b;sl benfica b;;;Youth
2026-05-15;194537869;Finland Kolmonen;Finland;14:00;Schedule;False;-0.7006835467411187;1.975;4.5, 5.0;1.825;4.5, 5.0;0.0;0.0;;0.0;0.0;0.0;0.0;0.0;;JyTy;;0.0;0.0;8.5;0;0.0;0 - 0;6.5;Peimari United;;0.0;0.0;1.222;0;0.0;+2.25;0 - 0;0-0;4.75;2.0;-;nan;;;;;;;;;;;;;;;;0.0;0.0;0.0;0.0;;;0.0;0.0;0.0;0.0;;[];[];[];[];[];[];[];[];1.0;0.0;0.0;1.0;0.0;0.0;;;;;;;
2026-05-15;194537873;Finland Kolmonen;Finland;14:00;Schedule;False;0.31194295900178254;1.8;4.0, 4.5;2.0;4.0, 4.5;0.0;0.0;;0.0;0.0;0.0;0.0;0.0;;Gnistan/Ogeli;;0.0;0.0;1.65;0;0.0;0 - 0;4.5;ToTe/Tapio;;0.0;0.0;3.4;0;0.0;-0.75;0 - 0;0-0;4.25;1.75;-;nan;;;;;;;;;;;;;;;;0.0;0.0;0.0;0.0;;;0.0;0.0;0.0;0.0;;[];[];[];[];[];[];[];[];1.0;0.0;0.0;1.0;0.0;0.0;;;;;;;
2026-05-15;194537875;Finland Kolmonen;Finland;14:00;Schedule;False;-0.5142857142857142;1.975;4.0, 4.5;1.825;4.0, 4.5;0.0;0.0;;0.0;0.0;0.0;0.0;0.0;;ACE;;0.0;0.0;5.0;0;0.0;0 - 0;5.0;Tampere Utd II;;0.0;0.0;1.4;0;0.0;+1.5;0 - 0;0-0;4.25;1.75;-;nan;;;;;;;;;;;;;;;;0.0;0.0;0.0;0.0;;;0.0;0.0;0.0;0.0;;[];[];[];[];[];[];[];[];1.0;0.0;0.0;1.0;0.0;0.0;;2241.0;;tampere united;;;Youth
2026-05-15;193718112;Türkiye Super Lig;Turkey;14:00;Schedule;False;-0.19696969696969696;1.9;3.0, 3.5;1.9;3.0, 3.5;0.0;0.0;;0.0;0.0;0.0;0.0;0.0;;Caykur Rizespor;;0.0;0.0;3.3;0;0.0;0 - 0;3.8;Besiktas;;0.0;0.0;2.0;0;0.0;+0.25;0 - 0;0-0;3.25;1.25;-;nan;;;;;;;;;;;;;;;;0.0;0.0;0.0;0.0;;;0.0;0.0;0.0;0.0;;[];[];[];[];[];[];[];[];1.0;0.0;0.0;1.0;0.0;0.0;3064.0;3050.0;caykur rizespor;besiktas istanbul;1.36;1.4;
2026-05-15;194587693;Poland IV Liga;Poland;14:00;Schedule;False;-0.5963413930405679;2.0;3.5;1.8;3.5;0.0;0.0;;0.0;0.0;0.0;0.0;0.0;;KS Wiazownica;;0.0;0.0;6.5;0;0.0;0 - 0;4.75;JKS Jaroslaw;;0.0;0.0;1.333;0;0.0;+1.5;0 - 0;0-0;3.5;1.5;-;nan;;;;;;;;;;;;;;;;0.0;0.0;0.0;0.0;;;0.0;0.0;0.0;0.0;;[];[];[];[];[];[];[];[];1.0;0.0;0.0;1.0;0.0;0.0;;;;;;;
2026-05-15;194538430;Switzerland 1.Liga Promotion;Switzerland;14:00;Schedule;False;-0.3801269810181332;1.825;3.5;1.975;3.5;0.0;0.0;;0.0;0.0;0.0;0.0;0.0;;Lausanne Sport II;;0.0;0.0;3.9;0;0.0;0 - 0;4.5;Biel Bienne;;0.0;0.0;1.571;0;0.0;+1.0;0 - 0;0-0;3.5;1.5;-;nan;;;;;;;;;;;;;;;;0.0;0.0;0.0;0.0;;;0.0;0.0;0.0;0.0;;[];[];[];[];[];[];[];[];1.0;0.0;0.0;1.0;0.0;0.0;;;;;;;Youth
2026-05-15;194531974;Norway Division 3 Group 1;Norway;14:00;Schedule;False;0.12962962962962965;1.925;4.0;1.875;4.0;0.0;0.0;;0.0;0.0;0.0;0.0;0.0;;KFUM 2;;0.0;0.0;2.0;0;0.0;0 - 0;4.1;Valerenga 2;;0.0;0.0;2.7;0;0.0;-0.25;0 - 0;0-0;4.0;1.75;-;nan;;;;;;;;;;;;;;;;0.0;0.0;0.0;0.0;;;0.0;0.0;0.0;0.0;;[];[];[];[];[];[];[];[];1.0;0.0;0.0;1.0;0.0;0.0;;;;;;;
2026-05-15;194536496;Austria Landesliga;Austria;14:00;Schedule;False;0.46743295019157094;1.975;3.5;1.825;3.5;0.0;0.0;;0.0;0.0;0.0;0.0;0.0;;Admira Wacker II;;0.0;0.0;1.45;0;0.0;0 - 0;5.0;ASV Schrems;;0.0;0.0;4.5;0;0.0;-1.25;0 - 0;0-0;3.5;1.5;-;nan;;;;;;;;;;;;;;;;0.0;0.0;0.0;0.0;;;0.0;0.0;0.0;0.0;;[];[];[];[];[];[];[];[];1.0;0.0;0.0;1.0;0.0;0.0;2050.0;;fc admira wacker modling;;;;Youth
2026-05-15;194543740;Austria Regionalliga Ost;Austria;14:10;Schedule;False;0.11255411255411252;1.975;3.0, 3.5;1.825;3.0, 3.5;0.0;0.0;;0.0;0.0;0.0;0.0;0.0;;Favoritner AC;;0.0;0.0;2.1;0;0.0;0 - 0;3.7;Neusiedl;;0.0;0.0;2.75;0;0.0;-0.25;0 - 0;0-0;3.25;1.25;-;nan;;;;;;;;;;;;;;;;0.0;0.0;0.0;0.0;;;0.0;0.0;0.0;0.0;;[];[];[];[];[];[];[];[];1.0;0.0;0.0;1.0;0.0;0.0;;;;;;;
2026-05-15;194530629;Kuwait League;Kuwait;14:15;Schedule;False;0.2923976608187135;2.0;2.5;1.8;2.5;0.0;0.0;;0.0;0.0;0.0;0.0;0.0;;Al Qadsia SC;;0.0;0.0;1.8;0;0.0;0 - 0;3.3;Al Salmiyah SC;;0.0;0.0;3.8;0;0.0;-0.5;0 - 0;0-0;2.5;1.0;-;nan;;;;;;;;;;;;;;;;0.0;0.0;0.0;0.0;;;0.0;0.0;0.0;0.0;;[];[];[];[];[];[];[];[];1.0;0.0;0.0;1.0;0.0;0.0;;;;;;;
2026-05-15;194517921;France National;France;14:30;Schedule;False;0.40866873065015485;1.825;2.5;1.975;2.5;0.0;0.0;;0.0;0.0;0.0;0.0;0.0;;Sochaux;2.0;0.0;0.0;1.615;0;0.0;0 - 0;3.5;Le Puy;7.0;0.0;0.0;4.75;0;0.0;-0.75;0 - 0;0-0;2.5;1.0;-;nan;;;;;;;;;;;;;;;;0.0;0.0;0.0;0.0;;;0.0;0.0;0.0;0.0;;[];[];[];[];[];[];[];[];1.0;0.0;0.0;1.0;0.0;0.0;1657.0;181754.0;sochaux-montbeliard;le puy foot 43 auvergne;1.83;1.83;
2026-05-15;194636535;Denmark Danmarksserien Relegation;Denmark;14:30;Schedule;False;-0.28054298642533937;1.975;3.5, 4.0;1.825;3.5, 4.0;0.0;0.0;;0.0;0.0;0.0;0.0;0.0;;Horsens fS;;0.0;0.0;3.25;0;0.0;0 - 0;4.5;Nørresundby;;0.0;0.0;1.7;0;0.0;+0.75;0 - 0;0-0;3.75;1.5;-;nan;;;;;;;;;;;;;;;;0.0;0.0;0.0;0.0;;;0.0;0.0;0.0;0.0;;[];[];[];[];[];[];[];[];1.0;0.0;0.0;1.0;0.0;0.0;;;;;;;
2026-05-15;194517898;France National;France;14:30;Schedule;False;0.4144736842105263;1.925;3.0;1.875;3.0;0.0;0.0;;0.0;0.0;0.0;0.0;0.0;;Dijon;;0.0;0.0;1.6;0;0.0;0 - 0;3.6;US Orleans;;0.0;0.0;4.75;0;0.0;-1.0;0 - 0;0-0;3.0;1.25;-;nan;;;;;;;;;;;;;;;;0.0;0.0;0.0;0.0;;;0.0;0.0;0.0;0.0;;[];[];[];[];[];[];[];[];1.0;0.0;0.0;1.0;0.0;0.0;477222.0;6921.0;dijon fco;us orleans;;;
2026-05-15;194517867;France National;France;14:30;Schedule;False;-0.14285714285714285;1.95;3.0;1.85;3.0;0.0;0.0;;0.0;0.0;0.0;0.0;0.0;;Aubagne Air Bel;12.0;0.0;0.0;3.0;0;0.0;0 - 0;3.3;Caen;8.0;0.0;0.0;2.1;0;0.0;+0.25;0 - 0;0-0;3.0;1.25;-;nan;;;;;;;;;;;;;;;;0.0;0.0;0.0;0.0;;;0.0;0.0;0.0;0.0;;[];[];[];[];[];[];[];[];1.0;0.0;0.0;1.0;0.0;0.0;59792.0;1667.0;sc aubagne air bel;sm caen;1.61;1.61;
2026-05-15;194517880;France National;France;14:30;Schedule;False;0.1923076923076923;1.9;2.5, 3.0;1.9;2.5, 3.0;0.0;0.0;;0.0;0.0;0.0;0.0;0.0;;Concarneau;9.0;0.0;0.0;2.0;0;0.0;0 - 0;3.2;Villefranche;11.0;0.0;0.0;3.25;0;0.0;-0.25;0 - 0;0-0;2.75;1.25;-;nan;;;;;;;;;;;;;;;;0.0;0.0;0.0;0.0;;;0.0;0.0;0.0;0.0;;[];[];[];[];[];[];[];[];1.0;0.0;0.0;1.0;0.0;0.0;6917.0;32934.0;us concarneau;fc villefranche beaujolais;1.8;1.8;
2026-05-15;194536255;Sweden 2.div Norra Götaland;Sweden;14:30;Schedule;False;0.6347478338147079;2.0;3.5;1.8;3.5;0.0;0.0;;0.0;0.0;0.0;0.0;0.0;;IFK Skövde FK;;0.0;0.0;1.286;0;0.0;0 - 0;5.25;Vänersborgs IF;;0.0;0.0;7.0;0;0.0;-1.75;0 - 0;0-0;3.5;1.5;-;nan;;;;;;;;;;;;;;;;0.0;0.0;0.0;0.0;;;0.0;0.0;0.0;0.0;;[];[];[];[];[];[];[];[];1.0;0.0;0.0;1.0;0.0;0.0;191150.0;102047.0;ifk skovde fk;vanersborgs if;;;
2026-05-15;194517909;France National;France;14:30;Schedule;False;0.032051282051282104;1.975;2.5, 3.0;1.825;2.5, 3.0;0.0;0.0;;0.0;0.0;0.0;0.0;0.0;;FC Fleury 91;3.0;0.0;0.0;2.4;0;0.0;0 - 0;3.25;Rouen;4.0;0.0;0.0;2.6;0;0.0;0.0;0 - 0;0-0;2.75;1.0;-;nan;;;;;;;;;;;;;;;;0.0;0.0;0.0;0.0;;;0.0;0.0;0.0;0.0;;[];[];[];[];[];[];[];[];1.0;0.0;0.0;1.0;0.0;0.0;83361.0;4493.0;fc fleury 91;fc rouen;1.72;1.66;
2026-05-15;194517930;France National;France;14:30;Schedule;False;0.5998044965786901;1.8;2.5, 3.0;2.0;2.5, 3.0;0.0;0.0;;0.0;0.0;0.0;0.0;0.0;;Versailles;5.0;0.0;0.0;1.364;0;0.0;0 - 0;4.5;Stade Briochin;17.0;0.0;0.0;7.5;0;0.0;-1.5;0 - 0;0-0;2.75;1.25;-;nan;;;;;;;;;;;;;;;;0.0;0.0;0.0;0.0;;;0.0;0.0;0.0;0.0;;[];[];[];[];[];[];[];[];1.0;0.0;0.0;1.0;0.0;0.0;39126.0;236320.0;fc versailles 78;stade briochin;1.83;1.83;
2026-05-15;194543744;Austria Regionalliga Ost;Austria;14:30;Schedule;False;0.9124869383490073;1.8;3.5;2.0;3.5;0.0;0.0;;0.0;0.0;0.0;0.0;0.0;;Kremser SC;;0.0;0.0;1.056;0;0.0;0 - 0;12.0;TWL Elektra;;0.0;0.0;29.0;0;0.0;-3.0;0 - 0;0-0;3.5;1.5;-;nan;;;;;;;;;;;;;;;;0.0;0.0;0.0;0.0;;;0.0;0.0;0.0;0.0;;[];[];[];[];[];[];[];[];1.0;0.0;0.0;1.0;0.0;0.0;;;;;;;
2026-05-15;193715932;Romania Liga I;Romania;14:30;Schedule;False;-0.06441223832528187;2.05;2.0, 2.5;1.75;2.0, 2.5;0.0;0.0;;0.0;0.0;0.0;0.0;0.0;;FC Arges Pitesti;;0.0;0.0;2.7;0;0.0;0 - 0;3.25;Rapid Bucuresti;;0.0;0.0;2.3;0;0.0;+0.25;0 - 0;0-0;2.25;0.75;-;nan;;;;;;;;;;;;;;;;0.0;0.0;0.0;0.0;;;0.0;0.0;0.0;0.0;;[];[];[];[];[];[];[];[];1.0;0.0;0.0;1.0;0.0;0.0;116221.0;3302.0;acs champions fc arges;rapid bucuresti 1923;;;
2026-05-15;194517925;France National;France;14:30;Schedule;False;-0.33182503770739064;1.9;2.5, 3.0;1.9;2.5, 3.0;0.0;0.0;;0.0;0.0;0.0;0.0;0.0;;Valenciennes;10.0;0.0;0.0;3.9;0;0.0;0 - 0;3.7;Chateauroux;16.0;0.0;0.0;1.7;0;0.0;+0.75;0 - 0;0-0;2.75;1.25;-;nan;;;;;;;;;;;;;;;;0.0;0.0;0.0;0.0;;;0.0;0.0;0.0;0.0;;[];[];[];[];[];[];[];[];1.0;0.0;0.0;1.0;0.0;0.0;5061.0;1666.0;valenciennes fc;lb chateauroux;1.61;1.66;
2026-05-15;194543751;Austria Regionalliga Ost;Austria;14:30;Schedule;False;-0.20373514431239387;2.0;3.0, 3.5;1.8;3.0, 3.5;0.0;0.0;;0.0;0.0;0.0;0.0;0.0;;SV Donau;;0.0;0.0;3.1;0;0.0;0 - 0;3.7;FCM Traiskirchen;;0.0;0.0;1.9;0;0.0;+0.5;0 - 0;0-0;3.25;1.25;-;nan;;;;;;;;;;;;;;;;0.0;0.0;0.0;0.0;;;0.0;0.0;0.0;0.0;;[];[];[];[];[];[];[];[];1.0;0.0;0.0;1.0;0.0;0.0;;;;;;;
2026-05-15;194543748;Austria Regionalliga Ost;Austria;14:30;Schedule;False;-0.11904761904761901;1.8;3.0;2.0;3.0;0.0;0.0;;0.0;0.0;0.0;0.0;0.0;;Wiener Sportclub;;0.0;0.0;2.8;0;0.0;0 - 0;3.5;Oberwart;;0.0;0.0;2.1;0;0.0;+0.25;0 - 0;0-0;3.0;1.25;-;nan;;;;;;;;;;;;;;;;0.0;0.0;0.0;0.0;;;0.0;0.0;0.0;0.0;;[];[];[];[];[];[];[];[];1.0;0.0;0.0;1.0;0.0;0.0;;;;;;;
2026-05-15;194536518;Austria Landesliga;Austria;14:30;Schedule;False;0.16499442586399116;1.8;3.0, 3.5;2.0;3.0, 3.5;0.0;0.0;;0.0;0.0;0.0;0.0;0.0;;ASV Siegendorf;;0.0;0.0;1.95;0;0.0;0 - 0;3.9;SC Oberpullendorf;;0.0;0.0;2.875;0;0.0;-0.25;0 - 0;0-0;3.25;1.5;-;nan;;;;;;;;;;;;;;;;0.0;0.0;0.0;0.0;;;0.0;0.0;0.0;0.0;;[];[];[];[];[];[];[];[];1.0;0.0;0.0;1.0;0.0;0.0;;;;;;;
2026-05-15;194517915;France National;France;14:30;Schedule;False;0.2631578947368421;1.9;2.0, 2.5;1.9;2.0, 2.5;0.0;0.0;;0.0;0.0;0.0;0.0;0.0;;US Quevilly;;0.0;0.0;1.9;0;0.0;0 - 0;3.1;Paris 13 Atletico;;0.0;0.0;3.8;0;0.0;-0.5;0 - 0;0-0;2.25;1.0;-;nan;;;;;;;;;;;;;;;;0.0;0.0;0.0;0.0;;;0.0;0.0;0.0;0.0;;[];[];[];[];[];[];[];[];1.0;0.0;0.0;1.0;0.0;0.0;233162.0;610054.0;quevilly-rouen metropole;paris 13 atletico;2.0;2.0;
2026-05-15;194533808;Peru Liga 2;Peru;15:00;Schedule;False;0.00816326530612238;1.8;2.0, 2.5;2.0;2.0, 2.5;0.0;0.0;;0.0;0.0;0.0;0.0;0.0;;Sport Huancayo Reserves;;0.0;0.0;2.45;0;0.0;0 - 0;3.2;Union Minas;;0.0;0.0;2.5;0;0.0;0.0;0 - 0;0-0;2.25;1.0;-;nan;;;;;;;;;;;;;;;;0.0;0.0;0.0;0.0;;;0.0;0.0;0.0;0.0;;[];[];[];[];[];[];[];[];1.0;0.0;0.0;1.0;0.0;0.0;;;;;;;Youth
2026-05-15;194531962;Morocco Cup;Morocco;15:00;Schedule;False;0.5156756756756756;1.775;2.0;2.025;2.0;0.0;0.0;;0.0;0.0;0.0;0.0;0.0;;Kawkab Marrakech;;0.0;0.0;1.48;0;0.0;0 - 0;3.5;JS Soualem;;0.0;0.0;6.25;0;0.0;-1.0;0 - 0;0-0;2.0;0.75;-;nan;;;;;;;;;;;;;;;;0.0;0.0;0.0;0.0;;;0.0;0.0;0.0;0.0;;[];[];[];[];[];[];[];[];1.0;0.0;0.0;1.0;0.0;0.0;47696.0;;kawkab athletic club of marrakech;;;;
2026-05-15;194534746;Argentina Championship Women;Argentina;15:00;Schedule;False;-0.2596491228070175;1.9;2.0;1.9;2.0;0.0;0.0;;0.0;0.0;0.0;0.0;0.0;;Independiente (W);;0.0;0.0;3.75;0;0.0;0 - 0;3.0;San Luis FC (W);;0.0;0.0;1.9;0;0.0;+0.5;0 - 0;0-0;2.0;0.75;-;nan;;;;;;;;;;;;;;;;0.0;0.0;0.0;0.0;;;0.0;0.0;0.0;0.0;;[];[];[];[];[];[];[];[];1.0;0.0;0.0;1.0;0.0;0.0;3209.0;;ca independiente avellaneda;;;;Women
2026-05-15;194535645;Sweden 2.div Södra Svealand;Sweden;15:00;Schedule;False;0.3221022462174231;2.0;3.5;1.8;3.5;0.0;0.0;;0.0;0.0;0.0;0.0;0.0;;Ragsveds IF;;0.0;0.0;1.667;0;0.0;0 - 0;4.2;FOC Farsta;;0.0;0.0;3.6;0;0.0;-0.75;0 - 0;0-0;3.5;1.5;-;nan;;;;;;;;;;;;;;;;0.0;0.0;0.0;0.0;;;0.0;0.0;0.0;0.0;;[];[];[];[];[];[];[];[];1.0;0.0;0.0;1.0;0.0;0.0;35643.0;22263.0;raagsveds if;foc farsta;;;
2026-05-15;194538701;Brazil Paulista Serie B;Brazil;15:00;Schedule;False;-0.4848484848484848;1.9;2.5;1.9;2.5;0.0;0.0;;0.0;0.0;0.0;0.0;0.0;;Votoraty U23;;0.0;0.0;5.5;0;0.0;0 - 0;3.8;Paulinia Universitario U23;;0.0;0.0;1.5;0;0.0;+1.0;0 - 0;0-0;2.5;1.0;-;nan;;;;;;;;;;;;;;;;0.0;0.0;0.0;0.0;;;0.0;0.0;0.0;0.0;;[];[];[];[];[];[];[];[];1.0;0.0;0.0;1.0;0.0;0.0;;;;;;;Youth
2026-05-15;194538712;Brazil Campeonato Catarinense U20;Brazil;15:00;Schedule;False;-0.5731378299120233;2.0;3.0, 3.5;1.8;3.0, 3.5;0.0;0.0;;0.0;0.0;0.0;0.0;0.0;;Carlos Renaux U20;;0.0;0.0;6.25;0;0.0;0 - 0;4.5;Figueirense U20;;0.0;0.0;1.364;0;0.0;+1.5;0 - 0;0-0;3.25;1.25;-;nan;;;;;;;;;;;;;;;;0.0;0.0;0.0;0.0;;;0.0;0.0;0.0;0.0;;[];[];[];[];[];[];[];[];1.0;0.0;0.0;1.0;0.0;0.0;;1985.0;;figueirense fc sc;;;Youth
2026-05-15;193715951;Saudi Arabia Pro League;Saudi Arabia;15:00;Schedule;False;0.4229390681003584;1.825;3.0;1.975;3.0;0.0;0.0;;0.0;0.0;0.0;0.0;0.0;;Al Taawon Buraidah;;0.0;0.0;1.55;0;0.0;0 - 0;4.1;Al Riyadh;;0.0;0.0;4.5;0;0.0;-1.0;0 - 0;0-0;3.0;1.25;-;nan;;;;;;;;;;;;;;;;0.0;0.0;0.0;0.0;;;0.0;0.0;0.0;0.0;;[];[];[];[];[];[];[];[];1.0;0.0;0.0;1.0;0.0;0.0;56021.0;168088.0;al-taawoun fc;al-riyadh sc;1.8;1.72;
2026-05-15;194413852;Italy Serie B;Italy;15:00;Schedule;False;-0.02747252747252743;1.925;2.0;1.875;2.0;0.0;0.0;;0.0;0.0;0.0;0.0;0.0;;Bari;17.0;0.0;0.0;2.8;0;0.0;0 - 0;3.0;Sudtirol;16.0;0.0;0.0;2.6;0;0.0;0.0;0 - 0;0-0;2.0;0.75;-;nan;;;;;;;;;;;;;;;;0.0;0.0;0.0;0.0;;;0.0;0.0;0.0;0.0;;[];[];[];[];[];[];[];[];1.0;0.0;0.0;1.0;0.0;0.0;2712.0;2760.0;ssc bari;fc sudtirol bolzano;1.9;1.95;Youth
2026-05-15;194527062;Portugal Segunda Liga;Portugal;15:00;Schedule;False;0.14297729184188396;1.9;2.5, 3.0;1.9;2.5, 3.0;0.0;0.0;;0.0;0.0;0.0;0.0;0.0;;Maritimo;;0.0;0.0;2.05;0;0.0;0 - 0;3.5;Chaves;;0.0;0.0;2.9;0;0.0;-0.25;0 - 0;0-0;2.75;1.25;-;nan;;;;;;;;;;;;;;;;0.0;0.0;0.0;0.0;;;0.0;0.0;0.0;0.0;;[];[];[];[];[];[];[];[];1.0;0.0;0.0;1.0;0.0;0.0;3007.0;3025.0;maritimo madeira;gd chaves;;;
2026-05-15;194586400;Belgium Reserve League;Belgium;15:00;Schedule;False;-0.7210236886632826;2.0;4.0, 4.5;1.8;4.0, 4.5;0.0;0.0;;0.0;0.0;0.0;0.0;0.0;;ROC Charleroi Reserves;;0.0;0.0;8.0;0;0.0;0 - 0;8.0;KV Kortrijk Reserves;;0.0;0.0;1.182;0;0.0;+2.25;0 - 0;0-0;4.25;1.75;-;nan;;;;;;;;;;;;;;;;0.0;0.0;0.0;0.0;;;0.0;0.0;0.0;0.0;;[];[];[];[];[];[];[];[];1.0;0.0;0.0;1.0;0.0;0.0;;;;;;;Youth
2026-05-15;194579547;Belgium Reserve League;Belgium;15:00;Schedule;False;-0.11255411255411252;1.95;3.5;1.85;3.5;0.0;0.0;;0.0;0.0;0.0;0.0;0.0;;Patro Eisden Maasmechelen Reserves;;0.0;0.0;2.75;0;0.0;0 - 0;3.7;RAAL La Louviere Reserves;;0.0;0.0;2.1;0;0.0;+0.25;0 - 0;0-0;3.5;1.5;-;nan;;;;;;;;;;;;;;;;0.0;0.0;0.0;0.0;;;0.0;0.0;0.0;0.0;;[];[];[];[];[];[];[];[];1.0;0.0;0.0;1.0;0.0;0.0;;;;;;;Youth
2026-05-15;194621485;Argentina Championship Women;Argentina;15:00;Schedule;False;0.4155844155844156;1.85;2.0;1.95;2.0;0.0;0.0;;0.0;0.0;0.0;0.0;0.0;;River Plate (W);;0.0;0.0;1.65;0;0.0;0 - 0;3.25;Ferro Carril Oeste (W);;0.0;0.0;5.25;0;0.0;-0.75;0 - 0;0-0;2.0;0.75;-;nan;;;;;;;;;;;;;;;;0.0;0.0;0.0;0.0;;;0.0;0.0;0.0;0.0;;[];[];[];[];[];[];[];[];1.0;0.0;0.0;1.0;0.0;0.0;3211.0;36841.0;ca river plate (arg);ferro carril oeste;;;Women
2026-05-15;193286251;Poland II Liga;Poland;15:00;Schedule;False;0.0;2.0;3.0;1.8;3.0;0.0;0.0;;0.0;0.0;0.0;0.0;0.0;;Resovia Rzeszow;;0.0;0.0;2.4;0;0.0;0 - 0;3.6;Stal Stalowa Wola;;0.0;0.0;2.4;0;0.0;0.0;0 - 0;0-0;3.0;1.25;-;nan;;;;;;;;;;;;;;;;0.0;0.0;0.0;0.0;;;0.0;0.0;0.0;0.0;;[];[];[];[];[];[];[];[];1.0;0.0;0.0;1.0;0.0;0.0;37204.0;7920.0;cwks resovia;zks stal stalowa wola;;;Youth
2026-05-15;194592334;Brazil Campeonato Paranaense U20;Brazil;15:00;Schedule;False;-0.4417894050193979;1.8;2.5, 3.0;2.0;2.5, 3.0;0.0;0.0;;0.0;0.0;0.0;0.0;0.0;;Araucaria ECR U20;;0.0;0.0;4.75;0;0.0;0 - 0;4.0;Athletico Paranaense U20;;0.0;0.0;1.533;0;0.0;+1.0;0 - 0;0-0;2.75;1.25;-;nan;;;;;;;;;;;;;;;;0.0;0.0;0.0;0.0;;;0.0;0.0;0.0;0.0;;[];[];[];[];[];[];[];[];1.0;0.0;0.0;1.0;0.0;0.0;;1967.0;;ca paranaense pr;;;Youth
2026-05-15;194586395;Belgium Reserve League;Belgium;15:00;Schedule;False;-0.06511627906976741;1.85;3.5;1.95;3.5;0.0;0.0;;0.0;0.0;0.0;0.0;0.0;;KFCO Beerschot-Wilrijk Reserves;;0.0;0.0;2.5;0;0.0;0 - 0;4.0;RWDM Brussels Reserves;;0.0;0.0;2.15;0;0.0;+0.25;0 - 0;0-0;3.5;1.5;-;nan;;;;;;;;;;;;;;;;0.0;0.0;0.0;0.0;;;0.0;0.0;0.0;0.0;;[];[];[];[];[];[];[];[];1.0;0.0;0.0;1.0;0.0;0.0;;;;;;;Youth-Women
2026-05-15;193713809;Hungary NB I;Hungary;15:00;Schedule;False;0.2271062271062272;1.8;2.5, 3.0;2.0;2.5, 3.0;0.0;0.0;;0.0;0.0;0.0;0.0;0.0;;Puskas Academy;6.0;0.0;0.0;1.95;0;0.0;0 - 0;3.6;MTK Budapest;10.0;0.0;0.0;3.5;0;0.0;-0.5;0 - 0;0-0;2.75;1.25;-;nan;;;;;;;;;;;;;;;;0.0;0.0;0.0;0.0;;;0.0;0.0;0.0;0.0;;[];[];[];[];[];[];[];[];1.0;0.0;0.0;1.0;0.0;0.0;25596.0;1915.0;puskas akademia fc felcsut;mtk budapest;1.61;1.57;
2026-05-15;194579549;Belgium Reserve League;Belgium;15:00;Schedule;False;-0.87072945521699;1.975;4.5, 5.0;1.825;4.5, 5.0;0.0;0.0;;0.0;0.0;0.0;0.0;0.0;;RFC Liege Reserves;;0.0;0.0;19.0;0;0.0;0 - 0;11.0;Westerlo Reserves;;0.0;0.0;1.083;0;0.0;+3.25;0 - 0;0-0;4.75;2.0;-;nan;;;;;;;;;;;;;;;;0.0;0.0;0.0;0.0;;;0.0;0.0;0.0;0.0;;[];[];[];[];[];[];[];[];1.0;0.0;0.0;1.0;0.0;0.0;;;;;;;Youth
2026-05-15;194592344;Iceland Cup Women;Iceland;15:00;Schedule;False;-0.27731092436974786;1.8;3.0;2.0;3.0;0.0;0.0;;0.0;0.0;0.0;0.0;0.0;;Thor/KA Akureyri (W);;0.0;0.0;3.4;0;0.0;0 - 0;4.0;Stjarnan (W);;0.0;0.0;1.75;0;0.0;+0.5;0 - 0;0-0;3.0;1.25;-;nan;;;;;;;;;;;;;;;;0.0;0.0;0.0;0.0;;;0.0;0.0;0.0;0.0;;[];[];[];[];[];[];[];[];1.0;0.0;0.0;1.0;0.0;0.0;;1912.0;;stjarnan gardabae;;;Women
2026-05-15;194579544;Belgium Reserve League;Belgium;15:00;Schedule;False;-0.36858974358974356;1.875;3.0, 3.5;1.925;3.0, 3.5;0.0;0.0;;0.0;0.0;0.0;0.0;0.0;;Lierse SK Reserves;;0.0;0.0;3.9;0;0.0;0 - 0;4.333;Lommel Reserves;;0.0;0.0;1.6;0;0.0;+1.0;0 - 0;0-0;3.25;1.25;-;nan;;;;;;;;;;;;;;;;0.0;0.0;0.0;0.0;;;0.0;0.0;0.0;0.0;;[];[];[];[];[];[];[];[];1.0;0.0;0.0;1.0;0.0;0.0;;;;;;;Youth
2026-05-15;193996692;England League 2;England;15:15;Schedule;False;0.14685314685314682;2.025;2.5;1.825;2.5;0.0;0.0;;0.0;0.0;0.0;0.0;0.0;;Salford City;4.0;0.0;0.0;2.2;0;0.0;0 - 0;3.25;Grimsby;7.0;0.0;0.0;3.25;0;0.0;-0.25;0 - 0;0-0;2.5;1.0;-;nan;;;;;;;;;;;;;;;;0.0;0.0;0.0;0.0;;;0.0;0.0;0.0;0.0;;[];[];[];[];[];[];[];[];1.0;0.0;0.0;1.0;0.0;0.0;37998.0;18.0;salford city;grimsby town;1.72;1.72;
2026-05-15;194272264;Switzerland Challenge League;Switzerland;15:15;Schedule;False;0.21795989537925015;1.975;3.0, 3.5;1.825;3.0, 3.5;0.0;0.0;;0.0;0.0;0.0;0.0;0.0;;FC Rapperswil-Jona;6.0;0.0;0.0;1.85;0;0.0;0 - 0;3.8;Stade Nyonnais;8.0;0.0;0.0;3.1;0;0.0;-0.5;0 - 0;0-0;3.25;1.25;-;nan;;;;;;;;;;;;;;;;0.0;0.0;0.0;0.0;;;0.0;0.0;0.0;0.0;;[];[];[];[];[];[];[];[];1.0;0.0;0.0;1.0;0.0;0.0;37390.0;2490.0;fc rapperswil-jona;fc stade nyonnais;1.57;1.57;
2026-05-15;194272251;Switzerland Challenge League;Switzerland;15:15;Schedule;False;-0.32903879559930516;1.85;3.0;1.95;3.0;0.0;0.0;;0.0;0.0;0.0;0.0;0.0;;Wil 1900;;0.0;0.0;4.0;0;0.0;0 - 0;4.1;FC Vaduz;;0.0;0.0;1.727;0;0.0;+0.75;0 - 0;0-0;3.0;1.25;-;nan;;;;;;;;;;;;;;;;0.0;0.0;0.0;0.0;;;0.0;0.0;0.0;0.0;;[];[];[];[];[];[];[];[];1.0;0.0;0.0;1.0;0.0;0.0;2455.0;2463.0;fc wil 1900;fc vaduz;1.61;1.61;
2026-05-15;194272255;Switzerland Challenge League;Switzerland;15:15;Schedule;False;0.47619047619047616;1.95;3.0, 3.5;1.85;3.0, 3.5;0.0;0.0;;0.0;0.0;0.0;0.0;0.0;;Aarau;2.0;0.0;0.0;1.5;0;0.0;0 - 0;4.5;Yverdon Sport FC;3.0;0.0;0.0;5.25;0;0.0;-1.0;0 - 0;0-0;3.25;1.25;-;nan;;;;;;;;;;;;;;;;0.0;0.0;0.0;0.0;;;0.0;0.0;0.0;0.0;;[];[];[];[];[];[];[];[];1.0;0.0;0.0;1.0;0.0;0.0;2447.0;2460.0;fc aarau;yverdon-sport;1.61;1.61;
2026-05-15;194272253;Switzerland Challenge League;Switzerland;15:15;Schedule;False;0.1923076923076923;1.875;3.0, 3.5;1.925;3.0, 3.5;0.0;0.0;;0.0;0.0;0.0;0.0;0.0;;Stade Lausanne-Ouchy;;0.0;0.0;2.0;0;0.0;0 - 0;3.8;Neuchatel Xamax;;0.0;0.0;3.25;0;0.0;-0.5;0 - 0;0-0;3.25;1.5;-;nan;;;;;;;;;;;;;;;;0.0;0.0;0.0;0.0;;;0.0;0.0;0.0;0.0;;[];[];[];[];[];[];[];[];1.0;0.0;0.0;1.0;0.0;0.0;35162.0;2451.0;stade lausanne ouchy;neuchatel xamax;1.44;1.44;
2026-05-15;194272259;Switzerland Challenge League;Switzerland;15:15;Schedule;False;0.34433285509325684;1.875;3.0, 3.5;1.925;3.0, 3.5;0.0;0.0;;0.0;0.0;0.0;0.0;0.0;;Etoile Carouge;;0.0;0.0;1.7;0;0.0;0 - 0;4.1;AC Bellinzona;;0.0;0.0;4.1;0;0.0;-0.75;0 - 0;0-0;3.25;1.25;-;nan;;;;;;;;;;;;;;;;0.0;0.0;0.0;0.0;;;0.0;0.0;0.0;0.0;;[];[];[];[];[];[];[];[];1.0;0.0;0.0;1.0;0.0;0.0;2497.0;2459.0;etoile carouge fc;ac bellinzona;1.61;1.61;
2026-05-15;193003587;Spain Segunda;Spain;15:30;Schedule;False;0.6762904636920384;1.975;3.0, 3.5;1.825;3.0, 3.5;0.0;0.0;;0.0;0.0;0.0;0.0;0.0;;CD Castellon;;0.0;0.0;1.27;0;0.0;0 - 0;6.0;Cadiz;;0.0;0.0;9.0;0;0.0;-1.75;0 - 0;0-0;3.25;1.25;-;nan;;;;;;;;;;;;;;;;0.0;0.0;0.0;0.0;;;0.0;0.0;0.0;0.0;;[];[];[];[];[];[];[];[];1.0;0.0;0.0;1.0;0.0;0.0;5067.0;4488.0;cd castellon;cadiz cf;1.66;1.8;
2026-05-15;194592332;Argentina Championship Women;Argentina;15:30;Schedule;False;-0.47124824684431976;2.025;2.0, 2.5;1.775;2.0, 2.5;0.0;0.0;;0.0;0.0;0.0;0.0;0.0;;Newell's (W);;0.0;0.0;5.75;0;0.0;0 - 0;3.7;Racing Club (W);;0.0;0.0;1.55;0;0.0;+1.0;0 - 0;0-0;2.25;0.75;-;nan;;;;;;;;;;;;;;;;0.0;0.0;0.0;0.0;;;0.0;0.0;0.0;0.0;;[];[];[];[];[];[];[];[];1.0;0.0;0.0;1.0;0.0;0.0;3212.0;3215.0;newell's old boys;racing club avellaneda;;;Women
2026-05-15;193267628;Poland Ekstraklasa;Poland;15:30;Schedule;False;0.029629629629629672;1.975;2.0, 2.5;1.825;2.0, 2.5;0.0;0.0;;0.0;0.0;0.0;0.0;0.0;;Korona Kielce;15.0;0.0;0.0;2.5;0;0.0;0 - 0;3.0;Widzew Lodz;14.0;0.0;0.0;2.7;0;0.0;0.0;0 - 0;0-0;2.25;1.0;-;nan;;;;;;;;;;;;;;;;0.0;0.0;0.0;0.0;;;0.0;0.0;0.0;0.0;;[];[];[];[];[];[];[];[];1.0;0.0;0.0;1.0;0.0;0.0;5065.0;3115.0;korona kielce;widzew lodz;1.8;1.8;
2026-05-15;194534733;Argentina Championship Women;Argentina;15:30;Schedule;False;0.1111111111111111;1.75;2.0;2.05;2.0;0.0;0.0;;0.0;0.0;0.0;0.0;0.0;;Banfield (W);;0.0;0.0;2.25;0;0.0;0 - 0;2.9;Talleres Cordoba (W);;0.0;0.0;3.0;0;0.0;-0.25;0 - 0;0-0;2.0;0.75;-;nan;;;;;;;;;;;;;;;;0.0;0.0;0.0;0.0;;;0.0;0.0;0.0;0.0;;[];[];[];[];[];[];[];[];1.0;0.0;0.0;1.0;0.0;0.0;3219.0;3210.0;ca banfield;ca talleres de cordoba;;;Women
2026-05-15;193336405;Poland I Liga;Poland;15:30;Schedule;False;0.14285714285714285;1.9;3.0;1.9;3.0;0.0;0.0;;0.0;0.0;0.0;0.0;0.0;;Polonia Warsaw;;0.0;0.0;2.1;0;0.0;0 - 0;3.6;Wisla Krakow;;0.0;0.0;3.0;0;0.0;-0.25;0 - 0;0-0;3.0;1.25;-;nan;;;;;;;;;;;;;;;;0.0;0.0;0.0;0.0;;;0.0;0.0;0.0;0.0;;[];[];[];[];[];[];[];[];1.0;0.0;0.0;1.0;0.0;0.0;3119.0;3111.0;polonia warszawa;wisla krakow;1.5;1.5;
2026-05-15;194624778;France Ligue 1 Play-Offs;France;15:30;Schedule;False;0.3333333333333333;1.825;2.5, 3.0;2.025;2.5, 3.0;0.0;0.0;;0.0;0.0;0.0;0.0;0.0;;St Etienne;;0.0;0.0;1.75;0;0.0;0 - 0;3.8;Rodez;;0.0;0.0;4.2;0;0.0;-0.75;0 - 0;0-0;2.75;1.25;-;nan;;;;;;;;;;;;;;;;0.0;0.0;0.0;0.0;;;0.0;0.0;0.0;0.0;;[];[];[];[];[];[];[];[];1.0;0.0;0.0;1.0;0.0;0.0;1678.0;6925.0;as saint-etienne;rodez aveyron football;;;
2026-05-15;194525657;Republic of Ireland First Division;Ireland;15:45;Schedule;False;0.10797342192691028;2.0;2.5;1.8;2.5;0.0;0.0;;0.0;0.0;0.0;0.0;0.0;;UCD;;0.0;0.0;2.15;0;0.0;0 - 0;3.25;Bray Wanderers;;0.0;0.0;2.8;0;0.0;-0.25;0 - 0;0-0;2.5;1.0;-;nan;;;;;;;;;;;;;;;;0.0;0.0;0.0;0.0;;;0.0;0.0;0.0;0.0;;[];[];[];[];[];[];[];[];1.0;0.0;0.0;1.0;0.0;0.0;3168.0;3171.0;university college dublin;bray wanderers afc;1.8;1.8;
2026-05-15;194589787;Northern Ireland Premier League Women;North Ireland;15:45;Schedule;False;0.5375586854460095;1.975;3.5;1.825;3.5;0.0;0.0;;0.0;0.0;0.0;0.0;0.0;;Lisburn Rangers (W);;0.0;0.0;1.42;0;0.0;0 - 0;4.0;Derry City (W);;0.0;0.0;6.0;0;0.0;-1.25;0 - 0;0-0;3.5;1.5;-;nan;;;;;;;;;;;;;;;;0.0;0.0;0.0;0.0;;;0.0;0.0;0.0;0.0;;[];[];[];[];[];[];[];[];1.0;0.0;0.0;1.0;0.0;0.0;;3170.0;;derry city fc;;;Women
2026-05-15;194537731;Republic of Ireland FAI Intermediate Cup;Ireland;15:45;Schedule;False;-0.0841638981173865;1.925;3.0, 3.5;1.875;3.0, 3.5;0.0;0.0;;0.0;0.0;0.0;0.0;0.0;;Wayside Celtic;;0.0;0.0;2.625;0;0.0;0 - 0;3.8;St Mochtas;;0.0;0.0;2.15;0;0.0;+0.25;0 - 0;0-0;3.25;1.25;-;nan;;;;;;;;;;;;;;;;0.0;0.0;0.0;0.0;;;0.0;0.0;0.0;0.0;;[];[];[];[];[];[];[];[];1.0;0.0;0.0;1.0;0.0;0.0;;;;;;;
2026-05-15;194525653;Republic of Ireland First Division;Ireland;15:45;Schedule;False;0.13178294573643412;1.875;2.0, 2.5;1.925;2.0, 2.5;0.0;0.0;;0.0;0.0;0.0;0.0;0.0;;Treaty United FC;;0.0;0.0;2.15;0;0.0;0 - 0;3.2;Finn Harps;;0.0;0.0;3.0;0;0.0;-0.25;0 - 0;0-0;2.25;1.0;-;nan;;;;;;;;;;;;;;;;0.0;0.0;0.0;0.0;;;0.0;0.0;0.0;0.0;;[];[];[];[];[];[];[];[];1.0;0.0;0.0;1.0;0.0;0.0;779084.0;3181.0;treaty united;finn harps fc;1.9;1.9;
2026-05-15;194379198;Scotland League One Play-Offs;Scotland;15:45;Schedule;False;0.14253563390847712;1.95;2.5;1.85;2.5;0.0;0.0;;0.0;0.0;0.0;0.0;0.0;;Hamilton;;0.0;0.0;2.15;0;0.0;0 - 0;3.25;Clyde;;0.0;0.0;3.1;0;0.0;-0.25;0 - 0;0-0;2.5;1.0;-;nan;;;;;;;;;;;;;;;;0.0;0.0;0.0;0.0;;;0.0;0.0;0.0;0.0;;[];[];[];[];[];[];[];[];1.0;0.0;0.0;1.0;0.0;0.0;2376.0;2360.0;hamilton academical fc;clyde fc;;;
2026-05-15;194587683;Northern Ireland Championship Women;North Ireland;15:45;Schedule;False;-0.9224550404223727;1.925;4.5, 5.0;1.875;4.5, 5.0;0.0;0.0;;0.0;0.0;0.0;0.0;0.0;;Craigavon City (W);;0.0;0.0;29.0;0;0.0;0 - 0;15.0;Sion Swifts (W);;0.0;0.0;1.045;0;0.0;+3.75;0 - 0;0-0;4.75;2.0;-;nan;;;;;;;;;;;;;;;;0.0;0.0;0.0;0.0;;;0.0;0.0;0.0;0.0;;[];[];[];[];[];[];[];[];1.0;0.0;0.0;1.0;0.0;0.0;;;;;;;Women
2026-05-15;194425366;Scotland Premiership Play-Offs;Scotland;15:45;Schedule;False;0.25641025641025644;1.825;2.0, 2.5;1.975;2.0, 2.5;0.0;0.0;;0.0;0.0;0.0;0.0;0.0;;Partick;;0.0;0.0;1.95;0;0.0;0 - 0;3.5;Dunfermline;;0.0;0.0;3.9;0;0.0;-0.5;0 - 0;0-0;2.25;1.0;-;nan;;;;;;;;;;;;;;;;0.0;0.0;0.0;0.0;;;0.0;0.0;0.0;0.0;;[];[];[];[];[];[];[];[];1.0;0.0;0.0;1.0;0.0;0.0;2358.0;2350.0;partick thistle fc;dunfermline athletic fc;;;
2026-05-15;193331401;Belgium First Division A;Belgium;15:45;Schedule;False;-0.03779289493575205;1.925;2.5;1.875;2.5;0.0;0.0;;0.0;0.0;0.0;0.0;0.0;;OH Leuven;12.0;0.0;0.0;2.7;0;0.0;0 - 0;3.2;Antwerp;10.0;0.0;0.0;2.45;0;0.0;0.0;0 - 0;0-0;2.5;1.0;-;nan;;;;;;;;;;;;;;;;0.0;0.0;0.0;0.0;;;0.0;0.0;0.0;0.0;;[];[];[];[];[];[];[];[];1.0;0.0;0.0;1.0;0.0;0.0;2918.0;2889.0;oud-heverlee leuven;royal antwerp fc;1.7;1.7;
2026-05-15;194525650;Republic of Ireland First Division;Ireland;15:45;Schedule;False;-0.1067193675889328;1.95;2.0, 2.5;1.85;2.0, 2.5;0.0;0.0;;0.0;0.0;0.0;0.0;0.0;;Kerry FC;;0.0;0.0;2.875;0;0.0;0 - 0;3.1;Wexford FC;;0.0;0.0;2.2;0;0.0;+0.25;0 - 0;0-0;2.25;1.0;-;nan;;;;;;;;;;;;;;;;0.0;0.0;0.0;0.0;;;0.0;0.0;0.0;0.0;;[];[];[];[];[];[];[];[];1.0;0.0;0.0;1.0;0.0;0.0;972503.0;7128.0;kerry fc;wexford fc;1.83;1.83;
2026-05-15;194525648;Republic of Ireland First Division;Ireland;15:45;Schedule;False;0.21870286576168935;2.0;2.5;1.8;2.5;0.0;0.0;;0.0;0.0;0.0;0.0;0.0;;Cobh Ramblers;;0.0;0.0;1.95;0;0.0;0 - 0;3.25;Athlone Town;;0.0;0.0;3.4;0;0.0;-0.5;0 - 0;0-0;2.5;1.0;-;nan;;;;;;;;;;;;;;;;0.0;0.0;0.0;0.0;;;0.0;0.0;0.0;0.0;;[];[];[];[];[];[];[];[];1.0;0.0;0.0;1.0;0.0;0.0;3185.0;3198.0;cobh ramblers;athlone town afc;1.83;1.83;
2026-05-15;193201033;Republic of Ireland Premier Division;Ireland;15:45;Schedule;False;0.4618395303326811;1.95;2.5;1.85;2.5;0.0;0.0;;0.0;0.0;0.0;0.0;0.0;;Bohemians Dublin;;0.0;0.0;1.533;0;0.0;0 - 0;4.0;Drogheda United;;0.0;0.0;5.25;0;0.0;-0.75;0 - 0;0-0;2.5;1.0;-;nan;;;;;;;;;;;;;;;;0.0;0.0;0.0;0.0;;;0.0;0.0;0.0;0.0;;[];[];[];[];[];[];[];[];1.0;0.0;0.0;1.0;0.0;0.0;3173.0;3180.0;bohemians dublin fc;drogheda united fc;2.05;2.0;
2026-05-15;193201037;Republic of Ireland Premier Division;Ireland;15:45;Schedule;False;0.26990553306342774;1.9;2.0, 2.5;1.9;2.0, 2.5;0.0;0.0;;0.0;0.0;0.0;0.0;0.0;;St Patrick's Athletic;;0.0;0.0;1.9;0;0.0;0 - 0;3.3;Shelbourne;;0.0;0.0;3.9;0;0.0;-0.5;0 - 0;0-0;2.25;1.0;-;nan;;;;;;;;;;;;;;;;0.0;0.0;0.0;0.0;;;0.0;0.0;0.0;0.0;;[];[];[];[];[];[];[];[];1.0;0.0;0.0;1.0;0.0;0.0;3169.0;3174.0;saint patrick´s athletic fc;shelbourne fc;1.9;1.8;
2026-05-15;193201039;Republic of Ireland Premier Division;Ireland;15:45;Schedule;False;-0.3214285714285714;1.975;2.5, 3.0;1.825;2.5, 3.0;0.0;0.0;;0.0;0.0;0.0;0.0;0.0;;Waterford FC;;0.0;0.0;4.0;0;0.0;0 - 0;3.8;Derry City;;0.0;0.0;1.75;0;0.0;+0.75;0 - 0;0-0;2.75;1.0;-;nan;;;;;;;;;;;;;;;;0.0;0.0;0.0;0.0;;;0.0;0.0;0.0;0.0;;[];[];[];[];[];[];[];[];1.0;0.0;0.0;1.0;0.0;0.0;3194.0;3170.0;waterford fc;derry city fc;1.8;1.9;
2026-05-15;194527060;Portugal Segunda Liga;Portugal;16:00;Schedule;False;0.16522423288749022;1.85;2.5;1.95;2.5;0.0;0.0;;0.0;0.0;0.0;0.0;0.0;;Leixoes;7.0;0.0;0.0;2.05;0;0.0;0 - 0;3.3;Lusitania Lourosa;10.0;0.0;0.0;3.1;0;0.0;-0.25;0 - 0;0-0;2.5;1.0;-;nan;;;;;;;;;;;;;;;;0.0;0.0;0.0;0.0;;;0.0;0.0;0.0;0.0;;[];[];[];[];[];[];[];[];1.0;0.0;0.0;1.0;0.0;0.0;3018.0;35174.0;leixoes sc;lusitania fc lourosa;;;
2026-05-15;194589794;Northern Ireland Premier League Women;North Ireland;16:00;Schedule;False;-0.8656072503802105;1.85;3.5, 4.0;1.95;3.5, 4.0;0.0;0.0;;0.0;0.0;0.0;0.0;0.0;;Crusaders Strikers (W);1.0;0.0;0.0;29.0;0;0.0;0 - 0;7.5;Cliftonville (W);2.0;0.0;0.0;1.111;0;0.0;+2.75;0 - 0;0-0;3.75;1.75;-;nan;;;;;;;;;;;;;;;;0.0;0.0;0.0;0.0;;;0.0;0.0;0.0;0.0;;[];[];[];[];[];[];[];[];1.0;0.0;0.0;1.0;0.0;0.0;;5181.0;;cliftonville fc;;;Women
2026-05-15;193996694;England League 2;England;16:00;Schedule;False;0.1014492753623189;2.05;2.5;1.8;2.5;0.0;0.0;;0.0;0.0;0.0;0.0;0.0;;Notts County;5.0;0.0;0.0;2.3;0;0.0;0 - 0;3.25;Chesterfield;6.0;0.0;0.0;3.0;0;0.0;-0.25;0 - 0;0-0;2.5;1.0;-;nan;;;;;;;;;;;;;;;;0.0;0.0;0.0;0.0;;;0.0;0.0;0.0;0.0;;[];[];[];[];[];[];[];[];1.0;0.0;0.0;1.0;0.0;0.0;56.0;68.0;notts county;chesterfield fc;1.83;1.83;
2026-05-15;194538682;Brazil Serie A U20;Brazil;16:00;Schedule;False;0.6540682414698162;1.825;3.0, 3.5;1.975;3.0, 3.5;0.0;0.0;;0.0;0.0;0.0;0.0;0.0;;Palmeiras U20;;0.0;0.0;1.27;0;0.0;0 - 0;5.25;Vitoria U20;;0.0;0.0;7.5;0;0.0;-1.75;0 - 0;0-0;3.25;1.25;-;nan;;;;;;;;;;;;;;;;0.0;0.0;0.0;0.0;;;0.0;0.0;0.0;0.0;;[];[];[];[];[];[];[];[];1.0;0.0;0.0;1.0;0.0;0.0;1963.0;1962.0;se palmeiras sp;ec vitoria ba;;;Youth
2026-05-15;192998799;England Premier League;England;16:00;Schedule;False;-0.06884057971014496;1.975;2.5, 3.0;1.875;2.5, 3.0;0.0;0.0;;0.0;0.0;0.0;0.0;0.0;;Aston Villa;5.0;0.0;0.0;2.875;0;0.0;0 - 0;3.5;Liverpool;4.0;0.0;0.0;2.4;0;0.0;+0.25;0 - 0;0-0;2.75;1.0;-;nan;;;;;;;;;;;;;;;;0.0;0.0;0.0;0.0;;;0.0;0.0;0.0;0.0;;[];[];[];[];[];[];[];[];1.0;0.0;0.0;1.0;0.0;0.0;40.0;44.0;aston villa;liverpool fc;1.5;1.44;
2026-05-15;193003610;Spain Segunda;Spain;16:00;Schedule;False;0.42871885596343806;1.95;3.0;1.85;3.0;0.0;0.0;;0.0;0.0;0.0;0.0;0.0;;Cordoba;;0.0;0.0;1.615;0;0.0;0 - 0;4.0;Albacete Balompie;;0.0;0.0;5.25;0;0.0;-1.0;0 - 0;0-0;3.0;1.25;-;nan;;;;;;;;;;;;;;;;0.0;0.0;0.0;0.0;;;0.0;0.0;0.0;0.0;;[];[];[];[];[];[];[];[];1.0;0.0;0.0;1.0;0.0;0.0;2850.0;2848.0;cordoba cf;albacete balompie;1.61;1.61;
2026-05-15;193201035;Republic of Ireland Premier Division;Ireland;16:00;Schedule;False;-0.12121212121212122;1.9;2.5, 3.0;1.9;2.5, 3.0;0.0;0.0;;0.0;0.0;0.0;0.0;0.0;;Dundalk;;0.0;0.0;3.0;0;0.0;0 - 0;3.4;Shamrock Rovers;;0.0;0.0;2.2;0;0.0;+0.25;0 - 0;0-0;2.75;1.0;-;nan;;;;;;;;;;;;;;;;0.0;0.0;0.0;0.0;;;0.0;0.0;0.0;0.0;;[];[];[];[];[];[];[];[];1.0;0.0;0.0;1.0;0.0;0.0;3179.0;3177.0;dundalk fc;shamrock rovers;1.8;1.66;
2026-05-15;194538251;Iceland 3 Deild;Iceland;16:15;Schedule;False;0.3472222222222222;1.875;4.0, 4.5;1.925;4.0, 4.5;0.0;0.0;;0.0;0.0;0.0;0.0;0.0;;Augnablik Kopavogur;2.0;0.0;0.0;1.6;0;0.0;0 - 0;5.0;KA Asvellir;11.0;0.0;0.0;3.6;0;0.0;-1.0;0 - 0;0-0;4.25;1.75;-;nan;;;;;;;;;;;;;;;;0.0;0.0;0.0;0.0;;;0.0;0.0;0.0;0.0;;[];[];[];[];[];[];[];[];1.0;0.0;0.0;1.0;0.0;0.0;;;;;;;
2026-05-15;194538247;Iceland 3 Deild;Iceland;16:15;Schedule;False;0.30576237693637737;1.825;3.5, 4.0;1.975;3.5, 4.0;0.0;0.0;;0.0;0.0;0.0;0.0;0.0;;KH Hlidarendi;;0.0;0.0;1.667;0;0.0;0 - 0;4.5;Ymir Kopavogur;;0.0;0.0;3.4;0;0.0;-0.75;0 - 0;0-0;3.75;1.5;-;nan;;;;;;;;;;;;;;;;0.0;0.0;0.0;0.0;;;0.0;0.0;0.0;0.0;;[];[];[];[];[];[];[];[];1.0;0.0;0.0;1.0;0.0;0.0;;;;;;;
2026-05-15;194538225;Iceland 2 Deild;Iceland;16:15;Schedule;False;0.1814882032667876;1.9;3.5;1.9;3.5;0.0;0.0;;0.0;0.0;0.0;0.0;0.0;;Kari;1.0;0.0;0.0;1.9;0;0.0;0 - 0;4.1;Hviti Riddarinn;9.0;0.0;0.0;2.9;0;0.0;-0.5;0 - 0;0-0;3.5;1.5;-;nan;;;;;;;;;;;;;;;;0.0;0.0;0.0;0.0;;;0.0;0.0;0.0;0.0;;[];[];[];[];[];[];[];[];1.0;0.0;0.0;1.0;0.0;0.0;;;;;;;
2026-05-15;194538213;Iceland 2 Deild;Iceland;16:15;Schedule;False;0.2589285714285714;1.825;3.5;1.975;3.5;0.0;0.0;;0.0;0.0;0.0;0.0;0.0;;Haukar;4.0;0.0;0.0;1.75;0;0.0;0 - 0;4.333;Fjolnir;2.0;0.0;0.0;3.2;0;0.0;-0.75;0 - 0;0-0;3.5;1.5;-;nan;;;;;;;;;;;;;;;;0.0;0.0;0.0;0.0;;;0.0;0.0;0.0;0.0;;[];[];[];[];[];[];[];[];1.0;0.0;0.0;1.0;0.0;0.0;;;;;;;
2026-05-15;194586412;Colombia Liga Femenina;Colombia;17:00;Schedule;False;-0.6599579178483213;1.85;2.5;1.95;2.5;0.0;0.0;;0.0;0.0;0.0;0.0;0.0;;Fortaleza CEIF (W);;0.0;0.0;8.5;0;0.0;0 - 0;4.5;Millonarios (W);;0.0;0.0;1.286;0;0.0;+1.25;0 - 0;0-0;2.5;1.0;-;nan;;;;;;;;;;;;;;;;0.0;0.0;0.0;0.0;;;0.0;0.0;0.0;0.0;;[];[];[];[];[];[];[];[];1.0;0.0;0.0;1.0;0.0;0.0;89368.0;6117.0;fortaleza fc;millonarios fc;;;Women
2026-05-15;194587689;Peru Campeonato Nacional Women;Peru;17:00;Schedule;False;0.5403726708074534;1.825;3.0;1.975;3.0;0.0;0.0;;0.0;0.0;0.0;0.0;0.0;;FBC Melgar (W);;0.0;0.0;1.4;0;0.0;0 - 0;4.333;UNSAAC (W);;0.0;0.0;5.75;0;0.0;-1.25;0 - 0;0-0;3.0;1.25;-;nan;;;;;;;;;;;;;;;;0.0;0.0;0.0;0.0;;;0.0;0.0;0.0;0.0;;[];[];[];[];[];[];[];[];1.0;0.0;0.0;1.0;0.0;0.0;2308.0;;fbc melgar;;;;Women
2026-05-15;193715854;Peru Liga 1;Peru;17:00;Schedule;False;-0.05303030303030304;1.925;2.5;1.875;2.5;0.0;0.0;;0.0;0.0;0.0;0.0;0.0;;FC Cajamarca;;0.0;0.0;2.75;0;0.0;0 - 0;3.4;Sporting Cristal;;0.0;0.0;2.4;0;0.0;0.0;0 - 0;0-0;2.5;1.0;-;nan;;;;;;;;;;;;;;;;0.0;0.0;0.0;0.0;;;0.0;0.0;0.0;0.0;;[];[];[];[];[];[];[];[];1.0;0.0;0.0;1.0;0.0;0.0;1065398.0;2302.0;fc cajamarca;sporting cristal;1.72;1.8;
2026-05-15;194533804;Paraguay Division Intermedia;Paraguay;17:00;Schedule;False;0.09661835748792269;1.775;2.0;2.025;2.0;0.0;0.0;;0.0;0.0;0.0;0.0;0.0;;Deportivo Santaní;;0.0;0.0;2.25;0;0.0;0 - 0;3.2;Tacuary;;0.0;0.0;2.875;0;0.0;-0.25;0 - 0;0-0;2.0;0.75;-;nan;;;;;;;;;;;;;;;;0.0;0.0;0.0;0.0;;;0.0;0.0;0.0;0.0;;[];[];[];[];[];[];[];[];1.0;0.0;0.0;1.0;0.0;0.0;;;;;;;
2026-05-15;194490712;Paraguay Division Profesional;Paraguay;17:00;Schedule;False;-0.2350427350427351;1.85;2.0;1.95;2.0;0.0;0.0;;0.0;0.0;0.0;0.0;0.0;;Rubio Nu;;0.0;0.0;3.6;0;0.0;0 - 0;3.1;Nacional Asuncion;;0.0;0.0;1.95;0;0.0;+0.5;0 - 0;0-0;2.0;0.75;-;nan;;;;;;;;;;;;;;;;0.0;0.0;0.0;0.0;;;0.0;0.0;0.0;0.0;;[];[];[];[];[];[];[];[];1.0;0.0;0.0;1.0;0.0;0.0;36438.0;33001.0;rubio nu;nacional asuncion;2.1;2.1;
2026-05-15;194533800;Paraguay Division Profesional;Paraguay;17:00;Schedule;False;-0.1111111111111111;2.05;2.0, 2.5;1.75;2.0, 2.5;0.0;0.0;;0.0;0.0;0.0;0.0;0.0;;Sportivo Trinidense;;0.0;0.0;3.0;0;0.0;0 - 0;3.1;Cerro Porteno;;0.0;0.0;2.25;0;0.0;+0.25;0 - 0;0-0;2.25;0.75;-;nan;;;;;;;;;;;;;;;;0.0;0.0;0.0;0.0;;;0.0;0.0;0.0;0.0;;[];[];[];[];[];[];[];[];1.0;0.0;0.0;1.0;0.0;0.0;39722.0;5991.0;sportivo trinidense;cerro porteno;;;
2026-05-15;194586409;Colombia Liga Femenina;Colombia;17:00;Schedule;False;-0.4547190556102078;2.025;2.5;1.775;2.5;0.0;0.0;;0.0;0.0;0.0;0.0;0.0;;Atletico Bucaramanga (W);;0.0;0.0;5.5;0;0.0;0 - 0;3.4;Internacional FC de Palmira (W);;0.0;0.0;1.571;0;0.0;+1.0;0 - 0;0-0;2.5;1.0;-;nan;;;;;;;;;;;;;;;;0.0;0.0;0.0;0.0;;;0.0;0.0;0.0;0.0;;[];[];[];[];[];[];[];[];1.0;0.0;0.0;1.0;0.0;0.0;6103.0;;ca bucaramanga;;;;Women
2026-05-15;194535333;Colombia Liga Femenina;Colombia;17:30;Schedule;False;-0.6251875468867217;1.975;2.5;1.825;2.5;0.0;0.0;;0.0;0.0;0.0;0.0;0.0;;Llaneros (W);;0.0;0.0;8.0;0;0.0;0 - 0;4.1;Deportivo Cali (W);;0.0;0.0;1.333;0;0.0;+1.25;0 - 0;0-0;2.5;1.0;-;nan;;;;;;;;;;;;;;;;0.0;0.0;0.0;0.0;;;0.0;0.0;0.0;0.0;;[];[];[];[];[];[];[];[];1.0;0.0;0.0;1.0;0.0;0.0;89374.0;6112.0;llaneros fc;deportivo cali;;;Women
2026-05-15;194592108;Brazil Campeonato Acreano U20;Brazil;18:00;Schedule;False;0.39844199933315155;1.9;3.5;1.9;3.5;0.0;0.0;;0.0;0.0;0.0;0.0;0.0;;Vasco da Gama AC U20;;0.0;0.0;1.571;0;0.0;0 - 0;4.2;Independencia FC U20;;0.0;0.0;4.2;0;0.0;-1.0;0 - 0;0-0;3.5;1.5;-;nan;;;;;;;;;;;;;;;;0.0;0.0;0.0;0.0;;;0.0;0.0;0.0;0.0;;[];[];[];[];[];[];[];[];1.0;0.0;0.0;1.0;0.0;0.0;440798.0;;ad vasco da gama ac;;;;Youth
2026-05-15;194635882;Paraguay Tercera Division;Paraguay;18:00;Schedule;False;0.5229885057471265;1.8;2.5;2.0;2.5;0.0;0.0;;0.0;0.0;0.0;0.0;0.0;;12 De Octubre Itaugua;;0.0;0.0;1.45;0;0.0;0 - 0;4.0;Sportivo Iteno;;0.0;0.0;6.0;0;0.0;-1.25;0 - 0;0-0;2.5;1.0;-;nan;;;;;;;;;;;;;;;;0.0;0.0;0.0;0.0;;;0.0;0.0;0.0;0.0;;[];[];[];[];[];[];[];[];1.0;0.0;0.0;1.0;0.0;0.0;;;;;;;
2026-05-15;193711608;Ecuador LigaPro Serie A;Ecuador;18:30;Schedule;False;0.40606060606060607;1.8;2.0, 2.5;2.0;2.0, 2.5;0.0;0.0;;0.0;0.0;0.0;0.0;0.0;;LDU Quito;;0.0;0.0;1.65;0;0.0;0 - 0;3.8;Tecnico Universitario;;0.0;0.0;5.0;0;0.0;-0.75;0 - 0;0-0;2.25;1.0;-;nan;;;;;;;;;;;;;;;;0.0;0.0;0.0;0.0;;;0.0;0.0;0.0;0.0;;[];[];[];[];[];[];[];[];1.0;0.0;0.0;1.0;0.0;0.0;5257.0;21941.0;ldu quito;cd tecnico universitario;2.25;2.1;
2026-05-15;194592336;Chile Ascenso Women;Chile;18:30;Schedule;False;-0.5186077321450079;1.8;3.0;2.0;3.0;0.0;0.0;;0.0;0.0;0.0;0.0;0.0;;Curico Unido (W);;0.0;0.0;5.75;0;0.0;0 - 0;4.1;Puerto Montt (W);;0.0;0.0;1.444;0;0.0;+1.25;0 - 0;0-0;3.0;1.25;-;nan;;;;;;;;;;;;;;;;0.0;0.0;0.0;0.0;;;0.0;0.0;0.0;0.0;;[];[];[];[];[];[];[];[];1.0;0.0;0.0;1.0;0.0;0.0;;;;;;;Women
2026-05-15;194537995;Honduras Liga Nacional;Honduras;18:45;Schedule;False;-0.053830227743271286;1.9;2.5, 3.0;1.9;2.5, 3.0;0.0;0.0;;0.0;0.0;0.0;0.0;0.0;;Genesis de Comayagua;6.0;0.0;0.0;2.625;0;0.0;0 - 0;3.4;Olancho FC;4.0;0.0;0.0;2.3;0;0.0;0.0;0 - 0;0-0;2.75;1.25;-;nan;;;;;;;;;;;;;;;;0.0;0.0;0.0;0.0;;;0.0;0.0;0.0;0.0;;[];[];[];[];[];[];[];[];1.0;0.0;0.0;1.0;0.0;0.0;;;;;;;
2026-05-15;194643694;Paraguay Division Intermedia;Paraguay;19:30;Schedule;False;0.29555373704309873;1.85;2.0;1.95;2.0;0.0;0.0;;0.0;0.0;0.0;0.0;0.0;;12 de Junio de Villa Hayes;1.0;0.0;0.0;1.833;0;0.0;0 - 0;3.1;Club Dr Benjamin Aceval;4.0;0.0;0.0;4.0;0;0.0;-0.5;0 - 0;0-0;2.0;0.75;-;nan;;;;;;;;;;;;;;;;0.0;0.0;0.0;0.0;;;0.0;0.0;0.0;0.0;;[];[];[];[];[];[];[];[];1.0;0.0;0.0;1.0;0.0;0.0;;;;;;;
2026-05-15;194598980;Dominica Premier League;Dominica;20:00;Schedule;False;0.27134648790699745;1.85;3.0, 3.5;1.95;3.0, 3.5;0.0;0.0;;0.0;0.0;0.0;0.0;0.0;;Belfast Estate Mahaut FC;;0.0;0.0;1.727;0;0.0;0 - 0;4.5;Sagicor South East FC;;0.0;0.0;3.25;0;0.0;-0.75;0 - 0;0-0;3.25;1.25;-;nan;;;;;;;;;;;;;;;;0.0;0.0;0.0;0.0;;;0.0;0.0;0.0;0.0;;[];[];[];[];[];[];[];[];1.0;0.0;0.0;1.0;0.0;0.0;;;;;;;
2026-05-15;194599046;USA UPSL;USA;20:00;Schedule;False;0.21222040370976542;1.8;3.5, 4.0;2.0;3.5, 4.0;0.0;0.0;;0.0;0.0;0.0;0.0;0.0;;Inter Miami CF Academy;;0.0;0.0;1.833;0;0.0;0 - 0;4.2;Rush Select Academy;;0.0;0.0;3.0;0;0.0;-0.5;0 - 0;0-0;3.75;1.5;-;nan;;;;;;;;;;;;;;;;0.0;0.0;0.0;0.0;;;0.0;0.0;0.0;0.0;;[];[];[];[];[];[];[];[];1.0;0.0;0.0;1.0;0.0;0.0;;;;;;;
2026-05-15;194578762;Argentina Primera B Metropolitana;Argentina;20:00;Schedule;False;0.25641025641025644;1.975;2.0;1.825;2.0;0.0;0.0;;0.0;0.0;0.0;0.0;0.0;;Club Comunicaciones;;0.0;0.0;1.95;0;0.0;0 - 0;2.9;Argentino Quilmes;;0.0;0.0;3.9;0;0.0;-0.5;0 - 0;0-0;2.0;0.75;-;nan;;;;;;;;;;;;;;;;0.0;0.0;0.0;0.0;;;0.0;0.0;0.0;0.0;;[];[];[];[];[];[];[];[];1.0;0.0;0.0;1.0;0.0;0.0;112501.0;93525.0;club comunicaciones;argentino de quilmes;;;Youth
2026-05-15;194538975;Uruguay Torneo Intermedio;Uruguay;20:00;Schedule;False;-0.17316017316017313;1.85;2.5;1.95;2.5;0.0;0.0;;0.0;0.0;0.0;0.0;0.0;;Montevideo City Torque;;0.0;0.0;3.3;0;0.0;0 - 0;3.3;Nacional De Football;;0.0;0.0;2.1;0;0.0;+0.25;0 - 0;0-0;2.5;1.0;-;nan;;;;;;;;;;;;;;;;0.0;0.0;0.0;0.0;;;0.0;0.0;0.0;0.0;;[];[];[];[];[];[];[];[];1.0;0.0;0.0;1.0;0.0;0.0;174972.0;3230.0;montevideo city torque;club nacional de football;;;
2026-05-15;194585493;Colombia Cup;Colombia;20:00;Schedule;False;-0.3609022556390977;1.8;2.0;2.0;2.0;0.0;0.0;;0.0;0.0;0.0;0.0;0.0;;Patriotas FC;;0.0;0.0;4.75;0;0.0;0 - 0;3.3;Millonarios;;0.0;0.0;1.75;0;0.0;+0.75;0 - 0;0-0;2.0;0.75;-;nan;;;;;;;;;;;;;;;;0.0;0.0;0.0;0.0;;;0.0;0.0;0.0;0.0;;[];[];[];[];[];[];[];[];1.0;0.0;0.0;1.0;0.0;0.0;;6117.0;;millonarios fc;;;
2026-05-15;194591425;Venezuela Primera Division;Venezuela;20:30;Schedule;False;0.34064158781444726;1.975;2.5;1.825;2.5;0.0;0.0;;0.0;0.0;0.0;0.0;0.0;;Deportivo La Guaira;2.0;0.0;0.0;1.75;0;0.0;0 - 0;3.2;UCV;1.0;0.0;0.0;4.333;0;0.0;-0.5;0 - 0;0-0;2.5;1.0;-;nan;;;;;;;;;;;;;;;;0.0;0.0;0.0;0.0;;;0.0;0.0;0.0;0.0;;[];[];[];[];[];[];[];[];1.0;0.0;0.0;1.0;0.0;0.0;36437.0;324069.0;deportivo la guaira;ucv fc;;;
2026-05-15;194586048;New Zealand Southern League;New Zealand;21:00;Schedule;False;0.49369903632320244;1.85;3.5, 4.0;1.95;3.5, 4.0;0.0;0.0;;0.0;0.0;0.0;0.0;0.0;;Christchurch United;;0.0;0.0;1.42;0;0.0;0 - 0;5.0;Nelson Suburbs;;0.0;0.0;4.75;0;0.0;-1.25;0 - 0;0-0;3.75;1.5;-;nan;;;;;;;;;;;;;;;;0.0;0.0;0.0;0.0;;;0.0;0.0;0.0;0.0;;[];[];[];[];[];[];[];[];1.0;0.0;0.0;1.0;0.0;0.0;;;;;;;
2026-05-15;194094033;Brazil Serie A1 Women;Brazil;21:00;Schedule;False;0.27888707037643207;1.95;2.5;1.85;2.5;0.0;0.0;;0.0;0.0;0.0;0.0;0.0;;Flamengo (W);;0.0;0.0;1.833;0;0.0;0 - 0;3.3;Fluminense (W);;0.0;0.0;3.75;0;0.0;-0.5;0 - 0;0-0;2.5;1.0;-;nan;;;;;;;;;;;;;;;;0.0;0.0;0.0;0.0;;;0.0;0.0;0.0;0.0;;[];[];[];[];[];[];[];[];1.0;0.0;0.0;1.0;0.0;0.0;5981.0;1961.0;cr flamengo rj;fluminense fc rj;;;Women
2026-05-15;194598669;Chile Tercera;Chile;21:00;Schedule;False;-0.040916530278232444;1.825;2.5;1.975;2.5;0.0;0.0;;0.0;0.0;0.0;0.0;0.0;;Puente Alto;;0.0;0.0;2.6;0;0.0;0 - 0;3.25;CD Constitucion Unido;;0.0;0.0;2.35;0;0.0;0.0;0 - 0;0-0;2.5;1.0;-;nan;;;;;;;;;;;;;;;;0.0;0.0;0.0;0.0;;;0.0;0.0;0.0;0.0;;[];[];[];[];[];[];[];[];1.0;0.0;0.0;1.0;0.0;0.0;;;;;;;
2026-05-15;193710534;Argentina Nacional B;Argentina;21:00;Schedule;False;0.3358395989974937;2.025;1.5, 2.0;1.775;1.5, 2.0;0.0;0.0;;0.0;0.0;0.0;0.0;0.0;;Racing de Cordoba;;0.0;0.0;1.9;0;0.0;0 - 0;2.875;Central Norte;;0.0;0.0;5.25;0;0.0;-0.5;0 - 0;0-0;1.75;0.5;-;nan;;;;;;;;;;;;;;;;0.0;0.0;0.0;0.0;;;0.0;0.0;0.0;0.0;;[];[];[];[];[];[];[];[];1.0;0.0;0.0;1.0;0.0;0.0;399415.0;341070.0;ca racing de cordoba;ca central norte salta;;;Youth
2026-05-15;193193635;Chile Liga de Primera;Chile;21:00;Schedule;False;0.2596491228070175;1.85;2.0, 2.5;1.95;2.0, 2.5;0.0;0.0;;0.0;0.0;0.0;0.0;0.0;;Palestino;;0.0;0.0;1.9;0;0.0;0 - 0;3.3;La Serena;;0.0;0.0;3.75;0;0.0;-0.5;0 - 0;0-0;2.25;1.0;-;nan;;;;;;;;;;;;;;;;0.0;0.0;0.0;0.0;;;0.0;0.0;0.0;0.0;;[];[];[];[];[];[];[];[];1.0;0.0;0.0;1.0;0.0;0.0;3157.0;5031.0;cd palestino;deportes la serena;;;
2026-05-15;194538140;USA NWSL Women;USA;21:00;Schedule;False;0.5731378299120233;1.85;2.5, 3.0;1.95;2.5, 3.0;0.0;0.0;;0.0;0.0;0.0;0.0;0.0;;Kansas City Current (W);;0.0;0.0;1.364;0;0.0;0 - 0;4.333;Houston Dash (W);;0.0;0.0;6.25;0;0.0;-1.25;0 - 0;0-0;2.75;1.25;-;nan;;;;;;;;;;;;;;;;0.0;0.0;0.0;0.0;;;0.0;0.0;0.0;0.0;;[];[];[];[];[];[];[];[];1.0;0.0;0.0;1.0;0.0;0.0;781494.0;151006.0;kansas city nwsl;houston dash;;;Women
2026-05-15;194585487;Bolivia Primera Division;Bolivia;21:00;Schedule;False;-0.016666666666666663;1.975;3.0, 3.5;1.825;3.0, 3.5;0.0;0.0;;0.0;0.0;0.0;0.0;0.0;;Real Tomayapo;;0.0;0.0;2.5;0;0.0;0 - 0;3.5;Club Aurora;;0.0;0.0;2.4;0;0.0;0.0;0 - 0;0-0;3.25;1.25;-;nan;;;;;;;;;;;;;;;;0.0;0.0;0.0;0.0;;;0.0;0.0;0.0;0.0;;[];[];[];[];[];[];[];[];1.0;0.0;0.0;1.0;0.0;0.0;613958.0;33714.0;cd real tomayapo;club aurora;;;
2026-05-15;193711614;Ecuador LigaPro Serie A;Ecuador;21:00;Schedule;False;0.09661835748792269;1.825;2.0, 2.5;1.975;2.0, 2.5;0.0;0.0;;0.0;0.0;0.0;0.0;0.0;;Libertad FC;;0.0;0.0;2.25;0;0.0;0 - 0;3.1;Deportivo Cuenca;;0.0;0.0;2.875;0;0.0;-0.25;0 - 0;0-0;2.25;1.0;-;nan;;;;;;;;;;;;;;;;0.0;0.0;0.0;0.0;;;0.0;0.0;0.0;0.0;;[];[];[];[];[];[];[];[];1.0;0.0;0.0;1.0;0.0;0.0;838486.0;5251.0;libertad loja;cd cuenca;;;
2026-05-15;193193631;Chile Liga de Primera;Chile;21:00;Schedule;False;0.284130284130284;1.825;2.0, 2.5;1.975;2.0, 2.5;0.0;0.0;;0.0;0.0;0.0;0.0;0.0;;Coquimbo Unido;;0.0;0.0;1.85;0;0.0;0 - 0;3.5;Audax Italiano;;0.0;0.0;3.9;0;0.0;-0.5;0 - 0;0-0;2.25;1.0;-;nan;;;;;;;;;;;;;;;;0.0;0.0;0.0;0.0;;;0.0;0.0;0.0;0.0;;[];[];[];[];[];[];[];[];1.0;0.0;0.0;1.0;0.0;0.0;3165.0;3162.0;coquimbo unido;audax italiano;;;
2026-05-15;194586014;New Zealand Central League;New Zealand;22:00;Schedule;False;0.06511627906976741;1.875;3.0, 3.5;1.925;3.0, 3.5;0.0;0.0;;0.0;0.0;0.0;0.0;0.0;;Miramar Rangers;;0.0;0.0;2.15;0;0.0;0 - 0;3.9;Napier City Rovers;;0.0;0.0;2.5;0;0.0;-0.25;0 - 0;0-0;3.25;nan;-;nan;;;;;;;;;;;;;;;;0.0;0.0;0.0;0.0;;;0.0;0.0;0.0;0.0;;[];[];[];[];[];[];[];[];1.0;0.0;0.0;1.0;0.0;0.0;;;;;;;
2026-05-15;194599043;USA WPSL Women;USA;22:00;Schedule;False;-0.8860877684407096;1.875;4.0;1.925;4.0;0.0;0.0;;0.0;0.0;0.0;0.0;0.0;;City SC Utah (W);;0.0;0.0;21.0;0;0.0;0 - 0;10.0;La Roca FC (W);;0.0;0.0;1.071;0;0.0;+2.75;0 - 0;0-0;4.0;1.75;-;nan;;;;;;;;;;;;;;;;0.0;0.0;0.0;0.0;;;0.0;0.0;0.0;0.0;;[];[];[];[];[];[];[];[];1.0;0.0;0.0;1.0;0.0;0.0;;;;;;;Women
2026-05-15;194585496;Colombia Cup;Colombia;22:00;Schedule;False;-0.029629629629629672;1.825;2.0, 2.5;1.975;2.0, 2.5;0.0;0.0;;0.0;0.0;0.0;0.0;0.0;;Orsomarso;;0.0;0.0;2.7;0;0.0;0 - 0;3.25;Independiente Medellin;;0.0;0.0;2.5;0;0.0;+0.25;0 - 0;0-0;2.25;1.0;-;nan;;;;;;;;;;;;;;;;0.0;0.0;0.0;0.0;;;0.0;0.0;0.0;0.0;;[];[];[];[];[];[];[];[];1.0;0.0;0.0;1.0;0.0;0.0;;6115.0;;independiente medellin;;;
2026-05-15;193715860;Peru Liga 1;Peru;22:00;Schedule;False;0.6154907710884939;1.9;2.5;1.9;2.5;0.0;0.0;;0.0;0.0;0.0;0.0;0.0;;Universitario de Deportes;;0.0;0.0;1.364;0;0.0;0 - 0;4.5;Atletico Grau;;0.0;0.0;8.5;0;0.0;-1.25;0 - 0;0-0;2.5;1.0;-;nan;;;;;;;;;;;;;;;;0.0;0.0;0.0;0.0;;;0.0;0.0;0.0;0.0;;[];[];[];[];[];[];[];[];1.0;0.0;0.0;1.0;0.0;0.0;2305.0;428219.0;universitario de deportes;atletico grau;;;
2026-05-15;194585714;Panama LPF;Panama;22:30;Schedule;False;0.43452380952380953;1.925;2.5;1.875;2.5;0.0;0.0;;0.0;0.0;0.0;0.0;0.0;;Plaza Amador;;0.0;0.0;1.6;0;0.0;0 - 0;3.5;UMECIT;;0.0;0.0;5.25;0;0.0;-0.75;0 - 0;0-0;2.5;1.0;-;nan;;;;;;;;;;;;;;;;0.0;0.0;0.0;0.0;;;0.0;0.0;0.0;0.0;;[];[];[];[];[];[];[];[];1.0;0.0;0.0;1.0;0.0;0.0;;;;;;;
2026-05-15;194538173;USA NWSL Women;USA;23:00;Schedule;False;-0.15447154471544722;1.85;2.5;1.95;2.5;0.0;0.0;;0.0;0.0;0.0;0.0;0.0;;Bay FC (W);;0.0;0.0;3.0;0;0.0;0 - 0;3.5;Boston Legacy FC (W);;0.0;0.0;2.05;0;0.0;+0.25;0 - 0;0-0;2.5;1.0;-;nan;;;;;;;;;;;;;;;;0.0;0.0;0.0;0.0;;;0.0;0.0;0.0;0.0;;[];[];[];[];[];[];[];[];1.0;0.0;0.0;1.0;0.0;0.0;1100237.0;1319036.0;bay fc;boston legacy fc;;;Women
2026-05-15;194538169;USA NWSL Women;USA;23:00;Schedule;False;-0.24642289348171692;1.8;2.5;2.0;2.5;0.0;0.0;;0.0;0.0;0.0;0.0;0.0;;Seattle Reign (W);;0.0;0.0;3.4;0;0.0;0 - 0;3.5;Gotham FC (W);;0.0;0.0;1.85;0;0.0;+0.5;0 - 0;0-0;2.5;1.0;-;nan;;;;;;;;;;;;;;;;0.0;0.0;0.0;0.0;;;0.0;0.0;0.0;0.0;;[];[];[];[];[];[];[];[];1.0;0.0;0.0;1.0;0.0;0.0;;34718.0;;gotham fc;;;Women
2026-05-15;194538158;USA NWSL Women;USA;23:00;Schedule;False;-0.22328548644338114;1.875;2.5;1.925;2.5;0.0;0.0;;0.0;0.0;0.0;0.0;0.0;;San Diego Wave (W);;0.0;0.0;3.3;0;0.0;0 - 0;3.5;Washington Spirit (W);;0.0;0.0;1.9;0;0.0;+0.25;0 - 0;0-0;2.5;1.0;-;nan;;;;;;;;;;;;;;;;0.0;0.0;0.0;0.0;;;0.0;0.0;0.0;0.0;;[];[];[];[];[];[];[];[];1.0;0.0;0.0;1.0;0.0;0.0;874723.0;151012.0;san diego wave fc;washington spirit;;;Women
2026-05-15;194598957;Costa Rica Primera Division Women;Costa Rica;23:00;Schedule;False;0.38109980834439044;1.95;3.0, 3.5;1.85;3.0, 3.5;0.0;0.0;;0.0;0.0;0.0;0.0;0.0;;Saprissa (W);;0.0;0.0;1.615;0;0.0;0 - 0;3.9;Dimas Escazu (W);;0.0;0.0;4.2;0;0.0;-0.75;0 - 0;0-0;3.25;1.25;-;nan;;;;;;;;;;;;;;;;0.0;0.0;0.0;0.0;;;0.0;0.0;0.0;0.0;;[];[];[];[];[];[];[];[];1.0;0.0;0.0;1.0;0.0;0.0;;;;;;;Women
2026-05-15;194598930;China U20 League;China;23:00;Schedule;False;0.5137491616364857;1.85;3.0;1.95;3.0;0.0;0.0;;0.0;0.0;0.0;0.0;0.0;;Shenzhen Peng City U20;;0.0;0.0;1.42;0;0.0;0 - 0;4.5;Lanzhou Longyuan Athletic U20;;0.0;0.0;5.25;0;0.0;-1.25;0 - 0;0-0;3.0;1.25;-;nan;;;;;;;;;;;;;;;;0.0;0.0;0.0;0.0;;;0.0;0.0;0.0;0.0;;[];[];[];[];[];[];[];[];1.0;0.0;0.0;1.0;0.0;0.0;;;;;;;Youth
2026-05-15;194598928;China U20 League;China;23:00;Schedule;False;-0.7915573053368329;1.95;4.0;1.85;4.0;0.0;0.0;;0.0;0.0;0.0;0.0;0.0;;Nantong Zhiyun U20;;0.0;0.0;12.0;0;0.0;0 - 0;7.5;Zhejiang Professional U20;;0.0;0.0;1.143;0;0.0;+2.5;0 - 0;0-0;4.0;1.75;-;nan;;;;;;;;;;;;;;;;0.0;0.0;0.0;0.0;;;0.0;0.0;0.0;0.0;;[];[];[];[];[];[];[];[];1.0;0.0;0.0;1.0;0.0;0.0;327153.0;;nantong zhiyun;;;;Youth
2026-05-15;194598926;China U20 League;China;23:00;Schedule;False;-0.5792916760658695;1.95;3.0, 3.5;1.85;3.0, 3.5;0.0;0.0;;0.0;0.0;0.0;0.0;0.0;;Linyi Yihu U20;;0.0;0.0;6.5;0;0.0;0 - 0;4.5;Shanghai Port U20;;0.0;0.0;1.364;0;0.0;+1.0;0 - 0;0-0;3.25;1.25;-;nan;;;;;;;;;;;;;;;;0.0;0.0;0.0;0.0;;;0.0;0.0;0.0;0.0;;[];[];[];[];[];[];[];[];1.0;0.0;0.0;1.0;0.0;0.0;;41537.0;;shanghai port fc;;;Youth
2026-05-15;194583262;Australia Northern NSW Reserves League;Australia;23:00;Schedule;False;0.07619047619047614;1.85;3.5;1.95;3.5;0.0;0.0;;0.0;0.0;0.0;0.0;0.0;;Adamstown Rosebud Reserves;;0.0;0.0;2.1;0;0.0;0 - 0;4.1;Charlestown Azzurri Reserves;;0.0;0.0;2.5;0;0.0;-0.25;0 - 0;0-0;3.5;1.5;-;nan;;;;;;;;;;;;;;;;0.0;0.0;0.0;0.0;;;0.0;0.0;0.0;0.0;;[];[];[];[];[];[];[];[];1.0;0.0;0.0;1.0;0.0;0.0;;;;;;;Youth
2026-05-15;194598924;China U20 League;China;23:00;Schedule;False;-0.36987057076172297;1.95;3.5;1.85;3.5;0.0;0.0;;0.0;0.0;0.0;0.0;0.0;;Jiangxi Lushan U20;;0.0;0.0;3.75;0;0.0;0 - 0;4.75;Shandong Taishan U20;;0.0;0.0;1.571;0;0.0;+1.0;0 - 0;0-0;3.5;1.5;-;nan;;;;;;;;;;;;;;;;0.0;0.0;0.0;0.0;;;0.0;0.0;0.0;0.0;;[];[];[];[];[];[];[];[];1.0;0.0;0.0;1.0;0.0;0.0;;3371.0;;shandong taishan fc;;;Youth
2026-05-15;194585508;Japan Regional League;Japan;23:00;Schedule;False;-0.00438596491228066;1.825;2.5, 3.0;1.975;2.5, 3.0;0.0;0.0;;0.0;0.0;0.0;0.0;0.0;;Nihon University;;0.0;0.0;2.4;0;0.0;0 - 0;3.6;Toin Yokohama University;;0.0;0.0;2.375;0;0.0;0.0;0 - 0;0-0;2.75;1.25;-;nan;;;;;;;;;;;;;;;;0.0;0.0;0.0;0.0;;;0.0;0.0;0.0;0.0;;[];[];[];[];[];[];[];[];1.0;0.0;0.0;1.0;0.0;0.0;;;;;;;
2026-05-15;194604209;Japan Regional League;Japan;23:00;Schedule;False;-0.026619343389529815;1.95;3.5;1.85;3.5;0.0;0.0;;0.0;0.0;0.0;0.0;0.0;;Kobe FC 1970;;0.0;0.0;2.45;0;0.0;0 - 0;3.75;AC Middle Range;;0.0;0.0;2.3;0;0.0;0.0;0 - 0;0-0;3.5;1.5;-;nan;;;;;;;;;;;;;;;;0.0;0.0;0.0;0.0;;;0.0;0.0;0.0;0.0;;[];[];[];[];[];[];[];[];1.0;0.0;0.0;1.0;0.0;0.0;;;;;;;
2026-05-15;194585345;Honduras Liga Nacional;Honduras;23:15;Schedule;False;-0.032051282051282104;2.025;2.5;1.775;2.5;0.0;0.0;;0.0;0.0;0.0;0.0;0.0;;CD Marathon;;0.0;0.0;2.6;0;0.0;0 - 0;3.2;CD Olimpia;;0.0;0.0;2.4;0;0.0;0.0;0 - 0;0-0;2.5;1.0;-;nan;;;;;;;;;;;;;;;;0.0;0.0;0.0;0.0;;;0.0;0.0;0.0;0.0;;[];[];[];[];[];[];[];[];1.0;0.0;0.0;1.0;0.0;0.0;;;;;;;
2026-05-15;194678195;Australia Capital Territory U23 League;Australia;23:30;Schedule;False;-0.04140786749482395;2.0;4.0;1.8;4.0;0.0;0.0;;0.0;0.0;0.0;0.0;0.0;;O'Connor Knights U23;;0.0;0.0;2.3;0;0.0;0 - 0;5.0;Canberra Croatia FC U23;;0.0;0.0;2.1;0;0.0;0.0;0 - 0;0-0;4.0;1.5;-;nan;;;;;;;;;;;;;;;;0.0;0.0;0.0;0.0;;;0.0;0.0;0.0;0.0;;[];[];[];[];[];[];[];[];1.0;0.0;0.0;1.0;0.0;0.0;;;;;;;Youth
2026-05-15;194584611;Australia Capital Territory U23 League;Australia;23:45;Schedule;False;0.6335554209569957;1.975;3.5, 4.0;1.825;3.5, 4.0;0.0;0.0;;0.0;0.0;0.0;0.0;0.0;;Tuggeranong United U23;;0.0;0.0;1.27;0;0.0;0 - 0;5.75;Brindabella Blues FC U23;;0.0;0.0;6.5;0;0.0;-1.75;0 - 0;0-0;3.75;1.5;-;nan;;;;;;;;;;;;;;;;0.0;0.0;0.0;0.0;;;0.0;0.0;0.0;0.0;;[];[];[];[];[];[];[];[];1.0;0.0;0.0;1.0;0.0;0.0;;;;;;;Youth
2026-05-15;194578590;Australia South Australia State League Reserves;Australia;23:45;Schedule;False;0.04140786749482395;1.85;3.5;1.95;3.5;0.0;0.0;;0.0;0.0;0.0;0.0;0.0;;Adelaide Atletico Reserves;;0.0;0.0;2.1;0;0.0;0 - 0;5.0;Eastern United Reserves;;0.0;0.0;2.3;0;0.0;0.0;0 - 0;0-0;3.5;1.5;-;nan;;;;;;;;;;;;;;;;0.0;0.0;0.0;0.0;;;0.0;0.0;0.0;0.0;;[];[];[];[];[];[];[];[];1.0;0.0;0.0;1.0;0.0;0.0;;;;;;;Youth
