Date;Match ID;League;country;Time;Status;Diff_Prob;OddAsianOverGoals_FT;AsianOverGoals_FT;OddAsianUnderGoals_FT;AsianUnderGoals_FT;corners_home;corners_away;corners_FT;corners_home_HT;corners_away_HT;Corners_HT;attack_FT;dangerous_attack_FT;possession_FT;Home;Home Pos;Home Red Cards;Home Yellow Cards;Odd_H_FT;Goals_H_HT;Goals_H_FT;Score;Odd_D_FT;Away;Away Pos;Away Red Cards;Away Yellow Cards;Odd_A_FT;Goals_A_HT;Goals_A_FT;Handicap;Corners (FT);Corners (HT);Total Goals Line (FT);Total Goals Line (HT);Dangerous Attacks (FT);Dangerous Attacks (HT);half_dangerous_attack_away;half_dangerous_attack_home;half_possession_away;half_possession_home;half_shoot_off_target_away;half_shoot_off_target_home;half_shoot_on_target_away;half_shoot_on_target_home;odds_lose_odds;odds_win_odds;odds_draw_odds;handicap_goal_over_line;handicap_goal_over_odds;handicap_goal_under_odds;handicap_goal_under_line;attack_away;attack_home;dangerous_attack_away;dangerous_attack_home;possession_away;possession_home;shoot_off_target_away;shoot_off_target_home;shoot_on_target_away;shoot_on_target_home;GoalMinutes;goal_minutes_real;goal_periods;is_extra_time;goal_scorers;goal_diff_before_list;goal_diff_after_list;period_result_before_list;period_result_after_list;pct_time_drawing;pct_time_home_winning;pct_time_away_winning;pct_time_drawing_HT;pct_time_home_winning_HT;pct_time_away_winning_HT;api_H_id;api_A_id;api_H_name;api_A_name;odd_yes_abertura;odd_yes_fechamento;category
2026-05-10;194218853;Australia New South Wales U20 League;Australia;00:00;Schedule;-0.0444444444444444;1.95;3.5;1.85;3.5;0.0;0.0;;0.0;0.0;0.0;0.0;0.0;;Blacktown City U20;;0.0;0.0;2.5;0;0.0;0 - 0;3.75;St George Saints U20;;0.0;0.0;2.25;0;0.0;0.0;0 - 0;0-0;3.5;1.5;-;nan;;;;;;;;;;;;;;;;0.0;0.0;0.0;0.0;;;0.0;0.0;0.0;0.0;;[];[];[];[];[];[];[];[];1.0;0.0;0.0;1.0;0.0;0.0;92204.0;138216.0;blacktown city fc;st george saints fc;;;Youth
2026-05-10;194333780;Australia Northern NSW Reserves League;Australia;00:00;Schedule;0.09564801530368244;1.8;3.5, 4.0;2.0;3.5, 4.0;0.0;0.0;;0.0;0.0;0.0;0.0;0.0;;Charlestown Azzurri Reserves;;0.0;0.0;2.05;0;0.0;0 - 0;4.333;Broadmeadow Magic Reserves;;0.0;0.0;2.55;0;0.0;-0.25;0 - 0;0-0;3.75;1.5;-;nan;;;;;;;;;;;;;;;;0.0;0.0;0.0;0.0;;;0.0;0.0;0.0;0.0;;[];[];[];[];[];[];[];[];1.0;0.0;0.0;1.0;0.0;0.0;;;;;;;Youth
2026-05-10;194266684;Japan L1 League Women;Japan;00:00;Schedule;0.14285714285714285;1.8;2.0, 2.5;2.0;2.0, 2.5;0.0;0.0;;0.0;0.0;0.0;0.0;0.0;;Orca Kamogawa FC (W);;0.0;0.0;2.1;0;0.0;0 - 0;3.25;Setagaya Sfida (W);;0.0;0.0;3.0;0;0.0;-0.25;0 - 0;0-0;2.25;1.0;-;nan;;;;;;;;;;;;;;;;0.0;0.0;0.0;0.0;;;0.0;0.0;0.0;0.0;;[];[];[];[];[];[];[];[];1.0;0.0;0.0;1.0;0.0;0.0;;;;;;;Women
2026-05-10;194218820;Australia Northern NSW Premier League;Australia;00:00;Schedule;-0.1679929266136163;1.875;3.0, 3.5;1.925;3.0, 3.5;0.0;0.0;;0.0;0.0;0.0;0.0;0.0;;Newcastle Olympic FC;;0.0;0.0;2.9;0;0.0;0 - 0;3.9;Lambton Jaffas;;0.0;0.0;1.95;0;0.0;0.25;0 - 0;0-0;3.25;1.25;-;nan;;;;;;;;;;;;;;;;0.0;0.0;0.0;0.0;;;0.0;0.0;0.0;0.0;;[];[];[];[];[];[];[];[];1.0;0.0;0.0;1.0;0.0;0.0;;;;;;;
2026-05-10;193711646;Mexico Liga MX;Mexico;00:15;Schedule;0.47124824684431976;2.0;2.5, 3.0;1.8;2.5, 3.0;0.0;0.0;;0.0;0.0;0.0;0.0;0.0;;Cruz Azul;;0.0;0.0;1.55;0;0.0;0 - 0;4.333;Atlas;;0.0;0.0;5.75;0;0.0;-1.0;0 - 0;0-0;2.75;1.0;-;nan;;;;;;;;;;;;;;;;0.0;0.0;0.0;0.0;;;0.0;0.0;0.0;0.0;;[];[];[];[];[];[];[];[];1.0;0.0;0.0;1.0;0.0;0.0;1947.0;376766.0;cf cruz azul;atlas fc;;;
2026-05-10;194219567;Australia Victoria Premier League 1;Australia;01:00;Schedule;0.14245014245014254;1.9;3.5, 4.0;1.9;3.5, 4.0;0.0;0.0;;0.0;0.0;0.0;0.0;0.0;;Western United FC NPL;;0.0;0.0;1.95;0;0.0;0 - 0;4.333;North Geelong;;0.0;0.0;2.7;0;0.0;-0.25;0 - 0;0-0;3.75;1.5;-;nan;;;;;;;;;;;;;;;;0.0;0.0;0.0;0.0;;;0.0;0.0;0.0;0.0;;[];[];[];[];[];[];[];[];1.0;0.0;0.0;1.0;0.0;0.0;;;;;;;
2026-05-10;194266891;Japan L2 League Women;Japan;01:00;Schedule;0.08995502248875564;1.75;2.0;2.05;2.0;0.0;0.0;;0.0;0.0;0.0;0.0;0.0;;Renofa Yamaguchi (W);;0.0;0.0;2.3;0;0.0;0 - 0;3.0;Diavorosso Hiroshima (W);;0.0;0.0;2.9;0;0.0;-0.25;0 - 0;0-0;2.0;1.0;-;nan;;;;;;;;;;;;;;;;0.0;0.0;0.0;0.0;;;0.0;0.0;0.0;0.0;;[];[];[];[];[];[];[];[];1.0;0.0;0.0;1.0;0.0;0.0;38146.0;;renofa yamaguchi;;;;Women
2026-05-10;194266687;Japan L1 League Women;Japan;01:00;Schedule;0.5020445851470783;1.925;2.5, 3.0;1.875;2.5, 3.0;0.0;0.0;;0.0;0.0;0.0;0.0;0.0;;Shizuoka SSU Asregina (W);;0.0;0.0;1.444;0;0.0;0 - 0;4.333;Okayama Yunogo Belle (W);;0.0;0.0;5.25;0;0.0;-1.0;0 - 0;0-0;2.75;1.25;-;nan;;;;;;;;;;;;;;;;0.0;0.0;0.0;0.0;;;0.0;0.0;0.0;0.0;;[];[];[];[];[];[];[];[];1.0;0.0;0.0;1.0;0.0;0.0;;;;;;;Women
2026-05-10;194354033;Japan L1 League Women;Japan;01:00;Schedule;0.5902806870548805;1.95;3.0;1.85;3.0;0.0;0.0;;0.0;0.0;0.0;0.0;0.0;;Viamaterasu Miyazaki (W);;0.0;0.0;1.364;0;0.0;0 - 0;4.5;Ehime FC (W);;0.0;0.0;7.0;0;0.0;-1.5;0 - 0;0-0;3.0;1.25;-;nan;;;;;;;;;;;;;;;;0.0;0.0;0.0;0.0;;;0.0;0.0;0.0;0.0;;[];[];[];[];[];[];[];[];1.0;0.0;0.0;1.0;0.0;0.0;;8060.0;;ehime fc;;;Women
2026-05-10;194354156;Japan L2 League Women;Japan;01:00;Schedule;-0.09661835748792269;2.05;2.0, 2.5;1.75;2.0, 2.5;0.0;0.0;;0.0;0.0;0.0;0.0;0.0;;FC Yamato Sylphid (W);;0.0;0.0;2.875;0;0.0;0 - 0;3.1;JFA Academy (W);;0.0;0.0;2.25;0;0.0;0.25;0 - 0;0-0;2.25;0.75;-;nan;;;;;;;;;;;;;;;;0.0;0.0;0.0;0.0;;;0.0;0.0;0.0;0.0;;[];[];[];[];[];[];[];[];1.0;0.0;0.0;1.0;0.0;0.0;;;;;;;Women
2026-05-10;194354328;Japan FA Cup;Japan;01:00;Schedule;-0.17316017316017313;1.8;2.0;2.0;2.0;0.0;0.0;;0.0;0.0;0.0;0.0;0.0;;Azul Claro Numazu;;0.0;0.0;3.3;0;0.0;0 - 0;3.0;Honda FC;;0.0;0.0;2.1;0;0.0;0.25;0 - 0;0-0;2.0;0.75;-;nan;;;;;;;;;;;;;;;;0.0;0.0;0.0;0.0;;;0.0;0.0;0.0;0.0;;[];[];[];[];[];[];[];[];1.0;0.0;0.0;1.0;0.0;0.0;;;;;;;
2026-05-10;194216945;Japan Women Empowerment League;Japan;01:00;Schedule;0.367965367965368;1.85;2.0, 2.5;1.95;2.0, 2.5;0.0;0.0;;0.0;0.0;0.0;0.0;0.0;;Omiya Ardija (W);;0.0;0.0;1.65;0;0.0;0 - 0;3.6;JEF Utd Chiba (W);;0.0;0.0;4.2;0;0.0;-0.75;0 - 0;0-0;2.25;1.0;-;nan;;;;;;;;;;;;;;;;0.0;0.0;0.0;0.0;;;0.0;0.0;0.0;0.0;;[];[];[];[];[];[];[];[];1.0;0.0;0.0;1.0;0.0;0.0;5130.0;3144.0;rb omiya ardija;jef united chiba;;;Women
2026-05-10;193335569;Japan J2/J3 Centennial League;Japan;01:30;Schedule;-0.029629629629629672;2.025;2.0, 2.5;1.775;2.0, 2.5;0.0;0.0;;0.0;0.0;0.0;0.0;0.0;;Zweigen Kanazawa;;0.0;0.0;2.7;0;0.0;0 - 0;3.2;Albirex Niigata Singapore;;0.0;0.0;2.5;0;0.0;0.0;0 - 0;0-0;2.25;0.75;-;nan;;;;;;;;;;;;;;;;0.0;0.0;0.0;0.0;;;0.0;0.0;0.0;0.0;;[];[];[];[];[];[];[];[];1.0;0.0;0.0;1.0;0.0;0.0;38138.0;34081.0;zweigen kanazawa;albirex niigata (s);;;
2026-05-10;194218837;Australia Queensland Premier League;Australia;01:30;Schedule;0.4358796830525425;1.95;3.5;1.85;3.5;0.0;0.0;;0.0;0.0;0.0;0.0;0.0;;Robina City;8.0;0.0;0.0;1.5;0;0.0;0 - 0;4.5;North Star;10.0;0.0;0.0;4.333;0;0.0;-1.0;0 - 0;0-0;3.5;1.5;-;nan;;;;;;;;;;;;;;;;0.0;0.0;0.0;0.0;;;0.0;0.0;0.0;0.0;;[];[];[];[];[];[];[];[];1.0;0.0;0.0;1.0;0.0;0.0;;;;;;;
2026-05-10;194218848;Australia Tasmania Premier League;Australia;01:30;Schedule;-0.5403726708074534;1.9;3.5, 4.0;1.9;3.5, 4.0;0.0;0.0;;0.0;0.0;0.0;0.0;0.0;;Ulverstone;;0.0;0.0;5.75;0;0.0;0 - 0;4.333;Clarence Zebras FC;;0.0;0.0;1.4;0;0.0;1.5;0 - 0;0-0;3.75;1.5;-;nan;;;;;;;;;;;;;;;;0.0;0.0;0.0;0.0;;;0.0;0.0;0.0;0.0;;[];[];[];[];[];[];[];[];1.0;0.0;0.0;1.0;0.0;0.0;;;;;;;
2026-05-10;193268985;Australia NPL Queensland;Australia;01:30;Schedule;-0.3926347984039994;1.95;3.5, 4.0;1.85;3.5, 4.0;0.0;0.0;;0.0;0.0;0.0;0.0;0.0;;Magic United;;0.0;0.0;4.1;0;0.0;0 - 0;4.1;Wynnum Wolves;;0.0;0.0;1.571;0;0.0;1.0;0 - 0;0-0;3.75;1.5;-;nan;;;;;;;;;;;;;;;;0.0;0.0;0.0;0.0;;;0.0;0.0;0.0;0.0;;[];[];[];[];[];[];[];[];1.0;0.0;0.0;1.0;0.0;0.0;781806.0;91134.0;magic united tfa;wynnum wolves fc;;;
2026-05-10;194262146;Japan Women Empowerment League;Japan;02:00;Schedule;-0.3214285714285714;1.85;2.0, 2.5;1.95;2.0, 2.5;0.0;0.0;;0.0;0.0;0.0;0.0;0.0;;Cerezo Osaka (W);;0.0;0.0;4.0;0;0.0;0 - 0;3.4;Sanfrecce Hiroshima (W);;0.0;0.0;1.75;0;0.0;0.5;0 - 0;0-0;2.25;1.0;-;nan;;;;;;;;;;;;;;;;0.0;0.0;0.0;0.0;;;0.0;0.0;0.0;0.0;;[];[];[];[];[];[];[];[];1.0;0.0;0.0;1.0;0.0;0.0;3141.0;3135.0;cerezo osaka;sanfrecce hiroshima;;;Women
2026-05-10;194220138;Hong Kong 1st Division;Hong Kong;02:00;Schedule;-0.8748832866479925;1.875;4.5;1.925;4.5;0.0;0.0;;0.0;0.0;0.0;0.0;0.0;;Citizen AA;;0.0;0.0;17.0;0;0.0;0 - 0;13.0;WSE;;0.0;0.0;1.071;0;0.0;2.75;0 - 0;0-0;4.5;2.0;-;nan;;;;;;;;;;;;;;;;0.0;0.0;0.0;0.0;;;0.0;0.0;0.0;0.0;;[];[];[];[];[];[];[];[];1.0;0.0;0.0;1.0;0.0;0.0;;;;;;;
2026-05-10;193335592;Japan J2/J3 Centennial League;Japan;02:00;Schedule;0.5325207756232687;1.825;2.5;1.975;2.5;0.0;0.0;;0.0;0.0;0.0;0.0;0.0;;Tokushima Vortis;;0.0;0.0;1.444;0;0.0;0 - 0;4.2;Nara Club;;0.0;0.0;6.25;0;0.0;-1.25;0 - 0;0-0;2.5;1.0;-;nan;;;;;;;;;;;;;;;;0.0;0.0;0.0;0.0;;;0.0;0.0;0.0;0.0;;[];[];[];[];[];[];[];[];1.0;0.0;0.0;1.0;0.0;0.0;21907.0;38148.0;tokushima vortis;nara club;;;
2026-05-10;194219564;Australia NPL Victoria Women;Australia;02:00;Schedule;0.8860877684407096;1.85;4.0, 4.5;1.95;4.0, 4.5;0.0;0.0;;0.0;0.0;0.0;0.0;0.0;;Preston Lions (W);;0.0;0.0;1.071;0;0.0;0 - 0;11.0;Bentleigh Greens (W);;0.0;0.0;21.0;0;0.0;-3.0;0 - 0;0-0;4.25;1.75;-;nan;;;;;;;;;;;;;;;;0.0;0.0;0.0;0.0;;;0.0;0.0;0.0;0.0;;[];[];[];[];[];[];[];[];1.0;0.0;0.0;1.0;0.0;0.0;364598.0;92921.0;preston lions fc;bentleigh greens;;;Women
2026-05-10;193328529;Japan J-League;Japan;02:00;Schedule;-0.20209059233449483;1.95;2.5;1.85;2.5;0.0;0.0;;0.0;0.0;0.0;0.0;0.0;;Yokohama F-Marinos;;0.0;0.0;3.5;0;0.0;0 - 0;3.5;Kashima Antlers;;0.0;0.0;2.05;0;0.0;0.5;0 - 0;0-0;2.5;1.0;-;nan;;;;;;;;;;;;;;;;0.0;0.0;0.0;0.0;;;0.0;0.0;0.0;0.0;;[];[];[];[];[];[];[];[];1.0;0.0;0.0;1.0;0.0;0.0;3137.0;3134.0;yokohama f marinos;kashima antlers;;;
2026-05-10;193328527;Japan J-League;Japan;02:00;Schedule;0.4155844155844156;1.8;2.0, 2.5;2.0;2.0, 2.5;0.0;0.0;;0.0;0.0;0.0;0.0;0.0;;Vissel Kobe;;0.0;0.0;1.65;0;0.0;0 - 0;3.7;Fagiano Okayama;;0.0;0.0;5.25;0;0.0;-0.75;0 - 0;0-0;2.25;1.0;-;nan;;;;;;;;;;;;;;;;0.0;0.0;0.0;0.0;;;0.0;0.0;0.0;0.0;;[];[];[];[];[];[];[];[];1.0;0.0;0.0;1.0;0.0;0.0;3146.0;34034.0;vissel kobe;fagiano okayama;;;
2026-05-10;193335606;Japan J2/J3 Centennial League;Japan;02:00;Schedule;0.1847745750184775;1.8;2.0, 2.5;2.0;2.0, 2.5;0.0;0.0;;0.0;0.0;0.0;0.0;0.0;;Matsumoto Y FC;;0.0;0.0;2.05;0;0.0;0 - 0;3.3;Fujieda MYFC;;0.0;0.0;3.3;0;0.0;-0.25;0 - 0;0-0;2.25;1.0;-;nan;;;;;;;;;;;;;;;;0.0;0.0;0.0;0.0;;;0.0;0.0;0.0;0.0;;[];[];[];[];[];[];[];[];1.0;0.0;0.0;1.0;0.0;0.0;26011.0;118500.0;matsumoto yamaga fc;fujieda myfc;;;
2026-05-10;194218831;Australia New South Wales Premier League;Australia;02:00;Schedule;0.34965034965034963;1.85;3.0, 3.5;1.95;3.0, 3.5;0.0;0.0;;0.0;0.0;0.0;0.0;0.0;;Rockdale Ilinden FC;;0.0;0.0;1.65;0;0.0;0 - 0;3.9;Sydney FC NPL;;0.0;0.0;3.9;0;0.0;-0.75;0 - 0;0-0;3.25;1.25;-;nan;;;;;;;;;;;;;;;;0.0;0.0;0.0;0.0;;;0.0;0.0;0.0;0.0;;[];[];[];[];[];[];[];[];1.0;0.0;0.0;1.0;0.0;0.0;92210.0;;rockdale ilinden fc;;;;
2026-05-10;193335598;Japan J2/J3 Centennial League;Japan;02:00;Schedule;-0.15742397137745973;2.05;2.0, 2.5;1.75;2.0, 2.5;0.0;0.0;;0.0;0.0;0.0;0.0;0.0;;Vanraure Hachinohe;;0.0;0.0;3.25;0;0.0;0 - 0;3.1;Vegalta Sendai;;0.0;0.0;2.15;0;0.0;0.25;0 - 0;0-0;2.25;0.75;-;nan;;;;;;;;;;;;;;;;0.0;0.0;0.0;0.0;;;0.0;0.0;0.0;0.0;;[];[];[];[];[];[];[];[];1.0;0.0;0.0;1.0;0.0;0.0;118478.0;3148.0;vanraure hachinohe fc;vegalta sendai;;;
2026-05-10;194218843;Australia Queensland Premier League 3;Australia;02:00;Schedule;0.21222040370976542;1.9;4.5;1.9;4.5;0.0;0.0;;0.0;0.0;0.0;0.0;0.0;;Logan Roos FC;;0.0;0.0;1.833;0;0.0;0 - 0;4.2;University of Queensland;;0.0;0.0;3.0;0;0.0;-0.5;0 - 0;0-0;4.5;2.0;-;nan;;;;;;;;;;;;;;;;0.0;0.0;0.0;0.0;;;0.0;0.0;0.0;0.0;;[];[];[];[];[];[];[];[];1.0;0.0;0.0;1.0;0.0;0.0;;;;;;;
2026-05-10;194218833;Australia New South Wales Premier League;Australia;02:00;Schedule;0.0;1.95;3.0;1.85;3.0;0.0;0.0;;0.0;0.0;0.0;0.0;0.0;;Blacktown City;;0.0;0.0;2.4;0;0.0;0 - 0;3.5;St George Saints;;0.0;0.0;2.4;0;0.0;0.0;0 - 0;0-0;3.0;1.25;-;nan;;;;;;;;;;;;;;;;0.0;0.0;0.0;0.0;;;0.0;0.0;0.0;0.0;;[];[];[];[];[];[];[];[];1.0;0.0;0.0;1.0;0.0;0.0;92204.0;138216.0;blacktown city fc;st george saints fc;;;
2026-05-10;194216947;South Korea K3 League;South Korea;02:00;Schedule;0.45231572080887156;1.9;2.5;1.9;2.5;0.0;0.0;;0.0;0.0;0.0;0.0;0.0;;Gyeongju HNP;;0.0;0.0;1.533;0;0.0;0 - 0;3.8;Dangjin Citizen FC;;0.0;0.0;5.0;0;0.0;-1.0;0 - 0;0-0;2.5;1.0;-;nan;;;;;;;;;;;;;;;;0.0;0.0;0.0;0.0;;;0.0;0.0;0.0;0.0;;[];[];[];[];[];[];[];[];1.0;0.0;0.0;1.0;0.0;0.0;;;;;;;
2026-05-10;194219560;Australia NPL Victoria Women;Australia;02:00;Schedule;-0.2514360899842752;1.8;3.0;2.0;3.0;0.0;0.0;;0.0;0.0;0.0;0.0;0.0;;Boroondara Eagles (W);;0.0;0.0;3.4;0;0.0;0 - 0;3.7;Avondale (W);;0.0;0.0;1.833;0;0.0;0.5;0 - 0;0-0;3.0;1.25;-;nan;;;;;;;;;;;;;;;;0.0;0.0;0.0;0.0;;;0.0;0.0;0.0;0.0;;[];[];[];[];[];[];[];[];1.0;0.0;0.0;1.0;0.0;0.0;;189013.0;;avondale fc;;;Women
2026-05-10;194262144;Japan Women Empowerment League;Japan;02:00;Schedule;0.044579533941236094;1.975;2.5;1.825;2.5;0.0;0.0;;0.0;0.0;0.0;0.0;0.0;;Urawa Red Diamonds (W);;0.0;0.0;2.35;0;0.0;0 - 0;3.25;NTV Beleza (W);;0.0;0.0;2.625;0;0.0;0.0;0 - 0;0-0;2.5;1.0;-;nan;;;;;;;;;;;;;;;;0.0;0.0;0.0;0.0;;;0.0;0.0;0.0;0.0;;[];[];[];[];[];[];[];[];1.0;0.0;0.0;1.0;0.0;0.0;3145.0;;urawa red diamonds;;;;Women
2026-05-10;194218827;Australia Northern NSW Premier League;Australia;02:00;Schedule;-0.2857142857142857;1.875;3.0;1.925;3.0;0.0;0.0;;0.0;0.0;0.0;0.0;0.0;;Charlestown Azzurri;;0.0;0.0;3.5;0;0.0;0 - 0;3.9;Broadmeadow Magic;;0.0;0.0;1.75;0;0.0;0.75;0 - 0;0-0;3.0;1.25;-;nan;;;;;;;;;;;;;;;;0.0;0.0;0.0;0.0;;;0.0;0.0;0.0;0.0;;[];[];[];[];[];[];[];[];1.0;0.0;0.0;1.0;0.0;0.0;;;;;;;
2026-05-10;194262141;Japan Women Empowerment League;Japan;02:00;Schedule;-0.5901875468867217;1.925;2.5, 3.0;1.875;2.5, 3.0;0.0;0.0;;0.0;0.0;0.0;0.0;0.0;;Chifure AS Elfen Saitama (W);;0.0;0.0;6.25;0;0.0;0 - 0;5.0;INAC Leonessa (W);;0.0;0.0;1.333;0;0.0;1.5;0 - 0;0-0;2.75;1.25;-;nan;;;;;;;;;;;;;;;;0.0;0.0;0.0;0.0;;;0.0;0.0;0.0;0.0;;[];[];[];[];[];[];[];[];1.0;0.0;0.0;1.0;0.0;0.0;;;;;;;Women
2026-05-10;194218835;Australia New South Wales NPL Women;Australia;02:00;Schedule;-0.23305373704309873;1.85;3.0;1.95;3.0;0.0;0.0;;0.0;0.0;0.0;0.0;0.0;;Illawarra Stingrays (W);;0.0;0.0;3.2;0;0.0;0 - 0;3.8;Manly Utd (W);;0.0;0.0;1.833;0;0.0;0.5;0 - 0;0-0;3.0;1.25;-;nan;;;;;;;;;;;;;;;;0.0;0.0;0.0;0.0;;;0.0;0.0;0.0;0.0;;[];[];[];[];[];[];[];[];1.0;0.0;0.0;1.0;0.0;0.0;;92208.0;;manly united fc;;;Women
2026-05-10;193335589;Japan J2/J3 Centennial League;Japan;02:00;Schedule;-0.03779289493575205;2.025;2.0, 2.5;1.775;2.0, 2.5;0.0;0.0;;0.0;0.0;0.0;0.0;0.0;;Tochigi SC;;0.0;0.0;2.7;0;0.0;0 - 0;3.1;Blaublitz Akita;;0.0;0.0;2.45;0;0.0;0.0;0 - 0;0-0;2.25;0.75;-;nan;;;;;;;;;;;;;;;;0.0;0.0;0.0;0.0;;;0.0;0.0;0.0;0.0;;[];[];[];[];[];[];[];[];1.0;0.0;0.0;1.0;0.0;0.0;26009.0;44523.0;tochigi sc;blaublitz akita;;;
2026-05-10;193335572;Japan J2/J3 Centennial League;Japan;02:00;Schedule;-0.25482625482625476;1.9;2.5, 3.0;1.9;2.5, 3.0;0.0;0.0;;0.0;0.0;0.0;0.0;0.0;;Fukushima Utd;;0.0;0.0;3.5;0;0.0;0 - 0;3.7;Jubilo Iwata;;0.0;0.0;1.85;0;0.0;0.5;0 - 0;0-0;2.75;1.25;-;nan;;;;;;;;;;;;;;;;0.0;0.0;0.0;0.0;;;0.0;0.0;0.0;0.0;;[];[];[];[];[];[];[];[];1.0;0.0;0.0;1.0;0.0;0.0;38140.0;3132.0;fukushima united fc;jubilo iwata;;;
2026-05-10;193335577;Japan J2/J3 Centennial League;Japan;02:00;Schedule;-0.193687230989957;1.95;2.0, 2.5;1.85;2.0, 2.5;0.0;0.0;;0.0;0.0;0.0;0.0;0.0;;Kamatamare Sanuki;;0.0;0.0;3.4;0;0.0;0 - 0;3.2;Kochi United;;0.0;0.0;2.05;0;0.0;0.25;0 - 0;0-0;2.25;1.0;-;nan;;;;;;;;;;;;;;;;0.0;0.0;0.0;0.0;;;0.0;0.0;0.0;0.0;;[];[];[];[];[];[];[];[];1.0;0.0;0.0;1.0;0.0;0.0;38157.0;281405.0;kamatamare sanuki;kochi united sc;;;
2026-05-10;193335583;Japan J2/J3 Centennial League;Japan;02:00;Schedule;0.015384615384615441;1.825;2.0;1.975;2.0;0.0;0.0;;0.0;0.0;0.0;0.0;0.0;;Oita;;0.0;0.0;2.5;0;0.0;0 - 0;3.25;Sagan Tosu;;0.0;0.0;2.6;0;0.0;0.0;0 - 0;0-0;2.0;0.75;-;nan;;;;;;;;;;;;;;;;0.0;0.0;0.0;0.0;;;0.0;0.0;0.0;0.0;;[];[];[];[];[];[];[];[];1.0;0.0;0.0;1.0;0.0;0.0;5129.0;21904.0;oita trinita;sagan tosu;;;
2026-05-10;193335575;Japan J2/J3 Centennial League;Japan;02:00;Schedule;-0.13196480938416422;1.85;2.0, 2.5;1.95;2.0, 2.5;0.0;0.0;;0.0;0.0;0.0;0.0;0.0;;Gainare Tottori;;0.0;0.0;3.1;0;0.0;0 - 0;3.1;Giravanz Kitakyushu;;0.0;0.0;2.2;0;0.0;0.25;0 - 0;0-0;2.25;1.0;-;nan;;;;;;;;;;;;;;;;0.0;0.0;0.0;0.0;;;0.0;0.0;0.0;0.0;;[];[];[];[];[];[];[];[];1.0;0.0;0.0;1.0;0.0;0.0;38141.0;40029.0;gainare tottori;giravanz kitakyushu;;;
2026-05-10;194262161;South Korea K4 League;South Korea;02:00;Schedule;0.465149359886202;1.8;3.0;2.0;3.0;0.0;0.0;;0.0;0.0;0.0;0.0;0.0;;Sejong SA;;0.0;0.0;1.48;0;0.0;0 - 0;4.333;Pyeongtaek Citizen FC;;0.0;0.0;4.75;0;0.0;-1.0;0 - 0;0-0;3.0;1.25;-;nan;;;;;;;;;;;;;;;;0.0;0.0;0.0;0.0;;;0.0;0.0;0.0;0.0;;[];[];[];[];[];[];[];[];1.0;0.0;0.0;1.0;0.0;0.0;;;;;;;
2026-05-10;193328524;Japan J-League;Japan;02:00;Schedule;0.16883116883116883;2.025;2.0, 2.5;1.775;2.0, 2.5;0.0;0.0;;0.0;0.0;0.0;0.0;0.0;;Shimizu S-Pulse;;0.0;0.0;2.2;0;0.0;0 - 0;3.2;Avispa Fukuoka;;0.0;0.0;3.5;0;0.0;-0.25;0 - 0;0-0;2.25;0.75;-;nan;;;;;;;;;;;;;;;;0.0;0.0;0.0;0.0;;;0.0;0.0;0.0;0.0;;[];[];[];[];[];[];[];[];1.0;0.0;0.0;1.0;0.0;0.0;3133.0;3143.0;shimizu s-pulse;avispa fukuoka;;;
2026-05-10;193335585;Japan J2/J3 Centennial League;Japan;02:00;Schedule;-0.4633431085043988;1.95;2.5;1.85;2.5;0.0;0.0;;0.0;0.0;0.0;0.0;0.0;;Reilac Shiga;;0.0;0.0;5.5;0;0.0;0 - 0;3.8;Kagoshima United;;0.0;0.0;1.55;0;0.0;1.0;0 - 0;0-0;2.5;1.0;-;nan;;;;;;;;;;;;;;;;0.0;0.0;0.0;0.0;;;0.0;0.0;0.0;0.0;;[];[];[];[];[];[];[];[];1.0;0.0;0.0;1.0;0.0;0.0;439336.0;162632.0;reilac shiga fc;kagoshima united;;;
2026-05-10;193335587;Japan J2/J3 Centennial League;Japan;02:00;Schedule;0.02721088435374147;1.8;2.0, 2.5;2.0;2.0, 2.5;0.0;0.0;;0.0;0.0;0.0;0.0;0.0;;Shonan Bellmare;;0.0;0.0;2.45;0;0.0;0 - 0;3.2;Yokohama FC;;0.0;0.0;2.625;0;0.0;0.0;0 - 0;0-0;2.25;1.0;-;nan;;;;;;;;;;;;;;;;0.0;0.0;0.0;0.0;;;0.0;0.0;0.0;0.0;;[];[];[];[];[];[];[];[];1.0;0.0;0.0;1.0;0.0;0.0;21905.0;7061.0;shonan bellmare;yokohama fc;;;
2026-05-10;193335579;Japan J2/J3 Centennial League;Japan;02:00;Schedule;0.3174603174603175;1.9;2.0, 2.5;1.9;2.0, 2.5;0.0;0.0;;0.0;0.0;0.0;0.0;0.0;;Roasso Kumamoto;;0.0;0.0;1.8;0;0.0;0 - 0;3.25;FC Ryukyu;;0.0;0.0;4.2;0;0.0;-0.5;0 - 0;0-0;2.25;1.0;-;nan;;;;;;;;;;;;;;;;0.0;0.0;0.0;0.0;;;0.0;0.0;0.0;0.0;;[];[];[];[];[];[];[];[];1.0;0.0;0.0;1.0;0.0;0.0;21903.0;44528.0;roasso kumamoto;fc ryukyu;;;
2026-05-10;194262158;South Korea K4 League;South Korea;02:00;Schedule;-0.017368649587494622;1.85;2.5, 3.0;1.95;2.5, 3.0;0.0;0.0;;0.0;0.0;0.0;0.0;0.0;;Seoul Jungnang FC;;0.0;0.0;2.45;0;0.0;0 - 0;3.6;Jincheon HR;;0.0;0.0;2.35;0;0.0;0.0;0 - 0;0-0;2.75;1.25;-;nan;;;;;;;;;;;;;;;;0.0;0.0;0.0;0.0;;;0.0;0.0;0.0;0.0;;[];[];[];[];[];[];[];[];1.0;0.0;0.0;1.0;0.0;0.0;;;;;;;
2026-05-10;194262155;South Korea K3 League;South Korea;02:00;Schedule;-0.10971786833855796;2.0;2.0, 2.5;1.8;2.0, 2.5;0.0;0.0;;0.0;0.0;0.0;0.0;0.0;;Gangneung City;;0.0;0.0;2.9;0;0.0;0 - 0;3.1;Daejeon Korail;;0.0;0.0;2.2;0;0.0;0.25;0 - 0;0-0;2.25;1.0;-;nan;;;;;;;;;;;;;;;;0.0;0.0;0.0;0.0;;;0.0;0.0;0.0;0.0;;[];[];[];[];[];[];[];[];1.0;0.0;0.0;1.0;0.0;0.0;;;;;;;
2026-05-10;193202211;South Korea K League 1;South Korea;02:00;Schedule;0.3955342902711324;2.025;2.5;1.775;2.5;0.0;0.0;;0.0;0.0;0.0;0.0;0.0;;Ulsan HD;;0.0;0.0;1.65;0;0.0;0 - 0;3.6;Bucheon FC 1995;;0.0;0.0;4.75;0;0.0;-0.75;0 - 0;0-0;2.5;1.0;-;nan;;;;;;;;;;;;;;;;0.0;0.0;0.0;0.0;;;0.0;0.0;0.0;0.0;;[];[];[];[];[];[];[];[];1.0;0.0;0.0;1.0;0.0;0.0;7653.0;92539.0;ulsan hd fc;bucheon fc 1995;;;
2026-05-10;193202448;South Korea K League 2;South Korea;02:00;Schedule;0.18011257035647282;1.9;2.0, 2.5;1.9;2.0, 2.5;0.0;0.0;;0.0;0.0;0.0;0.0;0.0;;Seongnam FC;11.0;0.0;0.0;2.05;0;0.0;0 - 0;3.1;Jeonnam Dragons;16.0;0.0;0.0;3.25;0;0.0;-0.25;0 - 0;0-0;2.25;1.0;-;nan;;;;;;;;;;;;;;;;0.0;0.0;0.0;0.0;;;0.0;0.0;0.0;0.0;;[];[];[];[];[];[];[];[];1.0;0.0;0.0;1.0;0.0;0.0;7651.0;7643.0;seongnam ilhwa;jeonnam dragons;;;
2026-05-10;194221729;OFC Pro League;International (Oceania);02:00;Schedule;;1.95;3.0;1.85;3.0;0.0;0.0;;0.0;0.0;0.0;0.0;0.0;;Tahiti United;;0.0;0.0;;0;0.0;0 - 0;;PNG Hekari FC;;0.0;0.0;;0;0.0;-1.0;0 - 0;0-0;3.0;1.25;-;nan;;;;;;;;;;;;;;;;0.0;0.0;0.0;0.0;;;0.0;0.0;0.0;0.0;;[];[];[];[];[];[];[];[];1.0;0.0;0.0;1.0;0.0;0.0;;;;;;;
2026-05-10;194262175;South Korea K4 League;South Korea;02:00;Schedule;0.5579710144927538;2.0;3.0;1.8;3.0;0.0;0.0;;0.0;0.0;0.0;0.0;0.0;;Pyeongchang United;;0.0;0.0;1.38;0;0.0;0 - 0;4.5;Seosan Pioneer;;0.0;0.0;6.0;0;0.0;-1.25;0 - 0;0-0;3.0;1.25;-;nan;;;;;;;;;;;;;;;;0.0;0.0;0.0;0.0;;;0.0;0.0;0.0;0.0;;[];[];[];[];[];[];[];[];1.0;0.0;0.0;1.0;0.0;0.0;;;;;;;
2026-05-10;193335581;Japan J2/J3 Centennial League;Japan;02:00;Schedule;0.046296296296296335;1.95;2.5;1.85;2.5;0.0;0.0;;0.0;0.0;0.0;0.0;0.0;;Montedio Yamagata;;0.0;0.0;2.4;0;0.0;0 - 0;3.25;Sagamihara;;0.0;0.0;2.7;0;0.0;0.0;0 - 0;0-0;2.5;1.0;-;nan;;;;;;;;;;;;;;;;0.0;0.0;0.0;0.0;;;0.0;0.0;0.0;0.0;;[];[];[];[];[];[];[];[];1.0;0.0;0.0;1.0;0.0;0.0;21902.0;190658.0;montedio yamagata;sc sagamihara;;;
2026-05-10;194260759;Hong Kong 2nd Division;Hong Kong;02:30;Schedule;-0.13636363636363635;1.875;3.5;1.925;3.5;0.0;0.0;;0.0;0.0;0.0;0.0;0.0;;Wing Yee;;0.0;0.0;2.75;0;0.0;0 - 0;4.0;Wanchai;;0.0;0.0;2.0;0;0.0;0.25;0 - 0;0-0;3.5;1.5;-;nan;;;;;;;;;;;;;;;;0.0;0.0;0.0;0.0;;;0.0;0.0;0.0;0.0;;[];[];[];[];[];[];[];[];1.0;0.0;0.0;1.0;0.0;0.0;;;;;;;
2026-05-10;194220153;Hong Kong 1st Division;Hong Kong;02:30;Schedule;-0.3926347984039994;2.0;3.0, 3.5;1.8;3.0, 3.5;0.0;0.0;;0.0;0.0;0.0;0.0;0.0;;Tung Sing;;0.0;0.0;4.1;0;0.0;0 - 0;4.2;South China AA;;0.0;0.0;1.571;0;0.0;1.0;0 - 0;0-0;3.25;1.25;-;nan;;;;;;;;;;;;;;;;0.0;0.0;0.0;0.0;;;0.0;0.0;0.0;0.0;;[];[];[];[];[];[];[];[];1.0;0.0;0.0;1.0;0.0;0.0;;;;;;;
2026-05-10;194219557;Australia NPL Victoria U23;Australia;02:30;Schedule;-0.07964161274265813;1.975;4.5;1.825;4.5;0.0;0.0;;0.0;0.0;0.0;0.0;0.0;;Heidelberg Utd U23;;0.0;0.0;2.45;0;0.0;0 - 0;4.5;South Melbourne U23;;0.0;0.0;2.05;0;0.0;0.25;0 - 0;0-0;4.5;1.75;-;nan;;;;;;;;;;;;;;;;0.0;0.0;0.0;0.0;;;0.0;0.0;0.0;0.0;;[];[];[];[];[];[];[];[];1.0;0.0;0.0;1.0;0.0;0.0;142724.0;2944.0;heidelberg united fc;south melbourne fc;;;Youth
2026-05-10;193328533;Japan J-League;Japan;03:00;Schedule;-0.17316017316017313;1.9;2.5;1.9;2.5;0.0;0.0;;0.0;0.0;0.0;0.0;0.0;;Gamba Osaka;;0.0;0.0;3.3;0;0.0;0 - 0;3.5;Sanfrecce Hiroshima;;0.0;0.0;2.1;0;0.0;0.25;0 - 0;0-0;2.5;1.0;-;nan;;;;;;;;;;;;;;;;0.0;0.0;0.0;0.0;;;0.0;0.0;0.0;0.0;;[];[];[];[];[];[];[];[];1.0;0.0;0.0;1.0;0.0;0.0;3138.0;3135.0;gamba osaka;sanfrecce hiroshima;;;
2026-05-10;193335608;Japan J2/J3 Centennial League;Japan;03:00;Schedule;0.0;2.0;2.5, 3.0;1.8;2.5, 3.0;0.0;0.0;;0.0;0.0;0.0;0.0;0.0;;Ehime FC;;0.0;0.0;2.5;0;0.0;0 - 0;3.4;Kataller Toyama;;0.0;0.0;2.5;0;0.0;0.0;0 - 0;0-0;2.75;1.0;-;nan;;;;;;;;;;;;;;;;0.0;0.0;0.0;0.0;;;0.0;0.0;0.0;0.0;;[];[];[];[];[];[];[];[];1.0;0.0;0.0;1.0;0.0;0.0;8060.0;34035.0;ehime fc;kataller toyama;;;
2026-05-10;193328531;Japan J-League;Japan;03:00;Schedule;0.29552880585956004;1.825;2.0;1.975;2.0;0.0;0.0;;0.0;0.0;0.0;0.0;0.0;;FC Tokyo;;0.0;0.0;1.9;0;0.0;0 - 0;3.25;Tokyo Verdy;;0.0;0.0;4.333;0;0.0;-0.5;0 - 0;0-0;2.0;0.75;-;nan;;;;;;;;;;;;;;;;0.0;0.0;0.0;0.0;;;0.0;0.0;0.0;0.0;;[];[];[];[];[];[];[];[];1.0;0.0;0.0;1.0;0.0;0.0;3147.0;3139.0;fc tokyo;tokyo verdy;;;
2026-05-10;194268343;Australia WA State Cup Women;Australia;03:00;Schedule;-0.8993506493506493;1.9;4.5, 5.0;1.9;4.5, 5.0;0.0;0.0;;0.0;0.0;0.0;0.0;0.0;;Sorrento (W);;0.0;0.0;21.0;0;0.0;0 - 0;11.0;Fremantle City FC (W);;0.0;0.0;1.056;0;0.0;3.5;0 - 0;0-0;4.75;2.0;-;nan;;;;;;;;;;;;;;;;0.0;0.0;0.0;0.0;;;0.0;0.0;0.0;0.0;;[];[];[];[];[];[];[];[];1.0;0.0;0.0;1.0;0.0;0.0;7937.0;319209.0;asd sorrento 1945;fremantle city;;;Women
2026-05-10;194333392;Australia Northern NSW Premier League Women;Australia;03:00;Schedule;0.41666666666666663;2.0;4.0, 4.5;1.8;4.0, 4.5;0.0;0.0;;0.0;0.0;0.0;0.0;0.0;;Lake Macquarie (W);;0.0;0.0;1.5;0;0.0;0 - 0;5.0;Broadmeadow Magic (W);;0.0;0.0;4.0;0;0.0;-1.25;0 - 0;0-0;4.25;1.75;-;nan;;;;;;;;;;;;;;;;0.0;0.0;0.0;0.0;;;0.0;0.0;0.0;0.0;;[];[];[];[];[];[];[];[];1.0;0.0;0.0;1.0;0.0;0.0;;;;;;;Women
2026-05-10;193268987;Australia NPL Queensland;Australia;03:15;Schedule;0.5513196480938416;1.9;3.5;1.9;3.5;0.0;0.0;;0.0;0.0;0.0;0.0;0.0;;Gold Coast Knights;;0.0;0.0;1.364;0;0.0;0 - 0;5.0;Brisbane Roar NPL;;0.0;0.0;5.5;0;0.0;-1.5;0 - 0;0-0;3.5;1.5;-;nan;;;;;;;;;;;;;;;;0.0;0.0;0.0;0.0;;;0.0;0.0;0.0;0.0;;[];[];[];[];[];[];[];[];1.0;0.0;0.0;1.0;0.0;0.0;391734.0;;gold coast knights;;;;
2026-05-10;194218800;Australia Darwin Premier League;Australia;03:30;Schedule;0.87072945521699;1.85;4.5;1.95;4.5;0.0;0.0;;0.0;0.0;0.0;0.0;0.0;;Darwin Hearts;6.0;0.0;0.0;1.083;0;0.0;0 - 0;11.0;Garuda FC;9.0;0.0;0.0;19.0;0;0.0;-3.25;0 - 0;0-0;4.5;2.0;-;nan;;;;;;;;;;;;;;;;0.0;0.0;0.0;0.0;;;0.0;0.0;0.0;0.0;;[];[];[];[];[];[];[];[];1.0;0.0;0.0;1.0;0.0;0.0;;;;;;;
2026-05-10;194219549;Australia NPL Queensland U23;Australia;04:00;Schedule;0.2760084925690021;1.95;3.5, 4.0;1.85;3.5, 4.0;0.0;0.0;;0.0;0.0;0.0;0.0;0.0;;Rochedale Rovers U23;;0.0;0.0;1.727;0;0.0;0 - 0;4.1;Brisbane Olympic FC U23;;0.0;0.0;3.3;0;0.0;-0.75;0 - 0;0-0;3.75;1.5;-;nan;;;;;;;;;;;;;;;;0.0;0.0;0.0;0.0;;;0.0;0.0;0.0;0.0;;[];[];[];[];[];[];[];[];1.0;0.0;0.0;1.0;0.0;0.0;91146.0;91928.0;rochedale rovers;olympic fc brisbane;;;Youth
2026-05-10;194219963;China Division 1;China;04:00;Schedule;0.27027027027027023;2.0;2.5;1.8;2.5;0.0;0.0;;0.0;0.0;0.0;0.0;0.0;;Shaanxi Union;;0.0;0.0;1.85;0;0.0;0 - 0;3.2;Ningbo Professional FC;;0.0;0.0;3.7;0;0.0;-0.25;0 - 0;0-0;2.5;1.0;-;nan;;;;;;;;;;;;;;;;0.0;0.0;0.0;0.0;;;0.0;0.0;0.0;0.0;;[];[];[];[];[];[];[];[];1.0;0.0;0.0;1.0;0.0;0.0;1110233.0;252173.0;shaanxi union fc;ningbo professional fc;;;
2026-05-10;194218845;Australia Queensland Premier League Women;Australia;04:00;Schedule;-0.1068524970963996;1.9;3.5, 4.0;1.9;3.5, 4.0;0.0;0.0;;0.0;0.0;0.0;0.0;0.0;;Grange Thistle (W);;0.0;0.0;2.625;0;0.0;0 - 0;4.0;The Gap NPL (W);;0.0;0.0;2.05;0;0.0;0.25;0 - 0;0-0;3.75;1.5;-;nan;;;;;;;;;;;;;;;;0.0;0.0;0.0;0.0;;;0.0;0.0;0.0;0.0;;[];[];[];[];[];[];[];[];1.0;0.0;0.0;1.0;0.0;0.0;;;;;;;Women
2026-05-10;194219960;China Division 1;China;04:00;Schedule;-0.13178294573643412;1.775;2.0, 2.5;2.025;2.0, 2.5;0.0;0.0;;0.0;0.0;0.0;0.0;0.0;;Dalian K'un City;10.0;0.0;0.0;3.0;0;0.0;0 - 0;3.1;Guangdong GZ-Power;1.0;0.0;0.0;2.15;0;0.0;0.25;0 - 0;0-0;2.25;1.0;-;nan;;;;;;;;;;;;;;;;0.0;0.0;0.0;0.0;;;0.0;0.0;0.0;0.0;;[];[];[];[];[];[];[];[];1.0;0.0;0.0;1.0;0.0;0.0;1110197.0;1110267.0;dalian kun city;guandong gz-power fc;;;
2026-05-10;194220174;Hong Kong 1st Division;Hong Kong;04:00;Schedule;0.26143790849673204;1.8;3.0;2.0;3.0;0.0;0.0;;0.0;0.0;0.0;0.0;0.0;;Sham Shui Po;;0.0;0.0;1.8;0;0.0;0 - 0;3.8;Resources Capital FC;;0.0;0.0;3.4;0;0.0;-0.5;0 - 0;0-0;3.0;1.25;-;nan;;;;;;;;;;;;;;;;0.0;0.0;0.0;0.0;;;0.0;0.0;0.0;0.0;;[];[];[];[];[];[];[];[];1.0;0.0;0.0;1.0;0.0;0.0;;;;;;;
2026-05-10;193268991;Australia NPL Queensland;Australia;04:00;Schedule;-0.26839826839826836;1.9;3.0, 3.5;1.9;3.0, 3.5;0.0;0.0;;0.0;0.0;0.0;0.0;0.0;;Rochedale Rovers;;0.0;0.0;3.3;0;0.0;0 - 0;4.0;Brisbane Olympic FC;;0.0;0.0;1.75;0;0.0;0.5;0 - 0;0-0;3.25;1.25;-;nan;;;;;;;;;;;;;;;;0.0;0.0;0.0;0.0;;;0.0;0.0;0.0;0.0;;[];[];[];[];[];[];[];[];1.0;0.0;0.0;1.0;0.0;0.0;91146.0;91928.0;rochedale rovers;olympic fc brisbane;;;
2026-05-10;193268989;Australia NPL Queensland;Australia;04:00;Schedule;0.4229390681003584;1.9;3.5;1.9;3.5;0.0;0.0;;0.0;0.0;0.0;0.0;0.0;;Eastern Suburbs;;0.0;0.0;1.55;0;0.0;0 - 0;4.1;Gold Coast United;;0.0;0.0;4.5;0;0.0;-1.0;0 - 0;0-0;3.5;1.5;-;nan;;;;;;;;;;;;;;;;0.0;0.0;0.0;0.0;;;0.0;0.0;0.0;0.0;;[];[];[];[];[];[];[];[];1.0;0.0;0.0;1.0;0.0;0.0;91136.0;35845.0;eastern suburbs fc;gold coast united fc;;;
2026-05-10;194219966;China Division 1;China;04:00;Schedule;-0.029629629629629672;2.0;2.0;1.8;2.0;0.0;0.0;;0.0;0.0;0.0;0.0;0.0;;Yanbian Longding;;0.0;0.0;2.7;0;0.0;0 - 0;2.875;Guangxi Hengchen;;0.0;0.0;2.5;0;0.0;0.0;0 - 0;0-0;2.0;0.75;-;nan;;;;;;;;;;;;;;;;0.0;0.0;0.0;0.0;;;0.0;0.0;0.0;0.0;;[];[];[];[];[];[];[];[];1.0;0.0;0.0;1.0;0.0;0.0;793018.0;1110227.0;yanbian longding;guangxi hengchen fc;;;
2026-05-10;194343100;Hong Kong 2nd Division;Hong Kong;04:00;Schedule;0.5137491616364857;2.0;3.5;1.8;3.5;0.0;0.0;;0.0;0.0;0.0;0.0;0.0;;New Fair Kuitan;;0.0;0.0;1.42;0;0.0;0 - 0;4.5;Leaper FC;;0.0;0.0;5.25;0;0.0;-1.25;0 - 0;0-0;3.5;1.5;-;nan;;;;;;;;;;;;;;;;0.0;0.0;0.0;0.0;;;0.0;0.0;0.0;0.0;;[];[];[];[];[];[];[];[];1.0;0.0;0.0;1.0;0.0;0.0;;;;;;;
2026-05-10;194218841;Australia Queensland Premier League Women;Australia;04:00;Schedule;0.6754734627075052;1.875;4.0, 4.5;1.925;4.0, 4.5;0.0;0.0;;0.0;0.0;0.0;0.0;0.0;;Mitchelton FC (W);;0.0;0.0;1.222;0;0.0;0 - 0;6.5;Moreton City Excelsior (W);;0.0;0.0;7.0;0;0.0;-2.0;0 - 0;0-0;4.25;1.75;-;nan;;;;;;;;;;;;;;;;0.0;0.0;0.0;0.0;;;0.0;0.0;0.0;0.0;;[];[];[];[];[];[];[];[];1.0;0.0;0.0;1.0;0.0;0.0;;1098129.0;;moreton city excelsior fc;;;Women
2026-05-10;194218812;Australia New South Wales NPL Women;Australia;04:00;Schedule;-0.3104575163398693;1.85;3.0, 3.5;1.95;3.0, 3.5;0.0;0.0;;0.0;0.0;0.0;0.0;0.0;;Sydney University (W);;0.0;0.0;3.6;0;0.0;0 - 0;4.0;Bulls FC Academy (W);;0.0;0.0;1.7;0;0.0;0.75;0 - 0;0-0;3.25;1.25;-;nan;;;;;;;;;;;;;;;;0.0;0.0;0.0;0.0;;;0.0;0.0;0.0;0.0;;[];[];[];[];[];[];[];[];1.0;0.0;0.0;1.0;0.0;0.0;;;;;;;Women
2026-05-10;194260282;Australia Queensland Premier League 3;Australia;04:00;Schedule;0.24786324786324787;1.8;3.5;2.0;3.5;0.0;0.0;;0.0;0.0;0.0;0.0;0.0;;Springfield United;9.0;0.0;0.0;1.8;0;0.0;0 - 0;4.0;North Pine;10.0;0.0;0.0;3.25;0;0.0;-0.5;0 - 0;0-0;3.5;1.5;-;nan;;;;;;;;;;;;;;;;0.0;0.0;0.0;0.0;;;0.0;0.0;0.0;0.0;;[];[];[];[];[];[];[];[];1.0;0.0;0.0;1.0;0.0;0.0;;;;;;;
2026-05-10;194260287;Australia Queensland Premier League 3;Australia;04:00;Schedule;-0.7407605307685458;1.9;4.0;1.9;4.0;0.0;0.0;;0.0;0.0;0.0;0.0;0.0;;Ipswich Knights;12.0;0.0;0.0;9.5;0;0.0;0 - 0;6.5;Moggill;5.0;0.0;0.0;1.182;0;0.0;2.25;0 - 0;0-0;4.0;1.75;-;nan;;;;;;;;;;;;;;;;0.0;0.0;0.0;0.0;;;0.0;0.0;0.0;0.0;;[];[];[];[];[];[];[];[];1.0;0.0;0.0;1.0;0.0;0.0;;;;;;;
2026-05-10;193328535;Japan J-League;Japan;04:00;Schedule;0.20209059233449483;1.95;2.5, 3.0;1.85;2.5, 3.0;0.0;0.0;;0.0;0.0;0.0;0.0;0.0;;Kashiwa Reysol;;0.0;0.0;2.05;0;0.0;0 - 0;3.6;Kawasaki Frontale;;0.0;0.0;3.5;0;0.0;-0.5;0 - 0;0-0;2.75;1.25;-;nan;;;;;;;;;;;;;;;;0.0;0.0;0.0;0.0;;;0.0;0.0;0.0;0.0;;[];[];[];[];[];[];[];[];1.0;0.0;0.0;1.0;0.0;0.0;3140.0;5127.0;kashiwa reysol;kawasaki frontale;;;
2026-05-10;194260688;Hong Kong Premier League;Hong Kong;04:00;Schedule;-0.3025210084033614;1.9;3.0, 3.5;1.9;3.0, 3.5;0.0;0.0;;0.0;0.0;0.0;0.0;0.0;;North District;;0.0;0.0;3.5;0;0.0;0 - 0;4.1;Lee Man FC;;0.0;0.0;1.7;0;0.0;0.75;0 - 0;0-0;3.25;1.25;-;nan;;;;;;;;;;;;;;;;0.0;0.0;0.0;0.0;;;0.0;0.0;0.0;0.0;;[];[];[];[];[];[];[];[];1.0;0.0;0.0;1.0;0.0;0.0;;;;;;;
2026-05-10;193328538;Japan J-League;Japan;04:00;Schedule;0.14685314685314682;1.95;2.5;1.85;2.5;0.0;0.0;;0.0;0.0;0.0;0.0;0.0;;Nagoya Grampus;;0.0;0.0;2.2;0;0.0;0 - 0;3.4;Kyoto Sanga FC;;0.0;0.0;3.25;0;0.0;-0.25;0 - 0;0-0;2.5;1.0;-;nan;;;;;;;;;;;;;;;;0.0;0.0;0.0;0.0;;;0.0;0.0;0.0;0.0;;[];[];[];[];[];[];[];[];1.0;0.0;0.0;1.0;0.0;0.0;3136.0;3149.0;nagoya grampus;kyoto sanga fc;;;
2026-05-10;194218839;Australia Queensland Premier League;Australia;04:00;Schedule;-0.3926347984039994;1.95;3.0, 3.5;1.85;3.0, 3.5;0.0;0.0;;0.0;0.0;0.0;0.0;0.0;;Capalaba Bulldogs;11.0;0.0;0.0;4.1;0;0.0;0 - 0;4.2;Ipswich FC;4.0;0.0;0.0;1.571;0;0.0;1.0;0 - 0;0-0;3.25;1.25;-;nan;;;;;;;;;;;;;;;;0.0;0.0;0.0;0.0;;;0.0;0.0;0.0;0.0;;[];[];[];[];[];[];[];[];1.0;0.0;0.0;1.0;0.0;0.0;;;;;;;
2026-05-10;194274202;Hong Kong 1st Division;Hong Kong;04:30;Schedule;-0.2849211485404816;2.0;3.5;1.8;3.5;0.0;0.0;;0.0;0.0;0.0;0.0;0.0;;Shatin;;0.0;0.0;3.4;0;0.0;0 - 0;4.2;Yuen Long;;0.0;0.0;1.727;0;0.0;0.75;0 - 0;0-0;3.5;1.5;-;nan;;;;;;;;;;;;;;;;0.0;0.0;0.0;0.0;;;0.0;0.0;0.0;0.0;;[];[];[];[];[];[];[];[];1.0;0.0;0.0;1.0;0.0;0.0;;;;;;;
2026-05-10;194274539;Hong Kong 2nd Division;Hong Kong;04:30;Schedule;0.3104575163398693;1.925;3.0, 3.5;1.875;3.0, 3.5;0.0;0.0;;0.0;0.0;0.0;0.0;0.0;;Tsuen Wan;;0.0;0.0;1.7;0;0.0;0 - 0;4.0;Mutual;;0.0;0.0;3.6;0;0.0;-0.75;0 - 0;0-0;3.25;1.25;-;nan;;;;;;;;;;;;;;;;0.0;0.0;0.0;0.0;;;0.0;0.0;0.0;0.0;;[];[];[];[];[];[];[];[];1.0;0.0;0.0;1.0;0.0;0.0;;;;;;;
2026-05-10;193202213;South Korea K League 1;South Korea;04:30;Schedule;-0.193687230989957;1.825;2.0, 2.5;1.975;2.0, 2.5;0.0;0.0;;0.0;0.0;0.0;0.0;0.0;;FC Anyang;;0.0;0.0;3.4;0;0.0;0 - 0;3.2;Jeonbuk Motors;;0.0;0.0;2.05;0;0.0;0.25;0 - 0;0-0;2.25;1.0;-;nan;;;;;;;;;;;;;;;;0.0;0.0;0.0;0.0;;;0.0;0.0;0.0;0.0;;[];[];[];[];[];[];[];[];1.0;0.0;0.0;1.0;0.0;0.0;32675.0;6908.0;fc anyang;jeonbuk fc;;;
2026-05-10;194263120;Hong Kong 1st Division;Hong Kong;04:30;Schedule;0.6849972722313148;1.9;4.0, 4.5;1.9;4.0, 4.5;0.0;0.0;;0.0;0.0;0.0;0.0;0.0;;Central & Western;;0.0;0.0;1.222;0;0.0;0 - 0;6.5;3 Sing FC;;0.0;0.0;7.5;0;0.0;-2.25;0 - 0;0-0;4.25;1.75;-;nan;;;;;;;;;;;;;;;;0.0;0.0;0.0;0.0;;;0.0;0.0;0.0;0.0;;[];[];[];[];[];[];[];[];1.0;0.0;0.0;1.0;0.0;0.0;;;;;;;
2026-05-10;194262768;Hong Kong 1st Division;Hong Kong;04:30;Schedule;-0.8645375047525936;1.875;4.0, 4.5;1.925;4.0, 4.5;0.0;0.0;;0.0;0.0;0.0;0.0;0.0;;Kwun Tong;;0.0;0.0;17.0;0;0.0;0 - 0;12.0;Hoi King;;0.0;0.0;1.083;0;0.0;3.0;0 - 0;0-0;4.25;1.75;-;nan;;;;;;;;;;;;;;;;0.0;0.0;0.0;0.0;;;0.0;0.0;0.0;0.0;;[];[];[];[];[];[];[];[];1.0;0.0;0.0;1.0;0.0;0.0;;;;;;;
2026-05-10;193202453;South Korea K League 2;South Korea;04:30;Schedule;-0.21870286576168935;1.85;2.0, 2.5;1.95;2.0, 2.5;0.0;0.0;;0.0;0.0;0.0;0.0;0.0;;Ansan Greeners FC;;0.0;0.0;3.4;0;0.0;0 - 0;3.2;Yongin FC;;0.0;0.0;1.95;0;0.0;0.5;0 - 0;0-0;2.25;1.0;-;nan;;;;;;;;;;;;;;;;0.0;0.0;0.0;0.0;;;0.0;0.0;0.0;0.0;;[];[];[];[];[];[];[];[];1.0;0.0;0.0;1.0;0.0;0.0;319507.0;41266.0;ansan greeners fc;yongin city fc;;;
2026-05-10;193202458;South Korea K League 2;South Korea;04:30;Schedule;0.3969728242174063;1.875;2.5;1.925;2.5;0.0;0.0;;0.0;0.0;0.0;0.0;0.0;;Busan I Park;1.0;0.0;0.0;1.615;0;0.0;0 - 0;3.5;Cheonan City;15.0;0.0;0.0;4.5;0;0.0;-0.75;0 - 0;0-0;2.5;1.0;-;nan;;;;;;;;;;;;;;;;0.0;0.0;0.0;0.0;;;0.0;0.0;0.0;0.0;;[];[];[];[];[];[];[];[];1.0;0.0;0.0;1.0;0.0;0.0;7642.0;41263.0;busan i park;cheonan city fc;;;
2026-05-10;194271163;Australia Queensland Premier League 3;Australia;05:00;Schedule;-0.026619343389529815;1.825;4.0;1.975;4.0;0.0;0.0;;0.0;0.0;0.0;0.0;0.0;;North Lakes United;;0.0;0.0;2.45;0;0.0;0 - 0;3.8;Yeronga FC;;0.0;0.0;2.3;0;0.0;0.0;0 - 0;0-0;4.0;1.75;-;nan;;;;;;;;;;;;;;;;0.0;0.0;0.0;0.0;;;0.0;0.0;0.0;0.0;;[];[];[];[];[];[];[];[];1.0;0.0;0.0;1.0;0.0;0.0;;;;;;;
2026-05-10;194266037;China Division 2;China;05:00;Schedule;0.5156756756756756;1.95;2.0, 2.5;1.85;2.0, 2.5;0.0;0.0;;0.0;0.0;0.0;0.0;0.0;;Shanghai Port Reserves;;0.0;0.0;1.48;0;0.0;0 - 0;3.4;Dalian Young Boy Reserves;;0.0;0.0;6.25;0;0.0;-1.0;0 - 0;0-0;2.25;1.0;-;nan;;;;;;;;;;;;;;;;0.0;0.0;0.0;0.0;;;0.0;0.0;0.0;0.0;;[];[];[];[];[];[];[];[];1.0;0.0;0.0;1.0;0.0;0.0;;;;;;;Youth
2026-05-10;194272391;China Super League Women;China;05:00;Schedule;-0.2485380116959064;1.85;2.0, 2.5;1.95;2.0, 2.5;0.0;0.0;;0.0;0.0;0.0;0.0;0.0;;Wuhan Jiangda University (W);;0.0;0.0;3.6;0;0.0;0 - 0;3.3;Beijing (W);;0.0;0.0;1.9;0;0.0;0.5;0 - 0;0-0;2.25;1.0;-;nan;;;;;;;;;;;;;;;;0.0;0.0;0.0;0.0;;;0.0;0.0;0.0;0.0;;[];[];[];[];[];[];[];[];1.0;0.0;0.0;1.0;0.0;0.0;;;;;;;Women
2026-05-10;194266721;Poland Ekstraliga Women;Poland;05:00;Schedule;0.21862348178137647;1.95;3.0;1.85;3.0;0.0;0.0;;0.0;0.0;0.0;0.0;0.0;;Czarni Sosnowiec (W);;0.0;0.0;1.9;0;0.0;0 - 0;3.7;Gornik Leczna (W);;0.0;0.0;3.25;0;0.0;-0.5;0 - 0;0-0;3.0;1.25;-;nan;;;;;;;;;;;;;;;;0.0;0.0;0.0;0.0;;;0.0;0.0;0.0;0.0;;[];[];[];[];[];[];[];[];1.0;0.0;0.0;1.0;0.0;0.0;;3125.0;;gornik leczna;;;Women
2026-05-10;194220472;Australia Queensland Premier League;Australia;05:00;Schedule;-0.0444444444444444;1.975;3.0, 3.5;1.825;3.0, 3.5;0.0;0.0;;0.0;0.0;0.0;0.0;0.0;;St George Willawong FC;12.0;0.0;0.0;2.5;0;0.0;0 - 0;3.75;Logan Lightning;9.0;0.0;0.0;2.25;0;0.0;0.0;0 - 0;0-0;3.25;1.25;-;nan;;;;;;;;;;;;;;;;0.0;0.0;0.0;0.0;;;0.0;0.0;0.0;0.0;;[];[];[];[];[];[];[];[];1.0;0.0;0.0;1.0;0.0;0.0;;;;;;;
2026-05-10;194266039;China Division 2;China;05:00;Schedule;0.07322654462242562;1.9;2.0;1.9;2.0;0.0;0.0;;0.0;0.0;0.0;0.0;0.0;;Changchun Xidu;;0.0;0.0;2.375;0;0.0;0 - 0;2.875;Shanghai Segenda;;0.0;0.0;2.875;0;0.0;0.0;0 - 0;0-0;2.0;0.75;-;nan;;;;;;;;;;;;;;;;0.0;0.0;0.0;0.0;;;0.0;0.0;0.0;0.0;;[];[];[];[];[];[];[];[];1.0;0.0;0.0;1.0;0.0;0.0;;;;;;;
2026-05-10;193328540;Japan J-League;Japan;05:00;Schedule;-0.3609022556390977;1.9;2.0, 2.5;1.9;2.0, 2.5;0.0;0.0;;0.0;0.0;0.0;0.0;0.0;;JEF Utd Chiba;;0.0;0.0;4.75;0;0.0;0 - 0;3.6;Machida Zelvia;;0.0;0.0;1.75;0;0.0;0.75;0 - 0;0-0;2.25;1.0;-;nan;;;;;;;;;;;;;;;;0.0;0.0;0.0;0.0;;;0.0;0.0;0.0;0.0;;[];[];[];[];[];[];[];[];1.0;0.0;0.0;1.0;0.0;0.0;3144.0;44409.0;jef united chiba;machida zelvia;;;
2026-05-10;194263487;Taiwan Premier League;Taiwan;05:00;Schedule;-0.5664711632453567;1.975;3.0;1.825;3.0;0.0;0.0;;0.0;0.0;0.0;0.0;0.0;;Taichung Rock FC;5.0;0.0;0.0;6.0;0;0.0;0 - 0;4.5;Tainan City;1.0;0.0;0.0;1.364;0;0.0;1.5;0 - 0;0-0;3.0;1.25;-;nan;;;;;;;;;;;;;;;;0.0;0.0;0.0;0.0;;;0.0;0.0;0.0;0.0;;[];[];[];[];[];[];[];[];1.0;0.0;0.0;1.0;0.0;0.0;;;;;;;
2026-05-10;194263484;Taiwan Premier League;Taiwan;05:00;Schedule;0.8231669320778232;1.8;3.5, 4.0;2.0;3.5, 4.0;0.0;0.0;;0.0;0.0;0.0;0.0;0.0;;AC Taipei;2.0;0.0;0.0;1.111;0;0.0;0 - 0;9.0;Ming Chuan University;8.0;0.0;0.0;13.0;0;0.0;-2.5;0 - 0;0-0;3.75;1.5;-;nan;;;;;;;;;;;;;;;;0.0;0.0;0.0;0.0;;;0.0;0.0;0.0;0.0;;[];[];[];[];[];[];[];[];1.0;0.0;0.0;1.0;0.0;0.0;;;;;;;
2026-05-10;194266043;China Division 2;China;05:00;Schedule;0.15261627906976744;1.825;2.0;1.975;2.0;0.0;0.0;;0.0;0.0;0.0;0.0;0.0;;Xiamen Feilu;;0.0;0.0;2.15;0;0.0;0 - 0;2.9;Chengdu Rongcheng Reserves;;0.0;0.0;3.2;0;0.0;-0.25;0 - 0;0-0;2.0;0.75;-;nan;;;;;;;;;;;;;;;;0.0;0.0;0.0;0.0;;;0.0;0.0;0.0;0.0;;[];[];[];[];[];[];[];[];1.0;0.0;0.0;1.0;0.0;0.0;;;;;;;Youth
2026-05-10;194263813;Czechia 2. Liga;Czech Republic;05:15;Schedule;-0.1313628899835796;1.85;2.5, 3.0;1.95;2.5, 3.0;0.0;0.0;;0.0;0.0;0.0;0.0;0.0;;Viktoria Zizkov;;0.0;0.0;2.9;0;0.0;0 - 0;3.5;Sparta Prague B;;0.0;0.0;2.1;0;0.0;0.25;0 - 0;0-0;2.75;1.25;-;nan;;;;;;;;;;;;;;;;0.0;0.0;0.0;0.0;;;0.0;0.0;0.0;0.0;;[];[];[];[];[];[];[];[];1.0;0.0;0.0;1.0;0.0;0.0;2211.0;4866.0;fk viktoria zizkov;sparta prague b;;;Youth
2026-05-10;194267266;Czechia 3. Liga;Czech Republic;05:15;Schedule;0.15217391304347827;1.8;2.5, 3.0;2.0;2.5, 3.0;0.0;0.0;;0.0;0.0;0.0;0.0;0.0;;Dukla Praha B;;0.0;0.0;2.0;0;0.0;0 - 0;3.75;Sokol Hostoun;;0.0;0.0;2.875;0;0.0;-0.25;0 - 0;0-0;2.75;1.25;-;nan;;;;;;;;;;;;;;;;0.0;0.0;0.0;0.0;;;0.0;0.0;0.0;0.0;;[];[];[];[];[];[];[];[];1.0;0.0;0.0;1.0;0.0;0.0;7739.0;;dukla prague;;;;Youth
2026-05-10;194272399;Czechia 4. Liga;Czech Republic;05:15;Schedule;0.7222222222222223;2.0;3.5, 4.0;1.8;3.5, 4.0;0.0;0.0;;0.0;0.0;0.0;0.0;0.0;;MFK Havirov;;0.0;0.0;1.2;0;0.0;0 - 0;6.0;Pusta Polom;;0.0;0.0;9.0;0;0.0;-2.0;0 - 0;0-0;3.75;1.5;-;nan;;;;;;;;;;;;;;;;0.0;0.0;0.0;0.0;;;0.0;0.0;0.0;0.0;;[];[];[];[];[];[];[];[];1.0;0.0;0.0;1.0;0.0;0.0;;;;;;;
2026-05-10;194263820;Czechia 2. Liga;Czech Republic;05:15;Schedule;-0.23284823284823275;1.825;2.5, 3.0;1.975;2.5, 3.0;0.0;0.0;;0.0;0.0;0.0;0.0;0.0;;Slavia Prague B;;0.0;0.0;3.25;0;0.0;0 - 0;3.6;FC Silon Taborsko;;0.0;0.0;1.85;0;0.0;0.5;0 - 0;0-0;2.75;1.25;-;nan;;;;;;;;;;;;;;;;0.0;0.0;0.0;0.0;;;0.0;0.0;0.0;0.0;;[];[];[];[];[];[];[];[];1.0;0.0;0.0;1.0;0.0;0.0;602164.0;24782.0;sk slavia prague b;fc silon taborsko;;;Youth
2026-05-10;194297428;Türkiye Womens League;Turkey;05:30;Schedule;-0.7460236886632826;1.85;4.5;1.95;4.5;0.0;0.0;;0.0;0.0;0.0;0.0;0.0;;Cekmekoy Bilgidoga Sportif (W);;0.0;0.0;10.0;0;0.0;0 - 0;6.5;Hakkarigucu SK (W);;0.0;0.0;1.182;0;0.0;2.25;0 - 0;0-0;4.5;2.0;-;nan;;;;;;;;;;;;;;;;0.0;0.0;0.0;0.0;;;0.0;0.0;0.0;0.0;;[];[];[];[];[];[];[];[];1.0;0.0;0.0;1.0;0.0;0.0;;;;;;;Women
2026-05-10;194265549;Indonesia Super League;Indonesia;05:30;Schedule;-0.046296296296296335;1.95;2.5;1.85;2.5;0.0;0.0;;0.0;0.0;0.0;0.0;0.0;;Persija Jakarta;;0.0;0.0;2.7;0;0.0;0 - 0;3.2;Persib Bandung;;0.0;0.0;2.4;0;0.0;0.0;0 - 0;0-0;2.5;1.0;-;nan;;;;;;;;;;;;;;;;0.0;0.0;0.0;0.0;;;0.0;0.0;0.0;0.0;;[];[];[];[];[];[];[];[];1.0;0.0;0.0;1.0;0.0;0.0;;;;;;;
2026-05-10;194266612;Slovakia 3. Liga;Slovakia;05:30;Schedule;0.3691950464396285;1.8;3.0;2.0;3.0;0.0;0.0;;0.0;0.0;0.0;0.0;0.0;;FK Raca;;0.0;0.0;1.615;0;0.0;0 - 0;4.0;KFC Komarno B;;0.0;0.0;4.0;0;0.0;-0.75;0 - 0;0-0;3.0;1.25;-;nan;;;;;;;;;;;;;;;;0.0;0.0;0.0;0.0;;;0.0;0.0;0.0;0.0;;[];[];[];[];[];[];[];[];1.0;0.0;0.0;1.0;0.0;0.0;;191850.0;;kfc komarno;;;Youth
2026-05-10;194220498;Austria Landesliga;Austria;05:30;Schedule;-0.24786324786324787;1.85;3.0, 3.5;1.95;3.0, 3.5;0.0;0.0;;0.0;0.0;0.0;0.0;0.0;;WAF Brigittenau;;0.0;0.0;3.25;0;0.0;0 - 0;4.0;Floridsdorfer AC II;;0.0;0.0;1.8;0;0.0;0.5;0 - 0;0-0;3.25;1.25;-;nan;;;;;;;;;;;;;;;;0.0;0.0;0.0;0.0;;;0.0;0.0;0.0;0.0;;[];[];[];[];[];[];[];[];1.0;0.0;0.0;1.0;0.0;0.0;;7785.0;;fac wien;;;Youth
2026-05-10;194265547;Indonesia Super League;Indonesia;05:30;Schedule;0.0;2.025;2.5;1.775;2.5;0.0;0.0;;0.0;0.0;0.0;0.0;0.0;;Persita Tangerang;;0.0;0.0;2.55;0;0.0;0 - 0;3.2;Persijap Jepara;;0.0;0.0;2.55;0;0.0;0.0;0 - 0;0-0;2.5;1.0;-;nan;;;;;;;;;;;;;;;;0.0;0.0;0.0;0.0;;;0.0;0.0;0.0;0.0;;[];[];[];[];[];[];[];[];1.0;0.0;0.0;1.0;0.0;0.0;;;;;;;
2026-05-10;194220495;Austria Landesliga;Austria;05:30;Schedule;-0.3691950464396285;1.95;3.0, 3.5;1.85;3.0, 3.5;0.0;0.0;;0.0;0.0;0.0;0.0;0.0;;Slovan HAC;;0.0;0.0;4.0;0;0.0;0 - 0;4.0;Helfort 15;;0.0;0.0;1.615;0;0.0;1.0;0 - 0;0-0;3.25;1.25;-;nan;;;;;;;;;;;;;;;;0.0;0.0;0.0;0.0;;;0.0;0.0;0.0;0.0;;[];[];[];[];[];[];[];[];1.0;0.0;0.0;1.0;0.0;0.0;;;;;;;
2026-05-10;194317026;Malaysia Liga A1 Semi Pro;Malaysia;05:45;Schedule;0.45345345345345345;2.0;3.0, 3.5;1.8;3.0, 3.5;0.0;0.0;;0.0;0.0;0.0;0.0;0.0;;Imigresen FC II;;0.0;0.0;1.48;0;0.0;0 - 0;4.5;Malaysia University;;0.0;0.0;4.5;0;0.0;-1.25;0 - 0;0-0;3.25;1.25;-;nan;;;;;;;;;;;;;;;;0.0;0.0;0.0;0.0;;;0.0;0.0;0.0;0.0;;[];[];[];[];[];[];[];[];1.0;0.0;0.0;1.0;0.0;0.0;;;;;;;Youth
2026-05-10;194275415;Cambodia League Women;Cambodia;05:45;Schedule;0.47029855340104654;1.95;3.5;1.85;3.5;0.0;0.0;;0.0;0.0;0.0;0.0;0.0;;Visakha FC (W);;0.0;0.0;1.444;0;0.0;0 - 0;5.0;Naga World FC (W);;0.0;0.0;4.5;0;0.0;-1.25;0 - 0;0-0;3.5;1.5;-;nan;;;;;;;;;;;;;;;;0.0;0.0;0.0;0.0;;;0.0;0.0;0.0;0.0;;[];[];[];[];[];[];[];[];1.0;0.0;0.0;1.0;0.0;0.0;;;;;;;Women
2026-05-10;194317031;Malaysia President Cup;Malaysia;05:45;Schedule;0.7902313624678663;1.95;2.0, 2.5;1.85;2.0, 2.5;0.0;0.0;;0.0;0.0;0.0;0.0;0.0;;Selangor U20;;0.0;0.0;1.167;0;0.0;0 - 0;6.25;Kuching City U20;;0.0;0.0;15.0;0;0.0;-1.75;0 - 0;0-0;2.25;0.75;-;nan;;;;;;;;;;;;;;;;0.0;0.0;0.0;0.0;;;0.0;0.0;0.0;0.0;;[];[];[];[];[];[];[];[];1.0;0.0;0.0;1.0;0.0;0.0;;;;;;;Youth
2026-05-10;194273960;Andorra Premier Division;Andorra;06:00;Schedule;0.6073304040295788;1.9;3.0;1.9;3.0;0.0;0.0;;0.0;0.0;0.0;0.0;0.0;;Inter Club d'Escaldes;;0.0;0.0;1.333;0;0.0;0 - 0;4.5;AC d'Escaldes;;0.0;0.0;7.0;0;0.0;-1.5;0 - 0;0-0;3.0;1.25;-;nan;;;;;;;;;;;;;;;;0.0;0.0;0.0;0.0;;;0.0;0.0;0.0;0.0;;[];[];[];[];[];[];[];[];1.0;0.0;0.0;1.0;0.0;0.0;;;;;;;
2026-05-10;194318796;Croatia 3.NL;Croatia;06:00;Schedule;0.5902806870548805;1.9;2.5, 3.0;1.9;2.5, 3.0;0.0;0.0;;0.0;0.0;0.0;0.0;0.0;;NK Hask;;0.0;0.0;1.364;0;0.0;0 - 0;4.333;NK Kurilovec;;0.0;0.0;7.0;0;0.0;-1.25;0 - 0;0-0;2.75;1.25;-;nan;;;;;;;;;;;;;;;;0.0;0.0;0.0;0.0;;;0.0;0.0;0.0;0.0;;[];[];[];[];[];[];[];[];1.0;0.0;0.0;1.0;0.0;0.0;;;;;;;
2026-05-10;194272397;China Super League Women;China;06:00;Schedule;-0.350140056022409;1.875;2.0, 2.5;1.925;2.0, 2.5;0.0;0.0;;0.0;0.0;0.0;0.0;0.0;;Shandong (W);;0.0;0.0;4.2;0;0.0;0 - 0;3.4;Shanghai Shengli (W);;0.0;0.0;1.7;0;0.0;0.75;0 - 0;0-0;2.25;1.0;-;nan;;;;;;;;;;;;;;;;0.0;0.0;0.0;0.0;;;0.0;0.0;0.0;0.0;;[];[];[];[];[];[];[];[];1.0;0.0;0.0;1.0;0.0;0.0;;;;;;;Women
2026-05-10;194267358;Czechia 3. Liga;Czech Republic;06:00;Schedule;0.21795989537925015;1.975;3.0, 3.5;1.825;3.0, 3.5;0.0;0.0;;0.0;0.0;0.0;0.0;0.0;;FC Zlin B;;0.0;0.0;1.85;0;0.0;0 - 0;4.0;MFK Karvina B;;0.0;0.0;3.1;0;0.0;-0.5;0 - 0;0-0;3.25;1.25;-;nan;;;;;;;;;;;;;;;;0.0;0.0;0.0;0.0;;;0.0;0.0;0.0;0.0;;[];[];[];[];[];[];[];[];1.0;0.0;0.0;1.0;0.0;0.0;2220.0;23951.0;fc zlin;mfk karvina;;;Youth
2026-05-10;194272389;Croatia First League Women;Croatia;06:00;Schedule;0.8889880067400138;1.875;4.0;1.925;4.0;0.0;0.0;;0.0;0.0;0.0;0.0;0.0;;ZNK Dinamo (W);;0.0;0.0;1.062;0;0.0;0 - 0;11.0;NK Medimurje Cakovec (W);;0.0;0.0;19.0;0;0.0;-3.0;0 - 0;0-0;4.0;1.75;-;nan;;;;;;;;;;;;;;;;0.0;0.0;0.0;0.0;;;0.0;0.0;0.0;0.0;;[];[];[];[];[];[];[];[];1.0;0.0;0.0;1.0;0.0;0.0;;;;;;;Women
2026-05-10;194274430;Finland U21 League;Finland;06:00;Schedule;0.019762845849802313;2.0;4.0, 4.5;1.8;4.0, 4.5;0.0;0.0;;0.0;0.0;0.0;0.0;0.0;;TPS U21;;0.0;0.0;2.2;0;0.0;0 - 0;4.333;HJS U21;;0.0;0.0;2.3;0;0.0;0.0;0 - 0;0-0;4.25;1.75;-;nan;;;;;;;;;;;;;;;;0.0;0.0;0.0;0.0;;;0.0;0.0;0.0;0.0;;[];[];[];[];[];[];[];[];1.0;0.0;0.0;1.0;0.0;0.0;;330431.0;;hjs;;;Youth
2026-05-10;194259938;Andorra Premier Division;Andorra;06:00;Schedule;0.7280701754385965;1.8;3.0;2.0;3.0;0.0;0.0;;0.0;0.0;0.0;0.0;0.0;;FC Santa Coloma;2.0;0.0;0.0;1.2;0;0.0;0 - 0;5.75;FC Ordino;7.0;0.0;0.0;9.5;0;0.0;-2.0;0 - 0;0-0;3.0;1.25;-;nan;;;;;;;;;;;;;;;;0.0;0.0;0.0;0.0;;;0.0;0.0;0.0;0.0;;[];[];[];[];[];[];[];[];1.0;0.0;0.0;1.0;0.0;0.0;;;;;;;
2026-05-10;194262793;Hungary NB III;Hungary;06:00;Schedule;0.5835208802200551;2.0;3.0, 3.5;1.8;3.0, 3.5;0.0;0.0;;0.0;0.0;0.0;0.0;0.0;;Budapest Honved II;;0.0;0.0;1.333;0;0.0;0 - 0;5.0;Tiszafoldvar;;0.0;0.0;6.0;0;0.0;-1.5;0 - 0;0-0;3.25;1.25;-;nan;;;;;;;;;;;;;;;;0.0;0.0;0.0;0.0;;;0.0;0.0;0.0;0.0;;[];[];[];[];[];[];[];[];1.0;0.0;0.0;1.0;0.0;0.0;1916.0;;budapest honved fc;;;;Youth
2026-05-10;194220483;Australia Queensland Premier League Women;Australia;06:00;Schedule;-0.7222222222222223;1.825;4.0, 4.5;1.975;4.0, 4.5;0.0;0.0;;0.0;0.0;0.0;0.0;0.0;;Virginia United SC (W);;0.0;0.0;9.0;0;0.0;0 - 0;7.5;Caboolture FC (W);;0.0;0.0;1.2;0;0.0;2.25;0 - 0;0-0;4.25;1.75;-;nan;;;;;;;;;;;;;;;;0.0;0.0;0.0;0.0;;;0.0;0.0;0.0;0.0;;[];[];[];[];[];[];[];[];1.0;0.0;0.0;1.0;0.0;0.0;;;;;;;Women
2026-05-10;194262774;Hungary NB III;Hungary;06:00;Schedule;-0.012889366272824943;1.8;3.0;2.0;3.0;0.0;0.0;;0.0;0.0;0.0;0.0;0.0;;Diosgyori VTK II;;0.0;0.0;2.45;0;0.0;0 - 0;3.5;Debreceni VSC II;;0.0;0.0;2.375;0;0.0;0.0;0 - 0;0-0;3.0;1.25;-;nan;;;;;;;;;;;;;;;;0.0;0.0;0.0;0.0;;;0.0;0.0;0.0;0.0;;[];[];[];[];[];[];[];[];1.0;0.0;0.0;1.0;0.0;0.0;5121.0;1921.0;diosgyori vtk;debreceni vsc;;;Youth
2026-05-10;194262790;Hungary NB III;Hungary;06:00;Schedule;0.5020445851470783;1.95;3.5;1.85;3.5;0.0;0.0;;0.0;0.0;0.0;0.0;0.0;;ETO Akademia;;0.0;0.0;1.444;0;0.0;0 - 0;4.333;Balatonfuredi FC;;0.0;0.0;5.25;0;0.0;-1.25;0 - 0;0-0;3.5;1.5;-;nan;;;;;;;;;;;;;;;;0.0;0.0;0.0;0.0;;;0.0;0.0;0.0;0.0;;[];[];[];[];[];[];[];[];1.0;0.0;0.0;1.0;0.0;0.0;;;;;;;
2026-05-10;194277646;Hungary NB III;Hungary;06:00;Schedule;-0.48965517241379314;1.9;3.5;1.9;3.5;0.0;0.0;;0.0;0.0;0.0;0.0;0.0;;Szekszardi;;0.0;0.0;5.0;0;0.0;0 - 0;4.5;Ferencvarosi TC II;;0.0;0.0;1.45;0;0.0;1.25;0 - 0;0-0;3.5;1.5;-;nan;;;;;;;;;;;;;;;;0.0;0.0;0.0;0.0;;;0.0;0.0;0.0;0.0;;[];[];[];[];[];[];[];[];1.0;0.0;0.0;1.0;0.0;0.0;;1925.0;;ferencvarosi budapest;;;Youth
2026-05-10;194318703;Estonia Esiliiga B;Estonia;06:30;Schedule;0.5762745034084609;1.825;3.5, 4.0;1.975;3.5, 4.0;0.0;0.0;;0.0;0.0;0.0;0.0;0.0;;JK Trans Narva II;;0.0;0.0;1.333;0;0.0;0 - 0;5.25;Levadia Tallinn III;;0.0;0.0;5.75;0;0.0;-1.5;0 - 0;0-0;3.75;1.5;-;nan;;;;;;;;;;;;;;;;0.0;0.0;0.0;0.0;;;0.0;0.0;0.0;0.0;;[];[];[];[];[];[];[];[];1.0;0.0;0.0;1.0;0.0;0.0;3343.0;;jk narva trans;;;;Youth
2026-05-10;194274541;Hong Kong 2nd Division;Hong Kong;06:30;Schedule;0.10582010582010581;1.825;3.0, 3.5;1.975;3.0, 3.5;0.0;0.0;;0.0;0.0;0.0;0.0;0.0;;Kwai Tsing DFA;;0.0;0.0;2.1;0;0.0;0 - 0;3.75;Yau Tsim Mong;;0.0;0.0;2.7;0;0.0;-0.25;0 - 0;0-0;3.25;1.25;-;nan;;;;;;;;;;;;;;;;0.0;0.0;0.0;0.0;;;0.0;0.0;0.0;0.0;;[];[];[];[];[];[];[];[];1.0;0.0;0.0;1.0;0.0;0.0;;;;;;;
2026-05-10;194267351;Spain Segunda Division RFEF Play-Offs;Spain;06:30;Schedule;-0.12121212121212122;1.8;2.0, 2.5;2.0;2.0, 2.5;0.0;0.0;;0.0;0.0;0.0;0.0;0.0;;Getafe B;;0.0;0.0;3.0;0;0.0;0 - 0;3.1;UD Logrones;;0.0;0.0;2.2;0;0.0;0.25;0 - 0;0-0;2.25;1.0;-;nan;;;;;;;;;;;;;;;;0.0;0.0;0.0;0.0;;;0.0;0.0;0.0;0.0;;[];[];[];[];[];[];[];[];1.0;0.0;0.0;1.0;0.0;0.0;2859.0;;getafe cf;;;;Youth
2026-05-10;194332561;Finland U21 League;Finland;06:30;Schedule;-0.11904761904761907;1.875;4.0;1.925;4.0;0.0;0.0;;0.0;0.0;0.0;0.0;0.0;;LePa U21;;0.0;0.0;2.625;0;0.0;0 - 0;4.333;FC Honka U21;;0.0;0.0;2.0;0;0.0;0.25;0 - 0;0-0;4.0;1.75;-;nan;;;;;;;;;;;;;;;;0.0;0.0;0.0;0.0;;;0.0;0.0;0.0;0.0;;[];[];[];[];[];[];[];[];1.0;0.0;0.0;1.0;0.0;0.0;;2260.0;;fc honka;;;Youth
2026-05-10;193328025;China Super League;China;06:30;Schedule;0.2496626180836708;1.975;2.5;1.825;2.5;0.0;0.0;;0.0;0.0;0.0;0.0;0.0;;Qingdao West Coast;;0.0;0.0;1.95;0;0.0;0 - 0;3.4;Wuhan Three Towns;;0.0;0.0;3.8;0;0.0;-0.5;0 - 0;0-0;2.5;1.0;-;nan;;;;;;;;;;;;;;;;0.0;0.0;0.0;0.0;;;0.0;0.0;0.0;0.0;;[];[];[];[];[];[];[];[];1.0;0.0;0.0;1.0;0.0;0.0;754363.0;475928.0;qingdao west coast fc;wuhan three towns fc;;;
2026-05-10;194264514;Estonia Esiliiga B;Estonia;06:30;Schedule;0.5037593984962406;1.9;4.0;1.9;4.0;0.0;0.0;;0.0;0.0;0.0;0.0;0.0;;JK Viljandi Tulevik;;0.0;0.0;1.4;0;0.0;0 - 0;5.25;JK Tallinna Kalev II;;0.0;0.0;4.75;0;0.0;-1.5;0 - 0;0-0;4.0;1.75;-;nan;;;;;;;;;;;;;;;;0.0;0.0;0.0;0.0;;;0.0;0.0;0.0;0.0;;[];[];[];[];[];[];[];[];1.0;0.0;0.0;1.0;0.0;0.0;;;;;;;Youth
2026-05-10;194263494;Spain Primera Women;Spain;07:00;Schedule;-0.14253563390847712;1.825;2.0, 2.5;1.975;2.0, 2.5;0.0;0.0;;0.0;0.0;0.0;0.0;0.0;;Levante UD (W);;0.0;0.0;3.1;0;0.0;0 - 0;3.1;DUX Logrono (W);;0.0;0.0;2.15;0;0.0;0.25;0 - 0;0-0;2.25;1.0;-;nan;;;;;;;;;;;;;;;;0.0;0.0;0.0;0.0;;;0.0;0.0;0.0;0.0;;[];[];[];[];[];[];[];[];1.0;0.0;0.0;1.0;0.0;0.0;2849.0;441022.0;levante ud;cdef logrono;;;Women
2026-05-10;194187814;Poland III Liga;Poland;07:00;Schedule;-0.3367221292583588;1.95;3.0;1.85;3.0;0.0;0.0;;0.0;0.0;0.0;0.0;0.0;;Jagiellonia Bialystok II;;0.0;0.0;3.8;0;0.0;0 - 0;4.0;LKS Lomza;;0.0;0.0;1.667;0;0.0;0.75;0 - 0;0-0;3.0;1.25;-;nan;;;;;;;;;;;;;;;;0.0;0.0;0.0;0.0;;;0.0;0.0;0.0;0.0;;[];[];[];[];[];[];[];[];1.0;0.0;0.0;1.0;0.0;0.0;7691.0;;jagiellonia bialystok;;;;Youth
2026-05-10;194332563;Finland U21 League;Finland;07:00;Schedule;0.13636363636363635;1.875;3.5, 4.0;1.925;3.5, 4.0;0.0;0.0;;0.0;0.0;0.0;0.0;0.0;;HJK Helsinki U21;;0.0;0.0;2.0;0;0.0;0 - 0;4.0;PPJ U21;;0.0;0.0;2.75;0;0.0;-0.25;0 - 0;0-0;3.75;1.5;-;nan;;;;;;;;;;;;;;;;0.0;0.0;0.0;0.0;;;0.0;0.0;0.0;0.0;;[];[];[];[];[];[];[];[];1.0;0.0;0.0;1.0;0.0;0.0;2242.0;193664.0;hjk helsinki;ppj helsinki;;;Youth
2026-05-10;194275680;Kazakhstan Premier League;Kazakhstan;07:00;Schedule;-0.37527362244648194;1.975;2.5;1.825;2.5;0.0;0.0;;0.0;0.0;0.0;0.0;0.0;;FK Ulytau;5.0;0.0;0.0;4.333;0;0.0;0 - 0;3.6;Kairat Almaty;1.0;0.0;0.0;1.65;0;0.0;0.75;0 - 0;0-0;2.5;1.0;-;nan;;;;;;;;;;;;;;;;0.0;0.0;0.0;0.0;;;0.0;0.0;0.0;0.0;;[];[];[];[];[];[];[];[];1.0;0.0;0.0;1.0;0.0;0.0;;;;;;;
2026-05-10;194266963;Portugal U19 League;Portugal;07:00;Schedule;-0.17948717948717957;1.825;2.5, 3.0;1.975;2.5, 3.0;0.0;0.0;;0.0;0.0;0.0;0.0;0.0;;Rio Ave U19;;0.0;0.0;3.0;0;0.0;0 - 0;3.75;Sporting U19;;0.0;0.0;1.95;0;0.0;0.5;0 - 0;0-0;2.75;1.25;-;nan;;;;;;;;;;;;;;;;0.0;0.0;0.0;0.0;;;0.0;0.0;0.0;0.0;;[];[];[];[];[];[];[];[];1.0;0.0;0.0;1.0;0.0;0.0;3036.0;3001.0;rio ave fc;sporting cp;;;Youth
2026-05-10;194264158;Ethiopia Premier League;Ethiopia;07:00;Schedule;-0.14141414141414138;1.975;1.5, 2.0;1.825;1.5, 2.0;0.0;0.0;;0.0;0.0;0.0;0.0;0.0;;Shaggar City;;0.0;0.0;3.3;0;0.0;0 - 0;2.75;Sidama Bunna;;0.0;0.0;2.25;0;0.0;0.25;0 - 0;0-0;1.75;0.75;-;nan;;;;;;;;;;;;;;;;0.0;0.0;0.0;0.0;;;0.0;0.0;0.0;0.0;;[];[];[];[];[];[];[];[];1.0;0.0;0.0;1.0;0.0;0.0;;;;;;;
2026-05-10;194187817;Poland III Liga;Poland;07:00;Schedule;0.2425234340127957;1.925;3.0, 3.5;1.875;3.0, 3.5;0.0;0.0;;0.0;0.0;0.0;0.0;0.0;;Widzew Lodz II;;0.0;0.0;1.833;0;0.0;0 - 0;3.8;Olimpia Elblag;;0.0;0.0;3.3;0;0.0;-0.5;0 - 0;0-0;3.25;1.25;-;nan;;;;;;;;;;;;;;;;0.0;0.0;0.0;0.0;;;0.0;0.0;0.0;0.0;;[];[];[];[];[];[];[];[];1.0;0.0;0.0;1.0;0.0;0.0;3115.0;;widzew lodz;;;;Youth
2026-05-10;194266466;Latvia 1. Liga;Latvia;07:00;Schedule;0.22804054054054046;1.85;3.0;1.95;3.0;0.0;0.0;;0.0;0.0;0.0;0.0;0.0;;Skanstes SK;;0.0;0.0;1.85;0;0.0;0 - 0;3.8;RFS II;;0.0;0.0;3.2;0;0.0;-0.5;0 - 0;0-0;3.0;1.25;-;nan;;;;;;;;;;;;;;;;0.0;0.0;0.0;0.0;;;0.0;0.0;0.0;0.0;;[];[];[];[];[];[];[];[];1.0;0.0;0.0;1.0;0.0;0.0;;68718.0;;fc rfs;;;Youth
2026-05-10;194262784;Hungary NB III;Hungary;07:00;Schedule;0.6540682414698162;1.9;3.0, 3.5;1.9;3.0, 3.5;0.0;0.0;;0.0;0.0;0.0;0.0;0.0;;Vasas SC II;;0.0;0.0;1.27;0;0.0;0 - 0;5.25;Bekescsabai Elore SE II;;0.0;0.0;7.5;0;0.0;-1.75;0 - 0;0-0;3.25;1.25;-;nan;;;;;;;;;;;;;;;;0.0;0.0;0.0;0.0;;;0.0;0.0;0.0;0.0;;[];[];[];[];[];[];[];[];1.0;0.0;0.0;1.0;0.0;0.0;;;;;;;Youth
2026-05-10;193328045;China Super League;China;07:00;Schedule;-0.2535641980377444;1.975;3.0;1.825;3.0;0.0;0.0;;0.0;0.0;0.0;0.0;0.0;;Shenzhen Xinpengcheng;;0.0;0.0;3.7;0;0.0;0 - 0;3.9;Shandong Taishan;;0.0;0.0;1.909;0;0.0;0.5;0 - 0;0-0;3.0;1.25;-;nan;;;;;;;;;;;;;;;;0.0;0.0;0.0;0.0;;;0.0;0.0;0.0;0.0;;[];[];[];[];[];[];[];[];1.0;0.0;0.0;1.0;0.0;0.0;422227.0;3371.0;shenzhen peng city;shandong taishan fc;;;
2026-05-10;193319773;Spain Primera Division RFEF Group 2;Spain;07:00;Schedule;-0.27027027027027023;1.9;2.5;1.9;2.5;0.0;0.0;;0.0;0.0;0.0;0.0;0.0;;Marbella FC;;0.0;0.0;3.7;0;0.0;0 - 0;3.25;Juventud Torremolinos CF;;0.0;0.0;1.85;0;0.0;0.5;0 - 0;0-0;2.5;1.0;-;nan;;;;;;;;;;;;;;;;0.0;0.0;0.0;0.0;;;0.0;0.0;0.0;0.0;;[];[];[];[];[];[];[];[];1.0;0.0;0.0;1.0;0.0;0.0;24348.0;369282.0;marbella fc;juventud torremolinos cf;;;
2026-05-10;194221318;Vietnam V-League;Vietnam;07:00;Schedule;0.1111111111111111;1.9;2.0, 2.5;1.9;2.0, 2.5;0.0;0.0;;0.0;0.0;0.0;0.0;0.0;;Hoang Anh Gia Lai;;0.0;0.0;2.25;0;0.0;0 - 0;2.9;PVF-CAND;;0.0;0.0;3.0;0;0.0;-0.25;0 - 0;0-0;2.25;nan;-;nan;;;;;;;;;;;;;;;;0.0;0.0;0.0;0.0;;;0.0;0.0;0.0;0.0;;[];[];[];[];[];[];[];[];1.0;0.0;0.0;1.0;0.0;0.0;33125.0;340516.0;hoang anh gia lai;pvf cong an nhan dan fc;;;
2026-05-10;194320402;Spain Primera Federacion Women;Spain;07:00;Schedule;-0.1847745750184775;1.8;2.0;2.0;2.0;0.0;0.0;;0.0;0.0;0.0;0.0;0.0;;Fundacion Albacete (W);;0.0;0.0;3.3;0;0.0;0 - 0;3.1;Valencia (W);;0.0;0.0;2.05;0;0.0;0.25;0 - 0;0-0;2.0;0.75;-;nan;;;;;;;;;;;;;;;;0.0;0.0;0.0;0.0;;;0.0;0.0;0.0;0.0;;[];[];[];[];[];[];[];[];1.0;0.0;0.0;1.0;0.0;0.0;;2828.0;;valencia cf;;;Women
2026-05-10;193319780;Spain Primera Division RFEF Group 2;Spain;07:00;Schedule;-0.5258541089566021;1.875;2.0, 2.5;1.925;2.0, 2.5;0.0;0.0;;0.0;0.0;0.0;0.0;0.0;;Sevilla Atletico;;0.0;0.0;6.0;0;0.0;0 - 0;3.9;Eldense;;0.0;0.0;1.444;0;0.0;1.0;0 - 0;0-0;2.25;1.0;-;nan;;;;;;;;;;;;;;;;0.0;0.0;0.0;0.0;;;0.0;0.0;0.0;0.0;;[];[];[];[];[];[];[];[];1.0;0.0;0.0;1.0;0.0;0.0;7762.0;47321.0;sevilla atletico;club deportivo eldense;;;
2026-05-10;194318523;Republic of Ireland Leinster Senior League;Ireland;07:00;Schedule;0.10582010582010581;1.95;3.0;1.85;3.0;0.0;0.0;;0.0;0.0;0.0;0.0;0.0;;Finglas United;;0.0;0.0;2.1;0;0.0;0 - 0;3.7;Tolka Rovers;;0.0;0.0;2.7;0;0.0;-0.25;0 - 0;0-0;3.0;1.25;-;nan;;;;;;;;;;;;;;;;0.0;0.0;0.0;0.0;;;0.0;0.0;0.0;0.0;;[];[];[];[];[];[];[];[];1.0;0.0;0.0;1.0;0.0;0.0;;;;;;;
2026-05-10;194267356;Spain Segunda Division RFEF Play-Offs;Spain;07:00;Schedule;0.2738738738738738;1.9;2.0, 2.5;1.9;2.0, 2.5;0.0;0.0;;0.0;0.0;0.0;0.0;0.0;;Numancia;;0.0;0.0;1.85;0;0.0;0 - 0;3.2;Poblense;;0.0;0.0;3.75;0;0.0;-0.5;0 - 0;0-0;2.25;1.0;-;nan;;;;;;;;;;;;;;;;0.0;0.0;0.0;0.0;;;0.0;0.0;0.0;0.0;;[];[];[];[];[];[];[];[];1.0;0.0;0.0;1.0;0.0;0.0;;;;;;;
2026-05-10;194311470;Hong Kong Premier League;Hong Kong;07:00;Schedule;0.5428194993412385;1.975;3.5;1.825;3.5;0.0;0.0;;0.0;0.0;0.0;0.0;0.0;;HK Rangers FC;;0.0;0.0;1.38;0;0.0;0 - 0;4.75;Hong Kong FC;;0.0;0.0;5.5;0;0.0;-1.5;0 - 0;0-0;3.5;1.5;-;nan;;;;;;;;;;;;;;;;0.0;0.0;0.0;0.0;;;0.0;0.0;0.0;0.0;;[];[];[];[];[];[];[];[];1.0;0.0;0.0;1.0;0.0;0.0;;;;;;;
2026-05-10;194317923;Poland IV Liga;Poland;07:00;Schedule;0.6754734627075052;1.825;3.5;1.975;3.5;0.0;0.0;;0.0;0.0;0.0;0.0;0.0;;Wieczysta Krakow II;;0.0;0.0;1.222;0;0.0;0 - 0;6.5;Luban Maniowy;;0.0;0.0;7.0;0;0.0;-2.0;0 - 0;0-0;3.5;1.5;-;nan;;;;;;;;;;;;;;;;0.0;0.0;0.0;0.0;;;0.0;0.0;0.0;0.0;;[];[];[];[];[];[];[];[];1.0;0.0;0.0;1.0;0.0;0.0;406863.0;;wieczysta krakow;;;;Youth
2026-05-10;194267362;Republic of Ireland FAI Cup;Ireland;07:00;Schedule;0.756898029134533;1.85;3.5;1.95;3.5;0.0;0.0;;0.0;0.0;0.0;0.0;0.0;;Bangor Celtic FC;;0.0;0.0;1.167;0;0.0;0 - 0;7.0;River Valley Rangers;;0.0;0.0;10.0;0;0.0;-2.25;0 - 0;0-0;3.5;1.5;-;nan;;;;;;;;;;;;;;;;0.0;0.0;0.0;0.0;;;0.0;0.0;0.0;0.0;;[];[];[];[];[];[];[];[];1.0;0.0;0.0;1.0;0.0;0.0;;;;;;;
2026-05-10;194274485;Finland Ykkonen Women;Finland;07:00;Schedule;0.06511627906976741;1.9;3.0, 3.5;1.9;3.0, 3.5;0.0;0.0;;0.0;0.0;0.0;0.0;0.0;;ONS (W);;0.0;0.0;2.15;0;0.0;0 - 0;4.0;HJS (W);;0.0;0.0;2.5;0;0.0;-0.25;0 - 0;0-0;3.25;1.25;-;nan;;;;;;;;;;;;;;;;0.0;0.0;0.0;0.0;;;0.0;0.0;0.0;0.0;;[];[];[];[];[];[];[];[];1.0;0.0;0.0;1.0;0.0;0.0;;330431.0;;hjs;;;Women
2026-05-10;193202460;South Korea K League 2;South Korea;07:00;Schedule;0.13178294573643412;1.875;2.0, 2.5;1.925;2.0, 2.5;0.0;0.0;;0.0;0.0;0.0;0.0;0.0;;Gyeongnam FC;;0.0;0.0;2.15;0;0.0;0 - 0;3.2;Gimhae FC 2008;;0.0;0.0;3.0;0;0.0;-0.25;0 - 0;0-0;2.25;1.0;-;nan;;;;;;;;;;;;;;;;0.0;0.0;0.0;0.0;;;0.0;0.0;0.0;0.0;;[];[];[];[];[];[];[];[];1.0;0.0;0.0;1.0;0.0;0.0;22020.0;41260.0;gyeongnam fc;gimhae fc;;;
2026-05-10;194273928;Macau 1st Division;Macau;07:00;Schedule;-0.7839815477610753;1.9;3.5, 4.0;1.9;3.5, 4.0;0.0;0.0;;0.0;0.0;0.0;0.0;0.0;;Gorilla Of The Universe SC;;0.0;0.0;11.0;0;0.0;0 - 0;8.0;MUST IPO;;0.0;0.0;1.143;0;0.0;2.5;0 - 0;0-0;3.75;1.5;-;nan;;;;;;;;;;;;;;;;0.0;0.0;0.0;0.0;;;0.0;0.0;0.0;0.0;;[];[];[];[];[];[];[];[];1.0;0.0;0.0;1.0;0.0;0.0;;;;;;;
2026-05-10;194267366;Spain Segunda Division RFEF Play-Offs;Spain;07:00;Schedule;0.20512820512820518;1.975;3.0;1.825;3.0;0.0;0.0;;0.0;0.0;0.0;0.0;0.0;;Castellon B;;0.0;0.0;1.95;0;0.0;0 - 0;3.4;SD Logrones;;0.0;0.0;3.25;0;0.0;-0.5;0 - 0;0-0;3.0;1.25;-;nan;;;;;;;;;;;;;;;;0.0;0.0;0.0;0.0;;;0.0;0.0;0.0;0.0;;[];[];[];[];[];[];[];[];1.0;0.0;0.0;1.0;0.0;0.0;;;;;;;Youth
2026-05-10;193107608;Poland I Liga;Poland;07:00;Schedule;0.3884080628255044;2.0;3.0;1.8;3.0;0.0;0.0;;0.0;0.0;0.0;0.0;0.0;;Polonia Warsaw;;0.0;0.0;1.615;0;0.0;0 - 0;3.7;Gornik Leczna;;0.0;0.0;4.333;0;0.0;-0.75;0 - 0;0-0;3.0;1.25;-;nan;;;;;;;;;;;;;;;;0.0;0.0;0.0;0.0;;;0.0;0.0;0.0;0.0;;[];[];[];[];[];[];[];[];1.0;0.0;0.0;1.0;0.0;0.0;3119.0;3125.0;polonia warszawa;gornik leczna;;;
2026-05-10;194292562;Norway Division 3 Group 1;Norway;07:00;Schedule;-0.40841328178448133;;;;;0.0;0.0;;0.0;0.0;0.0;0.0;0.0;;FK Union Carl Berner;;0.0;0.0;4.1;0;0.0;0 - 0;4.5;Baerum;;0.0;0.0;1.533;0;0.0;nan;0 - 0;0-0;;nan;-;nan;;;;;;;;;;;;;;;;0.0;0.0;0.0;0.0;;;0.0;0.0;0.0;0.0;;[];[];[];[];[];[];[];[];1.0;0.0;0.0;1.0;0.0;0.0;;;;;;;
2026-05-10;194293336;Portugal Campeonato Nacional II Women;Portugal;07:00;Schedule;0.5476190476190477;1.85;3.0;1.95;3.0;0.0;0.0;;0.0;0.0;0.0;0.0;0.0;;FC Porto (W);;0.0;0.0;1.4;0;0.0;0 - 0;4.333;Clube de Albergaria (W);;0.0;0.0;6.0;0;0.0;-1.25;0 - 0;0-0;3.0;1.25;-;nan;;;;;;;;;;;;;;;;0.0;0.0;0.0;0.0;;;0.0;0.0;0.0;0.0;;[];[];[];[];[];[];[];[];1.0;0.0;0.0;1.0;0.0;0.0;3002.0;;fc porto;;;;Youth-Women
2026-05-10;194294635;Spain Tercera Group 10;Spain;07:00;Schedule;0.07763975155279507;;;;;0.0;0.0;;0.0;0.0;0.0;0.0;0.0;;UD Tomares;;0.0;0.0;2.3;0;0.0;0 - 0;3.1;Cadiz Mirandilla;;0.0;0.0;2.8;0;0.0;nan;0 - 0;0-0;;nan;-;nan;;;;;;;;;;;;;;;;0.0;0.0;0.0;0.0;;;0.0;0.0;0.0;0.0;;[];[];[];[];[];[];[];[];1.0;0.0;0.0;1.0;0.0;0.0;;;;;;;
2026-05-10;194294640;Spain Tercera Group 10;Spain;07:00;Schedule;0.029629629629629672;;;;;0.0;0.0;;0.0;0.0;0.0;0.0;0.0;;Sevilla C;;0.0;0.0;2.5;0;0.0;0 - 0;2.9;Club Atletico Central;;0.0;0.0;2.7;0;0.0;nan;0 - 0;0-0;;nan;-;nan;;;;;;;;;;;;;;;;0.0;0.0;0.0;0.0;;;0.0;0.0;0.0;0.0;;[];[];[];[];[];[];[];[];1.0;0.0;0.0;1.0;0.0;0.0;;;;;;;
2026-05-10;194297430;Türkiye Womens League;Turkey;07:00;Schedule;0.4666666666666666;1.825;3.0;1.975;3.0;0.0;0.0;;0.0;0.0;0.0;0.0;0.0;;Galatasaray (W);;0.0;0.0;1.5;0;0.0;0 - 0;4.0;Trabzonspor (W);;0.0;0.0;5.0;0;0.0;-1.0;0 - 0;0-0;3.0;1.25;-;nan;;;;;;;;;;;;;;;;0.0;0.0;0.0;0.0;;;0.0;0.0;0.0;0.0;;[];[];[];[];[];[];[];[];1.0;0.0;0.0;1.0;0.0;0.0;3061.0;3051.0;galatasaray istanbul;trabzonspor;;;Women
2026-05-10;193319717;Spain Primera Division RFEF Group 1;Spain;07:00;Schedule;0.0574162679425837;1.85;2.0;1.95;2.0;0.0;0.0;;0.0;0.0;0.0;0.0;0.0;;Osasuna B;;0.0;0.0;2.375;0;0.0;0 - 0;3.0;CF Talavera;;0.0;0.0;2.75;0;0.0;0.0;0 - 0;0-0;2.0;0.75;-;nan;;;;;;;;;;;;;;;;0.0;0.0;0.0;0.0;;;0.0;0.0;0.0;0.0;;[];[];[];[];[];[];[];[];1.0;0.0;0.0;1.0;0.0;0.0;24328.0;47567.0;ca osasuna b;cf talavera de la reina;;;Youth
2026-05-10;193762022;Poland Ekstraklasa;Poland;07:15;Schedule;0.13178294573643412;1.85;2.5, 3.0;1.95;2.5, 3.0;0.0;0.0;;0.0;0.0;0.0;0.0;0.0;;Piast Gliwice;10.0;0.0;0.0;2.15;0;0.0;0 - 0;3.4;GKS Katowice;4.0;0.0;0.0;3.0;0;0.0;-0.25;0 - 0;0-0;2.75;1.25;-;nan;;;;;;;;;;;;;;;;0.0;0.0;0.0;0.0;;;0.0;0.0;0.0;0.0;;[];[];[];[];[];[];[];[];1.0;0.0;0.0;1.0;0.0;0.0;7918.0;3112.0;gks piast gliwice;gks katowice;;;
2026-05-10;194317937;Poland Youth League;Poland;07:15;Schedule;0.013729977116704872;1.95;3.0, 3.5;1.85;3.0, 3.5;0.0;0.0;;0.0;0.0;0.0;0.0;0.0;;Znicz Pruszkow U19;;0.0;0.0;2.3;0;0.0;0 - 0;3.9;Slask Wroclaw U19;;0.0;0.0;2.375;0;0.0;0.0;0 - 0;0-0;3.25;1.25;-;nan;;;;;;;;;;;;;;;;0.0;0.0;0.0;0.0;;;0.0;0.0;0.0;0.0;;[];[];[];[];[];[];[];[];1.0;0.0;0.0;1.0;0.0;0.0;7923.0;3108.0;mks znicz pruszkow;wks slask wroclaw;;;Youth
2026-05-10;193286222;Poland II Liga;Poland;07:15;Schedule;0.15360983102918585;1.95;2.5;1.85;2.5;0.0;0.0;;0.0;0.0;0.0;0.0;0.0;;Warta Poznan;;0.0;0.0;2.1;0;0.0;0 - 0;3.25;Sandecja Nowy Sacz;;0.0;0.0;3.1;0;0.0;-0.25;0 - 0;0-0;2.5;1.0;-;nan;;;;;;;;;;;;;;;;0.0;0.0;0.0;0.0;;;0.0;0.0;0.0;0.0;;[];[];[];[];[];[];[];[];1.0;0.0;0.0;1.0;0.0;0.0;7922.0;36766.0;warta poznan;sandecja nowy sacz;;;Youth
2026-05-10;194317043;Paraguay Reserve League;Paraguay;07:30;Schedule;0.5246376811594204;1.85;4.0;1.95;4.0;0.0;0.0;;0.0;0.0;0.0;0.0;0.0;;2 de Mayo Reserves;;0.0;0.0;1.38;0;0.0;0 - 0;5.25;Rubio Nu Reserves;;0.0;0.0;5.0;0;0.0;-1.5;0 - 0;0-0;4.0;nan;-;nan;;;;;;;;;;;;;;;;0.0;0.0;0.0;0.0;;;0.0;0.0;0.0;0.0;;[];[];[];[];[];[];[];[];1.0;0.0;0.0;1.0;0.0;0.0;;;;;;;Youth
2026-05-10;193004735;Italy Serie A;Italy;07:30;Schedule;-0.5996376811594204;1.925;2.5;1.925;2.5;0.0;0.0;;0.0;0.0;0.0;0.0;0.0;;Verona;;0.0;0.0;8.0;0;0.0;0 - 0;4.75;Como;;0.0;0.0;1.38;0;0.0;1.25;0 - 0;0-0;2.5;1.0;-;nan;;;;;;;;;;;;;;;;0.0;0.0;0.0;0.0;;;0.0;0.0;0.0;0.0;;[];[];[];[];[];[];[];[];1.0;0.0;0.0;1.0;0.0;0.0;2701.0;2704.0;hellas verona;como 1907;;;
2026-05-10;194265761;Italy Serie A Women;Italy;07:30;Schedule;0.45468509984639016;1.9;2.5;1.9;2.5;0.0;0.0;;0.0;0.0;0.0;0.0;0.0;;AC Milan (W);;0.0;0.0;1.55;0;0.0;0 - 0;3.6;Parma (W);;0.0;0.0;5.25;0;0.0;-0.75;0 - 0;0-0;2.5;1.0;-;nan;;;;;;;;;;;;;;;;0.0;0.0;0.0;0.0;;;0.0;0.0;0.0;0.0;;[];[];[];[];[];[];[];[];1.0;0.0;0.0;1.0;0.0;0.0;2692.0;2690.0;ac milan;parma calcio;;;Women
2026-05-10;194261415;Spain Tercera Group 5;Spain;07:30;Schedule;0.19696969696969696;1.875;2.0, 2.5;1.925;2.0, 2.5;0.0;0.0;;0.0;0.0;0.0;0.0;0.0;;CF Can Vidalet;;0.0;0.0;2.0;0;0.0;0 - 0;3.2;Cerdanyola del Valles FC;;0.0;0.0;3.3;0;0.0;-0.25;0 - 0;0-0;2.25;1.0;-;nan;;;;;;;;;;;;;;;;0.0;0.0;0.0;0.0;;;0.0;0.0;0.0;0.0;;[];[];[];[];[];[];[];[];1.0;0.0;0.0;1.0;0.0;0.0;;;;;;;
2026-05-10;194220500;Austria League 1 Women;Austria;07:45;Schedule;0.811965811965812;1.975;4.0, 4.5;1.825;4.0, 4.5;0.0;0.0;;0.0;0.0;0.0;0.0;0.0;;First Vienna FC 1894 (W);;0.0;0.0;1.125;0;0.0;0 - 0;8.0;FC Sudburgenland/TSV Hartberg (W);;0.0;0.0;13.0;0;0.0;-2.5;0 - 0;0-0;4.25;1.75;-;nan;;;;;;;;;;;;;;;;0.0;0.0;0.0;0.0;;;0.0;0.0;0.0;0.0;;[];[];[];[];[];[];[];[];1.0;0.0;0.0;1.0;0.0;0.0;2054.0;;first vienna fc 1894;;;;Women
2026-05-10;194263229;Thailand Premier League;Thailand;08:00;Schedule;0.6442716433385174;1.85;3.0, 3.5;1.95;3.0, 3.5;0.0;0.0;;0.0;0.0;0.0;0.0;0.0;;Buriram United;1.0;0.0;0.0;1.286;0;0.0;0 - 0;5.25;Lamphun Warrior FC;13.0;0.0;0.0;7.5;0;0.0;-1.75;0 - 0;0-0;3.25;1.25;-;nan;;;;;;;;;;;;;;;;0.0;0.0;0.0;0.0;;;0.0;0.0;0.0;0.0;;[];[];[];[];[];[];[];[];1.0;0.0;0.0;1.0;0.0;0.0;34218.0;544779.0;buriram united;lamphun warriors fc;;;
2026-05-10;194221327;Vietnam V-League;Vietnam;08:00;Schedule;-0.193687230989957;1.9;2.0, 2.5;1.9;2.0, 2.5;0.0;0.0;;0.0;0.0;0.0;0.0;0.0;;Hong Linh Ha Tinh;;0.0;0.0;3.4;0;0.0;0 - 0;2.9;Viettel FC;;0.0;0.0;2.05;0;0.0;0.25;0 - 0;0-0;2.25;1.0;-;nan;;;;;;;;;;;;;;;;0.0;0.0;0.0;0.0;;;0.0;0.0;0.0;0.0;;[];[];[];[];[];[];[];[];1.0;0.0;0.0;1.0;0.0;0.0;541735.0;40019.0;ha tinh fc;the cong - viettel fc;;;
2026-05-10;194221346;Vietnam V-League 2;Vietnam;08:00;Schedule;0.29914529914529914;2.025;2.5;1.775;2.5;0.0;0.0;;0.0;0.0;0.0;0.0;0.0;;PVF-CAND II;7.0;0.0;0.0;1.8;0;0.0;0 - 0;3.3;Khanh Hoa;4.0;0.0;0.0;3.9;0;0.0;-0.5;0 - 0;0-0;2.5;1.0;-;nan;;;;;;;;;;;;;;;;0.0;0.0;0.0;0.0;;;0.0;0.0;0.0;0.0;;[];[];[];[];[];[];[];[];1.0;0.0;0.0;1.0;0.0;0.0;340516.0;;pvf cong an nhan dan fc;;;;Youth
2026-05-10;194266902;Taiwan Premier League;Taiwan;08:00;Schedule;-0.2777777777777778;1.85;2.5;1.95;2.5;0.0;0.0;;0.0;0.0;0.0;0.0;0.0;;Taiwan Power Company;7.0;0.0;0.0;3.6;0;0.0;0 - 0;3.6;Taichung Futuro;4.0;0.0;0.0;1.8;0;0.0;0.5;0 - 0;0-0;2.5;1.0;-;nan;;;;;;;;;;;;;;;;0.0;0.0;0.0;0.0;;;0.0;0.0;0.0;0.0;;[];[];[];[];[];[];[];[];1.0;0.0;0.0;1.0;0.0;0.0;;;;;;;
2026-05-10;194268395;Sweden 2.div Norra Svealand;Sweden;08:00;Schedule;0.15217391304347827;1.825;3.0;1.975;3.0;0.0;0.0;;0.0;0.0;0.0;0.0;0.0;;Ängby IF;;0.0;0.0;2.0;0;0.0;0 - 0;3.7;IFK Lidingo;;0.0;0.0;2.875;0;0.0;-0.25;0 - 0;0-0;3.0;1.25;-;nan;;;;;;;;;;;;;;;;0.0;0.0;0.0;0.0;;;0.0;0.0;0.0;0.0;;[];[];[];[];[];[];[];[];1.0;0.0;0.0;1.0;0.0;0.0;22371.0;1870.0;angby if;ifk lidingo fk;;;
2026-05-10;194221322;Vietnam V-League;Vietnam;08:00;Schedule;0.16369047619047616;1.8;2.0, 2.5;2.0;2.0, 2.5;0.0;0.0;;0.0;0.0;0.0;0.0;0.0;;Cong An HCMC;;0.0;0.0;2.1;0;0.0;0 - 0;3.0;Song Lam Nghe An;;0.0;0.0;3.2;0;0.0;-0.25;0 - 0;0-0;2.25;1.0;-;nan;;;;;;;;;;;;;;;;0.0;0.0;0.0;0.0;;;0.0;0.0;0.0;0.0;;[];[];[];[];[];[];[];[];1.0;0.0;0.0;1.0;0.0;0.0;33120.0;33129.0;cong an tp ho chi minh city fc;song lam nghe an;;;
2026-05-10;194268535;Sweden 2.div Södra Götaland;Sweden;08:00;Schedule;0.21862348178137647;1.825;2.5, 3.0;1.975;2.5, 3.0;0.0;0.0;;0.0;0.0;0.0;0.0;0.0;;Staffanstorp United;;0.0;0.0;1.9;0;0.0;0 - 0;3.5;IFK Karlshamn;;0.0;0.0;3.25;0;0.0;-0.5;0 - 0;0-0;2.75;1.25;-;nan;;;;;;;;;;;;;;;;0.0;0.0;0.0;0.0;;;0.0;0.0;0.0;0.0;;[];[];[];[];[];[];[];[];1.0;0.0;0.0;1.0;0.0;0.0;1300016.0;342164.0;staffanstorp united;ifk karlshamn;;;
2026-05-10;194274509;Finland Kansallinen Liiga Women;Finland;08:00;Schedule;-0.8412664795891354;1.8;4.0;2.0;4.0;0.0;0.0;;0.0;0.0;0.0;0.0;0.0;;VIFK (W);;0.0;0.0;17.0;0;0.0;0 - 0;8.0;HPS (W);;0.0;0.0;1.111;0;0.0;2.75;0 - 0;0-0;4.0;1.75;-;nan;;;;;;;;;;;;;;;;0.0;0.0;0.0;0.0;;;0.0;0.0;0.0;0.0;;[];[];[];[];[];[];[];[];1.0;0.0;0.0;1.0;0.0;0.0;;49530.0;;hps;;;Women
2026-05-10;194266029;China Division 1;China;08:00;Schedule;0.43452380952380953;1.9;2.0, 2.5;1.9;2.0, 2.5;0.0;0.0;;0.0;0.0;0.0;0.0;0.0;;Shenzhen Juniors;;0.0;0.0;1.6;0;0.0;0 - 0;3.3;Shijiazhuang Gongfu FC;;0.0;0.0;5.25;0;0.0;-0.75;0 - 0;0-0;2.25;1.0;-;nan;;;;;;;;;;;;;;;;0.0;0.0;0.0;0.0;;;0.0;0.0;0.0;0.0;;[];[];[];[];[];[];[];[];1.0;0.0;0.0;1.0;0.0;0.0;1110231.0;793002.0;shenzhen juniors fc;shijiazhuang gongfu fc;;;
2026-05-10;194275682;Kazakhstan Premier League;Kazakhstan;08:00;Schedule;-0.425;1.825;2.0, 2.5;1.975;2.0, 2.5;0.0;0.0;;0.0;0.0;0.0;0.0;0.0;;FC Altai Semey;;0.0;0.0;5.0;0;0.0;0 - 0;3.5;Ordabasy Shymkent;;0.0;0.0;1.6;0;0.0;0.75;0 - 0;0-0;2.25;1.0;-;nan;;;;;;;;;;;;;;;;0.0;0.0;0.0;0.0;;;0.0;0.0;0.0;0.0;;[];[];[];[];[];[];[];[];1.0;0.0;0.0;1.0;0.0;0.0;;;;;;;
2026-05-10;193328032;China Super League;China;08:00;Schedule;0.0;2.025;3.0, 3.5;1.775;3.0, 3.5;0.0;0.0;;0.0;0.0;0.0;0.0;0.0;;Liaoning Ironman;12.0;0.0;0.0;2.55;0;0.0;0 - 0;3.7;Yunnan Yukun;4.0;0.0;0.0;2.55;0;0.0;0.0;0 - 0;0-0;3.25;1.25;-;nan;;;;;;;;;;;;;;;;0.0;0.0;0.0;0.0;;;0.0;0.0;0.0;0.0;;[];[];[];[];[];[];[];[];1.0;0.0;0.0;1.0;0.0;0.0;252175.0;1009011.0;liaoning tieren fc;yunnan yukun;;;
2026-05-10;194268531;Sweden 2.div Södra Götaland;Sweden;08:00;Schedule;0.017368649587494622;1.9;3.0;1.9;3.0;0.0;0.0;;0.0;0.0;0.0;0.0;0.0;;Linero IF;;0.0;0.0;2.35;0;0.0;0 - 0;3.5;Nosaby;;0.0;0.0;2.45;0;0.0;0.0;0 - 0;0-0;3.0;1.25;-;nan;;;;;;;;;;;;;;;;0.0;0.0;0.0;0.0;;;0.0;0.0;0.0;0.0;;[];[];[];[];[];[];[];[];1.0;0.0;0.0;1.0;0.0;0.0;688525.0;22316.0;linero if;nosaby if;;;
2026-05-10;193332118;Scotland Premiership;Scotland;08:00;Schedule;0.2350427350427351;1.85;3.0;2.0;3.0;0.0;0.0;;0.0;0.0;0.0;0.0;0.0;;Celtic;3.0;0.0;0.0;1.95;0;0.0;0 - 0;3.7;Rangers;2.0;0.0;0.0;3.6;0;0.0;-0.5;0 - 0;0-0;3.0;1.25;-;nan;;;;;;;;;;;;;;;;0.0;0.0;0.0;0.0;;;0.0;0.0;0.0;0.0;;[];[];[];[];[];[];[];[];1.0;0.0;0.0;1.0;0.0;0.0;2352.0;2351.0;celtic glasgow;glasgow rangers;;;
2026-05-10;194263237;Thailand Premier League;Thailand;08:00;Schedule;0.31501831501831495;1.975;2.5, 3.0;1.825;2.5, 3.0;0.0;0.0;;0.0;0.0;0.0;0.0;0.0;;Chonburi;9.0;0.0;0.0;1.75;0;0.0;0 - 0;3.4;Nakhon Ratchasima;16.0;0.0;0.0;3.9;0;0.0;-0.5;0 - 0;0-0;2.75;1.0;-;nan;;;;;;;;;;;;;;;;0.0;0.0;0.0;0.0;;;0.0;0.0;0.0;0.0;;[];[];[];[];[];[];[];[];1.0;0.0;0.0;1.0;0.0;0.0;35886.0;189992.0;chonburi fc;nakhon ratchasima fc;;;
2026-05-10;194265709;Norway Division 2 Group 2;Norway;08:00;Schedule;0.45614035087719296;1.85;3.0, 3.5;1.95;3.0, 3.5;0.0;0.0;;0.0;0.0;0.0;0.0;0.0;;Lørenskog;;0.0;0.0;1.5;0;0.0;0 - 0;4.2;Rana FK;;0.0;0.0;4.75;0;0.0;-1.0;0 - 0;0-0;3.25;1.25;-;nan;;;;;;;;;;;;;;;;0.0;0.0;0.0;0.0;;;0.0;0.0;0.0;0.0;;[];[];[];[];[];[];[];[];1.0;0.0;0.0;1.0;0.0;0.0;684.0;558170.0;loerenskog if;rana fk;;;
2026-05-10;193757666;Sweden 1.div Södra;Sweden;08:00;Schedule;-0.17530487804878053;2.0;2.5, 3.0;1.8;2.5, 3.0;0.0;0.0;;0.0;0.0;0.0;0.0;0.0;;Atvidabergs FF;;0.0;0.0;3.2;0;0.0;0 - 0;3.25;Trelleborgs FF;;0.0;0.0;2.05;0;0.0;0.25;0 - 0;0-0;2.75;1.0;-;nan;;;;;;;;;;;;;;;;0.0;0.0;0.0;0.0;;;0.0;0.0;0.0;0.0;;[];[];[];[];[];[];[];[];1.0;0.0;0.0;1.0;0.0;0.0;1789.0;1771.0;aatvidabergs ff;trelleborgs ff;;;
2026-05-10;194264820;France U19 League;France;08:00;Schedule;-0.12416851441241689;2.0;3.0, 3.5;1.8;3.0, 3.5;0.0;0.0;;0.0;0.0;0.0;0.0;0.0;;Laval U19;;0.0;0.0;2.75;0;0.0;0 - 0;3.75;Rennes U19;;0.0;0.0;2.05;0;0.0;0.0;0 - 0;0-0;3.25;1.25;-;nan;;;;;;;;;;;;;;;;0.0;0.0;0.0;0.0;;;0.0;0.0;0.0;0.0;;[];[];[];[];[];[];[];[];1.0;0.0;0.0;1.0;0.0;0.0;1673.0;1658.0;stade lavallois mfc;stade rennais fc;;;Youth
2026-05-10;194266911;Taiwan Premier League;Taiwan;08:00;Schedule;-0.23751023751023742;1.8;2.5;2.0;2.5;0.0;0.0;;0.0;0.0;0.0;0.0;0.0;;Taipei City Tatung;;0.0;0.0;3.3;0;0.0;0 - 0;3.5;Hang Yuen;;0.0;0.0;1.85;0;0.0;0.5;0 - 0;0-0;2.5;1.0;-;nan;;;;;;;;;;;;;;;;0.0;0.0;0.0;0.0;;;0.0;0.0;0.0;0.0;;[];[];[];[];[];[];[];[];1.0;0.0;0.0;1.0;0.0;0.0;;;;;;;
2026-05-10;194268665;Sweden Damallsvenskan;Sweden;08:00;Schedule;0.053830227743271286;1.9;2.5;1.9;2.5;0.0;0.0;;0.0;0.0;0.0;0.0;0.0;;Pitea IF (W);;0.0;0.0;2.3;0;0.0;0 - 0;3.2;FC Rosengård (W);;0.0;0.0;2.625;0;0.0;0.0;0 - 0;0-0;2.5;1.0;-;nan;;;;;;;;;;;;;;;;0.0;0.0;0.0;0.0;;;0.0;0.0;0.0;0.0;;[];[];[];[];[];[];[];[];1.0;0.0;0.0;1.0;0.0;0.0;1873.0;;piteaa if;;;;Women
2026-05-10;194263225;Thailand Premier League;Thailand;08:00;Schedule;0.3174603174603175;1.9;2.5, 3.0;1.9;2.5, 3.0;0.0;0.0;;0.0;0.0;0.0;0.0;0.0;;BG Pathum United;5.0;0.0;0.0;1.8;0;0.0;0 - 0;3.4;Prachuap FC;6.0;0.0;0.0;4.2;0;0.0;-0.5;0 - 0;0-0;2.75;1.25;-;nan;;;;;;;;;;;;;;;;0.0;0.0;0.0;0.0;;;0.0;0.0;0.0;0.0;;[];[];[];[];[];[];[];[];1.0;0.0;0.0;1.0;0.0;0.0;35607.0;321791.0;bg pathum united;prachuap fc;;;
2026-05-10;194263250;Thailand Premier League;Thailand;08:00;Schedule;0.036437246963562764;1.8;2.5;2.0;2.5;0.0;0.0;;0.0;0.0;0.0;0.0;0.0;;Sukhothai FC;12.0;0.0;0.0;2.375;0;0.0;0 - 0;3.2;Muang Thong United;15.0;0.0;0.0;2.6;0;0.0;0.0;0 - 0;0-0;2.5;1.0;-;nan;;;;;;;;;;;;;;;;0.0;0.0;0.0;0.0;;;0.0;0.0;0.0;0.0;;[];[];[];[];[];[];[];[];1.0;0.0;0.0;1.0;0.0;0.0;202485.0;39946.0;sukhothai fc;muang thong united;;;
2026-05-10;194263220;Thailand Premier League;Thailand;08:00;Schedule;-0.4451612903225806;1.95;3.0;1.85;3.0;0.0;0.0;;0.0;0.0;0.0;0.0;0.0;;Ayutthaya United;8.0;0.0;0.0;5.0;0;0.0;0 - 0;4.0;Port FC;2.0;0.0;0.0;1.55;0;0.0;1.0;0 - 0;0-0;3.0;1.25;-;nan;;;;;;;;;;;;;;;;0.0;0.0;0.0;0.0;;;0.0;0.0;0.0;0.0;;[];[];[];[];[];[];[];[];1.0;0.0;0.0;1.0;0.0;0.0;314323.0;40661.0;ayutthaya united fc;port fc;;;
2026-05-10;194322114;Norway Division 2 Group 1;Norway;08:00;Schedule;0.6168542135533884;;;;;0.0;0.0;;0.0;0.0;0.0;0.0;0.0;;Sotra;;0.0;0.0;1.333;0;0.0;0 - 0;4.5;Eik Tønsberg;;0.0;0.0;7.5;0;0.0;nan;0 - 0;0-0;;nan;-;nan;;;;;;;;;;;;;;;;0.0;0.0;0.0;0.0;;;0.0;0.0;0.0;0.0;;[];[];[];[];[];[];[];[];1.0;0.0;0.0;1.0;0.0;0.0;94839.0;797.0;sotra sk;fk eik toensberg 871;;;
2026-05-10;194263245;Thailand Premier League;Thailand;08:00;Schedule;-0.28528528528528535;1.825;2.5, 3.0;1.975;2.5, 3.0;0.0;0.0;;0.0;0.0;0.0;0.0;0.0;;Rayong FC;7.0;0.0;0.0;3.7;0;0.0;0 - 0;3.4;Bangkok United;4.0;0.0;0.0;1.8;0;0.0;0.5;0 - 0;0-0;2.75;1.25;-;nan;;;;;;;;;;;;;;;;0.0;0.0;0.0;0.0;;;0.0;0.0;0.0;0.0;;[];[];[];[];[];[];[];[];1.0;0.0;0.0;1.0;0.0;0.0;337511.0;85741.0;rayong fc;bangkok united fc;;;
2026-05-10;194263241;Thailand Premier League;Thailand;08:00;Schedule;-0.33182503770739064;1.875;3.0;1.925;3.0;0.0;0.0;;0.0;0.0;0.0;0.0;0.0;;Kanchanaburi Power;14.0;0.0;0.0;3.9;0;0.0;0 - 0;3.6;Ratchaburi FC;3.0;0.0;0.0;1.7;0;0.0;0.75;0 - 0;0-0;3.0;1.25;-;nan;;;;;;;;;;;;;;;;0.0;0.0;0.0;0.0;;;0.0;0.0;0.0;0.0;;[];[];[];[];[];[];[];[];1.0;0.0;0.0;1.0;0.0;0.0;766834.0;85743.0;kanchanaburi power fc;ratchaburi fc;;;
2026-05-10;194318530;Republic of Ireland Leinster Senior League;Ireland;08:00;Schedule;-0.0444444444444444;1.975;3.0;1.825;3.0;0.0;0.0;;0.0;0.0;0.0;0.0;0.0;;Lucan United;;0.0;0.0;2.5;0;0.0;0 - 0;3.7;Malahide Utd;;0.0;0.0;2.25;0;0.0;0.0;0 - 0;0-0;3.0;1.25;-;nan;;;;;;;;;;;;;;;;0.0;0.0;0.0;0.0;;;0.0;0.0;0.0;0.0;;[];[];[];[];[];[];[];[];1.0;0.0;0.0;1.0;0.0;0.0;;;;;;;
2026-05-10;194293387;Republic of Ireland Leinster Senior League;Ireland;08:00;Schedule;-0.15217391304347827;1.9;3.0, 3.5;1.9;3.0, 3.5;0.0;0.0;;0.0;0.0;0.0;0.0;0.0;;Ballymun United;;0.0;0.0;2.875;0;0.0;0 - 0;3.75;Wayside Celtic;;0.0;0.0;2.0;0;0.0;0.25;0 - 0;0-0;3.25;1.25;-;nan;;;;;;;;;;;;;;;;0.0;0.0;0.0;0.0;;;0.0;0.0;0.0;0.0;;[];[];[];[];[];[];[];[];1.0;0.0;0.0;1.0;0.0;0.0;;;;;;;
2026-05-10;194322112;Norway Division 2 Group 1;Norway;08:00;Schedule;0.4417894050193979;2.0;3.0, 3.5;1.8;3.0, 3.5;0.0;0.0;;0.0;0.0;0.0;0.0;0.0;;Brattvåg;;0.0;0.0;1.533;0;0.0;0 - 0;4.0;Arendal;;0.0;0.0;4.75;0;0.0;-1.0;0 - 0;0-0;3.25;nan;-;nan;;;;;;;;;;;;;;;;0.0;0.0;0.0;0.0;;;0.0;0.0;0.0;0.0;;[];[];[];[];[];[];[];[];1.0;0.0;0.0;1.0;0.0;0.0;954.0;755.0;brattvaag;arendal fk;;;
2026-05-10;194262316;Bulgaria First League;Bulgaria;08:15;Schedule;0.14204545454545453;1.85;2.5;1.95;2.5;0.0;0.0;;0.0;0.0;0.0;0.0;0.0;;Spartak Varna;;0.0;0.0;2.2;0;0.0;0 - 0;3.4;Slavia Sofia;;0.0;0.0;3.2;0;0.0;-0.25;0 - 0;0-0;2.5;1.0;-;nan;;;;;;;;;;;;;;;;0.0;0.0;0.0;0.0;;;0.0;0.0;0.0;0.0;;[];[];[];[];[];[];[];[];1.0;0.0;0.0;1.0;0.0;0.0;3278.0;3274.0;fk spartak 1918 varna;pfc slavia sofia;;;
2026-05-10;194203538;England FA Cup Women;England;08:15;Schedule;0.016006402561024313;1.95;2.5, 3.0;1.85;2.5, 3.0;0.0;0.0;;0.0;0.0;0.0;0.0;0.0;;Liverpool (W);;0.0;0.0;2.45;0;0.0;0 - 0;3.4;Brighton (W);;0.0;0.0;2.55;0;0.0;0.0;0 - 0;0-0;2.75;1.25;-;nan;;;;;;;;;;;;;;;;0.0;0.0;0.0;0.0;;;0.0;0.0;0.0;0.0;;[];[];[];[];[];[];[];[];1.0;0.0;0.0;1.0;0.0;0.0;66774.0;372788.0;liverpool lfc;brighton and hove albion wfc;;;Women
2026-05-10;193754994;Lithuania A Lyga;Lithuania;08:15;Schedule;-0.016006402561024313;1.975;2.5;1.825;2.5;0.0;0.0;;0.0;0.0;0.0;0.0;0.0;;Suduva Marijampole;;0.0;0.0;2.55;0;0.0;0 - 0;3.1;FK Zalgiris Vilnius;;0.0;0.0;2.45;0;0.0;0.0;0 - 0;0-0;2.5;1.0;-;nan;;;;;;;;;;;;;;;;0.0;0.0;0.0;0.0;;;0.0;0.0;0.0;0.0;;[];[];[];[];[];[];[];[];1.0;0.0;0.0;1.0;0.0;0.0;5343.0;5345.0;fk suduva marijampole;vilnius fk zalgiris;;;
2026-05-10;193001571;Germany Bundesliga II;Germany;08:30;Schedule;-0.19696969696969696;1.975;3.0, 3.5;1.825;3.0, 3.5;0.0;0.0;;0.0;0.0;0.0;0.0;0.0;;Fortuna Dusseldorf;16.0;0.0;0.0;3.3;0;0.0;0 - 0;3.8;Elversberg;2.0;0.0;0.0;2.0;0;0.0;0.5;0 - 0;0-0;3.25;1.25;-;nan;;;;;;;;;;;;;;;;0.0;0.0;0.0;0.0;;;0.0;0.0;0.0;0.0;;[];[];[];[];[];[];[];[];1.0;0.0;0.0;1.0;0.0;0.0;2588.0;2598.0;fortuna dusseldorf;sv 07 elversberg;;;Youth
2026-05-10;193001779;Germany 3. Liga;Germany;08:30;Schedule;0.19023986765922257;1.85;3.0, 3.5;1.95;3.0, 3.5;0.0;0.0;;0.0;0.0;0.0;0.0;0.0;;TSV Havelse;;0.0;0.0;1.95;0;0.0;0 - 0;3.7;Schweinfurt 05;;0.0;0.0;3.1;0;0.0;-0.5;0 - 0;0-0;3.25;1.25;-;nan;;;;;;;;;;;;;;;;0.0;0.0;0.0;0.0;;;0.0;0.0;0.0;0.0;;[];[];[];[];[];[];[];[];1.0;0.0;0.0;1.0;0.0;0.0;7827.0;2544.0;tsv havelse;1. fc schweinfurt 05;;;
2026-05-10;193001581;Germany Bundesliga II;Germany;08:30;Schedule;0.053830227743271286;1.925;3.0;1.875;3.0;0.0;0.0;;0.0;0.0;0.0;0.0;0.0;;SC Preussen Munster;18.0;0.0;0.0;2.3;0;0.0;0 - 0;4.0;Darmstadt;5.0;0.0;0.0;2.625;0;0.0;0.0;0 - 0;0-0;3.0;1.25;-;nan;;;;;;;;;;;;;;;;0.0;0.0;0.0;0.0;;;0.0;0.0;0.0;0.0;;[];[];[];[];[];[];[];[];1.0;0.0;0.0;1.0;0.0;0.0;2590.0;2576.0;sc preussen 06 munster;sv darmstadt 98;;;Youth
2026-05-10;193001576;Germany Bundesliga II;Germany;08:30;Schedule;0.25983945132881303;1.875;3.0, 3.5;1.925;3.0, 3.5;0.0;0.0;;0.0;0.0;0.0;0.0;0.0;;Hertha Berlin;7.0;0.0;0.0;1.833;0;0.0;0 - 0;4.2;Greuther Furth;17.0;0.0;0.0;3.5;0;0.0;-0.5;0 - 0;0-0;3.25;1.25;-;nan;;;;;;;;;;;;;;;;0.0;0.0;0.0;0.0;;;0.0;0.0;0.0;0.0;;[];[];[];[];[];[];[];[];1.0;0.0;0.0;1.0;0.0;0.0;2528.0;2551.0;hertha bsc;greuther furth;;;Youth
2026-05-10;193331658;Estonia Meistriliiga;Estonia;08:30;Schedule;0.0735930735930736;2.025;3.0;1.775;3.0;0.0;0.0;;0.0;0.0;0.0;0.0;0.0;;JK Nomme Kalju;;0.0;0.0;2.2;0;0.0;0 - 0;3.7;FC Flora Tallinn;;0.0;0.0;2.625;0;0.0;-0.25;0 - 0;0-0;3.0;1.25;-;nan;;;;;;;;;;;;;;;;0.0;0.0;0.0;0.0;;;0.0;0.0;0.0;0.0;;[];[];[];[];[];[];[];[];1.0;0.0;0.0;1.0;0.0;0.0;8091.0;3346.0;nomme kalju fc;tallinna fc flora;;;
2026-05-10;193331376;Belgium First Division A;Belgium;08:30;Schedule;0.1067193675889328;1.925;2.5, 3.0;1.875;2.5, 3.0;0.0;0.0;;0.0;0.0;0.0;0.0;0.0;;Gent;4.0;0.0;0.0;2.2;0;0.0;0 - 0;3.4;Anderlecht;6.0;0.0;0.0;2.875;0;0.0;-0.25;0 - 0;0-0;2.75;1.25;-;nan;;;;;;;;;;;;;;;;0.0;0.0;0.0;0.0;;;0.0;0.0;0.0;0.0;;[];[];[];[];[];[];[];[];1.0;0.0;0.0;1.0;0.0;0.0;2903.0;2900.0;kaa gent;rsc anderlecht;;;
2026-05-10;194266032;China Division 1;China;08:30;Schedule;0.29555373704309873;1.75;2.0;2.05;2.0;0.0;0.0;;0.0;0.0;0.0;0.0;0.0;;Foshan Nanshi;11.0;0.0;0.0;1.833;0;0.0;0 - 0;3.1;Suzhou Dongwu;15.0;0.0;0.0;4.0;0;0.0;-0.5;0 - 0;0-0;2.0;0.75;-;nan;;;;;;;;;;;;;;;;0.0;0.0;0.0;0.0;;;0.0;0.0;0.0;0.0;;[];[];[];[];[];[];[];[];1.0;0.0;0.0;1.0;0.0;0.0;1110241.0;164044.0;foshan nanshi fc;suzhou dongwu;;;
2026-05-10;194266035;China Division 1;China;08:30;Schedule;0.3492063492063492;1.975;2.0, 2.5;1.825;2.0, 2.5;0.0;0.0;;0.0;0.0;0.0;0.0;0.0;;Nantong Zhiyun;;0.0;0.0;1.75;0;0.0;0 - 0;3.2;Wuxi Wugo;;0.0;0.0;4.5;0;0.0;-0.5;0 - 0;0-0;2.25;1.0;-;nan;;;;;;;;;;;;;;;;0.0;0.0;0.0;0.0;;;0.0;0.0;0.0;0.0;;[];[];[];[];[];[];[];[];1.0;0.0;0.0;1.0;0.0;0.0;327153.0;793008.0;nantong zhiyun;wuxi wugou;;;
2026-05-10;194266041;China Division 2;China;08:30;Schedule;0.1122019635343619;1.75;1.5, 2.0;2.05;1.5, 2.0;0.0;0.0;;0.0;0.0;0.0;0.0;0.0;;Lanzhou Longyuan Athletic;;0.0;0.0;2.3;0;0.0;0 - 0;2.8;Qingdao Red Lions;;0.0;0.0;3.1;0;0.0;-0.25;0 - 0;0-0;1.75;0.75;-;nan;;;;;;;;;;;;;;;;0.0;0.0;0.0;0.0;;;0.0;0.0;0.0;0.0;;[];[];[];[];[];[];[];[];1.0;0.0;0.0;1.0;0.0;0.0;;;;;;;
2026-05-10;194266045;China Division 2;China;08:30;Schedule;0.03779289493575205;1.975;2.0, 2.5;1.825;2.0, 2.5;0.0;0.0;;0.0;0.0;0.0;0.0;0.0;;Guangdong Mingtu;;0.0;0.0;2.45;0;0.0;0 - 0;3.0;Hubei Istar;;0.0;0.0;2.7;0;0.0;0.0;0 - 0;0-0;2.25;1.0;-;nan;;;;;;;;;;;;;;;;0.0;0.0;0.0;0.0;;;0.0;0.0;0.0;0.0;;[];[];[];[];[];[];[];[];1.0;0.0;0.0;1.0;0.0;0.0;;;;;;;
2026-05-10;194265372;India Super League;India;08:30;Schedule;0.5604395604395604;1.8;2.5, 3.0;2.0;2.5, 3.0;0.0;0.0;;0.0;0.0;0.0;0.0;0.0;;Kerala Blasters;;0.0;0.0;1.4;0;0.0;0 - 0;4.333;Mohammedan SC;;0.0;0.0;6.5;0;0.0;-1.25;0 - 0;0-0;2.75;1.25;-;nan;;;;;;;;;;;;;;;;0.0;0.0;0.0;0.0;;;0.0;0.0;0.0;0.0;;[];[];[];[];[];[];[];[];1.0;0.0;0.0;1.0;0.0;0.0;174598.0;118660.0;kerala blasters fc;mohammedan sc;;;
2026-05-10;194266606;Singapore Premier League;Singapore;08:30;Schedule;-0.6358974358974359;1.9;3.5;1.9;3.5;0.0;0.0;;0.0;0.0;0.0;0.0;0.0;;Hougang United FC;6.0;0.0;0.0;7.5;0;0.0;0 - 0;4.75;Tampines Rovers FC;2.0;0.0;0.0;1.3;0;0.0;1.5;0 - 0;0-0;3.5;1.5;-;nan;;;;;;;;;;;;;;;;0.0;0.0;0.0;0.0;;;0.0;0.0;0.0;0.0;;[];[];[];[];[];[];[];[];1.0;0.0;0.0;1.0;0.0;0.0;34083.0;3043.0;hougang united fc;bg tampines rovers;;;
2026-05-10;193328038;China Super League;China;08:35;Schedule;0.3777089783281734;1.975;2.5, 3.0;1.825;2.5, 3.0;0.0;0.0;;0.0;0.0;0.0;0.0;0.0;;Zhejiang;8.0;0.0;0.0;1.7;0;0.0;0 - 0;3.9;Tianjin Jinmen Tigers;16.0;0.0;0.0;4.75;0;0.0;-0.75;0 - 0;0-0;2.75;1.0;-;nan;;;;;;;;;;;;;;;;0.0;0.0;0.0;0.0;;;0.0;0.0;0.0;0.0;;[];[];[];[];[];[];[];[];1.0;0.0;0.0;1.0;0.0;0.0;34697.0;3367.0;zhejiang fc;tianjin jinmen tiger;;;
2026-05-10;193328034;China Super League;China;08:35;Schedule;0.38935370820572723;1.825;3.0;1.975;3.0;0.0;0.0;;0.0;0.0;0.0;0.0;0.0;;Beijing Guoan;10.0;0.0;0.0;1.667;0;0.0;0 - 0;4.0;Shanghai Port;13.0;0.0;0.0;4.75;0;0.0;-0.75;0 - 0;0-0;3.0;1.25;-;nan;;;;;;;;;;;;;;;;0.0;0.0;0.0;0.0;;;0.0;0.0;0.0;0.0;;[];[];[];[];[];[];[];[];1.0;0.0;0.0;1.0;0.0;0.0;3376.0;41537.0;beijing guoan;shanghai port fc;;;
2026-05-10;194263806;Croatia 1.NL;Croatia;08:45;Schedule;0.1111111111111111;1.95;2.0, 2.5;1.85;2.0, 2.5;0.0;0.0;;0.0;0.0;0.0;0.0;0.0;;Hrvace;7.0;0.0;0.0;2.25;0;0.0;0 - 0;3.0;Opatija;10.0;0.0;0.0;3.0;0;0.0;-0.25;0 - 0;0-0;2.25;1.0;-;nan;;;;;;;;;;;;;;;;0.0;0.0;0.0;0.0;;;0.0;0.0;0.0;0.0;;[];[];[];[];[];[];[];[];1.0;0.0;0.0;1.0;0.0;0.0;6670.0;44480.0;nk hrvace;nk opatija;;;
2026-05-10;194211683;Sweden 2.div Västra Götaland;Sweden;09:00;Schedule;0.22804054054054046;1.825;3.0;1.975;3.0;0.0;0.0;;0.0;0.0;0.0;0.0;0.0;;Astorps FF;;0.0;0.0;1.85;0;0.0;0 - 0;3.75;Onsala BK;;0.0;0.0;3.2;0;0.0;-0.5;0 - 0;0-0;3.0;1.25;-;nan;;;;;;;;;;;;;;;;0.0;0.0;0.0;0.0;;;0.0;0.0;0.0;0.0;;[];[];[];[];[];[];[];[];1.0;0.0;0.0;1.0;0.0;0.0;22367.0;49956.0;astorps ff;onsala bk;;;
2026-05-10;193332544;Switzerland Super League;Switzerland;09:00;Schedule;0.13178294573643412;1.925;3.0;1.875;3.0;0.0;0.0;;0.0;0.0;0.0;0.0;0.0;;Lugano;4.0;0.0;0.0;2.15;0;0.0;0 - 0;3.7;St Gallen;2.0;0.0;0.0;3.0;0;0.0;-0.25;0 - 0;0-0;3.0;1.25;-;nan;;;;;;;;;;;;;;;;0.0;0.0;0.0;0.0;;;0.0;0.0;0.0;0.0;;[];[];[];[];[];[];[];[];1.0;0.0;0.0;1.0;0.0;0.0;2443.0;2442.0;fc lugano;fc st. gallen 1879;;;
2026-05-10;194274347;Faroe Islands Div 1;Faroe Islands;09:00;Schedule;-0.027777777777777735;1.9;3.5;1.9;3.5;0.0;0.0;;0.0;0.0;0.0;0.0;0.0;;NSI Runavik II;;0.0;0.0;2.4;0;0.0;0 - 0;4.0;B36 Torshavn II;;0.0;0.0;2.25;0;0.0;0.0;0 - 0;0-0;3.5;1.5;-;nan;;;;;;;;;;;;;;;;0.0;0.0;0.0;0.0;;;0.0;0.0;0.0;0.0;;[];[];[];[];[];[];[];[];1.0;0.0;0.0;1.0;0.0;0.0;;;;;;;Youth
2026-05-10;194320157;Switzerland 1.Liga Classic;Switzerland;09:00;Schedule;-0.34965034965034963;2.0;3.0;1.8;3.0;0.0;0.0;;0.0;0.0;0.0;0.0;0.0;;FC Widnau;;0.0;0.0;3.9;0;0.0;0 - 0;4.0;AC Taverne;;0.0;0.0;1.65;0;0.0;0.75;0 - 0;0-0;3.0;1.25;-;nan;;;;;;;;;;;;;;;;0.0;0.0;0.0;0.0;;;0.0;0.0;0.0;0.0;;[];[];[];[];[];[];[];[];1.0;0.0;0.0;1.0;0.0;0.0;;;;;;;
2026-05-10;193320621;Sweden Allsvenskan;Sweden;09:00;Schedule;-0.02178649237472774;2.0;2.5;1.8;2.5;0.0;0.0;;0.0;0.0;0.0;0.0;0.0;;AIK;1.0;0.0;0.0;2.7;0;0.0;0 - 0;3.3;Djurgarden;1.0;0.0;0.0;2.55;0;0.0;0.0;0 - 0;0-0;2.5;1.0;-;nan;;;;;;;;;;;;;;;;0.0;0.0;0.0;0.0;;;0.0;0.0;0.0;0.0;;[];[];[];[];[];[];[];[];1.0;0.0;0.0;1.0;0.0;0.0;1764.0;1759.0;aik;djurgardens if;;;
2026-05-10;193320631;Sweden Allsvenskan;Sweden;09:00;Schedule;0.3685124798098315;1.825;2.0, 2.5;1.975;2.0, 2.5;0.0;0.0;;0.0;0.0;0.0;0.0;0.0;;Kalmar FF;1.0;0.0;0.0;1.727;0;0.0;0 - 0;3.6;Halmstad;1.0;0.0;0.0;4.75;0;0.0;-0.75;0 - 0;0-0;2.25;1.0;-;nan;;;;;;;;;;;;;;;;0.0;0.0;0.0;0.0;;;0.0;0.0;0.0;0.0;;[];[];[];[];[];[];[];[];1.0;0.0;0.0;1.0;0.0;0.0;1891.0;1767.0;kalmar ff;halmstads bk;;;
2026-05-10;194266522;Netherlands Derde Divisie;Netherlands;09:00;Schedule;0.08050089445438285;1.95;3.0, 3.5;1.85;3.0, 3.5;0.0;0.0;;0.0;0.0;0.0;0.0;0.0;;Roosendaal;;0.0;0.0;2.15;0;0.0;0 - 0;3.8;Blauw Geel '38;;0.0;0.0;2.6;0;0.0;-0.25;0 - 0;0-0;3.25;1.25;-;nan;;;;;;;;;;;;;;;;0.0;0.0;0.0;0.0;;;0.0;0.0;0.0;0.0;;[];[];[];[];[];[];[];[];1.0;0.0;0.0;1.0;0.0;0.0;;;;;;;
2026-05-10;194321686;Kenya Super League;Kenya;09:00;Schedule;0.4365372374283896;1.9;2.0, 2.5;1.9;2.0, 2.5;0.0;0.0;;0.0;0.0;0.0;0.0;0.0;;Kisumu All Stars;;0.0;0.0;1.571;0;0.0;0 - 0;3.5;Kabati Youth;;0.0;0.0;5.0;0;0.0;-0.75;0 - 0;0-0;2.25;1.0;-;nan;;;;;;;;;;;;;;;;0.0;0.0;0.0;0.0;;;0.0;0.0;0.0;0.0;;[];[];[];[];[];[];[];[];1.0;0.0;0.0;1.0;0.0;0.0;;;;;;;Youth
2026-05-10;193003395;Spain La Liga;Spain;09:00;Schedule;0.1014492753623189;1.925;2.5, 3.0;1.925;2.5, 3.0;0.0;0.0;;0.0;0.0;0.0;0.0;0.0;;Mallorca;18.0;0.0;0.0;2.3;0;0.0;0 - 0;3.5;Villarreal;3.0;0.0;0.0;3.0;0;0.0;-0.25;0 - 0;0-0;2.75;1.25;-;nan;;;;;;;;;;;;;;;;0.0;0.0;0.0;0.0;;;0.0;0.0;0.0;0.0;;[];[];[];[];[];[];[];[];1.0;0.0;0.0;1.0;0.0;0.0;2826.0;2819.0;rcd mallorca;villarreal cf;;;
2026-05-10;194321770;Georgia First League;Georgia;09:00;Schedule;0.08080808080808077;1.8;2.5;2.0;2.5;0.0;0.0;;0.0;0.0;0.0;0.0;0.0;;Odishi 1919 Zugdidi;7.0;0.0;0.0;2.25;0;0.0;0 - 0;3.3;Merani Martvili;2.0;0.0;0.0;2.75;0;0.0;-0.25;0 - 0;0-0;2.5;1.0;-;nan;;;;;;;;;;;;;;;;0.0;0.0;0.0;0.0;;;0.0;0.0;0.0;0.0;;[];[];[];[];[];[];[];[];1.0;0.0;0.0;1.0;0.0;0.0;;;;;;;
2026-05-10;194272418;Czechia 4. Liga;Czech Republic;09:00;Schedule;0.0;1.975;3.0;1.825;3.0;0.0;0.0;;0.0;0.0;0.0;0.0;0.0;;TJ Dalnice Sperice;;0.0;0.0;2.3;0;0.0;0 - 0;4.0;AFC Humpolec;;0.0;0.0;2.3;0;0.0;0.0;0 - 0;0-0;3.0;1.25;-;nan;;;;;;;;;;;;;;;;0.0;0.0;0.0;0.0;;;0.0;0.0;0.0;0.0;;[];[];[];[];[];[];[];[];1.0;0.0;0.0;1.0;0.0;0.0;;;;;;;
2026-05-10;194275684;Kazakhstan Premier League;Kazakhstan;09:00;Schedule;0.4365372374283896;1.85;2.0, 2.5;1.95;2.0, 2.5;0.0;0.0;;0.0;0.0;0.0;0.0;0.0;;FK Aktobe;11.0;0.0;0.0;1.571;0;0.0;0 - 0;3.6;Kaisar Kyzylorda;14.0;0.0;0.0;5.0;0;0.0;-0.75;0 - 0;0-0;2.25;1.0;-;nan;;;;;;;;;;;;;;;;0.0;0.0;0.0;0.0;;;0.0;0.0;0.0;0.0;;[];[];[];[];[];[];[];[];1.0;0.0;0.0;1.0;0.0;0.0;;;;;;;
2026-05-10;193198008;Finland Veikkausliiga;Finland;09:00;Schedule;0.47124824684431976;1.95;2.5;1.85;2.5;0.0;0.0;;0.0;0.0;0.0;0.0;0.0;;Lahti;;0.0;0.0;1.55;0;0.0;0 - 0;3.7;IFK Mariehamn;;0.0;0.0;5.75;0;0.0;-1.0;0 - 0;0-0;2.5;1.0;-;nan;;;;;;;;;;;;;;;;0.0;0.0;0.0;0.0;;;0.0;0.0;0.0;0.0;;[];[];[];[];[];[];[];[];1.0;0.0;0.0;1.0;0.0;0.0;2249.0;5058.0;fc lahti;ifk mariehamn;;;
2026-05-10;194260753;Georgia Erovnuli Liga;Georgia;09:00;Schedule;-0.348251811985181;2.0;2.0, 2.5;1.8;2.0, 2.5;0.0;0.0;;0.0;0.0;0.0;0.0;0.0;;Meshakhte Tkibuli;;0.0;0.0;4.333;0;0.0;0 - 0;3.3;FC Gori;;0.0;0.0;1.727;0;0.0;0.75;0 - 0;0-0;2.25;0.75;-;nan;;;;;;;;;;;;;;;;0.0;0.0;0.0;0.0;;;0.0;0.0;0.0;0.0;;[];[];[];[];[];[];[];[];1.0;0.0;0.0;1.0;0.0;0.0;;;;;;;
2026-05-10;194279354;Norway Division 2 Group 2;Norway;09:00;Schedule;0.013729977116704872;1.9;3.5;1.9;3.5;0.0;0.0;;0.0;0.0;0.0;0.0;0.0;;Trygg/Lade;;0.0;0.0;2.3;0;0.0;0 - 0;3.8;Ullensaker/Kisa;;0.0;0.0;2.375;0;0.0;0.0;0 - 0;0-0;3.5;1.5;-;nan;;;;;;;;;;;;;;;;0.0;0.0;0.0;0.0;;;0.0;0.0;0.0;0.0;;[];[];[];[];[];[];[];[];1.0;0.0;0.0;1.0;0.0;0.0;250563.0;692.0;trygg/lade;ullensaker/kisa;;;
2026-05-10;194260774;Germany Bundesliga Women;Germany;09:00;Schedule;0.6666666666666667;1.825;3.0, 3.5;1.975;3.0, 3.5;0.0;0.0;;0.0;0.0;0.0;0.0;0.0;;Werder Bremen (W);;0.0;0.0;1.25;0;0.0;0 - 0;5.5;Carl Zeiss Jena (W);;0.0;0.0;7.5;0;0.0;-1.75;0 - 0;0-0;3.25;1.5;-;nan;;;;;;;;;;;;;;;;0.0;0.0;0.0;0.0;;;0.0;0.0;0.0;0.0;;[];[];[];[];[];[];[];[];1.0;0.0;0.0;1.0;0.0;0.0;2534.0;2614.0;werder bremen;fc carl zeiss jena;;;Women
2026-05-10;194273305;Czechia 5. Liga;Czech Republic;09:00;Schedule;-0.20720720720720714;2.0;4.0, 4.5;1.8;4.0, 4.5;0.0;0.0;;0.0;0.0;0.0;0.0;0.0;;Tj Sokol Rozstani;;0.0;0.0;3.0;0;0.0;0 - 0;4.2;Arsenal Ceska Lipa;;0.0;0.0;1.85;0;0.0;0.5;0 - 0;0-0;4.25;1.75;-;nan;;;;;;;;;;;;;;;;0.0;0.0;0.0;0.0;;;0.0;0.0;0.0;0.0;;[];[];[];[];[];[];[];[];1.0;0.0;0.0;1.0;0.0;0.0;;;;;;;
2026-05-10;194268314;Czechia Div 1 Women;Czech Republic;09:00;Schedule;-0.7457869180234218;1.975;3.0, 3.5;1.825;3.0, 3.5;0.0;0.0;;0.0;0.0;0.0;0.0;0.0;;Slovacko (W);;0.0;0.0;9.0;0;0.0;0 - 0;7.0;Slavia Prague (W);;0.0;0.0;1.167;0;0.0;2.0;0 - 0;0-0;3.25;1.25;-;nan;;;;;;;;;;;;;;;;0.0;0.0;0.0;0.0;;;0.0;0.0;0.0;0.0;;[];[];[];[];[];[];[];[];1.0;0.0;0.0;1.0;0.0;0.0;4871.0;2216.0;1. fc slovacko uherske hradiste;slavia prague;;;Women
2026-05-10;194318939;Rwanda Cup Women;Rwanda;09:00;Schedule;0.811965811965812;2.0;3.5;1.8;3.5;0.0;0.0;;0.0;0.0;0.0;0.0;0.0;;Police WFC (W);;0.0;0.0;1.125;0;0.0;0 - 0;8.0;Muhazi United WFC (W);;0.0;0.0;13.0;0;0.0;-2.5;0 - 0;0-0;3.5;1.5;-;nan;;;;;;;;;;;;;;;;0.0;0.0;0.0;0.0;;;0.0;0.0;0.0;0.0;;[];[];[];[];[];[];[];[];1.0;0.0;0.0;1.0;0.0;0.0;;;;;;;Women
2026-05-10;193003529;Spain Segunda;Spain;09:00;Schedule;0.0;1.9;2.5;1.9;2.5;0.0;0.0;;0.0;0.0;0.0;0.0;0.0;;FC Andorra;;0.0;0.0;2.7;0;0.0;0 - 0;3.2;Las Palmas;;0.0;0.0;2.7;0;0.0;0.0;0 - 0;0-0;2.5;1.0;-;nan;;;;;;;;;;;;;;;;0.0;0.0;0.0;0.0;;;0.0;0.0;0.0;0.0;;[];[];[];[];[];[];[];[];1.0;0.0;0.0;1.0;0.0;0.0;610334.0;6577.0;fc andorra;ud las palmas;;;
2026-05-10;194318543;Republic of Ireland Leinster Senior League;Ireland;09:00;Schedule;-0.4444444444444444;1.825;3.0;1.975;3.0;0.0;0.0;;0.0;0.0;0.0;0.0;0.0;;Usher Celtic;;0.0;0.0;4.5;0;0.0;0 - 0;4.5;St Mochtas;;0.0;0.0;1.5;0;0.0;1.0;0 - 0;0-0;3.0;1.25;-;nan;;;;;;;;;;;;;;;;0.0;0.0;0.0;0.0;;;0.0;0.0;0.0;0.0;;[];[];[];[];[];[];[];[];1.0;0.0;0.0;1.0;0.0;0.0;;;;;;;
2026-05-10;194275978;Lithuania II Lyga;Lithuania;09:00;Schedule;0.5142857142857142;1.9;3.5, 4.0;1.9;3.5, 4.0;0.0;0.0;;0.0;0.0;0.0;0.0;0.0;;FK Riteriai II;14.0;0.0;0.0;1.4;0;0.0;0 - 0;4.75;FK Viltis Vilnius;10.0;0.0;0.0;5.0;0;0.0;-1.5;0 - 0;0-0;3.75;1.5;-;nan;;;;;;;;;;;;;;;;0.0;0.0;0.0;0.0;;;0.0;0.0;0.0;0.0;;[];[];[];[];[];[];[];[];1.0;0.0;0.0;1.0;0.0;0.0;547277.0;;fk riteriai;;;;Youth
2026-05-10;194274489;Finland Ykkonen Women;Finland;09:00;Schedule;0.11904761904761907;2.0;3.0, 3.5;1.8;3.0, 3.5;0.0;0.0;;0.0;0.0;0.0;0.0;0.0;;HJK II (W);;0.0;0.0;2.0;0;0.0;0 - 0;4.333;JyPK (W);;0.0;0.0;2.625;0;0.0;-0.25;0 - 0;0-0;3.25;1.25;-;nan;;;;;;;;;;;;;;;;0.0;0.0;0.0;0.0;;;0.0;0.0;0.0;0.0;;[];[];[];[];[];[];[];[];1.0;0.0;0.0;1.0;0.0;0.0;;;;;;;Youth-Women
2026-05-10;194278423;Netherlands Derde Divisie;Netherlands;09:00;Schedule;0.15217391304347827;1.975;3.0, 3.5;1.825;3.0, 3.5;0.0;0.0;;0.0;0.0;0.0;0.0;0.0;;VV Gemert;;0.0;0.0;2.0;0;0.0;0 - 0;3.8;VVSB;;0.0;0.0;2.875;0;0.0;-0.25;0 - 0;0-0;3.25;1.25;-;nan;;;;;;;;;;;;;;;;0.0;0.0;0.0;0.0;;;0.0;0.0;0.0;0.0;;[];[];[];[];[];[];[];[];1.0;0.0;0.0;1.0;0.0;0.0;;;;;;;
2026-05-10;194273933;Macau 1st Division;Macau;09:00;Schedule;0.6571428571428573;1.975;4.0;1.825;4.0;0.0;0.0;;0.0;0.0;0.0;0.0;0.0;;Shao Jiang SA;;0.0;0.0;1.25;0;0.0;0 - 0;5.75;Macau Chiba FC;;0.0;0.0;7.0;0;0.0;-2.0;0 - 0;0-0;4.0;1.75;-;nan;;;;;;;;;;;;;;;;0.0;0.0;0.0;0.0;;;0.0;0.0;0.0;0.0;;[];[];[];[];[];[];[];[];1.0;0.0;0.0;1.0;0.0;0.0;;;;;;;
2026-05-10;193331450;Denmark Superligaen;Denmark;09:00;Schedule;-0.13178294573643412;1.975;3.0, 3.5;1.825;3.0, 3.5;0.0;0.0;;0.0;0.0;0.0;0.0;0.0;;FC Nordsjaelland;;0.0;0.0;3.0;0;0.0;0 - 0;3.8;Midtjylland;;0.0;0.0;2.15;0;0.0;0.25;0 - 0;0-0;3.25;1.25;-;nan;;;;;;;;;;;;;;;;0.0;0.0;0.0;0.0;;;0.0;0.0;0.0;0.0;;[];[];[];[];[];[];[];[];1.0;0.0;0.0;1.0;0.0;0.0;1292.0;1289.0;fc nordsjaelland;fc midtjylland;;;
2026-05-10;194270768;Armenia Premier League;Armenia;09:00;Schedule;-0.4057502538142655;1.975;2.5, 3.0;1.825;2.5, 3.0;0.0;0.0;;0.0;0.0;0.0;0.0;0.0;;Ararat Yerevan;;0.0;0.0;4.333;0;0.0;0 - 0;4.0;FC Urartu;;0.0;0.0;1.571;0;0.0;1.0;0 - 0;0-0;2.75;1.0;-;nan;;;;;;;;;;;;;;;;0.0;0.0;0.0;0.0;;;0.0;0.0;0.0;0.0;;[];[];[];[];[];[];[];[];1.0;0.0;0.0;1.0;0.0;0.0;;;;;;;
2026-05-10;193331455;Denmark Superligaen;Denmark;09:00;Schedule;-0.15261627906976744;1.9;3.0;1.9;3.0;0.0;0.0;;0.0;0.0;0.0;0.0;0.0;;Vejle;;0.0;0.0;3.2;0;0.0;0 - 0;3.5;FC Fredericia;;0.0;0.0;2.15;0;0.0;0.25;0 - 0;0-0;3.0;1.25;-;nan;;;;;;;;;;;;;;;;0.0;0.0;0.0;0.0;;;0.0;0.0;0.0;0.0;;[];[];[];[];[];[];[];[];1.0;0.0;0.0;1.0;0.0;0.0;4872.0;1302.0;vejle bk;fc fredericia;;;
2026-05-10;194265545;Indonesia Super League;Indonesia;09:00;Schedule;-0.08730158730158727;1.85;2.5, 3.0;1.95;2.5, 3.0;0.0;0.0;;0.0;0.0;0.0;0.0;0.0;;PSIM Yogyakarta;;0.0;0.0;2.8;0;0.0;0 - 0;3.3;Malut United FC;;0.0;0.0;2.25;0;0.0;0.0;0 - 0;0-0;2.75;1.25;-;nan;;;;;;;;;;;;;;;;0.0;0.0;0.0;0.0;;;0.0;0.0;0.0;0.0;;[];[];[];[];[];[];[];[];1.0;0.0;0.0;1.0;0.0;0.0;;;;;;;
2026-05-10;194292566;Norway Division 3 Group 1;Norway;09:00;Schedule;;1.9;3.5, 4.0;1.9;3.5, 4.0;0.0;0.0;;0.0;0.0;0.0;0.0;0.0;;Valerenga 2;;0.0;0.0;;0;0.0;0 - 0;;Ullern;;0.0;0.0;;0;0.0;0.0;0 - 0;0-0;3.75;1.5;-;nan;;;;;;;;;;;;;;;;0.0;0.0;0.0;0.0;;;0.0;0.0;0.0;0.0;;[];[];[];[];[];[];[];[];1.0;0.0;0.0;1.0;0.0;0.0;;;;;;;
2026-05-10;193328042;China Super League;China;09:00;Schedule;0.08695652173913049;1.9;2.5, 3.0;1.9;2.5, 3.0;0.0;0.0;;0.0;0.0;0.0;0.0;0.0;;Qingdao Hainiu;9.0;0.0;0.0;2.3;0;0.0;0 - 0;3.6;Dalian Young Boy;3.0;0.0;0.0;2.875;0;0.0;-0.25;0 - 0;0-0;2.75;1.25;-;nan;;;;;;;;;;;;;;;;0.0;0.0;0.0;0.0;;;0.0;0.0;0.0;0.0;;[];[];[];[];[];[];[];[];1.0;0.0;0.0;1.0;0.0;0.0;34695.0;1009005.0;qingdao hainiu fc;dalian yingbo fc;;;
2026-05-10;194266479;Malaysia Super League;Malaysia;09:15;Schedule;0.4229390681003584;1.95;3.0;1.85;3.0;0.0;0.0;;0.0;0.0;0.0;0.0;0.0;;Kuala Lumpur City;4.0;0.0;0.0;1.55;0;0.0;0 - 0;3.9;Negeri Sembilan;7.0;0.0;0.0;4.5;0;0.0;-1.0;0 - 0;0-0;3.0;1.25;-;nan;;;;;;;;;;;;;;;;0.0;0.0;0.0;0.0;;;0.0;0.0;0.0;0.0;;[];[];[];[];[];[];[];[];1.0;0.0;0.0;1.0;0.0;0.0;;;;;;;
2026-05-10;193319720;Spain Primera Division RFEF Group 1;Spain;09:15;Schedule;0.0574162679425837;2.05;2.0, 2.5;1.75;2.0, 2.5;0.0;0.0;;0.0;0.0;0.0;0.0;0.0;;Lugo;;0.0;0.0;2.375;0;0.0;0 - 0;3.0;Zamora CF;;0.0;0.0;2.75;0;0.0;0.0;0 - 0;0-0;2.25;0.75;-;nan;;;;;;;;;;;;;;;;0.0;0.0;0.0;0.0;;;0.0;0.0;0.0;0.0;;[];[];[];[];[];[];[];[];1.0;0.0;0.0;1.0;0.0;0.0;24332.0;24379.0;cd lugo;zamora cf;;;
2026-05-10;194221333;Vietnam V-League;Vietnam;09:15;Schedule;0.32903879559930516;1.975;3.0;1.825;3.0;0.0;0.0;;0.0;0.0;0.0;0.0;0.0;;Cong An Ha Noi;;0.0;0.0;1.727;0;0.0;0 - 0;3.6;Nam Dinh;;0.0;0.0;4.0;0;0.0;-0.75;0 - 0;0-0;3.0;1.25;-;nan;;;;;;;;;;;;;;;;0.0;0.0;0.0;0.0;;;0.0;0.0;0.0;0.0;;[];[];[];[];[];[];[];[];1.0;0.0;0.0;1.0;0.0;0.0;196371.0;33127.0;cong an ha noi fc;nam dinh fc;;;
2026-05-10;194274063;Malawi Super League;Malawi;09:30;Schedule;-0.193687230989957;1.95;2.0;1.85;2.0;0.0;0.0;;0.0;0.0;0.0;0.0;0.0;;Blue Eagles;;0.0;0.0;3.4;0;0.0;0 - 0;2.9;Silver Strikers;;0.0;0.0;2.05;0;0.0;0.25;0 - 0;0-0;2.0;0.75;-;nan;;;;;;;;;;;;;;;;0.0;0.0;0.0;0.0;;;0.0;0.0;0.0;0.0;;[];[];[];[];[];[];[];[];1.0;0.0;0.0;1.0;0.0;0.0;;;;;;;
2026-05-10;194274068;Malawi Super League;Malawi;09:30;Schedule;0.1948460087994972;1.95;2.0;1.85;2.0;0.0;0.0;;0.0;0.0;0.0;0.0;0.0;;Red Lions;;0.0;0.0;2.15;0;0.0;0 - 0;2.75;Dedza Dynamos;;0.0;0.0;3.7;0;0.0;-0.25;0 - 0;0-0;2.0;0.75;-;nan;;;;;;;;;;;;;;;;0.0;0.0;0.0;0.0;;;0.0;0.0;0.0;0.0;;[];[];[];[];[];[];[];[];1.0;0.0;0.0;1.0;0.0;0.0;;;;;;;
2026-05-10;194274065;Malawi Super League;Malawi;09:30;Schedule;0.15742397137745973;1.975;2.0;1.825;2.0;0.0;0.0;;0.0;0.0;0.0;0.0;0.0;;Kamuzu Barracks;;0.0;0.0;2.15;0;0.0;0 - 0;2.9;Karonga United;;0.0;0.0;3.25;0;0.0;-0.25;0 - 0;0-0;2.0;0.75;-;nan;;;;;;;;;;;;;;;;0.0;0.0;0.0;0.0;;;0.0;0.0;0.0;0.0;;[];[];[];[];[];[];[];[];1.0;0.0;0.0;1.0;0.0;0.0;;;;;;;
2026-05-10;194320261;Switzerland 2. Liga Interregional;Switzerland;09:30;Schedule;0.25252525252525254;1.8;3.0;2.0;3.0;0.0;0.0;;0.0;0.0;0.0;0.0;0.0;;SC Cham II;;0.0;0.0;1.8;0;0.0;0 - 0;3.8;AS Castello;;0.0;0.0;3.3;0;0.0;-0.5;0 - 0;0-0;3.0;1.25;-;nan;;;;;;;;;;;;;;;;0.0;0.0;0.0;0.0;;;0.0;0.0;0.0;0.0;;[];[];[];[];[];[];[];[];1.0;0.0;0.0;1.0;0.0;0.0;;;;;;;Youth
2026-05-10;193107618;Poland I Liga;Poland;09:30;Schedule;-0.25983945132881303;1.9;2.5, 3.0;1.9;2.5, 3.0;0.0;0.0;;0.0;0.0;0.0;0.0;0.0;;GKS Tychy;;0.0;0.0;3.5;0;0.0;0 - 0;3.5;Ruch Chorzow;;0.0;0.0;1.833;0;0.0;0.5;0 - 0;0-0;2.75;1.25;-;nan;;;;;;;;;;;;;;;;0.0;0.0;0.0;0.0;;;0.0;0.0;0.0;0.0;;[];[];[];[];[];[];[];[];1.0;0.0;0.0;1.0;0.0;0.0;35272.0;3105.0;gks tychy;ruch chorzow;;;
2026-05-10;193758276;Ukraine Vyscha Liga;Ukraine;09:30;Schedule;-0.9279907084785133;2.0;4.0;1.8;4.0;0.0;0.0;;0.0;0.0;0.0;0.0;0.0;;SC Poltava;16.0;0.0;0.0;41.0;0;0.0;0 - 0;13.0;Shakhtar Donetsk;2.0;0.0;0.0;1.05;0;0.0;3.25;0 - 0;0-0;4.0;1.75;-;nan;;;;;;;;;;;;;;;;0.0;0.0;0.0;0.0;;;0.0;0.0;0.0;0.0;;[];[];[];[];[];[];[];[];1.0;0.0;0.0;1.0;0.0;0.0;586811.0;3313.0;sc poltava;fc shakhtar donetsk;;;
2026-05-10;194263827;Czechia 2. Liga;Czech Republic;09:30;Schedule;0.25983945132881303;1.975;3.0;1.825;3.0;0.0;0.0;;0.0;0.0;0.0;0.0;0.0;;Banik Ostrava B;;0.0;0.0;1.833;0;0.0;0 - 0;3.5;FK Usti nad Labem;;0.0;0.0;3.5;0;0.0;-0.5;0 - 0;0-0;3.0;1.25;-;nan;;;;;;;;;;;;;;;;0.0;0.0;0.0;0.0;;;0.0;0.0;0.0;0.0;;[];[];[];[];[];[];[];[];1.0;0.0;0.0;1.0;0.0;0.0;610536.0;4868.0;fc banik ostrava b;fk usti nad labem;;;Youth
2026-05-10;194266527;Netherlands Derde Divisie;Netherlands;09:30;Schedule;-0.16499442586399116;1.8;3.0;2.0;3.0;0.0;0.0;;0.0;0.0;0.0;0.0;0.0;;VV UNA;;0.0;0.0;2.875;0;0.0;0 - 0;3.9;FC Lisse;;0.0;0.0;1.95;0;0.0;0.25;0 - 0;0-0;3.0;1.25;-;nan;;;;;;;;;;;;;;;;0.0;0.0;0.0;0.0;;;0.0;0.0;0.0;0.0;;[];[];[];[];[];[];[];[];1.0;0.0;0.0;1.0;0.0;0.0;;;;;;;
2026-05-10;193331860;Norway Eliteserien;Norway;09:30;Schedule;-0.08695652173913049;2.0;3.0;1.8;3.0;0.0;0.0;;0.0;0.0;0.0;0.0;0.0;;Rosenborg;;0.0;0.0;2.875;0;0.0;0 - 0;3.5;Lillestrom;;0.0;0.0;2.3;0;0.0;0.25;0 - 0;0-0;3.0;1.25;-;nan;;;;;;;;;;;;;;;;0.0;0.0;0.0;0.0;;;0.0;0.0;0.0;0.0;;[];[];[];[];[];[];[];[];1.0;0.0;0.0;1.0;0.0;0.0;1161.0;664.0;rosenborg bk;lillestroem sk;;;
2026-05-10;194320155;Switzerland 1.Liga Classic;Switzerland;09:30;Schedule;0.034782608695652195;1.95;2.5, 3.0;1.85;2.5, 3.0;0.0;0.0;;0.0;0.0;0.0;0.0;0.0;;FC Münsingen;;0.0;0.0;2.3;0;0.0;0 - 0;3.5;Concordia Basel;;0.0;0.0;2.5;0;0.0;0.0;0 - 0;0-0;2.75;1.0;-;nan;;;;;;;;;;;;;;;;0.0;0.0;0.0;0.0;;;0.0;0.0;0.0;0.0;;[];[];[];[];[];[];[];[];1.0;0.0;0.0;1.0;0.0;0.0;;;;;;;
2026-05-10;193762024;Poland Ekstraklasa;Poland;09:45;Schedule;0.12121212121212122;1.95;2.5, 3.0;1.85;2.5, 3.0;0.0;0.0;;0.0;0.0;0.0;0.0;0.0;;Wisla Plock;7.0;0.0;0.0;2.2;0;0.0;0 - 0;3.4;Motor Lublin;15.0;0.0;0.0;3.0;0;0.0;-0.25;0 - 0;0-0;2.75;1.0;-;nan;;;;;;;;;;;;;;;;0.0;0.0;0.0;0.0;;;0.0;0.0;0.0;0.0;;[];[];[];[];[];[];[];[];1.0;0.0;0.0;1.0;0.0;0.0;3122.0;7915.0;wisla plock;lkp motor lublin;;;
2026-05-10;194266719;Poland Ekstraliga Women;Poland;09:45;Schedule;-0.48965517241379314;1.8;3.0;2.0;3.0;0.0;0.0;;0.0;0.0;0.0;0.0;0.0;;Stomilanki Olsztyn (W);;0.0;0.0;5.0;0;0.0;0 - 0;4.333;Rekord Bielsko-Biala (W);;0.0;0.0;1.45;0;0.0;1.25;0 - 0;0-0;3.0;1.25;-;nan;;;;;;;;;;;;;;;;0.0;0.0;0.0;0.0;;;0.0;0.0;0.0;0.0;;[];[];[];[];[];[];[];[];1.0;0.0;0.0;1.0;0.0;0.0;;240366.0;;rekord bielsko biala;;;Women
2026-05-10;194218888;Uruguay Segunda;Uruguay;09:45;Schedule;-0.09961685823754785;1.8;2.0;2.0;2.0;0.0;0.0;;0.0;0.0;0.0;0.0;0.0;;Miramar Misiones;;0.0;0.0;2.9;0;0.0;0 - 0;3.1;CA River Plate;;0.0;0.0;2.25;0;0.0;0.25;0 - 0;0-0;2.0;0.75;-;nan;;;;;;;;;;;;;;;;0.0;0.0;0.0;0.0;;;0.0;0.0;0.0;0.0;;[];[];[];[];[];[];[];[];1.0;0.0;0.0;1.0;0.0;0.0;;;;;;;
2026-05-10;194292574;Norway Division 3 Group 6;Norway;10:00;Schedule;0.05695301376364503;1.925;4.0, 4.5;1.875;4.0, 4.5;0.0;0.0;;0.0;0.0;0.0;0.0;0.0;;Råde;;0.0;0.0;2.15;0;0.0;0 - 0;4.2;Sandefjord 2;;0.0;0.0;2.45;0;0.0;-0.25;0 - 0;0-0;4.25;1.75;-;nan;;;;;;;;;;;;;;;;0.0;0.0;0.0;0.0;;;0.0;0.0;0.0;0.0;;[];[];[];[];[];[];[];[];1.0;0.0;0.0;1.0;0.0;0.0;;;;;;;
2026-05-10;193004717;Italy Serie A;Italy;10:00;Schedule;0.38823529411764707;1.925;2.0, 2.5;1.925;2.0, 2.5;0.0;0.0;;0.0;0.0;0.0;0.0;0.0;;Cremonese;18.0;0.0;0.0;1.7;0;0.0;0 - 0;3.75;Pisa;20.0;0.0;0.0;5.0;0;0.0;-0.75;0 - 0;0-0;2.25;1.0;-;nan;;;;;;;;;;;;;;;;0.0;0.0;0.0;0.0;;;0.0;0.0;0.0;0.0;;[];[];[];[];[];[];[];[];1.0;0.0;0.0;1.0;0.0;0.0;2761.0;2737.0;us cremonese;pisa sc;;;
2026-05-10;194260571;France U19 League;France;10:00;Schedule;-0.05982905982905984;1.9;2.5, 3.0;1.9;2.5, 3.0;0.0;0.0;;0.0;0.0;0.0;0.0;0.0;;Montfermeil FC U19;;0.0;0.0;2.6;0;0.0;0 - 0;3.5;Sochaux U19;;0.0;0.0;2.25;0;0.0;-0.25;0 - 0;0-0;2.75;1.25;-;nan;;;;;;;;;;;;;;;;0.0;0.0;0.0;0.0;;;0.0;0.0;0.0;0.0;;[];[];[];[];[];[];[];[];1.0;0.0;0.0;1.0;0.0;0.0;;1657.0;;sochaux-montbeliard;;;Youth
2026-05-10;194260524;France U19 League;France;10:00;Schedule;0.756898029134533;1.825;3.5;1.975;3.5;0.0;0.0;;0.0;0.0;0.0;0.0;0.0;;Lyon U19;;0.0;0.0;1.167;0;0.0;0 - 0;7.0;ASPTT Dijon U19;;0.0;0.0;10.0;0;0.0;-2.25;0 - 0;0-0;3.5;1.5;-;nan;;;;;;;;;;;;;;;;0.0;0.0;0.0;0.0;;;0.0;0.0;0.0;0.0;;[];[];[];[];[];[];[];[];1.0;0.0;0.0;1.0;0.0;0.0;1649.0;;olympique lyon;;;;Youth
2026-05-10;194268878;Belgium First Amateur Division;Belgium;10:00;Schedule;0.5731378299120233;1.95;2.5, 3.0;1.85;2.5, 3.0;0.0;0.0;;0.0;0.0;0.0;0.0;0.0;;RAEC Mons;;0.0;0.0;1.364;0;0.0;0 - 0;4.333;RFC Meux;;0.0;0.0;6.25;0;0.0;-1.25;0 - 0;0-0;2.75;1.0;-;nan;;;;;;;;;;;;;;;;0.0;0.0;0.0;0.0;;;0.0;0.0;0.0;0.0;;[];[];[];[];[];[];[];[];1.0;0.0;0.0;1.0;0.0;0.0;;;;;;;
2026-05-10;194268890;Belgium First Amateur Division;Belgium;10:00;Schedule;0.1905011349746813;1.975;3.0;1.825;3.0;0.0;0.0;;0.0;0.0;0.0;0.0;0.0;;Standard Liege II;;0.0;0.0;1.909;0;0.0;0 - 0;3.7;Crossing Schaerbeek;;0.0;0.0;3.0;0;0.0;-0.5;0 - 0;0-0;3.0;1.25;-;nan;;;;;;;;;;;;;;;;0.0;0.0;0.0;0.0;;;0.0;0.0;0.0;0.0;;[];[];[];[];[];[];[];[];1.0;0.0;0.0;1.0;0.0;0.0;2901.0;;standard liege;;;;Youth
2026-05-10;194268897;Belgium First Amateur Division;Belgium;10:00;Schedule;0.6445444319460067;1.85;3.0, 3.5;1.95;3.0, 3.5;0.0;0.0;;0.0;0.0;0.0;0.0;0.0;;Tubize;;0.0;0.0;1.27;0;0.0;0 - 0;5.5;Union Rochefortoise;;0.0;0.0;7.0;0;0.0;-1.75;0 - 0;0-0;3.25;1.25;-;nan;;;;;;;;;;;;;;;;0.0;0.0;0.0;0.0;;;0.0;0.0;0.0;0.0;;[];[];[];[];[];[];[];[];1.0;0.0;0.0;1.0;0.0;0.0;;;;;;;
2026-05-10;194268909;Belgium First Amateur Division;Belgium;10:00;Schedule;-0.3296097537249307;1.825;3.0;1.975;3.0;0.0;0.0;;0.0;0.0;0.0;0.0;0.0;;UR Namur;;0.0;0.0;3.7;0;0.0;0 - 0;4.2;Charleroi II;;0.0;0.0;1.667;0;0.0;0.75;0 - 0;0-0;3.0;1.25;-;nan;;;;;;;;;;;;;;;;0.0;0.0;0.0;0.0;;;0.0;0.0;0.0;0.0;;[];[];[];[];[];[];[];[];1.0;0.0;0.0;1.0;0.0;0.0;;2898.0;;royal charleroi sc;;;Youth
2026-05-10;194265756;Italy Serie A Women;Italy;10:00;Schedule;-0.5579710144927538;1.875;2.5, 3.0;1.925;2.5, 3.0;0.0;0.0;;0.0;0.0;0.0;0.0;0.0;;Sassuolo (W);;0.0;0.0;6.0;0;0.0;0 - 0;4.333;Roma (W);;0.0;0.0;1.38;0;0.0;1.25;0 - 0;0-0;2.75;1.25;-;nan;;;;;;;;;;;;;;;;0.0;0.0;0.0;0.0;;;0.0;0.0;0.0;0.0;;[];[];[];[];[];[];[];[];1.0;0.0;0.0;1.0;0.0;0.0;2793.0;2702.0;sassuolo calcio;as roma;;;Women
2026-05-10;194265765;Italy Serie A Women;Italy;10:00;Schedule;0.050682261208576995;1.95;2.5;1.85;2.5;0.0;0.0;;0.0;0.0;0.0;0.0;0.0;;Juventus (W);;0.0;0.0;2.375;0;0.0;0 - 0;3.2;Inter Milan (W);;0.0;0.0;2.7;0;0.0;0.0;0 - 0;0-0;2.5;1.0;-;nan;;;;;;;;;;;;;;;;0.0;0.0;0.0;0.0;;;0.0;0.0;0.0;0.0;;[];[];[];[];[];[];[];[];1.0;0.0;0.0;1.0;0.0;0.0;2687.0;2697.0;juventus turin;inter milano;;;Women
2026-05-10;194270364;Brazil Paulista Serie B;Brazil;10:00;Schedule;0.3498800239952009;2.0;2.5, 3.0;1.8;2.5, 3.0;0.0;0.0;;0.0;0.0;0.0;0.0;0.0;;Independente SP U23;;0.0;0.0;1.667;0;0.0;0 - 0;3.8;Sao Carlos U23;;0.0;0.0;4.0;0;0.0;-0.75;0 - 0;0-0;2.75;1.0;-;nan;;;;;;;;;;;;;;;;0.0;0.0;0.0;0.0;;;0.0;0.0;0.0;0.0;;[];[];[];[];[];[];[];[];1.0;0.0;0.0;1.0;0.0;0.0;;;;;;;Youth
2026-05-10;194260547;France U19 League;France;10:00;Schedule;0.23751023751023742;1.8;2.5, 3.0;2.0;2.5, 3.0;0.0;0.0;;0.0;0.0;0.0;0.0;0.0;;Strasbourg U19;;0.0;0.0;1.85;0;0.0;0 - 0;3.6;Reims U19;;0.0;0.0;3.3;0;0.0;-0.25;0 - 0;0-0;2.75;1.25;-;nan;;;;;;;;;;;;;;;;0.0;0.0;0.0;0.0;;;0.0;0.0;0.0;0.0;;[];[];[];[];[];[];[];[];1.0;0.0;0.0;1.0;0.0;0.0;1659.0;1682.0;strasbourg alsace;stade reims;;;Youth
2026-05-10;194270370;Brazil Paulista Serie B;Brazil;10:00;Schedule;0.040100250626566414;1.825;2.0, 2.5;1.975;2.0, 2.5;0.0;0.0;;0.0;0.0;0.0;0.0;0.0;;Uniao Mogi U23;;0.0;0.0;2.375;0;0.0;0 - 0;3.1;Mauaense U23;;0.0;0.0;2.625;0;0.0;0.0;0 - 0;0-0;2.25;1.0;-;nan;;;;;;;;;;;;;;;;0.0;0.0;0.0;0.0;;;0.0;0.0;0.0;0.0;;[];[];[];[];[];[];[];[];1.0;0.0;0.0;1.0;0.0;0.0;;;;;;;Youth
2026-05-10;194271217;Greece Gamma Ethniki;Greece;10:00;Schedule;0.31165311653116534;1.75;2.0;2.05;2.0;0.0;0.0;;0.0;0.0;0.0;0.0;0.0;;Pyrgos AFC;;0.0;0.0;1.8;0;0.0;0 - 0;3.2;Zakynthos;;0.0;0.0;4.1;0;0.0;-0.5;0 - 0;0-0;2.0;0.75;-;nan;;;;;;;;;;;;;;;;0.0;0.0;0.0;0.0;;;0.0;0.0;0.0;0.0;;[];[];[];[];[];[];[];[];1.0;0.0;0.0;1.0;0.0;0.0;;;;;;;
2026-05-10;194271221;Greece Gamma Ethniki;Greece;10:00;Schedule;0.00366300366300365;1.9;2.0;1.9;2.0;0.0;0.0;;0.0;0.0;0.0;0.0;0.0;;Aris Petroupolis;;0.0;0.0;2.6;0;0.0;0 - 0;2.875;Ethnikos OFPF;;0.0;0.0;2.625;0;0.0;0.0;0 - 0;0-0;2.0;0.75;-;nan;;;;;;;;;;;;;;;;0.0;0.0;0.0;0.0;;;0.0;0.0;0.0;0.0;;[];[];[];[];[];[];[];[];1.0;0.0;0.0;1.0;0.0;0.0;;;;;;;
2026-05-10;194292570;Norway Division 3 Group 4;Norway;10:00;Schedule;0.26839826839826836;1.875;3.5;1.925;3.5;0.0;0.0;;0.0;0.0;0.0;0.0;0.0;;Brodd;;0.0;0.0;1.75;0;0.0;0 - 0;4.2;Våg;;0.0;0.0;3.3;0;0.0;-0.75;0 - 0;0-0;3.5;nan;-;nan;;;;;;;;;;;;;;;;0.0;0.0;0.0;0.0;;;0.0;0.0;0.0;0.0;;[];[];[];[];[];[];[];[];1.0;0.0;0.0;1.0;0.0;0.0;;;;;;;
2026-05-10;194270361;Brazil Paulista Serie B;Brazil;10:00;Schedule;0.09090909090909088;1.9;2.5, 3.0;1.9;2.5, 3.0;0.0;0.0;;0.0;0.0;0.0;0.0;0.0;;Santacruzense U23;;0.0;0.0;2.2;0;0.0;0 - 0;3.3;Mogi Mirim U23;;0.0;0.0;2.75;0;0.0;-0.25;0 - 0;0-0;2.75;1.25;-;nan;;;;;;;;;;;;;;;;0.0;0.0;0.0;0.0;;;0.0;0.0;0.0;0.0;;[];[];[];[];[];[];[];[];1.0;0.0;0.0;1.0;0.0;0.0;;;;;;;Youth
2026-05-10;192501379;England Premier League;England;10:00;Schedule;-0.03779289493575205;1.925;2.5, 3.0;1.925;2.5, 3.0;0.0;0.0;;0.0;0.0;0.0;0.0;0.0;;Nottm Forest;16.0;0.0;0.0;2.7;0;0.0;0 - 0;3.6;Newcastle;13.0;0.0;0.0;2.45;0;0.0;0.0;0 - 0;0-0;2.75;1.25;-;nan;;;;;;;;;;;;;;;;0.0;0.0;0.0;0.0;;;0.0;0.0;0.0;0.0;;[];[];[];[];[];[];[];[];1.0;0.0;0.0;1.0;0.0;0.0;14.0;39.0;nottingham forest;newcastle united;;;
2026-05-10;192501340;England Premier League;England;10:00;Schedule;-0.425;1.95;2.5, 3.0;1.9;2.5, 3.0;0.0;0.0;;0.0;0.0;0.0;0.0;0.0;;Burnley;19.0;0.0;0.0;5.0;0;0.0;0 - 0;4.333;Aston Villa;5.0;0.0;0.0;1.6;0;0.0;1.0;0 - 0;0-0;2.75;1.25;-;nan;;;;;;;;;;;;;;;;0.0;0.0;0.0;0.0;;;0.0;0.0;0.0;0.0;;[];[];[];[];[];[];[];[];1.0;0.0;0.0;1.0;0.0;0.0;6.0;40.0;burnley fc;aston villa;;;
2026-05-10;194298636;South Africa National Div 1;South Africa;10:00;Schedule;0.3147667534289746;2.05;2.0;1.75;2.0;0.0;0.0;;0.0;0.0;0.0;0.0;0.0;;Milford FC;;0.0;0.0;1.833;0;0.0;0 - 0;2.9;University of Pretoria;;0.0;0.0;4.333;0;0.0;-0.5;0 - 0;0-0;2.0;0.75;-;nan;;;;;;;;;;;;;;;;0.0;0.0;0.0;0.0;;;0.0;0.0;0.0;0.0;;[];[];[];[];[];[];[];[];1.0;0.0;0.0;1.0;0.0;0.0;;;;;;;
2026-05-10;194265305;India I-League;India;10:00;Schedule;0.34433285509325684;1.925;2.5, 3.0;1.875;2.5, 3.0;0.0;0.0;;0.0;0.0;0.0;0.0;0.0;;Sreenidi Deccan;4.0;0.0;0.0;1.7;0;0.0;0 - 0;3.6;Shillong Lajong FC;2.0;0.0;0.0;4.1;0;0.0;-0.75;0 - 0;0-0;2.75;1.25;-;nan;;;;;;;;;;;;;;;;0.0;0.0;0.0;0.0;;;0.0;0.0;0.0;0.0;;[];[];[];[];[];[];[];[];1.0;0.0;0.0;1.0;0.0;0.0;862153.0;58741.0;sreenidi deccan fc;shillong lajong fc;;;
2026-05-10;192501343;England Premier League;England;10:00;Schedule;-0.03501400560224094;1.95;2.5;1.9;2.5;0.0;0.0;;0.0;0.0;0.0;0.0;0.0;;Crystal Palace;15.0;0.0;0.0;2.8;0;0.0;0 - 0;3.3;Everton;10.0;0.0;0.0;2.55;0;0.0;0.0;0 - 0;0-0;2.5;1.0;-;nan;;;;;;;;;;;;;;;;0.0;0.0;0.0;0.0;;;0.0;0.0;0.0;0.0;;[];[];[];[];[];[];[];[];1.0;0.0;0.0;1.0;0.0;0.0;7.0;36704.0;crystal palace;everton fc;;;
2026-05-10;194278354;Mozambique Mocambola;Mozambique;10:00;Schedule;-0.25641025641025644;2.0;2.0;1.8;2.0;0.0;0.0;;0.0;0.0;0.0;0.0;0.0;;Ferroviario Beira;;0.0;0.0;3.9;0;0.0;0 - 0;2.9;UD Songo;;0.0;0.0;1.95;0;0.0;0.5;0 - 0;0-0;2.0;0.75;-;nan;;;;;;;;;;;;;;;;0.0;0.0;0.0;0.0;;;0.0;0.0;0.0;0.0;;[];[];[];[];[];[];[];[];1.0;0.0;0.0;1.0;0.0;0.0;;;;;;;
2026-05-10;194328298;Andorra Second Division;Andorra;10:00;Schedule;0.8889880067400138;1.825;3.5;1.975;3.5;0.0;0.0;;0.0;0.0;0.0;0.0;0.0;;Sporting Club d'Escaldes;;0.0;0.0;1.062;0;0.0;0 - 0;8.0;FS La Massana;;0.0;0.0;19.0;0;0.0;-1.75;0 - 0;0-0;3.5;1.5;-;nan;;;;;;;;;;;;;;;;0.0;0.0;0.0;0.0;;;0.0;0.0;0.0;0.0;;[];[];[];[];[];[];[];[];1.0;0.0;0.0;1.0;0.0;0.0;;;;;;;
2026-05-10;193715889;Romania Liga I;Romania;10:00;Schedule;0.16849816849816845;1.95;2.0, 2.5;1.85;2.0, 2.5;0.0;0.0;;0.0;0.0;0.0;0.0;0.0;;FC Botosani;;0.0;0.0;2.1;0;0.0;0 - 0;3.1;Petrolul Ploiesti;;0.0;0.0;3.25;0;0.0;-0.25;0 - 0;0-0;2.25;1.0;-;nan;;;;;;;;;;;;;;;;0.0;0.0;0.0;0.0;;;0.0;0.0;0.0;0.0;;[];[];[];[];[];[];[];[];1.0;0.0;0.0;1.0;0.0;0.0;24798.0;25856.0;fc botosani;fc petrolul ploiesti;;;
2026-05-10;194220503;Azerbaijan Premier League;Azerbaijan;10:00;Schedule;0.6823529411764706;1.925;3.0;1.875;3.0;0.0;0.0;;0.0;0.0;0.0;0.0;0.0;;PFK Turan Tovuz;;0.0;0.0;1.25;0;0.0;0 - 0;5.0;FK Karvan;;0.0;0.0;8.5;0;0.0;-1.75;0 - 0;0-0;3.0;1.25;-;nan;;;;;;;;;;;;;;;;0.0;0.0;0.0;0.0;;;0.0;0.0;0.0;0.0;;[];[];[];[];[];[];[];[];1.0;0.0;0.0;1.0;0.0;0.0;;;;;;;
2026-05-10;194320152;Switzerland 1.Liga Classic;Switzerland;10:00;Schedule;0.25252525252525254;1.8;3.0;2.0;3.0;0.0;0.0;;0.0;0.0;0.0;0.0;0.0;;FC Coffrane;;0.0;0.0;1.8;0;0.0;0 - 0;3.75;Echallens;;0.0;0.0;3.3;0;0.0;-0.5;0 - 0;0-0;3.0;1.25;-;nan;;;;;;;;;;;;;;;;0.0;0.0;0.0;0.0;;;0.0;0.0;0.0;0.0;;[];[];[];[];[];[];[];[];1.0;0.0;0.0;1.0;0.0;0.0;;;;;;;
2026-05-10;194279258;Norway Division 2 Group 1;Norway;10:00;Schedule;0.5403726708074534;;;;;0.0;0.0;;0.0;0.0;0.0;0.0;0.0;;Mjondalen;;0.0;0.0;1.4;0;0.0;0 - 0;4.333;Vidar;;0.0;0.0;5.75;0;0.0;nan;0 - 0;0-0;;nan;-;nan;;;;;;;;;;;;;;;;0.0;0.0;0.0;0.0;;;0.0;0.0;0.0;0.0;;[];[];[];[];[];[];[];[];1.0;0.0;0.0;1.0;0.0;0.0;903.0;709.0;mjoendalen if;fk vidar;;;
2026-05-10;194320529;Zimbabwe Premier Soccer League;Zimbabwe;10:00;Schedule;;1.975;1.5, 2.0;1.825;1.5, 2.0;0.0;0.0;;0.0;0.0;0.0;0.0;0.0;;Highlanders FC;;0.0;0.0;;0;0.0;0 - 0;;Triangle United;;0.0;0.0;;0;0.0;-0.25;0 - 0;0-0;1.75;0.75;-;nan;;;;;;;;;;;;;;;;0.0;0.0;0.0;0.0;;;0.0;0.0;0.0;0.0;;[];[];[];[];[];[];[];[];1.0;0.0;0.0;1.0;0.0;0.0;;;;;;;
2026-05-10;194320525;Zimbabwe Premier Soccer League;Zimbabwe;10:00;Schedule;0.017316017316017285;;;;;0.0;0.0;;0.0;0.0;0.0;0.0;0.0;;Dynamos FC;;0.0;0.0;2.625;0;0.0;0 - 0;2.625;CAPS United;;0.0;0.0;2.75;0;0.0;nan;0 - 0;0-0;;nan;-;nan;;;;;;;;;;;;;;;;0.0;0.0;0.0;0.0;;;0.0;0.0;0.0;0.0;;[];[];[];[];[];[];[];[];1.0;0.0;0.0;1.0;0.0;0.0;;;;;;;
2026-05-10;194320522;Uzbekistan Cup;Uzbekistan;10:00;Schedule;0.5341614906832299;;;;;0.0;0.0;;0.0;0.0;0.0;0.0;0.0;;Dinamo Samarqand;;0.0;0.0;1.38;0;0.0;0 - 0;5.0;Gazalkent;;0.0;0.0;5.25;0;0.0;nan;0 - 0;0-0;;nan;-;nan;;;;;;;;;;;;;;;;0.0;0.0;0.0;0.0;;;0.0;0.0;0.0;0.0;;[];[];[];[];[];[];[];[];1.0;0.0;0.0;1.0;0.0;0.0;;;;;;;
2026-05-10;194292572;Norway Division 3 Group 6;Norway;10:00;Schedule;-0.11904761904761907;;;;;0.0;0.0;;0.0;0.0;0.0;0.0;0.0;;Fram;;0.0;0.0;2.625;0;0.0;0 - 0;4.2;Ørn Horten;;0.0;0.0;2.0;0;0.0;nan;0 - 0;0-0;;nan;-;nan;;;;;;;;;;;;;;;;0.0;0.0;0.0;0.0;;;0.0;0.0;0.0;0.0;;[];[];[];[];[];[];[];[];1.0;0.0;0.0;1.0;0.0;0.0;;;;;;;
2026-05-10;194319840;Tanzania Premier League;Tanzania;10:00;Schedule;0.25641025641025644;1.825;1.5, 2.0;1.975;1.5, 2.0;0.0;0.0;;0.0;0.0;0.0;0.0;0.0;;Pamba SC;;0.0;0.0;1.95;0;0.0;0 - 0;2.8;Dodoma Jiji FC;;0.0;0.0;3.9;0;0.0;-0.5;0 - 0;0-0;1.75;nan;-;nan;;;;;;;;;;;;;;;;0.0;0.0;0.0;0.0;;;0.0;0.0;0.0;0.0;;[];[];[];[];[];[];[];[];1.0;0.0;0.0;1.0;0.0;0.0;;;;;;;
2026-05-10;194279356;Norway Division 2 Group 2;Norway;10:00;Schedule;0.2698412698412699;1.9;3.0;1.9;3.0;0.0;0.0;;0.0;0.0;0.0;0.0;0.0;;Grorud;;0.0;0.0;1.8;0;0.0;0 - 0;3.7;Levanger;;0.0;0.0;3.5;0;0.0;-0.5;0 - 0;0-0;3.0;1.25;-;nan;;;;;;;;;;;;;;;;0.0;0.0;0.0;0.0;;;0.0;0.0;0.0;0.0;;[];[];[];[];[];[];[];[];1.0;0.0;0.0;1.0;0.0;0.0;7320.0;866.0;grorud il;levanger fk;;;
2026-05-10;193004722;Italy Serie A;Italy;10:00;Schedule;0.19841269841269837;1.85;2.0, 2.5;2.0;2.0, 2.5;0.0;0.0;;0.0;0.0;0.0;0.0;0.0;;Fiorentina;16.0;0.0;0.0;2.1;0;0.0;0 - 0;3.4;Genoa;14.0;0.0;0.0;3.6;0;0.0;-0.25;0 - 0;0-0;2.25;1.0;-;nan;;;;;;;;;;;;;;;;0.0;0.0;0.0;0.0;;;0.0;0.0;0.0;0.0;;[];[];[];[];[];[];[];[];1.0;0.0;0.0;1.0;0.0;0.0;2693.0;2713.0;acf fiorentina;genoa cfc;;;
2026-05-10;194298641;South Africa National Div 1;South Africa;10:00;Schedule;0.17316017316017313;1.9;2.0;1.9;2.0;0.0;0.0;;0.0;0.0;0.0;0.0;0.0;;The Bees FC;;0.0;0.0;2.1;0;0.0;0 - 0;2.9;Leicesterford City FC;;0.0;0.0;3.3;0;0.0;-0.25;0 - 0;0-0;2.0;0.75;-;nan;;;;;;;;;;;;;;;;0.0;0.0;0.0;0.0;;;0.0;0.0;0.0;0.0;;[];[];[];[];[];[];[];[];1.0;0.0;0.0;1.0;0.0;0.0;;;;;;;
2026-05-10;194298639;South Africa National Div 1;South Africa;10:00;Schedule;0.24255024255024266;1.9;2.0;1.9;2.0;0.0;0.0;;0.0;0.0;0.0;0.0;0.0;;Gomora United;;0.0;0.0;1.95;0;0.0;0 - 0;3.0;Kruger United;;0.0;0.0;3.7;0;0.0;-0.25;0 - 0;0-0;2.0;0.75;-;nan;;;;;;;;;;;;;;;;0.0;0.0;0.0;0.0;;;0.0;0.0;0.0;0.0;;[];[];[];[];[];[];[];[];1.0;0.0;0.0;1.0;0.0;0.0;;;;;;;
2026-05-10;194277542;Brazil Campeonato Mineiro U20;Brazil;10:00;Schedule;0.20032051282051289;1.95;2.5;1.85;2.5;0.0;0.0;;0.0;0.0;0.0;0.0;0.0;;Atletico Mineiro U20;;0.0;0.0;1.95;0;0.0;0 - 0;3.5;America MG U20;;0.0;0.0;3.2;0;0.0;-0.5;0 - 0;0-0;2.5;1.0;-;nan;;;;;;;;;;;;;;;;0.0;0.0;0.0;0.0;;;0.0;0.0;0.0;0.0;;[];[];[];[];[];[];[];[];1.0;0.0;0.0;1.0;0.0;0.0;1977.0;1973.0;atletico mineiro mg;america fc mg;;;Youth
2026-05-10;194264851;France U19 League;France;10:00;Schedule;0.4417894050193979;1.975;3.0;1.825;3.0;0.0;0.0;;0.0;0.0;0.0;0.0;0.0;;Lille U19;;0.0;0.0;1.533;0;0.0;0 - 0;4.0;C'Chartres U19;;0.0;0.0;4.75;0;0.0;-0.75;0 - 0;0-0;3.0;1.25;-;nan;;;;;;;;;;;;;;;;0.0;0.0;0.0;0.0;;;0.0;0.0;0.0;0.0;;[];[];[];[];[];[];[];[];1.0;0.0;0.0;1.0;0.0;0.0;1643.0;;lille osc;;;;Youth
2026-05-10;194268557;Belgium Second Amateur Division Play-Offs;Belgium;10:00;Schedule;0.11255411255411252;2.0;3.0;1.8;3.0;0.0;0.0;;0.0;0.0;0.0;0.0;0.0;;FC Flenu;;0.0;0.0;2.1;0;0.0;0 - 0;3.7;Stade Vervietois;;0.0;0.0;2.75;0;0.0;-0.25;0 - 0;0-0;3.0;1.25;-;nan;;;;;;;;;;;;;;;;0.0;0.0;0.0;0.0;;;0.0;0.0;0.0;0.0;;[];[];[];[];[];[];[];[];1.0;0.0;0.0;1.0;0.0;0.0;;;;;;;
2026-05-10;194264844;France U19 League;France;10:00;Schedule;0.45614035087719296;1.875;3.5;1.925;3.5;0.0;0.0;;0.0;0.0;0.0;0.0;0.0;;Troyes U19;;0.0;0.0;1.5;0;0.0;0 - 0;4.333;FC 93 Bobigny U19;;0.0;0.0;4.75;0;0.0;-1.0;0 - 0;0-0;3.5;1.5;-;nan;;;;;;;;;;;;;;;;0.0;0.0;0.0;0.0;;;0.0;0.0;0.0;0.0;;[];[];[];[];[];[];[];[];1.0;0.0;0.0;1.0;0.0;0.0;1652.0;;estac troyes;;;;Youth
2026-05-10;194273920;France U19 League;France;10:00;Schedule;-0.504225352112676;1.95;3.5;1.85;3.5;0.0;0.0;;0.0;0.0;0.0;0.0;0.0;;Vertou U19;;0.0;0.0;5.0;0;0.0;0 - 0;4.5;Guingamp U19;;0.0;0.0;1.42;0;0.0;1.25;0 - 0;0-0;3.5;1.5;-;nan;;;;;;;;;;;;;;;;0.0;0.0;0.0;0.0;;;0.0;0.0;0.0;0.0;;[];[];[];[];[];[];[];[];1.0;0.0;0.0;1.0;0.0;0.0;;1654.0;;ea guingamp;;;Youth
2026-05-10;194262377;Cameroon Elite One;Cameroon;10:00;Schedule;-0.26777595926532094;1.8;2.0, 2.5;2.0;2.0, 2.5;0.0;0.0;;0.0;0.0;0.0;0.0;0.0;;AS Fortuna Mfou;13.0;0.0;0.0;3.6;0;0.0;0 - 0;3.4;FC Gazelle;7.0;0.0;0.0;1.833;0;0.0;0.5;0 - 0;0-0;2.25;1.0;-;nan;;;;;;;;;;;;;;;;0.0;0.0;0.0;0.0;;;0.0;0.0;0.0;0.0;;[];[];[];[];[];[];[];[];1.0;0.0;0.0;1.0;0.0;0.0;;;;;;;
2026-05-10;193330200;Slovenia Prva Liga;Slovenia;10:00;Schedule;-0.016666666666666663;1.95;2.5, 3.0;1.85;2.5, 3.0;0.0;0.0;;0.0;0.0;0.0;0.0;0.0;;ND Primorje;;0.0;0.0;2.5;0;0.0;0 - 0;3.4;NS Mura;;0.0;0.0;2.4;0;0.0;0.0;0 - 0;0-0;2.75;1.0;-;nan;;;;;;;;;;;;;;;;0.0;0.0;0.0;0.0;;;0.0;0.0;0.0;0.0;;[];[];[];[];[];[];[];[];1.0;0.0;0.0;1.0;0.0;0.0;2414.0;2410.0;primorje ajdovscina;mura murska sobota;;;
2026-05-10;194273930;France U19 League;France;10:00;Schedule;-0.4057502538142655;1.85;3.0;1.95;3.0;0.0;0.0;;0.0;0.0;0.0;0.0;0.0;;Balma SC U19;;0.0;0.0;4.333;0;0.0;0 - 0;4.1;Monaco U19;;0.0;0.0;1.571;0;0.0;0.5;0 - 0;0-0;3.0;1.25;-;nan;;;;;;;;;;;;;;;;0.0;0.0;0.0;0.0;;;0.0;0.0;0.0;0.0;;[];[];[];[];[];[];[];[];1.0;0.0;0.0;1.0;0.0;0.0;;1653.0;;as monaco;;;Youth
2026-05-10;194273926;France U19 League;France;10:00;Schedule;0.47567567567567565;1.975;3.0, 3.5;1.825;3.0, 3.5;0.0;0.0;;0.0;0.0;0.0;0.0;0.0;;Montpellier U19;;0.0;0.0;1.48;0;0.0;0 - 0;4.2;Cavigal Nice U19;;0.0;0.0;5.0;0;0.0;-1.0;0 - 0;0-0;3.25;1.25;-;nan;;;;;;;;;;;;;;;;0.0;0.0;0.0;0.0;;;0.0;0.0;0.0;0.0;;[];[];[];[];[];[];[];[];1.0;0.0;0.0;1.0;0.0;0.0;1642.0;;montpellier hsc;;;;Youth
2026-05-10;194273924;France U19 League;France;10:00;Schedule;-0.00438596491228066;1.9;3.0;1.9;3.0;0.0;0.0;;0.0;0.0;0.0;0.0;0.0;;SC Air Bel U19;;0.0;0.0;2.4;0;0.0;0 - 0;3.6;Toulouse U19;;0.0;0.0;2.375;0;0.0;0.0;0 - 0;0-0;3.0;1.25;-;nan;;;;;;;;;;;;;;;;0.0;0.0;0.0;0.0;;;0.0;0.0;0.0;0.0;;[];[];[];[];[];[];[];[];1.0;0.0;0.0;1.0;0.0;0.0;;1681.0;;toulouse fc;;;Youth
2026-05-10;194273922;France U19 League;France;10:00;Schedule;0.4991789819376027;2.0;3.0, 3.5;1.8;3.0, 3.5;0.0;0.0;;0.0;0.0;0.0;0.0;0.0;;Stade Briochin U19;;0.0;0.0;1.45;0;0.0;0 - 0;4.0;Avranches U19;;0.0;0.0;5.25;0;0.0;-1.0;0 - 0;0-0;3.25;1.25;-;nan;;;;;;;;;;;;;;;;0.0;0.0;0.0;0.0;;;0.0;0.0;0.0;0.0;;[];[];[];[];[];[];[];[];1.0;0.0;0.0;1.0;0.0;0.0;236320.0;;stade briochin;;;;Youth
2026-05-10;194271800;Brazil Campeonato Mineiro U20;Brazil;10:00;Schedule;0.47049753899068975;1.85;2.0, 2.5;1.95;2.0, 2.5;0.0;0.0;;0.0;0.0;0.0;0.0;0.0;;Sao Joao del Rei U20;;0.0;0.0;1.533;0;0.0;0 - 0;3.6;Uberabinha U20;;0.0;0.0;5.5;0;0.0;-1.0;0 - 0;0-0;2.25;1.0;-;nan;;;;;;;;;;;;;;;;0.0;0.0;0.0;0.0;;;0.0;0.0;0.0;0.0;;[];[];[];[];[];[];[];[];1.0;0.0;0.0;1.0;0.0;0.0;;;;;;;Youth
2026-05-10;194273918;France U19 League;France;10:00;Schedule;-0.34346976758494446;1.95;3.5;1.85;3.5;0.0;0.0;;0.0;0.0;0.0;0.0;0.0;;AFC Creil U19;;0.0;0.0;3.9;0;0.0;0 - 0;3.8;Valenciennes U19;;0.0;0.0;1.667;0;0.0;1.75;0 - 0;0-0;3.5;1.5;-;nan;;;;;;;;;;;;;;;;0.0;0.0;0.0;0.0;;;0.0;0.0;0.0;0.0;;[];[];[];[];[];[];[];[];1.0;0.0;0.0;1.0;0.0;0.0;;5061.0;;valenciennes fc;;;Youth
2026-05-10;194273859;Women’s Friendly;International (World);10:00;Schedule;-0.23284823284823275;1.975;3.0;1.825;3.0;0.0;0.0;;0.0;0.0;0.0;0.0;0.0;;Cliftonville LFC (W);;0.0;0.0;3.25;0;0.0;0 - 0;3.75;Athlone Town (W);;0.0;0.0;1.85;0;0.0;0.5;0 - 0;0-0;3.0;1.25;-;nan;;;;;;;;;;;;;;;;0.0;0.0;0.0;0.0;;;0.0;0.0;0.0;0.0;;[];[];[];[];[];[];[];[];1.0;0.0;0.0;1.0;0.0;0.0;;3198.0;;athlone town afc;;;Women
2026-05-10;194260578;France U19 League;France;10:00;Schedule;-0.7551145977541917;2.0;3.5;1.8;3.5;0.0;0.0;;0.0;0.0;0.0;0.0;0.0;;Beaucouze U19;;0.0;0.0;11.0;0;0.0;0 - 0;6.25;Nantes U19;;0.0;0.0;1.182;0;0.0;2.0;0 - 0;0-0;3.5;1.5;-;nan;;;;;;;;;;;;;;;;0.0;0.0;0.0;0.0;;;0.0;0.0;0.0;0.0;;[];[];[];[];[];[];[];[];1.0;0.0;0.0;1.0;0.0;0.0;;1647.0;;fc nantes;;;Youth
2026-05-10;194274222;Estonia Esiliiga B;Estonia;10:00;Schedule;0.13636363636363635;1.975;4.0, 4.5;1.825;4.0, 4.5;0.0;0.0;;0.0;0.0;0.0;0.0;0.0;;FA Kalev Tartu;;0.0;0.0;2.0;0;0.0;0 - 0;4.0;Parnu JK Vaprus II;;0.0;0.0;2.75;0;0.0;-0.25;0 - 0;0-0;4.25;1.75;-;nan;;;;;;;;;;;;;;;;0.0;0.0;0.0;0.0;;;0.0;0.0;0.0;0.0;;[];[];[];[];[];[];[];[];1.0;0.0;0.0;1.0;0.0;0.0;;318005.0;;parnu jk vaprus;;;Youth
2026-05-10;194273283;Czechia 4. Liga;Czech Republic;10:00;Schedule;0.04638218923933213;2.0;3.0, 3.5;1.8;3.0, 3.5;0.0;0.0;;0.0;0.0;0.0;0.0;0.0;;Slovan Hradek nad Nisou;;0.0;0.0;2.2;0;0.0;0 - 0;4.0;FK Brandys nad Labem;;0.0;0.0;2.45;0;0.0;0.0;0 - 0;0-0;3.25;1.25;-;nan;;;;;;;;;;;;;;;;0.0;0.0;0.0;0.0;;;0.0;0.0;0.0;0.0;;[];[];[];[];[];[];[];[];1.0;0.0;0.0;1.0;0.0;0.0;;;;;;;
2026-05-10;194260558;France U19 League;France;10:00;Schedule;0.05982905982905984;1.8;2.5, 3.0;2.0;2.5, 3.0;0.0;0.0;;0.0;0.0;0.0;0.0;0.0;;US Orleans U19;;0.0;0.0;2.25;0;0.0;0 - 0;3.5;Dunkerque U19;;0.0;0.0;2.6;0;0.0;0.0;0 - 0;0-0;2.75;1.25;-;nan;;;;;;;;;;;;;;;;0.0;0.0;0.0;0.0;;;0.0;0.0;0.0;0.0;;[];[];[];[];[];[];[];[];1.0;0.0;0.0;1.0;0.0;0.0;6921.0;6918.0;us orleans;usl dunkerque;;;Youth
2026-05-10;194264172;Ethiopia Premier League;Ethiopia;10:00;Schedule;0.23333333333333334;1.85;1.5, 2.0;1.95;1.5, 2.0;0.0;0.0;;0.0;0.0;0.0;0.0;0.0;;Bahir Dar Kenema FC;8.0;0.0;0.0;2.0;0;0.0;0 - 0;2.875;Welwalo Adigrat;16.0;0.0;0.0;3.75;0;0.0;-0.25;0 - 0;0-0;1.75;0.75;-;nan;;;;;;;;;;;;;;;;0.0;0.0;0.0;0.0;;;0.0;0.0;0.0;0.0;;[];[];[];[];[];[];[];[];1.0;0.0;0.0;1.0;0.0;0.0;;;;;;;
2026-05-10;194264177;Ethiopia Premier League;Ethiopia;10:00;Schedule;-0.020979020979020935;1.975;1.5, 2.0;1.825;1.5, 2.0;0.0;0.0;;0.0;0.0;0.0;0.0;0.0;;Arba Minch Kenema;;0.0;0.0;2.75;0;0.0;0 - 0;2.75;Wolaita Dicha;;0.0;0.0;2.6;0;0.0;0.0;0 - 0;0-0;1.75;0.75;-;nan;;;;;;;;;;;;;;;;0.0;0.0;0.0;0.0;;;0.0;0.0;0.0;0.0;;[];[];[];[];[];[];[];[];1.0;0.0;0.0;1.0;0.0;0.0;;;;;;;
2026-05-10;194273916;France U19 League;France;10:00;Schedule;0.21381578947368418;2.0;3.0, 3.5;1.8;3.0, 3.5;0.0;0.0;;0.0;0.0;0.0;0.0;0.0;;US Quevilly U19;;0.0;0.0;1.9;0;0.0;0 - 0;3.6;AAS Sarcelles U19;;0.0;0.0;3.2;0;0.0;-1.25;0 - 0;0-0;3.25;1.25;-;nan;;;;;;;;;;;;;;;;0.0;0.0;0.0;0.0;;;0.0;0.0;0.0;0.0;;[];[];[];[];[];[];[];[];1.0;0.0;0.0;1.0;0.0;0.0;233162.0;;quevilly-rouen metropole;;;;Youth
2026-05-10;194264847;France U19 League;France;10:00;Schedule;0.025531914893617003;1.8;2.5, 3.0;2.0;2.5, 3.0;0.0;0.0;;0.0;0.0;0.0;0.0;0.0;;Paris FC U19;;0.0;0.0;2.35;0;0.0;0 - 0;3.5;Amiens U19;;0.0;0.0;2.5;0;0.0;0.0;0 - 0;0-0;2.75;1.25;-;nan;;;;;;;;;;;;;;;;0.0;0.0;0.0;0.0;;;0.0;0.0;0.0;0.0;;[];[];[];[];[];[];[];[];1.0;0.0;0.0;1.0;0.0;0.0;6070.0;1676.0;paris fc;amiens sc;;;Youth
2026-05-10;194264842;France U19 League;France;10:00;Schedule;0.14297729184188396;1.975;3.0;1.825;3.0;0.0;0.0;;0.0;0.0;0.0;0.0;0.0;;Nice U19;;0.0;0.0;2.05;0;0.0;0 - 0;3.6;Saint Etienne U19;;0.0;0.0;2.9;0;0.0;-0.25;0 - 0;0-0;3.0;1.25;-;nan;;;;;;;;;;;;;;;;0.0;0.0;0.0;0.0;;;0.0;0.0;0.0;0.0;;[];[];[];[];[];[];[];[];1.0;0.0;0.0;1.0;0.0;0.0;1661.0;;ogc nice;;;;Youth
2026-05-10;194268332;Czechia First League;Czech Republic;10:00;Schedule;0.2738738738738738;1.95;2.5, 3.0;1.85;2.5, 3.0;0.0;0.0;;0.0;0.0;0.0;0.0;0.0;;Sigma Olomouc;;0.0;0.0;1.85;0;0.0;0 - 0;3.4;Bohemians 1905;;0.0;0.0;3.75;0;0.0;-0.5;0 - 0;0-0;2.75;1.25;-;nan;;;;;;;;;;;;;;;;0.0;0.0;0.0;0.0;;;0.0;0.0;0.0;0.0;;[];[];[];[];[];[];[];[];1.0;0.0;0.0;1.0;0.0;0.0;2207.0;6064.0;sk sigma olomouc;bohemians prague 1905;;;
2026-05-10;194268884;Belgium First Amateur Division;Belgium;10:00;Schedule;0.6092307692307691;1.975;3.0, 3.5;1.825;3.0, 3.5;0.0;0.0;;0.0;0.0;0.0;0.0;0.0;;Excelsior Virton;;0.0;0.0;1.3;0;0.0;0 - 0;5.5;RSC Habay;;0.0;0.0;6.25;0;0.0;-1.5;0 - 0;0-0;3.25;1.25;-;nan;;;;;;;;;;;;;;;;0.0;0.0;0.0;0.0;;;0.0;0.0;0.0;0.0;;[];[];[];[];[];[];[];[];1.0;0.0;0.0;1.0;0.0;0.0;;;;;;;
2026-05-10;194268660;Sweden Damallsvenskan;Sweden;10:00;Schedule;-0.20032051282051289;1.875;2.5, 3.0;1.925;2.5, 3.0;0.0;0.0;;0.0;0.0;0.0;0.0;0.0;;IK Uppsala (W);;0.0;0.0;3.2;0;0.0;0 - 0;3.5;Vittsjö GIK (W);;0.0;0.0;1.95;0;0.0;0.5;0 - 0;0-0;2.75;1.25;-;nan;;;;;;;;;;;;;;;;0.0;0.0;0.0;0.0;;;0.0;0.0;0.0;0.0;;[];[];[];[];[];[];[];[];1.0;0.0;0.0;1.0;0.0;0.0;;;;;;;Women
2026-05-10;194264834;France U19 League;France;10:00;Schedule;-0.15517241379310343;1.85;3.0;1.95;3.0;0.0;0.0;;0.0;0.0;0.0;0.0;0.0;;Dijon U19;;0.0;0.0;2.9;0;0.0;0 - 0;3.7;Auxerre U19;;0.0;0.0;2.0;0;0.0;0.0;0 - 0;0-0;3.0;1.25;-;nan;;;;;;;;;;;;;;;;0.0;0.0;0.0;0.0;;;0.0;0.0;0.0;0.0;;[];[];[];[];[];[];[];[];1.0;0.0;0.0;1.0;0.0;0.0;477222.0;1646.0;dijon fco;aj auxerre;;;Youth
2026-05-10;194268569;Belgium Second Amateur Division Play-Offs;Belgium;10:00;Schedule;-0.08417508417508418;1.85;3.0;1.95;3.0;0.0;0.0;;0.0;0.0;0.0;0.0;0.0;;Rupel Boom FC;;0.0;0.0;2.7;0;0.0;0 - 0;3.5;KLSK Londerzeel;;0.0;0.0;2.2;0;0.0;0.25;0 - 0;0-0;3.0;1.25;-;nan;;;;;;;;;;;;;;;;0.0;0.0;0.0;0.0;;;0.0;0.0;0.0;0.0;;[];[];[];[];[];[];[];[];1.0;0.0;0.0;1.0;0.0;0.0;;;;;;;
2026-05-10;194266883;Italy Serie D Play-Offs;Italy;10:00;Schedule;0.14253563390847712;2.0;2.0, 2.5;1.8;2.0, 2.5;0.0;0.0;;0.0;0.0;0.0;0.0;0.0;;Monastir;;0.0;0.0;2.15;0;0.0;0 - 0;3.1;ASD Flaminia Civita Castellana;;0.0;0.0;3.1;0;0.0;-0.25;0 - 0;0-0;2.25;0.75;-;nan;;;;;;;;;;;;;;;;0.0;0.0;0.0;0.0;;;0.0;0.0;0.0;0.0;;[];[];[];[];[];[];[];[];1.0;0.0;0.0;1.0;0.0;0.0;;;;;;;
2026-05-10;194266520;Paraguay Division Intermedia;Paraguay;10:00;Schedule;-0.055161544523246675;1.9;2.0, 2.5;1.9;2.0, 2.5;0.0;0.0;;0.0;0.0;0.0;0.0;0.0;;Deportivo Capiata;;0.0;0.0;2.7;0;0.0;0 - 0;3.1;General Caballero JLM;;0.0;0.0;2.35;0;0.0;0.0;0 - 0;0-0;2.25;1.0;-;nan;;;;;;;;;;;;;;;;0.0;0.0;0.0;0.0;;;0.0;0.0;0.0;0.0;;[];[];[];[];[];[];[];[];1.0;0.0;0.0;1.0;0.0;0.0;;;;;;;
2026-05-10;194267347;South Africa National Div 1;South Africa;10:00;Schedule;0.5714285714285714;1.8;2.0, 2.5;2.0;2.0, 2.5;0.0;0.0;;0.0;0.0;0.0;0.0;0.0;;Cape Town City;;0.0;0.0;1.4;0;0.0;0 - 0;3.9;Baroka FC;;0.0;0.0;7.0;0;0.0;-1.25;0 - 0;0-0;2.25;1.0;-;nan;;;;;;;;;;;;;;;;0.0;0.0;0.0;0.0;;;0.0;0.0;0.0;0.0;;[];[];[];[];[];[];[];[];1.0;0.0;0.0;1.0;0.0;0.0;;;;;;;
2026-05-10;194268560;Belgium Second Amateur Division Play-Offs;Belgium;10:00;Schedule;0.10797342192691028;1.85;3.0, 3.5;1.95;3.0, 3.5;0.0;0.0;;0.0;0.0;0.0;0.0;0.0;;KRC Harelbeke;;0.0;0.0;2.15;0;0.0;0 - 0;3.4;Zulte-Waregem II;;0.0;0.0;2.8;0;0.0;-0.25;0 - 0;0-0;3.25;1.25;-;nan;;;;;;;;;;;;;;;;0.0;0.0;0.0;0.0;;;0.0;0.0;0.0;0.0;;[];[];[];[];[];[];[];[];1.0;0.0;0.0;1.0;0.0;0.0;;2933.0;;sv zulte waregem;;;Youth-Women
2026-05-10;194266515;Paraguay Division Intermedia;Paraguay;10:00;Schedule;0.15360983102918585;1.975;2.0, 2.5;1.825;2.0, 2.5;0.0;0.0;;0.0;0.0;0.0;0.0;0.0;;Club Dr Benjamin Aceval;7.0;0.0;0.0;2.1;0;0.0;0 - 0;3.1;Encarnacion FC;9.0;0.0;0.0;3.1;0;0.0;-0.25;0 - 0;0-0;2.25;1.0;-;nan;;;;;;;;;;;;;;;;0.0;0.0;0.0;0.0;;;0.0;0.0;0.0;0.0;;[];[];[];[];[];[];[];[];1.0;0.0;0.0;1.0;0.0;0.0;;;;;;;
2026-05-10;194267974;Scotland Premier League Women;Scotland;10:00;Schedule;-0.9414620217018846;1.975;4.0, 4.5;1.825;4.0, 4.5;0.0;0.0;;0.0;0.0;0.0;0.0;0.0;;Partick Thistle (W);;0.0;0.0;34.0;0;0.0;0 - 0;19.0;Rangers (W);;0.0;0.0;1.03;0;0.0;3.5;0 - 0;0-0;4.25;1.75;-;nan;;;;;;;;;;;;;;;;0.0;0.0;0.0;0.0;;;0.0;0.0;0.0;0.0;;[];[];[];[];[];[];[];[];1.0;0.0;0.0;1.0;0.0;0.0;;2351.0;;glasgow rangers;;;Women
2026-05-10;194267979;Scotland Premier League Women;Scotland;10:00;Schedule;-0.05454545454545451;;;;;0.0;0.0;;0.0;0.0;0.0;0.0;0.0;;Montrose LFC (W);;0.0;0.0;2.5;0;0.0;0 - 0;3.9;Motherwell (W);;0.0;0.0;2.2;0;0.0;nan;0 - 0;0-0;;nan;-;nan;;;;;;;;;;;;;;;;0.0;0.0;0.0;0.0;;;0.0;0.0;0.0;0.0;;[];[];[];[];[];[];[];[];1.0;0.0;0.0;1.0;0.0;0.0;;2346.0;;motherwell fc;;;Women
2026-05-10;194267985;Scotland Premier League Women;Scotland;10:00;Schedule;0.7283766298397532;1.85;3.5;1.95;3.5;0.0;0.0;;0.0;0.0;0.0;0.0;0.0;;Aberdeen (W);;0.0;0.0;1.182;0;0.0;0 - 0;7.0;Hamilton (W);;0.0;0.0;8.5;0;0.0;-2.0;0 - 0;0-0;3.5;1.5;-;nan;;;;;;;;;;;;;;;;0.0;0.0;0.0;0.0;;;0.0;0.0;0.0;0.0;;[];[];[];[];[];[];[];[];1.0;0.0;0.0;1.0;0.0;0.0;2355.0;2376.0;aberdeen fc;hamilton academical fc;;;Women
2026-05-10;194267994;Scotland Premier League Women;Scotland;10:00;Schedule;-0.0444444444444444;1.95;3.0;1.85;3.0;0.0;0.0;;0.0;0.0;0.0;0.0;0.0;;Celtic (W);;0.0;0.0;2.5;0;0.0;0 - 0;3.75;Hearts (W);;0.0;0.0;2.25;0;0.0;0.0;0 - 0;0-0;3.0;1.25;-;nan;;;;;;;;;;;;;;;;0.0;0.0;0.0;0.0;;;0.0;0.0;0.0;0.0;;[];[];[];[];[];[];[];[];1.0;0.0;0.0;1.0;0.0;0.0;2352.0;2353.0;celtic glasgow;heart of midlothian fc;;;Women
2026-05-10;194268328;Czechia First League;Czech Republic;10:00;Schedule;0.1923076923076923;1.9;2.5, 3.0;1.9;2.5, 3.0;0.0;0.0;;0.0;0.0;0.0;0.0;0.0;;Pardubice;;0.0;0.0;2.0;0;0.0;0 - 0;3.5;MFK Karvina;;0.0;0.0;3.25;0;0.0;-0.5;0 - 0;0-0;2.75;1.25;-;nan;;;;;;;;;;;;;;;;0.0;0.0;0.0;0.0;;;0.0;0.0;0.0;0.0;;[];[];[];[];[];[];[];[];1.0;0.0;0.0;1.0;0.0;0.0;2230.0;23951.0;fk pardubice;mfk karvina;;;
2026-05-10;194266007;Zambia Cup;Zambia;10:00;Schedule;0.0331262939958592;1.95;1.5, 2.0;1.85;1.5, 2.0;0.0;0.0;;0.0;0.0;0.0;0.0;0.0;;Power Dynamos;;0.0;0.0;2.625;0;0.0;0 - 0;2.6;Red Arrows FC;;0.0;0.0;2.875;0;0.0;0.0;0 - 0;0-0;1.75;0.75;-;nan;;;;;;;;;;;;;;;;0.0;0.0;0.0;0.0;;;0.0;0.0;0.0;0.0;;[];[];[];[];[];[];[];[];1.0;0.0;0.0;1.0;0.0;0.0;;;;;;;
2026-05-10;194266002;Uzbekistan Cup;Uzbekistan;10:00;Schedule;0.367965367965368;1.8;2.5;2.0;2.5;0.0;0.0;;0.0;0.0;0.0;0.0;0.0;;AGMK;;0.0;0.0;1.65;0;0.0;0 - 0;3.7;Metallurg Bekabad;;0.0;0.0;4.2;0;0.0;-0.75;0 - 0;0-0;2.5;1.0;-;nan;;;;;;;;;;;;;;;;0.0;0.0;0.0;0.0;;;0.0;0.0;0.0;0.0;;[];[];[];[];[];[];[];[];1.0;0.0;0.0;1.0;0.0;0.0;;;;;;;
2026-05-10;194267349;South Africa National Div 1;South Africa;10:00;Schedule;0.15261627906976744;1.825;2.0;1.975;2.0;0.0;0.0;;0.0;0.0;0.0;0.0;0.0;;Midlands Wanderers FC;;0.0;0.0;2.15;0;0.0;0 - 0;2.9;Lerumo Lions;;0.0;0.0;3.2;0;0.0;-0.25;0 - 0;0-0;2.0;0.75;-;nan;;;;;;;;;;;;;;;;0.0;0.0;0.0;0.0;;;0.0;0.0;0.0;0.0;;[];[];[];[];[];[];[];[];1.0;0.0;0.0;1.0;0.0;0.0;;;;;;;
2026-05-10;193000807;Germany Bundesliga I;Germany;10:30;Schedule;-0.01904761904761909;1.825;2.5, 3.0;2.025;2.5, 3.0;0.0;0.0;;0.0;0.0;0.0;0.0;0.0;;Hamburg;12.0;0.0;0.0;2.625;0;0.0;0 - 0;3.6;SC Freiburg;7.0;0.0;0.0;2.5;0;0.0;0.0;0 - 0;0-0;2.75;1.25;-;nan;;;;;;;;;;;;;;;;0.0;0.0;0.0;0.0;;;0.0;0.0;0.0;0.0;;[];[];[];[];[];[];[];[];1.0;0.0;0.0;1.0;0.0;0.0;2676.0;2538.0;hamburger sv;sc freiburg;;;
2026-05-10;194276573;Italy Eccellenza;Italy;10:30;Schedule;0.1122019635343619;2.0;2.0;1.8;2.0;0.0;0.0;;0.0;0.0;0.0;0.0;0.0;;ASD Calvairate;;0.0;0.0;2.3;0;0.0;0 - 0;2.8;RC Codogno;;0.0;0.0;3.1;0;0.0;-0.25;0 - 0;0-0;2.0;0.75;-;nan;;;;;;;;;;;;;;;;0.0;0.0;0.0;0.0;;;0.0;0.0;0.0;0.0;;[];[];[];[];[];[];[];[];1.0;0.0;0.0;1.0;0.0;0.0;;;;;;;
2026-05-10;194274534;France Cup Women;France;10:30;Schedule;-0.5107025938050869;1.8;3.0;2.0;3.0;0.0;0.0;;0.0;0.0;0.0;0.0;0.0;;PSG (W);;0.0;0.0;5.5;0;0.0;0 - 0;4.2;OL Lyonnes (W);;0.0;0.0;1.444;0;0.0;1.25;0 - 0;0-0;3.0;1.25;-;nan;;;;;;;;;;;;;;;;0.0;0.0;0.0;0.0;;;0.0;0.0;0.0;0.0;;[];[];[];[];[];[];[];[];1.0;0.0;0.0;1.0;0.0;0.0;1644.0;1649.0;paris saint-germain;olympique lyon;;;Women
2026-05-10;194317939;Poland Youth League;Poland;10:30;Schedule;-0.027777777777777735;2.0;3.5, 4.0;1.8;3.5, 4.0;0.0;0.0;;0.0;0.0;0.0;0.0;0.0;;Jagiellonia Bialystok U19;;0.0;0.0;2.4;0;0.0;0 - 0;4.0;Zaglebie Lubin U19;;0.0;0.0;2.25;0;0.0;0.0;0 - 0;0-0;3.75;1.5;-;nan;;;;;;;;;;;;;;;;0.0;0.0;0.0;0.0;;;0.0;0.0;0.0;0.0;;[];[];[];[];[];[];[];[];1.0;0.0;0.0;1.0;0.0;0.0;7691.0;3113.0;jagiellonia bialystok;zaglebie lubin;;;Youth
2026-05-10;194266840;Portugal Campeonato Nacional Women;Portugal;10:45;Schedule;-0.6624015748031495;1.85;2.5, 3.0;1.95;2.5, 3.0;0.0;0.0;;0.0;0.0;0.0;0.0;0.0;;Rio Ave (W);;0.0;0.0;8.0;0;0.0;0 - 0;5.0;Benfica (W);;0.0;0.0;1.27;0;0.0;1.5;0 - 0;0-0;2.75;1.25;-;nan;;;;;;;;;;;;;;;;0.0;0.0;0.0;0.0;;;0.0;0.0;0.0;0.0;;[];[];[];[];[];[];[];[];1.0;0.0;0.0;1.0;0.0;0.0;3036.0;3006.0;rio ave fc;sl benfica;;;Women
2026-05-10;194262319;Bulgaria First League;Bulgaria;10:45;Schedule;0.1620859760394644;1.8;2.5;2.0;2.5;0.0;0.0;;0.0;0.0;0.0;0.0;0.0;;Botev Vratsa;;0.0;0.0;2.15;0;0.0;0 - 0;3.5;Septemvri Sofia;;0.0;0.0;3.3;0;0.0;-0.25;0 - 0;0-0;2.5;1.0;-;nan;;;;;;;;;;;;;;;;0.0;0.0;0.0;0.0;;;0.0;0.0;0.0;0.0;;[];[];[];[];[];[];[];[];1.0;0.0;0.0;1.0;0.0;0.0;36938.0;214054.0;pofc botev vratsa;fk septemvri sofia;;;
2026-05-10;194266737;Portugal Liga 3;Portugal;10:45;Schedule;0.4155844155844156;1.9;2.0, 2.5;1.9;2.0, 2.5;0.0;0.0;;0.0;0.0;0.0;0.0;0.0;;Amarante;;0.0;0.0;1.65;0;0.0;0 - 0;3.2;UD Santarem;;0.0;0.0;5.25;0;0.0;-0.75;0 - 0;0-0;2.25;1.0;-;nan;;;;;;;;;;;;;;;;0.0;0.0;0.0;0.0;;;0.0;0.0;0.0;0.0;;[];[];[];[];[];[];[];[];1.0;0.0;0.0;1.0;0.0;0.0;;;;;;;
2026-05-10;194266835;Portugal Campeonato Nacional Women;Portugal;10:45;Schedule;0.5476190476190477;1.9;2.5, 3.0;1.9;2.5, 3.0;0.0;0.0;;0.0;0.0;0.0;0.0;0.0;;Sporting (W);;0.0;0.0;1.4;0;0.0;0 - 0;4.333;Racing Power (W);;0.0;0.0;6.0;0;0.0;-1.25;0 - 0;0-0;2.75;1.25;-;nan;;;;;;;;;;;;;;;;0.0;0.0;0.0;0.0;;;0.0;0.0;0.0;0.0;;[];[];[];[];[];[];[];[];1.0;0.0;0.0;1.0;0.0;0.0;3001.0;;sporting cp;;;;Women
2026-05-10;194266838;Portugal Campeonato Nacional Women;Portugal;10:45;Schedule;-0.3884080628255044;1.95;2.5, 3.0;1.85;2.5, 3.0;0.0;0.0;;0.0;0.0;0.0;0.0;0.0;;Maritimo (W);;0.0;0.0;4.333;0;0.0;0 - 0;3.8;Valadares Gaia FC (W);;0.0;0.0;1.615;0;0.0;0.75;0 - 0;0-0;2.75;1.25;-;nan;;;;;;;;;;;;;;;;0.0;0.0;0.0;0.0;;;0.0;0.0;0.0;0.0;;[];[];[];[];[];[];[];[];1.0;0.0;0.0;1.0;0.0;0.0;3007.0;;maritimo madeira;;;;Women
2026-05-10;194266845;Portugal Campeonato Nacional Women;Portugal;10:45;Schedule;0.765988938225442;2.0;3.0, 3.5;1.8;3.0, 3.5;0.0;0.0;;0.0;0.0;0.0;0.0;0.0;;Torreense (W);;0.0;0.0;1.167;0;0.0;0 - 0;7.0;SF Damaiense (W);;0.0;0.0;11.0;0;0.0;-2.0;0 - 0;0-0;3.25;1.25;-;nan;;;;;;;;;;;;;;;;0.0;0.0;0.0;0.0;;;0.0;0.0;0.0;0.0;;[];[];[];[];[];[];[];[];1.0;0.0;0.0;1.0;0.0;0.0;25787.0;;scu torreense;;;;Women
2026-05-10;194266843;Portugal Campeonato Nacional Women;Portugal;10:45;Schedule;0.4144736842105263;1.85;2.5;1.95;2.5;0.0;0.0;;0.0;0.0;0.0;0.0;0.0;;Braga (W);;0.0;0.0;1.6;0;0.0;0 - 0;3.6;Guimaraes (W);;0.0;0.0;4.75;0;0.0;-0.75;0 - 0;0-0;2.5;1.0;-;nan;;;;;;;;;;;;;;;;0.0;0.0;0.0;0.0;;;0.0;0.0;0.0;0.0;;[];[];[];[];[];[];[];[];1.0;0.0;0.0;1.0;0.0;0.0;2999.0;3009.0;sc braga;vitoria sc guimaraes;;;Women
2026-05-10;194274407;Finland Kolmonen;Finland;11:00;Schedule;-0.033492822966507185;1.85;4.0;1.95;4.0;0.0;0.0;;0.0;0.0;0.0;0.0;0.0;;VJS Vantaa II;;0.0;0.0;2.375;0;0.0;0 - 0;4.2;MPS/Atletico Malmi;;0.0;0.0;2.2;0;0.0;0.0;0 - 0;0-0;4.0;1.75;-;nan;;;;;;;;;;;;;;;;0.0;0.0;0.0;0.0;;;0.0;0.0;0.0;0.0;;[];[];[];[];[];[];[];[];1.0;0.0;0.0;1.0;0.0;0.0;283741.0;;vjs;;;;Youth
2026-05-10;194274826;Italy Serie D Play-Offs;Italy;11:00;Schedule;0.1313628899835796;1.9;2.0, 2.5;1.9;2.0, 2.5;0.0;0.0;;0.0;0.0;0.0;0.0;0.0;;Prato;;0.0;0.0;2.1;0;0.0;0 - 0;3.4;Siena;;0.0;0.0;2.9;0;0.0;-0.25;0 - 0;0-0;2.25;1.0;-;nan;;;;;;;;;;;;;;;;0.0;0.0;0.0;0.0;;;0.0;0.0;0.0;0.0;;[];[];[];[];[];[];[];[];1.0;0.0;0.0;1.0;0.0;0.0;;;;;;;
2026-05-10;193331380;Belgium First Division A;Belgium;11:00;Schedule;0.03779289493575205;1.95;2.5;1.85;2.5;0.0;0.0;;0.0;0.0;0.0;0.0;0.0;;Antwerp;10.0;0.0;0.0;2.45;0;0.0;0 - 0;3.2;Charleroi;11.0;0.0;0.0;2.7;0;0.0;0.0;0 - 0;0-0;2.5;1.0;-;nan;;;;;;;;;;;;;;;;0.0;0.0;0.0;0.0;;;0.0;0.0;0.0;0.0;;[];[];[];[];[];[];[];[];1.0;0.0;0.0;1.0;0.0;0.0;2889.0;2898.0;royal antwerp fc;royal charleroi sc;;;
2026-05-10;193331663;Estonia Meistriliiga;Estonia;11:00;Schedule;-0.3627847900293721;1.95;3.0, 3.5;1.85;3.0, 3.5;0.0;0.0;;0.0;0.0;0.0;0.0;0.0;;JK Nomme United;;0.0;0.0;3.9;0;0.0;0 - 0;4.1;Paide Linnameeskond;;0.0;0.0;1.615;0;0.0;0.75;0 - 0;0-0;3.25;1.25;-;nan;;;;;;;;;;;;;;;;0.0;0.0;0.0;0.0;;;0.0;0.0;0.0;0.0;;[];[];[];[];[];[];[];[];1.0;0.0;0.0;1.0;0.0;0.0;37572.0;32476.0;fc nomme united;paide linnameeskond;;;
2026-05-10;194262410;Cameroon Elite One;Cameroon;11:00;Schedule;0.28239584230625664;1.95;2.0, 2.5;1.85;2.0, 2.5;0.0;0.0;;0.0;0.0;0.0;0.0;0.0;;Aigle Royal Menoua;;0.0;0.0;1.833;0;0.0;0 - 0;3.25;Victoria United;;0.0;0.0;3.8;0;0.0;-0.5;0 - 0;0-0;2.25;1.0;-;nan;;;;;;;;;;;;;;;;0.0;0.0;0.0;0.0;;;0.0;0.0;0.0;0.0;;[];[];[];[];[];[];[];[];1.0;0.0;0.0;1.0;0.0;0.0;;;;;;;
2026-05-10;194276577;Italy Eccellenza;Italy;11:00;Schedule;0.26742421189775817;1.75;2.0;2.05;2.0;0.0;0.0;;0.0;0.0;0.0;0.0;0.0;;Solbiatese Calcio 1911;;0.0;0.0;1.909;0;0.0;0 - 0;3.0;FBC Saronno 1910;;0.0;0.0;3.9;0;0.0;-0.5;0 - 0;0-0;2.0;0.75;-;nan;;;;;;;;;;;;;;;;0.0;0.0;0.0;0.0;;;0.0;0.0;0.0;0.0;;[];[];[];[];[];[];[];[];1.0;0.0;0.0;1.0;0.0;0.0;;;;;;;
2026-05-10;194276571;Italy Eccellenza;Italy;11:00;Schedule;0.5604395604395604;2.0;2.0, 2.5;1.8;2.0, 2.5;0.0;0.0;;0.0;0.0;0.0;0.0;0.0;;ASD Muggia 1967;;0.0;0.0;1.4;0;0.0;0 - 0;4.0;ASDC Fiume Veneto Bannia;;0.0;0.0;6.5;0;0.0;-1.25;0 - 0;0-0;2.25;0.75;-;nan;;;;;;;;;;;;;;;;0.0;0.0;0.0;0.0;;;0.0;0.0;0.0;0.0;;[];[];[];[];[];[];[];[];1.0;0.0;0.0;1.0;0.0;0.0;;;;;;;
2026-05-10;194274843;Italy Serie D Play-Offs;Italy;11:00;Schedule;0.14253563390847712;2.0;2.0, 2.5;1.8;2.0, 2.5;0.0;0.0;;0.0;0.0;0.0;0.0;0.0;;Nissa FC;;0.0;0.0;2.15;0;0.0;0 - 0;3.1;Gelbison;;0.0;0.0;3.1;0;0.0;-0.25;0 - 0;0-0;2.25;0.75;-;nan;;;;;;;;;;;;;;;;0.0;0.0;0.0;0.0;;;0.0;0.0;0.0;0.0;;[];[];[];[];[];[];[];[];1.0;0.0;0.0;1.0;0.0;0.0;;;;;;;
2026-05-10;193328380;Hungary NB II;Hungary;11:00;Schedule;-0.07114624505928857;1.8;2.0, 2.5;2.0;2.0, 2.5;0.0;0.0;;0.0;0.0;0.0;0.0;0.0;;Budapest Honved;;0.0;0.0;2.75;0;0.0;0 - 0;3.2;Vasas SC;;0.0;0.0;2.3;0;0.0;0.25;0 - 0;0-0;2.25;1.0;-;nan;;;;;;;;;;;;;;;;0.0;0.0;0.0;0.0;;;0.0;0.0;0.0;0.0;;[];[];[];[];[];[];[];[];1.0;0.0;0.0;1.0;0.0;0.0;1916.0;;budapest honved fc;;;;Youth
2026-05-10;194220459;Albania Championship;Albania;11:00;Schedule;0.7872001592515179;2.0;2.5;1.8;2.5;0.0;0.0;;0.0;0.0;0.0;0.0;0.0;;Vllaznia Shkoder;;0.0;0.0;1.182;0;0.0;0 - 0;5.25;KS Flamurtari Vlore;;0.0;0.0;17.0;0;0.0;-1.75;0 - 0;0-0;2.5;1.0;-;nan;;;;;;;;;;;;;;;;0.0;0.0;0.0;0.0;;;0.0;0.0;0.0;0.0;;[];[];[];[];[];[];[];[];1.0;0.0;0.0;1.0;0.0;0.0;;;;;;;
2026-05-10;194274173;North Macedonia First League;North Macedonia;11:00;Schedule;0.00816326530612238;1.875;2.5;1.925;2.5;0.0;0.0;;0.0;0.0;0.0;0.0;0.0;;Makedonija Gj. P;;0.0;0.0;2.45;0;0.0;0 - 0;3.25;Tikves Kavadarci;;0.0;0.0;2.5;0;0.0;0.0;0 - 0;0-0;2.5;1.0;-;nan;;;;;;;;;;;;;;;;0.0;0.0;0.0;0.0;;;0.0;0.0;0.0;0.0;;[];[];[];[];[];[];[];[];1.0;0.0;0.0;1.0;0.0;0.0;;;;;;;
2026-05-10;194276274;Luxembourg Division Nationale;Luxembourg;11:00;Schedule;-0.3367221292583588;1.9;2.5, 3.0;1.9;2.5, 3.0;0.0;0.0;;0.0;0.0;0.0;0.0;0.0;;UT Petange;;0.0;0.0;3.8;0;0.0;0 - 0;3.75;F91 Dudelange;;0.0;0.0;1.667;0;0.0;0.75;0 - 0;0-0;2.75;1.25;-;nan;;;;;;;;;;;;;;;;0.0;0.0;0.0;0.0;;;0.0;0.0;0.0;0.0;;[];[];[];[];[];[];[];[];1.0;0.0;0.0;1.0;0.0;0.0;;;;;;;
2026-05-10;194276575;Italy Eccellenza;Italy;11:00;Schedule;0.49275362318840576;1.9;2.5;1.9;2.5;0.0;0.0;;0.0;0.0;0.0;0.0;0.0;;APD 90011 Bagheria;;0.0;0.0;1.5;0;0.0;0 - 0;3.6;CUS Palermo;;0.0;0.0;5.75;0;0.0;-1.0;0 - 0;0-0;2.5;1.0;-;nan;;;;;;;;;;;;;;;;0.0;0.0;0.0;0.0;;;0.0;0.0;0.0;0.0;;[];[];[];[];[];[];[];[];1.0;0.0;0.0;1.0;0.0;0.0;;;;;;;
2026-05-10;194266887;Italy Serie D Play-Offs;Italy;11:00;Schedule;0.15447154471544722;1.825;2.0, 2.5;1.975;2.0, 2.5;0.0;0.0;;0.0;0.0;0.0;0.0;0.0;;ASD Trastevere;;0.0;0.0;2.05;0;0.0;0 - 0;3.3;Cynthialbalonga;;0.0;0.0;3.0;0;0.0;-0.5;0 - 0;0-0;2.25;1.0;-;nan;;;;;;;;;;;;;;;;0.0;0.0;0.0;0.0;;;0.0;0.0;0.0;0.0;;[];[];[];[];[];[];[];[];1.0;0.0;0.0;1.0;0.0;0.0;;;;;;;
2026-05-10;194274854;Italy Serie D Play-Offs;Italy;11:00;Schedule;0.43463497453310695;1.9;2.5;1.9;2.5;0.0;0.0;;0.0;0.0;0.0;0.0;0.0;;Pistoiese;;0.0;0.0;1.55;0;0.0;0 - 0;3.9;Piacenza;;0.0;0.0;4.75;0;0.0;-1.0;0 - 0;0-0;2.5;1.0;-;nan;;;;;;;;;;;;;;;;0.0;0.0;0.0;0.0;;;0.0;0.0;0.0;0.0;;[];[];[];[];[];[];[];[];1.0;0.0;0.0;1.0;0.0;0.0;;;;;;;
2026-05-10;194274833;Italy Serie D Play-Offs;Italy;11:00;Schedule;0.1923076923076923;1.85;2.0;1.95;2.0;0.0;0.0;;0.0;0.0;0.0;0.0;0.0;;A.C. Crema 1908;;0.0;0.0;2.0;0;0.0;0 - 0;3.25;Tropical Coriano;;0.0;0.0;3.25;0;0.0;-0.25;0 - 0;0-0;2.0;0.75;-;nan;;;;;;;;;;;;;;;;0.0;0.0;0.0;0.0;;;0.0;0.0;0.0;0.0;;[];[];[];[];[];[];[];[];1.0;0.0;0.0;1.0;0.0;0.0;;;;;;;
2026-05-10;194274859;Italy Serie D Play-Offs;Italy;11:00;Schedule;0.05303030303030304;1.9;2.0, 2.5;1.9;2.0, 2.5;0.0;0.0;;0.0;0.0;0.0;0.0;0.0;;Follonica Gavorrano;;0.0;0.0;2.4;0;0.0;0 - 0;3.0;Camaiore;;0.0;0.0;2.75;0;0.0;0.0;0 - 0;0-0;2.25;1.0;-;nan;;;;;;;;;;;;;;;;0.0;0.0;0.0;0.0;;;0.0;0.0;0.0;0.0;;[];[];[];[];[];[];[];[];1.0;0.0;0.0;1.0;0.0;0.0;;;;;;;
2026-05-10;194274851;Italy Serie D Play-Offs;Italy;11:00;Schedule;0.3055555555555556;1.85;2.5;1.95;2.5;0.0;0.0;;0.0;0.0;0.0;0.0;0.0;;Teramo;;0.0;0.0;1.8;0;0.0;0 - 0;3.2;ASD Atletico Ascoli;;0.0;0.0;4.0;0;0.0;-0.5;0 - 0;0-0;2.5;1.0;-;nan;;;;;;;;;;;;;;;;0.0;0.0;0.0;0.0;;;0.0;0.0;0.0;0.0;;[];[];[];[];[];[];[];[];1.0;0.0;0.0;1.0;0.0;0.0;;;;;;;
2026-05-10;194220457;Albania Championship;Albania;11:00;Schedule;0.8222222222222222;1.875;2.5, 3.0;1.925;2.5, 3.0;0.0;0.0;;0.0;0.0;0.0;0.0;0.0;;FK Vora;;0.0;0.0;1.125;0;0.0;0 - 0;7.0;Bylis Ballsh;;0.0;0.0;15.0;0;0.0;-2.25;0 - 0;0-0;2.75;1.25;-;nan;;;;;;;;;;;;;;;;0.0;0.0;0.0;0.0;;;0.0;0.0;0.0;0.0;;[];[];[];[];[];[];[];[];1.0;0.0;0.0;1.0;0.0;0.0;;;;;;;
2026-05-10;194276278;Luxembourg Division Nationale;Luxembourg;11:00;Schedule;0.6445444319460067;2.0;3.5;1.8;3.5;0.0;0.0;;0.0;0.0;0.0;0.0;0.0;;Atert Bissen;;0.0;0.0;1.27;0;0.0;0 - 0;5.75;FC Rodange;;0.0;0.0;7.0;0;0.0;-1.75;0 - 0;0-0;3.5;1.5;-;nan;;;;;;;;;;;;;;;;0.0;0.0;0.0;0.0;;;0.0;0.0;0.0;0.0;;[];[];[];[];[];[];[];[];1.0;0.0;0.0;1.0;0.0;0.0;;;;;;;
2026-05-10;194274818;Italy Serie D Play-Offs;Italy;11:00;Schedule;0.08080808080808077;2.0;2.5;1.8;2.5;0.0;0.0;;0.0;0.0;0.0;0.0;0.0;;SS Nola 1925;;0.0;0.0;2.25;0;0.0;0 - 0;3.25;ASD Heraclea;;0.0;0.0;2.75;0;0.0;-0.25;0 - 0;0-0;2.5;1.0;-;nan;;;;;;;;;;;;;;;;0.0;0.0;0.0;0.0;;;0.0;0.0;0.0;0.0;;[];[];[];[];[];[];[];[];1.0;0.0;0.0;1.0;0.0;0.0;;;;;;;
2026-05-10;194275689;Iceland Premier League Women;Iceland;11:00;Schedule;-0.1905011349746813;1.85;3.0, 3.5;1.95;3.0, 3.5;0.0;0.0;;0.0;0.0;0.0;0.0;0.0;;IBV Vestmannaeyjar (W);;0.0;0.0;3.0;0;0.0;0 - 0;3.9;Thor/KA Akureyri (W);;0.0;0.0;1.909;0;0.0;0.5;0 - 0;0-0;3.25;1.5;-;nan;;;;;;;;;;;;;;;;0.0;0.0;0.0;0.0;;;0.0;0.0;0.0;0.0;;[];[];[];[];[];[];[];[];1.0;0.0;0.0;1.0;0.0;0.0;1895.0;;ibv vestmannaeyjar;;;;Women
2026-05-10;194274816;Italy Serie D Play-Offs;Italy;11:00;Schedule;0.05217391304347829;1.85;2.0;1.95;2.0;0.0;0.0;;0.0;0.0;0.0;0.0;0.0;;USD Castellanzese;;0.0;0.0;2.5;0;0.0;0 - 0;2.75;ASD Varesina;;0.0;0.0;2.875;0;0.0;0.0;0 - 0;0-0;2.0;0.75;-;nan;;;;;;;;;;;;;;;;0.0;0.0;0.0;0.0;;;0.0;0.0;0.0;0.0;;[];[];[];[];[];[];[];[];1.0;0.0;0.0;1.0;0.0;0.0;;;;;;;
2026-05-10;194274847;Italy Serie D Play-Offs;Italy;11:00;Schedule;0.3969728242174063;1.95;2.5;1.85;2.5;0.0;0.0;;0.0;0.0;0.0;0.0;0.0;;Ligorna;;0.0;0.0;1.615;0;0.0;0 - 0;3.6;Chisola;;0.0;0.0;4.5;0;0.0;-0.75;0 - 0;0-0;2.5;1.0;-;nan;;;;;;;;;;;;;;;;0.0;0.0;0.0;0.0;;;0.0;0.0;0.0;0.0;;[];[];[];[];[];[];[];[];1.0;0.0;0.0;1.0;0.0;0.0;;;;;;;
2026-05-10;193331463;Denmark Superligaen;Denmark;11:00;Schedule;-0.29914529914529914;1.95;3.0, 3.5;1.85;3.0, 3.5;0.0;0.0;;0.0;0.0;0.0;0.0;0.0;;Silkeborg IF;;0.0;0.0;3.9;0;0.0;0 - 0;3.9;FC Copenhagen;;0.0;0.0;1.8;0;0.0;0.5;0 - 0;0-0;3.25;1.25;-;nan;;;;;;;;;;;;;;;;0.0;0.0;0.0;0.0;;;0.0;0.0;0.0;0.0;;[];[];[];[];[];[];[];[];1.0;0.0;0.0;1.0;0.0;0.0;1285.0;1284.0;silkeborg if;fc copenhagen;;;
2026-05-10;194275698;Iceland Premier League Women;Iceland;11:00;Schedule;0.06238859180035644;1.95;3.0, 3.5;1.85;3.0, 3.5;0.0;0.0;;0.0;0.0;0.0;0.0;0.0;;Stjarnan (W);;0.0;0.0;2.2;0;0.0;0 - 0;3.7;FH Hafnarfjordur (W);;0.0;0.0;2.55;0;0.0;-0.25;0 - 0;0-0;3.25;1.25;-;nan;;;;;;;;;;;;;;;;0.0;0.0;0.0;0.0;;;0.0;0.0;0.0;0.0;;[];[];[];[];[];[];[];[];1.0;0.0;0.0;1.0;0.0;0.0;1912.0;1894.0;stjarnan gardabae;fh hafnarfjordur;;;Women
2026-05-10;194274870;Italy Serie D Play-Offs;Italy;11:00;Schedule;0.39844199933315155;1.9;2.0, 2.5;1.9;2.0, 2.5;0.0;0.0;;0.0;0.0;0.0;0.0;0.0;;U.S. Ancona;;0.0;0.0;1.571;0;0.0;0 - 0;4.1;San Nicolo Notaresco;;0.0;0.0;4.2;0;0.0;-0.75;0 - 0;0-0;2.25;1.0;-;nan;;;;;;;;;;;;;;;;0.0;0.0;0.0;0.0;;;0.0;0.0;0.0;0.0;;[];[];[];[];[];[];[];[];1.0;0.0;0.0;1.0;0.0;0.0;;;;;;;
2026-05-10;194274821;Italy Serie D Play-Offs;Italy;11:00;Schedule;0.20979020979020985;1.9;2.0, 2.5;1.9;2.0, 2.5;0.0;0.0;;0.0;0.0;0.0;0.0;0.0;;Reggina;;0.0;0.0;1.95;0;0.0;0 - 0;3.4;Club Atletico Palermo;;0.0;0.0;3.3;0;0.0;-0.5;0 - 0;0-0;2.25;1.0;-;nan;;;;;;;;;;;;;;;;0.0;0.0;0.0;0.0;;;0.0;0.0;0.0;0.0;;[];[];[];[];[];[];[];[];1.0;0.0;0.0;1.0;0.0;0.0;;;;;;;
2026-05-10;194274175;North Macedonia First League;North Macedonia;11:00;Schedule;0.22080416527771157;1.975;2.5, 3.0;1.825;2.5, 3.0;0.0;0.0;;0.0;0.0;0.0;0.0;0.0;;Aresimi 1973;;0.0;0.0;1.909;0;0.0;0 - 0;3.5;KF Bashkimi;;0.0;0.0;3.3;0;0.0;-0.5;0 - 0;0-0;2.75;1.0;-;nan;;;;;;;;;;;;;;;;0.0;0.0;0.0;0.0;;;0.0;0.0;0.0;0.0;;[];[];[];[];[];[];[];[];1.0;0.0;0.0;1.0;0.0;0.0;;;;;;;
2026-05-10;194220453;Albania Championship;Albania;11:00;Schedule;0.14285714285714285;1.8;2.0, 2.5;2.0;2.0, 2.5;0.0;0.0;;0.0;0.0;0.0;0.0;0.0;;AF Elbasani;;0.0;0.0;2.1;0;0.0;0 - 0;3.3;KF Tirana;;0.0;0.0;3.0;0;0.0;-0.5;0 - 0;0-0;2.25;1.0;-;nan;;;;;;;;;;;;;;;;0.0;0.0;0.0;0.0;;;0.0;0.0;0.0;0.0;;[];[];[];[];[];[];[];[];1.0;0.0;0.0;1.0;0.0;0.0;;;;;;;
2026-05-10;194266889;Italy Serie D Play-Offs;Italy;11:00;Schedule;0.3609022556390977;1.85;2.0;1.95;2.0;0.0;0.0;;0.0;0.0;0.0;0.0;0.0;;Vibonese;;0.0;0.0;1.75;0;0.0;0 - 0;3.0;Acireale;;0.0;0.0;4.75;0;0.0;-0.5;0 - 0;0-0;2.0;0.75;-;nan;;;;;;;;;;;;;;;;0.0;0.0;0.0;0.0;;;0.0;0.0;0.0;0.0;;[];[];[];[];[];[];[];[];1.0;0.0;0.0;1.0;0.0;0.0;;;;;;;
2026-05-10;193757672;Sweden 1.div Södra;Sweden;11:00;Schedule;0.5476190476190477;2.025;3.0;1.775;3.0;0.0;0.0;;0.0;0.0;0.0;0.0;0.0;;Jonkopings Sodra;;0.0;0.0;1.4;0;0.0;0 - 0;4.333;Laholms FK;;0.0;0.0;6.0;0;0.0;-1.25;0 - 0;0-0;3.0;1.25;-;nan;;;;;;;;;;;;;;;;0.0;0.0;0.0;0.0;;;0.0;0.0;0.0;0.0;;[];[];[];[];[];[];[];[];1.0;0.0;0.0;1.0;0.0;0.0;1841.0;1816.0;jonkopings sodra if;laholms fk;;;
2026-05-10;193756273;Sweden 1.div Norra;Sweden;11:00;Schedule;0.5963413930405679;1.825;3.0, 3.5;1.975;3.0, 3.5;0.0;0.0;;0.0;0.0;0.0;0.0;0.0;;Vasalunds IF;;0.0;0.0;1.333;0;0.0;0 - 0;4.75;Piteå IF;;0.0;0.0;6.5;0;0.0;-1.5;0 - 0;0-0;3.25;1.5;-;nan;;;;;;;;;;;;;;;;0.0;0.0;0.0;0.0;;;0.0;0.0;0.0;0.0;;[];[];[];[];[];[];[];[];1.0;0.0;0.0;1.0;0.0;0.0;5950.0;1873.0;vasalunds if;piteaa if;;;
2026-05-10;194272750;Czechia Div 1 Women;Czech Republic;11:00;Schedule;-0.5324675324675325;1.95;3.0, 3.5;1.85;3.0, 3.5;0.0;0.0;;0.0;0.0;0.0;0.0;0.0;;FC Prague (W);;0.0;0.0;5.5;0;0.0;0 - 0;4.5;Lokomotiva BH Herspice (W);;0.0;0.0;1.4;0;0.0;1.25;0 - 0;0-0;3.25;1.25;-;nan;;;;;;;;;;;;;;;;0.0;0.0;0.0;0.0;;;0.0;0.0;0.0;0.0;;[];[];[];[];[];[];[];[];1.0;0.0;0.0;1.0;0.0;0.0;;;;;;;Women
2026-05-10;194279265;Norway Division 2 Group 1;Norway;11:00;Schedule;0.22804054054054046;;;;;0.0;0.0;;0.0;0.0;0.0;0.0;0.0;;FK Jerv;;0.0;0.0;1.85;0;0.0;0 - 0;3.8;Bjarg;;0.0;0.0;3.2;0;0.0;nan;0 - 0;0-0;;nan;-;nan;;;;;;;;;;;;;;;;0.0;0.0;0.0;0.0;;;0.0;0.0;0.0;0.0;;[];[];[];[];[];[];[];[];1.0;0.0;0.0;1.0;0.0;0.0;862.0;35610.0;fk jerv;bjarg;;;
2026-05-10;194274865;Italy Serie D Play-Offs;Italy;11:00;Schedule;0.13196480938416422;1.9;2.0, 2.5;1.9;2.0, 2.5;0.0;0.0;;0.0;0.0;0.0;0.0;0.0;;Imolese;;0.0;0.0;2.2;0;0.0;0 - 0;3.1;ASD Sasso Marconi;;0.0;0.0;3.1;0;0.0;-0.25;0 - 0;0-0;2.25;1.0;-;nan;;;;;;;;;;;;;;;;0.0;0.0;0.0;0.0;;;0.0;0.0;0.0;0.0;;[];[];[];[];[];[];[];[];1.0;0.0;0.0;1.0;0.0;0.0;;;;;;;
2026-05-10;193328164;Greece Super League 1;Greece;11:00;Schedule;0.4321475625823452;1.95;2.5;1.85;2.5;0.0;0.0;;0.0;0.0;0.0;0.0;0.0;;Aris Salonika;;0.0;0.0;1.65;0;0.0;0 - 0;3.6;OFI Crete;;0.0;0.0;5.75;0;0.0;-0.75;0 - 0;0-0;2.5;1.0;-;nan;;;;;;;;;;;;;;;;0.0;0.0;0.0;0.0;;;0.0;0.0;0.0;0.0;;[];[];[];[];[];[];[];[];1.0;0.0;0.0;1.0;0.0;0.0;3252.0;3241.0;aris thessaloniki;ofi crete;;;
2026-05-10;193719895;Croatia HNL;Croatia;11:00;Schedule;0.2923976608187135;1.925;2.5;1.875;2.5;0.0;0.0;;0.0;0.0;0.0;0.0;0.0;;NK Osijek;;0.0;0.0;1.8;0;0.0;0 - 0;3.3;Istra 1961;;0.0;0.0;3.8;0;0.0;-0.5;0 - 0;0-0;2.5;1.0;-;nan;;;;;;;;;;;;;;;;0.0;0.0;0.0;0.0;;;0.0;0.0;0.0;0.0;;[];[];[];[];[];[];[];[];1.0;0.0;0.0;1.0;0.0;0.0;2040.0;25529.0;nk osijek;nk istra 1961;;;
2026-05-10;193754996;Lithuania A Lyga;Lithuania;11:00;Schedule;-0.036437246963562764;1.925;2.5;1.875;2.5;0.0;0.0;;0.0;0.0;0.0;0.0;0.0;;Banga Gargzdai;;0.0;0.0;2.6;0;0.0;0 - 0;3.2;FK Transinvest;;0.0;0.0;2.375;0;0.0;0.0;0 - 0;0-0;2.5;1.0;-;nan;;;;;;;;;;;;;;;;0.0;0.0;0.0;0.0;;;0.0;0.0;0.0;0.0;;[];[];[];[];[];[];[];[];1.0;0.0;0.0;1.0;0.0;0.0;35388.0;885005.0;fk banga gargzdai;fk transinvest;;;
2026-05-10;194274863;Italy Serie D Play-Offs;Italy;11:00;Schedule;0.14253563390847712;2.0;2.0;1.8;2.0;0.0;0.0;;0.0;0.0;0.0;0.0;0.0;;Cairese;;0.0;0.0;2.15;0;0.0;0 - 0;3.1;Asti;;0.0;0.0;3.1;0;0.0;-0.25;0 - 0;0-0;2.0;0.75;-;nan;;;;;;;;;;;;;;;;0.0;0.0;0.0;0.0;;;0.0;0.0;0.0;0.0;;[];[];[];[];[];[];[];[];1.0;0.0;0.0;1.0;0.0;0.0;;;;;;;
2026-05-10;193996688;England League 2;England;11:00;Schedule;0.18207282913165262;1.925;2.5;1.925;2.5;0.0;0.0;;0.0;0.0;0.0;0.0;0.0;;Grimsby;7.0;0.0;0.0;2.1;0;0.0;0 - 0;3.3;Salford City;4.0;0.0;0.0;3.4;0;0.0;-0.25;0 - 0;0-0;2.5;1.0;-;nan;;;;;;;;;;;;;;;;0.0;0.0;0.0;0.0;;;0.0;0.0;0.0;0.0;;[];[];[];[];[];[];[];[];1.0;0.0;0.0;1.0;0.0;0.0;18.0;37998.0;grimsby town;salford city;;;
2026-05-10;194367520;Portugal U19 2nd Division;Portugal;11:00;Schedule;0.0;1.9;2.0, 2.5;1.9;2.0, 2.5;0.0;0.0;;0.0;0.0;0.0;0.0;0.0;;Boavista U19;;0.0;0.0;2.5;0;0.0;0 - 0;3.2;Maritimo U19;;0.0;0.0;2.5;0;0.0;0.0;0 - 0;0-0;2.25;1.0;-;nan;;;;;;;;;;;;;;;;0.0;0.0;0.0;0.0;;;0.0;0.0;0.0;0.0;;[];[];[];[];[];[];[];[];1.0;0.0;0.0;1.0;0.0;0.0;;3007.0;;maritimo madeira;;;Youth
2026-05-10;194322116;Norway Division 2 Group 1;Norway;11:00;Schedule;-0.05982905982905984;1.85;2.5, 3.0;1.95;2.5, 3.0;0.0;0.0;;0.0;0.0;0.0;0.0;0.0;;Sandviken;;0.0;0.0;2.6;0;0.0;0 - 0;3.5;SK Traeff;;0.0;0.0;2.25;0;0.0;0.25;0 - 0;0-0;2.75;1.25;-;nan;;;;;;;;;;;;;;;;0.0;0.0;0.0;0.0;;;0.0;0.0;0.0;0.0;;[];[];[];[];[];[];[];[];1.0;0.0;0.0;1.0;0.0;0.0;7472.0;689.0;il sandviken;sk traeff;;;
2026-05-10;194321765;Women’s Friendly;International (World);11:00;Schedule;-0.6347478338147079;1.8;3.0;2.0;3.0;0.0;0.0;;0.0;0.0;0.0;0.0;0.0;;Lisburn Rangers (W);;0.0;0.0;7.0;0;0.0;0 - 0;5.2;Galway (W);;0.0;0.0;1.286;0;0.0;1.5;0 - 0;0-0;3.0;1.25;-;nan;;;;;;;;;;;;;;;;0.0;0.0;0.0;0.0;;;0.0;0.0;0.0;0.0;;[];[];[];[];[];[];[];[];1.0;0.0;0.0;1.0;0.0;0.0;;;;;;;Women
2026-05-10;194276276;Luxembourg Division Nationale;Luxembourg;11:00;Schedule;-0.31588090086246307;1.9;2.5;1.9;2.5;0.0;0.0;;0.0;0.0;0.0;0.0;0.0;;Victoria Rosport;;0.0;0.0;3.8;0;0.0;0 - 0;3.6;US Mondorf-Les-Bains;;0.0;0.0;1.727;0;0.0;0.75;0 - 0;0-0;2.5;1.0;-;nan;;;;;;;;;;;;;;;;0.0;0.0;0.0;0.0;;;0.0;0.0;0.0;0.0;;[];[];[];[];[];[];[];[];1.0;0.0;0.0;1.0;0.0;0.0;;;;;;;
2026-05-10;194264189;Faroe Islands Premier League;Faroe Islands;11:00;Schedule;-0.5442253521126761;1.85;2.5;1.95;2.5;0.0;0.0;;0.0;0.0;0.0;0.0;0.0;;EB/Streymur;9.0;0.0;0.0;6.25;0;0.0;0 - 0;4.0;Vikingur Gota;6.0;0.0;0.0;1.42;0;0.0;1.25;0 - 0;0-0;2.5;1.0;-;nan;;;;;;;;;;;;;;;;0.0;0.0;0.0;0.0;;;0.0;0.0;0.0;0.0;;[];[];[];[];[];[];[];[];1.0;0.0;0.0;1.0;0.0;0.0;;;;;;;
2026-05-10;194266474;Luxembourg Division Nationale;Luxembourg;11:00;Schedule;-0.3869047619047619;1.8;2.5, 3.0;2.0;2.5, 3.0;0.0;0.0;;0.0;0.0;0.0;0.0;0.0;;FC Mamer 32;;0.0;0.0;4.2;0;0.0;0 - 0;3.9;Racing FC Union;;0.0;0.0;1.6;0;0.0;0.75;0 - 0;0-0;2.75;1.25;-;nan;;;;;;;;;;;;;;;;0.0;0.0;0.0;0.0;;;0.0;0.0;0.0;0.0;;[];[];[];[];[];[];[];[];1.0;0.0;0.0;1.0;0.0;0.0;;;;;;;
2026-05-10;194266476;Luxembourg Division Nationale;Luxembourg;11:00;Schedule;-0.04262574595055413;1.975;2.5, 3.0;1.825;2.5, 3.0;0.0;0.0;;0.0;0.0;0.0;0.0;0.0;;Swift Hesperange;;0.0;0.0;2.55;0;0.0;0 - 0;3.5;US Hostert;;0.0;0.0;2.3;0;0.0;0.0;0 - 0;0-0;2.75;nan;-;nan;;;;;;;;;;;;;;;;0.0;0.0;0.0;0.0;;;0.0;0.0;0.0;0.0;;[];[];[];[];[];[];[];[];1.0;0.0;0.0;1.0;0.0;0.0;;;;;;;
2026-05-10;194273687;Hungary NB III;Hungary;11:00;Schedule;0.05228758169934633;1.9;3.0;1.9;3.0;0.0;0.0;;0.0;0.0;0.0;0.0;0.0;;Gyulai Termal;;0.0;0.0;2.25;0;0.0;0 - 0;3.6;Monori SE;;0.0;0.0;2.55;0;0.0;0.0;0 - 0;0-0;3.0;1.25;-;nan;;;;;;;;;;;;;;;;0.0;0.0;0.0;0.0;;;0.0;0.0;0.0;0.0;;[];[];[];[];[];[];[];[];1.0;0.0;0.0;1.0;0.0;0.0;;;;;;;
2026-05-10;194265374;India Super League;India;11:00;Schedule;0.2271062271062272;1.85;2.5;1.95;2.5;0.0;0.0;;0.0;0.0;0.0;0.0;0.0;;Northeast United;12.0;0.0;0.0;1.95;0;0.0;0 - 0;3.4;Chennaiyin FC;13.0;0.0;0.0;3.5;0;0.0;-0.5;0 - 0;0-0;2.5;1.0;-;nan;;;;;;;;;;;;;;;;0.0;0.0;0.0;0.0;;;0.0;0.0;0.0;0.0;;[];[];[];[];[];[];[];[];1.0;0.0;0.0;1.0;0.0;0.0;174602.0;174590.0;northeast united fc;chennaiyin fc;;;
2026-05-10;194217149;England National League;England;11:00;Schedule;-0.15360983102918585;1.8;2.5, 3.0;2.0;2.5, 3.0;0.0;0.0;;0.0;0.0;0.0;0.0;0.0;;Boreham Wood;4.0;0.0;0.0;3.1;0;0.0;0 - 0;3.6;Rochdale;2.0;0.0;0.0;2.1;0;0.0;0.25;0 - 0;0-0;2.75;1.25;-;nan;;;;;;;;;;;;;;;;0.0;0.0;0.0;0.0;;;0.0;0.0;0.0;0.0;;[];[];[];[];[];[];[];[];1.0;0.0;0.0;1.0;0.0;0.0;36467.0;103.0;boreham wood fc;rochdale afc;;;
2026-05-10;194048962;England National League;England;11:00;Schedule;0.02354788069073782;1.8;2.5, 3.0;2.0;2.5, 3.0;0.0;0.0;;0.0;0.0;0.0;0.0;0.0;;Rochdale;2.0;0.0;0.0;2.45;0;0.0;0 - 0;3.5;Boreham Wood;4.0;0.0;0.0;2.6;0;0.0;0.0;0 - 0;0-0;2.75;1.25;-;nan;;;;;;;;;;;;;;;;0.0;0.0;0.0;0.0;;;0.0;0.0;0.0;0.0;;[];[];[];[];[];[];[];[];1.0;0.0;0.0;1.0;0.0;0.0;103.0;36467.0;rochdale afc;boreham wood fc;;;
2026-05-10;194052219;Uruguay Apertura;Uruguay;11:00;Schedule;0.12121212121212122;1.85;2.0, 2.5;1.95;2.0, 2.5;0.0;0.0;;0.0;0.0;0.0;0.0;0.0;;Defensor Sporting;;0.0;0.0;2.2;0;0.0;0 - 0;3.1;Juventud De Las Piedras;;0.0;0.0;3.0;0;0.0;-0.25;0 - 0;0-0;2.25;1.0;-;nan;;;;;;;;;;;;;;;;0.0;0.0;0.0;0.0;;;0.0;0.0;0.0;0.0;;[];[];[];[];[];[];[];[];1.0;0.0;0.0;1.0;0.0;0.0;3229.0;3224.0;defensor sporting;ca juventud de las piedras;;;
2026-05-10;194265779;Panama Liga Prom;Panama;11:00;Schedule;0.3498800239952009;2.0;3.0;1.8;3.0;0.0;0.0;;0.0;0.0;0.0;0.0;0.0;;Aguilas de la U;;0.0;0.0;1.667;0;0.0;0 - 0;3.75;CD Universitario Reserves;;0.0;0.0;4.0;0;0.0;-0.75;0 - 0;0-0;3.0;nan;-;nan;;;;;;;;;;;;;;;;0.0;0.0;0.0;0.0;;;0.0;0.0;0.0;0.0;;[];[];[];[];[];[];[];[];1.0;0.0;0.0;1.0;0.0;0.0;;;;;;;Youth
2026-05-10;194317929;Poland IV Liga;Poland;11:00;Schedule;0.19571295433364388;2.0;4.0;1.8;4.0;0.0;0.0;;0.0;0.0;0.0;0.0;0.0;;KS Sniadowo;;0.0;0.0;1.85;0;0.0;0 - 0;4.4;LZS Krynki;;0.0;0.0;2.9;0;0.0;-0.5;0 - 0;0-0;4.0;1.5;-;nan;;;;;;;;;;;;;;;;0.0;0.0;0.0;0.0;;;0.0;0.0;0.0;0.0;;[];[];[];[];[];[];[];[];1.0;0.0;0.0;1.0;0.0;0.0;;;;;;;
2026-05-10;194317935;Poland IV Liga;Poland;11:00;Schedule;-0.3141657382809152;1.85;3.0, 3.5;1.95;3.0, 3.5;0.0;0.0;;0.0;0.0;0.0;0.0;0.0;;Olimpia Elblag II;;0.0;0.0;3.5;0;0.0;0 - 0;4.4;Pisa Barczewo;;0.0;0.0;1.667;0;0.0;0.75;0 - 0;0-0;3.25;1.25;-;nan;;;;;;;;;;;;;;;;0.0;0.0;0.0;0.0;;;0.0;0.0;0.0;0.0;;[];[];[];[];[];[];[];[];1.0;0.0;0.0;1.0;0.0;0.0;;;;;;;Youth
2026-05-10;194318790;Cameroon Elite One;Cameroon;11:00;Schedule;-0.25716780164134795;1.775;2.0;2.025;2.0;0.0;0.0;;0.0;0.0;0.0;0.0;0.0;;Aigle Royal du Moungo;14.0;0.0;0.0;3.75;0;0.0;0 - 0;3.1;Colombe du Dja et Lobo;2.0;0.0;0.0;1.909;0;0.0;0.5;0 - 0;0-0;2.0;0.75;-;nan;;;;;;;;;;;;;;;;0.0;0.0;0.0;0.0;;;0.0;0.0;0.0;0.0;;[];[];[];[];[];[];[];[];1.0;0.0;0.0;1.0;0.0;0.0;;;;;;;
2026-05-10;194320045;Sweden 2.div Norra Götaland;Sweden;11:00;Schedule;0.15517241379310343;2.025;3.0;1.775;3.0;0.0;0.0;;0.0;0.0;0.0;0.0;0.0;;IK Tord;;0.0;0.0;2.0;0;0.0;0 - 0;3.6;Vanersborgs FK;;0.0;0.0;2.9;0;0.0;-0.25;0 - 0;0-0;3.0;1.25;-;nan;;;;;;;;;;;;;;;;0.0;0.0;0.0;0.0;;;0.0;0.0;0.0;0.0;;[];[];[];[];[];[];[];[];1.0;0.0;0.0;1.0;0.0;0.0;1828.0;157254.0;ik tord;vanersborgs fk;;;
2026-05-10;194266464;Kosovo Superliga;Kosovo;11:00;Schedule;0.00816326530612238;2.025;2.5;1.775;2.5;0.0;0.0;;0.0;0.0;0.0;0.0;0.0;;FC Ferizaj;;0.0;0.0;2.45;0;0.0;0 - 0;3.2;KF Malisheva;;0.0;0.0;2.5;0;0.0;0.0;0 - 0;0-0;2.5;1.0;-;nan;;;;;;;;;;;;;;;;0.0;0.0;0.0;0.0;;;0.0;0.0;0.0;0.0;;[];[];[];[];[];[];[];[];1.0;0.0;0.0;1.0;0.0;0.0;;;;;;;
2026-05-10;193328168;Greece Super League 1;Greece;11:00;Schedule;0.0;1.85;2.5, 3.0;1.95;2.5, 3.0;0.0;0.0;;0.0;0.0;0.0;0.0;0.0;;Volos NFC;;0.0;0.0;2.5;0;0.0;0 - 0;3.6;Levadiakos;;0.0;0.0;2.5;0;0.0;0.0;0 - 0;0-0;2.75;1.25;-;nan;;;;;;;;;;;;;;;;0.0;0.0;0.0;0.0;;;0.0;0.0;0.0;0.0;;[];[];[];[];[];[];[];[];1.0;0.0;0.0;1.0;0.0;0.0;373128.0;5063.0;volos nps;apo levadiakos fc;;;
2026-05-10;194297522;UAE Division 1;UAE;11:05;Schedule;0.2514360899842752;1.775;2.5, 3.0;2.025;2.5, 3.0;0.0;0.0;;0.0;0.0;0.0;0.0;0.0;;Gulf United FC;;0.0;0.0;1.833;0;0.0;0 - 0;3.7;Masfout CSC;;0.0;0.0;3.4;0;0.0;-0.5;0 - 0;0-0;2.75;1.25;-;nan;;;;;;;;;;;;;;;;0.0;0.0;0.0;0.0;;;0.0;0.0;0.0;0.0;;[];[];[];[];[];[];[];[];1.0;0.0;0.0;1.0;0.0;0.0;;;;;;;
2026-05-10;194297527;UAE Division 1;UAE;11:05;Schedule;0.38109980834439044;1.925;2.5, 3.0;1.875;2.5, 3.0;0.0;0.0;;0.0;0.0;0.0;0.0;0.0;;Dubai United;;0.0;0.0;1.615;0;0.0;0 - 0;3.8;Al Arabi Umm Al Quwain;;0.0;0.0;4.2;0;0.0;-0.75;0 - 0;0-0;2.75;1.25;-;nan;;;;;;;;;;;;;;;;0.0;0.0;0.0;0.0;;;0.0;0.0;0.0;0.0;;[];[];[];[];[];[];[];[];1.0;0.0;0.0;1.0;0.0;0.0;779068.0;;dubai united fc;;;;
2026-05-10;194265967;UAE Division 1;UAE;11:05;Schedule;0.3752926074152383;1.85;2.5, 3.0;1.95;2.5, 3.0;0.0;0.0;;0.0;0.0;0.0;0.0;0.0;;Hatta Dubai;;0.0;0.0;1.615;0;0.0;0 - 0;3.9;Al Hamriyah;;0.0;0.0;4.1;0;0.0;-0.75;0 - 0;0-0;2.75;1.25;-;nan;;;;;;;;;;;;;;;;0.0;0.0;0.0;0.0;;;0.0;0.0;0.0;0.0;;[];[];[];[];[];[];[];[];1.0;0.0;0.0;1.0;0.0;0.0;;;;;;;
2026-05-10;194265949;UAE Division 1;UAE;11:05;Schedule;0.14297729184188396;1.875;2.5, 3.0;1.925;2.5, 3.0;0.0;0.0;;0.0;0.0;0.0;0.0;0.0;;Al Jazira Al Hamra;;0.0;0.0;2.05;0;0.0;0 - 0;3.5;Dubai City;;0.0;0.0;2.9;0;0.0;-0.25;0 - 0;0-0;2.75;1.25;-;nan;;;;;;;;;;;;;;;;0.0;0.0;0.0;0.0;;;0.0;0.0;0.0;0.0;;[];[];[];[];[];[];[];[];1.0;0.0;0.0;1.0;0.0;0.0;;;;;;;
2026-05-10;194265947;UAE Division 1;UAE;11:05;Schedule;-0.14297729184188396;1.925;2.5, 3.0;1.875;2.5, 3.0;0.0;0.0;;0.0;0.0;0.0;0.0;0.0;;Al Fujairah;;0.0;0.0;2.9;0;0.0;0 - 0;3.5;Al Thaid;;0.0;0.0;2.05;0;0.0;0.25;0 - 0;0-0;2.75;1.25;-;nan;;;;;;;;;;;;;;;;0.0;0.0;0.0;0.0;;;0.0;0.0;0.0;0.0;;[];[];[];[];[];[];[];[];1.0;0.0;0.0;1.0;0.0;0.0;;;;;;;
2026-05-10;194265951;UAE Division 1;UAE;11:05;Schedule;0.6347478338147079;1.925;3.0, 3.5;1.875;3.0, 3.5;0.0;0.0;;0.0;0.0;0.0;0.0;0.0;;Dibba Al Hisn;;0.0;0.0;1.286;0;0.0;0 - 0;5.0;Al Ittifaq Dubai;;0.0;0.0;7.0;0;0.0;-1.75;0 - 0;0-0;3.25;1.25;-;nan;;;;;;;;;;;;;;;;0.0;0.0;0.0;0.0;;;0.0;0.0;0.0;0.0;;[];[];[];[];[];[];[];[];1.0;0.0;0.0;1.0;0.0;0.0;;;;;;;
2026-05-10;193003568;Spain Segunda;Spain;11:15;Schedule;-0.08730158730158727;1.95;3.0;1.85;3.0;0.0;0.0;;0.0;0.0;0.0;0.0;0.0;;Leganes;17.0;0.0;0.0;2.8;0;0.0;0 - 0;3.8;Racing Santander;1.0;0.0;0.0;2.25;0;0.0;0.25;0 - 0;0-0;3.0;1.25;-;nan;;;;;;;;;;;;;;;;0.0;0.0;0.0;0.0;;;0.0;0.0;0.0;0.0;;[];[];[];[];[];[];[];[];1.0;0.0;0.0;1.0;0.0;0.0;2845.0;2835.0;cd leganes;racing santander;;;
2026-05-10;193003368;Spain La Liga;Spain;11:15;Schedule;0.38823529411764707;1.925;2.5;1.925;2.5;0.0;0.0;;0.0;0.0;0.0;0.0;0.0;;Athletic Club;;0.0;0.0;1.7;0;0.0;0 - 0;3.75;Valencia;;0.0;0.0;5.0;0;0.0;-0.75;0 - 0;0-0;2.5;1.0;-;nan;;;;;;;;;;;;;;;;0.0;0.0;0.0;0.0;;;0.0;0.0;0.0;0.0;;[];[];[];[];[];[];[];[];1.0;0.0;0.0;1.0;0.0;0.0;2825.0;2828.0;athletic bilbao;valencia cf;;;
2026-05-10;193319728;Spain Primera Division RFEF Group 1;Spain;11:15;Full;0.19696969696969696;1.95;2.0, 2.5;1.85;2.0, 2.5;7.0;2.0;;4.0;2.0;6.0;223.0;71.0;100.0;Pontevedra;;0.0;1.0;2.0;2;4.0;4 - 0;3.1;Athletic Bilbao B;;0.0;1.0;3.3;0;0.0;-0.25;7 - 2;4-2;2.25;1.0;40 - 31;23 - 18;18.0;23.0;44.0;56.0;3.0;1.0;3.0;3.0;;;;;;;;112.0;111.0;31.0;40.0;44.0;56.0;4.0;2.0;4.0;6.0;;[20 49 61 90];[1 1 2 2];[False  True False False];['Pontevedra' 'Pontevedra' 'Pontevedra' 'Pontevedra'];[0 1 2 3];[1 2 3 4];['D' 'H' 'H' 'H'];['H' 'H' 'H' 'H'];0.22;0.78;0.0;0.41;0.59;0.0;4941.0;24324.0;pontevedra cf;athletic bilbao b;;;Youth
2026-05-10;193332555;Switzerland Super League;Switzerland;11:30;Schedule;0.3409435575040671;1.85;3.0;1.95;3.0;0.0;0.0;;0.0;0.0;0.0;0.0;0.0;;FC Sion;;0.0;0.0;1.727;0;0.0;0 - 0;4.0;FC Thun;;0.0;0.0;4.2;0;0.0;-0.75;0 - 0;0-0;3.0;1.25;-;nan;;;;;;;;;;;;;;;;0.0;0.0;0.0;0.0;;;0.0;0.0;0.0;0.0;;[];[];[];[];[];[];[];[];1.0;0.0;0.0;1.0;0.0;0.0;2452.0;2454.0;fc sion;fc thun;;;
2026-05-10;193319726;Spain Primera Division RFEF Group 1;Spain;11:30;Schedule;0.20588235294117646;1.775;2.0, 2.5;2.025;2.0, 2.5;0.0;0.0;;0.0;0.0;0.0;0.0;0.0;;Ourense CF;;0.0;0.0;2.0;0;0.0;0 - 0;3.1;Celta Fortuna;;0.0;0.0;3.4;0;0.0;-0.25;0 - 0;0-0;2.5;1.0;-;nan;;;;;;;;;;;;;;;;0.0;0.0;0.0;0.0;;;0.0;0.0;0.0;0.0;;[];[];[];[];[];[];[];[];1.0;0.0;0.0;1.0;0.0;0.0;369052.0;24336.0;ourense cf;rc celta fortuna;;;
2026-05-10;194203548;England FA Cup Women;England;11:30;Schedule;0.20512820512820518;1.9;2.5, 3.0;1.9;2.5, 3.0;0.0;0.0;;0.0;0.0;0.0;0.0;0.0;;Chelsea (W);;0.0;0.0;1.95;0;0.0;0 - 0;3.6;Man City (W);;0.0;0.0;3.25;0;0.0;-0.5;0 - 0;0-0;2.75;1.25;-;nan;;;;;;;;;;;;;;;;0.0;0.0;0.0;0.0;;;0.0;0.0;0.0;0.0;;[];[];[];[];[];[];[];[];1.0;0.0;0.0;1.0;0.0;0.0;38.0;142658.0;chelsea fc;manchester city wfc;;;Women
2026-05-10;194273334;Czechia 5. Liga;Czech Republic;11:30;Schedule;-0.17600838135149288;1.95;3.0, 3.5;1.85;3.0, 3.5;0.0;0.0;;0.0;0.0;0.0;0.0;0.0;;Luka nad Jihlavou;;0.0;0.0;2.875;0;0.0;0 - 0;4.2;Bystrice Nad Pernstejnem;;0.0;0.0;1.909;0;0.0;0.5;0 - 0;0-0;3.25;1.25;-;nan;;;;;;;;;;;;;;;;0.0;0.0;0.0;0.0;;;0.0;0.0;0.0;0.0;;[];[];[];[];[];[];[];[];1.0;0.0;0.0;1.0;0.0;0.0;;;;;;;
2026-05-10;193001784;Germany 3. Liga;Germany;11:30;Schedule;-0.12416851441241689;1.95;3.0, 3.5;1.85;3.0, 3.5;0.0;0.0;;0.0;0.0;0.0;0.0;0.0;;FC Viktoria Köln;10.0;0.0;0.0;2.75;0;0.0;0 - 0;3.6;Alemannia Aachen;7.0;0.0;0.0;2.05;0;0.0;0.25;0 - 0;0-0;3.25;1.25;-;nan;;;;;;;;;;;;;;;;0.0;0.0;0.0;0.0;;;0.0;0.0;0.0;0.0;;[];[];[];[];[];[];[];[];1.0;0.0;0.0;1.0;0.0;0.0;53365.0;2546.0;fc viktoria cologne;alemannia aachen;;;
2026-05-10;194292580;Norway Division 2 Group 2;Norway;11:30;Schedule;0.10582010582010581;1.975;3.5;1.825;3.5;0.0;0.0;;0.0;0.0;0.0;0.0;0.0;;Tromsdalen;;0.0;0.0;2.1;0;0.0;0 - 0;3.8;Honefoss;;0.0;0.0;2.7;0;0.0;nan;0 - 0;0-0;;nan;-;nan;;;;;;;;;;;;;;;;0.0;0.0;0.0;0.0;;;0.0;0.0;0.0;0.0;;[];[];[];[];[];[];[];[];1.0;0.0;0.0;1.0;0.0;0.0;669.0;678.0;tromsdalen uil;hoenefoss bk;;;
2026-05-10;194262480;Cameroon Elite One;Cameroon;11:30;Schedule;0.38935370820572723;1.9;2.0, 2.5;1.9;2.0, 2.5;0.0;0.0;;0.0;0.0;0.0;0.0;0.0;;Dynamo de Douala;4.0;0.0;0.0;1.667;0;0.0;0 - 0;3.25;Stade Renard de Melong;10.0;0.0;0.0;4.75;0;0.0;-0.75;0 - 0;0-0;2.25;1.0;-;nan;;;;;;;;;;;;;;;;0.0;0.0;0.0;0.0;;;0.0;0.0;0.0;0.0;;[];[];[];[];[];[];[];[];1.0;0.0;0.0;1.0;0.0;0.0;;;;;;;
2026-05-10;194274070;Malawi Super League;Malawi;11:30;Schedule;0.16666666666666669;1.85;2.0;1.95;2.0;0.0;0.0;;0.0;0.0;0.0;0.0;0.0;;Mighty Wanderers;;0.0;0.0;2.0;0;0.0;0 - 0;3.5;Nyasa Big Bullets FC;;0.0;0.0;3.0;0;0.0;-0.25;0 - 0;0-0;2.0;0.75;-;nan;;;;;;;;;;;;;;;;0.0;0.0;0.0;0.0;;;0.0;0.0;0.0;0.0;;[];[];[];[];[];[];[];[];1.0;0.0;0.0;1.0;0.0;0.0;;;;;;;
2026-05-10;194267669;Austria Landesliga;Austria;11:30;Schedule;0.29332450988501946;1.9;3.0, 3.5;1.9;3.0, 3.5;0.0;0.0;;0.0;0.0;0.0;0.0;0.0;;FC Wolfurt;;0.0;0.0;1.727;0;0.0;0 - 0;4.0;FC Hard;;0.0;0.0;3.5;0;0.0;-0.75;0 - 0;0-0;3.25;1.25;-;nan;;;;;;;;;;;;;;;;0.0;0.0;0.0;0.0;;;0.0;0.0;0.0;0.0;;[];[];[];[];[];[];[];[];1.0;0.0;0.0;1.0;0.0;0.0;;;;;;;
2026-05-10;194268320;Czechia 4. Liga;Czech Republic;11:30;Schedule;0.13636363636363635;1.85;3.0, 3.5;1.95;3.0, 3.5;0.0;0.0;;0.0;0.0;0.0;0.0;0.0;;SSK Bilovec;;0.0;0.0;2.0;0;0.0;0 - 0;4.0;FK Bospor Bohumin;;0.0;0.0;2.75;0;0.0;-0.25;0 - 0;0-0;3.25;1.25;-;nan;;;;;;;;;;;;;;;;0.0;0.0;0.0;0.0;;;0.0;0.0;0.0;0.0;;[];[];[];[];[];[];[];[];1.0;0.0;0.0;1.0;0.0;0.0;;;;;;;
2026-05-10;193332549;Switzerland Super League;Switzerland;11:30;Schedule;0.22080416527771157;1.9;3.5;1.9;3.5;0.0;0.0;;0.0;0.0;0.0;0.0;0.0;;Young Boys;6.0;0.0;0.0;1.909;0;0.0;0 - 0;4.2;Basel;3.0;0.0;0.0;3.3;0;0.0;-0.5;0 - 0;0-0;3.5;1.5;-;nan;;;;;;;;;;;;;;;;0.0;0.0;0.0;0.0;;;0.0;0.0;0.0;0.0;;[];[];[];[];[];[];[];[];1.0;0.0;0.0;1.0;0.0;0.0;2445.0;2501.0;young boys bern;fc basel 1893;;;
2026-05-10;194275854;Iraq Stars League;Iraq;11:30;Schedule;-0.059523809523809534;1.775;2.0;2.025;2.0;0.0;0.0;;0.0;0.0;0.0;0.0;0.0;;Naft Maysan;;0.0;0.0;2.8;0;0.0;0 - 0;2.9;Al Naft SC;;0.0;0.0;2.4;0;0.0;0.0;0 - 0;0-0;2.0;0.75;-;nan;;;;;;;;;;;;;;;;0.0;0.0;0.0;0.0;;;0.0;0.0;0.0;0.0;;[];[];[];[];[];[];[];[];1.0;0.0;0.0;1.0;0.0;0.0;;;;;;;
2026-05-10;194267916;Austria Regionalliga Mitte;Austria;11:30;Schedule;0.0444444444444444;1.8;3.0;2.0;3.0;0.0;0.0;;0.0;0.0;0.0;0.0;0.0;;Wolfsberger AC II;;0.0;0.0;2.25;0;0.0;0 - 0;3.75;SV Lafnitz;;0.0;0.0;2.5;0;0.0;0.0;0 - 0;0-0;3.0;1.25;-;nan;;;;;;;;;;;;;;;;0.0;0.0;0.0;0.0;;;0.0;0.0;0.0;0.0;;[];[];[];[];[];[];[];[];1.0;0.0;0.0;1.0;0.0;0.0;2076.0;;wolfsberger ac;;;;Youth
2026-05-10;193319762;Spain Primera Division RFEF Group 2;Spain;11:30;Schedule;0.14253563390847712;1.875;2.0, 2.5;1.925;2.0, 2.5;0.0;0.0;;0.0;0.0;0.0;0.0;0.0;;CE Europa;;0.0;0.0;2.15;0;0.0;0 - 0;3.0;Villarreal B;;0.0;0.0;3.1;0;0.0;-0.25;0 - 0;0-0;2.25;1.0;-;nan;;;;;;;;;;;;;;;;0.0;0.0;0.0;0.0;;;0.0;0.0;0.0;0.0;;[];[];[];[];[];[];[];[];1.0;0.0;0.0;1.0;0.0;0.0;135672.0;24338.0;ce europa;villarreal cf b;;;Youth
2026-05-10;193320635;Sweden Allsvenskan;Sweden;11:30;Schedule;0.05303030303030304;1.85;2.5, 3.0;1.95;2.5, 3.0;0.0;0.0;;0.0;0.0;0.0;0.0;0.0;;BK Hacken;1.0;0.0;0.0;2.4;0;0.0;0 - 0;3.5;Malmo FF;1.0;0.0;0.0;2.75;0;0.0;0.0;0 - 0;0-0;2.75;1.25;-;nan;;;;;;;;;;;;;;;;0.0;0.0;0.0;0.0;;;0.0;0.0;0.0;0.0;;[];[];[];[];[];[];[];[];1.0;0.0;0.0;1.0;0.0;0.0;1760.0;1892.0;bk hacken;malmo ff;;;
2026-05-10;193006037;Netherlands Eredivisie;Netherlands;11:45;Schedule;-0.10971786833855796;1.875;3.0, 3.5;1.925;3.0, 3.5;0.0;0.0;;0.0;0.0;0.0;0.0;0.0;;FC Groningen;;0.0;0.0;2.9;0;0.0;0 - 0;3.8;NEC;;0.0;0.0;2.2;0;0.0;0.25;0 - 0;0-0;3.25;1.25;-;nan;;;;;;;;;;;;;;;;0.0;0.0;0.0;0.0;;;0.0;0.0;0.0;0.0;;[];[];[];[];[];[];[];[];1.0;0.0;0.0;1.0;0.0;0.0;2951.0;2962.0;fc groningen;nec nijmegen;;;
2026-05-10;193006048;Netherlands Eredivisie;Netherlands;11:45;Schedule;0.6081378299120234;2.0;3.5;1.8;3.5;0.0;0.0;;0.0;0.0;0.0;0.0;0.0;;FC Twente;;0.0;0.0;1.364;0;0.0;0 - 0;5.0;Sparta Rotterdam;;0.0;0.0;8.0;0;0.0;-1.5;0 - 0;0-0;3.5;1.5;-;nan;;;;;;;;;;;;;;;;0.0;0.0;0.0;0.0;;;0.0;0.0;0.0;0.0;;[];[];[];[];[];[];[];[];1.0;0.0;0.0;1.0;0.0;0.0;2955.0;2960.0;fc twente enschede;sparta rotterdam;;;
2026-05-10;193006044;Netherlands Eredivisie;Netherlands;11:45;Schedule;0.6251875468867217;2.0;3.5;1.8;3.5;0.0;0.0;;0.0;0.0;0.0;0.0;0.0;;Telstar;;0.0;0.0;1.333;0;0.0;0 - 0;5.5;Heracles;;0.0;0.0;8.0;0;0.0;-1.5;0 - 0;0-0;3.5;1.5;-;nan;;;;;;;;;;;;;;;;0.0;0.0;0.0;0.0;;;0.0;0.0;0.0;0.0;;[];[];[];[];[];[];[];[];1.0;0.0;0.0;1.0;0.0;0.0;2972.0;2977.0;sc telstar;heracles almelo;;;
2026-05-10;193006033;Netherlands Eredivisie;Netherlands;11:45;Schedule;0.2891434806328423;1.8;3.0, 3.5;2.0;3.0, 3.5;0.0;0.0;;0.0;0.0;0.0;0.0;0.0;;Feyenoord;;0.0;0.0;1.833;0;0.0;0 - 0;4.0;AZ;;0.0;0.0;3.9;0;0.0;-0.5;0 - 0;0-0;3.25;1.5;-;nan;;;;;;;;;;;;;;;;0.0;0.0;0.0;0.0;;;0.0;0.0;0.0;0.0;;[];[];[];[];[];[];[];[];1.0;0.0;0.0;1.0;0.0;0.0;2959.0;2950.0;feyenoord rotterdam;az alkmaar;;;
2026-05-10;193006042;Netherlands Eredivisie;Netherlands;11:45;Schedule;0.16369047619047616;1.85;3.0;1.95;3.0;0.0;0.0;;0.0;0.0;0.0;0.0;0.0;;Fortuna Sittard;;0.0;0.0;2.1;0;0.0;0 - 0;3.6;PEC Zwolle;;0.0;0.0;3.2;0;0.0;-0.25;0 - 0;0-0;3.0;1.25;-;nan;;;;;;;;;;;;;;;;0.0;0.0;0.0;0.0;;;0.0;0.0;0.0;0.0;;[];[];[];[];[];[];[];[];1.0;0.0;0.0;1.0;0.0;0.0;2957.0;2971.0;fortuna sittard;pec zwolle;;;
2026-05-10;193006040;Netherlands Eredivisie;Netherlands;11:45;Schedule;0.0;1.875;3.0, 3.5;1.925;3.0, 3.5;0.0;0.0;;0.0;0.0;0.0;0.0;0.0;;NAC;;0.0;0.0;2.55;0;0.0;0 - 0;3.75;Heerenveen;;0.0;0.0;2.55;0;0.0;0.0;0 - 0;0-0;3.25;1.25;-;nan;;;;;;;;;;;;;;;;0.0;0.0;0.0;0.0;;;0.0;0.0;0.0;0.0;;[];[];[];[];[];[];[];[];1.0;0.0;0.0;1.0;0.0;0.0;2947.0;2964.0;nac breda;sc heerenveen;;;
2026-05-10;193006035;Netherlands Eredivisie;Netherlands;11:45;Schedule;-0.4027777777777778;1.95;3.5, 4.0;1.85;3.5, 4.0;0.0;0.0;;0.0;0.0;0.0;0.0;0.0;;Go Ahead Eagles;;0.0;0.0;4.5;0;0.0;0 - 0;4.75;PSV;;0.0;0.0;1.6;0;0.0;1.0;0 - 0;0-0;3.75;1.5;-;nan;;;;;;;;;;;;;;;;0.0;0.0;0.0;0.0;;;0.0;0.0;0.0;0.0;;[];[];[];[];[];[];[];[];1.0;0.0;0.0;1.0;0.0;0.0;2979.0;2952.0;go ahead eagles;psv eindhoven;;;
2026-05-10;193006031;Netherlands Eredivisie;Netherlands;11:45;Schedule;0.32752613240418116;1.95;3.0;1.85;3.0;0.0;0.0;;0.0;0.0;0.0;0.0;0.0;;Excelsior;;0.0;0.0;1.75;0;0.0;0 - 0;4.0;FC Volendam;;0.0;0.0;4.1;0;0.0;-0.75;0 - 0;0-0;3.0;1.25;-;nan;;;;;;;;;;;;;;;;0.0;0.0;0.0;0.0;;;0.0;0.0;0.0;0.0;;[];[];[];[];[];[];[];[];1.0;0.0;0.0;1.0;0.0;0.0;2967.0;2968.0;excelsior rotterdam;fc volendam;;;
2026-05-10;193006029;Netherlands Eredivisie;Netherlands;11:45;Schedule;0.3776578017729787;1.825;3.0, 3.5;1.975;3.0, 3.5;0.0;0.0;;0.0;0.0;0.0;0.0;0.0;;Ajax;;0.0;0.0;1.667;0;0.0;0 - 0;4.2;FC Utrecht;;0.0;0.0;4.5;0;0.0;-0.75;0 - 0;0-0;3.25;1.5;-;nan;;;;;;;;;;;;;;;;0.0;0.0;0.0;0.0;;;0.0;0.0;0.0;0.0;;[];[];[];[];[];[];[];[];1.0;0.0;0.0;1.0;0.0;0.0;2953.0;2948.0;ajax amsterdam;fc utrecht;;;
2026-05-10;194260750;Georgia Erovnuli Liga;Georgia;12:00;Schedule;0.20588235294117646;1.875;2.0, 2.5;1.925;2.0, 2.5;0.0;0.0;;0.0;0.0;0.0;0.0;0.0;;FC Iberia 1999;;0.0;0.0;2.0;0;0.0;0 - 0;3.1;Torpedo Kutaisi;;0.0;0.0;3.4;0;0.0;-0.25;0 - 0;0-0;2.25;1.0;-;nan;;;;;;;;;;;;;;;;0.0;0.0;0.0;0.0;;;0.0;0.0;0.0;0.0;;[];[];[];[];[];[];[];[];1.0;0.0;0.0;1.0;0.0;0.0;;;;;;;
2026-05-10;194260763;Georgia First League;Georgia;12:00;Schedule;0.15360983102918585;1.85;2.0, 2.5;1.95;2.0, 2.5;0.0;0.0;;0.0;0.0;0.0;0.0;0.0;;FC Telavi;6.0;0.0;0.0;2.1;0;0.0;0 - 0;3.2;Kolkheti Poti;8.0;0.0;0.0;3.1;0;0.0;-0.25;0 - 0;0-0;2.25;nan;-;nan;;;;;;;;;;;;;;;;0.0;0.0;0.0;0.0;;;0.0;0.0;0.0;0.0;;[];[];[];[];[];[];[];[];1.0;0.0;0.0;1.0;0.0;0.0;;;;;;;
2026-05-10;194262727;Cameroon Elite One;Cameroon;12:00;Schedule;-0.20588235294117646;1.95;2.0, 2.5;1.85;2.0, 2.5;0.0;0.0;;0.0;0.0;0.0;0.0;0.0;;Fauve Azur Elite;;0.0;0.0;3.4;0;0.0;0 - 0;3.1;Cotonsport;;0.0;0.0;2.0;0;0.0;0.5;0 - 0;0-0;2.25;1.0;-;nan;;;;;;;;;;;;;;;;0.0;0.0;0.0;0.0;;;0.0;0.0;0.0;0.0;;[];[];[];[];[];[];[];[];1.0;0.0;0.0;1.0;0.0;0.0;;;;;;;
2026-05-10;194211784;Portugal U19 League;Portugal;12:00;Schedule;0.765988938225442;1.85;3.5;1.95;3.5;0.0;0.0;;0.0;0.0;0.0;0.0;0.0;;Benfica U19;;0.0;0.0;1.167;0;0.0;0 - 0;7.0;UD Leiria U19;;0.0;0.0;11.0;0;0.0;-2.25;0 - 0;0-0;3.5;1.5;-;nan;;;;;;;;;;;;;;;;0.0;0.0;0.0;0.0;;;0.0;0.0;0.0;0.0;;[];[];[];[];[];[];[];[];1.0;0.0;0.0;1.0;0.0;0.0;3006.0;3000.0;sl benfica;ud leiria;;;Youth
2026-05-10;194262730;Ghana Premier League;Ghana;12:00;Schedule;0.38823529411764707;1.975;2.0;1.825;2.0;0.0;0.0;;0.0;0.0;0.0;0.0;0.0;;Young Apostles;15.0;0.0;0.0;1.7;0;0.0;0 - 0;3.1;Nations FC;12.0;0.0;0.0;5.0;0;0.0;-0.75;0 - 0;0-0;2.0;0.75;-;nan;;;;;;;;;;;;;;;;0.0;0.0;0.0;0.0;;;0.0;0.0;0.0;0.0;;[];[];[];[];[];[];[];[];1.0;0.0;0.0;1.0;0.0;0.0;;;;;;;
2026-05-10;194262778;Hungary NB III;Hungary;12:00;Schedule;-0.34965034965034963;1.85;3.0, 3.5;1.95;3.0, 3.5;0.0;0.0;;0.0;0.0;0.0;0.0;0.0;;FC Tiszaujvaros;;0.0;0.0;3.9;0;0.0;0 - 0;3.9;Kisvarda II;;0.0;0.0;1.65;0;0.0;0.75;0 - 0;0-0;3.25;1.25;-;nan;;;;;;;;;;;;;;;;0.0;0.0;0.0;0.0;;;0.0;0.0;0.0;0.0;;[];[];[];[];[];[];[];[];1.0;0.0;0.0;1.0;0.0;0.0;;;;;;;Youth
2026-05-10;194263838;Czechia 2. Liga;Czech Republic;12:00;Schedule;0.5186077321450079;1.9;3.0;1.9;3.0;0.0;0.0;;0.0;0.0;0.0;0.0;0.0;;FC Brno;;0.0;0.0;1.444;0;0.0;0 - 0;4.2;FC Sellier & Bellot Vlasim;;0.0;0.0;5.75;0;0.0;-1.25;0 - 0;0-0;3.0;1.25;-;nan;;;;;;;;;;;;;;;;0.0;0.0;0.0;0.0;;;0.0;0.0;0.0;0.0;;[];[];[];[];[];[];[];[];1.0;0.0;0.0;1.0;0.0;0.0;2210.0;36024.0;fc zbrojovka brno;fc vlasim;;;
2026-05-10;193328369;Hungary NB II;Hungary;12:00;Schedule;-0.16522423288749022;2.0;2.5;1.8;2.5;0.0;0.0;;0.0;0.0;0.0;0.0;0.0;;Szentlorinc SE;14.0;0.0;0.0;3.1;0;0.0;0 - 0;3.25;Fehervar FC;7.0;0.0;0.0;2.05;0;0.0;0.25;0 - 0;0-0;2.5;1.0;-;nan;;;;;;;;;;;;;;;;0.0;0.0;0.0;0.0;;;0.0;0.0;0.0;0.0;;[];[];[];[];[];[];[];[];1.0;0.0;0.0;1.0;0.0;0.0;;;;;;;Youth
2026-05-10;193328363;Hungary NB II;Hungary;12:00;Schedule;0.4144736842105263;2.0;2.5;1.8;2.5;0.0;0.0;;0.0;0.0;0.0;0.0;0.0;;Kecskemeti TE;3.0;0.0;0.0;1.6;0;0.0;0 - 0;3.6;Mezokovesd Zsory;4.0;0.0;0.0;4.75;0;0.0;-0.75;0 - 0;0-0;2.5;1.0;-;nan;;;;;;;;;;;;;;;;0.0;0.0;0.0;0.0;;;0.0;0.0;0.0;0.0;;[];[];[];[];[];[];[];[];1.0;0.0;0.0;1.0;0.0;0.0;;;;;;;Youth
2026-05-10;193328357;Hungary NB II;Hungary;12:00;Schedule;-0.024509803921568596;2.025;2.5;1.775;2.5;0.0;0.0;;0.0;0.0;0.0;0.0;0.0;;Karcagi SE;;0.0;0.0;2.55;0;0.0;0 - 0;3.25;Tiszakecske FC;;0.0;0.0;2.4;0;0.0;0.0;0 - 0;0-0;2.5;1.0;-;nan;;;;;;;;;;;;;;;;0.0;0.0;0.0;0.0;;;0.0;0.0;0.0;0.0;;[];[];[];[];[];[];[];[];1.0;0.0;0.0;1.0;0.0;0.0;;;;;;;Youth
2026-05-10;193328316;Hungary NB II;Hungary;12:00;Schedule;0.01904761904761909;1.825;2.0;1.975;2.0;0.0;0.0;;0.0;0.0;0.0;0.0;0.0;;FC Ajka;10.0;0.0;0.0;2.5;0;0.0;0 - 0;3.0;Szeged-Csanad Grosics;11.0;0.0;0.0;2.625;0;0.0;0.0;0 - 0;0-0;2.0;0.75;-;nan;;;;;;;;;;;;;;;;0.0;0.0;0.0;0.0;;;0.0;0.0;0.0;0.0;;[];[];[];[];[];[];[];[];1.0;0.0;0.0;1.0;0.0;0.0;;;;;;;Youth
2026-05-10;194263506;Spain Primera Women;Spain;12:00;Schedule;0.33182503770739064;1.8;2.5, 3.0;2.0;2.5, 3.0;0.0;0.0;;0.0;0.0;0.0;0.0;0.0;;Real Madrid (W);;0.0;0.0;1.7;0;0.0;0 - 0;3.6;Atletico Madrid (W);;0.0;0.0;3.9;0;0.0;-0.75;0 - 0;0-0;2.75;1.25;-;nan;;;;;;;;;;;;;;;;0.0;0.0;0.0;0.0;;;0.0;0.0;0.0;0.0;;[];[];[];[];[];[];[];[];1.0;0.0;0.0;1.0;0.0;0.0;2829.0;2836.0;real madrid;atletico madrid;;;Women
2026-05-10;193331866;Norway Eliteserien;Norway;12:00;Schedule;-0.7735646958011996;1.825;3.5;1.975;3.5;0.0;0.0;;0.0;0.0;0.0;0.0;0.0;;IK Start;;0.0;0.0;12.0;0;0.0;0 - 0;6.5;Bodo/Glimt;;0.0;0.0;1.167;0;0.0;2.0;0 - 0;0-0;3.5;1.5;-;nan;;;;;;;;;;;;;;;;0.0;0.0;0.0;0.0;;;0.0;0.0;0.0;0.0;;[];[];[];[];[];[];[];[];1.0;0.0;0.0;1.0;0.0;0.0;667.0;656.0;ik start;bodoe/glimt;;;
2026-05-10;194262781;Hungary NB III;Hungary;12:00;Schedule;-0.675;1.825;3.0, 3.5;1.975;3.0, 3.5;0.0;0.0;;0.0;0.0;0.0;0.0;0.0;;Zsambeki SK;;0.0;0.0;8.0;0;0.0;0 - 0;6.0;Ujpest II;;0.0;0.0;1.25;0;0.0;1.75;0 - 0;0-0;3.25;1.5;-;nan;;;;;;;;;;;;;;;;0.0;0.0;0.0;0.0;;;0.0;0.0;0.0;0.0;;[];[];[];[];[];[];[];[];1.0;0.0;0.0;1.0;0.0;0.0;;1924.0;;ujpest fc budapest;;;Youth
2026-05-10;193331876;Norway Eliteserien;Norway;12:00;Schedule;0.4191950464396285;1.9;3.0;1.9;3.0;0.0;0.0;;0.0;0.0;0.0;0.0;0.0;;Sandefjord;;0.0;0.0;1.615;0;0.0;0 - 0;4.1;Kristiansund BK;;0.0;0.0;5.0;0;0.0;-0.75;0 - 0;0-0;3.0;1.25;-;nan;;;;;;;;;;;;;;;;0.0;0.0;0.0;0.0;;;0.0;0.0;0.0;0.0;;[];[];[];[];[];[];[];[];1.0;0.0;0.0;1.0;0.0;0.0;676.0;957.0;sandefjord fotball;kristiansund bk;;;
2026-05-10;194265937;Tunisia League 1;Tunisia;12:00;Schedule;0.23333333333333334;1.8;1.5, 2.0;2.0;1.5, 2.0;0.0;0.0;;0.0;0.0;0.0;0.0;0.0;;Esperance de Tunis;1.0;0.0;0.0;2.0;0;0.0;0 - 0;2.875;Club Africain;2.0;0.0;0.0;3.75;0;0.0;-0.25;0 - 0;0-0;1.75;0.75;-;nan;;;;;;;;;;;;;;;;0.0;0.0;0.0;0.0;;;0.0;0.0;0.0;0.0;;[];[];[];[];[];[];[];[];1.0;0.0;0.0;1.0;0.0;0.0;59628.0;;esperance sportive de tunis;;;;
2026-05-10;193331880;Norway Eliteserien;Norway;12:00;Schedule;0.2606765735711725;1.825;2.5;1.975;2.5;0.0;0.0;;0.0;0.0;0.0;0.0;0.0;;Tromso;;0.0;0.0;1.909;0;0.0;0 - 0;3.5;Molde;;0.0;0.0;3.8;0;0.0;-0.5;0 - 0;0-0;2.5;1.0;-;nan;;;;;;;;;;;;;;;;0.0;0.0;0.0;0.0;;;0.0;0.0;0.0;0.0;;[];[];[];[];[];[];[];[];1.0;0.0;0.0;1.0;0.0;0.0;660.0;661.0;tromsoe il;molde fk;;;
2026-05-10;193331977;Norway Division 1;Norway;12:00;Schedule;-0.5476190476190477;1.825;3.0, 3.5;1.975;3.0, 3.5;0.0;0.0;;0.0;0.0;0.0;0.0;0.0;;Asane;;0.0;0.0;6.0;0;0.0;0 - 0;4.2;Stromsgodset;;0.0;0.0;1.4;0;0.0;1.25;0 - 0;0-0;3.25;1.5;-;nan;;;;;;;;;;;;;;;;0.0;0.0;0.0;0.0;;;0.0;0.0;0.0;0.0;;[];[];[];[];[];[];[];[];1.0;0.0;0.0;1.0;0.0;0.0;682.0;1163.0;aasane fotball;stroemsgodset if;;;
2026-05-10;193331999;Norway Division 1;Norway;12:00;Schedule;0.025531914893617003;1.9;2.5, 3.0;1.9;2.5, 3.0;0.0;0.0;;0.0;0.0;0.0;0.0;0.0;;Moss;;0.0;0.0;2.35;0;0.0;0 - 0;3.5;Bryne;;0.0;0.0;2.5;0;0.0;0.0;0 - 0;0-0;2.75;1.25;-;nan;;;;;;;;;;;;;;;;0.0;0.0;0.0;0.0;;;0.0;0.0;0.0;0.0;;[];[];[];[];[];[];[];[];1.0;0.0;0.0;1.0;0.0;0.0;662.0;663.0;moss fk;bryne fk;;;
2026-05-10;193332003;Norway Division 1;Norway;12:00;Schedule;-0.0735930735930736;1.95;3.0;1.85;3.0;0.0;0.0;;0.0;0.0;0.0;0.0;0.0;;Raufoss;15.0;0.0;0.0;2.625;0;0.0;0 - 0;3.6;Lyn 1896;13.0;0.0;0.0;2.2;0;0.0;0.25;0 - 0;0-0;3.0;1.25;-;nan;;;;;;;;;;;;;;;;0.0;0.0;0.0;0.0;;;0.0;0.0;0.0;0.0;;[];[];[];[];[];[];[];[];1.0;0.0;0.0;1.0;0.0;0.0;668.0;657.0;raufoss il;lyn 1896 fk;;;
2026-05-10;193332008;Norway Division 1;Norway;12:00;Schedule;-0.22328548644338114;2.0;3.0, 3.5;1.8;3.0, 3.5;0.0;0.0;;0.0;0.0;0.0;0.0;0.0;;Sandnes Ulf;10.0;0.0;0.0;3.3;0;0.0;0 - 0;3.6;Stabaek;5.0;0.0;0.0;1.9;0;0.0;0.5;0 - 0;0-0;3.25;1.25;-;nan;;;;;;;;;;;;;;;;0.0;0.0;0.0;0.0;;;0.0;0.0;0.0;0.0;;[];[];[];[];[];[];[];[];1.0;0.0;0.0;1.0;0.0;0.0;929.0;1162.0;sandnes ulf;stabaek if;;;
2026-05-10;193332018;Norway Division 1;Norway;12:00;Schedule;0.20979020979020985;1.8;2.5;2.0;2.5;0.0;0.0;;0.0;0.0;0.0;0.0;0.0;;Strommen;;0.0;0.0;1.95;0;0.0;0 - 0;3.3;Hodd;;0.0;0.0;3.3;0;0.0;-0.5;0 - 0;0-0;2.5;1.0;-;nan;;;;;;;;;;;;;;;;0.0;0.0;0.0;0.0;;;0.0;0.0;0.0;0.0;;[];[];[];[];[];[];[];[];1.0;0.0;0.0;1.0;0.0;0.0;885.0;680.0;stroemmen if;hoedd il;;;
2026-05-10;194260795;Germany Bundesliga Women;Germany;12:00;Schedule;-0.2012538231467243;1.95;3.0, 3.5;1.85;3.0, 3.5;0.0;0.0;;0.0;0.0;0.0;0.0;0.0;;Union Berlin (W);;0.0;0.0;3.1;0;0.0;0 - 0;3.75;TSG 1899 Hoffenheim (W);;0.0;0.0;1.909;0;0.0;0.5;0 - 0;0-0;3.25;1.25;-;nan;;;;;;;;;;;;;;;;0.0;0.0;0.0;0.0;;;0.0;0.0;0.0;0.0;;[];[];[];[];[];[];[];[];1.0;0.0;0.0;1.0;0.0;0.0;36618.0;2569.0;fc union berlin;tsg hoffenheim;;;Women
2026-05-10;193332012;Norway Division 1;Norway;12:00;Schedule;-0.09474590869939709;1.875;3.0;1.925;3.0;0.0;0.0;;0.0;0.0;0.0;0.0;0.0;;Sogndal;12.0;0.0;0.0;2.7;0;0.0;0 - 0;3.7;Haugesund;3.0;0.0;0.0;2.15;0;0.0;0.25;0 - 0;0-0;3.0;1.25;-;nan;;;;;;;;;;;;;;;;0.0;0.0;0.0;0.0;;;0.0;0.0;0.0;0.0;;[];[];[];[];[];[];[];[];1.0;0.0;0.0;1.0;0.0;0.0;665.0;673.0;sogndal fotball;fk haugesund;;;
2026-05-10;194266468;Latvia 1. Liga;Latvia;12:00;Schedule;0.3560606060606061;1.85;3.0;1.95;3.0;0.0;0.0;;0.0;0.0;0.0;0.0;0.0;;Leevon PPK;4.0;0.0;0.0;1.65;0;0.0;0 - 0;4.0;Riga FC II;9.0;0.0;0.0;4.0;0;0.0;-0.75;0 - 0;0-0;3.0;1.25;-;nan;;;;;;;;;;;;;;;;0.0;0.0;0.0;0.0;;;0.0;0.0;0.0;0.0;;[];[];[];[];[];[];[];[];1.0;0.0;0.0;1.0;0.0;0.0;;162368.0;;riga fc;;;Youth
2026-05-10;193323534;Austria Bundesliga;Austria;12:00;Schedule;0.15742397137745973;1.825;2.5;1.975;2.5;0.0;0.0;;0.0;0.0;0.0;0.0;0.0;;Rapid Vienna;;0.0;0.0;2.15;0;0.0;0 - 0;3.4;FK Austria Vienna;;0.0;0.0;3.25;0;0.0;-0.25;0 - 0;0-0;2.5;1.0;-;nan;;;;;;;;;;;;;;;;0.0;0.0;0.0;0.0;;;0.0;0.0;0.0;0.0;;[];[];[];[];[];[];[];[];1.0;0.0;0.0;1.0;0.0;0.0;2055.0;2203.0;sk rapid;fk austria wien;;;
2026-05-10;193323527;Austria Bundesliga;Austria;12:00;Schedule;-0.05303030303030304;1.775;3.0;2.025;3.0;0.0;0.0;;0.0;0.0;0.0;0.0;0.0;;LASK Linz;;0.0;0.0;2.75;0;0.0;0 - 0;3.6;FC Salzburg;;0.0;0.0;2.4;0;0.0;0.0;0 - 0;0-0;3.0;1.25;-;nan;;;;;;;;;;;;;;;;0.0;0.0;0.0;0.0;;;0.0;0.0;0.0;0.0;;[];[];[];[];[];[];[];[];1.0;0.0;0.0;1.0;0.0;0.0;2058.0;2046.0;lask linz;fc salzburg;;;
2026-05-10;194085278;Cyprus Division 1;Cyprus;12:00;Schedule;0.348251811985181;1.8;2.5, 3.0;2.0;2.5, 3.0;0.0;0.0;;0.0;0.0;0.0;0.0;0.0;;Pafos FC;4.0;0.0;0.0;1.727;0;0.0;0 - 0;3.8;Aris Limassol;6.0;0.0;0.0;4.333;0;0.0;-0.75;0 - 0;0-0;2.75;1.25;-;nan;;;;;;;;;;;;;;;;0.0;0.0;0.0;0.0;;;0.0;0.0;0.0;0.0;;[];[];[];[];[];[];[];[];1.0;0.0;0.0;1.0;0.0;0.0;171626.0;3397.0;pafos fc;aris limassol fc;;;
2026-05-10;193323520;Austria Bundesliga;Austria;12:00;Schedule;-0.34064158781444726;2.0;2.5, 3.0;1.8;2.5, 3.0;0.0;0.0;;0.0;0.0;0.0;0.0;0.0;;Hartberg;6.0;0.0;0.0;4.333;0;0.0;0 - 0;3.8;SK Sturm Graz;1.0;0.0;0.0;1.75;0;0.0;0.75;0 - 0;0-0;2.75;1.0;-;nan;;;;;;;;;;;;;;;;0.0;0.0;0.0;0.0;;;0.0;0.0;0.0;0.0;;[];[];[];[];[];[];[];[];1.0;0.0;0.0;1.0;0.0;0.0;2075.0;2051.0;tsv hartberg;sk sturm graz;;;
2026-05-10;194085275;Cyprus Division 1;Cyprus;12:00;Schedule;0.26990553306342774;2.0;2.5, 3.0;1.8;2.5, 3.0;0.0;0.0;;0.0;0.0;0.0;0.0;0.0;;Omonia Nicosia;1.0;0.0;0.0;1.9;0;0.0;0 - 0;3.6;AEK Larnaca;2.0;0.0;0.0;3.9;0;0.0;-0.5;0 - 0;0-0;2.75;1.0;-;nan;;;;;;;;;;;;;;;;0.0;0.0;0.0;0.0;;;0.0;0.0;0.0;0.0;;[];[];[];[];[];[];[];[];1.0;0.0;0.0;1.0;0.0;0.0;3395.0;3404.0;ac omonia nicosia;aek larnaca;;;
2026-05-10;193332270;Slovakia Super Liga;Slovakia;12:00;Schedule;0.193687230989957;1.9;2.5;1.9;2.5;0.0;0.0;;0.0;0.0;0.0;0.0;0.0;;FC Kosice;;0.0;0.0;2.05;0;0.0;0 - 0;3.6;KFC Komarno;;0.0;0.0;3.4;0;0.0;-0.25;0 - 0;0-0;2.5;1.0;-;nan;;;;;;;;;;;;;;;;0.0;0.0;0.0;0.0;;;0.0;0.0;0.0;0.0;;[];[];[];[];[];[];[];[];1.0;0.0;0.0;1.0;0.0;0.0;168476.0;191850.0;fk kosice;kfc komarno;;;
2026-05-10;194264182;Ethiopia Premier League;Ethiopia;12:00;Schedule;0.07741935483870971;1.825;1.5;1.975;1.5;0.0;0.0;;0.0;0.0;0.0;0.0;0.0;;Ethio Electric FC;6.0;0.0;0.0;2.5;0;0.0;0 - 0;2.55;Fasil Kenema;5.0;0.0;0.0;3.1;0;0.0;0.0;0 - 0;0-0;1.5;0.5;-;nan;;;;;;;;;;;;;;;;0.0;0.0;0.0;0.0;;;0.0;0.0;0.0;0.0;;[];[];[];[];[];[];[];[];1.0;0.0;0.0;1.0;0.0;0.0;;;;;;;
2026-05-10;193328349;Hungary NB II;Hungary;12:00;Schedule;0.035714285714285754;1.9;2.0, 2.5;1.9;2.0, 2.5;0.0;0.0;;0.0;0.0;0.0;0.0;0.0;;Budafoki MTE;;0.0;0.0;2.4;0;0.0;0 - 0;3.2;BVSC Zuglo;;0.0;0.0;2.625;0;0.0;-0.5;0 - 0;0-0;2.25;1.0;-;nan;;;;;;;;;;;;;;;;0.0;0.0;0.0;0.0;;;0.0;0.0;0.0;0.0;;[];[];[];[];[];[];[];[];1.0;0.0;0.0;1.0;0.0;0.0;;;;;;;Youth
2026-05-10;194085271;Cyprus Division 1;Cyprus;12:00;Schedule;0.14685314685314682;1.775;2.0, 2.5;2.025;2.0, 2.5;0.0;0.0;;0.0;0.0;0.0;0.0;0.0;;Apollon Limassol;3.0;0.0;0.0;2.2;0;0.0;0 - 0;3.25;Apoel Nicosia;5.0;0.0;0.0;3.25;0;0.0;-0.25;0 - 0;0-0;2.5;1.0;-;nan;;;;;;;;;;;;;;;;0.0;0.0;0.0;0.0;;;0.0;0.0;0.0;0.0;;[];[];[];[];[];[];[];[];1.0;0.0;0.0;1.0;0.0;0.0;3402.0;3398.0;apollon limassol;apoel nikosia;;;
2026-05-10;194275419;Iceland 3 Deild;Iceland;12:00;Schedule;-0.07295941632466935;1.975;3.5, 4.0;1.825;3.5, 4.0;0.0;0.0;;0.0;0.0;0.0;0.0;0.0;;KA Asvellir;;0.0;0.0;2.55;0;0.0;0 - 0;3.9;UMF Tindastoll;;0.0;0.0;2.15;0;0.0;0.25;0 - 0;0-0;3.75;1.5;-;nan;;;;;;;;;;;;;;;;0.0;0.0;0.0;0.0;;;0.0;0.0;0.0;0.0;;[];[];[];[];[];[];[];[];1.0;0.0;0.0;1.0;0.0;0.0;;;;;;;
2026-05-10;194275180;Hungary NB III;Hungary;12:00;Schedule;0.33182503770739064;1.8;2.5, 3.0;2.0;2.5, 3.0;0.0;0.0;;0.0;0.0;0.0;0.0;0.0;;Godolloi SK;;0.0;0.0;1.7;0;0.0;0 - 0;3.7;Fuzesabonyi SC;;0.0;0.0;3.9;0;0.0;-0.75;0 - 0;0-0;2.75;1.25;-;nan;;;;;;;;;;;;;;;;0.0;0.0;0.0;0.0;;;0.0;0.0;0.0;0.0;;[];[];[];[];[];[];[];[];1.0;0.0;0.0;1.0;0.0;0.0;;;;;;;
2026-05-10;194274845;Hungary NB III;Hungary;12:00;Schedule;0.2936507936507936;1.975;3.0, 3.5;1.825;3.0, 3.5;0.0;0.0;;0.0;0.0;0.0;0.0;0.0;;Dorogi FC;;0.0;0.0;1.75;0;0.0;0 - 0;3.8;Komarom VSE;;0.0;0.0;3.6;0;0.0;-0.5;0 - 0;0-0;3.25;1.25;-;nan;;;;;;;;;;;;;;;;0.0;0.0;0.0;0.0;;;0.0;0.0;0.0;0.0;;[];[];[];[];[];[];[];[];1.0;0.0;0.0;1.0;0.0;0.0;;;;;;;
2026-05-10;194275164;Hungary NB III;Hungary;12:00;Schedule;-0.3627847900293721;1.875;3.0;1.925;3.0;0.0;0.0;;0.0;0.0;0.0;0.0;0.0;;Senyo Carnifex;;0.0;0.0;3.9;0;0.0;0 - 0;4.1;Tiszafured VSE;;0.0;0.0;1.615;0;0.0;0.75;0 - 0;0-0;3.0;1.25;-;nan;;;;;;;;;;;;;;;;0.0;0.0;0.0;0.0;;;0.0;0.0;0.0;0.0;;[];[];[];[];[];[];[];[];1.0;0.0;0.0;1.0;0.0;0.0;;;;;;;
2026-05-10;194345450;Hungary NB III;Hungary;12:00;Schedule;0.6666666666666667;1.85;3.0, 3.5;1.95;3.0, 3.5;0.0;0.0;;0.0;0.0;0.0;0.0;0.0;;DEAC;;0.0;0.0;1.25;0;0.0;0 - 0;5.5;Ozd Sajovolgye;;0.0;0.0;7.5;0;0.0;-1.75;0 - 0;0-0;3.25;1.25;-;nan;;;;;;;;;;;;;;;;0.0;0.0;0.0;0.0;;;0.0;0.0;0.0;0.0;;[];[];[];[];[];[];[];[];1.0;0.0;0.0;1.0;0.0;0.0;;;;;;;
2026-05-10;193286240;Poland II Liga;Poland;12:00;Schedule;-0.06349206349206349;1.95;2.5, 3.0;1.85;2.5, 3.0;0.0;0.0;;0.0;0.0;0.0;0.0;0.0;;Zaglebie Sosnowiec;;0.0;0.0;2.625;0;0.0;0 - 0;3.5;Hutnik Krakow;;0.0;0.0;2.25;0;0.0;0.0;0 - 0;0-0;2.5;1.0;-;nan;;;;;;;;;;;;;;;;0.0;0.0;0.0;0.0;;;0.0;0.0;0.0;0.0;;[];[];[];[];[];[];[];[];1.0;0.0;0.0;1.0;0.0;0.0;7693.0;38719.0;zaglebie sosnowiec;ks hutnik krakow ssa;;;Youth
2026-05-10;194273689;Hungary NB III;Hungary;12:00;Schedule;0.7735646958011996;1.8;3.0, 3.5;2.0;3.0, 3.5;0.0;0.0;;0.0;0.0;0.0;0.0;0.0;;ESMTK;;0.0;0.0;1.167;0;0.0;0 - 0;6.25;Hodmezovasarhelyi;;0.0;0.0;12.0;0;0.0;-2.25;0 - 0;0-0;3.25;1.5;-;nan;;;;;;;;;;;;;;;;0.0;0.0;0.0;0.0;;;0.0;0.0;0.0;0.0;;[];[];[];[];[];[];[];[];1.0;0.0;0.0;1.0;0.0;0.0;;;;;;;
2026-05-10;194320560;Spain Segunda Division RFEF Play-Offs;Spain;12:00;Schedule;-0.050682261208576995;1.975;2.0, 2.5;1.825;2.0, 2.5;0.0;0.0;;0.0;0.0;0.0;0.0;0.0;;Utebo;;0.0;0.0;2.7;0;0.0;0 - 0;3.2;Aguilas;;0.0;0.0;2.375;0;0.0;0.0;0 - 0;0-0;2.25;1.0;-;nan;;;;;;;;;;;;;;;;0.0;0.0;0.0;0.0;;;0.0;0.0;0.0;0.0;;[];[];[];[];[];[];[];[];1.0;0.0;0.0;1.0;0.0;0.0;;;;;;;
2026-05-10;194273694;Hungary NB III;Hungary;12:00;Schedule;-0.34346976758494446;1.975;3.0, 3.5;1.825;3.0, 3.5;0.0;0.0;;0.0;0.0;0.0;0.0;0.0;;BKV Elore SC;;0.0;0.0;3.9;0;0.0;0 - 0;3.9;III Keruleti TVE;;0.0;0.0;1.667;0;0.0;0.75;0 - 0;0-0;3.25;1.25;-;nan;;;;;;;;;;;;;;;;0.0;0.0;0.0;0.0;;;0.0;0.0;0.0;0.0;;[];[];[];[];[];[];[];[];1.0;0.0;0.0;1.0;0.0;0.0;;;;;;;
2026-05-10;194273696;Hungary NB III;Hungary;12:00;Schedule;0.2113344683080146;1.975;3.0;1.825;3.0;0.0;0.0;;0.0;0.0;0.0;0.0;0.0;;Dunaharaszti MTK;;0.0;0.0;1.909;0;0.0;0 - 0;3.6;Szeged-Csanad Grosics II;;0.0;0.0;3.2;0;0.0;-0.5;0 - 0;0-0;3.0;1.25;-;nan;;;;;;;;;;;;;;;;0.0;0.0;0.0;0.0;;;0.0;0.0;0.0;0.0;;[];[];[];[];[];[];[];[];1.0;0.0;0.0;1.0;0.0;0.0;;;;;;;Youth
2026-05-10;194273294;Czechia 4. Liga;Czech Republic;12:00;Schedule;0.765988938225442;1.9;3.5;1.9;3.5;0.0;0.0;;0.0;0.0;0.0;0.0;0.0;;FK Caslav;;0.0;0.0;1.167;0;0.0;0 - 0;6.0;FK Nachod;;0.0;0.0;11.0;0;0.0;-2.0;0 - 0;0-0;3.5;1.5;-;nan;;;;;;;;;;;;;;;;0.0;0.0;0.0;0.0;;;0.0;0.0;0.0;0.0;;[];[];[];[];[];[];[];[];1.0;0.0;0.0;1.0;0.0;0.0;;;;;;;
2026-05-10;194273698;Hungary NB III;Hungary;12:00;Schedule;-0.26143790849673204;1.925;3.0, 3.5;1.875;3.0, 3.5;0.0;0.0;;0.0;0.0;0.0;0.0;0.0;;Szegedi VSE;;0.0;0.0;3.4;0;0.0;0 - 0;3.7;Csepel;;0.0;0.0;1.8;0;0.0;0.5;0 - 0;0-0;3.25;1.25;-;nan;;;;;;;;;;;;;;;;0.0;0.0;0.0;0.0;;;0.0;0.0;0.0;0.0;;[];[];[];[];[];[];[];[];1.0;0.0;0.0;1.0;0.0;0.0;;;;;;;
2026-05-10;194278304;Morocco GNF 2;Morocco;12:00;Schedule;0.1270903010033445;1.85;1.5, 2.0;1.95;1.5, 2.0;0.0;0.0;;0.0;0.0;0.0;0.0;0.0;;Racing de Casablanca;;0.0;0.0;2.3;0;0.0;0 - 0;2.7;Stade Marocain Du Rabat;;0.0;0.0;3.25;0;0.0;-0.25;0 - 0;0-0;1.75;0.75;-;nan;;;;;;;;;;;;;;;;0.0;0.0;0.0;0.0;;;0.0;0.0;0.0;0.0;;[];[];[];[];[];[];[];[];1.0;0.0;0.0;1.0;0.0;0.0;;;;;;;
2026-05-10;194273259;Hungary NB III;Hungary;12:00;Schedule;-0.0444444444444444;1.825;3.5;1.975;3.5;0.0;0.0;;0.0;0.0;0.0;0.0;0.0;;Papai Perutz;;0.0;0.0;2.5;0;0.0;0 - 0;3.75;Budaorsi SC;;0.0;0.0;2.25;0;0.0;0.0;0 - 0;0-0;3.5;1.5;-;nan;;;;;;;;;;;;;;;;0.0;0.0;0.0;0.0;;;0.0;0.0;0.0;0.0;;[];[];[];[];[];[];[];[];1.0;0.0;0.0;1.0;0.0;0.0;;;;;;;
2026-05-10;194273256;Hungary NB III;Hungary;12:00;Schedule;0.012889366272824943;1.825;2.5, 3.0;1.975;2.5, 3.0;0.0;0.0;;0.0;0.0;0.0;0.0;0.0;;Veszprem FC;;0.0;0.0;2.375;0;0.0;0 - 0;3.5;Puskas Academy II;;0.0;0.0;2.45;0;0.0;0.0;0 - 0;0-0;2.75;1.25;-;nan;;;;;;;;;;;;;;;;0.0;0.0;0.0;0.0;;;0.0;0.0;0.0;0.0;;[];[];[];[];[];[];[];[];1.0;0.0;0.0;1.0;0.0;0.0;;25596.0;;puskas akademia fc felcsut;;;Youth
2026-05-10;194278308;Morocco GNF 2;Morocco;12:00;Schedule;0.25609756097560976;1.775;1.5;2.025;1.5;0.0;0.0;;0.0;0.0;0.0;0.0;0.0;;Widad Temara;;0.0;0.0;2.0;0;0.0;0 - 0;2.7;US Amal Tiznit;;0.0;0.0;4.1;0;0.0;-0.5;0 - 0;0-0;1.5;nan;-;nan;;;;;;;;;;;;;;;;0.0;0.0;0.0;0.0;;;0.0;0.0;0.0;0.0;;[];[];[];[];[];[];[];[];1.0;0.0;0.0;1.0;0.0;0.0;;;;;;;
2026-05-10;194267353;Czechia 3. Liga;Czech Republic;12:00;Schedule;0.09157509157509158;1.875;3.0, 3.5;1.925;3.0, 3.5;0.0;0.0;;0.0;0.0;0.0;0.0;0.0;;Varnsdorf;;0.0;0.0;2.1;0;0.0;0 - 0;4.0;Slovan Liberec B;;0.0;0.0;2.6;0;0.0;-0.25;0 - 0;0-0;3.25;1.25;-;nan;;;;;;;;;;;;;;;;0.0;0.0;0.0;0.0;;;0.0;0.0;0.0;0.0;;[];[];[];[];[];[];[];[];1.0;0.0;0.0;1.0;0.0;0.0;;2219.0;;fc slovan liberec;;;Youth
2026-05-10;193107620;Poland I Liga;Poland;12:00;Schedule;0.044579533941236094;1.9;2.5, 3.0;1.9;2.5, 3.0;0.0;0.0;;0.0;0.0;0.0;0.0;0.0;;Pogon Siedlce;;0.0;0.0;2.35;0;0.0;0 - 0;3.3;Stal Rzeszow;;0.0;0.0;2.625;0;0.0;0.0;0 - 0;0-0;2.75;1.25;-;nan;;;;;;;;;;;;;;;;0.0;0.0;0.0;0.0;;;0.0;0.0;0.0;0.0;;[];[];[];[];[];[];[];[];1.0;0.0;0.0;1.0;0.0;0.0;162252.0;37207.0;pogon siedlce;zks stal rzeszow;;;
2026-05-10;194277652;Hungary NB III;Hungary;12:00;Schedule;0.6540682414698162;1.95;3.5;1.85;3.5;0.0;0.0;;0.0;0.0;0.0;0.0;0.0;;FC Nagykanizsa;;0.0;0.0;1.27;0;0.0;0 - 0;5.25;PEAC FC;;0.0;0.0;7.5;0;0.0;-1.75;0 - 0;0-0;3.5;1.5;-;nan;;;;;;;;;;;;;;;;0.0;0.0;0.0;0.0;;;0.0;0.0;0.0;0.0;;[];[];[];[];[];[];[];[];1.0;0.0;0.0;1.0;0.0;0.0;;;;;;;
2026-05-10;193331871;Norway Eliteserien;Norway;12:00;Schedule;-0.36215816703621584;2.0;3.0, 3.5;1.8;3.0, 3.5;0.0;0.0;;0.0;0.0;0.0;0.0;0.0;;KFUM;;0.0;0.0;4.1;0;0.0;0 - 0;4.75;Viking FK;;0.0;0.0;1.65;0;0.0;0.75;0 - 0;0-0;3.25;1.25;-;nan;;;;;;;;;;;;;;;;0.0;0.0;0.0;0.0;;;0.0;0.0;0.0;0.0;;[];[];[];[];[];[];[];[];1.0;0.0;0.0;1.0;0.0;0.0;786.0;1164.0;kfum oslo;viking fk;;;
2026-05-10;194267433;Czechia 3. Liga;Czech Republic;12:00;Schedule;0.27731092436974786;1.925;3.0, 3.5;1.875;3.0, 3.5;0.0;0.0;;0.0;0.0;0.0;0.0;0.0;;SK Sokol Brozany;;0.0;0.0;1.75;0;0.0;0 - 0;4.2;SK Sparta Kolin;;0.0;0.0;3.4;0;0.0;-0.75;0 - 0;0-0;3.25;1.25;-;nan;;;;;;;;;;;;;;;;0.0;0.0;0.0;0.0;;;0.0;0.0;0.0;0.0;;[];[];[];[];[];[];[];[];1.0;0.0;0.0;1.0;0.0;0.0;;;;;;;
2026-05-10;194317932;Poland IV Liga;Poland;12:00;Schedule;0.13636363636363635;1.825;3.0;1.975;3.0;0.0;0.0;;0.0;0.0;0.0;0.0;0.0;;Arka Pawlow;;0.0;0.0;2.0;0;0.0;0 - 0;4.0;GKS Rudki;;0.0;0.0;2.75;0;0.0;-0.25;0 - 0;0-0;3.0;1.25;-;nan;;;;;;;;;;;;;;;;0.0;0.0;0.0;0.0;;;0.0;0.0;0.0;0.0;;[];[];[];[];[];[];[];[];1.0;0.0;0.0;1.0;0.0;0.0;;;;;;;
2026-05-10;194317926;Poland IV Liga;Poland;12:00;Schedule;-0.13636363636363635;2.0;3.5;1.8;3.5;0.0;0.0;;0.0;0.0;0.0;0.0;0.0;;Pcimianka Pcim;;0.0;0.0;2.75;0;0.0;0 - 0;4.0;Dalin Myslenice;;0.0;0.0;2.0;0;0.0;0.25;0 - 0;0-0;3.5;1.5;-;nan;;;;;;;;;;;;;;;;0.0;0.0;0.0;0.0;;;0.0;0.0;0.0;0.0;;[];[];[];[];[];[];[];[];1.0;0.0;0.0;1.0;0.0;0.0;;;;;;;
2026-05-10;194312092;Bosnia & Herzegovina 1st League;Bosnia;12:00;Schedule;0.6821384169084127;1.975;2.5;1.825;2.5;0.0;0.0;;0.0;0.0;0.0;0.0;0.0;;NK Celik Zenica;;0.0;0.0;1.27;0;0.0;0 - 0;4.5;NK Tosk Tesanj;;0.0;0.0;9.5;0;0.0;-1.5;0 - 0;0-0;2.5;1.0;-;nan;;;;;;;;;;;;;;;;0.0;0.0;0.0;0.0;;;0.0;0.0;0.0;0.0;;[];[];[];[];[];[];[];[];1.0;0.0;0.0;1.0;0.0;0.0;;;;;;;
2026-05-10;194277650;Hungary NB III;Hungary;12:00;Schedule;0.5579710144927538;1.95;3.5;1.85;3.5;0.0;0.0;;0.0;0.0;0.0;0.0;0.0;;Majosi SE;;0.0;0.0;1.38;0;0.0;0 - 0;4.5;Penzugyor SE;;0.0;0.0;6.0;0;0.0;-1.5;0 - 0;0-0;3.5;1.5;-;nan;;;;;;;;;;;;;;;;0.0;0.0;0.0;0.0;;;0.0;0.0;0.0;0.0;;[];[];[];[];[];[];[];[];1.0;0.0;0.0;1.0;0.0;0.0;;;;;;;
2026-05-10;194272379;Chile Primera Division Women;Chile;12:00;Schedule;0.3367221292583588;2.0;3.0;1.8;3.0;0.0;0.0;;0.0;0.0;0.0;0.0;0.0;;Universidad de Concepcion (W);;0.0;0.0;1.667;0;0.0;0 - 0;4.0;Deportes Temuco (W);;0.0;0.0;3.8;0;0.0;-0.75;0 - 0;0-0;3.0;1.25;-;nan;;;;;;;;;;;;;;;;0.0;0.0;0.0;0.0;;;0.0;0.0;0.0;0.0;;[];[];[];[];[];[];[];[];1.0;0.0;0.0;1.0;0.0;0.0;5034.0;;universidad de concepcion;;;;Women
2026-05-10;194292185;Mexico Liga MX U19 Femenil;Mexico;12:00;Schedule;-0.2888888888888889;2.025;2.0, 2.5;1.775;2.0, 2.5;0.0;0.0;;0.0;0.0;0.0;0.0;0.0;;Juarez FC U19 (W);;0.0;0.0;3.75;0;0.0;0 - 0;3.4;Toluca U19 (W);;0.0;0.0;1.8;0;0.0;0.5;0 - 0;0-0;2.25;0.75;-;nan;;;;;;;;;;;;;;;;0.0;0.0;0.0;0.0;;;0.0;0.0;0.0;0.0;;[];[];[];[];[];[];[];[];1.0;0.0;0.0;1.0;0.0;0.0;215048.0;1931.0;fc juarez;deportivo toluca fc;;;Youth-Women
2026-05-10;194292182;Mexico Liga MX U19 Femenil;Mexico;12:00;Schedule;0.22328548644338114;2.0;2.5;1.8;2.5;0.0;0.0;;0.0;0.0;0.0;0.0;0.0;;Atlas U19 (W);;0.0;0.0;1.9;0;0.0;0 - 0;3.5;Monterrey U19 (W);;0.0;0.0;3.3;0;0.0;-0.5;0 - 0;0-0;2.5;1.0;-;nan;;;;;;;;;;;;;;;;0.0;0.0;0.0;0.0;;;0.0;0.0;0.0;0.0;;[];[];[];[];[];[];[];[];1.0;0.0;0.0;1.0;0.0;0.0;376766.0;334061.0;atlas fc;cf monterrey;;;Youth-Women
2026-05-10;194277648;Hungary NB III;Hungary;12:00;Schedule;0.050167224080267636;1.975;3.0;1.825;3.0;0.0;0.0;;0.0;0.0;0.0;0.0;0.0;;BFC Siofok;;0.0;0.0;2.3;0;0.0;0 - 0;3.4;Erdi VSE;;0.0;0.0;2.6;0;0.0;0.0;0 - 0;0-0;3.0;1.25;-;nan;;;;;;;;;;;;;;;;0.0;0.0;0.0;0.0;;;0.0;0.0;0.0;0.0;;[];[];[];[];[];[];[];[];1.0;0.0;0.0;1.0;0.0;0.0;;;;;;;
2026-05-10;194272425;Croatia 1.NL;Croatia;12:00;Schedule;0.36601307189542487;2.0;2.0, 2.5;1.8;2.0, 2.5;0.0;0.0;;0.0;0.0;0.0;0.0;0.0;;NK Croatia Zmijavci;12.0;0.0;0.0;1.7;0;0.0;0 - 0;3.25;NK Jarun;11.0;0.0;0.0;4.5;0;0.0;-0.75;0 - 0;0-0;2.25;0.75;-;nan;;;;;;;;;;;;;;;;0.0;0.0;0.0;0.0;;;0.0;0.0;0.0;0.0;;[];[];[];[];[];[];[];[];1.0;0.0;0.0;1.0;0.0;0.0;249455.0;476940.0;nk croatia zmijavci;nk jarun zagreb;;;
2026-05-10;194293448;Scotland Premier League Women;Scotland;12:00;Schedule;-0.2777777777777778;1.825;2.0, 2.5;1.975;2.0, 2.5;0.0;0.0;;0.0;0.0;0.0;0.0;0.0;;Hibernian (W);;0.0;0.0;3.6;0;0.0;0 - 0;3.7;Glasgow City (W);;0.0;0.0;1.8;0;0.0;0.5;0 - 0;0-0;2.25;nan;-;nan;;;;;;;;;;;;;;;;0.0;0.0;0.0;0.0;;;0.0;0.0;0.0;0.0;;[];[];[];[];[];[];[];[];1.0;0.0;0.0;1.0;0.0;0.0;2354.0;;hibernian fc;;;;Women
2026-05-10;194319859;Tanzania Premier League;Tanzania;12:15;Schedule;0.8564593301435406;2.0;3.0;1.8;3.0;0.0;0.0;;0.0;0.0;0.0;0.0;0.0;;Simba Sports Club;2.0;0.0;0.0;1.1;0;0.0;0 - 0;8.0;Tanzania Prisons;15.0;0.0;0.0;19.0;0;0.0;-2.25;0 - 0;0-0;3.0;nan;-;nan;;;;;;;;;;;;;;;;0.0;0.0;0.0;0.0;;;0.0;0.0;0.0;0.0;;[];[];[];[];[];[];[];[];1.0;0.0;0.0;1.0;0.0;0.0;;;;;;;
2026-05-10;194265957;UAE Pro League;UAE;12:25;Schedule;-0.6168542135533884;1.9;3.0;1.9;3.0;0.0;0.0;;0.0;0.0;0.0;0.0;0.0;;Baniyas SC;;0.0;0.0;7.5;0;0.0;0 - 0;4.333;Shabab Al Ahli Dubai;;0.0;0.0;1.333;0;0.0;1.5;0 - 0;0-0;3.0;1.25;-;nan;;;;;;;;;;;;;;;;0.0;0.0;0.0;0.0;;;0.0;0.0;0.0;0.0;;[];[];[];[];[];[];[];[];1.0;0.0;0.0;1.0;0.0;0.0;58689.0;370464.0;baniyas club;shabab al ahli dubai;;;
2026-05-10;194265959;UAE Pro League;UAE;12:25;Schedule;-0.07407407407407407;1.825;2.5;1.975;2.5;0.0;0.0;;0.0;0.0;0.0;0.0;0.0;;Al Bataeh;;0.0;0.0;2.7;0;0.0;0 - 0;3.3;Sharjah SCC;;0.0;0.0;2.25;0;0.0;0.25;0 - 0;0-0;2.5;1.0;-;nan;;;;;;;;;;;;;;;;0.0;0.0;0.0;0.0;;;0.0;0.0;0.0;0.0;;[];[];[];[];[];[];[];[];1.0;0.0;0.0;1.0;0.0;0.0;634516.0;34060.0;al bataeh (uae);sharjah fc;;;
2026-05-10;194265964;UAE Pro League;UAE;12:25;Schedule;-0.00816326530612238;1.8;2.5;2.0;2.5;0.0;0.0;;0.0;0.0;0.0;0.0;0.0;;Dibba Al Fujairah;;0.0;0.0;2.5;0;0.0;0 - 0;3.3;Ajman SCC;;0.0;0.0;2.45;0;0.0;0.0;0 - 0;0-0;2.5;1.0;-;nan;;;;;;;;;;;;;;;;0.0;0.0;0.0;0.0;;;0.0;0.0;0.0;0.0;;[];[];[];[];[];[];[];[];1.0;0.0;0.0;1.0;0.0;0.0;81309.0;58687.0;dibba al fujairah;ajman club;;;
2026-05-10;194265961;UAE Pro League;UAE;12:25;Schedule;0.7349972722313147;1.775;3.0;2.025;3.0;0.0;0.0;;0.0;0.0;0.0;0.0;0.0;;Al Ain SCC;;0.0;0.0;1.222;0;0.0;0 - 0;5.75;Al Dhafra SCC;;0.0;0.0;12.0;0;0.0;-1.75;0 - 0;0-0;3.0;1.25;-;nan;;;;;;;;;;;;;;;;0.0;0.0;0.0;0.0;;;0.0;0.0;0.0;0.0;;[];[];[];[];[];[];[];[];1.0;0.0;0.0;1.0;0.0;0.0;37082.0;81305.0;al ain fc;al dhafra ssc;;;
2026-05-10;194297091;Spain Tercera Group 17;Spain;12:30;Schedule;-0.11904761904761901;2.0;2.5;1.8;2.5;0.0;0.0;;0.0;0.0;0.0;0.0;0.0;;CD Utrillas;;0.0;0.0;2.8;0;0.0;0 - 0;3.6;Caspe;;0.0;0.0;2.1;0;0.0;0.25;0 - 0;0-0;2.5;1.0;-;nan;;;;;;;;;;;;;;;;0.0;0.0;0.0;0.0;;;0.0;0.0;0.0;0.0;;[];[];[];[];[];[];[];[];1.0;0.0;0.0;1.0;0.0;0.0;;;;;;;
2026-05-10;194319968;Togo Premier Division;Togo;12:30;Schedule;-0.3097535569264163;1.95;1.5, 2.0;1.85;1.5, 2.0;0.0;0.0;;0.0;0.0;0.0;0.0;0.0;;AS Binah;;0.0;0.0;4.333;0;0.0;0 - 0;2.8;ASKO Kara;;0.0;0.0;1.85;0;0.0;0.5;0 - 0;0-0;1.75;0.75;-;nan;;;;;;;;;;;;;;;;0.0;0.0;0.0;0.0;;;0.0;0.0;0.0;0.0;;[];[];[];[];[];[];[];[];1.0;0.0;0.0;1.0;0.0;0.0;;;;;;;
2026-05-10;193000814;Germany Bundesliga I;Germany;12:30;Schedule;0.20979020979020985;1.925;3.0, 3.5;1.925;3.0, 3.5;0.0;0.0;;0.0;0.0;0.0;0.0;0.0;;Cologne;14.0;0.0;0.0;1.95;0;0.0;0 - 0;4.1;Heidenheim;18.0;0.0;0.0;3.3;0;0.0;-0.5;0 - 0;0-0;3.25;1.25;-;nan;;;;;;;;;;;;;;;;0.0;0.0;0.0;0.0;;;0.0;0.0;0.0;0.0;;[];[];[];[];[];[];[];[];1.0;0.0;0.0;1.0;0.0;0.0;2671.0;5885.0;1. fc cologne;1. fc heidenheim;;;
2026-05-10;194272383;Croatia First League Women;Croatia;12:30;Schedule;0.0735930735930736;2.0;3.0;1.8;3.0;0.0;0.0;;0.0;0.0;0.0;0.0;0.0;;ZNK Agram (W);;0.0;0.0;2.2;0;0.0;0 - 0;3.6;ZNK Hajduk Split (W);;0.0;0.0;2.625;0;0.0;-0.25;0 - 0;0-0;3.0;1.25;-;nan;;;;;;;;;;;;;;;;0.0;0.0;0.0;0.0;;;0.0;0.0;0.0;0.0;;[];[];[];[];[];[];[];[];1.0;0.0;0.0;1.0;0.0;0.0;;;;;;;Women
2026-05-10;193762026;Poland Ekstraklasa;Poland;12:30;Schedule;-0.38383838383838387;1.85;2.5, 3.0;1.95;2.5, 3.0;0.0;0.0;;0.0;0.0;0.0;0.0;0.0;;Termalica BB Nieciecza;18.0;0.0;0.0;4.5;0;0.0;0 - 0;3.8;Legia Warsaw;11.0;0.0;0.0;1.65;0;0.0;0.75;0 - 0;0-0;2.75;1.25;-;nan;;;;;;;;;;;;;;;;0.0;0.0;0.0;0.0;;;0.0;0.0;0.0;0.0;;[];[];[];[];[];[];[];[];1.0;0.0;0.0;1.0;0.0;0.0;36851.0;3106.0;bruk-bet termalica nieciecza;legia warszawa;;;
2026-05-10;194263810;Croatia U19 League;Croatia;12:30;Schedule;-0.6823529411764706;2.0;3.0, 3.5;1.8;3.0, 3.5;0.0;0.0;;0.0;0.0;0.0;0.0;0.0;;NK Sesvete U19;;0.0;0.0;8.5;0;0.0;0 - 0;5.0;Dinamo Zagreb U19;;0.0;0.0;1.25;0;0.0;1.75;0 - 0;0-0;3.25;1.25;-;nan;;;;;;;;;;;;;;;;0.0;0.0;0.0;0.0;;;0.0;0.0;0.0;0.0;;[];[];[];[];[];[];[];[];1.0;0.0;0.0;1.0;0.0;0.0;54297.0;2032.0;nk sesvete;gnk dinamo zagreb;;;Youth
2026-05-10;194220506;Azerbaijan Premier League;Azerbaijan;12:30;Schedule;0.4848484848484848;1.85;2.5;1.95;2.5;0.0;0.0;;0.0;0.0;0.0;0.0;0.0;;Neftchi Baku;;0.0;0.0;1.5;0;0.0;0 - 0;3.75;Shamakhi FK;;0.0;0.0;5.5;0;0.0;-1.0;0 - 0;0-0;2.5;1.0;-;nan;;;;;;;;;;;;;;;;0.0;0.0;0.0;0.0;;;0.0;0.0;0.0;0.0;;[];[];[];[];[];[];[];[];1.0;0.0;0.0;1.0;0.0;0.0;;;;;;;
2026-05-10;193332496;South Africa Premier;South Africa;12:30;Schedule;-0.10295126973232671;1.775;1.5, 2.0;2.025;1.5, 2.0;0.0;0.0;;0.0;0.0;0.0;0.0;0.0;;Sekhukhune United;;0.0;0.0;3.1;0;0.0;0 - 0;2.875;Kaizer Chiefs;;0.0;0.0;2.35;0;0.0;0.25;0 - 0;0-0;1.75;0.75;-;nan;;;;;;;;;;;;;;;;0.0;0.0;0.0;0.0;;;0.0;0.0;0.0;0.0;;[];[];[];[];[];[];[];[];1.0;0.0;0.0;1.0;0.0;0.0;760704.0;7663.0;sekhukhune united;kaizer chiefs;;;
2026-05-10;194272427;Croatia 3.NL;Croatia;12:30;Schedule;-0.42601092163891596;1.975;3.0;1.825;3.0;0.0;0.0;;0.0;0.0;0.0;0.0;0.0;;NK Kamen Podbablje;;0.0;0.0;4.75;0;0.0;0 - 0;3.8;NK Zagora;;0.0;0.0;1.571;0;0.0;0.75;0 - 0;0-0;3.0;1.25;-;nan;;;;;;;;;;;;;;;;0.0;0.0;0.0;0.0;;;0.0;0.0;0.0;0.0;;[];[];[];[];[];[];[];[];1.0;0.0;0.0;1.0;0.0;0.0;;;;;;;
2026-05-10;194266472;Lithuania A Lyga Women;Lithuania;12:30;Schedule;-0.2514360899842752;2.0;2.5, 3.0;1.8;2.5, 3.0;0.0;0.0;;0.0;0.0;0.0;0.0;0.0;;FA Siauliai (W);;0.0;0.0;3.4;0;0.0;0 - 0;3.5;FK Zalgiris Vilnius (W);;0.0;0.0;1.833;0;0.0;-0.25;0 - 0;0-0;3.5;1.5;-;nan;;;;;;;;;;;;;;;;0.0;0.0;0.0;0.0;;;0.0;0.0;0.0;0.0;;[];[];[];[];[];[];[];[];1.0;0.0;0.0;1.0;0.0;0.0;557322.0;5345.0;fa siauliai;vilnius fk zalgiris;;;Women
2026-05-10;194295279;Spain Tercera Group 17;Spain;12:30;Schedule;0.07763975155279507;;;;;0.0;0.0;;0.0;0.0;0.0;0.0;0.0;;Monzón;;0.0;0.0;2.3;0;0.0;0 - 0;3.1;CD Cuarte;;0.0;0.0;2.8;0;0.0;nan;0 - 0;0-0;;nan;-;nan;;;;;;;;;;;;;;;;0.0;0.0;0.0;0.0;;;0.0;0.0;0.0;0.0;;[];[];[];[];[];[];[];[];1.0;0.0;0.0;1.0;0.0;0.0;;;;;;;
2026-05-10;194203855;Bosnia & Herzegovina Premier Liga;Bosnia;12:30;Schedule;0.3174603174603175;2.025;2.0, 2.5;1.775;2.0, 2.5;0.0;0.0;;0.0;0.0;0.0;0.0;0.0;;Zeljeznicar;;0.0;0.0;1.8;0;0.0;0 - 0;3.1;FK Sloga Doboj;;0.0;0.0;4.2;0;0.0;-0.5;0 - 0;0-0;2.25;0.75;-;nan;;;;;;;;;;;;;;;;0.0;0.0;0.0;0.0;;;0.0;0.0;0.0;0.0;;[];[];[];[];[];[];[];[];1.0;0.0;0.0;1.0;0.0;0.0;;;;;;;
2026-05-10;194200602;Montenegro Druga Liga;Montenegro;12:30;Schedule;0.28239584230625664;1.825;2.0, 2.5;1.975;2.0, 2.5;0.0;0.0;;0.0;0.0;0.0;0.0;0.0;;FK Grbalj Radanovici;;0.0;0.0;1.833;0;0.0;0 - 0;3.3;FK Iskra Danilovgrad;;0.0;0.0;3.8;0;0.0;-0.5;0 - 0;0-0;2.25;1.0;-;nan;;;;;;;;;;;;;;;;0.0;0.0;0.0;0.0;;;0.0;0.0;0.0;0.0;;[];[];[];[];[];[];[];[];1.0;0.0;0.0;1.0;0.0;0.0;;;;;;;
2026-05-10;192501382;England Premier League;England;12:30;Schedule;-0.43452380952380953;1.875;2.5, 3.0;1.975;2.5, 3.0;0.0;0.0;;0.0;0.0;0.0;0.0;0.0;;West Ham;18.0;0.0;0.0;5.25;0;0.0;0 - 0;4.1;Arsenal;1.0;0.0;0.0;1.6;0;0.0;1.0;0 - 0;0-0;2.75;1.25;-;nan;;;;;;;;;;;;;;;;0.0;0.0;0.0;0.0;;;0.0;0.0;0.0;0.0;;[];[];[];[];[];[];[];[];1.0;0.0;0.0;1.0;0.0;0.0;37.0;42.0;west ham united;arsenal fc;;;
2026-05-10;194318801;Croatia 3.NL;Croatia;12:30;Schedule;0.1774193548387097;1.8;2.5;2.0;2.5;0.0;0.0;;0.0;0.0;0.0;0.0;0.0;;NK Bistra;;0.0;0.0;2.0;0;0.0;0 - 0;3.4;NK Tresnjevka;;0.0;0.0;3.1;0;0.0;-0.25;0 - 0;0-0;2.5;1.0;-;nan;;;;;;;;;;;;;;;;0.0;0.0;0.0;0.0;;;0.0;0.0;0.0;0.0;;[];[];[];[];[];[];[];[];1.0;0.0;0.0;1.0;0.0;0.0;;;;;;;
2026-05-10;194265942;Türkiye 2 Lig Beyaz;Turkey;13:00;Schedule;-0.007541478129713508;1.775;2.0;2.025;2.0;0.0;0.0;;0.0;0.0;0.0;0.0;0.0;;Muglaspor;;0.0;0.0;2.6;0;0.0;0 - 0;3.0;Elazigspor;;0.0;0.0;2.55;0;0.0;0.0;0 - 0;0-0;2.0;0.75;-;nan;;;;;;;;;;;;;;;;0.0;0.0;0.0;0.0;;;0.0;0.0;0.0;0.0;;[];[];[];[];[];[];[];[];1.0;0.0;0.0;1.0;0.0;0.0;;;;;;;
2026-05-10;193715891;Romania Liga I;Romania;13:00;Schedule;0.4155844155844156;1.975;2.0, 2.5;1.825;2.0, 2.5;0.0;0.0;;0.0;0.0;0.0;0.0;0.0;;Dinamo Bucharest;;0.0;0.0;1.65;0;0.0;0 - 0;3.3;FC Arges Pitesti;;0.0;0.0;5.25;0;0.0;-0.75;0 - 0;0-0;2.25;1.0;-;nan;;;;;;;;;;;;;;;;0.0;0.0;0.0;0.0;;;0.0;0.0;0.0;0.0;;[];[];[];[];[];[];[];[];1.0;0.0;0.0;1.0;0.0;0.0;3292.0;116221.0;fc dinamo bucuresti 1948;acs champions fc arges;;;
2026-05-10;194200588;Montenegro Prva Liga;Montenegro;13:00;Schedule;0.2222222222222222;1.775;2.0;2.025;2.0;0.0;0.0;;0.0;0.0;0.0;0.0;0.0;;FK Decic Tuzi;;0.0;0.0;2.0;0;0.0;0 - 0;3.0;FK Jezero;;0.0;0.0;3.6;0;0.0;-0.5;0 - 0;0-0;2.0;0.75;-;nan;;;;;;;;;;;;;;;;0.0;0.0;0.0;0.0;;;0.0;0.0;0.0;0.0;;[];[];[];[];[];[];[];[];1.0;0.0;0.0;1.0;0.0;0.0;;;;;;;
2026-05-10;194274314;Women’s Friendly;International (World);13:00;Schedule;0.7006835467411187;1.95;3.5;1.85;3.5;0.0;0.0;;0.0;0.0;0.0;0.0;0.0;;Glentoran (W);;0.0;0.0;1.222;0;0.0;0 - 0;5.6;Waterford FC (W);;0.0;0.0;8.5;0;0.0;-1.75;0 - 0;0-0;3.5;1.5;-;nan;;;;;;;;;;;;;;;;0.0;0.0;0.0;0.0;;;0.0;0.0;0.0;0.0;;[];[];[];[];[];[];[];[];1.0;0.0;0.0;1.0;0.0;0.0;5179.0;3194.0;glentoran fc;waterford fc;;;Women
2026-05-10;194266508;Morocco GNF 1;Morocco;13:00;Schedule;0.25641025641025644;2.025;2.0;1.775;2.0;0.0;0.0;;0.0;0.0;0.0;0.0;0.0;;IRT Tanger;;0.0;0.0;1.95;0;0.0;0 - 0;2.875;Difaa El Jadida;;0.0;0.0;3.9;0;0.0;-0.25;0 - 0;0-0;2.0;0.75;-;nan;;;;;;;;;;;;;;;;0.0;0.0;0.0;0.0;;;0.0;0.0;0.0;0.0;;[];[];[];[];[];[];[];[];1.0;0.0;0.0;1.0;0.0;0.0;87180.0;55043.0;ittihad tanger;difaa hassani d'el-jadida;;;
2026-05-10;194200595;Montenegro Prva Liga;Montenegro;13:00;Schedule;-0.029629629629629672;1.75;2.0;2.05;2.0;0.0;0.0;;0.0;0.0;0.0;0.0;0.0;;OFK Mladost DG;;0.0;0.0;2.7;0;0.0;0 - 0;2.9;OFK Petrovac;;0.0;0.0;2.5;0;0.0;0.0;0 - 0;0-0;2.0;0.75;-;nan;;;;;;;;;;;;;;;;0.0;0.0;0.0;0.0;;;0.0;0.0;0.0;0.0;;[];[];[];[];[];[];[];[];1.0;0.0;0.0;1.0;0.0;0.0;;;;;;;
2026-05-10;194271170;Georgia First League;Georgia;13:00;Schedule;-0.035714285714285754;1.825;2.0, 2.5;1.975;2.0, 2.5;0.0;0.0;;0.0;0.0;0.0;0.0;0.0;;FC Gori;;0.0;0.0;2.625;0;0.0;0 - 0;3.2;FC Samtredia;;0.0;0.0;2.4;0;0.0;0.0;0 - 0;0-0;2.25;1.0;-;nan;;;;;;;;;;;;;;;;0.0;0.0;0.0;0.0;;;0.0;0.0;0.0;0.0;;[];[];[];[];[];[];[];[];1.0;0.0;0.0;1.0;0.0;0.0;;;;;;;
2026-05-10;193331468;Denmark Superligaen;Denmark;13:00;Schedule;-0.08695652173913049;1.8;2.5, 3.0;2.0;2.5, 3.0;0.0;0.0;;0.0;0.0;0.0;0.0;0.0;;Brondby;;0.0;0.0;2.875;0;0.0;0 - 0;3.6;AGF Aarhus;;0.0;0.0;2.3;0;0.0;0.25;0 - 0;0-0;2.75;1.25;-;nan;;;;;;;;;;;;;;;;0.0;0.0;0.0;0.0;;;0.0;0.0;0.0;0.0;;[];[];[];[];[];[];[];[];1.0;0.0;0.0;1.0;0.0;0.0;1281.0;1291.0;broendby if;agf aarhus;;;
2026-05-10;194276280;Luxembourg Division Nationale;Luxembourg;13:00;Schedule;0.4417894050193979;1.85;2.5;1.95;2.5;0.0;0.0;;0.0;0.0;0.0;0.0;0.0;;UNA Strassen;;0.0;0.0;1.533;0;0.0;0 - 0;3.8;Jeunesse Esch;;0.0;0.0;4.75;0;0.0;-1.0;0 - 0;0-0;2.5;1.0;-;nan;;;;;;;;;;;;;;;;0.0;0.0;0.0;0.0;;;0.0;0.0;0.0;0.0;;[];[];[];[];[];[];[];[];1.0;0.0;0.0;1.0;0.0;0.0;;;;;;;
2026-05-10;194271166;Georgia First League;Georgia;13:00;Schedule;0.36909304038107676;2.0;2.5;1.8;2.5;0.0;0.0;;0.0;0.0;0.0;0.0;0.0;;Shturmi;;0.0;0.0;1.667;0;0.0;0 - 0;3.5;Sioni Bolnisi;;0.0;0.0;4.333;0;0.0;-0.75;0 - 0;0-0;2.5;1.0;-;nan;;;;;;;;;;;;;;;;0.0;0.0;0.0;0.0;;;0.0;0.0;0.0;0.0;;[];[];[];[];[];[];[];[];1.0;0.0;0.0;1.0;0.0;0.0;;;;;;;
2026-05-10;194265750;Italy Serie A Women;Italy;13:00;Schedule;0.4417894050193979;1.975;2.5, 3.0;1.825;2.5, 3.0;0.0;0.0;;0.0;0.0;0.0;0.0;0.0;;Lazio (W);;0.0;0.0;1.533;0;0.0;0 - 0;4.0;Ternana (W);;0.0;0.0;4.75;0;0.0;-1.0;0 - 0;0-0;2.75;1.25;-;nan;;;;;;;;;;;;;;;;0.0;0.0;0.0;0.0;;;0.0;0.0;0.0;0.0;;[];[];[];[];[];[];[];[];1.0;0.0;0.0;1.0;0.0;0.0;2699.0;943869.0;lazio rome;ternana;;;Women
2026-05-10;194278312;Morocco League Women;Morocco;13:00;Schedule;0.24642289348171692;1.975;2.5, 3.0;1.825;2.5, 3.0;0.0;0.0;;0.0;0.0;0.0;0.0;0.0;;CS Hilal Temara (W);;0.0;0.0;1.85;0;0.0;0 - 0;3.6;Phoenix Marrakech (W);;0.0;0.0;3.4;0;0.0;-0.5;0 - 0;0-0;2.75;1.25;-;nan;;;;;;;;;;;;;;;;0.0;0.0;0.0;0.0;;;0.0;0.0;0.0;0.0;;[];[];[];[];[];[];[];[];1.0;0.0;0.0;1.0;0.0;0.0;;;;;;;Women
2026-05-10;194278295;Mexico U21 League;Mexico;13:00;Schedule;0.10147991543340379;2.0;2.5;1.8;2.5;0.0;0.0;;0.0;0.0;0.0;0.0;0.0;;Chivas Guadalajara U21;;0.0;0.0;2.15;0;0.0;0 - 0;3.7;Juarez FC U21;;0.0;0.0;2.75;0;0.0;-0.25;0 - 0;0-0;2.5;1.0;-;nan;;;;;;;;;;;;;;;;0.0;0.0;0.0;0.0;;;0.0;0.0;0.0;0.0;;[];[];[];[];[];[];[];[];1.0;0.0;0.0;1.0;0.0;0.0;1938.0;215048.0;cd guadalajara;fc juarez;;;Youth
2026-05-10;194277655;Hungary NB III;Hungary;13:00;Schedule;0.6263736263736264;1.85;3.0, 3.5;1.95;3.0, 3.5;0.0;0.0;;0.0;0.0;0.0;0.0;0.0;;Pecsi MFC;;0.0;0.0;1.3;0;0.0;0 - 0;5.0;Dunaujvaros FC;;0.0;0.0;7.0;0;0.0;-1.5;0 - 0;0-0;3.25;1.25;-;nan;;;;;;;;;;;;;;;;0.0;0.0;0.0;0.0;;;0.0;0.0;0.0;0.0;;[];[];[];[];[];[];[];[];1.0;0.0;0.0;1.0;0.0;0.0;;;;;;;
2026-05-10;194261407;Spain Tercera Group 1;Spain;13:00;Schedule;0.26990553306342774;1.8;2.0;2.0;2.0;0.0;0.0;;0.0;0.0;0.0;0.0;0.0;;Racing Club Villalbes;;0.0;0.0;1.9;0;0.0;0 - 0;3.1;Lugo B;;0.0;0.0;3.9;0;0.0;-0.5;0 - 0;0-0;2.0;nan;-;nan;;;;;;;;;;;;;;;;0.0;0.0;0.0;0.0;;;0.0;0.0;0.0;0.0;;[];[];[];[];[];[];[];[];1.0;0.0;0.0;1.0;0.0;0.0;;24332.0;;cd lugo;;;Youth
2026-05-10;194273340;Czechia 5. Liga;Czech Republic;13:00;Schedule;-0.5501875468867217;1.925;4.5, 5.0;1.875;4.5, 5.0;0.0;0.0;;0.0;0.0;0.0;0.0;0.0;;Karlovy Vary B;;0.0;0.0;5.0;0;0.0;0 - 0;6.0;Hvezda Cheb;;0.0;0.0;1.333;0;0.0;1.5;0 - 0;0-0;4.75;2.0;-;nan;;;;;;;;;;;;;;;;0.0;0.0;0.0;0.0;;;0.0;0.0;0.0;0.0;;[];[];[];[];[];[];[];[];1.0;0.0;0.0;1.0;0.0;0.0;;;;;;;Youth
2026-05-10;194200593;Montenegro Prva Liga;Montenegro;13:00;Schedule;-0.28239584230625664;1.9;2.0, 2.5;1.9;2.0, 2.5;0.0;0.0;;0.0;0.0;0.0;0.0;0.0;;FK Jedinstvo Franca;;0.0;0.0;3.8;0;0.0;0 - 0;3.3;Buducnost Podgorica;;0.0;0.0;1.833;0;0.0;0.5;0 - 0;0-0;2.25;1.0;-;nan;;;;;;;;;;;;;;;;0.0;0.0;0.0;0.0;;;0.0;0.0;0.0;0.0;;[];[];[];[];[];[];[];[];1.0;0.0;0.0;1.0;0.0;0.0;;;;;;;
2026-05-10;193319778;Spain Primera Division RFEF Group 2;Spain;13:00;Schedule;0.14685314685314682;1.825;2.0;1.975;2.0;0.0;0.0;;0.0;0.0;0.0;0.0;0.0;;SD Tarazona;;0.0;0.0;2.2;0;0.0;0 - 0;2.875;Gimnastic;;0.0;0.0;3.25;0;0.0;-0.25;0 - 0;0-0;2.0;0.75;-;nan;;;;;;;;;;;;;;;;0.0;0.0;0.0;0.0;;;0.0;0.0;0.0;0.0;;[];[];[];[];[];[];[];[];1.0;0.0;0.0;1.0;0.0;0.0;336771.0;2840.0;sd tarazona;gimnastic de tarragona;;;
2026-05-10;194263851;Czechia 2. Liga;Czech Republic;13:00;Schedule;0.00816326530612238;1.9;2.5;1.9;2.5;0.0;0.0;;0.0;0.0;0.0;0.0;0.0;;Vysocina Jihlava;;0.0;0.0;2.45;0;0.0;0 - 0;3.2;Hanacka Slavia Kromeriz;;0.0;0.0;2.5;0;0.0;0.0;0 - 0;0-0;2.5;1.0;-;nan;;;;;;;;;;;;;;;;0.0;0.0;0.0;0.0;;;0.0;0.0;0.0;0.0;;[];[];[];[];[];[];[];[];1.0;0.0;0.0;1.0;0.0;0.0;4863.0;4865.0;fc vysocina jihlava;sk hanacka slavia kromeriz;;;
2026-05-10;194200597;Montenegro Prva Liga;Montenegro;13:00;Schedule;0.658119658119658;1.775;2.0, 2.5;2.025;2.0, 2.5;0.0;0.0;;0.0;0.0;0.0;0.0;0.0;;FK Mornar Bar;;0.0;0.0;1.3;0;0.0;0 - 0;4.333;FK Bokelj;;0.0;0.0;9.0;0;0.0;-1.25;0 - 0;0-0;2.25;1.0;-;nan;;;;;;;;;;;;;;;;0.0;0.0;0.0;0.0;;;0.0;0.0;0.0;0.0;;[];[];[];[];[];[];[];[];1.0;0.0;0.0;1.0;0.0;0.0;;;;;;;
2026-05-10;194259986;Bahrain Premier League;Bahrain;13:00;Schedule;-0.3214285714285714;1.9;2.0, 2.5;1.9;2.0, 2.5;0.0;0.0;;0.0;0.0;0.0;0.0;0.0;;Al Shabab Manama;;0.0;0.0;4.0;0;0.0;0 - 0;3.4;Sitra;;0.0;0.0;1.75;0;0.0;0.5;0 - 0;0-0;2.25;1.0;-;nan;;;;;;;;;;;;;;;;0.0;0.0;0.0;0.0;;;0.0;0.0;0.0;0.0;;[];[];[];[];[];[];[];[];1.0;0.0;0.0;1.0;0.0;0.0;45476.0;117220.0;al-shabab;sitra club;;;
2026-05-10;194267021;Portugal Campeonato Nacional;Portugal;13:00;Schedule;0.14285714285714285;1.975;2.5;1.825;2.5;0.0;0.0;;0.0;0.0;0.0;0.0;0.0;;Rebordosa;;0.0;0.0;2.1;0;0.0;0 - 0;3.3;SC Vianense;;0.0;0.0;3.0;0;0.0;-0.25;0 - 0;0-0;2.5;1.0;-;nan;;;;;;;;;;;;;;;;0.0;0.0;0.0;0.0;;;0.0;0.0;0.0;0.0;;[];[];[];[];[];[];[];[];1.0;0.0;0.0;1.0;0.0;0.0;;;;;;;
2026-05-10;194275413;Burkina Faso League;Burkina Faso;13:00;Schedule;0.19047619047619047;1.95;1.5, 2.0;1.85;1.5, 2.0;0.0;0.0;;0.0;0.0;0.0;0.0;0.0;;Real du Faso;;0.0;0.0;2.1;0;0.0;0 - 0;2.8;Etoile Filante Ouagadougou;;0.0;0.0;3.5;0;0.0;-0.25;0 - 0;0-0;1.75;0.75;-;nan;;;;;;;;;;;;;;;;0.0;0.0;0.0;0.0;;;0.0;0.0;0.0;0.0;;[];[];[];[];[];[];[];[];1.0;0.0;0.0;1.0;0.0;0.0;;;;;;;
2026-05-10;194267369;Spain Segunda Division RFEF Play-Offs;Spain;13:00;Schedule;0.09740259740259738;1.875;2.0, 2.5;1.925;2.0, 2.5;0.0;0.0;;0.0;0.0;0.0;0.0;0.0;;Real Madrid C;;0.0;0.0;2.2;0;0.0;0 - 0;3.3;CD Estepona;;0.0;0.0;2.8;0;0.0;-0.25;0 - 0;0-0;2.25;1.0;-;nan;;;;;;;;;;;;;;;;0.0;0.0;0.0;0.0;;;0.0;0.0;0.0;0.0;;[];[];[];[];[];[];[];[];1.0;0.0;0.0;1.0;0.0;0.0;;;;;;;
2026-05-10;193004731;Italy Serie A;Italy;13:00;Schedule;-0.5128205128205128;1.8;2.0, 2.5;2.05;2.0, 2.5;0.0;0.0;;0.0;0.0;0.0;0.0;0.0;;Parma;13.0;0.0;0.0;6.5;0;0.0;0 - 0;4.1;Roma;5.0;0.0;0.0;1.5;0;0.0;1.0;0 - 0;0-0;2.25;1.0;-;nan;;;;;;;;;;;;;;;;0.0;0.0;0.0;0.0;;;0.0;0.0;0.0;0.0;;[];[];[];[];[];[];[];[];1.0;0.0;0.0;1.0;0.0;0.0;2690.0;2702.0;parma calcio;as roma;;;
2026-05-10;193754998;Lithuania A Lyga;Lithuania;13:00;Schedule;-0.49385749385749383;1.975;2.5;1.825;2.5;0.0;0.0;;0.0;0.0;0.0;0.0;0.0;;FK Panevezys;7.0;0.0;0.0;5.5;0;0.0;0 - 0;3.9;FK Kauno Zalgiris;1.0;0.0;0.0;1.48;0;0.0;1.0;0 - 0;0-0;2.5;1.0;-;nan;;;;;;;;;;;;;;;;0.0;0.0;0.0;0.0;;;0.0;0.0;0.0;0.0;;[];[];[];[];[];[];[];[];1.0;0.0;0.0;1.0;0.0;0.0;197434.0;80741.0;fk panevezys;fk kauno zalgiris;;;
2026-05-10;194221659;Bahrain Premier League;Bahrain;13:00;Schedule;0.050682261208576995;1.975;2.0, 2.5;1.825;2.0, 2.5;0.0;0.0;;0.0;0.0;0.0;0.0;0.0;;A'ali Club;;0.0;0.0;2.375;0;0.0;0 - 0;3.0;Budaiya;;0.0;0.0;2.7;0;0.0;0.0;0 - 0;0-0;2.25;1.0;-;nan;;;;;;;;;;;;;;;;0.0;0.0;0.0;0.0;;;0.0;0.0;0.0;0.0;;[];[];[];[];[];[];[];[];1.0;0.0;0.0;1.0;0.0;0.0;937191.0;193666.0;aali;al budaiya;;;
2026-05-10;194267018;Portugal Campeonato Nacional;Portugal;13:00;Schedule;0.24615384615384622;1.9;2.0;1.9;2.0;0.0;0.0;;0.0;0.0;0.0;0.0;0.0;;Louletano DC;;0.0;0.0;1.95;0;0.0;0 - 0;3.0;GD Vitoria de Sernache;;0.0;0.0;3.75;0;0.0;-0.5;0 - 0;0-0;2.0;0.75;-;nan;;;;;;;;;;;;;;;;0.0;0.0;0.0;0.0;;;0.0;0.0;0.0;0.0;;[];[];[];[];[];[];[];[];1.0;0.0;0.0;1.0;0.0;0.0;;;;;;;
2026-05-10;194267015;Portugal Campeonato Nacional;Portugal;13:00;Schedule;0.040916530278232444;1.9;2.5;1.9;2.5;0.0;0.0;;0.0;0.0;0.0;0.0;0.0;;Braganca;;0.0;0.0;2.35;0;0.0;0 - 0;3.3;Leca;;0.0;0.0;2.6;0;0.0;0.0;0 - 0;0-0;2.5;1.0;-;nan;;;;;;;;;;;;;;;;0.0;0.0;0.0;0.0;;;0.0;0.0;0.0;0.0;;[];[];[];[];[];[];[];[];1.0;0.0;0.0;1.0;0.0;0.0;;;;;;;
2026-05-10;194297016;Spain Tercera Group 14;Spain;13:00;Schedule;0.040100250626566414;1.775;2.0, 2.5;2.025;2.0, 2.5;0.0;0.0;;0.0;0.0;0.0;0.0;0.0;;CD Diocesano;;0.0;0.0;2.375;0;0.0;0 - 0;3.2;SP Villafranca;;0.0;0.0;2.625;0;0.0;0.0;0 - 0;0-0;2.25;1.0;-;nan;;;;;;;;;;;;;;;;0.0;0.0;0.0;0.0;;;0.0;0.0;0.0;0.0;;[];[];[];[];[];[];[];[];1.0;0.0;0.0;1.0;0.0;0.0;;;;;;;
2026-05-10;194221665;Bahrain Premier League;Bahrain;13:00;Schedule;-0.6251875468867217;1.975;2.5, 3.0;1.825;2.5, 3.0;0.0;0.0;;0.0;0.0;0.0;0.0;0.0;;Bahrain SC;;0.0;0.0;8.0;0;0.0;0 - 0;4.2;Al-Najma Manama;;0.0;0.0;1.333;0;0.0;1.25;0 - 0;0-0;2.75;1.0;-;nan;;;;;;;;;;;;;;;;0.0;0.0;0.0;0.0;;;0.0;0.0;0.0;0.0;;[];[];[];[];[];[];[];[];1.0;0.0;0.0;1.0;0.0;0.0;60428.0;45475.0;al bahrain;al-najma manama;;;
2026-05-10;194273261;Hungary NB III;Hungary;13:00;Schedule;0.465149359886202;1.975;3.0, 3.5;1.825;3.0, 3.5;0.0;0.0;;0.0;0.0;0.0;0.0;0.0;;Gyirmot SE;;0.0;0.0;1.48;0;0.0;0 - 0;4.333;FC Tatabanya;;0.0;0.0;4.75;0;0.0;-1.25;0 - 0;0-0;3.25;1.25;-;nan;;;;;;;;;;;;;;;;0.0;0.0;0.0;0.0;;;0.0;0.0;0.0;0.0;;[];[];[];[];[];[];[];[];1.0;0.0;0.0;1.0;0.0;0.0;;;;;;;
2026-05-10;194273266;Hungary NB III;Hungary;13:00;Schedule;0.19023986765922257;1.975;3.0;1.825;3.0;0.0;0.0;;0.0;0.0;0.0;0.0;0.0;;Szombathelyi Haladas;;0.0;0.0;1.95;0;0.0;0 - 0;3.6;Mosonmagyarovari;;0.0;0.0;3.1;0;0.0;-0.5;0 - 0;0-0;3.0;1.25;-;nan;;;;;;;;;;;;;;;;0.0;0.0;0.0;0.0;;;0.0;0.0;0.0;0.0;;[];[];[];[];[];[];[];[];1.0;0.0;0.0;1.0;0.0;0.0;;;;;;;
2026-05-10;194267013;Portugal Campeonato Nacional;Portugal;13:00;Schedule;0.0;2.025;2.0, 2.5;1.775;2.0, 2.5;0.0;0.0;;0.0;0.0;0.0;0.0;0.0;;Malveira;;0.0;0.0;2.5;0;0.0;0 - 0;3.2;Oliveira Hospital;;0.0;0.0;2.5;0;0.0;0.0;0 - 0;0-0;2.25;0.75;-;nan;;;;;;;;;;;;;;;;0.0;0.0;0.0;0.0;;;0.0;0.0;0.0;0.0;;[];[];[];[];[];[];[];[];1.0;0.0;0.0;1.0;0.0;0.0;;;;;;;
2026-05-10;193330368;Saudi Arabia Pro League;Saudi Arabia;13:05;Schedule;0.16666666666666669;2.025;3.0;1.775;3.0;0.0;0.0;;0.0;0.0;0.0;0.0;0.0;;Al Riyadh;;0.0;0.0;2.0;0;0.0;0 - 0;3.5;Al Fateh SC;;0.0;0.0;3.0;0;0.0;-0.25;0 - 0;0-0;3.0;1.25;-;nan;;;;;;;;;;;;;;;;0.0;0.0;0.0;0.0;;;0.0;0.0;0.0;0.0;;[];[];[];[];[];[];[];[];1.0;0.0;0.0;1.0;0.0;0.0;168088.0;56023.0;al-riyadh sc;al-fateh sc;;;
2026-05-10;194264194;Faroe Islands Premier League;Faroe Islands;13:15;Schedule;0.016666666666666663;1.85;2.0, 2.5;1.95;2.0, 2.5;0.0;0.0;;0.0;0.0;0.0;0.0;0.0;;Skala IF;;0.0;0.0;2.4;0;0.0;0 - 0;3.4;AB Argir;;0.0;0.0;2.5;0;0.0;0.0;0 - 0;0-0;2.25;1.0;-;nan;;;;;;;;;;;;;;;;0.0;0.0;0.0;0.0;;;0.0;0.0;0.0;0.0;;[];[];[];[];[];[];[];[];1.0;0.0;0.0;1.0;0.0;0.0;;;;;;;
2026-05-10;194262322;Bulgaria First League;Bulgaria;13:15;Schedule;0.38935370820572723;1.85;2.0, 2.5;1.95;2.0, 2.5;0.0;0.0;;0.0;0.0;0.0;0.0;0.0;;Dobrudzha 1919 Dobrich;;0.0;0.0;1.667;0;0.0;0 - 0;3.9;Beroe;;0.0;0.0;4.75;0;0.0;-0.75;0 - 0;0-0;2.25;1.0;-;nan;;;;;;;;;;;;;;;;0.0;0.0;0.0;0.0;;;0.0;0.0;0.0;0.0;;[];[];[];[];[];[];[];[];1.0;0.0;0.0;1.0;0.0;0.0;5242.0;3281.0;pfc dobrudzha dobrich;pfk beroe stara zagora;;;
2026-05-10;194264199;Faroe Islands Premier League;Faroe Islands;13:15;Schedule;0.15217391304347827;1.825;2.5, 3.0;1.975;2.5, 3.0;0.0;0.0;;0.0;0.0;0.0;0.0;0.0;;07 Vestur;8.0;0.0;0.0;2.0;0;0.0;0 - 0;3.75;B68 Toftir;7.0;0.0;0.0;2.875;0;0.0;-0.25;0 - 0;0-0;2.75;1.25;-;nan;;;;;;;;;;;;;;;;0.0;0.0;0.0;0.0;;;0.0;0.0;0.0;0.0;;[];[];[];[];[];[];[];[];1.0;0.0;0.0;1.0;0.0;0.0;;;;;;;
2026-05-10;193719909;Croatia HNL;Croatia;13:15;Schedule;0.055161544523246675;1.925;2.5;1.875;2.5;0.0;0.0;;0.0;0.0;0.0;0.0;0.0;;Slaven Belupo;8.0;0.0;0.0;2.35;0;0.0;0 - 0;3.1;HNK Gorica;7.0;0.0;0.0;2.7;0;0.0;0.0;0 - 0;0-0;2.5;1.0;-;nan;;;;;;;;;;;;;;;;0.0;0.0;0.0;0.0;;;0.0;0.0;0.0;0.0;;[];[];[];[];[];[];[];[];1.0;0.0;0.0;1.0;0.0;0.0;2042.0;43917.0;nk slaven belupo;hnk gorica;;;
2026-05-10;194265996;USA NWSL Women;USA;13:25;Schedule;0.6888888888888889;1.875;3.0;1.925;3.0;0.0;0.0;;0.0;0.0;0.0;0.0;0.0;;Kansas City Current (W);;0.0;0.0;1.25;0;0.0;0 - 0;5.0;Chicago Stars (W);;0.0;0.0;9.0;0;0.0;-1.75;0 - 0;0-0;3.0;1.25;-;nan;;;;;;;;;;;;;;;;0.0;0.0;0.0;0.0;;;0.0;0.0;0.0;0.0;;[];[];[];[];[];[];[];[];1.0;0.0;0.0;1.0;0.0;0.0;781494.0;34714.0;kansas city nwsl;chicago stars fc;;;Women
2026-05-10;194263856;Czechia First League;Czech Republic;13:30;Schedule;0.16369047619047616;2.0;2.5;1.8;2.5;0.0;0.0;;0.0;0.0;0.0;0.0;0.0;;FK Jablonec;;0.0;0.0;2.1;0;0.0;0 - 0;3.3;Hradec Kralove;;0.0;0.0;3.2;0;0.0;-0.25;0 - 0;0-0;2.5;1.0;-;nan;;;;;;;;;;;;;;;;0.0;0.0;0.0;0.0;;;0.0;0.0;0.0;0.0;;[];[];[];[];[];[];[];[];1.0;0.0;0.0;1.0;0.0;0.0;2205.0;2217.0;fk jablonec;fc hradec kralove;;;
2026-05-10;193003558;Spain Segunda;Spain;13:30;Schedule;0.34064158781444726;2.0;2.5, 3.0;1.8;2.5, 3.0;0.0;0.0;;0.0;0.0;0.0;0.0;0.0;;Cordoba;12.0;0.0;0.0;1.75;0;0.0;0 - 0;3.8;Granada;14.0;0.0;0.0;4.333;0;0.0;-0.75;0 - 0;0-0;2.75;1.0;-;nan;;;;;;;;;;;;;;;;0.0;0.0;0.0;0.0;;;0.0;0.0;0.0;0.0;;[];[];[];[];[];[];[];[];1.0;0.0;0.0;1.0;0.0;0.0;2850.0;33779.0;cordoba cf;granada cf;;;
2026-05-10;194268109;Senegal Premier League;Senegal;13:30;Schedule;0.3089244851258581;2.025;1.5, 2.0;1.775;1.5, 2.0;0.0;0.0;;0.0;0.0;0.0;0.0;0.0;;US Goree;3.0;0.0;0.0;1.9;0;0.0;0 - 0;2.7;ASC HLM;11.0;0.0;0.0;4.6;0;0.0;-0.5;0 - 0;0-0;1.75;0.5;-;nan;;;;;;;;;;;;;;;;0.0;0.0;0.0;0.0;;;0.0;0.0;0.0;0.0;;[];[];[];[];[];[];[];[];1.0;0.0;0.0;1.0;0.0;0.0;;;;;;;
2026-05-10;194091053;Serbia Super Liga;Serbia;13:30;Schedule;0.40866873065015485;1.825;2.5;1.975;2.5;0.0;0.0;;0.0;0.0;0.0;0.0;0.0;;TSC;;0.0;0.0;1.615;0;0.0;0 - 0;4.0;Javor Ivanjica;;0.0;0.0;4.75;0;0.0;-0.75;0 - 0;0-0;2.5;nan;-;nan;;;;;;;;;;;;;;;;0.0;0.0;0.0;0.0;;;0.0;0.0;0.0;0.0;;[];[];[];[];[];[];[];[];1.0;0.0;0.0;1.0;0.0;0.0;368638.0;5144.0;fk tsc backa topola;fk javor ivanjica;;;
2026-05-10;193003577;Spain Segunda;Spain;13:30;Schedule;-0.029629629629629672;2.025;2.5;1.775;2.5;0.0;0.0;;0.0;0.0;0.0;0.0;0.0;;Mirandes;22.0;0.0;0.0;2.7;0;0.0;0 - 0;3.4;Eibar;8.0;0.0;0.0;2.5;0;0.0;0.0;0 - 0;0-0;2.5;1.0;-;nan;;;;;;;;;;;;;;;;0.0;0.0;0.0;0.0;;;0.0;0.0;0.0;0.0;;[];[];[];[];[];[];[];[];1.0;0.0;0.0;1.0;0.0;0.0;35092.0;2839.0;cd mirandes;sd eibar;;;
2026-05-10;193003399;Spain La Liga;Spain;13:30;Schedule;-0.04433077578857636;1.875;2.0;1.975;2.0;0.0;0.0;;0.0;0.0;0.0;0.0;0.0;;Real Oviedo;20.0;0.0;0.0;2.875;0;0.0;0 - 0;3.2;Getafe;8.0;0.0;0.0;2.55;0;0.0;0.0;0 - 0;0-0;2.0;0.75;-;nan;;;;;;;;;;;;;;;;0.0;0.0;0.0;0.0;;;0.0;0.0;0.0;0.0;;[];[];[];[];[];[];[];[];1.0;0.0;0.0;1.0;0.0;0.0;2851.0;2859.0;real oviedo;getafe cf;;;
2026-05-10;194298631;Sierra Leone Premier League;Sierra Leone;13:30;Schedule;0.24358974358974356;1.85;1.5, 2.0;1.95;1.5, 2.0;0.0;0.0;;0.0;0.0;0.0;0.0;0.0;;Kamboi Eagles FC;;0.0;0.0;2.0;0;0.0;0 - 0;2.8;Wusum Stars;;0.0;0.0;3.9;0;0.0;-0.25;0 - 0;0-0;1.75;0.75;-;nan;;;;;;;;;;;;;;;;0.0;0.0;0.0;0.0;;;0.0;0.0;0.0;0.0;;[];[];[];[];[];[];[];[];1.0;0.0;0.0;1.0;0.0;0.0;;;;;;;
2026-05-10;194298619;Sierra Leone Premier League;Sierra Leone;13:30;Schedule;0.1122019635343619;1.825;1.5, 2.0;1.975;1.5, 2.0;0.0;0.0;;0.0;0.0;0.0;0.0;0.0;;Abacha City;;0.0;0.0;2.3;0;0.0;0 - 0;2.8;Diamond Stars FC;;0.0;0.0;3.1;0;0.0;-0.25;0 - 0;0-0;1.75;0.75;-;nan;;;;;;;;;;;;;;;;0.0;0.0;0.0;0.0;;;0.0;0.0;0.0;0.0;;[];[];[];[];[];[];[];[];1.0;0.0;0.0;1.0;0.0;0.0;;;;;;;
2026-05-10;194266368;Rwanda National League;Rwanda;13:30;Schedule;0.4848484848484848;1.8;2.0, 2.5;2.0;2.0, 2.5;0.0;0.0;;0.0;0.0;0.0;0.0;0.0;;APR FC;3.0;0.0;0.0;1.5;0;0.0;0 - 0;3.8;AS Kigali;14.0;0.0;0.0;5.5;0;0.0;-1.0;0 - 0;0-0;2.25;1.0;-;nan;;;;;;;;;;;;;;;;0.0;0.0;0.0;0.0;;;0.0;0.0;0.0;0.0;;[];[];[];[];[];[];[];[];1.0;0.0;0.0;1.0;0.0;0.0;;;;;;;
2026-05-10;194298633;Sierra Leone Premier League;Sierra Leone;13:30;Schedule;0.12228260869565222;1.775;1.5, 2.0;2.025;1.5, 2.0;0.0;0.0;;0.0;0.0;0.0;0.0;0.0;;Mighty Blackpool;;0.0;0.0;2.3;0;0.0;0 - 0;2.75;Freetonians SLIFA;;0.0;0.0;3.2;0;0.0;-0.25;0 - 0;0-0;1.75;nan;-;nan;;;;;;;;;;;;;;;;0.0;0.0;0.0;0.0;;;0.0;0.0;0.0;0.0;;[];[];[];[];[];[];[];[];1.0;0.0;0.0;1.0;0.0;0.0;;;;;;;
2026-05-10;194272381;Chile Primera Division Women;Chile;13:30;Schedule;0.025531914893617003;1.825;3.0;1.975;3.0;0.0;0.0;;0.0;0.0;0.0;0.0;0.0;;Santiago Wanderers (W);;0.0;0.0;2.35;0;0.0;0 - 0;3.5;Palestino (W);;0.0;0.0;2.5;0;0.0;0.0;0 - 0;0-0;3.0;1.25;-;nan;;;;;;;;;;;;;;;;0.0;0.0;0.0;0.0;;;0.0;0.0;0.0;0.0;;[];[];[];[];[];[];[];[];1.0;0.0;0.0;1.0;0.0;0.0;;3157.0;;cd palestino;;;Women
2026-05-10;194318515;Spain Regional League;Spain;13:30;Schedule;0.1399787910922588;1.8;2.5, 3.0;2.0;2.5, 3.0;0.0;0.0;;0.0;0.0;0.0;0.0;0.0;;Lagunak;;0.0;0.0;2.05;0;0.0;0 - 0;3.6;CD Lourdes;;0.0;0.0;2.875;0;0.0;-0.25;0 - 0;0-0;2.75;1.25;-;nan;;;;;;;;;;;;;;;;0.0;0.0;0.0;0.0;;;0.0;0.0;0.0;0.0;;[];[];[];[];[];[];[];[];1.0;0.0;0.0;1.0;0.0;0.0;;;;;;;
2026-05-10;193328183;Greece Super League 1;Greece;13:30;Schedule;0.4373768646214467;1.85;2.0, 2.5;1.95;2.0, 2.5;0.0;0.0;;0.0;0.0;0.0;0.0;0.0;;Olympiacos;;0.0;0.0;1.615;0;0.0;0 - 0;3.75;PAOK Salonika;;0.0;0.0;5.5;0;0.0;-0.75;0 - 0;0-0;2.25;1.0;-;nan;;;;;;;;;;;;;;;;0.0;0.0;0.0;0.0;;;0.0;0.0;0.0;0.0;;[];[];[];[];[];[];[];[];1.0;0.0;0.0;1.0;0.0;0.0;3245.0;3251.0;olympiacos piraeus;paok thessaloniki;;;
2026-05-10;194298629;Sierra Leone Premier League;Sierra Leone;13:30;Schedule;0.14141414141414138;1.825;1.5, 2.0;1.975;1.5, 2.0;0.0;0.0;;0.0;0.0;0.0;0.0;0.0;;Bo Rangers FC;;0.0;0.0;2.25;0;0.0;0 - 0;2.75;Star Sport Academy;;0.0;0.0;3.3;0;0.0;-0.25;0 - 0;0-0;1.75;0.75;-;nan;;;;;;;;;;;;;;;;0.0;0.0;0.0;0.0;;;0.0;0.0;0.0;0.0;;[];[];[];[];[];[];[];[];1.0;0.0;0.0;1.0;0.0;0.0;;;;;;;
2026-05-10;194091043;Serbia Super Liga;Serbia;13:30;Schedule;0.31330815251854094;1.9;2.0, 2.5;1.9;2.0, 2.5;0.0;0.0;;0.0;0.0;0.0;0.0;0.0;;Radnicki Nis;13.0;0.0;0.0;1.909;0;0.0;0 - 0;2.7;Mladost Lucani;14.0;0.0;0.0;4.75;0;0.0;-0.5;0 - 0;0-0;2.25;nan;-;nan;;;;;;;;;;;;;;;;0.0;0.0;0.0;0.0;;;0.0;0.0;0.0;0.0;;[];[];[];[];[];[];[];[];1.0;0.0;0.0;1.0;0.0;0.0;25737.0;7771.0;fk radnicki nis;fk mladost lucani;;;
2026-05-10;193328174;Greece Super League 1;Greece;13:30;Schedule;0.5128205128205128;1.85;2.0, 2.5;1.95;2.0, 2.5;0.0;0.0;;0.0;0.0;0.0;0.0;0.0;;AEK Athens;;0.0;0.0;1.5;0;0.0;0 - 0;4.1;Panathinaikos;;0.0;0.0;6.5;0;0.0;-1.0;0 - 0;0-0;2.25;1.0;-;nan;;;;;;;;;;;;;;;;0.0;0.0;0.0;0.0;;;0.0;0.0;0.0;0.0;;[];[];[];[];[];[];[];[];1.0;0.0;0.0;1.0;0.0;0.0;3250.0;3248.0;aek athens;panathinaikos athens;;;
2026-05-10;193331384;Belgium First Division A;Belgium;13:30;Schedule;0.6515837104072397;2.0;3.0;1.8;3.0;0.0;0.0;;0.0;0.0;0.0;0.0;0.0;;Union Saint Gilloise;1.0;0.0;0.0;1.3;0;0.0;0 - 0;4.75;KV Mechelen;5.0;0.0;0.0;8.5;0;0.0;-1.5;0 - 0;0-0;3.0;1.25;-;nan;;;;;;;;;;;;;;;;0.0;0.0;0.0;0.0;;;0.0;0.0;0.0;0.0;;[];[];[];[];[];[];[];[];1.0;0.0;0.0;1.0;0.0;0.0;4860.0;5044.0;union saint-gilloise;yellow-red kv mechelen;;;
2026-05-10;194275640;Iceland Premier League;Iceland;13:30;Schedule;0.4144736842105263;2.0;3.0, 3.5;1.8;3.0, 3.5;0.0;0.0;;0.0;0.0;0.0;0.0;0.0;;KA Akureyri;;0.0;0.0;1.6;0;0.0;0 - 0;4.0;IBV Vestmannaeyjar;;0.0;0.0;4.75;0;0.0;-1.0;0 - 0;0-0;3.25;1.25;-;nan;;;;;;;;;;;;;;;;0.0;0.0;0.0;0.0;;;0.0;0.0;0.0;0.0;;[];[];[];[];[];[];[];[];1.0;0.0;0.0;1.0;0.0;0.0;1904.0;1895.0;ka akureyri;ibv vestmannaeyjar;;;
2026-05-10;194091047;Serbia Super Liga;Serbia;13:30;Schedule;0.29054054054054046;2.0;2.5, 3.0;1.8;2.5, 3.0;0.0;0.0;;0.0;0.0;0.0;0.0;0.0;;Spartak Subotica;;0.0;0.0;1.85;0;0.0;0 - 0;3.6;FK Napredak;;0.0;0.0;4.0;0;0.0;-0.5;0 - 0;0-0;2.75;nan;-;nan;;;;;;;;;;;;;;;;0.0;0.0;0.0;0.0;;;0.0;0.0;0.0;0.0;;[];[];[];[];[];[];[];[];1.0;0.0;0.0;1.0;0.0;0.0;36967.0;7674.0;fk spartak subotica;fk napredak krusevac;;;
2026-05-10;194274336;Mali Premiere Division;Mali;13:30;Schedule;0.4431818181818182;1.95;2.0;1.85;2.0;0.0;0.0;;0.0;0.0;0.0;0.0;0.0;;USFAS Bamako;6.0;0.0;0.0;1.6;0;0.0;0 - 0;3.25;Afrique Football Elite;10.0;0.0;0.0;5.5;0;0.0;-0.75;0 - 0;0-0;2.0;0.75;-;nan;;;;;;;;;;;;;;;;0.0;0.0;0.0;0.0;;;0.0;0.0;0.0;0.0;;[];[];[];[];[];[];[];[];1.0;0.0;0.0;1.0;0.0;0.0;;;;;;;
2026-05-10;194274320;Mali Premiere Division;Mali;13:30;Schedule;-0.3492063492063492;1.75;1.5, 2.0;2.05;1.5, 2.0;0.0;0.0;;0.0;0.0;0.0;0.0;0.0;;Onze Créateurs;;0.0;0.0;4.5;0;0.0;0 - 0;3.1;Stade Malien de Bamako;;0.0;0.0;1.75;0;0.0;0.5;0 - 0;0-0;1.75;0.75;-;nan;;;;;;;;;;;;;;;;0.0;0.0;0.0;0.0;;;0.0;0.0;0.0;0.0;;[];[];[];[];[];[];[];[];1.0;0.0;0.0;1.0;0.0;0.0;;69326.0;;stade malien de bamako;;;
2026-05-10;194267360;Spain Segunda Division RFEF Play-Offs;Spain;13:30;Schedule;0.17530487804878053;1.875;2.0;1.925;2.0;0.0;0.0;;0.0;0.0;0.0;0.0;0.0;;Alcoyano;;0.0;0.0;2.05;0;0.0;0 - 0;3.3;UD San Sebastian Reyes;;0.0;0.0;3.2;0;0.0;-0.25;0 - 0;0-0;2.0;0.75;-;nan;;;;;;;;;;;;;;;;0.0;0.0;0.0;0.0;;;0.0;0.0;0.0;0.0;;[];[];[];[];[];[];[];[];1.0;0.0;0.0;1.0;0.0;0.0;;;;;;;
2026-05-10;194266501;Chile Primera B;Chile;13:30;Schedule;0.4144736842105263;1.8;2.0, 2.5;2.0;2.0, 2.5;0.0;0.0;;0.0;0.0;0.0;0.0;0.0;;Deportes Copiapo;;0.0;0.0;1.6;0;0.0;0 - 0;3.5;Union San Felipe;;0.0;0.0;4.75;0;0.0;-0.75;0 - 0;0-0;2.25;1.0;-;nan;;;;;;;;;;;;;;;;0.0;0.0;0.0;0.0;;;0.0;0.0;0.0;0.0;;[];[];[];[];[];[];[];[];1.0;0.0;0.0;1.0;0.0;0.0;;;;;;;Youth
2026-05-10;194091038;Serbia Super Liga;Serbia;13:30;Schedule;-0.1111111111111111;1.95;2.5;1.85;2.5;0.0;0.0;;0.0;0.0;0.0;0.0;0.0;;IMT Novi Belgrade;9.0;0.0;0.0;3.0;0;0.0;0 - 0;3.4;FK Radnicki 1923;10.0;0.0;0.0;2.25;0;0.0;0.25;0 - 0;0-0;2.5;nan;-;nan;;;;;;;;;;;;;;;;0.0;0.0;0.0;0.0;;;0.0;0.0;0.0;0.0;;[];[];[];[];[];[];[];[];1.0;0.0;0.0;1.0;0.0;0.0;425691.0;43981.0;fk imt novi beograd;fk radnicki 1923 kragujevac;;;
2026-05-10;193319775;Spain Primera Division RFEF Group 2;Spain;13:45;Schedule;0.4365372374283896;1.975;2.5;1.825;2.5;0.0;0.0;;0.0;0.0;0.0;0.0;0.0;;Real Murcia;;0.0;0.0;1.571;0;0.0;0 - 0;3.6;Betis Deportivo;;0.0;0.0;5.0;0;0.0;-0.75;0 - 0;0-0;2.5;1.0;-;nan;;;;;;;;;;;;;;;;0.0;0.0;0.0;0.0;;;0.0;0.0;0.0;0.0;;[];[];[];[];[];[];[];[];1.0;0.0;0.0;1.0;0.0;0.0;4487.0;24358.0;real murcia cf;betis deportivo balompie;;;
2026-05-10;193319739;Spain Primera Division RFEF Group 2;Spain;13:45;Schedule;0.28203352920638874;1.9;2.0;1.9;2.0;0.0;0.0;;0.0;0.0;0.0;0.0;0.0;;Antequera;;0.0;0.0;1.95;0;0.0;0 - 0;2.625;Teruel;;0.0;0.0;4.333;0;0.0;-0.5;0 - 0;0-0;2.0;0.75;-;nan;;;;;;;;;;;;;;;;0.0;0.0;0.0;0.0;;;0.0;0.0;0.0;0.0;;[];[];[];[];[];[];[];[];1.0;0.0;0.0;1.0;0.0;0.0;24323.0;43751.0;antequera cf;cd teruel;;;
2026-05-10;193996690;England League 2;England;14:00;Schedule;0.17316017316017313;1.95;2.5;1.9;2.5;0.0;0.0;;0.0;0.0;0.0;0.0;0.0;;Chesterfield;6.0;0.0;0.0;2.1;0;0.0;0 - 0;3.4;Notts County;5.0;0.0;0.0;3.3;0;0.0;-0.25;0 - 0;0-0;2.5;1.0;-;nan;;;;;;;;;;;;;;;;0.0;0.0;0.0;0.0;;;0.0;0.0;0.0;0.0;;[];[];[];[];[];[];[];[];1.0;0.0;0.0;1.0;0.0;0.0;68.0;56.0;chesterfield fc;notts county;;;
2026-05-10;194317038;Morocco GNF 2;Morocco;14:00;Schedule;0.2175346077785103;1.8;1.5, 2.0;2.0;1.5, 2.0;0.0;0.0;;0.0;0.0;0.0;0.0;0.0;;USM Oujda;;0.0;0.0;2.05;0;0.0;0 - 0;2.8;SC Chabab Mohammedia;;0.0;0.0;3.7;0;0.0;nan;0 - 0;0-0;;nan;-;nan;;;;;;;;;;;;;;;;0.0;0.0;0.0;0.0;;;0.0;0.0;0.0;0.0;;[];[];[];[];[];[];[];[];1.0;0.0;0.0;1.0;0.0;0.0;;;;;;;
2026-05-10;194272414;Costa Rica Segunda;Costa Rica;14:00;Schedule;0.28528528528528535;1.975;2.5, 3.0;1.825;2.5, 3.0;0.0;0.0;;0.0;0.0;0.0;0.0;0.0;;ADR Jicaral;;0.0;0.0;1.8;0;0.0;0 - 0;3.5;Quepos Cambute FC;;0.0;0.0;3.7;0;0.0;-0.5;0 - 0;0-0;2.75;1.0;-;nan;;;;;;;;;;;;;;;;0.0;0.0;0.0;0.0;;;0.0;0.0;0.0;0.0;;[];[];[];[];[];[];[];[];1.0;0.0;0.0;1.0;0.0;0.0;;;;;;;
2026-05-10;193328374;Hungary NB II;Hungary;14:00;Schedule;0.1313628899835796;1.975;2.5, 3.0;1.825;2.5, 3.0;0.0;0.0;;0.0;0.0;0.0;0.0;0.0;;Csakvari TK;;0.0;0.0;2.1;0;0.0;0 - 0;3.3;Soroksar;;0.0;0.0;2.9;0;0.0;-0.5;0 - 0;0-0;2.75;1.0;-;nan;;;;;;;;;;;;;;;;0.0;0.0;0.0;0.0;;;0.0;0.0;0.0;0.0;;[];[];[];[];[];[];[];[];1.0;0.0;0.0;1.0;0.0;0.0;;;;;;;Youth
2026-05-10;194218890;Uruguay Segunda;Uruguay;14:00;Schedule;0.193687230989957;1.975;2.0, 2.5;1.825;2.0, 2.5;0.0;0.0;;0.0;0.0;0.0;0.0;0.0;;Club Oriental;;0.0;0.0;2.05;0;0.0;0 - 0;3.1;Cerrito;;0.0;0.0;3.4;0;0.0;-0.25;0 - 0;0-0;2.25;1.0;-;nan;;;;;;;;;;;;;;;;0.0;0.0;0.0;0.0;;;0.0;0.0;0.0;0.0;;[];[];[];[];[];[];[];[];1.0;0.0;0.0;1.0;0.0;0.0;;;;;;;
2026-05-10;194263517;Spain Primera Women;Spain;14:00;Schedule;-0.8757419865453107;1.925;4.0;1.875;4.0;0.0;0.0;;0.0;0.0;0.0;0.0;0.0;;Tenerife (W);;0.0;0.0;21.0;0;0.0;0 - 0;9.5;Barcelona (W);;0.0;0.0;1.083;0;0.0;2.75;0 - 0;0-0;4.0;1.75;-;nan;;;;;;;;;;;;;;;;0.0;0.0;0.0;0.0;;;0.0;0.0;0.0;0.0;;[];[];[];[];[];[];[];[];1.0;0.0;0.0;1.0;0.0;0.0;218002.0;2817.0;cd tenerife;fc barcelona;;;Women
2026-05-10;193328371;Hungary NB II;Hungary;14:00;Schedule;0.20512820512820518;2.0;2.5;1.8;2.5;0.0;0.0;;0.0;0.0;0.0;0.0;0.0;;Bekescsabai Elore SE;;0.0;0.0;1.95;0;0.0;0 - 0;3.3;Kozarmisleny SE;;0.0;0.0;3.25;0;0.0;-0.5;0 - 0;0-0;2.5;1.0;-;nan;;;;;;;;;;;;;;;;0.0;0.0;0.0;0.0;;;0.0;0.0;0.0;0.0;;[];[];[];[];[];[];[];[];1.0;0.0;0.0;1.0;0.0;0.0;;;;;;;Youth
2026-05-10;193006237;Portugal Primeira Liga;Portugal;14:00;Schedule;-0.7349972722313147;1.825;3.0;2.025;3.0;0.0;0.0;;0.0;0.0;0.0;0.0;0.0;;AVS;18.0;0.0;0.0;12.0;0;0.0;0 - 0;6.5;FC Porto;1.0;0.0;0.0;1.222;0;0.0;1.75;0 - 0;0-0;3.0;1.25;-;nan;;;;;;;;;;;;;;;;0.0;0.0;0.0;0.0;;;0.0;0.0;0.0;0.0;;[];[];[];[];[];[];[];[];1.0;0.0;0.0;1.0;0.0;0.0;1031053.0;3002.0;avs futebol sad;fc porto;;;
2026-05-10;194265616;Israel Premier League;Israel;14:00;Schedule;0.29054054054054046;1.95;2.0, 2.5;1.85;2.0, 2.5;0.0;0.0;;0.0;0.0;0.0;0.0;0.0;;Hapoel Jerusalem;12.0;0.0;0.0;1.85;0;0.0;0 - 0;3.1;Bnei Sakhnin;8.0;0.0;0.0;4.0;0;0.0;-0.5;0 - 0;0-0;2.25;1.0;-;nan;;;;;;;;;;;;;;;;0.0;0.0;0.0;0.0;;;0.0;0.0;0.0;0.0;;[];[];[];[];[];[];[];[];1.0;0.0;0.0;1.0;0.0;0.0;;5392.0;;bnei sakhnin fc;;;
2026-05-10;194265619;Israel Premier League;Israel;14:00;Schedule;0.12028869286287086;2.0;2.5, 3.0;1.8;2.5, 3.0;0.0;0.0;;0.0;0.0;0.0;0.0;0.0;;Hapoel Haifa;;0.0;0.0;2.15;0;0.0;0 - 0;3.3;MS Ashdod;;0.0;0.0;2.9;0;0.0;-0.25;0 - 0;0-0;2.75;1.0;-;nan;;;;;;;;;;;;;;;;0.0;0.0;0.0;0.0;;;0.0;0.0;0.0;0.0;;[];[];[];[];[];[];[];[];1.0;0.0;0.0;1.0;0.0;0.0;5201.0;5391.0;hapoel haifa fc;ms ashdod;;;
2026-05-10;194265621;Israel Premier League;Israel;14:00;Schedule;-0.016666666666666663;1.85;2.5, 3.0;1.95;2.5, 3.0;0.0;0.0;;0.0;0.0;0.0;0.0;0.0;;Ironi Tiberias;13.0;0.0;0.0;2.5;0;0.0;0 - 0;3.4;Maccabi Netanya;7.0;0.0;0.0;2.4;0;0.0;0.0;0 - 0;0-0;2.75;1.25;-;nan;;;;;;;;;;;;;;;;0.0;0.0;0.0;0.0;;;0.0;0.0;0.0;0.0;;[];[];[];[];[];[];[];[];1.0;0.0;0.0;1.0;0.0;0.0;61702.0;5395.0;ironi tiberias;maccabi netanya fc;;;
2026-05-10;194318792;Canada Northern Super League Women;Canada;14:00;Schedule;0.07407407407407407;2.0;3.0;1.8;3.0;0.0;0.0;;0.0;0.0;0.0;0.0;0.0;;AFC Toronto (W);;0.0;0.0;2.25;0;0.0;0 - 0;3.3;Montreal Roses FC (W);;0.0;0.0;2.7;0;0.0;-0.25;0 - 0;0-0;3.0;1.25;-;nan;;;;;;;;;;;;;;;;0.0;0.0;0.0;0.0;;;0.0;0.0;0.0;0.0;;[];[];[];[];[];[];[];[];1.0;0.0;0.0;1.0;0.0;0.0;;;;;;;Women
2026-05-10;194260768;Georgia First League;Georgia;14:00;Schedule;-0.16369047619047616;2.0;2.0, 2.5;1.8;2.0, 2.5;0.0;0.0;;0.0;0.0;0.0;0.0;0.0;;Aragvi Dusheti;4.0;0.0;0.0;3.2;0;0.0;0 - 0;3.1;FC Gareji;1.0;0.0;0.0;2.1;0;0.0;0.25;0 - 0;0-0;2.25;0.75;-;nan;;;;;;;;;;;;;;;;0.0;0.0;0.0;0.0;;;0.0;0.0;0.0;0.0;;[];[];[];[];[];[];[];[];1.0;0.0;0.0;1.0;0.0;0.0;;;;;;;
2026-05-10;194260757;Georgia Erovnuli Liga;Georgia;14:00;Schedule;0.035714285714285754;1.95;2.5, 3.0;1.85;2.5, 3.0;0.0;0.0;;0.0;0.0;0.0;0.0;0.0;;Dinamo Batumi;8.0;0.0;0.0;2.4;0;0.0;0 - 0;3.2;Samgurali;6.0;0.0;0.0;2.625;0;0.0;0.0;0 - 0;0-0;2.75;1.0;-;nan;;;;;;;;;;;;;;;;0.0;0.0;0.0;0.0;;;0.0;0.0;0.0;0.0;;[];[];[];[];[];[];[];[];1.0;0.0;0.0;1.0;0.0;0.0;;;;;;;
2026-05-10;194267364;Spain Segunda Division RFEF Play-Offs;Spain;14:00;Schedule;-0.14285714285714285;1.95;2.0, 2.5;1.85;2.0, 2.5;0.0;0.0;;0.0;0.0;0.0;0.0;0.0;;Coruxo;;0.0;0.0;3.0;0;0.0;0 - 0;3.3;Atletico Baleares;;0.0;0.0;2.1;0;0.0;0.25;0 - 0;0-0;2.25;1.0;-;nan;;;;;;;;;;;;;;;;0.0;0.0;0.0;0.0;;;0.0;0.0;0.0;0.0;;[];[];[];[];[];[];[];[];1.0;0.0;0.0;1.0;0.0;0.0;;;;;;;
2026-05-10;193332217;Slovakia Super Liga;Slovakia;14:00;Schedule;0.3351363565749149;2.025;3.0;1.775;3.0;0.0;0.0;;0.0;0.0;0.0;0.0;0.0;;Spartak Trnava;;0.0;0.0;1.727;0;0.0;0 - 0;4.1;MSK Zilina;;0.0;0.0;4.1;0;0.0;-0.75;0 - 0;0-0;3.0;1.25;-;nan;;;;;;;;;;;;;;;;0.0;0.0;0.0;0.0;;;0.0;0.0;0.0;0.0;;[];[];[];[];[];[];[];[];1.0;0.0;0.0;1.0;0.0;0.0;2406.0;2402.0;fc spartak trnava;msk zilina;;;
2026-05-10;194275856;Iraq Stars League;Iraq;14:00;Schedule;0.07763975155279507;1.825;2.0, 2.5;1.975;2.0, 2.5;0.0;0.0;;0.0;0.0;0.0;0.0;0.0;;Al Karma;;0.0;0.0;2.3;0;0.0;0 - 0;3.1;Al Quwa Al Jawiya;;0.0;0.0;2.8;0;0.0;-0.25;0 - 0;0-0;2.25;1.0;-;nan;;;;;;;;;;;;;;;;0.0;0.0;0.0;0.0;;;0.0;0.0;0.0;0.0;;[];[];[];[];[];[];[];[];1.0;0.0;0.0;1.0;0.0;0.0;;;;;;;
2026-05-10;194275858;Iraq Stars League;Iraq;14:00;Schedule;0.6947368421052632;1.8;2.5, 3.0;2.0;2.5, 3.0;0.0;0.0;;0.0;0.0;0.0;0.0;0.0;;Al Shorta SC;;0.0;0.0;1.25;0;0.0;0 - 0;4.75;Al Gharraf;;0.0;0.0;9.5;0;0.0;-1.75;0 - 0;0-0;2.75;1.25;-;nan;;;;;;;;;;;;;;;;0.0;0.0;0.0;0.0;;;0.0;0.0;0.0;0.0;;[];[];[];[];[];[];[];[];1.0;0.0;0.0;1.0;0.0;0.0;;;;;;;
2026-05-10;193331885;Norway Eliteserien;Norway;14:15;Schedule;-0.36909304038107676;1.875;3.0;1.925;3.0;0.0;0.0;;0.0;0.0;0.0;0.0;0.0;;Aalesund;;0.0;0.0;4.333;0;0.0;0 - 0;3.9;SK Brann;;0.0;0.0;1.667;0;0.0;0.75;0 - 0;0-0;3.0;1.25;-;nan;;;;;;;;;;;;;;;;0.0;0.0;0.0;0.0;;;0.0;0.0;0.0;0.0;;[];[];[];[];[];[];[];[];1.0;0.0;0.0;1.0;0.0;0.0;677.0;1159.0;aalesunds fk;sk brann;;;
2026-05-10;193331388;Belgium First Division A;Belgium;14:15;Schedule;0.4027777777777778;1.925;3.0, 3.5;1.875;3.0, 3.5;0.0;0.0;;0.0;0.0;0.0;0.0;0.0;;Genk;7.0;0.0;0.0;1.6;0;0.0;0 - 0;4.0;Westerlo;9.0;0.0;0.0;4.5;0;0.0;-0.75;0 - 0;0-0;3.25;1.25;-;nan;;;;;;;;;;;;;;;;0.0;0.0;0.0;0.0;;;0.0;0.0;0.0;0.0;;[];[];[];[];[];[];[];[];1.0;0.0;0.0;1.0;0.0;0.0;2890.0;2893.0;krc genk;kvc westerlo;;;
2026-05-10;194274861;Italy Serie D Play-Offs;Italy;14:30;Schedule;0.193687230989957;1.95;2.0, 2.5;1.85;2.0, 2.5;0.0;0.0;;0.0;0.0;0.0;0.0;0.0;;Martina;;0.0;0.0;2.05;0;0.0;0 - 0;3.1;AC Nardo;;0.0;0.0;3.4;0;0.0;-0.25;0 - 0;0-0;2.25;1.0;-;nan;;;;;;;;;;;;;;;;0.0;0.0;0.0;0.0;;;0.0;0.0;0.0;0.0;;[];[];[];[];[];[];[];[];1.0;0.0;0.0;1.0;0.0;0.0;;;;;;;
2026-05-10;194273683;Egypt Cup;Egypt;14:30;Schedule;-0.36909304038107676;1.825;2.0, 2.5;1.975;2.0, 2.5;0.0;0.0;;0.0;0.0;0.0;0.0;0.0;;ZED FC;;0.0;0.0;4.333;0;0.0;0 - 0;3.5;Pyramids FC;;0.0;0.0;1.667;0;0.0;0.75;0 - 0;0-0;2.25;1.0;-;nan;;;;;;;;;;;;;;;;0.0;0.0;0.0;0.0;;;0.0;0.0;0.0;0.0;;[];[];[];[];[];[];[];[];1.0;0.0;0.0;1.0;0.0;0.0;249057.0;175002.0;zed fc;pyramids fc;;;
2026-05-10;193000835;Germany Bundesliga I;Germany;14:30;Schedule;0.36601307189542487;1.875;2.5, 3.0;1.975;2.5, 3.0;0.0;0.0;;0.0;0.0;0.0;0.0;0.0;;Mainz;10.0;0.0;0.0;1.7;0;0.0;0 - 0;4.0;Union Berlin;13.0;0.0;0.0;4.5;0;0.0;-0.75;0 - 0;0-0;2.75;1.25;-;nan;;;;;;;;;;;;;;;;0.0;0.0;0.0;0.0;;;0.0;0.0;0.0;0.0;;[];[];[];[];[];[];[];[];1.0;0.0;0.0;1.0;0.0;0.0;2556.0;2547.0;fsv mainz;union berlin;;;
2026-05-10;194221680;Bosnia & Herzegovina Premier Liga;Bosnia;14:30;Schedule;-0.3776578017729787;1.9;2.0, 2.5;1.9;2.0, 2.5;0.0;0.0;;0.0;0.0;0.0;0.0;0.0;;Siroki Brijeg;;0.0;0.0;4.5;0;0.0;0 - 0;3.4;Borac Banja Luka;;0.0;0.0;1.667;0;0.0;0.75;0 - 0;0-0;2.25;1.0;-;nan;;;;;;;;;;;;;;;;0.0;0.0;0.0;0.0;;;0.0;0.0;0.0;0.0;;[];[];[];[];[];[];[];[];1.0;0.0;0.0;1.0;0.0;0.0;;;;;;;
2026-05-10;193286244;Poland II Liga;Poland;14:30;Schedule;0.3752926074152383;1.975;3.0;1.825;3.0;0.0;0.0;;0.0;0.0;0.0;0.0;0.0;;Unia Skierniewice;;0.0;0.0;1.615;0;0.0;0 - 0;3.9;Resovia Rzeszow;;0.0;0.0;4.1;0;0.0;-0.75;0 - 0;0-0;3.0;1.25;-;nan;;;;;;;;;;;;;;;;0.0;0.0;0.0;0.0;;;0.0;0.0;0.0;0.0;;[];[];[];[];[];[];[];[];1.0;0.0;0.0;1.0;0.0;0.0;458143.0;37204.0;unia skierniewice;cwks resovia;;;Youth
2026-05-10;193001788;Germany 3. Liga;Germany;14:30;Schedule;-0.11743450767841018;2.0;3.5;1.8;3.5;0.0;0.0;;0.0;0.0;0.0;0.0;0.0;;TSG Hoffenheim II;;0.0;0.0;2.7;0;0.0;0 - 0;3.8;Saarbrucken;;0.0;0.0;2.05;0;0.0;0.25;0 - 0;0-0;3.5;1.5;-;nan;;;;;;;;;;;;;;;;0.0;0.0;0.0;0.0;;;0.0;0.0;0.0;0.0;;[];[];[];[];[];[];[];[];1.0;0.0;0.0;1.0;0.0;0.0;5887.0;2554.0;tsg hoffenheim ii;1. fc saarbrucken;;;Youth
2026-05-10;194278310;Morocco GNF 1;Morocco;15:00;Schedule;-0.2222222222222222;1.875;2.0;1.925;2.0;0.0;0.0;;0.0;0.0;0.0;0.0;0.0;;UTS Rabat;;0.0;0.0;3.6;0;0.0;0 - 0;3.0;MAS Fes;;0.0;0.0;2.0;0;0.0;0.25;0 - 0;0-0;2.0;0.75;-;nan;;;;;;;;;;;;;;;;0.0;0.0;0.0;0.0;;;0.0;0.0;0.0;0.0;;[];[];[];[];[];[];[];[];1.0;0.0;0.0;1.0;0.0;0.0;118834.0;55035.0;union touarga;maghreb as de fes;;;
2026-05-10;193329734;Peru Liga 1;Peru;15:00;Schedule;0.5156756756756756;1.95;2.5, 3.0;1.85;2.5, 3.0;0.0;0.0;;0.0;0.0;0.0;0.0;0.0;;Sport Huancayo;;0.0;0.0;1.48;0;0.0;0 - 0;3.9;Juan Pablo II College;;0.0;0.0;6.25;0;0.0;-1.0;0 - 0;0-0;2.75;1.25;-;nan;;;;;;;;;;;;;;;;0.0;0.0;0.0;0.0;;;0.0;0.0;0.0;0.0;;[];[];[];[];[];[];[];[];1.0;0.0;0.0;1.0;0.0;0.0;33895.0;1041663.0;sport huancayo;juan pablo ii college;;;Youth
2026-05-10;194318517;Spain Regional League;Spain;15:00;Schedule;-0.026619343389529815;2.0;3.0, 3.5;1.8;3.0, 3.5;0.0;0.0;;0.0;0.0;0.0;0.0;0.0;;CD Soto-Ibarbaso;;0.0;0.0;2.45;0;0.0;0 - 0;3.7;CD Ondalan;;0.0;0.0;2.3;0;0.0;0.0;0 - 0;0-0;3.25;1.25;-;nan;;;;;;;;;;;;;;;;0.0;0.0;0.0;0.0;;;0.0;0.0;0.0;0.0;;[];[];[];[];[];[];[];[];1.0;0.0;0.0;1.0;0.0;0.0;;;;;;;
2026-05-10;194272387;Brazil Catarinense 2;Brazil;15:00;Schedule;0.6154907710884939;2.05;2.0, 2.5;1.75;2.0, 2.5;0.0;0.0;;0.0;0.0;0.0;0.0;0.0;;Blumenau;;0.0;0.0;1.364;0;0.0;0 - 0;3.9;Fluminense SC;;0.0;0.0;8.5;0;0.0;-1.0;0 - 0;0-0;2.25;0.75;-;nan;;;;;;;;;;;;;;;;0.0;0.0;0.0;0.0;;;0.0;0.0;0.0;0.0;;[];[];[];[];[];[];[];[];1.0;0.0;0.0;1.0;0.0;0.0;434706.0;;blumenau ec sc;;;;
2026-05-10;194270526;Argentina Torneo A;Argentina;15:00;Schedule;0.4373768646214467;1.95;2.0;1.85;2.0;0.0;0.0;;0.0;0.0;0.0;0.0;0.0;;Sol de Mayo;;0.0;0.0;1.615;0;0.0;0 - 0;3.2;Club Circulo Deportivo;;0.0;0.0;5.5;0;0.0;-0.75;0 - 0;0-0;2.0;0.75;-;nan;;;;;;;;;;;;;;;;0.0;0.0;0.0;0.0;;;0.0;0.0;0.0;0.0;;[];[];[];[];[];[];[];[];1.0;0.0;0.0;1.0;0.0;0.0;337369.0;564930.0;csd sol de mayo;cdc nicanor otamendi;;;
2026-05-10;194271755;Brazil Copa Rio U20;Brazil;15:00;Schedule;-0.2936507936507936;1.9;3.0;1.9;3.0;0.0;0.0;;0.0;0.0;0.0;0.0;0.0;;America RJ U20;;0.0;0.0;3.6;0;0.0;0 - 0;3.7;Vasco da Gama U20;;0.0;0.0;1.75;0;0.0;0.5;0 - 0;0-0;3.0;1.25;-;nan;;;;;;;;;;;;;;;;0.0;0.0;0.0;0.0;;;0.0;0.0;0.0;0.0;;[];[];[];[];[];[];[];[];1.0;0.0;0.0;1.0;0.0;0.0;6976.0;1974.0;america fc rj;cr vasco da gama rj;;;Youth
2026-05-10;194270637;Argentina Torneo A;Argentina;15:00;Schedule;0.5423423423423424;1.775;1.5, 2.0;2.025;1.5, 2.0;0.0;0.0;;0.0;0.0;0.0;0.0;0.0;;CA Alvarado;;0.0;0.0;1.48;0;0.0;0 - 0;3.2;Santamarina Tandil;;0.0;0.0;7.5;0;0.0;-1.0;0 - 0;0-0;1.75;0.75;-;nan;;;;;;;;;;;;;;;;0.0;0.0;0.0;0.0;;;0.0;0.0;0.0;0.0;;[];[];[];[];[];[];[];[];1.0;0.0;0.0;1.0;0.0;0.0;397002.0;165912.0;ca alvarado;cd santamarina tandil;;;
2026-05-10;194273978;Argentina Torneo A;Argentina;15:00;Schedule;-0.12228260869565222;1.85;1.5, 2.0;1.95;1.5, 2.0;0.0;0.0;;0.0;0.0;0.0;0.0;0.0;;Guillermo Brown;;0.0;0.0;3.2;0;0.0;0 - 0;2.7;Club Villa Mitre;;0.0;0.0;2.3;0;0.0;0.25;0 - 0;0-0;1.75;0.75;-;nan;;;;;;;;;;;;;;;;0.0;0.0;0.0;0.0;;;0.0;0.0;0.0;0.0;;[];[];[];[];[];[];[];[];1.0;0.0;0.0;1.0;0.0;0.0;53801.0;269551.0;guillermo brown;villa mitre de bahia blanca;;;
2026-05-10;194265973;USA MLS Next Pro League;USA;15:00;Schedule;0.26143790849673204;1.9;3.0;1.9;3.0;0.0;0.0;;0.0;0.0;0.0;0.0;0.0;;New England Revolution II;;0.0;0.0;1.8;0;0.0;0 - 0;3.7;New York City FC II;;0.0;0.0;3.4;0;0.0;-0.5;0 - 0;0-0;3.0;1.25;-;nan;;;;;;;;;;;;;;;;0.0;0.0;0.0;0.0;;;0.0;0.0;0.0;0.0;;[];[];[];[];[];[];[];[];1.0;0.0;0.0;1.0;0.0;0.0;;;;;;;Youth
2026-05-10;194266503;Morocco GNF 1;Morocco;15:00;Schedule;-0.32476857194143144;1.95;2.0;1.85;2.0;0.0;0.0;;0.0;0.0;0.0;0.0;0.0;;CODM Meknes;;0.0;0.0;4.333;0;0.0;0 - 0;3.0;RSB Berkane;;0.0;0.0;1.8;0;0.0;0.5;0 - 0;0-0;2.0;0.75;-;nan;;;;;;;;;;;;;;;;0.0;0.0;0.0;0.0;;;0.0;0.0;0.0;0.0;;[];[];[];[];[];[];[];[];1.0;0.0;0.0;1.0;0.0;0.0;55025.0;80395.0;codm meknes;rs berkane;;;
2026-05-10;194187748;Brazil Serie D;Brazil;15:00;Schedule;-0.2142857142857143;1.875;2.0, 2.5;1.925;2.0, 2.5;0.0;0.0;;0.0;0.0;0.0;0.0;0.0;;Laguna RN;;0.0;0.0;3.5;0;0.0;0 - 0;3.0;Sousa;;0.0;0.0;2.0;0;0.0;0.25;0 - 0;0-0;2.25;1.0;-;nan;;;;;;;;;;;;;;;;0.0;0.0;0.0;0.0;;;0.0;0.0;0.0;0.0;;[];[];[];[];[];[];[];[];1.0;0.0;0.0;1.0;0.0;0.0;951925.0;21864.0;club laguna saf;sousa ec pb;;;
2026-05-10;194271851;Brazil Serie A2 Women;Brazil;15:00;Schedule;0.8689712365239406;2.0;3.5;1.8;3.5;0.0;0.0;;0.0;0.0;0.0;0.0;0.0;;Perolas Negras (W);;0.0;0.0;1.091;0;0.0;0 - 0;9.0;UDA AL (W);;0.0;0.0;21.0;0;0.0;-2.5;0 - 0;0-0;3.5;1.5;-;nan;;;;;;;;;;;;;;;;0.0;0.0;0.0;0.0;;;0.0;0.0;0.0;0.0;;[];[];[];[];[];[];[];[];1.0;0.0;0.0;1.0;0.0;0.0;;;;;;;Women
2026-05-10;194270366;Brazil Paulista Serie B;Brazil;15:00;Schedule;0.3214285714285714;1.95;2.5;1.85;2.5;0.0;0.0;;0.0;0.0;0.0;0.0;0.0;;Guarulhos U23;;0.0;0.0;1.75;0;0.0;0 - 0;3.4;Votoraty U23;;0.0;0.0;4.0;0;0.0;-0.5;0 - 0;0-0;2.5;1.0;-;nan;;;;;;;;;;;;;;;;0.0;0.0;0.0;0.0;;;0.0;0.0;0.0;0.0;;[];[];[];[];[];[];[];[];1.0;0.0;0.0;1.0;0.0;0.0;;;;;;;Youth
2026-05-10;194271670;Brazil Campeonato Baiano U20;Brazil;15:00;Schedule;0.5403726708074534;1.975;2.5, 3.0;1.825;2.5, 3.0;0.0;0.0;;0.0;0.0;0.0;0.0;0.0;;Galicia U20;;0.0;0.0;1.4;0;0.0;0 - 0;4.333;Jacobina U20;;0.0;0.0;5.75;0;0.0;-1.25;0 - 0;0-0;2.75;1.0;-;nan;;;;;;;;;;;;;;;;0.0;0.0;0.0;0.0;;;0.0;0.0;0.0;0.0;;[];[];[];[];[];[];[];[];1.0;0.0;0.0;1.0;0.0;0.0;;;;;;;Youth
2026-05-10;194270368;Brazil Paulista Serie B;Brazil;15:00;Schedule;0.044579533941236094;1.95;2.0, 2.5;1.85;2.0, 2.5;0.0;0.0;;0.0;0.0;0.0;0.0;0.0;;Paulinia Universitario U23;;0.0;0.0;2.35;0;0.0;0 - 0;3.25;Flamengo SP U23;;0.0;0.0;2.625;0;0.0;0.0;0 - 0;0-0;2.25;1.0;-;nan;;;;;;;;;;;;;;;;0.0;0.0;0.0;0.0;;;0.0;0.0;0.0;0.0;;[];[];[];[];[];[];[];[];1.0;0.0;0.0;1.0;0.0;0.0;;;;;;;Youth
2026-05-10;194271848;Brazil Serie A2 Women;Brazil;15:00;Schedule;0.8474584300535317;1.9;3.0, 3.5;1.9;3.0, 3.5;0.0;0.0;;0.0;0.0;0.0;0.0;0.0;;Itabirito (W);;0.0;0.0;1.111;0;0.0;0 - 0;8.0;Doce Mel EC (W);;0.0;0.0;19.0;0;0.0;-2.25;0 - 0;0-0;3.25;1.25;-;nan;;;;;;;;;;;;;;;;0.0;0.0;0.0;0.0;;;0.0;0.0;0.0;0.0;;[];[];[];[];[];[];[];[];1.0;0.0;0.0;1.0;0.0;0.0;;;;;;;Women
2026-05-10;194271719;Brazil Campeonato Cearense U20;Brazil;15:00;Schedule;0.6442716433385174;1.9;3.0;1.9;3.0;0.0;0.0;;0.0;0.0;0.0;0.0;0.0;;CEFAT Tirol U20;;0.0;0.0;1.286;0;0.0;0 - 0;5.0;Alianca CE U20;;0.0;0.0;7.5;0;0.0;-1.75;0 - 0;0-0;3.0;1.25;-;nan;;;;;;;;;;;;;;;;0.0;0.0;0.0;0.0;;;0.0;0.0;0.0;0.0;;[];[];[];[];[];[];[];[];1.0;0.0;0.0;1.0;0.0;0.0;845622.0;;cf atletas do tirol ce;;;;Youth
2026-05-10;194094270;Mexico Liga MX Femenil;Mexico;15:00;Schedule;0.5224071702944943;1.9;3.5;1.9;3.5;0.0;0.0;;0.0;0.0;0.0;0.0;0.0;;Club America (W);;0.0;0.0;1.42;0;0.0;0 - 0;4.5;Toluca (W);;0.0;0.0;5.5;0;0.0;-1.25;0 - 0;0-0;3.5;1.5;-;nan;;;;;;;;;;;;;;;;0.0;0.0;0.0;0.0;;;0.0;0.0;0.0;0.0;;[];[];[];[];[];[];[];[];1.0;0.0;0.0;1.0;0.0;0.0;340986.0;1931.0;club america;deportivo toluca fc;;;Women
2026-05-10;194317034;Mexico Liga TDP;Mexico;15:00;Schedule;0.675;1.825;3.5;1.975;3.5;0.0;0.0;;0.0;0.0;0.0;0.0;0.0;;Atletico Morelia UMSNH;;0.0;0.0;1.25;0;0.0;0 - 0;6.0;Zitacuaro CF II;;0.0;0.0;8.0;0;0.0;-2.0;0 - 0;0-0;3.5;1.5;-;nan;;;;;;;;;;;;;;;;0.0;0.0;0.0;0.0;;;0.0;0.0;0.0;0.0;;[];[];[];[];[];[];[];[];1.0;0.0;0.0;1.0;0.0;0.0;;;;;;;Youth
2026-05-10;194067570;Argentina Liga Profesional;Argentina;15:00;Schedule;0.1948460087994972;1.775;2.0;2.025;2.0;0.0;0.0;;0.0;0.0;0.0;0.0;0.0;;Rosario Central;;0.0;0.0;2.15;0;0.0;0 - 0;3.1;Independiente;;0.0;0.0;3.7;0;0.0;-0.25;0 - 0;0-0;2.0;0.75;-;nan;;;;;;;;;;;;;;;;0.0;0.0;0.0;0.0;;;0.0;0.0;0.0;0.0;;[];[];[];[];[];[];[];[];1.0;0.0;0.0;1.0;0.0;0.0;3217.0;3209.0;ca rosario central;ca independiente avellaneda;;;
2026-05-10;194324899;Italy Serie C Play-Offs;Italy;15:00;Schedule;-0.00366300366300365;1.825;2.0;1.975;2.0;0.0;0.0;;0.0;0.0;0.0;0.0;0.0;;US Pianese;;0.0;0.0;2.625;0;0.0;0 - 0;2.875;Lecco;;0.0;0.0;2.6;0;0.0;0.0;0 - 0;0-0;2.0;0.75;-;nan;;;;;;;;;;;;;;;;0.0;0.0;0.0;0.0;;;0.0;0.0;0.0;0.0;;[];[];[];[];[];[];[];[];1.0;0.0;0.0;1.0;0.0;0.0;117356.0;7933.0;us pianese;calcio lecco 1912;;;
2026-05-10;194324873;Italy Serie C Play-Offs;Italy;15:00;Schedule;0.26276276276276267;1.925;2.5;1.875;2.5;0.0;0.0;;0.0;0.0;0.0;0.0;0.0;;SSD Casarano Calcio;;0.0;0.0;1.85;0;0.0;0 - 0;3.4;Renate;;0.0;0.0;3.6;0;0.0;-0.5;0 - 0;0-0;2.5;1.0;-;nan;;;;;;;;;;;;;;;;0.0;0.0;0.0;0.0;;;0.0;0.0;0.0;0.0;;[];[];[];[];[];[];[];[];1.0;0.0;0.0;1.0;0.0;0.0;43684.0;36586.0;s.s.d. casarano calcio;ac renate;;;
2026-05-10;194277530;Brazil Campeonato Alagoano B;Brazil;15:00;Schedule;-0.4143150152061674;1.85;3.0;1.95;3.0;0.0;0.0;;0.0;0.0;0.0;0.0;0.0;;Miguelense;;0.0;0.0;4.5;0;0.0;0 - 0;3.8;Sporting FC Teotonio;;0.0;0.0;1.571;0;0.0;1.0;0 - 0;0-0;3.0;1.25;-;nan;;;;;;;;;;;;;;;;0.0;0.0;0.0;0.0;;;0.0;0.0;0.0;0.0;;[];[];[];[];[];[];[];[];1.0;0.0;0.0;1.0;0.0;0.0;;;;;;;Youth
2026-05-10;194221303;USA USL Super League Women;USA;15:00;Schedule;0.6445444319460067;1.9;3.0;1.9;3.0;0.0;0.0;;0.0;0.0;0.0;0.0;0.0;;Lexington SC (W);;0.0;0.0;1.27;0;0.0;0 - 0;5.5;Brooklyn (W);;0.0;0.0;7.0;0;0.0;-1.5;0 - 0;0-0;3.0;1.25;-;nan;;;;;;;;;;;;;;;;0.0;0.0;0.0;0.0;;;0.0;0.0;0.0;0.0;;[];[];[];[];[];[];[];[];1.0;0.0;0.0;1.0;0.0;0.0;980885.0;1312976.0;lexington sc;brooklyn fc;;;Women
2026-05-10;194324868;Italy Serie C Play-Offs;Italy;15:00;Schedule;0.2271062271062272;1.9;2.0, 2.5;1.9;2.0, 2.5;0.0;0.0;;0.0;0.0;0.0;0.0;0.0;;Campobasso;;0.0;0.0;1.95;0;0.0;0 - 0;3.2;Potenza;;0.0;0.0;3.5;0;0.0;-0.5;0 - 0;0-0;2.25;nan;-;nan;;;;;;;;;;;;;;;;0.0;0.0;0.0;0.0;;;0.0;0.0;0.0;0.0;;[];[];[];[];[];[];[];[];1.0;0.0;0.0;1.0;0.0;0.0;43858.0;7936.0;campobasso fc;potenza calcio;;;
2026-05-10;194187717;Brazil Serie D;Brazil;15:00;Schedule;-0.06838905775075987;1.775;2.0;2.025;2.0;0.0;0.0;;0.0;0.0;0.0;0.0;0.0;;Guarany de Bage;;0.0;0.0;2.8;0;0.0;0 - 0;2.9;Santa Catarina;;0.0;0.0;2.35;0;0.0;0.0;0 - 0;0-0;2.0;nan;-;nan;;;;;;;;;;;;;;;;0.0;0.0;0.0;0.0;;;0.0;0.0;0.0;0.0;;[];[];[];[];[];[];[];[];1.0;0.0;0.0;1.0;0.0;0.0;21966.0;510178.0;guarany de bage fc;santa catarina sc;;;
2026-05-10;194259993;Brazil Campeonato Gaucho U20;Brazil;15:00;Schedule;0.25482625482625476;1.85;2.5, 3.0;1.95;2.5, 3.0;0.0;0.0;;0.0;0.0;0.0;0.0;0.0;;Juventude U20;;0.0;0.0;1.85;0;0.0;0 - 0;3.5;Real SC U20;;0.0;0.0;3.5;0;0.0;-0.5;0 - 0;0-0;2.75;1.25;-;nan;;;;;;;;;;;;;;;;0.0;0.0;0.0;0.0;;;0.0;0.0;0.0;0.0;;[];[];[];[];[];[];[];[];1.0;0.0;0.0;1.0;0.0;0.0;1980.0;;ec juventude rs;;;;Youth
2026-05-10;193330378;Saudi Arabia Pro League;Saudi Arabia;15:00;Schedule;0.5186077321450079;2.0;3.0;1.8;3.0;0.0;0.0;;0.0;0.0;0.0;0.0;0.0;;Al Ittihad Jeddah;;0.0;0.0;1.444;0;0.0;0 - 0;4.0;Damac FC;;0.0;0.0;5.75;0;0.0;-1.25;0 - 0;0-0;3.0;1.25;-;nan;;;;;;;;;;;;;;;;0.0;0.0;0.0;0.0;;;0.0;0.0;0.0;0.0;;[];[];[];[];[];[];[];[];1.0;0.0;0.0;1.0;0.0;0.0;34315.0;220298.0;al-ittihad club;damac fc;;;
2026-05-10;194365808;Brazil Catarinense 2;Brazil;15:00;Schedule;0.4417894050193979;1.95;2.5;1.85;2.5;0.0;0.0;;0.0;0.0;0.0;0.0;0.0;;Hercilio Luz;;0.0;0.0;1.533;0;0.0;0 - 0;3.9;Guarani de Palhoca;;0.0;0.0;4.75;0;0.0;-1.0;0 - 0;0-0;2.5;1.0;-;nan;;;;;;;;;;;;;;;;0.0;0.0;0.0;0.0;;;0.0;0.0;0.0;0.0;;[];[];[];[];[];[];[];[];1.0;0.0;0.0;1.0;0.0;0.0;;;;;;;
2026-05-10;194274341;Mali Premiere Division;Mali;15:30;Schedule;0.2747252747252748;1.975;1.5, 2.0;1.825;1.5, 2.0;0.0;0.0;;0.0;0.0;0.0;0.0;0.0;;FC Diarra;2.0;0.0;0.0;1.95;0;0.0;0 - 0;2.75;Derby Academie;8.0;0.0;0.0;4.2;0;0.0;-0.5;0 - 0;0-0;1.75;0.75;-;nan;;;;;;;;;;;;;;;;0.0;0.0;0.0;0.0;;;0.0;0.0;0.0;0.0;;[];[];[];[];[];[];[];[];1.0;0.0;0.0;1.0;0.0;0.0;;;;;;;
2026-05-10;194273985;Argentina Torneo A;Argentina;15:30;Schedule;0.2350427350427351;1.8;1.5, 2.0;2.0;1.5, 2.0;0.0;0.0;;0.0;0.0;0.0;0.0;0.0;;Sportivo y Biblioteca Atenas;;0.0;0.0;1.95;0;0.0;0 - 0;3.1;CDA Monte Maiz;;0.0;0.0;3.6;0;0.0;-0.5;0 - 0;0-0;1.75;0.75;-;nan;;;;;;;;;;;;;;;;0.0;0.0;0.0;0.0;;;0.0;0.0;0.0;0.0;;[];[];[];[];[];[];[];[];1.0;0.0;0.0;1.0;0.0;0.0;;854829.0;;cd argentino monte maiz;;;
2026-05-10;193326560;Argentina Nacional B;Argentina;15:30;Schedule;-0.012315270935960576;1.95;1.5, 2.0;1.85;1.5, 2.0;0.0;0.0;;0.0;0.0;0.0;0.0;0.0;;Acassuso;;0.0;0.0;2.9;0;0.0;0 - 0;2.75;Almirante Brown;;0.0;0.0;2.8;0;0.0;0.0;0 - 0;0-0;1.75;0.75;-;nan;;;;;;;;;;;;;;;;0.0;0.0;0.0;0.0;;;0.0;0.0;0.0;0.0;;[];[];[];[];[];[];[];[];1.0;0.0;0.0;1.0;0.0;0.0;112491.0;43740.0;ca acassuso;club almirante brown;;;Youth
2026-05-10;194271647;Argentina Torneo A;Argentina;15:30;Schedule;-0.1014492753623189;1.975;2.0;1.825;2.0;0.0;0.0;;0.0;0.0;0.0;0.0;0.0;;Gimnasia C. Uruguay;;0.0;0.0;3.0;0;0.0;0 - 0;2.875;Gimnasia Y Esgrima De Chivilcoy;;0.0;0.0;2.3;0;0.0;0.25;0 - 0;0-0;2.0;0.75;-;nan;;;;;;;;;;;;;;;;0.0;0.0;0.0;0.0;;;0.0;0.0;0.0;0.0;;[];[];[];[];[];[];[];[];1.0;0.0;0.0;1.0;0.0;0.0;;1191759.0;;gimnasia de chivilcoy;;;
2026-05-10;193326578;Argentina Nacional B;Argentina;15:30;Schedule;0.26921301638587586;1.825;1.5, 2.0;1.975;1.5, 2.0;0.0;0.0;;0.0;0.0;0.0;0.0;0.0;;Chacarita Juniors;;0.0;0.0;2.0;0;0.0;0 - 0;3.0;CA Colegiales;;0.0;0.0;4.333;0;0.0;-0.5;0 - 0;0-0;1.75;0.75;-;nan;;;;;;;;;;;;;;;;0.0;0.0;0.0;0.0;;;0.0;0.0;0.0;0.0;;[];[];[];[];[];[];[];[];1.0;0.0;0.0;1.0;0.0;0.0;3214.0;112493.0;chacarita juniors;ca colegiales;;;Youth
2026-05-10;194259961;Argentina Torneo A;Argentina;15:30;Schedule;0.5563218390804598;2.0;2.0;1.8;2.0;0.0;0.0;;0.0;0.0;0.0;0.0;0.0;;Olimpo B Blanca;;0.0;0.0;1.45;0;0.0;0 - 0;3.4;Germinal de Rawson;;0.0;0.0;7.5;0;0.0;-1.0;0 - 0;0-0;2.0;0.75;-;nan;;;;;;;;;;;;;;;;0.0;0.0;0.0;0.0;;;0.0;0.0;0.0;0.0;;[];[];[];[];[];[];[];[];1.0;0.0;0.0;1.0;0.0;0.0;3222.0;855199.0;club olimpo;ca germinal;;;Youth
2026-05-10;194266739;Portugal Liga 3;Portugal;15:30;Schedule;-0.09961685823754785;1.95;2.0, 2.5;1.85;2.0, 2.5;0.0;0.0;;0.0;0.0;0.0;0.0;0.0;;Varzim;;0.0;0.0;2.9;0;0.0;0 - 0;3.1;CF Os Belenenses;;0.0;0.0;2.25;0;0.0;0.25;0 - 0;0-0;2.25;1.0;-;nan;;;;;;;;;;;;;;;;0.0;0.0;0.0;0.0;;;0.0;0.0;0.0;0.0;;[];[];[];[];[];[];[];[];1.0;0.0;0.0;1.0;0.0;0.0;;;;;;;
2026-05-10;194273988;Argentina Torneo A;Argentina;15:30;Schedule;0.3450292397660819;1.875;1.5, 2.0;1.925;1.5, 2.0;0.0;0.0;;0.0;0.0;0.0;0.0;0.0;;Cipolletti;;0.0;0.0;1.8;0;0.0;0 - 0;2.875;Juventud Unida Universitario;;0.0;0.0;4.75;0;0.0;-0.5;0 - 0;0-0;1.75;0.75;-;nan;;;;;;;;;;;;;;;;0.0;0.0;0.0;0.0;;;0.0;0.0;0.0;0.0;;[];[];[];[];[];[];[];[];1.0;0.0;0.0;1.0;0.0;0.0;341072.0;396508.0;club cipolletti;ca juventud unida universitario san luis;;;
2026-05-10;194330106;Uruguay League Women;Uruguay;15:30;Schedule;-0.87072945521699;1.9;3.5, 4.0;1.9;3.5, 4.0;0.0;0.0;;0.0;0.0;0.0;0.0;0.0;;FC San Jacinto (W);;0.0;0.0;19.0;0;0.0;0 - 0;10.0;Defensor Sporting (W);;0.0;0.0;1.083;0;0.0;2.75;0 - 0;0-0;3.75;1.75;-;nan;;;;;;;;;;;;;;;;0.0;0.0;0.0;0.0;;;0.0;0.0;0.0;0.0;;[];[];[];[];[];[];[];[];1.0;0.0;0.0;1.0;0.0;0.0;;3229.0;;defensor sporting;;;Women
2026-05-10;194220466;Argentina Primera B Metropolitana;Argentina;15:30;Schedule;0.2628205128205129;1.8;1.5, 2.0;2.0;1.5, 2.0;0.0;0.0;;0.0;0.0;0.0;0.0;0.0;;Arsenal de Sarandi;1.0;0.0;0.0;1.95;0;0.0;0 - 0;2.8;Real Pilar;5.0;0.0;0.0;4.0;0;0.0;-0.5;0 - 0;0-0;1.75;0.75;-;nan;;;;;;;;;;;;;;;;0.0;0.0;0.0;0.0;;;0.0;0.0;0.0;0.0;;[];[];[];[];[];[];[];[];1.0;0.0;0.0;1.0;0.0;0.0;3221.0;374918.0;arsenal de sarandi;real pilar fc;;;Youth
2026-05-10;194187703;Brazil Serie D;Brazil;15:30;Schedule;-0.011204481792717158;1.75;2.0;2.05;2.0;0.0;0.0;;0.0;0.0;0.0;0.0;0.0;;Juazeirense;;0.0;0.0;2.625;0;0.0;0 - 0;2.875;CSA;;0.0;0.0;2.55;0;0.0;0.0;0 - 0;0-0;2.0;0.75;-;nan;;;;;;;;;;;;;;;;0.0;0.0;0.0;0.0;;;0.0;0.0;0.0;0.0;;[];[];[];[];[];[];[];[];1.0;0.0;0.0;1.0;0.0;0.0;61724.0;2010.0;sd juazeirense ba;cs alagoano al;;;
2026-05-10;194162336;Argentina Primera C Metropolitana;Argentina;15:30;Schedule;0.10855263157894735;1.95;1.5, 2.0;1.85;1.5, 2.0;0.0;0.0;;0.0;0.0;0.0;0.0;0.0;;Lujan;;0.0;0.0;2.375;0;0.0;0 - 0;2.6;Canuelas FC;;0.0;0.0;3.2;0;0.0;-0.25;0 - 0;0-0;1.75;0.75;-;nan;;;;;;;;;;;;;;;;0.0;0.0;0.0;0.0;;;0.0;0.0;0.0;0.0;;[];[];[];[];[];[];[];[];1.0;0.0;0.0;1.0;0.0;0.0;306574.0;329911.0;club lujan;canuelas fc;;;
2026-05-10;193820483;Argentina Primera C Metropolitana;Argentina;15:30;Schedule;0.3147667534289746;1.775;1.5, 2.0;2.025;1.5, 2.0;0.0;0.0;;0.0;0.0;0.0;0.0;0.0;;Sportivo Barracas;;0.0;0.0;1.833;0;0.0;0 - 0;2.9;Deportivo Muniz;;0.0;0.0;4.333;0;0.0;-0.5;0 - 0;0-0;1.75;0.75;-;nan;;;;;;;;;;;;;;;;0.0;0.0;0.0;0.0;;;0.0;0.0;0.0;0.0;;[];[];[];[];[];[];[];[];1.0;0.0;0.0;1.0;0.0;0.0;165916.0;340928.0;cs barracas;deportivo muniz;;;
2026-05-10;194220463;Argentina Primera B Metropolitana;Argentina;15:30;Schedule;0.19047619047619047;2.05;2.0;1.75;2.0;0.0;0.0;;0.0;0.0;0.0;0.0;0.0;;Argentino Quilmes;;0.0;0.0;2.1;0;0.0;0 - 0;2.8;CS Dock Sud;;0.0;0.0;3.5;0;0.0;-0.25;0 - 0;0-0;2.0;0.75;-;nan;;;;;;;;;;;;;;;;0.0;0.0;0.0;0.0;;;0.0;0.0;0.0;0.0;;[];[];[];[];[];[];[];[];1.0;0.0;0.0;1.0;0.0;0.0;93525.0;388100.0;argentino de quilmes;cs dock sud;;;Youth
2026-05-10;193820479;Argentina Primera C Metropolitana;Argentina;15:30;Schedule;0.24255024255024266;1.95;2.0, 2.5;1.85;2.0, 2.5;0.0;0.0;;0.0;0.0;0.0;0.0;0.0;;CA Lugano;;0.0;0.0;1.95;0;0.0;0 - 0;3.0;Puerto Nuevo;;0.0;0.0;3.7;0;0.0;-0.5;0 - 0;0-0;2.25;1.0;-;nan;;;;;;;;;;;;;;;;0.0;0.0;0.0;0.0;;;0.0;0.0;0.0;0.0;;[];[];[];[];[];[];[];[];1.0;0.0;0.0;1.0;0.0;0.0;182126.0;377562.0;ca lugano;ca puerto nuevo;;;
2026-05-10;193820488;Argentina Primera C Metropolitana;Argentina;15:30;Schedule;-0.017316017316017285;1.875;1.5, 2.0;1.925;1.5, 2.0;0.0;0.0;;0.0;0.0;0.0;0.0;0.0;;El Porvenir;;0.0;0.0;2.75;0;0.0;0 - 0;2.7;Central Cordoba Rosario;;0.0;0.0;2.625;0;0.0;0.0;0 - 0;0-0;1.75;0.75;-;nan;;;;;;;;;;;;;;;;0.0;0.0;0.0;0.0;;;0.0;0.0;0.0;0.0;;[];[];[];[];[];[];[];[];1.0;0.0;0.0;1.0;0.0;0.0;388934.0;224836.0;club el porvenir;ca central cordoba rosario;;;
2026-05-10;194324878;Italy Serie C Play-Offs;Italy;15:45;Schedule;0.08695652173913049;2.0;2.0, 2.5;1.8;2.0, 2.5;0.0;0.0;;0.0;0.0;0.0;0.0;0.0;;Cittadella;;0.0;0.0;2.3;0;0.0;0 - 0;3.0;Ravenna;;0.0;0.0;2.875;0;0.0;-0.25;0 - 0;0-0;2.25;0.75;-;nan;;;;;;;;;;;;;;;;0.0;0.0;0.0;0.0;;;0.0;0.0;0.0;0.0;;[];[];[];[];[];[];[];[];1.0;0.0;0.0;1.0;0.0;0.0;2717.0;5318.0;as cittadella;ravenna fc 1913;;;
2026-05-10;193004705;Italy Serie A;Italy;15:45;Schedule;0.22113821138211387;1.85;2.5;2.0;2.5;0.0;0.0;;0.0;0.0;0.0;0.0;0.0;;AC Milan;3.0;0.0;0.0;2.05;0;0.0;0 - 0;3.3;Atalanta;7.0;0.0;0.0;3.75;0;0.0;-0.5;0 - 0;0-0;2.5;1.0;-;nan;;;;;;;;;;;;;;;;0.0;0.0;0.0;0.0;;;0.0;0.0;0.0;0.0;;[];[];[];[];[];[];[];[];1.0;0.0;0.0;1.0;0.0;0.0;2692.0;;ac milan;;;;
2026-05-10;194274080;Guatemala Primera Division;Guatemala;16:00;Schedule;0.45231572080887156;1.8;2.5;2.0;2.5;0.0;0.0;;0.0;0.0;0.0;0.0;0.0;;Deportivo San Pedro;;0.0;0.0;1.533;0;0.0;0 - 0;3.8;Nueva Santa Rosa CDF;;0.0;0.0;5.0;0;0.0;-1.0;0 - 0;0-0;2.5;1.0;-;nan;;;;;;;;;;;;;;;;0.0;0.0;0.0;0.0;;;0.0;0.0;0.0;0.0;;[];[];[];[];[];[];[];[];1.0;0.0;0.0;1.0;0.0;0.0;;;;;;;
2026-05-10;194267386;Argentina Torneo A;Argentina;16:00;Schedule;0.4984695669627177;1.975;2.0;1.825;2.0;0.0;0.0;;0.0;0.0;0.0;0.0;0.0;;Sportivo Belgrano;;0.0;0.0;1.533;0;0.0;0 - 0;3.25;Sportivo Las Parejas;;0.0;0.0;6.5;0;0.0;-1.0;0 - 0;0-0;2.0;0.75;-;nan;;;;;;;;;;;;;;;;0.0;0.0;0.0;0.0;;;0.0;0.0;0.0;0.0;;[];[];[];[];[];[];[];[];1.0;0.0;0.0;1.0;0.0;0.0;65664.0;348532.0;cs belgrano;sportivo las parejas;;;
2026-05-10;194187763;Brazil Serie D;Brazil;16:00;Schedule;0.40940383351901044;2.025;2.0, 2.5;1.775;2.0, 2.5;0.0;0.0;;0.0;0.0;0.0;0.0;0.0;;Tuna Luso;;0.0;0.0;1.667;0;0.0;0 - 0;3.1;Tocantinopolis;;0.0;0.0;5.25;0;0.0;-0.75;0 - 0;0-0;2.25;0.75;-;nan;;;;;;;;;;;;;;;;0.0;0.0;0.0;0.0;;;0.0;0.0;0.0;0.0;;[];[];[];[];[];[];[];[];1.0;0.0;0.0;1.0;0.0;0.0;21866.0;245545.0;tuna luso pa;tocantinopolis ec to;;;
2026-05-10;193005729;France Ligue 1;France;16:00;Schedule;-0.15261627906976744;1.875;2.5, 3.0;1.975;2.5, 3.0;0.0;0.0;;0.0;0.0;0.0;0.0;0.0;;Metz;18.0;0.0;0.0;3.2;0;0.0;0 - 0;3.7;Lorient;9.0;0.0;0.0;2.15;0;0.0;0.25;0 - 0;0-0;2.75;1.25;-;nan;;;;;;;;;;;;;;;;0.0;0.0;0.0;0.0;;;0.0;0.0;0.0;0.0;;[];[];[];[];[];[];[];[];1.0;0.0;0.0;1.0;0.0;0.0;1651.0;1656.0;fc metz;fc lorient;;;
2026-05-10;194267388;Argentina Torneo A;Argentina;16:00;Schedule;0.2496626180836708;1.9;2.0;1.9;2.0;0.0;0.0;;0.0;0.0;0.0;0.0;0.0;;Boca Unidos;;0.0;0.0;1.95;0;0.0;0 - 0;2.9;Sol de America de Formosa;;0.0;0.0;3.8;0;0.0;-0.5;0 - 0;0-0;2.0;0.75;-;nan;;;;;;;;;;;;;;;;0.0;0.0;0.0;0.0;;;0.0;0.0;0.0;0.0;;[];[];[];[];[];[];[];[];1.0;0.0;0.0;1.0;0.0;0.0;36835.0;330655.0;ca boca unidos corrientes;ca sol de america de formosa;;;
2026-05-10;194267390;Argentina Torneo A;Argentina;16:00;Schedule;0.25641025641025644;2.025;2.0;1.775;2.0;0.0;0.0;;0.0;0.0;0.0;0.0;0.0;;San Martin de Mendoza;;0.0;0.0;1.95;0;0.0;0 - 0;2.9;Fundacion Amigos;;0.0;0.0;3.9;0;0.0;-0.5;0 - 0;0-0;2.0;0.75;-;nan;;;;;;;;;;;;;;;;0.0;0.0;0.0;0.0;;;0.0;0.0;0.0;0.0;;[];[];[];[];[];[];[];[];1.0;0.0;0.0;1.0;0.0;0.0;4474.0;;ac san martin de mendoza;;;;
2026-05-10;193985011;Chile Copa de la Liga;Chile;16:00;Schedule;0.28528528528528535;1.825;2.0, 2.5;1.975;2.0, 2.5;0.0;0.0;;0.0;0.0;0.0;0.0;0.0;;Coquimbo Unido;;0.0;0.0;1.8;0;0.0;0 - 0;3.6;Huachipato;;0.0;0.0;3.7;0;0.0;-0.5;0 - 0;0-0;2.25;1.0;-;nan;;;;;;;;;;;;;;;;0.0;0.0;0.0;0.0;;;0.0;0.0;0.0;0.0;;[];[];[];[];[];[];[];[];1.0;0.0;0.0;1.0;0.0;0.0;3165.0;3164.0;coquimbo unido;huachipato;;;
2026-05-10;193005764;France Ligue 1;France;16:00;Schedule;-0.348251811985181;1.975;2.5, 3.0;1.875;2.5, 3.0;0.0;0.0;;0.0;0.0;0.0;0.0;0.0;;Toulouse;10.0;0.0;0.0;4.333;0;0.0;0 - 0;4.0;Lyon;3.0;0.0;0.0;1.727;0;0.0;0.75;0 - 0;0-0;2.75;1.25;-;nan;;;;;;;;;;;;;;;;0.0;0.0;0.0;0.0;;;0.0;0.0;0.0;0.0;;[];[];[];[];[];[];[];[];1.0;0.0;0.0;1.0;0.0;0.0;1681.0;1649.0;toulouse fc;olympique lyon;;;
2026-05-10;194273970;Argentina Championship Women;Argentina;16:00;Schedule;0.1014492753623189;2.0;2.0;1.8;2.0;0.0;0.0;;0.0;0.0;0.0;0.0;0.0;;San Luis FC (W);;0.0;0.0;2.3;0;0.0;0 - 0;2.875;Huracan (W);;0.0;0.0;3.0;0;0.0;-0.25;0 - 0;0-0;2.0;0.75;-;nan;;;;;;;;;;;;;;;;0.0;0.0;0.0;0.0;;;0.0;0.0;0.0;0.0;;[];[];[];[];[];[];[];[];1.0;0.0;0.0;1.0;0.0;0.0;;7629.0;;ca huracan;;;Women
2026-05-10;193005735;France Ligue 1;France;16:00;Schedule;0.7691006117402057;1.925;3.5;1.925;3.5;0.0;0.0;;0.0;0.0;0.0;0.0;0.0;;PSG;1.0;0.0;0.0;1.182;0;0.0;0 - 0;8.0;Brest;12.0;0.0;0.0;13.0;0;0.0;-2.0;0 - 0;0-0;3.5;1.5;-;nan;;;;;;;;;;;;;;;;0.0;0.0;0.0;0.0;;;0.0;0.0;0.0;0.0;;[];[];[];[];[];[];[];[];1.0;0.0;0.0;1.0;0.0;0.0;1644.0;1715.0;paris saint-germain;stade brest 29;;;
2026-05-10;193005731;France Ligue 1;France;16:00;Schedule;0.050682261208576995;2.05;3.0;1.8;3.0;0.0;0.0;;0.0;0.0;0.0;0.0;0.0;;Monaco;6.0;0.0;0.0;2.375;0;0.0;0 - 0;3.8;Lille;4.0;0.0;0.0;2.7;0;0.0;0.0;0 - 0;0-0;3.0;1.25;-;nan;;;;;;;;;;;;;;;;0.0;0.0;0.0;0.0;;;0.0;0.0;0.0;0.0;;[];[];[];[];[];[];[];[];1.0;0.0;0.0;1.0;0.0;0.0;1653.0;1643.0;as monaco;lille osc;;;
2026-05-10;194259971;Argentina Torneo A;Argentina;16:00;Schedule;0.2628205128205129;1.775;1.5, 2.0;2.025;1.5, 2.0;0.0;0.0;;0.0;0.0;0.0;0.0;0.0;;Huracan Las Heras;;0.0;0.0;1.95;0;0.0;0 - 0;2.8;Deportivo Rincon;;0.0;0.0;4.0;0;0.0;-0.5;0 - 0;0-0;1.75;0.75;-;nan;;;;;;;;;;;;;;;;0.0;0.0;0.0;0.0;;;0.0;0.0;0.0;0.0;;[];[];[];[];[];[];[];[];1.0;0.0;0.0;1.0;0.0;0.0;206435.0;405425.0;ca huracan las heras;deportivo rincon;;;
2026-05-10;193005741;France Ligue 1;France;16:00;Schedule;0.49275362318840576;2.025;3.0, 3.5;1.825;3.0, 3.5;0.0;0.0;;0.0;0.0;0.0;0.0;0.0;;Rennes;5.0;0.0;0.0;1.5;0;0.0;0 - 0;4.75;Paris FC;11.0;0.0;0.0;5.75;0;0.0;-1.25;0 - 0;0-0;3.25;1.25;-;nan;;;;;;;;;;;;;;;;0.0;0.0;0.0;0.0;;;0.0;0.0;0.0;0.0;;[];[];[];[];[];[];[];[];1.0;0.0;0.0;1.0;0.0;0.0;1658.0;6070.0;stade rennais fc;paris fc;;;
2026-05-10;193985008;Chile Copa de la Liga;Chile;16:00;Schedule;-0.2142857142857143;1.925;2.0, 2.5;1.875;2.0, 2.5;0.0;0.0;;0.0;0.0;0.0;0.0;0.0;;Union La Calera;;0.0;0.0;3.5;0;0.0;0 - 0;3.25;Universidad de Chile;;0.0;0.0;2.0;0;0.0;0.5;0 - 0;0-0;2.25;1.0;-;nan;;;;;;;;;;;;;;;;0.0;0.0;0.0;0.0;;;0.0;0.0;0.0;0.0;;[];[];[];[];[];[];[];[];1.0;0.0;0.0;1.0;0.0;0.0;48242.0;3161.0;deportes union la calera;universidad de chile;;;
2026-05-10;194259978;Argentina Torneo A;Argentina;16:00;Schedule;0.1014492753623189;1.8;2.0;2.0;2.0;0.0;0.0;;0.0;0.0;0.0;0.0;0.0;;Defensores de Belgrano VR;;0.0;0.0;2.3;0;0.0;0 - 0;2.875;CA 9 de Julio Rafaela;;0.0;0.0;3.0;0;0.0;-0.25;0 - 0;0-0;2.0;0.75;-;nan;;;;;;;;;;;;;;;;0.0;0.0;0.0;0.0;;;0.0;0.0;0.0;0.0;;[];[];[];[];[];[];[];[];1.0;0.0;0.0;1.0;0.0;0.0;;331181.0;;ca 9 de julio rafaela;;;
2026-05-10;194220342;Bolivia Primera Division;Bolivia;16:00;Schedule;-0.23219814241486064;1.875;3.0, 3.5;1.925;3.0, 3.5;0.0;0.0;;0.0;0.0;0.0;0.0;0.0;;Independiente Petrolero;;0.0;0.0;3.4;0;0.0;0 - 0;3.9;Always Ready;;0.0;0.0;1.9;0;0.0;0.5;0 - 0;0-0;3.25;nan;-;nan;;;;;;;;;;;;;;;;0.0;0.0;0.0;0.0;;;0.0;0.0;0.0;0.0;;[];[];[];[];[];[];[];[];1.0;0.0;0.0;1.0;0.0;0.0;498412.0;378096.0;independiente petrolero;always ready;;;
2026-05-10;194267392;Argentina Torneo A;Argentina;16:00;Schedule;-0.4321475625823452;1.85;1.5, 2.0;1.95;1.5, 2.0;0.0;0.0;;0.0;0.0;0.0;0.0;0.0;;Tucuman Central;;0.0;0.0;5.75;0;0.0;0 - 0;3.0;Juventud Antoniana;;0.0;0.0;1.65;0;0.0;0.75;0 - 0;0-0;1.75;0.75;-;nan;;;;;;;;;;;;;;;;0.0;0.0;0.0;0.0;;;0.0;0.0;0.0;0.0;;[];[];[];[];[];[];[];[];1.0;0.0;0.0;1.0;0.0;0.0;1319304.0;93519.0;club tucuman central deportes;juventud antoniana;;;
2026-05-10;194277551;Chile Segunda;Chile;16:00;Schedule;-0.06441223832528187;2.0;2.5;1.8;2.5;0.0;0.0;;0.0;0.0;0.0;0.0;0.0;;Real Juventud San Joaquin;;0.0;0.0;2.7;0;0.0;0 - 0;3.25;Deportes Colina;;0.0;0.0;2.3;0;0.0;0.25;0 - 0;0-0;2.5;nan;-;nan;;;;;;;;;;;;;;;;0.0;0.0;0.0;0.0;;;0.0;0.0;0.0;0.0;;[];[];[];[];[];[];[];[];1.0;0.0;0.0;1.0;0.0;0.0;;;;;;;
2026-05-10;193326565;Argentina Nacional B;Argentina;16:00;Schedule;0.10416666666666669;1.775;1.5, 2.0;2.025;1.5, 2.0;0.0;0.0;;0.0;0.0;0.0;0.0;0.0;;Agropecuario;;0.0;0.0;2.4;0;0.0;0 - 0;3.0;CA Atlanta;;0.0;0.0;3.2;0;0.0;-0.25;0 - 0;0-0;1.75;0.75;-;nan;;;;;;;;;;;;;;;;0.0;0.0;0.0;0.0;;;0.0;0.0;0.0;0.0;;[];[];[];[];[];[];[];[];1.0;0.0;0.0;1.0;0.0;0.0;371368.0;53799.0;agropecuario argentino;ca atlanta;;;Youth
2026-05-10;194187715;Brazil Serie D;Brazil;16:00;Schedule;0.5503791982665223;1.9;2.5;1.9;2.5;0.0;0.0;;0.0;0.0;0.0;0.0;0.0;;Fluminense PI;;0.0;0.0;1.42;0;0.0;0 - 0;3.9;FC Atlético Cearense;;0.0;0.0;6.5;0;0.0;-1.25;0 - 0;0-0;2.5;1.0;-;nan;;;;;;;;;;;;;;;;0.0;0.0;0.0;0.0;;;0.0;0.0;0.0;0.0;;[];[];[];[];[];[];[];[];1.0;0.0;0.0;1.0;0.0;0.0;773398.0;33775.0;fluminense ec pi;fc atletico ce;;;
2026-05-10;193192204;Brazil Serie B;Brazil;16:00;Schedule;0.25641025641025644;1.825;2.0, 2.5;1.975;2.0, 2.5;0.0;0.0;;0.0;0.0;0.0;0.0;0.0;;Nautico;;0.0;0.0;1.95;0;0.0;0 - 0;3.3;America MG;;0.0;0.0;3.9;0;0.0;-0.5;0 - 0;0-0;2.25;1.0;-;nan;;;;;;;;;;;;;;;;0.0;0.0;0.0;0.0;;;0.0;0.0;0.0;0.0;;[];[];[];[];[];[];[];[];1.0;0.0;0.0;1.0;0.0;0.0;2011.0;1973.0;nautico pe;america fc mg;;;Youth
2026-05-10;194324886;Italy Serie C Play-Offs;Italy;16:00;Schedule;0.02721088435374147;1.875;2.0, 2.5;1.925;2.0, 2.5;0.0;0.0;;0.0;0.0;0.0;0.0;0.0;;Casertana;;0.0;0.0;2.45;0;0.0;0 - 0;3.1;Salernitana;;0.0;0.0;2.625;0;0.0;0.0;0 - 0;0-0;2.25;1.0;-;nan;;;;;;;;;;;;;;;;0.0;0.0;0.0;0.0;;;0.0;0.0;0.0;0.0;;[];[];[];[];[];[];[];[];1.0;0.0;0.0;1.0;0.0;0.0;53857.0;2710.0;casertana fc;us salernitana;;;
2026-05-10;193191365;Brazil Serie A;Brazil;16:00;Schedule;-0.3097535569264163;1.975;2.5;1.875;2.5;0.0;0.0;;0.0;0.0;0.0;0.0;0.0;;Remo;19.0;0.0;0.0;4.333;0;0.0;0 - 0;3.5;Palmeiras;1.0;0.0;0.0;1.85;0;0.0;0.5;0 - 0;0-0;2.5;1.0;-;nan;;;;;;;;;;;;;;;;0.0;0.0;0.0;0.0;;;0.0;0.0;0.0;0.0;;[];[];[];[];[];[];[];[];1.0;0.0;0.0;1.0;0.0;0.0;2012.0;1963.0;clube do remo pa;se palmeiras sp;;;
2026-05-10;193191347;Brazil Serie A;Brazil;16:00;Schedule;0.1709986320109439;2.0;2.5;1.85;2.5;0.0;0.0;;0.0;0.0;0.0;0.0;0.0;;Atletico Mineiro;;0.0;0.0;2.15;0;0.0;0 - 0;3.4;Botafogo;;0.0;0.0;3.4;0;0.0;-0.25;0 - 0;0-0;2.5;1.0;-;nan;;;;;;;;;;;;;;;;0.0;0.0;0.0;0.0;;;0.0;0.0;0.0;0.0;;[];[];[];[];[];[];[];[];1.0;0.0;0.0;1.0;0.0;0.0;1977.0;1958.0;atletico mineiro mg;botafogo fr rj;;;
2026-05-10;193005721;France Ligue 1;France;16:00;Schedule;-0.05102040816326525;1.925;2.5;1.925;2.5;0.0;0.0;;0.0;0.0;0.0;0.0;0.0;;Angers;13.0;0.0;0.0;2.8;0;0.0;0 - 0;3.4;Strasbourg;8.0;0.0;0.0;2.45;0;0.0;0.25;0 - 0;0-0;2.5;1.0;-;nan;;;;;;;;;;;;;;;;0.0;0.0;0.0;0.0;;;0.0;0.0;0.0;0.0;;[];[];[];[];[];[];[];[];1.0;0.0;0.0;1.0;0.0;0.0;1684.0;1659.0;angers sco;strasbourg alsace;;;
2026-05-10;194297821;USA UPSL;USA;16:00;Schedule;-0.3662669671581194;1.9;3.0;1.9;3.0;0.0;0.0;;0.0;0.0;0.0;0.0;0.0;;IMG Academy;;0.0;0.0;3.7;0;0.0;0 - 0;4.75;DME Academy;;0.0;0.0;1.571;0;0.0;1.0;0 - 0;0-0;3.0;1.25;-;nan;;;;;;;;;;;;;;;;0.0;0.0;0.0;0.0;;;0.0;0.0;0.0;0.0;;[];[];[];[];[];[];[];[];1.0;0.0;0.0;1.0;0.0;0.0;;;;;;;
2026-05-10;193005723;France Ligue 1;France;16:00;Schedule;0.07183908045977011;1.925;2.5;1.925;2.5;0.0;0.0;;0.0;0.0;0.0;0.0;0.0;;Auxerre;16.0;0.0;0.0;2.4;0;0.0;0 - 0;3.4;Nice;15.0;0.0;0.0;2.9;0;0.0;-0.25;0 - 0;0-0;2.5;1.0;-;nan;;;;;;;;;;;;;;;;0.0;0.0;0.0;0.0;;;0.0;0.0;0.0;0.0;;[];[];[];[];[];[];[];[];1.0;0.0;0.0;1.0;0.0;0.0;1646.0;1661.0;aj auxerre;ogc nice;;;
2026-05-10;193326586;Argentina Nacional B;Argentina;16:00;Schedule;0.10855263157894735;1.9;1.5, 2.0;1.9;1.5, 2.0;0.0;0.0;;0.0;0.0;0.0;0.0;0.0;;CA Guemes;;0.0;0.0;2.375;0;0.0;0 - 0;2.625;Quilmes;;0.0;0.0;3.2;0;0.0;-0.25;0 - 0;0-0;1.75;0.75;-;nan;;;;;;;;;;;;;;;;0.0;0.0;0.0;0.0;;;0.0;0.0;0.0;0.0;;[];[];[];[];[];[];[];[];1.0;0.0;0.0;1.0;0.0;0.0;266889.0;4936.0;ca guemes;quilmes ac;;;Youth
2026-05-10;193003410;Spain La Liga;Spain;16:00;Schedule;0.3884080628255044;1.825;3.5, 4.0;2.025;3.5, 4.0;0.0;0.0;;0.0;0.0;0.0;0.0;0.0;;Barcelona;1.0;0.0;0.0;1.615;0;0.0;0 - 0;5.0;Real Madrid;2.0;0.0;0.0;4.333;0;0.0;-1.0;0 - 0;0-0;3.75;1.5;-;nan;;;;;;;;;;;;;;;;0.0;0.0;0.0;0.0;;;0.0;0.0;0.0;0.0;;[];[];[];[];[];[];[];[];1.0;0.0;0.0;1.0;0.0;0.0;2817.0;2829.0;fc barcelona;real madrid;;;
2026-05-10;194270271;Argentina Torneo A;Argentina;16:00;Schedule;0.5218295218295218;1.775;2.0;2.025;2.0;0.0;0.0;;0.0;0.0;0.0;0.0;0.0;;CA Douglas Haig;;0.0;0.0;1.48;0;0.0;0 - 0;3.4;Atletico Escobar FC;;0.0;0.0;6.5;0;0.0;-1.0;0 - 0;0-0;2.0;0.75;-;nan;;;;;;;;;;;;;;;;0.0;0.0;0.0;0.0;;;0.0;0.0;0.0;0.0;;[];[];[];[];[];[];[];[];1.0;0.0;0.0;1.0;0.0;0.0;76199.0;;douglas haig;;;;
2026-05-10;194187766;Brazil Serie D;Brazil;16:00;Schedule;0.25716780164134795;1.775;2.0;2.025;2.0;0.0;0.0;;0.0;0.0;0.0;0.0;0.0;;Vitoria ES;;0.0;0.0;1.909;0;0.0;0 - 0;3.1;Democrata GV;;0.0;0.0;3.75;0;0.0;-0.5;0 - 0;0-0;2.0;0.75;-;nan;;;;;;;;;;;;;;;;0.0;0.0;0.0;0.0;;;0.0;0.0;0.0;0.0;;[];[];[];[];[];[];[];[];1.0;0.0;0.0;1.0;0.0;0.0;35280.0;21848.0;vitoria fc es;ec democrata mg;;;
2026-05-10;194187754;Brazil Serie D;Brazil;16:00;Schedule;0.20209059233449483;1.775;2.0;2.025;2.0;0.0;0.0;;0.0;0.0;0.0;0.0;0.0;;Portuguesa RJ;;0.0;0.0;2.05;0;0.0;0 - 0;2.9;Agua Santa;;0.0;0.0;3.5;0;0.0;-0.25;0 - 0;0-0;2.0;0.75;-;nan;;;;;;;;;;;;;;;;0.0;0.0;0.0;0.0;;;0.0;0.0;0.0;0.0;;[];[];[];[];[];[];[];[];1.0;0.0;0.0;1.0;0.0;0.0;225938.0;135510.0;aa portuguesa rj;ec agua santa sp;;;
2026-05-10;194187759;Brazil Serie D;Brazil;16:00;Schedule;0.1847745750184775;1.85;2.0, 2.5;1.95;2.0, 2.5;0.0;0.0;;0.0;0.0;0.0;0.0;0.0;;Rio Branco ES;;0.0;0.0;2.05;0;0.0;0 - 0;3.0;Tombense;;0.0;0.0;3.3;0;0.0;-0.25;0 - 0;0-0;2.25;1.0;-;nan;;;;;;;;;;;;;;;;0.0;0.0;0.0;0.0;;;0.0;0.0;0.0;0.0;;[];[];[];[];[];[];[];[];1.0;0.0;0.0;1.0;0.0;0.0;49199.0;87202.0;rio branco ac es;tombense fc mg;;;
2026-05-10;193005725;France Ligue 1;France;16:00;Schedule;-0.193687230989957;1.825;2.5, 3.0;2.025;2.5, 3.0;0.0;0.0;;0.0;0.0;0.0;0.0;0.0;;Le Havre;14.0;0.0;0.0;3.4;0;0.0;0 - 0;3.6;Marseille;7.0;0.0;0.0;2.05;0;0.0;0.5;0 - 0;0-0;2.75;1.25;-;nan;;;;;;;;;;;;;;;;0.0;0.0;0.0;0.0;;;0.0;0.0;0.0;0.0;;[];[];[];[];[];[];[];[];1.0;0.0;0.0;1.0;0.0;0.0;1662.0;1641.0;le havre ac;olympique marseille;;;
2026-05-10;194187726;Brazil Serie D;Brazil;16:00;Schedule;0.2923976608187135;1.825;2.5;1.975;2.5;0.0;0.0;;0.0;0.0;0.0;0.0;0.0;;Jacuipense;;0.0;0.0;1.8;0;0.0;0 - 0;3.25;CSE;;0.0;0.0;3.8;0;0.0;-0.5;0 - 0;0-0;2.5;nan;-;nan;;;;;;;;;;;;;;;;0.0;0.0;0.0;0.0;;;0.0;0.0;0.0;0.0;;[];[];[];[];[];[];[];[];1.0;0.0;0.0;1.0;0.0;0.0;87166.0;529969.0;ec jacuipense ba;cs esportiva al;;;
2026-05-10;194187719;Brazil Serie D;Brazil;16:00;Schedule;0.3016512980187085;2.025;2.0, 2.5;1.775;2.0, 2.5;0.0;0.0;;0.0;0.0;0.0;0.0;0.0;;Iguatu;;0.0;0.0;1.833;0;0.0;0 - 0;3.0;Moto Club;;0.0;0.0;4.1;0;0.0;-0.5;0 - 0;0-0;2.25;0.75;-;nan;;;;;;;;;;;;;;;;0.0;0.0;0.0;0.0;;;0.0;0.0;0.0;0.0;;[];[];[];[];[];[];[];[];1.0;0.0;0.0;1.0;0.0;0.0;401927.0;2009.0;iguatu ce;moto club ma;;;
2026-05-10;194187713;Brazil Serie D;Brazil;16:00;Schedule;0.3777089783281734;2.025;2.0, 2.5;1.775;2.0, 2.5;0.0;0.0;;0.0;0.0;0.0;0.0;0.0;;Cianorte;;0.0;0.0;1.7;0;0.0;0 - 0;3.1;Sao Luiz;;0.0;0.0;4.75;0;0.0;-0.75;0 - 0;0-0;2.25;0.75;-;nan;;;;;;;;;;;;;;;;0.0;0.0;0.0;0.0;;;0.0;0.0;0.0;0.0;;[];[];[];[];[];[];[];[];1.0;0.0;0.0;1.0;0.0;0.0;21892.0;32768.0;cianorte fc pr;ec sao luiz rs;;;
2026-05-10;194187711;Brazil Serie D;Brazil;16:00;Schedule;-0.036363636363636376;1.8;2.0;2.0;2.0;0.0;0.0;;0.0;0.0;0.0;0.0;0.0;;Central PE;;0.0;0.0;2.75;0;0.0;0 - 0;2.8;ABC;;0.0;0.0;2.5;0;0.0;0.0;0 - 0;0-0;2.0;0.75;-;nan;;;;;;;;;;;;;;;;0.0;0.0;0.0;0.0;;;0.0;0.0;0.0;0.0;;[];[];[];[];[];[];[];[];1.0;0.0;0.0;1.0;0.0;0.0;21844.0;21838.0;central sc pe;abc fc rn;;;
2026-05-10;194052223;Uruguay Apertura;Uruguay;16:00;Schedule;0.3776578017729787;1.875;2.5;1.925;2.5;0.0;0.0;;0.0;0.0;0.0;0.0;0.0;;Montevideo City Torque;;0.0;0.0;1.667;0;0.0;0 - 0;3.3;Club Atletico Progreso;;0.0;0.0;4.5;0;0.0;-0.75;0 - 0;0-0;2.5;1.0;-;nan;;;;;;;;;;;;;;;;0.0;0.0;0.0;0.0;;;0.0;0.0;0.0;0.0;;[];[];[];[];[];[];[];[];1.0;0.0;0.0;1.0;0.0;0.0;174972.0;3238.0;montevideo city torque;ca progreso;;;
2026-05-10;193326582;Argentina Nacional B;Argentina;16:30;Schedule;0.32631578947368417;1.95;1.5, 2.0;1.85;1.5, 2.0;0.0;0.0;;0.0;0.0;0.0;0.0;0.0;;CA Chaco For Ever;;0.0;0.0;1.9;0;0.0;0 - 0;3.0;Club Ciudad de Bolivar;;0.0;0.0;5.0;0;0.0;-0.5;0 - 0;0-0;1.75;0.75;-;nan;;;;;;;;;;;;;;;;0.0;0.0;0.0;0.0;;;0.0;0.0;0.0;0.0;;[];[];[];[];[];[];[];[];1.0;0.0;0.0;1.0;0.0;0.0;332409.0;672813.0;ca chaco for ever;club ciudad de bolivar;;;Youth
2026-05-10;194312762;Argentina Torneo A;Argentina;16:30;Schedule;0.469870570761723;2.025;2.0;1.775;2.0;0.0;0.0;;0.0;0.0;0.0;0.0;0.0;;San Martin Formosa;;0.0;0.0;1.571;0;0.0;0 - 0;3.1;CA Sarmiento de la Banda;;0.0;0.0;6.0;0;0.0;-0.75;0 - 0;0-0;2.0;0.75;-;nan;;;;;;;;;;;;;;;;0.0;0.0;0.0;0.0;;;0.0;0.0;0.0;0.0;;[];[];[];[];[];[];[];[];1.0;0.0;0.0;1.0;0.0;0.0;269301.0;593568.0;sportivo general san martin formosa;ca sarmiento de la banda;;;
2026-05-10;194221308;Venezuela Segunda Division;Venezuela;16:30;Schedule;0.38383838383838387;2.0;2.5;1.8;2.5;0.0;0.0;;0.0;0.0;0.0;0.0;0.0;;Academia Puerto Cabello II;;0.0;0.0;1.65;0;0.0;0 - 0;3.5;Atletico El Vigia;;0.0;0.0;4.5;0;0.0;-0.75;0 - 0;0-0;2.5;1.0;-;nan;;;;;;;;;;;;;;;;0.0;0.0;0.0;0.0;;;0.0;0.0;0.0;0.0;;[];[];[];[];[];[];[];[];1.0;0.0;0.0;1.0;0.0;0.0;266595.0;;academia puerto cabello;;;;Youth
2026-05-10;193326620;Argentina Nacional B;Argentina;16:30;Schedule;0.42156862745098045;2.05;2.0;1.75;2.0;0.0;0.0;;0.0;0.0;0.0;0.0;0.0;;Godoy Cruz;;0.0;0.0;1.7;0;0.0;0 - 0;3.2;Racing de Cordoba;;0.0;0.0;6.0;0;0.0;-0.75;0 - 0;0-0;2.0;0.75;-;nan;;;;;;;;;;;;;;;;0.0;0.0;0.0;0.0;;;0.0;0.0;0.0;0.0;;[];[];[];[];[];[];[];[];1.0;0.0;0.0;1.0;0.0;0.0;6074.0;399415.0;cd godoy cruz;ca racing de cordoba;;;Youth
2026-05-10;193006239;Portugal Primeira Liga;Portugal;16:30;Schedule;0.05303030303030304;1.925;2.5, 3.0;1.925;2.5, 3.0;0.0;0.0;;0.0;0.0;0.0;0.0;0.0;;Alverca;10.0;0.0;0.0;2.4;0;0.0;0 - 0;3.5;Estoril;9.0;0.0;0.0;2.75;0;0.0;0.0;0 - 0;0-0;2.75;1.25;-;nan;;;;;;;;;;;;;;;;0.0;0.0;0.0;0.0;;;0.0;0.0;0.0;0.0;;[];[];[];[];[];[];[];[];1.0;0.0;0.0;1.0;0.0;0.0;3012.0;4500.0;fc alverca sad;estoril praia;;;
2026-05-10;194266518;Morocco GNF 1;Morocco;17:00;Schedule;-0.4155844155844156;1.975;2.0, 2.5;1.825;2.0, 2.5;0.0;0.0;;0.0;0.0;0.0;0.0;0.0;;HUSA Agadir;;0.0;0.0;5.25;0;0.0;0 - 0;3.25;FAR Rabat;;0.0;0.0;1.65;0;0.0;0.75;0 - 0;0-0;2.25;1.0;-;nan;;;;;;;;;;;;;;;;0.0;0.0;0.0;0.0;;;0.0;0.0;0.0;0.0;;[];[];[];[];[];[];[];[];1.0;0.0;0.0;1.0;0.0;0.0;55039.0;24394.0;hassania union sport agadir;as far rabat;;;
2026-05-10;194271980;Brazil Campeonato Paranaense 2;Brazil;17:00;Schedule;0.5902806870548805;1.875;2.0, 2.5;1.925;2.0, 2.5;0.0;0.0;;0.0;0.0;0.0;0.0;0.0;;Parana;;0.0;0.0;1.364;0;0.0;0 - 0;4.1;Toledo PR;;0.0;0.0;7.0;0;0.0;-1.25;0 - 0;0-0;2.25;1.0;-;nan;;;;;;;;;;;;;;;;0.0;0.0;0.0;0.0;;;0.0;0.0;0.0;0.0;;[];[];[];[];[];[];[];[];1.0;0.0;0.0;1.0;0.0;0.0;;;;;;;
2026-05-10;194317050;Peru Liga 2;Peru;17:00;Schedule;0.09740259740259738;1.825;2.5;1.975;2.5;0.0;0.0;;0.0;0.0;0.0;0.0;0.0;;CD Estudiantil CNI;;0.0;0.0;2.2;0;0.0;0 - 0;3.3;Sport Huancayo Reserves;;0.0;0.0;2.8;0;0.0;-0.25;0 - 0;0-0;2.5;1.0;-;nan;;;;;;;;;;;;;;;;0.0;0.0;0.0;0.0;;;0.0;0.0;0.0;0.0;;[];[];[];[];[];[];[];[];1.0;0.0;0.0;1.0;0.0;0.0;;;;;;;Youth
2026-05-10;194272393;Brazil Catarinense 2;Brazil;17:00;Schedule;-0.13178294573643412;1.75;2.0;2.05;2.0;0.0;0.0;;0.0;0.0;0.0;0.0;0.0;;Caravaggio;;0.0;0.0;3.0;0;0.0;0 - 0;3.1;CA Metropolitano;;0.0;0.0;2.15;0;0.0;0.0;0 - 0;0-0;2.0;0.75;-;nan;;;;;;;;;;;;;;;;0.0;0.0;0.0;0.0;;;0.0;0.0;0.0;0.0;;[];[];[];[];[];[];[];[];1.0;0.0;0.0;1.0;0.0;0.0;;;;;;;
2026-05-10;194264454;Brazil Serie C;Brazil;17:00;Schedule;0.1620859760394644;1.85;1.5, 2.0;1.95;1.5, 2.0;0.0;0.0;;0.0;0.0;0.0;0.0;0.0;;Barra SC;;0.0;0.0;2.15;0;0.0;0 - 0;2.8;Caxias;;0.0;0.0;3.3;0;0.0;-0.25;0 - 0;0-0;1.75;0.75;-;nan;;;;;;;;;;;;;;;;0.0;0.0;0.0;0.0;;;0.0;0.0;0.0;0.0;;[];[];[];[];[];[];[];[];1.0;0.0;0.0;1.0;0.0;0.0;291538.0;2000.0;barra fc sc;ser caxias do sul;;;
2026-05-10;194264452;Brazil Serie C;Brazil;17:00;Schedule;0.193687230989957;2.025;2.0, 2.5;1.775;2.0, 2.5;0.0;0.0;;0.0;0.0;0.0;0.0;0.0;;Volta Redonda;;0.0;0.0;2.05;0;0.0;0 - 0;3.0;Ferroviaria;;0.0;0.0;3.4;0;0.0;-0.25;0 - 0;0-0;2.25;0.75;-;nan;;;;;;;;;;;;;;;;0.0;0.0;0.0;0.0;;;0.0;0.0;0.0;0.0;;[];[];[];[];[];[];[];[];1.0;0.0;0.0;1.0;0.0;0.0;6982.0;35285.0;volta redonda fc rj;ferroviaria araraquara sp;;;
2026-05-10;194221311;Venezuela Segunda Division;Venezuela;17:00;Schedule;0.3998800239952009;1.825;2.0;1.975;2.0;0.0;0.0;;0.0;0.0;0.0;0.0;0.0;;Dynamo Puerto FC;;0.0;0.0;1.667;0;0.0;0 - 0;3.2;Bolivar SC;;0.0;0.0;5.0;0;0.0;-0.75;0 - 0;0-0;2.0;nan;-;nan;;;;;;;;;;;;;;;;0.0;0.0;0.0;0.0;;;0.0;0.0;0.0;0.0;;[];[];[];[];[];[];[];[];1.0;0.0;0.0;1.0;0.0;0.0;;;;;;;
2026-05-10;194187768;Brazil Serie D;Brazil;17:00;Schedule;0.6081378299120234;1.775;2.0, 2.5;2.025;2.0, 2.5;0.0;0.0;;0.0;0.0;0.0;0.0;0.0;;ASA;;0.0;0.0;1.364;0;0.0;0 - 0;3.9;Atletico Alagoinhas;;0.0;0.0;8.0;0;0.0;-1.25;0 - 0;0-0;2.25;1.0;-;nan;;;;;;;;;;;;;;;;0.0;0.0;0.0;0.0;;;0.0;0.0;0.0;0.0;;[];[];[];[];[];[];[];[];1.0;0.0;0.0;1.0;0.0;0.0;2019.0;525349.0;as arapiraquense al;alagoinhas ac ba;;;
2026-05-10;194067564;Argentina Liga Profesional;Argentina;17:00;Schedule;0.1180223285486443;1.9;2.0;1.9;2.0;0.0;0.0;;0.0;0.0;0.0;0.0;0.0;;Estudiantes LP;;0.0;0.0;2.375;0;0.0;0 - 0;3.0;Racing Club;;0.0;0.0;3.3;0;0.0;-0.25;0 - 0;0-0;2.0;0.75;-;nan;;;;;;;;;;;;;;;;0.0;0.0;0.0;0.0;;;0.0;0.0;0.0;0.0;;[];[];[];[];[];[];[];[];1.0;0.0;0.0;1.0;0.0;0.0;3206.0;3215.0;estudiantes de la plata;racing club avellaneda;;;
2026-05-10;194265993;USA MLS Next Pro League;USA;17:00;Schedule;0.06238859180035644;1.8;3.0;2.0;3.0;0.0;0.0;;0.0;0.0;0.0;0.0;0.0;;Los Angeles FC II;;0.0;0.0;2.2;0;0.0;0 - 0;3.6;Real Monarchs SLC;;0.0;0.0;2.55;0;0.0;-0.25;0 - 0;0-0;3.0;1.25;-;nan;;;;;;;;;;;;;;;;0.0;0.0;0.0;0.0;;;0.0;0.0;0.0;0.0;;[];[];[];[];[];[];[];[];1.0;0.0;0.0;1.0;0.0;0.0;;;;;;;Youth
2026-05-10;194221314;Venezuela Segunda Division;Venezuela;17:00;Schedule;0.20209059233449483;1.95;2.0;1.85;2.0;0.0;0.0;;0.0;0.0;0.0;0.0;0.0;;Deportivo Miranda FC;;0.0;0.0;2.05;0;0.0;0 - 0;2.9;CS Maritimo de La Guaira;;0.0;0.0;3.5;0;0.0;-0.25;0 - 0;0-0;2.0;0.75;-;nan;;;;;;;;;;;;;;;;0.0;0.0;0.0;0.0;;;0.0;0.0;0.0;0.0;;[];[];[];[];[];[];[];[];1.0;0.0;0.0;1.0;0.0;0.0;;;;;;;
2026-05-10;194265981;USA MLS Next Pro League;USA;17:00;Schedule;0.05228758169934633;1.85;3.0;1.95;3.0;0.0;0.0;;0.0;0.0;0.0;0.0;0.0;;Portland Timbers II;;0.0;0.0;2.25;0;0.0;0 - 0;3.6;Ventura County FC;;0.0;0.0;2.55;0;0.0;0.0;0 - 0;0-0;3.0;1.25;-;nan;;;;;;;;;;;;;;;;0.0;0.0;0.0;0.0;;;0.0;0.0;0.0;0.0;;[];[];[];[];[];[];[];[];1.0;0.0;0.0;1.0;0.0;0.0;22007.0;;portland timbers;;;;Youth
2026-05-10;194268065;Barbados Premier League;Barbados;17:00;Schedule;0.08417508417508418;1.8;2.5;2.0;2.5;0.0;0.0;;0.0;0.0;0.0;0.0;0.0;;UWI Blackbirds;;0.0;0.0;2.2;0;0.0;0 - 0;3.5;Bagatelle SSC;;0.0;0.0;2.7;0;0.0;-0.25;0 - 0;0-0;2.5;1.0;-;nan;;;;;;;;;;;;;;;;0.0;0.0;0.0;0.0;;;0.0;0.0;0.0;0.0;;[];[];[];[];[];[];[];[];1.0;0.0;0.0;1.0;0.0;0.0;;;;;;;
2026-05-10;194093986;Brazil Serie A1 Women;Brazil;17:00;Schedule;0.27888707037643207;1.975;2.5;1.825;2.5;0.0;0.0;;0.0;0.0;0.0;0.0;0.0;;Bragantino (W);;0.0;0.0;1.833;0;0.0;0 - 0;3.3;Gremio (W);;0.0;0.0;3.75;0;0.0;-0.5;0 - 0;0-0;2.5;nan;-;nan;;;;;;;;;;;;;;;;0.0;0.0;0.0;0.0;;;0.0;0.0;0.0;0.0;;[];[];[];[];[];[];[];[];1.0;0.0;0.0;1.0;0.0;0.0;1999.0;5926.0;red bull bragantino sp;gremio fb porto alegrense rs;;;Women
2026-05-10;193326574;Argentina Nacional B;Argentina;17:00;Schedule;0.10513296227581936;1.825;1.5, 2.0;1.975;1.5, 2.0;0.0;0.0;;0.0;0.0;0.0;0.0;0.0;;Central Norte;;0.0;0.0;2.45;0;0.0;0 - 0;2.7;Deportivo Madryn;;0.0;0.0;3.3;0;0.0;-0.25;0 - 0;0-0;1.75;0.75;-;nan;;;;;;;;;;;;;;;;0.0;0.0;0.0;0.0;;;0.0;0.0;0.0;0.0;;[];[];[];[];[];[];[];[];1.0;0.0;0.0;1.0;0.0;0.0;341070.0;258463.0;ca central norte salta;deportivo madryn;;;Youth
2026-05-10;194265998;USA NWSL Women;USA;17:00;Schedule;-0.1774193548387097;1.95;2.5;1.85;2.5;0.0;0.0;;0.0;0.0;0.0;0.0;0.0;;Bay FC (W);;0.0;0.0;3.1;0;0.0;0 - 0;3.4;Utah Royals (W);;0.0;0.0;2.0;0;0.0;0.25;0 - 0;0-0;2.5;1.0;-;nan;;;;;;;;;;;;;;;;0.0;0.0;0.0;0.0;;;0.0;0.0;0.0;0.0;;[];[];[];[];[];[];[];[];1.0;0.0;0.0;1.0;0.0;0.0;1100237.0;417001.0;bay fc;utah royals fc;;;Women
2026-05-10;194274171;El Salvador Segunda Division;El Salvador;17:00;Schedule;0.044579533941236094;2.0;2.5;1.8;2.5;0.0;0.0;;0.0;0.0;0.0;0.0;0.0;;Atlético Balboa;;0.0;0.0;2.35;0;0.0;0 - 0;3.2;CD INCA;;0.0;0.0;2.625;0;0.0;0.0;0 - 0;0-0;2.5;1.0;-;nan;;;;;;;;;;;;;;;;0.0;0.0;0.0;0.0;;;0.0;0.0;0.0;0.0;;[];[];[];[];[];[];[];[];1.0;0.0;0.0;1.0;0.0;0.0;;;;;;;
2026-05-10;194218892;Uruguay Segunda;Uruguay;17:00;Schedule;-0.09961685823754785;1.9;2.0;1.9;2.0;0.0;0.0;;0.0;0.0;0.0;0.0;0.0;;Tacuarembo;;0.0;0.0;2.9;0;0.0;0 - 0;3.0;Rentistas;;0.0;0.0;2.25;0;0.0;0.25;0 - 0;0-0;2.0;0.75;-;nan;;;;;;;;;;;;;;;;0.0;0.0;0.0;0.0;;;0.0;0.0;0.0;0.0;;[];[];[];[];[];[];[];[];1.0;0.0;0.0;1.0;0.0;0.0;;;;;;;
2026-05-10;194187721;Brazil Serie D;Brazil;17:00;Schedule;0.40606060606060607;2.0;2.0, 2.5;1.8;2.0, 2.5;0.0;0.0;;0.0;0.0;0.0;0.0;0.0;;Imperatriz;;0.0;0.0;1.65;0;0.0;0 - 0;3.3;Trem AP;;0.0;0.0;5.0;0;0.0;-0.75;0 - 0;0-0;2.25;0.75;-;nan;;;;;;;;;;;;;;;;0.0;0.0;0.0;0.0;;;0.0;0.0;0.0;0.0;;[];[];[];[];[];[];[];[];1.0;0.0;0.0;1.0;0.0;0.0;21852.0;21865.0;sd imperatriz ma;trem dc ap;;;
2026-05-10;194263794;Colombia Liga Femenina;Colombia;17:00;Schedule;0.29054054054054046;1.925;2.0, 2.5;1.875;2.0, 2.5;0.0;0.0;;0.0;0.0;0.0;0.0;0.0;;Deportivo Pasto (W);;0.0;0.0;1.85;0;0.0;0 - 0;3.1;Fortaleza CEIF (W);;0.0;0.0;4.0;0;0.0;-0.5;0 - 0;0-0;2.25;nan;-;nan;;;;;;;;;;;;;;;;0.0;0.0;0.0;0.0;;;0.0;0.0;0.0;0.0;;[];[];[];[];[];[];[];[];1.0;0.0;0.0;1.0;0.0;0.0;6113.0;89368.0;ad pasto;fortaleza fc;;;Women
2026-05-10;194187770;Brazil Serie D;Brazil;17:00;Schedule;0.5817805383022776;1.85;2.5;1.95;2.5;0.0;0.0;;0.0;0.0;0.0;0.0;0.0;;Treze;;0.0;0.0;1.38;0;0.0;0 - 0;4.0;Decisao;;0.0;0.0;7.0;0;0.0;-1.25;0 - 0;0-0;2.5;nan;-;nan;;;;;;;;;;;;;;;;0.0;0.0;0.0;0.0;;;0.0;0.0;0.0;0.0;;[];[];[];[];[];[];[];[];1.0;0.0;0.0;1.0;0.0;0.0;2018.0;617186.0;treze fc pb;decisao pe;;;
2026-05-10;194274088;Guatemala Primera Division;Guatemala;17:00;Schedule;-0.2012538231467243;1.925;2.5, 3.0;1.875;2.5, 3.0;0.0;0.0;;0.0;0.0;0.0;0.0;0.0;;Chichicasteco FC;;0.0;0.0;3.1;0;0.0;0 - 0;3.75;Suchitepequez;;0.0;0.0;1.909;0;0.0;0.5;0 - 0;0-0;2.75;1.25;-;nan;;;;;;;;;;;;;;;;0.0;0.0;0.0;0.0;;;0.0;0.0;0.0;0.0;;[];[];[];[];[];[];[];[];1.0;0.0;0.0;1.0;0.0;0.0;;;;;;;
2026-05-10;194264450;Brazil Serie C;Brazil;17:00;Schedule;0.3333333333333333;1.9;2.0, 2.5;1.9;2.0, 2.5;0.0;0.0;;0.0;0.0;0.0;0.0;0.0;;Amazonas;;0.0;0.0;1.75;0;0.0;0 - 0;3.2;Figueirense;;0.0;0.0;4.2;0;0.0;-0.5;0 - 0;0-0;2.25;1.0;-;nan;;;;;;;;;;;;;;;;0.0;0.0;0.0;0.0;;;0.0;0.0;0.0;0.0;;[];[];[];[];[];[];[];[];1.0;0.0;0.0;1.0;0.0;0.0;663997.0;1985.0;amazonas fc am;figueirense fc sc;;;
2026-05-10;194277556;Chile Segunda;Chile;17:00;Schedule;0.0;1.825;2.0, 2.5;1.975;2.0, 2.5;0.0;0.0;;0.0;0.0;0.0;0.0;0.0;;Colchagua CD;;0.0;0.0;2.5;0;0.0;0 - 0;3.2;Deportes Linares;;0.0;0.0;2.5;0;0.0;0.0;0 - 0;0-0;2.25;1.0;-;nan;;;;;;;;;;;;;;;;0.0;0.0;0.0;0.0;;;0.0;0.0;0.0;0.0;;[];[];[];[];[];[];[];[];1.0;0.0;0.0;1.0;0.0;0.0;;;;;;;
2026-05-10;194263798;Colombia Liga Femenina;Colombia;17:00;Schedule;0.8614718614718615;2.0;3.0;1.8;3.0;0.0;0.0;;0.0;0.0;0.0;0.0;0.0;;Independiente Medellin (W);;0.0;0.0;1.1;0;0.0;0 - 0;8.0;Atletico Bucaramanga (W);;0.0;0.0;21.0;0;0.0;-2.25;0 - 0;0-0;3.0;1.25;-;nan;;;;;;;;;;;;;;;;0.0;0.0;0.0;0.0;;;0.0;0.0;0.0;0.0;;[];[];[];[];[];[];[];[];1.0;0.0;0.0;1.0;0.0;0.0;6115.0;6103.0;independiente medellin;ca bucaramanga;;;Women
2026-05-10;193329737;Peru Liga 1;Peru;17:15;Schedule;-0.036363636363636376;1.825;2.0, 2.5;1.975;2.0, 2.5;0.0;0.0;;0.0;0.0;0.0;0.0;0.0;;Comerciantes Unidos;;0.0;0.0;2.75;0;0.0;0 - 0;3.2;FBC Melgar;;0.0;0.0;2.5;0;0.0;0.0;0 - 0;0-0;2.25;1.0;-;nan;;;;;;;;;;;;;;;;0.0;0.0;0.0;0.0;;;0.0;0.0;0.0;0.0;;[];[];[];[];[];[];[];[];1.0;0.0;0.0;1.0;0.0;0.0;241860.0;2308.0;comerciantes unidos;fbc melgar;;;
2026-05-10;193330578;USA MLS;USA;17:30;Schedule;0.03779289493575205;1.9;2.5, 3.0;1.9;2.5, 3.0;0.0;0.0;;0.0;0.0;0.0;0.0;0.0;;New York City;;0.0;0.0;2.45;0;0.0;0 - 0;3.6;Columbus Crew;;0.0;0.0;2.7;0;0.0;0.0;0 - 0;0-0;2.75;1.25;-;nan;;;;;;;;;;;;;;;;0.0;0.0;0.0;0.0;;;0.0;0.0;0.0;0.0;;[];[];[];[];[];[];[];[];1.0;0.0;0.0;1.0;0.0;0.0;167510.0;2504.0;new york city fc;columbus crew;;;
2026-05-10;194333034;Suriname Major League;Suriname;17:30;Schedule;0.0735930735930736;1.825;2.5;1.975;2.5;0.0;0.0;;0.0;0.0;0.0;0.0;0.0;;Inter Moengo Tapoe;;0.0;0.0;2.2;0;0.0;0 - 0;3.6;SV Voorwaarts;;0.0;0.0;2.625;0;0.0;-0.25;0 - 0;0-0;2.5;1.0;-;nan;;;;;;;;;;;;;;;;0.0;0.0;0.0;0.0;;;0.0;0.0;0.0;0.0;;[];[];[];[];[];[];[];[];1.0;0.0;0.0;1.0;0.0;0.0;;;;;;;
2026-05-10;193196565;Ecuador LigaPro Serie A;Ecuador;17:30;Schedule;0.35681657337708295;1.9;2.0, 2.5;1.9;2.0, 2.5;0.0;0.0;;0.0;0.0;0.0;0.0;0.0;;Emelec;;0.0;0.0;1.727;0;0.0;0 - 0;3.4;Libertad FC;;0.0;0.0;4.5;0;0.0;-0.75;0 - 0;0-0;2.25;1.0;-;nan;;;;;;;;;;;;;;;;0.0;0.0;0.0;0.0;;;0.0;0.0;0.0;0.0;;[];[];[];[];[];[];[];[];1.0;0.0;0.0;1.0;0.0;0.0;5255.0;838486.0;cs emelec;libertad loja;;;
2026-05-10;194205979;Paraguay Division Profesional;Paraguay;17:45;Schedule;-0.5613682092555332;1.825;2.5;1.975;2.5;0.0;0.0;;0.0;0.0;0.0;0.0;0.0;;Sportivo San Lorenzo;;0.0;0.0;7.0;0;0.0;0 - 0;3.8;Olimpia Asuncion;;0.0;0.0;1.42;0;0.0;1.25;0 - 0;0-0;2.5;1.0;-;nan;;;;;;;;;;;;;;;;0.0;0.0;0.0;0.0;;;0.0;0.0;0.0;0.0;;[];[];[];[];[];[];[];[];1.0;0.0;0.0;1.0;0.0;0.0;90972.0;5997.0;sportivo san lorenzo;club olimpia;;;
2026-05-10;194187776;Brazil Serie D;Brazil;18:00;Schedule;0.7183306055646481;1.8;3.0;2.0;3.0;0.0;0.0;;0.0;0.0;0.0;0.0;0.0;;Manauara;;0.0;0.0;1.222;0;0.0;0 - 0;5.25;GAS;;0.0;0.0;10.0;0;0.0;-2.0;0 - 0;0-0;3.0;1.25;-;nan;;;;;;;;;;;;;;;;0.0;0.0;0.0;0.0;;;0.0;0.0;0.0;0.0;;[];[];[];[];[];[];[];[];1.0;0.0;0.0;1.0;0.0;0.0;837176.0;426351.0;manauara ec am;gremio atletico sampaio rr;;;
2026-05-10;194187778;Brazil Serie D;Brazil;18:00;Schedule;0.029629629629629672;1.825;2.0;1.975;2.0;0.0;0.0;;0.0;0.0;0.0;0.0;0.0;;Sao Raimundo RR;;0.0;0.0;2.5;0;0.0;0 - 0;2.875;Nacional AM;;0.0;0.0;2.7;0;0.0;0.0;0 - 0;0-0;2.0;0.75;-;nan;;;;;;;;;;;;;;;;0.0;0.0;0.0;0.0;;;0.0;0.0;0.0;0.0;;[];[];[];[];[];[];[];[];1.0;0.0;0.0;1.0;0.0;0.0;90278.0;21859.0;sao raimundo ec rr;nacional fc am;;;
2026-05-10;194268494;Panama LPF;Panama;18:00;Schedule;-0.13178294573643412;1.875;2.0, 2.5;1.925;2.0, 2.5;0.0;0.0;;0.0;0.0;0.0;0.0;0.0;;UMECIT;;0.0;0.0;3.0;0;0.0;0 - 0;3.2;Plaza Amador;;0.0;0.0;2.15;0;0.0;0.25;0 - 0;0-0;2.25;1.0;-;nan;;;;;;;;;;;;;;;;0.0;0.0;0.0;0.0;;;0.0;0.0;0.0;0.0;;[];[];[];[];[];[];[];[];1.0;0.0;0.0;1.0;0.0;0.0;;;;;;;
2026-05-10;193326590;Argentina Nacional B;Argentina;18:00;Schedule;0.2905982905982907;1.95;1.5, 2.0;1.85;1.5, 2.0;0.0;0.0;;0.0;0.0;0.0;0.0;0.0;;Colon;;0.0;0.0;1.95;0;0.0;0 - 0;3.1;All Boys;;0.0;0.0;4.5;0;0.0;-0.5;0 - 0;0-0;1.75;0.75;-;nan;;;;;;;;;;;;;;;;0.0;0.0;0.0;0.0;;;0.0;0.0;0.0;0.0;;[];[];[];[];[];[];[];[];1.0;0.0;0.0;1.0;0.0;0.0;3207.0;36834.0;colon de santa fe;ca all boys;;;Youth
2026-05-10;194277558;Colombia Primera B;Colombia;18:00;Schedule;-0.06838905775075987;2.025;2.0;1.775;2.0;0.0;0.0;;0.0;0.0;0.0;0.0;0.0;;Tigres FC;;0.0;0.0;2.8;0;0.0;0 - 0;3.0;Deportes Quindio;;0.0;0.0;2.35;0;0.0;0.25;0 - 0;0-0;2.0;0.75;-;nan;;;;;;;;;;;;;;;;0.0;0.0;0.0;0.0;;;0.0;0.0;0.0;0.0;;[];[];[];[];[];[];[];[];1.0;0.0;0.0;1.0;0.0;0.0;;;;;;;Youth
2026-05-10;194187774;Brazil Serie D;Brazil;18:00;Schedule;0.007541478129713508;1.775;2.0;2.025;2.0;0.0;0.0;;0.0;0.0;0.0;0.0;0.0;;Ivinhema;;0.0;0.0;2.55;0;0.0;0 - 0;3.0;ABECAT Ouvidorense;;0.0;0.0;2.6;0;0.0;0.0;0 - 0;0-0;2.0;0.75;-;nan;;;;;;;;;;;;;;;;0.0;0.0;0.0;0.0;;;0.0;0.0;0.0;0.0;;[];[];[];[];[];[];[];[];1.0;0.0;0.0;1.0;0.0;0.0;34000.0;1052105.0;ivinhema ms;abecat ouvidorense go;;;
2026-05-10;194220344;Bolivia Primera Division;Bolivia;18:15;Schedule;0.5792916760658695;2.0;3.5;1.8;3.5;0.0;0.0;;0.0;0.0;0.0;0.0;0.0;;The Strongest;;0.0;0.0;1.364;0;0.0;0 - 0;4.75;Real Potosi;;0.0;0.0;6.5;0;0.0;-1.5;0 - 0;0-0;3.5;1.5;-;nan;;;;;;;;;;;;;;;;0.0;0.0;0.0;0.0;;;0.0;0.0;0.0;0.0;;[];[];[];[];[];[];[];[];1.0;0.0;0.0;1.0;0.0;0.0;32529.0;7060.0;the strongest;real potosi;;;
2026-05-10;193191367;Brazil Serie A;Brazil;18:30;Schedule;0.23780487804878053;1.85;2.0;2.0;2.0;0.0;0.0;;0.0;0.0;0.0;0.0;0.0;;Corinthians;17.0;0.0;0.0;2.05;0;0.0;0 - 0;3.2;Sao Paulo;4.0;0.0;0.0;4.0;0;0.0;-0.5;0 - 0;0-0;2.0;0.75;-;nan;;;;;;;;;;;;;;;;0.0;0.0;0.0;0.0;;;0.0;0.0;0.0;0.0;;[];[];[];[];[];[];[];[];1.0;0.0;0.0;1.0;0.0;0.0;1957.0;1981.0;sc corinthians sp;sao paulo fc sp;;;
2026-05-10;193191369;Brazil Serie A;Brazil;18:30;Schedule;0.5128205128205128;1.85;2.5;2.0;2.5;0.0;0.0;;0.0;0.0;0.0;0.0;0.0;;Mirassol;18.0;0.0;0.0;1.5;0;0.0;0 - 0;4.2;Chapecoense;20.0;0.0;0.0;6.5;0;0.0;-1.0;0 - 0;0-0;2.5;1.0;-;nan;;;;;;;;;;;;;;;;0.0;0.0;0.0;0.0;;;0.0;0.0;0.0;0.0;;[];[];[];[];[];[];[];[];1.0;0.0;0.0;1.0;0.0;0.0;21982.0;21845.0;mirassol fc sp;chapecoense sc;;;
2026-05-10;193192207;Brazil Serie B;Brazil;18:30;Schedule;0.006734006734006703;2.0;2.0, 2.5;1.8;2.0, 2.5;0.0;0.0;;0.0;0.0;0.0;0.0;0.0;;Avai;;0.0;0.0;2.7;0;0.0;0 - 0;3.1;Fortaleza;;0.0;0.0;2.75;0;0.0;0.0;0 - 0;0-0;2.25;0.75;-;nan;;;;;;;;;;;;;;;;0.0;0.0;0.0;0.0;;;0.0;0.0;0.0;0.0;;[];[];[];[];[];[];[];[];1.0;0.0;0.0;1.0;0.0;0.0;7315.0;2020.0;avai fc sc;fortaleza ec ce;;;Youth
2026-05-10;193191371;Brazil Serie A;Brazil;18:30;Schedule;0.14141414141414138;1.875;2.0, 2.5;1.975;2.0, 2.5;0.0;0.0;;0.0;0.0;0.0;0.0;0.0;;Santos;16.0;0.0;0.0;2.25;0;0.0;0 - 0;3.2;Bragantino;7.0;0.0;0.0;3.3;0;0.0;-0.25;0 - 0;0-0;2.25;1.0;-;nan;;;;;;;;;;;;;;;;0.0;0.0;0.0;0.0;;;0.0;0.0;0.0;0.0;;[];[];[];[];[];[];[];[];1.0;0.0;0.0;1.0;0.0;0.0;1968.0;1999.0;santos fc sp;red bull bragantino sp;;;
2026-05-10;193985013;Chile Copa de la Liga;Chile;18:30;Schedule;0.2142857142857143;1.875;2.5;1.925;2.5;0.0;0.0;;0.0;0.0;0.0;0.0;0.0;;Universidad Catolica;;0.0;0.0;2.0;0;0.0;0 - 0;3.25;Nublense;;0.0;0.0;3.5;0;0.0;-0.25;0 - 0;0-0;2.5;1.0;-;nan;;;;;;;;;;;;;;;;0.0;0.0;0.0;0.0;;;0.0;0.0;0.0;0.0;;[];[];[];[];[];[];[];[];1.0;0.0;0.0;1.0;0.0;0.0;3151.0;7029.0;cd universidad catolica;nublense;;;
2026-05-10;194297825;USA USL League One;USA;19:00;Schedule;0.2752834667728285;1.85;2.0, 2.5;1.95;2.0, 2.5;0.0;0.0;;0.0;0.0;0.0;0.0;0.0;;Spokane Velocity FC;;0.0;0.0;1.833;0;0.0;0 - 0;3.3;FC Naples;;0.0;0.0;3.7;0;0.0;-0.5;0 - 0;0-0;2.25;1.0;-;nan;;;;;;;;;;;;;;;;0.0;0.0;0.0;0.0;;;0.0;0.0;0.0;0.0;;[];[];[];[];[];[];[];[];1.0;0.0;0.0;1.0;0.0;0.0;1092287.0;1218557.0;spokane velocity fc;fc naples;;;
2026-05-10;194273580;Dominican Republic Liga;Dominican Republic;19:00;Schedule;0.28239584230625664;1.9;2.0, 2.5;1.9;2.0, 2.5;0.0;0.0;;0.0;0.0;0.0;0.0;0.0;;Cibao FC;;0.0;0.0;1.833;0;0.0;0 - 0;3.25;Atletico Pantoja;;0.0;0.0;3.8;0;0.0;-0.5;0 - 0;0-0;2.25;1.0;-;nan;;;;;;;;;;;;;;;;0.0;0.0;0.0;0.0;;;0.0;0.0;0.0;0.0;;[];[];[];[];[];[];[];[];1.0;0.0;0.0;1.0;0.0;0.0;;;;;;;
2026-05-10;194263802;Costa Rica Primera Division;Costa Rica;19:00;Schedule;0.580952380952381;1.925;3.0;1.875;3.0;0.0;0.0;;0.0;0.0;0.0;0.0;0.0;;Deportivo Saprissa;2.0;0.0;0.0;1.4;0;0.0;0 - 0;4.0;Municipal Liberia;4.0;0.0;0.0;7.5;0;0.0;-1.25;0 - 0;0-0;3.0;1.25;-;nan;;;;;;;;;;;;;;;;0.0;0.0;0.0;0.0;;;0.0;0.0;0.0;0.0;;[];[];[];[];[];[];[];[];1.0;0.0;0.0;1.0;0.0;0.0;6574.0;6575.0;deportivo saprissa san jose;municipal liberia;;;
2026-05-10;194125240;Argentina Liga Profesional;Argentina;19:00;Schedule;0.4591950464396285;1.825;2.0;1.975;2.0;0.0;0.0;;0.0;0.0;0.0;0.0;0.0;;River Plate;;0.0;0.0;1.615;0;0.0;0 - 0;3.6;San Lorenzo;;0.0;0.0;6.25;0;0.0;-0.75;0 - 0;0-0;2.0;0.75;-;nan;;;;;;;;;;;;;;;;0.0;0.0;0.0;0.0;;;0.0;0.0;0.0;0.0;;[];[];[];[];[];[];[];[];1.0;0.0;0.0;1.0;0.0;0.0;3211.0;3201.0;ca river plate (arg);ca san lorenzo de almagro;;;
2026-05-10;194270858;USA MLS Next Pro League;USA;19:00;Schedule;0.10582010582010581;1.825;3.0;1.975;3.0;0.0;0.0;;0.0;0.0;0.0;0.0;0.0;;FC Cincinnati II;;0.0;0.0;2.1;0;0.0;0 - 0;3.7;Columbus Crew II;;0.0;0.0;2.7;0;0.0;-0.25;0 - 0;0-0;3.0;1.25;-;nan;;;;;;;;;;;;;;;;0.0;0.0;0.0;0.0;;;0.0;0.0;0.0;0.0;;[];[];[];[];[];[];[];[];1.0;0.0;0.0;1.0;0.0;0.0;245305.0;2504.0;fc cincinnati;columbus crew;;;Youth
2026-05-10;194321660;Jamaica Premier League;Jamaica;19:00;Schedule;-0.06189555125725338;1.975;2.0, 2.5;1.825;2.0, 2.5;0.0;0.0;;0.0;0.0;0.0;0.0;0.0;;Racing United FC;6.0;0.0;0.0;2.75;0;0.0;0 - 0;3.1;Portmore United;3.0;0.0;0.0;2.35;0;0.0;0.0;0 - 0;0-0;2.25;1.0;-;nan;;;;;;;;;;;;;;;;0.0;0.0;0.0;0.0;;;0.0;0.0;0.0;0.0;;[];[];[];[];[];[];[];[];1.0;0.0;0.0;1.0;0.0;0.0;;;;;;;
2026-05-10;194268070;Barbados Premier League;Barbados;19:00;Schedule;0.3627847900293721;1.9;3.5, 4.0;1.9;3.5, 4.0;0.0;0.0;;0.0;0.0;0.0;0.0;0.0;;Paradise FC;;0.0;0.0;1.615;0;0.0;0 - 0;4.1;Brittons Hill;;0.0;0.0;3.9;0;0.0;-0.75;0 - 0;0-0;3.75;1.5;-;nan;;;;;;;;;;;;;;;;0.0;0.0;0.0;0.0;;;0.0;0.0;0.0;0.0;;[];[];[];[];[];[];[];[];1.0;0.0;0.0;1.0;0.0;0.0;;;;;;;
2026-05-10;193192210;Brazil Serie B;Brazil;19:30;Schedule;0.35555555555555557;2.025;2.0, 2.5;1.775;2.0, 2.5;0.0;0.0;;0.0;0.0;0.0;0.0;0.0;;Novorizontino;;0.0;0.0;1.8;0;0.0;0 - 0;3.3;Botafogo SP;;0.0;0.0;5.0;0;0.0;-0.5;0 - 0;0-0;2.25;0.75;-;nan;;;;;;;;;;;;;;;;0.0;0.0;0.0;0.0;;;0.0;0.0;0.0;0.0;;[];[];[];[];[];[];[];[];1.0;0.0;0.0;1.0;0.0;0.0;135514.0;1979.0;gremio novorizontino sp;botafogo fc sp;;;Youth
2026-05-10;193191373;Brazil Serie A;Brazil;19:30;Schedule;-0.2799320292836244;1.875;2.0, 2.5;1.975;2.0, 2.5;0.0;0.0;;0.0;0.0;0.0;0.0;0.0;;Gremio;14.0;0.0;0.0;4.1;0;0.0;0 - 0;3.5;Flamengo;2.0;0.0;0.0;1.909;0;0.0;0.5;0 - 0;0-0;2.25;1.0;-;nan;;;;;;;;;;;;;;;;0.0;0.0;0.0;0.0;;;0.0;0.0;0.0;0.0;;[];[];[];[];[];[];[];[];1.0;0.0;0.0;1.0;0.0;0.0;5926.0;5981.0;gremio fb porto alegrense rs;cr flamengo rj;;;
2026-05-10;193329748;Peru Liga 1;Peru;19:30;Schedule;0.3777089783281734;1.975;2.5, 3.0;1.825;2.5, 3.0;0.0;0.0;;0.0;0.0;0.0;0.0;0.0;;Cusco FC;;0.0;0.0;1.7;0;0.0;0 - 0;3.5;CD Los Chankas;;0.0;0.0;4.75;0;0.0;-0.75;0 - 0;0-0;2.75;1.0;-;nan;;;;;;;;;;;;;;;;0.0;0.0;0.0;0.0;;;0.0;0.0;0.0;0.0;;[];[];[];[];[];[];[];[];1.0;0.0;0.0;1.0;0.0;0.0;63760.0;330537.0;cusco fc;los chankas cyc;;;
2026-05-10;194052230;Uruguay Apertura;Uruguay;19:30;Schedule;0.6168542135533884;1.95;2.5, 3.0;1.85;2.5, 3.0;0.0;0.0;;0.0;0.0;0.0;0.0;0.0;;Nacional De Football;;0.0;0.0;1.333;0;0.0;0 - 0;4.1;Cerro;;0.0;0.0;7.5;0;0.0;-1.25;0 - 0;0-0;2.75;1.25;-;nan;;;;;;;;;;;;;;;;0.0;0.0;0.0;0.0;;;0.0;0.0;0.0;0.0;;[];[];[];[];[];[];[];[];1.0;0.0;0.0;1.0;0.0;0.0;3230.0;22011.0;club nacional de football;ca cerro;;;
2026-05-10;194264657;Brazil Serie C;Brazil;19:30;Schedule;0.16849816849816845;2.05;2.0;1.75;2.0;0.0;0.0;;0.0;0.0;0.0;0.0;0.0;;Brusque;;0.0;0.0;2.1;0;0.0;0 - 0;2.9;Ypiranga RS;;0.0;0.0;3.25;0;0.0;-0.25;0 - 0;0-0;2.0;0.75;-;nan;;;;;;;;;;;;;;;;0.0;0.0;0.0;0.0;;;0.0;0.0;0.0;0.0;;[];[];[];[];[];[];[];[];1.0;0.0;0.0;1.0;0.0;0.0;21884.0;32766.0;brusque fc sc;ypiranga fc rs;;;
2026-05-10;194264459;Brazil Serie C;Brazil;19:30;Schedule;0.36601307189542487;1.9;2.0;1.9;2.0;0.0;0.0;;0.0;0.0;0.0;0.0;0.0;;Ituano;;0.0;0.0;1.7;0;0.0;0 - 0;3.2;Confianca;;0.0;0.0;4.5;0;0.0;-0.5;0 - 0;0-0;2.0;0.75;-;nan;;;;;;;;;;;;;;;;0.0;0.0;0.0;0.0;;;0.0;0.0;0.0;0.0;;[];[];[];[];[];[];[];[];1.0;0.0;0.0;1.0;0.0;0.0;2025.0;2017.0;ituano fc sp;ad confianca se;;;
2026-05-10;194297816;USA NWSL Women;USA;20:00;Schedule;-0.23219814241486064;1.975;2.5;1.825;2.5;0.0;0.0;;0.0;0.0;0.0;0.0;0.0;;Seattle Reign (W);;0.0;0.0;3.4;0;0.0;0 - 0;3.4;Washington Spirit (W);;0.0;0.0;1.9;0;0.0;0.5;0 - 0;0-0;2.5;1.0;-;nan;;;;;;;;;;;;;;;;0.0;0.0;0.0;0.0;;;0.0;0.0;0.0;0.0;;[];[];[];[];[];[];[];[];1.0;0.0;0.0;1.0;0.0;0.0;;151012.0;;washington spirit;;;Women
2026-05-10;194270861;USA MLS Next Pro League;USA;20:00;Schedule;0.36858974358974356;1.825;3.5;1.975;3.5;0.0;0.0;;0.0;0.0;0.0;0.0;0.0;;Atlanta United II;;0.0;0.0;1.6;0;0.0;0 - 0;4.2;Orlando City SC II;;0.0;0.0;3.9;0;0.0;-1.0;0 - 0;0-0;3.5;1.5;-;nan;;;;;;;;;;;;;;;;0.0;0.0;0.0;0.0;;;0.0;0.0;0.0;0.0;;[];[];[];[];[];[];[];[];1.0;0.0;0.0;1.0;0.0;0.0;;;;;;;Youth
2026-05-10;194205983;Paraguay Division Profesional;Paraguay;20:00;Schedule;-0.17530487804878053;1.925;2.0, 2.5;1.875;2.0, 2.5;0.0;0.0;;0.0;0.0;0.0;0.0;0.0;;Sportivo Luqueno;;0.0;0.0;3.2;0;0.0;0 - 0;3.2;Libertad Asuncion;;0.0;0.0;2.05;0;0.0;0.25;0 - 0;0-0;2.25;1.0;-;nan;;;;;;;;;;;;;;;;0.0;0.0;0.0;0.0;;;0.0;0.0;0.0;0.0;;[];[];[];[];[];[];[];[];1.0;0.0;0.0;1.0;0.0;0.0;5998.0;5996.0;sportivo luqueno;libertad asuncion;;;
2026-05-10;193330594;USA MLS;USA;20:00;Schedule;0.3777089783281734;1.8;2.5, 3.0;2.0;2.5, 3.0;0.0;0.0;;0.0;0.0;0.0;0.0;0.0;;Minnesota Utd;;0.0;0.0;1.7;0;0.0;0 - 0;4.0;Austin FC;;0.0;0.0;4.75;0;0.0;-0.75;0 - 0;0-0;2.75;1.25;-;nan;;;;;;;;;;;;;;;;0.0;0.0;0.0;0.0;;;0.0;0.0;0.0;0.0;;[];[];[];[];[];[];[];[];1.0;0.0;0.0;1.0;0.0;0.0;41618.0;772256.0;minnesota united fc;austin fc;;;
2026-05-10;194095719;Colombia Primera A;Colombia;20:10;Schedule;0.3685124798098315;1.8;2.5;2.0;2.5;0.0;0.0;;0.0;0.0;0.0;0.0;0.0;;Junior;;0.0;0.0;1.727;0;0.0;0 - 0;3.6;Once Caldas;;0.0;0.0;4.75;0;0.0;-0.75;0 - 0;0-0;2.5;1.0;-;nan;;;;;;;;;;;;;;;;0.0;0.0;0.0;0.0;;;0.0;0.0;0.0;0.0;;[];[];[];[];[];[];[];[];1.0;0.0;0.0;1.0;0.0;0.0;6105.0;6118.0;cd junior fc;cd once caldas;;;
2026-05-10;194127643;Colombia Primera A;Colombia;20:10;Schedule;0.19047619047619047;1.9;2.5;1.9;2.5;0.0;0.0;;0.0;0.0;0.0;0.0;0.0;;Once Caldas;;0.0;0.0;2.1;0;0.0;0 - 0;3.3;Junior;;0.0;0.0;3.5;0;0.0;-0.25;0 - 0;0-0;2.5;1.0;-;nan;;;;;;;;;;;;;;;;0.0;0.0;0.0;0.0;;;0.0;0.0;0.0;0.0;;[];[];[];[];[];[];[];[];1.0;0.0;0.0;1.0;0.0;0.0;6118.0;6105.0;cd once caldas;cd junior fc;;;
2026-05-10;193196568;Ecuador LigaPro Serie A;Ecuador;20:10;Schedule;-0.014245014245014231;1.825;2.0;1.975;2.0;0.0;0.0;;0.0;0.0;0.0;0.0;0.0;;Manta FC;;0.0;0.0;2.7;0;0.0;0 - 0;3.1;Macara;;0.0;0.0;2.6;0;0.0;0.0;0 - 0;0-0;2.0;0.75;-;nan;;;;;;;;;;;;;;;;0.0;0.0;0.0;0.0;;;0.0;0.0;0.0;0.0;;[];[];[];[];[];[];[];[];1.0;0.0;0.0;1.0;0.0;0.0;33561.0;6001.0;manta fc;csd macara;;;
2026-05-10;194297581;USA USL League Two;USA;20:30;Schedule;0.9139194139194139;1.9;4.5;1.9;4.5;0.0;0.0;;0.0;0.0;0.0;0.0;0.0;;Northern Virginia FC;;0.0;0.0;1.05;0;0.0;0 - 0;13.0;Virginia Marauders;;0.0;0.0;26.0;0;0.0;-3.5;0 - 0;0-0;4.5;2.0;-;nan;;;;;;;;;;;;;;;;0.0;0.0;0.0;0.0;;;0.0;0.0;0.0;0.0;;[];[];[];[];[];[];[];[];1.0;0.0;0.0;1.0;0.0;0.0;;;;;;;
2026-05-10;193191375;Brazil Serie A;Brazil;20:30;Schedule;0.2799320292836244;1.875;2.0, 2.5;1.975;2.0, 2.5;0.0;0.0;;0.0;0.0;0.0;0.0;0.0;;Vasco da Gama;;0.0;0.0;1.909;0;0.0;0 - 0;3.4;Athletico Paranaense;;0.0;0.0;4.1;0;0.0;-0.5;0 - 0;0-0;2.25;1.0;-;nan;;;;;;;;;;;;;;;;0.0;0.0;0.0;0.0;;;0.0;0.0;0.0;0.0;;[];[];[];[];[];[];[];[];1.0;0.0;0.0;1.0;0.0;0.0;1974.0;1967.0;cr vasco da gama rj;ca paranaense pr;;;
2026-05-10;194220346;Bolivia Primera Division;Bolivia;20:30;Schedule;-0.20032051282051289;1.95;3.5;1.85;3.5;0.0;0.0;;0.0;0.0;0.0;0.0;0.0;;Blooming;;0.0;0.0;3.2;0;0.0;0 - 0;3.9;Bolivar;;0.0;0.0;1.95;0;0.0;0.5;0 - 0;0-0;3.5;1.5;-;nan;;;;;;;;;;;;;;;;0.0;0.0;0.0;0.0;;;0.0;0.0;0.0;0.0;;[];[];[];[];[];[];[];[];1.0;0.0;0.0;1.0;0.0;0.0;6968.0;7059.0;blooming santa cruz;club bolivar;;;
2026-05-10;193985017;Chile Copa de la Liga;Chile;21:00;Schedule;0.20979020979020985;1.975;2.0, 2.5;1.825;2.0, 2.5;0.0;0.0;;0.0;0.0;0.0;0.0;0.0;;O'Higgins;;0.0;0.0;1.95;0;0.0;0 - 0;3.4;Everton de Vina;;0.0;0.0;3.3;0;0.0;-0.5;0 - 0;0-0;2.25;1.0;-;nan;;;;;;;;;;;;;;;;0.0;0.0;0.0;0.0;;;0.0;0.0;0.0;0.0;;[];[];[];[];[];[];[];[];1.0;0.0;0.0;1.0;0.0;0.0;3163.0;5032.0;cd o´higgins;cd everton vina del mar;;;
2026-05-10;194270865;USA MLS Next Pro League;USA;21:00;Schedule;0.22804054054054046;1.825;3.0, 3.5;1.975;3.0, 3.5;0.0;0.0;;0.0;0.0;0.0;0.0;0.0;;Colorado Rapids II;;0.0;0.0;1.85;0;0.0;0 - 0;3.9;Sporting Kansas City II;;0.0;0.0;3.2;0;0.0;-0.5;0 - 0;0-0;3.25;1.25;-;nan;;;;;;;;;;;;;;;;0.0;0.0;0.0;0.0;;;0.0;0.0;0.0;0.0;;[];[];[];[];[];[];[];[];1.0;0.0;0.0;1.0;0.0;0.0;2510.0;;colorado rapids;;;;Youth
2026-05-10;194094272;Mexico Liga MX Femenil;Mexico;21:15;Schedule;0.07407407407407407;1.775;2.5, 3.0;2.025;2.5, 3.0;0.0;0.0;;0.0;0.0;0.0;0.0;0.0;;Monterrey (W);;0.0;0.0;2.25;0;0.0;0 - 0;3.3;Pachuca (W);;0.0;0.0;2.7;0;0.0;-0.25;0 - 0;0-0;2.75;1.25;-;nan;;;;;;;;;;;;;;;;0.0;0.0;0.0;0.0;;;0.0;0.0;0.0;0.0;;[];[];[];[];[];[];[];[];1.0;0.0;0.0;1.0;0.0;0.0;334061.0;1936.0;cf monterrey;cf pachuca;;;Women
2026-05-10;194125245;Argentina Liga Profesional;Argentina;21:30;Schedule;0.34054054054054045;1.75;2.0;2.05;2.0;0.0;0.0;;0.0;0.0;0.0;0.0;0.0;;Velez Sarsfield;;0.0;0.0;1.85;0;0.0;0 - 0;3.2;Gimnasia LP;;0.0;0.0;5.0;0;0.0;-0.5;0 - 0;0-0;2.0;0.75;-;nan;;;;;;;;;;;;;;;;0.0;0.0;0.0;0.0;;;0.0;0.0;0.0;0.0;;[];[];[];[];[];[];[];[];1.0;0.0;0.0;1.0;0.0;0.0;3208.0;3205.0;velez sarsfield;gimnasia y esgrima la plata;;;
2026-05-10;194270869;USA MLS Next Pro League;USA;21:30;Schedule;0.325077399380805;1.95;3.0;1.85;3.0;0.0;0.0;;0.0;0.0;0.0;0.0;0.0;;Austin FC II;;0.0;0.0;1.7;0;0.0;0 - 0;3.75;Tacoma Defiance;;0.0;0.0;3.8;0;0.0;-0.75;0 - 0;0-0;3.0;1.25;-;nan;;;;;;;;;;;;;;;;0.0;0.0;0.0;0.0;;;0.0;0.0;0.0;0.0;;[];[];[];[];[];[];[];[];1.0;0.0;0.0;1.0;0.0;0.0;772256.0;;austin fc;;;;Youth
2026-05-10;193330598;USA MLS;USA;22:00;Schedule;0.4191950464396285;1.95;2.5, 3.0;1.85;2.5, 3.0;0.0;0.0;;0.0;0.0;0.0;0.0;0.0;;LAFC;;0.0;0.0;1.615;0;0.0;0 - 0;4.1;Houston Dynamo;;0.0;0.0;5.0;0;0.0;-0.75;0 - 0;0-0;2.75;1.25;-;nan;;;;;;;;;;;;;;;;0.0;0.0;0.0;0.0;;;0.0;0.0;0.0;0.0;;[];[];[];[];[];[];[];[];1.0;0.0;0.0;1.0;0.0;0.0;402227.0;2508.0;los angeles fc;houston dynamo;;;
2026-05-10;194321775;Guatemala Liga Nacional;Guatemala;22:00;Schedule;0.38383838383838387;2.0;2.5;1.8;2.5;0.0;0.0;;0.0;0.0;0.0;0.0;0.0;;Xelaju;;0.0;0.0;1.65;0;0.0;0 - 0;3.5;CSD Comunicaciones;;0.0;0.0;4.5;0;0.0;-0.75;0 - 0;0-0;2.5;1.0;-;nan;;;;;;;;;;;;;;;;0.0;0.0;0.0;0.0;;;0.0;0.0;0.0;0.0;;[];[];[];[];[];[];[];[];1.0;0.0;0.0;1.0;0.0;0.0;;;;;;;
2026-05-10;193711652;Mexico Liga MX;Mexico;22:07;Schedule;-0.15261627906976744;1.8;2.5, 3.0;2.0;2.5, 3.0;0.0;0.0;;0.0;0.0;0.0;0.0;0.0;;Pachuca;;0.0;0.0;3.2;0;0.0;0 - 0;3.6;Toluca;;0.0;0.0;2.15;0;0.0;0.25;0 - 0;0-0;2.75;1.25;-;nan;;;;;;;;;;;;;;;;0.0;0.0;0.0;0.0;;;0.0;0.0;0.0;0.0;;[];[];[];[];[];[];[];[];1.0;0.0;0.0;1.0;0.0;0.0;1936.0;1931.0;cf pachuca;deportivo toluca fc;;;
2026-05-10;193711655;Mexico Liga MX;Mexico;22:15;Schedule;-0.02178649237472774;1.975;2.5, 3.0;1.825;2.5, 3.0;0.0;0.0;;0.0;0.0;0.0;0.0;0.0;;Unam Pumas;;0.0;0.0;2.7;0;0.0;0 - 0;3.4;Club America;;0.0;0.0;2.55;0;0.0;0.0;0 - 0;0-0;2.75;1.0;-;nan;;;;;;;;;;;;;;;;0.0;0.0;0.0;0.0;;;0.0;0.0;0.0;0.0;;[];[];[];[];[];[];[];[];1.0;0.0;0.0;1.0;0.0;0.0;334073.0;1939.0;pumas unam;cf america;;;
2026-05-10;194292096;Colombia Primera B;Colombia;22:20;Schedule;0.1847745750184775;2.025;2.0, 2.5;1.775;2.0, 2.5;0.0;0.0;;0.0;0.0;0.0;0.0;0.0;;Internacional FC de Palmira;;0.0;0.0;2.05;0;0.0;0 - 0;3.1;Envigado FC;;0.0;0.0;3.3;0;0.0;-0.25;0 - 0;0-0;2.25;0.75;-;nan;;;;;;;;;;;;;;;;0.0;0.0;0.0;0.0;;;0.0;0.0;0.0;0.0;;[];[];[];[];[];[];[];[];1.0;0.0;0.0;1.0;0.0;0.0;;;;;;;Youth
