Date;Match ID;League;country;Time;Status;Diff_Prob;OddAsianOverGoals_FT;AsianOverGoals_FT;OddAsianUnderGoals_FT;AsianUnderGoals_FT;corners_home;corners_away;corners_FT;corners_home_HT;corners_away_HT;Corners_HT;attack_FT;dangerous_attack_FT;possession_FT;Home;Home Pos;Home Red Cards;Home Yellow Cards;Odd_H_FT;Goals_H_HT;Goals_H_FT;Score;Odd_D_FT;Away;Away Pos;Away Red Cards;Away Yellow Cards;Odd_A_FT;Goals_A_HT;Goals_A_FT;Handicap;Corners (FT);Corners (HT);Total Goals Line (FT);Total Goals Line (HT);Dangerous Attacks (FT);Dangerous Attacks (HT);half_dangerous_attack_away;half_dangerous_attack_home;half_possession_away;half_possession_home;half_shoot_off_target_away;half_shoot_off_target_home;half_shoot_on_target_away;half_shoot_on_target_home;odds_lose_odds;odds_win_odds;odds_draw_odds;handicap_goal_over_line;handicap_goal_over_odds;handicap_goal_under_odds;handicap_goal_under_line;attack_away;attack_home;dangerous_attack_away;dangerous_attack_home;possession_away;possession_home;shoot_off_target_away;shoot_off_target_home;shoot_on_target_away;shoot_on_target_home;GoalMinutes;goal_minutes_real;goal_periods;is_extra_time;goal_scorers;goal_diff_before_list;goal_diff_after_list;period_result_before_list;period_result_after_list;pct_time_drawing;pct_time_home_winning;pct_time_away_winning;pct_time_drawing_HT;pct_time_home_winning_HT;pct_time_away_winning_HT;api_H_id;api_A_id;api_H_name;api_A_name;odd_yes_abertura;odd_yes_fechamento;category
2026-05-09;194153500;Australia Western Australia U23 League;Australia;00:00;Full;0.38653723742838964;1.9;3.5, 4.0;1.9;3.5, 4.0;10.0;4.0;;4.0;1.0;5.0;152.0;87.0;;Perth RedStar FC U23;;0.0;2.0;1.571;2;2.0;2 - 2;4.333;Sorrento U23;;0.0;2.0;4.0;0;2.0;-1.0;10 - 4;4-1;3.75;1.5;57 - 30;28 - 13;13.0;28.0;;;2.0;3.0;2.0;10.0;;;;;;;;72.0;80.0;30.0;57.0;;;3.0;10.0;6.0;14.0;;[23 27 46 68];[1 1 2 2];[False False False False];"['Perth RedStar FC U23' 'Perth RedStar FC U23' 'Sorrento U23'
 'Sorrento U23']";[0 1 2 1];[1 2 1 0];['D' 'H' 'H' 'H'];['H' 'H' 'H' 'D'];0.5;0.5;0.0;0.51;0.49;0.0;1237385.0;1237377.0;perth redstar fc;sorrento fc;;;Youth
2026-05-09;194157467;New Zealand Central League;New Zealand;00:00;Full;-0.05695301376364503;1.825;3.5;1.975;3.5;9.0;5.0;;3.0;2.0;5.0;180.0;133.0;100.0;Upper Hutt City;;0.0;0.0;2.45;1;1.0;1 - 4;4.2;Island Bay United;;0.0;4.0;2.15;3;4.0;+0.25;9 - 5;3-2;3.5;1.5;78 - 55;38 - 28;28.0;38.0;38.0;62.0;1.0;3.0;7.0;5.0;;;;;;;;95.0;85.0;55.0;78.0;45.0;55.0;2.0;6.0;9.0;8.0;;[ 1  9 22 22 82];[1 1 1 1 2];[False False False False False];"['Island Bay United' 'Island Bay United' 'Upper Hutt City'
 'Island Bay United' 'Island Bay United']";[ 0 -1 -2 -1 -2];[-1 -2 -1 -2 -3];['D' 'A' 'A' 'A' 'A'];['A' 'A' 'A' 'A' 'A'];0.01;0.0;0.99;0.02;0.0;0.98;;;;;;;
2026-05-09;194156008;New Zealand Northern League;New Zealand;00:00;Full;0.7839815477610753;1.9;3.5, 4.0;1.9;3.5, 4.0;9.0;5.0;;5.0;3.0;8.0;162.0;92.0;100.0;Birkenhead United;;0.0;3.0;1.143;0;2.0;2 - 0;7.5;Tauranga City AFC;;0.0;2.0;11.0;0;0.0;-2.5;9 - 5;5-3;3.75;1.5;62 - 30;33 - 15;15.0;33.0;41.0;59.0;2.0;9.0;0.0;0.0;;;;;;;;69.0;93.0;30.0;62.0;46.0;54.0;4.0;16.0;1.0;3.0;;[62 85];[2 2];[False False];['Birkenhead United' 'Birkenhead United'];[0 1];[1 2];['D' 'H'];['H' 'H'];0.69;0.31;0.0;1.0;0.0;0.0;;;;;;;
2026-05-09;194156003;New Zealand Northern League;New Zealand;00:00;Full;0.4819944598337951;1.9;3.5;1.9;3.5;2.0;2.0;;0.0;1.0;1.0;201.0;89.0;100.0;Auckland United FC;;0.0;2.0;1.444;1;1.0;1 - 1;4.5;Fencibles United;;0.0;1.0;4.75;0;1.0;-1.25;2 - 2;0-1;3.5;1.5;52 - 37;27 - 12;12.0;27.0;37.0;63.0;2.0;3.0;1.0;2.0;;;;;;;;82.0;119.0;37.0;52.0;38.0;62.0;5.0;5.0;7.0;3.0;;[37 70];[1 2];[False False];['Auckland United FC' 'Fencibles United'];[0 1];[1 0];['D' 'H'];['H' 'D'];0.63;0.37;0.0;0.82;0.18;0.0;;;;;;;
2026-05-09;194155995;New Zealand Northern League;New Zealand;00:00;Full;0.3296097537249307;1.9;3.0;1.9;3.0;12.0;2.0;;5.0;1.0;6.0;114.0;83.0;100.0;Auckland City;;0.0;4.0;1.667;0;1.0;1 - 0;4.1;East Coast Bays;;0.0;0.0;3.7;0;0.0;-0.75;12 - 2;5-1;3.0;1.25;56 - 27;26 - 12;12.0;26.0;36.0;64.0;0.0;1.0;1.0;3.0;;;;;;;;47.0;67.0;27.0;56.0;42.0;58.0;1.0;11.0;1.0;7.0;;[72];[2];[False];['Auckland City'];[0];[1];['D'];['H'];0.8;0.2;0.0;1.0;0.0;0.0;;;;;;;
2026-05-09;194199553;Japan Regional League;Japan;00:00;Full;-0.09474590869939709;1.975;2.5, 3.0;1.825;2.5, 3.0;2.0;6.0;;0.0;4.0;4.0;150.0;101.0;100.0;Tokai FC;;0.0;3.0;2.7;0;0.0;0 - 1;3.5;Fujieda City Hall FC;;0.0;3.0;2.15;0;1.0;+0.25;2 - 6;0-4;2.75;1.0;45 - 56;15 - 30;30.0;15.0;62.0;38.0;3.0;1.0;0.0;1.0;;;;;;;;82.0;68.0;56.0;45.0;56.0;44.0;7.0;4.0;1.0;2.0;;[96];[2];[ True];['Fujieda City Hall FC'];[0];[-1];['D'];['A'];1.0;0.0;0.0;1.0;0.0;0.0;;;;;;;
2026-05-09;194256240;New Zealand Cup;New Zealand;00:00;Full;-0.7979675617470894;1.85;3.5;1.95;3.5;5.0;7.0;;2.0;1.0;3.0;115.0;112.0;100.0;Selwyn United;;0.0;2.0;13.0;0;0.0;0 - 4;6.5;Christchurch United;;0.0;1.0;1.143;2;4.0;+2.5;5 - 7;2-1;3.5;1.5;44 - 68;29 - 30;30.0;29.0;57.0;43.0;0.0;3.0;3.0;2.0;;;;;;;;71.0;44.0;68.0;44.0;62.0;38.0;4.0;5.0;7.0;2.0;;[29 44 48 62];[1 1 2 2];[False False False False];"['Christchurch United' 'Christchurch United' 'Christchurch United'
 'Christchurch United']";[ 0 -1 -2 -3];[-1 -2 -3 -4];['D' 'A' 'A' 'A'];['A' 'A' 'A' 'A'];0.32;0.0;0.68;0.64;0.0;0.36;;;;;;;
2026-05-09;194156013;New Zealand Northern League;New Zealand;00:00;Full;0.6624015748031495;1.85;2.5, 3.0;1.95;2.5, 3.0;1.0;3.0;;1.0;2.0;3.0;133.0;102.0;;Eastern Suburbs Auckland;;0.0;0.0;1.27;1;2.0;2 - 0;5.0;Bay Olympic;;0.0;4.0;8.0;0;0.0;-1.5;1 - 3;1-2;2.75;1.25;61 - 41;26 - 21;21.0;26.0;;;2.0;2.0;1.0;5.0;;;;;;;;59.0;74.0;41.0;61.0;;;2.0;5.0;2.0;9.0;;[19 76];[1 2];[False False];['Eastern Suburbs Auckland' 'Eastern Suburbs Auckland'];[0 1];[1 2];['D' 'H'];['H' 'H'];0.21;0.79;0.0;0.42;0.58;0.0;;;;;;;
2026-05-09;194153334;Australia Queensland PL U23;Australia;00:00;Full;-0.04638218923933213;1.9;3.5;1.9;3.5;2.0;7.0;;1.0;5.0;6.0;225.0;191.0;;Holland Park Hawks U23;;1.0;2.0;2.45;1;2.0;2 - 2;3.8;Caboolture FC U23;;0.0;2.0;2.2;2;2.0;0.0;2 - 7;1-5;3.5;1.5;67 - 124;26 - 66;66.0;26.0;;;10.0;1.0;3.0;2.0;;;;;;;;135.0;90.0;124.0;67.0;;;20.0;4.0;11.0;7.0;;[37 39 51 93];[1 1 1 2];[False False  True  True];"['Caboolture FC U23' 'Holland Park Hawks U23' 'Caboolture FC U23'
 'Holland Park Hawks U23']";[ 0 -1  0 -1];[-1  0 -1  0];['D' 'A' 'D' 'A'];['A' 'D' 'A' 'D'];0.53;0.0;0.47;0.96;0.0;0.04;;;;;;;Youth
2026-05-09;194343689;Fiji National League;Fiji;00:00;Schedule;-0.2698412698412699;1.85;2.5, 3.0;1.95;2.5, 3.0;0.0;0.0;;0.0;0.0;0.0;0.0;0.0;;Navua FC;;0.0;0.0;3.5;0;0.0;0 - 0;3.6;Rewa FC;;0.0;0.0;1.8;0;0.0;+0.5;0 - 0;0-0;2.75;1.25;-;nan;;;;;;;;;;;;;;;;0.0;0.0;0.0;0.0;;;0.0;0.0;0.0;0.0;;[];[];[];[];[];[];[];[];1.0;0.0;0.0;1.0;0.0;0.0;;;;;;;
2026-05-09;194153661;Australia SA Premier League Women;Australia;00:15;Full;-0.8689712365239406;1.975;4.0;1.825;4.0;0.0;8.0;;0.0;3.0;3.0;119.0;153.0;100.0;Flinders United (W);;0.0;0.0;21.0;0;0.0;0 - 8;9.5;Salisbury Inter (W);;0.0;1.0;1.091;3;8.0;+2.75;0 - 8;0-3;4.0;1.75;43 - 110;30 - 54;54.0;30.0;55.0;45.0;2.0;0.0;5.0;1.0;;;;;;;;64.0;55.0;110.0;43.0;61.0;39.0;9.0;0.0;11.0;2.0;;[27 30 32 54 60 74 84 86];[1 1 1 2 2 2 2 2];[False False False False False False False False];"['Salisbury Inter (W)' 'Salisbury Inter (W)' 'Salisbury Inter (W)'
 'Salisbury Inter (W)' 'Salisbury Inter (W)' 'Salisbury Inter (W)'
 'Salisbury Inter (W)' 'Salisbury Inter (W)']";[ 0 -1 -2 -3 -4 -5 -6 -7];[-1 -2 -3 -4 -5 -6 -7 -8];['D' 'A' 'A' 'A' 'A' 'A' 'A' 'A'];['A' 'A' 'A' 'A' 'A' 'A' 'A' 'A'];0.3;0.0;0.7;0.6;0.0;0.4;;;;;;;Women
2026-05-09;194153650;Australia SA Premier League Reserves;Australia;00:15;Full;0.2873800239952009;1.85;3.5;1.95;3.5;2.0;3.0;;1.0;3.0;4.0;239.0;128.0;;Para Hills Knights Reserves;;0.0;2.0;1.667;2;3.0;3 - 0;5.0;West Adelaide Reserves;;0.0;4.0;3.2;0;0.0;-0.75;2 - 3;1-3;3.5;1.5;69 - 59;32 - 34;34.0;32.0;;;1.0;3.0;1.0;3.0;;;;;;;;117.0;122.0;59.0;69.0;;;8.0;6.0;1.0;7.0;;[ 3 29 60];[1 1 2];[False False False];"['Para Hills Knights Reserves' 'Para Hills Knights Reserves'
 'Para Hills Knights Reserves']";[0 1 2];[1 2 3];['D' 'H' 'H'];['H' 'H' 'H'];0.03;0.97;0.0;0.07;0.93;0.0;;;;;;;Youth
2026-05-09;194153655;Australia SA Premier League Women Reserves;Australia;00:15;Full;0.16669161116515746;1.825;3.5;1.975;3.5;4.0;2.0;;1.0;1.0;2.0;266.0;172.0;;Adelaide University Reserves (W);;0.0;0.0;1.909;0;1.0;1 - 1;4.2;West Torrens Birkalla Reserves (W);;0.0;0.0;2.8;0;1.0;-0.5;4 - 2;1-1;3.5;1.5;74 - 98;42 - 51;51.0;42.0;;;3.0;3.0;2.0;1.0;;;;;;;;137.0;129.0;98.0;74.0;;;6.0;3.0;8.0;5.0;;[48 86];[2 2];[False False];['Adelaide University Reserves (W)' 'West Torrens Birkalla Reserves (W)'];[0 1];[1 0];['D' 'H'];['H' 'D'];0.58;0.42;0.0;1.0;0.0;0.0;;;;;;;Youth-Women
2026-05-09;194152686;Australia South Australia State League Reserves;Australia;00:15;Schedule;0.49369903632320244;1.85;3.5, 4.0;1.95;3.5, 4.0;0.0;0.0;;0.0;0.0;0.0;0.0;0.0;;Modbury Jets Reserves;;0.0;0.0;1.42;0;0.0;0 - 0;5.25;South Adelaide Reserves;;0.0;0.0;4.75;0;0.0;-1.25;0 - 0;0-0;3.75;1.5;-;nan;;;;;;;;;;;;;;;;0.0;0.0;0.0;0.0;;;0.0;0.0;0.0;0.0;;[];[];[];[];[];[];[];[];1.0;0.0;0.0;1.0;0.0;0.0;;;;;;;Youth
2026-05-09;194152691;Australia South Australia State League Reserves;Australia;00:15;Full;-0.5037593984962406;1.9;4.0;1.9;4.0;7.0;7.0;;3.0;2.0;5.0;70.0;42.0;;Salisbury United Reserves;;0.0;1.0;4.75;2;2.0;2 - 1;5.5;Adelaide Atletico Reserves;;0.0;2.0;1.4;1;1.0;+1.5;7 - 7;3-2;4.0;1.75;24 - 18;12 - 7;7.0;12.0;;;1.0;2.0;2.0;4.0;;;;;;;;32.0;38.0;18.0;24.0;;;1.0;5.0;4.0;5.0;;[29 38 45];[1 1 1];[False False False];"['Salisbury United Reserves' 'Adelaide Atletico Reserves'
 'Salisbury United Reserves']";[0 1 0];[1 0 1];['D' 'H' 'D'];['H' 'D' 'H'];0.4;0.6;0.0;0.8;0.2;0.0;;;;;;;Youth
2026-05-09;194152678;Australia South Australia State League Reserves;Australia;00:15;Full;0.6176049766718507;1.9;4.0;1.9;4.0;2.0;5.0;;0.0;2.0;2.0;184.0;91.0;;Cumberland United Reserves;;1.0;3.0;1.286;1;2.0;2 - 3;6.0;The Cove FC Reserves;;0.0;1.0;6.25;2;3.0;-1.75;2 - 5;0-2;4.0;1.75;48 - 43;17 - 23;23.0;17.0;;;2.0;0.0;9.0;2.0;;;;;;;;84.0;100.0;43.0;48.0;;;5.0;2.0;16.0;7.0;;[29 33 39 60 65];[1 1 1 2 2];[False False False False False];"['The Cove FC Reserves' 'Cumberland United Reserves'
 'The Cove FC Reserves' 'Cumberland United Reserves'
 'The Cove FC Reserves']";[ 0 -1  0 -1  0];[-1  0 -1  0 -1];['D' 'A' 'D' 'A' 'D'];['A' 'D' 'A' 'D' 'A'];0.44;0.0;0.56;0.78;0.0;0.22;;;;;;;Youth
2026-05-09;194150825;Australia NPL Queensland Women;Australia;00:30;Full;0.34965034965034963;1.8;2.5, 3.0;2.0;2.5, 3.0;4.0;0.0;;4.0;0.0;4.0;180.0;123.0;100.0;Gold Coast United (W);;0.0;0.0;1.65;1;2.0;2 - 1;3.9;Capalaba (W);;0.0;0.0;3.9;0;1.0;-0.75;4 - 0;4-0;2.75;1.25;69 - 54;48 - 19;19.0;48.0;47.0;53.0;3.0;5.0;1.0;5.0;;;;;;;;84.0;96.0;54.0;69.0;49.0;51.0;9.0;6.0;4.0;7.0;;[46 75 86];[1 2 2];[ True False False];['Gold Coast United (W)' 'Gold Coast United (W)' 'Capalaba (W)'];[0 1 2];[1 2 1];['D' 'H' 'H'];['H' 'H' 'H'];0.51;0.49;0.0;1.0;0.0;0.0;35845.0;;gold coast united fc;;;;Women
2026-05-09;194152673;Australia South Australia State League Reserves;Australia;00:30;Schedule;0.5901875468867217;1.825;4.0;1.975;4.0;0.0;0.0;;0.0;0.0;0.0;0.0;0.0;;Adelaide Olympic Reserves;;0.0;0.0;1.333;0;0.0;0 - 0;5.25;Adelaide Cobras Reserves;;0.0;0.0;6.25;0;0.0;-1.75;0 - 0;0-0;4.0;1.75;-;nan;;;;;;;;;;;;;;;;0.0;0.0;0.0;0.0;;;0.0;0.0;0.0;0.0;;[];[];[];[];[];[];[];[];1.0;0.0;0.0;1.0;0.0;0.0;;;;;;;Youth
2026-05-09;194157472;New Zealand Central League;New Zealand;00:45;Full;0.5238095238095238;1.95;3.5;1.85;3.5;7.0;1.0;;3.0;1.0;4.0;122.0;82.0;100.0;Wellington Olympic;;0.0;1.0;1.4;2;3.0;3 - 1;4.75;Wellington Phoenix Reserves;;0.0;0.0;5.25;1;1.0;-1.5;7 - 1;3-1;3.5;1.5;51 - 31;29 - 17;17.0;29.0;40.0;60.0;4.0;0.0;2.0;4.0;;;;;;;;55.0;67.0;31.0;51.0;48.0;52.0;5.0;0.0;2.0;6.0;;[ 3 29 42 72];[1 1 1 2];[False False False False];"['Wellington Phoenix Reserves' 'Wellington Olympic' 'Wellington Olympic'
 'Wellington Olympic']";[ 0 -1  0  1];[-1  0  1  2];['D' 'A' 'D' 'H'];['A' 'D' 'H' 'H'];0.18;0.53;0.29;0.36;0.07;0.58;;;;;;;Youth
2026-05-09;194162527;Japan Women Empowerment League;Japan;01:00;Full;0.21870286576168935;1.875;2.5;1.925;2.5;1.0;6.0;;0.0;3.0;3.0;150.0;89.0;100.0;Albirex Niigata (W);;0.0;1.0;1.95;0;0.0;0 - 2;3.5;Nojima (W);;0.0;0.0;3.4;2;2.0;-0.5;1 - 6;0-3;2.5;1.0;36 - 53;17 - 26;26.0;17.0;67.0;33.0;5.0;0.0;5.0;1.0;;;;;;;;87.0;63.0;53.0;36.0;58.0;42.0;11.0;3.0;9.0;1.0;;[ 5 27];[1 1];[False False];['Nojima (W)' 'Nojima (W)'];[ 0 -1];[-1 -2];['D' 'A'];['A' 'A'];0.06;0.0;0.94;0.11;0.0;0.89;5128.0;;albirex niigata;;;;Women
2026-05-09;194151665;Australia Northern NSW Premier League;Australia;01:00;Full;0.7516348712397961;2.0;3.5, 4.0;1.8;3.5, 4.0;4.0;4.0;;1.0;0.0;1.0;166.0;129.0;100.0;Weston Workers FC;;1.0;2.0;1.167;0;0.0;0 - 2;7.5;Valentine Phoenix;;0.0;2.0;9.5;0;2.0;-2.25;4 - 4;1-0;3.75;1.5;64 - 65;27 - 35;35.0;27.0;42.0;58.0;2.0;2.0;0.0;1.0;;;;;;;;85.0;81.0;65.0;64.0;40.0;60.0;4.0;3.0;3.0;4.0;;[64 90];[2 2];[False False];['Valentine Phoenix' 'Valentine Phoenix'];[ 0 -1];[-1 -2];['D' 'A'];['A' 'A'];0.71;0.0;0.29;1.0;0.0;0.0;;;;;;;
2026-05-09;194162471;Japan L1 League Women;Japan;01:00;Full;-0.5386746217771149;2.0;2.5, 3.0;1.8;2.5, 3.0;4.0;7.0;;3.0;5.0;8.0;157.0;86.0;100.0;Nittaidai FC (W);;0.0;0.0;6.5;0;0.0;0 - 8;3.8;Loveledge Nagoya (W);;0.0;0.0;1.444;3;8.0;+1.25;4 - 7;3-5;2.75;1.25;35 - 51;15 - 26;26.0;15.0;60.0;40.0;5.0;2.0;11.0;1.0;;;;;;;;74.0;83.0;51.0;35.0;55.0;45.0;9.0;7.0;19.0;2.0;;[11 26 40 63 69 78 86 88];[1 1 1 2 2 2 2 2];[False False False False False False False False];"['Loveledge Nagoya (W)' 'Loveledge Nagoya (W)' 'Loveledge Nagoya (W)'
 'Loveledge Nagoya (W)' 'Loveledge Nagoya (W)' 'Loveledge Nagoya (W)'
 'Loveledge Nagoya (W)' 'Loveledge Nagoya (W)']";[ 0 -1 -2 -3 -4 -5 -6 -7];[-1 -2 -3 -4 -5 -6 -7 -8];['D' 'A' 'A' 'A' 'A' 'A' 'A' 'A'];['A' 'A' 'A' 'A' 'A' 'A' 'A' 'A'];0.12;0.0;0.88;0.24;0.0;0.76;;;;;;;Women
2026-05-09;194125534;Australia A-League Women;Australia;01:00;Full;0.3082706766917293;1.825;2.5, 3.0;1.975;2.5, 3.0;5.0;6.0;;2.0;2.0;4.0;182.0;83.0;100.0;Melbourne City (W);;0.0;1.0;1.75;1;1.0;1 - 0;3.6;Melbourne Victory (W);;0.0;2.0;3.8;0;0.0;-0.5;5 - 6;2-2;2.75;1.25;40 - 43;18 - 18;18.0;18.0;56.0;44.0;3.0;3.0;3.0;1.0;;;;;;;;99.0;83.0;43.0;40.0;56.0;44.0;12.0;7.0;5.0;5.0;;[34];[1];[False];['Melbourne City (W)'];[0];[1];['D'];['H'];0.38;0.62;0.0;0.76;0.24;0.0;227542.0;174100.0;melbourne city fc;melbourne victory;1.61;1.61;Women
2026-05-09;194159696;Australia Victoria Premier League 2;Australia;01:00;Full;-0.20373514431239387;1.85;3.0, 3.5;1.95;3.0, 3.5;4.0;3.0;;4.0;0.0;4.0;138.0;112.0;;Moreland City SC;;0.0;3.0;3.1;1;1.0;1 - 1;3.9;Whittlesea United;;0.0;3.0;1.9;0;1.0;+0.5;4 - 3;4-0;3.25;1.25;61 - 51;27 - 23;23.0;27.0;;;4.0;1.0;2.0;7.0;;;;;;;;55.0;83.0;51.0;61.0;;;6.0;1.0;8.0;9.0;;[40 58];[1 2];[False False];['Moreland City SC' 'Whittlesea United'];[0 1];[1 0];['D' 'H'];['H' 'D'];0.8;0.2;0.0;0.89;0.11;0.0;;;;;;;
2026-05-09;194153496;Australia Western Australia U23 League;Australia;01:00;Full;0.25252525252525254;1.925;3.0, 3.5;1.875;3.0, 3.5;2.0;8.0;;0.0;6.0;6.0;209.0;114.0;;Bayswater City U23;;0.0;0.0;1.8;1;2.0;2 - 6;3.9;Olympic Kingsway U23;;0.0;0.0;3.3;2;6.0;-0.5;2 - 8;0-6;3.25;1.25;48 - 66;22 - 40;40.0;22.0;;;4.0;0.0;7.0;3.0;;;;;;;;119.0;90.0;66.0;48.0;;;4.0;1.0;11.0;5.0;;[ 7 17 21 50 53 71 75 89];[1 1 1 2 2 2 2 2];[False False False False False False False False];"['Bayswater City U23' 'Olympic Kingsway U23' 'Olympic Kingsway U23'
 'Olympic Kingsway U23' 'Olympic Kingsway U23' 'Bayswater City U23'
 'Olympic Kingsway U23' 'Olympic Kingsway U23']";[ 0  1  0 -1 -2 -3 -2 -3];[ 1  0 -1 -2 -3 -2 -3 -4];['D' 'H' 'D' 'A' 'A' 'A' 'A' 'A'];['H' 'D' 'A' 'A' 'A' 'A' 'A' 'A'];0.12;0.11;0.77;0.24;0.22;0.53;1237375.0;319213.0;bayswater city sc;olympic kingsway sc;;;Youth
2026-05-09;194162438;Japan L1 League Women;Japan;01:00;Full;-0.35597758497081067;1.95;2.0, 2.5;1.85;2.0, 2.5;5.0;8.0;;3.0;4.0;7.0;160.0;76.0;100.0;Vonds Ichihara (W);;0.0;0.0;4.1;0;0.0;0 - 4;3.6;Yokohama FC Seagulls (W);;0.0;0.0;1.667;2;4.0;+0.75;5 - 8;3-4;2.25;1.0;41 - 35;19 - 16;16.0;19.0;49.0;51.0;6.0;4.0;4.0;2.0;;;;;;;;80.0;80.0;35.0;41.0;51.0;49.0;6.0;8.0;7.0;3.0;;[38 45 64 79];[1 1 2 2];[False False False False];"['Yokohama FC Seagulls (W)' 'Yokohama FC Seagulls (W)'
 'Yokohama FC Seagulls (W)' 'Yokohama FC Seagulls (W)']";[ 0 -1 -2 -3];[-1 -2 -3 -4];['D' 'A' 'A' 'A'];['A' 'A' 'A' 'A'];0.42;0.0;0.58;0.84;0.0;0.16;;;;;;;Women
2026-05-09;194150575;Australia Northern NSW Reserves League;Australia;01:30;Schedule;0.03958436417615041;1.875;3.5;1.925;3.5;2.0;4.0;;2.0;4.0;6.0;55.0;44.0;;Edgeworth Eagles Reserves;;0.0;0.0;2.15;0;0.0;0 - 0;4.333;Maitland FC Reserves;;0.0;1.0;2.35;0;0.0;0.0 ( 0.0);2 - 4;2-4;3.5 (1.75);1.5;28 - 16;nan;;;;;;;;;;;;;;;;23.0;32.0;16.0;28.0;;;1.0;2.0;1.0;4.0;;[];[];[];[];[];[];[];[];1.0;0.0;0.0;1.0;0.0;0.0;;;;;;;Youth
2026-05-09;194150571;Australia Northern NSW Reserves League;Australia;01:30;Full;0.1701701701701701;1.875;3.5, 4.0;1.925;3.5, 4.0;4.0;4.0;;3.0;2.0;5.0;47.0;74.0;;Adamstown Rosebud Reserves;;0.0;2.0;1.85;1;1.0;1 - 1;5.0;Belmont Swansea United SC Reserves;;0.0;0.0;2.7;1;1.0;-0.5;4 - 4;3-2;3.75;1.5;37 - 37;22 - 17;17.0;22.0;;;6.0;2.0;2.0;3.0;;;;;;;;22.0;25.0;37.0;37.0;;;9.0;4.0;5.0;6.0;;[22 32];[1 1];[False False];['Adamstown Rosebud Reserves' 'Belmont Swansea United SC Reserves'];[0 1];[1 0];['D' 'H'];['H' 'D'];0.89;0.11;0.0;0.78;0.22;0.0;;;;;;;Youth
2026-05-09;194152988;Australia Tasmania Championship;Australia;01:30;Full;-0.06802721088435376;1.975;4.0, 4.5;1.825;4.0, 4.5;6.0;7.0;;3.0;2.0;5.0;240.0;129.0;;Taroona;4.0;0.0;1.0;2.45;0;2.0;2 - 3;4.2;South Hobart Reserves;3.0;0.0;0.0;2.1;2;3.0;+0.25;6 - 7;3-2;4.25;1.75;67 - 62;28 - 35;35.0;28.0;;;3.0;1.0;2.0;0.0;;;;;;;;125.0;115.0;62.0;67.0;;;7.0;4.0;7.0;5.0;;[32 36 60 91 93];[1 1 2 2 2];[False False False  True  True];"['South Hobart Reserves' 'South Hobart Reserves' 'South Hobart Reserves'
 'Taroona' 'Taroona']";[ 0 -1 -2 -3 -2];[-1 -2 -3 -2 -1];['D' 'A' 'A' 'A' 'A'];['A' 'A' 'A' 'A' 'A'];0.34;0.0;0.66;0.71;0.0;0.29;;;;;;;Youth
2026-05-09;194153110;Australia Tasmania Premier League;Australia;01:30;Full;0.40350877192982454;1.875;3.5;1.925;3.5;13.0;4.0;;8.0;2.0;10.0;182.0;139.0;100.0;Riverside Olympic;;0.0;0.0;1.5;3;5.0;5 - 0;5.0;South East United FC;;0.0;1.0;3.8;0;0.0;-1.0;13 - 4;8-2;3.5;1.5;91 - 48;44 - 28;28.0;44.0;47.0;53.0;2.0;4.0;0.0;4.0;;;;;;;;87.0;95.0;48.0;91.0;47.0;53.0;2.0;11.0;0.0;7.0;;[ 6 19 24 69 81];[1 1 1 2 2];[False False False False False];"['Riverside Olympic' 'Riverside Olympic' 'Riverside Olympic'
 'Riverside Olympic' 'Riverside Olympic']";[0 1 2 3 4];[1 2 3 4 5];['D' 'H' 'H' 'H' 'H'];['H' 'H' 'H' 'H' 'H'];0.07;0.93;0.0;0.13;0.87;0.0;;;;;;;
2026-05-09;194151193;Australia NPL Victoria Women;Australia;01:30;Full;0.951219512195122;1.95;5.0;1.85;5.0;10.0;0.0;;5.0;0.0;5.0;120.0;152.0;100.0;South Melbourne (W);;0.0;0.0;1.025;7;9.0;9 - 2;21.0;Melbourne City NPL (W);;0.0;1.0;41.0;1;2.0;-4.0;10 - 0;5-0;5.0;2.25;114 - 38;50 - 15;15.0;50.0;47.0;53.0;0.0;6.0;3.0;11.0;;;;;;;;42.0;78.0;38.0;114.0;44.0;56.0;0.0;10.0;4.0;21.0;;[ 5 10 18 22 27 33 39 41 49 64 91];[1 1 1 1 1 1 1 1 2 2 2];[False False False False False False False False False False  True];"['South Melbourne (W)' 'South Melbourne (W)' 'South Melbourne (W)'
 'South Melbourne (W)' 'South Melbourne (W)' 'Melbourne City NPL (W)'
 'South Melbourne (W)' 'South Melbourne (W)' 'South Melbourne (W)'
 'Melbourne City NPL (W)' 'South Melbourne (W)']";[0 1 2 3 4 5 4 5 6 7 6];[1 2 3 4 5 4 5 6 7 6 7];['D' 'H' 'H' 'H' 'H' 'H' 'H' 'H' 'H' 'H' 'H'];['H' 'H' 'H' 'H' 'H' 'H' 'H' 'H' 'H' 'H' 'H'];0.05;0.95;0.0;0.11;0.89;0.0;2944.0;1320578.0;south melbourne fc;melbourne city fc 2;;;Women
2026-05-09;194153102;Australia Tasmania Premier League;Australia;01:30;Full;-0.35252837977296186;1.95;3.5, 4.0;1.85;3.5, 4.0;4.0;7.0;;0.0;5.0;5.0;197.0;115.0;100.0;Launceston City;;0.0;0.0;3.75;0;1.0;1 - 8;4.333;South Hobart;;0.0;0.0;1.615;2;8.0;+0.75;4 - 7;0-5;3.75;1.5;36 - 79;15 - 34;34.0;15.0;59.0;41.0;7.0;2.0;5.0;1.0;;;;;;;;106.0;91.0;79.0;36.0;55.0;45.0;10.0;6.0;13.0;3.0;;[23 30 54 67 68 76 84 91 92];[1 1 2 2 2 2 2 2 2];[False False False False False False False  True  True];"['South Hobart' 'South Hobart' 'South Hobart' 'South Hobart'
 'South Hobart' 'South Hobart' 'Launceston City' 'South Hobart'
 'South Hobart']";[ 0 -1 -2 -3 -4 -5 -6 -5 -6];[-1 -2 -3 -4 -5 -6 -5 -6 -7];['D' 'A' 'A' 'A' 'A' 'A' 'A' 'A' 'A'];['A' 'A' 'A' 'A' 'A' 'A' 'A' 'A' 'A'];0.25;0.0;0.75;0.51;0.0;0.49;;;;;;;
2026-05-09;194153100;Australia Tasmania Premier League;Australia;01:30;Full;0.5513196480938416;1.875;3.5, 4.0;1.925;3.5, 4.0;6.0;2.0;;2.0;0.0;2.0;192.0;116.0;100.0;Devonport City;;0.0;1.0;1.364;1;2.0;2 - 1;5.0;Glenorchy Knights FC;;0.0;2.0;5.5;1;1.0;-1.5;6 - 2;2-0;3.75;1.5;70 - 46;37 - 15;15.0;37.0;36.0;64.0;2.0;2.0;2.0;1.0;;;;;;;;89.0;103.0;46.0;70.0;38.0;62.0;6.0;4.0;3.0;2.0;;[16 26 69];[1 1 2];[False False False];['Glenorchy Knights FC' 'Devonport City' 'Devonport City'];[ 0 -1  0];[-1  0  1];['D' 'A' 'D'];['A' 'D' 'H'];0.66;0.23;0.11;0.78;0.0;0.22;;;;;;;
2026-05-09;194152992;Australia Tasmania Championship;Australia;01:30;Full;-0.48349873067159016;1.9;4.0, 4.5;1.9;4.0, 4.5;4.0;3.0;;2.0;1.0;3.0;138.0;163.0;;University of Tasmania;;0.0;1.0;4.333;0;1.0;1 - 2;5.75;Glenorchy Knights Reserves;;0.0;2.0;1.4;1;2.0;+1.5;4 - 3;2-1;4.25;1.75;87 - 76;39 - 44;44.0;39.0;;;3.0;2.0;5.0;4.0;;;;;;;;72.0;66.0;76.0;87.0;;;4.0;3.0;7.0;7.0;;[23 49 63];[1 2 2];[False False False];"['Glenorchy Knights Reserves' 'Glenorchy Knights Reserves'
 'University of Tasmania']";[ 0 -1 -2];[-1 -2 -1];['D' 'A' 'A'];['A' 'A' 'A'];0.26;0.0;0.74;0.51;0.0;0.49;;;;;;;Youth
2026-05-09;194151525;Australia New South Wales NPL Women;Australia;01:45;Full;0.7516348712397961;1.85;3.5;1.95;3.5;6.0;2.0;;3.0;1.0;4.0;123.0;132.0;;University NSW (W);;0.0;0.0;1.167;1;1.0;1 - 0;7.0;Macarthur Rams (W);;0.0;1.0;9.5;0;0.0;-2.25;6 - 2;3-1;3.5;1.5;80 - 52;36 - 27;27.0;36.0;;;4.0;2.0;3.0;1.0;;;;;;;;48.0;75.0;52.0;80.0;;;7.0;7.0;7.0;4.0;;[2];[1];[False];['University NSW (W)'];[0];[1];['D'];['H'];0.02;0.98;0.0;0.04;0.96;0.0;319451.0;;university of nsw;;;;Women
2026-05-09;194153035;Australia NPL Queensland U23;Australia;01:45;Full;0.34141726866185074;1.95;4.0;1.85;4.0;3.0;3.0;;0.0;1.0;1.0;130.0;86.0;;Brisbane City U23;;0.0;1.0;1.615;0;1.0;1 - 0;4.5;Peninsula Power U23;;0.0;1.0;3.6;0;0.0;-0.75;3 - 3;0-1;4.0;1.75;41 - 45;21 - 24;24.0;21.0;;;5.0;3.0;3.0;0.0;;;;;;;;68.0;62.0;45.0;41.0;;;7.0;5.0;5.0;3.0;;[63];[2];[False];['Brisbane City U23'];[0];[1];['D'];['H'];0.7;0.3;0.0;1.0;0.0;0.0;91920.0;91144.0;brisbane city fc;peninsula power fc;;;Youth
2026-05-09;194153486;Australia WA State League 1 Reserves;Australia;02:00;Schedule;0.6849972722313148;1.85;3.5, 4.0;1.95;3.5, 4.0;0.0;0.0;;0.0;0.0;0.0;0.0;0.0;;Floreat Athena Reserves;;0.0;0.0;1.222;0;0.0;0 - 0;6.0;Subiaco AFC Reserves;;0.0;0.0;7.5;0;0.0;-1.75;0 - 0;0-0;3.75;1.5;-;nan;;;;;;;;;;;;;;;;0.0;0.0;0.0;0.0;;;0.0;0.0;0.0;0.0;;[];[];[];[];[];[];[];[];1.0;0.0;0.0;1.0;0.0;0.0;;;;;;;Youth
2026-05-09;194153488;Australia WA State League 1 Reserves;Australia;02:00;Full;0.07295941632466935;1.825;3.5;1.975;3.5;4.0;10.0;;2.0;7.0;9.0;135.0;94.0;;Gwelup Croatia SC Reserves;;0.0;0.0;2.15;1;3.0;3 - 3;3.9;Murdoch University Melville FC Reserves;;0.0;1.0;2.55;2;3.0;-0.25;4 - 10;2-7;3.5;1.5;34 - 60;17 - 38;38.0;17.0;;;6.0;3.0;13.0;3.0;;;;;;;;75.0;60.0;60.0;34.0;;;9.0;6.0;20.0;5.0;;[14 30 41 54 66 91];[1 1 1 2 2 2];[False False False False False  True];"['Murdoch University Melville FC Reserves'
 'Murdoch University Melville FC Reserves' 'Gwelup Croatia SC Reserves'
 'Gwelup Croatia SC Reserves' 'Gwelup Croatia SC Reserves'
 'Murdoch University Melville FC Reserves']";[ 0 -1 -2 -1  0  1];[-1 -2 -1  0  1  0];['D' 'A' 'A' 'A' 'D' 'H'];['A' 'A' 'A' 'D' 'H' 'D'];0.29;0.27;0.44;0.31;0.0;0.69;;;;;;;Youth
2026-05-09;194155490;South Korea Women K League;South Korea;02:00;Full;0.34433285509325684;2.0;2.5;1.8;2.5;2.0;3.0;;1.0;0.0;1.0;244.0;122.0;;Sejong Sportstoto (W);;0.0;1.0;1.7;1;3.0;3 - 1;3.5;Gangjin Swans (W);;0.0;2.0;4.1;0;1.0;-0.75;2 - 3;1-0;2.5;1.0;62 - 60;28 - 22;22.0;28.0;;;1.0;3.0;1.0;2.0;;;;;;;;120.0;124.0;60.0;62.0;;;3.0;6.0;2.0;5.0;;[26 56 58 76];[1 2 2 2];[False False False False];"['Sejong Sportstoto (W)' 'Sejong Sportstoto (W)' 'Sejong Sportstoto (W)'
 'Gangjin Swans (W)']";[0 1 2 3];[1 2 3 2];['D' 'H' 'H' 'H'];['H' 'H' 'H' 'H'];0.29;0.71;0.0;0.58;0.42;0.0;;;;;;;Women
2026-05-09;193202410;South Korea K League 2;South Korea;02:00;Full;-0.14253563390847712;1.775;2.0, 2.5;2.025;2.0, 2.5;3.0;6.0;;1.0;3.0;4.0;176.0;95.0;100.0;Hwaseong FC;5.0;0.0;3.0;3.1;1;1.0;1 - 1;3.1;Suwon FC;4.0;0.0;2.0;2.15;0;1.0;+0.25;3 - 6;1-3;2.25;1.0;40 - 55;14 - 24;24.0;14.0;58.0;42.0;3.0;3.0;1.0;4.0;;;;;;;;104.0;72.0;55.0;40.0;59.0;41.0;7.0;7.0;5.0;5.0;;[30 89];[1 2];[False False];['Hwaseong FC' 'Suwon FC'];[0 1];[1 0];['D' 'H'];['H' 'D'];0.34;0.66;0.0;0.67;0.33;0.0;202343.0;41261.0;hwaseong fc;suwon fc;1.8;1.8;
2026-05-09;193335533;Japan J2/J3 Centennial League;Japan;02:00;Full;0.0;1.9;2.5, 3.0;1.9;2.5, 3.0;3.0;4.0;;2.0;2.0;4.0;192.0;94.0;100.0;Hokkaido Consadole Sapporo;;0.0;0.0;2.5;3;4.0;4 - 3;3.3;Omiya Ardija;;0.0;0.0;2.5;1;3.0;0.0;3 - 4;2-2;2.75;1.0;37 - 57;19 - 21;21.0;19.0;64.0;36.0;1.0;4.0;1.0;3.0;;;;;;;;103.0;89.0;57.0;37.0;61.0;39.0;5.0;5.0;4.0;5.0;;[11 39 44 46 47 60 93];[1 1 1 1 2 2 2];[False False False  True False False  True];"['Hokkaido Consadole Sapporo' 'Hokkaido Consadole Sapporo'
 'Hokkaido Consadole Sapporo' 'Omiya Ardija' 'Omiya Ardija' 'Omiya Ardija'
 'Hokkaido Consadole Sapporo']";[0 1 2 3 2 1 0];[1 2 3 2 1 0 1];['D' 'H' 'H' 'H' 'H' 'H' 'D'];['H' 'H' 'H' 'H' 'H' 'D' 'H'];0.47;0.53;0.0;0.24;0.76;0.0;3142.0;5130.0;hokkaido consadole sapporo;rb omiya ardija;;;
2026-05-09;194241567;Australia WA State League 1 Reserves;Australia;02:00;Schedule;0.05454545454545451;1.9;3.0, 3.5;1.9;3.0, 3.5;0.0;0.0;;0.0;0.0;0.0;0.0;0.0;;Joondalup City Reserves;;0.0;0.0;2.2;0;0.0;0 - 0;3.8;Kingsley Westside Reserves;;0.0;0.0;2.5;0;0.0;0.0;0 - 0;0-0;3.25;1.25;-;nan;;;;;;;;;;;;;;;;0.0;0.0;0.0;0.0;;;0.0;0.0;0.0;0.0;;[];[];[];[];[];[];[];[];1.0;0.0;0.0;1.0;0.0;0.0;;;;;;;Youth
2026-05-09;194153481;Australia WA State League 1 Reserves;Australia;02:00;Full;-0.6644844517184942;2.0;4.0, 4.5;1.8;4.0, 4.5;3.0;3.0;;1.0;1.0;2.0;140.0;153.0;;Cockburn City Reserves;;0.0;1.0;6.5;2;4.0;4 - 6;6.5;Quinns FC Reserves;;0.0;2.0;1.222;1;6.0;+2.0;3 - 3;1-1;4.25;1.75;71 - 82;36 - 40;40.0;36.0;;;5.0;1.0;4.0;6.0;;;;;;;;77.0;63.0;82.0;71.0;;;6.0;2.0;14.0;10.0;;[22 23 46 51 54 61 70 73 79 81];[1 1 1 2 2 2 2 2 2 2];[False False  True False False False False False False False];"['Cockburn City Reserves' 'Cockburn City Reserves' 'Quinns FC Reserves'
 'Quinns FC Reserves' 'Cockburn City Reserves' 'Cockburn City Reserves'
 'Quinns FC Reserves' 'Quinns FC Reserves' 'Quinns FC Reserves'
 'Quinns FC Reserves']";[ 0  1  2  1  0  1  2  1  0 -1];[ 1  2  1  0  1  2  1  0 -1 -2];['D' 'H' 'H' 'H' 'D' 'H' 'H' 'H' 'D' 'A'];['H' 'H' 'H' 'D' 'H' 'H' 'H' 'D' 'A' 'A'];0.34;0.53;0.12;0.48;0.52;0.0;;;;;;;Youth
2026-05-09;193335564;Japan J2/J3 Centennial League;Japan;02:00;Full;-0.21870286576168935;1.875;2.0, 2.5;1.925;2.0, 2.5;3.0;6.0;;2.0;1.0;3.0;165.0;83.0;100.0;Renofa Yamaguchi;;0.0;2.0;3.4;0;0.0;0 - 1;3.4;Tegevajaro Miyazaki;;0.0;2.0;1.95;1;1.0;+0.5;3 - 6;2-1;2.25;1.0;47 - 36;26 - 16;16.0;26.0;42.0;58.0;1.0;6.0;1.0;2.0;;;;;;;;73.0;92.0;36.0;47.0;42.0;58.0;6.0;15.0;1.0;3.0;;[44];[1];[False];['Tegevajaro Miyazaki'];[0];[-1];['D'];['A'];0.49;0.0;0.51;0.98;0.0;0.02;38146.0;441260.0;renofa yamaguchi;tegevajaro miyazaki;;;
2026-05-09;193328513;Japan J-League;Japan;02:00;Full;-0.1709986320109439;1.925;2.0, 2.5;1.875;2.0, 2.5;0.0;7.0;;0.0;3.0;3.0;189.0;76.0;100.0;Mito Hollyhock;;1.0;2.0;3.4;0;1.0;1 - 4;3.3;Urawa Red Diamonds;;0.0;0.0;2.15;1;4.0;+0.5;0 - 7;0-3;2.25;1.0;34 - 42;20 - 14;14.0;20.0;45.0;55.0;5.0;0.0;3.0;0.0;;;;;;;;120.0;69.0;42.0;34.0;60.0;40.0;11.0;3.0;7.0;2.0;;[24 70 77 79 84];[1 2 2 2 2];[False False False False False];"['Urawa Red Diamonds' 'Urawa Red Diamonds' 'Urawa Red Diamonds'
 'Urawa Red Diamonds' 'Mito Hollyhock']";[ 0 -1 -2 -3 -4];[-1 -2 -3 -4 -3];['D' 'A' 'A' 'A' 'A'];['A' 'A' 'A' 'A' 'A'];0.27;0.0;0.73;0.53;0.0;0.47;21901.0;3145.0;mito hollyhock;urawa red diamonds;;;
2026-05-09;193335561;Japan J2/J3 Centennial League;Japan;02:00;Full;0.20209059233449483;2.0;2.0, 2.5;1.8;2.0, 2.5;7.0;2.0;;3.0;1.0;4.0;259.0;119.0;100.0;FC Osaka;;0.0;0.0;2.05;0;1.0;1 - 2;3.2;FC Imabari;;0.0;2.0;3.5;1;2.0;-0.25;7 - 2;3-1;2.25;0.75;75 - 44;32 - 18;18.0;32.0;39.0;61.0;4.0;4.0;1.0;0.0;;;;;;;;109.0;150.0;44.0;75.0;36.0;64.0;6.0;7.0;2.0;3.0;;[12 78 86];[1 2 2];[False False False];['FC Imabari' 'FC Osaka' 'FC Imabari'];[ 0 -1  0];[-1  0 -1];['D' 'A' 'D'];['A' 'D' 'A'];0.22;0.0;0.78;0.27;0.0;0.73;223228.0;79907.0;fc osaka;fc imabari;;;
2026-05-09;193335552;Japan J2/J3 Centennial League;Japan;02:00;Full;-0.016666666666666663;1.9;2.5, 3.0;1.9;2.5, 3.0;3.0;8.0;;2.0;3.0;5.0;173.0;59.0;100.0;Thespa Gunma;;0.0;1.0;2.5;0;0.0;0 - 0;3.5;Tochigi City;;0.0;1.0;2.4;0;0.0;0.0;3 - 8;2-3;2.75;1.25;18 - 41;6 - 21;21.0;6.0;65.0;35.0;3.0;2.0;2.0;0.0;;;;;;;;97.0;76.0;41.0;18.0;57.0;43.0;16.0;5.0;3.0;0.0;;[];[];[];[];[];[];[];[];1.0;0.0;0.0;1.0;0.0;0.0;21906.0;245541.0;thespakusatsu;tochigi city fc;;;
2026-05-09;193335538;Japan J2/J3 Centennial League;Japan;02:00;Full;0.24605669053023682;1.975;2.0, 2.5;1.825;2.0, 2.5;4.0;3.0;;2.0;1.0;3.0;195.0;79.0;100.0;Iwaki FC;;0.0;1.0;1.909;0;0.0;0 - 1;3.4;Ventforet Kofu;;0.0;0.0;3.6;1;1.0;-0.5;4 - 3;2-1;2.25;1.0;54 - 25;27 - 17;17.0;27.0;39.0;61.0;3.0;2.0;1.0;0.0;;;;;;;;96.0;99.0;25.0;54.0;37.0;63.0;4.0;9.0;2.0;3.0;;[14];[1];[False];['Ventforet Kofu'];[0];[-1];['D'];['A'];0.16;0.0;0.84;0.31;0.0;0.69;345090.0;5762.0;iwaki fc;ventforet kofu;;;
2026-05-09;193202198;South Korea K League 1;South Korea;02:00;Full;-0.1709986320109439;1.975;2.0, 2.5;1.825;2.0, 2.5;2.0;12.0;;1.0;6.0;7.0;217.0;179.0;100.0;Jeju United;;0.0;2.0;3.4;1;2.0;2 - 1;3.1;FC Seoul;;0.0;1.0;2.15;0;1.0;+0.25;2 - 12;1-6;2.25;1.0;49 - 130;18 - 60;60.0;18.0;50.0;50.0;4.0;2.0;0.0;2.0;;;;;;;;134.0;83.0;130.0;49.0;50.0;50.0;9.0;4.0;3.0;5.0;;[18 53 57];[1 2 2];[False False False];['Jeju United' 'Jeju United' 'FC Seoul'];[0 1 2];[1 2 1];['D' 'H' 'H'];['H' 'H' 'H'];0.2;0.8;0.0;0.4;0.6;0.0;7649.0;7646.0;jeju sk fc;fc seoul;1.9;1.9;
2026-05-09;194162682;South Korea K4 League;South Korea;02:00;Full;-0.2777777777777778;1.85;2.5;1.95;2.5;3.0;3.0;;2.0;1.0;3.0;169.0;88.0;100.0;Gijang United;;0.0;2.0;3.6;1;2.0;2 - 1;3.6;Namyangju FC;;0.0;2.0;1.8;0;1.0;+0.5;3 - 3;2-1;2.5;1.0;45 - 43;18 - 23;23.0;18.0;47.0;53.0;4.0;1.0;0.0;1.0;;;;;;;;80.0;89.0;43.0;45.0;45.0;55.0;7.0;9.0;3.0;4.0;;[31 75 96];[1 2 2];[False False  True];['Gijang United' 'Gijang United' 'Namyangju FC'];[0 1 2];[1 2 1];['D' 'H' 'H'];['H' 'H' 'H'];0.32;0.68;0.0;0.69;0.31;0.0;;;;;;;
2026-05-09;194153484;Australia WA State League 1 Reserves;Australia;02:00;Full;-0.5835208802200551;1.9;3.5, 4.0;1.9;3.5, 4.0;0.0;4.0;;0.0;1.0;1.0;144.0;86.0;;Curtin University SC Reserves;;0.0;3.0;6.0;0;0.0;0 - 5;5.0;UWA-Nedlands FC Reserves;;0.0;1.0;1.333;3;5.0;+1.5;0 - 4;0-1;3.75;1.5;32 - 54;16 - 23;23.0;16.0;;;2.0;0.0;4.0;1.0;;;;;;;;73.0;71.0;54.0;32.0;;;6.0;0.0;10.0;3.0;;[ 5 12 25 52 61];[1 1 1 2 2];[False False False False False];"['UWA-Nedlands FC Reserves' 'UWA-Nedlands FC Reserves'
 'UWA-Nedlands FC Reserves' 'UWA-Nedlands FC Reserves'
 'UWA-Nedlands FC Reserves']";[ 0 -1 -2 -3 -4];[-1 -2 -3 -4 -5];['D' 'A' 'A' 'A' 'A'];['A' 'A' 'A' 'A' 'A'];0.06;0.0;0.94;0.11;0.0;0.89;;;;;;;Youth
2026-05-09;194162613;South Korea K3 League;South Korea;02:00;Full;-0.050682261208576995;1.95;2.5;1.85;2.5;2.0;8.0;;1.0;3.0;4.0;80.0;106.0;100.0;Jeonbuk Motors II;;0.0;1.0;2.7;2;2.0;2 - 0;3.1;Yeoju;;0.0;3.0;2.375;0;0.0;0.0;2 - 8;1-3;2.5;1.0;33 - 73;15 - 38;38.0;15.0;69.0;31.0;0.0;0.0;1.0;3.0;;;;;;;;50.0;30.0;73.0;33.0;60.0;40.0;0.0;0.0;1.0;3.0;;[ 8 31];[1 1];[False False];['Jeonbuk Motors II' 'Jeonbuk Motors II'];[0 1];[1 2];['D' 'H'];['H' 'H'];0.09;0.91;0.0;0.18;0.82;0.0;6908.0;;jeonbuk fc;;;;Youth
2026-05-09;194201550;Australia Victoria Premier League 2;Australia;02:00;Full;-0.5137491616364857;2.0;3.5;1.8;3.5;1.0;6.0;;1.0;4.0;5.0;171.0;78.0;;Kingston City;10.0;0.0;2.0;5.25;0;0.0;0 - 5;4.5;Malvern City;1.0;0.0;0.0;1.42;1;5.0;+1.25;1 - 6;1-4;3.5;1.5;32 - 46;18 - 22;22.0;18.0;;;2.0;2.0;7.0;5.0;;;;;;;;89.0;82.0;46.0;32.0;;;4.0;3.0;15.0;7.0;;[42 54 59 88 91];[1 2 2 2 2];[False False False False  True];"['Malvern City' 'Malvern City' 'Malvern City' 'Malvern City'
 'Malvern City']";[ 0 -1 -2 -3 -4];[-1 -2 -3 -4 -5];['D' 'A' 'A' 'A' 'A'];['A' 'A' 'A' 'A' 'A'];0.46;0.0;0.54;0.93;0.0;0.07;;;;;;;
2026-05-09;194162555;South Korea K3 League;South Korea;02:00;Full;0.40866873065015485;1.975;2.5;1.825;2.5;2.0;3.0;;1.0;2.0;3.0;188.0;90.0;100.0;Busan Trans Corp;;0.0;3.0;1.615;0;3.0;3 - 0;3.5;Mokpo City FC;;0.0;1.0;4.75;0;0.0;-0.75;2 - 3;1-2;2.5;1.0;47 - 43;20 - 22;22.0;20.0;53.0;47.0;2.0;2.0;0.0;3.0;;;;;;;;102.0;86.0;43.0;47.0;55.0;45.0;4.0;3.0;1.0;9.0;;[64 70 80];[2 2 2];[False False False];['Busan Trans Corp' 'Busan Trans Corp' 'Busan Trans Corp'];[0 1 2];[1 2 3];['D' 'H' 'H'];['H' 'H' 'H'];0.71;0.29;0.0;1.0;0.0;0.0;;;;;;;
2026-05-09;194153503;Australia Western Australia U23 League;Australia;02:00;Full;0.0444444444444444;1.8;3.0;2.0;3.0;5.0;5.0;;2.0;3.0;5.0;143.0;79.0;;Stirling Macedonia U23;;0.0;1.0;2.25;1;5.0;5 - 0;3.75;Dianella White Eagles U23;;0.0;2.0;2.5;0;0.0;0.0;5 - 5;2-3;3.0;1.25;44 - 35;25 - 12;12.0;25.0;;;2.0;2.0;1.0;2.0;;;;;;;;58.0;85.0;35.0;44.0;;;4.0;3.0;3.0;8.0;;[32 55 76 80 81];[1 2 2 2 2];[False False False False False];"['Stirling Macedonia U23' 'Stirling Macedonia U23'
 'Stirling Macedonia U23' 'Stirling Macedonia U23'
 'Stirling Macedonia U23']";[0 1 2 3 4];[1 2 3 4 5];['D' 'H' 'H' 'H' 'H'];['H' 'H' 'H' 'H' 'H'];0.36;0.64;0.0;0.71;0.29;0.0;92034.0;1329658.0;stirling macedonia fc;dianella white eagles sc u23;;;Youth
2026-05-09;194154234;Australia Capital Territory Premier League;Australia;02:00;Full;-0.7333333333333334;1.975;4.5;1.825;4.5;7.0;12.0;;2.0;7.0;9.0;133.0;159.0;100.0;O'Connor Knights;;0.0;1.0;10.0;1;2.0;2 - 1;7.0;Monaro Panthers;;1.0;3.0;1.2;0;1.0;+2.25;7 - 12;2-7;4.5;1.75;60 - 99;24 - 52;52.0;24.0;53.0;47.0;6.0;3.0;2.0;3.0;;;;;;;;64.0;69.0;99.0;60.0;51.0;49.0;8.0;5.0;5.0;6.0;;[48 60 81];[1 2 2];[ True False False];"[""O'Connor Knights"" 'Monaro Panthers' ""O'Connor Knights""]";[0 1 0];[1 0 1];['D' 'H' 'D'];['H' 'D' 'H'];0.77;0.23;0.0;1.0;0.0;0.0;;;;;;;
2026-05-09;194151387;Australia New South Wales Premier League;Australia;02:00;Full;-0.07407407407407407;1.9;2.5, 3.0;1.9;2.5, 3.0;13.0;6.0;;3.0;3.0;6.0;107.0;103.0;100.0;Western Sydney Wanderers NPL;;0.0;1.0;2.7;0;0.0;0 - 0;3.4;Wollongong Wolves;;0.0;3.0;2.25;0;0.0;0.0;13 - 6;3-3;2.75;1.25;72 - 31;30 - 16;16.0;30.0;48.0;52.0;0.0;3.0;2.0;1.0;;;;;;;;47.0;60.0;31.0;72.0;45.0;55.0;2.0;4.0;2.0;1.0;;[];[];[];[];[];[];[];[];1.0;0.0;0.0;1.0;0.0;0.0;;2940.0;;wollongong wolves fc;;;
2026-05-09;193268658;Australia NPL Victoria;Australia;02:00;Full;0.5238095238095238;2.0;3.0, 3.5;1.8;3.0, 3.5;1.0;7.0;;1.0;1.0;2.0;205.0;142.0;100.0;Avondale;;0.0;3.0;1.4;2;5.0;5 - 1;4.75;Altona Magic;;0.0;1.0;5.25;1;1.0;-1.0;1 - 7;1-1;3.25;1.25;61 - 81;29 - 41;41.0;29.0;53.0;47.0;2.0;4.0;0.0;2.0;;;;;;;;109.0;96.0;81.0;61.0;49.0;51.0;6.0;5.0;5.0;6.0;;[ 6 23 35 76 93 94];[1 1 1 2 2 2];[False False False False  True  True];['Avondale' 'Avondale' 'Altona Magic' 'Avondale' 'Avondale' 'Avondale'];[0 1 2 1 2 3];[1 2 1 2 3 4];['D' 'H' 'H' 'H' 'H' 'H'];['H' 'H' 'H' 'H' 'H' 'H'];0.06;0.94;0.0;0.13;0.87;0.0;189013.0;151492.0;avondale fc;altona magic sc;1.61;1.57;
2026-05-09;194153494;Australia Western Australia U23 League;Australia;02:00;Schedule;0.08050089445438285;1.8;3.0, 3.5;2.0;3.0, 3.5;0.0;0.0;;0.0;0.0;0.0;0.0;0.0;;Armadale U23;;0.0;0.0;2.15;0;0.0;0 - 0;3.9;Balcatta U23;;0.0;0.0;2.6;0;0.0;-0.25;0 - 0;0-0;3.25;1.5;-;nan;;;;;;;;;;;;;;;;0.0;0.0;0.0;0.0;;;0.0;0.0;0.0;0.0;;[];[];[];[];[];[];[];[];1.0;0.0;0.0;1.0;0.0;0.0;1237379.0;1237369.0;armadale sc;balcatta etna fc;;;Youth
2026-05-09;194154247;Australia Capital Territory Premier League;Australia;02:00;Full;0.09523809523809523;2.0;3.5;1.8;3.5;2.0;7.0;;1.0;5.0;6.0;160.0;124.0;100.0;Tuggeranong Utd;;0.0;0.0;2.1;2;6.0;6 - 4;3.8;Canberra Olympic;;1.0;2.0;2.625;4;4.0;-0.25;2 - 7;1-5;3.5;1.5;52 - 72;24 - 43;43.0;24.0;54.0;46.0;5.0;2.0;10.0;4.0;;;;;;;;86.0;74.0;72.0;52.0;52.0;48.0;11.0;3.0;11.0;13.0;;[ 3  8 11 32 37 50 49 65 70 86];[1 1 1 1 1 1 2 2 2 2];[False False False False False  True False False False False];"['Canberra Olympic' 'Canberra Olympic' 'Tuggeranong Utd'
 'Canberra Olympic' 'Canberra Olympic' 'Tuggeranong Utd' 'Tuggeranong Utd'
 'Tuggeranong Utd' 'Tuggeranong Utd' 'Tuggeranong Utd']";[ 0 -1 -2 -1 -2 -3 -2 -1  0  1];[-1 -2 -1 -2 -3 -2 -1  0  1  2];['D' 'A' 'A' 'A' 'A' 'A' 'A' 'A' 'D' 'H'];['A' 'A' 'A' 'A' 'A' 'A' 'A' 'D' 'H' 'H'];0.09;0.22;0.69;0.06;0.0;0.94;;;;;;;
2026-05-09;194153490;Australia WA State League 1 Reserves;Australia;02:00;Full;-0.6571428571428573;1.85;4.0;1.95;4.0;4.0;3.0;;2.0;3.0;5.0;41.0;48.0;;Inglewood United Reserves;;0.0;0.0;7.0;2;3.0;3 - 0;5.75;Mandurah City FC Reserves;;0.0;0.0;1.25;0;0.0;+2.0;4 - 3;2-3;4.0;1.75;34 - 14;15 - 6;6.0;15.0;;;0.0;1.0;1.0;7.0;;;;;;;;13.0;28.0;14.0;34.0;;;1.0;5.0;2.0;15.0;;[ 7 42 86];[1 1 2];[False False False];"['Inglewood United Reserves' 'Inglewood United Reserves'
 'Inglewood United Reserves']";[0 1 2];[1 2 3];['D' 'H' 'H'];['H' 'H' 'H'];0.08;0.92;0.0;0.16;0.84;0.0;;;;;;;Youth
2026-05-09;194162584;South Korea K3 League;South Korea;02:00;Full;-0.20979020979020985;1.875;2.0, 2.5;1.925;2.0, 2.5;2.0;4.0;;0.0;3.0;3.0;185.0;82.0;100.0;Chuncheon FC;;0.0;2.0;3.3;0;0.0;0 - 1;3.3;Pocheon Citizen FC;;0.0;2.0;1.95;0;1.0;+0.5;2 - 4;0-3;2.25;1.0;43 - 39;23 - 19;19.0;23.0;42.0;58.0;1.0;2.0;0.0;0.0;;;;;;;;79.0;106.0;39.0;43.0;43.0;57.0;2.0;3.0;1.0;1.0;;[64];[2];[False];['Pocheon Citizen FC'];[0];[-1];['D'];['A'];0.71;0.0;0.29;1.0;0.0;0.0;;;;;;;
2026-05-09;194154243;Australia Capital Territory Premier League;Australia;02:00;Schedule;-0.707219494453537;1.975;3.5, 4.0;1.825;3.5, 4.0;0.0;0.0;;0.0;0.0;0.0;0.0;0.0;;Brindabella Blues FC;;0.0;0.0;9.0;0;0.0;0 - 0;6.0;Queanbeyan City;;0.0;0.0;1.222;0;0.0;+2.0;0 - 0;0-0;3.75;1.5;-;nan;;;;;;;;;;;;;;;;0.0;0.0;0.0;0.0;;;0.0;0.0;0.0;0.0;;[];[];[];[];[];[];[];[];1.0;0.0;0.0;1.0;0.0;0.0;;;;;;;
2026-05-09;194153498;Australia Western Australia U23 League;Australia;02:00;Schedule;-0.29332450988501946;1.85;3.0, 3.5;1.95;3.0, 3.5;0.0;0.0;;0.0;0.0;0.0;0.0;0.0;;Perth SC U23;;0.0;0.0;3.5;0;0.0;0 - 0;4.0;Fremantle City FC U23;;0.0;0.0;1.727;0;0.0;+0.75;0 - 0;0-0;3.25;1.25;-;nan;;;;;;;;;;;;;;;;0.0;0.0;0.0;0.0;;;0.0;0.0;0.0;0.0;;[];[];[];[];[];[];[];[];1.0;0.0;0.0;1.0;0.0;0.0;1237367.0;1237373.0;perth sc;fremantle city fc;;;Youth
2026-05-09;194162714;South Korea K4 League;South Korea;02:00;Full;0.45614035087719296;2.0;2.5, 3.0;1.8;2.5, 3.0;5.0;4.0;;2.0;2.0;4.0;151.0;100.0;100.0;Jecheon Citizen;;0.0;2.0;1.5;0;0.0;0 - 0;4.1;Haman;;0.0;2.0;4.75;0;0.0;-1.0;5 - 4;2-2;2.75;1.0;50 - 50;23 - 24;24.0;23.0;44.0;56.0;1.0;4.0;1.0;2.0;;;;;;;;92.0;59.0;50.0;50.0;50.0;50.0;7.0;12.0;2.0;3.0;;[];[];[];[];[];[];[];[];1.0;0.0;0.0;1.0;0.0;0.0;;;;;;;
2026-05-09;193202408;South Korea K League 2;South Korea;02:00;Full;-0.10971786833855796;1.95;2.5;1.85;2.5;4.0;8.0;;3.0;2.0;5.0;191.0;101.0;100.0;Chungnam Asan FC;11.0;0.0;0.0;2.9;1;3.0;3 - 0;3.2;Seoul E-Land FC;3.0;1.0;0.0;2.2;0;0.0;+0.25;4 - 8;3-2;2.5;1.0;39 - 62;21 - 26;26.0;21.0;50.0;50.0;4.0;2.0;2.0;1.0;;;;;;;;105.0;86.0;62.0;39.0;50.0;50.0;11.0;3.0;4.0;3.0;;[29 59 71];[1 2 2];[False False False];['Chungnam Asan FC' 'Chungnam Asan FC' 'Chungnam Asan FC'];[0 1 2];[1 2 3];['D' 'H' 'H'];['H' 'H' 'H'];0.32;0.68;0.0;0.64;0.36;0.0;676363.0;191070.0;chungnam asan fc;seoul e-land fc;1.72;1.8;
2026-05-09;194159679;Australia NPL Victoria Women;Australia;02:00;Full;-0.034782608695652195;1.8;3.0;2.0;3.0;4.0;4.0;;3.0;2.0;5.0;272.0;223.0;100.0;Alamein FC (W);;0.0;0.0;2.5;2;2.0;2 - 0;3.5;Melbourne Victory NPL (W);;0.0;1.0;2.3;0;0.0;0.0;4 - 4;3-2;3.0;1.25;80 - 143;41 - 66;66.0;41.0;65.0;35.0;7.0;0.0;1.0;3.0;;;;;;;;146.0;126.0;143.0;80.0;63.0;37.0;12.0;2.0;4.0;3.0;;[25 43];[1 1];[False False];['Alamein FC (W)' 'Alamein FC (W)'];[0 1];[1 2];['D' 'H'];['H' 'H'];0.28;0.72;0.0;0.56;0.44;0.0;;;;;;;Women
2026-05-09;194159690;Australia Victoria PL 1 U23;Australia;02:00;Full;0.30576237693637737;1.8;4.0;2.0;4.0;8.0;3.0;;2.0;0.0;2.0;119.0;96.0;;Brunswick City U23;;0.0;2.0;1.667;2;4.0;4 - 1;4.5;North Sunshine Eagles U23;;0.0;2.0;3.4;0;1.0;-0.75;8 - 3;2-0;4.0;1.75;54 - 42;27 - 22;22.0;27.0;;;2.0;2.0;1.0;3.0;;;;;;;;59.0;60.0;42.0;54.0;;;3.0;6.0;4.0;7.0;;[33 38 52 77 82];[1 1 2 2 2];[False False False False False];"['Brunswick City U23' 'Brunswick City U23' 'Brunswick City U23'
 'North Sunshine Eagles U23' 'Brunswick City U23']";[0 1 2 3 2];[1 2 3 2 3];['D' 'H' 'H' 'H' 'H'];['H' 'H' 'H' 'H' 'H'];0.37;0.63;0.0;0.73;0.27;0.0;;;;;;;Youth
2026-05-09;194159693;Australia Victoria Premier League 1;Australia;02:00;Full;-0.33579033579033585;1.825;3.0, 3.5;1.975;3.0, 3.5;1.0;10.0;;0.0;6.0;6.0;111.0;102.0;;Langwarrin;;0.0;0.0;3.7;1;1.0;1 - 4;4.333;Melbourne Knights;;0.0;1.0;1.65;2;4.0;+0.75;1 - 10;0-6;3.25;1.25;38 - 64;19 - 29;29.0;19.0;;;2.0;0.0;3.0;1.0;;;;;;;;60.0;51.0;64.0;38.0;;;5.0;0.0;7.0;1.0;;[16 24 33 56 79];[1 1 1 2 2];[False False False False False];"['Langwarrin' 'Melbourne Knights' 'Melbourne Knights' 'Melbourne Knights'
 'Melbourne Knights']";[ 0  1  0 -1 -2];[ 1  0 -1 -2 -3];['D' 'H' 'D' 'A' 'A'];['H' 'D' 'A' 'A' 'A'];0.28;0.09;0.63;0.56;0.18;0.27;;;;;;;
2026-05-09;194159699;Australia Victoria Premier League 2;Australia;02:00;Full;-0.0735930735930736;1.85;2.5, 3.0;1.95;2.5, 3.0;4.0;8.0;;2.0;4.0;6.0;193.0;87.0;;Nunawading;7.0;0.0;1.0;2.625;1;1.0;1 - 0;3.6;Box Hill United;4.0;0.0;2.0;2.2;0;0.0;+0.25;4 - 8;2-4;2.75;1.25;36 - 51;16 - 24;24.0;16.0;;;2.0;1.0;1.0;5.0;;;;;;;;104.0;89.0;51.0;36.0;;;5.0;2.0;4.0;7.0;;[4];[1];[False];['Nunawading'];[0];[1];['D'];['H'];0.04;0.96;0.0;0.09;0.91;0.0;;;;;;;
2026-05-09;194152666;Australia South Australia State League Reserves;Australia;02:15;Schedule;-0.20772946859903385;1.9;4.0;1.9;4.0;0.0;0.0;;0.0;0.0;0.0;0.0;0.0;;Adelaide Croatia Raiders Reserves;;0.0;0.0;2.875;0;0.0;0 - 0;4.75;Adelaide Blue Eagles Reserves;;0.0;0.0;1.8;0;0.0;+0.5;0 - 0;0-0;4.0;1.75;-;nan;;;;;;;;;;;;;;;;0.0;0.0;0.0;0.0;;;0.0;0.0;0.0;0.0;;[];[];[];[];[];[];[];[];1.0;0.0;0.0;1.0;0.0;0.0;;;;;;;Youth
2026-05-09;194153648;Australia SA Premier League Reserves;Australia;02:15;Full;-0.3489247761693583;1.9;3.5, 4.0;1.9;3.5, 4.0;2.0;11.0;;2.0;8.0;10.0;0.0;0.0;;Adelaide City Reserves;;0.0;2.0;3.7;0;2.0;2 - 4;4.333;Campbelltown City Reserves;;0.0;2.0;1.615;1;4.0;+0.75;2 - 11;2-8;3.75;1.5;-;-;0.0;0.0;;;0.0;0.0;1.0;0.0;;;;;;;;0.0;0.0;0.0;0.0;;;0.0;0.0;4.0;2.0;;[43 52 58 77 81 88];[1 2 2 2 2 2];[False False False False False False];"['Campbelltown City Reserves' 'Adelaide City Reserves'
 'Adelaide City Reserves' 'Campbelltown City Reserves'
 'Campbelltown City Reserves' 'Campbelltown City Reserves']";[ 0 -1  0  1  0 -1];[-1  0  1  0 -1 -2];['D' 'A' 'D' 'H' 'D' 'A'];['A' 'D' 'H' 'D' 'A' 'A'];0.59;0.21;0.2;0.96;0.0;0.04;;;;;;;Youth
2026-05-09;194152652;Australia South Australia State League 1;Australia;02:30;Full;0.7979675617470894;1.85;3.5, 4.0;1.95;3.5, 4.0;12.0;0.0;;8.0;0.0;8.0;0.0;0.0;100.0;Modbury Jets;;0.0;2.0;1.143;2;4.0;4 - 1;8.0;South Adelaide Panthers;;0.0;0.0;13.0;1;1.0;-2.75;12 - 0;8-0;3.75;1.5;-;-;0.0;0.0;41.0;59.0;0.0;0.0;1.0;2.0;;;;;;;;0.0;0.0;0.0;0.0;42.0;58.0;0.0;0.0;1.0;4.0;;[13 28 34 51 77];[1 1 1 2 2];[False False False False False];"['South Adelaide Panthers' 'Modbury Jets' 'Modbury Jets' 'Modbury Jets'
 'Modbury Jets']";[ 0 -1  0  1  2];[-1  0  1  2  3];['D' 'A' 'D' 'H' 'H'];['A' 'D' 'H' 'H' 'H'];0.21;0.62;0.17;0.42;0.24;0.33;;;;;;;
2026-05-09;194154254;Australia Capital Territory U23 League;Australia;02:30;Full;0.7551145977541917;1.925;3.5;1.875;3.5;4.0;5.0;;3.0;2.0;5.0;150.0;59.0;;Tigers FC U23;;0.0;3.0;1.182;1;1.0;1 - 2;6.0;Belconnen United U23;;0.0;1.0;11.0;1;2.0;-2.0;4 - 5;3-2;3.5;1.5;26 - 33;17 - 12;12.0;17.0;;;3.0;5.0;4.0;7.0;;;;;;;;64.0;86.0;33.0;26.0;;;5.0;7.0;13.0;9.0;;[19 27 63];[1 1 2];[False False False];['Tigers FC U23' 'Belconnen United U23' 'Belconnen United U23'];[0 1 0];[ 1  0 -1];['D' 'H' 'D'];['H' 'D' 'A'];0.61;0.09;0.3;0.82;0.18;0.0;;;;;;;Youth
2026-05-09;194156026;New Zealand Northern League;New Zealand;02:30;Half;0.756898029134533;1.95;4.0;1.85;4.0;1.0;3.0;;1.0;3.0;4.0;54.0;36.0;100.0;Western Springs AFC;;0.0;0.0;1.167;1;1.0;1 - 0;8.0;Manukau United;;0.0;2.0;10.0;0;0.0;-2.5 ( -1);1 - 3;1-3;4.0 ( 3);1.75;19 - 17;19 - 17;17.0;19.0;53.0;47.0;1.0;2.0;1.0;4.0;;;;;;;;31.0;23.0;17.0;19.0;53.0;47.0;1.0;2.0;1.0;4.0;;[13];[1];[False];['Western Springs AFC'];[0];[1];['D'];['H'];0.14;0.86;0.0;0.29;0.71;0.0;;;;;;;
2026-05-09;194152638;Australia South Australia Premier League;Australia;02:30;Full;-0.5901875468867217;1.825;4.0;1.975;4.0;3.0;4.0;;1.0;2.0;3.0;279.0;170.0;100.0;Para Hills Knights;;0.0;1.0;6.25;0;1.0;1 - 1;4.75;West Adelaide;;0.0;0.0;1.333;1;1.0;+1.75;3 - 4;1-2;4.0;1.75;78 - 92;40 - 47;47.0;40.0;52.0;48.0;5.0;2.0;1.0;1.0;;;;;;;;143.0;136.0;92.0;78.0;54.0;46.0;9.0;4.0;1.0;4.0;;[16 62];[1 2];[False False];['West Adelaide' 'Para Hills Knights'];[ 0 -1];[-1  0];['D' 'A'];['A' 'D'];0.49;0.0;0.51;0.36;0.0;0.64;90886.0;137694.0;para hills knights sc;west adelaide sc;1.53;1.53;
2026-05-09;194152658;Australia South Australia State League 1;Australia;02:30;Full;0.013729977116704872;1.9;3.0;1.9;3.0;6.0;1.0;;2.0;1.0;3.0;86.0;46.0;100.0;Salisbury United;;0.0;1.0;2.3;1;1.0;1 - 2;3.75;Adelaide Atletico;;0.0;1.0;2.375;0;2.0;0.0;6 - 1;2-1;3.0;1.25;27 - 19;8 - 6;6.0;8.0;51.0;49.0;3.0;1.0;0.0;2.0;;;;;;;;43.0;43.0;19.0;27.0;53.0;47.0;6.0;3.0;2.0;6.0;;[41 62 73];[1 2 2];[False False False];['Salisbury United' 'Adelaide Atletico' 'Adelaide Atletico'];[0 1 0];[ 1  0 -1];['D' 'H' 'D'];['H' 'D' 'A'];0.58;0.23;0.19;0.91;0.09;0.0;;;;;;;
2026-05-09;194153657;Australia SA Premier League Women Reserves;Australia;02:45;Full;0.6109383100051841;1.875;4.0;1.925;4.0;7.0;7.0;;3.0;3.0;6.0;129.0;171.0;;Flinders United Reserves (W);;0.0;0.0;1.286;0;1.0;1 - 3;7.0;Salisbury Inter Reserves (W);;0.0;2.0;6.0;1;3.0;-1.25;7 - 7;3-3;4.0;1.75;82 - 89;39 - 43;43.0;39.0;;;4.0;2.0;2.0;0.0;;;;;;;;73.0;56.0;89.0;82.0;;;5.0;4.0;6.0;6.0;;[ 9 59 75 82];[1 2 2 2];[False False False False];"['Salisbury Inter Reserves (W)' 'Salisbury Inter Reserves (W)'
 'Salisbury Inter Reserves (W)' 'Flinders United Reserves (W)']";[ 0 -1 -2 -3];[-1 -2 -3 -2];['D' 'A' 'A' 'A'];['A' 'A' 'A' 'A'];0.1;0.0;0.9;0.2;0.0;0.8;;;;;;;Youth-Women
2026-05-09;194153659;Australia SA Premier League Women;Australia;02:45;Full;0.018115942028985532;1.9;3.5;1.9;3.5;0.0;7.0;;0.0;6.0;6.0;260.0;155.0;100.0;Adelaide University (W);;0.0;0.0;2.3;0;0.0;0 - 3;3.75;West Torrens Birkalla (W);;0.0;2.0;2.4;2;3.0;0.0;0 - 7;0-6;3.5;1.5;61 - 94;19 - 56;56.0;19.0;63.0;37.0;3.0;2.0;9.0;2.0;;;;;;;;136.0;124.0;94.0;61.0;59.0;41.0;15.0;5.0;14.0;4.0;;[23 38 57];[1 1 2];[False False False];"['West Torrens Birkalla (W)' 'West Torrens Birkalla (W)'
 'West Torrens Birkalla (W)']";[ 0 -1 -2];[-1 -2 -3];['D' 'A' 'A'];['A' 'A' 'A'];0.26;0.0;0.74;0.51;0.0;0.49;;90890.0;;west torrens birkalla;;;Women
2026-05-09;194153332;Australia Queensland PL U23;Australia;02:45;Full;-0.3025210084033614;1.85;3.5;1.95;3.5;3.0;2.0;;1.0;1.0;2.0;226.0;98.0;;Broadbeach United U23;;0.0;0.0;3.5;0;0.0;0 - 2;4.2;Sunshine Coast Wanderers U23;;0.0;0.0;1.7;1;2.0;+0.75;3 - 2;1-1;3.5;1.5;56 - 42;26 - 19;19.0;26.0;;;0.0;2.0;1.0;0.0;;;;;;;;99.0;127.0;42.0;56.0;;;3.0;3.0;2.0;0.0;;[13 50];[1 2];[False False];['Sunshine Coast Wanderers U23' 'Sunshine Coast Wanderers U23'];[ 0 -1];[-1 -2];['D' 'A'];['A' 'A'];0.14;0.0;0.86;0.29;0.0;0.71;;;;;;;Youth
2026-05-09;194154294;Australia NPL Victoria U23;Australia;02:45;Full;0.5664711632453567;1.85;3.0, 3.5;1.95;3.0, 3.5;6.0;2.0;;2.0;2.0;4.0;227.0;137.0;;Caroline Springs George Cross U23;;0.0;2.0;1.364;0;0.0;0 - 1;4.75;Hume City U23;;1.0;2.0;6.0;0;1.0;-1.5;6 - 2;2-2;3.25;1.25;83 - 54;41 - 29;29.0;41.0;;;0.0;4.0;1.0;2.0;;;;;;;;95.0;132.0;54.0;83.0;;;1.0;8.0;3.0;5.0;;[67];[2];[False];['Hume City U23'];[0];[-1];['D'];['A'];0.74;0.0;0.26;1.0;0.0;0.0;610642.0;92927.0;caroline springs george cross fc;hume city;;;Youth
2026-05-09;194150827;Australia NPL Queensland Women;Australia;02:45;Full;0.6697545159796201;2.0;3.0, 3.5;1.8;3.0, 3.5;7.0;6.0;;5.0;2.0;7.0;181.0;99.0;;Lions FC (W);;0.0;1.0;1.27;1;3.0;3 - 1;4.75;Sunshine Coast Wanderers (W);;0.0;1.0;8.5;1;1.0;-1.5;7 - 6;5-2;3.25;1.25;61 - 38;36 - 15;15.0;36.0;;;1.0;6.0;3.0;4.0;;;;;;;;73.0;108.0;38.0;61.0;;;3.0;9.0;3.0;9.0;;[14 42 52 56];[1 1 2 2];[False False False False];"['Lions FC (W)' 'Sunshine Coast Wanderers (W)' 'Lions FC (W)'
 'Lions FC (W)']";[0 1 0 1];[1 0 1 2];['D' 'H' 'D' 'H'];['H' 'D' 'H' 'H'];0.27;0.73;0.0;0.38;0.62;0.0;47708.0;;lions fc;;;;Women
2026-05-09;194015530;Australia A-League;Australia;03:00;Full;0.1847745750184775;2.025;3.0;1.775;3.0;4.0;7.0;;2.0;1.0;3.0;186.0;78.0;100.0;Auckland FC;3.0;0.0;1.0;2.05;1;1.0;1 - 1;3.8;Adelaide United;2.0;0.0;2.0;3.3;0;1.0;-0.25;4 - 7;2-1;3.0;1.25;44 - 34;25 - 15;15.0;25.0;48.0;52.0;2.0;9.0;4.0;4.0;;;;;;;;75.0;111.0;34.0;44.0;51.0;49.0;7.0;12.0;5.0;5.0;;[24 64];[1 2];[False False];['Auckland FC' 'Adelaide United'];[0 1];[1 0];['D' 'H'];['H' 'D'];0.56;0.44;0.0;0.53;0.47;0.0;1156423.0;;auckland fc;;1.61;1.57;
2026-05-09;194347195;Taiwan League Division 2;Taiwan;03:00;Full;0.15567765567765574;1.95;3.0;1.85;3.0;7.0;3.0;;5.0;2.0;7.0;126.0;144.0;;AC Taipei Reserves;;0.0;0.0;1.95;4;5.0;5 - 0;4.0;Taichung Rock FC Reserves;;0.0;1.0;2.8;0;0.0;-0.25;7 - 3;5-2;3.0;1.25;73 - 71;35 - 39;39.0;35.0;;;4.0;4.0;3.0;7.0;;;;;;;;60.0;66.0;71.0;73.0;;;8.0;5.0;3.0;13.0;;[23 33 41 43 85];[1 1 1 1 2];[False False False False False];"['AC Taipei Reserves' 'AC Taipei Reserves' 'AC Taipei Reserves'
 'AC Taipei Reserves' 'AC Taipei Reserves']";[0 1 2 3 4];[1 2 3 4 5];['D' 'H' 'H' 'H' 'H'];['H' 'H' 'H' 'H' 'H'];0.26;0.74;0.0;0.51;0.49;0.0;;;;;;;Youth
2026-05-09;194152799;Australia SA Premier League Reserves;Australia;03:15;Full;0.24570546226597184;1.9;4.0;1.9;4.0;4.0;5.0;;1.0;3.0;4.0;251.0;147.0;;Adelaide Comets Reserves;;1.0;2.0;1.727;0;1.0;1 - 4;4.75;Sturt Lions Reserves;;0.0;0.0;3.0;0;4.0;-0.75;4 - 5;1-3;4.0;1.75;74 - 73;32 - 42;42.0;32.0;;;2.0;2.0;4.0;6.0;;;;;;;;122.0;129.0;73.0;74.0;;;4.0;7.0;10.0;10.0;;[62 73 84 86 91];[2 2 2 2 2];[False False False False  True];"['Adelaide Comets Reserves' 'Sturt Lions Reserves' 'Sturt Lions Reserves'
 'Sturt Lions Reserves' 'Sturt Lions Reserves']";[ 0  1  0 -1 -2];[ 1  0 -1 -2 -3];['D' 'H' 'D' 'A' 'A'];['H' 'D' 'A' 'A' 'A'];0.8;0.12;0.08;1.0;0.0;0.0;;;;;;;Youth
2026-05-09;194159733;Australia NPL Victoria Women;Australia;03:15;Full;-0.10582010582010581;1.9;3.5;1.9;3.5;4.0;8.0;;2.0;3.0;5.0;130.0;136.0;100.0;Heidelberg United (W);;0.0;0.0;2.7;0;1.0;1 - 1;3.75;Essendon Royals (W);;0.0;1.0;2.1;1;1.0;+0.25;4 - 8;2-3;3.5;1.5;57 - 79;26 - 31;31.0;26.0;54.0;46.0;1.0;0.0;7.0;1.0;;;;;;;;69.0;61.0;79.0;57.0;56.0;44.0;3.0;3.0;18.0;6.0;;[38 78];[1 2];[False False];['Essendon Royals (W)' 'Heidelberg United (W)'];[ 0 -1];[-1  0];['D' 'A'];['A' 'D'];0.56;0.0;0.44;0.84;0.0;0.16;;;;;;;Women
2026-05-09;194154806;Australia Victoria PL 1 U23;Australia;03:15;Full;0.8577667547312234;1.95;4.5;1.85;4.5;7.0;3.0;;5.0;1.0;6.0;111.0;128.0;;Bulleen Lions U23;;0.0;1.0;1.091;0;2.0;2 - 0;10.0;Melbourne Srbija U23;;0.0;2.0;17.0;0;0.0;-3.0;7 - 3;5-1;4.5;2.0;83 - 45;50 - 17;17.0;50.0;;;2.0;6.0;4.0;1.0;;;;;;;;54.0;57.0;45.0;83.0;;;6.0;10.0;5.0;6.0;;[53 61];[2 2];[False False];['Bulleen Lions U23' 'Bulleen Lions U23'];[0 1];[1 2];['D' 'H'];['H' 'H'];0.59;0.41;0.0;1.0;0.0;0.0;;;;;;;Youth
2026-05-09;194151661;Australia Northern NSW Premier League;Australia;03:30;Full;-0.29411764705882354;1.85;3.5;1.95;3.5;4.0;8.0;;3.0;5.0;8.0;213.0;153.0;100.0;Adamstown Rosebud;;0.0;2.0;3.4;0;2.0;2 - 2;4.333;Belmont Swansea United SC;;0.0;0.0;1.7;2;2.0;+0.75;4 - 8;3-5;3.5;1.5;75 - 78;32 - 41;41.0;32.0;45.0;55.0;4.0;3.0;3.0;1.0;;;;;;;;94.0;119.0;78.0;75.0;41.0;59.0;9.0;6.0;4.0;3.0;;[22 37 46 65];[1 1 2 2];[False False False False];"['Belmont Swansea United SC' 'Belmont Swansea United SC'
 'Adamstown Rosebud' 'Adamstown Rosebud']";[ 0 -1 -2 -1];[-1 -2 -1  0];['D' 'A' 'A' 'A'];['A' 'A' 'A' 'D'];0.52;0.0;0.48;0.49;0.0;0.51;;;;;;;
2026-05-09;194155794;Australia NSW League 1 U20;Australia;03:30;Full;-0.3221022462174231;1.825;3.5;1.975;3.5;2.0;10.0;;1.0;5.0;6.0;103.0;86.0;;Rydalmere Lions FC U20;;0.0;0.0;3.6;0;0.0;0 - 6;4.2;Hills United FC U20;;0.0;0.0;1.667;4;6.0;+0.75;2 - 10;1-5;3.5;1.5;21 - 65;13 - 34;34.0;13.0;;;9.0;5.0;8.0;1.0;;;;;;;;34.0;69.0;65.0;21.0;;;19.0;6.0;12.0;2.0;;[30 38 41 43 63 90];[1 1 1 1 2 2];[False False False False False False];"['Hills United FC U20' 'Hills United FC U20' 'Hills United FC U20'
 'Hills United FC U20' 'Hills United FC U20' 'Hills United FC U20']";[ 0 -1 -2 -3 -4 -5];[-1 -2 -3 -4 -5 -6];['D' 'A' 'A' 'A' 'A' 'A'];['A' 'A' 'A' 'A' 'A' 'A'];0.33;0.0;0.67;0.67;0.0;0.33;;;;;;;Youth
2026-05-09;194151630;Australia New South Wales League 1;Australia;03:30;Schedule;-0.26143790849673204;1.95;2.5, 3.0;1.85;2.5, 3.0;0.0;0.0;;0.0;0.0;0.0;0.0;0.0;;Macarthur Rams;;0.0;0.0;3.4;0;0.0;0 - 0;3.8;Northern Tigers;;0.0;0.0;1.8;0;0.0;+0.5;0 - 0;0-0;2.75;1.0;-;nan;;;;;;;;;;;;;;;;0.0;0.0;0.0;0.0;;;0.0;0.0;0.0;0.0;;[];[];[];[];[];[];[];[];1.0;0.0;0.0;1.0;0.0;0.0;;;;;;;
2026-05-09;194156131;OFC Pro League;International (Oceania);03:30;Full;0.5324675324675325;1.9;3.0, 3.5;1.9;3.0, 3.5;6.0;2.0;;1.0;1.0;2.0;170.0;83.0;100.0;South Melbourne;;0.0;4.0;1.4;4;4.0;4 - 2;4.5;South Island United;;0.0;1.0;5.5;1;2.0;-1.25;6 - 2;1-1;3.25;1.25;54 - 29;31 - 9;9.0;31.0;43.0;57.0;3.0;6.0;2.0;7.0;;;;;;;;79.0;91.0;29.0;54.0;47.0;53.0;9.0;11.0;5.0;8.0;;[17 22 26 34 47 80];[1 1 1 1 1 2];[False False False False  True False];"['South Island United' 'South Melbourne' 'South Melbourne'
 'South Melbourne' 'South Melbourne' 'South Island United']";[ 0 -1  0  1  2  3];[-1  0  1  2  3  2];['D' 'A' 'D' 'H' 'H' 'H'];['A' 'D' 'H' 'H' 'H' 'H'];0.23;0.71;0.06;0.45;0.45;0.11;2944.0;;south melbourne fc;;;;
2026-05-09;194151663;Australia Northern NSW Premier League;Australia;03:30;Full;0.21222040370976542;1.825;3.5;1.975;3.5;4.0;2.0;;0.0;2.0;2.0;241.0;105.0;100.0;Edgeworth Eagles;;0.0;1.0;1.833;3;3.0;3 - 1;4.1;Maitland FC;;0.0;3.0;3.0;0;1.0;-0.5;4 - 2;0-2;3.5;1.5;44 - 61;19 - 24;24.0;19.0;63.0;37.0;4.0;2.0;1.0;4.0;;;;;;;;130.0;111.0;61.0;44.0;62.0;38.0;6.0;5.0;4.0;6.0;;[ 2 12 48 85];[1 1 1 2];[False False  True False];['Edgeworth Eagles' 'Edgeworth Eagles' 'Edgeworth Eagles' 'Maitland FC'];[0 1 2 3];[1 2 3 2];['D' 'H' 'H' 'H'];['H' 'H' 'H' 'H'];0.02;0.98;0.0;0.04;0.96;0.0;;;;;;;
2026-05-09;194153104;Australia Tasmania Premier League;Australia;03:45;Full;-0.9089026915113871;1.9;5.0;1.9;5.0;0.0;8.0;;0.0;3.0;3.0;152.0;116.0;100.0;Launceston United;;0.0;1.0;23.0;1;1.0;1 - 7;15.0;Kingborough Lions;;0.0;2.0;1.05;4;7.0;+3.75;0 - 8;0-3;5.0;2.25;34 - 82;21 - 35;35.0;21.0;60.0;40.0;3.0;1.0;6.0;3.0;;;;;;;;83.0;69.0;82.0;34.0;61.0;39.0;5.0;1.0;15.0;4.0;;[ 2 10 13 32 41 56 71 81];[1 1 1 1 1 2 2 2];[False False False False False False False False];"['Kingborough Lions' 'Kingborough Lions' 'Kingborough Lions'
 'Launceston United' 'Kingborough Lions' 'Kingborough Lions'
 'Kingborough Lions' 'Kingborough Lions']";[ 0 -1 -2 -3 -2 -3 -4 -5];[-1 -2 -3 -2 -3 -4 -5 -6];['D' 'A' 'A' 'A' 'A' 'A' 'A' 'A'];['A' 'A' 'A' 'A' 'A' 'A' 'A' 'A'];0.02;0.0;0.98;0.04;0.0;0.96;;;;;;;
2026-05-09;194153199;Australia Tasmania Super League Women;Australia;03:45;Full;-0.48965517241379314;1.975;4.0, 4.5;1.825;4.0, 4.5;2.0;9.0;;0.0;6.0;6.0;180.0;116.0;;Launceston City (W);;0.0;1.0;5.0;0;0.0;0 - 5;4.5;Glenorchy Knights (W);;0.0;0.0;1.45;3;5.0;+1.25;2 - 9;0-6;4.25;1.75;22 - 94;6 - 59;59.0;6.0;;;8.0;0.0;6.0;1.0;;;;;;;;112.0;68.0;94.0;22.0;;;13.0;1.0;10.0;1.0;;[ 9 26 33 65 85];[1 1 1 2 2];[False False False False False];"['Glenorchy Knights (W)' 'Glenorchy Knights (W)' 'Glenorchy Knights (W)'
 'Glenorchy Knights (W)' 'Glenorchy Knights (W)']";[ 0 -1 -2 -3 -4];[-1 -2 -3 -4 -5];['D' 'A' 'A' 'A' 'A'];['A' 'A' 'A' 'A' 'A'];0.1;0.0;0.9;0.2;0.0;0.8;;;;;;;Women
2026-05-09;194152619;Australia South Australia Premier League;Australia;03:45;Full;-0.20373514431239387;1.8;3.0, 3.5;2.0;3.0, 3.5;5.0;7.0;;2.0;3.0;5.0;179.0;156.0;100.0;Adelaide United NPL;;0.0;1.0;3.1;1;1.0;1 - 6;3.8;Metrostars;;0.0;1.0;1.9;4;6.0;+0.5;5 - 7;2-3;3.25;1.5;59 - 97;25 - 56;56.0;25.0;58.0;42.0;1.0;3.0;5.0;1.0;;;;;;;;106.0;73.0;97.0;59.0;51.0;49.0;3.0;5.0;10.0;2.0;;[15 19 26 37 42 86 94];[1 1 1 1 1 2 2];[False False False False False False  True];"['Adelaide United NPL' 'Metrostars' 'Metrostars' 'Metrostars' 'Metrostars'
 'Metrostars' 'Metrostars']";[ 0  1  0 -1 -2 -3 -4];[ 1  0 -1 -2 -3 -4 -5];['D' 'H' 'D' 'A' 'A' 'A' 'A'];['H' 'D' 'A' 'A' 'A' 'A' 'A'];0.23;0.04;0.72;0.49;0.09;0.42;240776.0;90884.0;adelaide united fc;north eastern metrostars sc;1.36;1.36;
2026-05-09;194162642;South Korea K3 League;South Korea;04:00;Full;-0.17530487804878053;2.025;2.0, 2.5;1.775;2.0, 2.5;7.0;7.0;;6.0;0.0;6.0;189.0;110.0;100.0;Yangpyeong FC;;0.0;1.0;3.2;1;1.0;1 - 0;3.2;Changwon City;;0.0;2.0;2.05;0;0.0;+0.25;7 - 7;6-0;2.25;0.75;52 - 58;33 - 13;13.0;33.0;37.0;63.0;0.0;6.0;2.0;6.0;;;;;;;;105.0;84.0;58.0;52.0;52.0;48.0;6.0;9.0;2.0;9.0;;[40];[1];[False];['Yangpyeong FC'];[0];[1];['D'];['H'];0.44;0.56;0.0;0.89;0.11;0.0;;;;;;;
2026-05-09;194153541;Australia Western Australia State League 1;Australia;04:00;Full;-0.0444444444444444;1.875;3.0;1.925;3.0;7.0;3.0;;3.0;0.0;3.0;130.0;94.0;;Inglewood United;10.0;0.0;4.0;2.5;2;2.0;2 - 1;3.75;Mandurah City;8.0;0.0;5.0;2.25;0;1.0;0.0;7 - 3;3-0;3.0;1.25;49 - 45;30 - 7;7.0;30.0;;;0.0;3.0;0.0;2.0;;;;;;;;58.0;72.0;45.0;49.0;;;2.0;8.0;1.0;2.0;;[31 40 58];[1 1 2];[False False False];['Inglewood United' 'Inglewood United' 'Mandurah City'];[0 1 2];[1 2 1];['D' 'H' 'H'];['H' 'H' 'H'];0.34;0.66;0.0;0.69;0.31;0.0;;;;;;;
2026-05-09;194151649;Australia New South Wales League 2;Australia;04:00;Full;0.0;1.95;3.0, 3.5;1.85;3.0, 3.5;1.0;1.0;;1.0;1.0;2.0;127.0;114.0;;Bankstown United FC;;0.0;4.0;2.35;1;1.0;1 - 0;3.75;Dunbar Rovers FC;;0.0;2.0;2.35;0;0.0;0.0;1 - 1;1-1;3.25;1.25;67 - 47;31 - 24;24.0;31.0;;;2.0;2.0;2.0;3.0;;;;;;;;56.0;71.0;47.0;67.0;;;3.0;4.0;4.0;4.0;;[39];[1];[False];['Bankstown United FC'];[0];[1];['D'];['H'];0.43;0.57;0.0;0.87;0.13;0.0;;;;;;;
2026-05-09;194153545;Australia Western Australia State League 1;Australia;04:00;Schedule;0.16666666666666669;1.825;3.0;1.975;3.0;0.0;0.0;;0.0;0.0;0.0;0.0;0.0;;Joondalup City;5.0;0.0;0.0;2.0;0;0.0;0 - 0;3.7;Kingsley Westside;3.0;0.0;0.0;3.0;0;0.0;-0.25;0 - 0;0-0;3.0;1.25;-;nan;;;;;;;;;;;;;;;;0.0;0.0;0.0;0.0;;;0.0;0.0;0.0;0.0;;[];[];[];[];[];[];[];[];1.0;0.0;0.0;1.0;0.0;0.0;;;;;;;
2026-05-09;194153320;Australia Western Australia Premier League;Australia;04:00;Full;0.17948717948717957;1.85;3.5;1.95;3.5;1.0;2.0;;0.0;2.0;2.0;169.0;161.0;100.0;Stirling Macedonia;;0.0;2.0;1.95;1;3.0;3 - 4;3.8;Dianella White Eagles;;0.0;4.0;3.0;2;4.0;-0.5;1 - 2;0-2;3.5;1.5;77 - 84;32 - 47;47.0;32.0;53.0;47.0;2.0;0.0;2.0;1.0;;;;;;;;83.0;86.0;84.0;77.0;47.0;53.0;4.0;1.0;8.0;3.0;;[19 23 34 46 50 66 80];[1 1 1 2 2 2 2];[False False False False False False False];"['Dianella White Eagles' 'Dianella White Eagles' 'Stirling Macedonia'
 'Stirling Macedonia' 'Stirling Macedonia' 'Dianella White Eagles'
 'Dianella White Eagles']";[ 0 -1 -2 -1  0  1  0];[-1 -2 -1  0  1  0 -1];['D' 'A' 'A' 'A' 'D' 'H' 'D'];['A' 'A' 'A' 'D' 'H' 'D' 'A'];0.41;0.18;0.41;0.42;0.0;0.58;92034.0;254835.0;stirling macedonia fc;dianella white eagles sc;;;
2026-05-09;194151654;Australia New South Wales League 2;Australia;04:00;Full;-0.08050089445438285;1.95;3.0, 3.5;1.85;3.0, 3.5;2.0;5.0;;1.0;4.0;5.0;55.0;76.0;;Inner West Hawks;;0.0;1.0;2.6;1;2.0;2 - 4;3.75;Bonnyrigg White Eagles;;0.0;2.0;2.15;1;4.0;+0.25;2 - 5;1-4;3.25;1.25;35 - 41;16 - 16;16.0;16.0;;;2.0;1.0;5.0;2.0;;;;;;;;28.0;27.0;41.0;35.0;;;4.0;4.0;12.0;4.0;;[ 2 28 49 55 68 79];[1 1 2 2 2 2];[False False False False False False];"['Inner West Hawks' 'Bonnyrigg White Eagles' 'Bonnyrigg White Eagles'
 'Bonnyrigg White Eagles' 'Bonnyrigg White Eagles' 'Inner West Hawks']";[ 0  1  0 -1 -2 -3];[ 1  0 -1 -2 -3 -2];['D' 'H' 'D' 'A' 'A' 'A'];['H' 'D' 'A' 'A' 'A' 'A'];0.26;0.29;0.46;0.42;0.58;0.0;;;;;;;
2026-05-09;194153530;Australia Western Australia State League 1;Australia;04:00;Full;-0.4819944598337951;1.975;3.5;1.825;3.5;3.0;6.0;;2.0;3.0;5.0;143.0;106.0;;Curtin University SC;11.0;0.0;1.0;4.75;0;0.0;0 - 3;4.75;UWA-Nedlands FC;2.0;0.0;1.0;1.444;2;3.0;+1.25;3 - 6;2-3;3.5;1.5;32 - 74;13 - 34;34.0;13.0;;;1.0;0.0;5.0;0.0;;;;;;;;91.0;52.0;74.0;32.0;;;5.0;0.0;13.0;1.0;;[ 6 19 81];[1 1 2];[False False False];['UWA-Nedlands FC' 'UWA-Nedlands FC' 'UWA-Nedlands FC'];[ 0 -1 -2];[-1 -2 -3];['D' 'A' 'A'];['A' 'A' 'A'];0.07;0.0;0.93;0.13;0.0;0.87;;;;;;;
2026-05-09;194153535;Australia Western Australia State League 1;Australia;04:00;Full;0.2012538231467243;1.9;3.0, 3.5;1.9;3.0, 3.5;3.0;7.0;;1.0;3.0;4.0;120.0;89.0;;Gwelup Croatia SC;4.0;1.0;0.0;1.909;1;2.0;2 - 2;3.6;Murdoch University Melville FC;7.0;0.0;2.0;3.1;2;2.0;-0.5;3 - 7;1-3;3.25;1.25;43 - 46;17 - 28;28.0;17.0;;;3.0;3.0;8.0;2.0;;;;;;;;63.0;57.0;46.0;43.0;;;7.0;6.0;10.0;11.0;;[11 14 18 86];[1 1 1 2];[False False False False];"['Gwelup Croatia SC' 'Murdoch University Melville FC'
 'Murdoch University Melville FC' 'Gwelup Croatia SC']";[ 0  1  0 -1];[ 1  0 -1  0];['D' 'H' 'D' 'A'];['H' 'D' 'A' 'D'];0.21;0.03;0.76;0.33;0.07;0.6;;;;;;;
2026-05-09;194152375;Australia Queensland Premier League Women;Australia;04:00;Full;0.504225352112676;1.9;3.5, 4.0;1.9;3.5, 4.0;6.0;3.0;;1.0;2.0;3.0;180.0;114.0;100.0;Palm Beach SC (W);;0.0;0.0;1.42;1;2.0;2 - 3;4.75;Peninsula Power (W);;0.0;0.0;5.0;2;3.0;-1.25;6 - 3;1-2;3.75;1.5;62 - 52;28 - 30;30.0;28.0;53.0;47.0;1.0;2.0;5.0;3.0;;;;;;;;86.0;94.0;52.0;62.0;48.0;52.0;2.0;3.0;7.0;6.0;;[14 31 34 55 83];[1 1 1 2 2];[False False False False False];"['Palm Beach SC (W)' 'Peninsula Power (W)' 'Peninsula Power (W)'
 'Peninsula Power (W)' 'Palm Beach SC (W)']";[ 0  1  0 -1 -2];[ 1  0 -1 -2 -1];['D' 'H' 'D' 'A' 'A'];['H' 'D' 'A' 'A' 'A'];0.19;0.19;0.62;0.38;0.38;0.24;;91144.0;;peninsula power fc;;;Women
2026-05-09;194151614;Australia New South Wales League 1;Australia;04:00;Full;0.0;1.825;2.5, 3.0;1.975;2.5, 3.0;2.0;6.0;;1.0;2.0;3.0;145.0;137.0;;Inter Lions;;0.0;0.0;2.4;0;2.0;2 - 0;3.6;Dulwich Hill;;0.0;1.0;2.4;0;0.0;0.0;2 - 6;1-2;2.75;1.25;50 - 87;30 - 37;37.0;30.0;;;0.0;0.0;2.0;1.0;;;;;;;;82.0;63.0;87.0;50.0;;;6.0;0.0;6.0;3.0;;[72 88];[2 2];[False False];['Inter Lions' 'Inter Lions'];[0 1];[1 2];['D' 'H'];['H' 'H'];0.8;0.2;0.0;1.0;0.0;0.0;;;;;;;
2026-05-09;194153526;Australia Western Australia State League 1;Australia;04:00;Full;-0.23786142935079102;1.975;3.0;1.825;3.0;3.0;10.0;;1.0;6.0;7.0;168.0;132.0;;Cockburn City;9.0;1.0;0.0;3.25;0;0.0;0 - 2;3.8;Quinns FC;6.0;0.0;3.0;1.833;2;2.0;+0.5;3 - 10;1-6;3.0;1.25;45 - 87;23 - 38;38.0;23.0;;;2.0;0.0;5.0;0.0;;;;;;;;103.0;65.0;87.0;45.0;;;4.0;0.0;6.0;1.0;;[ 4 30];[1 1];[False False];['Quinns FC' 'Quinns FC'];[ 0 -1];[-1 -2];['D' 'A'];['A' 'A'];0.04;0.0;0.96;0.09;0.0;0.91;;;;;;;
2026-05-09;194266499;Mongolia Premier League;Mongolia;04:00;Full;-0.9307682066302756;1.9;4.5, 5.0;1.9;4.5, 5.0;0.0;15.0;;0.0;3.0;3.0;211.0;136.0;100.0;Khovd Western;;0.0;2.0;29.0;1;1.0;1 - 1;19.0;Central Stallions;;1.0;3.0;1.036;0;1.0;+4.0;0 - 15;0-3;4.75;2.0;53 - 83;33 - 45;45.0;33.0;67.0;33.0;5.0;3.0;6.0;2.0;;;;;;;;117.0;94.0;83.0;53.0;72.0;28.0;14.0;4.0;14.0;4.0;;[34 48];[1 2];[False False];['Khovd Western' 'Central Stallions'];[0 1];[1 0];['D' 'H'];['H' 'D'];0.84;0.16;0.0;0.76;0.24;0.0;;;;;;;
2026-05-09;194153318;Australia Western Australia Premier League;Australia;04:00;Full;-0.13066202090592338;1.975;3.5;1.825;3.5;5.0;4.0;;1.0;2.0;3.0;275.0;177.0;100.0;Perth Glory NPL;;0.0;3.0;2.8;2;3.0;3 - 1;3.7;Western Knights;;0.0;0.0;2.05;1;1.0;+0.25;5 - 4;1-2;3.5;1.5;74 - 103;31 - 44;44.0;31.0;54.0;46.0;4.0;0.0;2.0;5.0;;;;;;;;147.0;128.0;103.0;74.0;55.0;45.0;12.0;5.0;6.0;7.0;;[21 32 45 47];[1 1 1 2];[False False False False];['Perth Glory NPL' 'Perth Glory NPL' 'Western Knights' 'Perth Glory NPL'];[0 1 2 1];[1 2 1 2];['D' 'H' 'H' 'H'];['H' 'H' 'H' 'H'];0.23;0.77;0.0;0.47;0.53;0.0;;1237383.0;;western knights sc;;;
2026-05-09;194156370;China Division 2;China;04:00;Full;0.059523809523809534;1.925;2.0;1.875;2.0;5.0;5.0;;4.0;4.0;8.0;90.0;95.0;100.0;Dalian Kewei;;0.0;4.0;2.4;2;2.0;2 - 1;2.875;Shandong Taishan Reserves;;0.0;1.0;2.8;0;1.0;0.0;5 - 5;4-4;2.0;0.75;41 - 54;21 - 38;38.0;21.0;69.0;31.0;3.0;4.0;2.0;5.0;;;;;;;;51.0;39.0;54.0;41.0;63.0;37.0;4.0;9.0;4.0;5.0;;[ 4 36 94];[1 1 2];[False False  True];['Dalian Kewei' 'Dalian Kewei' 'Shandong Taishan Reserves'];[0 1 2];[1 2 1];['D' 'H' 'H'];['H' 'H' 'H'];0.04;0.96;0.0;0.09;0.91;0.0;;;;;;;Youth
2026-05-09;193328519;Japan J-League;Japan;04:00;Full;0.25604551920341395;1.975;2.5, 3.0;1.825;2.5, 3.0;8.0;3.0;;1.0;2.0;3.0;177.0;111.0;100.0;Cerezo Osaka;;0.0;1.0;1.9;1;3.0;3 - 2;3.7;V-Varen Nagasaki;;0.0;2.0;3.7;1;2.0;-0.5;8 - 3;1-2;2.75;1.0;68 - 43;23 - 23;23.0;23.0;48.0;52.0;1.0;6.0;2.0;3.0;;;;;;;;69.0;108.0;43.0;68.0;36.0;64.0;4.0;13.0;4.0;8.0;;[25 28 63 72 94];[1 1 2 2 2];[False False False False  True];"['V-Varen Nagasaki' 'Cerezo Osaka' 'Cerezo Osaka' 'V-Varen Nagasaki'
 'Cerezo Osaka']";[ 0 -1  0  1  0];[-1  0  1  0  1];['D' 'A' 'D' 'H' 'D'];['A' 'D' 'H' 'D' 'H'];0.87;0.1;0.03;0.93;0.0;0.07;3141.0;38154.0;cerezo osaka;v-varen nagasaki;;;
2026-05-09;194153316;Australia Western Australia Premier League;Australia;04:00;Full;0.27731092436974786;1.85;3.5;1.95;3.5;5.0;5.0;;3.0;2.0;5.0;130.0;91.0;100.0;Armadale;;0.0;2.0;1.75;2;5.0;5 - 0;4.0;Balcatta;;1.0;3.0;3.4;0;0.0;-0.5;5 - 5;3-2;3.5;1.5;47 - 44;23 - 19;19.0;23.0;45.0;55.0;0.0;1.0;0.0;2.0;;;;;;;;59.0;71.0;44.0;47.0;46.0;54.0;2.0;1.0;0.0;5.0;;[12 28 48 63 73];[1 1 2 2 2];[False False False False False];['Armadale' 'Armadale' 'Armadale' 'Armadale' 'Armadale'];[0 1 2 3 4];[1 2 3 4 5];['D' 'H' 'H' 'H' 'H'];['H' 'H' 'H' 'H' 'H'];0.13;0.87;0.0;0.27;0.73;0.0;1237379.0;42505.0;armadale sc;balcatta;;;
2026-05-09;194155798;Australia New South Wales U20 League;Australia;04:00;Full;0.06238859180035644;2.0;3.5;1.8;3.5;6.0;4.0;;3.0;2.0;5.0;221.0;136.0;;St George City FA U20;;0.0;1.0;2.2;1;1.0;1 - 2;3.7;Sutherland Sharks U20;;0.0;1.0;2.55;2;2.0;-0.25;6 - 4;3-2;3.5;1.5;81 - 55;34 - 27;27.0;34.0;;;4.0;6.0;4.0;3.0;;;;;;;;97.0;124.0;55.0;81.0;;;7.0;15.0;9.0;4.0;;[ 4 18 29];[1 1 1];[False False False];['St George City FA U20' 'Sutherland Sharks U20' 'Sutherland Sharks U20'];[0 1 0];[ 1  0 -1];['D' 'H' 'D'];['H' 'D' 'A'];0.17;0.16;0.68;0.33;0.31;0.36;323705.0;364626.0;st george city fa;sutherland sharks fc;1.72;1.72;Youth
2026-05-09;194155796;Australia New South Wales U20 League;Australia;04:00;Full;0.7457869180234218;1.825;3.5, 4.0;1.975;3.5, 4.0;5.0;0.0;;2.0;0.0;2.0;210.0;137.0;;Marconi Stallions U20;;0.0;3.0;1.167;1;2.0;2 - 1;7.0;Sydney Olympic U20;;0.0;1.0;9.0;0;1.0;-2.25;5 - 0;2-0;3.75;1.5;102 - 35;58 - 19;19.0;58.0;;;0.0;6.0;1.0;8.0;;;;;;;;78.0;132.0;35.0;102.0;;;1.0;12.0;4.0;15.0;;[44 60 90];[1 2 2];[False False False];['Marconi Stallions U20' 'Marconi Stallions U20' 'Sydney Olympic U20'];[0 1 2];[1 2 1];['D' 'H' 'H'];['H' 'H' 'H'];0.49;0.51;0.0;0.98;0.02;0.0;264413.0;2938.0;marconi stallions fc;sydney olympic fc;2.0;2.0;Youth
2026-05-09;194252706;China Super League Women;China;04:00;Full;0.24605669053023682;1.925;2.0, 2.5;1.875;2.0, 2.5;3.0;8.0;;2.0;2.0;4.0;146.0;64.0;100.0;Changchun Dazhong (W);;0.0;1.0;1.909;0;1.0;1 - 0;3.2;Guangxi Pingguo (W);;0.0;0.0;3.6;0;0.0;-0.5;3 - 8;2-2;2.25;1.0;23 - 41;15 - 14;14.0;15.0;59.0;41.0;1.0;1.0;0.0;3.0;;;;;;;;87.0;59.0;41.0;23.0;60.0;40.0;2.0;1.0;0.0;6.0;;[60];[2];[False];['Changchun Dazhong (W)'];[0];[1];['D'];['H'];0.67;0.33;0.0;1.0;0.0;0.0;;;;;;;Women
2026-05-09;194151645;Australia New South Wales League 1;Australia;04:00;Full;0.2849211485404816;1.9;3.5;1.9;3.5;3.0;6.0;;0.0;3.0;3.0;137.0;108.0;;Newcastle Jets NPL;;0.0;0.0;1.727;2;3.0;3 - 5;4.333;Hakoah Sydney City East;;0.0;3.0;3.4;3;5.0;-0.75;3 - 6;0-3;3.5;1.25;42 - 66;19 - 37;37.0;19.0;;;3.0;1.0;7.0;3.0;;;;;;;;65.0;72.0;66.0;42.0;;;8.0;4.0;11.0;6.0;;[ 1  4 11 21 40 53 68 76];[1 1 1 1 1 2 2 2];[False False False False False False False False];"['Newcastle Jets NPL' 'Newcastle Jets NPL' 'Hakoah Sydney City East'
 'Hakoah Sydney City East' 'Hakoah Sydney City East' 'Newcastle Jets NPL'
 'Hakoah Sydney City East' 'Hakoah Sydney City East']";[ 0  1  2  1  0 -1  0 -1];[ 1  2  1  0 -1  0 -1 -2];['D' 'H' 'H' 'H' 'D' 'A' 'D' 'A'];['H' 'H' 'H' 'D' 'A' 'D' 'A' 'A'];0.39;0.22;0.39;0.44;0.44;0.11;;;;;;;
2026-05-09;194155113;Hong Kong Premier League;Hong Kong;04:00;Full;0.15447154471544722;1.875;2.5, 3.0;1.925;2.5, 3.0;15.0;3.0;;9.0;2.0;11.0;111.0;144.0;100.0;Southern District;;0.0;0.0;2.05;0;2.0;2 - 2;3.5;Eastern District;;0.0;5.0;3.0;2;2.0;-0.25;15 - 3;9-2;2.75;1.25;97 - 47;42 - 24;24.0;42.0;33.0;67.0;3.0;5.0;2.0;0.0;;;;;;;;47.0;64.0;47.0;97.0;30.0;70.0;5.0;13.0;3.0;3.0;;[38 42 90 92];[1 1 2 2];[False False False  True];"['Eastern District' 'Eastern District' 'Southern District'
 'Southern District']";[ 0 -1 -2 -1];[-1 -2 -1  0];['D' 'A' 'A' 'A'];['A' 'A' 'A' 'D'];0.41;0.0;0.59;0.84;0.0;0.16;;;;;;;
2026-05-09;194151424;Australia Queensland Premier League;Australia;04:00;Full;-0.20720720720720714;1.9;3.5, 4.0;1.9;3.5, 4.0;1.0;5.0;;0.0;4.0;4.0;263.0;190.0;100.0;Holland Park Hawks;6.0;1.0;1.0;3.0;1;3.0;3 - 5;4.0;Caboolture FC;4.0;1.0;4.0;1.85;2;5.0;+0.25;1 - 5;0-4;3.75;1.5;87 - 103;32 - 60;60.0;32.0;52.0;48.0;6.0;0.0;4.0;2.0;;;;;;;;127.0;136.0;103.0;87.0;49.0;51.0;8.0;4.0;8.0;4.0;;[11 19 31 55 63 66 82 94];[1 1 1 2 2 2 2 2];[False False False False False False False  True];"['Caboolture FC' 'Holland Park Hawks' 'Caboolture FC' 'Caboolture FC'
 'Caboolture FC' 'Holland Park Hawks' 'Holland Park Hawks' 'Caboolture FC']";[ 0 -1  0 -1 -2 -3 -2 -1];[-1  0 -1 -2 -3 -2 -1 -2];['D' 'A' 'D' 'A' 'A' 'A' 'A' 'A'];['A' 'D' 'A' 'A' 'A' 'A' 'A' 'A'];0.24;0.0;0.76;0.51;0.0;0.49;;;;;;;
2026-05-09;194151658;Australia New South Wales League 2;Australia;04:00;Full;0.11743450767841018;1.85;3.0, 3.5;1.95;3.0, 3.5;6.0;5.0;;4.0;1.0;5.0;105.0;117.0;;Parramatta FC;;0.0;1.0;2.05;0;0.0;0 - 0;3.9;Fraser Park;;0.0;1.0;2.7;0;0.0;-0.25;6 - 5;4-1;3.25;1.25;67 - 50;40 - 8;8.0;40.0;;;0.0;2.0;0.0;2.0;;;;;;;;49.0;56.0;50.0;67.0;;;0.0;2.0;0.0;2.0;;[];[];[];[];[];[];[];[];1.0;0.0;0.0;1.0;0.0;0.0;;;;;;;
2026-05-09;194151383;Australia New South Wales Premier League;Australia;04:00;Full;-0.016666666666666663;1.95;3.0;1.85;3.0;1.0;6.0;;0.0;3.0;3.0;89.0;92.0;100.0;SD Raiders;;0.0;3.0;2.5;0;0.0;0 - 0;3.4;NWS Spirit FC;;0.0;4.0;2.4;0;0.0;0.0;1 - 6;0-3;3.0;1.25;38 - 54;16 - 32;32.0;16.0;54.0;46.0;4.0;0.0;2.0;3.0;;;;;;;;45.0;44.0;54.0;38.0;51.0;49.0;8.0;2.0;4.0;3.0;;[];[];[];[];[];[];[];[];1.0;0.0;0.0;1.0;0.0;0.0;316737.0;2943.0;sd raiders fc;nws spirit;;;
2026-05-09;194151608;Australia New South Wales League 1;Australia;04:00;Full;0.09474590869939709;2.0;3.0;1.8;3.0;4.0;7.0;;2.0;4.0;6.0;141.0;88.0;;Canterbury Bankstown FC;;1.0;0.0;2.15;1;1.0;1 - 3;3.6;Bulls FC Academy;;0.0;1.0;2.7;1;3.0;0.0;4 - 7;2-4;3.0;1.25;42 - 46;24 - 19;19.0;24.0;;;1.0;5.0;4.0;8.0;;;;;;;;73.0;68.0;46.0;42.0;;;4.0;6.0;14.0;9.0;;[29 39 67 85];[1 1 2 2];[False False False False];"['Canterbury Bankstown FC' 'Bulls FC Academy' 'Bulls FC Academy'
 'Bulls FC Academy']";[ 0  1  0 -1];[ 1  0 -1 -2];['D' 'H' 'D' 'A'];['H' 'D' 'A' 'A'];0.63;0.11;0.26;0.78;0.22;0.0;;;;;;;
2026-05-09;194153039;Australia NPL Queensland U23;Australia;04:15;Full;0.2849211485404816;1.975;3.5, 4.0;1.825;3.5, 4.0;4.0;3.0;;3.0;1.0;4.0;281.0;176.0;;Lions FC U23;;0.0;1.0;1.727;1;2.0;2 - 1;4.2;Moreton City Excelsior U23;;0.0;2.0;3.4;0;1.0;-0.75;4 - 3;3-1;3.75;1.5;75 - 101;34 - 37;37.0;34.0;;;5.0;2.0;2.0;2.0;;;;;;;;153.0;128.0;101.0;75.0;;;11.0;4.0;6.0;3.0;;[14 60 69];[1 2 2];[False False False];['Lions FC U23' 'Moreton City Excelsior U23' 'Lions FC U23'];[0 1 0];[1 0 1];['D' 'H' 'D'];['H' 'D' 'H'];0.26;0.74;0.0;0.31;0.69;0.0;47708.0;1098129.0;lions fc;moreton city excelsior fc;;;Youth
2026-05-09;194151380;Australia New South Wales Premier League;Australia;04:15;Full;0.23284823284823275;1.85;2.5, 3.0;1.95;2.5, 3.0;7.0;8.0;;4.0;4.0;8.0;204.0;101.0;100.0;Apia L Tigers;;0.0;3.0;1.85;2;2.0;2 - 1;3.7;Sydney United 58;;0.0;3.0;3.25;1;1.0;-0.25;7 - 8;4-4;2.75;1.25;48 - 53;29 - 25;25.0;29.0;50.0;50.0;3.0;5.0;3.0;3.0;;;;;;;;111.0;93.0;53.0;48.0;50.0;50.0;3.0;9.0;5.0;5.0;;[11 15 25];[1 1 1];[False False False];['Apia L Tigers' 'Sydney United 58' 'Apia L Tigers'];[0 1 0];[1 0 1];['D' 'H' 'D'];['H' 'D' 'H'];0.23;0.77;0.0;0.47;0.53;0.0;92202.0;2939.0;apia leichhardt;sydney united 58 fc;1.53;1.53;
2026-05-09;194183666;Australia South Australia Premier League;Australia;04:30;Full;0.018115942028985532;1.95;3.5;1.85;3.5;8.0;3.0;;0.0;1.0;1.0;200.0;109.0;100.0;Croydon FC;;0.0;0.0;2.3;0;0.0;0 - 2;3.7;White City FK Beograd;;0.0;1.0;2.4;2;2.0;0.0;8 - 3;0-1;3.5;1.5;61 - 48;18 - 18;18.0;18.0;51.0;49.0;1.0;2.0;3.0;0.0;;;;;;;;102.0;98.0;48.0;61.0;49.0;51.0;2.0;6.0;3.0;2.0;;[25 27];[1 1];[False False];['White City FK Beograd' 'White City FK Beograd'];[ 0 -1];[-1 -2];['D' 'A'];['A' 'A'];0.28;0.0;0.72;0.56;0.0;0.44;90878.0;90894.0;croydon fc;fk beograd;;;
2026-05-09;194165985;China Division 2;China;04:30;Full;0.14204545454545453;1.875;2.0;1.925;2.0;2.0;1.0;;1.0;1.0;2.0;186.0;114.0;100.0;Tai'an Tiankuang;;0.0;1.0;2.2;1;2.0;2 - 1;2.875;Nantong Haimen Codion;;0.0;0.0;3.2;0;1.0;-0.25;2 - 1;1-1;2.0;0.75;59 - 55;25 - 27;27.0;25.0;50.0;50.0;1.0;1.0;0.0;2.0;;;;;;;;95.0;91.0;55.0;59.0;50.0;50.0;4.0;5.0;2.0;5.0;;[25 50 92];[1 2 2];[False False  True];"[""Tai'an Tiankuang"" 'Nantong Haimen Codion' ""Tai'an Tiankuang""]";[0 1 0];[1 0 1];['D' 'H' 'D'];['H' 'D' 'H'];0.73;0.27;0.0;0.56;0.44;0.0;;;;;;;
2026-05-09;194167496;Australia South Australia State League 1;Australia;04:30;Full;0.12416851441241689;2.025;3.0, 3.5;1.775;3.0, 3.5;11.0;7.0;;5.0;3.0;8.0;0.0;0.0;;Adelaide Croatia Raiders;;1.0;4.0;2.05;1;3.0;3 - 4;3.8;Adelaide Blue Eagles;;0.0;2.0;2.75;1;4.0;-0.25;11 - 7;5-3;3.25;1.25;-;-;0.0;0.0;;;0.0;0.0;1.0;1.0;;;;;;;;0.0;0.0;0.0;0.0;;;0.0;0.0;4.0;3.0;;[23 31 49 51 53 68 75];[1 1 2 2 2 2 2];[False False False False False False False];"['Adelaide Blue Eagles' 'Adelaide Croatia Raiders'
 'Adelaide Croatia Raiders' 'Adelaide Croatia Raiders'
 'Adelaide Blue Eagles' 'Adelaide Blue Eagles' 'Adelaide Blue Eagles']";[ 0 -1  0  1  2  1  0];[-1  0  1  2  1  0 -1];['D' 'A' 'D' 'H' 'H' 'H' 'D'];['A' 'D' 'H' 'H' 'H' 'D' 'A'];0.53;0.21;0.26;0.82;0.0;0.18;;;;;;;
2026-05-09;194265249;Israel Youth League;Israel;04:30;Full;-0.025531914893617003;1.925;2.5, 3.0;1.875;2.5, 3.0;3.0;5.0;;1.0;3.0;4.0;119.0;78.0;100.0;Hapoel Raanana U19;;0.0;2.0;2.5;0;1.0;1 - 0;3.4;Maccabi Herzliya U19;;0.0;1.0;2.35;0;0.0;0.0;3 - 5;1-3;2.75;1.25;38 - 40;20 - 18;18.0;20.0;45.0;55.0;2.0;5.0;3.0;2.0;;;;;;;;59.0;60.0;40.0;38.0;46.0;54.0;6.0;7.0;7.0;5.0;;[66];[2];[False];['Hapoel Raanana U19'];[0];[1];['D'];['H'];0.73;0.27;0.0;1.0;0.0;0.0;5398.0;7478.0;hapoel ra`anana fc;maccabi herzliya;;;Youth
2026-05-09;193202203;South Korea K League 1;South Korea;04:30;Full;0.15261627906976744;1.925;2.0, 2.5;1.875;2.0, 2.5;4.0;4.0;;1.0;1.0;2.0;180.0;112.0;100.0;Gimcheon Sangmu FC;;0.0;1.0;2.15;0;0.0;0 - 3;3.2;Incheon Utd;;1.0;4.0;3.2;2;3.0;-0.25;4 - 4;1-1;2.25;1.0;63 - 49;25 - 24;24.0;25.0;50.0;50.0;0.0;2.0;2.0;0.0;;;;;;;;82.0;98.0;49.0;63.0;50.0;50.0;2.0;3.0;3.0;1.0;;[27 51 52];[1 1 2];[False  True False];['Incheon Utd' 'Incheon Utd' 'Incheon Utd'];[ 0 -1 -2];[-1 -2 -3];['D' 'A' 'A'];['A' 'A' 'A'];0.3;0.0;0.7;0.53;0.0;0.47;7647.0;7648.0;gimcheon sangmu fc;incheon united fc;1.8;1.8;
2026-05-09;193202440;South Korea K League 2;South Korea;04:30;Full;0.24060150375939848;1.875;2.5;1.925;2.5;7.0;6.0;;5.0;2.0;7.0;186.0;130.0;100.0;Suwon Bluewings;2.0;0.0;1.0;1.9;0;0.0;0 - 0;3.4;Daegu FC;6.0;0.0;1.0;3.5;0;0.0;-0.5;7 - 6;5-2;2.5;1.0;72 - 58;32 - 22;22.0;32.0;50.0;50.0;1.0;0.0;1.0;0.0;;;;;;;;68.0;118.0;58.0;72.0;50.0;50.0;2.0;0.0;1.0;0.0;;[];[];[];[];[];[];[];[];1.0;0.0;0.0;1.0;0.0;0.0;7652.0;7644.0;suwon bluewings;daegu fc;1.72;1.72;
2026-05-09;193202416;South Korea K League 2;South Korea;04:30;Full;-0.3024453024453024;1.85;2.0;1.95;2.0;6.0;2.0;;4.0;0.0;4.0;165.0;148.0;100.0;Chungbuk Cheongju;13.0;0.0;1.0;4.2;1;1.0;1 - 1;2.9;Gimpo FC;9.0;0.0;2.0;1.85;0;1.0;+0.5;6 - 2;4-0;2.0;0.75;81 - 67;44 - 22;22.0;44.0;34.0;66.0;2.0;3.0;1.0;2.0;;;;;;;;78.0;87.0;67.0;81.0;40.0;60.0;7.0;6.0;2.0;2.0;;[24 92];[1 2];[False  True];['Chungbuk Cheongju' 'Gimpo FC'];[0 1];[1 0];['D' 'H'];['H' 'D'];0.26;0.74;0.0;0.53;0.47;0.0;567083.0;202341.0;chungbuk cheongju fc;gimpo fc;2.2;2.2;
2026-05-09;193202207;South Korea K League 1;South Korea;04:30;Full;-0.5591874422899354;1.925;2.0, 2.5;1.875;2.0, 2.5;5.0;6.0;;2.0;4.0;6.0;121.0;112.0;100.0;Gwangju FC;;0.0;2.0;7.5;0;0.0;0 - 0;3.9;Gangwon FC;;0.0;2.0;1.444;0;0.0;+1.0;5 - 6;2-4;2.25;1.0;39 - 73;19 - 44;44.0;19.0;50.0;50.0;8.0;2.0;1.0;3.0;;;;;;;;79.0;42.0;73.0;39.0;50.0;50.0;12.0;6.0;3.0;3.0;;[];[];[];[];[];[];[];[];1.0;0.0;0.0;1.0;0.0;0.0;48912.0;34220.0;gwangju fc;gangwon fc;2.5;2.5;
2026-05-09;194169864;Taiwan Mulan League Women;Taiwan;04:30;Full;0.24786324786324787;1.825;2.5, 3.0;1.975;2.5, 3.0;4.0;5.0;;2.0;0.0;2.0;152.0;89.0;100.0;Hualian (W);;0.0;0.0;1.8;1;1.0;1 - 0;4.1;Valkyrie (W);;0.0;1.0;3.25;0;0.0;-0.75;4 - 5;2-0;2.75;1.25;54 - 35;29 - 16;16.0;29.0;40.0;60.0;1.0;3.0;3.0;4.0;;;;;;;;72.0;80.0;35.0;54.0;43.0;57.0;8.0;5.0;9.0;10.0;;[21];[1];[False];['Hualian (W)'];[0];[1];['D'];['H'];0.23;0.77;0.0;0.47;0.53;0.0;;;;;;;Women
2026-05-09;194169896;Taiwan Mulan League Women;Taiwan;04:30;Full;0.8992240574390676;1.8;4.0, 4.5;2.0;4.0, 4.5;7.0;0.0;;4.0;0.0;4.0;132.0;89.0;100.0;Hang Yuen (W);;0.0;0.0;1.071;5;5.0;5 - 0;9.0;AC Taipei (W);;0.0;0.0;29.0;0;0.0;-3.5;7 - 0;4-0;4.25;2.0;79 - 10;46 - 3;3.0;46.0;27.0;73.0;0.0;1.0;0.0;10.0;;;;;;;;32.0;100.0;10.0;79.0;29.0;71.0;2.0;5.0;0.0;10.0;;[ 8 10 15 30 43];[1 1 1 1 1];[False False False False False];"['Hang Yuen (W)' 'Hang Yuen (W)' 'Hang Yuen (W)' 'Hang Yuen (W)'
 'Hang Yuen (W)']";[0 1 2 3 4];[1 2 3 4 5];['D' 'H' 'H' 'H' 'H'];['H' 'H' 'H' 'H' 'H'];0.09;0.91;0.0;0.18;0.82;0.0;;;;;;;Women
2026-05-09;194192068;Australia New South Wales League 2;Australia;04:30;Full;-0.38109756097560976;1.8;3.0, 3.5;2.0;3.0, 3.5;6.0;12.0;;2.0;5.0;7.0;131.0;124.0;;Gladesville Ryde Magic;;0.0;1.0;4.1;2;3.0;3 - 1;4.2;South Coast Flame FC;;0.0;1.0;1.6;1;1.0;+1.0;6 - 12;2-5;3.25;1.5;49 - 75;23 - 36;36.0;23.0;;;2.0;4.0;8.0;5.0;;;;;;;;77.0;54.0;75.0;49.0;;;8.0;5.0;11.0;9.0;;[ 3 11 39 70];[1 1 1 2];[False False False False];"['Gladesville Ryde Magic' 'South Coast Flame FC' 'Gladesville Ryde Magic'
 'Gladesville Ryde Magic']";[0 1 0 1];[1 0 1 2];['D' 'H' 'D' 'H'];['H' 'D' 'H' 'H'];0.34;0.66;0.0;0.69;0.31;0.0;;;;;;;
2026-05-09;194164008;Australia Queensland Premier League;Australia;05:00;Full;0.3221022462174231;1.8;3.0, 3.5;2.0;3.0, 3.5;6.0;5.0;;4.0;3.0;7.0;214.0;111.0;100.0;Broadbeach United;;0.0;2.0;1.667;0;3.0;3 - 0;4.2;Sunshine Coast Wanderers;;1.0;3.0;3.6;0;0.0;-0.75;6 - 5;4-3;3.25;1.5;52 - 59;30 - 28;28.0;30.0;51.0;49.0;3.0;0.0;1.0;0.0;;;;;;;;109.0;105.0;59.0;52.0;52.0;48.0;4.0;2.0;1.0;3.0;;[47 68 79];[2 2 2];[False False False];['Broadbeach United' 'Broadbeach United' 'Broadbeach United'];[0 1 2];[1 2 3];['D' 'H' 'H'];['H' 'H' 'H'];0.52;0.48;0.0;1.0;0.0;0.0;;;;;;;
2026-05-09;194164016;Australia Queensland Premier League 3;Australia;05:00;Full;-0.8810752371123889;1.85;5.0;1.95;5.0;1.0;8.0;;0.0;3.0;3.0;319.0;222.0;;Redcliffe Dolphins SC;13.0;1.0;1.0;19.0;1;1.0;1 - 3;10.0;Newmarket;5.0;0.0;3.0;1.071;3;3.0;+3.5;1 - 8;0-3;5.0;2.25;96 - 126;56 - 61;61.0;56.0;;;2.0;5.0;5.0;1.0;;;;;;;;174.0;145.0;126.0;96.0;;;11.0;7.0;8.0;4.0;;[15 15 20 33];[1 1 1 1];[False False False False];['Newmarket' 'Redcliffe Dolphins SC' 'Newmarket' 'Newmarket'];[ 0 -1  0 -1];[-1  0 -1 -2];['D' 'A' 'D' 'A'];['A' 'D' 'A' 'A'];0.22;0.0;0.78;0.44;0.0;0.56;;;;;;;
2026-05-09;194265256;Israel Youth League;Israel;05:00;Full;-0.20032051282051289;1.8;2.5, 3.0;2.0;2.5, 3.0;6.0;2.0;;1.0;1.0;2.0;161.0;101.0;100.0;Hapoel Acre U19;;0.0;2.0;3.2;0;0.0;0 - 1;3.5;Bnei Yehuda Tel Aviv U19;;0.0;0.0;1.95;0;1.0;+0.5;6 - 2;1-1;2.75;1.25;56 - 45;21 - 21;21.0;21.0;48.0;52.0;3.0;3.0;2.0;3.0;;;;;;;;76.0;85.0;45.0;56.0;54.0;46.0;6.0;13.0;7.0;8.0;;[92];[2];[ True];['Bnei Yehuda Tel Aviv U19'];[0];[-1];['D'];['A'];1.0;0.0;0.0;1.0;0.0;0.0;7380.0;5203.0;hapoel acre fc;bnei yehuda tel aviv fc;;;Youth
2026-05-09;194262226;Israel Youth League;Israel;05:00;Full;-0.2777777777777778;1.8;3.0;2.0;3.0;3.0;4.0;;3.0;2.0;5.0;174.0;68.0;100.0;Hapoel Nir Ramat Hasharon U19;;0.0;2.0;3.6;0;1.0;1 - 1;3.6;Hapoel Kfar Saba U19;;0.0;5.0;1.8;0;1.0;+0.5;3 - 4;3-2;3.0;1.25;33 - 35;12 - 17;17.0;12.0;58.0;42.0;4.0;2.0;1.0;0.0;;;;;;;;94.0;80.0;35.0;33.0;58.0;42.0;5.0;10.0;3.0;2.0;;[55 84];[2 2];[False False];['Hapoel Nir Ramat Hasharon U19' 'Hapoel Kfar Saba U19'];[0 1];[1 0];['D' 'H'];['H' 'D'];0.68;0.32;0.0;1.0;0.0;0.0;;5200.0;;hapoel kfar saba fc;;;Youth
2026-05-09;194207240;South Korea K3 League;South Korea;05:00;Full;-0.37527362244648194;1.875;2.0, 2.5;1.925;2.0, 2.5;3.0;4.0;;0.0;1.0;1.0;106.0;79.0;100.0;Ulsan Citizen FC;;0.0;1.0;4.333;0;0.0;0 - 1;3.5;Siheung City AC;;0.0;2.0;1.65;1;1.0;+0.75;3 - 4;0-1;2.25;1.0;37 - 42;9 - 18;18.0;9.0;59.0;41.0;1.0;1.0;1.0;0.0;;;;;;;;54.0;52.0;42.0;37.0;59.0;41.0;3.0;4.0;1.0;0.0;;[15];[1];[False];['Siheung City AC'];[0];[-1];['D'];['A'];0.17;0.0;0.83;0.33;0.0;0.67;;;;;;;
2026-05-09;194162339;Australia Capital Territory Premier League;Australia;05:00;Full;0.5224071702944943;1.975;3.5, 4.0;1.825;3.5, 4.0;1.0;1.0;;0.0;1.0;1.0;169.0;63.0;100.0;Tigers FC;;0.0;3.0;1.42;1;3.0;3 - 2;4.5;Belconnen United;;0.0;4.0;5.5;0;2.0;-1.5;1 - 1;0-1;3.75;1.5;37 - 26;23 - 10;10.0;23.0;38.0;62.0;0.0;4.0;1.0;2.0;;;;;;;;67.0;102.0;26.0;37.0;44.0;56.0;2.0;6.0;3.0;4.0;;[ 2 50 72 90 94];[1 2 2 2 2];[False False False False  True];['Tigers FC' 'Tigers FC' 'Tigers FC' 'Belconnen United' 'Belconnen United'];[0 1 2 3 2];[1 2 3 2 1];['D' 'H' 'H' 'H' 'H'];['H' 'H' 'H' 'H' 'H'];0.02;0.98;0.0;0.04;0.96;0.0;;;;;;;
2026-05-09;194262041;China Super League Women;China;05:00;Full;0.5156756756756756;1.825;2.0, 2.5;1.975;2.0, 2.5;3.0;0.0;;3.0;0.0;3.0;90.0;53.0;100.0;Liaoning Shenbei Hefeng (W);;0.0;0.0;1.48;1;3.0;3 - 1;3.7;Sichuan (W);;0.0;1.0;6.25;0;1.0;-1.0;3 - 0;3-0;2.25;1.0;43 - 10;24 - 4;4.0;24.0;33.0;67.0;0.0;4.0;0.0;4.0;;;;;;;;36.0;54.0;10.0;43.0;33.0;67.0;0.0;7.0;1.0;9.0;;[34 50 66 69];[1 2 2 2];[False False False False];"['Liaoning Shenbei Hefeng (W)' 'Liaoning Shenbei Hefeng (W)'
 'Liaoning Shenbei Hefeng (W)' 'Sichuan (W)']";[0 1 2 3];[1 2 3 2];['D' 'H' 'H' 'H'];['H' 'H' 'H' 'H'];0.38;0.62;0.0;0.76;0.24;0.0;;;;;;;Women
2026-05-09;194165982;China Division 2;China;05:00;Full;0.01904761904761909;1.775;2.0;2.025;2.0;3.0;6.0;;1.0;1.0;2.0;202.0;113.0;100.0;Shenzhen 2028;;0.0;1.0;2.5;1;2.0;2 - 1;3.0;Guizhou Zhucheng Athletic;;0.0;3.0;2.625;0;1.0;0.0;3 - 6;1-1;2.0;0.75;46 - 67;24 - 20;20.0;24.0;48.0;52.0;2.0;1.0;2.0;1.0;;;;;;;;112.0;90.0;67.0;46.0;48.0;52.0;3.0;2.0;6.0;3.0;;[ 5 72 82];[1 2 2];[False False False];['Shenzhen 2028' 'Guizhou Zhucheng Athletic' 'Shenzhen 2028'];[0 1 0];[1 0 1];['D' 'H' 'D'];['H' 'D' 'H'];0.17;0.83;0.0;0.11;0.89;0.0;;;;;;;
2026-05-09;194192591;Australia Queensland Premier League 2;Australia;05:00;Full;0.13636363636363635;1.975;4.0;1.825;4.0;9.0;5.0;;5.0;4.0;9.0;0.0;0.0;;Taringa Rovers;5.0;0.0;2.0;2.0;0;0.0;0 - 2;4.0;Caloundra;6.0;0.0;4.0;2.75;0;2.0;-0.25;9 - 5;5-4;4.0;1.5;-;-;0.0;0.0;;;0.0;0.0;0.0;0.0;;;;;;;;0.0;0.0;0.0;0.0;;;0.0;0.0;2.0;0.0;;[57 73];[2 2];[False False];['Caloundra' 'Caloundra'];[ 0 -1];[-1 -2];['D' 'A'];['A' 'A'];0.63;0.0;0.37;1.0;0.0;0.0;;;;;;;
2026-05-09;194167298;Czechia Youth League;Czech Republic;05:00;Full;0.2849211485404816;1.9;3.0, 3.5;1.9;3.0, 3.5;10.0;4.0;;6.0;3.0;9.0;127.0;63.0;100.0;Banik Ostrava U19;;1.0;4.0;1.727;0;2.0;2 - 1;4.1;FC Brno U19;;0.0;3.0;3.4;1;1.0;-0.75;10 - 4;6-3;3.25;1.25;35 - 28;21 - 19;19.0;21.0;49.0;51.0;3.0;3.0;2.0;4.0;;;;;;;;59.0;68.0;28.0;35.0;50.0;50.0;4.0;4.0;3.0;7.0;;[26 55 85];[1 2 2];[False False False];['FC Brno U19' 'Banik Ostrava U19' 'Banik Ostrava U19'];[ 0 -1  0];[-1  0  1];['D' 'A' 'D'];['A' 'D' 'H'];0.62;0.06;0.32;0.58;0.0;0.42;2204.0;2210.0;fc banik ostrava;fc zbrojovka brno;;;Youth
2026-05-09;194166509;Hungary U19 1st Division;Hungary;05:00;Full;-0.09157509157509158;1.825;3.0, 3.5;1.975;3.0, 3.5;4.0;11.0;;1.0;3.0;4.0;151.0;90.0;100.0;Puskas Academy U19;;0.0;2.0;2.6;3;3.0;3 - 2;3.9;Ferencvarosi TC U19;;0.0;2.0;2.1;2;2.0;+0.25;4 - 11;1-3;3.25;1.25;39 - 51;22 - 21;21.0;22.0;49.0;51.0;4.0;3.0;6.0;8.0;;;;;;;;77.0;74.0;51.0;39.0;55.0;45.0;14.0;5.0;10.0;8.0;;[ 9 13 21 30 35];[1 1 1 1 1];[False False False False False];"['Ferencvarosi TC U19' 'Puskas Academy U19' 'Puskas Academy U19'
 'Puskas Academy U19' 'Ferencvarosi TC U19']";[ 0 -1  0  1  2];[-1  0  1  2  1];['D' 'A' 'D' 'H' 'H'];['A' 'D' 'H' 'H' 'H'];0.19;0.77;0.04;0.38;0.53;0.09;25596.0;1925.0;puskas akademia fc felcsut;ferencvarosi budapest;;;Youth
2026-05-09;193268661;Australia NPL Victoria;Australia;05:00;Full;-0.22804054054054046;1.9;2.5, 3.0;1.9;2.5, 3.0;3.0;2.0;;1.0;1.0;2.0;305.0;152.0;100.0;Caroline Springs George Cross;;0.0;0.0;3.2;2;2.0;2 - 4;3.9;Hume City;;0.0;0.0;1.85;3;4.0;+0.25;3 - 2;1-1;2.75;1.25;73 - 79;25 - 38;38.0;25.0;60.0;40.0;3.0;0.0;6.0;3.0;;;;;;;;161.0;144.0;79.0;73.0;54.0;46.0;3.0;4.0;7.0;5.0;;[12 17 22 27 30 73];[1 1 1 1 1 2];[False False False False False False];"['Caroline Springs George Cross' 'Hume City' 'Hume City'
 'Caroline Springs George Cross' 'Hume City' 'Hume City']";[ 0  1  0 -1  0 -1];[ 1  0 -1  0 -1 -2];['D' 'H' 'D' 'A' 'D' 'A'];['H' 'D' 'A' 'D' 'A' 'A'];0.22;0.06;0.72;0.44;0.11;0.44;610642.0;92927.0;caroline springs george cross fc;hume city;1.61;1.61;
2026-05-09;194205448;Hungary U19 1st Division;Hungary;05:00;Full;-0.17900688210111804;2.0;3.0, 3.5;1.8;3.0, 3.5;0.0;9.0;;0.0;5.0;5.0;195.0;115.0;100.0;Illes Akademia Haladas U19;;0.0;1.0;2.9;0;0.0;0 - 4;3.8;Debreceni VSC U19;;0.0;1.0;1.909;3;4.0;+0.5;0 - 9;0-5;3.25;1.25;34 - 81;12 - 52;52.0;12.0;61.0;39.0;4.0;0.0;5.0;1.0;;;;;;;;109.0;86.0;81.0;34.0;56.0;44.0;8.0;4.0;10.0;5.0;;[15 18 33 62];[1 1 1 2];[False False False False];"['Debreceni VSC U19' 'Debreceni VSC U19' 'Debreceni VSC U19'
 'Debreceni VSC U19']";[ 0 -1 -2 -3];[-1 -2 -3 -4];['D' 'A' 'A' 'A'];['A' 'A' 'A' 'A'];0.17;0.0;0.83;0.33;0.0;0.67;;1921.0;;debreceni vsc;;;Youth
2026-05-09;194168540;Slovakia I Liga Women;Slovakia;05:00;Full;0.3104575163398693;1.825;3.0;1.975;3.0;10.0;0.0;;2.0;0.0;2.0;100.0;46.0;100.0;Spartak Trnava (W);;0.0;2.0;1.7;0;0.0;0 - 0;4.0;AS Trencin (W);;0.0;0.0;3.6;0;0.0;-0.75;10 - 0;2-0;3.0;1.25;38 - 8;16 - 6;6.0;16.0;33.0;67.0;2.0;3.0;1.0;1.0;;;;;;;;32.0;68.0;8.0;38.0;32.0;68.0;2.0;8.0;1.0;4.0;;[];[];[];[];[];[];[];[];1.0;0.0;0.0;1.0;0.0;0.0;2406.0;2398.0;fc spartak trnava;as trencin;;;Women
2026-05-09;194164027;Australia Queensland Premier League Women;Australia;05:00;Full;0.9124869383490073;1.95;4.5, 5.0;1.85;4.5, 5.0;8.0;1.0;;6.0;1.0;7.0;133.0;98.0;100.0;North Lakes United (W);;0.0;0.0;1.056;3;9.0;9 - 0;13.0;Logan Lightning (W);;0.0;1.0;29.0;0;0.0;-3.5;8 - 1;6-1;4.75;2.0;72 - 26;41 - 15;15.0;41.0;38.0;62.0;3.0;4.0;2.0;6.0;;;;;;;;49.0;84.0;26.0;72.0;43.0;57.0;5.0;10.0;3.0;18.0;;[ 7  8 13 47 50 56 58 60 89];[1 1 1 2 2 2 2 2 2];[False False False False False False False False False];"['North Lakes United (W)' 'North Lakes United (W)'
 'North Lakes United (W)' 'North Lakes United (W)'
 'North Lakes United (W)' 'North Lakes United (W)'
 'North Lakes United (W)' 'North Lakes United (W)'
 'North Lakes United (W)']";[0 1 2 3 4 5 6 7 8];[1 2 3 4 5 6 7 8 9];['D' 'H' 'H' 'H' 'H' 'H' 'H' 'H' 'H'];['H' 'H' 'H' 'H' 'H' 'H' 'H' 'H' 'H'];0.08;0.92;0.0;0.16;0.84;0.0;;;;;;;Women
2026-05-09;194203942;China Super League Women;China;05:00;Full;0.5;1.9;2.5;1.9;2.5;7.0;5.0;;4.0;4.0;8.0;121.0;77.0;100.0;Jiangsu Suning (W);;0.0;0.0;1.5;0;1.0;1 - 0;3.6;Shaanxi Zhidan (W);;0.0;1.0;6.0;0;0.0;-1.0;7 - 5;4-4;2.5;1.0;50 - 27;29 - 11;11.0;29.0;30.0;70.0;0.0;1.0;1.0;0.0;;;;;;;;51.0;70.0;27.0;50.0;35.0;65.0;2.0;4.0;2.0;3.0;;[100];[2];[ True];['Jiangsu Suning (W)'];[0];[1];['D'];['H'];1.0;0.0;0.0;1.0;0.0;0.0;;;;;;;Women
2026-05-09;194189565;Czechia 4. Liga;Czech Republic;05:15;Full;-0.33321335732853424;2.0;3.0, 3.5;1.8;3.0, 3.5;2.0;4.0;;1.0;3.0;4.0;174.0;102.0;100.0;FK Olympie Brezova;;0.0;4.0;3.75;0;0.0;0 - 2;4.2;FK Ostrov;;0.0;1.0;1.667;1;2.0;+0.75;2 - 4;1-3;3.25;1.25;51 - 51;26 - 25;25.0;26.0;46.0;54.0;3.0;6.0;1.0;2.0;;;;;;;;86.0;88.0;51.0;51.0;46.0;54.0;5.0;10.0;6.0;3.0;;[38 74];[1 2];[False False];['FK Ostrov' 'FK Ostrov'];[ 0 -1];[-1 -2];['D' 'A'];['A' 'A'];0.42;0.0;0.58;0.84;0.0;0.16;;;;;;;
2026-05-09;194167291;Czechia 4. Liga;Czech Republic;05:15;Full;-0.12416851441241689;2.0;3.0, 3.5;1.8;3.0, 3.5;5.0;4.0;;2.0;2.0;4.0;223.0;103.0;100.0;SK Steti;;1.0;2.0;2.75;3;3.0;3 - 3;3.75;FK Usti nad Labem B;;0.0;3.0;2.05;0;3.0;+0.25;5 - 4;2-2;3.25;1.25;45 - 58;19 - 26;26.0;19.0;65.0;35.0;3.0;2.0;1.0;4.0;;;;;;;;125.0;98.0;58.0;45.0;63.0;37.0;4.0;6.0;8.0;6.0;;[10 19 41 48 72 86];[1 1 1 2 2 2];[False False False False False False];"['SK Steti' 'SK Steti' 'SK Steti' 'FK Usti nad Labem B'
 'FK Usti nad Labem B' 'FK Usti nad Labem B']";[0 1 2 3 2 1];[1 2 3 2 1 0];['D' 'H' 'H' 'H' 'H' 'H'];['H' 'H' 'H' 'H' 'H' 'D'];0.16;0.84;0.0;0.22;0.78;0.0;;4868.0;;fk usti nad labem;;;Youth
2026-05-09;194334931;Taiwan League Division 2;Taiwan;05:30;Full;-0.5664711632453567;1.925;3.5;1.875;3.5;5.0;4.0;;1.0;4.0;5.0;0.0;0.0;;Wan Island;;0.0;0.0;6.0;0;1.0;1 - 7;5.25;Inter Taoyuan FC;;1.0;2.0;1.364;2;7.0;+1.5;5 - 4;1-4;3.5;1.5;-;-;0.0;0.0;;;0.0;0.0;2.0;0.0;;;;;;;;0.0;0.0;0.0;0.0;;;0.0;0.0;7.0;1.0;;[14 46 57 58 66 76 82 93];[1 1 2 2 2 2 2 2];[False  True False False False False False  True];"['Inter Taoyuan FC' 'Inter Taoyuan FC' 'Inter Taoyuan FC'
 'Inter Taoyuan FC' 'Inter Taoyuan FC' 'Inter Taoyuan FC'
 'Inter Taoyuan FC' 'Wan Island']";[ 0 -1 -2 -3 -4 -5 -6 -7];[-1 -2 -3 -4 -5 -6 -7 -6];['D' 'A' 'A' 'A' 'A' 'A' 'A' 'A'];['A' 'A' 'A' 'A' 'A' 'A' 'A' 'A'];0.15;0.0;0.85;0.3;0.0;0.7;;;;;;;
2026-05-09;194192076;Australia NSW League 1 U20;Australia;05:30;Schedule;-0.20373514431239387;1.925;3.0;1.875;3.0;0.0;0.0;;0.0;0.0;0.0;0.0;0.0;;Macarthur Rams U20;;0.0;0.0;3.1;0;0.0;0 - 0;3.9;Northern Tigers U20;;0.0;0.0;1.9;0;0.0;+0.5;0 - 0;0-0;3.0;1.25;-;nan;;;;;;;;;;;;;;;;0.0;0.0;0.0;0.0;;;0.0;0.0;0.0;0.0;;[];[];[];[];[];[];[];[];1.0;0.0;0.0;1.0;0.0;0.0;;;;;;;Youth
2026-05-09;194163997;Australia New South Wales League 1;Australia;05:30;Full;0.11904761904761901;1.9;3.0;1.9;3.0;3.0;10.0;;1.0;7.0;8.0;107.0;96.0;;Rydalmere Lions FC;;0.0;5.0;2.1;1;1.0;1 - 2;3.6;Hills United FC;;0.0;2.0;2.8;1;2.0;-0.25;3 - 10;1-7;3.0;1.25;34 - 62;14 - 34;34.0;14.0;;;6.0;4.0;1.0;2.0;;;;;;;;51.0;56.0;62.0;34.0;;;12.0;9.0;3.0;2.0;;[18 37 52];[1 1 2];[False False False];['Hills United FC' 'Rydalmere Lions FC' 'Hills United FC'];[ 0 -1  0];[-1  0 -1];['D' 'A' 'D'];['A' 'D' 'A'];0.37;0.0;0.63;0.58;0.0;0.42;;;;;;;
2026-05-09;194166533;Indonesia Super League;Indonesia;05:30;Full;0.05102040816326525;1.8;2.5;2.0;2.5;4.0;3.0;;4.0;1.0;5.0;183.0;129.0;100.0;Arema FC;;0.0;4.0;2.45;1;3.0;3 - 0;3.1;PSM Makassar;;0.0;1.0;2.8;0;0.0;0.0;4 - 3;4-1;2.5;1.0;43 - 86;30 - 35;35.0;30.0;59.0;41.0;7.0;2.0;3.0;3.0;;;;;;;;109.0;74.0;86.0;43.0;69.0;31.0;15.0;4.0;5.0;6.0;;[10 53 69];[1 2 2];[False False False];['Arema FC' 'Arema FC' 'Arema FC'];[0 1 2];[1 2 3];['D' 'H' 'H'];['H' 'H' 'H'];0.11;0.89;0.0;0.22;0.78;0.0;47465.0;;arema fc;;;;
2026-05-09;194163994;Australia Darwin Premier League;Australia;05:30;Full;-0.4448886920615515;1.925;4.0, 4.5;1.875;4.0, 4.5;5.0;7.0;;3.0;5.0;8.0;167.0;129.0;100.0;Palmerston Rovers FC;;0.0;0.0;4.333;0;1.0;1 - 0;4.75;Hellenic AC;;0.0;0.0;1.48;0;0.0;+1.25;5 - 7;3-5;4.25;1.75;63 - 66;36 - 33;33.0;36.0;54.0;46.0;0.0;2.0;2.0;0.0;;;;;;;;88.0;79.0;66.0;63.0;55.0;45.0;2.0;8.0;3.0;4.0;;[96];[2];[ True];['Palmerston Rovers FC'];[0];[1];['D'];['H'];1.0;0.0;0.0;1.0;0.0;0.0;;;;;;;
2026-05-09;194167305;Czechia Div 2 Women;Czech Republic;05:30;Full;0.31796502384737685;1.975;3.0;1.825;3.0;7.0;2.0;;5.0;1.0;6.0;215.0;126.0;100.0;Prague Raptors (W);;0.0;1.0;1.7;0;1.0;1 - 0;4.0;Sparta Prague II (W);;0.0;0.0;3.7;0;0.0;-0.75;7 - 2;5-1;3.0;1.25;86 - 40;53 - 14;14.0;53.0;47.0;53.0;0.0;2.0;1.0;0.0;;;;;;;;98.0;117.0;40.0;86.0;49.0;51.0;1.0;2.0;1.0;2.0;;[51];[2];[False];['Prague Raptors (W)'];[0];[1];['D'];['H'];0.57;0.43;0.0;1.0;0.0;0.0;;;;;;;Youth-Women
2026-05-09;194196958;Australia Victoria Premier League 1;Australia;05:30;Full;0.3025210084033614;1.8;3.0;2.0;3.0;2.0;3.0;;1.0;1.0;2.0;203.0;120.0;;Bulleen Lions;;0.0;0.0;1.7;0;0.0;0 - 0;4.2;FC Melbourne Srbija;;0.0;0.0;3.5;0;0.0;-0.5;2 - 3;1-1;3.0;1.25;74 - 46;29 - 17;17.0;29.0;;;1.0;1.0;1.0;1.0;;;;;;;;70.0;133.0;46.0;74.0;;;5.0;3.0;3.0;3.0;;[];[];[];[];[];[];[];[];1.0;0.0;0.0;1.0;0.0;0.0;;;;;;;
2026-05-09;194163999;Australia New South Wales NPL Women;Australia;05:30;Full;0.23284823284823275;1.9;3.0, 3.5;1.9;3.0, 3.5;0.0;4.0;;0.0;1.0;1.0;245.0;109.0;100.0;Northern Tigers FC (W);;0.0;2.0;1.85;3;3.0;3 - 1;3.8;Sydney Olympic FC (W);;0.0;4.0;3.25;0;1.0;-0.5;0 - 4;0-1;3.25;1.25;57 - 52;31 - 18;18.0;31.0;40.0;60.0;4.0;4.0;3.0;4.0;;;;;;;;111.0;134.0;52.0;57.0;53.0;47.0;8.0;5.0;10.0;5.0;;[ 4 31 34 71];[1 1 1 2];[False False False False];"['Northern Tigers FC (W)' 'Northern Tigers FC (W)'
 'Northern Tigers FC (W)' 'Sydney Olympic FC (W)']";[0 1 2 3];[1 2 3 2];['D' 'H' 'H' 'H'];['H' 'H' 'H' 'H'];0.04;0.96;0.0;0.09;0.91;0.0;;;;;;;Women
2026-05-09;252690;Czechia 5. Liga;Czech Republic;05:31;Schedule;;;3.5;;3.5;0.0;0.0;;0.0;0.0;0.0;0.0;0.0;;Tj Olympie Hroznetin;;0.0;0.0;;0;0.0;0 - 0;;Nove Sedlo;;0.0;0.0;;0;0.0;0.0;0 - 0;0-0;3.5;nan;-;nan;;;;;;;;;;;;;;;;0.0;0.0;0.0;0.0;;;0.0;0.0;0.0;0.0;;[];[];[];[];[];[];[];[];1.0;0.0;0.0;1.0;0.0;0.0;;;;;;;
2026-05-09;194316680;Vietnam V-League 2;Vietnam;06:00;Full;0.3214285714285714;1.8;2.0, 2.5;2.0;2.0, 2.5;8.0;1.0;;4.0;0.0;4.0;127.0;118.0;100.0;Ho Chi Minh City;;0.0;2.0;1.75;0;0.0;0 - 0;3.3;Long An;;0.0;0.0;4.0;0;0.0;-0.5;8 - 1;4-0;2.25;1.0;85 - 33;36 - 22;22.0;36.0;44.0;56.0;3.0;2.0;0.0;0.0;;;;;;;;59.0;68.0;33.0;85.0;38.0;62.0;3.0;9.0;0.0;0.0;;[];[];[];[];[];[];[];[];1.0;0.0;0.0;1.0;0.0;0.0;;;;;;;
2026-05-09;194197026;Australia Victoria Premier League 2;Australia;06:00;Schedule;0.19298245614035087;1.9;3.5;1.9;3.5;0.0;0.0;;0.0;0.0;0.0;0.0;0.0;;Goulburn Valley Suns FC;3.0;0.0;0.0;1.9;0;0.0;0 - 0;4.0;Bayside Argonauts FC;2.0;0.0;0.0;3.0;0;0.0;-0.5;0 - 0;0-0;3.5;1.5;-;nan;;;;;;;;;;;;;;;;0.0;0.0;0.0;0.0;;;0.0;0.0;0.0;0.0;;[];[];[];[];[];[];[];[];1.0;0.0;0.0;1.0;0.0;0.0;;;;;;;
2026-05-09;194192072;Australia New South Wales League 2;Australia;06:00;Schedule;-0.10318949343339595;1.8;3.5;2.0;3.5;0.0;0.0;;0.0;0.0;0.0;0.0;0.0;;Camden Tigers SC;;0.0;0.0;2.6;0;0.0;0 - 0;4.1;Granville Rage;;0.0;0.0;2.05;0;0.0;0.0;0 - 0;0-0;3.5;1.5;-;nan;;;;;;;;;;;;;;;;0.0;0.0;0.0;0.0;;;0.0;0.0;0.0;0.0;;[];[];[];[];[];[];[];[];1.0;0.0;0.0;1.0;0.0;0.0;;;;;;;
2026-05-09;194304943;Poland IV Liga;Poland;06:00;Full;0.11255411255411252;1.875;3.0;1.925;3.0;3.0;3.0;;3.0;0.0;3.0;0.0;0.0;;Gedania Gdansk;;0.0;3.0;2.1;0;1.0;1 - 2;3.7;Grom Nowy Staw;;0.0;2.0;2.75;0;2.0;-0.25;3 - 3;3-0;3.0;1.25;-;-;0.0;0.0;;;0.0;0.0;0.0;0.0;;;;;;;;0.0;0.0;0.0;0.0;;;0.0;0.0;2.0;1.0;;[58 86 95];[2 2 2];[False False  True];['Grom Nowy Staw' 'Grom Nowy Staw' 'Gedania Gdansk'];[ 0 -1 -2];[-1 -2 -1];['D' 'A' 'A'];['A' 'A' 'A'];0.61;0.0;0.39;1.0;0.0;0.0;;;;;;;
2026-05-09;194262051;China Super League Women;China;06:00;Full;0.4365372374283896;1.975;2.5;1.825;2.5;7.0;2.0;;0.0;2.0;2.0;201.0;61.0;100.0;Guangdong (W);;0.0;0.0;1.571;0;0.0;0 - 1;3.6;Zhejiang Hangzhou (W);;0.0;1.0;5.0;1;1.0;-1.0;7 - 2;0-2;2.5;1.0;32 - 29;9 - 18;18.0;9.0;58.0;42.0;2.0;2.0;1.0;0.0;;;;;;;;98.0;103.0;29.0;32.0;49.0;51.0;4.0;6.0;1.0;5.0;;[6];[1];[False];['Zhejiang Hangzhou (W)'];[0];[-1];['D'];['A'];0.07;0.0;0.93;0.13;0.0;0.87;;;;;;;Women
2026-05-09;194171465;Thailand Division 3;Thailand;06:00;Full;0.5157421289355323;1.8;2.5, 3.0;2.0;2.5, 3.0;7.0;8.0;;2.0;5.0;7.0;168.0;110.0;100.0;Uttaradit FC;;0.0;3.0;1.45;1;2.0;2 - 1;3.9;Chiangmai FC;;0.0;2.0;5.75;1;1.0;-1.25;7 - 8;2-5;2.75;1.25;57 - 53;30 - 26;26.0;30.0;44.0;56.0;1.0;6.0;3.0;3.0;;;;;;;;97.0;71.0;53.0;57.0;50.0;50.0;4.0;10.0;8.0;6.0;;[16 26 74];[1 1 2];[False False False];['Uttaradit FC' 'Chiangmai FC' 'Uttaradit FC'];[0 1 0];[1 0 1];['D' 'H' 'D'];['H' 'D' 'H'];0.71;0.29;0.0;0.78;0.22;0.0;;;;;;;
2026-05-09;194265263;Israel Youth League;Israel;06:00;Full;0.09474590869939709;1.975;3.0;1.825;3.0;6.0;7.0;;2.0;4.0;6.0;249.0;138.0;100.0;Hapoel Rishon Lezion U19;;0.0;4.0;2.15;0;2.0;2 - 3;3.6;Hapoel Ironi Kiryat Shmona U19;;0.0;3.0;2.7;1;3.0;-0.25;6 - 7;2-4;3.0;1.25;74 - 64;30 - 28;28.0;30.0;52.0;48.0;4.0;0.0;1.0;3.0;;;;;;;;113.0;136.0;64.0;74.0;46.0;54.0;8.0;3.0;6.0;6.0;;[28 48 74 91 96];[1 2 2 2 2];[False False False  True  True];"['Hapoel Ironi Kiryat Shmona U19' 'Hapoel Ironi Kiryat Shmona U19'
 'Hapoel Rishon Lezion U19' 'Hapoel Ironi Kiryat Shmona U19'
 'Hapoel Rishon Lezion U19']";[ 0 -1 -2 -1 -2];[-1 -2 -1 -2 -1];['D' 'A' 'A' 'A' 'A'];['A' 'A' 'A' 'A' 'A'];0.29;0.0;0.71;0.62;0.0;0.38;5394.0;5399.0;hapoel rishon lezion fc;hapoel ironi kiryat shmona fc;;;Youth
2026-05-09;194167507;Australia New South Wales U20 League;Australia;06:00;Full;-0.0444444444444444;1.9;3.0, 3.5;1.9;3.0, 3.5;6.0;7.0;;2.0;1.0;3.0;96.0;118.0;;SD Raiders U20;;0.0;1.0;2.5;1;2.0;2 - 1;3.75;NWS Spirit FC U20;;0.0;2.0;2.25;1;1.0;0.0;6 - 7;2-1;3.25;1.25;60 - 58;27 - 26;26.0;27.0;;;2.0;6.0;6.0;3.0;;;;;;;;53.0;43.0;58.0;60.0;;;5.0;13.0;10.0;9.0;;[27 45 83];[1 1 2];[False False False];['NWS Spirit FC U20' 'SD Raiders U20' 'SD Raiders U20'];[ 0 -1  0];[-1  0  1];['D' 'A' 'D'];['A' 'D' 'H'];0.72;0.08;0.2;0.6;0.0;0.4;316737.0;264417.0;sd raiders fc;nws spirit fc;1.57;1.57;Youth
2026-05-09;193335566;Japan J2/J3 Centennial League;Japan;06:00;Full;-0.3776578017729787;1.95;2.5;1.85;2.5;5.0;6.0;;4.0;0.0;4.0;130.0;80.0;100.0;Nagano Parceiro;;0.0;3.0;4.5;1;2.0;2 - 3;3.6;FC Gifu;;0.0;0.0;1.667;0;3.0;+0.75;5 - 6;4-0;2.5;1.0;48 - 32;20 - 12;12.0;20.0;49.0;51.0;2.0;6.0;0.0;1.0;;;;;;;;57.0;73.0;32.0;48.0;48.0;52.0;8.0;9.0;6.0;3.0;;[31 49 81 84 91];[1 2 2 2 2];[False False False False  True];['Nagano Parceiro' 'FC Gifu' 'FC Gifu' 'Nagano Parceiro' 'FC Gifu'];[ 0  1  0 -1  0];[ 1  0 -1  0 -1];['D' 'H' 'D' 'A' 'D'];['H' 'D' 'A' 'D' 'A'];0.77;0.2;0.03;0.69;0.31;0.0;79883.0;21900.0;ac nagano parceiro;fc gifu;;;
2026-05-09;194167501;Australia NSW League 1 U20;Australia;06:00;Full;0.03628117913832202;1.825;2.5, 3.0;1.975;2.5, 3.0;9.0;4.0;;2.0;3.0;5.0;143.0;158.0;;Inter Lions U20;;0.0;0.0;2.25;0;1.0;1 - 2;3.7;Dulwich Hill U20;;0.0;0.0;2.45;2;2.0;0.0;9 - 4;2-3;2.75;1.25;84 - 74;39 - 39;39.0;39.0;;;4.0;2.0;4.0;0.0;;;;;;;;59.0;84.0;74.0;84.0;;;6.0;3.0;9.0;2.0;;[ 8 18 84];[1 1 2];[False False False];['Dulwich Hill U20' 'Dulwich Hill U20' 'Inter Lions U20'];[ 0 -1 -2];[-1 -2 -1];['D' 'A' 'A'];['A' 'A' 'A'];0.09;0.0;0.91;0.18;0.0;0.82;;;;;;;Youth
2026-05-09;194164002;Australia New South Wales Premier League;Australia;06:00;Full;0.7979675617470894;1.9;3.5;1.9;3.5;6.0;6.0;;4.0;2.0;6.0;185.0;110.0;100.0;Marconi Stallions;;0.0;2.0;1.143;1;2.0;2 - 0;7.0;Sydney Olympic;;1.0;3.0;13.0;0;0.0;-2.25;6 - 6;4-2;3.5;1.5;62 - 48;37 - 15;15.0;37.0;35.0;65.0;1.0;5.0;0.0;4.0;;;;;;;;91.0;94.0;48.0;62.0;49.0;51.0;4.0;11.0;0.0;7.0;;[20 87];[1 2];[False False];['Marconi Stallions' 'Marconi Stallions'];[0 1];[1 2];['D' 'H'];['H' 'H'];0.22;0.78;0.0;0.44;0.56;0.0;2941.0;2938.0;marconi stallions;sydney olympic fc;;;
2026-05-09;194192065;Australia New South Wales League 1;Australia;06:00;Schedule;-0.13636363636363635;1.95;3.0, 3.5;1.85;3.0, 3.5;0.0;0.0;;0.0;0.0;0.0;0.0;0.0;;Western City Rangers;;0.0;0.0;2.75;0;0.0;0 - 0;4.0;Central Coast Mariners NPL;;0.0;0.0;2.0;0;0.0;+0.25;0 - 0;0-0;3.25;1.25;-;nan;;;;;;;;;;;;;;;;0.0;0.0;0.0;0.0;;;0.0;0.0;0.0;0.0;;[];[];[];[];[];[];[];[];1.0;0.0;0.0;1.0;0.0;0.0;;;;;;;
2026-05-09;194209216;Poland Youth League;Poland;06:00;Full;0.6933306055646481;2.0;3.5, 4.0;1.8;3.5, 4.0;4.0;5.0;;0.0;5.0;5.0;185.0;67.0;100.0;Lech Poznan U19;;0.0;5.0;1.222;0;0.0;0 - 1;6.0;Resovia Rzeszow U19;;0.0;3.0;8.0;1;1.0;-2.0;4 - 5;0-5;3.75;1.5;47 - 20;22 - 14;14.0;22.0;37.0;63.0;7.0;8.0;5.0;3.0;;;;;;;;73.0;112.0;20.0;47.0;34.0;66.0;12.0;14.0;6.0;5.0;;[10];[1];[False];['Resovia Rzeszow U19'];[0];[-1];['D'];['A'];0.11;0.0;0.89;0.22;0.0;0.78;3121.0;37204.0;kks lech poznan;cwks resovia;;;Youth
2026-05-09;194260660;Finland U21 League;Finland;06:00;Full;-0.39999999999999997;1.85;3.5;1.95;3.5;6.0;10.0;;4.0;6.0;10.0;248.0;122.0;;MPS U21;;0.0;3.0;3.75;0;0.0;0 - 2;5.5;JaPS U21;;0.0;0.0;1.5;0;2.0;+1.25;6 - 10;4-6;3.5;1.5;49 - 73;24 - 34;34.0;24.0;;;6.0;0.0;1.0;4.0;;;;;;;;131.0;117.0;73.0;49.0;;;10.0;0.0;6.0;6.0;;[54 65];[2 2];[False False];['JaPS U21' 'JaPS U21'];[ 0 -1];[-1 -2];['D' 'A'];['A' 'A'];0.6;0.0;0.4;1.0;0.0;0.0;;23422.0;;japs;;;Youth
2026-05-09;194213550;Slovakia Youth League;Slovakia;06:00;Full;0.4991789819376027;1.975;3.0, 3.5;1.825;3.0, 3.5;6.0;5.0;;2.0;4.0;6.0;187.0;134.0;100.0;MSK Zilina U19;;0.0;1.0;1.45;4;8.0;8 - 1;4.333;Dukla Banska Bystrica U19;;0.0;0.0;5.25;1;1.0;-1.25;6 - 5;2-4;3.25;1.25;83 - 51;40 - 24;24.0;40.0;49.0;51.0;4.0;4.0;3.0;6.0;;;;;;;;80.0;107.0;51.0;83.0;45.0;55.0;7.0;10.0;6.0;12.0;;[ 9 31 34 37 44 57 67 83 91];[1 1 1 1 1 2 2 2 2];[False False False False False False False False  True];"['MSK Zilina U19' 'Dukla Banska Bystrica U19' 'MSK Zilina U19'
 'MSK Zilina U19' 'MSK Zilina U19' 'MSK Zilina U19' 'MSK Zilina U19'
 'MSK Zilina U19' 'MSK Zilina U19']";[0 1 0 1 2 3 4 5 6];[1 0 1 2 3 4 5 6 7];['D' 'H' 'D' 'H' 'H' 'H' 'H' 'H' 'H'];['H' 'D' 'H' 'H' 'H' 'H' 'H' 'H' 'H'];0.13;0.87;0.0;0.27;0.73;0.0;2402.0;;msk zilina;;;;Youth
2026-05-09;194321984;Bosnia & Herzegovina U19 Liga;Bosnia;06:00;Full;0.1679929266136163;1.825;3.0;1.975;3.0;4.0;3.0;;3.0;0.0;3.0;149.0;64.0;100.0;Velez Mostar U19;;0.0;2.0;1.95;0;0.0;0 - 0;3.7;NK Celik Zenica U19;;0.0;2.0;2.9;0;0.0;-0.25;4 - 3;3-0;3.0;1.25;36 - 28;18 - 15;15.0;18.0;38.0;62.0;3.0;4.0;3.0;0.0;;;;;;;;73.0;76.0;28.0;36.0;44.0;56.0;7.0;9.0;6.0;5.0;;[];[];[];[];[];[];[];[];1.0;0.0;0.0;1.0;0.0;0.0;;;;;;;Youth
2026-05-09;194210152;Norway Division 3 Group 1;Norway;06:00;Full;-0.033492822966507185;1.85;3.5, 4.0;1.95;3.5, 4.0;3.0;6.0;;1.0;3.0;4.0;120.0;78.0;100.0;Grei;;0.0;2.0;2.375;2;4.0;4 - 4;4.2;Lokomotiv Oslo;;0.0;1.0;2.2;1;4.0;0.0;3 - 6;1-3;3.75;1.5;32 - 46;18 - 20;20.0;18.0;65.0;35.0;3.0;3.0;2.0;2.0;;;;;;;;67.0;53.0;46.0;32.0;63.0;37.0;9.0;7.0;6.0;6.0;;[21 32 40 59 63 69 71 80];[1 1 1 2 2 2 2 2];[False False False False False False False False];"['Lokomotiv Oslo' 'Grei' 'Grei' 'Lokomotiv Oslo' 'Grei' 'Grei'
 'Lokomotiv Oslo' 'Lokomotiv Oslo']";[ 0 -1  0  1  0  1  2  1];[-1  0  1  0  1  2  1  0];['D' 'A' 'D' 'H' 'D' 'H' 'H' 'H'];['A' 'D' 'H' 'D' 'H' 'H' 'H' 'D'];0.48;0.4;0.12;0.64;0.11;0.24;;;;;;;
2026-05-09;194349182;Thailand Division 4;Thailand;06:00;Full;0.0444444444444444;1.8;2.5, 3.0;2.0;2.5, 3.0;1.0;4.0;;0.0;2.0;2.0;218.0;192.0;;FC Hallelujah;;1.0;1.0;2.25;2;3.0;3 - 0;3.75;Nakhon Nayok FC;;1.0;3.0;2.5;0;0.0;0.0;1 - 4;0-2;2.75;1.25;62 - 130;27 - 74;74.0;27.0;;;2.0;0.0;1.0;3.0;;;;;;;;129.0;89.0;130.0;62.0;;;4.0;2.0;5.0;6.0;;[ 4 32 95];[1 1 2];[False False  True];['FC Hallelujah' 'FC Hallelujah' 'FC Hallelujah'];[0 1 2];[1 2 3];['D' 'H' 'H'];['H' 'H' 'H'];0.04;0.96;0.0;0.09;0.91;0.0;;;;;;;
2026-05-09;194209209;Poland IV Liga;Poland;06:00;Full;-0.20720720720720714;1.9;3.0, 3.5;1.9;3.0, 3.5;4.0;3.0;;3.0;2.0;5.0;166.0;81.0;100.0;Hetman Wloszczowa;;0.0;5.0;3.0;0;2.0;2 - 1;4.1;Korona Kielce III;;0.0;2.0;1.85;1;1.0;+0.5;4 - 3;3-2;3.25;1.25;49 - 32;22 - 18;18.0;22.0;61.0;39.0;3.0;7.0;3.0;2.0;;;;;;;;79.0;87.0;32.0;49.0;61.0;39.0;7.0;9.0;3.0;5.0;;[15 56 72];[1 2 2];[False False False];['Korona Kielce III' 'Hetman Wloszczowa' 'Hetman Wloszczowa'];[ 0 -1  0];[-1  0  1];['D' 'A' 'D'];['A' 'D' 'H'];0.34;0.2;0.46;0.33;0.0;0.67;;;;;;;
2026-05-09;194205454;Hungary U19 1st Division;Hungary;06:00;Full;0.811965811965812;1.825;3.5, 4.0;1.975;3.5, 4.0;7.0;7.0;;4.0;2.0;6.0;195.0;128.0;;MTK Budapest U19;;0.0;1.0;1.125;1;4.0;4 - 1;8.0;Szeged-Csanad Grosics U19;;0.0;1.0;13.0;1;1.0;-2.5;7 - 7;4-2;3.75;1.5;66 - 62;38 - 25;25.0;38.0;;;6.0;1.0;1.0;1.0;;;;;;;;83.0;112.0;62.0;66.0;;;7.0;5.0;1.0;7.0;;[ 9 33 50 52 55];[1 1 2 2 2];[False False False False False];"['Szeged-Csanad Grosics U19' 'MTK Budapest U19' 'MTK Budapest U19'
 'MTK Budapest U19' 'MTK Budapest U19']";[ 0 -1  0  1  2];[-1  0  1  2  3];['D' 'A' 'D' 'H' 'H'];['A' 'D' 'H' 'H' 'H'];0.29;0.44;0.27;0.47;0.0;0.53;1915.0;;mtk budapest;;;;Youth
2026-05-09;194205266;Hong Kong Women Premier League;Hong Kong;06:00;Full;0.26143790849673204;1.9;2.5, 3.0;1.9;2.5, 3.0;3.0;4.0;;1.0;1.0;2.0;243.0;115.0;;Shatin (W);;0.0;1.0;1.8;0;1.0;1 - 2;3.9;Citizen AA (W);;0.0;1.0;3.4;0;2.0;-0.5;3 - 4;1-1;2.75;1.25;54 - 61;20 - 26;26.0;20.0;;;1.0;1.0;3.0;2.0;;;;;;;;118.0;125.0;61.0;54.0;;;3.0;3.0;7.0;5.0;;[66 75 91];[2 2 2];[False False  True];['Citizen AA (W)' 'Citizen AA (W)' 'Shatin (W)'];[ 0 -1 -2];[-1 -2 -1];['D' 'A' 'A'];['A' 'A' 'A'];0.73;0.0;0.27;1.0;0.0;0.0;;;;;;;Women
2026-05-09;194205452;Hungary U19 1st Division;Hungary;06:00;Full;-0.4417894050193979;2.0;3.0;1.8;3.0;5.0;2.0;;2.0;0.0;2.0;117.0;103.0;;Gyor Eto FC U19;;0.0;2.0;4.75;0;0.0;0 - 4;4.2;Budapest Honved U19;;0.0;0.0;1.533;3;4.0;+1.0;5 - 2;2-0;3.0;1.25;50 - 53;29 - 28;28.0;29.0;;;4.0;1.0;5.0;2.0;;;;;;;;57.0;60.0;53.0;50.0;;;5.0;6.0;9.0;3.0;;[ 3 32 36 67];[1 1 1 2];[False False False False];"['Budapest Honved U19' 'Budapest Honved U19' 'Budapest Honved U19'
 'Budapest Honved U19']";[ 0 -1 -2 -3];[-1 -2 -3 -4];['D' 'A' 'A' 'A'];['A' 'A' 'A' 'A'];0.03;0.0;0.97;0.07;0.0;0.93;1923.0;1916.0;wkw eto fc gyor;budapest honved fc;;;Youth
2026-05-09;194164005;Australia New South Wales Premier League;Australia;06:15;Full;-0.10797342192691028;1.9;2.5;1.9;2.5;2.0;3.0;;1.0;3.0;4.0;227.0;131.0;100.0;St George City FA;;0.0;0.0;2.8;0;1.0;1 - 0;3.3;Sutherland Sharks;;0.0;0.0;2.15;0;0.0;+0.25;2 - 3;1-3;2.5;1.0;52 - 79;18 - 46;46.0;18.0;55.0;45.0;4.0;7.0;1.0;2.0;;;;;;;;122.0;105.0;79.0;52.0;51.0;49.0;4.0;11.0;2.0;4.0;;[69];[2];[False];['St George City FA'];[0];[1];['D'];['H'];0.77;0.23;0.0;1.0;0.0;0.0;323705.0;92214.0;st george city fa;sutherland sharks;;;
2026-05-09;194167505;Australia New South Wales U20 League;Australia;06:15;Full;0.15217391304347827;1.95;3.5;1.85;3.5;7.0;2.0;;3.0;2.0;5.0;164.0;88.0;;Apia L Tigers U20;;0.0;2.0;2.0;0;2.0;2 - 0;3.8;Sydney United U20;;0.0;0.0;2.875;0;0.0;-0.25;7 - 2;3-2;3.5;1.5;59 - 29;29 - 15;15.0;29.0;;;1.0;7.0;1.0;3.0;;;;;;;;76.0;88.0;29.0;59.0;;;4.0;10.0;1.0;9.0;;[49 66];[2 2];[False False];['Apia L Tigers U20' 'Apia L Tigers U20'];[0 1];[1 2];['D' 'H'];['H' 'H'];0.54;0.46;0.0;1.0;0.0;0.0;64145.0;2939.0;apia leichhardt tigers;sydney united 58 fc;;;Youth
2026-05-09;194206574;India I-League 2nd Division;India;06:30;Full;0.23219814241486064;1.775;2.0, 2.5;2.025;2.0, 2.5;5.0;3.0;;4.0;2.0;6.0;273.0;135.0;;United Sports Club;;0.0;0.0;1.9;0;1.0;1 - 0;3.4;Sudeva Delhi FC;;0.0;3.0;3.4;0;0.0;-0.5;5 - 3;4-2;2.25;1.0;77 - 58;36 - 35;35.0;36.0;;;4.0;4.0;1.0;1.0;;;;;;;;134.0;139.0;58.0;77.0;;;5.0;11.0;2.0;6.0;;[90];[2];[False];['United Sports Club'];[0];[1];['D'];['H'];1.0;0.0;0.0;1.0;0.0;0.0;;;;;;;
2026-05-09;194165788;Estonia Esiliiga;Estonia;06:30;Full;-0.11904761904761907;2.0;4.5;1.8;4.5;7.0;2.0;;1.0;0.0;1.0;193.0;124.0;100.0;Maardu Linnameeskond;;0.0;2.0;2.625;0;2.0;2 - 1;4.2;JK Nomme United II;;0.0;3.0;2.0;0;1.0;+0.25;7 - 2;1-0;4.5;1.75;77 - 47;39 - 20;20.0;39.0;46.0;54.0;1.0;7.0;0.0;5.0;;;;;;;;84.0;109.0;47.0;77.0;44.0;56.0;3.0;11.0;4.0;10.0;;[50 63 74];[2 2 2];[False False False];['Maardu Linnameeskond' 'Maardu Linnameeskond' 'JK Nomme United II'];[0 1 2];[1 2 1];['D' 'H' 'H'];['H' 'H' 'H'];0.56;0.44;0.0;1.0;0.0;0.0;;37572.0;;fc nomme united;;;Youth
2026-05-09;194165778;Estonia Esiliiga;Estonia;06:30;Full;-0.2857142857142857;1.95;3.0, 3.5;1.85;3.0, 3.5;1.0;4.0;;1.0;3.0;4.0;196.0;94.0;100.0;FC Flora Tallinn II;2.0;1.0;2.0;3.5;0;0.0;0 - 4;3.8;Viimsi JK;3.0;0.0;0.0;1.75;2;4.0;+0.5;1 - 4;1-3;3.25;1.25;29 - 65;15 - 33;33.0;15.0;57.0;43.0;3.0;1.0;4.0;1.0;;;;;;;;119.0;77.0;65.0;29.0;59.0;41.0;8.0;4.0;7.0;2.0;;[20 47 68 86];[1 1 2 2];[False  True False False];['Viimsi JK' 'Viimsi JK' 'Viimsi JK' 'Viimsi JK'];[ 0 -1 -2 -3];[-1 -2 -3 -4];['D' 'A' 'A' 'A'];['A' 'A' 'A' 'A'];0.22;0.0;0.78;0.43;0.0;0.57;3346.0;;tallinna fc flora;;;;Youth
2026-05-09;194260967;Italy Campionato Primavera 2;Italy;06:30;Full;-0.4791288566243195;1.8;3.0, 3.5;2.0;3.0, 3.5;4.0;5.0;;3.0;3.0;6.0;195.0;122.0;100.0;Ascoli U19;;0.0;0.0;4.75;0;1.0;1 - 2;4.5;Empoli U19;;0.0;0.0;1.45;0;2.0;+1.25;4 - 5;3-3;3.25;1.5;46 - 76;21 - 40;40.0;21.0;51.0;49.0;3.0;2.0;6.0;0.0;;;;;;;;111.0;84.0;76.0;46.0;58.0;42.0;7.0;2.0;9.0;2.0;;[46 66 85];[2 2 2];[False False False];['Empoli U19' 'Empoli U19' 'Ascoli U19'];[ 0 -1 -2];[-1 -2 -1];['D' 'A' 'A'];['A' 'A' 'A'];0.51;0.0;0.49;1.0;0.0;0.0;2707.0;2705.0;ascoli calcio 1898;empoli fc;;;Youth
2026-05-09;194205817;Estonia Meistriliiga Women;Estonia;06:30;Full;0.017368649587494622;1.975;3.0, 3.5;1.825;3.0, 3.5;3.0;6.0;;1.0;5.0;6.0;272.0;162.0;100.0;Saku Sporting (W);;0.0;0.0;2.35;0;3.0;3 - 2;3.6;Viimsi JK (W);;0.0;2.0;2.45;1;2.0;0.0;3 - 6;1-5;3.25;1.25;97 - 65;59 - 38;38.0;59.0;50.0;50.0;2.0;3.0;1.0;3.0;;;;;;;;123.0;149.0;65.0;97.0;49.0;51.0;4.0;5.0;2.0;6.0;;[ 9 55 60 87 93];[1 2 2 2 2];[False False False False  True];"['Viimsi JK (W)' 'Saku Sporting (W)' 'Saku Sporting (W)'
 'Saku Sporting (W)' 'Viimsi JK (W)']";[ 0 -1  0  1  2];[-1  0  1  2  1];['D' 'A' 'D' 'H' 'H'];['A' 'D' 'H' 'H' 'H'];0.15;0.35;0.49;0.2;0.0;0.8;;;;;;;Women
2026-05-09;194205819;Estonia Meistriliiga Women;Estonia;06:30;Full;-0.3025210084033614;2.0;3.0, 3.5;1.8;3.0, 3.5;3.0;6.0;;2.0;2.0;4.0;202.0;117.0;100.0;FC Elva (W);;0.0;1.0;3.5;2;3.0;3 - 1;4.333;Harju JK Laagri (W);;0.0;3.0;1.7;0;1.0;+0.75;3 - 6;2-2;3.25;1.25;46 - 71;23 - 30;30.0;23.0;45.0;55.0;2.0;4.0;1.0;6.0;;;;;;;;104.0;98.0;71.0;46.0;47.0;53.0;9.0;8.0;6.0;11.0;;[16 20 52 78];[1 1 2 2];[False False False False];['FC Elva (W)' 'FC Elva (W)' 'Harju JK Laagri (W)' 'FC Elva (W)'];[0 1 2 1];[1 2 1 2];['D' 'H' 'H' 'H'];['H' 'H' 'H' 'H'];0.18;0.82;0.0;0.36;0.64;0.0;;560360.0;;harju jk laagri;;;Women
2026-05-09;193268982;Australia NPL Queensland;Australia;06:30;Full;0.0841638981173865;1.85;3.0, 3.5;1.95;3.0, 3.5;5.0;7.0;;4.0;3.0;7.0;235.0;150.0;100.0;Lions FC;;0.0;1.0;2.15;1;2.0;2 - 0;3.8;Moreton City Excelsior;;0.0;1.0;2.625;0;0.0;-0.25;5 - 7;4-3;3.25;1.25;89 - 61;60 - 23;23.0;60.0;50.0;50.0;1.0;6.0;0.0;3.0;;;;;;;;106.0;129.0;61.0;89.0;50.0;50.0;4.0;9.0;2.0;6.0;;[21 75];[1 2];[False False];['Lions FC' 'Lions FC'];[0 1];[1 2];['D' 'H'];['H' 'H'];0.23;0.77;0.0;0.47;0.53;0.0;47708.0;1098129.0;lions fc;moreton city excelsior fc;;;
2026-05-09;194167464;Australia SA Premier League Reserves;Australia;06:30;Full;0.6849972722313148;1.9;4.0;1.9;4.0;6.0;5.0;;5.0;1.0;6.0;237.0;143.0;;West Torrens Birkalla Reserves;;0.0;0.0;1.222;4;10.0;10 - 1;6.5;Playford Reserves;;0.0;1.0;7.5;0;1.0;-2.0;6 - 5;5-1;4.0;1.75;95 - 48;48 - 18;18.0;48.0;;;0.0;6.0;1.0;4.0;;;;;;;;102.0;135.0;48.0;95.0;;;2.0;12.0;4.0;14.0;;[ 8 15 30 39 46 53 73 77 79 85 91];[1 1 1 1 2 2 2 2 2 2 2];[False False False False False False False False False False  True];"['West Torrens Birkalla Reserves' 'West Torrens Birkalla Reserves'
 'West Torrens Birkalla Reserves' 'West Torrens Birkalla Reserves'
 'West Torrens Birkalla Reserves' 'West Torrens Birkalla Reserves'
 'West Torrens Birkalla Reserves' 'West Torrens Birkalla Reserves'
 'West Torrens Birkalla Reserves' 'Playford Reserves'
 'West Torrens Birkalla Reserves']";[0 1 2 3 4 5 6 7 8 9 8];[1 2 3 4 5 6 7 8 9 8 9];['D' 'H' 'H' 'H' 'H' 'H' 'H' 'H' 'H' 'H' 'H'];['H' 'H' 'H' 'H' 'H' 'H' 'H' 'H' 'H' 'H' 'H'];0.09;0.91;0.0;0.18;0.82;0.0;;;;;;;Youth
2026-05-09;194167480;Australia South Australia Premier League;Australia;06:30;Full;0.1814882032667876;1.825;3.5;1.975;3.5;9.0;4.0;;6.0;0.0;6.0;178.0;110.0;100.0;Adelaide City;;0.0;4.0;1.9;1;2.0;2 - 1;4.1;Campbelltown City;;0.0;4.0;2.9;0;1.0;-0.5;9 - 4;6-0;3.5;1.5;56 - 54;26 - 20;20.0;26.0;55.0;45.0;1.0;2.0;1.0;1.0;;;;;;;;99.0;79.0;54.0;56.0;56.0;44.0;4.0;9.0;4.0;2.0;;[23 88 97];[1 2 2];[False False  True];['Adelaide City' 'Campbelltown City' 'Adelaide City'];[0 1 0];[1 0 1];['D' 'H' 'D'];['H' 'D' 'H'];0.33;0.67;0.0;0.51;0.49;0.0;90868.0;90874.0;adelaide city fc;campbelltown city sc;1.4;1.4;
2026-05-09;194015534;Australia A-League;Australia;06:40;Full;0.08070432868672045;1.875;3.0;1.925;3.0;5.0;3.0;;3.0;2.0;5.0;196.0;93.0;100.0;Sydney FC;;0.0;1.0;2.35;0;1.0;1 - 1;3.5;Newcastle Jets;;0.0;1.0;2.9;0;1.0;-0.25;5 - 3;3-2;3.0;1.25;57 - 36;30 - 25;25.0;30.0;42.0;58.0;4.0;3.0;3.0;3.0;;;;;;;;83.0;113.0;36.0;57.0;42.0;58.0;6.0;9.0;5.0;6.0;;[50 58];[2 2];[False False];['Sydney FC' 'Newcastle Jets'];[0 1];[1 0];['D' 'H'];['H' 'D'];0.91;0.09;0.0;1.0;0.0;0.0;5971.0;2934.0;sydney fc;newcastle united jets;1.44;1.44;
2026-05-09;194198044;Bangladesh Premier League;Bangladesh;06:45;Full;0.3691950464396285;1.85;2.5;1.95;2.5;6.0;2.0;;1.0;1.0;2.0;132.0;123.0;100.0;Brothers Union;;0.0;0.0;1.615;1;3.0;3 - 1;4.0;Rahmatgonj MFS;;0.0;1.0;4.0;1;1.0;0.0;6 - 2;1-1;2.5;1.0;75 - 48;43 - 22;22.0;43.0;46.0;54.0;2.0;11.0;1.0;2.0;;;;;;;;69.0;63.0;48.0;75.0;51.0;49.0;8.0;17.0;1.0;7.0;;[10 35 51 71];[1 1 2 2];[False False False False];['Rahmatgonj MFS' 'Brothers Union' 'Brothers Union' 'Brothers Union'];[ 0 -1  0  1];[-1  0  1  2];['D' 'A' 'D' 'H'];['A' 'D' 'H' 'H'];0.29;0.43;0.28;0.44;0.0;0.56;;;;;;;
2026-05-09;194261722;Bangladesh Premier League;Bangladesh;06:45;Full;-0.5324675324675325;1.875;2.5, 3.0;1.925;2.5, 3.0;2.0;2.0;;2.0;1.0;3.0;164.0;126.0;;Arambagh KS;;0.0;1.0;5.5;0;0.0;0 - 2;4.5;Mohammedan Dhaka;;0.0;0.0;1.4;0;2.0;+1.0;2 - 2;2-1;2.75;1.25;44 - 82;28 - 41;41.0;28.0;;;0.0;2.0;3.0;1.0;;;;;;;;83.0;81.0;82.0;44.0;;;3.0;2.0;6.0;1.0;;[52 76];[2 2];[False False];['Mohammedan Dhaka' 'Mohammedan Dhaka'];[ 0 -1];[-1 -2];['D' 'A'];['A' 'A'];0.58;0.0;0.42;1.0;0.0;0.0;;;;;;;
2026-05-09;193758267;Ukraine Vyscha Liga;Ukraine;07:00;Full;-0.036363636363636376;1.85;2.0;1.95;2.0;2.0;3.0;;1.0;1.0;2.0;173.0;86.0;100.0;FC Rukh Lviv;;0.0;2.0;2.75;0;0.0;0 - 0;2.8;FC Veres Rivne;;0.0;1.0;2.5;0;0.0;0.0;2 - 3;1-1;2.0;0.75;39 - 47;16 - 15;15.0;16.0;48.0;52.0;3.0;2.0;1.0;1.0;;;;;;;;84.0;89.0;47.0;39.0;51.0;49.0;6.0;7.0;2.0;3.0;;[];[];[];[];[];[];[];[];1.0;0.0;0.0;1.0;0.0;0.0;277645.0;213180.0;fc rukh lviv;veres rivne;;;
2026-05-09;194169207;Poland Ekstraliga Women;Poland;07:00;Full;-0.3752926074152383;1.85;2.5, 3.0;1.95;2.5, 3.0;4.0;8.0;;2.0;3.0;5.0;207.0;141.0;100.0;Lech Poznan UAM (W);8.0;0.0;1.0;4.1;1;1.0;1 - 1;4.0;UKS SMS Lodz (W);5.0;0.0;2.0;1.615;0;1.0;+0.75;4 - 8;2-3;2.75;1.25;74 - 67;36 - 29;29.0;36.0;39.0;61.0;5.0;2.0;5.0;3.0;;;;;;;;95.0;112.0;67.0;74.0;43.0;57.0;11.0;3.0;11.0;3.0;;[25 62];[1 2];[False False];['Lech Poznan UAM (W)' 'UKS SMS Lodz (W)'];[0 1];[1 0];['D' 'H'];['H' 'D'];0.59;0.41;0.0;0.56;0.44;0.0;;;;;;;Women
2026-05-09;194167969;Mongolia Premier League;Mongolia;07:00;Full;-0.009661835748792202;2.0;3.0, 3.5;1.8;3.0, 3.5;5.0;1.0;;5.0;1.0;6.0;185.0;112.0;100.0;Khangarid Klub;;0.0;0.0;2.3;1;2.0;2 - 1;4.2;Deren FC;;0.0;4.0;2.25;1;1.0;0.0;5 - 1;5-1;3.25;1.25;51 - 61;27 - 24;24.0;27.0;56.0;44.0;0.0;1.0;1.0;1.0;;;;;;;;109.0;76.0;61.0;51.0;59.0;41.0;3.0;2.0;2.0;4.0;;[33 35 79];[1 1 2];[False False False];['Khangarid Klub' 'Deren FC' 'Khangarid Klub'];[0 1 0];[1 0 1];['D' 'H' 'D'];['H' 'D' 'H'];0.86;0.14;0.0;0.96;0.04;0.0;;;;;;;
2026-05-09;194165860;Hong Kong Premier League;Hong Kong;07:00;Full;-0.21862348178137647;1.975;3.0;1.825;3.0;3.0;2.0;;1.0;0.0;1.0;166.0;120.0;100.0;Eastern Football Team;;0.0;2.0;3.25;1;2.0;2 - 4;3.8;Tai Po;;0.0;1.0;1.9;1;4.0;+0.5;3 - 2;1-0;3.0;1.25;45 - 75;26 - 33;33.0;26.0;48.0;52.0;3.0;3.0;3.0;2.0;;;;;;;;84.0;82.0;75.0;45.0;55.0;45.0;8.0;5.0;9.0;4.0;;[33 38 87 91 96 99];[1 1 2 2 2 2];[False False False  True  True  True];"['Eastern Football Team' 'Tai Po' 'Tai Po' 'Tai Po'
 'Eastern Football Team' 'Tai Po']";[ 0  1  0 -1 -2 -1];[ 1  0 -1 -2 -1 -2];['D' 'H' 'D' 'A' 'A' 'A'];['H' 'D' 'A' 'A' 'A' 'A'];0.83;0.05;0.12;0.89;0.11;0.0;;;;;;;
2026-05-09;194165414;Germany Bundesliga Women;Germany;07:00;Full;0.4143743067084565;1.8;3.0;2.0;3.0;8.0;5.0;;6.0;3.0;9.0;151.0;117.0;100.0;FC Cologne (W);;0.0;2.0;1.55;1;2.0;2 - 1;4.2;Hamburger SV (W);;0.0;3.0;4.333;0;1.0;-1.0;8 - 5;6-3;3.0;1.25;75 - 42;39 - 20;20.0;39.0;49.0;51.0;2.0;2.0;1.0;4.0;;;;;;;;67.0;84.0;42.0;75.0;46.0;54.0;2.0;3.0;3.0;8.0;;[30 83 97];[1 2 2];[False False  True];['FC Cologne (W)' 'Hamburger SV (W)' 'FC Cologne (W)'];[0 1 0];[1 0 1];['D' 'H' 'D'];['H' 'D' 'H'];0.45;0.55;0.0;0.67;0.33;0.0;278255.0;2676.0;1 fc cologne;hamburger sv;;;Women
2026-05-09;194260996;Poland III Liga;Poland;07:00;Full;0.25983945132881303;1.95;2.5, 3.0;1.85;2.5, 3.0;3.0;8.0;;3.0;3.0;6.0;0.0;0.0;100.0;Sparta Katowice;;0.0;3.0;1.833;0;1.0;1 - 0;3.6;Slowianin Woliborz;;0.0;3.0;3.5;0;0.0;-0.5;3 - 8;3-3;2.75;1.0;-;-;0.0;0.0;40.0;60.0;0.0;0.0;0.0;0.0;;;;;;;;0.0;0.0;0.0;0.0;42.0;58.0;0.0;0.0;0.0;1.0;;[71];[2];[False];['Sparta Katowice'];[0];[1];['D'];['H'];0.79;0.21;0.0;1.0;0.0;0.0;;;;;;;
2026-05-09;194265269;Israel Youth League;Israel;07:00;Full;0.012889366272824943;1.925;2.5, 3.0;1.875;2.5, 3.0;3.0;4.0;;3.0;3.0;6.0;130.0;63.0;100.0;Hapoel Haifa U19;;0.0;3.0;2.375;1;1.0;1 - 2;3.4;FC Ashdod U19;;0.0;2.0;2.45;0;2.0;0.0;3 - 4;3-3;2.75;1.25;26 - 37;12 - 22;22.0;12.0;61.0;39.0;5.0;5.0;4.0;4.0;;;;;;;;69.0;61.0;37.0;26.0;60.0;40.0;9.0;6.0;7.0;5.0;;[ 6 54 88];[1 2 2];[False False False];['Hapoel Haifa U19' 'FC Ashdod U19' 'FC Ashdod U19'];[0 1 0];[ 1  0 -1];['D' 'H' 'D'];['H' 'D' 'A'];0.44;0.53;0.02;0.13;0.87;0.0;5201.0;;hapoel haifa fc;;;;Youth
2026-05-09;194169560;Spain Primera Women;Spain;07:00;Full;0.5902806870548805;1.825;2.5, 3.0;1.975;2.5, 3.0;5.0;1.0;;2.0;0.0;2.0;176.0;73.0;100.0;Real Sociedad (W);;0.0;1.0;1.364;1;3.0;3 - 0;4.333;Granada (W);;1.0;1.0;7.0;0;0.0;-1.5;5 - 1;2-0;2.75;1.25;56 - 17;27 - 10;10.0;27.0;38.0;62.0;0.0;1.0;1.0;1.0;;;;;;;;58.0;118.0;17.0;56.0;36.0;64.0;1.0;6.0;1.0;4.0;;[20 66 83];[1 2 2];[False False False];['Real Sociedad (W)' 'Real Sociedad (W)' 'Real Sociedad (W)'];[0 1 2];[1 2 3];['D' 'H' 'H'];['H' 'H' 'H'];0.22;0.78;0.0;0.44;0.56;0.0;2824.0;33779.0;real sociedad san sebastian;granada cf;;;Women
2026-05-09;194169229;Portugal U19 League;Portugal;07:00;Full;-0.08050089445438285;1.95;2.5, 3.0;1.85;2.5, 3.0;4.0;4.0;;0.0;3.0;3.0;235.0;118.0;100.0;Gil Vicente U19;;0.0;2.0;2.6;0;1.0;1 - 0;3.75;Santa Clara U19;;1.0;2.0;2.15;0;0.0;+0.25;4 - 4;0-3;2.75;1.25;51 - 67;19 - 24;24.0;19.0;53.0;47.0;7.0;3.0;2.0;3.0;;;;;;;;116.0;119.0;67.0;51.0;48.0;52.0;16.0;7.0;3.0;7.0;;[98];[2];[ True];['Gil Vicente U19'];[0];[1];['D'];['H'];1.0;0.0;0.0;1.0;0.0;0.0;3010.0;3011.0;gil vicente barcelos;santa clara azores;;;Youth
2026-05-09;194166514;Hungary U19 1st Division;Hungary;07:00;Full;0.3627847900293721;2.025;3.0, 3.5;1.775;3.0, 3.5;8.0;4.0;;5.0;0.0;5.0;152.0;143.0;100.0;Vasas SC U19;;0.0;2.0;1.615;0;1.0;1 - 1;4.2;Ujpest U19;;0.0;3.0;3.9;0;1.0;-0.75;8 - 4;5-0;3.25;1.25;88 - 55;45 - 25;25.0;45.0;41.0;59.0;0.0;12.0;0.0;3.0;;;;;;;;55.0;97.0;55.0;88.0;45.0;55.0;1.0;14.0;1.0;6.0;;[55 64];[2 2];[False False];['Vasas SC U19' 'Ujpest U19'];[0 1];[1 0];['D' 'H'];['H' 'D'];0.9;0.1;0.0;1.0;0.0;0.0;;1924.0;;ujpest fc budapest;;;Youth
2026-05-09;193202209;South Korea K League 1;South Korea;07:00;Full;0.1620859760394644;2.05;2.0, 2.5;1.75;2.0, 2.5;1.0;5.0;;1.0;4.0;5.0;270.0;126.0;100.0;Daejeon Hana Citizen;;0.0;3.0;2.15;0;0.0;0 - 2;3.1;Pohang Steelers;;0.0;1.0;3.3;0;2.0;-0.25;1 - 5;1-4;2.25;0.75;83 - 43;44 - 21;21.0;44.0;50.0;50.0;1.0;3.0;1.0;2.0;;;;;;;;84.0;186.0;43.0;83.0;50.0;50.0;1.0;6.0;3.0;3.0;;[69 96];[2 2];[False  True];['Pohang Steelers' 'Pohang Steelers'];[ 0 -1];[-1 -2];['D' 'A'];['A' 'A'];0.72;0.0;0.28;1.0;0.0;0.0;7645.0;7650.0;daejeon citizen fc;fc pohang steelers;1.83;1.83;
2026-05-09;194264296;Spain Tercera Federacion Women;Spain;07:00;Full;0.39844199933315155;1.8;3.0;2.0;3.0;8.0;1.0;;6.0;0.0;6.0;196.0;96.0;100.0;Osasuna (W) B;;0.0;0.0;1.571;1;3.0;3 - 1;4.1;Mallorca International (W);;0.0;0.0;4.2;1;1.0;-1.0;8 - 1;6-0;3.0;1.25;64 - 32;31 - 15;15.0;31.0;28.0;72.0;1.0;9.0;4.0;6.0;;;;;;;;78.0;118.0;32.0;64.0;28.0;72.0;4.0;17.0;6.0;11.0;;[36 45 52 75];[1 1 2 2];[False False False False];"['Mallorca International (W)' 'Osasuna (W) B' 'Osasuna (W) B'
 'Osasuna (W) B']";[ 0 -1  0  1];[-1  0  1  2];['D' 'A' 'D' 'H'];['A' 'D' 'H' 'H'];0.48;0.42;0.1;0.8;0.0;0.2;2820.0;;ca osasuna;;;;Youth-Women
2026-05-09;194169557;Spain Primera Women;Spain;07:00;Full;0.0;1.85;2.0, 2.5;1.95;2.0, 2.5;7.0;5.0;;1.0;2.0;3.0;215.0;110.0;100.0;Espanyol (W);;0.0;1.0;2.55;1;1.0;1 - 1;3.1;FC Badalona (W);;1.0;2.0;2.55;1;1.0;0.0;7 - 5;1-2;2.25;1.0;48 - 62;19 - 31;31.0;19.0;74.0;26.0;4.0;2.0;3.0;3.0;;;;;;;;135.0;80.0;62.0;48.0;71.0;29.0;6.0;5.0;4.0;3.0;;[22 30];[1 1];[False False];['FC Badalona (W)' 'Espanyol (W)'];[ 0 -1];[-1  0];['D' 'A'];['A' 'D'];0.91;0.0;0.09;0.82;0.0;0.18;38323.0;77893.0;rcd espanyol barcelona;fc badalona women;;;Women
2026-05-09;194210182;Norway Division 3 Group 5;Norway;07:00;Full;-0.21795989537925015;1.825;3.5, 4.0;1.975;3.5, 4.0;4.0;5.0;;3.0;2.0;5.0;232.0;149.0;100.0;Strømsgodset 2;;0.0;2.0;3.1;2;3.0;3 - 2;4.1;Alta;;0.0;1.0;1.85;2;2.0;+0.5;4 - 5;3-2;3.75;1.5;55 - 94;27 - 36;36.0;27.0;53.0;47.0;4.0;1.0;2.0;3.0;;;;;;;;134.0;98.0;94.0;55.0;57.0;43.0;10.0;5.0;4.0;4.0;;[ 4 22 30 33 92];[1 1 1 1 2];[False False False False  True];['Alta' 'Strømsgodset 2' 'Alta' 'Strømsgodset 2' 'Strømsgodset 2'];[ 0 -1  0 -1  0];[-1  0 -1  0  1];['D' 'A' 'D' 'A' 'D'];['A' 'D' 'A' 'D' 'H'];0.77;0.0;0.23;0.53;0.0;0.47;;;;;;;
2026-05-09;194333927;Poland III Liga;Poland;07:00;Full;-0.22297309188180842;2.0;3.0;1.8;3.0;1.0;4.0;;0.0;0.0;0.0;0.0;0.0;100.0;Cartusia Kartuzy;;0.0;1.0;3.1;0;0.0;0 - 0;4.0;Lech Poznan II;;0.0;2.0;1.833;0;0.0;+0.5;1 - 4;0-0;3.0;1.25;-;-;0.0;0.0;68.0;32.0;0.0;0.0;0.0;0.0;;;;;;;;0.0;0.0;0.0;0.0;70.0;30.0;0.0;0.0;0.0;0.0;;[];[];[];[];[];[];[];[];1.0;0.0;0.0;1.0;0.0;0.0;;3121.0;;kks lech poznan;;;Youth
2026-05-09;194170414;Vietnam V-League 2;Vietnam;07:00;Full;0.2496626180836708;1.775;1.5, 2.0;2.025;1.5, 2.0;4.0;6.0;;2.0;4.0;6.0;129.0;70.0;100.0;Quang Ninh FC;9.0;0.0;1.0;1.95;0;0.0;0 - 1;3.0;Dong Thap;11.0;0.0;1.0;3.8;0;1.0;-0.5;4 - 6;2-4;1.75;0.75;42 - 28;19 - 14;14.0;19.0;49.0;51.0;6.0;3.0;2.0;1.0;;;;;;;;56.0;73.0;28.0;42.0;44.0;56.0;7.0;6.0;3.0;2.0;;[79];[2];[False];['Dong Thap'];[0];[-1];['D'];['A'];0.88;0.0;0.12;1.0;0.0;0.0;;;;;;;
2026-05-09;194243953;Finland Kolmonen;Finland;07:00;Full;0.40706605222734255;1.85;3.5, 4.0;1.95;3.5, 4.0;2.0;9.0;;2.0;4.0;6.0;238.0;170.0;;Sibbov;;0.0;0.0;1.55;0;1.0;1 - 2;4.333;Atlantis FC/Akatemia;;0.0;2.0;4.2;0;2.0;-1.0;2 - 9;2-4;3.75;1.5;83 - 87;43 - 38;38.0;43.0;;;4.0;3.0;1.0;0.0;;;;;;;;111.0;127.0;87.0;83.0;;;10.0;7.0;5.0;1.0;;[50 81 89];[2 2 2];[False False False];['Sibbov' 'Atlantis FC/Akatemia' 'Atlantis FC/Akatemia'];[0 1 0];[ 1  0 -1];['D' 'H' 'D'];['H' 'D' 'A'];0.64;0.34;0.01;1.0;0.0;0.0;;;;;;;
2026-05-09;194333916;Poland III Liga;Poland;07:00;Full;0.38109980834439044;1.875;2.5, 3.0;1.925;2.5, 3.0;5.0;1.0;;4.0;0.0;4.0;223.0;139.0;100.0;Cracovia Krakow II;;0.0;1.0;1.615;1;1.0;1 - 2;3.8;Stal Krasnik;;0.0;2.0;4.2;1;2.0;-0.75;5 - 1;4-0;2.75;1.25;85 - 54;34 - 27;27.0;34.0;45.0;55.0;6.0;3.0;2.0;2.0;;;;;;;;91.0;132.0;54.0;85.0;37.0;63.0;9.0;14.0;4.0;3.0;;[ 4 15 83];[1 1 2];[False False False];['Cracovia Krakow II' 'Stal Krasnik' 'Stal Krasnik'];[0 1 0];[ 1  0 -1];['D' 'H' 'D'];['H' 'D' 'A'];0.8;0.12;0.08;0.76;0.24;0.0;4901.0;;mks cracovia krakow;;;;Youth
2026-05-09;194242985;Poland IV Liga;Poland;07:00;Full;0.756898029134533;1.975;4.0;1.825;4.0;5.0;2.0;;1.0;1.0;2.0;178.0;91.0;100.0;Mamry Gizycko;;0.0;1.0;1.167;4;8.0;8 - 2;6.5;GKS Stawiguda;;0.0;0.0;10.0;2;2.0;-2.25;5 - 2;1-1;4.0;1.75;60 - 31;26 - 15;15.0;26.0;37.0;63.0;3.0;4.0;2.0;6.0;;;;;;;;72.0;106.0;31.0;60.0;34.0;66.0;6.0;11.0;6.0;12.0;;[ 1 22 27 36 38 44 57 59 68 89];[1 1 1 1 1 1 2 2 2 2];[False False False False False False False False False False];"['Mamry Gizycko' 'Mamry Gizycko' 'GKS Stawiguda' 'Mamry Gizycko'
 'Mamry Gizycko' 'GKS Stawiguda' 'Mamry Gizycko' 'Mamry Gizycko'
 'Mamry Gizycko' 'Mamry Gizycko']";[0 1 2 1 2 3 2 3 4 5];[1 2 1 2 3 2 3 4 5 6];['D' 'H' 'H' 'H' 'H' 'H' 'H' 'H' 'H' 'H'];['H' 'H' 'H' 'H' 'H' 'H' 'H' 'H' 'H' 'H'];0.01;0.99;0.0;0.02;0.98;0.0;;;;;;;
2026-05-09;194213615;South Africa Diski Challenge;South Africa;07:00;Schedule;0.10797342192691028;1.9;2.5, 3.0;1.9;2.5, 3.0;1.0;0.0;;1.0;0.0;1.0;49.0;27.0;;Orlando Pirates Reserves;;0.0;0.0;2.15;0;0.0;0 - 0;3.5;Mamelodi Sundowns Reserves;;0.0;1.0;2.8;0;0.0;-0.25 ( 0.0);1 - 0;1-0;2.75 (1.75);1.25 ( 0.5);18 - 9;nan;;;;;;;;;;;;;;;;31.0;18.0;9.0;18.0;;;0.0;2.0;1.0;0.0;;[];[];[];[];[];[];[];[];1.0;0.0;0.0;1.0;0.0;0.0;;;;;;;Youth
2026-05-09;194242976;Poland IV Liga;Poland;07:00;Full;0.8424242424242424;1.875;3.5, 4.0;1.925;3.5, 4.0;9.0;1.0;;1.0;0.0;1.0;147.0;78.0;100.0;KTS Weszlo;;0.0;3.0;1.1;1;1.0;1 - 2;9.0;Mazur Karczew;;0.0;4.0;15.0;1;2.0;-2.75;9 - 1;1-0;3.75;1.5;47 - 31;26 - 16;16.0;26.0;31.0;69.0;4.0;4.0;1.0;3.0;;;;;;;;60.0;87.0;31.0;47.0;33.0;67.0;6.0;11.0;4.0;10.0;;[30 38 79];[1 1 2];[False False False];['Mazur Karczew' 'KTS Weszlo' 'Mazur Karczew'];[ 0 -1  0];[-1  0 -1];['D' 'A' 'D'];['A' 'D' 'A'];0.79;0.0;0.21;0.82;0.0;0.18;;;;;;;
2026-05-09;194207354;Latvia 1. Liga;Latvia;07:00;Full;-0.23284823284823275;1.925;3.0, 3.5;1.875;3.0, 3.5;3.0;5.0;;1.0;2.0;3.0;227.0;131.0;;FK Tukums 2000/TSS II;10.0;0.0;0.0;3.25;0;1.0;1 - 2;3.9;Marupes SC;5.0;0.0;1.0;1.85;2;2.0;+0.5;3 - 5;1-2;3.25;1.25;69 - 62;21 - 35;35.0;21.0;;;5.0;2.0;3.0;0.0;;;;;;;;108.0;119.0;62.0;69.0;;;6.0;5.0;4.0;3.0;;[10 41 88];[1 1 2];[False False False];['Marupes SC' 'Marupes SC' 'FK Tukums 2000/TSS II'];[ 0 -1 -2];[-1 -2 -1];['D' 'A' 'A'];['A' 'A' 'A'];0.11;0.0;0.89;0.22;0.0;0.78;;;;;;;Youth
2026-05-09;194206498;Kazakhstan Premier League;Kazakhstan;07:00;Full;0.348251811985181;1.875;2.0, 2.5;1.925;2.0, 2.5;5.0;3.0;;1.0;2.0;3.0;148.0;86.0;100.0;Okzhetpes Kokshetau;3.0;0.0;1.0;1.727;0;0.0;0 - 0;3.25;FK Atyrau;9.0;0.0;2.0;4.333;0;0.0;-0.5;5 - 3;1-2;2.25;1.0;56 - 30;16 - 16;16.0;16.0;32.0;68.0;1.0;2.0;0.0;1.0;;;;;;;;67.0;81.0;30.0;56.0;37.0;63.0;2.0;5.0;0.0;2.0;;[];[];[];[];[];[];[];[];1.0;0.0;0.0;1.0;0.0;0.0;;;;;;;
2026-05-09;194205917;Ethiopia Premier League;Ethiopia;07:00;Full;0.17940199335548174;1.9;1.5, 2.0;1.9;1.5, 2.0;4.0;3.0;;2.0;3.0;5.0;161.0;58.0;100.0;Kedus Giorgis;;1.0;2.0;2.15;0;1.0;1 - 0;2.8;Mekelle 70 Enderta FC;;1.0;1.0;3.5;0;0.0;-0.25;4 - 3;2-3;1.75;0.75;31 - 27;15 - 12;12.0;15.0;53.0;47.0;2.0;2.0;0.0;2.0;;;;;;;;84.0;77.0;27.0;31.0;54.0;46.0;2.0;4.0;1.0;5.0;;[90];[2];[False];['Kedus Giorgis'];[0];[1];['D'];['H'];1.0;0.0;0.0;1.0;0.0;0.0;;;;;;;
2026-05-09;194187792;Poland III Liga;Poland;07:00;Full;-0.00447928331466968;1.825;3.0, 3.5;1.975;3.0, 3.5;3.0;8.0;;1.0;4.0;5.0;262.0;166.0;100.0;Wisla Plock II;;0.0;2.0;2.375;1;2.0;2 - 2;3.7;Lechia Tomaszow Mazowiecki;;0.0;3.0;2.35;1;2.0;0.0;3 - 8;1-4;3.25;1.25;75 - 91;33 - 45;45.0;33.0;48.0;52.0;6.0;2.0;4.0;3.0;;;;;;;;130.0;132.0;91.0;75.0;49.0;51.0;8.0;4.0;7.0;5.0;;[ 8 30 76 94];[1 1 2 2];[False False False  True];"['Lechia Tomaszow Mazowiecki' 'Wisla Plock II' 'Wisla Plock II'
 'Lechia Tomaszow Mazowiecki']";[ 0 -1  0  1];[-1  0  1  0];['D' 'A' 'D' 'H'];['A' 'D' 'H' 'D'];0.57;0.19;0.23;0.51;0.0;0.49;3122.0;;wisla plock;;;;Youth
2026-05-09;194187783;Poland III Liga;Poland;07:00;Full;0.6933306055646481;1.825;3.5;1.975;3.5;6.0;1.0;;4.0;1.0;5.0;146.0;65.0;100.0;Legia Warsaw II;;0.0;1.0;1.222;0;2.0;2 - 0;5.75;Zabkovia Zabki;;0.0;1.0;8.0;0;0.0;-2.0;6 - 1;4-1;3.5;1.5;42 - 23;21 - 11;11.0;21.0;42.0;58.0;5.0;2.0;1.0;2.0;;;;;;;;60.0;86.0;23.0;42.0;38.0;62.0;7.0;5.0;3.0;4.0;;[58 65];[2 2];[False False];['Legia Warsaw II' 'Legia Warsaw II'];[0 1];[1 2];['D' 'H'];['H' 'H'];0.64;0.36;0.0;1.0;0.0;0.0;3106.0;;legia warszawa;;;;Youth
2026-05-09;194209214;Poland Youth League;Poland;07:00;Full;-0.2589285714285714;1.875;3.0, 3.5;1.925;3.0, 3.5;6.0;6.0;;1.0;2.0;3.0;169.0;71.0;100.0;Odra Opole U19;;0.0;2.0;3.2;1;1.0;1 - 2;4.333;Lechia Gdansk U19;;0.0;3.0;1.75;1;2.0;+0.5;6 - 6;1-2;3.25;1.25;30 - 41;11 - 21;21.0;11.0;50.0;50.0;3.0;2.0;6.0;4.0;;;;;;;;93.0;76.0;41.0;30.0;52.0;48.0;11.0;5.0;10.0;6.0;;[ 3 20 51];[1 1 2];[False False False];['Lechia Gdansk U19' 'Odra Opole U19' 'Lechia Gdansk U19'];[ 0 -1  0];[-1  0 -1];['D' 'A' 'D'];['A' 'D' 'A'];0.38;0.0;0.62;0.62;0.0;0.38;7916.0;7913.0;odra opole;ks lechia gdansk;;;Youth
2026-05-09;194261225;Netherlands Youth Eredivisie;Netherlands;07:15;Full;0.24305555555555558;1.85;3.0, 3.5;1.95;3.0, 3.5;5.0;5.0;;3.0;1.0;4.0;234.0;147.0;;Feyenoord U19;;0.0;1.0;1.8;2;2.0;2 - 3;4.0;PSV U19;;0.0;2.0;3.2;1;3.0;-0.5;5 - 5;3-1;3.25;1.25;81 - 66;35 - 31;31.0;35.0;;;4.0;6.0;1.0;4.0;;;;;;;;99.0;135.0;66.0;81.0;;;11.0;9.0;3.0;4.0;;[36 37 40 74 86];[1 1 1 2 2];[False False False False False];['Feyenoord U19' 'PSV U19' 'Feyenoord U19' 'PSV U19' 'PSV U19'];[0 1 0 1 0];[ 1  0  1  0 -1];['D' 'H' 'D' 'H' 'D'];['H' 'D' 'H' 'D' 'A'];0.57;0.39;0.04;0.87;0.13;0.0;2959.0;2952.0;feyenoord rotterdam;psv eindhoven;;;Youth
2026-05-09;194169901;Taiwan Mulan League Women;Taiwan;07:30;Schedule;-0.9224550404223727;1.95;4.0;1.85;4.0;0.0;0.0;;0.0;0.0;0.0;0.0;0.0;;Taipei Bravo (W);;0.0;0.0;29.0;0;0.0;0 - 0;13.0;Taichung Blue Whale (W);;0.0;0.0;1.045;0;0.0;+3.25;0 - 0;0-0;4.0;1.75;-;nan;;;;;;;;;;;;;;;;0.0;0.0;0.0;0.0;;;0.0;0.0;0.0;0.0;;[];[];[];[];[];[];[];[];1.0;0.0;0.0;1.0;0.0;0.0;;;;;;;Women
2026-05-09;194167435;Italy Serie A Women;Italy;07:30;Full;-0.050167224080267636;2.0;2.5, 3.0;1.8;2.5, 3.0;5.0;8.0;;3.0;5.0;8.0;143.0;127.0;100.0;FC Como (W);;0.0;0.0;2.6;0;0.0;0 - 0;3.4;Napoli (W);;0.0;1.0;2.3;0;0.0;+0.25;5 - 8;3-5;2.75;1.0;53 - 74;24 - 35;35.0;24.0;54.0;46.0;1.0;1.0;4.0;3.0;;;;;;;;75.0;68.0;74.0;53.0;53.0;47.0;5.0;7.0;5.0;5.0;;[];[];[];[];[];[];[];[];1.0;0.0;0.0;1.0;0.0;0.0;865429.0;659283.0;ssd fc como;ssd napoli;;;Women
2026-05-09;194169879;Taiwan Mulan League Women;Taiwan;07:30;Schedule;0.9321266968325791;1.9;4.0;1.9;4.0;0.0;0.0;;0.0;0.0;0.0;0.0;0.0;;Kaohsiung Attackers (W);;0.0;0.0;1.04;0;0.0;0 - 0;15.0;Taichung Sakura (W);;0.0;0.0;34.0;0;0.0;-3.25;0 - 0;0-0;4.0;1.75;-;nan;;;;;;;;;;;;;;;;0.0;0.0;0.0;0.0;;;0.0;0.0;0.0;0.0;;[];[];[];[];[];[];[];[];1.0;0.0;0.0;1.0;0.0;0.0;;;;;;;Women
2026-05-09;194163992;Australia Darwin Premier League;Australia;07:30;Full;0.20720720720720714;1.85;3.5;1.95;3.5;5.0;5.0;;2.0;1.0;3.0;168.0;122.0;100.0;Darwin Olympic;2.0;0.0;0.0;1.85;0;1.0;1 - 1;4.1;Mindil Aces;6.0;0.0;1.0;3.0;1;1.0;-0.5;5 - 5;2-1;3.5;1.5;59 - 63;32 - 27;27.0;32.0;43.0;57.0;3.0;3.0;4.0;0.0;;;;;;;;85.0;83.0;63.0;59.0;44.0;56.0;4.0;5.0;5.0;1.0;;[24 53];[1 2];[False False];['Mindil Aces' 'Darwin Olympic'];[ 0 -1];[-1  0];['D' 'A'];['A' 'D'];0.68;0.0;0.32;0.53;0.0;0.47;;;;;;;
2026-05-09;194169223;Poland Ekstraliga Women;Poland;07:30;Full;0.16666666666666669;1.8;2.5, 3.0;2.0;2.5, 3.0;12.0;4.0;;7.0;3.0;10.0;196.0;122.0;100.0;AZS UJ Krakow (W);10.0;0.0;3.0;2.0;2;2.0;2 - 0;3.6;APLG Gdansk (W);9.0;0.0;1.0;3.0;0;0.0;-0.25;12 - 4;7-3;2.75;1.25;68 - 54;26 - 28;28.0;26.0;55.0;45.0;4.0;5.0;0.0;4.0;;;;;;;;97.0;99.0;54.0;68.0;52.0;48.0;8.0;11.0;2.0;9.0;;[ 4 21];[1 1];[False False];['AZS UJ Krakow (W)' 'AZS UJ Krakow (W)'];[0 1];[1 2];['D' 'H'];['H' 'H'];0.04;0.96;0.0;0.09;0.91;0.0;;;;;;;Women
2026-05-09;194206579;India League Women;India;07:30;Full;-0.16666666666666669;1.975;2.5, 3.0;1.825;2.5, 3.0;3.0;8.0;;2.0;2.0;4.0;281.0;199.0;;Kickstart Karnataka FC (W);;0.0;1.0;3.0;1;1.0;1 - 0;3.5;Gokulam Kerala FC (W);;0.0;1.0;2.0;0;0.0;+0.25;3 - 8;2-2;2.75;1.25;91 - 108;46 - 49;49.0;46.0;;;3.0;4.0;4.0;2.0;;;;;;;;147.0;134.0;108.0;91.0;;;9.0;5.0;4.0;5.0;;[17];[1];[False];['Kickstart Karnataka FC (W)'];[0];[1];['D'];['H'];0.19;0.81;0.0;0.38;0.62;0.0;;;;;;;Women
2026-05-09;194262097;Denmark U19 League;Denmark;07:30;Full;-0.19271445358401873;1.825;3.5, 4.0;1.975;3.5, 4.0;5.0;9.0;;2.0;4.0;6.0;137.0;77.0;100.0;Brondby U19;;0.0;3.0;2.875;0;1.0;1 - 1;4.2;FC Copenhagen U19;;0.0;2.0;1.85;0;1.0;+0.25;5 - 9;2-4;3.75;1.5;32 - 45;16 - 23;23.0;16.0;69.0;31.0;4.0;2.0;7.0;1.0;;;;;;;;76.0;61.0;45.0;32.0;61.0;39.0;9.0;6.0;13.0;3.0;;[72 94];[2 2];[False  True];['Brondby U19' 'FC Copenhagen U19'];[0 1];[1 0];['D' 'H'];['H' 'D'];0.77;0.23;0.0;1.0;0.0;0.0;1281.0;1284.0;broendby if;fc copenhagen;;;Youth
2026-05-09;193327142;Bulgaria First League;Bulgaria;07:45;Full;-0.2142857142857143;1.925;2.5, 3.0;1.875;2.5, 3.0;3.0;3.0;;1.0;1.0;2.0;213.0;125.0;100.0;Montana 1921;;0.0;3.0;3.5;2;2.0;2 - 2;3.6;Lokomotiv 1929 Sofia;;0.0;0.0;2.0;0;2.0;+0.5;3 - 3;1-1;2.75;1.25;41 - 84;26 - 34;34.0;26.0;64.0;36.0;1.0;2.0;0.0;5.0;;;;;;;;124.0;89.0;84.0;41.0;63.0;37.0;5.0;4.0;4.0;5.0;;[14 23 63 86];[1 1 2 2];[False False False False];"['Montana 1921' 'Montana 1921' 'Lokomotiv 1929 Sofia'
 'Lokomotiv 1929 Sofia']";[0 1 2 1];[1 2 1 0];['D' 'H' 'H' 'H'];['H' 'H' 'H' 'D'];0.2;0.8;0.0;0.31;0.69;0.0;32642.0;3277.0;pfc montana 1921;fc lokomotiv 1929 sofia;2.0;2.0;
2026-05-09;193756241;Sweden 1.div Norra;Sweden;08:00;Full;0.25983945132881303;1.8;2.5;2.0;2.5;4.0;3.0;;1.0;3.0;4.0;183.0;133.0;100.0;Umea FC;;1.0;3.0;1.833;2;2.0;2 - 2;3.4;Gefle IF;;0.0;4.0;3.5;1;2.0;-0.5;4 - 3;1-3;2.5;1.0;53 - 80;22 - 34;34.0;22.0;59.0;41.0;6.0;1.0;2.0;5.0;;;;;;;;98.0;85.0;80.0;53.0;55.0;45.0;10.0;7.0;7.0;7.0;;[13 31 32 83];[1 1 1 2];[False False False False];['Umea FC' 'Gefle IF' 'Umea FC' 'Gefle IF'];[0 1 0 1];[1 0 1 0];['D' 'H' 'D' 'H'];['H' 'D' 'H' 'D'];0.23;0.77;0.0;0.31;0.69;0.0;1774.0;1778.0;umea fc;gefle if;1.61;1.61;
2026-05-09;194205578;Hungary NBI Women;Hungary;08:00;Full;0.23751023751023742;1.8;3.0;2.0;3.0;3.0;7.0;;2.0;5.0;7.0;106.0;136.0;;Pecsi MFC (W);;0.0;1.0;1.85;1;1.0;1 - 1;3.7;Diosgyori VTK (W);;0.0;1.0;3.3;0;1.0;-0.5;3 - 7;2-5;3.0;1.25;48 - 88;15 - 51;51.0;15.0;;;2.0;0.0;0.0;1.0;;;;;;;;52.0;54.0;88.0;48.0;;;5.0;1.0;1.0;1.0;;[45 76];[1 2];[False False];['Pecsi MFC (W)' 'Diosgyori VTK (W)'];[0 1];[1 0];['D' 'H'];['H' 'D'];0.66;0.34;0.0;1.0;0.0;0.0;;5121.0;;diosgyori vtk;;;Women
2026-05-09;194208941;Norway Division 2 Group 1;Norway;08:00;Full;0.2936507936507936;1.85;2.5, 3.0;1.95;2.5, 3.0;10.0;3.0;;4.0;0.0;4.0;0.0;0.0;100.0;Lysekloster;;0.0;2.0;1.75;1;1.0;1 - 2;3.7;Pors Grenland;;0.0;3.0;3.6;2;2.0;-0.5;10 - 3;4-0;2.75;1.25;-;-;0.0;0.0;41.0;59.0;0.0;0.0;2.0;1.0;;;;;;;;0.0;0.0;0.0;0.0;40.0;60.0;0.0;0.0;2.0;1.0;;[16 30 41];[1 1 1];[False False False];['Lysekloster' 'Pors Grenland' 'Pors Grenland'];[0 1 0];[ 1  0 -1];['D' 'H' 'D'];['H' 'D' 'A'];0.3;0.16;0.54;0.6;0.31;0.09;199925.0;729.0;lysekloster;pors grenland;;;
2026-05-09;194209218;Poland Youth League;Poland;08:00;Full;0.20720720720720714;1.825;3.5;1.975;3.5;2.0;5.0;;0.0;3.0;3.0;161.0;90.0;100.0;Miedz Legnica U19;;0.0;2.0;1.85;1;2.0;2 - 2;4.2;Escola Varsovia U19;;0.0;3.0;3.0;0;2.0;-0.5;2 - 5;0-3;3.5;1.5;37 - 53;17 - 25;25.0;17.0;53.0;47.0;5.0;3.0;2.0;2.0;;;;;;;;87.0;74.0;53.0;37.0;52.0;48.0;9.0;9.0;7.0;3.0;;[18 52 75 81];[1 2 2 2];[False False False False];"['Miedz Legnica U19' 'Miedz Legnica U19' 'Escola Varsovia U19'
 'Escola Varsovia U19']";[0 1 2 1];[1 2 1 0];['D' 'H' 'H' 'H'];['H' 'H' 'H' 'D'];0.3;0.7;0.0;0.4;0.6;0.0;35330.0;;miedz legnica;;;;Youth
2026-05-09;194204819;Cameroon League Women;Cameroon;08:00;Full;0.5442253521126761;1.9;2.5, 3.0;1.9;2.5, 3.0;5.0;3.0;;3.0;3.0;6.0;158.0;152.0;;Amazone FAP (W);;0.0;1.0;1.42;1;5.0;5 - 0;4.0;Agai FC (W);;0.0;0.0;6.25;0;0.0;-1.25;5 - 3;3-3;2.75;1.25;86 - 66;46 - 39;39.0;46.0;;;4.0;0.0;1.0;3.0;;;;;;;;87.0;71.0;66.0;86.0;;;6.0;4.0;1.0;8.0;;[40 55 73 75 83];[1 2 2 2 2];[False False False False False];"['Amazone FAP (W)' 'Amazone FAP (W)' 'Amazone FAP (W)' 'Amazone FAP (W)'
 'Amazone FAP (W)']";[0 1 2 3 4];[1 2 3 4 5];['D' 'H' 'H' 'H' 'H'];['H' 'H' 'H' 'H' 'H'];0.44;0.56;0.0;0.89;0.11;0.0;;;;;;;Women
2026-05-09;194334936;Taiwan League Division 2;Taiwan;08:00;Schedule;0.11904761904761901;1.825;2.5, 3.0;1.975;2.5, 3.0;0.0;0.0;;0.0;0.0;0.0;0.0;0.0;;Ming Chuan Desafio;;0.0;0.0;2.1;0;0.0;0 - 0;3.6;Fu Jen University;;0.0;0.0;2.8;0;0.0;-0.25;0 - 0;0-0;2.75;1.25;-;nan;;;;;;;;;;;;;;;;0.0;0.0;0.0;0.0;;;0.0;0.0;0.0;0.0;;[];[];[];[];[];[];[];[];1.0;0.0;0.0;1.0;0.0;0.0;;;;;;;
2026-05-09;193001548;Germany Bundesliga II;Germany;08:00;Full;0.0;1.85;2.5;1.95;2.5;5.0;9.0;;3.0;1.0;4.0;207.0;99.0;100.0;Eintracht Braunschweig;15.0;0.0;2.0;2.625;1;2.0;2 - 1;3.25;Dynamo Dresden;12.0;0.0;2.0;2.625;0;1.0;0.0;5 - 9;3-1;2.5;1.0;27 - 72;16 - 26;26.0;16.0;68.0;32.0;1.0;4.0;1.0;1.0;;;;;;;;125.0;82.0;72.0;27.0;71.0;29.0;8.0;7.0;6.0;2.0;;[20 50 86];[1 2 2];[False False False];['Eintracht Braunschweig' 'Eintracht Braunschweig' 'Dynamo Dresden'];[0 1 2];[1 2 1];['D' 'H' 'H'];['H' 'H' 'H'];0.22;0.78;0.0;0.44;0.56;0.0;2557.0;2595.0;eintracht braunschweig;dynamo dresden;1.61;1.61;Youth
2026-05-09;194165804;Finland Kansallinen Liiga Women;Finland;08:00;Full;-0.5224071702944943;1.85;3.5;1.95;3.5;4.0;8.0;;2.0;4.0;6.0;79.0;93.0;100.0;PK-35 Vantaa (W);;0.0;0.0;5.5;0;0.0;0 - 5;4.5;Aland United (W);;0.0;1.0;1.42;1;5.0;+1.5;4 - 8;2-4;3.5;1.5;34 - 59;20 - 27;27.0;20.0;65.0;35.0;1.0;3.0;4.0;2.0;;;;;;;;44.0;35.0;59.0;34.0;63.0;37.0;2.0;4.0;9.0;3.0;;[23 54 61 62 92];[1 2 2 2 2];[False False False False  True];"['Aland United (W)' 'Aland United (W)' 'Aland United (W)'
 'Aland United (W)' 'Aland United (W)']";[ 0 -1 -2 -3 -4];[-1 -2 -3 -4 -5];['D' 'A' 'A' 'A' 'A'];['A' 'A' 'A' 'A' 'A'];0.25;0.0;0.75;0.51;0.0;0.49;;;;;;;Women
2026-05-09;194209223;Poland Ekstraliga Women;Poland;08:00;Full;0.38653723742838964;1.8;3.0;2.0;3.0;9.0;5.0;;5.0;2.0;7.0;112.0;71.0;100.0;GKS Katowice (W);;0.0;2.0;1.571;1;2.0;2 - 1;4.333;Slask Wroclaw (W);;0.0;2.0;4.0;0;1.0;-1.0;9 - 5;5-2;3.0;1.25;46 - 25;24 - 17;17.0;24.0;48.0;52.0;2.0;1.0;0.0;1.0;;;;;;;;43.0;69.0;25.0;46.0;45.0;55.0;3.0;2.0;1.0;2.0;;[10 65 87];[1 2 2];[False False False];['GKS Katowice (W)' 'Slask Wroclaw (W)' 'GKS Katowice (W)'];[0 1 0];[1 0 1];['D' 'H' 'D'];['H' 'D' 'H'];0.36;0.64;0.0;0.22;0.78;0.0;3112.0;3108.0;gks katowice;wks slask wroclaw;;;Women
2026-05-09;194165408;Finland Ykkonen;Finland;08:00;Full;0.43009349858664936;1.9;3.0, 3.5;1.9;3.0, 3.5;6.0;5.0;;3.0;0.0;3.0;170.0;107.0;100.0;OLS;;0.0;1.0;1.533;1;2.0;2 - 1;4.2;JJK;;0.0;5.0;4.5;1;1.0;-1.0;6 - 5;3-0;3.25;1.25;70 - 37;34 - 12;12.0;34.0;44.0;56.0;2.0;4.0;4.0;5.0;;;;;;;;74.0;96.0;37.0;70.0;43.0;57.0;7.0;9.0;6.0;9.0;;[38 40 70];[1 1 2];[False False False];['OLS' 'JJK' 'OLS'];[0 1 0];[1 0 1];['D' 'H' 'D'];['H' 'D' 'H'];0.76;0.24;0.0;0.96;0.04;0.0;5116.0;7298.0;oulun luistinseura;jjk jyvaskyla;;;
2026-05-09;193757638;Sweden 1.div Södra;Sweden;08:00;Full;0.15517241379310343;1.9;2.5, 3.0;1.9;2.5, 3.0;7.0;8.0;;0.0;3.0;3.0;157.0;112.0;100.0;BK Olympic;;0.0;0.0;2.0;1;2.0;2 - 0;3.7;Kristianstad FC;;0.0;4.0;2.9;0;0.0;-0.25;7 - 8;0-3;2.75;1.25;43 - 69;16 - 33;33.0;16.0;60.0;40.0;2.0;3.0;3.0;3.0;;;;;;;;91.0;66.0;69.0;43.0;57.0;43.0;5.0;5.0;4.0;8.0;;[ 8 87];[1 2];[False False];['BK Olympic' 'BK Olympic'];[0 1];[1 2];['D' 'H'];['H' 'H'];0.09;0.91;0.0;0.18;0.82;0.0;47812.0;1830.0;bk olympic;kristianstad fc;;;
2026-05-09;194262094;Denmark 1.Division Women Play-Offs;Denmark;08:00;Full;0.5835208802200551;1.85;3.0, 3.5;1.95;3.0, 3.5;3.0;3.0;;2.0;1.0;3.0;147.0;87.0;100.0;Boldklubben AF 1893 (W);;0.0;1.0;1.333;0;0.0;0 - 0;5.0;Esbjerg fB (W);;0.0;1.0;6.0;0;0.0;-1.5;3 - 3;2-1;3.25;1.25;57 - 30;29 - 13;13.0;29.0;49.0;51.0;2.0;8.0;3.0;5.0;;;;;;;;64.0;83.0;30.0;57.0;48.0;52.0;4.0;15.0;3.0;9.0;;[];[];[];[];[];[];[];[];1.0;0.0;0.0;1.0;0.0;0.0;;;;;;;Women
2026-05-09;194211665;Sweden 2.div Norra Svealand;Sweden;08:00;Full;0.20373514431239387;1.8;3.0;2.0;3.0;8.0;5.0;;4.0;2.0;6.0;179.0;93.0;100.0;Enskede IK;;0.0;1.0;1.9;1;1.0;1 - 1;3.75;Sunnersta AIF;;0.0;3.0;3.1;1;1.0;-0.5;8 - 5;4-2;3.0;1.25;51 - 42;26 - 20;20.0;26.0;49.0;51.0;3.0;1.0;2.0;2.0;;;;;;;;85.0;94.0;42.0;51.0;44.0;56.0;4.0;3.0;5.0;8.0;;[39 43];[1 1];[False False];['Sunnersta AIF' 'Enskede IK'];[ 0 -1];[-1  0];['D' 'A'];['A' 'D'];0.96;0.0;0.04;0.91;0.0;0.09;5290.0;;enskede ik;;;;
2026-05-09;193001543;Germany Bundesliga II;Germany;08:00;Full;-0.22971682124919107;1.85;3.0;1.95;3.0;4.0;4.0;;1.0;0.0;1.0;175.0;79.0;100.0;Bochum;11.0;0.0;3.0;3.4;0;1.0;1 - 1;4.1;Hannover 96;4.0;0.0;2.0;1.909;0;1.0;+0.5;4 - 4;1-0;3.0;1.25;36 - 43;12 - 14;14.0;12.0;57.0;43.0;2.0;3.0;0.0;1.0;;;;;;;;103.0;72.0;43.0;36.0;59.0;41.0;9.0;8.0;1.0;2.0;;[50 55];[2 2];[False False];['Hannover 96' 'Bochum'];[ 0 -1];[-1  0];['D' 'A'];['A' 'D'];0.94;0.0;0.06;1.0;0.0;0.0;2542.0;2541.0;vfl bochum;hannover 96;1.44;1.44;Youth
2026-05-09;192931923;England Super League Women;England;08:00;Full;-0.6874015748031496;1.95;3.0, 3.5;1.85;3.0, 3.5;0.0;10.0;;0.0;3.0;3.0;161.0;129.0;100.0;Aston Villa (W);;0.0;0.0;10.0;0;0.0;0 - 3;5.5;Arsenal (W);;0.0;0.0;1.27;2;3.0;+1.75;0 - 10;0-3;3.25;1.25;33 - 96;15 - 44;44.0;15.0;50.0;50.0;8.0;0.0;5.0;1.0;;;;;;;;100.0;61.0;96.0;33.0;52.0;48.0;14.0;1.0;11.0;1.0;;[ 4 35 52];[1 1 2];[False False False];['Arsenal (W)' 'Arsenal (W)' 'Arsenal (W)'];[ 0 -1 -2];[-1 -2 -3];['D' 'A' 'A'];['A' 'A' 'A'];0.04;0.0;0.96;0.09;0.0;0.91;372786.0;26243.0;aston villa wfc;arsenal wfc;;;Women
2026-05-09;194166609;Lithuania 1 Lyga;Lithuania;08:00;Full;0.4666666666666666;1.925;2.5, 3.0;1.875;2.5, 3.0;15.0;6.0;;9.0;3.0;12.0;198.0;108.0;;FK Minija;;0.0;2.0;1.5;0;3.0;3 - 1;3.9;DFK Dainava;;0.0;3.0;5.0;0;1.0;-1.0;15 - 6;9-3;2.75;1.25;66 - 42;34 - 21;21.0;34.0;;;4.0;6.0;1.0;6.0;;;;;;;;88.0;110.0;42.0;66.0;;;6.0;11.0;5.0;11.0;;[59 64 67 93];[2 2 2 2];[False False False  True];['FK Minija' 'DFK Dainava' 'FK Minija' 'FK Minija'];[0 1 0 1];[1 0 1 2];['D' 'H' 'D' 'H'];['H' 'D' 'H' 'H'];0.67;0.33;0.0;1.0;0.0;0.0;;;;;;;
2026-05-09;193756230;Sweden 1.div Norra;Sweden;08:00;Full;0.3498800239952009;1.9;2.5, 3.0;1.9;2.5, 3.0;2.0;6.0;;0.0;0.0;0.0;175.0;113.0;100.0;FC Arlanda;;0.0;3.0;1.667;1;1.0;1 - 1;3.8;Sollentuna FK;;0.0;0.0;4.0;0;1.0;-0.75;2 - 6;0-0;2.75;1.25;49 - 64;29 - 21;21.0;29.0;53.0;47.0;0.0;4.0;0.0;2.0;;;;;;;;87.0;88.0;64.0;49.0;56.0;44.0;6.0;5.0;3.0;2.0;;[15 95];[1 2];[False  True];['FC Arlanda' 'Sollentuna FK'];[0 1];[1 0];['D' 'H'];['H' 'D'];0.16;0.84;0.0;0.33;0.67;0.0;342150.0;21882.0;fc arlanda;sollentuna fk;1.57;1.57;
2026-05-09;194166851;Macau 1st Division;Macau;08:00;Full;-0.8577667547312234;1.975;5.0, 5.5;1.825;5.0, 5.5;1.0;5.0;;0.0;0.0;0.0;142.0;104.0;100.0;Artilheiros;;0.0;1.0;17.0;0;1.0;1 - 5;10.0;Benfica Macau;;0.0;3.0;1.091;4;5.0;+3.25;1 - 5;0-0;5.25;2.25;23 - 81;11 - 31;31.0;11.0;53.0;47.0;5.0;4.0;7.0;1.0;;;;;;;;72.0;70.0;81.0;23.0;57.0;43.0;10.0;7.0;12.0;2.0;;[ 6 20 24 31 50 55];[1 1 1 1 2 2];[False False False False False False];"['Benfica Macau' 'Benfica Macau' 'Benfica Macau' 'Benfica Macau'
 'Benfica Macau' 'Artilheiros']";[ 0 -1 -2 -3 -4 -5];[-1 -2 -3 -4 -5 -4];['D' 'A' 'A' 'A' 'A' 'A'];['A' 'A' 'A' 'A' 'A' 'A'];0.07;0.0;0.93;0.13;0.0;0.87;;;;;;;
2026-05-09;194310781;Sweden 2.div Västra Götaland;Sweden;08:00;Full;0.4791288566243195;1.85;3.5;1.95;3.5;4.0;7.0;;1.0;6.0;7.0;153.0;101.0;100.0;Västra Frölunda IF;;0.0;3.0;1.45;2;5.0;5 - 3;4.75;BK Astrio;;0.0;0.0;4.75;1;3.0;-1.5;4 - 7;1-6;3.5;1.5;52 - 49;24 - 26;26.0;24.0;57.0;43.0;8.0;4.0;7.0;2.0;;;;;;;;76.0;77.0;49.0;52.0;54.0;46.0;11.0;7.0;11.0;6.0;;[ 3  7 42 56 61 70 72 82];[1 1 1 2 2 2 2 2];[False False False False False False False False];"['Västra Frölunda IF' 'Västra Frölunda IF' 'BK Astrio'
 'Västra Frölunda IF' 'BK Astrio' 'Västra Frölunda IF'
 'Västra Frölunda IF' 'BK Astrio']";[0 1 2 1 2 1 2 3];[1 2 1 2 1 2 3 2];['D' 'H' 'H' 'H' 'H' 'H' 'H' 'H'];['H' 'H' 'H' 'H' 'H' 'H' 'H' 'H'];0.03;0.97;0.0;0.07;0.93;0.0;1785.0;210372.0;vastra frolunda if;bk astrio;;;
2026-05-09;194205576;Denmark Division 3;Denmark;08:00;Full;-0.32903879559930516;1.875;2.5, 3.0;1.925;2.5, 3.0;3.0;7.0;;3.0;2.0;5.0;171.0;71.0;100.0;Vejgaard;9.0;0.0;0.0;4.0;0;0.0;0 - 2;3.6;Holbæk;8.0;0.0;0.0;1.727;1;2.0;+0.75;3 - 7;3-2;2.75;1.25;27 - 44;14 - 18;18.0;14.0;52.0;48.0;4.0;0.0;4.0;1.0;;;;;;;;89.0;82.0;44.0;27.0;53.0;47.0;8.0;2.0;6.0;3.0;;[14 87];[1 2];[False False];['Holbæk' 'Holbæk'];[ 0 -1];[-1 -2];['D' 'A'];['A' 'A'];0.16;0.0;0.84;0.31;0.0;0.69;;;;;;;
2026-05-09;193001562;Germany Bundesliga II;Germany;08:00;Full;-0.12028869286287086;1.95;3.0, 3.5;1.85;3.0, 3.5;10.0;6.0;;4.0;3.0;7.0;163.0;120.0;100.0;Holstein Kiel;10.0;0.0;2.0;2.9;0;1.0;1 - 3;3.9;Magdeburg;14.0;0.0;2.0;2.15;2;3.0;+0.25;10 - 6;4-3;3.25;1.25;74 - 46;41 - 26;26.0;41.0;46.0;54.0;4.0;6.0;3.0;0.0;;;;;;;;67.0;96.0;46.0;74.0;41.0;59.0;8.0;8.0;9.0;4.0;;[40 47 56 92];[1 1 2 2];[False  True False  True];['Magdeburg' 'Magdeburg' 'Magdeburg' 'Holstein Kiel'];[ 0 -1 -2 -3];[-1 -2 -3 -2];['D' 'A' 'A' 'A'];['A' 'A' 'A' 'A'];0.43;0.0;0.57;0.85;0.0;0.15;2573.0;2591.0;holstein kiel;1. fc magdeburg;1.4;1.4;Youth
2026-05-09;194264345;Sweden Elitettan;Sweden;08:00;Full;0.342902711323764;1.95;3.0, 3.5;1.85;3.0, 3.5;2.0;5.0;;1.0;2.0;3.0;175.0;50.0;100.0;Husqvarna FF (W);;0.0;3.0;1.65;0;0.0;0 - 1;4.0;Enskede IK (W);;0.0;0.0;3.8;0;1.0;-0.75;2 - 5;1-2;3.25;1.25;24 - 26;10 - 10;10.0;10.0;46.0;54.0;2.0;2.0;0.0;0.0;;;;;;;;92.0;83.0;26.0;24.0;45.0;55.0;4.0;4.0;1.0;3.0;;[62];[2];[False];['Enskede IK (W)'];[0];[-1];['D'];['A'];0.69;0.0;0.31;1.0;0.0;0.0;1820.0;5290.0;husqvarna ff;enskede ik;;;Women
2026-05-09;194206500;Kazakhstan Premier League;Kazakhstan;08:00;Full;-0.010582010582010581;1.85;2.0;1.95;2.0;3.0;4.0;;1.0;3.0;4.0;28.0;65.0;100.0;Zhetysu;7.0;0.0;1.0;2.7;2;2.0;2 - 3;2.7;FK Zhenys;11.0;0.0;2.0;2.625;2;3.0;0.0;3 - 4;1-3;2.0;0.75;35 - 30;13 - 14;14.0;13.0;49.0;51.0;6.0;2.0;7.0;5.0;;;;;;;;9.0;19.0;30.0;35.0;41.0;59.0;7.0;4.0;8.0;6.0;;[ 7 14 16 28 73];[1 1 1 1 2];[False False False False False];['FK Zhenys' 'FK Zhenys' 'Zhetysu' 'Zhetysu' 'FK Zhenys'];[ 0 -1 -2 -1  0];[-1 -2 -1  0 -1];['D' 'A' 'A' 'A' 'D'];['A' 'A' 'A' 'D' 'A'];0.58;0.0;0.42;0.53;0.0;0.47;;;;;;;
2026-05-09;194205565;Denmark Division 2;Denmark;08:00;Full;-0.06349206349206349;2.0;2.5;1.8;2.5;2.0;7.0;;0.0;5.0;5.0;103.0;64.0;100.0;Naestved IF;;2.0;3.0;2.625;1;1.0;1 - 3;3.3;Vendsyssel FF;;0.0;1.0;2.25;3;3.0;+0.25;2 - 7;0-5;2.5;1.0;21 - 43;11 - 20;20.0;11.0;50.0;50.0;2.0;2.0;5.0;1.0;;;;;;;;56.0;47.0;43.0;21.0;50.0;50.0;6.0;4.0;6.0;1.0;;[11 14 24 26];[1 1 1 1];[False False False False];['Naestved IF' 'Vendsyssel FF' 'Vendsyssel FF' 'Vendsyssel FF'];[ 0  1  0 -1];[ 1  0 -1 -2];['D' 'H' 'D' 'A'];['H' 'D' 'A' 'A'];0.23;0.03;0.73;0.47;0.07;0.47;1320.0;1314.0;naestved bk;vendsyssel ff;;;
2026-05-09;194170390;Vietnam V-League;Vietnam;08:00;Full;-0.49385749385749383;1.9;3.0;1.9;3.0;1.0;15.0;;1.0;3.0;4.0;185.0;134.0;100.0;Thanh Hoa;;1.0;3.0;5.5;1;1.0;1 - 0;4.0;Ha Noi FC;;0.0;2.0;1.48;0;0.0;+1.0;1 - 15;1-3;3.0;1.25;26 - 108;19 - 44;44.0;19.0;59.0;41.0;6.0;1.0;3.0;3.0;;;;;;;;112.0;73.0;108.0;26.0;64.0;36.0;15.0;3.0;7.0;4.0;;[38];[1];[False];['Thanh Hoa'];[0];[1];['D'];['H'];0.42;0.58;0.0;0.84;0.16;0.0;33030.0;33130.0;dong a thanh hoa;hanoi fc;;;
2026-05-09;194171457;Thailand Division 2;Thailand;08:00;Schedule;0.5507246376811595;2.0;3.5;1.8;3.5;0.0;0.0;;0.0;0.0;0.0;0.0;0.0;;Nong Bua Pitchaya;5.0;0.0;0.0;1.38;0;0.0;0 - 0;4.5;Police Tero FC;4.0;0.0;0.0;5.75;0;0.0;-1.25;0 - 0;0-0;3.5;1.5;-;nan;;;;;;;;;;;;;;;;0.0;0.0;0.0;0.0;;;0.0;0.0;0.0;0.0;;[];[];[];[];[];[];[];[];1.0;0.0;0.0;1.0;0.0;0.0;;;;;;;
2026-05-09;194316761;Vietnam V-League 2;Vietnam;08:00;Full;0.4144736842105263;1.8;2.0, 2.5;2.0;2.0, 2.5;2.0;3.0;;0.0;1.0;1.0;123.0;74.0;100.0;Xuan Thien Phu Tho;;0.0;0.0;1.6;0;2.0;2 - 0;3.6;Dai Hoc Van Hien;;0.0;1.0;4.75;0;0.0;-0.75;2 - 3;0-1;2.25;1.0;41 - 33;22 - 11;11.0;22.0;38.0;62.0;1.0;3.0;0.0;2.0;;;;;;;;59.0;64.0;33.0;41.0;46.0;54.0;5.0;6.0;0.0;5.0;;[63 75];[2 2];[False False];['Xuan Thien Phu Tho' 'Xuan Thien Phu Tho'];[0 1];[1 2];['D' 'H'];['H' 'H'];0.7;0.3;0.0;1.0;0.0;0.0;;;;;;;
2026-05-09;194198007;Australia WA State Cup Women;Australia;08:00;Full;-0.756898029134533;1.85;3.5, 4.0;1.95;3.5, 4.0;3.0;9.0;;3.0;6.0;9.0;245.0;165.0;;Subiaco AFC (W);;0.0;0.0;10.0;1;2.0;2 - 3;7.0;Perth SC (W);;0.0;2.0;1.167;2;3.0;+2.25;3 - 9;3-6;3.75;1.5;78 - 87;30 - 46;46.0;30.0;;;6.0;2.0;4.0;3.0;;;;;;;;119.0;126.0;87.0;78.0;;;8.0;5.0;11.0;5.0;;[10 29 47 54 92];[1 1 1 2 2];[False False  True False  True];"['Perth SC (W)' 'Subiaco AFC (W)' 'Perth SC (W)' 'Perth SC (W)'
 'Subiaco AFC (W)']";[ 0 -1  0 -1 -2];[-1  0 -1 -2 -1];['D' 'A' 'D' 'A' 'A'];['A' 'D' 'A' 'A' 'A'];0.3;0.0;0.7;0.6;0.0;0.4;;92030.0;;perth azzurri;;;Women
2026-05-09;194171459;Thailand Division 2;Thailand;08:00;Full;0.367965367965368;1.95;3.0;1.85;3.0;3.0;3.0;;2.0;1.0;3.0;207.0;149.0;100.0;Pattani FC;3.0;0.0;1.0;1.65;2;2.0;2 - 1;3.7;Chainat Hornbill;7.0;0.0;3.0;4.2;0;1.0;-0.75;3 - 3;2-1;3.0;1.25;77 - 72;41 - 36;36.0;41.0;47.0;53.0;7.0;5.0;0.0;3.0;;;;;;;;100.0;107.0;72.0;77.0;48.0;52.0;10.0;7.0;4.0;6.0;;[43 47 61];[1 1 2];[False  True False];['Pattani FC' 'Pattani FC' 'Chainat Hornbill'];[0 1 2];[1 2 1];['D' 'H' 'H'];['H' 'H' 'H'];0.48;0.52;0.0;0.91;0.09;0.0;;;;;;;
2026-05-09;194170392;Vietnam V-League;Vietnam;08:00;Full;0.40866873065015485;1.925;2.5, 3.0;1.875;2.5, 3.0;1.0;11.0;;1.0;7.0;8.0;127.0;68.0;100.0;Ninh Binh;;0.0;1.0;1.615;1;2.0;2 - 1;3.5;Hai Phong;;0.0;1.0;4.75;0;1.0;-0.75;1 - 11;1-7;2.75;1.25;35 - 33;16 - 19;19.0;16.0;53.0;47.0;8.0;1.0;1.0;3.0;;;;;;;;64.0;63.0;33.0;35.0;53.0;47.0;12.0;3.0;5.0;7.0;;[16 59 91];[1 2 2];[False False  True];['Ninh Binh' 'Ninh Binh' 'Hai Phong'];[0 1 2];[1 2 1];['D' 'H' 'H'];['H' 'H' 'H'];0.18;0.82;0.0;0.36;0.64;0.0;330079.0;33124.0;ninh binh fc;haiphong fc;;;
2026-05-09;194210156;Norway Division 3 Group 1;Norway;08:00;Full;0.41666666666666663;1.825;4.0;1.975;4.0;7.0;4.0;;4.0;2.0;6.0;187.0;80.0;100.0;IF Ready;;0.0;2.0;1.5;1;3.0;3 - 0;5.0;Nordstrand;;0.0;3.0;4.0;0;0.0;-1.0;7 - 4;4-2;4.0;1.75;43 - 37;26 - 15;15.0;26.0;40.0;60.0;3.0;6.0;1.0;4.0;;;;;;;;97.0;90.0;37.0;43.0;50.0;50.0;8.0;9.0;2.0;6.0;;[36 80 81];[1 2 2];[False False False];['IF Ready' 'IF Ready' 'IF Ready'];[0 1 2];[1 2 3];['D' 'H' 'H'];['H' 'H' 'H'];0.4;0.6;0.0;0.8;0.2;0.0;;;;;;;
2026-05-09;193320695;Sweden Superettan;Sweden;08:00;Full;0.033375052148518936;1.8;3.0;2.0;3.0;3.0;6.0;;0.0;2.0;2.0;106.0;68.0;;Nordic United FC;;0.0;1.0;2.35;1;4.0;4 - 2;3.4;Osters IF;;0.0;2.0;2.55;1;2.0;0.0;3 - 6;0-2;3.0;1.25;32 - 36;15 - 16;16.0;15.0;;;2.0;9.0;2.0;4.0;;;;;;;;57.0;49.0;36.0;32.0;;;6.0;11.0;4.0;10.0;;[24 29 51 55 66 86];[1 1 2 2 2 2];[False False False False False False];"['Osters IF' 'Nordic United FC' 'Nordic United FC' 'Nordic United FC'
 'Nordic United FC' 'Osters IF']";[ 0 -1  0  1  2  3];[-1  0  1  2  3  2];['D' 'A' 'D' 'H' 'H' 'H'];['A' 'D' 'H' 'H' 'H' 'H'];0.51;0.43;0.06;0.89;0.0;0.11;781030.0;1781.0;nordic united fc;osters if;1.66;1.53;
2026-05-09;193320693;Sweden Superettan;Sweden;08:00;Full;0.10971786833855796;2.0;2.5, 3.0;1.8;2.5, 3.0;4.0;4.0;;3.0;0.0;3.0;0.0;0.0;;IK Oddevold;1.0;0.0;1.0;2.2;1;1.0;1 - 1;3.2;Landskrona;1.0;0.0;1.0;2.9;0;1.0;-0.25;4 - 4;3-0;2.75;1.0;-;-;0.0;0.0;;;0.0;0.0;0.0;1.0;;;;;;;;0.0;0.0;0.0;0.0;;;0.0;0.0;1.0;1.0;;[41 86];[1 2];[False False];['IK Oddevold' 'Landskrona'];[0 1];[1 0];['D' 'H'];['H' 'D'];0.5;0.5;0.0;0.91;0.09;0.0;1860.0;1772.0;ik oddevold;landskrona bois;1.7;1.61;
2026-05-09;194210165;Norway Division 3 Group 2;Norway;08:00;Full;0.04638218923933213;1.825;3.5;1.975;3.5;5.0;4.0;;4.0;2.0;6.0;149.0;135.0;;Strindheim;;0.0;3.0;2.2;2;2.0;2 - 1;3.9;Volda;;0.0;1.0;2.45;1;1.0;0.0;5 - 4;4-2;3.5;1.5;66 - 69;36 - 25;25.0;36.0;;;0.0;0.0;1.0;4.0;;;;;;;;82.0;67.0;69.0;66.0;;;3.0;5.0;3.0;4.0;;[ 3 23 36];[1 1 1];[False False False];['Strindheim' 'Volda' 'Strindheim'];[0 1 0];[1 0 1];['D' 'H' 'D'];['H' 'D' 'H'];0.18;0.82;0.0;0.36;0.64;0.0;;;;;;;
2026-05-09;194191356;Finland Kansallinen Liiga Women;Finland;08:00;Full;-0.6526049766718507;1.975;3.0, 3.5;1.825;3.0, 3.5;2.0;12.0;;2.0;5.0;7.0;186.0;95.0;100.0;Ilves (W);;0.0;1.0;8.0;1;2.0;2 - 3;5.0;KuPS (W);;0.0;1.0;1.286;1;3.0;+1.5;2 - 12;2-5;3.25;1.5;38 - 57;20 - 22;22.0;20.0;55.0;45.0;7.0;4.0;5.0;5.0;;;;;;;;110.0;76.0;57.0;38.0;56.0;44.0;13.0;6.0;11.0;8.0;;[14 42 64 70 89];[1 1 2 2 2];[False False False False False];['Ilves (W)' 'KuPS (W)' 'KuPS (W)' 'KuPS (W)' 'Ilves (W)'];[ 0  1  0 -1 -2];[ 1  0 -1 -2 -1];['D' 'H' 'D' 'A' 'A'];['H' 'D' 'A' 'A' 'A'];0.4;0.31;0.29;0.38;0.62;0.0;;;;;;;Women
2026-05-09;194310445;Sweden 2.div Södra Götaland;Sweden;08:00;Full;-0.39844199933315155;1.825;3.0;1.975;3.0;4.0;7.0;;3.0;3.0;6.0;170.0;115.0;100.0;Lilla Torg FF;;0.0;1.0;4.2;1;1.0;1 - 1;4.0;Växjö Norra;;0.0;1.0;1.571;1;1.0;+1.0;4 - 7;3-3;3.0;1.25;45 - 70;24 - 24;24.0;24.0;46.0;54.0;2.0;3.0;2.0;1.0;;;;;;;;96.0;74.0;70.0;45.0;51.0;49.0;2.0;5.0;4.0;2.0;;[15 31];[1 1];[False False];['Växjö Norra' 'Lilla Torg FF'];[ 0 -1];[-1  0];['D' 'A'];['A' 'D'];0.82;0.0;0.18;0.64;0.0;0.36;22309.0;1877.0;lilla torg ff;vaxjo norra;;;
2026-05-09;194207401;Lithuania II Lyga;Lithuania;08:00;Full;0.5428194993412385;1.825;3.5;1.975;3.5;12.0;0.0;;3.0;0.0;3.0;290.0;156.0;;FK Sveikata;12.0;0.0;0.0;1.38;0;2.0;2 - 0;4.75;FK Silute;11.0;0.0;0.0;5.5;0;0.0;-1.5;12 - 0;3-0;3.5;1.5;141 - 15;89 - 5;5.0;89.0;;;1.0;3.0;0.0;6.0;;;;;;;;72.0;218.0;15.0;141.0;;;3.0;13.0;0.0;12.0;;[62 82];[2 2];[False False];['FK Sveikata' 'FK Sveikata'];[0 1];[1 2];['D' 'H'];['H' 'H'];0.69;0.31;0.0;1.0;0.0;0.0;;;;;;;Youth
2026-05-09;193331548;Denmark Division 1;Denmark;08:00;Full;-0.08995502248875564;1.825;2.5;1.975;2.5;3.0;6.0;;0.0;4.0;4.0;221.0;85.0;100.0;Hvidovre IF;;0.0;3.0;2.9;0;0.0;0 - 2;3.4;Lyngby;;0.0;1.0;2.3;0;2.0;+0.25;3 - 6;0-4;2.5;1.0;39 - 46;13 - 24;24.0;13.0;52.0;48.0;3.0;2.0;1.0;1.0;;;;;;;;125.0;96.0;46.0;39.0;50.0;50.0;4.0;8.0;5.0;3.0;;[59 94];[2 2];[False  True];['Lyngby' 'Lyngby'];[ 0 -1];[-1 -2];['D' 'A'];['A' 'A'];0.63;0.0;0.37;1.0;0.0;0.0;1305.0;1756.0;hvidovre if;lyngby bk;1.66;1.66;
2026-05-09;193320698;Sweden Superettan;Sweden;08:00;Full;0.1847745750184775;1.85;2.5;1.95;2.5;7.0;5.0;;5.0;1.0;6.0;137.0;71.0;100.0;Ostersunds FK;1.0;0.0;2.0;2.05;0;2.0;2 - 2;3.1;Falkenbergs FF;1.0;0.0;0.0;3.3;0;2.0;-0.25;7 - 5;5-1;2.5;1.0;48 - 23;30 - 7;7.0;30.0;39.0;61.0;2.0;4.0;0.0;3.0;;;;;;;;40.0;97.0;23.0;48.0;40.0;60.0;6.0;10.0;4.0;5.0;;[50 81 86 91];[2 2 2 2];[False False False  True];['Ostersunds FK' 'Falkenbergs FF' 'Ostersunds FK' 'Falkenbergs FF'];[0 1 0 1];[1 0 1 0];['D' 'H' 'D' 'H'];['H' 'D' 'H' 'D'];0.6;0.4;0.0;1.0;0.0;0.0;1836.0;1812.0;ostersunds fk;falkenbergs ff;1.66;1.66;
2026-05-09;194165990;Croatia 1.NL;Croatia;08:15;Full;0.15261627906976744;1.9;2.0, 2.5;1.9;2.0, 2.5;5.0;3.0;;4.0;1.0;5.0;246.0;133.0;100.0;HNK Cibalia;4.0;0.0;2.0;2.15;1;2.0;2 - 0;3.0;NK Sesvete;2.0;0.0;2.0;3.2;0;0.0;-0.25;5 - 3;4-1;2.25;1.0;72 - 61;36 - 26;26.0;36.0;47.0;53.0;4.0;3.0;1.0;1.0;;;;;;;;116.0;130.0;61.0;72.0;48.0;52.0;5.0;7.0;1.0;3.0;;[25 62];[1 2];[False False];['HNK Cibalia' 'HNK Cibalia'];[0 1];[1 2];['D' 'H'];['H' 'H'];0.28;0.72;0.0;0.56;0.44;0.0;2031.0;54297.0;hnk cibalia vinkovci;nk sesvete;;;
2026-05-09;194207999;Lithuania A Lyga;Lithuania;08:15;Full;0.1172901921132457;1.8;2.5;2.0;2.5;8.0;4.0;;3.0;2.0;5.0;186.0;117.0;100.0;Hegelmann Litauen;;0.0;1.0;2.15;1;1.0;1 - 1;3.4;FA Siauliai;;0.0;2.0;2.875;1;1.0;-0.5;8 - 4;3-2;2.5;1.0;67 - 50;32 - 20;20.0;32.0;54.0;46.0;2.0;1.0;1.0;4.0;;;;;;;;91.0;95.0;50.0;67.0;55.0;45.0;6.0;6.0;2.0;7.0;;[10 22];[1 1];[False False];['FA Siauliai' 'Hegelmann Litauen'];[ 0 -1];[-1  0];['D' 'A'];['A' 'D'];0.87;0.0;0.13;0.73;0.0;0.27;171484.0;557322.0;fc hegelmann kaunas;fa siauliai;;;
2026-05-09;194205568;Denmark Division 2;Denmark;08:30;Full;0.09740259740259738;1.925;2.5;1.875;2.5;6.0;3.0;;1.0;2.0;3.0;76.0;31.0;100.0;VSK Aarhus;;0.0;2.0;2.2;4;5.0;5 - 2;3.3;Ishoj;;0.0;2.0;2.8;1;2.0;-0.25;6 - 3;1-2;2.5;1.0;23 - 8;9 - 5;5.0;9.0;51.0;49.0;0.0;0.0;3.0;8.0;;;;;;;;35.0;41.0;8.0;23.0;44.0;56.0;0.0;0.0;5.0;10.0;;[ 9 27 41 47 49 62 89];[1 1 1 1 1 2 2];[False False False  True  True False False];"['Ishoj' 'VSK Aarhus' 'VSK Aarhus' 'VSK Aarhus' 'VSK Aarhus' 'Ishoj'
 'VSK Aarhus']";[ 0 -1  0  1  2  3  2];[-1  0  1  2  3  2  3];['D' 'A' 'D' 'H' 'H' 'H' 'H'];['A' 'D' 'H' 'H' 'H' 'H' 'H'];0.26;0.54;0.2;0.47;0.16;0.37;272767.0;473205.0;vsk aarhus;ishoej if;;;
2026-05-09;193331629;Estonia Meistriliiga;Estonia;08:30;Full;0.811965811965812;1.9;3.5, 4.0;1.9;3.5, 4.0;4.0;0.0;;4.0;0.0;4.0;183.0;136.0;100.0;FC Levadia Tallinn;;0.0;1.0;1.125;2;3.0;3 - 0;8.0;Harju JK Laagri;;0.0;2.0;13.0;0;0.0;-2.5;4 - 0;4-0;3.75;1.5;79 - 57;40 - 27;27.0;40.0;48.0;52.0;4.0;9.0;1.0;7.0;;;;;;;;86.0;97.0;57.0;79.0;49.0;51.0;5.0;14.0;3.0;10.0;;[39 41 90];[1 1 2];[False False False];['FC Levadia Tallinn' 'FC Levadia Tallinn' 'FC Levadia Tallinn'];[0 1 2];[1 2 3];['D' 'H' 'H'];['H' 'H' 'H'];0.43;0.57;0.0;0.87;0.13;0.0;3342.0;560360.0;fci levadia tallinn;harju jk laagri;2.0;2.0;
2026-05-09;192501336;England Premier League;England;08:30;Full;0.2350427350427351;2.025;3.0;1.825;3.0;5.0;2.0;;1.0;1.0;2.0;178.0;76.0;100.0;Liverpool;4.0;0.0;2.0;1.95;1;1.0;1 - 1;3.8;Chelsea;9.0;0.0;4.0;3.6;1;1.0;-0.5;5 - 2;1-1;3.0;1.25;38 - 38;6 - 20;20.0;6.0;52.0;48.0;2.0;2.0;3.0;1.0;;;;;;;;93.0;85.0;38.0;38.0;52.0;48.0;3.0;5.0;3.0;3.0;;[ 6 35];[1 1];[False False];['Liverpool' 'Chelsea'];[0 1];[1 0];['D' 'H'];['H' 'D'];0.68;0.32;0.0;0.36;0.64;0.0;44.0;38.0;liverpool fc;chelsea fc;1.44;1.44;
2026-05-09;194165978;China Division 2;China;08:30;Full;0.3016512980187085;2.05;2.0;1.75;2.0;8.0;1.0;;2.0;0.0;2.0;173.0;71.0;100.0;Hangzhou Linping Wuyue;;0.0;1.0;1.833;0;0.0;0 - 1;3.1;Ganzhou Ruishi;;0.0;2.0;4.1;0;1.0;-0.5;8 - 1;2-0;2.0;0.75;48 - 23;15 - 12;12.0;15.0;43.0;57.0;2.0;1.0;0.0;0.0;;;;;;;;75.0;98.0;23.0;48.0;39.0;61.0;3.0;6.0;1.0;0.0;;[51];[2];[False];['Ganzhou Ruishi'];[0];[-1];['D'];['A'];0.57;0.0;0.43;1.0;0.0;0.0;;;;;;;
2026-05-09;194165976;China Division 1;China;08:30;Full;0.14285714285714285;1.95;2.5;1.85;2.5;3.0;1.0;;2.0;0.0;2.0;166.0;93.0;100.0;Nanjing City;9.0;0.0;0.0;2.1;1;2.0;2 - 0;3.2;Meizhou Hakka;16.0;0.0;2.0;3.0;0;0.0;-0.25;3 - 1;2-0;2.5;1.0;57 - 36;24 - 16;16.0;24.0;50.0;50.0;0.0;1.0;1.0;3.0;;;;;;;;75.0;91.0;36.0;57.0;50.0;50.0;0.0;7.0;1.0;5.0;;[ 7 66];[1 2];[False False];['Nanjing City' 'Nanjing City'];[0 1];[1 2];['D' 'H'];['H' 'H'];0.08;0.92;0.0;0.16;0.84;0.0;754361.0;245357.0;nanjing city;meizhou hakka;;;
2026-05-09;194166522;India Super League;India;08:30;Full;-0.3884080628255044;1.95;2.5;1.85;2.5;1.0;8.0;;0.0;4.0;4.0;321.0;192.0;100.0;FC Goa;;0.0;2.0;4.333;0;1.0;1 - 1;3.6;Mohun Bagan SG;;0.0;1.0;1.615;0;1.0;+0.5;1 - 8;0-4;2.5;1.0;73 - 119;30 - 65;65.0;30.0;61.0;39.0;7.0;1.0;1.0;1.0;;;;;;;;177.0;144.0;119.0;73.0;55.0;45.0;11.0;5.0;3.0;3.0;;[55 67];[2 2];[False False];['Mohun Bagan SG' 'FC Goa'];[ 0 -1];[-1  0];['D' 'A'];['A' 'D'];0.87;0.0;0.13;1.0;0.0;0.0;174594.0;759052.0;fc goa;mohun bagan super giant;1.83;1.83;
2026-05-09;194260878;Hungary U19 1st Division;Hungary;08:30;Full;0.5664711632453567;1.95;3.0, 3.5;1.85;3.0, 3.5;3.0;7.0;;0.0;4.0;4.0;127.0;90.0;;Diosgyori VTK U19;;0.0;0.0;1.364;0;1.0;1 - 0;4.5;Fehervar FC U19;;0.0;4.0;6.0;0;0.0;-1.5;3 - 7;0-4;3.25;1.25;51 - 39;23 - 17;17.0;23.0;;;0.0;1.0;2.0;3.0;;;;;;;;69.0;58.0;39.0;51.0;;;1.0;5.0;3.0;6.0;;[80];[2];[False];['Diosgyori VTK U19'];[0];[1];['D'];['H'];0.89;0.11;0.0;1.0;0.0;0.0;5121.0;;diosgyori vtk;;;;Youth
2026-05-09;194168533;Singapore Premier League;Singapore;08:30;Full;0.49369903632320244;1.875;3.5;1.925;3.5;10.0;5.0;;7.0;0.0;7.0;189.0;118.0;100.0;Balestier Khalsa FC;;0.0;1.0;1.42;1;6.0;6 - 0;5.0;Tanjong Pagar United;;0.0;1.0;4.75;0;0.0;-1.25;10 - 5;7-0;3.5;1.5;58 - 60;31 - 23;23.0;31.0;48.0;52.0;6.0;3.0;1.0;2.0;;;;;;;;101.0;88.0;60.0;58.0;49.0;51.0;10.0;10.0;2.0;9.0;;[12 51 54 79 83 86];[1 2 2 2 2 2];[False False False False False False];"['Balestier Khalsa FC' 'Balestier Khalsa FC' 'Balestier Khalsa FC'
 'Balestier Khalsa FC' 'Balestier Khalsa FC' 'Balestier Khalsa FC']";[0 1 2 3 4 5];[1 2 3 4 5 6];['D' 'H' 'H' 'H' 'H' 'H'];['H' 'H' 'H' 'H' 'H' 'H'];0.13;0.87;0.0;0.27;0.73;0.0;3039.0;3038.0;balestier khalsa fc;tanjong pagar united;;;
2026-05-09;194165980;China Division 2;China;08:30;Full;0.3685124798098315;2.025;2.0;1.775;2.0;1.0;3.0;;1.0;2.0;3.0;202.0;95.0;100.0;Jiangxi Lushan;;0.0;3.0;1.727;2;3.0;3 - 1;3.1;Wenzhou FC;;0.0;1.0;4.75;1;1.0;-0.5;1 - 3;1-2;2.0;0.75;44 - 51;28 - 26;26.0;28.0;50.0;50.0;0.0;2.0;1.0;2.0;;;;;;;;105.0;97.0;51.0;44.0;50.0;50.0;1.0;3.0;1.0;3.0;;[ 8 28 34 92];[1 1 1 2];[False False False  True];['Wenzhou FC' 'Jiangxi Lushan' 'Jiangxi Lushan' 'Jiangxi Lushan'];[ 0 -1  0  1];[-1  0  1  2];['D' 'A' 'D' 'H'];['A' 'D' 'H' 'H'];0.15;0.63;0.22;0.31;0.24;0.44;;;;;;;
2026-05-09;194333613;Belgium Super League Women;Belgium;08:30;Full;0.00816326530612238;1.825;2.5;1.975;2.5;5.0;5.0;;0.0;3.0;3.0;159.0;106.0;100.0;OH Leuven (W);;0.0;1.0;2.45;0;1.0;1 - 1;3.25;Anderlecht (W);;1.0;1.0;2.5;0;1.0;0.0;5 - 5;0-3;2.5;1.0;63 - 43;26 - 15;15.0;26.0;62.0;38.0;1.0;4.0;0.0;2.0;;;;;;;;71.0;88.0;43.0;63.0;52.0;48.0;2.0;6.0;5.0;7.0;;[64 88];[2 2];[False False];['Anderlecht (W)' 'OH Leuven (W)'];[ 0 -1];[-1  0];['D' 'A'];['A' 'D'];0.73;0.0;0.27;1.0;0.0;0.0;2918.0;2900.0;oud-heverlee leuven;rsc anderlecht;;;Women
2026-05-09;194333611;Belgium Super League Women;Belgium;08:30;Full;-0.19696969696969696;1.8;2.5;2.0;2.5;5.0;7.0;;3.0;1.0;4.0;188.0;169.0;100.0;Westerlo (W);;0.0;0.0;3.3;0;0.0;0 - 3;3.25;Genk (W);;0.0;0.0;2.0;1;3.0;+0.25;5 - 7;3-1;2.5;1.0;69 - 100;41 - 45;45.0;41.0;50.0;50.0;2.0;3.0;2.0;0.0;;;;;;;;99.0;89.0;100.0;69.0;51.0;49.0;6.0;6.0;7.0;1.0;;[12 74 79];[1 2 2];[False False False];['Genk (W)' 'Genk (W)' 'Genk (W)'];[ 0 -1 -2];[-1 -2 -3];['D' 'A' 'A'];['A' 'A' 'A'];0.13;0.0;0.87;0.27;0.0;0.73;2893.0;2890.0;kvc westerlo;krc genk;;;Women
2026-05-09;194264361;Switzerland U19 Elite;Switzerland;08:30;Full;-0.10582010582010581;1.975;3.5;1.825;3.5;2.0;14.0;;1.0;6.0;7.0;151.0;83.0;100.0;Young Boys U19;;0.0;1.0;2.7;1;1.0;1 - 3;3.9;Basel U19;;0.0;2.0;2.1;1;3.0;+0.25;2 - 14;1-6;3.5;1.5;41 - 42;18 - 23;23.0;18.0;56.0;44.0;4.0;11.0;2.0;1.0;;;;;;;;83.0;68.0;42.0;41.0;51.0;49.0;9.0;18.0;7.0;3.0;;[ 1 45 47 59];[1 1 2 2];[False False False False];['Young Boys U19' 'Basel U19' 'Basel U19' 'Basel U19'];[ 0  1  0 -1];[ 1  0 -1 -2];['D' 'H' 'D' 'A'];['H' 'D' 'A' 'A'];0.03;0.49;0.48;0.02;0.98;0.0;2445.0;2501.0;young boys bern;fc basel 1893;;;Youth
2026-05-09;193989625;England Championship;England;08:30;Full;0.13194444444444442;1.875;2.5;1.975;2.5;11.0;1.0;;9.0;0.0;9.0;202.0;107.0;100.0;Middlesbrough;5.0;0.0;0.0;2.25;0;0.0;0 - 0;3.4;Southampton;4.0;0.0;2.0;3.2;0;0.0;-0.25;11 - 1;9-0;2.5;1.0;78 - 29;51 - 1;1.0;51.0;24.0;76.0;0.0;13.0;0.0;4.0;;;;;;;;80.0;122.0;29.0;78.0;36.0;64.0;6.0;16.0;0.0;5.0;;[];[];[];[];[];[];[];[];1.0;0.0;0.0;1.0;0.0;0.0;36.0;45.0;middlesbrough fc;southampton fc;1.8;1.8;
2026-05-09;194038742;England National League North;England;08:30;Full;0.30115830115830117;1.825;2.5;1.975;2.5;9.0;2.0;;4.0;1.0;5.0;239.0;162.0;100.0;South Shields;;0.0;2.0;1.75;0;0.0;0 - 2;3.6;Kidderminster;;0.0;5.0;3.7;2;2.0;-0.5;9 - 2;4-1;2.5;1.0;88 - 74;29 - 38;38.0;29.0;50.0;50.0;2.0;3.0;2.0;1.0;;;;;;;;115.0;124.0;74.0;88.0;50.0;50.0;4.0;7.0;2.0;1.0;;[35 37];[1 1];[False False];['Kidderminster' 'Kidderminster'];[ 0 -1];[-1 -2];['D' 'A'];['A' 'A'];0.39;0.0;0.61;0.78;0.0;0.22;47207.0;90.0;south shields;kidderminster harriers fc;1.83;1.83;
2026-05-09;194165987;China Division 2;China;08:30;Full;-0.2496626180836708;2.05;2.0;1.75;2.0;4.0;2.0;;2.0;2.0;4.0;224.0;90.0;100.0;Wuhan Three Towns Reserves;;0.0;1.0;3.8;0;0.0;0 - 0;3.0;Guangzhou Dandelion;;0.0;1.0;1.95;0;0.0;+0.25;4 - 2;2-2;2.0;0.75;44 - 46;19 - 21;21.0;19.0;54.0;46.0;2.0;3.0;0.0;3.0;;;;;;;;122.0;102.0;46.0;44.0;55.0;45.0;3.0;6.0;0.0;5.0;;[];[];[];[];[];[];[];[];1.0;0.0;0.0;1.0;0.0;0.0;;;;;;;Youth
2026-05-09;194203938;China Division 1;China;08:30;Full;0.29054054054054046;1.9;2.0, 2.5;1.9;2.0, 2.5;6.0;6.0;;1.0;3.0;4.0;178.0;108.0;100.0;Dingnan Ganilan FC;;0.0;1.0;1.85;1;2.0;2 - 3;3.1;Changchun Yatai;;0.0;3.0;4.0;1;3.0;-0.5;6 - 6;1-3;2.25;1.0;55 - 53;17 - 30;30.0;17.0;50.0;50.0;6.0;4.0;4.0;2.0;;;;;;;;92.0;86.0;53.0;55.0;50.0;50.0;8.0;9.0;8.0;3.0;;[18 43 49 71 73];[1 1 2 2 2];[False False False False False];"['Dingnan Ganilan FC' 'Changchun Yatai' 'Changchun Yatai'
 'Changchun Yatai' 'Dingnan Ganilan FC']";[ 0  1  0 -1 -2];[ 1  0 -1 -2 -1];['D' 'H' 'D' 'A' 'A'];['H' 'D' 'A' 'A' 'A'];0.27;0.28;0.46;0.44;0.56;0.0;204595.0;34694.0;jiangxi dingnan united;changchun yatai;;;
2026-05-09;194168536;Singapore Premier League;Singapore;08:30;Full;-0.5428194993412385;1.975;3.5;1.825;3.5;3.0;5.0;;1.0;2.0;3.0;196.0;113.0;100.0;Young Lions;7.0;0.0;3.0;5.5;1;2.0;2 - 2;4.75;Geylang International;5.0;0.0;0.0;1.38;1;2.0;+1.25;3 - 5;1-2;3.5;1.5;40 - 73;17 - 28;28.0;17.0;57.0;43.0;7.0;4.0;2.0;2.0;;;;;;;;111.0;85.0;73.0;40.0;56.0;44.0;12.0;6.0;4.0;5.0;;[33 39 96 98];[1 1 2 2];[False False  True  True];"['Geylang International' 'Young Lions' 'Geylang International'
 'Young Lions']";[ 0 -1  0 -1];[-1  0 -1  0];['D' 'A' 'D' 'A'];['A' 'D' 'A' 'D'];0.92;0.0;0.08;0.87;0.0;0.13;34082.0;3044.0;young lions fc;geylang international fc;;;
2026-05-09;193327991;China Super League;China;08:35;Full;0.5358090185676393;1.875;2.5, 3.0;1.925;2.5, 3.0;11.0;2.0;;4.0;2.0;6.0;204.0;114.0;100.0;Shanghai Shenhua;6.0;1.0;4.0;1.45;0;2.0;2 - 2;4.5;Chongqing Tonglianglong;2.0;0.0;1.0;6.5;2;2.0;-1.25;11 - 2;4-2;2.75;1.25;92 - 22;41 - 15;15.0;41.0;33.0;67.0;2.0;7.0;5.0;1.0;;;;;;;;67.0;137.0;22.0;92.0;37.0;63.0;4.0;12.0;5.0;9.0;;[ 9 31 66 75];[1 1 2 2];[False False False False];"['Chongqing Tonglianglong' 'Chongqing Tonglianglong' 'Shanghai Shenhua'
 'Shanghai Shenhua']";[ 0 -1 -2 -1];[-1 -2 -1  0];['D' 'A' 'A' 'A'];['A' 'A' 'A' 'D'];0.27;0.0;0.73;0.2;0.0;0.8;3373.0;1009007.0;shanghai shenhua fc;chongqing tonglianglong fc;1.8;1.8;
2026-05-09;332307;Kenya Super League;Kenya;08:58;Schedule;;;2 ( 6.5);;2 ( 6.5);7.0;2.0;;4.0;1.0;5.0;221.0;158.0;;Nzoia Sugar;;0.0;0.0;;0;3.0;3 - 3;;Luanda Villa SC;;0.0;2.0;;3;3.0;-0.75 ( 0.0);7 - 2;4-1;2 ( 6.5);nan;94 - 63;43 - 32;32.0;43.0;;;2.0;5.0;3.0;0.0;;;;;;;;106.0;115.0;63.0;95.0;;;3.0;14.0;3.0;3.0;;[ 1 20 39 55 68 82];[1 1 1 2 2 2];[False False False False False False];"['Luanda Villa SC' 'Luanda Villa SC' 'Luanda Villa SC' 'Nzoia Sugar'
 'Nzoia Sugar' 'Nzoia Sugar']";[ 0 -1 -2 -3 -2 -1];[-1 -2 -3 -2 -1  0];['D' 'A' 'A' 'A' 'A' 'A'];['A' 'A' 'A' 'A' 'A' 'D'];0.1;0.0;0.9;0.02;0.0;0.98;;;;;;;
2026-05-09;194210186;Norway Division 3 Group 6;Norway;09:00;Full;-0.33579033579033585;1.925;3.0, 3.5;1.875;3.0, 3.5;6.0;4.0;;2.0;2.0;4.0;171.0;100.0;100.0;Drøbak/Frogn;;0.0;2.0;3.7;0;2.0;2 - 2;4.333;Lillehammer;;0.0;0.0;1.65;0;2.0;+0.75;6 - 4;2-2;3.25;1.25;44 - 56;18 - 28;28.0;18.0;59.0;41.0;10.0;1.0;3.0;2.0;;;;;;;;95.0;76.0;56.0;44.0;59.0;41.0;16.0;6.0;8.0;4.0;;[50 55 89 91];[2 2 2 2];[False False False  True];['Lillehammer' 'Drøbak/Frogn' 'Lillehammer' 'Drøbak/Frogn'];[ 0 -1  0 -1];[-1  0 -1  0];['D' 'A' 'D' 'A'];['A' 'D' 'A' 'D'];0.92;0.0;0.08;1.0;0.0;0.0;;;;;;;
2026-05-09;194264615;Netherlands U21 League;Netherlands;09:00;Full;-0.16669161116515746;1.875;3.5;1.925;3.5;6.0;7.0;;4.0;3.0;7.0;141.0;104.0;;Fortuna Sittard U21;;0.0;4.0;2.8;1;2.0;2 - 6;4.1;ADO Den Haag U21;;0.0;2.0;1.909;2;6.0;+0.5;6 - 7;4-3;3.5;1.5;46 - 58;27 - 33;33.0;27.0;;;1.0;3.0;3.0;1.0;;;;;;;;71.0;70.0;58.0;46.0;;;4.0;4.0;8.0;2.0;;[24 31 49 55 66 69 78 84];[1 1 1 2 2 2 2 2];[False False  True False False False False False];"['Fortuna Sittard U21' 'ADO Den Haag U21' 'ADO Den Haag U21'
 'ADO Den Haag U21' 'ADO Den Haag U21' 'Fortuna Sittard U21'
 'ADO Den Haag U21' 'ADO Den Haag U21']";[ 0  1  0 -1 -2 -3 -2 -3];[ 1  0 -1 -2 -3 -2 -3 -4];['D' 'H' 'D' 'A' 'A' 'A' 'A' 'A'];['H' 'D' 'A' 'A' 'A' 'A' 'A' 'A'];0.47;0.08;0.46;0.86;0.14;0.0;2957.0;2966.0;fortuna sittard;ado den haag;;;Youth
2026-05-09;194210158;Norway Division 3 Group 1;Norway;09:00;Full;0.35875945965061184;1.875;3.5, 4.0;1.925;3.5, 4.0;9.0;6.0;;2.0;3.0;5.0;140.0;77.0;100.0;Asker;;0.0;0.0;1.571;1;5.0;5 - 0;4.75;Heming;;1.0;3.0;3.6;0;0.0;-1.25;9 - 6;2-3;3.75;1.5;42 - 35;17 - 21;21.0;17.0;45.0;55.0;5.0;4.0;0.0;6.0;;;;;;;;72.0;68.0;35.0;42.0;42.0;58.0;8.0;13.0;0.0;14.0;;[39 65 70 77 88];[1 2 2 2 2];[False False False False False];['Asker' 'Asker' 'Asker' 'Asker' 'Asker'];[0 1 2 3 4];[1 2 3 4 5];['D' 'H' 'H' 'H' 'H'];['H' 'H' 'H' 'H' 'H'];0.43;0.57;0.0;0.87;0.13;0.0;;;;;;;
2026-05-09;194264301;Spain U19 Cup;Spain;09:00;Schedule;-0.30115830115830117;2.0;3.0;1.8;3.0;2.0;2.0;;0.0;0.0;0.0;182.0;94.0;100.0;Tenerife U19;;0.0;5.0;3.7;1;2.0;2 - 0;3.7;Barcelona U19;;0.0;1.0;1.75;0;0.0;+0.5 ( 0.0);2 - 2;0-0;3.0 ( 2.5);1.25;39 - 47;25 - 19;19.0;25.0;63.0;37.0;1.0;0.0;1.0;2.0;;;;;;;;100.0;82.0;52.0;42.0;68.0;32.0;9.0;2.0;2.0;3.0;;[23 75];[1 2];[False False];['Tenerife U19' 'Tenerife U19'];[0 1];[1 2];['D' 'H'];['H' 'H'];0.26;0.74;0.0;0.51;0.49;0.0;2822.0;2817.0;tenerife cd;fc barcelona;;;Youth
2026-05-09;193319711;Spain Primera Division RFEF Group 1;Spain;09:00;Schedule;0.32752613240418116;1.925;2.5;1.875;2.5;8.0;2.0;;5.0;0.0;5.0;164.0;84.0;100.0;Barakaldo;;0.0;0.0;1.75;1;2.0;2 - 0;3.25;Merida;;0.0;2.0;4.1;0;0.0;-0.75 ( 0.0);8 - 2;5-0;2.5 ( 2.5);nan;48 - 35;27 - 13;13.0;27.0;39.0;61.0;4.0;2.0;0.0;2.0;;;;;;;;76.0;88.0;35.0;49.0;43.0;57.0;8.0;4.0;0.0;5.0;;[32 73];[1 2];[False False];['Barakaldo' 'Barakaldo'];[0 1];[1 2];['D' 'H'];['H' 'H'];0.36;0.64;0.0;0.71;0.29;0.0;2879.0;24351.0;barakaldo cf;merida ad;;;
2026-05-09;193003554;Spain Segunda;Spain;09:00;Schedule;-0.42601092163891596;1.975;3.0, 3.5;1.825;3.0, 3.5;5.0;6.0;;2.0;3.0;5.0;170.0;116.0;100.0;AD Ceuta;;0.0;4.0;4.75;0;1.0;1 - 1;4.5;CD Castellon;;0.0;2.0;1.571;0;1.0;+1.0 (+0.25);5 - 6;2-3;3.25 ( 2.5);1.25;38 - 69;29 - 37;37.0;29.0;51.0;49.0;6.0;4.0;3.0;1.0;;;;;;;;94.0;76.0;75.0;41.0;50.0;50.0;12.0;5.0;5.0;3.0;;[52 87];[2 2];[False False];['CD Castellon' 'AD Ceuta'];[ 0 -1];[-1  0];['D' 'A'];['A' 'D'];0.61;0.0;0.39;1.0;0.0;0.0;2869.0;5067.0;ad ceuta;cd castellon;1.61;1.61;
2026-05-09;194260965;Indonesia Championship;Indonesia;09:00;Schedule;0.350140056022409;2.0;2.5;1.8;2.5;6.0;0.0;;4.0;0.0;4.0;0.0;0.0;100.0;PSS Sleman;;0.0;4.0;1.7;0;2.0;2 - 2;3.5;Garudayaksa;;0.0;2.0;4.2;2;2.0;-0.75 ( 0.0);6 - 0;4-0;2.5 ( 4.5);1.0;-;-;0.0;0.0;51.0;49.0;0.0;0.0;2.0;0.0;;;;;;;;0.0;0.0;0.0;0.0;42.0;58.0;0.0;0.0;2.0;2.0;;[23 36 65 93];[1 1 2 2];[False False False  True];['Garudayaksa' 'Garudayaksa' 'PSS Sleman' 'PSS Sleman'];[ 0 -1 -2 -1];[-1 -2 -1  0];['D' 'A' 'A' 'A'];['A' 'A' 'A' 'D'];0.25;0.0;0.75;0.51;0.0;0.49;;;;;;;
2026-05-09;194260992;Kenya Super League;Kenya;09:00;Schedule;-0.22297309188180842;1.825;3.5;1.975;3.5;0.0;0.0;;0.0;0.0;0.0;0.0;0.0;;Darajani Gogo;16.0;0.0;0.0;3.1;0;0.0;0 - 0;4.0;Equity FC;5.0;0.0;0.0;1.833;0;0.0;+0.5;0 - 0;0-0;3.5;1.25;-;nan;;;;;;;;;;;;;;;;0.0;0.0;0.0;0.0;;;0.0;0.0;0.0;0.0;;[];[];[];[];[];[];[];[];1.0;0.0;0.0;1.0;0.0;0.0;;;;;;;
2026-05-09;193197999;Finland Veikkausliiga;Finland;09:00;Full;0.5;1.8;2.5;2.0;2.5;5.0;4.0;;5.0;1.0;6.0;142.0;81.0;100.0;FC Inter;;0.0;2.0;1.5;2;2.0;2 - 0;3.7;FF Jaro;;0.0;1.0;6.0;0;0.0;-1.0;5 - 4;5-1;2.5;1.0;44 - 37;28 - 17;17.0;28.0;50.0;50.0;0.0;4.0;0.0;3.0;;;;;;;;68.0;74.0;37.0;44.0;50.0;50.0;2.0;6.0;1.0;4.0;;[15 27];[1 1];[False False];['FC Inter' 'FC Inter'];[0 1];[1 2];['D' 'H'];['H' 'H'];0.17;0.83;0.0;0.33;0.67;0.0;2247.0;2252.0;fc inter turku;ff jaro;1.8;1.95;
2026-05-09;194165419;Germany Bundesliga Women;Germany;09:00;Full;-0.4444444444444444;1.975;3.5;1.825;3.5;1.0;4.0;;0.0;2.0;2.0;190.0;105.0;100.0;Freiburg (W);;0.0;0.0;4.5;1;2.0;2 - 4;4.333;Wolfsburg (W);;0.0;2.0;1.5;2;4.0;+1.0;1 - 4;0-2;3.5;1.5;26 - 79;5 - 48;48.0;5.0;76.0;24.0;7.0;2.0;4.0;3.0;;;;;;;;136.0;54.0;79.0;26.0;70.0;30.0;10.0;7.0;8.0;6.0;;[ 5 33 49 61 64 76];[1 1 1 2 2 2];[False False  True False False False];"['Freiburg (W)' 'Wolfsburg (W)' 'Wolfsburg (W)' 'Wolfsburg (W)'
 'Freiburg (W)' 'Wolfsburg (W)']";[ 0  1  0 -1 -2 -1];[ 1  0 -1 -2 -1 -2];['D' 'H' 'D' 'A' 'A' 'A'];['H' 'D' 'A' 'A' 'A' 'A'];0.23;0.31;0.46;0.43;0.57;0.0;2538.0;2524.0;sc freiburg;vfl wolfsburg;;;Women
2026-05-09;193328008;China Super League;China;09:00;Full;0.47049753899068975;1.85;3.0;1.95;3.0;9.0;4.0;;5.0;2.0;7.0;161.0;94.0;100.0;Chengdu Rongcheng;;0.0;2.0;1.533;1;3.0;3 - 0;4.5;Henan;;0.0;1.0;5.5;0;0.0;-1.0;9 - 4;5-2;3.0;1.25;60 - 34;36 - 17;17.0;36.0;44.0;56.0;1.0;4.0;2.0;4.0;;;;;;;;69.0;92.0;34.0;60.0;48.0;52.0;3.0;5.0;4.0;6.0;;[18 74 90];[1 2 2];[False False False];['Chengdu Rongcheng' 'Chengdu Rongcheng' 'Chengdu Rongcheng'];[0 1 2];[1 2 3];['D' 'H' 'H'];['H' 'H' 'H'];0.2;0.8;0.0;0.4;0.6;0.0;252167.0;34692.0;chengdu rongcheng;henan;1.7;1.66;
2026-05-09;194318975;Faroe Islands Div 1;Faroe Islands;09:00;Full;-0.3627847900293721;1.9;3.5;1.9;3.5;3.0;3.0;;2.0;1.0;3.0;326.0;181.0;;IF Fuglafjordur;;1.0;3.0;3.9;1;2.0;2 - 2;4.1;B71 Sandur;;1.0;3.0;1.615;1;2.0;+0.75;3 - 3;2-1;3.5;1.5;74 - 107;43 - 39;39.0;43.0;;;3.0;4.0;3.0;2.0;;;;;;;;194.0;132.0;107.0;74.0;;;10.0;5.0;6.0;3.0;;[ 8 16 71 79];[1 1 2 2];[False False False False];['B71 Sandur' 'IF Fuglafjordur' 'IF Fuglafjordur' 'B71 Sandur'];[ 0 -1  0  1];[-1  0  1  0];['D' 'A' 'D' 'H'];['A' 'D' 'H' 'D'];0.82;0.09;0.09;0.82;0.0;0.18;;;;;;;
2026-05-09;194191361;Finland Ykkonen;Finland;09:00;Full;0.5792916760658695;1.8;3.5;2.0;3.5;4.0;10.0;;3.0;3.0;6.0;162.0;97.0;100.0;RoPS;;0.0;0.0;1.364;0;1.0;1 - 0;4.5;TPV;;1.0;2.0;6.5;0;0.0;-1.75;4 - 10;3-3;3.5;1.5;53 - 44;32 - 18;18.0;32.0;41.0;59.0;1.0;1.0;0.0;2.0;;;;;;;;72.0;90.0;44.0;53.0;39.0;61.0;4.0;3.0;1.0;5.0;;[78];[2];[False];['RoPS'];[0];[1];['D'];['H'];0.87;0.13;0.0;1.0;0.0;0.0;2250.0;2269.0;rovaniemen palloseura;tpv tampere;;;
2026-05-09;194191328;Finland Kakkonen Group B;Finland;09:00;Schedule;0.4448886920615515;1.85;3.5, 4.0;1.95;3.5, 4.0;7.0;3.0;;7.0;1.0;8.0;168.0;106.0;100.0;P-Iirot;;0.0;5.0;1.48;1;1.0;1 - 0;4.75;EBK;;0.0;2.0;4.333;0;0.0;-1.25 ( 0.0);7 - 3;7-1;3.75 ( 1.5);1.5;56 - 45;37 - 11;11.0;37.0;42.0;58.0;1.0;7.0;0.0;3.0;;;;;;;;82.0;86.0;50.0;56.0;42.0;58.0;7.0;9.0;1.0;4.0;;[5];[1];[False];['P-Iirot'];[0];[1];['D'];['H'];0.06;0.94;0.0;0.11;0.89;0.0;5117.0;;p-iirot;;;;Youth
2026-05-09;193001729;Germany 3. Liga;Germany;09:00;Schedule;0.4791288566243195;1.975;3.0, 3.5;1.825;3.0, 3.5;3.0;2.0;;1.0;1.0;2.0;197.0;100.0;100.0;Cottbus;3.0;0.0;0.0;1.45;1;2.0;2 - 1;4.75;Wehen SV;9.0;0.0;2.0;4.75;1;1.0;-1.0 ( 0.0);3 - 2;1-1;3.25 ( 3.5);1.5;59 - 39;20 - 24;24.0;20.0;50.0;50.0;1.0;4.0;2.0;2.0;;;;;;;;85.0;112.0;41.0;59.0;50.0;50.0;4.0;9.0;2.0;4.0;;[37 41 89];[1 1 2];[False False False];['Wehen SV' 'Cottbus' 'Cottbus'];[ 0 -1  0];[-1  0  1];['D' 'A' 'D'];['A' 'D' 'H'];0.94;0.01;0.04;0.91;0.0;0.09;2532.0;2597.0;energie cottbus;sv wehen wiesbaden;1.5;1.5;
2026-05-09;194205601;Denmark Division 3;Denmark;09:00;Full;0.2760084925690021;1.875;3.5, 4.0;1.925;3.5, 4.0;13.0;3.0;;9.0;1.0;10.0;113.0;75.0;100.0;Næsby;;0.0;1.0;1.727;1;5.0;5 - 0;4.333;Hørsholm-Usserød IK;;0.0;2.0;3.3;0;0.0;-0.75;13 - 3;9-1;3.75;1.5;34 - 41;17 - 19;19.0;17.0;35.0;65.0;0.0;3.0;0.0;3.0;;;;;;;;54.0;59.0;41.0;34.0;39.0;61.0;0.0;4.0;0.0;12.0;;[14 54 70 72 88];[1 2 2 2 2];[False False False False False];['Næsby' 'Næsby' 'Næsby' 'Næsby' 'Næsby'];[0 1 2 3 4];[1 2 3 4 5];['D' 'H' 'H' 'H' 'H'];['H' 'H' 'H' 'H' 'H'];0.16;0.84;0.0;0.31;0.69;0.0;;;;;;;
2026-05-09;194211672;Sweden 2.div Norra Götaland;Sweden;09:00;Full;-0.25252525252525254;2.0;3.0, 3.5;1.8;3.0, 3.5;4.0;2.0;;3.0;1.0;4.0;150.0;157.0;;Skara;;0.0;2.0;3.3;0;1.0;1 - 1;3.9;Husqvarna FF;;0.0;2.0;1.8;1;1.0;+0.5;4 - 2;3-1;3.25;1.25;92 - 65;48 - 33;33.0;48.0;;;2.0;3.0;1.0;3.0;;;;;;;;80.0;70.0;65.0;92.0;;;3.0;6.0;2.0;4.0;;[42 77];[1 2];[False False];['Husqvarna FF' 'Skara'];[ 0 -1];[-1  0];['D' 'A'];['A' 'D'];0.61;0.0;0.39;0.93;0.0;0.07;22341.0;1820.0;skara fc;husqvarna ff;;;
2026-05-09;194201675;Cameroon League Women;Cameroon;09:00;Full;0.6599579178483213;1.875;2.5, 3.0;1.925;2.5, 3.0;8.0;1.0;;6.0;0.0;6.0;111.0;100.0;;Dja Sports (W);;0.0;2.0;1.286;0;0.0;0 - 0;4.75;Eclair de Saa (W);;0.0;3.0;8.5;0;0.0;-1.5;8 - 1;6-0;2.75;1.25;57 - 43;23 - 15;15.0;23.0;;;5.0;3.0;0.0;0.0;;;;;;;;61.0;50.0;43.0;57.0;;;7.0;7.0;0.0;0.0;;[];[];[];[];[];[];[];[];1.0;0.0;0.0;1.0;0.0;0.0;;;;;;;Women
2026-05-09;194191315;Finland Ykkosliiga;Finland;09:00;Full;0.5476190476190477;2.0;3.0;1.8;3.0;3.0;1.0;;1.0;0.0;1.0;177.0;96.0;100.0;Jippo;1.0;0.0;2.0;1.4;0;1.0;1 - 1;4.1;Klubi-04;10.0;0.0;1.0;6.0;0;1.0;-1.25;3 - 1;1-0;3.0;1.25;61 - 35;31 - 17;17.0;31.0;46.0;54.0;1.0;3.0;1.0;3.0;;;;;;;;87.0;90.0;35.0;61.0;48.0;52.0;2.0;7.0;3.0;6.0;;[67 92];[2 2];[False  True];['Klubi-04' 'Jippo'];[ 0 -1];[-1  0];['D' 'A'];['A' 'D'];0.73;0.0;0.27;1.0;0.0;0.0;2263.0;5918.0;jippo;hjk klubi 04;;;
2026-05-09;193001733;Germany 3. Liga;Germany;09:00;Schedule;0.3869047619047619;1.9;3.5;1.9;3.5;1.0;7.0;;1.0;3.0;4.0;221.0;147.0;100.0;Hansa Rostock;6.0;0.0;1.0;1.6;3;5.0;5 - 3;4.0;VfB Stuttgart II;13.0;0.0;3.0;4.2;1;3.0;-1.0 ( 0.0);1 - 7;1-3;3.5 ( 7.5);1.25;49 - 98;25 - 43;43.0;25.0;62.0;38.0;3.0;3.0;4.0;3.0;;;;;;;;130.0;91.0;98.0;49.0;62.0;38.0;6.0;4.0;8.0;6.0;;[ 7 16 31 34 51 58 92 94];[1 1 1 1 2 2 2 2];[False False False False False False  True  True];"['VfB Stuttgart II' 'Hansa Rostock' 'Hansa Rostock' 'Hansa Rostock'
 'Hansa Rostock' 'VfB Stuttgart II' 'VfB Stuttgart II' 'Hansa Rostock']";[ 0 -1  0  1  2  3  2  1];[-1  0  1  2  3  2  1  2];['D' 'A' 'D' 'H' 'H' 'H' 'H' 'H'];['A' 'D' 'H' 'H' 'H' 'H' 'H' 'H'];0.23;0.67;0.1;0.49;0.31;0.2;2533.0;2522.0;hansa rostock;vfb stuttgart ii;1.53;1.53;Youth
2026-05-09;194210160;Norway Division 3 Group 1;Norway;09:00;Full;-0.24884792626728108;1.95;4.0, 4.5;1.85;4.0, 4.5;4.0;1.0;;1.0;0.0;1.0;110.0;78.0;;Konnerud;;0.0;2.0;3.1;0;2.0;2 - 4;4.5;Gamle Oslo;;0.0;3.0;1.75;3;4.0;+0.75;4 - 1;1-0;4.25;1.75;40 - 38;17 - 20;20.0;17.0;;;2.0;1.0;4.0;0.0;;;;;;;;56.0;54.0;38.0;40.0;;;4.0;5.0;6.0;2.0;;[10 31 41 57 71 86];[1 1 1 2 2 2];[False False False False False False];['Gamle Oslo' 'Gamle Oslo' 'Gamle Oslo' 'Gamle Oslo' 'Konnerud' 'Konnerud'];[ 0 -1 -2 -3 -4 -3];[-1 -2 -3 -4 -3 -2];['D' 'A' 'A' 'A' 'A' 'A'];['A' 'A' 'A' 'A' 'A' 'A'];0.11;0.0;0.89;0.22;0.0;0.78;;;;;;;
2026-05-09;194205923;Ethiopia Premier League;Ethiopia;09:00;Full;0.14285714285714285;2.0;2.0;1.8;2.0;0.0;8.0;;0.0;4.0;4.0;252.0;155.0;100.0;Adama City;15.0;0.0;4.0;2.1;2;4.0;4 - 0;3.1;Shire Endaselassie FC;18.0;1.0;3.0;3.0;0;0.0;-0.25;0 - 8;0-4;2.0;1.0;89 - 66;59 - 28;28.0;59.0;36.0;64.0;0.0;2.0;0.0;2.0;;;;;;;;122.0;130.0;66.0;89.0;44.0;56.0;1.0;2.0;0.0;5.0;;[ 9 25 59 62];[1 1 2 2];[False False False False];['Adama City' 'Adama City' 'Adama City' 'Adama City'];[0 1 2 3];[1 2 3 4];['D' 'H' 'H' 'H'];['H' 'H' 'H' 'H'];0.1;0.9;0.0;0.2;0.8;0.0;;;;;;;
2026-05-09;194200635;Netherlands U21 League;Netherlands;09:00;Schedule;-0.16499442586399116;1.8;3.0, 3.5;2.0;3.0, 3.5;3.0;4.0;;3.0;1.0;4.0;150.0;96.0;100.0;FC Groningen U21;;0.0;2.0;2.875;1;2.0;2 - 0;4.0;Feyenoord U21;;0.0;1.0;1.95;0;0.0;+0.25 ( 0.0);3 - 4;3-1;3.25 ( 2.5);1.5;43 - 49;22 - 21;21.0;22.0;58.0;42.0;4.0;3.0;0.0;3.0;;;;;;;;87.0;63.0;52.0;44.0;61.0;39.0;8.0;8.0;2.0;6.0;;[43 78];[1 2];[False False];['FC Groningen U21' 'FC Groningen U21'];[0 1];[1 2];['D' 'H'];['H' 'H'];0.48;0.52;0.0;0.96;0.04;0.0;2951.0;2959.0;fc groningen;feyenoord rotterdam;;;Youth
2026-05-09;194188441;Austria League 1 Women;Austria;09:00;Full;0.7130674476699113;1.925;3.0;1.875;3.0;5.0;3.0;;4.0;1.0;5.0;164.0;69.0;100.0;FK Austria Vienna (W);;0.0;0.0;1.222;2;3.0;3 - 1;5.25;SK Sturm Graz (W);;0.0;0.0;9.5;0;1.0;-1.75;5 - 3;4-1;3.0;1.25;41 - 28;30 - 11;11.0;30.0;45.0;55.0;0.0;5.0;0.0;3.0;;;;;;;;85.0;79.0;28.0;41.0;49.0;51.0;1.0;9.0;2.0;4.0;;[34 39 47 88];[1 1 2 2];[False False False False];"['FK Austria Vienna (W)' 'FK Austria Vienna (W)' 'FK Austria Vienna (W)'
 'SK Sturm Graz (W)']";[0 1 2 3];[1 2 3 2];['D' 'H' 'H' 'H'];['H' 'H' 'H' 'H'];0.38;0.62;0.0;0.76;0.24;0.0;2203.0;2051.0;fk austria wien;sk sturm graz;;;Women
2026-05-09;194304792;Poland III Liga;Poland;09:00;Full;-0.15517241379310343;1.8;3.0;2.0;3.0;4.0;6.0;;3.0;4.0;7.0;0.0;0.0;100.0;Pogon Szczecin II;;0.0;4.0;2.9;0;2.0;2 - 1;3.7;Kluczevia Stargard;;1.0;3.0;2.0;0;1.0;+0.25;4 - 6;3-4;3.0;1.25;-;-;0.0;0.0;53.0;47.0;0.0;0.0;0.0;0.0;;;;;;;;0.0;0.0;0.0;0.0;57.0;43.0;0.0;0.0;2.0;2.0;;[51 68 70];[2 2 2];[False False False];['Kluczevia Stargard' 'Pogon Szczecin II' 'Pogon Szczecin II'];[ 0 -1  0];[-1  0  1];['D' 'A' 'D'];['A' 'D' 'H'];0.59;0.22;0.19;1.0;0.0;0.0;3117.0;;pogon szczecin;;;;Youth
2026-05-09;194191313;Finland Ykkonen Women;Finland;09:00;Full;0.14285714285714285;1.975;3.0, 3.5;1.825;3.0, 3.5;7.0;4.0;;3.0;1.0;4.0;161.0;114.0;;PK Keski-Uusimaa (W);;0.0;1.0;2.0;1;3.0;3 - 1;3.9;TPS (W);;0.0;0.0;2.8;1;1.0;-0.25;7 - 4;3-1;3.25;1.25;69 - 45;34 - 17;17.0;34.0;;;4.0;3.0;2.0;5.0;;;;;;;;76.0;85.0;45.0;69.0;;;8.0;11.0;2.0;9.0;;[18 35 51 56];[1 1 2 2];[False False False False];"['TPS (W)' 'PK Keski-Uusimaa (W)' 'PK Keski-Uusimaa (W)'
 'PK Keski-Uusimaa (W)']";[ 0 -1  0  1];[-1  0  1  2];['D' 'A' 'D' 'H'];['A' 'D' 'H' 'H'];0.38;0.43;0.19;0.62;0.0;0.38;22393.0;;pk keski-uusimaa;;;;Women
2026-05-09;194261716;Austria Regionalliga West;Austria;09:00;Full;0.7839815477610753;1.9;4.5;1.9;4.5;3.0;5.0;;2.0;0.0;2.0;98.0;81.0;;Seekirchen;;1.0;3.0;1.143;1;3.0;3 - 4;8.0;SCR Altach II;;0.0;1.0;11.0;3;4.0;-2.5;3 - 5;2-0;4.5;2.0;51 - 30;29 - 11;11.0;29.0;;;3.0;3.0;3.0;2.0;;;;;;;;53.0;45.0;30.0;51.0;;;6.0;5.0;7.0;4.0;;[17 23 32 37 48 78 89];[1 1 1 1 2 2 2];[False False False False False False False];"['SCR Altach II' 'SCR Altach II' 'Seekirchen' 'SCR Altach II' 'Seekirchen'
 'SCR Altach II' 'Seekirchen']";[ 0 -1 -2 -1 -2 -1 -2];[-1 -2 -1 -2 -1 -2 -1];['D' 'A' 'A' 'A' 'A' 'A' 'A'];['A' 'A' 'A' 'A' 'A' 'A' 'A'];0.19;0.0;0.81;0.38;0.0;0.62;;4856.0;;scr altach;;;Youth
2026-05-09;194205597;Hungary NBI Women;Hungary;09:00;Full;0.946483542505328;1.925;4.0, 4.5;1.875;4.0, 4.5;3.0;0.0;;1.0;0.0;1.0;168.0;80.0;100.0;Ferencvarosi TC (W);1.0;0.0;0.0;1.03;4;5.0;5 - 1;17.0;Szent Mihaly SE (W);5.0;0.0;1.0;41.0;0;1.0;-3.5;3 - 0;1-0;4.25;1.75;64 - 16;34 - 8;8.0;34.0;30.0;70.0;0.0;9.0;2.0;7.0;;;;;;;;61.0;107.0;16.0;64.0;28.0;72.0;1.0;18.0;3.0;11.0;;[25 30 35 41 48 64];[1 1 1 1 2 2];[False False False False False False];"['Ferencvarosi TC (W)' 'Ferencvarosi TC (W)' 'Ferencvarosi TC (W)'
 'Ferencvarosi TC (W)' 'Ferencvarosi TC (W)' 'Szent Mihaly SE (W)']";[0 1 2 3 4 5];[1 2 3 4 5 4];['D' 'H' 'H' 'H' 'H' 'H'];['H' 'H' 'H' 'H' 'H' 'H'];0.28;0.72;0.0;0.56;0.44;0.0;1925.0;;ferencvarosi budapest;;;;Women
2026-05-09;194207806;Norway Division 1 Women;Norway;09:00;Full;-0.26143790849673204;1.825;3.0;1.975;3.0;2.0;6.0;;1.0;3.0;4.0;149.0;71.0;100.0;Grei (W);;0.0;0.0;3.4;1;2.0;2 - 4;3.9;Arna-Bjørnar (W);;0.0;0.0;1.8;2;4.0;+0.5;2 - 6;1-3;3.0;1.25;35 - 36;15 - 15;15.0;15.0;59.0;41.0;2.0;3.0;3.0;2.0;;;;;;;;81.0;68.0;36.0;35.0;57.0;43.0;5.0;7.0;5.0;5.0;;[18 24 42 61 66 77];[1 1 1 2 2 2];[False False False False False False];"['Arna-Bjørnar (W)' 'Arna-Bjørnar (W)' 'Grei (W)' 'Arna-Bjørnar (W)'
 'Arna-Bjørnar (W)' 'Grei (W)']";[ 0 -1 -2 -1 -2 -3];[-1 -2 -1 -2 -3 -2];['D' 'A' 'A' 'A' 'A' 'A'];['A' 'A' 'A' 'A' 'A' 'A'];0.2;0.0;0.8;0.4;0.0;0.6;;;;;;;Women
2026-05-09;194191319;Finland Kakkonen Group A;Finland;09:00;Full;-0.38109980834439044;1.975;3.5;1.825;3.5;7.0;2.0;;4.0;1.0;5.0;129.0;106.0;;PPJ;;0.0;2.0;4.2;1;1.0;1 - 1;4.1;HIFK;;0.0;1.0;1.615;1;1.0;+0.75;7 - 2;4-1;3.5;1.5;60 - 46;25 - 16;16.0;25.0;;;0.0;1.0;2.0;4.0;;;;;;;;63.0;66.0;46.0;60.0;;;2.0;2.0;3.0;7.0;;[35 47];[1 1];[False  True];['HIFK' 'PPJ'];[ 0 -1];[-1  0];['D' 'A'];['A' 'D'];0.87;0.0;0.13;0.74;0.0;0.26;193664.0;142654.0;ppj helsinki;hifk;;;
2026-05-09;194166594;Czechia First League;Czech Republic;09:00;Full;-0.036363636363636376;1.9;2.0, 2.5;1.9;2.0, 2.5;6.0;5.0;;5.0;0.0;5.0;176.0;120.0;100.0;FK Teplice;;0.0;2.0;2.75;2;2.0;2 - 1;3.1;Banik Ostrava;;0.0;0.0;2.5;0;1.0;0.0;6 - 5;5-0;2.25;0.75;50 - 70;27 - 24;24.0;27.0;50.0;50.0;4.0;4.0;1.0;2.0;;;;;;;;96.0;80.0;70.0;50.0;50.0;50.0;8.0;4.0;4.0;2.0;;[34 36 65];[1 1 2];[False False False];['FK Teplice' 'FK Teplice' 'Banik Ostrava'];[0 1 2];[1 2 1];['D' 'H' 'H'];['H' 'H' 'H'];0.38;0.62;0.0;0.76;0.24;0.0;2208.0;2204.0;fk teplice;fc banik ostrava;;;
2026-05-09;194166604;Lithuania 1 Lyga;Lithuania;09:00;Full;-0.06349206349206349;2.0;2.5, 3.0;1.8;2.5, 3.0;6.0;2.0;;2.0;0.0;2.0;185.0;105.0;100.0;FK Atmosfera;11.0;0.0;2.0;2.625;1;1.0;1 - 1;3.5;FK Babrungas;2.0;1.0;4.0;2.25;0;1.0;+0.25;6 - 2;2-0;2.75;1.0;53 - 52;19 - 23;23.0;19.0;54.0;46.0;2.0;5.0;1.0;2.0;;;;;;;;104.0;81.0;52.0;53.0;55.0;45.0;6.0;12.0;3.0;4.0;;[37 87];[1 2];[False False];['FK Atmosfera' 'FK Babrungas'];[0 1];[1 0];['D' 'H'];['H' 'D'];0.44;0.56;0.0;0.82;0.18;0.0;;;;;;;
2026-05-09;194211679;Sweden 2.div Södra Götaland;Sweden;09:00;Full;0.5476190476190477;1.875;3.0;1.925;3.0;6.0;3.0;;4.0;3.0;7.0;154.0;75.0;100.0;Oskarshamns AIK;;0.0;0.0;1.4;1;6.0;6 - 1;4.333;Torns IF;;0.0;3.0;6.0;1;1.0;-1.25;6 - 3;4-3;3.0;1.25;44 - 31;25 - 14;14.0;25.0;54.0;46.0;4.0;3.0;1.0;2.0;;;;;;;;71.0;83.0;31.0;44.0;51.0;49.0;8.0;9.0;4.0;9.0;;[12 15 54 62 64 70 73];[1 1 2 2 2 2 2];[False False False False False False False];"['Torns IF' 'Oskarshamns AIK' 'Oskarshamns AIK' 'Oskarshamns AIK'
 'Oskarshamns AIK' 'Oskarshamns AIK' 'Oskarshamns AIK']";[ 0 -1  0  1  2  3  4];[-1  0  1  2  3  4  5];['D' 'A' 'D' 'H' 'H' 'H' 'H'];['A' 'D' 'H' 'H' 'H' 'H' 'H'];0.57;0.4;0.03;0.93;0.0;0.07;22320.0;62560.0;oskarshamns aik;torns if;;;
2026-05-09;194209679;Türkiye U19 League;Turkey;09:00;Full;0.22804054054054046;2.0;3.5;1.8;3.5;3.0;4.0;;1.0;2.0;3.0;0.0;0.0;100.0;Galatasaray U19;;0.0;3.0;1.85;0;2.0;2 - 0;3.9;Antalyaspor U19;;0.0;3.0;3.2;0;0.0;-0.5;3 - 4;1-2;3.5;1.25;-;-;0.0;0.0;58.0;42.0;0.0;0.0;0.0;0.0;;;;;;;;0.0;0.0;0.0;0.0;64.0;36.0;0.0;0.0;0.0;2.0;;[68 73];[2 2];[False False];['Galatasaray U19' 'Galatasaray U19'];[0 1];[1 2];['D' 'H'];['H' 'H'];0.76;0.24;0.0;1.0;0.0;0.0;3061.0;3056.0;galatasaray istanbul;antalyaspor;;;Youth
2026-05-09;194264369;Türkiye U19 League;Turkey;09:00;Full;-0.19023986765922257;1.975;3.0;1.825;3.0;3.0;7.0;;3.0;1.0;4.0;158.0;48.0;100.0;Alanyaspor U19;;0.0;2.0;3.1;5;5.0;5 - 3;3.7;Kayserispor U19;;0.0;2.0;1.95;1;3.0;+0.5;3 - 7;3-1;3.0;1.25;22 - 26;14 - 10;10.0;14.0;58.0;42.0;1.0;1.0;2.0;8.0;;;;;;;;99.0;59.0;26.0;22.0;64.0;36.0;9.0;3.0;7.0;10.0;;[ 6 11 14 24 29 31 54 75];[1 1 1 1 1 1 2 2];[False False False False False False False False];"['Kayserispor U19' 'Alanyaspor U19' 'Alanyaspor U19' 'Alanyaspor U19'
 'Alanyaspor U19' 'Alanyaspor U19' 'Kayserispor U19' 'Kayserispor U19']";[ 0 -1  0  1  2  3  4  3];[-1  0  1  2  3  4  3  2];['D' 'A' 'D' 'H' 'H' 'H' 'H' 'H'];['A' 'D' 'H' 'H' 'H' 'H' 'H' 'H'];0.1;0.84;0.06;0.2;0.69;0.11;6362.0;3072.0;alanyaspor;kayserispor;;;Youth
2026-05-09;194264372;Türkiye U19 League;Turkey;09:00;Schedule;0.10147991543340379;1.825;3.0;1.975;3.0;5.0;8.0;;1.0;2.0;3.0;160.0;107.0;100.0;Konyaspor U19;;0.0;2.0;2.15;0;2.0;2 - 1;3.5;Fenerbahce U19;;0.0;0.0;2.75;1;1.0;-0.25 ( 0.0);5 - 8;1-2;3.0 ( 3.5);1.25;52 - 53;27 - 27;27.0;27.0;49.0;51.0;4.0;1.0;4.0;1.0;;;;;;;;84.0;76.0;54.0;53.0;50.0;50.0;9.0;6.0;6.0;4.0;;[43 53 81];[1 2 2];[False False False];['Fenerbahce U19' 'Konyaspor U19' 'Konyaspor U19'];[ 0 -1  0];[-1  0  1];['D' 'A' 'D'];['A' 'D' 'H'];0.79;0.1;0.11;0.96;0.0;0.04;3085.0;3052.0;konyaspor;fenerbahce istanbul;;;Youth
2026-05-09;194209682;Türkiye U19 League;Turkey;09:00;Schedule;-0.0735930735930736;1.85;2.5, 3.0;1.95;2.5, 3.0;0.0;0.0;;0.0;0.0;0.0;0.0;0.0;;Besiktas U19;;0.0;0.0;2.625;0;0.0;0 - 0;3.6;Trabzonspor U19;;0.0;0.0;2.2;0;0.0;+0.25;0 - 0;0-0;2.75;1.25;-;nan;;;;;;;;;;;;;;;;0.0;0.0;0.0;0.0;;;0.0;0.0;0.0;0.0;;[];[];[];[];[];[];[];[];1.0;0.0;0.0;1.0;0.0;0.0;3050.0;3051.0;besiktas istanbul;trabzonspor;;;Youth
2026-05-09;194205586;Denmark Division 3;Denmark;09:00;Full;-0.2113344683080146;1.875;3.0;1.925;3.0;1.0;1.0;;0.0;1.0;1.0;176.0;90.0;100.0;Vanløse;;0.0;4.0;3.2;0;0.0;0 - 3;3.7;Nykobing;;0.0;1.0;1.909;2;3.0;+0.5;1 - 1;0-1;3.0;1.25;32 - 58;13 - 31;31.0;13.0;50.0;50.0;5.0;2.0;5.0;0.0;;;;;;;;97.0;79.0;58.0;32.0;48.0;52.0;11.0;4.0;8.0;3.0;;[ 2 31 52];[1 1 2];[False False False];['Nykobing' 'Nykobing' 'Nykobing'];[ 0 -1 -2];[-1 -2 -3];['D' 'A' 'A'];['A' 'A' 'A'];0.02;0.0;0.98;0.04;0.0;0.96;;;;;;;
2026-05-09;194259804;Norway Division 1 Women;Norway;09:00;Full;0.5324675324675325;1.875;3.0, 3.5;1.925;3.0, 3.5;10.0;2.0;;4.0;2.0;6.0;124.0;129.0;;Kolbotn (W);;0.0;1.0;1.4;0;0.0;0 - 1;4.333;Bryne (W);;0.0;2.0;5.5;1;1.0;-1.25;10 - 2;4-2;3.25;1.5;87 - 42;42 - 22;22.0;42.0;;;0.0;1.0;4.0;4.0;;;;;;;;64.0;60.0;42.0;87.0;;;3.0;3.0;7.0;12.0;;[32];[1];[False];['Bryne (W)'];[0];[-1];['D'];['A'];0.36;0.0;0.64;0.71;0.0;0.29;;663.0;;bryne fk;;;Women
2026-05-09;193001760;Germany 3. Liga;Germany;09:00;Full;0.5403726708074534;1.825;3.0;1.975;3.0;5.0;3.0;;3.0;1.0;4.0;149.0;108.0;100.0;VfL Osnabruck;;0.0;0.0;1.4;1;1.0;1 - 1;4.333;SSV Ulm 1846;;0.0;1.0;5.75;1;1.0;-1.25;5 - 3;3-1;3.0;1.25;65 - 43;23 - 23;23.0;23.0;50.0;50.0;5.0;3.0;1.0;1.0;;;;;;;;69.0;80.0;43.0;65.0;50.0;50.0;8.0;5.0;4.0;2.0;;[26 44];[1 1];[False False];['SSV Ulm 1846' 'VfL Osnabruck'];[ 0 -1];[-1  0];['D' 'A'];['A' 'D'];0.8;0.0;0.2;0.6;0.0;0.4;2581.0;2580.0;vfl 1899 osnabruck;ssv ulm 1846;1.66;1.72;
2026-05-09;193001741;Germany 3. Liga;Germany;09:00;Full;0.06238859180035644;1.9;3.5;1.9;3.5;4.0;7.0;;3.0;1.0;4.0;166.0;98.0;100.0;Rot-Weiss Essen;4.0;0.0;2.0;2.2;0;1.0;1 - 0;3.8;Verl;5.0;0.0;3.0;2.55;0;0.0;0.0;4 - 7;3-1;3.5;1.5;44 - 54;20 - 18;18.0;20.0;56.0;44.0;0.0;2.0;1.0;1.0;;;;;;;;98.0;68.0;54.0;44.0;60.0;40.0;4.0;4.0;4.0;3.0;;[50];[2];[False];['Rot-Weiss Essen'];[0];[1];['D'];['H'];0.56;0.44;0.0;1.0;0.0;0.0;2562.0;2593.0;rot-weiss essen;sc verl;1.4;1.4;Women
2026-05-09;194209688;Türkiye U19 League;Turkey;09:00;Full;0.25252525252525254;2.0;3.0, 3.5;1.8;3.0, 3.5;10.0;4.0;;6.0;2.0;8.0;216.0;143.0;;Genclerbirligi U19;;0.0;1.0;1.8;1;1.0;1 - 1;4.0;Kasimpasa U19;;0.0;2.0;3.3;0;1.0;-0.5;10 - 4;6-2;3.25;1.25;75 - 68;37 - 23;23.0;37.0;;;1.0;2.0;1.0;3.0;;;;;;;;103.0;113.0;68.0;75.0;;;1.0;4.0;4.0;9.0;;[36 81];[1 2];[False False];['Genclerbirligi U19' 'Kasimpasa U19'];[0 1];[1 0];['D' 'H'];['H' 'D'];0.5;0.5;0.0;0.8;0.2;0.0;7802.0;6063.0;genclerbirligi sk;kasimpasa istanbul;;;Youth
2026-05-09;194209690;Türkiye U19 League;Turkey;09:00;Full;0.6540682414698162;1.95;3.0, 3.5;1.85;3.0, 3.5;6.0;4.0;;4.0;1.0;5.0;188.0;133.0;100.0;Goztepe U19;;0.0;2.0;1.27;1;3.0;3 - 2;5.0;Gaziantep FK U19;;0.0;0.0;7.5;1;2.0;-1.75;6 - 4;4-1;3.25;1.25;62 - 71;38 - 34;34.0;38.0;54.0;46.0;1.0;3.0;2.0;4.0;;;;;;;;118.0;70.0;71.0;62.0;59.0;41.0;3.0;6.0;4.0;7.0;;[ 8 39 54 62 91];[1 1 2 2 2];[False False False False  True];"['Goztepe U19' 'Gaziantep FK U19' 'Goztepe U19' 'Goztepe U19'
 'Gaziantep FK U19']";[0 1 0 1 2];[1 0 1 2 1];['D' 'H' 'D' 'H' 'H'];['H' 'D' 'H' 'H' 'H'];0.25;0.75;0.0;0.31;0.69;0.0;3054.0;5138.0;goztepe izmir;gaziantep fk;;;Youth
2026-05-09;193331555;Denmark Division 1;Denmark;09:00;Full;0.25604551920341395;1.9;2.5, 3.0;1.9;2.5, 3.0;9.0;5.0;;1.0;3.0;4.0;166.0;80.0;100.0;Aarhus Fremad;;0.0;3.0;1.9;0;0.0;0 - 0;3.5;HB Køge;;0.0;4.0;3.7;0;0.0;-0.25;9 - 5;1-3;2.75;1.25;52 - 28;19 - 17;17.0;19.0;45.0;55.0;1.0;3.0;1.0;0.0;;;;;;;;73.0;93.0;28.0;52.0;48.0;52.0;2.0;12.0;2.0;4.0;;[];[];[];[];[];[];[];[];1.0;0.0;0.0;1.0;0.0;0.0;4874.0;36095.0;aarhus fremad;hb koege;1.57;1.61;
2026-05-09;193331566;Denmark Division 1;Denmark;09:00;Full;0.21002710027100274;2.025;2.0, 2.5;1.775;2.0, 2.5;5.0;4.0;;2.0;1.0;3.0;227.0;85.0;100.0;AC Horsens;;0.0;0.0;2.05;1;4.0;4 - 0;3.2;Hillerød;;0.0;0.0;3.6;0;0.0;-0.25;5 - 4;2-1;2.25;0.75;56 - 29;42 - 9;9.0;42.0;49.0;51.0;2.0;8.0;1.0;1.0;;;;;;;;91.0;136.0;29.0;56.0;45.0;55.0;8.0;10.0;3.0;5.0;;[39 48 71 91];[1 2 2 2];[False False False  True];['AC Horsens' 'AC Horsens' 'AC Horsens' 'AC Horsens'];[0 1 2 3];[1 2 3 4];['D' 'H' 'H' 'H'];['H' 'H' 'H' 'H'];0.43;0.57;0.0;0.87;0.13;0.0;1297.0;1371.0;ac horsens;hillerod fodbold;1.83;1.83;
2026-05-09;194209685;Türkiye U19 League;Turkey;09:00;Full;0.19023986765922257;1.95;3.0;1.85;3.0;8.0;6.0;;6.0;1.0;7.0;221.0;104.0;100.0;Istanbul Basaksehir U19;;0.0;3.0;1.95;0;3.0;3 - 2;3.7;Samsunspor U19;;1.0;2.0;3.1;2;2.0;-0.5;8 - 6;6-1;3.0;1.25;56 - 48;28 - 17;17.0;28.0;48.0;52.0;3.0;9.0;2.0;2.0;;;;;;;;110.0;111.0;48.0;56.0;48.0;52.0;10.0;12.0;4.0;6.0;;[15 19 46 55 82];[1 1 2 2 2];[False False False False False];"['Samsunspor U19' 'Samsunspor U19' 'Istanbul Basaksehir U19'
 'Istanbul Basaksehir U19' 'Istanbul Basaksehir U19']";[ 0 -1 -2 -1  0];[-1 -2 -1  0  1];['D' 'A' 'A' 'A' 'D'];['A' 'A' 'A' 'D' 'H'];0.47;0.09;0.44;0.33;0.0;0.67;3086.0;3053.0;istanbul basaksehir;samsunspor;;;Youth
2026-05-09;194171461;Thailand Division 3;Thailand;09:00;Full;0.09740259740259738;1.95;2.5;1.85;2.5;5.0;2.0;;4.0;2.0;6.0;162.0;90.0;100.0;Nara United;;0.0;4.0;2.2;0;1.0;1 - 0;3.3;PT Satun;;0.0;5.0;2.8;0;0.0;-0.25;5 - 2;4-2;2.5;1.0;55 - 35;33 - 19;19.0;33.0;48.0;52.0;4.0;2.0;3.0;2.0;;;;;;;;80.0;82.0;35.0;55.0;48.0;52.0;8.0;4.0;4.0;3.0;;[98];[2];[ True];['Nara United'];[0];[1];['D'];['H'];1.0;0.0;0.0;1.0;0.0;0.0;;;;;;;
2026-05-09;194165798;Finland Kakkonen Group B;Finland;09:00;Full;0.465149359886202;1.85;3.0, 3.5;1.95;3.0, 3.5;4.0;4.0;;1.0;3.0;4.0;60.0;85.0;;AIFK;;0.0;3.0;1.48;2;3.0;3 - 1;4.5;GrIFK;;1.0;2.0;4.75;1;1.0;-1.0;4 - 4;1-3;3.25;1.25;55 - 30;19 - 17;17.0;19.0;;;4.0;2.0;2.0;3.0;;;;;;;;21.0;39.0;30.0;55.0;;;5.0;11.0;4.0;7.0;;[ 2 27 31 46];[1 1 1 2];[False False False False];['AIFK' 'AIFK' 'GrIFK' 'AIFK'];[0 1 2 1];[1 2 1 2];['D' 'H' 'H' 'H'];['H' 'H' 'H' 'H'];0.02;0.98;0.0;0.04;0.96;0.0;22399.0;2282.0;abo ifk turku;grankulla ifk;;;Youth
2026-05-09;194166591;Czechia First League;Czech Republic;09:00;Full;0.3333333333333333;1.975;2.5, 3.0;1.825;2.5, 3.0;4.0;5.0;;3.0;3.0;6.0;154.0;61.0;100.0;Mlada Boleslav;;0.0;2.0;1.75;1;1.0;1 - 1;3.4;FC Zlin;;0.0;3.0;4.2;0;1.0;-0.5;4 - 5;3-3;2.75;1.25;31 - 30;17 - 13;13.0;17.0;50.0;50.0;4.0;3.0;2.0;2.0;;;;;;;;71.0;83.0;30.0;31.0;50.0;50.0;9.0;8.0;4.0;3.0;;[42 81];[1 2];[False False];['Mlada Boleslav' 'FC Zlin'];[0 1];[1 0];['D' 'H'];['H' 'D'];0.57;0.43;0.0;0.93;0.07;0.0;2224.0;2220.0;fk mlada boleslav;fc zlin;;;
2026-05-09;193331854;Norway Eliteserien;Norway;09:00;Schedule;0.24605669053023682;1.85;2.5, 3.0;1.95;2.5, 3.0;10.0;3.0;;7.0;0.0;7.0;174.0;91.0;100.0;Sarpsborg;;0.0;4.0;1.909;1;1.0;1 - 1;3.7;Fredrikstad;;0.0;4.0;3.6;1;1.0;-0.5 ( 0.0);10 - 3;7-0;2.75 ( 2.5);1.25;57 - 30;24 - 17;17.0;24.0;32.0;68.0;1.0;6.0;1.0;1.0;;;;;;;;77.0;97.0;30.0;61.0;40.0;60.0;2.0;9.0;3.0;3.0;;[17 41 98];[1 1 2];[False False  True];['Fredrikstad' 'Sarpsborg' 'Sarpsborg'];[ 0 -1  0];[-1  0  1];['D' 'A' 'D'];['A' 'D' 'H'];0.76;0.0;0.24;0.47;0.0;0.53;822.0;687.0;sarpsborg 08;fredrikstad fk;1.44;1.5;
2026-05-09;194166538;Indonesia Super League;Indonesia;09:00;Full;0.24060150375939848;1.9;2.5, 3.0;1.9;2.5, 3.0;3.0;6.0;;3.0;3.0;6.0;200.0;122.0;100.0;Persis Solo;;0.0;2.0;1.9;0;0.0;0 - 0;3.5;Persebaya Surabaya;;0.0;0.0;3.5;0;0.0;-0.25;3 - 6;3-3;2.75;1.25;60 - 62;28 - 31;31.0;28.0;59.0;41.0;2.0;4.0;2.0;0.0;;;;;;;;109.0;91.0;62.0;60.0;58.0;42.0;4.0;7.0;3.0;0.0;;[];[];[];[];[];[];[];[];1.0;0.0;0.0;1.0;0.0;0.0;;;;;;;
2026-05-09;194166245;Latvia 1. Liga;Latvia;09:00;Full;0.6347478338147079;2.0;3.5;1.8;3.5;4.0;4.0;;3.0;2.0;5.0;200.0;139.0;;SK Super Nova II;7.0;0.0;1.0;1.286;1;1.0;1 - 0;5.25;Rezeknes FA;14.0;0.0;1.0;7.0;0;0.0;-1.75;4 - 4;3-2;3.5;1.5;79 - 60;44 - 26;26.0;44.0;;;1.0;7.0;2.0;2.0;;;;;;;;91.0;109.0;60.0;79.0;;;1.0;10.0;3.0;3.0;;[22];[1];[False];['SK Super Nova II'];[0];[1];['D'];['H'];0.24;0.76;0.0;0.49;0.51;0.0;425115.0;;sk super nova;;;;Youth
2026-05-09;194208955;Norway Division 2 Group 2;Norway;09:00;Full;0.5428194993412385;1.975;3.5;1.825;3.5;3.0;2.0;;3.0;0.0;3.0;102.0;79.0;100.0;Eidsvold TF;;0.0;1.0;1.38;2;4.0;4 - 1;4.75;Follo;;0.0;2.0;5.5;0;1.0;-1.25;3 - 2;3-0;3.5;1.5;42 - 37;28 - 10;10.0;28.0;31.0;69.0;1.0;1.0;0.0;2.0;;;;;;;;45.0;57.0;37.0;42.0;39.0;61.0;2.0;2.0;1.0;5.0;;[37 43 67 72 81];[1 1 2 2 2];[False False False False False];['Eidsvold TF' 'Eidsvold TF' 'Eidsvold TF' 'Eidsvold TF' 'Follo'];[0 1 2 3 4];[1 2 3 4 3];['D' 'H' 'H' 'H' 'H'];['H' 'H' 'H' 'H' 'H'];0.41;0.59;0.0;0.82;0.18;0.0;694.0;855.0;eidsvold tf;follo;;;
2026-05-09;193003384;Spain La Liga;Spain;09:00;Full;0.15032679738562088;2.0;2.5;1.85;2.5;7.0;3.0;;3.0;3.0;6.0;183.0;104.0;100.0;Elche;17.0;0.0;3.0;2.25;0;1.0;1 - 1;3.2;CD Alaves;16.0;0.0;6.0;3.4;0;1.0;-0.25;7 - 3;3-3;2.5;1.0;54 - 50;23 - 22;22.0;23.0;38.0;62.0;4.0;5.0;0.0;1.0;;;;;;;;68.0;115.0;50.0;54.0;34.0;66.0;8.0;11.0;4.0;5.0;;[51 72];[2 2];[False False];['CD Alaves' 'Elche'];[ 0 -1];[-1  0];['D' 'A'];['A' 'D'];0.77;0.0;0.23;1.0;0.0;0.0;2846.0;2885.0;elche cf;deportivo alaves;1.66;1.7;
2026-05-09;194166588;Czechia First League;Czech Republic;09:00;Full;0.08695652173913049;1.975;2.5;1.825;2.5;2.0;2.0;;1.0;2.0;3.0;214.0;121.0;100.0;Dukla Praha;;0.0;1.0;2.3;0;0.0;0 - 1;3.25;Slovacko;;0.0;2.0;2.875;0;1.0;-0.25;2 - 2;1-2;2.5;1.0;47 - 74;17 - 39;39.0;17.0;50.0;50.0;8.0;3.0;2.0;0.0;;;;;;;;118.0;96.0;74.0;47.0;50.0;50.0;12.0;5.0;4.0;1.0;;[54];[2];[False];['Slovacko'];[0];[-1];['D'];['A'];0.6;0.0;0.4;1.0;0.0;0.0;7739.0;4871.0;dukla prague;1. fc slovacko uherske hradiste;;;
2026-05-09;193001737;Germany 3. Liga;Germany;09:00;Full;0.05228758169934633;1.925;3.0, 3.5;1.875;3.0, 3.5;6.0;4.0;;4.0;2.0;6.0;158.0;104.0;100.0;1860 Munich;8.0;0.0;2.0;2.25;1;1.0;1 - 2;3.6;FC Ingolstadt;15.0;0.0;0.0;2.55;0;2.0;0.0;6 - 4;4-2;3.25;1.25;55 - 49;25 - 23;23.0;25.0;40.0;60.0;3.0;0.0;1.0;3.0;;;;;;;;81.0;77.0;49.0;55.0;44.0;56.0;8.0;4.0;3.0;3.0;;[42 57 64];[1 2 2];[False False False];['1860 Munich' 'FC Ingolstadt' 'FC Ingolstadt'];[0 1 0];[ 1  0 -1];['D' 'H' 'D'];['H' 'D' 'A'];0.54;0.17;0.29;0.93;0.07;0.0;2536.0;5880.0;tsv 1860 munich;fc ingolstadt 04;1.44;1.44;
2026-05-09;194264332;Sweden 2.div Norra Götaland;Sweden;09:00;Full;0.00886524822695034;1.925;3.0, 3.5;1.875;3.0, 3.5;5.0;4.0;;3.0;1.0;4.0;195.0;111.0;;Motala AIF FK;;0.0;3.0;2.35;0;0.0;0 - 4;3.7;IFK Skövde FK;;0.0;0.0;2.4;3;4.0;0.0;5 - 4;3-1;3.25;1.25;55 - 56;27 - 24;24.0;27.0;;;2.0;4.0;4.0;0.0;;;;;;;;95.0;100.0;56.0;55.0;;;7.0;9.0;9.0;2.0;;[15 32 47 66];[1 1 1 2];[False False  True False];['IFK Skövde FK' 'IFK Skövde FK' 'IFK Skövde FK' 'IFK Skövde FK'];[ 0 -1 -2 -3];[-1 -2 -3 -4];['D' 'A' 'A' 'A'];['A' 'A' 'A' 'A'];0.17;0.0;0.83;0.32;0.0;0.68;1784.0;191150.0;motala aif fk;ifk skovde fk;;;
2026-05-09;194181784;Denmark Elitedivisionen Women;Denmark;09:00;Full;0.3226285391890487;1.9;2.5;1.9;2.5;5.0;4.0;;3.0;2.0;5.0;123.0;92.0;100.0;Fortuna Hjørring (W);;0.0;0.0;1.727;2;2.0;2 - 1;3.6;AGF (W);;0.0;0.0;3.9;1;1.0;-0.75;5 - 4;3-2;2.5;1.0;37 - 55;15 - 26;26.0;15.0;60.0;40.0;6.0;1.0;4.0;3.0;;;;;;;;67.0;56.0;55.0;37.0;57.0;43.0;12.0;1.0;5.0;4.0;;[22 38 46];[1 1 1];[False False  True];['Fortuna Hjørring (W)' 'AGF (W)' 'Fortuna Hjørring (W)'];[0 1 0];[1 0 1];['D' 'H' 'D'];['H' 'D' 'H'];0.33;0.67;0.0;0.65;0.35;0.0;;;;;;;Women
2026-05-09;194169843;Sweden Damallsvenskan;Sweden;09:00;Full;0.10797342192691028;1.9;2.5, 3.0;1.9;2.5, 3.0;6.0;6.0;;1.0;3.0;4.0;232.0;108.0;;Brommapojkarna (W);;0.0;1.0;2.15;0;0.0;0 - 1;3.4;Eskilstuna Utd (W);;0.0;1.0;2.8;1;1.0;-0.25;6 - 6;1-3;2.75;1.25;62 - 46;32 - 21;21.0;32.0;;;1.0;2.0;1.0;1.0;;;;;;;;105.0;127.0;46.0;62.0;;;5.0;5.0;1.0;5.0;;[19];[1];[False];['Eskilstuna Utd (W)'];[0];[-1];['D'];['A'];0.21;0.0;0.79;0.42;0.0;0.58;1787.0;;if brommapojkarna;;;;Women
2026-05-09;194209693;Türkiye U19 League;Turkey;09:00;Full;-0.10582010582010581;1.975;3.0, 3.5;1.825;3.0, 3.5;2.0;3.0;;1.0;1.0;2.0;254.0;191.0;100.0;Kocaelispor U19;;0.0;3.0;2.7;1;2.0;2 - 3;3.75;Fatih Karagumruk U19;;0.0;6.0;2.1;2;3.0;+0.25;2 - 3;1-1;3.25;1.25;80 - 111;30 - 60;60.0;30.0;55.0;45.0;6.0;0.0;4.0;3.0;;;;;;;;131.0;123.0;111.0;80.0;51.0;49.0;10.0;4.0;6.0;5.0;;[28 38 43 75 88];[1 1 1 2 2];[False False False False False];"['Fatih Karagumruk U19' 'Fatih Karagumruk U19' 'Kocaelispor U19'
 'Fatih Karagumruk U19' 'Kocaelispor U19']";[ 0 -1 -2 -1 -2];[-1 -2 -1 -2 -1];['D' 'A' 'A' 'A' 'A'];['A' 'A' 'A' 'A' 'A'];0.31;0.0;0.69;0.62;0.0;0.38;3065.0;4954.0;kocaelispor;fatih karagumruk istanbul;;;Youth
2026-05-09;194260651;Hong Kong Women Premier League;Hong Kong;09:04;Full;0.09474590869939709;1.95;2.5, 3.0;1.85;2.5, 3.0;3.0;3.0;;1.0;2.0;3.0;120.0;92.0;;TSL FC (W);;0.0;1.0;2.15;0;0.0;0 - 0;3.6;Kitchee (W);;0.0;1.0;2.7;0;0.0;-0.25;3 - 3;1-2;2.75;1.25;53 - 39;16 - 26;26.0;16.0;;;2.0;2.0;0.0;2.0;;;;;;;;63.0;57.0;39.0;53.0;;;2.0;11.0;0.0;3.0;;[];[];[];[];[];[];[];[];1.0;0.0;0.0;1.0;0.0;0.0;;;;;;;Women
2026-05-09;194207629;Malaysia Super League;Malaysia;09:15;Schedule;-0.03628117913832202;2.0;3.0, 3.5;1.8;3.0, 3.5;6.0;10.0;;3.0;6.0;9.0;88.0;85.0;100.0;DPMM FC;;1.0;1.0;2.45;0;0.0;0 - 0;3.7;Sabah FC;;0.0;3.0;2.25;0;0.0;0.0 (+0.25);6 - 10;3-6;3.25 ( 0.5);1.25;27 - 50;16 - 28;28.0;16.0;64.0;36.0;2.0;3.0;0.0;1.0;;;;;;;;50.0;38.0;56.0;29.0;61.0;39.0;4.0;6.0;3.0;2.0;;[93];[2];[ True];['Sabah FC'];[0];[-1];['D'];['A'];1.0;0.0;0.0;1.0;0.0;0.0;;;;;;;
2026-05-09;194209675;Türkiye U19 League;Turkey;09:29;Schedule;0.23751023751023742;1.9;2.5, 3.0;1.9;2.5, 3.0;6.0;5.0;;4.0;2.0;6.0;142.0;100.0;100.0;Eyupspor U19;;0.0;3.0;1.85;0;0.0;0 - 0;3.5;Caykur Rizespor U19;;0.0;3.0;3.3;0;0.0;-0.5 (-0.25);6 - 5;4-2;2.75 (0.75);1.0;50 - 30;38 - 16;16.0;38.0;35.0;65.0;0.0;1.0;0.0;1.0;;;;;;;;67.0;75.0;37.0;63.0;39.0;61.0;4.0;1.0;1.0;5.0;;[];[];[];[];[];[];[];[];1.0;0.0;0.0;1.0;0.0;0.0;7040.0;3064.0;eyupspor;caykur rizespor;;;Youth
2026-05-09;194165833;Netherlands Tweede Divisie;Netherlands;09:30;Schedule;-0.26839826839826836;1.925;3.5;1.875;3.5;2.0;4.0;;2.0;0.0;2.0;251.0;152.0;100.0;Barendrecht;13.0;0.0;1.0;3.3;3;4.0;4 - 2;4.1;HSV Hoek;2.0;0.0;0.0;1.75;1;2.0;+0.75 (+0.25);2 - 4;2-0;3.5 (7.25);1.5;45 - 81;33 - 52;52.0;33.0;25.0;75.0;6.0;2.0;3.0;4.0;;;;;;;;139.0;112.0;89.0;63.0;33.0;67.0;9.0;4.0;6.0;6.0;;[ 9 16 30 35 46 56];[1 1 1 1 2 2];[False False False False False False];"['Barendrecht' 'HSV Hoek' 'Barendrecht' 'Barendrecht' 'Barendrecht'
 'HSV Hoek']";[0 1 0 1 2 3];[1 0 1 2 3 2];['D' 'H' 'D' 'H' 'H' 'H'];['H' 'D' 'H' 'H' 'H' 'H'];0.26;0.74;0.0;0.51;0.49;0.0;;;;;;;
2026-05-09;194188454;Austria Regionalliga West;Austria;09:30;Schedule;0.16669161116515746;1.875;3.0;1.925;3.0;0.0;0.0;;0.0;0.0;0.0;1.0;1.0;;SV Wals-Grünau;;0.0;0.0;1.909;0;0.0;0 - 0;4.1;SV Kuchl;;0.0;0.0;2.8;0;0.0;-0.5;0 - 0;0-0;3.0;1.25;1 -;nan;;;;;;;;;;;;;;;;0.0;1.0;0.0;1.0;;;0.0;0.0;0.0;0.0;;[];[];[];[];[];[];[];[];1.0;0.0;0.0;1.0;0.0;0.0;;;;;;;
2026-05-09;194210184;Norway Division 3 Group 5;Norway;09:30;Schedule;0.0;1.8;3.5, 4.0;2.0;3.5, 4.0;5.0;3.0;;4.0;2.0;6.0;214.0;75.0;;Skjetten;;0.0;4.0;2.3;0;0.0;0 - 3;4.0;Fløya;;0.0;0.0;2.3;1;3.0;0.0 ( 0.0);5 - 3;4-2;3.75 ( 4);1.5;29 - 32;27 - 21;21.0;27.0;;;5.0;3.0;2.0;1.0;;;;;;;;94.0;120.0;36.0;39.0;;;7.0;5.0;5.0;2.0;;[47 60 69 71];[1 2 2 2];[ True False False False];['Fløya' 'Fløya' 'Fløya' 'Skjetten'];[ 0 -1 -2 -3];[-1 -2 -3 -2];['D' 'A' 'A' 'A'];['A' 'A' 'A' 'A'];0.52;0.0;0.48;1.0;0.0;0.0;;;;;;;
2026-05-09;194165842;Netherlands Tweede Divisie;Netherlands;09:30;Schedule;0.5142857142857142;1.975;4.0;1.825;4.0;5.0;2.0;;3.0;1.0;4.0;159.0;90.0;100.0;Rijnsburgse Boys;6.0;0.0;0.0;1.4;2;3.0;3 - 2;5.0;Sparta Rotterdam Reserves;8.0;0.0;0.0;5.0;1;2.0;-1.5 (-0.25);5 - 2;3-1;4.0 (6.25);1.75;40 - 30;27 - 11;11.0;27.0;35.0;65.0;1.0;0.0;1.0;4.0;;;;;;;;77.0;82.0;47.0;43.0;44.0;56.0;4.0;2.0;4.0;6.0;;[11 14 32 61 69 78];[1 1 1 2 2 2];[False False False False False False];"['Rijnsburgse Boys' 'Rijnsburgse Boys' 'Sparta Rotterdam Reserves'
 'Rijnsburgse Boys' 'Sparta Rotterdam Reserves' 'Rijnsburgse Boys']";[0 1 2 1 2 1];[1 2 1 2 1 2];['D' 'H' 'H' 'H' 'H' 'H'];['H' 'H' 'H' 'H' 'H' 'H'];0.12;0.88;0.0;0.24;0.76;0.0;;;;;;;Youth
2026-05-09;194206155;Malawi Super League;Malawi;09:30;Schedule;0.21002710027100274;1.975;2.0;1.825;2.0;1.0;1.0;;1.0;1.0;2.0;147.0;71.0;;Moyale Barracks;;0.0;1.0;2.05;1;2.0;2 - 0;2.875;Chitipa United;;0.0;1.0;3.6;0;0.0;-0.25 (-0.25);1 - 1;1-1;2.0 (2.75);0.75;23 - 30;13 - 22;22.0;13.0;;;1.0;1.0;3.0;2.0;;;;;;;;77.0;70.0;38.0;33.0;;;1.0;1.0;4.0;5.0;;[28 57 71 75];[1 2 2 2];[False False False False];['Moyale Barracks' 'Moyale Barracks' 'Chitipa United' 'Moyale Barracks'];[0 1 2 1];[1 2 1 2];['D' 'H' 'H' 'H'];['H' 'H' 'H' 'H'];0.31;0.69;0.0;0.62;0.38;0.0;;;;;;;
2026-05-09;194200625;Netherlands Derde Divisie;Netherlands;09:30;Schedule;0.25252525252525254;2.0;3.0, 3.5;1.8;3.0, 3.5;3.0;3.0;;2.0;2.0;4.0;174.0;77.0;100.0;Noordwijk;;0.0;0.0;1.8;0;1.0;1 - 1;3.9;SteDoco;;0.0;1.0;3.3;1;1.0;-0.5 (-0.25);3 - 3;2-2;3.25 ( 3);1.25;44 - 23;28 - 15;15.0;28.0;50.0;50.0;3.0;6.0;2.0;1.0;;;;;;;;70.0;104.0;24.0;53.0;46.0;54.0;4.0;9.0;2.0;4.0;;[27 57 72];[1 2 2];[False False False];['SteDoco' 'Noordwijk' 'Noordwijk'];[ 0 -1  0];[-1  0  1];['D' 'A' 'D'];['A' 'D' 'H'];0.47;0.2;0.33;0.6;0.0;0.4;;;;;;;
2026-05-09;194206157;Malawi Super League;Malawi;09:30;Schedule;0.33333333333333337;2.0;2.0;1.8;2.0;2.0;3.0;;1.0;1.0;2.0;267.0;172.0;;CIVO United;;0.0;2.0;1.8;1;1.0;1 - 0;3.0;Ekhaya FC;;0.0;0.0;4.5;0;0.0;-0.5 (-0.25);2 - 3;1-1;2.0 (1.75);0.75;54 - 78;37 - 49;49.0;37.0;;;6.0;1.0;0.0;2.0;;;;;;;;151.0;116.0;108.0;64.0;;;9.0;4.0;1.0;2.0;;[11];[1];[False];['CIVO United'];[0];[1];['D'];['H'];0.12;0.88;0.0;0.24;0.76;0.0;;;;;;;
2026-05-09;194206153;Malawi Super League;Malawi;09:30;Schedule;0.2905982905982907;2.025;2.0;1.775;2.0;1.0;7.0;;1.0;7.0;8.0;177.0;134.0;;Mafco;;0.0;1.0;1.95;0;0.0;0 - 0;2.625;Creck SC;;0.0;1.0;4.5;0;0.0;-0.5 (-0.25);1 - 7;1-7;2.0 (0.75);0.75;56 - 58;40 - 44;44.0;40.0;;;2.0;5.0;2.0;0.0;;;;;;;;97.0;80.0;68.0;66.0;;;3.0;10.0;3.0;0.0;;[];[];[];[];[];[];[];[];1.0;0.0;0.0;1.0;0.0;0.0;;;;;;;
2026-05-09;194200627;Netherlands Derde Divisie;Netherlands;09:30;Schedule;0.20720720720720714;1.85;3.0, 3.5;1.95;3.0, 3.5;2.0;1.0;;2.0;0.0;2.0;125.0;65.0;100.0;Zwaluwen;;0.0;2.0;1.85;0;0.0;0 - 1;4.0;TOGB;;0.0;0.0;3.0;0;1.0;-0.5 (-0.25);2 - 1;2-0;3.25 ( 2);1.25;30 - 24;22 - 17;17.0;22.0;42.0;58.0;2.0;3.0;0.0;6.0;;;;;;;;56.0;69.0;26.0;39.0;43.0;57.0;4.0;6.0;1.0;6.0;;[59];[2];[False];['TOGB'];[0];[-1];['D'];['A'];0.66;0.0;0.34;1.0;0.0;0.0;;;;;;;
2026-05-09;194264617;Netherlands U21 League;Netherlands;09:30;Schedule;0.29411764705882354;1.975;4.0, 4.5;1.825;4.0, 4.5;6.0;6.0;;2.0;3.0;5.0;145.0;90.0;100.0;Roda JC U21;;0.0;0.0;1.7;3;3.0;3 - 0;4.333;Maastricht U21;;0.0;1.0;3.4;0;0.0;-0.75 ( 0.0);6 - 6;2-3;4.25 (4.25);1.75;35 - 44;23 - 32;32.0;23.0;63.0;37.0;5.0;1.0;4.0;6.0;;;;;;;;86.0;59.0;48.0;42.0;60.0;40.0;9.0;6.0;7.0;10.0;;[ 5 19 35 77 83 85];[1 1 1 2 2 2];[False False False False False False];"['Roda JC U21' 'Roda JC U21' 'Roda JC U21' 'Roda JC U21' 'Roda JC U21'
 'Roda JC U21']";[0 1 2 3 4 5];[1 2 3 4 5 6];['D' 'H' 'H' 'H' 'H' 'H'];['H' 'H' 'H' 'H' 'H' 'H'];0.06;0.94;0.0;0.11;0.89;0.0;2954.0;2976.0;roda jc kerkrade;mvv maastricht;;;Youth
2026-05-09;194207808;Norway Division 1 Women;Norway;09:30;Schedule;-0.06993006993006995;1.975;3.0;1.825;3.0;0.0;4.0;;0.0;2.0;2.0;147.0;62.0;;Frigg Women;;0.0;0.0;2.6;1;2.0;2 - 1;3.6;Klepp (W);;0.0;0.0;2.2;1;1.0;+0.25 ( 0.0);0 - 4;0-2;3.0 (3.75);1.25;20 - 32;13 - 26;26.0;13.0;;;6.0;3.0;4.0;3.0;;;;;;;;77.0;70.0;36.0;26.0;;;7.0;5.0;5.0;8.0;;[24 35 48 79 82];[1 1 2 2 2];[False False False False False];['Frigg Women' 'Klepp (W)' 'Frigg Women' 'Klepp (W)' 'Frigg Women'];[0 1 0 1 0];[1 0 1 0 1];['D' 'H' 'D' 'H' 'D'];['H' 'D' 'H' 'D' 'H'];0.44;0.56;0.0;0.76;0.24;0.0;;;;;;;Women
2026-05-09;194167944;Malaysia Super League;Malaysia;09:30;Schedule;-0.4027777777777778;1.975;2.5, 3.0;1.825;2.5, 3.0;1.0;3.0;;1.0;2.0;3.0;90.0;69.0;100.0;Melaka FC;11.0;0.0;0.0;4.5;0;1.0;1 - 1;3.75;Kuching City FC;3.0;0.0;0.0;1.6;1;1.0;+1.0 ( +0.5);1 - 3;1-2;2.75 (2.75);1.25;20 - 41;11 - 23;23.0;11.0;53.0;47.0;3.0;0.0;2.0;1.0;;;;;;;;51.0;39.0;46.0;23.0;53.0;47.0;3.0;0.0;5.0;3.0;;[41 47 70];[1 2 2];[False False False];['Kuching City FC' 'Melaka FC' 'Kuching City FC'];[ 0 -1  0];[-1  0 -1];['D' 'A' 'D'];['A' 'D' 'A'];0.71;0.0;0.29;0.91;0.0;0.09;;;;;;;
2026-05-09;194261734;Austria Women League 2;Austria;09:30;Schedule;0.7551145977541917;1.9;3.0, 3.5;1.9;3.0, 3.5;4.0;4.0;;4.0;2.0;6.0;124.0;64.0;100.0;SV Krottendorf (W);;0.0;0.0;1.182;4;4.0;4 - 0;6.25;USC Landhaus (W);;0.0;0.0;11.0;0;0.0;-2.0 (-0.75);4 - 4;4-2;3.25 ( 5);1.5;40 - 24;28 - 15;15.0;28.0;47.0;53.0;1.0;6.0;0.0;8.0;;;;;;;;52.0;72.0;24.0;40.0;46.0;54.0;2.0;9.0;2.0;9.0;;[11 29 31 45];[1 1 1 1];[False False False False];"['SV Krottendorf (W)' 'SV Krottendorf (W)' 'SV Krottendorf (W)'
 'SV Krottendorf (W)']";[0 1 2 3];[1 2 3 4];['D' 'H' 'H' 'H'];['H' 'H' 'H' 'H'];0.12;0.88;0.0;0.24;0.76;0.0;;;;;;;Women
2026-05-09;194201033;Brazil Campeonato Goiano U20;Brazil;09:30;Schedule;0.16849816849816845;1.85;2.0, 2.5;1.95;2.0, 2.5;3.0;3.0;;3.0;3.0;6.0;143.0;75.0;;Goiania U20;;0.0;0.0;2.1;0;1.0;1 - 1;3.0;Guanabara City U20;;0.0;0.0;3.25;1;1.0;-0.25 ( 0.0);3 - 3;3-3;2.25 ( 3);1.0;29 - 31;21 - 20;20.0;21.0;;;4.0;0.0;5.0;0.0;;;;;;;;75.0;68.0;40.0;35.0;;;4.0;0.0;6.0;1.0;;[47 57];[1 2];[ True False];['Guanabara City U20' 'Goiania U20'];[ 0 -1];[-1  0];['D' 'A'];['A' 'D'];0.89;0.0;0.11;1.0;0.0;0.0;;;;;;;Youth
2026-05-09;194200633;Netherlands Derde Divisie;Netherlands;09:30;Schedule;0.19023986765922257;2.0;3.0, 3.5;1.8;3.0, 3.5;0.0;0.0;;0.0;0.0;0.0;0.0;0.0;;Scheveningen;;0.0;0.0;1.95;0;0.0;0 - 0;3.6;ASWH;;0.0;0.0;3.1;0;0.0;-0.5;0 - 0;0-0;3.25;1.25;-;nan;;;;;;;;;;;;;;;;0.0;0.0;0.0;0.0;;;0.0;0.0;0.0;0.0;;[];[];[];[];[];[];[];[];1.0;0.0;0.0;1.0;0.0;0.0;;;;;;;
2026-05-09;194207501;Italy Campionato Primavera 2;Italy;09:30;Schedule;0.09474590869939709;1.85;3.0;1.95;3.0;6.0;1.0;;4.0;1.0;5.0;97.0;61.0;100.0;Benevento U19;;0.0;1.0;2.15;1;1.0;1 - 1;3.5;Bari U19;;1.0;0.0;2.7;1;1.0;-0.25 (-0.25);6 - 1;4-1;3.0 ( 3);1.25;22 - 24;11 - 18;18.0;11.0;43.0;57.0;3.0;3.0;1.0;3.0;;;;;;;;42.0;55.0;31.0;30.0;36.0;64.0;4.0;13.0;1.0;5.0;;[16 21];[1 1];[False False];['Bari U19' 'Benevento U19'];[ 0 -1];[-1  0];['D' 'A'];['A' 'D'];0.94;0.0;0.06;0.89;0.0;0.11;2759.0;2712.0;benevento calcio;ssc bari;;;Youth
2026-05-09;193758270;Ukraine Vyscha Liga;Ukraine;09:30;Schedule;-0.16369047619047616;2.0;2.0, 2.5;1.8;2.0, 2.5;2.0;3.0;;2.0;2.0;4.0;158.0;86.0;100.0;LNZ Cherkasy;1.0;0.0;1.0;3.2;0;0.0;0 - 0;3.1;Dynamo Kyiv;4.0;0.0;0.0;2.1;0;0.0;+0.25 ( 0.0);2 - 3;2-2;2.25 (0.75);1.0;24 - 41;18 - 31;31.0;18.0;57.0;43.0;4.0;1.0;1.0;0.0;;;;;;;;94.0;64.0;56.0;30.0;62.0;38.0;7.0;2.0;2.0;0.0;;[];[];[];[];[];[];[];[];1.0;0.0;0.0;1.0;0.0;0.0;312744.0;3305.0;lnz cherkasy;fc dynamo kyiv;;;
2026-05-09;194165421;Netherlands Tweede Divisie;Netherlands;09:30;Schedule;-0.4444444444444444;1.975;3.0;1.825;3.0;3.0;2.0;;3.0;1.0;4.0;146.0;68.0;100.0;ACV Assen;18.0;0.0;0.0;4.5;1;1.0;1 - 1;4.2;Quick Boys;1.0;0.0;0.0;1.5;1;1.0;+1.0 (+0.25);3 - 2;3-1;3.0 ( 3);1.25;24 - 29;19 - 17;17.0;19.0;55.0;45.0;3.0;1.0;3.0;1.0;;;;;;;;73.0;73.0;37.0;31.0;56.0;44.0;6.0;4.0;3.0;3.0;;[33 43];[1 1];[False False];['Quick Boys' 'ACV Assen'];[ 0 -1];[-1  0];['D' 'A'];['A' 'D'];0.89;0.0;0.11;0.78;0.0;0.22;;;;;;;
2026-05-09;194262187;Kyrgyzstan Top Liga;Kyrgyzstan;09:30;Schedule;-0.053830227743271286;2.0;2.5;1.8;2.5;2.0;1.0;;2.0;1.0;3.0;109.0;95.0;;FC Bishkek City;;0.0;1.0;2.625;0;0.0;0 - 0;3.3;FC Talant;;0.0;1.0;2.3;0;0.0;0.0 ( 0.0);2 - 1;2-1;2.5 ( 1);1.0;32 - 42;22 - 31;31.0;22.0;;;8.0;5.0;1.0;0.0;;;;;;;;52.0;57.0;57.0;38.0;;;13.0;8.0;1.0;0.0;;[];[];[];[];[];[];[];[];1.0;0.0;0.0;1.0;0.0;0.0;;;;;;;
2026-05-09;194201035;Brazil Campeonato Goiano U20;Brazil;09:30;Schedule;0.15360983102918585;2.0;2.5;1.8;2.5;5.0;2.0;;2.0;1.0;3.0;196.0;92.0;100.0;Goias U20;;0.0;2.0;2.1;2;2.0;2 - 3;3.2;Vila Nova U20;;0.0;1.0;3.1;3;3.0;-0.25 (-0.25);5 - 2;2-1;2.5 (5.75);1.0;46 - 32;29 - 27;27.0;29.0;51.0;49.0;4.0;2.0;3.0;2.0;;;;;;;;79.0;117.0;34.0;58.0;42.0;58.0;4.0;8.0;4.0;3.0;;[17 29 37 42 46 67];[1 1 1 1 1 2];[False False False False  True False];"['Vila Nova U20' 'Vila Nova U20' 'Goias U20' 'Goias U20' 'Vila Nova U20'
 'Vila Nova U20']";[ 0 -1 -2 -1  0 -1];[-1 -2 -1  0 -1 -2];['D' 'A' 'A' 'A' 'D' 'A'];['A' 'A' 'A' 'D' 'A' 'A'];0.23;0.0;0.77;0.46;0.0;0.54;1960.0;2021.0;goias ec go;vila nova fc go;;;Youth
2026-05-09;194206290;Republic of Ireland U20 League;Republic of Ireland;09:32;Schedule;0.6263736263736264;2.0;3.5, 4.0;1.8;3.5, 4.0;2.0;2.0;;2.0;0.0;2.0;122.0;73.0;100.0;Bohemians Dublin U20;;0.0;1.0;1.3;0;0.0;0 - 0;5.25;Derry City U20;;0.0;0.0;7.0;0;0.0;-1.75 (-0.25);2 - 2;2-0;3.75 (0.75);1.5;30 - 26;22 - 15;15.0;22.0;30.0;70.0;1.0;1.0;1.0;0.0;;;;;;;;58.0;64.0;34.0;39.0;38.0;62.0;5.0;1.0;1.0;2.0;;[82];[2];[False];['Bohemians Dublin U20'];[0];[1];['D'];['H'];0.91;0.09;0.0;1.0;0.0;0.0;3173.0;3170.0;bohemians dublin fc;derry city fc;;;Youth
2026-05-09;194250382;Malta Premier League;Malta;09:45;Schedule;-0.20209059233449483;1.775;2.0;2.025;2.0;5.0;2.0;;5.0;2.0;7.0;141.0;87.0;100.0;Valletta;;0.0;0.0;3.5;0;0.0;0 - 0;3.0;Floriana;;0.0;1.0;2.05;0;0.0;+0.25 ( 0.0);5 - 2;5-2;2.0 (0.75);0.75;33 - 39;29 - 38;38.0;29.0;60.0;40.0;1.0;1.0;0.0;2.0;;;;;;;;76.0;65.0;45.0;42.0;56.0;44.0;1.0;2.0;0.0;2.0;;[];[];[];[];[];[];[];[];1.0;0.0;0.0;1.0;0.0;0.0;;;;;;;
2026-05-09;193762014;Poland Ekstraklasa;Poland;09:45;Schedule;0.193687230989957;1.9;2.5;1.9;2.5;2.0;2.0;;1.0;2.0;3.0;155.0;77.0;100.0;Widzew Lodz;16.0;0.0;1.0;2.05;3;3.0;3 - 0;3.2;Lechia Gdansk;15.0;0.0;1.0;3.4;0;0.0;-0.25 (-0.25);2 - 2;1-2;2.5 ( 4);1.0;35 - 22;26 - 18;18.0;26.0;37.0;63.0;2.0;5.0;0.0;3.0;;;;;;;;75.0;80.0;37.0;40.0;46.0;54.0;4.0;7.0;1.0;3.0;;[10 28 37 66];[1 1 1 2];[False False False False];['Widzew Lodz' 'Widzew Lodz' 'Widzew Lodz' 'Lechia Gdansk'];[0 1 2 3];[1 2 3 2];['D' 'H' 'H' 'H'];['H' 'H' 'H' 'H'];0.11;0.89;0.0;0.22;0.78;0.0;3115.0;7913.0;widzew lodz;ks lechia gdansk;1.66;1.66;
2026-05-09;102897;Poland III Liga;Poland;09:58;Half;;;3.25 (2.75);;3.25 (2.75);0.0;4.0;;0.0;4.0;4.0;118.0;62.0;;Victoria Wrzesnia;;0.0;0.0;;0;0.0;0 - 1;;KTS-K Luzino;;0.0;1.0;;1;1.0;+0.5 (+0.25);0 - 4;0-4;3.25 (2.75);nan;10 - 35;10 - 35;35.0;10.0;;;6.0;2.0;3.0;0.0;;;;;;;;71.0;47.0;45.0;17.0;;;8.0;3.0;3.0;0.0;;[44];[1];[False];['KTS-K Luzino'];[0];[-1];['D'];['A'];0.49;0.0;0.51;0.98;0.0;0.02;;;;;;;
2026-05-09;194265503;Italy Campionato Primavera 2;Italy;10:00;Half;-0.34346976758494446;1.825;3.0;1.975;3.0;0.0;1.0;;0.0;1.0;1.0;100.0;53.0;100.0;Salernitana U19;;0.0;0.0;3.9;0;0.0;0 - 0;3.8;Avellino U19;;0.0;0.0;1.667;0;0.0;+0.75 (+0.25);0 - 1;0-1;3.0 ( 1.5);1.25;18 - 22;18 - 22;22.0;18.0;56.0;44.0;3.0;1.0;2.0;1.0;;;;;;;;52.0;48.0;29.0;24.0;62.0;38.0;6.0;1.0;2.0;1.0;;[];[];[];[];[];[];[];[];1.0;0.0;0.0;1.0;0.0;0.0;2710.0;2730.0;us salernitana;us avellino;;;Youth
2026-05-09;194265494;Italy Campionato Primavera 2;Italy;10:00;Half;0.3087685253290349;1.975;3.0, 3.5;1.825;3.0, 3.5;4.0;1.0;;4.0;1.0;5.0;119.0;82.0;100.0;Lecco U19;;0.0;1.0;1.727;0;0.0;0 - 2;3.75;Sampdoria U19;;0.0;4.0;3.7;2;2.0;-0.75 ( -0.5);4 - 1;4-1;3.25 (3.75);1.25;47 - 20;47 - 20;20.0;47.0;36.0;64.0;1.0;4.0;4.0;2.0;;;;;;;;39.0;80.0;22.0;60.0;34.0;66.0;1.0;7.0;5.0;2.0;;[13 15 50];[1 1 2];[False False False];['Sampdoria U19' 'Sampdoria U19' 'Sampdoria U19'];[ 0 -1 -2];[-1 -2 -3];['D' 'A' 'A'];['A' 'A' 'A'];0.14;0.0;0.86;0.29;0.0;0.71;7933.0;2711.0;calcio lecco 1912;sampdoria genoa;;;Youth
2026-05-09;194265517;Italy Campionato Primavera 2;Italy;10:00;Half;-0.19023986765922257;1.95;2.5, 3.0;1.85;2.5, 3.0;3.0;3.0;;3.0;3.0;6.0;87.0;46.0;100.0;Virtus Entella U19;;0.0;0.0;3.1;2;2.0;2 - 0;3.5;Como U19;;0.0;2.0;1.95;0;0.0;+0.5 (+0.25);3 - 3;3-3;2.75 (3.75);1.0;15 - 19;15 - 19;19.0;15.0;66.0;34.0;6.0;3.0;2.0;2.0;;;;;;;;45.0;42.0;26.0;20.0;66.0;34.0;7.0;3.0;2.0;2.0;;[ 5 42];[1 1];[False False];['Virtus Entella U19' 'Virtus Entella U19'];[0 1];[1 2];['D' 'H'];['H' 'H'];0.06;0.94;0.0;0.11;0.89;0.0;43680.0;2704.0;virtus entella;como 1907;;;Youth
2026-05-09;194264608;Mozambique Mocambola;Mozambique;10:00;Half;0.14685314685314682;1.8;1.5, 2.0;2.0;1.5, 2.0;3.0;2.0;;3.0;2.0;5.0;93.0;67.0;;Costa Do Sol;;0.0;1.0;2.2;0;0.0;0 - 0;2.8;Ferroviario Maputo;;0.0;1.0;3.25;0;0.0;-0.25 ( 0.0);3 - 2;3-2;1.75 ( 1);0.75;32 - 20;32 - 20;20.0;32.0;;;1.0;2.0;3.0;0.0;;;;;;;;44.0;49.0;31.0;36.0;;;2.0;2.0;4.0;0.0;;[];[];[];[];[];[];[];[];1.0;0.0;0.0;1.0;0.0;0.0;;;;;;;
2026-05-09;194211082;Brazil Campeonato Paraense A2;Brazil;10:00;Half;-0.12121212121212122;1.75;2.0;2.05;2.0;3.0;1.0;;3.0;1.0;4.0;115.0;66.0;100.0;Uniao Paraense FC;;0.0;1.0;3.0;0;0.0;0 - 0;3.1;Independente PA;;0.0;2.0;2.2;0;0.0;+0.25 (+0.25);3 - 1;3-1;2.0 (1.25);0.75;19 - 38;19 - 38;38.0;19.0;52.0;48.0;4.0;4.0;3.0;0.0;;;;;;;;58.0;57.0;42.0;24.0;53.0;47.0;4.0;4.0;3.0;0.0;;[];[];[];[];[];[];[];[];1.0;0.0;0.0;1.0;0.0;0.0;;;;;;;
2026-05-09;194261131;Brazil Campeonato Catarinense U20;Brazil;10:00;Half;-0.350140056022409;1.925;3.0;1.875;3.0;3.0;0.0;;3.0;0.0;3.0;124.0;51.0;100.0;Nacao U20;;0.0;3.0;4.2;1;1.0;1 - 0;3.5;Figueirense U20;;0.0;2.0;1.7;0;0.0;+0.75 ( 0.0);3 - 0;3-0;3.0 ( 2.5);1.25;32 - 9;32 - 9;9.0;32.0;39.0;61.0;2.0;5.0;0.0;6.0;;;;;;;;52.0;72.0;16.0;35.0;46.0;54.0;6.0;6.0;1.0;6.0;;[42 56];[1 2];[False False];['Nacao U20' 'Figueirense U20'];[0 1];[1 0];['D' 'H'];['H' 'D'];0.84;0.16;0.0;0.93;0.07;0.0;;1985.0;;figueirense fc sc;;;Youth
2026-05-09;194321990;Bosnia & Herzegovina U19 Liga;Bosnia;10:00;Half;0.30126101782152737;1.85;2.5, 3.0;1.95;2.5, 3.0;7.0;1.0;;7.0;1.0;8.0;104.0;52.0;100.0;Zeljeznicar U19;;0.0;0.0;1.727;1;1.0;1 - 0;3.9;FK Krupa U19;;0.0;0.0;3.6;0;0.0;-0.5 ( -0.5);7 - 1;7-1;2.75 (2.75);nan;20 - 21;20 - 21;21.0;20.0;35.0;65.0;2.0;8.0;2.0;3.0;;;;;;;;44.0;60.0;25.0;27.0;34.0;66.0;4.0;12.0;4.0;3.0;;[30];[1];[False];['Zeljeznicar U19'];[0];[1];['D'];['H'];0.33;0.67;0.0;0.67;0.33;0.0;;;;;;;Youth
2026-05-09;194260970;Italy Campionato Primavera 2;Italy;10:00;Half;-0.2698412698412699;1.85;3.0;1.95;3.0;5.0;3.0;;5.0;3.0;8.0;140.0;51.0;100.0;Padova U19;;0.0;2.0;3.5;2;2.0;2 - 0;3.7;Udinese U19;;0.0;0.0;1.8;0;0.0;+0.5 (+0.25);5 - 3;5-3;3.0 ( 4);1.25;20 - 21;20 - 21;21.0;20.0;59.0;41.0;5.0;6.0;1.0;7.0;;;;;;;;88.0;52.0;31.0;20.0;64.0;36.0;8.0;6.0;2.0;7.0;;[24 34];[1 1];[False False];['Padova U19' 'Padova U19'];[0 1];[1 2];['D' 'H'];['H' 'H'];0.27;0.73;0.0;0.53;0.47;0.0;2741.0;2695.0;calcio padova;udinese calcio;;;Youth
2026-05-09;194165410;Finland Ykkonen;Finland;10:00;Half;0.7551145977541917;1.875;3.5;1.925;3.5;0.0;2.0;;0.0;2.0;2.0;173.0;86.0;100.0;SalPa;;0.0;0.0;1.182;4;4.0;4 - 0;5.75;KPV;;0.0;0.0;11.0;0;0.0;-2.0 (-0.75);0 - 2;0-2;3.5 ( 6);1.5;38 - 30;38 - 30;30.0;38.0;56.0;44.0;2.0;5.0;0.0;4.0;;;;;;;;87.0;86.0;34.0;52.0;52.0;48.0;2.0;5.0;0.0;5.0;;[ 7 10 27 31];[1 1 1 1];[False False False False];['SalPa' 'SalPa' 'SalPa' 'SalPa'];[0 1 2 3];[1 2 3 4];['D' 'H' 'H' 'H'];['H' 'H' 'H' 'H'];0.08;0.92;0.0;0.16;0.84;0.0;22394.0;2256.0;salpa;kpv kokkola;;;
2026-05-09;194209027;Rwanda National League;Rwanda;10:00;Schedule;0.036363636363636376;1.775;1.5, 2.0;2.025;1.5, 2.0;0.0;0.0;;0.0;0.0;0.0;0.0;0.0;;Rutsiro FC;18.0;0.0;0.0;2.5;0;0.0;0 - 0;2.875;Amagaju;15.0;0.0;0.0;2.75;0;0.0;0.0;0 - 0;0-0;1.75;0.75;-;nan;;;;;;;;;;;;;;;;0.0;0.0;0.0;0.0;;;0.0;0.0;0.0;0.0;;[];[];[];[];[];[];[];[];1.0;0.0;0.0;1.0;0.0;0.0;;;;;;;
2026-05-09;194166856;Macau 1st Division;Macau;10:00;Half;-0.8645375047525936;1.875;5.0;1.925;5.0;2.0;6.0;;2.0;6.0;8.0;79.0;45.0;100.0;Macau University;;0.0;0.0;17.0;0;0.0;0 - 1;12.0;Gala;;0.0;1.0;1.083;1;1.0;+3.25 (+1.25);2 - 6;2-6;5.0 (3.75);2.25;17 - 23;17 - 23;23.0;17.0;57.0;43.0;6.0;3.0;2.0;2.0;;;;;;;;42.0;37.0;27.0;18.0;58.0;42.0;6.0;3.0;2.0;2.0;;[15];[1];[False];['Gala'];[0];[-1];['D'];['A'];0.17;0.0;0.83;0.33;0.0;0.67;;;;;;;
2026-05-09;194260634;Faroe Islands Div 1;Faroe Islands;10:00;Half;-0.22804054054054046;1.875;3.0, 3.5;1.925;3.0, 3.5;1.0;4.0;;1.0;4.0;5.0;110.0;41.0;100.0;HB Torshavn II;;0.0;0.0;3.2;0;0.0;0 - 1;3.8;Vikingur Gota II;;0.0;0.0;1.85;1;1.0;+0.5 (+0.25);1 - 4;1-4;3.25 ( 2.5);1.25;13 - 16;13 - 16;16.0;13.0;51.0;49.0;3.0;3.0;2.0;1.0;;;;;;;;58.0;52.0;22.0;19.0;49.0;51.0;5.0;3.0;5.0;2.0;;[11];[1];[False];['Vikingur Gota II'];[0];[-1];['D'];['A'];0.12;0.0;0.88;0.24;0.0;0.76;;;;;;;Youth
2026-05-09;194207522;Italy Campionato Primavera 2;Italy;10:00;Half;0.26143790849673204;1.85;3.0;1.95;3.0;4.0;1.0;;4.0;1.0;5.0;120.0;82.0;100.0;Pisa U19;;0.0;0.0;1.8;1;1.0;1 - 0;3.75;Spezia U19;;0.0;1.0;3.4;0;0.0;-0.5 (-0.25);4 - 1;4-1;3.0 (2.75);1.25;33 - 28;33 - 28;28.0;33.0;58.0;42.0;3.0;3.0;1.0;5.0;;;;;;;;53.0;67.0;40.0;42.0;56.0;44.0;4.0;3.0;1.0;7.0;;[11];[1];[False];['Pisa U19'];[0];[1];['D'];['H'];0.12;0.88;0.0;0.24;0.76;0.0;2737.0;2735.0;pisa sc;spezia calcio;;;Youth
2026-05-09;193330164;Slovenia Prva Liga;Slovenia;10:00;Half;0.465149359886202;1.8;3.0, 3.5;2.0;3.0, 3.5;4.0;1.0;;4.0;1.0;5.0;136.0;75.0;100.0;NK Bravo;3.0;0.0;0.0;1.48;0;0.0;0 - 1;4.75;NK Radomlje;6.0;0.0;1.0;4.75;1;1.0;-1.25 (-0.75);4 - 1;4-1;3.25 ( 3);1.25;34 - 18;34 - 18;18.0;34.0;51.0;49.0;2.0;4.0;2.0;2.0;;;;;;;;59.0;77.0;24.0;51.0;46.0;54.0;4.0;7.0;3.0;3.0;;[26];[1];[False];['NK Radomlje'];[0];[-1];['D'];['A'];0.29;0.0;0.71;0.58;0.0;0.42;362744.0;37737.0;bravo ljubljana;nk radomlje;1.66;1.66;
2026-05-09;194210780;Zimbabwe Premier Soccer League;Zimbabwe;10:00;Half;0.10416666666666669;2.0;1.5, 2.0;1.8;1.5, 2.0;0.0;4.0;;0.0;4.0;4.0;66.0;65.0;;Bulawayo Chiefs FC;;0.0;0.0;2.4;2;2.0;2 - 1;2.625;Herentals FC;;0.0;0.0;3.2;1;1.0;-0.25 ( 0.0);0 - 4;0-4;1.75 ( 4);0.75;24 - 30;24 - 30;30.0;24.0;;;5.0;4.0;1.0;2.0;;;;;;;;29.0;37.0;36.0;29.0;;;7.0;6.0;1.0;2.0;;[12 24 45];[1 1 1];[False False False];['Herentals FC' 'Bulawayo Chiefs FC' 'Bulawayo Chiefs FC'];[ 0 -1  0];[-1  0  1];['D' 'A' 'D'];['A' 'D' 'H'];0.37;0.5;0.13;0.73;0.0;0.27;;;;;;;
2026-05-09;194207517;Italy Campionato Primavera 2;Italy;10:00;Half;0.45614035087719296;1.9;3.0;1.9;3.0;3.0;1.0;;3.0;1.0;4.0;106.0;42.0;100.0;Modena U19;;0.0;0.0;1.5;0;0.0;0 - 0;4.2;Cittadella U19;;0.0;1.0;4.75;0;0.0;-1.0 (-0.25);3 - 1;3-1;3.0 ( 1.5);1.25;13 - 19;13 - 19;19.0;13.0;46.0;54.0;0.0;6.0;5.0;0.0;;;;;;;;58.0;48.0;23.0;19.0;44.0;56.0;2.0;7.0;5.0;0.0;;[];[];[];[];[];[];[];[];1.0;0.0;0.0;1.0;0.0;0.0;2706.0;2717.0;modena fc;as cittadella;;;Youth
2026-05-09;194164041;Azerbaijan Premier League;Azerbaijan;10:00;Half;-0.4215287371947474;1.9;3.0;1.9;3.0;2.0;4.0;;2.0;4.0;6.0;111.0;56.0;100.0;FK Qabala;11.0;0.0;0.0;4.333;0;0.0;0 - 1;4.5;FK Qarabag;2.0;0.0;0.0;1.533;1;1.0;+1.0 (+0.75);2 - 4;2-4;3.0 (2.75);1.0;15 - 29;15 - 29;29.0;15.0;63.0;37.0;6.0;4.0;2.0;2.0;;;;;;;;61.0;50.0;33.0;23.0;62.0;38.0;6.0;4.0;2.0;5.0;;[29 57];[1 2];[False False];['FK Qarabag' 'FK Qabala'];[ 0 -1];[-1  0];['D' 'A'];['A' 'D'];0.69;0.0;0.31;0.64;0.0;0.36;;;;;;;
2026-05-09;194265831;Italy Campionato Primavera 3;Italy;10:00;Half;0.23751023751023742;1.875;2.5, 3.0;1.925;2.5, 3.0;1.0;5.0;;1.0;5.0;6.0;91.0;51.0;100.0;Pro Patria U19;;0.0;0.0;1.85;1;1.0;1 - 1;3.6;Mantova U19;;0.0;1.0;3.3;1;1.0;-0.5 ( 0.0);1 - 5;1-5;2.75 ( 3.5);1.25;14 - 25;14 - 25;25.0;14.0;58.0;42.0;2.0;0.0;2.0;2.0;;;;;;;;51.0;40.0;33.0;18.0;58.0;42.0;4.0;0.0;2.0;2.0;;[ 4 30];[1 1];[False False];['Mantova U19' 'Pro Patria U19'];[ 0 -1];[-1  0];['D' 'A'];['A' 'D'];0.71;0.0;0.29;0.42;0.0;0.58;2746.0;2770.0;pro patria busto arsizio;mantova 1911;;;Youth
2026-05-09;193332432;South Africa Premier;South Africa;10:00;Half;0.23333333333333334;1.875;2.0;1.925;2.0;5.0;2.0;;5.0;2.0;7.0;143.0;78.0;100.0;TS Galaxy;;0.0;0.0;2.0;0;0.0;0 - 1;2.7;Chippa United;;0.0;1.0;3.75;1;1.0;-0.25 (-0.25);5 - 2;5-2;2.0 (2.25);0.75;48 - 18;48 - 18;18.0;48.0;40.0;60.0;2.0;1.0;1.0;2.0;;;;;;;;53.0;90.0;21.0;57.0;41.0;59.0;2.0;2.0;2.0;3.0;;[40 48];[1 2];[False False];['Chippa United' 'TS Galaxy'];[ 0 -1];[-1  0];['D' 'A'];['A' 'D'];0.91;0.0;0.09;0.89;0.0;0.11;475016.0;70946.0;ts galaxy fc;chippa united fc;;;
2026-05-09;194303363;Republic of Ireland U20 League;Republic of Ireland;10:00;Half;0.8055555555555555;1.95;3.5, 4.0;1.85;3.5, 4.0;6.0;1.0;;6.0;1.0;7.0;127.0;69.0;;Dundalk U20;;0.0;0.0;1.125;2;2.0;2 - 0;9.5;Longford Town U20;;0.0;0.0;12.0;0;0.0;-2.0 ( -1.5);6 - 1;6-1;3.75 ( 4.5);1.75;43 - 14;43 - 14;14.0;43.0;;;1.0;8.0;4.0;4.0;;;;;;;;57.0;70.0;19.0;50.0;;;2.0;9.0;4.0;6.0;;[13 33 50 51];[1 1 2 2];[False False False False];['Dundalk U20' 'Dundalk U20' 'Dundalk U20' 'Dundalk U20'];[0 1 2 3];[1 2 3 4];['D' 'H' 'H' 'H'];['H' 'H' 'H' 'H'];0.14;0.86;0.0;0.29;0.71;0.0;3179.0;3175.0;dundalk fc;longford town fc;;;Youth
2026-05-09;194167976;Paraguay Division Intermedia;Paraguay;10:00;Half;0.193687230989957;1.925;2.0, 2.5;1.875;2.0, 2.5;0.0;5.0;;0.0;5.0;5.0;104.0;83.0;100.0;Independiente FBC;;0.0;1.0;2.05;2;2.0;2 - 0;3.1;3 de Noviembre;;0.0;1.0;3.4;0;0.0;-0.25 ( 0.0);0 - 5;0-5;2.25 (3.25);1.0;19 - 41;19 - 41;41.0;19.0;60.0;40.0;2.0;1.0;0.0;3.0;;;;;;;;62.0;42.0;56.0;27.0;60.0;40.0;2.0;2.0;1.0;3.0;;[11 42];[1 1];[False False];['Independiente FBC' 'Independiente FBC'];[0 1];[1 2];['D' 'H'];['H' 'H'];0.12;0.88;0.0;0.24;0.76;0.0;;;;;;;
2026-05-09;194333919;Poland III Liga;Poland;10:00;Half;0.14285714285714285;1.925;3.0, 3.5;1.875;3.0, 3.5;2.0;2.0;;2.0;2.0;4.0;0.0;0.0;100.0;Korona Kielce II;;0.0;1.0;2.0;1;1.0;1 - 1;3.9;Pogon-Sokol Lubaczow;;0.0;0.0;2.8;1;1.0;-0.25 ( 0.0);2 - 2;2-2;3.25 (3.75);nan;-;-;0.0;0.0;58.0;42.0;0.0;0.0;1.0;1.0;;;;;;;;0.0;0.0;0.0;0.0;54.0;46.0;0.0;0.0;1.0;2.0;;[13 42];[1 1];[False False];['Pogon-Sokol Lubaczow' 'Korona Kielce II'];[ 0 -1];[-1  0];['D' 'A'];['A' 'D'];0.68;0.0;0.32;0.36;0.0;0.64;5065.0;;korona kielce;;;;Youth
2026-05-09;194334532;Uruguay Primera Division Amateur;Uruguay;10:00;Half;0.040100250626566414;1.825;2.5;1.975;2.5;1.0;4.0;;1.0;4.0;5.0;77.0;45.0;100.0;IA Sud America;;0.0;0.0;2.375;2;2.0;2 - 0;3.2;Villa Espanola;;0.0;1.0;2.625;0;0.0;0.0 (+0.25);1 - 4;1-4;2.5 ( 3.5);nan;17 - 24;17 - 24;24.0;17.0;60.0;40.0;4.0;0.0;2.0;3.0;;;;;;;;45.0;32.0;26.0;19.0;59.0;41.0;5.0;0.0;2.0;3.0;;[ 3 48];[1 1];[False  True];['IA Sud America' 'IA Sud America'];[0 1];[1 2];['D' 'H'];['H' 'H'];0.03;0.97;0.0;0.06;0.94;0.0;;;;;;;
2026-05-09;194333930;Poland III Liga;Poland;10:00;Half;-0.17900688210111804;1.975;3.0;1.825;3.0;3.0;1.0;;3.0;1.0;4.0;127.0;97.0;;Elana Torun;;0.0;0.0;2.9;0;0.0;0 - 2;4.1;Zawisza Bydgoszcz;;0.0;0.0;1.909;2;2.0;+0.75 (+0.25);3 - 1;3-1;3.0 ( 3.5);nan;47 - 28;47 - 28;28.0;47.0;;;4.0;6.0;2.0;1.0;;;;;;;;47.0;80.0;37.0;60.0;;;4.0;7.0;2.0;2.0;;[ 8 14];[1 1];[False False];['Zawisza Bydgoszcz' 'Zawisza Bydgoszcz'];[ 0 -1];[-1 -2];['D' 'A'];['A' 'A'];0.09;0.0;0.91;0.18;0.0;0.82;;;;;;;
2026-05-09;194165844;Netherlands Tweede Divisie;Netherlands;10:00;Half;-0.13066202090592338;1.95;3.0;1.85;3.0;2.0;1.0;;2.0;1.0;3.0;77.0;50.0;;IJsselmeervogels;17.0;0.0;0.0;2.8;0;0.0;0 - 0;3.7;HHC Hardenberg;4.0;0.0;1.0;2.05;0;0.0;+0.25 ( 0.0);2 - 1;2-1;3.0 ( 1.5);1.25;21 - 22;21 - 22;22.0;21.0;;;2.0;8.0;2.0;1.0;;;;;;;;42.0;35.0;26.0;24.0;;;2.0;9.0;2.0;2.0;;[];[];[];[];[];[];[];[];1.0;0.0;0.0;1.0;0.0;0.0;;;;;;;
2026-05-09;194165839;Netherlands Tweede Divisie;Netherlands;10:00;Half;0.08050089445438285;1.975;3.0;1.825;3.0;2.0;1.0;;2.0;1.0;3.0;0.0;0.0;100.0;Kozakken Boys;9.0;0.0;1.0;2.15;1;1.0;1 - 0;3.7;GVVV;12.0;0.0;1.0;2.6;0;0.0;-0.25 (+0.25);2 - 1;2-1;3.0 (2.75);1.25;-;-;0.0;0.0;50.0;50.0;0.0;0.0;0.0;1.0;;;;;;;;0.0;0.0;0.0;0.0;50.0;50.0;0.0;0.0;0.0;1.0;;[33];[1];[False];['Kozakken Boys'];[0];[1];['D'];['H'];0.37;0.63;0.0;0.73;0.27;0.0;;;;;;;
2026-05-09;194261555;Iraq Premier Division;Iraq;10:00;Half;0.04285714285714287;1.975;2.0;1.825;2.0;4.0;1.0;;4.0;1.0;5.0;80.0;69.0;;Aliyat Al-Shorta SC;;0.0;0.0;2.5;1;1.0;1 - 0;2.8;Al Furat;;0.0;1.0;2.8;0;0.0;0.0 ( 0.0);4 - 1;4-1;2.0 ( 2);0.75;34 - 25;34 - 25;25.0;34.0;;;0.0;0.0;2.0;3.0;;;;;;;;40.0;40.0;27.0;42.0;;;0.0;0.0;3.0;3.0;;[16 53];[1 2];[False False];['Aliyat Al-Shorta SC' 'Al Furat'];[0 1];[1 0];['D' 'H'];['H' 'D'];0.59;0.41;0.0;0.36;0.64;0.0;;;;;;;
2026-05-09;194303404;Italy Campionato Primavera 2;Italy;10:00;Half;-0.07407407407407407;1.95;2.5;1.85;2.5;0.0;1.0;;0.0;1.0;1.0;219.0;105.0;;Union Brescia U19;;0.0;1.0;2.7;1;1.0;1 - 1;3.3;Sudtirol U19;;0.0;0.0;2.25;1;1.0;+0.25 ( 0.0);0 - 1;0-1;2.5 ( 3.5);1.0;35 - 45;35 - 45;45.0;35.0;;;1.0;1.0;5.0;3.0;;;;;;;;117.0;102.0;62.0;43.0;;;3.0;2.0;6.0;3.0;;[ 9 24];[1 1];[False False];['Union Brescia U19' 'Sudtirol U19'];[0 1];[1 0];['D' 'H'];['H' 'D'];0.83;0.17;0.0;0.67;0.33;0.0;1276628.0;2760.0;union brescia;fc sudtirol bolzano;;;Youth
2026-05-09;194262153;Kenya Super League;Kenya;10:00;Half;0.49275362318840576;1.775;2.0, 2.5;2.025;2.0, 2.5;1.0;3.0;;1.0;3.0;4.0;98.0;45.0;;Nairobi City Stars;15.0;0.0;0.0;1.5;0;0.0;0 - 0;3.6;Vihiga United;19.0;0.0;0.0;5.75;0;0.0;-1.0 (-0.75);1 - 3;1-3;2.25 ( 2);1.0;16 - 22;16 - 22;22.0;16.0;;;7.0;4.0;2.0;1.0;;;;;;;;44.0;54.0;25.0;20.0;;;9.0;6.0;3.0;1.0;;[];[];[];[];[];[];[];[];1.0;0.0;0.0;1.0;0.0;0.0;;;;;;;
2026-05-09;194261558;Iraq Premier Division;Iraq;10:00;Half;-0.07622504537205077;2.0;2.0;1.8;2.0;2.0;3.0;;2.0;3.0;5.0;76.0;84.0;;Al Sufia;;0.0;0.0;2.9;1;1.0;1 - 0;2.8;Al Shatrah SC;;0.0;1.0;2.375;0;0.0;0.0 ( 0.0);2 - 3;2-3;2.0 ( 2);0.75;31 - 41;31 - 41;41.0;31.0;;;3.0;5.0;7.0;3.0;;;;;;;;35.0;41.0;47.0;37.0;;;4.0;6.0;7.0;4.0;;[32];[1];[False];['Al Sufia'];[0];[1];['D'];['H'];0.36;0.64;0.0;0.71;0.29;0.0;;;;;;;
2026-05-09;194266011;Italy Campionato Primavera 4;Italy;10:00;Half;-0.43009349858664936;2.0;3.0;1.8;3.0;1.0;1.0;;1.0;1.0;2.0;139.0;113.0;;FC Guidonia Montecelio 1937 U19;;0.0;0.0;4.5;1;1.0;1 - 0;4.1;Sorrento U19;;0.0;1.0;1.533;0;0.0;+1.0 ( +0.5);1 - 1;1-1;3.0 ( 2.5);1.25;45 - 40;45 - 40;40.0;45.0;;;5.0;1.0;2.0;1.0;;;;;;;;73.0;66.0;62.0;51.0;;;6.0;1.0;2.0;1.0;;[26];[1];[False];['FC Guidonia Montecelio 1937 U19'];[0];[1];['D'];['H'];0.29;0.71;0.0;0.58;0.42;0.0;281373.0;7937.0;guidonia montecelio 1937 fc;asd sorrento 1945;;;Youth
2026-05-09;194310473;San Marino Campionato;San Marino;10:00;Half;0.6442716433385174;1.925;3.0;1.875;3.0;2.0;2.0;;2.0;2.0;4.0;111.0;80.0;100.0;Virtus Acquaviva;;0.0;0.0;1.286;1;1.0;1 - 0;5.0;SP Domagnano;;0.0;1.0;7.5;0;0.0;-1.5 (-0.75);2 - 2;2-2;3.0 (2.75);1.25;34 - 29;34 - 29;29.0;34.0;50.0;50.0;3.0;4.0;2.0;2.0;;;;;;;;54.0;57.0;39.0;41.0;49.0;51.0;4.0;5.0;4.0;3.0;;[33 58];[1 2];[False False];['Virtus Acquaviva' 'SP Domagnano'];[0 1];[1 0];['D' 'H'];['H' 'D'];0.72;0.28;0.0;0.73;0.27;0.0;;;;;;;
2026-05-09;193332441;South Africa Premier;South Africa;10:00;Half;0.03612479474548436;1.85;1.5, 2.0;1.95;1.5, 2.0;5.0;1.0;;5.0;1.0;6.0;95.0;57.0;100.0;Golden Arrows;;0.0;0.0;2.625;0;0.0;0 - 0;2.75;Polokwane City;;1.0;0.0;2.9;0;0.0;0.0 ( -0.5);5 - 1;5-1;1.75 ( 1);0.75;26 - 17;26 - 17;17.0;26.0;44.0;56.0;2.0;2.0;3.0;0.0;;;;;;;;44.0;51.0;21.0;36.0;44.0;56.0;2.0;3.0;3.0;0.0;;[];[];[];[];[];[];[];[];1.0;0.0;0.0;1.0;0.0;0.0;7664.0;25002.0;lamontville golden arrows;polokwane city;;;
2026-05-09;194200419;Brazil Campeonato Baiano U20;Brazil;10:00;Half;-0.4444444444444444;1.9;3.0;1.9;3.0;1.0;3.0;;1.0;3.0;4.0;86.0;53.0;100.0;Bahia de Feira U20;;0.0;1.0;4.5;2;2.0;2 - 2;4.5;Vitoria U20;;0.0;0.0;1.5;2;2.0;+1.0 (+0.75);1 - 3;1-3;3.0 ( 5.5);1.25;7 - 41;7 - 41;41.0;7.0;71.0;29.0;6.0;0.0;7.0;2.0;;;;;;;;51.0;35.0;44.0;9.0;71.0;29.0;6.0;1.0;8.0;2.0;;[14 27 34 51 51];[1 1 1 1 2];[False False False  True False];"['Bahia de Feira U20' 'Bahia de Feira U20' 'Vitoria U20' 'Vitoria U20'
 'Vitoria U20']";[0 1 2 1 0];[ 1  2  1  0 -1];['D' 'H' 'H' 'H' 'D'];['H' 'H' 'H' 'D' 'A'];0.16;0.41;0.43;0.27;0.73;0.0;;1962.0;;ec vitoria ba;;;Youth
2026-05-09;194201211;Brazil Campeonato Mineiro U20;Brazil;10:00;Schedule;0.4451612903225806;2.0;2.5;1.8;2.5;0.0;0.0;;0.0;0.0;0.0;0.0;0.0;;Betim U20;;0.0;0.0;1.55;0;0.0;0 - 0;3.7;EC Villa Real U20;;0.0;0.0;5.0;0;0.0;-1.0;0 - 0;0-0;2.5;1.0;-;nan;;;;;;;;;;;;;;;;0.0;0.0;0.0;0.0;;;0.0;0.0;0.0;0.0;;[];[];[];[];[];[];[];[];1.0;0.0;0.0;1.0;0.0;0.0;673709.0;;betim futebol mg;;;;Youth
2026-05-09;193332426;South Africa Premier;South Africa;10:00;Half;-0.017316017316017285;2.0;2.0;1.8;2.0;2.0;3.0;;2.0;3.0;5.0;133.0;99.0;100.0;Orbit College;;0.0;0.0;2.75;0;0.0;0 - 0;2.8;Amazulu;;0.0;0.0;2.625;0;0.0;+0.25 (+0.25);2 - 3;2-3;2.0 ( 1);0.75;38 - 39;38 - 39;39.0;38.0;58.0;42.0;0.0;0.0;0.0;2.0;;;;;;;;75.0;58.0;50.0;49.0;58.0;42.0;0.0;0.0;0.0;2.0;;[];[];[];[];[];[];[];[];1.0;0.0;0.0;1.0;0.0;0.0;407263.0;7655.0;orbit college fc;amazulu fc;;;
2026-05-09;193332420;South Africa Premier;South Africa;10:00;Half;0.19047619047619047;1.9;2.0;1.9;2.0;3.0;4.0;;3.0;4.0;7.0;87.0;67.0;100.0;Marumo Gallants;;0.0;1.0;2.1;0;0.0;0 - 1;3.0;Richards Bay FC;;0.0;0.0;3.5;1;1.0;-0.25 (-0.25);3 - 4;3-4;2.0 ( 2);0.75;21 - 23;21 - 23;23.0;21.0;52.0;48.0;2.0;3.0;1.0;1.0;;;;;;;;42.0;45.0;32.0;35.0;51.0;49.0;2.0;4.0;2.0;1.0;;[10];[1];[False];['Richards Bay FC'];[0];[-1];['D'];['A'];0.11;0.0;0.89;0.22;0.0;0.78;367886.0;367882.0;marumo gallants fc;richards bay fc;;;
2026-05-09;194266013;Italy Campionato Primavera 4;Italy;10:00;Half;0.13066202090592338;1.8;3.0;2.0;3.0;3.0;2.0;;3.0;2.0;5.0;96.0;54.0;100.0;Trento U19;;0.0;0.0;2.05;1;1.0;1 - 0;3.7;Novara U19;;0.0;0.0;2.8;0;0.0;-0.25 (-0.25);3 - 2;3-2;3.0 (2.75);1.25;25 - 19;25 - 19;19.0;25.0;44.0;56.0;3.0;5.0;2.0;4.0;;;;;;;;50.0;46.0;26.0;28.0;49.0;51.0;5.0;6.0;2.0;4.0;;[38];[1];[False];['Trento U19'];[0];[1];['D'];['H'];0.42;0.58;0.0;0.84;0.16;0.0;347514.0;2767.0;ac trento;novara fc;;;Youth
2026-05-09;194167980;Paraguay Division Intermedia;Paraguay;10:00;Half;0.14253563390847712;1.975;2.0, 2.5;1.825;2.0, 2.5;0.0;1.0;;0.0;1.0;1.0;119.0;62.0;100.0;Tacuary;;0.0;0.0;2.15;1;1.0;1 - 0;3.0;Fernando de la Mora;;0.0;0.0;3.1;0;0.0;-0.25 (+0.25);0 - 1;0-1;2.25 ( 2);0.75;14 - 31;14 - 31;31.0;14.0;57.0;43.0;3.0;1.0;2.0;1.0;;;;;;;;67.0;52.0;40.0;22.0;58.0;42.0;4.0;2.0;2.0;1.0;;[36];[1];[False];['Tacuary'];[0];[1];['D'];['H'];0.4;0.6;0.0;0.8;0.2;0.0;;;;;;;
2026-05-09;194207525;Italy Campionato Primavera 2;Italy;10:00;Half;-0.034782608695652195;1.975;3.0, 3.5;1.825;3.0, 3.5;2.0;2.0;;2.0;2.0;4.0;112.0;52.0;100.0;Ternana U19;;0.0;1.0;2.5;0;0.0;0 - 1;3.6;Pescara U19;;0.0;1.0;2.3;1;1.0;0.0 ( 0.0);2 - 2;2-2;3.25 (2.75);1.25;17 - 20;17 - 20;20.0;17.0;47.0;53.0;3.0;7.0;3.0;2.0;;;;;;;;62.0;50.0;26.0;26.0;46.0;54.0;3.0;9.0;4.0;4.0;;[38 46 48];[1 2 2];[False False False];['Pescara U19' 'Pescara U19' 'Ternana U19'];[ 0 -1 -2];[-1 -2 -1];['D' 'A' 'A'];['A' 'A' 'A'];0.42;0.0;0.58;0.84;0.0;0.16;2708.0;2728.0;ternana calcio;delfino pescara;;;Youth
2026-05-09;194260592;Zimbabwe Premier Soccer League;Zimbabwe;10:00;Half;-0.11363636363636365;1.9;1.5, 2.0;1.9;1.5, 2.0;3.0;1.0;;3.0;1.0;4.0;147.0;101.0;;FC Hunters;;0.0;0.0;3.3;1;1.0;1 - 0;2.5;Ngezi Platinum FC;;0.0;0.0;2.4;0;0.0;+0.25 ( 0.0);3 - 1;3-1;1.75 ( 2);0.75;37 - 46;37 - 46;46.0;37.0;;;4.0;2.0;0.0;1.0;;;;;;;;92.0;55.0;61.0;40.0;;;4.0;2.0;1.0;1.0;;[41 57];[1 2];[False False];['FC Hunters' 'Ngezi Platinum FC'];[0 1];[1 0];['D' 'H'];['H' 'D'];0.82;0.18;0.0;0.91;0.09;0.0;;;;;;;
2026-05-09;194260973;Italy Campionato Primavera 2;Italy;10:00;Half;0.2857142857142857;1.8;3.0;2.0;3.0;1.0;3.0;;1.0;3.0;4.0;103.0;48.0;100.0;Pro Vercelli U19;;0.0;0.0;1.75;1;1.0;1 - 0;3.8;Albinoleffe U19;;0.0;0.0;3.5;0;0.0;-0.5 (-0.25);1 - 3;1-3;3.0 (2.75);1.25;22 - 22;22 - 22;22.0;22.0;57.0;43.0;4.0;4.0;3.0;6.0;;;;;;;;58.0;45.0;24.0;24.0;57.0;43.0;5.0;4.0;4.0;7.0;;[35 51 53];[1 2 2];[False False False];['Pro Vercelli U19' 'Pro Vercelli U19' 'Albinoleffe U19'];[0 1 2];[1 2 1];['D' 'H' 'H'];['H' 'H' 'H'];0.39;0.61;0.0;0.78;0.22;0.0;2769.0;2732.0;pro vercelli 1892;us albinoleffe;;;Youth
2026-05-09;194207810;Norway Division 1 Women;Norway;10:00;Half;0.25252525252525254;1.8;2.5, 3.0;2.0;2.5, 3.0;2.0;3.0;;2.0;3.0;5.0;162.0;84.0;100.0;Viking FK (W);;0.0;0.0;1.8;3;3.0;3 - 2;3.75;IK Start (W);;0.0;0.0;3.3;2;2.0;-0.5 (-0.25);2 - 3;2-3;2.75 ( 6.5);1.25;29 - 34;29 - 34;34.0;29.0;53.0;47.0;4.0;4.0;4.0;4.0;;;;;;;;91.0;71.0;46.0;38.0;51.0;49.0;4.0;7.0;6.0;5.0;;[11 24 34 39 42 53];[1 1 1 1 1 2];[False False False False False False];"['Viking FK (W)' 'IK Start (W)' 'Viking FK (W)' 'Viking FK (W)'
 'IK Start (W)' 'IK Start (W)']";[0 1 0 1 2 1];[1 0 1 2 1 0];['D' 'H' 'D' 'H' 'H' 'H'];['H' 'D' 'H' 'H' 'H' 'D'];0.64;0.36;0.0;0.47;0.53;0.0;1164.0;667.0;viking fk;ik start;;;Women
2026-05-09;194201679;Cameroon League Women;Cameroon;10:00;Half;0.12121212121212122;1.8;2.5;2.0;2.5;2.0;0.0;;2.0;0.0;2.0;104.0;107.0;;Ita Mbong (W);;0.0;0.0;2.2;1;1.0;1 - 1;3.1;AS Dibamba (W);;0.0;0.0;3.0;1;1.0;-0.25 ( 0.0);2 - 0;2-0;2.5 ( 3.5);1.0;51 - 31;51 - 31;31.0;51.0;;;2.0;8.0;1.0;2.0;;;;;;;;53.0;51.0;47.0;60.0;;;4.0;9.0;1.0;2.0;;[ 9 28];[1 1];[False False];['Ita Mbong (W)' 'AS Dibamba (W)'];[0 1];[1 0];['D' 'H'];['H' 'D'];0.79;0.21;0.0;0.58;0.42;0.0;;;;;;;Women
2026-05-09;194166249;Latvia 1. Liga;Latvia;10:00;Half;0.4215287371947474;2.0;4.0;1.8;4.0;3.0;3.0;;3.0;3.0;6.0;166.0;107.0;100.0;Valmiera FC;;0.0;0.0;1.533;0;0.0;0 - 0;4.333;JDFS Alberts;;0.0;0.0;4.333;0;0.0;-1.0 ( -0.5);3 - 3;3-3;4.0 (1.75);1.5;45 - 39;45 - 39;39.0;45.0;50.0;50.0;2.0;7.0;0.0;4.0;;;;;;;;79.0;87.0;58.0;49.0;50.0;50.0;4.0;7.0;0.0;5.0;;[52];[2];[False];['Valmiera FC'];[0];[1];['D'];['H'];0.58;0.42;0.0;1.0;0.0;0.0;;;;;;;
2026-05-09;194166519;India I-League;India;10:00;Half;0.0;1.85;2.5;1.95;2.5;4.0;2.0;;4.0;2.0;6.0;146.0;69.0;100.0;Chanmari FC;;0.0;0.0;2.45;1;1.0;1 - 0;3.25;Dempo SC;;0.0;0.0;2.45;0;0.0;0.0 ( 0.0);4 - 2;4-2;2.5 (2.25);1.0;34 - 22;34 - 22;22.0;34.0;45.0;55.0;1.0;3.0;0.0;1.0;;;;;;;;64.0;82.0;26.0;43.0;46.0;54.0;1.0;4.0;0.0;1.0;;[46];[1];[ True];['Chanmari FC'];[0];[1];['D'];['H'];0.51;0.49;0.0;1.0;0.0;0.0;633526.0;34217.0;chanmari fc;dempo sc;;;
2026-05-09;194201684;Cameroon League Women;Cameroon;10:00;Half;-0.7274215146555572;1.85;2.5;1.95;2.5;1.0;5.0;;1.0;5.0;6.0;106.0;122.0;;Authentic de Douala (W);;0.0;1.0;11.0;0;0.0;0 - 0;4.75;Lekie Filles FC (W);;0.0;1.0;1.222;0;0.0;+1.5 (+1.25);1 - 5;1-5;2.5 ( 1.5);1.0;31 - 67;31 - 67;67.0;31.0;;;2.0;0.0;1.0;1.0;;;;;;;;50.0;56.0;82.0;40.0;;;3.0;0.0;2.0;1.0;;[];[];[];[];[];[];[];[];1.0;0.0;0.0;1.0;0.0;0.0;;;;;;;Women
2026-05-09;194209221;Poland Youth League;Poland;10:00;Half;-0.5037593984962406;1.925;3.5;1.875;3.5;1.0;6.0;;1.0;6.0;7.0;92.0;49.0;100.0;Arkonia Szczecin U19;;0.0;1.0;4.75;1;1.0;1 - 1;5.0;Legia Warsaw U19;;0.0;1.0;1.4;1;1.0;+1.25 (+0.75);1 - 6;1-6;3.5 (3.75);1.5;14 - 20;14 - 20;20.0;14.0;71.0;29.0;4.0;3.0;3.0;1.0;;;;;;;;52.0;40.0;31.0;18.0;70.0;30.0;5.0;3.0;3.0;1.0;;[10 36];[1 1];[False False];['Legia Warsaw U19' 'Arkonia Szczecin U19'];[ 0 -1];[-1  0];['D' 'A'];['A' 'D'];0.71;0.0;0.29;0.42;0.0;0.58;;3106.0;;legia warszawa;;;Youth
2026-05-09;194242979;Poland IV Liga;Poland;10:00;Half;0.3282828282828283;1.85;3.0, 3.5;1.95;3.0, 3.5;2.0;7.0;;2.0;7.0;9.0;88.0;51.0;100.0;Legionovia Legionowo;;0.0;0.0;1.65;1;1.0;1 - 0;4.2;Oskar Przysucha;;0.0;1.0;3.6;0;0.0;-0.75 (-0.25);2 - 7;2-7;3.25 (2.75);1.5;21 - 18;21 - 18;18.0;21.0;56.0;44.0;2.0;2.0;2.0;1.0;;;;;;;;37.0;51.0;21.0;30.0;49.0;51.0;2.0;4.0;3.0;2.0;;[3];[1];[False];['Legionovia Legionowo'];[0];[1];['D'];['H'];0.03;0.97;0.0;0.07;0.93;0.0;;;;;;;
2026-05-09;194211681;Sweden 2.div Norra Svealand;Sweden;10:00;Half;0.11255411255411252;1.875;3.0;1.925;3.0;1.0;2.0;;1.0;2.0;3.0;94.0;87.0;;Kungsängens IF;;0.0;0.0;2.1;0;0.0;0 - 0;3.6;Bollstanäs SK;;0.0;0.0;2.75;0;0.0;-0.25 ( 0.0);1 - 2;1-2;3.0 ( 1.5);1.25;20 - 47;20 - 47;47.0;20.0;;;1.0;2.0;0.0;0.0;;;;;;;;54.0;40.0;57.0;30.0;;;1.0;2.0;0.0;0.0;;[];[];[];[];[];[];[];[];1.0;0.0;0.0;1.0;0.0;0.0;539791.0;35625.0;kungsangens if;bollstanas sk;;;
2026-05-09;194208947;Norway Division 2 Group 1;Norway;10:00;Half;0.15517241379310343;1.95;3.0;1.85;3.0;4.0;3.0;;4.0;3.0;7.0;67.0;57.0;100.0;Notodden;;0.0;1.0;2.0;0;0.0;0 - 0;3.75;Kvik Halden FK;;0.0;2.0;2.9;0;0.0;-0.5 (-0.25);4 - 3;4-3;3.0 (1.25);1.25;23 - 22;23 - 22;22.0;23.0;47.0;53.0;1.0;2.0;0.0;2.0;;;;;;;;31.0;36.0;25.0;32.0;47.0;53.0;2.0;3.0;1.0;2.0;;[54];[2];[False];['Kvik Halden FK'];[0];[-1];['D'];['A'];0.6;0.0;0.4;1.0;0.0;0.0;833.0;700.0;notodden fk;kvik halden fk;;;
2026-05-09;194205571;Denmark Division 2;Denmark;10:00;Half;0.22971682124919107;1.8;2.0, 2.5;2.0;2.0, 2.5;1.0;1.0;;1.0;1.0;2.0;116.0;44.0;100.0;Fremad Amager;8.0;0.0;0.0;1.909;0;0.0;0 - 0;3.3;Brabrand;9.0;0.0;2.0;3.4;0;0.0;-0.5 ( 0.0);1 - 1;1-1;2.25 ( 1);1.0;18 - 18;18 - 18;18.0;18.0;50.0;50.0;4.0;3.0;1.0;2.0;;;;;;;;53.0;63.0;22.0;22.0;50.0;50.0;4.0;3.0;2.0;3.0;;[56];[2];[False];['Fremad Amager'];[0];[1];['D'];['H'];0.62;0.38;0.0;1.0;0.0;0.0;35412.0;1398.0;bk fremad amager;brabrand if;;;
2026-05-09;194207529;Italy Campionato Primavera 2;Italy;10:00;Half;-0.1313628899835796;1.8;2.5;2.0;2.5;2.0;7.0;;2.0;7.0;9.0;132.0;77.0;100.0;Palermo U19;;0.0;0.0;2.9;0;0.0;0 - 0;3.4;Perugia U19;;0.0;2.0;2.1;0;0.0;+0.25 (+0.25);2 - 7;2-7;2.5 (1.25);1.0;28 - 38;28 - 38;38.0;28.0;59.0;41.0;2.0;1.0;0.0;3.0;;;;;;;;76.0;56.0;43.0;34.0;59.0;41.0;2.0;1.0;0.0;4.0;;[];[];[];[];[];[];[];[];1.0;0.0;0.0;1.0;0.0;0.0;2715.0;2698.0;palermo fc;perugia calcio spa;;;Youth
2026-05-09;194208966;Norway Division 2 Group 2;Norway;10:00;Half;-0.4215287371947474;1.875;3.0, 3.5;1.925;3.0, 3.5;0.0;5.0;;0.0;5.0;5.0;102.0;59.0;100.0;Junkeren;;0.0;1.0;4.333;0;0.0;0 - 1;4.2;Kjelsås;;0.0;0.0;1.533;1;1.0;+1.0 ( +0.5);0 - 5;0-5;3.25 ( 2.5);1.25;14 - 29;14 - 29;29.0;14.0;39.0;61.0;6.0;0.0;3.0;1.0;;;;;;;;47.0;55.0;35.0;24.0;38.0;62.0;6.0;1.0;5.0;2.0;;[41 54 58];[1 2 2];[False False False];['Kjelsås' 'Junkeren' 'Kjelsås'];[ 0 -1  0];[-1  0 -1];['D' 'A' 'D'];['A' 'D' 'A'];0.5;0.0;0.5;0.91;0.0;0.09;94841.0;670.0;ik junkeren;kjelsaas;;;
2026-05-09;194167437;Italy Serie A Women;Italy;10:00;Half;-0.4143150152061674;1.95;2.5, 3.0;1.85;2.5, 3.0;3.0;2.0;;3.0;2.0;5.0;108.0;56.0;100.0;Genoa (W);;0.0;2.0;4.5;1;1.0;1 - 1;3.8;Fiorentina (W);;0.0;0.0;1.571;1;1.0;+0.75 ( +0.5);3 - 2;3-2;2.75 (3.75);1.0;15 - 30;15 - 30;30.0;15.0;70.0;30.0;9.0;2.0;3.0;2.0;;;;;;;;63.0;45.0;39.0;17.0;68.0;32.0;12.0;2.0;3.0;3.0;;[ 9 27];[1 1];[False False];['Genoa (W)' 'Fiorentina (W)'];[0 1];[1 0];['D' 'H'];['H' 'D'];0.8;0.2;0.0;0.6;0.4;0.0;512870.0;2693.0;genoa cfc women;acf fiorentina;;;Women
2026-05-09;194218879;Uruguay Segunda;Uruguay;10:00;Half;0.01904761904761909;2.0;2.0;1.8;2.0;1.0;2.0;;1.0;2.0;3.0;91.0;74.0;100.0;La Luz;;0.0;1.0;2.5;0;0.0;0 - 0;2.9;Colon FC;;0.0;1.0;2.625;0;0.0;0.0 ( 0.0);1 - 2;1-2;2.0 ( 1);0.75;29 - 35;29 - 35;35.0;29.0;56.0;44.0;3.0;4.0;0.0;2.0;;;;;;;;45.0;46.0;39.0;35.0;57.0;43.0;3.0;4.0;0.0;2.0;;[];[];[];[];[];[];[];[];1.0;0.0;0.0;1.0;0.0;0.0;;;;;;;
2026-05-09;194208585;Tanzania Premier League;Tanzania;10:00;Half;0.7183306055646481;1.825;2.5;1.975;2.5;3.0;1.0;;3.0;1.0;4.0;194.0;124.0;;Singida Black Stars;;0.0;0.0;1.222;2;2.0;2 - 0;5.0;Mtibwa Sugar;;0.0;0.0;10.0;0;0.0;-1.5 (-0.75);3 - 1;3-1;2.5 ( 3.5);1.0;72 - 31;72 - 31;31.0;72.0;;;1.0;5.0;1.0;3.0;;;;;;;;69.0;125.0;41.0;83.0;;;2.0;6.0;1.0;7.0;;[10 43 52];[1 1 2];[False False False];['Singida Black Stars' 'Singida Black Stars' 'Singida Black Stars'];[0 1 2];[1 2 3];['D' 'H' 'H'];['H' 'H' 'H'];0.11;0.89;0.0;0.22;0.78;0.0;;;;;;;
2026-05-09;193328158;Greece Super League 1;Greece;10:00;Half;-0.1004709576138147;1.8;2.0;2.0;2.0;1.0;1.0;;1.0;1.0;2.0;99.0;35.0;100.0;Panserraikos;;0.0;0.0;3.25;1;1.0;1 - 0;2.875;AE Kifisias;;0.0;2.0;2.45;0;0.0;+0.25 (+0.25);1 - 1;1-1;2.0 (2.25);0.75;16 - 17;16 - 17;17.0;16.0;51.0;49.0;5.0;3.0;2.0;2.0;;;;;;;;48.0;51.0;17.0;18.0;50.0;50.0;6.0;3.0;3.0;3.0;;[28];[1];[False];['Panserraikos'];[0];[1];['D'];['H'];0.31;0.69;0.0;0.62;0.38;0.0;6347.0;120224.0;panserraikos fc;ae kifisia fc;1.95;1.95;
2026-05-09;194250464;Uzbekistan Cup;Uzbekistan;10:00;Half;0.050682261208576995;1.975;2.0, 2.5;1.825;2.0, 2.5;4.0;2.0;;4.0;2.0;6.0;80.0;65.0;;Olympic Mobiuz;;0.0;0.0;2.375;2;2.0;2 - 1;3.1;FK Mashal Mubarek;;0.0;0.0;2.7;1;1.0;0.0 ( 0.0);4 - 2;4-2;2.25 (4.25);0.75;30 - 22;30 - 22;22.0;30.0;;;1.0;4.0;5.0;4.0;;;;;;;;42.0;38.0;27.0;38.0;;;2.0;5.0;5.0;6.0;;[15 16 46];[1 1 1];[False False  True];['Olympic Mobiuz' 'FK Mashal Mubarek' 'Olympic Mobiuz'];[0 1 0];[1 0 1];['D' 'H' 'D'];['H' 'D' 'H'];0.5;0.5;0.0;0.98;0.02;0.0;;;;;;;
2026-05-09;193320611;Sweden Allsvenskan;Sweden;10:00;Half;-0.42871885596343806;1.85;2.5, 3.0;1.95;2.5, 3.0;2.0;3.0;;2.0;3.0;5.0;102.0;51.0;100.0;IFK Goteborg;1.0;0.0;0.0;5.25;0;0.0;0 - 0;3.9;Hammarby;1.0;0.0;0.0;1.615;0;0.0;+0.75 ( +0.5);2 - 3;2-3;2.75 ( 1.5);1.25;14 - 30;14 - 30;30.0;14.0;60.0;40.0;6.0;2.0;0.0;0.0;;;;;;;;66.0;36.0;36.0;15.0;59.0;41.0;8.0;4.0;1.0;0.0;;[];[];[];[];[];[];[];[];1.0;0.0;0.0;1.0;0.0;0.0;1761.0;1758.0;ifk goteborg;hammarby if;1.7;1.66;
2026-05-09;193320605;Sweden Allsvenskan;Sweden;10:00;Half;-0.14204545454545453;1.9;2.5;1.9;2.5;1.0;2.0;;1.0;2.0;3.0;128.0;57.0;100.0;Västerås SK FK;;0.0;0.0;3.2;0;0.0;0 - 0;3.4;GAIS;;0.0;2.0;2.2;0;0.0;+0.25 (+0.25);1 - 2;1-2;2.5 (1.25);1.0;9 - 35;9 - 35;35.0;9.0;46.0;54.0;5.0;1.0;4.0;1.0;;;;;;;;93.0;35.0;48.0;9.0;53.0;47.0;7.0;2.0;5.0;1.0;;[56];[2];[False];['GAIS'];[0];[-1];['D'];['A'];0.62;0.0;0.38;1.0;0.0;0.0;1775.0;1786.0;vasteraas sk;gais;1.66;1.7;
2026-05-09;194260589;Zimbabwe Premier Soccer League;Zimbabwe;10:00;Half;0.19841269841269837;1.8;1.5, 2.0;2.0;1.5, 2.0;5.0;0.0;;5.0;0.0;5.0;119.0;73.0;;MWOS FC;;0.0;0.0;2.1;0;0.0;0 - 0;2.8;Chicken Inn FC;;0.0;1.0;3.6;0;0.0;-0.25 (-0.25);5 - 0;5-0;1.75 ( 1);0.75;39 - 20;39 - 20;20.0;39.0;;;1.0;6.0;1.0;3.0;;;;;;;;56.0;63.0;24.0;49.0;;;1.0;6.0;1.0;4.0;;[];[];[];[];[];[];[];[];1.0;0.0;0.0;1.0;0.0;0.0;;;;;;;
2026-05-09;194260494;Poland IV Liga;Poland;10:00;Half;0.10582010582010581;2.0;3.0, 3.5;1.8;3.0, 3.5;7.0;1.0;;7.0;1.0;8.0;88.0;40.0;100.0;Obra Koscian;;0.0;0.0;2.1;0;0.0;0 - 0;3.8;Nielba Wagrowiec;;0.0;0.0;2.7;0;0.0;-0.25 ( 0.0);7 - 1;7-1;3.25 ( 1.5);1.25;17 - 13;17 - 13;13.0;17.0;35.0;65.0;3.0;2.0;3.0;5.0;;;;;;;;36.0;52.0;17.0;23.0;37.0;63.0;3.0;2.0;5.0;6.0;;[57];[2];[False];['Obra Koscian'];[0];[1];['D'];['H'];0.63;0.37;0.0;1.0;0.0;0.0;;;;;;;
2026-05-09;194207491;Italy Campionato Primavera 2;Italy;10:00;Half;0.2936507936507936;1.85;2.5, 3.0;1.95;2.5, 3.0;0.0;0.0;;0.0;0.0;0.0;95.0;29.0;100.0;Monopoli U19;;0.0;0.0;1.75;0;0.0;0 - 0;3.7;Cosenza U19;;0.0;1.0;3.6;0;0.0;-0.5 ( -0.5);0 - 0;0-0;2.75 (1.25);1.25;15 - 7;15 - 7;7.0;15.0;39.0;61.0;2.0;5.0;1.0;2.0;;;;;;;;36.0;59.0;9.0;20.0;38.0;62.0;2.0;7.0;2.0;3.0;;[48];[2];[False];['Cosenza U19'];[0];[-1];['D'];['A'];0.53;0.0;0.47;1.0;0.0;0.0;25137.0;2716.0;ss monopoli;cosenza calcio;;;Youth
2026-05-09;194260492;Poland IV Liga;Poland;10:00;Half;0.04638218923933213;1.9;3.0, 3.5;1.9;3.0, 3.5;2.0;2.0;;2.0;2.0;4.0;93.0;45.0;100.0;Ursus Warsaw;;0.0;0.0;2.2;1;1.0;1 - 1;3.8;KS Mszczonowianka;;0.0;1.0;2.45;1;1.0;0.0 (-0.25);2 - 2;2-2;3.25 (3.75);1.25;23 - 15;23 - 15;15.0;23.0;48.0;52.0;3.0;2.0;1.0;3.0;;;;;;;;46.0;47.0;19.0;26.0;49.0;51.0;4.0;3.0;1.0;3.0;;[ 4 31];[1 1];[False False];['Ursus Warsaw' 'KS Mszczonowianka'];[0 1];[1 0];['D' 'H'];['H' 'D'];0.7;0.3;0.0;0.4;0.6;0.0;;;;;;;
2026-05-09;194210701;CAF U20 World Cup Qualifying Women;International (Africa);10:00;Half;-0.21795989537925015;2.0;3.0;1.8;3.0;4.0;4.0;;4.0;4.0;8.0;98.0;93.0;100.0;Uganda U20 (W);;0.0;1.0;3.1;1;1.0;1 - 0;3.8;Ghana (W) U20;;0.0;0.0;1.85;0;0.0;+0.5 ( 0.0);4 - 4;4-4;3.0 (2.25);1.25;44 - 36;44 - 36;36.0;44.0;40.0;60.0;1.0;2.0;1.0;4.0;;;;;;;;54.0;44.0;45.0;48.0;43.0;57.0;2.0;2.0;1.0;4.0;;[6];[1];[False];['Uganda U20 (W)'];[0];[1];['D'];['H'];0.07;0.93;0.0;0.13;0.87;0.0;;4764.0;;ghana;;;Youth-Women
2026-05-09;193004709;Italy Serie A;Italy;10:00;Half;0.047619047619047616;1.975;2.0, 2.5;1.875;2.0, 2.5;3.0;1.0;;3.0;1.0;4.0;112.0;37.0;100.0;Cagliari;15.0;0.0;0.0;2.625;0;0.0;0 - 0;3.0;Udinese;11.0;0.0;1.0;3.0;0;0.0;0.0 (-0.25);3 - 1;3-1;2.25 (1.25);1.0;25 - 6;25 - 6;6.0;25.0;43.0;57.0;1.0;9.0;1.0;2.0;;;;;;;;59.0;53.0;6.0;31.0;41.0;59.0;2.0;10.0;2.0;3.0;;[];[];[];[];[];[];[];[];1.0;0.0;0.0;1.0;0.0;0.0;2719.0;2695.0;cagliari calcio;udinese calcio;1.9;1.95;
2026-05-09;194206504;Kazakhstan Premier League;Kazakhstan;10:00;Half;0.4991789819376027;2.0;3.0;1.8;3.0;5.0;0.0;;5.0;0.0;5.0;113.0;52.0;100.0;FC Elimai Semey;5.0;0.0;0.0;1.45;0;0.0;0 - 0;4.2;FK Kaspyi Aktau;16.0;0.0;0.0;5.25;0;0.0;-1.25 ( -1);5 - 0;5-0;3.0 ( 1.5);1.0;37 - 5;37 - 5;5.0;37.0;41.0;59.0;0.0;6.0;0.0;4.0;;;;;;;;47.0;66.0;9.0;43.0;39.0;61.0;0.0;7.0;2.0;4.0;;[];[];[];[];[];[];[];[];1.0;0.0;0.0;1.0;0.0;0.0;;;;;;;
2026-05-09;193320599;Sweden Allsvenskan;Sweden;10:00;Half;-0.160427807486631;1.925;2.0, 2.5;1.875;2.0, 2.5;0.0;3.0;;0.0;3.0;3.0;115.0;47.0;100.0;Degerfors;;0.0;0.0;3.4;0;0.0;0 - 3;3.2;Mjällby AIF;;0.0;1.0;2.2;3;3.0;+0.25 ( 0.0);0 - 3;0-3;2.25 (4.25);1.0;13 - 22;13 - 22;22.0;13.0;56.0;44.0;1.0;5.0;4.0;0.0;;;;;;;;58.0;57.0;26.0;21.0;58.0;42.0;1.0;6.0;4.0;1.0;;[ 4 30 37 51];[1 1 1 2];[False False False False];['Mjällby AIF' 'Mjällby AIF' 'Mjällby AIF' 'Degerfors'];[ 0 -1 -2 -3];[-1 -2 -3 -2];['D' 'A' 'A' 'A'];['A' 'A' 'A' 'A'];0.04;0.0;0.96;0.09;0.0;0.91;1807.0;1783.0;degerfors if;mjallby aif;1.8;1.8;
2026-05-09;194169847;Sweden Damallsvenskan;Sweden;10:00;Half;0.31588090086246307;1.875;2.5, 3.0;1.925;2.5, 3.0;3.0;6.0;;3.0;6.0;9.0;115.0;38.0;100.0;Kristianstads (W);;0.0;0.0;1.727;1;1.0;1 - 0;3.7;IFK Norrkoping (W);;0.0;1.0;3.8;0;0.0;-0.75 (-0.25);3 - 6;3-6;2.75 (2.75);1.25;17 - 17;17 - 17;17.0;17.0;49.0;51.0;4.0;3.0;0.0;3.0;;;;;;;;53.0;62.0;19.0;19.0;48.0;52.0;4.0;5.0;2.0;4.0;;[43 57];[1 2];[False False];['Kristianstads (W)' 'IFK Norrkoping (W)'];[0 1];[1 0];['D' 'H'];['H' 'D'];0.84;0.16;0.0;0.96;0.04;0.0;;1769.0;;ifk norrkoping fk;;;Women
2026-05-09;194259898;Norway Division 3 Group 2;Norway;10:00;Half;0.42857142857142855;1.825;4.0, 4.5;1.975;4.0, 4.5;2.0;0.0;;2.0;0.0;2.0;158.0;72.0;;Byåsen;;0.0;0.0;1.5;1;1.0;1 - 0;4.75;Ranheim 2;;0.0;0.0;4.2;0;0.0;-1.25 (-0.75);2 - 0;2-0;4.25 (3.25);1.75;34 - 21;34 - 21;21.0;34.0;;;2.0;4.0;2.0;3.0;;;;;;;;69.0;89.0;30.0;42.0;;;3.0;5.0;3.0;5.0;;[26 56 59];[1 2 2];[False False False];['Byåsen' 'Ranheim 2' 'Byåsen'];[0 1 0];[1 0 1];['D' 'H' 'D'];['H' 'D' 'H'];0.32;0.68;0.0;0.58;0.42;0.0;;;;;;;
2026-05-09;194191359;Finland Kansallinen Liiga Women;Finland;10:00;Half;0.8272715910511186;1.875;4.0, 4.5;1.925;4.0, 4.5;3.0;0.0;;3.0;0.0;3.0;113.0;59.0;;HJK (W);;0.0;0.0;1.143;2;2.0;2 - 0;6.5;IF Gnistan (W);;0.0;1.0;21.0;0;0.0;-2.75 ( -1.5);3 - 0;3-0;4.25 (4.25);2.0;39 - 14;39 - 14;14.0;39.0;;;0.0;3.0;2.0;6.0;;;;;;;;38.0;75.0;14.0;45.0;;;0.0;3.0;2.0;7.0;;[14 18 49];[1 1 2];[False False False];['HJK (W)' 'HJK (W)' 'HJK (W)'];[0 1 2];[1 2 3];['D' 'H' 'H'];['H' 'H' 'H'];0.16;0.84;0.0;0.31;0.69;0.0;;2271.0;;if gnistan;;;Women
2026-05-09;194191331;Finland Kakkonen Group B;Finland;10:00;Half;-0.5664711632453567;1.95;3.5;1.85;3.5;1.0;2.0;;1.0;2.0;3.0;81.0;54.0;100.0;MuSa;;0.0;0.0;6.0;0;0.0;0 - 0;4.75;HJS;;0.0;1.0;1.364;0;0.0;+1.5 (+0.75);1 - 2;1-2;3.5 (1.75);1.5;19 - 20;19 - 20;20.0;19.0;49.0;51.0;2.0;3.0;2.0;2.0;;;;;;;;42.0;39.0;28.0;26.0;51.0;49.0;4.0;3.0;2.0;3.0;;[];[];[];[];[];[];[];[];1.0;0.0;0.0;1.0;0.0;0.0;192684.0;330431.0;musan salama;hjs;;;Youth
2026-05-09;194258952;Argentina Championship Women;Argentina;10:00;Half;-0.08695652173913049;1.8;2.0;2.0;2.0;4.0;3.0;;4.0;3.0;7.0;29.0;58.0;100.0;Union Santa Fe (W);;0.0;2.0;2.875;2;2.0;2 - 1;3.0;Independiente (W);;0.0;0.0;2.3;1;1.0;+0.25 (+0.25);4 - 3;4-3;2.0 ( 4);1.0;28 - 19;28 - 19;19.0;28.0;27.0;73.0;1.0;0.0;2.0;2.0;;;;;;;;10.0;19.0;26.0;32.0;38.0;62.0;2.0;0.0;2.0;2.0;;[18 20 37];[1 1 1];[False False False];['Union Santa Fe (W)' 'Independiente (W)' 'Union Santa Fe (W)'];[0 1 0];[1 0 1];['D' 'H' 'D'];['H' 'D' 'H'];0.39;0.61;0.0;0.78;0.22;0.0;3204.0;3209.0;union de santa fe;ca independiente avellaneda;;;Women
2026-05-09;194258946;Argentina Championship Women;Argentina;10:00;Half;-0.7424242424242424;1.975;2.5, 3.0;1.825;2.5, 3.0;5.0;2.0;;5.0;2.0;7.0;108.0;67.0;100.0;Lanus (W);;0.0;1.0;11.0;2;2.0;2 - 0;5.25;Belgrano (W);;0.0;0.0;1.2;0;0.0;+1.75 ( +1);5 - 2;5-2;2.75 ( 3.5);1.0;30 - 28;30 - 28;28.0;30.0;62.0;38.0;1.0;0.0;0.0;2.0;;;;;;;;54.0;54.0;35.0;32.0;60.0;40.0;1.0;0.0;0.0;2.0;;[25 31];[1 1];[False False];['Lanus (W)' 'Lanus (W)'];[0 1];[1 2];['D' 'H'];['H' 'H'];0.28;0.72;0.0;0.56;0.44;0.0;3218.0;3203.0;ca lanus;ca belgrano de cordoba;;;Women
2026-05-09;194210176;Norway Division 3 Group 4;Norway;10:00;Half;0.5874125874125873;2.0;4.0;1.8;4.0;1.0;3.0;;1.0;3.0;4.0;46.0;77.0;;Vindbjart;;0.0;0.0;1.3;0;0.0;0 - 2;5.75;Staal Jørpeland;;0.0;1.0;5.5;2;2.0;-1.75 (-0.75);1 - 3;1-3;4.0 (4.25);1.5;26 - 32;26 - 32;32.0;26.0;;;2.0;4.0;3.0;0.0;;;;;;;;20.0;26.0;39.0;38.0;;;4.0;6.0;3.0;1.0;;[28 35 52];[1 1 2];[False False False];['Staal Jørpeland' 'Staal Jørpeland' 'Vindbjart'];[ 0 -1 -2];[-1 -2 -1];['D' 'A' 'A'];['A' 'A' 'A'];0.31;0.0;0.69;0.62;0.0;0.38;;;;;;;
2026-05-09;193320702;Sweden Superettan;Sweden;10:00;Half;0.07114624505928857;1.85;2.5;1.95;2.5;1.0;4.0;;1.0;4.0;5.0;114.0;42.0;100.0;Norrby IF;1.0;0.0;1.0;2.3;2;2.0;2 - 0;3.2;Helsingborg;1.0;0.0;1.0;2.75;0;0.0;-0.25 ( 0.0);1 - 4;1-4;2.5 ( 3.5);1.0;22 - 11;22 - 11;11.0;22.0;49.0;51.0;0.0;2.0;3.0;4.0;;;;;;;;50.0;64.0;13.0;29.0;51.0;49.0;0.0;2.0;3.0;6.0;;[ 3 45];[1 1];[False False];['Norrby IF' 'Norrby IF'];[0 1];[1 2];['D' 'H'];['H' 'H'];0.03;0.97;0.0;0.07;0.93;0.0;1849.0;1890.0;norrby if;helsingborgs if;1.7;1.7;
2026-05-09;194169850;Sweden Damallsvenskan;Sweden;10:00;Half;-0.09740259740259738;1.95;2.5, 3.0;1.85;2.5, 3.0;1.0;5.0;;1.0;5.0;6.0;135.0;82.0;;Vaxjo (W);;0.0;0.0;2.8;1;1.0;1 - 2;3.3;AIK (W);;0.0;0.0;2.2;2;2.0;+0.25 ( 0.0);1 - 5;1-5;2.75 ( 4.5);1.0;39 - 27;39 - 27;27.0;39.0;;;7.0;2.0;3.0;1.0;;;;;;;;60.0;75.0;39.0;43.0;;;9.0;2.0;3.0;1.0;;[ 2 27 36];[1 1 1];[False False False];['AIK (W)' 'AIK (W)' 'Vaxjo (W)'];[ 0 -1 -2];[-1 -2 -1];['D' 'A' 'A'];['A' 'A' 'A'];0.02;0.0;0.98;0.04;0.0;0.96;;1764.0;;aik;;;Women
2026-05-09;194205935;Ethiopia Premier League;Ethiopia;10:00;Half;-0.1218637992831541;1.775;1.5, 2.0;2.025;1.5, 2.0;4.0;3.0;;4.0;3.0;7.0;94.0;41.0;100.0;Hadiya Hossana;;0.0;0.0;3.1;0;0.0;0 - 0;2.8;Hawassa City FC;;0.0;0.0;2.25;0;0.0;+0.25 ( 0.0);4 - 3;4-3;1.75 ( 1);0.75;17 - 16;17 - 16;16.0;17.0;47.0;53.0;2.0;1.0;3.0;1.0;;;;;;;;42.0;52.0;19.0;22.0;49.0;51.0;2.0;1.0;3.0;1.0;;[];[];[];[];[];[];[];[];1.0;0.0;0.0;1.0;0.0;0.0;;;;;;;
2026-05-09;193327148;Bulgaria First League;Bulgaria;10:15;Schedule;0.06033717834960067;1.9;2.0, 2.5;1.9;2.0, 2.5;1.0;2.0;;1.0;2.0;3.0;87.0;46.0;100.0;Cherno More Varna;;0.0;1.0;2.45;1;1.0;1 - 0;3.3;Botev Plovdiv;;0.0;0.0;2.875;0;0.0;0.0 ( 0.0);1 - 2;1-2;2.25 ( 2.5);1.0 ( 1.5);19 - 22;nan;23.0;23.0;49.0;51.0;2.0;5.0;1.0;2.0;;;;;;;;49.0;38.0;23.0;23.0;49.0;51.0;2.0;5.0;1.0;2.0;;[41];[1];[False];['Cherno More Varna'];[0];[1];['D'];['H'];0.46;0.54;0.0;0.91;0.09;0.0;3280.0;5241.0;pfc cherno more varna;botev plovdiv;1.9;1.83;
2026-05-09;194165831;Netherlands Tweede Divisie;Netherlands;10:15;Schedule;0.3087685253290349;1.925;2.5, 3.0;1.875;2.5, 3.0;1.0;1.0;;1.0;1.0;2.0;125.0;69.0;100.0;AFC;;0.0;0.0;1.727;2;1.0;1 - 1;3.6;Excelsior Maassluis;;0.0;0.0;3.7;1;1.0;-0.75 ( 0.0);1 - 1;1-1;2.75 ( 3.5);1.25 ( 2.5);24 - 37;nan;43.0;26.0;33.0;67.0;9.0;1.0;1.0;3.0;;;;;;;;64.0;61.0;43.0;26.0;33.0;67.0;9.0;1.0;1.0;3.0;;[34 38 46];[1 1 1];[False False  True];['AFC' 'Excelsior Maassluis' 'AFC'];[0 1 0];[1 0 1];['D' 'H' 'D'];['H' 'D' 'H'];0.47;0.53;0.0;0.91;0.09;0.0;;;;;;;
2026-05-09;193000794;Germany Bundesliga I;Germany;10:30;Schedule;0.4618395303326811;1.95;3.5;1.9;3.5;4.0;1.0;;4.0;1.0;5.0;100.0;59.0;100.0;TSG Hoffenheim;6.0;0.0;0.0;1.533;1;1.0;1 - 0;4.75;Werder Bremen;15.0;1.0;0.0;5.25;0;0.0;-1.25 (-1.75);4 - 1;4-1;3.5 ( 4);1.5 (1.75);23 - 7;nan;;;;;;;;;;;;;;;;22.0;78.0;9.0;50.0;29.0;71.0;4.0;6.0;1.0;3.0;;[26];[1];[False];['TSG Hoffenheim'];[0];[1];['D'];['H'];0.29;0.71;0.0;0.58;0.42;0.0;2569.0;2534.0;tsg hoffenheim;werder bremen;1.5;1.53;
2026-05-09;193000796;Germany Bundesliga I;Germany;10:30;Schedule;0.658119658119658;1.925;3.0, 3.5;1.925;3.0, 3.5;0.0;1.0;;0.0;1.0;1.0;106.0;47.0;100.0;RB Leipzig;3.0;0.0;1.0;1.3;1;0.0;0 - 0;5.75;St Pauli;17.0;0.0;0.0;9.0;0;0.0;-1.5 (-1.25);0 - 1;0-1;3.25 ( 2.5);1.25 (0.75);15 - 5;nan;16.0;31.0;31.0;69.0;4.0;6.0;0.0;2.0;;;;;;;;27.0;79.0;16.0;31.0;31.0;69.0;4.0;6.0;0.0;2.0;;[45];[1];[False];['RB Leipzig'];[0];[1];['D'];['H'];0.5;0.5;0.0;1.0;0.0;0.0;36360.0;2526.0;rb leipzig;fc st. pauli;1.7;1.8;
2026-05-09;193000801;Germany Bundesliga I;Germany;10:30;Schedule;0.08730158730158727;2.0;3.5, 4.0;1.85;3.5, 4.0;2.0;1.0;;2.0;1.0;3.0;82.0;53.0;100.0;VfB Stuttgart;5.0;0.0;0.0;2.25;1;1.0;1 - 1;4.0;Bayer Leverkusen;4.0;0.0;0.0;2.8;1;1.0;-0.25 (-0.25);2 - 1;2-1;3.75 ( 5);1.5 (2.75);20 - 6;nan;17.0;36.0;44.0;56.0;1.0;8.0;3.0;5.0;;;;;;;;24.0;58.0;17.0;36.0;44.0;56.0;1.0;8.0;3.0;5.0;;[1 6];[1 1];[False False];['Bayer Leverkusen' 'VfB Stuttgart'];[ 0 -1];[-1  0];['D' 'A'];['A' 'D'];0.94;0.0;0.06;0.89;0.0;0.11;2677.0;2681.0;vfb stuttgart;bayer leverkusen;1.36;1.36;
2026-05-09;194165846;Netherlands Tweede Divisie;Netherlands;10:30;Schedule;0.5137491616364857;1.95;3.0, 3.5;1.85;3.0, 3.5;4.0;1.0;;4.0;1.0;5.0;83.0;43.0;;Katwijk;7.0;0.0;0.0;1.42;0;0.0;0 - 0;4.5;Koninklijke HFC;15.0;0.0;0.0;5.25;0;0.0;-1.25 ( -1);4 - 1;4-1;3.25 (2.75);1.25 ( 0.5);15 - 10;nan;;;;;;;;;;;;;;;;35.0;48.0;16.0;27.0;;;2.0;8.0;0.0;3.0;;[];[];[];[];[];[];[];[];1.0;0.0;0.0;1.0;0.0;0.0;;;;;;;
2026-05-09;194261730;Botswana FA Cup;Botswana;10:30;Schedule;0.4848484848484848;1.95;2.0, 2.5;1.85;2.0, 2.5;0.0;3.0;;0.0;3.0;3.0;82.0;76.0;;Gaborone United;;0.0;1.0;1.5;1;1.0;1 - 0;3.8;Township Rollers;;0.0;0.0;5.5;1;0.0;-1.0 (-0.75);0 - 3;0-3;2.25 (2.75);1.0 (1.75);9 - 33;nan;;;;;;;;;;;;;;;;52.0;30.0;52.0;24.0;;;3.0;1.0;4.0;3.0;;[13 41];[1 1];[False False];['Gaborone United' 'Township Rollers'];[0 1];[1 0];['D' 'H'];['H' 'D'];0.69;0.31;0.0;0.38;0.62;0.0;;;;;;;
2026-05-09;193000792;Germany Bundesliga I;Germany;10:30;Schedule;0.21870286576168935;1.825;3.0, 3.5;2.025;3.0, 3.5;0.0;0.0;;0.0;0.0;0.0;104.0;39.0;100.0;Augsburg;9.0;0.0;0.0;1.95;2;2.0;2 - 0;4.0;Borussia M'gladbach;11.0;0.0;0.0;3.4;0;0.0;-0.5 ( 0.0);0 - 0;0-0;3.25 ( 4.5);1.5 (2.75);12 - 14;nan;;;;;;;;;;;;;;;;55.0;49.0;22.0;17.0;62.0;38.0;2.0;4.0;1.0;6.0;;[24 42];[1 1];[False False];['Augsburg' 'Augsburg'];[0 1];[1 2];['D' 'H'];['H' 'H'];0.27;0.73;0.0;0.53;0.47;0.0;2600.0;2527.0;fc augsburg;borussia monchengladbach;1.53;1.53;
2026-05-09;194260542;Ukraine Persha Liga;Ukraine;10:30;Schedule;-0.18011257035647282;1.85;2.0;1.95;2.0;2.0;0.0;;2.0;0.0;2.0;65.0;52.0;;Nyva Ternopil;;0.0;1.0;3.25;0;0.0;0 - 0;3.1;FSC Mariupol;;0.0;1.0;2.05;0;0.0;+0.25 ( +0.5);2 - 0;2-0;2.0 ( 1.5);0.75 (0.75);10 - 14;nan;;;;;;;;;;;;;;;;27.0;38.0;26.0;26.0;;;6.0;3.0;2.0;3.0;;[];[];[];[];[];[];[];[];1.0;0.0;0.0;1.0;0.0;0.0;;;;;;;
2026-05-09;194208980;Norway Division 2 Group 2;Norway;10:30;Schedule;0.08050089445438285;1.975;3.0, 3.5;1.825;3.0, 3.5;0.0;1.0;;0.0;1.0;1.0;79.0;36.0;100.0;Stjørdals/Blink;;0.0;1.0;2.15;0;0.0;0 - 1;3.8;Skeid;;0.0;0.0;2.6;1;1.0;-0.25 ( 0.0);0 - 1;0-1;3.25 ( 3);1.25 (1.75);8 - 15;nan;19.0;17.0;54.0;46.0;1.0;3.0;2.0;0.0;;;;;;;;40.0;39.0;19.0;17.0;54.0;46.0;1.0;3.0;2.0;0.0;;[1];[1];[False];['Skeid'];[0];[-1];['D'];['A'];0.01;0.0;0.99;0.02;0.0;0.98;727.0;679.0;stjordals-blink;skeid fotball;;;
2026-05-09;194165424;Netherlands Tweede Divisie;Netherlands;10:30;Schedule;0.11743450767841018;1.925;3.0, 3.5;1.875;3.0, 3.5;3.0;0.0;;3.0;0.0;3.0;81.0;50.0;100.0;Almere City Reserves;10.0;0.0;0.0;2.05;0;0.0;0 - 0;3.75;RKAV Volendam;14.0;0.0;0.0;2.7;2;0.0;-0.25 ( -0.5);3 - 0;3-0;3.25 ( 2.5);1.25 (0.75);16 - 8;nan;;;;;;;;;;;;;;;;33.0;48.0;20.0;30.0;37.0;63.0;1.0;2.0;3.0;3.0;;[38 45];[1 1];[False False];['RKAV Volendam' 'RKAV Volendam'];[ 0 -1];[-1 -2];['D' 'A'];['A' 'A'];0.42;0.0;0.58;0.84;0.0;0.16;;;;;;;Youth
2026-05-09;194165416;Germany Bundesliga Women;Germany;10:45;Schedule;0.5224071702944943;1.9;3.5;1.9;3.5;0.0;0.0;;0.0;0.0;0.0;65.0;27.0;100.0;Bayern Munich (W);;0.0;0.0;1.42;1;1.0;1 - 0;4.5;Eintracht Frankfurt (W);;0.0;0.0;5.5;0;0.0;-1.25 ( -1);0 - 0;0-0;3.5 (4.25);1.5 (2.25);9 - 2;nan;;;;;;;;;;;;;;;;21.0;44.0;5.0;22.0;37.0;63.0;2.0;4.0;1.0;2.0;;[12];[1];[False];['Bayern Munich (W)'];[0];[1];['D'];['H'];0.13;0.87;0.0;0.27;0.73;0.0;2672.0;2674.0;bayern munich;eintracht frankfurt;;;Women
2026-05-09;194205812;Iceland 2 Deild;Iceland;11:00;Schedule;-0.26839826839826836;1.85;3.5;1.95;3.5;0.0;0.0;;0.0;0.0;0.0;28.0;11.0;;KFG;;0.0;0.0;3.3;0;0.0;0 - 0;4.2;Throttur Vogar;;0.0;0.0;1.75;0;0.0;+0.75;0 - 0;0-0;3.5;1.5;-;nan;;;;;;;;;;;;;;;;17.0;11.0;9.0;2.0;;;0.0;1.0;1.0;0.0;;[];[];[];[];[];[];[];[];1.0;0.0;0.0;1.0;0.0;0.0;;;;;;;
2026-05-09;194206280;Portugal Liga 3;Portugal;11:00;Schedule;-0.033375052148518936;1.95;2.5;1.85;2.5;0.0;0.0;;0.0;0.0;0.0;29.0;25.0;100.0;Trofense;;0.0;0.0;2.55;0;0.0;0 - 0;3.4;Guimaraes B;;0.0;0.0;2.35;0;0.0;0.0;0 - 0;0-0;2.5;1.0;-;nan;;;;;;;;;;;;;;;;12.0;17.0;9.0;16.0;52.0;48.0;3.0;1.0;0.0;1.0;;[];[];[];[];[];[];[];[];1.0;0.0;0.0;1.0;0.0;0.0;;3009.0;;vitoria sc guimaraes;;;Youth
2026-05-09;194164029;Austria Regionalliga West;Austria;11:00;Schedule;-0.11743450767841018;1.9;3.0;1.9;3.0;0.0;0.0;;0.0;0.0;0.0;22.0;3.0;100.0;FC Lustenau;;0.0;0.0;2.7;0;0.0;0 - 0;3.9;SK Bischofshofen;;0.0;0.0;2.05;1;0.0;+0.25;0 - 0;0-0;3.0;1.25;-;nan;;;;;;;;;;;;;;;;13.0;9.0;1.0;2.0;43.0;57.0;0.0;0.0;1.0;0.0;;[2];[1];[False];['SK Bischofshofen'];[0];[-1];['D'];['A'];0.02;0.0;0.98;0.04;0.0;0.96;;;;;;;
2026-05-09;194205745;Iceland 1 Deild;Iceland;11:00;Schedule;0.0;1.975;3.0, 3.5;1.825;3.0, 3.5;0.0;0.0;;0.0;0.0;0.0;38.0;22.0;100.0;Aegir;12.0;0.0;0.0;2.45;0;0.0;0 - 0;3.4;Grotta Seltjarnarnes;11.0;0.0;0.0;2.45;0;0.0;0.0;0 - 0;0-0;3.25;1.25;-;nan;;;;;;;;;;;;;;;;23.0;15.0;16.0;6.0;52.0;48.0;6.0;0.0;0.0;1.0;;[];[];[];[];[];[];[];[];1.0;0.0;0.0;1.0;0.0;0.0;70092.0;41099.0;kf aegir;grotta;;;
2026-05-09;194165800;Finland Kakkonen Group B;Finland;11:00;Schedule;-0.2849211485404816;2.0;3.5;1.8;3.5;0.0;0.0;;0.0;0.0;0.0;25.0;14.0;100.0;NJS;;0.0;0.0;3.4;1;0.0;0 - 0;4.2;EPS;;0.0;0.0;1.727;0;0.0;+0.75;0 - 0;0-0;3.5;1.5;-;nan;;;;;;;;;;;;;;;;13.0;12.0;4.0;10.0;56.0;44.0;0.0;2.0;0.0;1.0;;[7];[1];[False];['NJS'];[0];[1];['D'];['H'];0.08;0.92;0.0;0.16;0.84;0.0;;245397.0;;espoon palloseura;;;Youth
2026-05-09;194165782;Estonia Esiliiga;Estonia;11:00;Schedule;-0.5513196480938416;1.925;4.0;1.875;4.0;0.0;0.0;;0.0;0.0;0.0;49.0;28.0;100.0;JK Tallinna Kalev;;0.0;0.0;5.5;1;0.0;0 - 0;5.0;Tartu JK Welco;;0.0;0.0;1.364;0;0.0;+1.5;0 - 0;0-0;4.0;1.75;-;nan;;;;;;;;;;;;;;;;12.0;37.0;6.0;22.0;21.0;79.0;0.0;1.0;0.0;3.0;;[18];[1];[False];['JK Tallinna Kalev'];[0];[1];['D'];['H'];0.2;0.8;0.0;0.4;0.6;0.0;;;;;;;
2026-05-09;194333615;Belgium Super League Women;Belgium;11:00;Schedule;0.31501831501831495;1.8;2.5;2.0;2.5;0.0;0.0;;0.0;0.0;0.0;25.0;25.0;100.0;Zulte-Waregem (W);;0.0;0.0;1.75;0;0.0;0 - 0;3.5;Gent (W);;0.0;0.0;3.9;0;0.0;-0.5;0 - 0;0-0;2.5;1.0;-;nan;;;;;;;;;;;;;;;;12.0;13.0;17.0;8.0;52.0;48.0;2.0;1.0;1.0;0.0;;[];[];[];[];[];[];[];[];1.0;0.0;0.0;1.0;0.0;0.0;2933.0;2903.0;sv zulte waregem;kaa gent;;;Women
2026-05-09;194206940;Iceland 3 Deild;Iceland;11:00;Schedule;-0.2760084925690021;1.9;3.5;1.9;3.5;0.0;0.0;;0.0;0.0;0.0;0.0;0.0;;KH Hlidarendi;1.0;0.0;0.0;3.3;0;0.0;0 - 0;4.1;Vidir Gardur;5.0;0.0;0.0;1.727;0;0.0;+0.75;0 - 0;0-0;3.5;1.5;-;nan;;;;;;;;;;;;;;;;0.0;0.0;0.0;0.0;;;0.0;0.0;0.0;0.0;;[];[];[];[];[];[];[];[];1.0;0.0;0.0;1.0;0.0;0.0;;;;;;;
2026-05-09;194261002;Germany Regionalliga North East;Germany;11:00;Schedule;0.008503401360544283;1.875;2.5, 3.0;1.925;2.5, 3.0;0.0;0.0;;0.0;0.0;0.0;0.0;0.0;;Chemnitzer;;0.0;0.0;2.4;0;0.0;0 - 0;3.4;Zwickau;;0.0;0.0;2.45;0;0.0;0.0;0 - 0;0-0;2.75;1.25;-;nan;;;;;;;;;;;;;;;;0.0;0.0;0.0;0.0;;;0.0;0.0;0.0;0.0;;[];[];[];[];[];[];[];[];1.0;0.0;0.0;1.0;0.0;0.0;2592.0;2620.0;chemnitzer fc;fsv zwickau;;;
2026-05-09;194261028;Iceland 2 Deild;Iceland;11:00;Schedule;0.4143743067084565;1.825;3.5;1.975;3.5;0.0;0.0;;0.0;0.0;0.0;0.0;0.0;100.0;KFA;;0.0;0.0;1.55;0;0.0;0 - 0;4.333;Kari;;0.0;0.0;4.333;0;0.0;-1.0;0 - 0;0-0;3.5;1.5;-;nan;;;;;;;;;;;;;;;;0.0;0.0;0.0;0.0;50.0;50.0;0.0;0.0;0.0;0.0;;[];[];[];[];[];[];[];[];1.0;0.0;0.0;1.0;0.0;0.0;;;;;;;
2026-05-09;194166598;Lithuania 1 Lyga;Lithuania;11:00;Schedule;0.0;1.825;2.5;1.975;2.5;0.0;0.0;;0.0;0.0;0.0;53.0;14.0;;BFA Vilnius;;0.0;0.0;2.45;0;0.0;0 - 0;3.4;FK Garliava;;0.0;0.0;2.45;0;0.0;0.0;0 - 0;0-0;2.5;1.0;-;nan;;;;;;;;;;;;;;;;28.0;25.0;9.0;5.0;;;3.0;1.0;0.0;0.0;;[];[];[];[];[];[];[];[];1.0;0.0;0.0;1.0;0.0;0.0;;;;;;;
2026-05-09;194167439;Kosovo Superliga;Kosovo;11:00;Schedule;0.2485380116959064;1.825;2.0, 2.5;1.975;2.0, 2.5;0.0;0.0;;0.0;0.0;0.0;75.0;32.0;100.0;KF Drita;;0.0;0.0;1.9;0;0.0;0 - 0;3.2;KF Ballkani;;0.0;0.0;3.6;0;0.0;-0.5;0 - 0;0-0;2.25;1.0;-;nan;;;;;;;;;;;;;;;;34.0;41.0;11.0;21.0;51.0;49.0;1.0;0.0;0.0;0.0;;[];[];[];[];[];[];[];[];1.0;0.0;0.0;1.0;0.0;0.0;;;;;;;
2026-05-09;194038744;England National League South;England;11:00;Schedule;-0.00816326530612238;1.975;2.5, 3.0;1.825;2.5, 3.0;0.0;0.0;;0.0;0.0;0.0;41.0;19.0;100.0;Hornchurch FC;;0.0;0.0;2.5;0;0.0;0 - 0;3.3;Torquay;;0.0;0.0;2.45;1;0.0;0.0;0 - 0;0-0;2.75;1.0;-;nan;;;;;;;;;;;;;;;;16.0;25.0;11.0;8.0;50.0;50.0;0.0;2.0;1.0;1.0;;[6];[1];[False];['Torquay'];[0];[-1];['D'];['A'];0.07;0.0;0.93;0.13;0.0;0.87;25940.0;104.0;hornchurch fc;torquay united;1.8;1.8;
2026-05-09;194333609;Belgium Super League Women;Belgium;11:00;Schedule;0.25983945132881303;1.875;2.5, 3.0;1.925;2.5, 3.0;0.0;0.0;;0.0;0.0;0.0;42.0;23.0;100.0;Club Brugge (W);3.0;0.0;0.0;1.833;0;0.0;0 - 0;3.5;Standard Liege (W);4.0;0.0;0.0;3.5;0;0.0;-0.5;0 - 0;0-0;2.75;1.25;-;nan;;;;;;;;;;;;;;;;26.0;16.0;12.0;11.0;56.0;44.0;1.0;3.0;1.0;0.0;;[];[];[];[];[];[];[];[];1.0;0.0;0.0;1.0;0.0;0.0;2888.0;2901.0;club brugge;standard liege;;;Women
2026-05-09;194165796;Finland Ykkosliiga;Finland;11:00;Schedule;0.5403726708074534;1.975;3.0, 3.5;1.825;3.0, 3.5;0.0;0.0;;0.0;0.0;0.0;47.0;27.0;100.0;KTP;;0.0;0.0;1.4;0;0.0;0 - 0;4.75;KaPa;;0.0;0.0;5.75;0;0.0;-1.25;0 - 0;0-0;3.25;1.25;-;nan;;;;;;;;;;;;;;;;21.0;26.0;17.0;10.0;33.0;67.0;2.0;0.0;0.0;0.0;;[];[];[];[];[];[];[];[];1.0;0.0;0.0;1.0;0.0;0.0;2255.0;2273.0;fc ktp kotka;kapa kapylan pallo;;;
2026-05-09;194261720;Austria Landesliga;Austria;11:00;Schedule;0.33321335732853424;2.0;3.0, 3.5;1.8;3.0, 3.5;0.0;0.0;;0.0;0.0;0.0;37.0;28.0;;FC 1980 Wien;;0.0;0.0;1.667;0;0.0;0 - 0;3.9;SV Schwechat;;0.0;0.0;3.75;0;0.0;-0.75;0 - 0;0-0;3.25;1.25;-;nan;;;;;;;;;;;;;;;;20.0;17.0;17.0;11.0;;;3.0;1.0;2.0;2.0;;[];[];[];[];[];[];[];[];1.0;0.0;0.0;1.0;0.0;0.0;;;;;;;
2026-05-09;194167941;North Macedonia First League;North Macedonia;11:00;Schedule;0.7564102564102564;1.8;2.5;2.0;2.5;0.0;0.0;;0.0;0.0;0.0;41.0;22.0;100.0;Vardar Skopje;;0.0;0.0;1.2;2;0.0;0 - 0;5.75;FK Sileks;;0.0;0.0;13.0;0;0.0;-1.75;0 - 0;0-0;2.5;1.5;-;nan;;;;;;;;;;;;;;;;16.0;25.0;7.0;15.0;36.0;64.0;1.0;2.0;0.0;3.0;;[ 3 17];[1 1];[False False];['Vardar Skopje' 'Vardar Skopje'];[0 1];[1 2];['D' 'H'];['H' 'H'];0.03;0.97;0.0;0.07;0.93;0.0;;;;;;;
2026-05-09;194261032;Iceland 2 Deild;Iceland;11:00;Schedule;0.4057502538142655;1.925;3.5;1.875;3.5;0.0;0.0;;0.0;0.0;0.0;29.0;14.0;100.0;Vikingur Olafsvik;8.0;0.0;0.0;1.571;0;0.0;0 - 0;4.2;Kormakur/Hvot;4.0;0.0;0.0;4.333;0;0.0;-1.0;0 - 0;0-0;3.5;1.5;-;nan;;;;;;;;;;;;;;;;15.0;14.0;9.0;5.0;51.0;49.0;0.0;1.0;0.0;1.0;;[];[];[];[];[];[];[];[];1.0;0.0;0.0;1.0;0.0;0.0;;;;;;;
2026-05-09;192501351;England Premier League;England;11:00;Schedule;-0.24255024255024266;1.975;2.5, 3.0;1.875;2.5, 3.0;0.0;0.0;;0.0;0.0;0.0;32.0;18.0;100.0;Sunderland;12.0;0.0;0.0;3.7;0;0.0;0 - 0;3.7;Man Utd;3.0;0.0;0.0;1.95;0;0.0;+0.25;0 - 0;0-0;2.75;1.25;-;nan;;;;;;;;;;;;;;;;11.0;21.0;6.0;12.0;44.0;56.0;1.0;2.0;0.0;2.0;;[];[];[];[];[];[];[];[];1.0;0.0;0.0;1.0;0.0;0.0;41.0;35.0;sunderland afc;manchester united;1.66;1.66;
2026-05-09;193757645;Sweden 1.div Södra;Sweden;11:00;Schedule;0.32903879559930516;1.85;2.5, 3.0;1.95;2.5, 3.0;0.0;0.0;;0.0;0.0;0.0;43.0;32.0;100.0;Eskilsminne IF;;0.0;0.0;1.727;0;0.0;0 - 0;3.5;Utsiktens BK;;0.0;0.0;4.0;0;0.0;-0.75;0 - 0;0-0;2.75;1.25;-;nan;;;;;;;;;;;;;;;;25.0;18.0;11.0;21.0;37.0;63.0;0.0;1.0;0.0;0.0;;[];[];[];[];[];[];[];[];1.0;0.0;0.0;1.0;0.0;0.0;62558.0;7536.0;eskilsminne if;utsiktens bk;;;
2026-05-09;194211643;Spain Primera Federacion Women;Spain;11:00;Schedule;0.31165311653116534;1.975;2.0, 2.5;1.825;2.0, 2.5;0.0;0.0;;0.0;0.0;0.0;45.0;14.0;100.0;Osasuna (W);;0.0;0.0;1.8;0;0.0;0 - 0;3.25;Villarreal (W);;0.0;0.0;4.1;0;0.0;-0.5;0 - 0;0-0;2.25;1.0;-;nan;;;;;;;;;;;;;;;;21.0;24.0;5.0;9.0;60.0;40.0;1.0;1.0;0.0;1.0;;[];[];[];[];[];[];[];[];1.0;0.0;0.0;1.0;0.0;0.0;2820.0;2819.0;ca osasuna;villarreal cf;;;Women
2026-05-09;194326651;UAE U19 League;UAE;11:00;Schedule;0.06511627906976741;1.825;3.5;1.975;3.5;0.0;0.0;;0.0;0.0;0.0;30.0;24.0;;Al Wasl SC U19;;0.0;0.0;2.15;1;0.0;0 - 0;4.0;Shabab Al Ahli Dubai U19;;0.0;0.0;2.5;0;0.0;-0.25;0 - 0;0-0;3.5;1.5;-;nan;;;;;;;;;;;;;;;;19.0;11.0;15.0;9.0;;;0.0;3.0;0.0;2.0;;[8];[1];[False];['Al Wasl SC U19'];[0];[1];['D'];['H'];0.09;0.91;0.0;0.18;0.82;0.0;47674.0;370464.0;al wasl fc;shabab al ahli dubai;;;Youth
2026-05-09;193331361;Belgium First Division A;Belgium;11:00;Schedule;-0.044579533941236094;1.9;3.0;1.9;3.0;0.0;0.0;;0.0;0.0;0.0;29.0;12.0;100.0;RAAL La Louviere;;0.0;0.0;2.625;0;0.0;0 - 0;3.5;Cercle Brugge;;0.0;0.0;2.35;0;0.0;0.0;0 - 0;0-0;3.0;1.25;-;nan;;;;;;;;;;;;;;;;21.0;8.0;10.0;2.0;55.0;45.0;1.0;0.0;0.0;0.0;;[];[];[];[];[];[];[];[];1.0;0.0;0.0;1.0;0.0;0.0;752197.0;2929.0;raal la louviere;cercle brugge;1.7;1.66;
2026-05-09;194000173;Scotland Championship Play-Offs;Scotland;11:00;Schedule;0.35597758497081067;1.975;2.5, 3.0;1.825;2.5, 3.0;0.0;0.0;;0.0;0.0;0.0;36.0;30.0;100.0;Airdrieonians;;0.0;0.0;1.667;0;0.0;0 - 0;4.1;Alloa;;0.0;0.0;4.1;0;0.0;-0.75;0 - 0;0-0;2.75;1.0;-;nan;;;;;;;;;;;;;;;;13.0;23.0;11.0;19.0;50.0;50.0;1.0;0.0;0.0;1.0;;[];[];[];[];[];[];[];[];1.0;0.0;0.0;1.0;0.0;0.0;2367.0;2369.0;airdrieonians fc;alloa athletic fc;;;
2026-05-09;194206265;Portugal Campeonato Nacional II Women;Portugal;11:00;Schedule;-0.16019810467165096;2.0;3.5, 4.0;1.8;3.5, 4.0;0.0;0.0;;0.0;0.0;0.0;30.0;23.0;;FC Tirsense (W);;0.0;0.0;2.75;0;0.0;0 - 0;4.4;Guia (W);;0.0;0.0;1.909;0;0.0;+0.5;0 - 0;0-0;3.75;1.5;-;nan;;;;;;;;;;;;;;;;13.0;17.0;13.0;10.0;;;4.0;0.0;2.0;2.0;;[];[];[];[];[];[];[];[];1.0;0.0;0.0;1.0;0.0;0.0;;;;;;;Youth-Women
2026-05-09;194164018;Austria Regionalliga Ost;Austria;11:00;Schedule;0.21795989537925015;1.875;2.5, 3.0;1.925;2.5, 3.0;0.0;0.0;;0.0;0.0;0.0;0.0;0.0;100.0;SR Donaufeld;;0.0;0.0;1.85;0;0.0;0 - 0;3.9;Parndorf;;0.0;0.0;3.1;1;0.0;-0.5;0 - 0;0-0;2.75;1.25;-;nan;;;;;;;;;;;;;;;;0.0;0.0;0.0;0.0;59.0;41.0;0.0;0.0;1.0;0.0;;[3];[1];[False];['Parndorf'];[0];[-1];['D'];['A'];0.03;0.0;0.97;0.07;0.0;0.93;;;;;;;
2026-05-09;194260631;Portugal Campeonato Nacional II Women;Portugal;11:00;Schedule;0.0841638981173865;1.85;3.0;1.95;3.0;0.0;0.0;;0.0;0.0;0.0;41.0;14.0;;Famalicao (W);;0.0;0.0;2.15;1;0.0;0 - 0;3.75;Gil Vicente FC (W);;0.0;0.0;2.625;0;0.0;-0.25;0 - 0;0-0;3.0;1.25;-;nan;;;;;;;;;;;;;;;;18.0;23.0;4.0;10.0;;;0.0;2.0;0.0;2.0;;[8];[1];[False];['Famalicao (W)'];[0];[1];['D'];['H'];0.09;0.91;0.0;0.18;0.82;0.0;49531.0;;fc famalicao;;;;Youth-Women
2026-05-09;194262149;Kazakhstan Premier League;Kazakhstan;11:00;Schedule;0.45468509984639016;1.825;2.0, 2.5;1.975;2.0, 2.5;0.0;0.0;;0.0;0.0;0.0;33.0;14.0;100.0;FC Astana;;0.0;0.0;1.55;0;0.0;0 - 0;3.5;FK Kyzylzhar;;0.0;0.0;5.25;0;0.0;-1.0;0 - 0;0-0;2.25;1.0;-;nan;;;;;;;;;;;;;;;;12.0;21.0;3.0;11.0;42.0;58.0;1.0;1.0;1.0;3.0;;[];[];[];[];[];[];[];[];1.0;0.0;0.0;1.0;0.0;0.0;;;;;;;
2026-05-09;193996913;England League 1;England;11:00;Schedule;0.05217391304347829;2.025;2.0, 2.5;1.825;2.0, 2.5;0.0;0.0;;0.0;0.0;0.0;31.0;8.0;100.0;Stevenage;6.0;0.0;0.0;2.5;0;0.0;0 - 0;3.1;Stockport;3.0;0.0;0.0;2.875;0;0.0;0.0;0 - 0;0-0;2.25;0.75;-;nan;;;;;;;;;;;;;;;;15.0;16.0;4.0;4.0;70.0;30.0;1.0;0.0;0.0;0.0;;[];[];[];[];[];[];[];[];1.0;0.0;0.0;1.0;0.0;0.0;133.0;10.0;stevenage fc;stockport county fc;1.95;1.95;
2026-05-09;193988583;Scotland League Two Play-Offs;Scotland;11:00;Schedule;0.11904761904761901;2.025;3.0;1.775;3.0;0.0;0.0;;0.0;0.0;0.0;21.0;10.0;100.0;Brora Rangers FC;;0.0;0.0;2.1;1;0.0;0 - 0;3.5;Edinburgh City;;0.0;0.0;2.8;0;0.0;-0.25;0 - 0;0-0;3.0;1.25;-;nan;;;;;;;;;;;;;;;;5.0;16.0;2.0;8.0;50.0;50.0;0.0;4.0;0.0;2.0;;[11];[1];[False];['Brora Rangers FC'];[0];[1];['D'];['H'];0.12;0.88;0.0;0.24;0.76;0.0;;26252.0;;edinburgh city fc;;;
2026-05-09;194260517;Women’s Friendly;International (World);11:00;Schedule;0.6754734627075052;1.95;4.0;1.85;4.0;0.0;0.0;;0.0;0.0;0.0;34.0;14.0;100.0;Shamrock Rovers (W);;0.0;0.0;1.222;2;0.0;0 - 0;6.5;Sligo Rovers (W);;0.0;0.0;7.0;1;0.0;-2.0;0 - 0;0-0;4.0;1.75;-;nan;;;;;;;;;;;;;;;;12.0;22.0;5.0;9.0;30.0;70.0;0.0;0.0;1.0;3.0;;[ 4 12 18];[1 1 1];[False False False];['Shamrock Rovers (W)' 'Shamrock Rovers (W)' 'Sligo Rovers (W)'];[0 1 2];[1 2 1];['D' 'H' 'H'];['H' 'H' 'H'];0.04;0.96;0.0;0.09;0.91;0.0;3177.0;3190.0;shamrock rovers;sligo rovers fc;;;Women
2026-05-09;194191321;Finland Kakkonen Group A;Finland;11:00;Schedule;0.16669161116515746;1.85;3.5;1.95;3.5;0.0;0.0;;0.0;0.0;0.0;37.0;32.0;100.0;MyPa;;0.0;0.0;1.909;0;0.0;0 - 0;4.2;HPS;;0.0;0.0;2.8;0;0.0;-0.5;0 - 0;0-0;3.5;1.5;-;nan;;;;;;;;;;;;;;;;12.0;25.0;10.0;22.0;44.0;56.0;1.0;2.0;1.0;0.0;;[];[];[];[];[];[];[];[];1.0;0.0;0.0;1.0;0.0;0.0;2243.0;49530.0;myllykosken pallo -47;hps;;;
2026-05-09;194166584;Czechia First League;Czech Republic;11:00;Schedule;0.4365372374283896;1.975;3.0;1.825;3.0;0.0;0.0;;0.0;0.0;0.0;33.0;7.0;100.0;Viktoria Plzen;;0.0;0.0;1.571;1;0.0;0 - 0;3.8;Slovan Liberec;;0.0;0.0;5.0;0;0.0;-0.75;0 - 0;0-0;3.0;1.0;-;nan;;;;;;;;;;;;;;;;10.0;23.0;2.0;5.0;50.0;50.0;0.0;0.0;0.0;1.0;;[13];[1];[False];['Viktoria Plzen'];[0];[1];['D'];['H'];0.14;0.86;0.0;0.29;0.71;0.0;4502.0;2219.0;fc viktoria plzen;fc slovan liberec;;;
2026-05-09;193757659;Sweden 1.div Södra;Sweden;11:00;Schedule;0.2514360899842752;1.85;2.5, 3.0;1.95;2.5, 3.0;0.0;0.0;;0.0;0.0;0.0;12.0;8.0;100.0;FC Trollhättan;;0.0;0.0;1.833;0;0.0;0 - 0;3.6;Lunds BK;;0.0;0.0;3.4;0;0.0;-0.25;0 - 0;0-0;2.75;1.25;-;nan;;;;;;;;;;;;;;;;6.0;6.0;3.0;5.0;38.0;62.0;0.0;0.0;0.0;1.0;;[];[];[];[];[];[];[];[];1.0;0.0;0.0;1.0;0.0;0.0;1791.0;1829.0;fc trollhattan;lunds bk;;;
2026-05-09;193757657;Sweden 1.div Södra;Sweden;11:00;Schedule;-0.012889366272824943;1.95;2.5;1.85;2.5;0.0;0.0;;0.0;0.0;0.0;47.0;28.0;100.0;Skövde AIK;;0.0;0.0;2.45;0;0.0;0 - 0;3.5;Ängelholms FF;;0.0;0.0;2.375;0;0.0;0.0;0 - 0;0-0;2.5;1.0;-;nan;;;;;;;;;;;;;;;;16.0;31.0;8.0;20.0;32.0;68.0;1.0;1.0;0.0;0.0;;[];[];[];[];[];[];[];[];1.0;0.0;0.0;1.0;0.0;0.0;7063.0;1788.0;skovde aik;angelholms ff;;;
2026-05-09;194169562;Spain Primera Women;Spain;11:00;Schedule;0.17530487804878053;1.925;2.0, 2.5;1.875;2.0, 2.5;0.0;0.0;;0.0;0.0;0.0;37.0;27.0;100.0;Eibar (W);;0.0;0.0;2.05;0;0.0;0 - 0;3.2;Alhama CF (W);;0.0;0.0;3.2;0;0.0;-0.25;0 - 0;0-0;2.25;1.0;-;nan;;;;;;;;;;;;;;;;17.0;20.0;12.0;15.0;24.0;76.0;0.0;1.0;0.0;1.0;;[];[];[];[];[];[];[];[];1.0;0.0;0.0;1.0;0.0;0.0;2839.0;616674.0;sd eibar;alhama cf;;;Women
2026-05-09;193757651;Sweden 1.div Södra;Sweden;11:00;Schedule;0.3082706766917293;1.825;2.5;1.975;2.5;0.0;0.0;;0.0;0.0;0.0;36.0;11.0;100.0;FC Rosengård 1917;;0.0;0.0;1.75;0;0.0;0 - 0;3.5;Tvååkers IF;;0.0;0.0;3.8;1;0.0;-0.75;0 - 0;0-0;2.5;1.0;-;nan;;;;;;;;;;;;;;;;16.0;20.0;4.0;7.0;55.0;45.0;1.0;1.0;1.0;1.0;;[10];[1];[False];['Tvååkers IF'];[0];[-1];['D'];['A'];0.11;0.0;0.89;0.22;0.0;0.78;7095.0;22356.0;fc rosengaard 1917;tvaakers if;;;
2026-05-09;194264351;Switzerland 2. Liga Interregional;Switzerland;11:00;Schedule;0.675;1.9;3.5;1.9;3.5;0.0;0.0;;0.0;0.0;0.0;36.0;18.0;100.0;FC Muri Gumligen;;0.0;0.0;1.25;0;0.0;0 - 0;5.5;FC Bosporus;;0.0;0.0;8.0;0;0.0;-1.75;0 - 0;0-0;3.5;1.5;-;nan;;;;;;;;;;;;;;;;19.0;17.0;5.0;13.0;33.0;67.0;0.0;2.0;0.0;0.0;;[];[];[];[];[];[];[];[];1.0;0.0;0.0;1.0;0.0;0.0;;;;;;;
2026-05-09;194205815;Iceland 2 Deild;Iceland;11:00;Schedule;-0.3141657382809152;1.9;3.5, 4.0;1.9;3.5, 4.0;0.0;0.0;;0.0;0.0;0.0;35.0;22.0;100.0;Hviti Riddarinn;6.0;0.0;0.0;3.5;0;0.0;0 - 0;4.333;Selfoss;10.0;0.0;0.0;1.667;1;0.0;+1.0;0 - 0;0-0;3.75;1.5;-;nan;;;;;;;;;;;;;;;;13.0;22.0;8.0;14.0;45.0;55.0;1.0;1.0;1.0;1.0;;[9];[1];[False];['Selfoss'];[0];[-1];['D'];['A'];0.1;0.0;0.9;0.2;0.0;0.8;;;;;;;
2026-05-09;194002852;Scotland League One Play-Offs;Scotland;11:00;Schedule;0.3926347984039994;1.875;2.5, 3.0;1.925;2.5, 3.0;0.0;0.0;;0.0;0.0;0.0;41.0;22.0;100.0;Hamilton;;0.0;0.0;1.571;0;0.0;0 - 0;4.333;Forfar;;0.0;0.0;4.1;0;0.0;-1.0;0 - 0;0-0;2.75;1.25;-;nan;;;;;;;;;;;;;;;;17.0;24.0;9.0;13.0;50.0;50.0;0.0;4.0;0.0;2.0;;[];[];[];[];[];[];[];[];1.0;0.0;0.0;1.0;0.0;0.0;2376.0;2375.0;hamilton academical fc;forfar athletic fc;;;
2026-05-09;194165406;Finland Ykkonen;Finland;11:00;Schedule;0.16499442586399116;1.875;3.5;1.925;3.5;0.0;0.0;;0.0;0.0;0.0;44.0;17.0;100.0;KUPS Akatemia;;0.0;0.0;1.95;0;0.0;0 - 0;3.8;FC Jazz;;0.0;0.0;2.875;0;0.0;-0.25;0 - 0;0-0;3.5;1.5;-;nan;;;;;;;;;;;;;;;;15.0;29.0;6.0;11.0;29.0;71.0;1.0;1.0;1.0;0.0;;[];[];[];[];[];[];[];[];1.0;0.0;0.0;1.0;0.0;0.0;879079.0;35395.0;kups akatemia;fc jazz;;;
2026-05-09;194262099;Denmark Series Play-Offs;Denmark;11:00;Schedule;0.0735930735930736;1.85;3.5;1.95;3.5;0.0;0.0;;0.0;0.0;0.0;31.0;17.0;100.0;BK. Skjold;;0.0;0.0;2.2;2;0.0;0 - 0;3.6;Espergærde IF;;0.0;0.0;2.625;0;0.0;-0.25;0 - 0;0-0;3.5;1.5;-;nan;;;;;;;;;;;;;;;;10.0;21.0;6.0;11.0;34.0;66.0;1.0;4.0;2.0;3.0;;[14 21];[1 1];[False False];['BK. Skjold' 'BK. Skjold'];[0 1];[1 2];['D' 'H'];['H' 'H'];0.16;0.84;0.0;0.31;0.69;0.0;;;;;;;
2026-05-09;193198004;Finland Veikkausliiga;Finland;11:00;Schedule;0.25604551920341395;1.825;2.5;1.975;2.5;0.0;0.0;;0.0;0.0;0.0;37.0;16.0;100.0;VPS Vaasa;;0.0;0.0;1.9;1;0.0;0 - 0;3.4;IF Gnistan;;0.0;0.0;3.7;0;0.0;-0.5;0 - 0;0-0;2.5;1.25;-;nan;;;;;;;;;;;;;;;;14.0;23.0;6.0;10.0;50.0;50.0;1.0;2.0;1.0;1.0;;[7];[1];[False];['VPS Vaasa'];[0];[1];['D'];['H'];0.08;0.92;0.0;0.16;0.84;0.0;2246.0;2271.0;vaasan palloseura;if gnistan;1.66;1.66;
2026-05-09;194310559;Sweden 2.div Södra Svealand;Sweden;11:00;Schedule;0.09474590869939709;1.9;3.0, 3.5;1.9;3.0, 3.5;0.0;0.0;;0.0;0.0;0.0;44.0;27.0;100.0;Smedby AIS;;0.0;0.0;2.15;0;0.0;0 - 0;3.7;Ragsveds IF;;0.0;0.0;2.7;0;0.0;-0.25;0 - 0;0-0;3.25;1.25;-;nan;;;;;;;;;;;;;;;;26.0;18.0;13.0;14.0;59.0;41.0;1.0;1.0;0.0;0.0;;[];[];[];[];[];[];[];[];1.0;0.0;0.0;1.0;0.0;0.0;7096.0;35643.0;smedby ais;raagsveds if;;;
2026-05-09;194292058;Albania First Division Play-Offs;Albania;11:00;Schedule;0.5707915273132665;1.975;2.5;1.825;2.5;0.0;0.0;;0.0;0.0;0.0;0.0;0.0;;AF Luftetari;;0.0;0.0;1.38;0;0.0;0 - 0;4.333;KS Sopoti Librazhd;;0.0;0.0;6.5;0;0.0;-1.25;0 - 0;0-0;2.5;1.0;-;nan;;;;;;;;;;;;;;;;0.0;0.0;0.0;0.0;;;0.0;0.0;0.0;0.0;;[];[];[];[];[];[];[];[];1.0;0.0;0.0;1.0;0.0;0.0;;;;;;;
2026-05-09;193286205;Poland II Liga;Poland;11:00;Schedule;0.23219814241486064;1.9;2.5;1.9;2.5;0.0;0.0;;0.0;0.0;0.0;31.0;31.0;100.0;Podhale Nowy Targ;;0.0;0.0;1.9;1;0.0;0 - 0;3.4;Chojniczanka Chojnice;;0.0;0.0;3.4;0;0.0;-0.5;0 - 0;0-0;2.5;1.0;-;nan;;;;;;;;;;;;;;;;16.0;15.0;12.0;19.0;41.0;59.0;2.0;3.0;1.0;3.0;;[9];[1];[False];['Podhale Nowy Targ'];[0];[1];['D'];['H'];0.1;0.9;0.0;0.2;0.8;0.0;350248.0;105963.0;podhale nowy targ;mks chojniczanka chojnice;;;Youth
2026-05-09;193332095;Scotland Premiership;Scotland;11:00;Schedule;0.1620859760394644;1.9;2.5;1.95;2.5;0.0;0.0;;0.0;0.0;0.0;33.0;18.0;100.0;Aberdeen;9.0;0.0;0.0;2.15;0;0.0;0 - 0;3.3;Dundee Utd;7.0;0.0;0.0;3.3;0;0.0;-0.25;0 - 0;0-0;2.5;1.0;-;nan;;;;;;;;;;;;;;;;13.0;20.0;12.0;6.0;44.0;56.0;0.0;0.0;0.0;1.0;;[];[];[];[];[];[];[];[];1.0;0.0;0.0;1.0;0.0;0.0;2355.0;2349.0;aberdeen fc;dundee united;1.57;1.7;
2026-05-09;193331365;Belgium First Division A;Belgium;11:00;Schedule;0.350140056022409;1.8;3.0;2.0;3.0;0.0;0.0;;0.0;0.0;0.0;27.0;9.0;100.0;Zulte-Waregem;;0.0;0.0;1.7;0;0.0;0 - 0;3.9;Dender;;0.0;0.0;4.2;0;0.0;-1.0;0 - 0;0-0;3.0;1.25;-;nan;;;;;;;;;;;;;;;;12.0;15.0;5.0;4.0;49.0;51.0;0.0;4.0;0.0;1.0;;[];[];[];[];[];[];[];[];1.0;0.0;0.0;1.0;0.0;0.0;2933.0;2922.0;sv zulte waregem;fcv dender eh;;;Women
2026-05-09;194166528;India Super League;India;11:00;Schedule;0.2923976608187135;1.975;2.5;1.825;2.5;0.0;0.0;;0.0;0.0;0.0;50.0;20.0;100.0;Jamshedpur FC;2.0;0.0;0.0;1.8;0;0.0;0 - 0;3.3;Bengaluru;7.0;0.0;0.0;3.8;0;0.0;-0.5;0 - 0;0-0;2.5;1.0;-;nan;;;;;;;;;;;;;;;;26.0;24.0;11.0;9.0;54.0;46.0;3.0;0.0;0.0;1.0;;[];[];[];[];[];[];[];[];1.0;0.0;0.0;1.0;0.0;0.0;379404.0;118670.0;jamshedpur fc;bengaluru fc;;;
2026-05-09;194191325;Finland Kakkonen Group A;Finland;11:00;Schedule;0.3221022462174231;1.975;3.5;1.825;3.5;0.0;0.0;;0.0;0.0;0.0;37.0;23.0;;PEPO;;0.0;0.0;1.667;0;0.0;0 - 0;4.2;Kiffen;;0.0;0.0;3.6;0;0.0;-0.75;0 - 0;0-0;3.5;1.5;-;nan;;;;;;;;;;;;;;;;14.0;23.0;6.0;17.0;;;1.0;5.0;0.0;0.0;;[];[];[];[];[];[];[];[];1.0;0.0;0.0;1.0;0.0;0.0;2275.0;35393.0;pepo lappeenranta;fc kiffen;;;
2026-05-09;193328160;Greece Super League 1;Greece;11:00;Schedule;0.03612479474548436;1.975;2.0, 2.5;1.825;2.0, 2.5;0.0;0.0;;0.0;0.0;0.0;47.0;12.0;100.0;Larissa;;0.0;0.0;2.625;0;0.0;0 - 0;2.9;Asteras Tripolis;;0.0;0.0;2.9;0;0.0;0.0;0 - 0;0-0;2.25;1.0;-;nan;;;;;;;;;;;;;;;;18.0;29.0;2.0;10.0;50.0;50.0;1.0;2.0;0.0;0.0;;[];[];[];[];[];[];[];[];1.0;0.0;0.0;1.0;0.0;0.0;3265.0;6342.0;ae larissa fc;asteras tripolis;2.0;1.95;
2026-05-09;193331650;Estonia Meistriliiga;Estonia;11:00;Schedule;0.10147991543340379;1.8;2.5, 3.0;2.0;2.5, 3.0;0.0;0.0;;0.0;0.0;0.0;57.0;17.0;100.0;Parnu JK Vaprus;;0.0;0.0;2.15;0;0.0;0 - 0;3.7;JK Trans Narva;;0.0;0.0;2.75;0;0.0;-0.25;0 - 0;0-0;2.75;1.25;-;nan;;;;;;;;;;;;;;;;22.0;35.0;7.0;10.0;38.0;62.0;0.0;1.0;1.0;0.0;;[];[];[];[];[];[];[];[];1.0;0.0;0.0;1.0;0.0;0.0;318005.0;3343.0;parnu jk vaprus;jk narva trans;1.5;1.5;
2026-05-09;193332100;Scotland Premiership;Scotland;11:00;Schedule;0.3055555555555556;2.025;2.5, 3.0;1.825;2.5, 3.0;0.0;0.0;;0.0;0.0;0.0;35.0;16.0;100.0;Dundee;;0.0;0.0;1.8;1;0.0;0 - 0;4.0;Livingston;;0.0;0.0;4.0;0;0.0;-0.75;0 - 0;0-0;2.75;1.0;-;nan;;;;;;;;;;;;;;;;16.0;19.0;6.0;10.0;47.0;53.0;1.0;2.0;1.0;1.0;;[13];[1];[False];['Dundee'];[0];[1];['D'];['H'];0.14;0.86;0.0;0.29;0.71;0.0;2357.0;2356.0;dundee fc;livingston fc;1.7;1.8;
2026-05-09;194205605;Hungary NBI Women;Hungary;11:00;Schedule;-0.7915573053368329;1.825;4.0;1.975;4.0;0.0;0.0;;0.0;0.0;0.0;60.0;39.0;;Szekszardi (W);;0.0;0.0;12.0;0;0.0;0 - 0;7.5;Gyor Eto FC (W);;0.0;0.0;1.143;1;0.0;+2.25;0 - 0;0-0;4.0;1.75;-;nan;;;;;;;;;;;;;;;;46.0;14.0;35.0;4.0;;;2.0;0.0;1.0;0.0;;[8];[1];[False];['Gyor Eto FC (W)'];[0];[-1];['D'];['A'];0.09;0.0;0.91;0.18;0.0;0.82;;1923.0;;wkw eto fc gyor;;;Women
2026-05-09;193332104;Scotland Premiership;Scotland;11:00;Schedule;0.20209059233449483;1.975;2.5, 3.0;1.875;2.5, 3.0;0.0;0.0;;0.0;0.0;0.0;27.0;15.0;100.0;Falkirk;6.0;0.0;0.0;2.05;0;0.0;0 - 0;3.5;Hibernian;5.0;0.0;0.0;3.5;1;0.0;-0.5;0 - 0;0-0;2.75;1.0;-;nan;;;;;;;;;;;;;;;;19.0;8.0;7.0;8.0;40.0;60.0;1.0;1.0;1.0;0.0;;[3];[1];[False];['Hibernian'];[0];[-1];['D'];['A'];0.03;0.0;0.97;0.07;0.0;0.93;2363.0;2354.0;falkirk fc;hibernian fc;1.66;1.57;
2026-05-09;193756260;Sweden 1.div Norra;Sweden;11:00;Schedule;-0.11255411255411252;1.925;3.0;1.875;3.0;0.0;0.0;;0.0;0.0;0.0;34.0;22.0;;Karlbergs BK;;0.0;0.0;2.75;0;0.0;0 - 0;3.5;IF Karlstad;;0.0;0.0;2.1;0;0.0;+0.25;0 - 0;0-0;3.0;1.25;-;nan;;;;;;;;;;;;;;;;20.0;14.0;11.0;11.0;;;0.0;2.0;1.0;1.0;;[];[];[];[];[];[];[];[];1.0;0.0;0.0;1.0;0.0;0.0;22238.0;732797.0;karlbergs bk;if karlstad fotbol;1.53;1.53;
2026-05-09;193332108;Scotland Premiership;Scotland;11:00;Schedule;0.2222222222222222;2.05;2.5;1.8;2.5;0.0;0.0;;0.0;0.0;0.0;27.0;12.0;100.0;St Mirren;10.0;0.0;0.0;2.0;0;0.0;0 - 0;3.4;Kilmarnock;11.0;0.0;0.0;3.6;1;0.0;-0.5;0 - 0;0-0;2.5;1.0;-;nan;;;;;;;;;;;;;;;;9.0;18.0;5.0;7.0;44.0;56.0;0.0;0.0;1.0;0.0;;[9];[1];[False];['Kilmarnock'];[0];[-1];['D'];['A'];0.1;0.0;0.9;0.2;0.0;0.8;2359.0;2347.0;st mirren fc;kilmarnock fc;1.7;1.7;
2026-05-09;193756268;Sweden 1.div Norra;Sweden;11:00;Schedule;-0.6540682414698162;1.975;3.5;1.825;3.5;0.0;0.0;;0.0;0.0;0.0;39.0;28.0;100.0;IFK Stocksund;;0.0;0.0;7.5;0;0.0;0 - 0;5.25;FC Stockholm Internazionale;;0.0;0.0;1.27;0;0.0;+1.75;0 - 0;0-0;3.5;1.5;-;nan;;;;;;;;;;;;;;;;26.0;13.0;19.0;9.0;55.0;45.0;0.0;1.0;1.0;0.0;;[];[];[];[];[];[];[];[];1.0;0.0;0.0;1.0;0.0;0.0;327273.0;258613.0;ifk stocksund;fc stockholm internazionale;1.8;1.8;
2026-05-09;194191336;Finland Kakkonen Group C;Finland;11:00;Schedule;-0.15567765567765574;1.875;4.0, 4.5;1.925;4.0, 4.5;0.0;0.0;;0.0;0.0;0.0;27.0;14.0;100.0;GBK;;0.0;0.0;2.8;0;0.0;0 - 0;4.2;FF Jaro II;;0.0;0.0;1.95;0;0.0;+0.5;0 - 0;0-0;4.25;1.75;-;nan;;;;;;;;;;;;;;;;15.0;12.0;10.0;4.0;79.0;21.0;2.0;2.0;1.0;0.0;;[];[];[];[];[];[];[];[];1.0;0.0;0.0;1.0;0.0;0.0;2295.0;2252.0;gbk kokkola;ff jaro;;;Youth
2026-05-09;192501338;England Premier League;England;11:00;Schedule;0.6762904636920384;1.825;3.0;2.025;3.0;0.0;0.0;;0.0;0.0;0.0;28.0;9.0;100.0;Brighton;8.0;0.0;0.0;1.27;2;0.0;0 - 0;6.25;Wolverhampton;20.0;0.0;0.0;9.0;0;0.0;-1.75;0 - 0;0-0;3.25;1.25;-;nan;;;;;;;;;;;;;;;;9.0;19.0;4.0;5.0;28.0;72.0;0.0;1.0;0.0;2.0;;[1 5];[1 1];[False False];['Brighton' 'Brighton'];[0 1];[1 2];['D' 'H'];['H' 'H'];0.01;0.99;0.0;0.02;0.98;0.0;30.0;3.0;brighton & hove albion;wolverhampton wanderers;1.8;1.95;
2026-05-09;193719875;Croatia HNL;Croatia;11:00;Schedule;0.4027777777777778;1.95;3.0;1.85;3.0;0.0;0.0;;0.0;0.0;0.0;31.0;18.0;100.0;Dinamo Zagreb;1.0;0.0;0.0;1.6;0;0.0;0 - 0;3.9;Hajduk Split;2.0;0.0;0.0;4.5;0;0.0;-0.75;0 - 0;0-0;3.0;1.25;-;nan;;;;;;;;;;;;;;;;9.0;22.0;1.0;17.0;27.0;73.0;0.0;2.0;0.0;0.0;;[];[];[];[];[];[];[];[];1.0;0.0;0.0;1.0;0.0;0.0;2032.0;2036.0;gnk dinamo zagreb;hnk hajduk split;1.66;1.66;
2026-05-09;194310570;Sweden 2.div Södra Svealand;Sweden;11:00;Schedule;0.27731092436974786;1.95;3.5;1.85;3.5;0.0;0.0;;0.0;0.0;0.0;0.0;0.0;;IFK Haninge;;0.0;0.0;1.75;1;0.0;0 - 0;4.0;Fittja IF;;0.0;0.0;3.4;0;0.0;-0.5;0 - 0;0-0;3.5;1.5;-;nan;;;;;;;;;;;;;;;;0.0;0.0;0.0;0.0;;;0.0;0.0;0.0;1.0;;[11];[1];[False];['IFK Haninge'];[0];[1];['D'];['H'];0.12;0.88;0.0;0.24;0.76;0.0;82443.0;693257.0;ifk haninge;fittja if;;;
2026-05-09;194208788;Türkiye 2.Lig Play-offs;Turkey;11:00;Schedule;-0.025531914893617003;2.0;2.5;1.8;2.5;0.0;0.0;;0.0;0.0;0.0;17.0;14.0;100.0;Mardin 1969;;0.0;0.0;2.5;0;0.0;0 - 0;3.5;Mus Spor FC;;0.0;0.0;2.35;0;0.0;0.0;0 - 0;0-0;2.5;1.0;-;nan;;;;;;;;;;;;;;;;9.0;8.0;6.0;8.0;64.0;36.0;0.0;0.0;1.0;0.0;;[];[];[];[];[];[];[];[];1.0;0.0;0.0;1.0;0.0;0.0;;;;;;;
2026-05-09;194000209;Scotland Championship Play-Offs;Scotland;11:00;Schedule;0.10971786833855796;1.825;2.5;1.975;2.5;0.0;0.0;;0.0;0.0;0.0;36.0;22.0;100.0;Stenhousemuir;;0.0;0.0;2.2;1;0.0;0 - 0;3.4;Queen of South;;0.0;0.0;2.9;0;0.0;-0.25;0 - 0;0-0;2.5;1.0;-;nan;;;;;;;;;;;;;;;;18.0;18.0;11.0;11.0;50.0;50.0;2.0;1.0;1.0;2.0;;[4];[1];[False];['Stenhousemuir'];[0];[1];['D'];['H'];0.04;0.96;0.0;0.09;0.91;0.0;2370.0;2368.0;stenhousemuir fc;queen of the south fc;;;
2026-05-09;194205757;Iceland 1 Deild;Iceland;11:00;Schedule;-0.5664711632453567;1.85;3.5;1.95;3.5;0.0;0.0;;0.0;0.0;0.0;29.0;20.0;100.0;Volsungur;9.0;0.0;0.0;6.0;0;0.0;0 - 0;4.75;Throttur Reykjavik;2.0;0.0;0.0;1.364;1;0.0;+1.25;0 - 0;0-0;3.5;1.5;-;nan;;;;;;;;;;;;;;;;11.0;18.0;11.0;9.0;38.0;62.0;3.0;1.0;3.0;1.0;;[2];[1];[False];['Throttur Reykjavik'];[0];[-1];['D'];['A'];0.02;0.0;0.98;0.04;0.0;0.96;5372.0;1910.0;volsungur;throttur reykjavik;;;
2026-05-09;194002850;Scotland League One Play-Offs;Scotland;11:00;Schedule;0.3382352941176471;1.85;2.5;1.95;2.5;0.0;0.0;;0.0;0.0;0.0;12.0;11.0;100.0;Spartans FC;;0.0;0.0;1.7;1;0.0;0 - 0;3.6;Clyde;;0.0;0.0;4.0;0;0.0;-0.75;0 - 0;0-0;2.5;1.0;-;nan;;;;;;;;;;;;;;;;4.0;8.0;5.0;6.0;35.0;65.0;0.0;2.0;0.0;1.0;;[15];[1];[False];['Spartans FC'];[0];[1];['D'];['H'];0.17;0.83;0.0;0.33;0.67;0.0;2393.0;2360.0;spartans fc;clyde fc;;;
2026-05-09;194207429;North Macedonia First League;North Macedonia;11:00;Schedule;0.21870286576168935;1.825;2.0, 2.5;1.975;2.0, 2.5;0.0;0.0;;0.0;0.0;0.0;53.0;37.0;100.0;Shkendija Tetovo;;0.0;0.0;1.95;0;0.0;0 - 0;3.2;FC Struga Trim & Lum;;0.0;0.0;3.4;0;0.0;-0.5;0 - 0;0-0;2.25;1.0;-;nan;;;;;;;;;;;;;;;;22.0;31.0;14.0;23.0;50.0;50.0;1.0;4.0;1.0;1.0;;[];[];[];[];[];[];[];[];1.0;0.0;0.0;1.0;0.0;0.0;;;;;;;
2026-05-09;194242983;Poland IV Liga;Poland;11:00;Schedule;-0.11743450767841018;1.85;3.0;1.95;3.0;0.0;0.0;;0.0;0.0;0.0;40.0;24.0;100.0;Wierzyca Pelplin;;0.0;0.0;2.7;0;0.0;0 - 0;3.9;Arka Gdynia II;;0.0;0.0;2.05;0;0.0;+0.25;0 - 0;0-0;3.0;1.25;-;nan;;;;;;;;;;;;;;;;17.0;23.0;10.0;14.0;40.0;60.0;2.0;0.0;0.0;0.0;;[];[];[];[];[];[];[];[];1.0;0.0;0.0;1.0;0.0;0.0;;5064.0;;mks arka gdynia;;;Youth
2026-05-09;194181787;Denmark Elitedivisionen Women;Denmark;11:00;Schedule;0.22080416527771157;2.0;2.5;1.8;2.5;0.0;0.0;;0.0;0.0;0.0;27.0;15.0;100.0;HB Køge (W);;0.0;0.0;1.909;0;0.0;0 - 0;3.4;Brøndby IF (W);;0.0;0.0;3.3;1;0.0;-0.5;0 - 0;0-0;2.5;1.0;-;nan;;;;;;;;;;;;;;;;10.0;17.0;5.0;10.0;42.0;58.0;0.0;2.0;1.0;4.0;;[17];[1];[False];['Brøndby IF (W)'];[0];[-1];['D'];['A'];0.19;0.0;0.81;0.38;0.0;0.62;36095.0;;hb koege;;;;Women
2026-05-09;194292061;Albania First Division Play-Offs;Albania;11:00;Schedule;0.7902313624678663;1.975;2.0, 2.5;1.825;2.0, 2.5;0.0;0.0;;0.0;0.0;0.0;0.0;0.0;;FK Kukesi;;0.0;0.0;1.167;0;0.0;0 - 0;6.0;Bylis Ballsh II;;0.0;0.0;15.0;0;0.0;-0.75;0 - 0;0-0;2.25;1.0;-;nan;;;;;;;;;;;;;;;;0.0;0.0;0.0;0.0;;;0.0;0.0;0.0;0.0;;[];[];[];[];[];[];[];[];1.0;0.0;0.0;1.0;0.0;0.0;;;;;;;Youth
2026-05-09;194188446;Austria Landesliga;Austria;11:00;Schedule;0.009250693802035193;1.925;3.0;1.875;3.0;0.0;0.0;;0.0;0.0;0.0;25.0;12.0;100.0;Hellas Kagran;;0.0;0.0;2.3;0;0.0;0 - 0;4.1;LAC Inter;;0.0;0.0;2.35;1;0.0;0.0;0 - 0;0-0;3.0;1.25;-;nan;;;;;;;;;;;;;;;;16.0;9.0;9.0;3.0;68.0;32.0;1.0;0.0;1.0;0.0;;[5];[1];[False];['LAC Inter'];[0];[-1];['D'];['A'];0.06;0.0;0.94;0.11;0.0;0.89;;;;;;;
2026-05-09;194242989;Poland IV Liga;Poland;11:00;Schedule;0.3618421052631579;1.875;3.5;1.925;3.5;0.0;0.0;;0.0;0.0;0.0;42.0;32.0;100.0;Astra Ustronie Morskie;;0.0;0.0;1.6;0;0.0;0 - 0;4.5;Ina Insko;;0.0;0.0;3.8;0;0.0;-1.0;0 - 0;0-0;3.5;1.5;-;nan;;;;;;;;;;;;;;;;20.0;22.0;15.0;17.0;46.0;54.0;0.0;2.0;2.0;1.0;;[];[];[];[];[];[];[];[];1.0;0.0;0.0;1.0;0.0;0.0;;;;;;;
2026-05-09;193756253;Sweden 1.div Norra;Sweden;11:00;Schedule;0.5224071702944943;1.95;3.0, 3.5;1.85;3.0, 3.5;0.0;0.0;;0.0;0.0;0.0;35.0;12.0;100.0;Hammarby TFF;;0.0;0.0;1.42;0;0.0;0 - 0;4.2;Assyriska Föreningen;;0.0;0.0;5.5;0;0.0;-1.25;0 - 0;0-0;3.25;1.25;-;nan;;;;;;;;;;;;;;;;11.0;24.0;1.0;11.0;34.0;66.0;0.0;1.0;0.0;3.0;;[];[];[];[];[];[];[];[];1.0;0.0;0.0;1.0;0.0;0.0;785288.0;1782.0;hammarby talang ff;assyriska ff;1.66;1.66;
2026-05-09;194205730;Iceland 1 Deild;Iceland;11:00;Schedule;-0.09474590869939709;2.025;3.0, 3.5;1.775;3.0, 3.5;0.0;0.0;;0.0;0.0;0.0;24.0;19.0;100.0;IF Vestri;;0.0;0.0;2.7;0;0.0;0 - 0;3.6;HK Kopavogur;;0.0;0.0;2.15;1;0.0;+0.25;0 - 0;0-0;3.25;1.25;-;nan;;;;;;;;;;;;;;;;12.0;12.0;9.0;10.0;34.0;66.0;1.0;1.0;2.0;1.0;;[16];[1];[False];['HK Kopavogur'];[0];[-1];['D'];['A'];0.18;0.0;0.82;0.36;0.0;0.64;256267.0;7121.0;if vestri;hk kopavogur;;;
2026-05-09;193756247;Sweden 1.div Norra;Sweden;11:00;Schedule;0.2698412698412699;1.9;2.5, 3.0;1.9;2.5, 3.0;0.0;0.0;;0.0;0.0;0.0;19.0;9.0;100.0;FBK Karlstad;;0.0;0.0;1.8;0;0.0;0 - 0;3.7;FC Järfälla;;0.0;0.0;3.5;0;0.0;-0.5;0 - 0;0-0;2.75;1.25;-;nan;;;;;;;;;;;;;;;;11.0;8.0;4.0;5.0;34.0;66.0;0.0;0.0;0.0;1.0;;[];[];[];[];[];[];[];[];1.0;0.0;0.0;1.0;0.0;0.0;22236.0;22262.0;fbk karlstad;fc jarfalla;1.57;1.57;
2026-05-09;194333936;Poland III Liga;Poland;11:00;Schedule;0.00886524822695034;1.825;3.0;1.975;3.0;0.0;0.0;;0.0;0.0;0.0;0.0;0.0;100.0;Skra Czestochowa;;0.0;0.0;2.35;0;0.0;0 - 0;3.7;Gornik Zabrze II;;0.0;0.0;2.4;1;0.0;0.0;0 - 0;0-0;3.0;1.25;-;nan;;;;;;;;;;;;;;;;0.0;0.0;0.0;0.0;63.0;37.0;0.0;0.0;1.0;0.0;;[10];[1];[False];['Gornik Zabrze II'];[0];[-1];['D'];['A'];0.11;0.0;0.89;0.22;0.0;0.78;;3110.0;;gornik zabrze;;;Youth
2026-05-09;194191364;Finland Ykkonen;Finland;11:00;Schedule;0.29332450988501946;1.95;3.0, 3.5;1.85;3.0, 3.5;0.0;0.0;;0.0;0.0;0.0;35.0;17.0;100.0;Tampere Utd;;0.0;0.0;1.727;0;0.0;0 - 0;3.8;PK Keski-Uusimaa;;0.0;0.0;3.5;0;0.0;-0.75;0 - 0;0-0;3.25;1.25;-;nan;;;;;;;;;;;;;;;;17.0;18.0;10.0;7.0;43.0;57.0;1.0;1.0;2.0;0.0;;[];[];[];[];[];[];[];[];1.0;0.0;0.0;1.0;0.0;0.0;2241.0;22393.0;tampere united;pk keski-uusimaa;;;
2026-05-09;194207897;Switzerland 1.Liga Promotion;Switzerland;11:00;Schedule;0.3025210084033614;1.925;3.5, 4.0;1.875;3.5, 4.0;0.0;0.0;;0.0;0.0;0.0;25.0;18.0;100.0;Bavois;;0.0;0.0;1.7;0;0.0;0 - 0;4.333;Lausanne Sport II;;0.0;0.0;3.5;0;0.0;-0.75;0 - 0;0-0;3.75;1.5;-;nan;;;;;;;;;;;;;;;;11.0;14.0;9.0;9.0;48.0;52.0;2.0;2.0;1.0;1.0;;[];[];[];[];[];[];[];[];1.0;0.0;0.0;1.0;0.0;0.0;;;;;;;Youth
2026-05-09;192501345;England Premier League;England;11:00;Schedule;-0.01904761904761909;2.0;3.0;1.85;3.0;0.0;0.0;;0.0;0.0;0.0;29.0;14.0;100.0;Fulham;11.0;0.0;0.0;2.625;0;0.0;0 - 0;3.6;Bournemouth;6.0;0.0;0.0;2.5;0;0.0;0.0;0 - 0;0-0;3.0;1.25;-;nan;;;;;;;;;;;;;;;;11.0;18.0;5.0;9.0;48.0;52.0;2.0;3.0;0.0;0.0;;[];[];[];[];[];[];[];[];1.0;0.0;0.0;1.0;0.0;0.0;43.0;60.0;fulham fc;afc bournemouth;1.5;1.5;
2026-05-09;194166241;Latvia 1. Liga;Latvia;11:00;Schedule;-0.7735646958011996;1.95;3.5, 4.0;1.85;3.5, 4.0;0.0;0.0;;0.0;0.0;0.0;35.0;36.0;;JFK Ventspils;11.0;0.0;0.0;12.0;0;0.0;0 - 0;5.75;FK Metta;2.0;0.0;0.0;1.167;0;0.0;+2.5;0 - 0;0-0;3.75;1.5;-;nan;;;;;;;;;;;;;;;;16.0;19.0;17.0;19.0;;;0.0;0.0;0.0;0.0;;[];[];[];[];[];[];[];[];1.0;0.0;0.0;1.0;0.0;0.0;;;;;;;
2026-05-09;194242987;Poland IV Liga;Poland;11:00;Schedule;-0.6823529411764706;1.975;3.5, 4.0;1.825;3.5, 4.0;0.0;0.0;;0.0;0.0;0.0;40.0;18.0;100.0;Mragowia Mragowo;;0.0;0.0;8.5;0;0.0;0 - 0;5.75;Polonia Lidzbark;;0.0;0.0;1.25;0;0.0;+2.0;0 - 0;0-0;3.75;1.5;-;nan;;;;;;;;;;;;;;;;21.0;19.0;12.0;6.0;55.0;45.0;4.0;1.0;1.0;1.0;;[];[];[];[];[];[];[];[];1.0;0.0;0.0;1.0;0.0;0.0;;;;;;;
2026-05-09;194260561;UAE U19 League;UAE;11:05;Schedule;-0.6263736263736264;1.95;3.5;1.85;3.5;0.0;0.0;;0.0;0.0;0.0;30.0;22.0;;Al Jazira SC U19;;0.0;0.0;7.0;1;0.0;0 - 0;5.0;Al Ain SCC U19;;0.0;0.0;1.3;1;0.0;+1.5;0 - 0;0-0;3.5;1.5;-;nan;;;;;;;;;;;;;;;;20.0;10.0;15.0;7.0;;;1.0;0.0;3.0;1.0;;[ 8 14];[1 1];[False False];['Al Ain SCC U19' 'Al Jazira SC U19'];[ 0 -1];[-1  0];['D' 'A'];['A' 'D'];0.93;0.0;0.07;0.87;0.0;0.13;8090.0;37082.0;al jazira (uae);al ain fc;;;Youth
2026-05-09;194261459;Spain Regional League;Spain;11:05;Schedule;0.08730158730158727;1.8;2.0, 2.5;2.0;2.0, 2.5;0.0;0.0;;0.0;0.0;0.0;28.0;8.0;100.0;Sabadell B;;0.0;0.0;2.25;1;0.0;0 - 0;3.2;Atletic Sant Just;;0.0;0.0;2.8;0;0.0;-0.25;0 - 0;0-0;2.25;1.0;-;nan;;;;;;;;;;;;;;;;8.0;20.0;1.0;7.0;33.0;67.0;1.0;1.0;0.0;1.0;;[16];[1];[False];['Sabadell B'];[0];[1];['D'];['H'];0.18;0.82;0.0;0.36;0.64;0.0;24335.0;;ce sabadell fc;;;;Youth
2026-05-09;194261468;Spain Regional League;Spain;11:05;Schedule;0.06349206349206349;2.0;2.5, 3.0;1.8;2.5, 3.0;0.0;0.0;;0.0;0.0;0.0;33.0;15.0;100.0;CF Ciudad Cooperativa;;0.0;0.0;2.25;0;0.0;0 - 0;3.4;Manlleu;;0.0;0.0;2.625;1;0.0;0.0;0 - 0;0-0;2.75;1.0;-;nan;;;;;;;;;;;;;;;;13.0;20.0;7.0;8.0;36.0;64.0;1.0;1.0;2.0;0.0;;[10];[1];[False];['Manlleu'];[0];[-1];['D'];['A'];0.11;0.0;0.89;0.22;0.0;0.78;;;;;;;
2026-05-09;194261470;Spain Regional League;Spain;11:05;Schedule;0.31501831501831495;1.95;2.5;1.85;2.5;0.0;0.0;;0.0;0.0;0.0;28.0;12.0;100.0;FC Martinenc;;0.0;0.0;1.75;0;0.0;0 - 0;3.4;Pobla Mafumet;;0.0;0.0;3.9;1;0.0;-0.5;0 - 0;0-0;2.5;1.0;-;nan;;;;;;;;;;;;;;;;19.0;9.0;8.0;4.0;71.0;29.0;0.0;0.0;2.0;0.0;;[8];[1];[False];['Pobla Mafumet'];[0];[-1];['D'];['A'];0.09;0.0;0.91;0.18;0.0;0.82;;;;;;;
2026-05-09;193003408;Spain La Liga;Spain;11:15;Schedule;0.2313946216385241;2.05;2.0, 2.5;1.8;2.0, 2.5;0.0;0.0;;0.0;0.0;0.0;0.0;0.0;100.0;Sevilla;15.0;0.0;0.0;2.05;0;0.0;0 - 0;3.25;Espanyol;11.0;0.0;0.0;3.9;0;0.0;-0.5;0 - 0;0-0;2.0;0.75;-;nan;;;;;;;;;;;;;;;;0.0;0.0;0.0;0.0;50.0;50.0;0.0;0.0;0.0;0.0;;[];[];[];[];[];[];[];[];1.0;0.0;0.0;1.0;0.0;0.0;2833.0;2814.0;sevilla fc;espanyol barcelona;1.9;1.9;
2026-05-09;194207174;Israel Youth League;Israel;11:15;Schedule;0.3691950464396285;1.9;3.0;1.9;3.0;0.0;0.0;;0.0;0.0;0.0;17.0;4.0;100.0;Maccabi Tel Aviv U19;;0.0;0.0;1.615;0;0.0;0 - 0;3.9;Hapoel Tel Aviv U19;;0.0;0.0;4.0;1;0.0;-0.75;0 - 0;0-0;3.0;1.25;-;nan;;;;;;;;;;;;;;;;4.0;13.0;2.0;2.0;26.0;74.0;0.0;0.0;1.0;0.0;;[4];[1];[False];['Hapoel Tel Aviv U19'];[0];[-1];['D'];['A'];0.04;0.0;0.96;0.09;0.0;0.91;5198.0;;maccabi tel aviv fc;;;;Youth
2026-05-09;193003538;Spain Segunda;Spain;11:15;Schedule;0.04285714285714287;1.8;2.0, 2.5;2.0;2.0, 2.5;0.0;0.0;;0.0;0.0;0.0;18.0;2.0;100.0;Burgos;7.0;0.0;0.0;2.5;0;0.0;0 - 0;3.2;Almeria;3.0;0.0;0.0;2.8;0;0.0;0.0;0 - 0;0-0;2.25;1.0;-;nan;;;;;;;;;;;;;;;;11.0;7.0;1.0;1.0;45.0;55.0;0.0;1.0;0.0;0.0;;[];[];[];[];[];[];[];[];1.0;0.0;0.0;1.0;0.0;0.0;2854.0;2858.0;burgos cf;ud almeria;1.83;1.83;
2026-05-09;193003524;Spain Segunda;Spain;11:15;Schedule;0.13175230566534918;1.825;2.5;1.975;2.5;0.0;0.0;;0.0;0.0;0.0;13.0;2.0;100.0;Albacete Balompie;;0.0;0.0;2.3;0;0.0;0 - 0;3.1;Cultural Leonesa;;0.0;0.0;3.3;0;0.0;-0.25;0 - 0;0-0;2.5;1.0;-;nan;;;;;;;;;;;;;;;;4.0;9.0;0.0;2.0;47.0;53.0;0.0;0.0;0.0;0.0;;[];[];[];[];[];[];[];[];1.0;0.0;0.0;1.0;0.0;0.0;2848.0;2868.0;albacete balompie;cultural leonesa;1.66;1.66;
2026-05-09;194166236;Latvia 1. Liga;Latvia;11:30;Schedule;0.6933306055646481;1.95;3.5, 4.0;1.85;3.5, 4.0;0.0;0.0;;0.0;0.0;0.0;0.0;0.0;;Riga Mariners;5.0;0.0;0.0;1.222;0;0.0;0 - 0;6.0;FK Smiltene/BJSS;12.0;0.0;0.0;8.0;0;0.0;-2.0;0 - 0;0-0;3.75;1.5;-;nan;;;;;;;;;;;;;;;;0.0;0.0;0.0;0.0;;;0.0;0.0;0.0;0.0;;[];[];[];[];[];[];[];[];1.0;0.0;0.0;1.0;0.0;0.0;;;;;;;
2026-05-09;194088121;Netherlands Eerste Divisie;Netherlands;11:30;Schedule;0.1923076923076923;1.8;2.5, 3.0;2.0;2.5, 3.0;0.0;0.0;;0.0;0.0;0.0;0.0;0.0;;Willem II;;0.0;0.0;2.0;0;0.0;0 - 0;3.7;RKC;;0.0;0.0;3.25;0;0.0;-0.25;0 - 0;0-0;2.75;1.25;-;nan;;;;;;;;;;;;;;;;0.0;0.0;0.0;0.0;;;0.0;0.0;0.0;0.0;;[];[];[];[];[];[];[];[];1.0;0.0;0.0;1.0;0.0;0.0;2961.0;2956.0;willem ii tilburg;rkc waalwijk;;;Youth
2026-05-09;194169854;Switzerland 1.Liga Promotion;Switzerland;11:30;Schedule;0.19023986765922257;2.0;3.0;1.8;3.0;0.0;0.0;;0.0;0.0;0.0;0.0;0.0;;FC Paradiso;;0.0;0.0;1.95;0;0.0;0 - 0;3.7;SC Cham;;0.0;0.0;3.1;0;0.0;-0.5;0 - 0;0-0;3.0;1.25;-;nan;;;;;;;;;;;;;;;;0.0;0.0;0.0;0.0;;;0.0;0.0;0.0;0.0;;[];[];[];[];[];[];[];[];1.0;0.0;0.0;1.0;0.0;0.0;;;;;;;
2026-05-09;194262191;Kyrgyzstan Top Liga;Kyrgyzstan;11:30;Schedule;0.1774193548387097;1.8;2.5;2.0;2.5;0.0;0.0;;0.0;0.0;0.0;0.0;0.0;;FK Alga;;0.0;0.0;2.0;0;0.0;0 - 0;3.4;FK Alay;;0.0;0.0;3.1;0;0.0;-0.25;0 - 0;0-0;2.5;1.0;-;nan;;;;;;;;;;;;;;;;0.0;0.0;0.0;0.0;;;0.0;0.0;0.0;0.0;;[];[];[];[];[];[];[];[];1.0;0.0;0.0;1.0;0.0;0.0;;;;;;;
2026-05-09;194206586;India League Women;India;11:30;Schedule;-0.7333333333333334;1.975;3.0, 3.5;1.825;3.0, 3.5;0.0;0.0;;0.0;0.0;0.0;0.0;0.0;;Garhwal United (W);;0.0;0.0;10.0;0;0.0;0 - 0;5.5;Sethu FC (W);;0.0;0.0;1.2;0;0.0;+2.0;0 - 0;0-0;3.25;1.25;-;nan;;;;;;;;;;;;;;;;0.0;0.0;0.0;0.0;;;0.0;0.0;0.0;0.0;;[];[];[];[];[];[];[];[];1.0;0.0;0.0;1.0;0.0;0.0;;;;;;;Women
2026-05-09;194169852;Switzerland 1.Liga Promotion;Switzerland;11:30;Schedule;-0.31796502384737685;2.0;3.0, 3.5;1.8;3.0, 3.5;0.0;0.0;;0.0;0.0;0.0;0.0;0.0;;Lugano II;;0.0;0.0;3.7;0;0.0;0 - 0;3.9;FC Grand-Saconnex;;0.0;0.0;1.7;0;0.0;+0.75;0 - 0;0-0;3.25;1.25;-;nan;;;;;;;;;;;;;;;;0.0;0.0;0.0;0.0;;;0.0;0.0;0.0;0.0;;[];[];[];[];[];[];[];[];1.0;0.0;0.0;1.0;0.0;0.0;2443.0;;fc lugano;;;;Youth
2026-05-09;193001775;Germany 3. Liga;Germany;11:30;Schedule;-0.00447928331466968;1.85;3.0, 3.5;1.95;3.0, 3.5;0.0;0.0;;0.0;0.0;0.0;0.0;0.0;;Waldhof Mannheim;12.0;0.0;0.0;2.375;0;0.0;0 - 0;3.7;Jahn Regensburg;11.0;0.0;0.0;2.35;0;0.0;0.0;0 - 0;0-0;3.25;1.25;-;nan;;;;;;;;;;;;;;;;0.0;0.0;0.0;0.0;;;0.0;0.0;0.0;0.0;;[];[];[];[];[];[];[];[];1.0;0.0;0.0;1.0;0.0;0.0;2680.0;2567.0;sv waldhof mannheim 07;jahn regensburg;1.4;1.4;
2026-05-09;193755455;Portugal Segunda Liga;Portugal;11:30;Schedule;0.23751023751023742;1.8;2.5;2.0;2.5;0.0;0.0;;0.0;0.0;0.0;0.0;0.0;;Sporting B;12.0;0.0;0.0;1.85;0;0.0;0 - 0;3.6;FC Porto B;7.0;0.0;0.0;3.3;0;0.0;-0.5;0 - 0;0-0;2.5;1.0;-;nan;;;;;;;;;;;;;;;;0.0;0.0;0.0;0.0;;;0.0;0.0;0.0;0.0;;[];[];[];[];[];[];[];[];1.0;0.0;0.0;1.0;0.0;0.0;74467.0;74469.0;sporting lisbon b;fc porto b;;;Youth
2026-05-09;194188450;Austria Regionalliga Ost;Austria;11:30;Schedule;0.6624015748031495;1.975;3.0, 3.5;1.825;3.0, 3.5;0.0;0.0;;0.0;0.0;0.0;0.0;0.0;;SV Leobendorf;;0.0;0.0;1.27;0;0.0;0 - 0;5.0;SC Retz;;0.0;0.0;8.0;0;0.0;-1.75;0 - 0;0-0;3.25;1.25;-;nan;;;;;;;;;;;;;;;;0.0;0.0;0.0;0.0;;;0.0;0.0;0.0;0.0;;[];[];[];[];[];[];[];[];1.0;0.0;0.0;1.0;0.0;0.0;;;;;;;
2026-05-09;194242974;Poland IV Liga;Poland;11:30;Schedule;-0.16499442586399116;1.8;3.0;2.0;3.0;0.0;0.0;;0.0;0.0;0.0;0.0;0.0;;Metal Tarnow;;0.0;0.0;2.875;0;0.0;0 - 0;3.9;Garbarnia Krakow;;0.0;0.0;1.95;0;0.0;+0.25;0 - 0;0-0;3.0;1.25;-;nan;;;;;;;;;;;;;;;;0.0;0.0;0.0;0.0;;;0.0;0.0;0.0;0.0;;[];[];[];[];[];[];[];[];1.0;0.0;0.0;1.0;0.0;0.0;;;;;;;
2026-05-09;193755424;Portugal Segunda Liga;Portugal;11:30;Schedule;0.17316017316017313;1.8;2.0, 2.5;2.0;2.0, 2.5;0.0;0.0;;0.0;0.0;0.0;0.0;0.0;;Chaves;11.0;0.0;0.0;2.1;0;0.0;0 - 0;3.0;Leixoes;9.0;0.0;0.0;3.3;0;0.0;-0.25;0 - 0;0-0;2.25;1.0;-;nan;;;;;;;;;;;;;;;;0.0;0.0;0.0;0.0;;;0.0;0.0;0.0;0.0;;[];[];[];[];[];[];[];[];1.0;0.0;0.0;1.0;0.0;0.0;3025.0;3018.0;gd chaves;leixoes sc;;;
2026-05-09;193755443;Portugal Segunda Liga;Portugal;11:30;Schedule;-0.06189555125725338;1.85;2.0, 2.5;1.95;2.0, 2.5;0.0;0.0;;0.0;0.0;0.0;0.0;0.0;;Penafiel;;0.0;0.0;2.75;0;0.0;0 - 0;3.1;Maritimo;;0.0;0.0;2.35;0;0.0;0.0;0 - 0;0-0;2.25;1.0;-;nan;;;;;;;;;;;;;;;;0.0;0.0;0.0;0.0;;;0.0;0.0;0.0;0.0;;[];[];[];[];[];[];[];[];1.0;0.0;0.0;1.0;0.0;0.0;3017.0;3007.0;fc penafiel;maritimo madeira;;;
2026-05-09;193755437;Portugal Segunda Liga;Portugal;11:30;Schedule;0.20032051282051289;1.85;2.0, 2.5;1.95;2.0, 2.5;0.0;0.0;;0.0;0.0;0.0;0.0;0.0;;Feirense;;0.0;0.0;1.95;0;0.0;0 - 0;3.4;UD Oliveirense;;0.0;0.0;3.2;0;0.0;-0.5;0 - 0;0-0;2.5;1.0;-;nan;;;;;;;;;;;;;;;;0.0;0.0;0.0;0.0;;;0.0;0.0;0.0;0.0;;[];[];[];[];[];[];[];[];1.0;0.0;0.0;1.0;0.0;0.0;4501.0;21831.0;cd feirense;ud oliveirense;;;
2026-05-09;194206597;India League Women;India;11:30;Schedule;-0.09090909090909088;1.825;2.5, 3.0;1.975;2.5, 3.0;0.0;0.0;;0.0;0.0;0.0;0.0;0.0;;Sribhumi FC (W);;0.0;0.0;2.75;0;0.0;0 - 0;3.4;Nita FA (W);;0.0;0.0;2.2;0;0.0;+0.25;0 - 0;0-0;2.75;1.25;-;nan;;;;;;;;;;;;;;;;0.0;0.0;0.0;0.0;;;0.0;0.0;0.0;0.0;;[];[];[];[];[];[];[];[];1.0;0.0;0.0;1.0;0.0;0.0;;;;;;;Women
2026-05-09;194201686;Cameroon League Women;Cameroon;11:30;Schedule;-0.5503791982665223;1.925;2.5, 3.0;1.875;2.5, 3.0;0.0;0.0;;0.0;0.0;0.0;0.0;0.0;;Louves Minproff (W);;0.0;0.0;6.5;0;0.0;0 - 0;3.9;FC Ebolowa (W);;0.0;0.0;1.42;0;0.0;+1.25;0 - 0;0-0;2.75;1.25;-;nan;;;;;;;;;;;;;;;;0.0;0.0;0.0;0.0;;;0.0;0.0;0.0;0.0;;[];[];[];[];[];[];[];[];1.0;0.0;0.0;1.0;0.0;0.0;;;;;;;Women
2026-05-09;194260649;Qatar Emir Cup;Qatar;11:30;Schedule;-0.48965517241379314;1.875;3.5;1.925;3.5;0.0;0.0;;0.0;0.0;0.0;0.0;0.0;;Al Gharafa;;0.0;0.0;5.0;0;0.0;0 - 0;4.5;Al-Sadd SC;;0.0;0.0;1.45;0;0.0;+1.25;0 - 0;0-0;3.5;1.5;-;nan;;;;;;;;;;;;;;;;0.0;0.0;0.0;0.0;;;0.0;0.0;0.0;0.0;;[];[];[];[];[];[];[];[];1.0;0.0;0.0;1.0;0.0;0.0;34312.0;39733.0;al gharafa sc;al sadd sc;;;
2026-05-09;193755439;Portugal Segunda Liga;Portugal;11:30;Schedule;0.2485380116959064;2.025;2.5;1.775;2.5;0.0;0.0;;0.0;0.0;0.0;0.0;0.0;;Felgueiras 1932;13.0;0.0;0.0;1.9;0;0.0;0 - 0;3.3;Portimonense;16.0;0.0;0.0;3.6;0;0.0;-0.25;0 - 0;0-0;2.25;1.0;-;nan;;;;;;;;;;;;;;;;0.0;0.0;0.0;0.0;;;0.0;0.0;0.0;0.0;;[];[];[];[];[];[];[];[];1.0;0.0;0.0;1.0;0.0;0.0;3030.0;3026.0;fc felgueiras 1932;portimonense sad;;;
2026-05-09;193755448;Portugal Segunda Liga;Portugal;11:30;Schedule;0.24060150375939848;1.825;2.0, 2.5;1.975;2.0, 2.5;0.0;0.0;;0.0;0.0;0.0;0.0;0.0;;SC Farense;;0.0;0.0;1.9;0;0.0;0 - 0;3.3;Pacos Ferreira;;0.0;0.0;3.5;0;0.0;-0.5;0 - 0;0-0;2.25;1.0;-;nan;;;;;;;;;;;;;;;;0.0;0.0;0.0;0.0;;;0.0;0.0;0.0;0.0;;[];[];[];[];[];[];[];[];1.0;0.0;0.0;1.0;0.0;0.0;2998.0;3003.0;sc farense;fc pacos ferreira;;;
2026-05-09;194198695;Bosnia & Herzegovina 1st League;Bosnia;12:00;Schedule;0.47124824684431976;1.9;2.0, 2.5;1.9;2.0, 2.5;0.0;0.0;;0.0;0.0;0.0;0.0;0.0;;FK Zvijezda 09;;0.0;0.0;1.55;0;0.0;0 - 0;3.4;Sutjeska Foca;;0.0;0.0;5.75;0;0.0;-1.0;0 - 0;0-0;2.25;1.0;-;nan;;;;;;;;;;;;;;;;0.0;0.0;0.0;0.0;;;0.0;0.0;0.0;0.0;;[];[];[];[];[];[];[];[];1.0;0.0;0.0;1.0;0.0;0.0;;;;;;;
2026-05-09;193320708;Sweden Superettan;Sweden;12:00;Schedule;-0.07407407407407407;1.975;2.5, 3.0;1.825;2.5, 3.0;0.0;0.0;;0.0;0.0;0.0;0.0;0.0;;Sandvikens IF;;0.0;0.0;2.7;0;0.0;0 - 0;3.4;Ljungskile SK;;0.0;0.0;2.25;0;0.0;+0.25;0 - 0;0-0;2.75;1.0;-;nan;;;;;;;;;;;;;;;;0.0;0.0;0.0;0.0;;;0.0;0.0;0.0;0.0;;[];[];[];[];[];[];[];[];1.0;0.0;0.0;1.0;0.0;0.0;1844.0;1824.0;sandvikens if;ljungskile sk;1.61;1.61;
2026-05-09;194188456;Austria Regionalliga West;Austria;12:00;Schedule;0.5731378299120233;1.975;3.0, 3.5;1.825;3.0, 3.5;0.0;0.0;;0.0;0.0;0.0;0.0;0.0;;FC Dornbirn 1913;;0.0;0.0;1.364;0;0.0;0 - 0;4.5;FC Kufstein;;0.0;0.0;6.25;0;0.0;-1.5;0 - 0;0-0;3.25;1.25;-;nan;;;;;;;;;;;;;;;;0.0;0.0;0.0;0.0;;;0.0;0.0;0.0;0.0;;[];[];[];[];[];[];[];[];1.0;0.0;0.0;1.0;0.0;0.0;;;;;;;
2026-05-09;194188448;Austria Landesliga;Austria;12:00;Schedule;0.00447928331466968;2.0;3.0, 3.5;1.8;3.0, 3.5;0.0;0.0;;0.0;0.0;0.0;0.0;0.0;;ASK Horitschon;;0.0;0.0;2.35;0;0.0;0 - 0;3.8;SK Pama;;0.0;0.0;2.375;0;0.0;0.0;0 - 0;0-0;3.25;1.25;-;nan;;;;;;;;;;;;;;;;0.0;0.0;0.0;0.0;;;0.0;0.0;0.0;0.0;;[];[];[];[];[];[];[];[];1.0;0.0;0.0;1.0;0.0;0.0;;;;;;;
2026-05-09;193754992;Lithuania A Lyga;Lithuania;12:00;Schedule;0.7424242424242424;1.85;2.5, 3.0;1.95;2.5, 3.0;0.0;0.0;;0.0;0.0;0.0;0.0;0.0;;FK Dziugas Telsiai;3.0;0.0;0.0;1.2;0;0.0;0 - 0;5.25;FK Riteriai;10.0;0.0;0.0;11.0;0;0.0;-1.75;0 - 0;0-0;2.75;1.25;-;nan;;;;;;;;;;;;;;;;0.0;0.0;0.0;0.0;;;0.0;0.0;0.0;0.0;;[];[];[];[];[];[];[];[];1.0;0.0;0.0;1.0;0.0;0.0;168446.0;547277.0;dziugas;fk riteriai;;;
2026-05-09;193323505;Austria Bundesliga;Austria;12:00;Schedule;0.2496626180836708;1.85;2.5;1.95;2.5;0.0;0.0;;0.0;0.0;0.0;0.0;0.0;;SV Ried;;0.0;0.0;1.95;0;0.0;0 - 0;3.5;Wolfsberger AC;;0.0;0.0;3.8;0;0.0;-0.5;0 - 0;0-0;2.75;1.0;-;nan;;;;;;;;;;;;;;;;0.0;0.0;0.0;0.0;;;0.0;0.0;0.0;0.0;;[];[];[];[];[];[];[];[];1.0;0.0;0.0;1.0;0.0;0.0;2049.0;2076.0;sv ried;wolfsberger ac;1.8;1.75;
2026-05-09;194209005;Romania Liga III;Romania;12:00;Schedule;0.2698412698412699;1.95;2.5, 3.0;1.85;2.5, 3.0;0.0;0.0;;0.0;0.0;0.0;0.0;0.0;;CSO Teleajenul Valeni de Munte;;0.0;0.0;1.8;0;0.0;0 - 0;3.7;Progresul Mogosoaia;;0.0;0.0;3.5;0;0.0;-0.5;0 - 0;0-0;2.75;1.0;-;nan;;;;;;;;;;;;;;;;0.0;0.0;0.0;0.0;;;0.0;0.0;0.0;0.0;;[];[];[];[];[];[];[];[];1.0;0.0;0.0;1.0;0.0;0.0;;;;;;;
2026-05-09;194204303;Croatia 2.NL;Croatia;12:00;Schedule;0.7979675617470894;1.8;2.5, 3.0;2.0;2.5, 3.0;0.0;0.0;;0.0;0.0;0.0;0.0;0.0;;Kustosija;2.0;0.0;0.0;1.143;0;0.0;0 - 0;7.5;NK Dugo Selo;16.0;0.0;0.0;13.0;0;0.0;-2.25;0 - 0;0-0;2.75;1.25;-;nan;;;;;;;;;;;;;;;;0.0;0.0;0.0;0.0;;;0.0;0.0;0.0;0.0;;[];[];[];[];[];[];[];[];1.0;0.0;0.0;1.0;0.0;0.0;;;;;;;
2026-05-09;194264597;Mexico U21 League;Mexico;12:00;Schedule;0.09661835748792269;2.0;2.5, 3.0;1.8;2.5, 3.0;0.0;0.0;;0.0;0.0;0.0;0.0;0.0;;Club America U21;;0.0;0.0;2.25;0;0.0;0 - 0;3.3;Pachuca U21;;0.0;0.0;2.875;0;0.0;-0.25;0 - 0;0-0;2.75;1.0;-;nan;;;;;;;;;;;;;;;;0.0;0.0;0.0;0.0;;;0.0;0.0;0.0;0.0;;[];[];[];[];[];[];[];[];1.0;0.0;0.0;1.0;0.0;0.0;1939.0;1936.0;cf america;cf pachuca;;;Youth
2026-05-09;194191317;Finland Ykkosliiga;Finland;12:00;Schedule;-0.016006402561024313;1.825;2.5;1.975;2.5;0.0;0.0;;0.0;0.0;0.0;0.0;0.0;;SJK Akatemia;9.0;0.0;0.0;2.55;0;0.0;0 - 0;3.5;JaPS;3.0;0.0;0.0;2.45;0;0.0;0.0;0 - 0;0-0;2.5;1.0;-;nan;;;;;;;;;;;;;;;;0.0;0.0;0.0;0.0;;;0.0;0.0;0.0;0.0;;[];[];[];[];[];[];[];[];1.0;0.0;0.0;1.0;0.0;0.0;89908.0;23422.0;sjk akatemia;japs;;;
2026-05-09;194204316;Croatia 2.NL;Croatia;12:00;Schedule;0.00816326530612238;1.925;2.5;1.875;2.5;0.0;0.0;;0.0;0.0;0.0;0.0;0.0;;HNK Dakovo Croatia;14.0;0.0;0.0;2.45;0;0.0;0 - 0;3.25;NK Hrvatski Dragovoljac;15.0;0.0;0.0;2.5;0;0.0;0.0;0 - 0;0-0;2.5;1.0;-;nan;;;;;;;;;;;;;;;;0.0;0.0;0.0;0.0;;;0.0;0.0;0.0;0.0;;[];[];[];[];[];[];[];[];1.0;0.0;0.0;1.0;0.0;0.0;;;;;;;
2026-05-09;194204287;Croatia 2.NL;Croatia;12:00;Schedule;0.2777777777777778;1.8;2.5, 3.0;2.0;2.5, 3.0;0.0;0.0;;0.0;0.0;0.0;0.0;0.0;;NK Grobnican;;0.0;0.0;1.8;0;0.0;0 - 0;3.6;NK Lucko;;0.0;0.0;3.6;0;0.0;-0.5;0 - 0;0-0;2.75;1.25;-;nan;;;;;;;;;;;;;;;;0.0;0.0;0.0;0.0;;;0.0;0.0;0.0;0.0;;[];[];[];[];[];[];[];[];1.0;0.0;0.0;1.0;0.0;0.0;;;;;;;
2026-05-09;194198682;Bosnia & Herzegovina 1st League;Bosnia;12:00;Schedule;0.42601092163891596;1.9;2.5;1.9;2.5;0.0;0.0;;0.0;0.0;0.0;0.0;0.0;;Sloboda Tuzla;;0.0;0.0;1.571;0;0.0;0 - 0;3.6;Bratstvo Gracanica;;0.0;0.0;4.75;0;0.0;-0.75;0 - 0;0-0;2.5;1.0;-;nan;;;;;;;;;;;;;;;;0.0;0.0;0.0;0.0;;;0.0;0.0;0.0;0.0;;[];[];[];[];[];[];[];[];1.0;0.0;0.0;1.0;0.0;0.0;;;;;;;
2026-05-09;194200611;Morocco GNF 2;Morocco;12:00;Schedule;0.2628205128205129;1.95;1.5, 2.0;1.85;1.5, 2.0;0.0;0.0;;0.0;0.0;0.0;0.0;0.0;;JS Massira;;0.0;0.0;1.95;0;0.0;0 - 0;2.75;KAC Kenitra;;0.0;0.0;4.0;0;0.0;-0.5;0 - 0;0-0;1.75;0.75;-;nan;;;;;;;;;;;;;;;;0.0;0.0;0.0;0.0;;;0.0;0.0;0.0;0.0;;[];[];[];[];[];[];[];[];1.0;0.0;0.0;1.0;0.0;0.0;;;;;;;
2026-05-09;194188458;Austria Regionalliga Ost;Austria;12:00;Schedule;-0.008503401360544283;1.925;2.5;1.875;2.5;0.0;0.0;;0.0;0.0;0.0;0.0;0.0;;SV Horn;;0.0;0.0;2.45;0;0.0;0 - 0;3.5;Kremser SC;;0.0;0.0;2.4;0;0.0;0.0;0 - 0;0-0;2.5;1.0;-;nan;;;;;;;;;;;;;;;;0.0;0.0;0.0;0.0;;;0.0;0.0;0.0;0.0;;[];[];[];[];[];[];[];[];1.0;0.0;0.0;1.0;0.0;0.0;;;;;;;
2026-05-09;194312857;Slovakia 3. Liga;Slovakia;12:00;Schedule;0.0;1.975;3.0;1.825;3.0;0.0;0.0;;0.0;0.0;0.0;0.0;0.0;;FC Malacky;;0.0;0.0;2.5;0;0.0;0 - 0;3.2;AS Trencin B;;0.0;0.0;2.5;0;0.0;0.0;0 - 0;0-0;3.0;1.25;-;nan;;;;;;;;;;;;;;;;0.0;0.0;0.0;0.0;;;0.0;0.0;0.0;0.0;;[];[];[];[];[];[];[];[];1.0;0.0;0.0;1.0;0.0;0.0;;2398.0;;as trencin;;;Youth
2026-05-09;194242972;Poland IV Liga;Poland;12:00;Schedule;0.36858974358974356;1.975;3.5;1.825;3.5;0.0;0.0;;0.0;0.0;0.0;0.0;0.0;;Dozamet Nowa Sol;;0.0;0.0;1.6;0;0.0;0 - 0;4.333;Roza Rozanki;;0.0;0.0;3.9;0;0.0;-0.75;0 - 0;0-0;3.5;1.5;-;nan;;;;;;;;;;;;;;;;0.0;0.0;0.0;0.0;;;0.0;0.0;0.0;0.0;;[];[];[];[];[];[];[];[];1.0;0.0;0.0;1.0;0.0;0.0;;;;;;;
2026-05-09;193286207;Poland II Liga;Poland;12:00;Full;0.22080416527771157;1.975;2.5, 3.0;1.825;2.5, 3.0;4.0;3.0;;1.0;0.0;1.0;221.0;126.0;100.0;Slask Wroclaw II;;0.0;1.0;1.909;0;3.0;3 - 2;3.4;KKS Kalisz;;2.0;1.0;3.3;1;2.0;-0.5;4 - 3;1-0;2.75;1.0;80 - 46;24 - 23;23.0;24.0;42.0;58.0;4.0;6.0;1.0;1.0;;;;;;;;89.0;132.0;46.0;80.0;36.0;64.0;9.0;11.0;5.0;8.0;;[25 53 67 69 82];[1 2 2 2 2];[False False False False False];"['KKS Kalisz' 'KKS Kalisz' 'Slask Wroclaw II' 'Slask Wroclaw II'
 'Slask Wroclaw II']";[ 0 -1 -2 -1  0];[-1 -2 -1  0  1];['D' 'A' 'A' 'A' 'D'];['A' 'A' 'A' 'D' 'H'];0.42;0.09;0.49;0.56;0.0;0.44;216014.0;273491.0;slask ii wroclaw;kks 1925 kalisz;;;Youth
2026-05-09;194191344;Finland Kakkonen Group C;Finland;12:00;Schedule;0.07295941632466935;1.95;4.0;1.85;4.0;0.0;0.0;;0.0;0.0;0.0;0.0;0.0;;FC Vaajakoski;;0.0;0.0;2.15;0;0.0;0 - 0;3.9;Narpes Kraft;;0.0;0.0;2.55;0;0.0;-0.25;0 - 0;0-0;4.0;1.75;-;nan;;;;;;;;;;;;;;;;0.0;0.0;0.0;0.0;;;0.0;0.0;0.0;0.0;;[];[];[];[];[];[];[];[];1.0;0.0;0.0;1.0;0.0;0.0;23531.0;2296.0;fc vaajakoski;narpes kraft;;;
2026-05-09;194261452;Spain Regional League;Spain;12:00;Schedule;0.2271062271062272;1.825;2.0, 2.5;1.975;2.0, 2.5;0.0;0.0;;0.0;0.0;0.0;0.0;0.0;;CD Betis CF;;0.0;0.0;1.95;0;0.0;0 - 0;3.2;La Baneza;;0.0;0.0;3.5;0;0.0;-0.5;0 - 0;0-0;2.25;1.0;-;nan;;;;;;;;;;;;;;;;0.0;0.0;0.0;0.0;;;0.0;0.0;0.0;0.0;;[];[];[];[];[];[];[];[];1.0;0.0;0.0;1.0;0.0;0.0;;;;;;;
2026-05-09;194313040;Switzerland 1.Liga Classic;Switzerland;12:00;Schedule;0.17948717948717957;1.875;3.0, 3.5;1.925;3.0, 3.5;0.0;0.0;;0.0;0.0;0.0;0.0;0.0;;Lancy FC;;0.0;0.0;1.95;0;0.0;0 - 0;3.75;FC Martigny;;0.0;0.0;3.0;0;0.0;-0.5;0 - 0;0-0;3.25;1.25;-;nan;;;;;;;;;;;;;;;;0.0;0.0;0.0;0.0;;;0.0;0.0;0.0;0.0;;[];[];[];[];[];[];[];[];1.0;0.0;0.0;1.0;0.0;0.0;;;;;;;
2026-05-09;194188109;Luxembourg Ligue 1 Women;Luxembourg;12:00;Schedule;-0.09564801530368244;1.95;3.5;1.85;3.5;0.0;0.0;;0.0;0.0;0.0;0.0;0.0;;Bettembourg (W);;0.0;0.0;2.55;0;0.0;0 - 0;4.2;SC Ell (W);;0.0;0.0;2.05;0;0.0;+0.25;0 - 0;0-0;3.5;1.5;-;nan;;;;;;;;;;;;;;;;0.0;0.0;0.0;0.0;;;0.0;0.0;0.0;0.0;;[];[];[];[];[];[];[];[];1.0;0.0;0.0;1.0;0.0;0.0;;;;;;;Women
2026-05-09;194223900;Algeria Division 2;Algeria;12:00;Schedule;0.35555555555555557;1.975;2.0;1.825;2.0;0.0;0.0;;0.0;0.0;0.0;0.0;0.0;;US Biskra;;0.0;0.0;1.8;0;0.0;0 - 0;2.75;US Chaouia;;0.0;0.0;5.0;0;0.0;-0.5;0 - 0;0-0;2.0;0.75;-;nan;;;;;;;;;;;;;;;;0.0;0.0;0.0;0.0;;;0.0;0.0;0.0;0.0;;[];[];[];[];[];[];[];[];1.0;0.0;0.0;1.0;0.0;0.0;;;;;;;
2026-05-09;193320705;Sweden Superettan;Sweden;12:00;Schedule;-0.28239584230625664;2.0;2.5, 3.0;1.8;2.5, 3.0;0.0;0.0;;0.0;0.0;0.0;0.0;0.0;;GIF Sundsvall;1.0;0.0;0.0;3.8;0;0.0;0 - 0;3.25;IFK Norrkoping;1.0;0.0;0.0;1.833;0;0.0;+0.5;0 - 0;0-0;2.75;1.0;-;nan;;;;;;;;;;;;;;;;0.0;0.0;0.0;0.0;;;0.0;0.0;0.0;0.0;;[];[];[];[];[];[];[];[];1.0;0.0;0.0;1.0;0.0;0.0;1763.0;1769.0;gif sundsvall;ifk norrkoping fk;1.57;1.57;
2026-05-09;194188100;Luxembourg Ligue 1 Women;Luxembourg;12:00;Schedule;-0.92752603433718;1.975;3.5, 4.0;1.825;3.5, 4.0;0.0;0.0;;0.0;0.0;0.0;0.0;0.0;;FC 03 Differdange (W);;0.0;0.0;34.0;0;0.0;0 - 0;13.0;Racing FC Union (W);;0.0;0.0;1.045;0;0.0;+3.25;0 - 0;0-0;3.75;1.5;-;nan;;;;;;;;;;;;;;;;0.0;0.0;0.0;0.0;;;0.0;0.0;0.0;0.0;;[];[];[];[];[];[];[];[];1.0;0.0;0.0;1.0;0.0;0.0;;;;;;;Women
2026-05-09;194242981;Poland IV Liga;Poland;12:00;Schedule;0.811965811965812;1.9;3.5, 4.0;1.9;3.5, 4.0;0.0;0.0;;0.0;0.0;0.0;0.0;0.0;;JKS Jaroslaw;;0.0;0.0;1.125;0;0.0;0 - 0;7.5;Czarni Jaslo;;0.0;0.0;13.0;0;0.0;-2.5;0 - 0;0-0;3.75;1.5;-;nan;;;;;;;;;;;;;;;;0.0;0.0;0.0;0.0;;;0.0;0.0;0.0;0.0;;[];[];[];[];[];[];[];[];1.0;0.0;0.0;1.0;0.0;0.0;;;;;;;
2026-05-09;194206272;Portugal Campeonato Nacional II Women;Portugal;12:00;Schedule;-0.7407605307685458;1.8;3.5;2.0;3.5;0.0;0.0;;0.0;0.0;0.0;0.0;0.0;;Amora (W);;0.0;0.0;9.5;0;0.0;0 - 0;7.0;Braga B (W);;0.0;0.0;1.182;0;0.0;+2.0;0 - 0;0-0;3.5;1.5;-;nan;;;;;;;;;;;;;;;;0.0;0.0;0.0;0.0;;;0.0;0.0;0.0;0.0;;[];[];[];[];[];[];[];[];1.0;0.0;0.0;1.0;0.0;0.0;;;;;;;Youth-Women
2026-05-09;194313002;Switzerland 1.Liga Classic;Switzerland;12:00;Schedule;-0.10147991543340379;1.8;2.5;2.0;2.5;0.0;0.0;;0.0;0.0;0.0;0.0;0.0;;Wohlen FC;;0.0;0.0;2.75;0;0.0;0 - 0;3.6;FC Courtetelle;;0.0;0.0;2.15;0;0.0;+0.25;0 - 0;0-0;2.5;1.0;-;nan;;;;;;;;;;;;;;;;0.0;0.0;0.0;0.0;;;0.0;0.0;0.0;0.0;;[];[];[];[];[];[];[];[];1.0;0.0;0.0;1.0;0.0;0.0;;;;;;;
2026-05-09;194335018;Morocco GNF 2;Morocco;12:00;Schedule;0.22113821138211387;1.875;1.5, 2.0;1.925;1.5, 2.0;0.0;0.0;;0.0;0.0;0.0;0.0;0.0;;JS Soualem;;0.0;0.0;2.05;0;0.0;0 - 0;2.75;Chabab Atlas Khénifra;;0.0;0.0;3.75;0;0.0;-0.25;0 - 0;0-0;1.75;0.75;-;nan;;;;;;;;;;;;;;;;0.0;0.0;0.0;0.0;;;0.0;0.0;0.0;0.0;;[];[];[];[];[];[];[];[];1.0;0.0;0.0;1.0;0.0;0.0;;;;;;;
2026-05-09;194260582;Poland III Liga;Poland;12:00;Schedule;0.5020445851470783;1.8;2.5, 3.0;2.0;2.5, 3.0;0.0;0.0;;0.0;0.0;0.0;0.0;0.0;;Flota Swinoujscie;;0.0;0.0;1.444;0;0.0;0 - 0;4.5;Wda Swiecie;;0.0;0.0;5.25;0;0.0;-1.25;0 - 0;0-0;2.75;1.25;-;nan;;;;;;;;;;;;;;;;0.0;0.0;0.0;0.0;;;0.0;0.0;0.0;0.0;;[];[];[];[];[];[];[];[];1.0;0.0;0.0;1.0;0.0;0.0;;;;;;;
2026-05-09;194333939;Poland III Liga;Poland;12:00;Schedule;0.24642289348171692;1.95;2.5, 3.0;1.85;2.5, 3.0;0.0;0.0;;0.0;0.0;0.0;0.0;0.0;;Warta Gorzow;;0.0;0.0;1.85;0;0.0;0 - 0;3.5;Polonia Nysa;;0.0;0.0;3.4;0;0.0;-0.5;0 - 0;0-0;2.75;1.0;-;nan;;;;;;;;;;;;;;;;0.0;0.0;0.0;0.0;;;0.0;0.0;0.0;0.0;;[];[];[];[];[];[];[];[];1.0;0.0;0.0;1.0;0.0;0.0;;;;;;;
2026-05-09;194085256;Cyprus Division 1;Cyprus;12:00;Schedule;-0.7274215146555572;1.8;3.0;2.0;3.0;0.0;0.0;;0.0;0.0;0.0;0.0;0.0;;Enosis Paralimni;;0.0;0.0;11.0;0;0.0;0 - 0;6.25;Ethnikos Achna;;0.0;0.0;1.222;0;0.0;+2.0;0 - 0;0-0;3.0;1.25;-;nan;;;;;;;;;;;;;;;;0.0;0.0;0.0;0.0;;;0.0;0.0;0.0;0.0;;[];[];[];[];[];[];[];[];1.0;0.0;0.0;1.0;0.0;0.0;3405.0;3396.0;enosis neon paralimni fc;ethnikos achnas fc;2.1;2.0;
2026-05-09;193323515;Austria Bundesliga;Austria;12:00;Schedule;-0.06033717834960067;1.975;2.5;1.825;2.5;0.0;0.0;;0.0;0.0;0.0;0.0;0.0;;WSG Swarovski Tirol;;0.0;0.0;2.875;0;0.0;0 - 0;3.3;FC Blau Weiss Linz;;0.0;0.0;2.45;0;0.0;0.0;0 - 0;0-0;2.5;1.0;-;nan;;;;;;;;;;;;;;;;0.0;0.0;0.0;0.0;;;0.0;0.0;0.0;0.0;;[];[];[];[];[];[];[];[];1.0;0.0;0.0;1.0;0.0;0.0;5405.0;2113.0;wsg tirol;blau-weiss linz;1.8;1.75;
2026-05-09;194085251;Cyprus Division 1;Cyprus;12:00;Schedule;0.284130284130284;2.0;2.5, 3.0;1.8;2.5, 3.0;0.0;0.0;;0.0;0.0;0.0;0.0;0.0;;Omonia Aradippou;;0.0;0.0;1.85;0;0.0;0 - 0;3.6;Akritas Chlorakas;;0.0;0.0;3.9;0;0.0;-0.5;0 - 0;0-0;2.75;1.0;-;nan;;;;;;;;;;;;;;;;0.0;0.0;0.0;0.0;;;0.0;0.0;0.0;0.0;;[];[];[];[];[];[];[];[];1.0;0.0;0.0;1.0;0.0;0.0;25542.0;36398.0;omonia aradippou;akritas chlorakas;1.83;1.83;
2026-05-09;194085248;Cyprus Division 1;Cyprus;12:00;Schedule;0.0;2.0;2.5;1.8;2.5;0.0;0.0;;0.0;0.0;0.0;0.0;0.0;;AEL Limassol;8.0;0.0;0.0;2.625;0;0.0;0 - 0;3.25;Olympiakos Nicosia;11.0;0.0;0.0;2.625;0;0.0;0.0;0 - 0;0-0;2.5;1.0;-;nan;;;;;;;;;;;;;;;;0.0;0.0;0.0;0.0;;;0.0;0.0;0.0;0.0;;[];[];[];[];[];[];[];[];1.0;0.0;0.0;1.0;0.0;0.0;3407.0;3401.0;ael limassol;olympiakos nicosia;1.72;1.72;
2026-05-09;194206246;Portugal Campeonato Nacional II Women;Portugal;12:00;Schedule;0.07295941632466935;1.975;3.0;1.825;3.0;0.0;0.0;;0.0;0.0;0.0;0.0;0.0;;CF Benfica (W);;0.0;0.0;2.15;0;0.0;0 - 0;3.9;CA Ouriense (W);;0.0;0.0;2.55;0;0.0;-0.25;0 - 0;0-0;3.0;1.25;-;nan;;;;;;;;;;;;;;;;0.0;0.0;0.0;0.0;;;0.0;0.0;0.0;0.0;;[];[];[];[];[];[];[];[];1.0;0.0;0.0;1.0;0.0;0.0;;;;;;;Youth-Women
2026-05-09;194165996;Croatia 1.NL;Croatia;12:00;Schedule;0.5613682092555332;1.875;2.0, 2.5;1.925;2.0, 2.5;0.0;0.0;;0.0;0.0;0.0;0.0;0.0;;NK Dugopolje;3.0;0.0;0.0;1.42;0;0.0;0 - 0;3.7;Bijelo Brdo;6.0;0.0;0.0;7.0;0;0.0;-1.0;0 - 0;0-0;2.25;1.0;-;nan;;;;;;;;;;;;;;;;0.0;0.0;0.0;0.0;;;0.0;0.0;0.0;0.0;;[];[];[];[];[];[];[];[];1.0;0.0;0.0;1.0;0.0;0.0;43918.0;44476.0;nk dugopolje;nk bsk bijelo brdo;;;
2026-05-09;194264278;Spain U19 Cup;Spain;12:00;Schedule;0.3367221292583588;1.875;3.0, 3.5;1.925;3.0, 3.5;0.0;0.0;;0.0;0.0;0.0;0.0;0.0;;Real Madrid U19;;0.0;0.0;1.667;0;0.0;0 - 0;4.0;Athletic Club U19;;0.0;0.0;3.8;0;0.0;-0.75;0 - 0;0-0;3.25;1.25;-;nan;;;;;;;;;;;;;;;;0.0;0.0;0.0;0.0;;;0.0;0.0;0.0;0.0;;[];[];[];[];[];[];[];[];1.0;0.0;0.0;1.0;0.0;0.0;2829.0;2825.0;real madrid;athletic bilbao;;;Youth
2026-05-09;193758274;Ukraine Vyscha Liga;Ukraine;12:00;Schedule;-0.1847745750184775;1.975;2.0, 2.5;1.825;2.0, 2.5;0.0;0.0;;0.0;0.0;0.0;0.0;0.0;;Zorya;;0.0;0.0;3.3;0;0.0;0 - 0;3.1;FC Metalist 1925;;0.0;0.0;2.05;0;0.0;+0.25;0 - 0;0-0;2.25;1.0;-;nan;;;;;;;;;;;;;;;;0.0;0.0;0.0;0.0;;;0.0;0.0;0.0;0.0;;[];[];[];[];[];[];[];[];1.0;0.0;0.0;1.0;0.0;0.0;5987.0;373230.0;fc zorya luhansk;fc metalist 1925 kharkiv;;;
2026-05-09;193758272;Ukraine Vyscha Liga;Ukraine;12:00;Schedule;-0.09961685823754785;2.025;2.0, 2.5;1.775;2.0, 2.5;0.0;0.0;;0.0;0.0;0.0;0.0;0.0;;Obolon Kyiv;12.0;0.0;0.0;2.9;0;0.0;0 - 0;2.9;Epitsentr Kamianets-Podilskyi;13.0;0.0;0.0;2.25;0;0.0;+0.25;0 - 0;0-0;2.25;0.75;-;nan;;;;;;;;;;;;;;;;0.0;0.0;0.0;0.0;;;0.0;0.0;0.0;0.0;;[];[];[];[];[];[];[];[];1.0;0.0;0.0;1.0;0.0;0.0;3312.0;602316.0;fc obolon kyiv;fc epitsentr kamianets-podilskyi;;;
2026-05-09;194207961;Mauritania Division 2;Mauritania;12:00;Schedule;0.21870286576168935;1.8;2.0, 2.5;2.0;2.0, 2.5;0.0;0.0;;0.0;0.0;0.0;0.0;0.0;;Widad Arafat;;0.0;0.0;1.95;0;0.0;0 - 0;3.25;Star Arafat;;0.0;0.0;3.4;0;0.0;-0.5;0 - 0;0-0;2.25;1.0;-;nan;;;;;;;;;;;;;;;;0.0;0.0;0.0;0.0;;;0.0;0.0;0.0;0.0;;[];[];[];[];[];[];[];[];1.0;0.0;0.0;1.0;0.0;0.0;;;;;;;
2026-05-09;194208986;Romania Liga III;Romania;12:00;Schedule;0.5303123086344153;1.9;3.0, 3.5;1.9;3.0, 3.5;0.0;0.0;;0.0;0.0;0.0;0.0;0.0;;SC Popesti Leordeni;;0.0;0.0;1.42;0;0.0;0 - 0;4.333;CSM Flacara Moreni;;0.0;0.0;5.75;0;0.0;-1.0;0 - 0;0-0;3.25;1.25;-;nan;;;;;;;;;;;;;;;;0.0;0.0;0.0;0.0;;;0.0;0.0;0.0;0.0;;[];[];[];[];[];[];[];[];1.0;0.0;0.0;1.0;0.0;0.0;;;;;;;
2026-05-09;193323490;Austria Bundesliga;Austria;12:00;Schedule;0.1122019635343619;1.775;2.0;2.025;2.0;0.0;0.0;;0.0;0.0;0.0;0.0;0.0;;Grazer AK;;0.0;0.0;2.3;0;0.0;0 - 0;3.3;SCR Altach;;0.0;0.0;3.1;0;0.0;-0.25;0 - 0;0-0;2.0;0.75;-;nan;;;;;;;;;;;;;;;;0.0;0.0;0.0;0.0;;;0.0;0.0;0.0;0.0;;[];[];[];[];[];[];[];[];1.0;0.0;0.0;1.0;0.0;0.0;2052.0;4856.0;grazer ak 1902;scr altach;2.05;1.95;
2026-05-09;194165992;Croatia 1.NL;Croatia;12:00;Schedule;-0.14285714285714285;1.875;2.0, 2.5;1.925;2.0, 2.5;0.0;0.0;;0.0;0.0;0.0;0.0;0.0;;NK Dubrava Zagreb;1.0;0.0;0.0;3.0;0;0.0;0 - 0;2.15;Orijent;9.0;0.0;0.0;2.1;0;0.0;+0.25;0 - 0;0-0;2.25;1.0;-;nan;;;;;;;;;;;;;;;;0.0;0.0;0.0;0.0;;;0.0;0.0;0.0;0.0;;[];[];[];[];[];[];[];[];1.0;0.0;0.0;1.0;0.0;0.0;393756.0;25539.0;nk dubrava zagreb;orijent 1919 rijeka;;;
2026-05-09;194205943;Ethiopia Premier League;Ethiopia;12:00;Schedule;-0.14685314685314682;1.8;1.5, 2.0;2.0;1.5, 2.0;0.0;0.0;;0.0;0.0;0.0;0.0;0.0;;Ethiopian Coffee;;0.0;0.0;3.25;0;0.0;0 - 0;2.8;Mekelakeya;;0.0;0.0;2.2;0;0.0;+0.25;0 - 0;0-0;1.75;0.75;-;nan;;;;;;;;;;;;;;;;0.0;0.0;0.0;0.0;;;0.0;0.0;0.0;0.0;;[];[];[];[];[];[];[];[];1.0;0.0;0.0;1.0;0.0;0.0;;;;;;;
2026-05-09;194261718;Austria Landesliga;Austria;12:00;Schedule;-0.811965811965812;1.95;4.5, 5.0;1.85;4.5, 5.0;0.0;0.0;;0.0;0.0;0.0;0.0;0.0;;SV Hallwang;;0.0;0.0;13.0;0;0.0;0 - 0;8.0;TSU Bramberg;;0.0;0.0;1.125;0;0.0;+3.0;0 - 0;0-0;4.75;2.0;-;nan;;;;;;;;;;;;;;;;0.0;0.0;0.0;0.0;;;0.0;0.0;0.0;0.0;;[];[];[];[];[];[];[];[];1.0;0.0;0.0;1.0;0.0;0.0;;;;;;;
2026-05-09;194166499;Hungary NBI Women;Hungary;12:00;Schedule;0.7460236886632826;1.875;3.0, 3.5;1.925;3.0, 3.5;0.0;0.0;;0.0;0.0;0.0;0.0;0.0;;MTK Budapest (W);;0.0;0.0;1.182;0;0.0;0 - 0;6.25;Ujpest (W);;0.0;0.0;10.0;0;0.0;-2.0;0 - 0;0-0;3.25;1.5;-;nan;;;;;;;;;;;;;;;;0.0;0.0;0.0;0.0;;;0.0;0.0;0.0;0.0;;[];[];[];[];[];[];[];[];1.0;0.0;0.0;1.0;0.0;0.0;1915.0;1924.0;mtk budapest;ujpest fc budapest;;;Women
2026-05-09;194333924;Poland III Liga;Poland;12:00;Schedule;0.11255411255411252;1.925;2.5, 3.0;1.875;2.5, 3.0;0.0;0.0;;0.0;0.0;0.0;0.0;0.0;;Czarni Polaniec;;0.0;0.0;2.1;0;0.0;0 - 0;3.6;Wislanie Skawina;;0.0;0.0;2.75;0;0.0;-0.25;0 - 0;0-0;2.75;1.25;-;nan;;;;;;;;;;;;;;;;0.0;0.0;0.0;0.0;;;0.0;0.0;0.0;0.0;;[];[];[];[];[];[];[];[];1.0;0.0;0.0;1.0;0.0;0.0;;;;;;;
2026-05-09;194206261;Portugal Campeonato Nacional II Women;Portugal;12:00;Schedule;0.7979675617470894;1.95;3.5;1.85;3.5;0.0;0.0;;0.0;0.0;0.0;0.0;0.0;;Benfica B (W);;0.0;0.0;1.143;0;0.0;0 - 0;7.0;JuveForce Ponte de Vagos (W);;0.0;0.0;13.0;0;0.0;-2.25;0 - 0;0-0;3.5;1.5;-;nan;;;;;;;;;;;;;;;;0.0;0.0;0.0;0.0;;;0.0;0.0;0.0;0.0;;[];[];[];[];[];[];[];[];1.0;0.0;0.0;1.0;0.0;0.0;74465.0;;sl benfica b;;;;Youth-Women
2026-05-09;194165802;Finland Kakkonen Group C;Finland;12:00;Schedule;0.21222040370976542;1.9;4.0;1.9;4.0;0.0;0.0;;0.0;0.0;0.0;0.0;0.0;;JS Hercules;;0.0;0.0;1.833;0;0.0;0 - 0;4.1;TP-47;;0.0;0.0;3.0;0;0.0;-0.5;0 - 0;0-0;4.0;1.5;-;nan;;;;;;;;;;;;;;;;0.0;0.0;0.0;0.0;;;0.0;0.0;0.0;0.0;;[];[];[];[];[];[];[];[];1.0;0.0;0.0;1.0;0.0;0.0;200267.0;2280.0;js hercules;tp-47;;;
2026-05-09;194319559;Romania Liga III;Romania;12:00;Schedule;0.4417894050193979;1.8;2.5, 3.0;2.0;2.5, 3.0;0.0;0.0;;0.0;0.0;0.0;0.0;0.0;;Unirea Alba Iulia;;0.0;0.0;1.533;0;0.0;0 - 0;4.0;SCM Zalau;;0.0;0.0;4.75;0;0.0;-1.25;0 - 0;0-0;2.75;1.25;-;nan;;;;;;;;;;;;;;;;0.0;0.0;0.0;0.0;;;0.0;0.0;0.0;0.0;;[];[];[];[];[];[];[];[];1.0;0.0;0.0;1.0;0.0;0.0;;;;;;;
2026-05-09;194318986;Women’s Friendly;International (World);12:00;Schedule;0.47029855340104654;1.85;3.5;1.95;3.5;0.0;0.0;;0.0;0.0;0.0;0.0;0.0;;Shelbourne (W);;0.0;0.0;1.444;0;0.0;0 - 0;5.0;Bohemians Dublin (W);;0.0;0.0;4.5;0;0.0;-1.5;0 - 0;0-0;3.5;1.5;-;nan;;;;;;;;;;;;;;;;0.0;0.0;0.0;0.0;;;0.0;0.0;0.0;0.0;;[];[];[];[];[];[];[];[];1.0;0.0;0.0;1.0;0.0;0.0;3174.0;3173.0;shelbourne fc;bohemians dublin fc;;;Women
2026-05-09;194206292;Republic of Ireland U20 League;Republic of Ireland;12:00;Schedule;-0.3618421052631579;1.9;3.5;1.9;3.5;0.0;0.0;;0.0;0.0;0.0;0.0;0.0;;UCD U20;;0.0;0.0;3.8;0;0.0;0 - 0;4.5;Shelbourne U20;;0.0;0.0;1.6;0;0.0;+0.5;0 - 0;0-0;3.5;1.5;-;nan;;;;;;;;;;;;;;;;0.0;0.0;0.0;0.0;;;0.0;0.0;0.0;0.0;;[];[];[];[];[];[];[];[];1.0;0.0;0.0;1.0;0.0;0.0;3168.0;3174.0;university college dublin;shelbourne fc;;;Youth
2026-05-09;194206506;Kazakhstan Premier League;Kazakhstan;12:00;Schedule;0.4144736842105263;1.85;2.5;1.95;2.5;0.0;0.0;;0.0;0.0;0.0;0.0;0.0;;Tobol Kostanay;;0.0;0.0;1.6;0;0.0;0 - 0;3.6;Irtysh Pavlodar;;0.0;0.0;4.75;0;0.0;-0.75;0 - 0;0-0;2.5;1.0;-;nan;;;;;;;;;;;;;;;;0.0;0.0;0.0;0.0;;;0.0;0.0;0.0;0.0;;[];[];[];[];[];[];[];[];1.0;0.0;0.0;1.0;0.0;0.0;;;;;;;
2026-05-09;194165412;Finland Ykkonen;Finland;12:00;Schedule;0.4444444444444444;1.95;3.5, 4.0;1.85;3.5, 4.0;0.0;0.0;;0.0;0.0;0.0;0.0;0.0;;VJS Vantaa;;0.0;0.0;1.5;0;0.0;0 - 0;4.5;FC Inter II;;0.0;0.0;4.5;0;0.0;-1.25;0 - 0;0-0;3.75;1.5;-;nan;;;;;;;;;;;;;;;;0.0;0.0;0.0;0.0;;;0.0;0.0;0.0;0.0;;[];[];[];[];[];[];[];[];1.0;0.0;0.0;1.0;0.0;0.0;283741.0;283675.0;vjs;fc inter turku 2;;;Youth
2026-05-09;193330073;Romania Liga I;Romania;12:00;Schedule;0.0777058279370953;1.95;2.5;1.85;2.5;0.0;0.0;;0.0;0.0;0.0;0.0;0.0;;Otelul Galati;;0.0;0.0;2.35;0;0.0;0 - 0;3.1;Farul Constanta;;0.0;0.0;2.875;0;0.0;-0.25;0 - 0;0-0;2.5;1.0;-;nan;;;;;;;;;;;;;;;;0.0;0.0;0.0;0.0;;;0.0;0.0;0.0;0.0;;[];[];[];[];[];[];[];[];1.0;0.0;0.0;1.0;0.0;0.0;3291.0;3294.0;asc otelul galati;fc farul constanta;1.83;1.83;
2026-05-09;194209226;Poland Ekstraliga Women;Poland;12:00;Schedule;-0.9134595381734971;1.975;4.5;1.825;4.5;0.0;0.0;;0.0;0.0;0.0;0.0;0.0;;Pogon Tczew (W);;0.0;0.0;23.0;0;0.0;0 - 0;17.0;Pogon Szczecin (W);;0.0;0.0;1.045;0;0.0;+3.25;0 - 0;0-0;4.5;2.0;-;nan;;;;;;;;;;;;;;;;0.0;0.0;0.0;0.0;;;0.0;0.0;0.0;0.0;;[];[];[];[];[];[];[];[];1.0;0.0;0.0;1.0;0.0;0.0;;3117.0;;pogon szczecin;;;Women
2026-05-09;194206268;Portugal Campeonato Nacional II Women;Portugal;12:00;Schedule;-0.2849211485404816;2.0;3.5;1.8;3.5;0.0;0.0;;0.0;0.0;0.0;0.0;0.0;;SC Rio Tinto (W);;0.0;0.0;3.4;0;0.0;0 - 0;4.2;Sporting (W) B;;0.0;0.0;1.727;0;0.0;+0.75;0 - 0;0-0;3.5;1.5;-;nan;;;;;;;;;;;;;;;;0.0;0.0;0.0;0.0;;;0.0;0.0;0.0;0.0;;[];[];[];[];[];[];[];[];1.0;0.0;0.0;1.0;0.0;0.0;;3001.0;;sporting cp;;;Youth-Women
2026-05-09;194326780;Romania Liga III;Romania;12:00;Schedule;0.5;1.975;2.5, 3.0;1.825;2.5, 3.0;0.0;0.0;;0.0;0.0;0.0;0.0;0.0;;CS U Craiova II;;0.0;0.0;1.5;0;0.0;0 - 0;3.6;Jiul Petrosani;;0.0;0.0;6.0;0;0.0;-1.0;0 - 0;0-0;2.75;1.0;-;nan;;;;;;;;;;;;;;;;0.0;0.0;0.0;0.0;;;0.0;0.0;0.0;0.0;;[];[];[];[];[];[];[];[];1.0;0.0;0.0;1.0;0.0;0.0;116223.0;;cs universitatea craiova;;;;Youth
2026-05-09;194114067;Saudi Arabia Division 1;Saudi Arabia;12:10;Schedule;-0.21870286576168935;1.975;2.5, 3.0;1.825;2.5, 3.0;0.0;0.0;;0.0;0.0;0.0;0.0;0.0;;Al Jandal;14.0;0.0;0.0;3.4;0;0.0;0 - 0;3.3;Al Wahda Mecca;11.0;0.0;0.0;1.95;0;0.0;+0.5;0 - 0;0-0;2.75;1.0;-;nan;;;;;;;;;;;;;;;;0.0;0.0;0.0;0.0;;;0.0;0.0;0.0;0.0;;[];[];[];[];[];[];[];[];1.0;0.0;0.0;1.0;0.0;0.0;;;;;;;
2026-05-09;194169906;Tanzania Premier League;Tanzania;12:15;Schedule;0.8706782442950177;1.95;3.0;1.85;3.0;0.0;0.0;;0.0;0.0;0.0;0.0;0.0;;Young Africans FC;1.0;0.0;0.0;1.111;0;0.0;0 - 0;6.5;Coastal Union;13.0;0.0;0.0;34.0;0;0.0;-2.5;0 - 0;0-0;3.0;1.25;-;nan;;;;;;;;;;;;;;;;0.0;0.0;0.0;0.0;;;0.0;0.0;0.0;0.0;;[];[];[];[];[];[];[];[];1.0;0.0;0.0;1.0;0.0;0.0;;;;;;;
2026-05-09;194207618;Switzerland 1.Liga Classic;Switzerland;12:30;Schedule;0.2514360899842752;1.95;3.0;1.85;3.0;0.0;0.0;;0.0;0.0;0.0;0.0;0.0;;CS Chenois;;0.0;0.0;1.833;0;0.0;0 - 0;3.75;FC Portalban Gletterens;;0.0;0.0;3.4;0;0.0;-0.5;0 - 0;0-0;3.0;1.25;-;nan;;;;;;;;;;;;;;;;0.0;0.0;0.0;0.0;;;0.0;0.0;0.0;0.0;;[];[];[];[];[];[];[];[];1.0;0.0;0.0;1.0;0.0;0.0;;;;;;;
2026-05-09;194187855;Chile Primera Division Women;Chile;12:30;Schedule;-0.5707915273132665;1.8;2.5;2.0;2.5;0.0;0.0;;0.0;0.0;0.0;0.0;0.0;;Union Espanola (W);;0.0;0.0;6.5;0;0.0;0 - 0;4.2;Universidad de Chile (W);;0.0;0.0;1.38;0;0.0;+1.25;0 - 0;0-0;2.5;1.0;-;nan;;;;;;;;;;;;;;;;0.0;0.0;0.0;0.0;;;0.0;0.0;0.0;0.0;;[];[];[];[];[];[];[];[];1.0;0.0;0.0;1.0;0.0;0.0;;3161.0;;universidad de chile;;;Women
2026-05-09;193332452;South Africa Premier;South Africa;12:30;Schedule;0.7414075286415711;1.9;2.5;1.9;2.5;0.0;0.0;;0.0;0.0;0.0;0.0;0.0;;Mamelodi Sundowns;;0.0;0.0;1.222;0;0.0;0 - 0;5.25;Siwelele FC;;0.0;0.0;13.0;0;0.0;-1.75;0 - 0;0-0;2.5;1.0;-;nan;;;;;;;;;;;;;;;;0.0;0.0;0.0;0.0;;;0.0;0.0;0.0;0.0;;[];[];[];[];[];[];[];[];1.0;0.0;0.0;1.0;0.0;0.0;7665.0;1269648.0;mamelodi sundowns;siwelele fc;;;
2026-05-09;193330188;Slovenia Prva Liga;Slovenia;12:30;Schedule;0.6025641025641025;1.9;3.0, 3.5;1.9;3.0, 3.5;0.0;0.0;;0.0;0.0;0.0;0.0;0.0;;FC Koper;2.0;0.0;0.0;1.3;0;0.0;0 - 0;5.5;Aluminij Kidricevo;7.0;0.0;0.0;6.0;0;0.0;-1.5;0 - 0;0-0;3.25;1.25;-;nan;;;;;;;;;;;;;;;;0.0;0.0;0.0;0.0;;;0.0;0.0;0.0;0.0;;[];[];[];[];[];[];[];[];1.0;0.0;0.0;1.0;0.0;0.0;2417.0;2424.0;fc koper;aluminij kidricevo;1.72;1.72;
2026-05-09;194164044;Azerbaijan Premier League;Azerbaijan;12:30;Schedule;0.1313628899835796;1.85;2.5;1.95;2.5;0.0;0.0;;0.0;0.0;0.0;0.0;0.0;;FK Sumqayit;7.0;0.0;0.0;2.1;0;0.0;0 - 0;3.3;Araz FK;6.0;0.0;0.0;2.9;0;0.0;-0.5;0 - 0;0-0;2.5;1.0;-;nan;;;;;;;;;;;;;;;;0.0;0.0;0.0;0.0;;;0.0;0.0;0.0;0.0;;[];[];[];[];[];[];[];[];1.0;0.0;0.0;1.0;0.0;0.0;;;;;;;
2026-05-09;193762017;Poland Ekstraklasa;Poland;12:30;Schedule;0.3351363565749149;1.825;3.0;1.975;3.0;0.0;0.0;;0.0;0.0;0.0;0.0;0.0;;Jagiellonia Bialystok;5.0;0.0;0.0;1.727;0;0.0;0 - 0;3.8;Pogon Szczecin;9.0;0.0;0.0;4.1;0;0.0;-0.75;0 - 0;0-0;3.0;1.25;-;nan;;;;;;;;;;;;;;;;0.0;0.0;0.0;0.0;;;0.0;0.0;0.0;0.0;;[];[];[];[];[];[];[];[];1.0;0.0;0.0;1.0;0.0;0.0;7691.0;3117.0;jagiellonia bialystok;pogon szczecin;1.57;1.57;
2026-05-09;194207899;Switzerland 1.Liga Promotion;Switzerland;12:30;Schedule;0.34965034965034963;1.825;3.0;1.975;3.0;0.0;0.0;;0.0;0.0;0.0;0.0;0.0;;Biel Bienne;;0.0;0.0;1.65;0;0.0;0 - 0;3.9;FC Schaffhausen;;0.0;0.0;3.9;0;0.0;-0.75;0 - 0;0-0;3.0;1.25;-;nan;;;;;;;;;;;;;;;;0.0;0.0;0.0;0.0;;;0.0;0.0;0.0;0.0;;[];[];[];[];[];[];[];[];1.0;0.0;0.0;1.0;0.0;0.0;;;;;;;
2026-05-09;194243970;Finland Kolmonen;Finland;12:30;Schedule;0.4819944598337951;1.975;3.5, 4.0;1.825;3.5, 4.0;0.0;0.0;;0.0;0.0;0.0;0.0;0.0;;TuPS;;0.0;0.0;1.444;0;0.0;0 - 0;4.75;RiPS;;0.0;0.0;4.75;0;0.0;-1.25;0 - 0;0-0;3.75;1.5;-;nan;;;;;;;;;;;;;;;;0.0;0.0;0.0;0.0;;;0.0;0.0;0.0;0.0;;[];[];[];[];[];[];[];[];1.0;0.0;0.0;1.0;0.0;0.0;;;;;;;
2026-05-09;194091024;Serbia Super Liga;Serbia;12:30;Schedule;0.33333333333333337;1.775;2.0;2.025;2.0;0.0;0.0;;0.0;0.0;0.0;0.0;0.0;;FK Zeleznicar Pancevo;4.0;0.0;0.0;1.8;0;0.0;0 - 0;3.3;FK Radnik Surdulica;8.0;0.0;0.0;4.5;0;0.0;-0.5;0 - 0;0-0;2.25;0.75;-;nan;;;;;;;;;;;;;;;;0.0;0.0;0.0;0.0;;;0.0;0.0;0.0;0.0;;[];[];[];[];[];[];[];[];1.0;0.0;0.0;1.0;0.0;0.0;425695.0;111127.0;fk zeleznicar pancevo;fk radnik surdulica;1.9;1.9;
2026-05-09;194264305;Spain Regional League;Spain;12:30;Schedule;0.22971682124919107;1.975;2.5, 3.0;1.825;2.5, 3.0;0.0;0.0;;0.0;0.0;0.0;0.0;0.0;;Ferriolense;;0.0;0.0;1.909;0;0.0;0 - 0;3.4;CE Campos;;0.0;0.0;3.4;0;0.0;-0.5;0 - 0;0-0;2.75;1.0;-;nan;;;;;;;;;;;;;;;;0.0;0.0;0.0;0.0;;;0.0;0.0;0.0;0.0;;[];[];[];[];[];[];[];[];1.0;0.0;0.0;1.0;0.0;0.0;;;;;;;
2026-05-09;194166485;Hungary NBI Women;Hungary;12:30;Schedule;-0.956001912960306;1.95;4.5, 5.0;1.85;4.5, 5.0;0.0;0.0;;0.0;0.0;0.0;0.0;0.0;;Budaorsi SC (W);;0.0;0.0;41.0;0;0.0;0 - 0;21.0;Puskas FC (W);;0.0;0.0;1.02;0;0.0;+4.0;0 - 0;0-0;4.75;2.0;-;nan;;;;;;;;;;;;;;;;0.0;0.0;0.0;0.0;;;0.0;0.0;0.0;0.0;;[];[];[];[];[];[];[];[];1.0;0.0;0.0;1.0;0.0;0.0;;;;;;;Women
2026-05-09;194204390;Croatia 3.NL;Croatia;12:30;Schedule;0.40866873065015485;1.875;2.0, 2.5;1.925;2.0, 2.5;0.0;0.0;;0.0;0.0;0.0;0.0;0.0;;NK Primorac Biograd;;0.0;0.0;1.615;0;0.0;0 - 0;3.5;NK Neretvanac Opuzen;;0.0;0.0;4.75;0;0.0;-0.75;0 - 0;0-0;2.25;1.0;-;nan;;;;;;;;;;;;;;;;0.0;0.0;0.0;0.0;;;0.0;0.0;0.0;0.0;;[];[];[];[];[];[];[];[];1.0;0.0;0.0;1.0;0.0;0.0;;;;;;;
2026-05-09;194209161;Peru Campeonato Nacional Women;Peru;12:30;Schedule;-0.43009349858664936;1.95;3.0, 3.5;1.85;3.0, 3.5;0.0;0.0;;0.0;0.0;0.0;0.0;0.0;;FC Killas (W);11.0;0.0;0.0;4.5;0;0.0;0 - 0;4.1;Yanapuma (W);7.0;0.0;0.0;1.533;0;0.0;+1.0;0 - 0;0-0;3.25;1.25;-;nan;;;;;;;;;;;;;;;;0.0;0.0;0.0;0.0;;;0.0;0.0;0.0;0.0;;[];[];[];[];[];[];[];[];1.0;0.0;0.0;1.0;0.0;0.0;;;;;;;Women
2026-05-09;194303735;Colombia U19 Championship;Colombia;12:45;Schedule;-0.2113344683080146;1.9;3.0;1.9;3.0;0.0;0.0;;0.0;0.0;0.0;0.0;0.0;;Leones U19;;0.0;0.0;3.2;0;0.0;0 - 0;3.6;Atletico Nacional U19;;0.0;0.0;1.909;0;0.0;+0.5;0 - 0;0-0;3.0;1.25;-;nan;;;;;;;;;;;;;;;;0.0;0.0;0.0;0.0;;;0.0;0.0;0.0;0.0;;[];[];[];[];[];[];[];[];1.0;0.0;0.0;1.0;0.0;0.0;;6106.0;;atletico nacional medellin;;;Youth
2026-05-09;193327153;Bulgaria First League;Bulgaria;12:45;Schedule;0.19047619047619047;1.825;2.0, 2.5;1.975;2.0, 2.5;0.0;0.0;;0.0;0.0;0.0;0.0;0.0;;Levski Sofia;;0.0;0.0;2.1;0;0.0;0 - 0;3.25;Ludogorets Razgrad;;0.0;0.0;3.5;0;0.0;-0.25;0 - 0;0-0;2.25;1.0;-;nan;;;;;;;;;;;;;;;;0.0;0.0;0.0;0.0;;;0.0;0.0;0.0;0.0;;[];[];[];[];[];[];[];[];1.0;0.0;0.0;1.0;0.0;0.0;3273.0;43840.0;pfc levski sofia;pfc ludogorets 1945 razgrad;1.83;1.83;
2026-05-09;193330351;Saudi Arabia Pro League;Saudi Arabia;12:55;Schedule;0.050167224080267636;1.85;3.0;1.95;3.0;0.0;0.0;;0.0;0.0;0.0;0.0;0.0;;Al Khaleej Saihat;;0.0;0.0;2.3;0;0.0;0 - 0;3.4;Al Ittifaq Dammam;;0.0;0.0;2.6;0;0.0;0.0;0 - 0;0-0;3.0;1.25;-;nan;;;;;;;;;;;;;;;;0.0;0.0;0.0;0.0;;;0.0;0.0;0.0;0.0;;[];[];[];[];[];[];[];[];1.0;0.0;0.0;1.0;0.0;0.0;167228.0;34318.0;al-khaleej club;al-ittifaq fc;;;
2026-05-09;194206119;France National 3;France;13:00;Schedule;0.15360983102918585;1.825;2.0, 2.5;1.975;2.0, 2.5;0.0;0.0;;0.0;0.0;0.0;0.0;0.0;;CMS Oissel;;0.0;0.0;2.1;0;0.0;0 - 0;3.2;Sainte Genevieve Sports;;0.0;0.0;3.1;0;0.0;-0.25;0 - 0;0-0;2.25;1.0;-;nan;;;;;;;;;;;;;;;;0.0;0.0;0.0;0.0;;;0.0;0.0;0.0;0.0;;[];[];[];[];[];[];[];[];1.0;0.0;0.0;1.0;0.0;0.0;;;;;;;
2026-05-09;194206112;France National 3;France;13:00;Schedule;0.10797342192691028;1.9;2.5;1.9;2.5;0.0;0.0;;0.0;0.0;0.0;0.0;0.0;;Angers II;;0.0;0.0;2.15;0;0.0;0 - 0;3.4;AS La Chataigneraie;;0.0;0.0;2.8;0;0.0;-0.25;0 - 0;0-0;2.5;1.0;-;nan;;;;;;;;;;;;;;;;0.0;0.0;0.0;0.0;;;0.0;0.0;0.0;0.0;;[];[];[];[];[];[];[];[];1.0;0.0;0.0;1.0;0.0;0.0;1684.0;;angers sco;;;;Youth
2026-05-09;194104388;Ecuador LigaPro Serie B;Ecuador;13:00;Schedule;0.09740259740259738;1.9;2.5;1.9;2.5;0.0;0.0;;0.0;0.0;0.0;0.0;0.0;;El Nacional;12.0;0.0;0.0;2.2;0;0.0;0 - 0;3.3;22 de Julio;11.0;0.0;0.0;2.8;0;0.0;-0.25;0 - 0;0-0;2.5;1.0;-;nan;;;;;;;;;;;;;;;;0.0;0.0;0.0;0.0;;;0.0;0.0;0.0;0.0;;[];[];[];[];[];[];[];[];1.0;0.0;0.0;1.0;0.0;0.0;;;;;;;Youth
2026-05-09;193332209;Slovakia Super Liga;Slovakia;13:00;Schedule;0.2631578947368421;1.975;2.5;1.825;2.5;0.0;0.0;;0.0;0.0;0.0;0.0;0.0;;MFK Ruzomberok;;0.0;0.0;1.9;0;0.0;0 - 0;3.5;AS Trencin;;0.0;0.0;3.8;0;0.0;-0.5;0 - 0;0-0;2.5;1.0;-;nan;;;;;;;;;;;;;;;;0.0;0.0;0.0;0.0;;;0.0;0.0;0.0;0.0;;[];[];[];[];[];[];[];[];1.0;0.0;0.0;1.0;0.0;0.0;2397.0;2398.0;mfk ruzomberok;as trencin;1.83;1.83;
2026-05-09;193332247;Slovakia Super Liga;Slovakia;13:00;Schedule;-0.24060150375939848;1.9;3.0;1.9;3.0;0.0;0.0;;0.0;0.0;0.0;0.0;0.0;;FK Zeleziarne Podbrezova;;0.0;0.0;3.5;0;0.0;0 - 0;3.9;Slovan Bratislava;;0.0;0.0;1.9;0;0.0;+0.5;0 - 0;0-0;3.0;1.25;-;nan;;;;;;;;;;;;;;;;0.0;0.0;0.0;0.0;;;0.0;0.0;0.0;0.0;;[];[];[];[];[];[];[];[];1.0;0.0;0.0;1.0;0.0;0.0;7887.0;2404.0;fk zeleziarne podbrezova;sk slovan bratislava;;;
2026-05-09;194169555;Spain Primera Women;Spain;13:00;Schedule;0.42601092163891596;2.0;2.5, 3.0;1.8;2.5, 3.0;0.0;0.0;;0.0;0.0;0.0;0.0;0.0;;Athletic Club (W);;0.0;0.0;1.571;0;0.0;0 - 0;3.7;Deportivo La Coruna (W);;0.0;0.0;4.75;0;0.0;-0.75;0 - 0;0-0;2.75;1.0;-;nan;;;;;;;;;;;;;;;;0.0;0.0;0.0;0.0;;;0.0;0.0;0.0;0.0;;[];[];[];[];[];[];[];[];1.0;0.0;0.0;1.0;0.0;0.0;2825.0;2832.0;athletic bilbao;rc deportivo de la coruna;;;Women
2026-05-09;193332528;Switzerland Super League;Switzerland;13:00;Schedule;-0.14253563390847712;1.8;3.0;2.0;3.0;0.0;0.0;;0.0;0.0;0.0;0.0;0.0;;Winterthur;12.0;0.0;0.0;3.1;0;0.0;0 - 0;3.7;Lausanne Sports;9.0;0.0;0.0;2.15;0;0.0;+0.25;0 - 0;0-0;3.0;1.25;-;nan;;;;;;;;;;;;;;;;0.0;0.0;0.0;0.0;;;0.0;0.0;0.0;0.0;;[];[];[];[];[];[];[];[];1.0;0.0;0.0;1.0;0.0;0.0;2458.0;2446.0;fc winterthur;lausanne-sport;1.44;1.44;
2026-05-09;193332534;Switzerland Super League;Switzerland;13:00;Schedule;0.08070432868672045;1.975;2.5, 3.0;1.825;2.5, 3.0;0.0;0.0;;0.0;0.0;0.0;0.0;0.0;;FC Zurich;10.0;0.0;0.0;2.35;0;0.0;0 - 0;3.4;Grasshoppers;11.0;0.0;0.0;2.9;0;0.0;0.0;0 - 0;0-0;2.75;1.0;-;nan;;;;;;;;;;;;;;;;0.0;0.0;0.0;0.0;;;0.0;0.0;0.0;0.0;;[];[];[];[];[];[];[];[];1.0;0.0;0.0;1.0;0.0;0.0;2450.0;2449.0;fc zurich;grasshopper club zurich;1.57;1.57;
2026-05-09;194206131;France National 3;France;13:00;Schedule;0.1774193548387097;1.975;2.5;1.825;2.5;0.0;0.0;;0.0;0.0;0.0;0.0;0.0;;Versailles 78 II;;0.0;0.0;2.0;0;0.0;0 - 0;3.5;St-Ouen L'Aumone;;0.0;0.0;3.1;0;0.0;-0.25;0 - 0;0-0;2.5;1.0;-;nan;;;;;;;;;;;;;;;;0.0;0.0;0.0;0.0;;;0.0;0.0;0.0;0.0;;[];[];[];[];[];[];[];[];1.0;0.0;0.0;1.0;0.0;0.0;;;;;;;Youth
2026-05-09;194188522;France National 2;France;13:00;Schedule;0.13178294573643412;1.925;2.5;1.875;2.5;0.0;0.0;;0.0;0.0;0.0;0.0;0.0;;Grasse;;0.0;0.0;2.15;0;0.0;0 - 0;3.1;Rumilly Vallieres;;0.0;0.0;3.0;0;0.0;-0.25;0 - 0;0-0;2.5;1.0;-;nan;;;;;;;;;;;;;;;;0.0;0.0;0.0;0.0;;;0.0;0.0;0.0;0.0;;[];[];[];[];[];[];[];[];1.0;0.0;0.0;1.0;0.0;0.0;;;;;;;
2026-05-09;194205822;Estonia Meistriliiga Women;Estonia;13:00;Schedule;0.10582010582010581;1.975;3.0, 3.5;1.825;3.0, 3.5;0.0;0.0;;0.0;0.0;0.0;0.0;0.0;;Paide Linnanaiskond (W);;0.0;0.0;2.1;0;0.0;0 - 0;3.7;FC Flora Tallinn (W);;0.0;0.0;2.7;0;0.0;-0.25;0 - 0;0-0;3.25;1.25;-;nan;;;;;;;;;;;;;;;;0.0;0.0;0.0;0.0;;;0.0;0.0;0.0;0.0;;[];[];[];[];[];[];[];[];1.0;0.0;0.0;1.0;0.0;0.0;;3346.0;;tallinna fc flora;;;Women
2026-05-09;194188519;France National 2;France;13:00;Schedule;0.2381201825937289;1.9;2.0, 2.5;1.9;2.0, 2.5;0.0;0.0;;0.0;0.0;0.0;0.0;0.0;;Haguenau;;0.0;0.0;1.909;0;0.0;0 - 0;3.25;Dieppe;;0.0;0.0;3.5;0;0.0;-0.5;0 - 0;0-0;2.25;1.0;-;nan;;;;;;;;;;;;;;;;0.0;0.0;0.0;0.0;;;0.0;0.0;0.0;0.0;;[];[];[];[];[];[];[];[];1.0;0.0;0.0;1.0;0.0;0.0;;;;;;;
2026-05-09;193332261;Slovakia Super Liga;Slovakia;13:00;Schedule;-0.2350427350427351;1.95;2.5, 3.0;1.85;2.5, 3.0;0.0;0.0;;0.0;0.0;0.0;0.0;0.0;;MFK Zemplin Michalovce;;0.0;0.0;3.6;0;0.0;0 - 0;3.6;Dunajska Streda;;0.0;0.0;1.95;0;0.0;+0.5;0 - 0;0-0;2.75;1.25;-;nan;;;;;;;;;;;;;;;;0.0;0.0;0.0;0.0;;;0.0;0.0;0.0;0.0;;[];[];[];[];[];[];[];[];1.0;0.0;0.0;1.0;0.0;0.0;7885.0;23833.0;mfk zemplin michalovce;dac 1904 dunajska streda;1.8;1.72;
2026-05-09;194188514;France National 2;France;13:00;Schedule;0.5902806870548805;1.95;2.5, 3.0;1.85;2.5, 3.0;0.0;0.0;;0.0;0.0;0.0;0.0;0.0;;La Roche VF;;0.0;0.0;1.364;0;0.0;0 - 0;4.333;FC Chauray;;0.0;0.0;7.0;0;0.0;-1.25;0 - 0;0-0;2.75;1.0;-;nan;;;;;;;;;;;;;;;;0.0;0.0;0.0;0.0;;;0.0;0.0;0.0;0.0;;[];[];[];[];[];[];[];[];1.0;0.0;0.0;1.0;0.0;0.0;;;;;;;
2026-05-09;194200622;Netherlands Derde Divisie;Netherlands;13:00;Schedule;-0.06993006993006995;1.975;3.0, 3.5;1.825;3.0, 3.5;0.0;0.0;;0.0;0.0;0.0;0.0;0.0;;Hoogeveen;;0.0;0.0;2.6;0;0.0;0 - 0;3.7;VV Eemdijk;;0.0;0.0;2.2;0;0.0;+0.25;0 - 0;0-0;3.25;1.25;-;nan;;;;;;;;;;;;;;;;0.0;0.0;0.0;0.0;;;0.0;0.0;0.0;0.0;;[];[];[];[];[];[];[];[];1.0;0.0;0.0;1.0;0.0;0.0;;;;;;;
2026-05-09;194206141;France National 3;France;13:00;Schedule;0.2923976608187135;2.0;2.5;1.8;2.5;0.0;0.0;;0.0;0.0;0.0;0.0;0.0;;Auxerre II;;0.0;0.0;1.8;0;0.0;0 - 0;3.4;Jura Sud Foot;;0.0;0.0;3.8;0;0.0;-0.5;0 - 0;0-0;2.5;1.0;-;nan;;;;;;;;;;;;;;;;0.0;0.0;0.0;0.0;;;0.0;0.0;0.0;0.0;;[];[];[];[];[];[];[];[];1.0;0.0;0.0;1.0;0.0;0.0;1646.0;;aj auxerre;;;;Youth
2026-05-09;194206178;Iceland 3 Deild;Iceland;13:00;Schedule;-0.1068524970963996;1.9;3.5, 4.0;1.9;3.5, 4.0;0.0;0.0;;0.0;0.0;0.0;0.0;0.0;;Ymir Kopavogur;;0.0;0.0;2.625;0;0.0;0 - 0;4.0;Augnablik Kopavogur;;0.0;0.0;2.05;0;0.0;+0.25;0 - 0;0-0;3.75;1.5;-;nan;;;;;;;;;;;;;;;;0.0;0.0;0.0;0.0;;;0.0;0.0;0.0;0.0;;[];[];[];[];[];[];[];[];1.0;0.0;0.0;1.0;0.0;0.0;;;;;;;
2026-05-09;194200629;Netherlands Derde Divisie;Netherlands;13:00;Schedule;-0.34433285509325684;2.0;3.0, 3.5;1.8;3.0, 3.5;0.0;0.0;;0.0;0.0;0.0;0.0;0.0;;RKSV Groene Ster;;0.0;0.0;4.1;0;0.0;0 - 0;3.7;Kloetinge;;0.0;0.0;1.7;0;0.0;+0.75;0 - 0;0-0;3.25;1.25;-;nan;;;;;;;;;;;;;;;;0.0;0.0;0.0;0.0;;;0.0;0.0;0.0;0.0;;[];[];[];[];[];[];[];[];1.0;0.0;0.0;1.0;0.0;0.0;;;;;;;
2026-05-09;194188526;France National 2;France;13:00;Schedule;0.14285714285714285;1.95;2.5;1.85;2.5;0.0;0.0;;0.0;0.0;0.0;0.0;0.0;;Saint Priest;;0.0;0.0;2.1;0;0.0;0 - 0;3.25;Sporting Club Toulon;;0.0;0.0;3.0;0;0.0;-0.25;0 - 0;0-0;2.5;1.0;-;nan;;;;;;;;;;;;;;;;0.0;0.0;0.0;0.0;;;0.0;0.0;0.0;0.0;;[];[];[];[];[];[];[];[];1.0;0.0;0.0;1.0;0.0;0.0;;;;;;;
2026-05-09;194165792;Estonia Esiliiga B;Estonia;13:00;Schedule;0.756898029134533;1.95;4.5;1.85;4.5;0.0;0.0;;0.0;0.0;0.0;0.0;0.0;;JK Tammeka Tartu II;;0.0;0.0;1.167;0;0.0;0 - 0;7.0;Tallinna JK Legion;;0.0;0.0;10.0;0;0.0;-2.5;0 - 0;0-0;4.5;2.0;-;nan;;;;;;;;;;;;;;;;0.0;0.0;0.0;0.0;;;0.0;0.0;0.0;0.0;;[];[];[];[];[];[];[];[];1.0;0.0;0.0;1.0;0.0;0.0;138566.0;;tartu jk tammeka;;;;Youth
2026-05-09;194165922;Hungary Cup;Hungary;13:00;Schedule;0.5078369905956113;1.875;2.5, 3.0;1.925;2.5, 3.0;0.0;0.0;;0.0;0.0;0.0;0.0;0.0;;Ferencvarosi TC;;0.0;0.0;1.45;0;0.0;0 - 0;4.333;Zalaegerszegi TE;;0.0;0.0;5.5;0;0.0;-1.25;0 - 0;0-0;2.75;1.25;-;nan;;;;;;;;;;;;;;;;0.0;0.0;0.0;0.0;;;0.0;0.0;0.0;0.0;;[];[];[];[];[];[];[];[];1.0;0.0;0.0;1.0;0.0;0.0;1925.0;1922.0;ferencvarosi budapest;zalaegerszeg te;;;
2026-05-09;193286211;Poland II Liga;Poland;13:00;Schedule;0.4365372374283896;1.925;2.5, 3.0;1.875;2.5, 3.0;0.0;0.0;;0.0;0.0;0.0;0.0;0.0;;Olimpia Grudziadz;;0.0;0.0;1.571;0;0.0;0 - 0;3.6;Rekord Bielsko-Biala;;0.0;0.0;5.0;0;0.0;-1.0;0 - 0;0-0;2.75;1.25;-;nan;;;;;;;;;;;;;;;;0.0;0.0;0.0;0.0;;;0.0;0.0;0.0;0.0;;[];[];[];[];[];[];[];[];1.0;0.0;0.0;1.0;0.0;0.0;37179.0;240366.0;olimpia grudziadz;rekord bielsko biala;;;Youth
2026-05-09;194206144;France National 3;France;13:00;Schedule;0.28239584230625664;1.825;2.0, 2.5;1.975;2.0, 2.5;0.0;0.0;;0.0;0.0;0.0;0.0;0.0;;Dijon II;;0.0;0.0;1.833;0;0.0;0 - 0;3.25;Chamalieres FC;;0.0;0.0;3.8;0;0.0;-0.5;0 - 0;0-0;2.25;1.0;-;nan;;;;;;;;;;;;;;;;0.0;0.0;0.0;0.0;;;0.0;0.0;0.0;0.0;;[];[];[];[];[];[];[];[];1.0;0.0;0.0;1.0;0.0;0.0;477222.0;;dijon fco;;;;Youth
2026-05-09;194166580;Czechia 2. Liga;Czech Republic;13:00;Schedule;0.14285714285714285;1.85;2.5;1.95;2.5;0.0;0.0;;0.0;0.0;0.0;0.0;0.0;;SK Prostejov;;0.0;0.0;2.1;0;0.0;0 - 0;3.3;Ceske Budejovice;;0.0;0.0;3.0;0;0.0;-0.25;0 - 0;0-0;2.5;1.0;-;nan;;;;;;;;;;;;;;;;0.0;0.0;0.0;0.0;;;0.0;0.0;0.0;0.0;;[];[];[];[];[];[];[];[];1.0;0.0;0.0;1.0;0.0;0.0;76775.0;2221.0;1.sk prostejov;sk dynamo ceske budejovice;;;
2026-05-09;194091028;Serbia Super Liga;Serbia;13:00;Schedule;0.8222222222222222;1.95;4.0;1.85;4.0;0.0;0.0;;0.0;0.0;0.0;0.0;0.0;;Crvena Zvezda;1.0;0.0;0.0;1.125;0;0.0;0 - 0;8.0;FK Novi Pazar;5.0;0.0;0.0;15.0;0;0.0;-2.5;0 - 0;0-0;4.0;nan;-;nan;;;;;;;;;;;;;;;;0.0;0.0;0.0;0.0;;;0.0;0.0;0.0;0.0;;[];[];[];[];[];[];[];[];1.0;0.0;0.0;1.0;0.0;0.0;5149.0;25736.0;fk crvena zvezda belgrade;fk novi pazar;2.75;2.75;
2026-05-09;194188535;France National 2;France;13:00;Schedule;0.2381201825937289;1.775;2.0, 2.5;2.025;2.0, 2.5;0.0;0.0;;0.0;0.0;0.0;0.0;0.0;;Creteil;;0.0;0.0;1.909;0;0.0;0 - 0;3.25;Limonest;;0.0;0.0;3.5;0;0.0;-0.5;0 - 0;0-0;2.25;1.0;-;nan;;;;;;;;;;;;;;;;0.0;0.0;0.0;0.0;;;0.0;0.0;0.0;0.0;;[];[];[];[];[];[];[];[];1.0;0.0;0.0;1.0;0.0;0.0;;;;;;;
2026-05-09;194206286;Portugal U19 League;Portugal;13:00;Schedule;0.756898029134533;1.825;3.5, 4.0;1.975;3.5, 4.0;0.0;0.0;;0.0;0.0;0.0;0.0;0.0;;FC Porto U19;;0.0;0.0;1.167;0;0.0;0 - 0;7.0;Famalicao U19;;0.0;0.0;10.0;0;0.0;-2.25;0 - 0;0-0;3.75;1.5;-;nan;;;;;;;;;;;;;;;;0.0;0.0;0.0;0.0;;;0.0;0.0;0.0;0.0;;[];[];[];[];[];[];[];[];1.0;0.0;0.0;1.0;0.0;0.0;3002.0;49531.0;fc porto;fc famalicao;;;Youth
2026-05-09;194167433;Italy Serie C Group B;Italy;13:00;Schedule;-0.13178294573643412;1.8;2.0, 2.5;2.0;2.0, 2.5;0.0;0.0;;0.0;0.0;0.0;0.0;0.0;;AC Bra;;0.0;0.0;3.0;0;0.0;0 - 0;3.1;Torres;;0.0;0.0;2.15;0;0.0;+0.25;0 - 0;0-0;2.25;1.0;-;nan;;;;;;;;;;;;;;;;0.0;0.0;0.0;0.0;;;0.0;0.0;0.0;0.0;;[];[];[];[];[];[];[];[];1.0;0.0;0.0;1.0;0.0;0.0;111883.0;2753.0;ac bra;sef torres sassari;;;Youth
2026-05-09;194188517;France National 2;France;13:00;Schedule;-0.2381201825937289;1.95;2.0, 2.5;1.85;2.0, 2.5;0.0;0.0;;0.0;0.0;0.0;0.0;0.0;;Wasquehal;;0.0;0.0;3.5;0;0.0;0 - 0;3.25;Feignies Aulnoye FC;;0.0;0.0;1.909;0;0.0;+0.5;0 - 0;0-0;2.25;1.0;-;nan;;;;;;;;;;;;;;;;0.0;0.0;0.0;0.0;;;0.0;0.0;0.0;0.0;;[];[];[];[];[];[];[];[];1.0;0.0;0.0;1.0;0.0;0.0;;;;;;;
2026-05-09;194188531;France National 2;France;13:00;Schedule;0.16369047619047616;1.8;2.0, 2.5;2.0;2.0, 2.5;0.0;0.0;;0.0;0.0;0.0;0.0;0.0;;FC 93 Bobigny;;0.0;0.0;2.1;0;0.0;0 - 0;3.1;Frejus;;0.0;0.0;3.2;0;0.0;-0.25;0 - 0;0-0;2.25;1.0;-;nan;;;;;;;;;;;;;;;;0.0;0.0;0.0;0.0;;;0.0;0.0;0.0;0.0;;[];[];[];[];[];[];[];[];1.0;0.0;0.0;1.0;0.0;0.0;;;;;;;
2026-05-09;194206110;Faroe Islands Premier League;Faroe Islands;13:00;Schedule;-0.2698412698412699;1.85;2.5;1.95;2.5;0.0;0.0;;0.0;0.0;0.0;0.0;0.0;;B36 Torshavn;;0.0;0.0;3.5;0;0.0;0 - 0;3.7;KÍ Klaksvík;;0.0;0.0;1.8;0;0.0;+0.25;0 - 0;0-0;2.25;1.0;-;nan;;;;;;;;;;;;;;;;0.0;0.0;0.0;0.0;;;0.0;0.0;0.0;0.0;;[];[];[];[];[];[];[];[];1.0;0.0;0.0;1.0;0.0;0.0;;;;;;;
2026-05-09;194165835;Netherlands Tweede Divisie;Netherlands;13:00;Schedule;0.2857142857142857;1.85;3.0, 3.5;1.95;3.0, 3.5;0.0;0.0;;0.0;0.0;0.0;0.0;0.0;;De Treffers;3.0;0.0;0.0;1.75;0;0.0;0 - 0;4.1;Spakenburg;5.0;0.0;0.0;3.5;0;0.0;-0.75;0 - 0;0-0;3.25;1.25;-;nan;;;;;;;;;;;;;;;;0.0;0.0;0.0;0.0;;;0.0;0.0;0.0;0.0;;[];[];[];[];[];[];[];[];1.0;0.0;0.0;1.0;0.0;0.0;6475.0;;de treffers groesbeek;;;;
2026-05-09;194242124;France National 3;France;13:00;Schedule;0.16369047619047616;1.875;2.0, 2.5;1.925;2.0, 2.5;0.0;0.0;;0.0;0.0;0.0;0.0;0.0;;Racing Besancon;;0.0;0.0;2.1;0;0.0;0 - 0;3.1;Thonon Evian FC;;0.0;0.0;3.2;0;0.0;-0.25;0 - 0;0-0;2.25;1.0;-;nan;;;;;;;;;;;;;;;;0.0;0.0;0.0;0.0;;;0.0;0.0;0.0;0.0;;[];[];[];[];[];[];[];[];1.0;0.0;0.0;1.0;0.0;0.0;;;;;;;
2026-05-09;194308622;France National 2;France;13:00;Schedule;-0.15360983102918585;1.9;2.0, 2.5;1.9;2.0, 2.5;0.0;0.0;;0.0;0.0;0.0;0.0;0.0;;Blois Foot 41;;0.0;0.0;3.1;0;0.0;0 - 0;3.1;Beauvais;;0.0;0.0;2.1;0;0.0;+0.25;0 - 0;0-0;2.25;1.0;-;nan;;;;;;;;;;;;;;;;0.0;0.0;0.0;0.0;;;0.0;0.0;0.0;0.0;;[];[];[];[];[];[];[];[];1.0;0.0;0.0;1.0;0.0;0.0;;;;;;;
2026-05-09;194334727;France National 3;France;13:00;Schedule;0.0639097744360902;1.875;2.0, 2.5;1.925;2.0, 2.5;0.0;0.0;;0.0;0.0;0.0;0.0;0.0;;Toulouse II;;0.0;0.0;2.375;0;0.0;0 - 0;3.0;Bassin D'Arcachon;;0.0;0.0;2.8;0;0.0;0.0;0 - 0;0-0;2.25;1.0;-;nan;;;;;;;;;;;;;;;;0.0;0.0;0.0;0.0;;;0.0;0.0;0.0;0.0;;[];[];[];[];[];[];[];[];1.0;0.0;0.0;1.0;0.0;0.0;1681.0;;toulouse fc;;;;Youth
2026-05-09;194242311;France National 2;France;13:00;Schedule;0.4547190556102078;1.875;2.0, 2.5;1.925;2.0, 2.5;0.0;0.0;;0.0;0.0;0.0;0.0;0.0;;US Lusitanos Saint-Maur;;0.0;0.0;1.571;0;0.0;0 - 0;3.5;Hyeres FC;;0.0;0.0;5.5;0;0.0;-0.75;0 - 0;0-0;2.25;1.0;-;nan;;;;;;;;;;;;;;;;0.0;0.0;0.0;0.0;;;0.0;0.0;0.0;0.0;;[];[];[];[];[];[];[];[];1.0;0.0;0.0;1.0;0.0;0.0;;;;;;;
2026-05-09;194309355;France National 2;France;13:00;Schedule;0.033375052148518936;1.9;2.5;1.9;2.5;0.0;0.0;;0.0;0.0;0.0;0.0;0.0;;GOAL FC;;0.0;0.0;2.35;0;0.0;0 - 0;3.3;Andrezieux;;0.0;0.0;2.55;0;0.0;0.0;0 - 0;0-0;2.5;1.0;-;nan;;;;;;;;;;;;;;;;0.0;0.0;0.0;0.0;;;0.0;0.0;0.0;0.0;;[];[];[];[];[];[];[];[];1.0;0.0;0.0;1.0;0.0;0.0;;;;;;;
2026-05-09;194242281;France National 2;France;13:00;Schedule;0.5107025938050869;2.0;2.5, 3.0;1.8;2.5, 3.0;0.0;0.0;;0.0;0.0;0.0;0.0;0.0;;Bordeaux;;0.0;0.0;1.444;0;0.0;0 - 0;4.2;Les Herbiers;;0.0;0.0;5.5;0;0.0;-1.25;0 - 0;0-0;2.75;1.0;-;nan;;;;;;;;;;;;;;;;0.0;0.0;0.0;0.0;;;0.0;0.0;0.0;0.0;;[];[];[];[];[];[];[];[];1.0;0.0;0.0;1.0;0.0;0.0;;;;;;;
2026-05-09;194242296;France National 2;France;13:00;Schedule;0.3214285714285714;1.875;2.0, 2.5;1.925;2.0, 2.5;0.0;0.0;;0.0;0.0;0.0;0.0;0.0;;FC Chambly Oise;;0.0;0.0;1.75;0;0.0;0 - 0;3.25;Colmar;;0.0;0.0;4.0;0;0.0;-0.5;0 - 0;0-0;2.25;1.0;-;nan;;;;;;;;;;;;;;;;0.0;0.0;0.0;0.0;;;0.0;0.0;0.0;0.0;;[];[];[];[];[];[];[];[];1.0;0.0;0.0;1.0;0.0;0.0;;;;;;;
2026-05-09;194242286;France National 2;France;13:00;Schedule;0.29914529914529914;2.025;2.5;1.775;2.5;0.0;0.0;;0.0;0.0;0.0;0.0;0.0;;Saint Malo;;0.0;0.0;1.8;0;0.0;0 - 0;3.3;Dinan Lehon;;0.0;0.0;3.9;0;0.0;-0.5;0 - 0;0-0;2.5;1.0;-;nan;;;;;;;;;;;;;;;;0.0;0.0;0.0;0.0;;;0.0;0.0;0.0;0.0;;[];[];[];[];[];[];[];[];1.0;0.0;0.0;1.0;0.0;0.0;;;;;;;
2026-05-09;194309442;France National 2;France;13:00;Schedule;0.49385749385749383;1.825;2.5;1.975;2.5;0.0;0.0;;0.0;0.0;0.0;0.0;0.0;;Nimes;;0.0;0.0;1.48;0;0.0;0 - 0;3.9;Istres;;0.0;0.0;5.5;0;0.0;-1.0;0 - 0;0-0;2.5;1.0;-;nan;;;;;;;;;;;;;;;;0.0;0.0;0.0;0.0;;;0.0;0.0;0.0;0.0;;[];[];[];[];[];[];[];[];1.0;0.0;0.0;1.0;0.0;0.0;;;;;;;
2026-05-09;194334162;Costa Rica U21 League;Costa Rica;13:00;Schedule;-0.45231572080887156;1.95;3.0, 3.5;1.85;3.0, 3.5;0.0;0.0;;0.0;0.0;0.0;0.0;0.0;;Municipal Perez Zeledon U21;;0.0;0.0;5.0;0;0.0;0 - 0;3.75;Alajuelense U21;;0.0;0.0;1.533;0;0.0;+1.0;0 - 0;0-0;3.25;1.25;-;nan;;;;;;;;;;;;;;;;0.0;0.0;0.0;0.0;;;0.0;0.0;0.0;0.0;;[];[];[];[];[];[];[];[];1.0;0.0;0.0;1.0;0.0;0.0;6576.0;6572.0;perez zeledon;liga deportiva alajuelense;;;Youth
2026-05-09;194211649;Spain Segunda Division RFEF Play-Offs;Spain;13:00;Schedule;-0.007843137254901933;1.875;2.0, 2.5;1.925;2.0, 2.5;0.0;0.0;;0.0;0.0;0.0;0.0;0.0;;CD Coria;;0.0;0.0;2.55;0;0.0;0 - 0;3.2;Deportiva Minera;;0.0;0.0;2.5;0;0.0;0.0;0 - 0;0-0;2.25;1.0;-;nan;;;;;;;;;;;;;;;;0.0;0.0;0.0;0.0;;;0.0;0.0;0.0;0.0;;[];[];[];[];[];[];[];[];1.0;0.0;0.0;1.0;0.0;0.0;;;;;;;
2026-05-09;194242308;France National 2;France;13:00;Schedule;-0.7691006117402057;1.9;3.0, 3.5;1.9;3.0, 3.5;0.0;0.0;;0.0;0.0;0.0;0.0;0.0;;Rousset-Ste Victoire;;0.0;0.0;13.0;0;0.0;0 - 0;6.5;Cannes;;0.0;0.0;1.182;0;0.0;+2.25;0 - 0;0-0;3.25;1.25;-;nan;;;;;;;;;;;;;;;;0.0;0.0;0.0;0.0;;;0.0;0.0;0.0;0.0;;[];[];[];[];[];[];[];[];1.0;0.0;0.0;1.0;0.0;0.0;;;;;;;
2026-05-09;194261034;Iceland 2 Deild;Iceland;13:00;Schedule;0.15217391304347827;1.825;3.0, 3.5;1.975;3.0, 3.5;0.0;0.0;;0.0;0.0;0.0;0.0;0.0;;Fjolnir;2.0;0.0;0.0;2.0;0;0.0;0 - 0;3.8;Dalvik/Reynir;5.0;0.0;0.0;2.875;0;0.0;-0.25;0 - 0;0-0;3.25;1.25;-;nan;;;;;;;;;;;;;;;;0.0;0.0;0.0;0.0;;;0.0;0.0;0.0;0.0;;[];[];[];[];[];[];[];[];1.0;0.0;0.0;1.0;0.0;0.0;;;;;;;
2026-05-09;194264593;Mexico Liga TDP;Mexico;13:00;Schedule;0.34965034965034963;1.9;3.0, 3.5;1.9;3.0, 3.5;0.0;0.0;;0.0;0.0;0.0;0.0;0.0;;CF Pachuca III;;0.0;0.0;1.65;0;0.0;0 - 0;3.9;Dragones Toluca II;;0.0;0.0;3.9;0;0.0;-0.75;0 - 0;0-0;3.25;1.25;-;nan;;;;;;;;;;;;;;;;0.0;0.0;0.0;0.0;;;0.0;0.0;0.0;0.0;;[];[];[];[];[];[];[];[];1.0;0.0;0.0;1.0;0.0;0.0;;;;;;;Youth
2026-05-09;194264595;Mexico Liga MX U19 Femenil;Mexico;13:00;Schedule;-0.465149359886202;1.875;3.0;1.925;3.0;0.0;0.0;;0.0;0.0;0.0;0.0;0.0;;Tijuana U19 (W);;0.0;0.0;4.75;0;0.0;0 - 0;4.5;Tigres UANL U19 (W);;0.0;0.0;1.48;0;0.0;+1.25;0 - 0;0-0;3.0;1.25;-;nan;;;;;;;;;;;;;;;;0.0;0.0;0.0;0.0;;;0.0;0.0;0.0;0.0;;[];[];[];[];[];[];[];[];1.0;0.0;0.0;1.0;0.0;0.0;334053.0;1940.0;club tijuana de caliente;tigres uanl;;;Youth-Women
2026-05-09;194242136;France National 3;France;13:00;Schedule;-0.26777595926532094;1.875;2.5, 3.0;1.925;2.5, 3.0;0.0;0.0;;0.0;0.0;0.0;0.0;0.0;;Montpellier II;;0.0;0.0;3.6;0;0.0;0 - 0;3.6;Olympique d'Ales;;0.0;0.0;1.833;0;0.0;+0.5;0 - 0;0-0;2.75;1.25;-;nan;;;;;;;;;;;;;;;;0.0;0.0;0.0;0.0;;;0.0;0.0;0.0;0.0;;[];[];[];[];[];[];[];[];1.0;0.0;0.0;1.0;0.0;0.0;1642.0;;montpellier hsc;;;;Youth
2026-05-09;194242090;France National 3;France;13:00;Schedule;0.3884080628255044;1.85;2.5, 3.0;1.95;2.5, 3.0;0.0;0.0;;0.0;0.0;0.0;0.0;0.0;;Troyes II;;0.0;0.0;1.615;0;0.0;0 - 0;3.8;FC Mulhouse;;0.0;0.0;4.333;0;0.0;-0.75;0 - 0;0-0;2.75;1.25;-;nan;;;;;;;;;;;;;;;;0.0;0.0;0.0;0.0;;;0.0;0.0;0.0;0.0;;[];[];[];[];[];[];[];[];1.0;0.0;0.0;1.0;0.0;0.0;1652.0;;estac troyes;;;;Youth
2026-05-09;194261036;Iceland 2 Deild;Iceland;13:00;Schedule;0.4444444444444444;1.85;3.5, 4.0;1.95;3.5, 4.0;0.0;0.0;;0.0;0.0;0.0;0.0;0.0;;Haukar;8.0;0.0;0.0;1.5;0;0.0;0 - 0;4.333;Magni Grenivik;11.0;0.0;0.0;4.5;0;0.0;-1.25;0 - 0;0-0;3.75;1.5;-;nan;;;;;;;;;;;;;;;;0.0;0.0;0.0;0.0;;;0.0;0.0;0.0;0.0;;[];[];[];[];[];[];[];[];1.0;0.0;0.0;1.0;0.0;0.0;;;;;;;
2026-05-09;194308416;France National 2;France;13:00;Schedule;0.08730158730158727;1.925;2.0, 2.5;1.875;2.0, 2.5;0.0;0.0;;0.0;0.0;0.0;0.0;0.0;;Stade Poitevin;;0.0;0.0;2.25;0;0.0;0 - 0;3.1;Locmine Saint-Colomban;;0.0;0.0;2.8;0;0.0;-0.25;0 - 0;0-0;2.25;1.0;-;nan;;;;;;;;;;;;;;;;0.0;0.0;0.0;0.0;;;0.0;0.0;0.0;0.0;;[];[];[];[];[];[];[];[];1.0;0.0;0.0;1.0;0.0;0.0;;;;;;;
2026-05-09;194261141;Chile Primera Division Women;Chile;13:00;Schedule;0.3104575163398693;1.825;2.5, 3.0;1.975;2.5, 3.0;0.0;0.0;;0.0;0.0;0.0;0.0;0.0;;Deportes Iquique (W);;0.0;0.0;1.7;0;0.0;0 - 0;4.0;Huachipato (W);;0.0;0.0;3.6;0;0.0;-0.75;0 - 0;0-0;2.75;1.25;-;nan;;;;;;;;;;;;;;;;0.0;0.0;0.0;0.0;;;0.0;0.0;0.0;0.0;;[];[];[];[];[];[];[];[];1.0;0.0;0.0;1.0;0.0;0.0;;3164.0;;huachipato;;;Women
2026-05-09;193004724;Italy Serie A;Italy;13:00;Schedule;-0.2628205128205129;1.85;2.5;2.0;2.5;0.0;0.0;;0.0;0.0;0.0;0.0;0.0;;Lazio;8.0;0.0;0.0;4.0;0;0.0;0 - 0;3.4;Inter Milan;1.0;0.0;0.0;1.95;0;0.0;+0.5;0 - 0;0-0;2.5;1.0;-;nan;;;;;;;;;;;;;;;;0.0;0.0;0.0;0.0;;;0.0;0.0;0.0;0.0;;[];[];[];[];[];[];[];[];1.0;0.0;0.0;1.0;0.0;0.0;2699.0;2697.0;lazio rome;inter milano;1.75;1.7;
2026-05-09;194242130;France National 3;France;13:00;Schedule;0.367965367965368;1.825;2.5;1.975;2.5;0.0;0.0;;0.0;0.0;0.0;0.0;0.0;;Tarbes Pyrenees;;0.0;0.0;1.65;0;0.0;0 - 0;3.7;Onet-le-Chateau;;0.0;0.0;4.2;0;0.0;-0.75;0 - 0;0-0;2.5;1.0;-;nan;;;;;;;;;;;;;;;;0.0;0.0;0.0;0.0;;;0.0;0.0;0.0;0.0;;[];[];[];[];[];[];[];[];1.0;0.0;0.0;1.0;0.0;0.0;;;;;;;
2026-05-09;194242127;France National 3;France;13:00;Schedule;-0.15447154471544722;1.875;2.5;1.925;2.5;0.0;0.0;;0.0;0.0;0.0;0.0;0.0;;Neuilly Sur Marne;;0.0;0.0;3.0;0;0.0;0 - 0;3.3;Lille II;;0.0;0.0;2.05;0;0.0;+0.25;0 - 0;0-0;2.5;1.0;-;nan;;;;;;;;;;;;;;;;0.0;0.0;0.0;0.0;;;0.0;0.0;0.0;0.0;;[];[];[];[];[];[];[];[];1.0;0.0;0.0;1.0;0.0;0.0;;1643.0;;lille osc;;;Youth
2026-05-09;194210233;Norway Cup;Norway;13:00;Schedule;0.38383838383838387;1.85;3.0;1.95;3.0;0.0;0.0;;0.0;0.0;0.0;0.0;0.0;;Bodo/Glimt;;0.0;0.0;1.65;0;0.0;0 - 0;4.0;SK Brann;;0.0;0.0;4.5;0;0.0;-0.75;0 - 0;0-0;3.0;1.25;-;nan;;;;;;;;;;;;;;;;0.0;0.0;0.0;0.0;;;0.0;0.0;0.0;0.0;;[];[];[];[];[];[];[];[];1.0;0.0;0.0;1.0;0.0;0.0;656.0;1159.0;bodoe/glimt;sk brann;;;
2026-05-09;194259715;Estonia Esiliiga B;Estonia;13:00;Schedule;0.5246376811594204;1.925;4.0, 4.5;1.875;4.0, 4.5;0.0;0.0;;0.0;0.0;0.0;0.0;0.0;;Johvi FC Phoenix;3.0;0.0;0.0;1.38;0;0.0;0 - 0;5.25;JK Tabasalu;8.0;0.0;0.0;5.0;0;0.0;-1.5;0 - 0;0-0;4.25;1.75;-;nan;;;;;;;;;;;;;;;;0.0;0.0;0.0;0.0;;;0.0;0.0;0.0;0.0;;[];[];[];[];[];[];[];[];1.0;0.0;0.0;1.0;0.0;0.0;;;;;;;Youth
2026-05-09;194242134;France National 3;France;13:00;Schedule;0.09090909090909088;1.875;2.0, 2.5;1.925;2.0, 2.5;0.0;0.0;;0.0;0.0;0.0;0.0;0.0;;Laval II;;0.0;0.0;2.2;0;0.0;0 - 0;3.4;Rennes II;;0.0;0.0;2.75;0;0.0;-0.25;0 - 0;0-0;2.25;1.0;-;nan;;;;;;;;;;;;;;;;0.0;0.0;0.0;0.0;;;0.0;0.0;0.0;0.0;;[];[];[];[];[];[];[];[];1.0;0.0;0.0;1.0;0.0;0.0;1673.0;1658.0;stade lavallois mfc;stade rennais fc;;;Youth
2026-05-09;194242122;France National 3;France;13:00;Schedule;0.20979020979020985;1.925;2.5;1.875;2.5;0.0;0.0;;0.0;0.0;0.0;0.0;0.0;;OCPAM;;0.0;0.0;1.95;0;0.0;0 - 0;3.4;Ajaccio GFCA;;0.0;0.0;3.3;0;0.0;-0.5;0 - 0;0-0;2.5;1.0;-;nan;;;;;;;;;;;;;;;;0.0;0.0;0.0;0.0;;;0.0;0.0;0.0;0.0;;[];[];[];[];[];[];[];[];1.0;0.0;0.0;1.0;0.0;0.0;;;;;;;
2026-05-09;194260843;San Marino Campionato;San Marino;13:00;Schedule;0.09961685823754785;1.775;2.0, 2.5;2.025;2.0, 2.5;0.0;0.0;;0.0;0.0;0.0;0.0;0.0;;La Fiorita;4.0;0.0;0.0;2.25;0;0.0;0 - 0;3.0;Tre Penne;3.0;0.0;0.0;2.9;0;0.0;-0.25;0 - 0;0-0;2.25;1.0;-;nan;;;;;;;;;;;;;;;;0.0;0.0;0.0;0.0;;;0.0;0.0;0.0;0.0;;[];[];[];[];[];[];[];[];1.0;0.0;0.0;1.0;0.0;0.0;;;;;;;
2026-05-09;194242093;France National 3;France;13:00;Schedule;0.49385749385749383;1.9;2.5;1.9;2.5;0.0;0.0;;0.0;0.0;0.0;0.0;0.0;;Aubervilliers;;0.0;0.0;1.48;0;0.0;0 - 0;4.1;Havre Caucriauville Sportif;;0.0;0.0;5.5;0;0.0;-1.0;0 - 0;0-0;2.5;1.0;-;nan;;;;;;;;;;;;;;;;0.0;0.0;0.0;0.0;;;0.0;0.0;0.0;0.0;;[];[];[];[];[];[];[];[];1.0;0.0;0.0;1.0;0.0;0.0;;;;;;;
2026-05-09;194308649;France National 2;France;13:00;Schedule;0.15360983102918585;1.8;2.0, 2.5;2.0;2.0, 2.5;0.0;0.0;;0.0;0.0;0.0;0.0;0.0;;St Pryve St Hilaire;;0.0;0.0;2.1;0;0.0;0 - 0;3.2;Epinal;;0.0;0.0;3.1;0;0.0;-0.25;0 - 0;0-0;2.25;nan;-;nan;;;;;;;;;;;;;;;;0.0;0.0;0.0;0.0;;;0.0;0.0;0.0;0.0;;[];[];[];[];[];[];[];[];1.0;0.0;0.0;1.0;0.0;0.0;;;;;;;
2026-05-09;194242109;France National 3;France;13:00;Schedule;0.044579533941236094;1.8;2.0, 2.5;2.0;2.0, 2.5;0.0;0.0;;0.0;0.0;0.0;0.0;0.0;;SA Gazinet-Cestas;;0.0;0.0;2.35;0;0.0;0 - 0;3.2;US Castanet;;0.0;0.0;2.625;0;0.0;0.0;0 - 0;0-0;2.25;1.0;-;nan;;;;;;;;;;;;;;;;0.0;0.0;0.0;0.0;;;0.0;0.0;0.0;0.0;;[];[];[];[];[];[];[];[];1.0;0.0;0.0;1.0;0.0;0.0;;;;;;;
2026-05-09;194242099;France National 3;France;13:00;Schedule;0.024509803921568596;1.9;2.0, 2.5;1.9;2.0, 2.5;0.0;0.0;;0.0;0.0;0.0;0.0;0.0;;Nantes II;;0.0;0.0;2.4;0;0.0;0 - 0;3.25;Le Poire SV;;0.0;0.0;2.55;0;0.0;0.0;0 - 0;0-0;2.25;1.0;-;nan;;;;;;;;;;;;;;;;0.0;0.0;0.0;0.0;;;0.0;0.0;0.0;0.0;;[];[];[];[];[];[];[];[];1.0;0.0;0.0;1.0;0.0;0.0;1647.0;;fc nantes;;;;Youth
2026-05-09;194160305;Saudi Arabia Division 1;Saudi Arabia;13:15;Schedule;-0.05982905982905984;1.825;2.5, 3.0;1.975;2.5, 3.0;0.0;0.0;;0.0;0.0;0.0;0.0;0.0;;Al Batin;17.0;0.0;0.0;2.6;0;0.0;0 - 0;3.5;Al Taee;8.0;0.0;0.0;2.25;0;0.0;0.0;0 - 0;0-0;2.75;1.25;-;nan;;;;;;;;;;;;;;;;0.0;0.0;0.0;0.0;;;0.0;0.0;0.0;0.0;;[];[];[];[];[];[];[];[];1.0;0.0;0.0;1.0;0.0;0.0;;;;;;;
2026-05-09;193330356;Saudi Arabia Pro League;Saudi Arabia;13:15;Schedule;-0.22080416527771157;1.875;2.5, 3.0;1.925;2.5, 3.0;0.0;0.0;;0.0;0.0;0.0;0.0;0.0;;Al Najma;;0.0;0.0;3.3;0;0.0;0 - 0;3.5;Al Hazm;;0.0;0.0;1.909;0;0.0;+0.5;0 - 0;0-0;2.75;1.25;-;nan;;;;;;;;;;;;;;;;0.0;0.0;0.0;0.0;;;0.0;0.0;0.0;0.0;;[];[];[];[];[];[];[];[];1.0;0.0;0.0;1.0;0.0;0.0;759502.0;168086.0;al-najma;al-hazm;;;
2026-05-09;194099072;Belgium First Division A Play-Offs;Belgium;13:15;Schedule;0.21870286576168935;1.85;2.5, 3.0;1.95;2.5, 3.0;0.0;0.0;;0.0;0.0;0.0;0.0;0.0;;KFCO Beerschot Wilrijk;;0.0;0.0;1.95;0;0.0;0 - 0;4.0;Lommel;;0.0;0.0;3.4;0;0.0;-0.5;0 - 0;0-0;2.75;1.25;-;nan;;;;;;;;;;;;;;;;0.0;0.0;0.0;0.0;;;0.0;0.0;0.0;0.0;;[];[];[];[];[];[];[];[];1.0;0.0;0.0;1.0;0.0;0.0;169260.0;5046.0;k beerschot va;lommel sk;1.61;1.61;
2026-05-09;194164564;Chile Primera B;Chile;13:30;Schedule;0.0;1.925;2.0, 2.5;1.875;2.0, 2.5;0.0;0.0;;0.0;0.0;0.0;0.0;0.0;;Deportes Recoleta;;0.0;0.0;2.45;0;0.0;0 - 0;3.25;Club Deportes Santa Cruz;;0.0;0.0;2.45;0;0.0;0.0;0 - 0;0-0;2.25;1.0;-;nan;;;;;;;;;;;;;;;;0.0;0.0;0.0;0.0;;;0.0;0.0;0.0;0.0;;[];[];[];[];[];[];[];[];1.0;0.0;0.0;1.0;0.0;0.0;;;;;;;Youth
2026-05-09;193319724;Spain Primera Division RFEF Group 1;Spain;13:30;Schedule;0.5386746217771149;1.825;2.0, 2.5;1.975;2.0, 2.5;0.0;0.0;;0.0;0.0;0.0;0.0;0.0;;CD Guadalajara S.A.D.;;0.0;0.0;1.444;0;0.0;0 - 0;3.7;CD Arenteiro;;0.0;0.0;6.5;0;0.0;-1.25;0 - 0;0-0;2.25;1.0;-;nan;;;;;;;;;;;;;;;;0.0;0.0;0.0;0.0;;;0.0;0.0;0.0;0.0;;[];[];[];[];[];[];[];[];1.0;0.0;0.0;1.0;0.0;0.0;;366802.0;;cd arenteiro;;;
2026-05-09;193319733;Spain Primera Division RFEF Group 1;Spain;13:30;Schedule;0.046296296296296335;1.8;2.0;2.0;2.0;0.0;0.0;;0.0;0.0;0.0;0.0;0.0;;Unionistas de Salamanca CF;;0.0;0.0;2.4;0;0.0;0 - 0;3.0;Tenerife;;0.0;0.0;2.7;0;0.0;0.0;0 - 0;0-0;2.0;0.75;-;nan;;;;;;;;;;;;;;;;0.0;0.0;0.0;0.0;;;0.0;0.0;0.0;0.0;;[];[];[];[];[];[];[];[];1.0;0.0;0.0;1.0;0.0;0.0;286017.0;2822.0;unionistas de salamanca cf;tenerife cd;;;
2026-05-09;192501367;England Premier League;England;13:30;Schedule;0.5998044965786901;1.95;3.5;1.9;3.5;0.0;0.0;;0.0;0.0;0.0;0.0;0.0;;Man City;2.0;0.0;0.0;1.364;0;0.0;0 - 0;5.25;Brentford;7.0;0.0;0.0;7.5;0;0.0;-1.5;0 - 0;0-0;3.5;1.5;-;nan;;;;;;;;;;;;;;;;0.0;0.0;0.0;0.0;;;0.0;0.0;0.0;0.0;;[];[];[];[];[];[];[];[];1.0;0.0;0.0;1.0;0.0;0.0;17.0;50.0;manchester city;brentford fc;1.66;1.61;
2026-05-09;194164058;Bosnia & Herzegovina Premier Liga;Bosnia;13:30;Schedule;-0.14285714285714285;1.825;2.0, 2.5;1.975;2.0, 2.5;0.0;0.0;;0.0;0.0;0.0;0.0;0.0;;FK Rudar Prijedor;;0.0;0.0;3.0;0;0.0;0 - 0;3.25;FK Sarajevo;;0.0;0.0;2.1;0;0.0;+0.25;0 - 0;0-0;2.25;1.0;-;nan;;;;;;;;;;;;;;;;0.0;0.0;0.0;0.0;;;0.0;0.0;0.0;0.0;;[];[];[];[];[];[];[];[];1.0;0.0;0.0;1.0;0.0;0.0;;;;;;;
2026-05-09;194221755;Sierra Leone Premier League;Sierra Leone;13:30;Schedule;0.2747252747252748;2.0;2.0;1.8;2.0;0.0;0.0;;0.0;0.0;0.0;0.0;0.0;;Bhantal FC;;0.0;0.0;1.95;0;0.0;0 - 0;2.75;Wilberforce Strikers;;0.0;0.0;4.2;0;0.0;-0.5;0 - 0;0-0;2.0;0.75;-;nan;;;;;;;;;;;;;;;;0.0;0.0;0.0;0.0;;;0.0;0.0;0.0;0.0;;[];[];[];[];[];[];[];[];1.0;0.0;0.0;1.0;0.0;0.0;;;;;;;
2026-05-09;193000804;Germany Bundesliga I;Germany;13:30;Schedule;-0.45231572080887156;1.95;4.0;1.9;4.0;0.0;0.0;;0.0;0.0;0.0;0.0;0.0;;Wolfsburg;16.0;0.0;0.0;5.0;0;0.0;0 - 0;5.0;Bayern Munich;1.0;0.0;0.0;1.533;0;0.0;+1.0;0 - 0;0-0;4.0;1.75;-;nan;;;;;;;;;;;;;;;;0.0;0.0;0.0;0.0;;;0.0;0.0;0.0;0.0;;[];[];[];[];[];[];[];[];1.0;0.0;0.0;1.0;0.0;0.0;2524.0;2672.0;vfl wolfsburg;bayern munich;1.33;1.33;
2026-05-09;194264271;Spain Regional League;Spain;13:30;Schedule;0.0;1.825;2.5;1.975;2.5;0.0;0.0;;0.0;0.0;0.0;0.0;0.0;;Atletico Rafal;;0.0;0.0;2.45;0;0.0;0 - 0;3.3;Portol FC;;0.0;0.0;2.45;0;0.0;0.0;0 - 0;0-0;2.5;1.0;-;nan;;;;;;;;;;;;;;;;0.0;0.0;0.0;0.0;;;0.0;0.0;0.0;0.0;;[];[];[];[];[];[];[];[];1.0;0.0;0.0;1.0;0.0;0.0;;;;;;;
2026-05-09;194260984;Italy Serie D Play-Offs;Italy;13:30;Schedule;0.3055555555555556;1.925;2.0, 2.5;1.875;2.0, 2.5;0.0;0.0;;0.0;0.0;0.0;0.0;0.0;;Biellesse;;0.0;0.0;1.8;0;0.0;0 - 0;3.25;Varese;;0.0;0.0;4.0;0;0.0;-0.5;0 - 0;0-0;2.25;1.0;-;nan;;;;;;;;;;;;;;;;0.0;0.0;0.0;0.0;;;0.0;0.0;0.0;0.0;;[];[];[];[];[];[];[];[];1.0;0.0;0.0;1.0;0.0;0.0;;;;;;;
2026-05-09;194164055;Bosnia & Herzegovina Premier Liga;Bosnia;13:30;Schedule;0.09661835748792269;1.8;2.0;2.0;2.0;0.0;0.0;;0.0;0.0;0.0;0.0;0.0;;Radnik Bijeljina;;0.0;0.0;2.25;0;0.0;0 - 0;3.1;Zrinjski Mostar;;0.0;0.0;2.875;0;0.0;-0.25;0 - 0;0-0;2.0;0.75;-;nan;;;;;;;;;;;;;;;;0.0;0.0;0.0;0.0;;;0.0;0.0;0.0;0.0;;[];[];[];[];[];[];[];[];1.0;0.0;0.0;1.0;0.0;0.0;;;;;;;
2026-05-09;193003581;Spain Segunda;Spain;13:30;Schedule;0.2738738738738738;1.975;2.5;1.825;2.5;0.0;0.0;;0.0;0.0;0.0;0.0;0.0;;Valladolid;18.0;0.0;0.0;1.85;0;0.0;0 - 0;3.25;Real Zaragoza;20.0;0.0;0.0;3.75;0;0.0;-0.5;0 - 0;0-0;2.5;1.0;-;nan;;;;;;;;;;;;;;;;0.0;0.0;0.0;0.0;;;0.0;0.0;0.0;0.0;;[];[];[];[];[];[];[];[];1.0;0.0;0.0;1.0;0.0;0.0;2831.0;2815.0;real valladolid;real zaragoza;1.8;1.8;
2026-05-09;193328162;Greece Super League 1;Greece;13:30;Schedule;0.10295126973232671;1.825;2.0, 2.5;1.975;2.0, 2.5;0.0;0.0;;0.0;0.0;0.0;0.0;0.0;;Atromitos Athinon;;0.0;0.0;2.35;0;0.0;0 - 0;3.2;Panetolikos;;0.0;0.0;3.1;0;0.0;-0.25;0 - 0;0-0;2.25;1.0;-;nan;;;;;;;;;;;;;;;;0.0;0.0;0.0;0.0;;;0.0;0.0;0.0;0.0;;[];[];[];[];[];[];[];[];1.0;0.0;0.0;1.0;0.0;0.0;5062.0;7004.0;atromitos athinon;panaitolikos agrinio;2.05;1.9;
2026-05-09;194221761;Sierra Leone Premier League;Sierra Leone;13:30;Schedule;0.05217391304347829;2.0;2.0;1.8;2.0;0.0;0.0;;0.0;0.0;0.0;0.0;0.0;;East End Lions;;0.0;0.0;2.5;0;0.0;0 - 0;2.75;Ports Authority FC;;0.0;0.0;2.875;0;0.0;0.0;0 - 0;0-0;2.0;0.75;-;nan;;;;;;;;;;;;;;;;0.0;0.0;0.0;0.0;;;0.0;0.0;0.0;0.0;;[];[];[];[];[];[];[];[];1.0;0.0;0.0;1.0;0.0;0.0;;;;;;;
2026-05-09;193003380;Spain La Liga;Spain;13:30;Schedule;0.1620859760394644;1.875;2.5, 3.0;1.975;2.5, 3.0;0.0;0.0;;0.0;0.0;0.0;0.0;0.0;;Atletico Madrid;4.0;0.0;0.0;2.15;0;0.0;0 - 0;3.5;Celta Vigo;6.0;0.0;0.0;3.3;0;0.0;-0.25;0 - 0;0-0;2.75;1.25;-;nan;;;;;;;;;;;;;;;;0.0;0.0;0.0;0.0;;;0.0;0.0;0.0;0.0;;[];[];[];[];[];[];[];[];1.0;0.0;0.0;1.0;0.0;0.0;2836.0;2821.0;atletico madrid;rc celta de vigo;1.66;1.57;
2026-05-09;194169856;Switzerland Women Nationalliga B;Switzerland;13:30;Schedule;0.9071368270666926;1.825;4.5;1.975;4.5;0.0;0.0;;0.0;0.0;0.0;0.0;0.0;;Lugano (W);;0.0;0.0;1.062;0;0.0;0 - 0;11.0;FC Solothurn (W);;0.0;0.0;29.0;0;0.0;-3.5;0 - 0;0-0;4.5;2.0;-;nan;;;;;;;;;;;;;;;;0.0;0.0;0.0;0.0;;;0.0;0.0;0.0;0.0;;[];[];[];[];[];[];[];[];1.0;0.0;0.0;1.0;0.0;0.0;2443.0;;fc lugano;;;;Youth-Women
2026-05-09;194264263;Spain Regional League;Spain;13:45;Schedule;0.13066202090592338;1.95;3.0, 3.5;1.85;3.0, 3.5;0.0;0.0;;0.0;0.0;0.0;0.0;0.0;;Promesas EDF;;0.0;0.0;2.05;0;0.0;0 - 0;3.75;Varea B;;0.0;0.0;2.8;0;0.0;-0.25;0 - 0;0-0;3.25;1.25;-;nan;;;;;;;;;;;;;;;;0.0;0.0;0.0;0.0;;;0.0;0.0;0.0;0.0;;[];[];[];[];[];[];[];[];1.0;0.0;0.0;1.0;0.0;0.0;;;;;;;Youth
2026-05-09;193719883;Croatia HNL;Croatia;13:45;Schedule;0.17530487804878053;1.8;2.5;2.0;2.5;0.0;0.0;;0.0;0.0;0.0;0.0;0.0;;NK Varazdin;4.0;0.0;0.0;2.05;0;0.0;0 - 0;3.25;NK Lokomotiva Zagreb;5.0;0.0;0.0;3.2;0;0.0;-0.25;0 - 0;0-0;2.5;1.0;-;nan;;;;;;;;;;;;;;;;0.0;0.0;0.0;0.0;;;0.0;0.0;0.0;0.0;;[];[];[];[];[];[];[];[];1.0;0.0;0.0;1.0;0.0;0.0;282653.0;36246.0;nk varazdin;nk lokomotiva zagreb;1.66;1.66;
2026-05-09;193330539;USA MLS;USA;14:00;Schedule;-0.30476190476190473;2.0;3.5;1.8;3.5;0.0;0.0;;0.0;0.0;0.0;0.0;0.0;;Toronto FC;;0.0;0.0;3.75;0;0.0;0 - 0;4.5;Inter Miami;;0.0;0.0;1.75;0;0.0;+0.75;0 - 0;0-0;3.5;1.5;-;nan;;;;;;;;;;;;;;;;0.0;0.0;0.0;0.0;;;0.0;0.0;0.0;0.0;;[];[];[];[];[];[];[];[];1.0;0.0;0.0;1.0;0.0;0.0;7080.0;659691.0;toronto fc;inter miami cf;1.44;1.44;
2026-05-09;193331574;Denmark Division 1;Denmark;14:00;Schedule;0.15360983102918585;1.9;2.5, 3.0;1.9;2.5, 3.0;0.0;0.0;;0.0;0.0;0.0;0.0;0.0;;Esbjerg;;0.0;0.0;2.1;0;0.0;0 - 0;3.6;Kolding IF;;0.0;0.0;3.1;0;0.0;-0.25;0 - 0;0-0;2.75;1.25;-;nan;;;;;;;;;;;;;;;;0.0;0.0;0.0;0.0;;;0.0;0.0;0.0;0.0;;[];[];[];[];[];[];[];[];1.0;0.0;0.0;1.0;0.0;0.0;1287.0;22162.0;esbjerg fb;kolding if;1.61;1.61;
2026-05-09;193332651;Türkiye Super Lig;Turkey;14:00;Schedule;0.29914529914529914;2.025;3.0;1.775;3.0;0.0;0.0;;0.0;0.0;0.0;0.0;0.0;;Istanbul Basaksehir;;0.0;0.0;1.8;0;0.0;0 - 0;3.9;Samsunspor;;0.0;0.0;3.9;0;0.0;-0.5;0 - 0;0-0;3.0;1.25;-;nan;;;;;;;;;;;;;;;;0.0;0.0;0.0;0.0;;;0.0;0.0;0.0;0.0;;[];[];[];[];[];[];[];[];1.0;0.0;0.0;1.0;0.0;0.0;3086.0;3053.0;istanbul basaksehir;samsunspor;;;
2026-05-09;194352700;Northern Ireland Premier;North Ireland;14:00;Schedule;0.22328548644338114;2.0;3.0;1.8;3.0;0.0;0.0;;0.0;0.0;0.0;0.0;0.0;;Cliftonville;5.0;0.0;0.0;1.9;0;0.0;0 - 0;3.6;Dungannon Swifts;6.0;0.0;0.0;3.3;0;0.0;-0.5;0 - 0;0-0;3.0;1.25;-;nan;;;;;;;;;;;;;;;;0.0;0.0;0.0;0.0;;;0.0;0.0;0.0;0.0;;[];[];[];[];[];[];[];[];1.0;0.0;0.0;1.0;0.0;0.0;5181.0;5271.0;cliftonville fc;dungannon swifts;;;
2026-05-09;194264292;Spain Segunda Division RFEF Play-Offs;Spain;14:00;Schedule;0.23219814241486064;1.975;2.5;1.825;2.5;0.0;0.0;;0.0;0.0;0.0;0.0;0.0;;Tudelano;;0.0;0.0;1.9;0;0.0;0 - 0;3.4;Real Oviedo Vetusta;;0.0;0.0;3.4;0;0.0;-0.5;0 - 0;0-0;2.5;1.0;-;nan;;;;;;;;;;;;;;;;0.0;0.0;0.0;0.0;;;0.0;0.0;0.0;0.0;;[];[];[];[];[];[];[];[];1.0;0.0;0.0;1.0;0.0;0.0;;;;;;;
2026-05-09;194264354;Switzerland Women Nationalliga B;Switzerland;14:00;Schedule;-0.17848970251716245;1.9;3.0, 3.5;1.9;3.0, 3.5;0.0;0.0;;0.0;0.0;0.0;0.0;0.0;;FC Ostermundigen (W);;0.0;0.0;2.875;0;0.0;0 - 0;4.1;Wil 1900 (W);;0.0;0.0;1.9;0;0.0;+0.5;0 - 0;0-0;3.25;1.5;-;nan;;;;;;;;;;;;;;;;0.0;0.0;0.0;0.0;;;0.0;0.0;0.0;0.0;;[];[];[];[];[];[];[];[];1.0;0.0;0.0;1.0;0.0;0.0;;2455.0;;fc wil 1900;;;Youth-Women
2026-05-09;194208268;Mauritania Division 2;Mauritania;14:00;Schedule;0.35681657337708295;1.8;2.0;2.0;2.0;0.0;0.0;;0.0;0.0;0.0;0.0;0.0;;AS Garde Nationale;;0.0;0.0;1.727;0;0.0;0 - 0;3.2;C. Moulaye M'Barek;;0.0;0.0;4.5;0;0.0;-0.5;0 - 0;0-0;2.0;0.75;-;nan;;;;;;;;;;;;;;;;0.0;0.0;0.0;0.0;;;0.0;0.0;0.0;0.0;;[];[];[];[];[];[];[];[];1.0;0.0;0.0;1.0;0.0;0.0;;;;;;;
2026-05-09;194261107;Senegal Ligue 2;Senegal;14:00;Schedule;0.12228260869565222;1.8;1.5, 2.0;2.0;1.5, 2.0;0.0;0.0;;0.0;0.0;0.0;0.0;0.0;;ASC Port Autonome;;0.0;0.0;2.3;0;0.0;0 - 0;2.75;Amitie FC;;0.0;0.0;3.2;0;0.0;-0.25;0 - 0;0-0;1.75;0.75;-;nan;;;;;;;;;;;;;;;;0.0;0.0;0.0;0.0;;;0.0;0.0;0.0;0.0;;[];[];[];[];[];[];[];[];1.0;0.0;0.0;1.0;0.0;0.0;;;;;;;
2026-05-09;194166600;Czechia First League;Czech Republic;14:00;Schedule;0.3055555555555556;1.925;2.5;1.875;2.5;0.0;0.0;;0.0;0.0;0.0;0.0;0.0;;Slavia Prague;;0.0;0.0;1.8;0;0.0;0 - 0;3.5;Sparta Prague;;0.0;0.0;4.0;0;0.0;-0.5;0 - 0;0-0;2.5;1.0;-;nan;;;;;;;;;;;;;;;;0.0;0.0;0.0;0.0;;;0.0;0.0;0.0;0.0;;[];[];[];[];[];[];[];[];1.0;0.0;0.0;1.0;0.0;0.0;2216.0;2218.0;slavia prague;sparta prague;1.8;1.8;
2026-05-09;194264619;Morocco GNF 2;Morocco;14:00;Schedule;0.2628205128205129;1.95;1.5, 2.0;1.85;1.5, 2.0;0.0;0.0;;0.0;0.0;0.0;0.0;0.0;;Wydad Fès;;0.0;0.0;1.95;0;0.0;0 - 0;2.75;Chabab Ben Guerir;;0.0;0.0;4.0;0;0.0;-0.5;0 - 0;0-0;1.75;0.75;-;nan;;;;;;;;;;;;;;;;0.0;0.0;0.0;0.0;;;0.0;0.0;0.0;0.0;;[];[];[];[];[];[];[];[];1.0;0.0;0.0;1.0;0.0;0.0;;;;;;;
2026-05-09;193332648;Türkiye Super Lig;Turkey;14:00;Schedule;0.02721088435374147;1.85;2.5, 3.0;1.95;2.5, 3.0;0.0;0.0;;0.0;0.0;0.0;0.0;0.0;;Alanyaspor;;0.0;0.0;2.45;0;0.0;0 - 0;3.6;Kayserispor;;0.0;0.0;2.625;0;0.0;0.0;0 - 0;0-0;2.75;1.25;-;nan;;;;;;;;;;;;;;;;0.0;0.0;0.0;0.0;;;0.0;0.0;0.0;0.0;;[];[];[];[];[];[];[];[];1.0;0.0;0.0;1.0;0.0;0.0;6362.0;3072.0;alanyaspor;kayserispor;;;
2026-05-09;194267278;Colombia U19 Championship;Colombia;14:00;Schedule;-0.14285714285714285;1.85;3.0;1.95;3.0;0.0;0.0;;0.0;0.0;0.0;0.0;0.0;;Kanteranos U19;;0.0;0.0;3.0;0;0.0;0 - 0;3.5;Deportes Tolima U19;;0.0;0.0;2.1;0;0.0;+0.25;0 - 0;0-0;3.0;1.25;-;nan;;;;;;;;;;;;;;;;0.0;0.0;0.0;0.0;;;0.0;0.0;0.0;0.0;;[];[];[];[];[];[];[];[];1.0;0.0;0.0;1.0;0.0;0.0;;6111.0;;cd tolima;;;Youth
2026-05-09;193332661;Türkiye Super Lig;Turkey;14:00;Schedule;0.7902313624678663;1.9;3.5;1.9;3.5;0.0;0.0;;0.0;0.0;0.0;0.0;0.0;;Galatasaray;;0.0;0.0;1.167;0;0.0;0 - 0;7.0;Antalyaspor;;0.0;0.0;15.0;0;0.0;-2.0;0 - 0;0-0;3.5;1.5;-;nan;;;;;;;;;;;;;;;;0.0;0.0;0.0;0.0;;;0.0;0.0;0.0;0.0;;[];[];[];[];[];[];[];[];1.0;0.0;0.0;1.0;0.0;0.0;3061.0;3056.0;galatasaray istanbul;antalyaspor;;;
2026-05-09;194211651;Spain Segunda Division RFEF Play-Offs;Spain;14:00;Schedule;0.2891434806328423;2.025;2.0, 2.5;1.775;2.0, 2.5;0.0;0.0;;0.0;0.0;0.0;0.0;0.0;;Reus FC Reddis;;0.0;0.0;1.833;0;0.0;0 - 0;3.25;UD Ourense;;0.0;0.0;3.9;0;0.0;-0.5;0 - 0;0-0;2.25;0.75;-;nan;;;;;;;;;;;;;;;;0.0;0.0;0.0;0.0;;;0.0;0.0;0.0;0.0;;[];[];[];[];[];[];[];[];1.0;0.0;0.0;1.0;0.0;0.0;;;;;;;
2026-05-09;194187811;Poland III Liga;Poland;14:00;Schedule;0.31796502384737685;1.825;3.0;1.975;3.0;0.0;0.0;;0.0;0.0;0.0;0.0;0.0;;Wigry Suwalki;;0.0;0.0;1.7;0;0.0;0 - 0;3.9;Mlawianka Mlawa;;0.0;0.0;3.7;0;0.0;-0.75;0 - 0;0-0;3.0;1.25;-;nan;;;;;;;;;;;;;;;;0.0;0.0;0.0;0.0;;;0.0;0.0;0.0;0.0;;[];[];[];[];[];[];[];[];1.0;0.0;0.0;1.0;0.0;0.0;;;;;;;
2026-05-09;194211646;Spain Segunda Division RFEF Play-Offs;Spain;14:00;Schedule;0.17316017316017313;1.75;2.0;2.05;2.0;0.0;0.0;;0.0;0.0;0.0;0.0;0.0;;Xerez CD;;0.0;0.0;2.1;0;0.0;0 - 0;3.0;Conquense;;0.0;0.0;3.3;0;0.0;-0.25;0 - 0;0-0;2.0;0.75;-;nan;;;;;;;;;;;;;;;;0.0;0.0;0.0;0.0;;;0.0;0.0;0.0;0.0;;[];[];[];[];[];[];[];[];1.0;0.0;0.0;1.0;0.0;0.0;;;;;;;
2026-05-09;193332707;Türkiye Super Lig;Turkey;14:00;Schedule;-0.425;1.8;2.5, 3.0;2.0;2.5, 3.0;0.0;0.0;;0.0;0.0;0.0;0.0;0.0;;Konyaspor;;0.0;0.0;5.0;0;0.0;0 - 0;4.1;Fenerbahce;;0.0;0.0;1.6;0;0.0;+1.0;0 - 0;0-0;2.75;1.25;-;nan;;;;;;;;;;;;;;;;0.0;0.0;0.0;0.0;;;0.0;0.0;0.0;0.0;;[];[];[];[];[];[];[];[];1.0;0.0;0.0;1.0;0.0;0.0;3085.0;3052.0;konyaspor;fenerbahce istanbul;;;
2026-05-09;193332697;Türkiye Super Lig;Turkey;14:00;Schedule;0.06033717834960067;1.8;2.0, 2.5;2.0;2.0, 2.5;0.0;0.0;;0.0;0.0;0.0;0.0;0.0;;Kocaelispor;;0.0;0.0;2.45;0;0.0;0 - 0;3.25;Fatih Karagumruk;;0.0;0.0;2.875;0;0.0;0.0;0 - 0;0-0;2.25;1.0;-;nan;;;;;;;;;;;;;;;;0.0;0.0;0.0;0.0;;;0.0;0.0;0.0;0.0;;[];[];[];[];[];[];[];[];1.0;0.0;0.0;1.0;0.0;0.0;3065.0;4954.0;kocaelispor;fatih karagumruk istanbul;;;
2026-05-09;194188117;Luxembourg Ligue 1 Women;Luxembourg;14:00;Schedule;-0.33321335732853424;1.95;3.5;1.85;3.5;0.0;0.0;;0.0;0.0;0.0;0.0;0.0;;FC Jeunesse Junglinster (W);;0.0;0.0;3.75;0;0.0;0 - 0;4.0;Swift Hesperange (W);;0.0;0.0;1.667;0;0.0;+0.75;0 - 0;0-0;3.5;1.5;-;nan;;;;;;;;;;;;;;;;0.0;0.0;0.0;0.0;;;0.0;0.0;0.0;0.0;;[];[];[];[];[];[];[];[];1.0;0.0;0.0;1.0;0.0;0.0;;;;;;;Women
2026-05-09;193332682;Türkiye Super Lig;Turkey;14:00;Schedule;0.08558262014483209;1.975;2.0, 2.5;1.825;2.0, 2.5;0.0;0.0;;0.0;0.0;0.0;0.0;0.0;;Genclerbirligi;;0.0;0.0;2.45;0;0.0;0 - 0;3.0;Kasimpasa;;0.0;0.0;3.1;0;0.0;-0.25;0 - 0;0-0;2.25;1.0;-;nan;;;;;;;;;;;;;;;;0.0;0.0;0.0;0.0;;;0.0;0.0;0.0;0.0;;[];[];[];[];[];[];[];[];1.0;0.0;0.0;1.0;0.0;0.0;7802.0;6063.0;genclerbirligi sk;kasimpasa istanbul;;;
2026-05-09;194259205;Ecuador Primera Women;Ecuador;14:00;Schedule;-0.09740259740259738;1.95;2.5, 3.0;1.85;2.5, 3.0;0.0;0.0;;0.0;0.0;0.0;0.0;0.0;;LDU Quito (W);;0.0;0.0;2.8;0;0.0;0 - 0;3.3;Independiente del Valle (W);;0.0;0.0;2.2;0;0.0;+0.25;0 - 0;0-0;2.75;1.0;-;nan;;;;;;;;;;;;;;;;0.0;0.0;0.0;0.0;;;0.0;0.0;0.0;0.0;;[];[];[];[];[];[];[];[];1.0;0.0;0.0;1.0;0.0;0.0;5257.0;39723.0;ldu quito;csd independiente del valle;;;Women
2026-05-09;193332655;Türkiye Super Lig;Turkey;14:00;Schedule;0.0;2.0;2.5, 3.0;1.8;2.5, 3.0;0.0;0.0;;0.0;0.0;0.0;0.0;0.0;;Eyupspor;;0.0;0.0;2.55;0;0.0;0 - 0;3.5;Caykur Rizespor;;0.0;0.0;2.55;0;0.0;0.0;0 - 0;0-0;2.75;1.0;-;nan;;;;;;;;;;;;;;;;0.0;0.0;0.0;0.0;;;0.0;0.0;0.0;0.0;;[];[];[];[];[];[];[];[];1.0;0.0;0.0;1.0;0.0;0.0;7040.0;3064.0;eyupspor;caykur rizespor;;;
2026-05-09;193332653;Türkiye Super Lig;Turkey;14:00;Schedule;0.23219814241486064;1.825;3.0, 3.5;1.975;3.0, 3.5;0.0;0.0;;0.0;0.0;0.0;0.0;0.0;;Besiktas;;0.0;0.0;1.9;0;0.0;0 - 0;4.0;Trabzonspor;;0.0;0.0;3.4;0;0.0;-0.5;0 - 0;0-0;3.25;1.5;-;nan;;;;;;;;;;;;;;;;0.0;0.0;0.0;0.0;;;0.0;0.0;0.0;0.0;;[];[];[];[];[];[];[];[];1.0;0.0;0.0;1.0;0.0;0.0;3050.0;3051.0;besiktas istanbul;trabzonspor;;;
2026-05-09;193332692;Türkiye Super Lig;Turkey;14:00;Schedule;0.3776578017729787;1.9;2.5, 3.0;1.9;2.5, 3.0;0.0;0.0;;0.0;0.0;0.0;0.0;0.0;;Goztepe;;0.0;0.0;1.667;0;0.0;0 - 0;4.1;Gaziantep FK;;0.0;0.0;4.5;0;0.0;-0.75;0 - 0;0-0;2.75;1.25;-;nan;;;;;;;;;;;;;;;;0.0;0.0;0.0;0.0;;;0.0;0.0;0.0;0.0;;[];[];[];[];[];[];[];[];1.0;0.0;0.0;1.0;0.0;0.0;3054.0;5138.0;goztepe izmir;gaziantep fk;;;
2026-05-09;194167429;Israel Premier League;Israel;14:15;Schedule;-0.15360983102918585;2.0;2.5;1.8;2.5;0.0;0.0;;0.0;0.0;0.0;0.0;0.0;;Maccabi Bnei Raina;;0.0;0.0;3.1;0;0.0;0 - 0;3.1;Hapoel Ironi Kiryat Shmona;;0.0;0.0;2.1;0;0.0;+0.25;0 - 0;0-0;2.5;1.0;-;nan;;;;;;;;;;;;;;;;0.0;0.0;0.0;0.0;;;0.0;0.0;0.0;0.0;;[];[];[];[];[];[];[];[];1.0;0.0;0.0;1.0;0.0;0.0;401743.0;5399.0;maccabi bney reine;hapoel ironi kiryat shmona fc;;;
2026-05-09;194167431;Israel Premier League;Israel;14:30;Schedule;-0.2425234340127957;1.95;3.0, 3.5;1.85;3.0, 3.5;0.0;0.0;;0.0;0.0;0.0;0.0;0.0;;Maccabi Haifa;5.0;0.0;0.0;3.3;0;0.0;0 - 0;3.75;Beitar Jerusalem;2.0;0.0;0.0;1.833;0;0.0;+1.0;0 - 0;0-0;3.25;1.25;-;nan;;;;;;;;;;;;;;;;0.0;0.0;0.0;0.0;;;0.0;0.0;0.0;0.0;;[];[];[];[];[];[];[];[];1.0;0.0;0.0;1.0;0.0;0.0;5197.0;5204.0;maccabi haifa fc;beitar jerusalem fc;;;
2026-05-09;194214363;Israel Premier League;Israel;14:30;Schedule;-0.6073304040295788;1.875;3.0;1.925;3.0;0.0;0.0;;0.0;0.0;0.0;0.0;0.0;;Hapoel Petah Tikva;;0.0;0.0;7.0;0;0.0;0 - 0;4.5;Hapoel Beer Sheva;;0.0;0.0;1.333;0;0.0;+1.5;0 - 0;0-0;3.0;1.25;-;nan;;;;;;;;;;;;;;;;0.0;0.0;0.0;0.0;;;0.0;0.0;0.0;0.0;;[];[];[];[];[];[];[];[];1.0;0.0;0.0;1.0;0.0;0.0;;5202.0;;hapoel be`er sheva fc;;;
2026-05-09;193107593;Poland I Liga;Poland;14:30;Schedule;0.1875;1.9;2.5;1.9;2.5;0.0;0.0;;0.0;0.0;0.0;0.0;0.0;;Stal Mielec;;0.0;0.0;2.0;0;0.0;0 - 0;3.3;Puszcza Niepolomice;;0.0;0.0;3.2;0;0.0;-0.25;0 - 0;0-0;2.5;1.0;-;nan;;;;;;;;;;;;;;;;0.0;0.0;0.0;0.0;;;0.0;0.0;0.0;0.0;;[];[];[];[];[];[];[];[];1.0;0.0;0.0;1.0;0.0;0.0;38732.0;38729.0;fks stal mielec;puszcza niepolomice;1.61;1.61;
2026-05-09;194208591;Tanzania Premier League;Tanzania;14:30;Schedule;0.3685124798098315;1.8;2.0;2.0;2.0;0.0;0.0;;0.0;0.0;0.0;0.0;0.0;;JKT Tanzania;4.0;0.0;0.0;1.727;0;0.0;0 - 0;3.1;Mbeya City;14.0;0.0;0.0;4.75;0;0.0;-0.75;0 - 0;0-0;2.0;0.75;-;nan;;;;;;;;;;;;;;;;0.0;0.0;0.0;0.0;;;0.0;0.0;0.0;0.0;;[];[];[];[];[];[];[];[];1.0;0.0;0.0;1.0;0.0;0.0;;;;;;;
2026-05-09;194153268;France National;France;14:30;Schedule;0.14204545454545453;1.85;2.0, 2.5;1.95;2.0, 2.5;0.0;0.0;;0.0;0.0;0.0;0.0;0.0;;Bourg-Peronnas;;0.0;0.0;2.2;0;0.0;0 - 0;2.9;Valenciennes;;0.0;0.0;3.2;0;0.0;-0.25;0 - 0;0-0;2.25;1.0;-;nan;;;;;;;;;;;;;;;;0.0;0.0;0.0;0.0;;;0.0;0.0;0.0;0.0;;[];[];[];[];[];[];[];[];1.0;0.0;0.0;1.0;0.0;0.0;35056.0;5061.0;football bourg-en-bresse peronnas 01;valenciennes fc;1.83;1.83;
2026-05-09;193107600;Poland I Liga;Poland;14:30;Schedule;-0.016666666666666663;1.95;2.5, 3.0;1.85;2.5, 3.0;0.0;0.0;;0.0;0.0;0.0;0.0;0.0;;Znicz Pruszków;;0.0;0.0;2.5;0;0.0;0 - 0;3.3;Polonia Bytom;;0.0;0.0;2.4;0;0.0;0.0;0 - 0;0-0;2.75;1.0;-;nan;;;;;;;;;;;;;;;;0.0;0.0;0.0;0.0;;;0.0;0.0;0.0;0.0;;[];[];[];[];[];[];[];[];1.0;0.0;0.0;1.0;0.0;0.0;7923.0;7692.0;mks znicz pruszkow;polonia bytom;1.61;1.61;
2026-05-09;193107595;Poland I Liga;Poland;14:30;Schedule;0.09157509157509158;1.8;3.0;2.0;3.0;0.0;0.0;;0.0;0.0;0.0;0.0;0.0;;Wieczysta Krakow;;0.0;0.0;2.1;0;0.0;0 - 0;4.1;Miedz Legnica;;0.0;0.0;2.6;0;0.0;-0.5;0 - 0;0-0;3.0;1.25;-;nan;;;;;;;;;;;;;;;;0.0;0.0;0.0;0.0;;;0.0;0.0;0.0;0.0;;[];[];[];[];[];[];[];[];1.0;0.0;0.0;1.0;0.0;0.0;406863.0;35330.0;wieczysta krakow;miedz legnica;1.5;1.44;
2026-05-09;194264283;Spain U19 Cup;Spain;14:30;Schedule;0.11904761904761901;1.9;3.0;1.9;3.0;0.0;0.0;;0.0;0.0;0.0;0.0;0.0;;Las Palmas U19;;0.0;0.0;2.1;0;0.0;0 - 0;3.6;Celta Vigo U19;;0.0;0.0;2.8;0;0.0;-0.25;0 - 0;0-0;3.0;1.25;-;nan;;;;;;;;;;;;;;;;0.0;0.0;0.0;0.0;;;0.0;0.0;0.0;0.0;;[];[];[];[];[];[];[];[];1.0;0.0;0.0;1.0;0.0;0.0;6577.0;2821.0;ud las palmas;rc celta de vigo;;;Youth
2026-05-09;194153292;France National;France;14:30;Schedule;-0.07114624505928857;1.825;2.5;1.975;2.5;0.0;0.0;;0.0;0.0;0.0;0.0;0.0;;US Orleans;;0.0;0.0;2.75;0;0.0;0 - 0;3.1;FC Fleury 91;;0.0;0.0;2.3;0;0.0;+0.25;0 - 0;0-0;2.5;1.0;-;nan;;;;;;;;;;;;;;;;0.0;0.0;0.0;0.0;;;0.0;0.0;0.0;0.0;;[];[];[];[];[];[];[];[];1.0;0.0;0.0;1.0;0.0;0.0;6921.0;83361.0;us orleans;fc fleury 91;1.61;1.61;
2026-05-09;194251140;Malta Premier League;Malta;14:30;Schedule;-0.32903879559930516;1.95;2.5;1.85;2.5;0.0;0.0;;0.0;0.0;0.0;0.0;0.0;;Marsaxlokk FC;;0.0;0.0;4.0;0;0.0;0 - 0;3.6;Hamrun Spartans;;0.0;0.0;1.727;0;0.0;+0.75;0 - 0;0-0;2.5;1.0;-;nan;;;;;;;;;;;;;;;;0.0;0.0;0.0;0.0;;;0.0;0.0;0.0;0.0;;[];[];[];[];[];[];[];[];1.0;0.0;0.0;1.0;0.0;0.0;;;;;;;
2026-05-09;194091032;Serbia Super Liga;Serbia;14:30;Schedule;0.4144736842105263;1.85;3.0;1.95;3.0;0.0;0.0;;0.0;0.0;0.0;0.0;0.0;;Partizan Belgrade;;0.0;0.0;1.6;0;0.0;0 - 0;4.2;OFK Beograd;;0.0;0.0;4.75;0;0.0;-1.0;0 - 0;0-0;3.0;nan;-;nan;;;;;;;;;;;;;;;;0.0;0.0;0.0;0.0;;;0.0;0.0;0.0;0.0;;[];[];[];[];[];[];[];[];1.0;0.0;0.0;1.0;0.0;0.0;5152.0;5153.0;fk partizan belgrade;ofk beograd;1.66;1.66;
2026-05-09;194110471;France National;France;14:30;Schedule;0.16849816849816845;1.8;2.0, 2.5;2.0;2.0, 2.5;0.0;0.0;;0.0;0.0;0.0;0.0;0.0;;Rouen;4.0;0.0;0.0;2.1;0;0.0;0 - 0;3.0;Versailles;5.0;0.0;0.0;3.25;0;0.0;-0.25;0 - 0;0-0;2.25;1.0;-;nan;;;;;;;;;;;;;;;;0.0;0.0;0.0;0.0;;;0.0;0.0;0.0;0.0;;[];[];[];[];[];[];[];[];1.0;0.0;0.0;1.0;0.0;0.0;4493.0;39126.0;fc rouen;fc versailles 78;1.9;1.9;
2026-05-09;194221000;Israel Premier League;Israel;14:30;Schedule;-0.028895768833849256;1.85;2.5, 3.0;1.95;2.5, 3.0;0.0;0.0;;0.0;0.0;0.0;0.0;0.0;;Hapoel Tel Aviv;;0.0;0.0;2.55;0;0.0;0 - 0;3.3;Maccabi Tel Aviv;;0.0;0.0;2.375;0;0.0;0.0;0 - 0;0-0;2.75;1.25;-;nan;;;;;;;;;;;;;;;;0.0;0.0;0.0;0.0;;;0.0;0.0;0.0;0.0;;[];[];[];[];[];[];[];[];1.0;0.0;0.0;1.0;0.0;0.0;;5198.0;;maccabi tel aviv fc;;;
2026-05-09;194153273;France National;France;14:30;Schedule;-0.3226285391890487;1.825;2.5, 3.0;1.975;2.5, 3.0;0.0;0.0;;0.0;0.0;0.0;0.0;0.0;;Chateauroux;16.0;0.0;0.0;3.9;0;0.0;0 - 0;3.6;Sochaux;2.0;0.0;0.0;1.727;0;0.0;+0.5;0 - 0;0-0;2.75;1.25;-;nan;;;;;;;;;;;;;;;;0.0;0.0;0.0;0.0;;;0.0;0.0;0.0;0.0;;[];[];[];[];[];[];[];[];1.0;0.0;0.0;1.0;0.0;0.0;1666.0;1657.0;lb chateauroux;sochaux-montbeliard;1.83;1.83;
2026-05-09;194153270;France National;France;14:30;Schedule;0.16369047619047616;1.9;2.5, 3.0;1.9;2.5, 3.0;0.0;0.0;;0.0;0.0;0.0;0.0;0.0;;Caen;8.0;0.0;0.0;2.1;0;0.0;0 - 0;3.0;Concarneau;10.0;0.0;0.0;3.2;0;0.0;-0.25;0 - 0;0-0;2.75;1.25;-;nan;;;;;;;;;;;;;;;;0.0;0.0;0.0;0.0;;;0.0;0.0;0.0;0.0;;[];[];[];[];[];[];[];[];1.0;0.0;0.0;1.0;0.0;0.0;1667.0;6917.0;sm caen;us concarneau;1.66;1.61;
2026-05-09;194110475;France National;France;14:30;Schedule;0.36601307189542487;1.8;2.0, 2.5;2.0;2.0, 2.5;0.0;0.0;;0.0;0.0;0.0;0.0;0.0;;Paris 13 Atletico;13.0;0.0;0.0;1.7;0;0.0;0 - 0;3.3;Aubagne Air Bel;12.0;0.0;0.0;4.5;0;0.0;-0.75;0 - 0;0-0;2.25;1.0;-;nan;;;;;;;;;;;;;;;;0.0;0.0;0.0;0.0;;;0.0;0.0;0.0;0.0;;[];[];[];[];[];[];[];[];1.0;0.0;0.0;1.0;0.0;0.0;610054.0;59792.0;paris 13 atletico;sc aubagne air bel;2.0;2.0;
2026-05-09;194110479;France National;France;14:30;Schedule;-0.015384615384615441;2.025;2.5;1.775;2.5;0.0;0.0;;0.0;0.0;0.0;0.0;0.0;;Stade Briochin;;0.0;0.0;2.6;0;0.0;0 - 0;2.9;US Quevilly;;0.0;0.0;2.5;0;0.0;0.0;0 - 0;0-0;2.5;1.0;-;nan;;;;;;;;;;;;;;;;0.0;0.0;0.0;0.0;;;0.0;0.0;0.0;0.0;;[];[];[];[];[];[];[];[];1.0;0.0;0.0;1.0;0.0;0.0;236320.0;233162.0;stade briochin;quevilly-rouen metropole;1.83;1.83;
2026-05-09;194153278;France National;France;14:30;Schedule;-0.2596491228070175;1.95;2.5;1.85;2.5;0.0;0.0;;0.0;0.0;0.0;0.0;0.0;;Le Puy;7.0;0.0;0.0;3.75;0;0.0;0 - 0;3.2;Dijon;1.0;0.0;0.0;1.9;0;0.0;+0.5;0 - 0;0-0;2.5;1.0;-;nan;;;;;;;;;;;;;;;;0.0;0.0;0.0;0.0;;;0.0;0.0;0.0;0.0;;[];[];[];[];[];[];[];[];1.0;0.0;0.0;1.0;0.0;0.0;181754.0;477222.0;le puy foot 43 auvergne;dijon fco;;;
2026-05-09;194199422;Brazil Campeonato Carioca A2;Brazil;15:00;Schedule;0.09219858156028371;1.85;1.5, 2.0;1.95;1.5, 2.0;0.0;0.0;;0.0;0.0;0.0;0.0;0.0;;Audax RJ;;0.0;0.0;2.35;0;0.0;0 - 0;2.8;Araruama FC;;0.0;0.0;3.0;0;0.0;-0.25;0 - 0;0-0;1.75;0.75;-;nan;;;;;;;;;;;;;;;;0.0;0.0;0.0;0.0;;;0.0;0.0;0.0;0.0;;[];[];[];[];[];[];[];[];1.0;0.0;0.0;1.0;0.0;0.0;;;;;;;
2026-05-09;193005824;France Ligue 2;France;15:00;Schedule;-0.350140056022409;2.0;3.0;1.8;3.0;0.0;0.0;;0.0;0.0;0.0;0.0;0.0;;Grenoble;12.0;0.0;0.0;4.2;0;0.0;0 - 0;4.1;Troyes;1.0;0.0;0.0;1.7;0;0.0;+0.75;0 - 0;0-0;3.0;1.25;-;nan;;;;;;;;;;;;;;;;0.0;0.0;0.0;0.0;;;0.0;0.0;0.0;0.0;;[];[];[];[];[];[];[];[];1.0;0.0;0.0;1.0;0.0;0.0;1671.0;1652.0;grenoble foot;estac troyes;1.61;1.61;
2026-05-09;193005826;France Ligue 2;France;15:00;Schedule;0.3492063492063492;1.95;2.5;1.85;2.5;0.0;0.0;;0.0;0.0;0.0;0.0;0.0;;Laval;;0.0;0.0;1.75;0;0.0;0 - 0;3.6;Boulogne;;0.0;0.0;4.5;0;0.0;-0.75;0 - 0;0-0;2.5;1.0;-;nan;;;;;;;;;;;;;;;;0.0;0.0;0.0;0.0;;;0.0;0.0;0.0;0.0;;[];[];[];[];[];[];[];[];1.0;0.0;0.0;1.0;0.0;0.0;1673.0;1711.0;stade lavallois mfc;us boulogne;;;
2026-05-09;194114071;Saudi Arabia Division 1;Saudi Arabia;15:00;Schedule;-0.2698412698412699;1.975;2.5, 3.0;1.825;2.5, 3.0;0.0;0.0;;0.0;0.0;0.0;0.0;0.0;;Jeddah Club;;0.0;0.0;3.5;0;0.0;0 - 0;3.6;Al Orubah;;0.0;0.0;1.8;0;0.0;+0.75;0 - 0;0-0;2.75;1.0;-;nan;;;;;;;;;;;;;;;;0.0;0.0;0.0;0.0;;;0.0;0.0;0.0;0.0;;[];[];[];[];[];[];[];[];1.0;0.0;0.0;1.0;0.0;0.0;;;;;;;
2026-05-09;194200344;Brazil Paulista Serie B;Brazil;15:00;Schedule;0.053830227743271286;1.975;3.0;1.825;3.0;0.0;0.0;;0.0;0.0;0.0;0.0;0.0;;Maua U23;;0.0;0.0;2.3;0;0.0;0 - 0;3.5;Itaquaquecetuba U23;;0.0;0.0;2.625;0;0.0;0.0;0 - 0;0-0;3.0;1.25;-;nan;;;;;;;;;;;;;;;;0.0;0.0;0.0;0.0;;;0.0;0.0;0.0;0.0;;[];[];[];[];[];[];[];[];1.0;0.0;0.0;1.0;0.0;0.0;;;;;;;Youth
2026-05-09;194114062;Saudi Arabia Division 1;Saudi Arabia;15:00;Schedule;0.504225352112676;1.825;3.0;1.975;3.0;0.0;0.0;;0.0;0.0;0.0;0.0;0.0;;Al Jabalain;;0.0;0.0;1.42;0;0.0;0 - 0;4.75;Al-Arabi Al-Saudi;;0.0;0.0;5.0;0;0.0;-1.25;0 - 0;0-0;3.0;1.25;-;nan;;;;;;;;;;;;;;;;0.0;0.0;0.0;0.0;;;0.0;0.0;0.0;0.0;;[];[];[];[];[];[];[];[];1.0;0.0;0.0;1.0;0.0;0.0;;;;;;;
2026-05-09;194199417;Brazil Campeonato Carioca A2;Brazil;15:00;Schedule;0.1111111111111111;2.05;2.0;1.75;2.0;0.0;0.0;;0.0;0.0;0.0;0.0;0.0;;Serrano;;0.0;0.0;2.25;0;0.0;0 - 0;3.0;Bonsucesso FC;;0.0;0.0;3.0;0;0.0;-0.25;0 - 0;0-0;2.0;0.75;-;nan;;;;;;;;;;;;;;;;0.0;0.0;0.0;0.0;;;0.0;0.0;0.0;0.0;;[];[];[];[];[];[];[];[];1.0;0.0;0.0;1.0;0.0;0.0;;;;;;;
2026-05-09;194199632;Brazil Campeonato Gaucho U20;Brazil;15:00;Schedule;-0.07407407407407407;1.975;2.0, 2.5;1.825;2.0, 2.5;0.0;0.0;;0.0;0.0;0.0;0.0;0.0;;SC Ivoti U20;;0.0;0.0;2.7;0;0.0;0 - 0;3.4;Sao Luiz U20;;0.0;0.0;2.25;0;0.0;-0.25;0 - 0;0-0;2.25;1.0;-;nan;;;;;;;;;;;;;;;;0.0;0.0;0.0;0.0;;;0.0;0.0;0.0;0.0;;[];[];[];[];[];[];[];[];1.0;0.0;0.0;1.0;0.0;0.0;;32768.0;;ec sao luiz rs;;;Youth
2026-05-09;194200346;Brazil Paulista Serie B;Brazil;15:00;Schedule;0.38383838383838387;1.925;2.0;1.875;2.0;0.0;0.0;;0.0;0.0;0.0;0.0;0.0;;America SP U23;;0.0;0.0;1.65;0;0.0;0 - 0;3.5;Santa Fe SP U23;;0.0;0.0;4.5;0;0.0;-0.75;0 - 0;0-0;2.0;0.75;-;nan;;;;;;;;;;;;;;;;0.0;0.0;0.0;0.0;;;0.0;0.0;0.0;0.0;;[];[];[];[];[];[];[];[];1.0;0.0;0.0;1.0;0.0;0.0;;;;;;;Youth
2026-05-09;194114069;Saudi Arabia Division 1;Saudi Arabia;15:00;Schedule;-0.7407605307685458;1.9;3.5;1.9;3.5;0.0;0.0;;0.0;0.0;0.0;0.0;0.0;;Al Jubail Club;18.0;0.0;0.0;9.5;0;0.0;0 - 0;6.5;Al-Ula;4.0;0.0;0.0;1.182;0;0.0;+2.25;0 - 0;0-0;3.5;1.5;-;nan;;;;;;;;;;;;;;;;0.0;0.0;0.0;0.0;;;0.0;0.0;0.0;0.0;;[];[];[];[];[];[];[];[];1.0;0.0;0.0;1.0;0.0;0.0;;;;;;;
2026-05-09;194114065;Saudi Arabia Division 1;Saudi Arabia;15:00;Schedule;-0.5835208802200551;1.95;3.0, 3.5;1.85;3.0, 3.5;0.0;0.0;;0.0;0.0;0.0;0.0;0.0;;Al-Anwar;;0.0;0.0;6.0;0;0.0;0 - 0;5.0;Al Draih;;0.0;0.0;1.333;0;0.0;+1.5;0 - 0;0-0;3.25;1.25;-;nan;;;;;;;;;;;;;;;;0.0;0.0;0.0;0.0;;;0.0;0.0;0.0;0.0;;[];[];[];[];[];[];[];[];1.0;0.0;0.0;1.0;0.0;0.0;;;;;;;
2026-05-09;194326847;Chile Ascenso Women;Chile;15:00;Schedule;-0.05982905982905984;1.875;2.5, 3.0;1.925;2.5, 3.0;0.0;0.0;;0.0;0.0;0.0;0.0;0.0;;San Marcos De Arica (W);;0.0;0.0;2.6;0;0.0;0 - 0;3.5;La Serena (W);;0.0;0.0;2.25;0;0.0;+0.25;0 - 0;0-0;2.75;1.25;-;nan;;;;;;;;;;;;;;;;0.0;0.0;0.0;0.0;;;0.0;0.0;0.0;0.0;;[];[];[];[];[];[];[];[];1.0;0.0;0.0;1.0;0.0;0.0;;5031.0;;deportes la serena;;;Women
2026-05-09;193005798;France Ligue 2;France;15:00;Schedule;0.13196480938416422;1.8;2.5;2.0;2.5;0.0;0.0;;0.0;0.0;0.0;0.0;0.0;;Annecy;7.0;0.0;0.0;2.2;0;0.0;0 - 0;3.5;Rodez;5.0;0.0;0.0;3.1;0;0.0;-0.25;0 - 0;0-0;2.5;1.0;-;nan;;;;;;;;;;;;;;;;0.0;0.0;0.0;0.0;;;0.0;0.0;0.0;0.0;;[];[];[];[];[];[];[];[];1.0;0.0;0.0;1.0;0.0;0.0;234888.0;6925.0;fc annecy;rodez aveyron football;1.57;1.61;
2026-05-09;194114056;Saudi Arabia Division 1;Saudi Arabia;15:00;Schedule;0.5963413930405679;1.8;3.0, 3.5;2.0;3.0, 3.5;0.0;0.0;;0.0;0.0;0.0;0.0;0.0;;Abha;;0.0;0.0;1.333;0;0.0;0 - 0;4.75;Al Adalh;;0.0;0.0;6.5;0;0.0;-1.5;0 - 0;0-0;3.25;1.5;-;nan;;;;;;;;;;;;;;;;0.0;0.0;0.0;0.0;;;0.0;0.0;0.0;0.0;;[];[];[];[];[];[];[];[];1.0;0.0;0.0;1.0;0.0;0.0;;;;;;;
2026-05-09;194199419;Brazil Campeonato Carioca A2;Brazil;15:00;Schedule;0.26990553306342774;1.85;1.5, 2.0;1.95;1.5, 2.0;0.0;0.0;;0.0;0.0;0.0;0.0;0.0;;Resende;;0.0;0.0;1.9;0;0.0;0 - 0;2.9;Cabofriense;;0.0;0.0;3.9;0;0.0;-0.5;0 - 0;0-0;1.75;0.75;-;nan;;;;;;;;;;;;;;;;0.0;0.0;0.0;0.0;;;0.0;0.0;0.0;0.0;;[];[];[];[];[];[];[];[];1.0;0.0;0.0;1.0;0.0;0.0;;;;;;;
2026-05-09;194201207;Brazil Campeonato Mineiro U20;Brazil;15:00;Schedule;-0.36215816703621584;1.85;2.5, 3.0;1.95;2.5, 3.0;0.0;0.0;;0.0;0.0;0.0;0.0;0.0;;Inter De Minas U20;;0.0;0.0;4.1;0;0.0;0 - 0;3.75;Cruzeiro U20;;0.0;0.0;1.65;0;0.0;+0.75;0 - 0;0-0;2.75;1.25;-;nan;;;;;;;;;;;;;;;;0.0;0.0;0.0;0.0;;;0.0;0.0;0.0;0.0;;[];[];[];[];[];[];[];[];1.0;0.0;0.0;1.0;0.0;0.0;;1954.0;;cruzeiro ec mg;;;Youth
2026-05-09;194114059;Saudi Arabia Division 1;Saudi Arabia;15:00;Schedule;-0.5403726708074534;1.95;2.5, 3.0;1.85;2.5, 3.0;0.0;0.0;;0.0;0.0;0.0;0.0;0.0;;Al-Bukayriyah FC;;0.0;0.0;5.75;0;0.0;0 - 0;4.5;Al Faisaly Harmah;;0.0;0.0;1.4;0;0.0;+1.25;0 - 0;0-0;2.75;1.0;-;nan;;;;;;;;;;;;;;;;0.0;0.0;0.0;0.0;;;0.0;0.0;0.0;0.0;;[];[];[];[];[];[];[];[];1.0;0.0;0.0;1.0;0.0;0.0;;;;;;;
2026-05-09;194320578;Brazil Paulista Serie B;Brazil;15:00;Schedule;0.765988938225442;1.95;3.0, 3.5;1.85;3.0, 3.5;0.0;0.0;;0.0;0.0;0.0;0.0;0.0;;Matonense U23;;0.0;0.0;1.167;0;0.0;0 - 0;6.25;Gremio Catanduvense U23;;0.0;0.0;11.0;0;0.0;-1.5;0 - 0;0-0;3.25;1.25;-;nan;;;;;;;;;;;;;;;;0.0;0.0;0.0;0.0;;;0.0;0.0;0.0;0.0;;[];[];[];[];[];[];[];[];1.0;0.0;0.0;1.0;0.0;0.0;;;;;;;Youth
2026-05-09;194200683;Brazil Campeonato Cearense U20;Brazil;15:00;Schedule;0.8334233423342334;1.825;3.5, 4.0;1.975;3.5, 4.0;0.0;0.0;;0.0;0.0;0.0;0.0;0.0;;Fortaleza U20;;0.0;0.0;1.111;0;0.0;0 - 0;8.0;Anjos do Ceu FC U20;;0.0;0.0;15.0;0;0.0;-2.75;0 - 0;0-0;3.75;1.5;-;nan;;;;;;;;;;;;;;;;0.0;0.0;0.0;0.0;;;0.0;0.0;0.0;0.0;;[];[];[];[];[];[];[];[];1.0;0.0;0.0;1.0;0.0;0.0;2020.0;;fortaleza ec ce;;;;Youth
2026-05-09;194200421;Brazil Campeonato Baiano U20;Brazil;15:00;Schedule;0.08730158730158727;2.025;2.5;1.775;2.5;0.0;0.0;;0.0;0.0;0.0;0.0;0.0;;Estrela de Marco U20;;0.0;0.0;2.25;0;0.0;0 - 0;3.25;Jacuipense U20;;0.0;0.0;2.8;0;0.0;-0.25;0 - 0;0-0;2.5;1.0;-;nan;;;;;;;;;;;;;;;;0.0;0.0;0.0;0.0;;;0.0;0.0;0.0;0.0;;[];[];[];[];[];[];[];[];1.0;0.0;0.0;1.0;0.0;0.0;;87166.0;;ec jacuipense ba;;;Youth
2026-05-09;194261753;Brazil Campeonato Baiano U20;Brazil;15:00;Schedule;0.5731378299120233;1.825;2.5, 3.0;1.975;2.5, 3.0;0.0;0.0;;0.0;0.0;0.0;0.0;0.0;;Barcelona de Ilheus U20;;0.0;0.0;1.364;0;0.0;0 - 0;4.5;Catuense BA U20;;0.0;0.0;6.25;0;0.0;-1.25;0 - 0;0-0;2.75;1.25;-;nan;;;;;;;;;;;;;;;;0.0;0.0;0.0;0.0;;;0.0;0.0;0.0;0.0;;[];[];[];[];[];[];[];[];1.0;0.0;0.0;1.0;0.0;0.0;;;;;;;Youth
2026-05-09;194200679;Brazil Campeonato Catarinense U20;Brazil;15:00;Schedule;0.45231572080887156;1.825;3.0, 3.5;1.975;3.0, 3.5;0.0;0.0;;0.0;0.0;0.0;0.0;0.0;;Avai U20;;0.0;0.0;1.533;0;0.0;0 - 0;3.8;Joinville U20;;0.0;0.0;5.0;0;0.0;-1.0;0 - 0;0-0;3.25;1.25;-;nan;;;;;;;;;;;;;;;;0.0;0.0;0.0;0.0;;;0.0;0.0;0.0;0.0;;[];[];[];[];[];[];[];[];1.0;0.0;0.0;1.0;0.0;0.0;7315.0;1987.0;avai fc sc;joinville ec sc;;;Youth
2026-05-09;193005812;France Ligue 2;France;15:00;Schedule;-0.035714285714285754;1.8;2.5;2.0;2.5;0.0;0.0;;0.0;0.0;0.0;0.0;0.0;;Clermont Foot;14.0;0.0;0.0;2.625;0;0.0;0 - 0;3.7;Guingamp;11.0;0.0;0.0;2.4;0;0.0;0.0;0 - 0;0-0;2.75;1.0;-;nan;;;;;;;;;;;;;;;;0.0;0.0;0.0;0.0;;;0.0;0.0;0.0;0.0;;[];[];[];[];[];[];[];[];1.0;0.0;0.0;1.0;0.0;0.0;1680.0;1654.0;clermont foot 63;ea guingamp;1.72;1.61;
2026-05-09;194187664;Brazil Serie D;Brazil;15:00;Schedule;0.32476857194143144;2.025;2.0;1.775;2.0;0.0;0.0;;0.0;0.0;0.0;0.0;0.0;;Blumenau;;0.0;0.0;1.8;0;0.0;0 - 0;3.1;Sao Joseense;;0.0;0.0;4.333;0;0.0;-0.5;0 - 0;0-0;2.0;0.75;-;nan;;;;;;;;;;;;;;;;0.0;0.0;0.0;0.0;;;0.0;0.0;0.0;0.0;;[];[];[];[];[];[];[];[];1.0;0.0;0.0;1.0;0.0;0.0;434706.0;565594.0;blumenau ec sc;if sao joseense pr;;;
2026-05-09;193005801;France Ligue 2;France;15:00;Schedule;-0.1218637992831541;1.925;2.5;1.875;2.5;0.0;0.0;;0.0;0.0;0.0;0.0;0.0;;SC Bastia;;0.0;0.0;3.1;0;0.0;0 - 0;3.4;Le Mans;;0.0;0.0;2.25;0;0.0;+0.25;0 - 0;0-0;2.5;1.0;-;nan;;;;;;;;;;;;;;;;0.0;0.0;0.0;0.0;;;0.0;0.0;0.0;0.0;;[];[];[];[];[];[];[];[];1.0;0.0;0.0;1.0;0.0;0.0;1655.0;1672.0;sc bastia;le mans fc;2.0;1.83;
2026-05-09;193326597;Argentina Nacional B;Argentina;15:00;Schedule;0.3637355552249169;2.025;1.5, 2.0;1.775;1.5, 2.0;0.0;0.0;;0.0;0.0;0.0;0.0;0.0;;CD Moron;;0.0;0.0;1.833;0;0.0;0 - 0;2.9;Los Andes;;0.0;0.0;5.5;0;0.0;-0.5;0 - 0;0-0;1.75;0.5;-;nan;;;;;;;;;;;;;;;;0.0;0.0;0.0;0.0;;;0.0;0.0;0.0;0.0;;[];[];[];[];[];[];[];[];1.0;0.0;0.0;1.0;0.0;0.0;93109.0;112497.0;deportivo moron;club atletico los andes;2.75;3.25;Youth
2026-05-09;194304011;Peru Liga 2;Peru;15:00;Schedule;0.29914529914529914;1.9;2.0, 2.5;1.9;2.0, 2.5;0.0;0.0;;0.0;0.0;0.0;0.0;0.0;;Deportivo Llacuabamba;;0.0;0.0;1.8;0;0.0;0 - 0;3.3;Cesar Vallejo;;0.0;0.0;3.9;0;0.0;-0.5;0 - 0;0-0;2.25;1.0;-;nan;;;;;;;;;;;;;;;;0.0;0.0;0.0;0.0;;;0.0;0.0;0.0;0.0;;[];[];[];[];[];[];[];[];1.0;0.0;0.0;1.0;0.0;0.0;;;;;;;
2026-05-09;193332482;South Africa Premier;South Africa;15:00;Schedule;-0.6449243889919849;1.95;2.0, 2.5;1.85;2.0, 2.5;0.0;0.0;;0.0;0.0;0.0;0.0;0.0;;Magesi FC;;0.0;0.0;9.5;0;0.0;0 - 0;4.1;Orlando Pirates;;0.0;0.0;1.333;0;0.0;+1.25;0 - 0;0-0;2.25;1.0;-;nan;;;;;;;;;;;;;;;;0.0;0.0;0.0;0.0;;;0.0;0.0;0.0;0.0;;[];[];[];[];[];[];[];[];1.0;0.0;0.0;1.0;0.0;0.0;90844.0;7668.0;magesi fc;orlando pirates fc;;;
2026-05-09;194200585;Montenegro Prva Liga;Montenegro;15:00;Schedule;-0.2596491228070175;1.775;2.0;2.025;2.0;0.0;0.0;;0.0;0.0;0.0;0.0;0.0;;Arsenal Tivat;;0.0;0.0;3.75;0;0.0;0 - 0;3.1;Sutjeska Niksic;;0.0;0.0;1.9;0;0.0;+0.5;0 - 0;0-0;2.0;0.75;-;nan;;;;;;;;;;;;;;;;0.0;0.0;0.0;0.0;;;0.0;0.0;0.0;0.0;;[];[];[];[];[];[];[];[];1.0;0.0;0.0;1.0;0.0;0.0;;;;;;;
2026-05-09;193330360;Saudi Arabia Pro League;Saudi Arabia;15:00;Schedule;-0.5664711632453567;2.0;3.0, 3.5;1.8;3.0, 3.5;0.0;0.0;;0.0;0.0;0.0;0.0;0.0;;Al Feiha;;0.0;0.0;6.0;0;0.0;0 - 0;4.5;Al Qadisiya Al Khubar;;0.0;0.0;1.364;0;0.0;+1.5;0 - 0;0-0;3.25;1.25;-;nan;;;;;;;;;;;;;;;;0.0;0.0;0.0;0.0;;;0.0;0.0;0.0;0.0;;[];[];[];[];[];[];[];[];1.0;0.0;0.0;1.0;0.0;0.0;168094.0;56027.0;al-fayha fc;al qadsiah;;;
2026-05-09;194261137;Brazil Campeonato Mineiro U20;Brazil;15:00;Schedule;0.34346976758494446;1.95;3.0;1.85;3.0;0.0;0.0;;0.0;0.0;0.0;0.0;0.0;;Nacional de Muriae U20;;0.0;0.0;1.667;0;0.0;0 - 0;3.75;Social FC MG U20;;0.0;0.0;3.9;0;0.0;-0.75;0 - 0;0-0;3.0;1.25;-;nan;;;;;;;;;;;;;;;;0.0;0.0;0.0;0.0;;;0.0;0.0;0.0;0.0;;[];[];[];[];[];[];[];[];1.0;0.0;0.0;1.0;0.0;0.0;;;;;;;Youth
2026-05-09;194169174;Peru Liga 2;Peru;15:00;Schedule;0.348251811985181;2.0;2.0, 2.5;1.8;2.0, 2.5;0.0;0.0;;0.0;0.0;0.0;0.0;0.0;;Deportivo Binacional;;0.0;0.0;1.727;0;0.0;0 - 0;3.3;Ayacucho FC;;0.0;0.0;4.333;0;0.0;-0.75;0 - 0;0-0;2.25;0.75;-;nan;;;;;;;;;;;;;;;;0.0;0.0;0.0;0.0;;;0.0;0.0;0.0;0.0;;[];[];[];[];[];[];[];[];1.0;0.0;0.0;1.0;0.0;0.0;;;;;;;
2026-05-09;194201407;Brazil Campeonato Paranaense U20;Brazil;15:00;Schedule;0.5835208802200551;1.95;3.5;1.85;3.5;0.0;0.0;;0.0;0.0;0.0;0.0;0.0;;Coritiba U20;;0.0;0.0;1.333;0;0.0;0 - 0;5.0;Galo Maringa U20;;0.0;0.0;6.0;0;0.0;-1.5;0 - 0;0-0;3.5;1.5;-;nan;;;;;;;;;;;;;;;;0.0;0.0;0.0;0.0;;;0.0;0.0;0.0;0.0;;[];[];[];[];[];[];[];[];1.0;0.0;0.0;1.0;0.0;0.0;1982.0;;coritiba fc pr;;;;Youth
2026-05-09;193005839;France Ligue 2;France;15:00;Schedule;0.7902313624678663;1.95;3.5;1.85;3.5;0.0;0.0;;0.0;0.0;0.0;0.0;0.0;;St Etienne;3.0;0.0;0.0;1.167;0;0.0;0 - 0;7.5;Amiens;18.0;0.0;0.0;15.0;0;0.0;-2.25;0 - 0;0-0;3.5;1.5;-;nan;;;;;;;;;;;;;;;;0.0;0.0;0.0;0.0;;;0.0;0.0;0.0;0.0;;[];[];[];[];[];[];[];[];1.0;0.0;0.0;1.0;0.0;0.0;1678.0;1676.0;as saint-etienne;amiens sc;1.83;1.72;
2026-05-09;193005830;France Ligue 2;France;15:00;Schedule;0.0;1.95;2.5, 3.0;1.85;2.5, 3.0;0.0;0.0;;0.0;0.0;0.0;0.0;0.0;;Nancy;15.0;0.0;0.0;2.625;0;0.0;0 - 0;3.3;Dunkerque;10.0;0.0;0.0;2.625;0;0.0;0.0;0 - 0;0-0;2.75;1.0;-;nan;;;;;;;;;;;;;;;;0.0;0.0;0.0;0.0;;;0.0;0.0;0.0;0.0;;[];[];[];[];[];[];[];[];1.0;0.0;0.0;1.0;0.0;0.0;1675.0;6918.0;nancy-lorraine;usl dunkerque;1.61;1.61;
2026-05-09;193329727;Peru Liga 1;Peru;15:00;Schedule;0.1014492753623189;1.9;2.0, 2.5;1.9;2.0, 2.5;0.0;0.0;;0.0;0.0;0.0;0.0;0.0;;Deportivo Moquegua;;0.0;0.0;2.3;0;0.0;0 - 0;3.2;AD Tarma;;0.0;0.0;3.0;0;0.0;-0.25;0 - 0;0-0;2.25;1.0;-;nan;;;;;;;;;;;;;;;;0.0;0.0;0.0;0.0;;;0.0;0.0;0.0;0.0;;[];[];[];[];[];[];[];[];1.0;0.0;0.0;1.0;0.0;0.0;1084092.0;655781.0;cd moquegua;asociacion deportiva tarma;1.9;1.83;
2026-05-09;194088128;Netherlands Eerste Divisie;Netherlands;15:00;Schedule;0.1774193548387097;1.975;3.5, 4.0;1.825;3.5, 4.0;0.0;0.0;;0.0;0.0;0.0;0.0;0.0;;De Graafschap;;0.0;0.0;2.0;0;0.0;0 - 0;4.2;Almere City;;0.0;0.0;3.1;0;0.0;-0.5;0 - 0;0-0;3.75;1.5;-;nan;;;;;;;;;;;;;;;;0.0;0.0;0.0;0.0;;;0.0;0.0;0.0;0.0;;[];[];[];[];[];[];[];[];1.0;0.0;0.0;1.0;0.0;0.0;2949.0;2990.0;de graafschap;almere city fc;;;
2026-05-09;193330099;Romania Liga I;Romania;15:00;Schedule;0.29054054054054046;2.0;2.5;1.8;2.5;0.0;0.0;;0.0;0.0;0.0;0.0;0.0;;Universitatea Cluj;;0.0;0.0;1.85;0;0.0;0 - 0;3.3;Rapid Bucuresti;;0.0;0.0;4.0;0;0.0;-0.5;0 - 0;0-0;2.5;1.0;-;nan;;;;;;;;;;;;;;;;0.0;0.0;0.0;0.0;;;0.0;0.0;0.0;0.0;;[];[];[];[];[];[];[];[];1.0;0.0;0.0;1.0;0.0;0.0;7734.0;3302.0;fc universitatea cluj;rapid bucuresti 1923;;;
2026-05-09;193326643;Argentina Nacional B;Argentina;15:00;Schedule;0.07211538461538458;1.825;1.5, 2.0;1.975;1.5, 2.0;0.0;0.0;;0.0;0.0;0.0;0.0;0.0;;CA San Telmo;;0.0;0.0;2.6;0;0.0;0 - 0;2.8;Club Atletico Mitre;;0.0;0.0;3.2;0;0.0;0.0;0 - 0;0-0;1.75;0.75;-;nan;;;;;;;;;;;;;;;;0.0;0.0;0.0;0.0;;;0.0;0.0;0.0;0.0;;[];[];[];[];[];[];[];[];1.0;0.0;0.0;1.0;0.0;0.0;241512.0;313625.0;ca san telmo;mitre santiago del estero;2.5;2.25;Youth
2026-05-09;194261135;Brazil Campeonato Paranaense U20;Brazil;15:00;Schedule;0.7457869180234218;1.775;3.0;2.025;3.0;0.0;0.0;;0.0;0.0;0.0;0.0;0.0;;Athletico Paranaense U20;;0.0;0.0;1.167;0;0.0;0 - 0;7.0;Hope International U20;;0.0;0.0;9.0;0;0.0;-2.25;0 - 0;0-0;3.0;1.25;-;nan;;;;;;;;;;;;;;;;0.0;0.0;0.0;0.0;;;0.0;0.0;0.0;0.0;;[];[];[];[];[];[];[];[];1.0;0.0;0.0;1.0;0.0;0.0;1967.0;;ca paranaense pr;;;;Youth
2026-05-09;193326651;Argentina Nacional B;Argentina;15:00;Schedule;0.1515151515151515;2.0;2.0;1.8;2.0;0.0;0.0;;0.0;0.0;0.0;0.0;0.0;;Tristan Suarez;;0.0;0.0;2.2;0;0.0;0 - 0;3.2;Ferrocarril Midland;;0.0;0.0;3.3;0;0.0;-0.25;0 - 0;0-0;2.0;0.75;-;nan;;;;;;;;;;;;;;;;0.0;0.0;0.0;0.0;;;0.0;0.0;0.0;0.0;;[];[];[];[];[];[];[];[];1.0;0.0;0.0;1.0;0.0;0.0;93513.0;388194.0;csd tristan suarez;ca ferrocarril midland;2.5;2.62;Youth
2026-05-09;194201404;Brazil Campeonato Paranaense U20;Brazil;15:00;Schedule;0.3123721289326385;1.9;2.5, 3.0;1.9;2.5, 3.0;0.0;0.0;;0.0;0.0;0.0;0.0;0.0;;Araucaria ECR U20;;0.0;0.0;1.727;0;0.0;0 - 0;3.75;Patriotas U20;;0.0;0.0;3.75;0;0.0;-0.25;0 - 0;0-0;2.75;1.25;-;nan;;;;;;;;;;;;;;;;0.0;0.0;0.0;0.0;;;0.0;0.0;0.0;0.0;;[];[];[];[];[];[];[];[];1.0;0.0;0.0;1.0;0.0;0.0;;;;;;;Youth
2026-05-09;193005837;France Ligue 2;France;15:00;Schedule;0.6168542135533884;1.925;3.0, 3.5;1.875;3.0, 3.5;0.0;0.0;;0.0;0.0;0.0;0.0;0.0;;Reims;6.0;0.0;0.0;1.333;0;0.0;0 - 0;5.5;Pau;9.0;0.0;0.0;7.5;0;0.0;-1.5;0 - 0;0-0;3.25;1.25;-;nan;;;;;;;;;;;;;;;;0.0;0.0;0.0;0.0;;;0.0;0.0;0.0;0.0;;[];[];[];[];[];[];[];[];1.0;0.0;0.0;1.0;0.0;0.0;1682.0;1685.0;stade reims;pau fc;1.83;1.72;
2026-05-09;194261117;Brazil Paulista Serie B;Brazil;15:00;Schedule;0.45231572080887156;2.0;2.5, 3.0;1.8;2.5, 3.0;0.0;0.0;;0.0;0.0;0.0;0.0;0.0;;Tupa U23;;0.0;0.0;1.533;0;0.0;0 - 0;3.8;Riopretano U23;;0.0;0.0;5.0;0;0.0;-0.5;0 - 0;0-0;2.75;1.0;-;nan;;;;;;;;;;;;;;;;0.0;0.0;0.0;0.0;;;0.0;0.0;0.0;0.0;;[];[];[];[];[];[];[];[];1.0;0.0;0.0;1.0;0.0;0.0;;;;;;;Youth
2026-05-09;194209163;Peru Campeonato Nacional Women;Peru;15:00;Schedule;-0.367965367965368;1.85;3.0, 3.5;1.95;3.0, 3.5;0.0;0.0;;0.0;0.0;0.0;0.0;0.0;;Flamengo FBC (W);9.0;0.0;0.0;4.2;0;0.0;0 - 0;3.9;FBC Melgar (W);8.0;0.0;0.0;1.65;0;0.0;+0.75;0 - 0;0-0;3.25;1.5;-;nan;;;;;;;;;;;;;;;;0.0;0.0;0.0;0.0;;;0.0;0.0;0.0;0.0;;[];[];[];[];[];[];[];[];1.0;0.0;0.0;1.0;0.0;0.0;;2308.0;;fbc melgar;;;Women
2026-05-09;194160308;Saudi Arabia Division 1;Saudi Arabia;15:00;Schedule;-0.06349206349206349;1.925;2.5, 3.0;1.875;2.5, 3.0;0.0;0.0;;0.0;0.0;0.0;0.0;0.0;;Al Zulfi;;0.0;0.0;2.625;0;0.0;0 - 0;3.5;Al Raed;;0.0;0.0;2.25;0;0.0;+0.25;0 - 0;0-0;2.75;1.25;-;nan;;;;;;;;;;;;;;;;0.0;0.0;0.0;0.0;;;0.0;0.0;0.0;0.0;;[];[];[];[];[];[];[];[];1.0;0.0;0.0;1.0;0.0;0.0;;;;;;;
2026-05-09;194162295;Argentina Primera B Metropolitana;Argentina;15:00;Schedule;-0.10897435897435898;1.8;1.5, 2.0;2.0;1.5, 2.0;0.0;0.0;;0.0;0.0;0.0;0.0;0.0;;CA Brown de Adrogue;18.0;0.0;0.0;3.25;0;0.0;0 - 0;2.55;Sportivo Italiano;4.0;0.0;0.0;2.4;0;0.0;0.0;0 - 0;0-0;1.75;0.75;-;nan;;;;;;;;;;;;;;;;0.0;0.0;0.0;0.0;;;0.0;0.0;0.0;0.0;;[];[];[];[];[];[];[];[];1.0;0.0;0.0;1.0;0.0;0.0;107201.0;36843.0;ca brown de adrogue;cs italiano;;;Youth
2026-05-09;193005834;France Ligue 2;France;15:00;Schedule;0.35681657337708295;1.875;2.5, 3.0;1.925;2.5, 3.0;0.0;0.0;;0.0;0.0;0.0;0.0;0.0;;Red Star FC 93;4.0;0.0;0.0;1.727;0;0.0;0 - 0;3.8;Montpellier;8.0;0.0;0.0;4.5;0;0.0;-0.75;0 - 0;0-0;2.75;1.25;-;nan;;;;;;;;;;;;;;;;0.0;0.0;0.0;0.0;;;0.0;0.0;0.0;0.0;;[];[];[];[];[];[];[];[];1.0;0.0;0.0;1.0;0.0;0.0;52874.0;1642.0;red star fc;montpellier hsc;1.66;1.66;
2026-05-09;194200342;Brazil Paulista Serie B;Brazil;15:00;Schedule;0.2923976608187135;1.8;2.5;2.0;2.5;0.0;0.0;;0.0;0.0;0.0;0.0;0.0;;Manthiqueira U23;;0.0;0.0;1.8;0;0.0;0 - 0;3.3;Barcelona SP U23;;0.0;0.0;3.8;0;0.0;-0.5;0 - 0;0-0;2.5;1.0;-;nan;;;;;;;;;;;;;;;;0.0;0.0;0.0;0.0;;;0.0;0.0;0.0;0.0;;[];[];[];[];[];[];[];[];1.0;0.0;0.0;1.0;0.0;0.0;;;;;;;Youth
2026-05-09;193762020;Poland Ekstraklasa;Poland;15:15;Schedule;0.4547190556102078;1.775;2.0, 2.5;2.025;2.0, 2.5;0.0;0.0;;0.0;0.0;0.0;0.0;0.0;;Gornik Zabrze;2.0;0.0;0.0;1.571;0;0.0;0 - 0;3.5;Zaglebie Lubin;6.0;0.0;0.0;5.5;0;0.0;-0.75;0 - 0;0-0;2.25;1.0;-;nan;;;;;;;;;;;;;;;;0.0;0.0;0.0;0.0;;;0.0;0.0;0.0;0.0;;[];[];[];[];[];[];[];[];1.0;0.0;0.0;1.0;0.0;0.0;3110.0;3113.0;gornik zabrze;zaglebie lubin;1.9;1.9;
2026-05-09;193330193;Slovenia Prva Liga;Slovenia;15:15;Schedule;0.21381578947368418;1.8;2.5;2.0;2.5;0.0;0.0;;0.0;0.0;0.0;0.0;0.0;;NK Maribor;;0.0;0.0;1.9;0;0.0;0 - 0;3.7;Olimpija Ljubljana;;0.0;0.0;3.2;0;0.0;-0.5;0 - 0;0-0;2.75;1.0;-;nan;;;;;;;;;;;;;;;;0.0;0.0;0.0;0.0;;;0.0;0.0;0.0;0.0;;[];[];[];[];[];[];[];[];1.0;0.0;0.0;1.0;0.0;0.0;2420.0;2416.0;nk maribor;olimpija ljubljana;1.61;1.8;
2026-05-09;193820460;Argentina Primera C Metropolitana;Argentina;15:30;Schedule;-0.17940199335548174;1.85;1.5, 2.0;1.95;1.5, 2.0;0.0;0.0;;0.0;0.0;0.0;0.0;0.0;;Central Ballester;;0.0;0.0;3.5;0;0.0;0 - 0;2.7;CA Claypole;;0.0;0.0;2.15;0;0.0;+0.25;0 - 0;0-0;1.75;0.75;-;nan;;;;;;;;;;;;;;;;0.0;0.0;0.0;0.0;;;0.0;0.0;0.0;0.0;;[];[];[];[];[];[];[];[];1.0;0.0;0.0;1.0;0.0;0.0;377552.0;377570.0;central ballester;ca claypole;;;
2026-05-09;193196544;Ecuador LigaPro Serie A;Ecuador;15:30;Schedule;0.29552880585956004;2.0;2.0;1.8;2.0;0.0;0.0;;0.0;0.0;0.0;0.0;0.0;;Tecnico Universitario;;0.0;0.0;1.9;0;0.0;0 - 0;2.9;Delfin SC;;0.0;0.0;4.333;0;0.0;-0.5;0 - 0;0-0;2.0;0.75;-;nan;;;;;;;;;;;;;;;;0.0;0.0;0.0;0.0;;;0.0;0.0;0.0;0.0;;[];[];[];[];[];[];[];[];1.0;0.0;0.0;1.0;0.0;0.0;21941.0;241468.0;cd tecnico universitario;delfin sc;2.1;2.2;
2026-05-09;194260944;Argentina Torneo A;Argentina;15:30;Schedule;0.3492063492063492;1.95;2.0;1.85;2.0;0.0;0.0;;0.0;0.0;0.0;0.0;0.0;;Independiente Chivilcoy;;0.0;0.0;1.75;0;0.0;0 - 0;3.0;Club Atlético El Linqueño;;0.0;0.0;4.5;0;0.0;-0.5;0 - 0;0-0;2.0;0.75;-;nan;;;;;;;;;;;;;;;;0.0;0.0;0.0;0.0;;;0.0;0.0;0.0;0.0;;[];[];[];[];[];[];[];[];1.0;0.0;0.0;1.0;0.0;0.0;300078.0;354960.0;independiente de chivilcoy;ca linqueno;;;
2026-05-09;194187648;Brazil Serie D;Brazil;15:30;Schedule;0.24255024255024266;2.05;2.0, 2.5;1.75;2.0, 2.5;0.0;0.0;;0.0;0.0;0.0;0.0;0.0;;IAPE;;0.0;0.0;1.95;0;0.0;0 - 0;3.0;Parnahyba;;0.0;0.0;3.7;0;0.0;-0.5;0 - 0;0-0;2.25;0.75;-;nan;;;;;;;;;;;;;;;;0.0;0.0;0.0;0.0;;;0.0;0.0;0.0;0.0;;[];[];[];[];[];[];[];[];1.0;0.0;0.0;1.0;0.0;0.0;49203.0;35282.0;iape ma;parnahyba sc pi;;;
2026-05-09;193326638;Argentina Nacional B;Argentina;15:30;Schedule;0.1388888888888889;1.85;1.5;1.95;1.5;0.0;0.0;;0.0;0.0;0.0;0.0;0.0;;CA San Miguel;;0.0;0.0;2.4;0;0.0;0 - 0;2.7;CA Estudiantes Caseros;;0.0;0.0;3.6;0;0.0;-0.25;0 - 0;0-0;1.5;0.5;-;nan;;;;;;;;;;;;;;;;0.0;0.0;0.0;0.0;;;0.0;0.0;0.0;0.0;;[];[];[];[];[];[];[];[];1.0;0.0;0.0;1.0;0.0;0.0;373076.0;93107.0;ca san miguel;ca estudiantes;2.5;2.5;Youth
2026-05-09;193326648;Argentina Nacional B;Argentina;15:30;Schedule;0.24970963995354245;2.0;2.0;1.8;2.0;0.0;0.0;;0.0;0.0;0.0;0.0;0.0;;Temperley;;0.0;0.0;2.05;0;0.0;0 - 0;3.0;Deportivo Maipu;;0.0;0.0;4.2;0;0.0;-0.5;0 - 0;0-0;2.0;0.75;-;nan;;;;;;;;;;;;;;;;0.0;0.0;0.0;0.0;;;0.0;0.0;0.0;0.0;;[];[];[];[];[];[];[];[];1.0;0.0;0.0;1.0;0.0;0.0;112499.0;240854.0;ca temperley;cd maipu;2.5;2.5;Youth
2026-05-09;194207593;Italy Serie C Super Cup;Italy;15:30;Schedule;0.23219814241486064;1.95;2.5;1.85;2.5;0.0;0.0;;0.0;0.0;0.0;0.0;0.0;;Benevento;;0.0;0.0;1.9;0;0.0;0 - 0;3.3;Arezzo;;0.0;0.0;3.4;0;0.0;-0.5;0 - 0;0-0;2.5;1.0;-;nan;;;;;;;;;;;;;;;;0.0;0.0;0.0;0.0;;;0.0;0.0;0.0;0.0;;[];[];[];[];[];[];[];[];1.0;0.0;0.0;1.0;0.0;0.0;2759.0;2731.0;benevento calcio;ss arezzo;;;
2026-05-09;194052234;Uruguay Apertura;Uruguay;15:30;Schedule;0.09661835748792269;1.975;2.0;1.825;2.0;0.0;0.0;;0.0;0.0;0.0;0.0;0.0;;Danubio;;0.0;0.0;2.25;0;0.0;0 - 0;3.0;Albion FC;;0.0;0.0;2.875;0;0.0;-0.25;0 - 0;0-0;2.0;0.75;-;nan;;;;;;;;;;;;;;;;0.0;0.0;0.0;0.0;;;0.0;0.0;0.0;0.0;;[];[];[];[];[];[];[];[];1.0;0.0;0.0;1.0;0.0;0.0;3228.0;417775.0;danubio fc;albion fc;2.0;2.1;
2026-05-09;194261728;Brazil Serie A2 Women;Brazil;15:30;Schedule;0.24060150375939848;1.9;2.5, 3.0;1.9;2.5, 3.0;0.0;0.0;;0.0;0.0;0.0;0.0;0.0;;Paysandu (W);;0.0;0.0;1.9;0;0.0;0 - 0;3.3;Vila Nova GO (W);;0.0;0.0;3.5;0;0.0;-0.25;0 - 0;0-0;2.75;1.25;-;nan;;;;;;;;;;;;;;;;0.0;0.0;0.0;0.0;;;0.0;0.0;0.0;0.0;;[];[];[];[];[];[];[];[];1.0;0.0;0.0;1.0;0.0;0.0;1997.0;;paysandu sc pa;;;;Women
2026-05-09;194333363;Argentina Primera C Metropolitana;Argentina;15:30;Schedule;-0.07622504537205077;2.025;2.0;1.775;2.0;0.0;0.0;;0.0;0.0;0.0;0.0;0.0;;Estrella del Sur Alejandro Korn;;0.0;0.0;2.9;0;0.0;0 - 0;2.9;Berazategui;;0.0;0.0;2.375;0;0.0;0.0;0 - 0;0-0;2.0;0.75;-;nan;;;;;;;;;;;;;;;;0.0;0.0;0.0;0.0;;;0.0;0.0;0.0;0.0;;[];[];[];[];[];[];[];[];1.0;0.0;0.0;1.0;0.0;0.0;1074128.0;388236.0;club estrella del sur (alejandro korn);ad berazategui;;;
2026-05-09;194162309;Argentina Primera B Metropolitana;Argentina;15:30;Schedule;0.06666666666666671;1.925;1.5, 2.0;1.875;1.5, 2.0;0.0;0.0;;0.0;0.0;0.0;0.0;0.0;;CSD Flandria;;0.0;0.0;2.5;0;0.0;0 - 0;2.7;Deportivo Merlo;;0.0;0.0;3.0;0;0.0;0.0;0 - 0;0-0;1.75;0.75;-;nan;;;;;;;;;;;;;;;;0.0;0.0;0.0;0.0;;;0.0;0.0;0.0;0.0;;[];[];[];[];[];[];[];[];1.0;0.0;0.0;1.0;0.0;0.0;112505.0;36840.0;csd flandria;deportivo merlo;;;Youth
2026-05-09;194164520;Brazil Serie D;Brazil;15:30;Schedule;0.15032679738562088;1.9;1.5, 2.0;1.9;1.5, 2.0;0.0;0.0;;0.0;0.0;0.0;0.0;0.0;;Maracanã;;0.0;0.0;2.25;0;0.0;0 - 0;2.625;Sampaio Correa;;0.0;0.0;3.4;0;0.0;-0.25;0 - 0;0-0;1.75;0.75;-;nan;;;;;;;;;;;;;;;;0.0;0.0;0.0;0.0;;;0.0;0.0;0.0;0.0;;[];[];[];[];[];[];[];[];1.0;0.0;0.0;1.0;0.0;0.0;87156.0;2005.0;maracana ec ce;sampaio correa fc ma;;;
2026-05-09;193820471;Argentina Primera C Metropolitana;Argentina;15:30;Schedule;-0.02380952380952378;1.925;1.5, 2.0;1.875;1.5, 2.0;0.0;0.0;;0.0;0.0;0.0;0.0;0.0;;Juventud Unida San Miguel;;0.0;0.0;2.8;0;0.0;0 - 0;2.7;JJ Urquiza;;0.0;0.0;2.625;0;0.0;0.0;0 - 0;0-0;1.75;0.75;-;nan;;;;;;;;;;;;;;;;0.0;0.0;0.0;0.0;;;0.0;0.0;0.0;0.0;;[];[];[];[];[];[];[];[];1.0;0.0;0.0;1.0;0.0;0.0;377574.0;211856.0;juventud unida san miguel;asd justo jose de urquiza;;;
2026-05-09;194162298;Argentina Primera B Metropolitana;Argentina;15:30;Schedule;-0.05102040816326525;2.025;2.0;1.775;2.0;0.0;0.0;;0.0;0.0;0.0;0.0;0.0;;Defensores Unidos;20.0;0.0;0.0;2.8;0;0.0;0 - 0;2.8;Club Comunicaciones;9.0;0.0;0.0;2.45;0;0.0;0.0;0 - 0;0-0;2.0;0.75;-;nan;;;;;;;;;;;;;;;;0.0;0.0;0.0;0.0;;;0.0;0.0;0.0;0.0;;[];[];[];[];[];[];[];[];1.0;0.0;0.0;1.0;0.0;0.0;93515.0;112501.0;ca defensores unidos;club comunicaciones;;;Youth
2026-05-09;193820469;Argentina Primera C Metropolitana;Argentina;15:30;Schedule;0.160427807486631;1.825;1.5, 2.0;1.975;1.5, 2.0;0.0;0.0;;0.0;0.0;0.0;0.0;0.0;;Argentino de Rosario;;0.0;0.0;2.2;0;0.0;0 - 0;2.75;Victoriano Arenas;;0.0;0.0;3.4;0;0.0;-0.25;0 - 0;0-0;1.75;0.75;-;nan;;;;;;;;;;;;;;;;0.0;0.0;0.0;0.0;;;0.0;0.0;0.0;0.0;;[];[];[];[];[];[];[];[];1.0;0.0;0.0;1.0;0.0;0.0;377568.0;377564.0;argentino de rosario;ca victoriano arenas;;;
2026-05-09;194162293;Argentina Primera B Metropolitana;Argentina;15:30;Schedule;0.1515151515151515;1.85;1.5, 2.0;1.95;1.5, 2.0;0.0;0.0;;0.0;0.0;0.0;0.0;0.0;;Argentino Merlo;10.0;0.0;0.0;2.2;0;0.0;0 - 0;2.75;Deportivo Liniers;13.0;0.0;0.0;3.3;0;0.0;-0.25;0 - 0;0-0;1.75;0.75;-;nan;;;;;;;;;;;;;;;;0.0;0.0;0.0;0.0;;;0.0;0.0;0.0;0.0;;[];[];[];[];[];[];[];[];1.0;0.0;0.0;1.0;0.0;0.0;210370.0;196432.0;argentino de merlo;csd liniers;;;Youth
2026-05-09;194162317;Argentina Primera B Metropolitana;Argentina;15:30;Schedule;0.1620859760394644;2.05;2.0, 2.5;1.75;2.0, 2.5;0.0;0.0;;0.0;0.0;0.0;0.0;0.0;;Deportivo Laferrere;;0.0;0.0;2.15;0;0.0;0 - 0;2.8;San Martin De Burzaco;;0.0;0.0;3.3;0;0.0;-0.25;0 - 0;0-0;2.25;0.75;-;nan;;;;;;;;;;;;;;;;0.0;0.0;0.0;0.0;;;0.0;0.0;0.0;0.0;;[];[];[];[];[];[];[];[];1.0;0.0;0.0;1.0;0.0;0.0;273669.0;388242.0;cscd laferrere;csd san martin;;;Youth
2026-05-09;194162333;Argentina Primera B Metropolitana;Argentina;15:30;Schedule;0.3450292397660819;1.8;1.5, 2.0;2.0;1.5, 2.0;0.0;0.0;;0.0;0.0;0.0;0.0;0.0;;Talleres Remedios;6.0;0.0;0.0;1.8;0;0.0;0 - 0;3.0;Villa San Carlos;19.0;0.0;0.0;4.75;0;0.0;-0.5;0 - 0;0-0;1.75;0.75;-;nan;;;;;;;;;;;;;;;;0.0;0.0;0.0;0.0;;;0.0;0.0;0.0;0.0;;[];[];[];[];[];[];[];[];1.0;0.0;0.0;1.0;0.0;0.0;210418.0;107199.0;ca talleres de remedios;ca villa san carlos;;;Youth
2026-05-09;193332843;Switzerland Super League;Switzerland;15:30;Schedule;0.13178294573643412;2.0;3.0, 3.5;1.8;3.0, 3.5;0.0;0.0;;0.0;0.0;0.0;0.0;0.0;;Lucerne;7.0;0.0;0.0;2.15;0;0.0;0 - 0;3.75;Servette;8.0;0.0;0.0;3.0;0;0.0;-0.25;0 - 0;0-0;3.25;1.25;-;nan;;;;;;;;;;;;;;;;0.0;0.0;0.0;0.0;;;0.0;0.0;0.0;0.0;;[];[];[];[];[];[];[];[];1.0;0.0;0.0;1.0;0.0;0.0;2453.0;2448.0;fc luzern;servette geneva;1.4;1.44;
2026-05-09;194162302;Argentina Primera B Metropolitana;Argentina;15:30;Schedule;0.15032679738562088;1.95;1.5, 2.0;1.85;1.5, 2.0;0.0;0.0;;0.0;0.0;0.0;0.0;0.0;;Deportivo Armenio;;0.0;0.0;2.25;0;0.0;0 - 0;2.7;Deportivo Camioneros;;0.0;0.0;3.4;0;0.0;-0.25;0 - 0;0-0;1.75;0.75;-;nan;;;;;;;;;;;;;;;;0.0;0.0;0.0;0.0;;;0.0;0.0;0.0;0.0;;[];[];[];[];[];[];[];[];1.0;0.0;0.0;1.0;0.0;0.0;93105.0;336147.0;cd armenio;deportivo camioneros;;;Youth
2026-05-09;194327092;Mali Premiere Division;Mali;15:30;Schedule;-0.10295126973232671;1.85;1.5, 2.0;1.95;1.5, 2.0;0.0;0.0;;0.0;0.0;0.0;0.0;0.0;;FC Binga;4.0;0.0;0.0;3.1;0;0.0;0 - 0;2.75;Real Bamako;3.0;0.0;0.0;2.35;0;0.0;+0.25;0 - 0;0-0;1.75;0.75;-;nan;;;;;;;;;;;;;;;;0.0;0.0;0.0;0.0;;;0.0;0.0;0.0;0.0;;[];[];[];[];[];[];[];[];1.0;0.0;0.0;1.0;0.0;0.0;;;;;;;
2026-05-09;193330541;USA MLS;USA;15:30;Schedule;0.47619047619047616;1.875;3.5;1.925;3.5;0.0;0.0;;0.0;0.0;0.0;0.0;0.0;;Chicago Fire;;0.0;0.0;1.5;0;0.0;0 - 0;5.0;NY Red Bulls;;0.0;0.0;5.25;0;0.0;-1.0;0 - 0;0-0;3.5;1.5;-;nan;;;;;;;;;;;;;;;;0.0;0.0;0.0;0.0;;;0.0;0.0;0.0;0.0;;[];[];[];[];[];[];[];[];1.0;0.0;0.0;1.0;0.0;0.0;2505.0;2506.0;chicago fire;new york red bulls;1.5;1.5;
2026-05-09;193332226;Slovakia Super Liga;Slovakia;15:30;Schedule;0.14685314685314682;1.925;2.0, 2.5;1.875;2.0, 2.5;0.0;0.0;;0.0;0.0;0.0;0.0;0.0;;FC Tatran Presov;;0.0;0.0;2.2;0;0.0;0 - 0;3.25;MFK Skalica;;0.0;0.0;3.25;0;0.0;-0.25;0 - 0;0-0;2.25;1.0;-;nan;;;;;;;;;;;;;;;;0.0;0.0;0.0;0.0;;;0.0;0.0;0.0;0.0;;[];[];[];[];[];[];[];[];1.0;0.0;0.0;1.0;0.0;0.0;2403.0;111061.0;1. fc tatran presov;mfk skalica;;;
2026-05-09;193820476;Argentina Primera C Metropolitana;Argentina;15:30;Schedule;0.2966381015161502;1.975;2.0;1.825;2.0;0.0;0.0;;0.0;0.0;0.0;0.0;0.0;;Leones de Rosario;;0.0;0.0;1.85;0;0.0;0 - 0;3.0;Yupanqui;;0.0;0.0;4.1;0;0.0;-0.5;0 - 0;0-0;2.0;0.75;-;nan;;;;;;;;;;;;;;;;0.0;0.0;0.0;0.0;;;0.0;0.0;0.0;0.0;;[];[];[];[];[];[];[];[];1.0;0.0;0.0;1.0;0.0;0.0;1314460.0;377558.0;leones de rosario fc;yupanqui;;;
2026-05-09;193001566;Germany Bundesliga II;Germany;15:30;Schedule;0.09961685823754785;1.975;3.0;1.825;3.0;0.0;0.0;;0.0;0.0;0.0;0.0;0.0;;Nurnberg;9.0;0.0;0.0;2.25;0;0.0;0 - 0;3.6;Schalke;1.0;0.0;0.0;2.9;0;0.0;-0.25;0 - 0;0-0;3.0;1.25;-;nan;;;;;;;;;;;;;;;;0.0;0.0;0.0;0.0;;;0.0;0.0;0.0;0.0;;[];[];[];[];[];[];[];[];1.0;0.0;0.0;1.0;0.0;0.0;2523.0;2530.0;1 fc nuremberg;schalke 04;1.5;1.5;Youth
2026-05-09;193331370;Belgium First Division A;Belgium;15:45;Schedule;0.5476190476190477;1.95;3.5;1.85;3.5;0.0;0.0;;0.0;0.0;0.0;0.0;0.0;;Club Brugge;2.0;0.0;0.0;1.4;0;0.0;0 - 0;4.75;Sint-Truidense;3.0;0.0;0.0;6.0;0;0.0;-1.25;0 - 0;0-0;3.5;1.5;-;nan;;;;;;;;;;;;;;;;0.0;0.0;0.0;0.0;;;0.0;0.0;0.0;0.0;;[];[];[];[];[];[];[];[];1.0;0.0;0.0;1.0;0.0;0.0;2888.0;2895.0;club brugge;st. truidense vv;1.53;1.57;
2026-05-09;194164063;Bosnia & Herzegovina Premier Liga;Bosnia;15:45;Schedule;0.40940383351901044;1.825;1.5, 2.0;1.975;1.5, 2.0;0.0;0.0;;0.0;0.0;0.0;0.0;0.0;;HSK Posusje;;0.0;0.0;1.667;0;0.0;0 - 0;3.1;Velez Mostar;;0.0;0.0;5.25;0;0.0;-0.75;0 - 0;0-0;1.75;0.75;-;nan;;;;;;;;;;;;;;;;0.0;0.0;0.0;0.0;;;0.0;0.0;0.0;0.0;;[];[];[];[];[];[];[];[];1.0;0.0;0.0;1.0;0.0;0.0;;;;;;;
2026-05-09;193004727;Italy Serie A;Italy;15:45;Schedule;-0.6031746031746033;1.9;2.5;1.95;2.5;0.0;0.0;;0.0;0.0;0.0;0.0;0.0;;Lecce;17.0;0.0;0.0;9.0;0;0.0;0 - 0;4.5;Juventus;4.0;0.0;0.0;1.4;0;0.0;+1.25;0 - 0;0-0;2.5;1.0;-;nan;;;;;;;;;;;;;;;;0.0;0.0;0.0;0.0;;;0.0;0.0;0.0;0.0;;[];[];[];[];[];[];[];[];1.0;0.0;0.0;1.0;0.0;0.0;2689.0;2687.0;us lecce;juventus turin;1.9;1.95;
2026-05-09;194168757;CAF Confederations Cup;International (Africa);16:00;Schedule;0.1709986320109439;1.75;1.5, 2.0;2.05;1.5, 2.0;0.0;0.0;;0.0;0.0;0.0;0.0;0.0;;USM Alger;;0.0;0.0;2.15;0;0.0;0 - 0;2.8;El Zamalek;;0.0;0.0;3.4;0;0.0;-0.25;0 - 0;0-0;1.75;0.75;-;nan;;;;;;;;;;;;;;;;0.0;0.0;0.0;0.0;;;0.0;0.0;0.0;0.0;;[];[];[];[];[];[];[];[];1.0;0.0;0.0;1.0;0.0;0.0;42206.0;42368.0;usm alger;zamalek sc;;;
2026-05-09;194206284;Portugal Liga 3;Portugal;16:00;Schedule;-0.02721088435374147;1.95;2.0, 2.5;1.85;2.0, 2.5;0.0;0.0;;0.0;0.0;0.0;0.0;0.0;;CD Mafra;;0.0;0.0;2.625;0;0.0;0 - 0;3.1;Academica;;0.0;0.0;2.45;0;0.0;0.0;0 - 0;0-0;2.25;1.0;-;nan;;;;;;;;;;;;;;;;0.0;0.0;0.0;0.0;;;0.0;0.0;0.0;0.0;;[];[];[];[];[];[];[];[];1.0;0.0;0.0;1.0;0.0;0.0;;;;;;;
2026-05-09;193996918;England League 1;England;16:00;Schedule;0.2966381015161502;2.0;2.5;1.85;2.5;0.0;0.0;;0.0;0.0;0.0;0.0;0.0;;Bolton;5.0;0.0;0.0;1.85;0;0.0;0 - 0;3.5;Bradford;4.0;0.0;0.0;4.1;0;0.0;-0.5;0 - 0;0-0;2.5;1.0;-;nan;;;;;;;;;;;;;;;;0.0;0.0;0.0;0.0;;;0.0;0.0;0.0;0.0;;[];[];[];[];[];[];[];[];1.0;0.0;0.0;1.0;0.0;0.0;5.0;22.0;bolton wanderers;bradford city fc;1.75;1.8;
2026-05-09;193985001;Chile Copa de la Liga;Chile;16:00;Schedule;-0.14204545454545453;1.925;2.5;1.875;2.5;0.0;0.0;;0.0;0.0;0.0;0.0;0.0;;La Serena;;0.0;0.0;3.2;0;0.0;0 - 0;3.0;Audax Italiano;;0.0;0.0;2.2;0;0.0;+0.25;0 - 0;0-0;2.5;1.0;-;nan;;;;;;;;;;;;;;;;0.0;0.0;0.0;0.0;;;0.0;0.0;0.0;0.0;;[];[];[];[];[];[];[];[];1.0;0.0;0.0;1.0;0.0;0.0;5031.0;3162.0;deportes la serena;audax italiano;1.57;1.57;
2026-05-09;194093981;Brazil Serie A1 Women;Brazil;16:00;Schedule;0.20588235294117646;1.9;2.0, 2.5;1.9;2.0, 2.5;0.0;0.0;;0.0;0.0;0.0;0.0;0.0;;Fluminense (W);;0.0;0.0;2.0;0;0.0;0 - 0;3.0;Santos (W);;0.0;0.0;3.4;0;0.0;-0.25;0 - 0;0-0;2.25;1.0;-;nan;;;;;;;;;;;;;;;;0.0;0.0;0.0;0.0;;;0.0;0.0;0.0;0.0;;[];[];[];[];[];[];[];[];1.0;0.0;0.0;1.0;0.0;0.0;1961.0;1968.0;fluminense fc rj;santos fc sp;;;Women
2026-05-09;193191340;Brazil Serie A;Brazil;16:00;Schedule;-0.006734006734006703;2.0;2.0, 2.5;1.85;2.0, 2.5;0.0;0.0;;0.0;0.0;0.0;0.0;0.0;;Coritiba;8.0;0.0;0.0;2.75;0;0.0;0 - 0;3.1;Internacional;12.0;0.0;0.0;2.7;0;0.0;0.0;0 - 0;0-0;2.25;1.0;-;nan;;;;;;;;;;;;;;;;0.0;0.0;0.0;0.0;;;0.0;0.0;0.0;0.0;;[];[];[];[];[];[];[];[];1.0;0.0;0.0;1.0;0.0;0.0;1982.0;1966.0;coritiba fc pr;sc internacional rs;2.0;1.8;
2026-05-09;194218882;Uruguay Segunda;Uruguay;16:00;Schedule;0.07763975155279507;1.925;2.0, 2.5;1.875;2.0, 2.5;0.0;0.0;;0.0;0.0;0.0;0.0;0.0;;Paysandu FC;;0.0;0.0;2.3;0;0.0;0 - 0;3.1;Huracán FC;;0.0;0.0;2.8;0;0.0;-0.25;0 - 0;0-0;2.25;1.0;-;nan;;;;;;;;;;;;;;;;0.0;0.0;0.0;0.0;;;0.0;0.0;0.0;0.0;;[];[];[];[];[];[];[];[];1.0;0.0;0.0;1.0;0.0;0.0;;;;;;;
2026-05-09;194164050;Bolivia Primera Division;Bolivia;16:00;Schedule;0.26777595926532094;2.0;3.0, 3.5;1.8;3.0, 3.5;0.0;0.0;;0.0;0.0;0.0;0.0;0.0;;Real Oruro;;0.0;0.0;1.833;0;0.0;0 - 0;3.9;Universitario De Vinto;;0.0;0.0;3.6;0;0.0;-0.5;0 - 0;0-0;3.25;1.25;-;nan;;;;;;;;;;;;;;;;0.0;0.0;0.0;0.0;;;0.0;0.0;0.0;0.0;;[];[];[];[];[];[];[];[];1.0;0.0;0.0;1.0;0.0;0.0;922485.0;378092.0;cdt real oruro;fc universitario de vinto;;;
2026-05-09;193192179;Brazil Serie B;Brazil;16:00;Schedule;0.20592020592020593;1.85;2.0;1.95;2.0;0.0;0.0;;0.0;0.0;0.0;0.0;0.0;;Goias;17.0;0.0;0.0;2.1;0;0.0;0 - 0;3.1;Vila Nova;4.0;0.0;0.0;3.7;0;0.0;-0.25;0 - 0;0-0;2.0;0.75;-;nan;;;;;;;;;;;;;;;;0.0;0.0;0.0;0.0;;;0.0;0.0;0.0;0.0;;[];[];[];[];[];[];[];[];1.0;0.0;0.0;1.0;0.0;0.0;1960.0;2021.0;goias ec go;vila nova fc go;2.0;2.1;Youth
2026-05-09;193003405;Spain La Liga;Spain;16:00;Schedule;-0.02178649237472774;1.825;2.5, 3.0;2.025;2.5, 3.0;0.0;0.0;;0.0;0.0;0.0;0.0;0.0;;Real Sociedad;7.0;0.0;0.0;2.7;0;0.0;0 - 0;3.5;Real Betis;5.0;0.0;0.0;2.55;0;0.0;0.0;0 - 0;0-0;2.75;1.25;-;nan;;;;;;;;;;;;;;;;0.0;0.0;0.0;0.0;;;0.0;0.0;0.0;0.0;;[];[];[];[];[];[];[];[];1.0;0.0;0.0;1.0;0.0;0.0;2824.0;2816.0;real sociedad san sebastian;real betis seville;1.57;1.53;
2026-05-09;194168750;Brazil Serie D;Brazil;16:00;Schedule;0.32476857194143144;1.8;2.0;2.0;2.0;0.0;0.0;;0.0;0.0;0.0;0.0;0.0;;Pouso Alegre;;0.0;0.0;1.8;0;0.0;0 - 0;3.0;America RJ;;0.0;0.0;4.333;0;0.0;-0.5;0 - 0;0-0;2.0;0.75;-;nan;;;;;;;;;;;;;;;;0.0;0.0;0.0;0.0;;;0.0;0.0;0.0;0.0;;[];[];[];[];[];[];[];[];1.0;0.0;0.0;1.0;0.0;0.0;673707.0;6976.0;pouso alegre mg;america fc rj;;;
2026-05-09;194170382;USA USL League One;USA;16:00;Schedule;0.2485380116959064;2.0;2.5;1.8;2.5;0.0;0.0;;0.0;0.0;0.0;0.0;0.0;;Chattanooga Red Wolves;;0.0;0.0;1.9;0;0.0;0 - 0;3.25;Sarasota Paradise;;0.0;0.0;3.6;0;0.0;-0.5;0 - 0;0-0;2.5;1.0;-;nan;;;;;;;;;;;;;;;;0.0;0.0;0.0;0.0;;;0.0;0.0;0.0;0.0;;[];[];[];[];[];[];[];[];1.0;0.0;0.0;1.0;0.0;0.0;;;;;;;
2026-05-09;194168784;Brazil Serie D;Brazil;16:00;Schedule;0.25716780164134795;1.925;2.0;1.875;2.0;0.0;0.0;;0.0;0.0;0.0;0.0;0.0;;Betim;;0.0;0.0;1.909;0;0.0;0 - 0;3.0;CRAC;;0.0;0.0;3.75;0;0.0;-0.5;0 - 0;0-0;2.0;0.75;-;nan;;;;;;;;;;;;;;;;0.0;0.0;0.0;0.0;;;0.0;0.0;0.0;0.0;;[];[];[];[];[];[];[];[];1.0;0.0;0.0;1.0;0.0;0.0;673709.0;21893.0;betim futebol mg;cra catalano go;;;
2026-05-09;194168787;Brazil Serie D;Brazil;16:00;Schedule;0.25641025641025644;2.05;2.0;1.75;2.0;0.0;0.0;;0.0;0.0;0.0;0.0;0.0;;Capital DF;;0.0;0.0;1.95;0;0.0;0 - 0;2.8;Mixto;;0.0;0.0;3.9;0;0.0;-0.5;0 - 0;0-0;2.0;0.75;-;nan;;;;;;;;;;;;;;;;0.0;0.0;0.0;0.0;;;0.0;0.0;0.0;0.0;;[];[];[];[];[];[];[];[];1.0;0.0;0.0;1.0;0.0;0.0;529973.0;34005.0;capital cf df;mixto ec mt;;;
2026-05-09;194187860;Chile Segunda;Chile;16:00;Schedule;0.2923976608187135;1.9;2.5;1.9;2.5;0.0;0.0;;0.0;0.0;0.0;0.0;0.0;;Brujas de Salamanca;;0.0;0.0;1.8;0;0.0;0 - 0;3.4;CD Trasandino de Los Andes;;0.0;0.0;3.8;0;0.0;-0.5;0 - 0;0-0;2.5;1.0;-;nan;;;;;;;;;;;;;;;;0.0;0.0;0.0;0.0;;;0.0;0.0;0.0;0.0;;[];[];[];[];[];[];[];[];1.0;0.0;0.0;1.0;0.0;0.0;;;;;;;
2026-05-09;193003574;Spain Segunda;Spain;16:00;Schedule;0.4144736842105263;1.85;2.5, 3.0;1.95;2.5, 3.0;0.0;0.0;;0.0;0.0;0.0;0.0;0.0;;Malaga;4.0;0.0;0.0;1.6;0;0.0;0 - 0;4.333;Sporting Gijon;9.0;0.0;0.0;4.75;0;0.0;-1.0;0 - 0;0-0;2.75;1.25;-;nan;;;;;;;;;;;;;;;;0.0;0.0;0.0;0.0;;;0.0;0.0;0.0;0.0;;[];[];[];[];[];[];[];[];1.0;0.0;0.0;1.0;0.0;0.0;2830.0;2852.0;malaga cf;sporting gijon;1.83;1.83;
2026-05-09;194167971;Morocco GNF 1;Morocco;16:00;Schedule;0.1218637992831541;1.8;2.0;2.0;2.0;0.0;0.0;;0.0;0.0;0.0;0.0;0.0;;Raja Casablanca;;0.0;0.0;2.25;0;0.0;0 - 0;2.875;WAC Casablanca;;0.0;0.0;3.1;0;0.0;-0.25;0 - 0;0-0;2.0;0.75;-;nan;;;;;;;;;;;;;;;;0.0;0.0;0.0;0.0;;;0.0;0.0;0.0;0.0;;[];[];[];[];[];[];[];[];1.0;0.0;0.0;1.0;0.0;0.0;41757.0;36268.0;raja casablanca athletic;wydad ac;;;
2026-05-09;194187651;Brazil Serie D;Brazil;16:00;Schedule;0.4191950464396285;1.875;2.0, 2.5;1.925;2.0, 2.5;0.0;0.0;;0.0;0.0;0.0;0.0;0.0;;Ceilandia;;0.0;0.0;1.615;0;0.0;0 - 0;3.3;Operario VG;;0.0;0.0;5.0;0;0.0;-0.75;0 - 0;0-0;2.25;1.0;-;nan;;;;;;;;;;;;;;;;0.0;0.0;0.0;0.0;;;0.0;0.0;0.0;0.0;;[];[];[];[];[];[];[];[];1.0;0.0;0.0;1.0;0.0;0.0;35279.0;35276.0;ceilandia ec df;ce operario varzea-grandense mt;;;
2026-05-09;193332113;Scotland Premiership;Scotland;16:00;Schedule;-0.05102040816326525;1.925;2.5;1.925;2.5;0.0;0.0;;0.0;0.0;0.0;0.0;0.0;;Motherwell;4.0;0.0;0.0;2.8;0;0.0;0 - 0;3.4;Hearts;1.0;0.0;0.0;2.45;0;0.0;0.0;0 - 0;0-0;2.5;1.0;-;nan;;;;;;;;;;;;;;;;0.0;0.0;0.0;0.0;;;0.0;0.0;0.0;0.0;;[];[];[];[];[];[];[];[];1.0;0.0;0.0;1.0;0.0;0.0;2346.0;2353.0;motherwell fc;heart of midlothian fc;1.7;1.7;
2026-05-09;194182481;Chile Primera B;Chile;16:00;Schedule;0.09740259740259738;1.9;2.5;1.9;2.5;0.0;0.0;;0.0;0.0;0.0;0.0;0.0;;Deportes Temuco;8.0;0.0;0.0;2.2;0;0.0;0 - 0;3.3;Union Espanola;9.0;0.0;0.0;2.8;0;0.0;-0.25;0 - 0;0-0;2.5;1.0;-;nan;;;;;;;;;;;;;;;;0.0;0.0;0.0;0.0;;;0.0;0.0;0.0;0.0;;[];[];[];[];[];[];[];[];1.0;0.0;0.0;1.0;0.0;0.0;;;;;;;Youth
2026-05-09;194168778;Brazil Serie D;Brazil;16:00;Schedule;-0.08070432868672045;2.0;2.0, 2.5;1.8;2.0, 2.5;0.0;0.0;;0.0;0.0;0.0;0.0;0.0;;Aparecidense;;0.0;0.0;2.9;0;0.0;0 - 0;2.875;Brasiliense;;0.0;0.0;2.35;0;0.0;+0.25;0 - 0;0-0;2.25;0.75;-;nan;;;;;;;;;;;;;;;;0.0;0.0;0.0;0.0;;;0.0;0.0;0.0;0.0;;[];[];[];[];[];[];[];[];1.0;0.0;0.0;1.0;0.0;0.0;32794.0;2024.0;aa aparecidense go;brasiliense fc df;;;
2026-05-09;194317071;Brazil Serie D;Brazil;16:00;Schedule;-0.4373768646214467;1.85;2.0;1.95;2.0;0.0;0.0;;0.0;0.0;0.0;0.0;0.0;;Madureira;;0.0;0.0;5.5;0;0.0;0 - 0;3.2;Portuguesa;;0.0;0.0;1.615;0;0.0;+0.75;0 - 0;0-0;2.0;0.75;-;nan;;;;;;;;;;;;;;;;0.0;0.0;0.0;0.0;;;0.0;0.0;0.0;0.0;;[];[];[];[];[];[];[];[];1.0;0.0;0.0;1.0;0.0;0.0;6980.0;21896.0;madureira rj;associacao portuguesa de desportos sp;;;
2026-05-09;194164512;Brazil Serie D;Brazil;16:00;Schedule;-0.040100250626566414;1.9;2.0, 2.5;1.9;2.0, 2.5;0.0;0.0;;0.0;0.0;0.0;0.0;0.0;;CEFAT Tirol;;0.0;0.0;2.625;0;0.0;0 - 0;3.1;Altos;;0.0;0.0;2.375;0;0.0;0.0;0 - 0;0-0;2.25;1.0;-;nan;;;;;;;;;;;;;;;;0.0;0.0;0.0;0.0;;;0.0;0.0;0.0;0.0;;[];[];[];[];[];[];[];[];1.0;0.0;0.0;1.0;0.0;0.0;845622.0;273503.0;cf atletas do tirol ce;aa altos pi;;;
2026-05-09;194260957;Cameroon Elite One;Cameroon;16:15;Schedule;0.26742421189775817;1.75;2.0;2.05;2.0;0.0;0.0;;0.0;0.0;0.0;0.0;0.0;;Unisport Bafang;1.0;0.0;0.0;1.909;0;0.0;0 - 0;3.0;Canon de Yaounde;5.0;0.0;0.0;3.9;0;0.0;-0.5;0 - 0;0-0;2.0;0.75;-;nan;;;;;;;;;;;;;;;;0.0;0.0;0.0;0.0;;;0.0;0.0;0.0;0.0;;[];[];[];[];[];[];[];[];1.0;0.0;0.0;1.0;0.0;0.0;;;;;;;
2026-05-09;193326629;Argentina Nacional B;Argentina;16:30;Schedule;0.31330815251854094;1.875;1.5, 2.0;1.925;1.5, 2.0;0.0;0.0;;0.0;0.0;0.0;0.0;0.0;;San Martin SJ;;0.0;0.0;1.909;0;0.0;0 - 0;3.0;Patronato Parana;;0.0;0.0;4.75;0;0.0;-0.5;0 - 0;0-0;1.75;0.75;-;nan;;;;;;;;;;;;;;;;0.0;0.0;0.0;0.0;;;0.0;0.0;0.0;0.0;;[];[];[];[];[];[];[];[];1.0;0.0;0.0;1.0;0.0;0.0;7772.0;43741.0;san martin de san juan;ca patronato parana;;;Youth
2026-05-09;194261600;Venezuela Segunda Division;Venezuela;16:30;Schedule;0.27027027027027023;1.8;2.5, 3.0;2.0;2.5, 3.0;0.0;0.0;;0.0;0.0;0.0;0.0;0.0;;Zamora II;;0.0;0.0;1.85;0;0.0;0 - 0;3.3;Atletico Barinas;;0.0;0.0;3.7;0;0.0;-0.5;0 - 0;0-0;2.75;1.25;-;nan;;;;;;;;;;;;;;;;0.0;0.0;0.0;0.0;;;0.0;0.0;0.0;0.0;;[];[];[];[];[];[];[];[];1.0;0.0;0.0;1.0;0.0;0.0;;;;;;;Youth
2026-05-09;193755441;Portugal Segunda Liga;Portugal;16:30;Schedule;-0.20979020979020985;1.9;2.5;1.9;2.5;0.0;0.0;;0.0;0.0;0.0;0.0;0.0;;Lusitania Lourosa;10.0;0.0;0.0;3.3;0;0.0;0 - 0;3.4;Torreense;3.0;0.0;0.0;1.95;0;0.0;+0.5;0 - 0;0-0;2.5;1.0;-;nan;;;;;;;;;;;;;;;;0.0;0.0;0.0;0.0;;;0.0;0.0;0.0;0.0;;[];[];[];[];[];[];[];[];1.0;0.0;0.0;1.0;0.0;0.0;35174.0;25787.0;lusitania fc lourosa;scu torreense;;;
2026-05-09;193755463;Portugal Segunda Liga;Portugal;16:30;Schedule;0.12028869286287086;1.9;2.5;1.9;2.5;0.0;0.0;;0.0;0.0;0.0;0.0;0.0;;Vizela;5.0;0.0;0.0;2.15;0;0.0;0 - 0;3.3;UD Leiria;4.0;0.0;0.0;2.9;0;0.0;-0.25;0 - 0;0-0;2.5;1.0;-;nan;;;;;;;;;;;;;;;;0.0;0.0;0.0;0.0;;;0.0;0.0;0.0;0.0;;[];[];[];[];[];[];[];[];1.0;0.0;0.0;1.0;0.0;0.0;5136.0;3000.0;fc vizela;ud leiria;;;
2026-05-09;194164579;Chile Segunda;Chile;16:30;Schedule;0.07407407407407407;1.825;2.5;1.975;2.5;0.0;0.0;;0.0;0.0;0.0;0.0;0.0;;Santiago City;;0.0;0.0;2.25;0;0.0;0 - 0;3.4;Concon National;;0.0;0.0;2.7;0;0.0;-0.25;0 - 0;0-0;2.5;1.0;-;nan;;;;;;;;;;;;;;;;0.0;0.0;0.0;0.0;;;0.0;0.0;0.0;0.0;;[];[];[];[];[];[];[];[];1.0;0.0;0.0;1.0;0.0;0.0;;;;;;;
2026-05-09;194205723;Dominican Republic Liga;Dominican Republic;16:30;Schedule;0.13178294573643412;1.95;2.0, 2.5;1.85;2.0, 2.5;0.0;0.0;;0.0;0.0;0.0;0.0;0.0;;Delfines Del Este;;0.0;0.0;2.15;0;0.0;0 - 0;3.1;Salcedo FC;;0.0;0.0;3.0;0;0.0;-0.25;0 - 0;0-0;2.25;1.0;-;nan;;;;;;;;;;;;;;;;0.0;0.0;0.0;0.0;;;0.0;0.0;0.0;0.0;;[];[];[];[];[];[];[];[];1.0;0.0;0.0;1.0;0.0;0.0;;;;;;;
2026-05-09;194187661;Brazil Serie D;Brazil;16:30;Schedule;0.40606060606060607;1.9;2.0, 2.5;1.9;2.0, 2.5;0.0;0.0;;0.0;0.0;0.0;0.0;0.0;;Serra Branca;;0.0;0.0;1.65;0;0.0;0 - 0;3.2;Lagarto;;0.0;0.0;5.0;0;0.0;-0.75;0 - 0;0-0;2.25;1.0;-;nan;;;;;;;;;;;;;;;;0.0;0.0;0.0;0.0;;;0.0;0.0;0.0;0.0;;[];[];[];[];[];[];[];[];1.0;0.0;0.0;1.0;0.0;0.0;931665.0;144856.0;serra branca ec pb;lagarto fc se;;;
2026-05-09;193755409;Portugal Segunda Liga;Portugal;16:30;Schedule;-0.10797342192691028;1.85;2.5;1.95;2.5;0.0;0.0;;0.0;0.0;0.0;0.0;0.0;;Benfica B;8.0;0.0;0.0;2.8;0;0.0;0 - 0;3.4;Academico Viseu;2.0;0.0;0.0;2.15;0;0.0;+0.25;0 - 0;0-0;2.5;1.0;-;nan;;;;;;;;;;;;;;;;0.0;0.0;0.0;0.0;;;0.0;0.0;0.0;0.0;;[];[];[];[];[];[];[];[];1.0;0.0;0.0;1.0;0.0;0.0;74465.0;3022.0;sl benfica b;academico de viseu fc;;;Youth
2026-05-09;194170388;Venezuela Segunda Division;Venezuela;16:30;Schedule;0.3174603174603175;2.05;2.0, 2.5;1.75;2.0, 2.5;0.0;0.0;;0.0;0.0;0.0;0.0;0.0;;Monagas II;;0.0;0.0;1.8;0;0.0;0 - 0;3.2;Mineros de Guayana;;0.0;0.0;4.2;0;0.0;-0.5;0 - 0;0-0;2.25;0.75;-;nan;;;;;;;;;;;;;;;;0.0;0.0;0.0;0.0;;;0.0;0.0;0.0;0.0;;[];[];[];[];[];[];[];[];1.0;0.0;0.0;1.0;0.0;0.0;6233.0;;monagas sc;;;;Youth
2026-05-09;194170386;Venezuela Segunda Division;Venezuela;16:30;Schedule;0.35681657337708295;1.925;2.0;1.875;2.0;0.0;0.0;;0.0;0.0;0.0;0.0;0.0;;Aragua;;0.0;0.0;1.727;0;0.0;0 - 0;3.2;Atletico Avila;;0.0;0.0;4.5;0;0.0;-0.5;0 - 0;0-0;2.0;0.75;-;nan;;;;;;;;;;;;;;;;0.0;0.0;0.0;0.0;;;0.0;0.0;0.0;0.0;;[];[];[];[];[];[];[];[];1.0;0.0;0.0;1.0;0.0;0.0;;;;;;;
2026-05-09;194067561;Argentina Liga Profesional;Argentina;16:30;Schedule;0.09803921568627455;1.9;1.5, 2.0;1.9;1.5, 2.0;0.0;0.0;;0.0;0.0;0.0;0.0;0.0;;Talleres Cordoba;;0.0;0.0;2.55;0;0.0;0 - 0;2.75;Belgrano;;0.0;0.0;3.4;0;0.0;-0.25;0 - 0;0-0;1.75;0.75;-;nan;;;;;;;;;;;;;;;;0.0;0.0;0.0;0.0;;;0.0;0.0;0.0;0.0;;[];[];[];[];[];[];[];[];1.0;0.0;0.0;1.0;0.0;0.0;3210.0;3203.0;ca talleres de cordoba;ca belgrano de cordoba;2.2;2.1;
2026-05-09;194261597;Venezuela Segunda Division;Venezuela;16:30;Schedule;-0.07114624505928857;1.9;2.0, 2.5;1.9;2.0, 2.5;0.0;0.0;;0.0;0.0;0.0;0.0;0.0;;Real Frontera;;0.0;0.0;2.75;0;0.0;0 - 0;3.1;Yaracuyanos;;0.0;0.0;2.3;0;0.0;+0.25;0 - 0;0-0;2.25;1.0;-;nan;;;;;;;;;;;;;;;;0.0;0.0;0.0;0.0;;;0.0;0.0;0.0;0.0;;[];[];[];[];[];[];[];[];1.0;0.0;0.0;1.0;0.0;0.0;;;;;;;
2026-05-09;194187668;Brazil Serie D;Brazil;17:00;Schedule;0.5817805383022776;1.975;2.5, 3.0;1.825;2.5, 3.0;0.0;0.0;;0.0;0.0;0.0;0.0;0.0;;Porto Velho;;0.0;0.0;1.38;0;0.0;0 - 0;4.0;Independencia;;0.0;0.0;7.0;0;0.0;-1.25;0 - 0;0-0;2.75;1.0;-;nan;;;;;;;;;;;;;;;;0.0;0.0;0.0;0.0;;;0.0;0.0;0.0;0.0;;[];[];[];[];[];[];[];[];1.0;0.0;0.0;1.0;0.0;0.0;675171.0;538749.0;porto velho ec/ro;independencia fc ac;;;
2026-05-09;194168776;Brazil Serie C;Brazil;17:00;Schedule;0.5066666666666666;1.8;2.0, 2.5;2.0;2.0, 2.5;0.0;0.0;;0.0;0.0;0.0;0.0;0.0;;Paysandu;;0.0;0.0;1.5;0;0.0;0 - 0;3.6;Anapolis;;0.0;0.0;6.25;0;0.0;-1.0;0 - 0;0-0;2.25;1.0;-;nan;;;;;;;;;;;;;;;;0.0;0.0;0.0;0.0;;;0.0;0.0;0.0;0.0;;[];[];[];[];[];[];[];[];1.0;0.0;0.0;1.0;0.0;0.0;1997.0;21872.0;paysandu sc pa;anapolis fc go;;;
2026-05-09;194164522;Brazil Serie D;Brazil;17:00;Schedule;0.2142857142857143;1.825;2.0;1.975;2.0;0.0;0.0;;0.0;0.0;0.0;0.0;0.0;;Marica;;0.0;0.0;2.0;0;0.0;0 - 0;3.0;Noroeste;;0.0;0.0;3.5;0;0.0;-0.25;0 - 0;0-0;2.0;0.75;-;nan;;;;;;;;;;;;;;;;0.0;0.0;0.0;0.0;;;0.0;0.0;0.0;0.0;;[];[];[];[];[];[];[];[];1.0;0.0;0.0;1.0;0.0;0.0;342210.0;6962.0;marica fc rj;ec noroeste sp;;;
2026-05-09;194168762;Brazil Serie C;Brazil;17:00;Schedule;0.08995502248875564;1.825;2.0;1.975;2.0;0.0;0.0;;0.0;0.0;0.0;0.0;0.0;;Itabaiana;;0.0;0.0;2.3;0;0.0;0 - 0;3.0;Floresta;;0.0;0.0;2.9;0;0.0;-0.25;0 - 0;0-0;2.0;0.75;-;nan;;;;;;;;;;;;;;;;0.0;0.0;0.0;0.0;;;0.0;0.0;0.0;0.0;;[];[];[];[];[];[];[];[];1.0;0.0;0.0;1.0;0.0;0.0;21853.0;401925.0;ao itabaiana se;floresta ec ce;;;
2026-05-09;194187862;Chile Segunda;Chile;17:00;Schedule;0.36909304038107676;1.8;2.5;2.0;2.5;0.0;0.0;;0.0;0.0;0.0;0.0;0.0;;Provincial Osorno;;0.0;0.0;1.667;0;0.0;0 - 0;3.5;Lota Schwager;;0.0;0.0;4.333;0;0.0;-0.75;0 - 0;0-0;2.5;1.0;-;nan;;;;;;;;;;;;;;;;0.0;0.0;0.0;0.0;;;0.0;0.0;0.0;0.0;;[];[];[];[];[];[];[];[];1.0;0.0;0.0;1.0;0.0;0.0;;;;;;;
2026-05-09;194164562;Canada Championships;Canada;17:00;Schedule;0.45614035087719296;1.95;2.5, 3.0;1.85;2.5, 3.0;0.0;0.0;;0.0;0.0;0.0;0.0;0.0;;Forge FC;;0.0;0.0;1.5;0;0.0;0 - 0;4.2;HFX Wanderers FC;;0.0;0.0;4.75;0;0.0;-1.0;0 - 0;0-0;2.75;1.25;-;nan;;;;;;;;;;;;;;;;0.0;0.0;0.0;0.0;;;0.0;0.0;0.0;0.0;;[];[];[];[];[];[];[];[];1.0;0.0;0.0;1.0;0.0;0.0;543879.0;543881.0;forge fc hamilton;hfx wanderers fc;;;
2026-05-09;194170384;Venezuela Primera Division;Venezuela;17:00;Schedule;0.30745849894786065;1.95;2.0, 2.5;1.85;2.0, 2.5;0.0;0.0;;0.0;0.0;0.0;0.0;0.0;;Deportivo La Guaira;;0.0;0.0;1.833;0;0.0;0 - 0;3.1;Portuguesa FC;;0.0;0.0;4.2;0;0.0;-0.5;0 - 0;0-0;2.25;1.0;-;nan;;;;;;;;;;;;;;;;0.0;0.0;0.0;0.0;;;0.0;0.0;0.0;0.0;;[];[];[];[];[];[];[];[];1.0;0.0;0.0;1.0;0.0;0.0;36437.0;;deportivo la guaira;;;;
2026-05-09;194261724;Brazil Campeonato Cearense B;Brazil;17:00;Schedule;0.20209059233449483;1.85;2.0, 2.5;1.95;2.0, 2.5;0.0;0.0;;0.0;0.0;0.0;0.0;0.0;;Guarani de Juazeiro;;0.0;0.0;2.05;0;0.0;0 - 0;2.875;Barbalha;;0.0;0.0;3.5;0;0.0;-0.25;0 - 0;0-0;2.25;1.0;-;nan;;;;;;;;;;;;;;;;0.0;0.0;0.0;0.0;;;0.0;0.0;0.0;0.0;;[];[];[];[];[];[];[];[];1.0;0.0;0.0;1.0;0.0;0.0;;;;;;;Youth
2026-05-09;194260960;Colombia Liga Femenina;Colombia;17:00;Schedule;0.893949269458476;1.9;2.5, 3.0;1.9;2.5, 3.0;0.0;0.0;;0.0;0.0;0.0;0.0;0.0;;Deportivo Cali (W);;0.0;0.0;1.083;0;0.0;0 - 0;8.5;CD Real Santander (W);;0.0;0.0;34.0;0;0.0;-2.25;0 - 0;0-0;2.75;1.25;-;nan;;;;;;;;;;;;;;;;0.0;0.0;0.0;0.0;;;0.0;0.0;0.0;0.0;;[];[];[];[];[];[];[];[];1.0;0.0;0.0;1.0;0.0;0.0;6112.0;;deportivo cali;;;;Women
2026-05-09;194164569;Chile Segunda;Chile;17:00;Schedule;-0.22328548644338114;1.8;2.5;2.0;2.5;0.0;0.0;;0.0;0.0;0.0;0.0;0.0;;Deportes Rengo;;0.0;0.0;3.3;0;0.0;0 - 0;3.5;General Velásquez;;0.0;0.0;1.9;0;0.0;+0.5;0 - 0;0-0;2.75;1.0;-;nan;;;;;;;;;;;;;;;;0.0;0.0;0.0;0.0;;;0.0;0.0;0.0;0.0;;[];[];[];[];[];[];[];[];1.0;0.0;0.0;1.0;0.0;0.0;;;;;;;
2026-05-09;194318581;Dominica Premier League;Dominica;17:00;Schedule;-0.11904761904761907;1.85;3.0, 3.5;1.95;3.0, 3.5;0.0;0.0;;0.0;0.0;0.0;0.0;0.0;;Point Michel FC;;0.0;0.0;2.625;0;0.0;0 - 0;4.333;Promex Harlem United SC;;0.0;0.0;2.0;0;0.0;+0.25;0 - 0;0-0;3.25;1.25;-;nan;;;;;;;;;;;;;;;;0.0;0.0;0.0;0.0;;;0.0;0.0;0.0;0.0;;[];[];[];[];[];[];[];[];1.0;0.0;0.0;1.0;0.0;0.0;;;;;;;
2026-05-09;194171487;USA MLS Next Pro League;USA;17:00;Schedule;0.3560606060606061;1.875;3.0, 3.5;1.925;3.0, 3.5;0.0;0.0;;0.0;0.0;0.0;0.0;0.0;;The Town;;0.0;0.0;1.65;0;0.0;0 - 0;4.0;Vancouver Whitecaps II;;0.0;0.0;4.0;0;0.0;-0.75;0 - 0;0-0;3.25;1.25;-;nan;;;;;;;;;;;;;;;;0.0;0.0;0.0;0.0;;;0.0;0.0;0.0;0.0;;[];[];[];[];[];[];[];[];1.0;0.0;0.0;1.0;0.0;0.0;;22010.0;;vancouver whitecaps fc;;;Youth
2026-05-09;194171491;USA MLS Next Pro League;USA;17:00;Schedule;-0.12962962962962965;1.9;3.5;1.9;3.5;0.0;0.0;;0.0;0.0;0.0;0.0;0.0;;Chicago Fire II;;0.0;0.0;2.7;0;0.0;0 - 0;3.9;Crown Legacy;;0.0;0.0;2.0;0;0.0;+0.25;0 - 0;0-0;3.5;1.5;-;nan;;;;;;;;;;;;;;;;0.0;0.0;0.0;0.0;;;0.0;0.0;0.0;0.0;;[];[];[];[];[];[];[];[];1.0;0.0;0.0;1.0;0.0;0.0;2505.0;;chicago fire;;;;Youth
2026-05-09;194132222;Brazil Campeonato Paulista A4;Brazil;17:00;Schedule;0.1847745750184775;1.875;2.0;1.925;2.0;0.0;0.0;;0.0;0.0;0.0;0.0;0.0;;Inter de Bebedouro;;0.0;0.0;2.05;0;0.0;0 - 0;3.0;Penapolense;;0.0;0.0;3.3;0;0.0;-0.25;0 - 0;0-0;2.0;0.75;-;nan;;;;;;;;;;;;;;;;0.0;0.0;0.0;0.0;;;0.0;0.0;0.0;0.0;;[];[];[];[];[];[];[];[];1.0;0.0;0.0;1.0;0.0;0.0;;;;;;;
2026-05-09;193329730;Peru Liga 1;Peru;17:15;Schedule;0.193687230989957;1.85;2.0, 2.5;1.95;2.0, 2.5;0.0;0.0;;0.0;0.0;0.0;0.0;0.0;;Atletico Grau;;0.0;0.0;2.05;0;0.0;0 - 0;3.3;Cienciano;;0.0;0.0;3.4;0;0.0;-0.25;0 - 0;0-0;2.25;1.0;-;nan;;;;;;;;;;;;;;;;0.0;0.0;0.0;0.0;;;0.0;0.0;0.0;0.0;;[];[];[];[];[];[];[];[];1.0;0.0;0.0;1.0;0.0;0.0;428219.0;2301.0;atletico grau;cs cienciano;1.83;1.83;
2026-05-09;194209145;Peru Liga 2;Peru;17:15;Schedule;-0.055161544523246675;1.8;2.0, 2.5;2.0;2.0, 2.5;0.0;0.0;;0.0;0.0;0.0;0.0;0.0;;Carlos Mannucci;;0.0;0.0;2.7;0;0.0;0 - 0;3.1;Unión Comercio;;0.0;0.0;2.35;0;0.0;0.0;0 - 0;0-0;2.25;1.0;-;nan;;;;;;;;;;;;;;;;0.0;0.0;0.0;0.0;;;0.0;0.0;0.0;0.0;;[];[];[];[];[];[];[];[];1.0;0.0;0.0;1.0;0.0;0.0;;;;;;;
2026-05-09;194209159;Peru Liga 2;Peru;17:15;Schedule;0.22971682124919107;1.85;2.0, 2.5;1.95;2.0, 2.5;0.0;0.0;;0.0;0.0;0.0;0.0;0.0;;Bentin Tacna Heroica;;0.0;0.0;1.909;0;0.0;0 - 0;3.4;Alianza Universidad;;0.0;0.0;3.4;0;0.0;-0.5;0 - 0;0-0;2.25;1.0;-;nan;;;;;;;;;;;;;;;;0.0;0.0;0.0;0.0;;;0.0;0.0;0.0;0.0;;[];[];[];[];[];[];[];[];1.0;0.0;0.0;1.0;0.0;0.0;;;;;;;
2026-05-09;193330544;USA MLS;USA;17:30;Schedule;0.2271062271062272;1.825;3.0;1.975;3.0;0.0;0.0;;0.0;0.0;0.0;0.0;0.0;;CF Montreal;;0.0;0.0;1.95;0;0.0;0 - 0;3.8;Orlando City;;0.0;0.0;3.5;0;0.0;-0.5;0 - 0;0-0;3.0;1.25;-;nan;;;;;;;;;;;;;;;;0.0;0.0;0.0;0.0;;;0.0;0.0;0.0;0.0;;[];[];[];[];[];[];[];[];1.0;0.0;0.0;1.0;0.0;0.0;22006.0;52237.0;cf montreal;orlando city sc;1.44;1.5;
2026-05-09;194205966;Paraguay Division Profesional;Paraguay;17:45;Schedule;0.029629629629629672;1.9;2.0, 2.5;1.9;2.0, 2.5;0.0;0.0;;0.0;0.0;0.0;0.0;0.0;;2 de Mayo;;0.0;0.0;2.5;0;0.0;0 - 0;2.9;Rubio Nu;;0.0;0.0;2.7;0;0.0;0.0;0 - 0;0-0;2.25;1.0;-;nan;;;;;;;;;;;;;;;;0.0;0.0;0.0;0.0;;;0.0;0.0;0.0;0.0;;[];[];[];[];[];[];[];[];1.0;0.0;0.0;1.0;0.0;0.0;5992.0;36438.0;cs 2 de mayo;rubio nu;1.9;2.0;
2026-05-09;194168770;Brazil Serie C;Brazil;18:00;Schedule;0.05102040816326525;1.9;2.0;1.9;2.0;0.0;0.0;;0.0;0.0;0.0;0.0;0.0;;Maranhao;;0.0;0.0;2.45;0;0.0;0 - 0;2.9;Botafogo PB;;0.0;0.0;2.8;0;0.0;0.0;0 - 0;0-0;2.0;0.75;-;nan;;;;;;;;;;;;;;;;0.0;0.0;0.0;0.0;;;0.0;0.0;0.0;0.0;;[];[];[];[];[];[];[];[];1.0;0.0;0.0;1.0;0.0;0.0;21858.0;49196.0;maranhao ac ma;botafogo fc pb;;;
2026-05-09;194171489;USA MLS Next Pro League;USA;18:00;Schedule;0.23284823284823275;1.85;3.0;1.95;3.0;0.0;0.0;;0.0;0.0;0.0;0.0;0.0;;St. Louis City SC II;;0.0;0.0;1.85;0;0.0;0 - 0;3.8;Houston Dynamo II;;0.0;0.0;3.25;0;0.0;-0.5;0 - 0;0-0;3.0;1.25;-;nan;;;;;;;;;;;;;;;;0.0;0.0;0.0;0.0;;;0.0;0.0;0.0;0.0;;[];[];[];[];[];[];[];[];1.0;0.0;0.0;1.0;0.0;0.0;874725.0;2508.0;saint louis city sc;houston dynamo;;;Youth
2026-05-09;194164518;Brazil Serie D;Brazil;18:00;Schedule;0.34064158781444726;1.825;2.0, 2.5;1.975;2.0, 2.5;0.0;0.0;;0.0;0.0;0.0;0.0;0.0;;Manaus;;0.0;0.0;1.75;0;0.0;0 - 0;3.1;Monte Roraima;;0.0;0.0;4.333;0;0.0;-0.5;0 - 0;0-0;2.25;1.0;-;nan;;;;;;;;;;;;;;;;0.0;0.0;0.0;0.0;;;0.0;0.0;0.0;0.0;;[];[];[];[];[];[];[];[];1.0;0.0;0.0;1.0;0.0;0.0;290390.0;1104921.0;manaus fc am;monte roraima rr;;;
2026-05-09;194259664;El Salvador Segunda Division;El Salvador;18:00;Schedule;0.14285714285714285;1.875;2.5, 3.0;1.925;2.5, 3.0;0.0;0.0;;0.0;0.0;0.0;0.0;0.0;;Sensunte Cabanas FC;;0.0;0.0;2.1;0;0.0;0 - 0;3.5;CD Neo Pipil;;0.0;0.0;3.0;0;0.0;-0.25;0 - 0;0-0;2.75;1.25;-;nan;;;;;;;;;;;;;;;;0.0;0.0;0.0;0.0;;;0.0;0.0;0.0;0.0;;[];[];[];[];[];[];[];[];1.0;0.0;0.0;1.0;0.0;0.0;;;;;;;
2026-05-09;193191342;Brazil Serie A;Brazil;18:00;Schedule;0.5467980295566504;2.0;2.5;1.85;2.5;0.0;0.0;;0.0;0.0;0.0;0.0;0.0;;Fluminense;3.0;0.0;0.0;1.45;0;0.0;0 - 0;4.5;Vitoria;9.0;0.0;0.0;7.0;0;0.0;-1.25;0 - 0;0-0;2.5;1.0;-;nan;;;;;;;;;;;;;;;;0.0;0.0;0.0;0.0;;;0.0;0.0;0.0;0.0;;[];[];[];[];[];[];[];[];1.0;0.0;0.0;1.0;0.0;0.0;1961.0;1962.0;fluminense fc rj;ec vitoria ba;2.05;2.1;
2026-05-09;194093983;Brazil Serie A1 Women;Brazil;18:00;Schedule;-0.42601092163891596;1.925;2.5;1.875;2.5;0.0;0.0;;0.0;0.0;0.0;0.0;0.0;;Mixto (W);;0.0;0.0;4.75;0;0.0;0 - 0;3.6;Bahia (W);;0.0;0.0;1.571;0;0.0;+0.75;0 - 0;0-0;2.5;1.0;-;nan;;;;;;;;;;;;;;;;0.0;0.0;0.0;0.0;;;0.0;0.0;0.0;0.0;;[];[];[];[];[];[];[];[];1.0;0.0;0.0;1.0;0.0;0.0;34005.0;1955.0;mixto ec mt;ec bahia ba;;;Women
2026-05-09;194210375;USA UPSL;USA;18:00;Schedule;-0.56836936506854;1.9;4.0;1.9;4.0;0.0;0.0;;0.0;0.0;0.0;0.0;0.0;;Clearwater Chargers;;0.0;0.0;5.5;0;0.0;0 - 0;5.25;Lakeland United FC;;0.0;0.0;1.333;0;0.0;+2.25;0 - 0;0-0;4.0;1.75;-;nan;;;;;;;;;;;;;;;;0.0;0.0;0.0;0.0;;;0.0;0.0;0.0;0.0;;[];[];[];[];[];[];[];[];1.0;0.0;0.0;1.0;0.0;0.0;;;;;;;
2026-05-09;193192181;Brazil Serie B;Brazil;18:00;Schedule;0.06957621758380778;2.05;2.0;1.75;2.0;0.0;0.0;;0.0;0.0;0.0;0.0;0.0;;Athletic Club MG;;0.0;0.0;2.55;0;0.0;0 - 0;2.9;Cuiaba;;0.0;0.0;3.1;0;0.0;0.0;0 - 0;0-0;2.0;0.75;-;nan;;;;;;;;;;;;;;;;0.0;0.0;0.0;0.0;;;0.0;0.0;0.0;0.0;;[];[];[];[];[];[];[];[];1.0;0.0;0.0;1.0;0.0;0.0;547561.0;49202.0;athletic club sjdr mg;cuiaba ec mt;2.1;2.1;Youth
2026-05-09;194127635;Colombia Primera A;Colombia;18:00;Schedule;-0.2368421052631579;1.875;2.5;1.925;2.5;0.0;0.0;;0.0;0.0;0.0;0.0;0.0;;Internacional de Bogota;;0.0;0.0;3.8;0;0.0;0 - 0;3.3;SD Atletico Nacional;;0.0;0.0;2.0;0;0.0;+0.5;0 - 0;0-0;2.5;1.0;-;nan;;;;;;;;;;;;;;;;0.0;0.0;0.0;0.0;;;0.0;0.0;0.0;0.0;;[];[];[];[];[];[];[];[];1.0;0.0;0.0;1.0;0.0;0.0;1317886.0;;internacional de bogota.;;1.83;1.83;
2026-05-09;194261133;Brazil Campeonato Catarinense U20;Brazil;18:00;Schedule;0.14297729184188396;1.9;2.5;1.9;2.5;0.0;0.0;;0.0;0.0;0.0;0.0;0.0;;Chapecoense U20;;0.0;0.0;2.05;0;0.0;0 - 0;3.4;Criciuma U20;;0.0;0.0;2.9;0;0.0;-0.25;0 - 0;0-0;2.5;1.0;-;nan;;;;;;;;;;;;;;;;0.0;0.0;0.0;0.0;;;0.0;0.0;0.0;0.0;;[];[];[];[];[];[];[];[];1.0;0.0;0.0;1.0;0.0;0.0;21845.0;1984.0;chapecoense sc;criciuma ec sc;;;Youth
2026-05-09;194261122;Brazil Campeonato Acreano U20;Brazil;18:00;Schedule;-0.4057502538142655;1.8;3.0;2.0;3.0;0.0;0.0;;0.0;0.0;0.0;0.0;0.0;;Vasco da Gama AC U20;;0.0;0.0;4.333;0;0.0;0 - 0;4.0;Galvez U20;;0.0;0.0;1.571;0;0.0;+1.0;0 - 0;0-0;3.0;1.25;-;nan;;;;;;;;;;;;;;;;0.0;0.0;0.0;0.0;;;0.0;0.0;0.0;0.0;;[];[];[];[];[];[];[];[];1.0;0.0;0.0;1.0;0.0;0.0;440798.0;;ad vasco da gama ac;;;;Youth
2026-05-09;194095700;Colombia Primera A;Colombia;18:00;Schedule;0.6081378299120234;;;;;0.0;0.0;;0.0;0.0;0.0;0.0;0.0;;SD Atletico Nacional;;0.0;0.0;1.364;0;0.0;0 - 0;4.333;Internacional de Bogota;;0.0;0.0;8.0;0;0.0;nan;0 - 0;0-0;;nan;-;nan;;;;;;;;;;;;;;;;0.0;0.0;0.0;0.0;;;0.0;0.0;0.0;0.0;;[];[];[];[];[];[];[];[];1.0;0.0;0.0;1.0;0.0;0.0;;1317886.0;;internacional de bogota.;;;
2026-05-09;193196552;Ecuador LigaPro Serie A;Ecuador;18:00;Schedule;0.13194444444444442;2.0;2.0, 2.5;1.8;2.0, 2.5;0.0;0.0;;0.0;0.0;0.0;0.0;0.0;;Guayaquil City;;0.0;0.0;2.25;0;0.0;0 - 0;3.1;Deportivo Cuenca;;0.0;0.0;3.2;0;0.0;-0.25;0 - 0;0-0;2.25;0.75;-;nan;;;;;;;;;;;;;;;;0.0;0.0;0.0;0.0;;;0.0;0.0;0.0;0.0;;[];[];[];[];[];[];[];[];1.0;0.0;0.0;1.0;0.0;0.0;171976.0;5251.0;guayaquil city fc;cd cuenca;1.9;2.0;
2026-05-09;194199312;Brazil Serie A2 Women;Brazil;18:00;Schedule;-0.5017626321974148;1.775;2.5, 3.0;2.025;2.5, 3.0;0.0;0.0;;0.0;0.0;0.0;0.0;0.0;;Rio Negro RR (W);;0.0;0.0;5.75;0;0.0;0 - 0;3.75;Taubate (W);;0.0;0.0;1.48;0;0.0;+1.0;0 - 0;0-0;2.75;1.25;-;nan;;;;;;;;;;;;;;;;0.0;0.0;0.0;0.0;;;0.0;0.0;0.0;0.0;;[];[];[];[];[];[];[];[];1.0;0.0;0.0;1.0;0.0;0.0;;;;;;;Women
2026-05-09;194162330;Argentina Primera B Metropolitana;Argentina;18:00;Schedule;-0.3097535569264163;1.775;1.5, 2.0;2.025;1.5, 2.0;0.0;0.0;;0.0;0.0;0.0;0.0;0.0;;CA Ituzaingo;22.0;0.0;0.0;4.333;0;0.0;0 - 0;3.0;Villa Dalmine;2.0;0.0;0.0;1.85;0;0.0;+0.5;0 - 0;0-0;1.75;0.75;-;nan;;;;;;;;;;;;;;;;0.0;0.0;0.0;0.0;;;0.0;0.0;0.0;0.0;;[];[];[];[];[];[];[];[];1.0;0.0;0.0;1.0;0.0;0.0;374916.0;112509.0;ca ituzaingo;villa dalmine;;;Youth
2026-05-09;194187687;Brazil Serie D;Brazil;18:00;Schedule;0.6081378299120234;2.025;2.5;1.775;2.5;0.0;0.0;;0.0;0.0;0.0;0.0;0.0;;XV Piracicaba;;0.0;0.0;1.364;0;0.0;0 - 0;3.9;Sampaio Correa RJ;;0.0;0.0;8.0;0;0.0;-1.25;0 - 0;0-0;2.5;1.0;-;nan;;;;;;;;;;;;;;;;0.0;0.0;0.0;0.0;;;0.0;0.0;0.0;0.0;;[];[];[];[];[];[];[];[];1.0;0.0;0.0;1.0;0.0;0.0;61692.0;342192.0;ec xv de novembro piracicaba sp;sampaio correa fe rj;;;
2026-05-09;194187677;Brazil Serie D;Brazil;18:00;Schedule;0.33333333333333337;1.8;1.5, 2.0;2.0;1.5, 2.0;0.0;0.0;;0.0;0.0;0.0;0.0;0.0;;Marcilio Dias;;0.0;0.0;1.8;0;0.0;0 - 0;3.0;Brasil de Pelotas;;0.0;0.0;4.5;0;0.0;-0.5;0 - 0;0-0;1.75;0.75;-;nan;;;;;;;;;;;;;;;;0.0;0.0;0.0;0.0;;;0.0;0.0;0.0;0.0;;[];[];[];[];[];[];[];[];1.0;0.0;0.0;1.0;0.0;0.0;21978.0;1986.0;cn marcilio dias sc;gremio esportivo brasil;;;
2026-05-09;194187672;Brazil Serie D;Brazil;18:00;Schedule;-0.14141414141414138;2.025;2.0;1.775;2.0;0.0;0.0;;0.0;0.0;0.0;0.0;0.0;;Luverdense;;0.0;0.0;3.3;0;0.0;0 - 0;2.75;Gama;;0.0;0.0;2.25;0;0.0;0.0;0 - 0;0-0;2.0;0.75;-;nan;;;;;;;;;;;;;;;;0.0;0.0;0.0;0.0;;;0.0;0.0;0.0;0.0;;[];[];[];[];[];[];[];[];1.0;0.0;0.0;1.0;0.0;0.0;40161.0;1978.0;luverdense ec mt;se gama df;;;
2026-05-09;194167967;Mexico Liga TDP;Mexico;18:00;Schedule;0.14253563390847712;1.9;3.0;1.9;3.0;0.0;0.0;;0.0;0.0;0.0;0.0;0.0;;Bombarderos de Tecamac FC;;0.0;0.0;2.15;0;0.0;0 - 0;3.25;Cruz Azul II;;0.0;0.0;3.1;0;0.0;-0.25;0 - 0;0-0;3.0;1.25;-;nan;;;;;;;;;;;;;;;;0.0;0.0;0.0;0.0;;;0.0;0.0;0.0;0.0;;[];[];[];[];[];[];[];[];1.0;0.0;0.0;1.0;0.0;0.0;;1947.0;;cf cruz azul;;;Youth
2026-05-09;194198276;Bolivia Primera Division;Bolivia;18:15;Schedule;0.3351363565749149;1.975;3.0, 3.5;1.825;3.0, 3.5;0.0;0.0;;0.0;0.0;0.0;0.0;0.0;;Guabira;;0.0;0.0;1.727;0;0.0;0 - 0;3.8;GV San Jose;;0.0;0.0;4.1;0;0.0;-0.75;0 - 0;0-0;3.25;1.25;-;nan;;;;;;;;;;;;;;;;0.0;0.0;0.0;0.0;;;0.0;0.0;0.0;0.0;;[];[];[];[];[];[];[];[];1.0;0.0;0.0;1.0;0.0;0.0;47701.0;1015661.0;guabira montero;gv club deportivo san jose de oruro;;;
2026-05-09;193985003;Chile Copa de la Liga;Chile;18:30;Schedule;0.5503791982665223;1.875;2.5, 3.0;1.925;2.5, 3.0;0.0;0.0;;0.0;0.0;0.0;0.0;0.0;;Colo Colo;;0.0;0.0;1.42;0;0.0;0 - 0;4.333;Deportes Concepcion;;0.0;0.0;6.5;0;0.0;-1.25;0 - 0;0-0;2.75;1.25;-;nan;;;;;;;;;;;;;;;;0.0;0.0;0.0;0.0;;;0.0;0.0;0.0;0.0;;[];[];[];[];[];[];[];[];1.0;0.0;0.0;1.0;0.0;0.0;3155.0;3160.0;colo-colo;deportes concepcion;1.61;1.61;
2026-05-09;194320576;Brazil Campeonato Paranaense 2;Brazil;18:30;Schedule;0.20588235294117646;2.05;2.0, 2.5;1.75;2.0, 2.5;0.0;0.0;;0.0;0.0;0.0;0.0;0.0;;Laranja Mecanica;;0.0;0.0;2.0;0;0.0;0 - 0;3.25;Paranavai;;0.0;0.0;3.4;0;0.0;-0.25;0 - 0;0-0;2.0;0.75;-;nan;;;;;;;;;;;;;;;;0.0;0.0;0.0;0.0;;;0.0;0.0;0.0;0.0;;[];[];[];[];[];[];[];[];1.0;0.0;0.0;1.0;0.0;0.0;;;;;;;
2026-05-09;193196563;Ecuador LigaPro Serie A;Ecuador;18:30;Schedule;0.011204481792717158;1.925;2.5;1.875;2.5;0.0;0.0;;0.0;0.0;0.0;0.0;0.0;;SD Aucas;;0.0;0.0;2.55;0;0.0;0 - 0;3.2;Universidad Catolica del Ecuador;;0.0;0.0;2.625;0;0.0;0.0;0 - 0;0-0;2.5;1.0;-;nan;;;;;;;;;;;;;;;;0.0;0.0;0.0;0.0;;;0.0;0.0;0.0;0.0;;[];[];[];[];[];[];[];[];1.0;0.0;0.0;1.0;0.0;0.0;5249.0;21942.0;sd aucas;cd universidad catolica del ecuador;;;
2026-05-09;193985005;Chile Copa de la Liga;Chile;18:30;Schedule;0.05303030303030304;1.9;2.5;1.9;2.5;0.0;0.0;;0.0;0.0;0.0;0.0;0.0;;Cobresal;;0.0;0.0;2.4;0;0.0;0 - 0;3.2;Universidad de Concepcion;;0.0;0.0;2.75;0;0.0;0.0;0 - 0;0-0;2.5;1.0;-;nan;;;;;;;;;;;;;;;;0.0;0.0;0.0;0.0;;;0.0;0.0;0.0;0.0;;[];[];[];[];[];[];[];[];1.0;0.0;0.0;1.0;0.0;0.0;3167.0;5034.0;cobresal;universidad de concepcion;1.83;1.83;
2026-05-09;194261602;Venezuela Segunda Division;Venezuela;18:30;Schedule;0.38383838383838387;1.775;2.0, 2.5;2.025;2.0, 2.5;0.0;0.0;;0.0;0.0;0.0;0.0;0.0;;Barquisimeto;;0.0;0.0;1.65;0;0.0;0 - 0;3.5;Urena SC;;0.0;0.0;4.5;0;0.0;-0.75;0 - 0;0-0;2.25;1.0;-;nan;;;;;;;;;;;;;;;;0.0;0.0;0.0;0.0;;;0.0;0.0;0.0;0.0;;[];[];[];[];[];[];[];[];1.0;0.0;0.0;1.0;0.0;0.0;;;;;;;
2026-05-09;194052225;Uruguay Apertura;Uruguay;18:30;Schedule;-0.27738264580369837;2.0;2.0, 2.5;1.8;2.0, 2.5;0.0;0.0;;0.0;0.0;0.0;0.0;0.0;;Central Espanol;;0.0;0.0;3.8;0;0.0;0 - 0;3.1;Racing Club de Montevideo;;0.0;0.0;1.85;0;0.0;+0.5;0 - 0;0-0;2.25;nan;-;nan;;;;;;;;;;;;;;;;0.0;0.0;0.0;0.0;;;0.0;0.0;0.0;0.0;;[];[];[];[];[];[];[];[];1.0;0.0;0.0;1.0;0.0;0.0;3232.0;25010.0;central espanol fc;racing club montevideo;2.0;1.9;
2026-05-09;193192183;Brazil Serie B;Brazil;18:30;Schedule;-0.03678929765886285;1.775;2.0;2.025;2.0;0.0;0.0;;0.0;0.0;0.0;0.0;0.0;;Ponte Preta;16.0;0.0;0.0;2.875;0;0.0;0 - 0;3.1;Sport Recife;3.0;0.0;0.0;2.6;0;0.0;0.0;0 - 0;0-0;2.0;0.75;-;nan;;;;;;;;;;;;;;;;0.0;0.0;0.0;0.0;;;0.0;0.0;0.0;0.0;;[];[];[];[];[];[];[];[];1.0;0.0;0.0;1.0;0.0;0.0;1969.0;1959.0;aa ponte preta sp;sc recife pe;1.83;2.0;Youth
2026-05-09;194164516;Brazil Serie D;Brazil;18:30;Schedule;0.14253563390847712;2.025;2.0, 2.5;1.775;2.0, 2.5;0.0;0.0;;0.0;0.0;0.0;0.0;0.0;;Inhumas;;0.0;0.0;2.15;0;0.0;0 - 0;3.0;EC Primavera MT;;0.0;0.0;3.1;0;0.0;-0.25;0 - 0;0-0;2.25;0.75;-;nan;;;;;;;;;;;;;;;;0.0;0.0;0.0;0.0;;;0.0;0.0;0.0;0.0;;[];[];[];[];[];[];[];[];1.0;0.0;0.0;1.0;0.0;0.0;511102.0;689755.0;inhumas ec go;primavera ac mt;;;Youth
2026-05-09;194215389;Mexico Liga MX U19 Femenil;Mexico;18:45;Schedule;-0.016666666666666663;2.0;3.0;1.8;3.0;0.0;0.0;;0.0;0.0;0.0;0.0;0.0;;Puebla U19 (W);;0.0;0.0;2.5;0;0.0;0 - 0;3.4;Unam Pumas U19 (W);;0.0;0.0;2.4;0;0.0;0.0;0 - 0;0-0;3.0;1.25;-;nan;;;;;;;;;;;;;;;;0.0;0.0;0.0;0.0;;;0.0;0.0;0.0;0.0;;[];[];[];[];[];[];[];[];1.0;0.0;0.0;1.0;0.0;0.0;1941.0;334073.0;club puebla;pumas unam;;;Youth-Women
2026-05-09;194215393;Mexico Liga MX U19 Femenil;Mexico;18:45;Schedule;-0.028895768833849256;2.05;2.0, 2.5;1.75;2.0, 2.5;0.0;0.0;;0.0;0.0;0.0;0.0;0.0;;Necaxa U19 (W);;0.0;0.0;2.55;0;0.0;0 - 0;3.5;Queretaro U19 (W);;0.0;0.0;2.375;0;0.0;0.0;0 - 0;0-0;2.25;0.75;-;nan;;;;;;;;;;;;;;;;0.0;0.0;0.0;0.0;;;0.0;0.0;0.0;0.0;;[];[];[];[];[];[];[];[];1.0;0.0;0.0;1.0;0.0;0.0;1944.0;1951.0;club necaxa;queretaro fc;;;Youth-Women
2026-05-09;194261112;Brazil Copa Espirito Santo;Brazil;18:45;Schedule;0.24060150375939848;1.85;2.0, 2.5;1.95;2.0, 2.5;0.0;0.0;;0.0;0.0;0.0;0.0;0.0;;Serra;4.0;0.0;0.0;1.9;0;0.0;0 - 0;3.4;Vilavelhense;5.0;0.0;0.0;3.5;0;0.0;-1.0;0 - 0;0-0;2.25;1.0;-;nan;;;;;;;;;;;;;;;;0.0;0.0;0.0;0.0;;;0.0;0.0;0.0;0.0;;[];[];[];[];[];[];[];[];1.0;0.0;0.0;1.0;0.0;0.0;;;;;;;
2026-05-09;194215376;Mexico Liga MX U19 Femenil;Mexico;18:45;Schedule;-0.5107025938050869;1.85;2.5, 3.0;1.95;2.5, 3.0;0.0;0.0;;0.0;0.0;0.0;0.0;0.0;;Leon U19 (W);;0.0;0.0;5.5;0;0.0;0 - 0;4.1;Atletico San Luis U19 (W);;0.0;0.0;1.444;0;0.0;+1.25;0 - 0;0-0;2.75;1.25;-;nan;;;;;;;;;;;;;;;;0.0;0.0;0.0;0.0;;;0.0;0.0;0.0;0.0;;[];[];[];[];[];[];[];[];1.0;0.0;0.0;1.0;0.0;0.0;376764.0;600138.0;club leon;atletico san luis;;;Youth-Women
2026-05-09;194218886;Uruguay Segunda;Uruguay;19:00;Schedule;0.09661835748792269;1.95;2.0;1.85;2.0;0.0;0.0;;0.0;0.0;0.0;0.0;0.0;;Plaza Colonia;;0.0;0.0;2.25;0;0.0;0 - 0;3.1;Atletico Fenix Montevideo;;0.0;0.0;2.875;0;0.0;-0.25;0 - 0;0-0;2.0;0.75;-;nan;;;;;;;;;;;;;;;;0.0;0.0;0.0;0.0;;;0.0;0.0;0.0;0.0;;[];[];[];[];[];[];[];[];1.0;0.0;0.0;1.0;0.0;0.0;;;;;;;
2026-05-09;193192186;Brazil Serie B;Brazil;19:00;Schedule;0.26891807379612265;1.825;2.0;1.975;2.0;0.0;0.0;;0.0;0.0;0.0;0.0;0.0;;Ceara;9.0;0.0;0.0;1.95;0;0.0;0 - 0;3.2;Atletico GO;14.0;0.0;0.0;4.1;0;0.0;-0.5;0 - 0;0-0;2.0;0.75;-;nan;;;;;;;;;;;;;;;;0.0;0.0;0.0;0.0;;;0.0;0.0;0.0;0.0;;[];[];[];[];[];[];[];[];1.0;0.0;0.0;1.0;0.0;0.0;2001.0;7314.0;ceara sc ce;ac goianiense go;2.1;2.2;Youth
2026-05-09;194164514;Brazil Serie D;Brazil;19:00;Schedule;0.3492063492063492;2.0;2.0;1.8;2.0;0.0;0.0;;0.0;0.0;0.0;0.0;0.0;;Sao Jose RS;;0.0;0.0;1.75;0;0.0;0 - 0;3.1;Azuriz;;0.0;0.0;4.5;0;0.0;-0.5;0 - 0;0-0;2.0;0.75;-;nan;;;;;;;;;;;;;;;;0.0;0.0;0.0;0.0;;;0.0;0.0;0.0;0.0;;[];[];[];[];[];[];[];[];1.0;0.0;0.0;1.0;0.0;0.0;32767.0;;ec sao jose rs;;;;
2026-05-09;194262066;Colombia Cup;Colombia;19:00;Schedule;-0.0956632653061224;1.9;2.0;1.9;2.0;0.0;0.0;;0.0;0.0;0.0;0.0;0.0;;Orsomarso;;0.0;0.0;3.2;0;0.0;0 - 0;3.0;Cucuta Deportivo;;0.0;0.0;2.45;0;0.0;+0.25;0 - 0;0-0;2.0;0.75;-;nan;;;;;;;;;;;;;;;;0.0;0.0;0.0;0.0;;;0.0;0.0;0.0;0.0;;[];[];[];[];[];[];[];[];1.0;0.0;0.0;1.0;0.0;0.0;;6108.0;;cucuta deportivo fc;2.25;2.25;
2026-05-09;194209032;Saint Kitts & Nevis Premier League;Saint Kitts & Nevis;19:00;Schedule;-0.20720720720720714;1.85;3.0, 3.5;1.95;3.0, 3.5;0.0;0.0;;0.0;0.0;0.0;0.0;0.0;;Newtown United FC;;0.0;0.0;3.0;0;0.0;0 - 0;4.2;St. Peters FC;;0.0;0.0;1.85;0;0.0;+0.5;0 - 0;0-0;3.25;1.25;-;nan;;;;;;;;;;;;;;;;0.0;0.0;0.0;0.0;;;0.0;0.0;0.0;0.0;;[];[];[];[];[];[];[];[];1.0;0.0;0.0;1.0;0.0;0.0;;;;;;;
2026-05-09;194125243;Argentina Liga Profesional;Argentina;19:00;Schedule;0.31330815251854094;1.825;1.5, 2.0;1.975;1.5, 2.0;0.0;0.0;;0.0;0.0;0.0;0.0;0.0;;Boca Juniors;;0.0;0.0;1.909;0;0.0;0 - 0;3.1;Huracan;;0.0;0.0;4.75;0;0.0;-0.5;0 - 0;0-0;1.75;0.75;-;nan;;;;;;;;;;;;;;;;0.0;0.0;0.0;0.0;;;0.0;0.0;0.0;0.0;;[];[];[];[];[];[];[];[];1.0;0.0;0.0;1.0;0.0;0.0;3202.0;7629.0;boca juniors;ca huracan;2.62;2.5;
2026-05-09;194168781;Brazil Serie D;Brazil;19:00;Schedule;0.3450292397660819;1.775;1.5, 2.0;2.025;1.5, 2.0;0.0;0.0;;0.0;0.0;0.0;0.0;0.0;;Velo Clube;;0.0;0.0;1.8;0;0.0;0 - 0;2.875;Nova Iguacu;;0.0;0.0;4.75;0;0.0;-0.5;0 - 0;0-0;1.75;0.75;-;nan;;;;;;;;;;;;;;;;0.0;0.0;0.0;0.0;;;0.0;0.0;0.0;0.0;;[];[];[];[];[];[];[];[];1.0;0.0;0.0;1.0;0.0;0.0;88736.0;6981.0;ae velo clube sp;nova iguacu rj;;;
2026-05-09;194318583;Paraguay Women League;Paraguay;19:15;Schedule;0.5503791982665223;1.975;2.5, 3.0;1.825;2.5, 3.0;0.0;0.0;;0.0;0.0;0.0;0.0;0.0;;Olimpia Asuncion (W);;0.0;0.0;1.42;0;0.0;0 - 0;4.1;Libertad Asuncion (W);;0.0;0.0;6.5;0;0.0;-1.25;0 - 0;0-0;2.75;1.25;-;nan;;;;;;;;;;;;;;;;0.0;0.0;0.0;0.0;;;0.0;0.0;0.0;0.0;;[];[];[];[];[];[];[];[];1.0;0.0;0.0;1.0;0.0;0.0;5997.0;5996.0;club olimpia;libertad asuncion;;;Women
2026-05-09;194259132;Dominica Premier League;Dominica;19:30;Schedule;-0.5324675324675325;1.95;3.5;1.85;3.5;0.0;0.0;;0.0;0.0;0.0;0.0;0.0;;Mighty Avengers;;0.0;0.0;5.5;0;0.0;0 - 0;4.5;Mahaut Soca Strikers;;0.0;0.0;1.4;0;0.0;+1.25;0 - 0;0-0;3.5;1.5;-;nan;;;;;;;;;;;;;;;;0.0;0.0;0.0;0.0;;;0.0;0.0;0.0;0.0;;[];[];[];[];[];[];[];[];1.0;0.0;0.0;1.0;0.0;0.0;;;;;;;
2026-05-09;194259005;Aruba Division Di Honor;Aruba;19:30;Schedule;-0.2760084925690021;1.85;3.0;1.95;3.0;0.0;0.0;;0.0;0.0;0.0;0.0;0.0;;SV Bubali;;0.0;0.0;3.3;0;0.0;0 - 0;4.333;SV Dakota;;0.0;0.0;1.727;0;0.0;+0.75;0 - 0;0-0;3.0;1.25;-;nan;;;;;;;;;;;;;;;;0.0;0.0;0.0;0.0;;;0.0;0.0;0.0;0.0;;[];[];[];[];[];[];[];[];1.0;0.0;0.0;1.0;0.0;0.0;;;;;;;
2026-05-09;194261588;USA NWSL Women;USA;19:30;Schedule;0.5403726708074534;1.975;2.5;1.825;2.5;0.0;0.0;;0.0;0.0;0.0;0.0;0.0;;Gotham FC (W);;0.0;0.0;1.4;0;0.0;0 - 0;4.333;Boston Legacy FC (W);;0.0;0.0;5.75;0;0.0;-1.25;0 - 0;0-0;2.5;1.0;-;nan;;;;;;;;;;;;;;;;0.0;0.0;0.0;0.0;;;0.0;0.0;0.0;0.0;;[];[];[];[];[];[];[];[];1.0;0.0;0.0;1.0;0.0;0.0;34718.0;1319036.0;gotham fc;boston legacy fc;;;Women
2026-05-09;194260580;USA UPSL;USA;20:00;Schedule;0.023391812865497075;1.875;3.5, 4.0;1.925;3.5, 4.0;0.0;0.0;;0.0;0.0;0.0;0.0;0.0;;Florida Soccer Soldiers;;0.0;0.0;2.25;0;0.0;0 - 0;4.0;Palm Beach Flames;;0.0;0.0;2.375;0;0.0;0.0;0 - 0;0-0;3.75;1.5;-;nan;;;;;;;;;;;;;;;;0.0;0.0;0.0;0.0;;;0.0;0.0;0.0;0.0;;[];[];[];[];[];[];[];[];1.0;0.0;0.0;1.0;0.0;0.0;;;;;;;
2026-05-09;193333220;USA USL Championship;USA;20:00;Schedule;0.3884080628255044;1.95;2.5, 3.0;1.85;2.5, 3.0;0.0;0.0;;0.0;0.0;0.0;0.0;0.0;;Indy Eleven;;0.0;0.0;1.615;0;0.0;0 - 0;3.6;Sporting JAX;;0.0;0.0;4.333;0;0.0;-0.75;0 - 0;0-0;2.75;1.25;-;nan;;;;;;;;;;;;;;;;0.0;0.0;0.0;0.0;;;0.0;0.0;0.0;0.0;;[];[];[];[];[];[];[];[];1.0;0.0;0.0;1.0;0.0;0.0;148992.0;1232493.0;indy eleven;sporting jax;1.72;1.72;
2026-05-09;194303457;Canada Premier League;Canada;20:00;Schedule;-0.42601092163891596;1.825;2.5, 3.0;1.975;2.5, 3.0;0.0;0.0;;0.0;0.0;0.0;0.0;0.0;;Pacific FC;;0.0;0.0;4.75;0;0.0;0 - 0;3.7;Cavalry FC;;0.0;0.0;1.571;0;0.0;+1.0;0 - 0;0-0;2.75;1.25;-;nan;;;;;;;;;;;;;;;;0.0;0.0;0.0;0.0;;;0.0;0.0;0.0;0.0;;[];[];[];[];[];[];[];[];1.0;0.0;0.0;1.0;0.0;0.0;543883.0;543877.0;pacific fc;cavalry fc;;;
2026-05-09;194216959;USA USL League One;USA;20:00;Schedule;0.4451612903225806;1.825;2.5;1.975;2.5;0.0;0.0;;0.0;0.0;0.0;0.0;0.0;;Greenville Triumph SC;;0.0;0.0;1.55;0;0.0;0 - 0;3.7;Richmond Kickers;;0.0;0.0;5.0;0;0.0;-0.75;0 - 0;0-0;2.5;1.0;-;nan;;;;;;;;;;;;;;;;0.0;0.0;0.0;0.0;;;0.0;0.0;0.0;0.0;;[];[];[];[];[];[];[];[];1.0;0.0;0.0;1.0;0.0;0.0;;23841.0;;richmond kickers;;;
2026-05-09;193333224;USA USL Championship;USA;20:00;Schedule;0.5157421289355323;1.9;2.5;1.9;2.5;0.0;0.0;;0.0;0.0;0.0;0.0;0.0;;Louisville City FC;;0.0;0.0;1.45;0;0.0;0 - 0;3.9;Pittsburgh Riverhounds;;0.0;0.0;5.75;0;0.0;-1.0;0 - 0;0-0;2.5;1.0;-;nan;;;;;;;;;;;;;;;;0.0;0.0;0.0;0.0;;;0.0;0.0;0.0;0.0;;[];[];[];[];[];[];[];[];1.0;0.0;0.0;1.0;0.0;0.0;206011.0;23635.0;louisville city fc;pittsburgh riverhounds;2.0;2.0;
2026-05-09;193333213;USA USL Championship;USA;20:00;Schedule;0.016006402561024313;1.825;2.0, 2.5;1.975;2.0, 2.5;0.0;0.0;;0.0;0.0;0.0;0.0;0.0;;Hartford Athletic;;0.0;0.0;2.45;0;0.0;0 - 0;3.1;Detroit City FC;;0.0;0.0;2.55;0;0.0;0.0;0 - 0;0-0;2.25;1.0;-;nan;;;;;;;;;;;;;;;;0.0;0.0;0.0;0.0;;;0.0;0.0;0.0;0.0;;[];[];[];[];[];[];[];[];1.0;0.0;0.0;1.0;0.0;0.0;538327.0;437402.0;hartford athletic;detroit city fc;1.83;1.83;
2026-05-09;193333210;USA USL Championship;USA;20:00;Schedule;0.10797342192691028;1.95;2.5, 3.0;1.85;2.5, 3.0;0.0;0.0;;0.0;0.0;0.0;0.0;0.0;;Brooklyn FC;;0.0;0.0;2.15;0;0.0;0 - 0;3.4;Loudoun United FC;;0.0;0.0;2.8;0;0.0;-0.25;0 - 0;0-0;2.75;1.25;-;nan;;;;;;;;;;;;;;;;0.0;0.0;0.0;0.0;;;0.0;0.0;0.0;0.0;;[];[];[];[];[];[];[];[];1.0;0.0;0.0;1.0;0.0;0.0;1312976.0;538329.0;brooklyn fc;loudoun united fc;1.66;1.66;
2026-05-09;194205974;Paraguay Division Profesional;Paraguay;20:00;Schedule;0.15261627906976744;2.0;2.0, 2.5;1.8;2.0, 2.5;0.0;0.0;;0.0;0.0;0.0;0.0;0.0;;Nacional Asuncion;;0.0;0.0;2.15;0;0.0;0 - 0;2.9;Sportivo Trinidense;;0.0;0.0;3.2;0;0.0;-0.25;0 - 0;0-0;2.25;1.0;-;nan;;;;;;;;;;;;;;;;0.0;0.0;0.0;0.0;;;0.0;0.0;0.0;0.0;;[];[];[];[];[];[];[];[];1.0;0.0;0.0;1.0;0.0;0.0;33001.0;39722.0;nacional asuncion;sportivo trinidense;1.9;1.9;
2026-05-09;194095703;Colombia Primera A;Colombia;20:10;Schedule;0.3147667534289746;1.975;2.0, 2.5;1.825;2.0, 2.5;0.0;0.0;;0.0;0.0;0.0;0.0;0.0;;Deportivo Pasto;;0.0;0.0;1.833;0;0.0;0 - 0;3.25;Deportes Tolima;;0.0;0.0;4.333;0;0.0;-0.5;0 - 0;0-0;2.25;1.0;-;nan;;;;;;;;;;;;;;;;0.0;0.0;0.0;0.0;;;0.0;0.0;0.0;0.0;;[];[];[];[];[];[];[];[];1.0;0.0;0.0;1.0;0.0;0.0;6113.0;6111.0;ad pasto;cd tolima;;;
2026-05-09;194127637;Colombia Primera A;Colombia;20:10;Schedule;0.2628205128205129;1.95;2.0, 2.5;1.85;2.0, 2.5;0.0;0.0;;0.0;0.0;0.0;0.0;0.0;;Deportes Tolima;;0.0;0.0;1.95;0;0.0;0 - 0;3.25;Deportivo Pasto;;0.0;0.0;4.0;0;0.0;-0.5;0 - 0;0-0;2.25;1.0;-;nan;;;;;;;;;;;;;;;;0.0;0.0;0.0;0.0;;;0.0;0.0;0.0;0.0;;[];[];[];[];[];[];[];[];1.0;0.0;0.0;1.0;0.0;0.0;6111.0;6113.0;cd tolima;ad pasto;2.0;2.0;
2026-05-09;194311144;USA NPSL;USA;20:30;Schedule;0.027777777777777735;1.9;3.5, 4.0;1.9;3.5, 4.0;0.0;0.0;;0.0;0.0;0.0;0.0;0.0;;Osner's FC;;0.0;0.0;2.25;0;0.0;0 - 0;3.9;New Haven United;;0.0;0.0;2.4;0;0.0;0.0;0 - 0;0-0;3.75;1.5;-;nan;;;;;;;;;;;;;;;;0.0;0.0;0.0;0.0;;;0.0;0.0;0.0;0.0;;[];[];[];[];[];[];[];[];1.0;0.0;0.0;1.0;0.0;0.0;;;;;;;
2026-05-09;194260584;USA USL League Two;USA;20:30;Schedule;-0.39844199933315155;1.8;3.0;2.0;3.0;0.0;0.0;;0.0;0.0;0.0;0.0;0.0;;Apotheos;;0.0;0.0;4.2;0;0.0;0 - 0;4.1;Columbus United FC;;0.0;0.0;1.571;0;0.0;+1.0;0 - 0;0-0;3.0;1.25;-;nan;;;;;;;;;;;;;;;;0.0;0.0;0.0;0.0;;;0.0;0.0;0.0;0.0;;[];[];[];[];[];[];[];[];1.0;0.0;0.0;1.0;0.0;0.0;;;;;;;
2026-05-09;194216983;USA USL Super League Women;USA;20:30;Schedule;-0.4618395303326811;1.9;2.5;1.9;2.5;0.0;0.0;;0.0;0.0;0.0;0.0;0.0;;Fort Lauderdale Utd (W);8.0;0.0;0.0;5.25;0;0.0;0 - 0;3.7;Carolina Ascent (W);3.0;0.0;0.0;1.533;0;0.0;+1.0;0 - 0;0-0;2.5;1.0;-;nan;;;;;;;;;;;;;;;;0.0;0.0;0.0;0.0;;;0.0;0.0;0.0;0.0;;[];[];[];[];[];[];[];[];1.0;0.0;0.0;1.0;0.0;0.0;1166965.0;1108137.0;fort lauderdale united fc;carolina ascent;;;Women
2026-05-09;194216981;USA USL Super League Women;USA;20:30;Schedule;0.007843137254901933;1.9;2.5;1.9;2.5;0.0;0.0;;0.0;0.0;0.0;0.0;0.0;;Tampa Bay Sun (W);9.0;0.0;0.0;2.5;0;0.0;0 - 0;3.1;Dallas Trinity (W);4.0;0.0;0.0;2.55;0;0.0;0.0;0 - 0;0-0;2.5;1.0;-;nan;;;;;;;;;;;;;;;;0.0;0.0;0.0;0.0;;;0.0;0.0;0.0;0.0;;[];[];[];[];[];[];[];[];1.0;0.0;0.0;1.0;0.0;0.0;1166969.0;1166961.0;tampa bay sun fc;dallas trinity fc;;;Women
2026-05-09;194219954;Bolivia Primera Division;Bolivia;20:30;Schedule;-0.050167224080267636;1.8;3.0;2.0;3.0;0.0;0.0;;0.0;0.0;0.0;0.0;0.0;;Real Tomayapo;;0.0;0.0;2.6;0;0.0;0 - 0;3.8;San Antonio Bulo Bulo;;0.0;0.0;2.3;0;0.0;0.0;0 - 0;0-0;3.25;nan;-;nan;;;;;;;;;;;;;;;;0.0;0.0;0.0;0.0;;;0.0;0.0;0.0;0.0;;[];[];[];[];[];[];[];[];1.0;0.0;0.0;1.0;0.0;0.0;613958.0;846036.0;cd real tomayapo;san antonio bulo bulo;;;
2026-05-09;193192198;Brazil Serie B;Brazil;20:30;Schedule;0.19841269841269837;2.025;2.0, 2.5;1.775;2.0, 2.5;0.0;0.0;;0.0;0.0;0.0;0.0;0.0;;CRB;;0.0;0.0;2.1;0;0.0;0 - 0;3.25;Operario PR;;0.0;0.0;3.6;0;0.0;-0.25;0 - 0;0-0;2.25;0.75;-;nan;;;;;;;;;;;;;;;;0.0;0.0;0.0;0.0;;;0.0;0.0;0.0;0.0;;[];[];[];[];[];[];[];[];1.0;0.0;0.0;1.0;0.0;0.0;22032.0;39634.0;cr brasil al;operario ferroviario ec pr;1.9;1.9;Youth
2026-05-09;193333228;USA USL Championship;USA;20:30;Schedule;0.06441223832528187;2.0;2.5;1.8;2.5;0.0;0.0;;0.0;0.0;0.0;0.0;0.0;;Rhode Island FC;;0.0;0.0;2.3;0;0.0;0 - 0;3.25;Tampa Bay Rowdies;;0.0;0.0;2.7;0;0.0;0.0;0 - 0;0-0;2.5;1.0;-;nan;;;;;;;;;;;;;;;;0.0;0.0;0.0;0.0;;;0.0;0.0;0.0;0.0;;[];[];[];[];[];[];[];[];1.0;0.0;0.0;1.0;0.0;0.0;1092285.0;41617.0;rhode island fc;tampa bay rowdies;1.8;1.72;
2026-05-09;193330549;USA MLS;USA;20:30;Schedule;0.15261627906976744;1.8;3.0;2.0;3.0;0.0;0.0;;0.0;0.0;0.0;0.0;0.0;;Charlotte FC;;0.0;0.0;2.15;0;0.0;0 - 0;3.6;FC Cincinnati;;0.0;0.0;3.2;0;0.0;-0.25;0 - 0;0-0;3.0;1.25;-;nan;;;;;;;;;;;;;;;;0.0;0.0;0.0;0.0;;;0.0;0.0;0.0;0.0;;[];[];[];[];[];[];[];[];1.0;0.0;0.0;1.0;0.0;0.0;863473.0;245305.0;charlotte fc;fc cincinnati;1.5;1.44;
2026-05-09;194216965;USA USL League One;USA;20:30;Schedule;0.1774193548387097;1.8;2.5;2.0;2.5;0.0;0.0;;0.0;0.0;0.0;0.0;0.0;;Fort Wayne FC;;0.0;0.0;2.0;0;0.0;0 - 0;3.4;Westchester SC;;0.0;0.0;3.1;0;0.0;-0.25;0 - 0;0-0;2.5;1.0;-;nan;;;;;;;;;;;;;;;;0.0;0.0;0.0;0.0;;;0.0;0.0;0.0;0.0;;[];[];[];[];[];[];[];[];1.0;0.0;0.0;1.0;0.0;0.0;;1218563.0;;westchester sc;;;
2026-05-09;193330547;USA MLS;USA;20:30;Schedule;0.06441223832528187;1.775;2.5, 3.0;2.025;2.5, 3.0;0.0;0.0;;0.0;0.0;0.0;0.0;0.0;;Atlanta Utd;;0.0;0.0;2.3;0;0.0;0 - 0;3.9;LA Galaxy;;0.0;0.0;2.7;0;0.0;-0.25;0 - 0;0-0;2.75;1.25;-;nan;;;;;;;;;;;;;;;;0.0;0.0;0.0;0.0;;;0.0;0.0;0.0;0.0;;[];[];[];[];[];[];[];[];1.0;0.0;0.0;1.0;0.0;0.0;305920.0;2513.0;atlanta united fc;los angeles galaxy;1.53;1.57;
2026-05-09;194281343;Argentina Torneo A;Argentina;20:30;Schedule;-0.08333333333333337;2.05;2.0;1.75;2.0;0.0;0.0;;0.0;0.0;0.0;0.0;0.0;;Defensores Puerto Vilelas;;0.0;0.0;3.0;0;0.0;0 - 0;2.75;CA Bartolome Mitre;;0.0;0.0;2.4;0;0.0;+0.25;0 - 0;0-0;2.0;0.75;-;nan;;;;;;;;;;;;;;;;0.0;0.0;0.0;0.0;;;0.0;0.0;0.0;0.0;;[];[];[];[];[];[];[];[];1.0;0.0;0.0;1.0;0.0;0.0;790236.0;855135.0;ca defensores de vilelas;ca bartolome mitre;;;
2026-05-09;193330551;USA MLS;USA;20:30;Schedule;-0.00366300366300365;1.975;2.5;1.825;2.5;0.0;0.0;;0.0;0.0;0.0;0.0;0.0;;New England;;0.0;0.0;2.625;0;0.0;0 - 0;3.4;Philadelphia;;0.0;0.0;2.6;0;0.0;0.0;0 - 0;0-0;2.5;1.0;-;nan;;;;;;;;;;;;;;;;0.0;0.0;0.0;0.0;;;0.0;0.0;0.0;0.0;;[];[];[];[];[];[];[];[];1.0;0.0;0.0;1.0;0.0;0.0;2511.0;39833.0;new england revolution;philadelphia union;1.75;1.75;
2026-05-09;194216974;USA USL League One;USA;21:00;Schedule;0.47619047619047616;1.975;2.5, 3.0;1.825;2.5, 3.0;0.0;0.0;;0.0;0.0;0.0;0.0;0.0;;Union Omaha;;0.0;0.0;1.5;0;0.0;0 - 0;3.8;Portland Hearts of Pine;;0.0;0.0;5.25;0;0.0;-1.0;0 - 0;0-0;2.75;1.0;-;nan;;;;;;;;;;;;;;;;0.0;0.0;0.0;0.0;;;0.0;0.0;0.0;0.0;;[];[];[];[];[];[];[];[];1.0;0.0;0.0;1.0;0.0;0.0;668761.0;;union omaha sc;;;;
2026-05-09;193191345;Brazil Serie A;Brazil;21:00;Schedule;0.2175346077785103;2.05;2.5;1.8;2.5;0.0;0.0;;0.0;0.0;0.0;0.0;0.0;;Bahia;;0.0;0.0;2.05;0;0.0;0 - 0;3.4;Cruzeiro;;0.0;0.0;3.7;0;0.0;-0.5;0 - 0;0-0;2.5;1.0;-;nan;;;;;;;;;;;;;;;;0.0;0.0;0.0;0.0;;;0.0;0.0;0.0;0.0;;[];[];[];[];[];[];[];[];1.0;0.0;0.0;1.0;0.0;0.0;1955.0;1954.0;ec bahia ba;cruzeiro ec mg;;;
2026-05-09;194318983;Fiji National League;Fiji;21:00;Schedule;-0.8748832866479925;1.9;4.5;1.9;4.5;0.0;0.0;;0.0;0.0;0.0;0.0;0.0;;Tailevu Naitasiri;;0.0;0.0;17.0;0;0.0;0 - 0;10.0;BA FC;;0.0;0.0;1.071;0;0.0;+3.25;0 - 0;0-0;4.5;2.0;-;nan;;;;;;;;;;;;;;;;0.0;0.0;0.0;0.0;;;0.0;0.0;0.0;0.0;;[];[];[];[];[];[];[];[];1.0;0.0;0.0;1.0;0.0;0.0;;;;;;;
2026-05-09;194206085;Venezuela Primera Division;Venezuela;21:00;Schedule;-0.1111111111111111;1.825;2.0, 2.5;1.975;2.0, 2.5;0.0;0.0;;0.0;0.0;0.0;0.0;0.0;;UCV;1.0;0.0;0.0;3.0;0;0.0;0 - 0;3.0;Academia Puerto Cabello;5.0;0.0;0.0;2.25;0;0.0;+0.25;0 - 0;0-0;2.25;1.0;-;nan;;;;;;;;;;;;;;;;0.0;0.0;0.0;0.0;;;0.0;0.0;0.0;0.0;;[];[];[];[];[];[];[];[];1.0;0.0;0.0;1.0;0.0;0.0;324069.0;266595.0;ucv fc;academia puerto cabello;;;
2026-05-09;194220136;Honduras Liga Nacional;Honduras;21:00;Schedule;0.4027777777777778;1.975;3.0;1.825;3.0;0.0;0.0;;0.0;0.0;0.0;0.0;0.0;;Motagua;2.0;0.0;0.0;1.6;0;0.0;0 - 0;3.7;Olancho FC;4.0;0.0;0.0;4.5;0;0.0;-0.75;0 - 0;0-0;3.0;1.25;-;nan;;;;;;;;;;;;;;;;0.0;0.0;0.0;0.0;;;0.0;0.0;0.0;0.0;;[];[];[];[];[];[];[];[];1.0;0.0;0.0;1.0;0.0;0.0;;;;;;;
2026-05-09;194219957;Chile Primera B;Chile;21:00;Schedule;0.0;1.8;2.0, 2.5;2.0;2.0, 2.5;0.0;0.0;;0.0;0.0;0.0;0.0;0.0;;Santiago Wanderers;5.0;0.0;0.0;2.45;0;0.0;0 - 0;3.25;Cobreloa;2.0;0.0;0.0;2.45;0;0.0;0.0;0 - 0;0-0;2.25;1.0;-;nan;;;;;;;;;;;;;;;;0.0;0.0;0.0;0.0;;;0.0;0.0;0.0;0.0;;[];[];[];[];[];[];[];[];1.0;0.0;0.0;1.0;0.0;0.0;;;;;;;Youth
2026-05-09;193196560;Ecuador LigaPro Serie A;Ecuador;21:00;Schedule;0.4365372374283896;1.825;2.5;1.975;2.5;0.0;0.0;;0.0;0.0;0.0;0.0;0.0;;Independiente del Valle;;0.0;0.0;1.571;0;0.0;0 - 0;4.0;Barcelona Guayaquil;;0.0;0.0;5.0;0;0.0;-1.0;0 - 0;0-0;2.5;1.0;-;nan;;;;;;;;;;;;;;;;0.0;0.0;0.0;0.0;;;0.0;0.0;0.0;0.0;;[];[];[];[];[];[];[];[];1.0;0.0;0.0;1.0;0.0;0.0;39723.0;5250.0;csd independiente del valle;barcelona sc;;;
2026-05-09;194220133;Guatemala Liga Nacional;Guatemala;21:00;Schedule;0.5646376811594204;2.0;2.5;1.8;2.5;0.0;0.0;;0.0;0.0;0.0;0.0;0.0;;CSD Municipal;;0.0;0.0;1.38;0;0.0;0 - 0;4.333;Deportivo Mixco;;0.0;0.0;6.25;0;0.0;-1.25;0 - 0;0-0;2.5;1.0;-;nan;;;;;;;;;;;;;;;;0.0;0.0;0.0;0.0;;;0.0;0.0;0.0;0.0;;[];[];[];[];[];[];[];[];1.0;0.0;0.0;1.0;0.0;0.0;;;;;;;
2026-05-09;194210347;USA MLS Next Pro League;USA;21:00;Schedule;0.4057502538142655;1.95;3.0, 3.5;1.85;3.0, 3.5;0.0;0.0;;0.0;0.0;0.0;0.0;0.0;;Minnesota United FC II;;0.0;0.0;1.571;0;0.0;0 - 0;4.2;North Texas SC;;0.0;0.0;4.333;0;0.0;-1.0;0 - 0;0-0;3.25;1.25;-;nan;;;;;;;;;;;;;;;;0.0;0.0;0.0;0.0;;;0.0;0.0;0.0;0.0;;[];[];[];[];[];[];[];[];1.0;0.0;0.0;1.0;0.0;0.0;;;;;;;Youth
2026-05-09;194210362;USA NWSL Women;USA;21:00;Schedule;0.09740259740259738;2.0;2.5;1.8;2.5;0.0;0.0;;0.0;0.0;0.0;0.0;0.0;;Houston Dash (W);;0.0;0.0;2.2;0;0.0;0 - 0;3.3;Denver Summit FC (W);;0.0;0.0;2.8;0;0.0;-0.25;0 - 0;0-0;2.5;1.0;-;nan;;;;;;;;;;;;;;;;0.0;0.0;0.0;0.0;;;0.0;0.0;0.0;0.0;;[];[];[];[];[];[];[];[];1.0;0.0;0.0;1.0;0.0;0.0;151006.0;1319038.0;houston dash;denver summit fc;;;Women
2026-05-09;193192201;Brazil Serie B;Brazil;21:15;Schedule;0.14906832298136652;1.875;2.0;1.925;2.0;0.0;0.0;;0.0;0.0;0.0;0.0;0.0;;Juventude;;0.0;0.0;2.3;0;0.0;0 - 0;2.9;Criciuma;;0.0;0.0;3.5;0;0.0;-0.25;0 - 0;0-0;2.0;0.75;-;nan;;;;;;;;;;;;;;;;0.0;0.0;0.0;0.0;;;0.0;0.0;0.0;0.0;;[];[];[];[];[];[];[];[];1.0;0.0;0.0;1.0;0.0;0.0;1980.0;1984.0;ec juventude rs;criciuma ec sc;;;Youth
2026-05-09;193330553;USA MLS;USA;21:30;Schedule;0.12121212121212122;1.9;3.0;1.9;3.0;0.0;0.0;;0.0;0.0;0.0;0.0;0.0;;FC Dallas;;0.0;0.0;2.2;0;0.0;0 - 0;3.8;Real Salt Lake;;0.0;0.0;3.0;0;0.0;-0.25;0 - 0;0-0;3.0;1.25;-;nan;;;;;;;;;;;;;;;;0.0;0.0;0.0;0.0;;;0.0;0.0;0.0;0.0;;[];[];[];[];[];[];[];[];1.0;0.0;0.0;1.0;0.0;0.0;2512.0;5133.0;fc dallas;real salt lake;;;
2026-05-09;194165546;Argentina Liga Profesional;Argentina;21:30;Schedule;0.18787878787878787;2.025;2.0, 2.5;1.775;2.0, 2.5;0.0;0.0;;0.0;0.0;0.0;0.0;0.0;;Independiente Rivadavia;;0.0;0.0;2.2;0;0.0;0 - 0;3.0;Union Santa Fe;;0.0;0.0;3.75;0;0.0;-0.25;0 - 0;0-0;2.25;0.75;-;nan;;;;;;;;;;;;;;;;0.0;0.0;0.0;0.0;;;0.0;0.0;0.0;0.0;;[];[];[];[];[];[];[];[];1.0;0.0;0.0;1.0;0.0;0.0;36842.0;3204.0;independiente rivadavia;union de santa fe;;;
2026-05-09;194281368;Aruba Division Di Honor;Aruba;21:30;Schedule;-0.24305555555555558;1.875;3.0, 3.5;1.925;3.0, 3.5;0.0;0.0;;0.0;0.0;0.0;0.0;0.0;;SV La Fama;;0.0;0.0;3.2;0;0.0;0 - 0;3.9;SV Britannia;;0.0;0.0;1.8;0;0.0;+0.5;0 - 0;0-0;3.25;1.25;-;nan;;;;;;;;;;;;;;;;0.0;0.0;0.0;0.0;;;0.0;0.0;0.0;0.0;;[];[];[];[];[];[];[];[];1.0;0.0;0.0;1.0;0.0;0.0;;;;;;;
2026-05-09;194216976;USA USL League One;USA;21:30;Schedule;0.08417508417508418;1.975;2.5, 3.0;1.825;2.5, 3.0;0.0;0.0;;0.0;0.0;0.0;0.0;0.0;;Corpus Christi FC;;0.0;0.0;2.2;0;0.0;0 - 0;3.5;Charlotte Independence;;0.0;0.0;2.7;0;0.0;-0.25;0 - 0;0-0;2.75;1.0;-;nan;;;;;;;;;;;;;;;;0.0;0.0;0.0;0.0;;;0.0;0.0;0.0;0.0;;[];[];[];[];[];[];[];[];1.0;0.0;0.0;1.0;0.0;0.0;;206009.0;;charlotte independence;;;
2026-05-09;194079835;Argentina Liga Profesional;Argentina;21:30;Schedule;0.2905982905982907;2.0;2.0;1.8;2.0;0.0;0.0;;0.0;0.0;0.0;0.0;0.0;;Argentinos Jrs;;0.0;0.0;1.95;0;0.0;0 - 0;3.1;Lanus;;0.0;0.0;4.5;0;0.0;-0.5;0 - 0;0-0;2.0;0.75;-;nan;;;;;;;;;;;;;;;;0.0;0.0;0.0;0.0;;;0.0;0.0;0.0;0.0;;[];[];[];[];[];[];[];[];1.0;0.0;0.0;1.0;0.0;0.0;3216.0;3218.0;argentinos juniors;ca lanus;;;
2026-05-09;194206097;Venezuela Primera Division;Venezuela;21:30;Schedule;0.24255024255024266;2.025;2.0, 2.5;1.775;2.0, 2.5;0.0;0.0;;0.0;0.0;0.0;0.0;0.0;;Deportivo Tachira;4.0;0.0;0.0;1.95;0;0.0;0 - 0;3.0;Carabobo;7.0;0.0;0.0;3.7;0;0.0;-0.5;0 - 0;0-0;2.25;nan;-;nan;;;;;;;;;;;;;;;;0.0;0.0;0.0;0.0;;;0.0;0.0;0.0;0.0;;[];[];[];[];[];[];[];[];1.0;0.0;0.0;1.0;0.0;0.0;;6229.0;;carabobo fc;;;
2026-05-09;194216953;USA NWSL Women;USA;21:45;Schedule;-0.033375052148518936;1.975;2.5, 3.0;1.825;2.5, 3.0;0.0;0.0;;0.0;0.0;0.0;0.0;0.0;;Angel City FC (W);;0.0;0.0;2.55;0;0.0;0 - 0;3.3;San Diego Wave (W);;0.0;0.0;2.35;0;0.0;0.0;0 - 0;0-0;2.75;1.25;-;nan;;;;;;;;;;;;;;;;0.0;0.0;0.0;0.0;;;0.0;0.0;0.0;0.0;;[];[];[];[];[];[];[];[];1.0;0.0;0.0;1.0;0.0;0.0;874721.0;874723.0;angel city fc;san diego wave fc;;;Women
2026-05-09;194333782;Australia Northern NSW Reserves League;Australia;22:00;Schedule;0.25645815043801484;1.9;3.5, 4.0;1.9;3.5, 4.0;0.0;0.0;;0.0;0.0;0.0;0.0;0.0;;Newcastle Olympic FC Reserves;;0.0;0.0;1.727;0;0.0;0 - 0;4.75;Lambton Jaffas Reserves;;0.0;0.0;3.1;0;0.0;-0.75;0 - 0;0-0;3.75;1.5;-;nan;;;;;;;;;;;;;;;;0.0;0.0;0.0;0.0;;;0.0;0.0;0.0;0.0;;[];[];[];[];[];[];[];[];1.0;0.0;0.0;1.0;0.0;0.0;;;;;;;Youth
2026-05-09;194221707;OFC Pro League;International (Oceania);22:00;Schedule;0.3123721289326385;1.8;2.5, 3.0;2.0;2.5, 3.0;0.0;0.0;;0.0;0.0;0.0;0.0;0.0;;Solomon Kings FC;;0.0;0.0;1.727;0;0.0;0 - 0;3.75;Vanuatu United;;0.0;0.0;3.75;0;0.0;-0.75;0 - 0;0-0;2.75;1.25;-;nan;;;;;;;;;;;;;;;;0.0;0.0;0.0;0.0;;;0.0;0.0;0.0;0.0;;[];[];[];[];[];[];[];[];1.0;0.0;0.0;1.0;0.0;0.0;;;;;;;
2026-05-09;193329732;Peru Liga 1;Peru;22:00;Schedule;0.3776578017729787;1.775;2.0, 2.5;2.025;2.0, 2.5;0.0;0.0;;0.0;0.0;0.0;0.0;0.0;;Alianza Lima;;0.0;0.0;1.667;0;0.0;0 - 0;3.5;Sporting Cristal;;0.0;0.0;4.5;0;0.0;-0.75;0 - 0;0-0;2.25;1.0;-;nan;;;;;;;;;;;;;;;;0.0;0.0;0.0;0.0;;;0.0;0.0;0.0;0.0;;[];[];[];[];[];[];[];[];1.0;0.0;0.0;1.0;0.0;0.0;2311.0;2302.0;alianza lima;sporting cristal;;;
2026-05-09;194091265;Mexico Liga de Expansion;Mexico;22:00;Schedule;0.22121384004537717;1.875;2.0, 2.5;1.925;2.0, 2.5;0.0;0.0;;0.0;0.0;0.0;0.0;0.0;;Jaiba Brava;;0.0;0.0;2.15;0;0.0;0 - 0;2.875;Tepatitlan de Morelos;;0.0;0.0;4.1;0;0.0;-0.25;0 - 0;0-0;2.25;1.0;-;nan;;;;;;;;;;;;;;;;0.0;0.0;0.0;0.0;;;0.0;0.0;0.0;0.0;;[];[];[];[];[];[];[];[];1.0;0.0;0.0;1.0;0.0;0.0;;;;;;;
2026-05-09;194272587;El Salvador Clausura;El Salvador;22:00;Schedule;0.5792916760658695;1.825;2.5, 3.0;1.975;2.5, 3.0;0.0;0.0;;0.0;0.0;0.0;0.0;0.0;;CD FAS;;0.0;0.0;1.364;0;0.0;0 - 0;4.333;CD Cacahuatique;;0.0;0.0;6.5;0;0.0;-1.25;0 - 0;0-0;2.75;1.25;-;nan;;;;;;;;;;;;;;;;0.0;0.0;0.0;0.0;;;0.0;0.0;0.0;0.0;;[];[];[];[];[];[];[];[];1.0;0.0;0.0;1.0;0.0;0.0;;;;;;;
2026-05-09;194221747;New Zealand Central League;New Zealand;22:00;Schedule;-0.9321266968325791;1.95;4.5;1.85;4.5;0.0;0.0;;0.0;0.0;0.0;0.0;0.0;;FC Western;;0.0;0.0;34.0;0;0.0;0 - 0;15.0;Miramar Rangers;;0.0;0.0;1.04;0;0.0;+3.75;0 - 0;0-0;4.5;2.0;-;nan;;;;;;;;;;;;;;;;0.0;0.0;0.0;0.0;;;0.0;0.0;0.0;0.0;;[];[];[];[];[];[];[];[];1.0;0.0;0.0;1.0;0.0;0.0;;;;;;;
2026-05-09;194318978;Fiji National League;Fiji;22:00;Schedule;0.10582010582010581;1.9;3.0;1.9;3.0;0.0;0.0;;0.0;0.0;0.0;0.0;0.0;;Lautoka FC;;0.0;0.0;2.1;0;0.0;0 - 0;3.9;Labasa FC;;0.0;0.0;2.7;0;0.0;-0.25;0 - 0;0-0;3.0;1.25;-;nan;;;;;;;;;;;;;;;;0.0;0.0;0.0;0.0;;;0.0;0.0;0.0;0.0;;[];[];[];[];[];[];[];[];1.0;0.0;0.0;1.0;0.0;0.0;;;;;;;
2026-05-09;193333231;USA USL Championship;USA;22:00;Schedule;0.3226285391890487;1.95;2.5, 3.0;1.85;2.5, 3.0;0.0;0.0;;0.0;0.0;0.0;0.0;0.0;;New Mexico United;;0.0;0.0;1.727;0;0.0;0 - 0;3.6;Las Vegas Lights FC;;0.0;0.0;3.9;0;0.0;-0.75;0 - 0;0-0;2.75;1.25;-;nan;;;;;;;;;;;;;;;;0.0;0.0;0.0;0.0;;;0.0;0.0;0.0;0.0;;[];[];[];[];[];[];[];[];1.0;0.0;0.0;1.0;0.0;0.0;545601.0;412157.0;new mexico united;las vegas lights;;;
2026-05-09;194303609;Nicaragua Clausura;Nicaragua;22:00;Schedule;0.20032051282051289;1.925;2.5;1.875;2.5;0.0;0.0;;0.0;0.0;0.0;0.0;0.0;;Real Esteli;;0.0;0.0;1.95;0;0.0;0 - 0;3.3;Diriangen;;0.0;0.0;3.2;0;0.0;-0.5;0 - 0;0-0;2.5;1.0;-;nan;;;;;;;;;;;;;;;;0.0;0.0;0.0;0.0;;;0.0;0.0;0.0;0.0;;[];[];[];[];[];[];[];[];1.0;0.0;0.0;1.0;0.0;0.0;;;;;;;
2026-05-09;193711649;Mexico Liga MX;Mexico;22:07;Schedule;0.1515151515151515;2.0;2.5;1.8;2.5;0.0;0.0;;0.0;0.0;0.0;0.0;0.0;;Chivas Guadalajara;;0.0;0.0;2.2;0;0.0;0 - 0;3.3;Tigres UANL;;0.0;0.0;3.3;0;0.0;-0.25;0 - 0;0-0;2.5;1.0;-;nan;;;;;;;;;;;;;;;;0.0;0.0;0.0;0.0;;;0.0;0.0;0.0;0.0;;[];[];[];[];[];[];[];[];1.0;0.0;0.0;1.0;0.0;0.0;1938.0;1940.0;cd guadalajara;tigres uanl;;;
2026-05-09;193330555;USA MLS;USA;22:15;Schedule;0.42871885596343806;1.925;2.5;1.875;2.5;0.0;0.0;;0.0;0.0;0.0;0.0;0.0;;Nashville SC;;0.0;0.0;1.615;0;0.0;0 - 0;4.0;DC United;;0.0;0.0;5.25;0;0.0;-0.75;0 - 0;0-0;2.5;1.0;-;nan;;;;;;;;;;;;;;;;0.0;0.0;0.0;0.0;;;0.0;0.0;0.0;0.0;;[];[];[];[];[];[];[];[];1.0;0.0;0.0;1.0;0.0;0.0;668063.0;2502.0;nashville sc;dc united;;;
2026-05-09;194127640;Colombia Primera A;Colombia;22:20;Schedule;0.18207282913165262;2.0;2.0, 2.5;1.8;2.0, 2.5;0.0;0.0;;0.0;0.0;0.0;0.0;0.0;;America de Cali;;0.0;0.0;2.1;0;0.0;0 - 0;3.2;Independiente Santa Fe;;0.0;0.0;3.4;0;0.0;-0.25;0 - 0;0-0;2.25;0.75;-;nan;;;;;;;;;;;;;;;;0.0;0.0;0.0;0.0;;;0.0;0.0;0.0;0.0;;[];[];[];[];[];[];[];[];1.0;0.0;0.0;1.0;0.0;0.0;6102.0;6116.0;america de cali;independiente santa fe;;;
2026-05-09;194095707;Colombia Primera A;Colombia;22:20;Schedule;0.13194444444444442;1.975;2.0, 2.5;1.825;2.0, 2.5;0.0;0.0;;0.0;0.0;0.0;0.0;0.0;;Independiente Santa Fe;;0.0;0.0;2.25;0;0.0;0 - 0;3.1;America de Cali;;0.0;0.0;3.2;0;0.0;-0.25;0 - 0;0-0;2.25;nan;-;nan;;;;;;;;;;;;;;;;0.0;0.0;0.0;0.0;;;0.0;0.0;0.0;0.0;;[];[];[];[];[];[];[];[];1.0;0.0;0.0;1.0;0.0;0.0;6116.0;6102.0;independiente santa fe;america de cali;;;
2026-05-09;194260042;Panama LPF;Panama;22:30;Schedule;0.2752834667728285;1.925;2.5;1.875;2.5;0.0;0.0;;0.0;0.0;0.0;0.0;0.0;;Alianza FC Panama;;0.0;0.0;1.833;0;0.0;0 - 0;3.3;Veraguas United;;0.0;0.0;3.7;0;0.0;-0.5;0 - 0;0-0;2.5;1.0;-;nan;;;;;;;;;;;;;;;;0.0;0.0;0.0;0.0;;;0.0;0.0;0.0;0.0;;[];[];[];[];[];[];[];[];1.0;0.0;0.0;1.0;0.0;0.0;;;;;;;
2026-05-09;193330557;USA MLS;USA;22:30;Schedule;0.24605669053023682;1.9;3.0;1.9;3.0;0.0;0.0;;0.0;0.0;0.0;0.0;0.0;;Colorado Rapids;;0.0;0.0;1.909;0;0.0;0 - 0;3.9;St. Louis City SC;;0.0;0.0;3.6;0;0.0;-0.5;0 - 0;0-0;3.0;1.25;-;nan;;;;;;;;;;;;;;;;0.0;0.0;0.0;0.0;;;0.0;0.0;0.0;0.0;;[];[];[];[];[];[];[];[];1.0;0.0;0.0;1.0;0.0;0.0;2510.0;874725.0;colorado rapids;saint louis city sc;;;
2026-05-09;194272589;El Salvador Clausura;El Salvador;22:30;Schedule;0.19696969696969696;1.85;2.0, 2.5;1.95;2.0, 2.5;0.0;0.0;;0.0;0.0;0.0;0.0;0.0;;Alianza FC San Salvador;3.0;0.0;0.0;2.0;0;0.0;0 - 0;3.2;CD Aguila;6.0;0.0;0.0;3.3;0;0.0;-0.5;0 - 0;0-0;2.25;1.0;-;nan;;;;;;;;;;;;;;;;0.0;0.0;0.0;0.0;;;0.0;0.0;0.0;0.0;;[];[];[];[];[];[];[];[];1.0;0.0;0.0;1.0;0.0;0.0;;;;;;;
2026-05-09;194318980;Fiji National League;Fiji;23:00;Schedule;-0.49252077562326874;1.85;3.5;1.95;3.5;0.0;0.0;;0.0;0.0;0.0;0.0;0.0;;Nasinu FC;;0.0;0.0;5.0;0;0.0;0 - 0;4.5;Suva FC;;0.0;0.0;1.444;0;0.0;+1.25;0 - 0;0-0;3.5;1.5;-;nan;;;;;;;;;;;;;;;;0.0;0.0;0.0;0.0;;;0.0;0.0;0.0;0.0;;[];[];[];[];[];[];[];[];1.0;0.0;0.0;1.0;0.0;0.0;;;;;;;
2026-05-09;194216949;Mexico Segunda Division;Mexico;23:00;Schedule;0.38109980834439044;2.0;3.0;1.8;3.0;0.0;0.0;;0.0;0.0;0.0;0.0;0.0;;Alacranes de Durango;;0.0;0.0;1.615;0;0.0;0 - 0;3.7;Deportiva Venados;;0.0;0.0;4.2;0;0.0;-0.75;0 - 0;0-0;3.0;1.25;-;nan;;;;;;;;;;;;;;;;0.0;0.0;0.0;0.0;;;0.0;0.0;0.0;0.0;;[];[];[];[];[];[];[];[];1.0;0.0;0.0;1.0;0.0;0.0;;;;;;;
2026-05-09;193333234;USA USL Championship;USA;23:00;Schedule;0.050167224080267636;1.825;2.5, 3.0;1.975;2.5, 3.0;0.0;0.0;;0.0;0.0;0.0;0.0;0.0;;Oakland Roots;;0.0;0.0;2.3;0;0.0;0 - 0;3.4;El Paso Locomotive FC;;0.0;0.0;2.6;0;0.0;-0.25;0 - 0;0-0;2.75;1.25;-;nan;;;;;;;;;;;;;;;;0.0;0.0;0.0;0.0;;;0.0;0.0;0.0;0.0;;[];[];[];[];[];[];[];[];1.0;0.0;0.0;1.0;0.0;0.0;598758.0;545599.0;oakland roots sc;el paso locomotive fc;;;
2026-05-09;193333237;USA USL Championship;USA;23:00;Schedule;0.21870286576168935;1.825;2.0, 2.5;1.975;2.0, 2.5;0.0;0.0;;0.0;0.0;0.0;0.0;0.0;;Phoenix Rising FC;;0.0;0.0;1.95;0;0.0;0 - 0;3.2;San Antonio FC;;0.0;0.0;3.4;0;0.0;-0.5;0 - 0;0-0;2.25;1.0;-;nan;;;;;;;;;;;;;;;;0.0;0.0;0.0;0.0;;;0.0;0.0;0.0;0.0;;[];[];[];[];[];[];[];[];1.0;0.0;0.0;1.0;0.0;0.0;154018.0;250005.0;phoenix rising fc;san antonio fc;;;
2026-05-09;194219970;Costa Rica Primera Division;Costa Rica;23:00;Schedule;0.15360983102918585;1.825;2.0, 2.5;1.975;2.0, 2.5;0.0;0.0;;0.0;0.0;0.0;0.0;0.0;;Herediano;5.0;0.0;0.0;2.1;0;0.0;0 - 0;3.1;Cartagines;3.0;0.0;0.0;3.1;0;0.0;-0.25;0 - 0;0-0;2.25;1.0;-;nan;;;;;;;;;;;;;;;;0.0;0.0;0.0;0.0;;;0.0;0.0;0.0;0.0;;[];[];[];[];[];[];[];[];1.0;0.0;0.0;1.0;0.0;0.0;7045.0;7044.0;cs herediano;cs cartagines;;;
2026-05-09;194221699;New Zealand Central League;New Zealand;23:00;Schedule;0.9414620217018846;1.925;5.0;1.875;5.0;0.0;0.0;;0.0;0.0;0.0;0.0;0.0;;Napier City Rovers;;0.0;0.0;1.03;0;0.0;0 - 0;17.0;Waterside Karori;;0.0;0.0;34.0;0;0.0;-4.25;0 - 0;0-0;5.0;2.25;-;nan;;;;;;;;;;;;;;;;0.0;0.0;0.0;0.0;;;0.0;0.0;0.0;0.0;;[];[];[];[];[];[];[];[];1.0;0.0;0.0;1.0;0.0;0.0;;;;;;;
2026-05-09;194261726;Australia Tasmania Championship;Australia;23:15;Schedule;0.08780487804878051;1.95;4.0, 4.5;1.85;4.0, 4.5;0.0;0.0;;0.0;0.0;0.0;0.0;0.0;;New Town Eagles;3.0;0.0;0.0;2.05;0;0.0;0 - 0;4.2;Clarence Zebras Reserves;2.0;0.0;0.0;2.5;0;0.0;-0.25;0 - 0;0-0;4.25;1.75;-;nan;;;;;;;;;;;;;;;;0.0;0.0;0.0;0.0;;;0.0;0.0;0.0;0.0;;[];[];[];[];[];[];[];[];1.0;0.0;0.0;1.0;0.0;0.0;;;;;;;Youth
2026-05-09;194261303;Honduras Liga Nacional;Honduras;23:15;Schedule;-0.00816326530612238;1.95;2.5;1.85;2.5;0.0;0.0;;0.0;0.0;0.0;0.0;0.0;;Real Espana;;0.0;0.0;2.5;0;0.0;0 - 0;3.2;CD Olimpia;;0.0;0.0;2.45;0;0.0;0.0;0 - 0;0-0;2.5;1.0;-;nan;;;;;;;;;;;;;;;;0.0;0.0;0.0;0.0;;;0.0;0.0;0.0;0.0;;[];[];[];[];[];[];[];[];1.0;0.0;0.0;1.0;0.0;0.0;;;;;;;
2026-05-09;194216978;USA USL League One;USA;23:30;Schedule;0.08080808080808077;1.875;2.5;1.925;2.5;0.0;0.0;;0.0;0.0;0.0;0.0;0.0;;Antelope Valley Alta;;0.0;0.0;2.25;0;0.0;0 - 0;3.3;Forward Madison FC;;0.0;0.0;2.75;0;0.0;-0.25;0 - 0;0-0;2.5;1.0;-;nan;;;;;;;;;;;;;;;;0.0;0.0;0.0;0.0;;;0.0;0.0;0.0;0.0;;[];[];[];[];[];[];[];[];1.0;0.0;0.0;1.0;0.0;0.0;;;;;;;
2026-05-09;194218776;Australia A-League Women;Australia;23:30;Schedule;0.31588090086246307;1.95;3.0;1.85;3.0;0.0;0.0;;0.0;0.0;0.0;0.0;0.0;;Wellington Phoenix (W);;0.0;0.0;1.727;0;0.0;0 - 0;3.9;Brisbane Roar (W);;0.0;0.0;3.8;0;0.0;-0.75;0 - 0;0-0;3.0;1.25;-;nan;;;;;;;;;;;;;;;;0.0;0.0;0.0;0.0;;;0.0;0.0;0.0;0.0;;[];[];[];[];[];[];[];[];1.0;0.0;0.0;1.0;0.0;0.0;841742.0;5968.0;wellington phoenix;brisbane roar fc;;;Women
2026-05-09;193330566;USA MLS;USA;23:30;Schedule;0.38383838383838387;1.85;3.0;1.95;3.0;0.0;0.0;;0.0;0.0;0.0;0.0;0.0;;Seattle Sounders;;0.0;0.0;1.65;0;0.0;0 - 0;4.2;San Diego FC;;0.0;0.0;4.5;0;0.0;-0.75;0 - 0;0-0;3.0;1.25;-;nan;;;;;;;;;;;;;;;;0.0;0.0;0.0;0.0;;;0.0;0.0;0.0;0.0;;[];[];[];[];[];[];[];[];1.0;0.0;0.0;1.0;0.0;0.0;22009.0;1217911.0;seattle sounders;san diego fc;;;
2026-05-09;193330561;USA MLS;USA;23:30;Schedule;-0.12121212121212122;1.8;3.0;2.0;3.0;0.0;0.0;;0.0;0.0;0.0;0.0;0.0;;San Jose;;0.0;0.0;3.0;0;0.0;0 - 0;3.75;Vancouver Whitecaps;;0.0;0.0;2.2;0;0.0;+0.25;0 - 0;0-0;3.0;1.25;-;nan;;;;;;;;;;;;;;;;0.0;0.0;0.0;0.0;;;0.0;0.0;0.0;0.0;;[];[];[];[];[];[];[];[];1.0;0.0;0.0;1.0;0.0;0.0;21825.0;22010.0;san jose earthquakes;vancouver whitecaps fc;;;
2026-05-09;193330559;USA MLS;USA;23:30;Schedule;0.45231572080887156;1.825;3.0, 3.5;1.975;3.0, 3.5;0.0;0.0;;0.0;0.0;0.0;0.0;0.0;;Portland Timbers;;0.0;0.0;1.533;0;0.0;0 - 0;4.75;Kansas City;;0.0;0.0;5.0;0;0.0;-1.0;0 - 0;0-0;3.25;1.5;-;nan;;;;;;;;;;;;;;;;0.0;0.0;0.0;0.0;;;0.0;0.0;0.0;0.0;;[];[];[];[];[];[];[];[];1.0;0.0;0.0;1.0;0.0;0.0;22007.0;2509.0;portland timbers;sporting kansas city;;;
2026-05-09;194216986;USA USL Super League Women;USA;23:30;Schedule;0.0;1.9;2.5;1.9;2.5;0.0;0.0;;0.0;0.0;0.0;0.0;0.0;;Spokane Zephyr (W);6.0;0.0;0.0;2.45;0;0.0;0 - 0;3.4;DC Power (W);5.0;0.0;0.0;2.45;0;0.0;-0.25;0 - 0;0-0;2.5;1.0;-;nan;;;;;;;;;;;;;;;;0.0;0.0;0.0;0.0;;;0.0;0.0;0.0;0.0;;[];[];[];[];[];[];[];[];1.0;0.0;0.0;1.0;0.0;0.0;1166967.0;1166963.0;spokane zephyr fc;dc power fc;;;Women
2026-05-09;194219544;Australia NPL Queensland U23;Australia;23:45;Schedule;0.3951612903225806;1.85;3.5;1.95;3.5;0.0;0.0;;0.0;0.0;0.0;0.0;0.0;;Eastern Suburbs U23;;0.0;0.0;1.55;0;0.0;0 - 0;4.5;Gold Coast United U23;;0.0;0.0;4.0;0;0.0;-1.0;0 - 0;0-0;3.5;1.5;-;nan;;;;;;;;;;;;;;;;0.0;0.0;0.0;0.0;;;0.0;0.0;0.0;0.0;;[];[];[];[];[];[];[];[];1.0;0.0;0.0;1.0;0.0;0.0;91136.0;35845.0;eastern suburbs fc;gold coast united fc;;;Youth
