Date;Match ID;League;country;Time;Status;Diff_Prob;OddAsianOverGoals_FT;AsianOverGoals_FT;OddAsianUnderGoals_FT;AsianUnderGoals_FT;corners_home;corners_away;corners_FT;corners_home_HT;corners_away_HT;Corners_HT;attack_FT;dangerous_attack_FT;possession_FT;Home;Home Pos;Home Red Cards;Home Yellow Cards;Odd_H_FT;Goals_H_HT;Goals_H_FT;Score;Odd_D_FT;Away;Away Pos;Away Red Cards;Away Yellow Cards;Odd_A_FT;Goals_A_HT;Goals_A_FT;Handicap;Corners (FT);Corners (HT);Total Goals Line (FT);Total Goals Line (HT);Dangerous Attacks (FT);Dangerous Attacks (HT);half_dangerous_attack_away;half_dangerous_attack_home;half_possession_away;half_possession_home;half_shoot_off_target_away;half_shoot_off_target_home;half_shoot_on_target_away;half_shoot_on_target_home;odds_lose_odds;odds_win_odds;odds_draw_odds;handicap_goal_over_line;handicap_goal_over_odds;handicap_goal_under_odds;handicap_goal_under_line;attack_away;attack_home;dangerous_attack_away;dangerous_attack_home;possession_away;possession_home;shoot_off_target_away;shoot_off_target_home;shoot_on_target_away;shoot_on_target_home;GoalMinutes;goal_minutes_real;goal_periods;is_extra_time;goal_scorers;goal_diff_before_list;goal_diff_after_list;period_result_before_list;period_result_after_list;pct_time_drawing;pct_time_home_winning;pct_time_away_winning;pct_time_drawing_HT;pct_time_home_winning_HT;pct_time_away_winning_HT;api_H_id;api_A_id;api_H_name;api_A_name;odd_yes_abertura;odd_yes_fechamento;category
2026-05-06;194048384;OFC Pro League;International (Oceania);00:00;Full;0.06993006993006995;1.85;2.5, 3.0;1.95;2.5, 3.0;5.0;10.0;;1.0;5.0;6.0;139.0;83.0;100.0;Bula;;1.0;1.0;2.2;0;0.0;0 - 1;3.6;South Island United;;0.0;1.0;2.6;0;1.0;0.0;5 - 10;1-5;2.75;1.25;30 - 53;13 - 24;24.0;13.0;49.0;51.0;3.0;4.0;1.0;0.0;;;;;;;;82.0;57.0;53.0;30.0;51.0;49.0;10.0;13.0;5.0;4.0;;[93];[2];[ True];['South Island United'];[0];[-1];['D'];['A'];1.0;0.0;0.0;1.0;0.0;0.0;;;;;;;
2026-05-06;194052756;India I-League 3;India;00:30;Full;-0.4666666666666666;1.8;2.5;2.0;2.5;10.0;5.0;;7.0;1.0;8.0;231.0;161.0;;Clube de Salgaocar;;0.0;0.0;5.0;0;1.0;1 - 1;4.0;Zinc Football Academy;;0.0;3.0;1.5;0;1.0;+1.0;10 - 5;7-1;2.5;1.0;76 - 85;39 - 23;23.0;39.0;;;1.0;4.0;0.0;3.0;;;;;;;;116.0;115.0;85.0;76.0;;;5.0;10.0;2.0;8.0;;[79 86];[2 2];[False False];['Zinc Football Academy' 'Clube de Salgaocar'];[ 0 -1];[-1  0];['D' 'A'];['A' 'D'];0.92;0.0;0.08;1.0;0.0;0.0;;;;;;;
2026-05-06;193200830;Japan J-League;Japan;01:00;Full;0.036363636363636376;1.8;2.5;2.0;2.5;4.0;7.0;;1.0;2.0;3.0;183.0;87.0;100.0;Shimizu S-Pulse;;0.0;1.0;2.5;0;1.0;1 - 1;3.3;Cerezo Osaka;;0.0;1.0;2.75;1;1.0;0.0;4 - 7;1-2;2.5;1.0;54 - 33;25 - 13;13.0;25.0;52.0;48.0;3.0;4.0;1.0;4.0;;;;;;;;68.0;115.0;33.0;54.0;49.0;51.0;5.0;15.0;2.0;8.0;;[19 90];[1 2];[False False];['Cerezo Osaka' 'Shimizu S-Pulse'];[ 0 -1];[-1  0];['D' 'A'];['A' 'D'];0.21;0.0;0.79;0.42;0.0;0.58;;;;;;;
2026-05-06;193200833;Japan J-League;Japan;01:00;Full;-0.02380952380952378;1.95;2.0, 2.5;1.85;2.0, 2.5;5.0;3.0;;1.0;2.0;3.0;206.0;86.0;100.0;V-Varen Nagasaki;;0.0;1.0;2.8;2;2.0;2 - 1;3.1;Fagiano Okayama;;0.0;2.0;2.625;0;1.0;0.0;5 - 3;1-2;2.25;1.0;51 - 35;20 - 17;17.0;20.0;38.0;62.0;3.0;4.0;1.0;2.0;;;;;;;;114.0;92.0;35.0;51.0;44.0;56.0;5.0;8.0;3.0;3.0;;[19 43 50];[1 1 2];[False False False];['V-Varen Nagasaki' 'V-Varen Nagasaki' 'Fagiano Okayama'];[0 1 2];[1 2 1];['D' 'H' 'H'];['H' 'H' 'H'];0.21;0.79;0.0;0.42;0.58;0.0;;;;;;;
2026-05-06;193329581;Japan J2/J3 Centennial League;Japan;02:00;Full;0.03779289493575205;2.0;2.0, 2.5;1.8;2.0, 2.5;4.0;5.0;;1.0;2.0;3.0;89.0;72.0;100.0;Giravanz Kitakyushu;;0.0;0.0;2.45;0;1.0;1 - 2;3.2;Roasso Kumamoto;;0.0;3.0;2.7;1;2.0;0.0;4 - 5;1-2;2.25;0.75;37 - 35;12 - 20;20.0;12.0;63.0;37.0;3.0;3.0;2.0;4.0;;;;;;;;47.0;42.0;35.0;37.0;53.0;47.0;7.0;7.0;6.0;7.0;;[46 47 61];[1 2 2];[ True False False];['Roasso Kumamoto' 'Giravanz Kitakyushu' 'Roasso Kumamoto'];[ 0 -1  0];[-1  0 -1];['D' 'A' 'D'];['A' 'D' 'A'];0.67;0.0;0.33;1.0;0.0;0.0;;;;;;;
2026-05-06;193329621;Japan J2/J3 Centennial League;Japan;02:00;Full;0.5707915273132665;1.975;2.5, 3.0;1.825;2.5, 3.0;6.0;2.0;;1.0;0.0;1.0;192.0;116.0;100.0;Kataller Toyama;;0.0;2.0;1.38;1;1.0;1 - 1;5.0;Kamatamare Sanuki;;0.0;3.0;6.5;0;1.0;-1.25;6 - 2;1-0;2.75;1.0;72 - 44;36 - 12;12.0;36.0;37.0;63.0;3.0;3.0;1.0;5.0;;;;;;;;77.0;115.0;44.0;72.0;39.0;61.0;7.0;7.0;4.0;8.0;;[41 86];[1 2];[False False];['Kataller Toyama' 'Kamatamare Sanuki'];[0 1];[1 0];['D' 'H'];['H' 'D'];0.5;0.5;0.0;0.91;0.09;0.0;;;;;;;
2026-05-06;193329619;Japan J2/J3 Centennial League;Japan;02:00;Full;-0.15261627906976744;1.85;2.5;1.95;2.5;4.0;2.0;;1.0;1.0;2.0;251.0;146.0;100.0;Tochigi City;;0.0;2.0;3.2;1;2.0;2 - 2;3.2;Yokohama FC;;0.0;1.0;2.15;2;2.0;+0.25;4 - 2;1-1;2.5;1.0;73 - 73;26 - 45;45.0;26.0;58.0;42.0;9.0;1.0;2.0;4.0;;;;;;;;133.0;118.0;73.0;73.0;54.0;46.0;13.0;4.0;4.0;9.0;;[23 45 47 53];[1 1 1 2];[False False  True False];['Yokohama FC' 'Tochigi City' 'Yokohama FC' 'Tochigi City'];[ 0 -1  0 -1];[-1  0 -1  0];['D' 'A' 'D' 'A'];['A' 'D' 'A' 'D'];0.69;0.0;0.31;0.53;0.0;0.47;;;;;;;
2026-05-06;193329617;Japan J2/J3 Centennial League;Japan;02:00;Full;0.6664938655607395;1.95;2.5, 3.0;1.85;2.5, 3.0;5.0;3.0;;2.0;0.0;2.0;119.0;106.0;100.0;Tegevajaro Miyazaki;;0.0;0.0;1.286;1;1.0;1 - 0;5.25;FC Ryukyu;;0.0;1.0;9.0;0;0.0;-1.5;5 - 3;2-0;2.75;1.25;61 - 45;29 - 23;23.0;29.0;38.0;62.0;4.0;4.0;1.0;3.0;;;;;;;;55.0;64.0;45.0;61.0;40.0;60.0;9.0;8.0;2.0;6.0;;[34];[1];[False];['Tegevajaro Miyazaki'];[0];[1];['D'];['H'];0.38;0.62;0.0;0.76;0.24;0.0;;;;;;;
2026-05-06;193329614;Japan J2/J3 Centennial League;Japan;02:00;Full;0.2596491228070175;1.8;2.0, 2.5;2.0;2.0, 2.5;2.0;6.0;;1.0;5.0;6.0;95.0;65.0;100.0;Sagan Tosu;;0.0;0.0;1.9;3;4.0;4 - 0;3.4;Gainare Tottori;;0.0;1.0;3.75;0;0.0;-0.75;2 - 6;1-5;2.25;1.0;30 - 35;8 - 23;23.0;8.0;57.0;43.0;3.0;2.0;0.0;3.0;;;;;;;;47.0;48.0;35.0;30.0;53.0;47.0;4.0;4.0;0.0;5.0;;[11 26 46 94];[1 1 1 2];[False False  True  True];['Sagan Tosu' 'Sagan Tosu' 'Sagan Tosu' 'Sagan Tosu'];[0 1 2 3];[1 2 3 4];['D' 'H' 'H' 'H'];['H' 'H' 'H' 'H'];0.12;0.88;0.0;0.24;0.76;0.0;;;;;;;
2026-05-06;193329611;Japan J2/J3 Centennial League;Japan;02:00;Full;-0.18207282913165262;1.9;2.0, 2.5;1.9;2.0, 2.5;6.0;7.0;;1.0;2.0;3.0;183.0;127.0;100.0;Reilac Shiga;;0.0;0.0;3.4;0;1.0;1 - 4;3.25;Renofa Yamaguchi;;0.0;0.0;2.1;2;4.0;+0.25;6 - 7;1-2;2.25;1.0;56 - 71;24 - 35;35.0;24.0;58.0;42.0;5.0;3.0;3.0;0.0;;;;;;;;89.0;94.0;71.0;56.0;57.0;43.0;7.0;4.0;7.0;1.0;;[37 42 61 73 90];[1 1 2 2 2];[False False False False False];"['Renofa Yamaguchi' 'Renofa Yamaguchi' 'Renofa Yamaguchi' 'Reilac Shiga'
 'Renofa Yamaguchi']";[ 0 -1 -2 -3 -2];[-1 -2 -3 -2 -3];['D' 'A' 'A' 'A' 'A'];['A' 'A' 'A' 'A' 'A'];0.41;0.0;0.59;0.82;0.0;0.18;;;;;;;
2026-05-06;193329609;Japan J2/J3 Centennial League;Japan;02:00;Full;0.06838905775075987;1.825;2.5;1.975;2.5;9.0;6.0;;3.0;1.0;4.0;128.0;103.0;100.0;Omiya Ardija;;0.0;0.0;2.35;2;3.0;3 - 2;3.25;Iwaki FC;;0.0;1.0;2.8;1;2.0;0.0;9 - 6;3-1;2.5;1.0;63 - 40;36 - 15;15.0;36.0;31.0;69.0;0.0;4.0;1.0;6.0;;;;;;;;65.0;63.0;40.0;63.0;41.0;59.0;7.0;10.0;3.0;11.0;;[14 24 42 49 80];[1 1 1 2 2];[False False False False False];['Omiya Ardija' 'Iwaki FC' 'Omiya Ardija' 'Omiya Ardija' 'Iwaki FC'];[0 1 0 1 2];[1 0 1 2 1];['D' 'H' 'D' 'H' 'H'];['H' 'D' 'H' 'H' 'H'];0.36;0.64;0.0;0.71;0.29;0.0;;;;;;;
2026-05-06;193329603;Japan J2/J3 Centennial League;Japan;02:00;Full;-0.18011257035647282;1.95;2.5;1.85;2.5;5.0;5.0;;1.0;2.0;3.0;232.0;112.0;100.0;Nara Club;;0.0;2.0;3.25;0;1.0;1 - 3;3.5;FC Osaka;;0.0;2.0;2.05;2;3.0;+0.25;5 - 5;1-2;2.5;1.0;45 - 67;19 - 32;32.0;19.0;43.0;57.0;4.0;0.0;2.0;1.0;;;;;;;;115.0;117.0;67.0;45.0;48.0;52.0;8.0;2.0;3.0;3.0;;[ 4 38 55 80];[1 1 2 2];[False False False False];['FC Osaka' 'FC Osaka' 'FC Osaka' 'Nara Club'];[ 0 -1 -2 -3];[-1 -2 -3 -2];['D' 'A' 'A' 'A'];['A' 'A' 'A' 'A'];0.04;0.0;0.96;0.09;0.0;0.91;;;;;;;
2026-05-06;193329592;Japan J2/J3 Centennial League;Japan;02:00;Full;0.00366300366300365;1.825;2.0;1.975;2.0;4.0;5.0;;3.0;2.0;5.0;152.0;112.0;100.0;Ventforet Kofu;;0.0;2.0;2.6;1;1.0;1 - 2;3.0;Jubilo Iwata;;0.0;0.0;2.625;0;2.0;0.0;4 - 5;3-2;2.0;0.75;62 - 50;32 - 18;18.0;32.0;50.0;50.0;1.0;0.0;0.0;1.0;;;;;;;;80.0;72.0;50.0;62.0;50.0;50.0;2.0;3.0;2.0;2.0;;[35 81 85];[1 2 2];[False False False];['Ventforet Kofu' 'Jubilo Iwata' 'Jubilo Iwata'];[0 1 0];[ 1  0 -1];['D' 'H' 'D'];['H' 'D' 'A'];0.43;0.51;0.06;0.78;0.22;0.0;;;;;;;
2026-05-06;193329624;Japan J2/J3 Centennial League;Japan;02:00;Full;-0.02178649237472774;2.0;2.0, 2.5;1.8;2.0, 2.5;1.0;3.0;;1.0;0.0;1.0;231.0;101.0;100.0;Vanraure Hachinohe;;0.0;1.0;2.7;0;0.0;0 - 1;3.0;Shonan Bellmare;;0.0;3.0;2.55;1;1.0;0.0;1 - 3;1-0;2.25;0.75;56 - 45;22 - 21;21.0;22.0;50.0;50.0;1.0;3.0;1.0;4.0;;;;;;;;107.0;124.0;45.0;56.0;49.0;51.0;5.0;7.0;1.0;5.0;;[6];[1];[False];['Shonan Bellmare'];[0];[-1];['D'];['A'];0.07;0.0;0.93;0.13;0.0;0.87;;;;;;;
2026-05-06;193329590;Japan J2/J3 Centennial League;Japan;02:00;Full;0.03779289493575205;1.9;2.0, 2.5;1.9;2.0, 2.5;7.0;6.0;;6.0;3.0;9.0;154.0;125.0;100.0;Zweigen Kanazawa;;0.0;0.0;2.45;0;0.0;0 - 2;3.1;Ehime FC;;0.0;0.0;2.7;1;2.0;0.0;7 - 6;6-3;2.25;1.0;54 - 71;22 - 43;43.0;22.0;57.0;43.0;1.0;3.0;4.0;1.0;;;;;;;;93.0;61.0;71.0;54.0;53.0;47.0;6.0;7.0;8.0;1.0;;[17 53];[1 2];[False False];['Ehime FC' 'Ehime FC'];[ 0 -1];[-1 -2];['D' 'A'];['A' 'A'];0.19;0.0;0.81;0.38;0.0;0.62;;;;;;;
2026-05-06;193329588;Japan J2/J3 Centennial League;Japan;02:00;Full;0.27027027027027023;1.775;2.0;2.025;2.0;7.0;3.0;;2.0;2.0;4.0;161.0;89.0;100.0;Kagoshima United;;0.0;1.0;1.85;0;0.0;0 - 1;3.5;Oita;;0.0;1.0;3.7;0;1.0;-0.5;7 - 3;2-2;2.0;0.75;55 - 34;24 - 19;19.0;24.0;49.0;51.0;2.0;2.0;0.0;0.0;;;;;;;;81.0;80.0;34.0;55.0;50.0;50.0;3.0;9.0;1.0;2.0;;[65];[2];[False];['Oita'];[0];[-1];['D'];['A'];0.72;0.0;0.28;1.0;0.0;0.0;;;;;;;
2026-05-06;193329586;Japan J2/J3 Centennial League;Japan;02:00;Full;0.15261627906976744;2.025;2.0, 2.5;1.775;2.0, 2.5;10.0;5.0;;7.0;1.0;8.0;197.0;132.0;100.0;FC Imabari;;0.0;0.0;2.15;0;1.0;1 - 0;3.2;Kochi United;;0.0;0.0;3.2;0;0.0;-0.25;10 - 5;7-1;2.25;0.75;68 - 64;38 - 21;21.0;38.0;52.0;48.0;0.0;9.0;0.0;0.0;;;;;;;;106.0;91.0;64.0;68.0;56.0;44.0;2.0;15.0;1.0;2.0;;[72];[2];[False];['FC Imabari'];[0];[1];['D'];['H'];0.8;0.2;0.0;1.0;0.0;0.0;;;;;;;
2026-05-06;193329576;Japan J2/J3 Centennial League;Japan;02:00;Full;-0.07622504537205077;2.0;2.0, 2.5;1.8;2.0, 2.5;2.0;4.0;;2.0;0.0;2.0;189.0;120.0;100.0;Albirex Niigata Singapore;;0.0;2.0;2.9;1;1.0;1 - 0;3.2;Tokushima Vortis;;0.0;4.0;2.375;0;0.0;+0.25;2 - 4;2-0;2.25;0.75;63 - 57;43 - 19;19.0;43.0;44.0;56.0;1.0;6.0;1.0;2.0;;;;;;;;94.0;95.0;57.0;63.0;54.0;46.0;5.0;8.0;3.0;2.0;;[23];[1];[False];['Albirex Niigata'];[0];[-1];['D'];['A'];0.26;0.0;0.74;0.51;0.0;0.49;;;;;;;
2026-05-06;193329578;Japan J2/J3 Centennial League;Japan;02:00;Full;0.2485380116959064;1.8;2.5, 3.0;2.0;2.5, 3.0;5.0;2.0;;3.0;1.0;4.0;194.0;91.0;100.0;Fujieda MYFC;;0.0;4.0;1.9;1;1.0;1 - 1;3.4;Fukushima Utd;;0.0;0.0;3.6;1;1.0;-0.5;5 - 2;3-1;2.75;1.25;54 - 37;31 - 14;14.0;31.0;41.0;59.0;2.0;4.0;3.0;6.0;;;;;;;;91.0;103.0;37.0;54.0;46.0;54.0;7.0;10.0;6.0;7.0;;[28 47];[1 1];[False  True];['Fujieda MYFC' 'Fukushima Utd'];[0 1];[1 0];['D' 'H'];['H' 'D'];0.79;0.21;0.0;0.6;0.4;0.0;;;;;;;
2026-05-06;193329595;Japan J2/J3 Centennial League;Japan;02:00;Full;0.29914529914529914;1.9;2.5;1.9;2.5;5.0;3.0;;1.0;1.0;2.0;152.0;96.0;100.0;Montedio Yamagata;;0.0;1.0;1.8;0;1.0;1 - 2;3.5;Thespa Gunma;;0.0;1.0;3.9;1;2.0;-0.5;5 - 3;1-1;2.5;1.0;50 - 46;19 - 22;22.0;19.0;48.0;52.0;3.0;3.0;4.0;3.0;;;;;;;;71.0;81.0;46.0;50.0;48.0;52.0;6.0;10.0;7.0;6.0;;[29 74 95];[1 2 2];[False False  True];['Thespa Gunma' 'Montedio Yamagata' 'Thespa Gunma'];[ 0 -1  0];[-1  0 -1];['D' 'A' 'D'];['A' 'D' 'A'];0.53;0.0;0.47;0.64;0.0;0.36;;;;;;;
2026-05-06;193329626;Japan J2/J3 Centennial League;Japan;02:00;Full;0.27738264580369837;1.85;2.5;1.95;2.5;4.0;5.0;;3.0;2.0;5.0;203.0;111.0;100.0;Vegalta Sendai;;0.0;1.0;1.85;1;2.0;2 - 1;3.4;Tochigi SC;;0.0;2.0;3.8;1;1.0;-0.5;4 - 5;3-2;2.5;1.0;56 - 55;33 - 22;22.0;33.0;38.0;62.0;2.0;6.0;3.0;1.0;;;;;;;;101.0;102.0;55.0;56.0;48.0;52.0;2.0;11.0;7.0;2.0;;[14 46 57];[1 1 2];[False  True False];['Tochigi SC' 'Vegalta Sendai' 'Vegalta Sendai'];[ 0 -1  0];[-1  0  1];['D' 'A' 'D'];['A' 'D' 'H'];0.28;0.37;0.36;0.3;0.0;0.7;;;;;;;
2026-05-06;193329583;Japan J2/J3 Centennial League;Japan;02:00;Full;0.425;2.0;2.5, 3.0;1.8;2.5, 3.0;9.0;1.0;;6.0;0.0;6.0;215.0;88.0;100.0;Hokkaido Consadole Sapporo;;0.0;0.0;1.6;1;2.0;2 - 0;4.1;Nagano Parceiro;;0.0;1.0;5.0;0;0.0;-1.0;9 - 1;6-0;2.75;1.0;60 - 28;35 - 10;10.0;35.0;30.0;70.0;0.0;7.0;0.0;2.0;;;;;;;;95.0;120.0;28.0;60.0;38.0;62.0;3.0;12.0;3.0;4.0;;[40 85];[1 2];[False False];['Hokkaido Consadole Sapporo' 'Hokkaido Consadole Sapporo'];[0 1];[1 2];['D' 'H'];['H' 'H'];0.44;0.56;0.0;0.89;0.11;0.0;;;;;;;
2026-05-06;193200836;Japan J-League;Japan;02:00;Full;-0.10295126973232671;2.0;2.0, 2.5;1.8;2.0, 2.5;8.0;7.0;;2.0;4.0;6.0;174.0;91.0;100.0;Avispa Fukuoka;;0.0;2.0;3.1;0;1.0;1 - 1;3.1;Kyoto Sanga FC;;0.0;1.0;2.35;1;1.0;+0.25;8 - 7;2-4;2.25;0.75;41 - 50;21 - 18;18.0;21.0;65.0;35.0;6.0;2.0;2.0;0.0;;;;;;;;83.0;91.0;50.0;41.0;60.0;40.0;10.0;8.0;7.0;1.0;;[28 74];[1 2];[False False];['Kyoto Sanga FC' 'Avispa Fukuoka'];[ 0 -1];[-1  0];['D' 'A'];['A' 'D'];0.49;0.0;0.51;0.62;0.0;0.38;;;;;;;
2026-05-06;193200838;Japan J-League;Japan;02:00;Full;0.029629629629629672;1.8;2.5;2.0;2.5;3.0;4.0;;1.0;1.0;2.0;192.0;93.0;100.0;Nagoya Grampus;;0.0;0.0;2.5;2;2.0;2 - 1;3.4;Gamba Osaka;;0.0;2.0;2.7;0;1.0;-0.25;3 - 4;1-1;2.5;1.0;48 - 45;16 - 16;16.0;16.0;54.0;46.0;2.0;2.0;4.0;4.0;;;;;;;;117.0;75.0;45.0;48.0;59.0;41.0;5.0;9.0;6.0;6.0;;[ 8 32 95];[1 1 2];[False False  True];['Nagoya Grampus' 'Nagoya Grampus' 'Gamba Osaka'];[0 1 2];[1 2 1];['D' 'H' 'H'];['H' 'H' 'H'];0.08;0.92;0.0;0.18;0.82;0.0;;;;;;;
2026-05-06;193200840;Japan J-League;Japan;03:00;Full;0.13196480938416422;1.95;2.5;1.85;2.5;6.0;1.0;;4.0;0.0;4.0;220.0;82.0;100.0;Sanfrecce Hiroshima;;0.0;2.0;2.2;1;1.0;1 - 1;3.4;Vissel Kobe;;0.0;2.0;3.1;0;1.0;-0.25;6 - 1;4-0;2.5;1.0;57 - 25;32 - 12;12.0;32.0;48.0;52.0;3.0;8.0;0.0;3.0;;;;;;;;93.0;127.0;25.0;57.0;42.0;58.0;7.0;13.0;2.0;7.0;;[43 63];[1 2];[False False];['Sanfrecce Hiroshima' 'Vissel Kobe'];[0 1];[1 0];['D' 'H'];['H' 'D'];0.78;0.22;0.0;0.96;0.04;0.0;;;;;;;
2026-05-06;193200842;Japan J-League;Japan;03:00;Full;0.5156756756756756;1.8;2.5;2.0;2.5;7.0;2.0;;2.0;2.0;4.0;190.0;85.0;100.0;FC Tokyo;;0.0;1.0;1.48;0;0.0;0 - 3;4.5;JEF Utd Chiba;;0.0;1.0;6.25;1;3.0;-1.25;7 - 2;2-2;2.5;1.0;53 - 32;25 - 22;22.0;25.0;39.0;61.0;7.0;8.0;1.0;3.0;;;;;;;;76.0;114.0;32.0;53.0;38.0;62.0;10.0;20.0;3.0;5.0;;[ 6 73 79];[1 2 2];[False False False];['JEF Utd Chiba' 'JEF Utd Chiba' 'JEF Utd Chiba'];[ 0 -1 -2];[-1 -2 -3];['D' 'A' 'A'];['A' 'A' 'A'];0.07;0.0;0.93;0.13;0.0;0.87;;;;;;;
2026-05-06;193329629;Japan J2/J3 Centennial League;Japan;03:00;Full;0.15261627906976744;1.975;2.0, 2.5;1.825;2.0, 2.5;6.0;10.0;;6.0;4.0;10.0;165.0;122.0;100.0;Blaublitz Akita;;0.0;2.0;2.15;0;0.0;0 - 1;3.2;Sagamihara;;0.0;0.0;3.2;1;1.0;-0.5;6 - 10;6-4;2.25;1.0;68 - 54;33 - 26;26.0;33.0;46.0;54.0;3.0;3.0;3.0;2.0;;;;;;;;76.0;89.0;54.0;68.0;45.0;55.0;7.0;9.0;3.0;4.0;;[42];[1];[False];['Sagamihara'];[0];[-1];['D'];['A'];0.47;0.0;0.53;0.93;0.0;0.07;;;;;;;
2026-05-06;193200846;Japan J-League;Japan;04:00;Full;0.38823529411764707;1.95;2.5;1.85;2.5;4.0;1.0;;2.0;1.0;3.0;177.0;67.0;100.0;Machida Zelvia;;0.0;1.0;1.7;0;2.0;2 - 0;3.6;Yokohama F-Marinos;;0.0;0.0;5.0;0;0.0;-0.75;4 - 1;2-1;2.5;1.0;37 - 30;21 - 12;12.0;21.0;54.0;46.0;4.0;3.0;0.0;0.0;;;;;;;;98.0;79.0;30.0;37.0;55.0;45.0;4.0;7.0;3.0;2.0;;[54 66];[2 2];[False False];['Machida Zelvia' 'Machida Zelvia'];[0 1];[1 2];['D' 'H'];['H' 'H'];0.6;0.4;0.0;1.0;0.0;0.0;;;;;;;
2026-05-06;193200844;Japan J-League;Japan;04:00;Full;0.40940383351901044;2.0;2.0, 2.5;1.8;2.0, 2.5;6.0;2.0;;3.0;2.0;5.0;177.0;78.0;100.0;Kashima Antlers;;0.0;1.0;1.667;0;3.0;3 - 0;3.7;Mito Hollyhock;;1.0;0.0;5.25;0;0.0;-0.75;6 - 2;3-2;2.25;1.0;50 - 28;24 - 14;14.0;24.0;36.0;64.0;3.0;5.0;2.0;1.0;;;;;;;;70.0;107.0;28.0;50.0;36.0;64.0;4.0;8.0;2.0;6.0;;[58 71 79];[2 2 2];[False False False];['Kashima Antlers' 'Kashima Antlers' 'Kashima Antlers'];[0 1 2];[1 2 3];['D' 'H' 'H'];['H' 'H' 'H'];0.64;0.36;0.0;1.0;0.0;0.0;;;;;;;
2026-05-06;194151397;South Korea K3/K4 Championship;Unknown;04:00;Full;-0.3884080628255044;2.0;2.5;1.8;2.5;4.0;8.0;;0.0;6.0;6.0;119.0;79.0;;Pyeongtaek Citizen FC;;0.0;1.0;4.333;0;0.0;0 - 2;3.8;Jecheon Citizen;;0.0;3.0;1.615;0;2.0;+0.75;4 - 8;0-6;2.5;1.0;35 - 44;3 - 17;17.0;3.0;;;3.0;0.0;3.0;0.0;;;;;;;;57.0;62.0;44.0;35.0;;;6.0;3.0;9.0;1.0;;[47 54];[2 2];[False False];['Jecheon Citizen' 'Jecheon Citizen'];[ 0 -1];[-1 -2];['D' 'A'];['A' 'A'];0.52;0.0;0.48;1.0;0.0;0.0;;;;;;;
2026-05-06;194048381;OFC Pro League;International (Oceania);04:00;Full;-0.12416851441241689;1.9;3.0;1.9;3.0;5.0;6.0;;2.0;3.0;5.0;119.0;66.0;100.0;Auckland FC II;;0.0;2.0;2.75;1;1.0;1 - 2;3.7;South Melbourne;;0.0;4.0;2.05;2;2.0;+0.25;5 - 6;2-3;3.0;1.25;32 - 34;7 - 10;10.0;7.0;46.0;54.0;1.0;2.0;2.0;1.0;;;;;;;;61.0;58.0;34.0;32.0;45.0;55.0;3.0;5.0;3.0;3.0;;[21 23 41];[1 1 1];[False False False];['South Melbourne' 'South Melbourne' 'Auckland FC II'];[ 0 -1 -2];[-1 -2 -1];['D' 'A' 'A'];['A' 'A' 'A'];0.23;0.0;0.77;0.47;0.0;0.53;;;;;;;Youth
2026-05-06;194041194;Fiji National League;Fiji;04:00;Full;-0.1399787910922588;1.825;2.5, 3.0;1.975;2.5, 3.0;5.0;12.0;;5.0;2.0;7.0;139.0;107.0;100.0;Suva FC;;0.0;2.0;2.875;0;1.0;1 - 0;3.7;Rewa FC;;0.0;1.0;2.05;0;0.0;+0.25;5 - 12;5-2;2.75;1.0;37 - 70;25 - 23;23.0;25.0;47.0;53.0;6.0;2.0;1.0;3.0;;;;;;;;68.0;71.0;70.0;37.0;56.0;44.0;13.0;2.0;4.0;7.0;;[67];[2];[False];['Suva FC'];[0];[1];['D'];['H'];0.74;0.26;0.0;1.0;0.0;0.0;;;;;;;
2026-05-06;194151394;South Korea K3/K4 Championship;Unknown;04:00;Full;-0.15447154471544722;1.9;2.5;1.9;2.5;3.0;7.0;;1.0;2.0;3.0;86.0;63.0;;Geoje Citizen FC;;0.0;1.0;3.0;1;4.0;4 - 1;3.4;Geumsan Insam;;0.0;2.0;2.05;0;1.0;+0.25;3 - 7;1-2;2.5;1.0;27 - 36;9 - 7;7.0;9.0;;;0.0;1.0;0.0;1.0;;;;;;;;51.0;35.0;36.0;27.0;;;2.0;3.0;2.0;4.0;;[20 47 66 69 77];[1 2 2 2 2];[False False False False False];"['Geoje Citizen FC' 'Geoje Citizen FC' 'Geumsan Insam' 'Geoje Citizen FC'
 'Geoje Citizen FC']";[0 1 2 1 2];[1 2 1 2 3];['D' 'H' 'H' 'H' 'H'];['H' 'H' 'H' 'H' 'H'];0.22;0.78;0.0;0.44;0.56;0.0;;;;;;;
2026-05-06;193200848;Japan J-League;Japan;05:00;Full;0.21002710027100274;1.925;2.5;1.875;2.5;1.0;6.0;;0.0;0.0;0.0;203.0;60.0;100.0;Kawasaki Frontale;;0.0;0.0;2.05;0;1.0;1 - 0;3.4;Tokyo Verdy;;0.0;0.0;3.6;0;0.0;-0.25;1 - 6;0-0;2.5;1.0;24 - 36;19 - 10;10.0;19.0;32.0;68.0;2.0;3.0;1.0;0.0;;;;;;;;94.0;109.0;36.0;24.0;40.0;60.0;7.0;4.0;4.0;1.0;;[73];[2];[False];['Kawasaki Frontale'];[0];[1];['D'];['H'];0.81;0.19;0.0;1.0;0.0;0.0;;;;;;;
2026-05-06;194151408;South Korea K3/K4 Championship;Unknown;05:00;Full;-0.3498800239952009;1.8;2.5;2.0;2.5;2.0;11.0;;1.0;7.0;8.0;111.0;82.0;;Sejong SA;;0.0;4.0;4.0;1;2.0;2 - 0;3.8;Yangpyeong FC;;0.0;3.0;1.667;0;0.0;+0.75;2 - 11;1-7;2.5;1.0;32 - 50;15 - 19;19.0;15.0;;;2.0;2.0;1.0;3.0;;;;;;;;62.0;49.0;50.0;32.0;;;7.0;5.0;2.0;5.0;;[47 54];[1 2];[ True False];['Sejong SA' 'Sejong SA'];[0 1];[1 2];['D' 'H'];['H' 'H'];0.52;0.48;0.0;1.0;0.0;0.0;;;;;;;
2026-05-06;194151403;South Korea K3/K4 Championship;Unknown;05:00;Full;-0.3498800239952009;1.85;2.5;1.95;2.5;4.0;9.0;;1.0;3.0;4.0;129.0;111.0;;Gangneung City;;0.0;4.0;4.0;0;1.0;1 - 2;3.8;Pocheon Citizen FC;;0.0;1.0;1.667;0;2.0;+0.75;4 - 9;1-3;2.5;1.0;50 - 61;18 - 31;31.0;18.0;;;2.0;5.0;0.0;1.0;;;;;;;;76.0;53.0;61.0;50.0;;;2.0;5.0;4.0;3.0;;[57 94 96];[2 2 2];[False  True  True];['Gangneung City' 'Pocheon Citizen FC' 'Pocheon Citizen FC'];[0 1 0];[ 1  0 -1];['D' 'H' 'D'];['H' 'D' 'A'];0.61;0.39;0.0;1.0;0.0;0.0;;;;;;;
2026-05-06;194184537;India Sikkim Premier League;India;05:22;Full;0.4666666666666666;1.925;2.5, 3.0;1.875;2.5, 3.0;7.0;3.0;;5.0;3.0;8.0;200.0;89.0;100.0;Singling Sporting Club;;0.0;3.0;1.5;1;2.0;2 - 1;4.0;Gangtok Himalayan SC;;0.0;2.0;5.0;0;1.0;-1.0;7 - 3;5-3;2.75;1.25;52 - 37;29 - 20;20.0;29.0;50.0;50.0;0.0;0.0;1.0;1.0;;;;;;;;103.0;97.0;37.0;52.0;52.0;48.0;0.0;0.0;2.0;3.0;;[23 64 93];[1 2 2];[False False  True];['Singling Sporting Club' 'Gangtok Himalayan SC' 'Singling Sporting Club'];[0 1 0];[1 0 1];['D' 'H' 'D'];['H' 'D' 'H'];0.56;0.44;0.0;0.51;0.49;0.0;;;;;;;
2026-05-06;194088544;Vietnam Division 2;Vietnam;05:30;Full;-0.4851994851994852;1.95;2.0, 2.5;1.85;2.0, 2.5;5.0;3.0;;1.0;2.0;3.0;119.0;67.0;100.0;Tay Ninh;;0.0;0.0;5.25;0;1.0;1 - 1;4.2;Truong Giang Gia Dinh;;0.0;3.0;1.48;0;1.0;+1.0;5 - 3;1-2;2.25;1.0;31 - 36;16 - 17;17.0;16.0;52.0;48.0;5.0;0.0;2.0;1.0;;;;;;;;63.0;56.0;36.0;31.0;49.0;51.0;8.0;2.0;6.0;4.0;;[49 81];[2 2];[False False];['Truong Giang Gia Dinh' 'Tay Ninh'];[ 0 -1];[-1  0];['D' 'A'];['A' 'D'];0.64;0.0;0.36;1.0;0.0;0.0;;;;;;;
2026-05-06;194088547;Vietnam Division 2;Vietnam;05:30;Full;0.08730158730158727;2.0;2.0, 2.5;1.8;2.0, 2.5;4.0;6.0;;4.0;3.0;7.0;140.0;110.0;100.0;CLB Bong da Hue;;0.0;1.0;2.25;2;3.0;3 - 0;3.2;Da Nang II;;0.0;1.0;2.8;0;0.0;-0.25;4 - 6;4-3;2.25;0.75;47 - 63;23 - 31;31.0;23.0;57.0;43.0;2.0;2.0;0.0;2.0;;;;;;;;80.0;60.0;63.0;47.0;62.0;38.0;6.0;2.0;3.0;3.0;;[13 37 84];[1 1 2];[False False False];['CLB Bong da Hue' 'CLB Bong da Hue' 'CLB Bong da Hue'];[0 1 2];[1 2 3];['D' 'H' 'H'];['H' 'H' 'H'];0.14;0.86;0.0;0.29;0.71;0.0;;;;;;;Youth
2026-05-06;194044169;Australia Tasmania Super League Women;Australia;05:30;Full;0.6849972722313148;1.85;3.5;1.95;3.5;9.0;6.0;;3.0;3.0;6.0;149.0;163.0;100.0;Launceston United (W);;0.0;0.0;1.222;4;7.0;7 - 0;6.25;Launceston City (W);;0.0;1.0;7.5;0;0.0;-2.0;9 - 6;3-3;3.5;1.5;113 - 50;53 - 21;21.0;53.0;45.0;55.0;1.0;5.0;0.0;10.0;;;;;;;;66.0;83.0;50.0;113.0;44.0;56.0;2.0;12.0;1.0;18.0;;[ 7 20 25 34 53 83 90];[1 1 1 1 2 2 2];[False False False False False False False];"['Launceston United (W)' 'Launceston United (W)' 'Launceston United (W)'
 'Launceston United (W)' 'Launceston United (W)' 'Launceston United (W)'
 'Launceston United (W)']";[0 1 2 3 4 5 6];[1 2 3 4 5 6 7];['D' 'H' 'H' 'H' 'H' 'H' 'H'];['H' 'H' 'H' 'H' 'H' 'H' 'H'];0.08;0.92;0.0;0.16;0.84;0.0;;;;;;;Women
2026-05-06;194088532;Vietnam Division 2;Vietnam;05:30;Full;0.7000000000000001;1.975;2.5;1.825;2.5;2.0;2.0;;1.0;1.0;2.0;144.0;55.0;100.0;Ha Noi FC II;;0.0;3.0;1.25;0;1.0;1 - 1;4.5;Cong An Ha Noi II;;0.0;5.0;10.0;1;1.0;-1.5;2 - 2;1-1;2.5;1.0;42 - 13;19 - 9;9.0;19.0;31.0;69.0;2.0;1.0;2.0;2.0;;;;;;;;55.0;89.0;13.0;42.0;36.0;64.0;2.0;6.0;3.0;4.0;;[ 3 78];[1 2];[False False];['Cong An Ha Noi II' 'Ha Noi FC II'];[ 0 -1];[-1  0];['D' 'A'];['A' 'D'];0.17;0.0;0.83;0.07;0.0;0.93;;;;;;;Youth
2026-05-06;194184539;Malaysia President Cup;Malaysia;05:45;Schedule;-0.2936507936507936;2.0;2.5;1.8;2.5;3.0;5.0;;3.0;3.0;6.0;72.0;76.0;;Negeri Sembilan U20;;0.0;2.0;3.6;0;0.0;0 - 0;3.8;Kuala Lumpur City U20;;0.0;1.0;1.75;0;0.0;+1.0 (+0.25);3 - 5;3-3;2.5 (0.75);nan;37 - 39;28 - 26;26.0;28.0;;;2.0;3.0;3.0;1.0;;;;;;;;31.0;41.0;39.0;37.0;;;3.0;3.0;3.0;1.0;;[];[];[];[];[];[];[];[];1.0;0.0;0.0;1.0;0.0;0.0;;;;;;;Youth
2026-05-06;194094500;Australia Cup Qualifying;Australia;06:00;Schedule;0.13636363636363635;1.8;3.0;2.0;3.0;0.0;0.0;;0.0;0.0;0.0;0.0;0.0;;St George City FA;;0.0;0.0;2.0;0;0.0;0 - 0;4.0;Blacktown City;;0.0;0.0;2.75;0;0.0;-0.25;0 - 0;0-0;3.0;1.25;-;nan;;;;;;;;;;;;;;;;0.0;0.0;0.0;0.0;;;0.0;0.0;0.0;0.0;;[];[];[];[];[];[];[];[];1.0;0.0;0.0;1.0;0.0;0.0;;;;;;;
2026-05-06;194148528;Kosovo U21 League;Kosovo;06:00;Full;-0.29684972096489787;1.8;4.0;2.0;4.0;9.0;4.0;;5.0;2.0;7.0;327.0;209.0;;KF Drenica Skenderaj U21;;0.0;1.0;3.3;1;2.0;2 - 2;4.5;KF Ferizaj U21;;0.0;3.0;1.667;0;2.0;+0.75;9 - 4;5-2;4.0;1.75;112 - 97;68 - 38;38.0;68.0;;;3.0;3.0;3.0;3.0;;;;;;;;150.0;177.0;97.0;112.0;;;12.0;7.0;7.0;4.0;;[31 51 65 76];[1 2 2 2];[False False False False];"['KF Drenica Skenderaj U21' 'KF Ferizaj U21' 'KF Drenica Skenderaj U21'
 'KF Ferizaj U21']";[0 1 0 1];[1 0 1 0];['D' 'H' 'D' 'H'];['H' 'D' 'H' 'D'];0.66;0.34;0.0;0.69;0.31;0.0;;;;;;;Youth
2026-05-06;194093467;India I-League 3;India;06:30;Full;-0.5107025938050869;1.8;2.5;2.0;2.5;4.0;3.0;;1.0;1.0;2.0;225.0;157.0;;Samaleswari SC;;0.0;5.0;5.5;0;0.0;0 - 1;4.2;Trau FC;;0.0;3.0;1.444;0;1.0;+1.25;4 - 3;1-1;2.5;1.0;63 - 94;27 - 47;47.0;27.0;;;6.0;1.0;0.0;0.0;;;;;;;;118.0;107.0;94.0;63.0;;;8.0;4.0;2.0;1.0;;[89];[2];[False];['Trau FC'];[0];[-1];['D'];['A'];0.99;0.0;0.01;1.0;0.0;0.0;;;;;;;
2026-05-06;194043948;Australia Cup Qualifying;Australia;06:30;Full;-0.5238095238095238;1.95;3.5;1.85;3.5;5.0;4.0;;4.0;3.0;7.0;54.0;70.0;;Virginia United;;0.0;0.0;5.25;1;2.0;2 - 2;4.75;Ipswich FC;;0.0;2.0;1.4;1;2.0;+1.5;5 - 4;4-3;3.5;1.5;30 - 40;14 - 22;22.0;14.0;;;3.0;3.0;4.0;5.0;;;;;;;;35.0;19.0;40.0;30.0;;;4.0;8.0;11.0;10.0;;[15 39 52 68];[1 1 2 2];[False False False False];['Ipswich FC' 'Virginia United' 'Virginia United' 'Ipswich FC'];[ 0 -1  0  1];[-1  0  1  0];['D' 'A' 'D' 'H'];['A' 'D' 'H' 'D'];0.56;0.18;0.27;0.47;0.0;0.53;;;;;;;
2026-05-06;194148532;Kosovo U21 League;Kosovo;07:00;Schedule;0.9358392005450828;1.95;4.5;1.85;4.5;0.0;0.0;;0.0;0.0;0.0;0.0;0.0;100.0;KF Llapi U21;;0.0;0.0;1.036;0;0.0;0 - 0;17.0;KF Gjilani U21;;0.0;0.0;34.0;0;0.0;-3.75;0 - 0;0-0;4.5;2.0;-;nan;;;;;;;;;;;;;;;;0.0;0.0;0.0;0.0;50.0;50.0;0.0;0.0;0.0;0.0;;[];[];[];[];[];[];[];[];1.0;0.0;0.0;1.0;0.0;0.0;;;;;;;Youth
2026-05-06;193329632;Japan J2/J3 Centennial League;Japan;07:00;Full;0.055161544523246675;1.825;2.0, 2.5;1.975;2.0, 2.5;4.0;9.0;;2.0;5.0;7.0;195.0;95.0;100.0;FC Gifu;;0.0;2.0;2.35;0;0.0;0 - 3;3.1;Matsumoto Y FC;;0.0;0.0;2.7;1;3.0;0.0;4 - 9;2-5;2.25;1.0;41 - 54;13 - 29;29.0;13.0;58.0;42.0;7.0;0.0;2.0;2.0;;;;;;;;97.0;98.0;54.0;41.0;55.0;45.0;7.0;2.0;7.0;4.0;;[43 61 79];[1 2 2];[False False False];['Matsumoto Y FC' 'Matsumoto Y FC' 'Matsumoto Y FC'];[ 0 -1 -2];[-1 -2 -3];['D' 'A' 'A'];['A' 'A' 'A'];0.48;0.0;0.52;0.96;0.0;0.04;;;;;;;
2026-05-06;194191533;Rwandan Division 2;Rwanda;07:00;Schedule;0.036363636363636376;2.05;2.0;1.75;2.0;0.0;0.0;;0.0;0.0;0.0;0.0;0.0;;Unity FC;;0.0;0.0;2.5;0;0.0;0 - 0;2.75;Sunrise FC;;0.0;0.0;2.75;0;0.0;0.0;0 - 0;0-0;2.0;0.75;-;nan;;;;;;;;;;;;;;;;0.0;0.0;0.0;0.0;;;0.0;0.0;0.0;0.0;;[];[];[];[];[];[];[];[];1.0;0.0;0.0;1.0;0.0;0.0;;;;;;;
2026-05-06;194151405;South Korea K3/K4 Championship;South Korea;07:00;Full;-0.3409435575040671;1.95;2.0, 2.5;1.85;2.0, 2.5;2.0;4.0;;1.0;0.0;1.0;164.0;103.0;100.0;Namyangju FC;;1.0;2.0;4.2;3;3.0;3 - 3;3.4;Ulsan Citizen FC;;0.0;0.0;1.727;1;3.0;+0.75;2 - 4;1-0;2.25;1.0;41 - 62;29 - 13;13.0;29.0;65.0;35.0;1.0;2.0;1.0;4.0;;;;;;;;107.0;57.0;62.0;41.0;70.0;30.0;2.0;2.0;7.0;5.0;;[ 7 15 43 47 60 80];[1 1 1 1 2 2];[False False False  True False False];"['Namyangju FC' 'Ulsan Citizen FC' 'Namyangju FC' 'Namyangju FC'
 'Ulsan Citizen FC' 'Ulsan Citizen FC']";[0 1 0 1 2 1];[1 0 1 2 1 0];['D' 'H' 'D' 'H' 'H' 'H'];['H' 'D' 'H' 'H' 'H' 'D'];0.5;0.5;0.0;0.74;0.26;0.0;;;;;;;
2026-05-06;194054250;Mongolia Premier League;Mongolia;07:00;Full;0.951219512195122;1.95;5.5;1.85;5.5;12.0;1.0;;5.0;0.0;5.0;212.0;131.0;100.0;FC Ulaanbaatar;;0.0;2.0;1.025;1;3.0;3 - 0;21.0;Khovd Western;;0.0;3.0;41.0;0;0.0;-4.5;12 - 1;5-0;5.5;2.0;107 - 24;43 - 11;11.0;43.0;29.0;71.0;2.0;5.0;0.0;2.0;;;;;;;;81.0;131.0;24.0;107.0;26.0;74.0;5.0;10.0;1.0;5.0;;[18 76 82];[1 2 2];[False False False];['FC Ulaanbaatar' 'FC Ulaanbaatar' 'FC Ulaanbaatar'];[0 1 2];[1 2 3];['D' 'H' 'H'];['H' 'H' 'H'];0.2;0.8;0.0;0.4;0.6;0.0;;;;;;;
2026-05-06;193200850;Japan J-League;Japan;07:00;Full;0.14204545454545453;1.825;2.0, 2.5;1.975;2.0, 2.5;7.0;4.0;;1.0;3.0;4.0;204.0;103.0;100.0;Kashiwa Reysol;;0.0;0.0;2.2;0;0.0;0 - 1;3.4;Urawa Red Diamonds;;0.0;1.0;3.2;0;1.0;-0.25;7 - 4;1-3;2.25;1.0;49 - 54;16 - 39;39.0;16.0;56.0;44.0;6.0;3.0;3.0;0.0;;;;;;;;104.0;100.0;54.0;49.0;48.0;52.0;10.0;12.0;4.0;0.0;;[58];[2];[False];['Urawa Red Diamonds'];[0];[-1];['D'];['A'];0.64;0.0;0.36;1.0;0.0;0.0;;;;;;;
2026-05-06;194088549;Vietnam Division 2;Vietnam;07:00;Full;0.425;2.025;2.0, 2.5;1.775;2.0, 2.5;2.0;3.0;;2.0;2.0;4.0;122.0;63.0;100.0;PVF;;0.0;2.0;1.6;1;1.0;1 - 1;3.5;Phu Dong FC;;0.0;4.0;5.0;1;1.0;-0.75;2 - 3;2-2;2.25;0.75;45 - 18;25 - 8;8.0;25.0;45.0;55.0;3.0;5.0;1.0;1.0;;;;;;;;46.0;76.0;18.0;45.0;41.0;59.0;4.0;7.0;1.0;4.0;;[33 48];[1 1];[False  True];['Phu Dong FC' 'PVF'];[ 0 -1];[-1  0];['D' 'A'];['A' 'D'];0.83;0.0;0.17;0.69;0.0;0.31;;;;;;;
2026-05-06;194045255;India League Women;India;07:30;Full;-0.4143150152061674;1.825;2.0, 2.5;1.975;2.0, 2.5;5.0;6.0;;3.0;4.0;7.0;251.0;183.0;100.0;Garhwal United (W);;0.0;0.0;4.5;2;2.0;2 - 6;3.8;Gokulam Kerala FC (W);;0.0;0.0;1.571;3;6.0;+0.75;5 - 6;3-4;2.25;1.0;111 - 72;45 - 36;36.0;45.0;41.0;59.0;6.0;10.0;5.0;6.0;;;;;;;;98.0;153.0;72.0;111.0;38.0;62.0;10.0;18.0;9.0;10.0;;[11 16 22 27 42 70 93 95];[1 1 1 1 1 2 2 2];[False False False False False False  True  True];"['Gokulam Kerala FC (W)' 'Garhwal United (W)' 'Gokulam Kerala FC (W)'
 'Garhwal United (W)' 'Gokulam Kerala FC (W)' 'Gokulam Kerala FC (W)'
 'Gokulam Kerala FC (W)' 'Gokulam Kerala FC (W)']";[ 0 -1  0 -1  0 -1 -2 -3];[-1  0 -1  0 -1 -2 -3 -4];['D' 'A' 'D' 'A' 'D' 'A' 'A' 'A'];['A' 'D' 'A' 'D' 'A' 'A' 'A' 'A'];0.34;0.0;0.66;0.71;0.0;0.29;;;;;;;Women
2026-05-06;194094504;Australia Queensland Premier League Women;Australia;07:30;Full;0.48965517241379314;1.975;4.0, 4.5;1.825;4.0, 4.5;6.0;3.0;;3.0;3.0;6.0;230.0;202.0;100.0;The Gap NPL (W);;0.0;0.0;1.45;2;5.0;5 - 3;4.5;Peninsula Power (W);;0.0;2.0;5.0;1;3.0;-1.25;6 - 3;3-3;4.25;1.75;112 - 90;43 - 56;56.0;43.0;45.0;55.0;2.0;4.0;1.0;6.0;;;;;;;;113.0;117.0;90.0;112.0;45.0;55.0;4.0;7.0;5.0;12.0;;[12 24 32 47 48 51 62 90];[1 1 1 2 2 2 2 2];[False False False False False False False False];"['The Gap NPL (W)' 'Peninsula Power (W)' 'The Gap NPL (W)'
 'The Gap NPL (W)' 'Peninsula Power (W)' 'Peninsula Power (W)'
 'The Gap NPL (W)' 'The Gap NPL (W)']";[0 1 0 1 2 1 0 1];[1 0 1 2 1 0 1 2];['D' 'H' 'D' 'H' 'H' 'H' 'D' 'H'];['H' 'D' 'H' 'H' 'H' 'D' 'H' 'H'];0.34;0.66;0.0;0.44;0.56;0.0;;;;;;;Women
2026-05-06;194045123;Hong Kong U22 Cup;Hong Kong;07:30;Full;0.16666666666666669;1.9;2.5;1.9;2.5;1.0;5.0;;1.0;0.0;1.0;275.0;159.0;100.0;Lee Man FC U22;;0.0;1.0;2.0;2;3.0;3 - 2;3.6;Eastern Football Team U22;;0.0;1.0;3.0;1;2.0;-0.25;1 - 5;1-0;2.5;1.0;37 - 122;15 - 62;62.0;15.0;74.0;26.0;5.0;1.0;4.0;2.0;;;;;;;;175.0;100.0;122.0;37.0;68.0;32.0;8.0;1.0;7.0;4.0;;[ 8 10 32 73 76];[1 1 1 2 2];[False False False False False];"['Lee Man FC U22' 'Lee Man FC U22' 'Eastern Football Team U22'
 'Eastern Football Team U22' 'Lee Man FC U22']";[0 1 2 1 0];[1 2 1 0 1];['D' 'H' 'H' 'H' 'D'];['H' 'H' 'H' 'D' 'H'];0.12;0.88;0.0;0.18;0.82;0.0;;;;;;;Youth
2026-05-06;194045257;India League Women;India;07:30;Full;-0.8524709613818524;1.825;3.0, 3.5;1.975;3.0, 3.5;0.0;3.0;;0.0;1.0;1.0;312.0;123.0;100.0;SESA FA (W);;0.0;1.0;21.0;1;2.0;2 - 2;9.0;Sribhumi FC (W);;0.0;0.0;1.111;0;2.0;+2.5;0 - 3;0-1;3.25;1.5;43 - 80;18 - 34;34.0;18.0;59.0;41.0;4.0;2.0;0.0;1.0;;;;;;;;193.0;119.0;80.0;43.0;57.0;43.0;10.0;4.0;5.0;2.0;;[37 47 55 84];[1 2 2 2];[False False False False];['SESA FA (W)' 'Sribhumi FC (W)' 'SESA FA (W)' 'Sribhumi FC (W)'];[0 1 0 1];[1 0 1 0];['D' 'H' 'D' 'H'];['H' 'D' 'H' 'D'];0.57;0.43;0.0;0.82;0.18;0.0;;;;;;;Women
2026-05-06;194094841;Australia Western Australia State League 1;Australia;08:00;Full;0.3104575163398693;1.9;3.0, 3.5;1.9;3.0, 3.5;5.0;4.0;;0.0;1.0;1.0;291.0;175.0;;Gwelup Croatia SC;4.0;0.0;5.0;1.7;1;4.0;4 - 4;3.9;Cockburn City;10.0;0.0;1.0;3.6;1;4.0;-0.75;5 - 4;0-1;3.25;1.25;88 - 87;43 - 40;40.0;43.0;;;1.0;4.0;1.0;2.0;;;;;;;;146.0;145.0;87.0;88.0;;;4.0;9.0;8.0;7.0;;[12 21 56 64 69 72 87 91];[1 1 2 2 2 2 2 2];[False False False False False False False  True];"['Gwelup Croatia SC' 'Cockburn City' 'Cockburn City' 'Cockburn City'
 'Gwelup Croatia SC' 'Gwelup Croatia SC' 'Gwelup Croatia SC'
 'Cockburn City']";[ 0  1  0 -1 -2 -1  0  1];[ 1  0 -1 -2 -1  0  1  0];['D' 'H' 'D' 'A' 'A' 'A' 'D' 'H'];['H' 'D' 'A' 'A' 'A' 'D' 'H' 'D'];0.68;0.14;0.18;0.8;0.2;0.0;;;;;;;
2026-05-06;194046705;Portugal U23 Cup;Portugal;08:00;Full;0.1774193548387097;1.9;2.5;1.9;2.5;4.0;3.0;;3.0;1.0;4.0;198.0;136.0;100.0;Rio Ave U23;;0.0;2.0;2.0;0;2.0;2 - 2;3.4;Santa Clara U23;;0.0;2.0;3.1;1;2.0;-0.5;4 - 3;3-1;2.5;1.0;84 - 52;42 - 18;18.0;42.0;42.0;58.0;2.0;6.0;5.0;4.0;;;;;;;;89.0;109.0;52.0;84.0;48.0;52.0;3.0;14.0;8.0;7.0;;[23 47 54 69];[1 2 2 2];[False False False False];['Santa Clara U23' 'Santa Clara U23' 'Rio Ave U23' 'Rio Ave U23'];[ 0 -1 -2 -1];[-1 -2 -1  0];['D' 'A' 'A' 'A'];['A' 'A' 'A' 'D'];0.49;0.0;0.51;0.51;0.0;0.49;;;;;;;Youth
2026-05-06;193327972;China Super League;China;08:00;Full;0.036363636363636376;2.025;2.5;1.775;2.5;6.0;10.0;;3.0;7.0;10.0;195.0;75.0;100.0;Wuhan Three Towns;15.0;0.0;3.0;2.5;0;1.0;1 - 3;3.25;Qingdao Hainiu;14.0;0.0;1.0;2.75;1;3.0;-0.25;6 - 10;3-7;2.5;1.0;41 - 34;19 - 14;14.0;19.0;55.0;45.0;7.0;1.0;1.0;0.0;;;;;;;;101.0;94.0;34.0;41.0;54.0;46.0;12.0;7.0;3.0;4.0;;[50 59 71 76];[1 2 2 2];[ True False False False];['Qingdao Hainiu' 'Wuhan Three Towns' 'Qingdao Hainiu' 'Qingdao Hainiu'];[ 0 -1  0 -1];[-1  0 -1 -2];['D' 'A' 'D' 'A'];['A' 'D' 'A' 'A'];0.69;0.0;0.31;1.0;0.0;0.0;;;;;;;
2026-05-06;194046709;Portugal U19 League;Portugal;08:00;Full;0.6666666666666667;1.975;3.5;1.825;3.5;4.0;5.0;;4.0;1.0;5.0;196.0;106.0;100.0;Benfica U19;;0.0;2.0;1.25;1;2.0;2 - 1;6.0;Rio Ave U19;;0.0;1.0;7.5;0;1.0;-1.75;4 - 5;4-1;3.5;1.25;50 - 56;30 - 23;23.0;30.0;48.0;52.0;2.0;8.0;3.0;4.0;;;;;;;;103.0;93.0;56.0;50.0;53.0;47.0;6.0;11.0;6.0;5.0;;[14 70 91];[1 2 2];[False False  True];['Benfica U19' 'Benfica U19' 'Rio Ave U19'];[0 1 2];[1 2 1];['D' 'H' 'H'];['H' 'H' 'H'];0.15;0.85;0.0;0.31;0.69;0.0;;;;;;;Youth
2026-05-06;194094845;Australia Western Australia State League 1;Australia;08:30;Full;0.34965034965034963;1.825;3.0;1.975;3.0;7.0;2.0;;6.0;1.0;7.0;180.0;115.0;;UWA-Nedlands FC;3.0;0.0;1.0;1.65;2;4.0;4 - 0;4.0;Inglewood United;9.0;0.0;4.0;3.9;0;0.0;-1.0;7 - 2;6-1;3.0;1.25;64 - 51;33 - 24;24.0;33.0;;;0.0;2.0;1.0;4.0;;;;;;;;96.0;84.0;51.0;64.0;;;6.0;7.0;1.0;8.0;;[ 7 10 63 81];[1 1 2 2];[False False False False];['UWA-Nedlands FC' 'UWA-Nedlands FC' 'UWA-Nedlands FC' 'UWA-Nedlands FC'];[0 1 2 3];[1 2 3 4];['D' 'H' 'H' 'H'];['H' 'H' 'H' 'H'];0.08;0.92;0.0;0.16;0.84;0.0;;;;;;;
2026-05-06;194138698;Australia Western Australia State League 1;Australia;08:30;Schedule;0.4819944598337951;1.875;3.5;1.925;3.5;0.0;0.0;;0.0;0.0;0.0;0.0;0.0;;Mandurah City;8.0;0.0;0.0;1.444;0;0.0;0 - 0;4.75;Curtin University SC;12.0;0.0;0.0;4.75;0;0.0;-1.25;0 - 0;0-0;3.5;1.5;-;nan;;;;;;;;;;;;;;;;0.0;0.0;0.0;0.0;;;0.0;0.0;0.0;0.0;;[];[];[];[];[];[];[];[];1.0;0.0;0.0;1.0;0.0;0.0;;;;;;;
2026-05-06;194048356;Denmark U19 League;Denmark;08:30;Full;0.707219494453537;1.975;3.5;1.825;3.5;7.0;1.0;;0.0;0.0;0.0;149.0;69.0;100.0;FC Nordsjaelland U19;;0.0;0.0;1.222;3;5.0;5 - 1;5.5;AC Horsens U19;;0.0;1.0;9.0;0;1.0;-1.5;7 - 1;0-0;3.5;1.5;38 - 31;19 - 18;18.0;19.0;43.0;57.0;0.0;3.0;0.0;4.0;;;;;;;;70.0;79.0;31.0;38.0;39.0;61.0;4.0;7.0;2.0;10.0;;[ 6 23 34 48 57 76];[1 1 1 2 2 2];[False False False False False False];"['FC Nordsjaelland U19' 'FC Nordsjaelland U19' 'FC Nordsjaelland U19'
 'FC Nordsjaelland U19' 'FC Nordsjaelland U19' 'AC Horsens U19']";[0 1 2 3 4 5];[1 2 3 4 5 4];['D' 'H' 'H' 'H' 'H' 'H'];['H' 'H' 'H' 'H' 'H' 'H'];0.07;0.93;0.0;0.13;0.87;0.0;;;;;;;Youth
2026-05-06;193327979;China Super League;China;08:35;Full;0.40606060606060607;1.8;2.5;2.0;2.5;5.0;4.0;;1.0;1.0;2.0;187.0;94.0;100.0;Shanghai Port;;1.0;0.0;1.65;0;1.0;1 - 1;4.1;Shenzhen Xinpengcheng;;0.0;1.0;5.0;0;1.0;-0.75;5 - 4;1-1;2.5;1.0;78 - 16;38 - 4;4.0;38.0;36.0;64.0;1.0;5.0;1.0;1.0;;;;;;;;78.0;109.0;16.0;78.0;35.0;65.0;5.0;15.0;3.0;2.0;;[63 86];[2 2];[False False];['Shenzhen Xinpengcheng' 'Shanghai Port'];[ 0 -1];[-1  0];['D' 'A'];['A' 'D'];0.74;0.0;0.26;1.0;0.0;0.0;;;;;;;
2026-05-06;193327974;China Super League;China;08:35;Full;0.5386746217771149;1.95;3.0;1.85;3.0;4.0;2.0;;1.0;0.0;1.0;202.0;74.0;100.0;Beijing Guoan;13.0;1.0;1.0;1.444;0;3.0;3 - 0;4.75;Dalian Young Boy;3.0;0.0;5.0;6.5;0;0.0;-1.25;4 - 2;1-0;3.0;1.25;41 - 33;34 - 12;12.0;34.0;23.0;77.0;1.0;6.0;1.0;2.0;;;;;;;;91.0;111.0;33.0;41.0;40.0;60.0;4.0;8.0;5.0;8.0;;[54 58 65];[2 2 2];[False False False];['Beijing Guoan' 'Beijing Guoan' 'Beijing Guoan'];[0 1 2];[1 2 3];['D' 'H' 'H'];['H' 'H' 'H'];0.6;0.4;0.0;1.0;0.0;0.0;;;;;;;
2026-05-06;194044911;Georgia First League;Georgia;09:00;Full;0.24060150375939848;1.85;2.5;1.95;2.5;4.0;4.0;;1.0;0.0;1.0;176.0;123.0;100.0;FC Samtredia;;0.0;2.0;1.9;2;2.0;2 - 0;3.4;Aragvi Dusheti;;1.0;2.0;3.5;0;0.0;-0.5;4 - 4;1-0;2.5;1.0;57 - 66;30 - 26;26.0;30.0;47.0;53.0;3.0;4.0;0.0;3.0;;;;;;;;95.0;81.0;66.0;57.0;52.0;48.0;10.0;8.0;2.0;4.0;;[ 7 35];[1 1];[False False];['FC Samtredia' 'FC Samtredia'];[0 1];[1 2];['D' 'H'];['H' 'H'];0.08;0.92;0.0;0.16;0.84;0.0;;;;;;;
2026-05-06;194053615;Uzbekistan 1st Division;Uzbekistan;09:00;Full;0.37527362244648194;1.95;2.5, 3.0;1.85;2.5, 3.0;7.0;1.0;;5.0;1.0;6.0;136.0;110.0;100.0;FC Aral Nukus;;0.0;1.0;1.65;3;5.0;5 - 1;3.6;FC Yaypan Fergana;;0.0;1.0;4.333;0;1.0;-0.75;7 - 1;5-1;2.75;1.0;65 - 45;38 - 24;24.0;38.0;52.0;48.0;2.0;4.0;0.0;5.0;;;;;;;;66.0;70.0;45.0;65.0;48.0;52.0;3.0;6.0;1.0;7.0;;[18 28 39 46 53 57];[1 1 1 2 2 2];[False False False False False False];"['FC Aral Nukus' 'FC Aral Nukus' 'FC Aral Nukus' 'FC Aral Nukus'
 'FC Aral Nukus' 'FC Yaypan Fergana']";[0 1 2 3 4 5];[1 2 3 4 5 4];['D' 'H' 'H' 'H' 'H' 'H'];['H' 'H' 'H' 'H' 'H' 'H'];0.2;0.8;0.0;0.4;0.6;0.0;;;;;;;
2026-05-06;194043835;ASEAN Club Championship;International (Asia);09:00;Full;0.367965367965368;1.85;2.5;1.95;2.5;9.0;0.0;;2.0;0.0;2.0;165.0;77.0;100.0;Johor Darul Ta'zim;;0.0;3.0;1.65;0;1.0;1 - 3;3.7;Buriram United;;0.0;3.0;4.2;2;3.0;-0.75;9 - 0;2-0;2.5;1.0;58 - 19;29 - 10;10.0;29.0;50.0;50.0;0.0;9.0;2.0;1.0;;;;;;;;47.0;118.0;19.0;58.0;39.0;61.0;1.0;20.0;4.0;3.0;;[34 47 92 94];[1 1 2 2];[False  True  True  True];"['Buriram United' 'Buriram United' ""Johor Darul Ta'zim"" 'Buriram United']";[ 0 -1 -2 -1];[-1 -2 -1 -2];['D' 'A' 'A' 'A'];['A' 'A' 'A' 'A'];0.36;0.0;0.64;0.72;0.0;0.28;;;;;;;
2026-05-06;194048544;Ethiopia Premier League;Ethiopia;09:00;Full;0.09408602150537637;2.0;1.5, 2.0;1.8;1.5, 2.0;7.0;4.0;;1.0;2.0;3.0;183.0;78.0;100.0;Sidama Bunna;1.0;0.0;3.0;2.4;0;0.0;0 - 1;2.625;Ethiopian Medhin;16.0;0.0;2.0;3.1;0;1.0;-0.25;7 - 4;1-2;1.75;0.75;41 - 37;19 - 18;18.0;19.0;46.0;54.0;3.0;1.0;1.0;0.0;;;;;;;;87.0;96.0;37.0;41.0;49.0;51.0;5.0;4.0;2.0;1.0;;[83];[2];[False];['Ethiopian Medhin'];[0];[-1];['D'];['A'];0.92;0.0;0.08;1.0;0.0;0.0;;;;;;;
2026-05-06;194048555;Ethiopia Premier League;Ethiopia;09:00;Full;-0.05517241379310345;2.0;1.5, 2.0;1.8;1.5, 2.0;7.0;3.0;;3.0;2.0;5.0;205.0;170.0;100.0;Fasil Kenema;5.0;0.0;3.0;2.9;0;0.0;0 - 2;2.625;Bahir Dar Kenema FC;11.0;0.0;2.0;2.5;0;2.0;0.0;7 - 3;3-2;1.75;0.75;82 - 88;38 - 39;39.0;38.0;48.0;52.0;2.0;5.0;0.0;2.0;;;;;;;;93.0;112.0;88.0;82.0;47.0;53.0;2.0;7.0;2.0;2.0;;[47 69];[2 2];[False False];['Bahir Dar Kenema FC' 'Bahir Dar Kenema FC'];[ 0 -1];[-1 -2];['D' 'A'];['A' 'A'];0.52;0.0;0.48;1.0;0.0;0.0;;;;;;;
2026-05-06;194093433;Georgia First League;Georgia;09:00;Full;0.11904761904761901;1.825;2.5;1.975;2.5;5.0;5.0;;1.0;4.0;5.0;164.0;129.0;;Merani Martvili;;0.0;2.0;2.1;0;0.0;0 - 0;3.5;Shturmi;;0.0;3.0;2.8;0;0.0;-0.25;5 - 5;1-4;2.5;1.0;59 - 70;26 - 48;48.0;26.0;;;4.0;2.0;1.0;1.0;;;;;;;;98.0;66.0;70.0;59.0;;;6.0;6.0;1.0;2.0;;[];[];[];[];[];[];[];[];1.0;0.0;0.0;1.0;0.0;0.0;;;;;;;
2026-05-06;194044941;Georgia First League;Georgia;09:00;Full;-0.12121212121212122;1.775;2.0;2.025;2.0;1.0;4.0;;1.0;1.0;2.0;220.0;105.0;100.0;FC Gareji;1.0;0.0;2.0;3.0;0;2.0;2 - 0;3.0;FC Telavi;6.0;0.0;2.0;2.2;0;0.0;+0.25;1 - 4;1-1;2.0;0.75;45 - 60;18 - 37;37.0;18.0;62.0;38.0;2.0;1.0;2.0;1.0;;;;;;;;108.0;112.0;60.0;45.0;58.0;42.0;6.0;1.0;2.0;5.0;;[75 91];[2 2];[False  True];['FC Gareji' 'FC Gareji'];[0 1];[1 2];['D' 'H'];['H' 'H'];0.82;0.18;0.0;1.0;0.0;0.0;;;;;;;
2026-05-06;194156454;Nigeria League Women;Nigeria;09:00;Full;0.28239584230625664;2.025;2.0, 2.5;1.775;2.0, 2.5;6.0;1.0;;0.0;1.0;1.0;203.0;125.0;;FC Robo (W);;0.0;0.0;1.833;1;2.0;2 - 1;3.25;Nasarawa Amazons (W);;0.0;0.0;3.8;0;1.0;-0.5;6 - 1;0-1;2.25;1.0;87 - 38;39 - 22;22.0;39.0;;;1.0;6.0;1.0;1.0;;;;;;;;86.0;117.0;38.0;87.0;;;2.0;8.0;4.0;3.0;;[26 51 77];[1 2 2];[False False False];['FC Robo (W)' 'FC Robo (W)' 'Nasarawa Amazons (W)'];[0 1 2];[1 2 1];['D' 'H' 'H'];['H' 'H' 'H'];0.29;0.71;0.0;0.58;0.42;0.0;;;;;;;Women
2026-05-06;194053612;Uzbekistan 1st Division;Uzbekistan;09:00;Full;-0.43463497453310695;1.95;2.5, 3.0;1.85;2.5, 3.0;2.0;10.0;;1.0;1.0;2.0;160.0;137.0;100.0;BuxDu;;0.0;1.0;4.75;1;1.0;1 - 1;3.8;Fardu Ferghana;;0.0;3.0;1.55;0;1.0;+1.0;2 - 10;1-1;2.75;1.0;51 - 86;29 - 30;30.0;29.0;51.0;49.0;1.0;4.0;2.0;4.0;;;;;;;;79.0;81.0;86.0;51.0;56.0;44.0;5.0;9.0;7.0;5.0;;[39 59];[1 2];[False False];['BuxDu' 'Fardu Ferghana'];[0 1];[1 0];['D' 'H'];['H' 'D'];0.78;0.22;0.0;0.87;0.13;0.0;;;;;;;
2026-05-06;193327983;China Super League;China;09:00;Full;0.15447154471544722;1.825;4.0;1.975;4.0;4.0;2.0;;1.0;0.0;1.0;168.0;72.0;100.0;Yunnan Yukun;4.0;0.0;4.0;2.05;1;1.0;1 - 2;4.2;Zhejiang;11.0;1.0;4.0;3.0;0;2.0;-0.25;4 - 2;1-0;4.0;1.75;28 - 44;6 - 23;23.0;6.0;52.0;48.0;3.0;3.0;3.0;1.0;;;;;;;;103.0;65.0;44.0;28.0;54.0;46.0;8.0;8.0;7.0;2.0;;[ 6 58 97];[1 2 2];[False False  True];['Yunnan Yukun' 'Zhejiang' 'Zhejiang'];[0 1 0];[ 1  0 -1];['D' 'H' 'D'];['H' 'D' 'A'];0.46;0.54;0.0;0.13;0.87;0.0;;;;;;;
2026-05-06;194045121;Hong Kong U22 Cup;Hong Kong;09:30;Full;0.06238859180035644;1.775;2.5, 3.0;2.025;2.5, 3.0;2.0;6.0;;0.0;3.0;3.0;158.0;88.0;100.0;Kitchee U22;;0.0;3.0;2.2;2;2.0;2 - 0;3.75;HK Rangers FC U22;;0.0;2.0;2.55;0;0.0;0.0;2 - 6;0-3;2.75;1.25;52 - 36;25 - 20;20.0;25.0;40.0;60.0;2.0;3.0;1.0;3.0;;;;;;;;60.0;98.0;36.0;52.0;38.0;62.0;5.0;9.0;3.0;5.0;;[24 45];[1 1];[False False];['Kitchee U22' 'Kitchee U22'];[0 1];[1 2];['D' 'H'];['H' 'H'];0.27;0.73;0.0;0.53;0.47;0.0;;;;;;;Youth
2026-05-06;194150735;Rwandan Division 2;Rwanda;10:00;Schedule;0.07322654462242562;1.95;2.0;1.85;2.0;0.0;0.0;;0.0;0.0;0.0;0.0;0.0;;Muhazi United;;0.0;0.0;2.375;0;0.0;0 - 0;2.9;Nkombo FC;;0.0;0.0;2.875;0;0.0;0.0;0 - 0;0-0;2.0;0.75;-;nan;;;;;;;;;;;;;;;;0.0;0.0;0.0;0.0;;;0.0;0.0;0.0;0.0;;[];[];[];[];[];[];[];[];1.0;0.0;0.0;1.0;0.0;0.0;;;;;;;
2026-05-06;194043421;Argentina Nacional Reserve League;Argentina;10:00;Full;0.22080416527771157;1.9;2.5;1.9;2.5;4.0;3.0;;1.0;3.0;4.0;252.0;122.0;100.0;Chacarita Juniors Reserves;;1.0;5.0;1.909;0;1.0;1 - 1;3.5;Los Andes Reserves;;1.0;2.0;3.3;0;1.0;-0.5;4 - 3;1-3;2.5;1.0;57 - 65;28 - 32;32.0;28.0;41.0;59.0;5.0;2.0;2.0;0.0;;;;;;;;124.0;128.0;65.0;57.0;48.0;52.0;7.0;4.0;3.0;1.0;;[65 91];[2 2];[False  True];['Los Andes Reserves' 'Chacarita Juniors Reserves'];[ 0 -1];[-1  0];['D' 'A'];['A' 'D'];0.71;0.0;0.29;1.0;0.0;0.0;;;;;;;Youth
2026-05-06;194044304;Argentina Reserve League;Argentina;10:00;Full;0.2888888888888889;1.825;2.0;1.975;2.0;2.0;5.0;;2.0;1.0;3.0;240.0;99.0;100.0;Real Pilar Reserves;;0.0;0.0;1.8;0;2.0;2 - 0;3.4;Deportivo Merlo Reserves;;0.0;4.0;3.75;0;0.0;-0.5;2 - 5;2-1;2.0;0.75;44 - 55;23 - 22;22.0;23.0;37.0;63.0;2.0;2.0;1.0;2.0;;;;;;;;115.0;125.0;55.0;44.0;43.0;57.0;3.0;5.0;1.0;4.0;;[64 90];[2 2];[False False];['Real Pilar Reserves' 'Real Pilar Reserves'];[0 1];[1 2];['D' 'H'];['H' 'H'];0.71;0.29;0.0;1.0;0.0;0.0;;;;;;;Youth
2026-05-06;194150728;Rwandan Division 2;Rwanda;10:00;Full;0.036363636363636376;1.8;2.0;2.0;2.0;8.0;4.0;;4.0;2.0;6.0;121.0;172.0;;Espoir FC;;1.0;6.0;2.5;0;1.0;1 - 0;2.875;Sina Gerard FC;;0.0;0.0;2.75;0;0.0;0.0;8 - 4;4-2;2.0;0.75;88 - 84;41 - 44;44.0;41.0;;;6.0;5.0;0.0;1.0;;;;;;;;63.0;58.0;84.0;88.0;;;10.0;11.0;2.0;4.0;;[92];[2];[ True];['Espoir FC'];[0];[1];['D'];['H'];1.0;0.0;0.0;1.0;0.0;0.0;;;;;;;
2026-05-06;194048469;South Africa National Div 1;South Africa;10:00;Full;0.10855263157894735;1.975;2.0;1.825;2.0;3.0;5.0;;3.0;3.0;6.0;238.0;139.0;100.0;Gomora United;;1.0;0.0;2.375;0;1.0;1 - 1;2.7;Midlands Wanderers FC;;0.0;2.0;3.2;0;1.0;-0.25;3 - 5;3-3;2.0;0.75;64 - 75;32 - 41;41.0;32.0;52.0;48.0;2.0;4.0;1.0;0.0;;;;;;;;119.0;119.0;75.0;64.0;52.0;48.0;5.0;6.0;2.0;3.0;;[46 55];[2 2];[False False];['Midlands Wanderers FC' 'Gomora United'];[ 0 -1];[-1  0];['D' 'A'];['A' 'D'];0.9;0.0;0.1;1.0;0.0;0.0;;;;;;;
2026-05-06;194046754;Rwanda National League;Rwanda;10:00;Full;0.04285714285714287;2.0;2.0;1.8;2.0;4.0;6.0;;2.0;5.0;7.0;245.0;131.0;100.0;Gorilla FC;12.0;0.0;2.0;2.5;2;2.0;2 - 1;2.8;AS Kigali;14.0;0.0;4.0;2.8;0;1.0;0.0;4 - 6;2-5;2.0;0.75;68 - 63;37 - 30;30.0;37.0;49.0;51.0;3.0;2.0;0.0;3.0;;;;;;;;111.0;134.0;63.0;68.0;51.0;49.0;4.0;4.0;1.0;3.0;;[30 35 52];[1 1 2];[False False False];['Gorilla FC' 'Gorilla FC' 'AS Kigali'];[0 1 2];[1 2 1];['D' 'H' 'H'];['H' 'H' 'H'];0.33;0.67;0.0;0.67;0.33;0.0;;;;;;;
2026-05-06;194043839;ASEAN Club Championship;International (Asia);10:00;Full;0.040100250626566414;1.825;2.0, 2.5;1.975;2.0, 2.5;1.0;7.0;;0.0;4.0;4.0;133.0;88.0;100.0;Selangor;;0.0;2.0;2.375;1;2.0;2 - 1;3.2;Nam Dinh;;0.0;4.0;2.625;1;1.0;0.0;1 - 7;0-4;2.25;1.0;42 - 46;24 - 30;30.0;24.0;50.0;50.0;4.0;1.0;4.0;2.0;;;;;;;;68.0;65.0;46.0;42.0;56.0;44.0;8.0;2.0;6.0;3.0;;[38 46 59];[1 1 2];[False  True False];['Selangor' 'Nam Dinh' 'Selangor'];[0 1 0];[1 0 1];['D' 'H' 'D'];['H' 'D' 'H'];0.57;0.43;0.0;0.83;0.17;0.0;;;;;;;
2026-05-06;194186474;Zambia Super League;Zambia;10:00;Full;-0.1367521367521367;1.85;1.5, 2.0;1.95;1.5, 2.0;6.0;5.0;;2.0;3.0;5.0;236.0;134.0;100.0;Zanaco FC;;0.0;1.0;3.25;0;0.0;0 - 0;2.75;Red Arrows FC;;0.0;2.0;2.25;0;0.0;+0.25;6 - 5;2-3;1.75;0.75;67 - 67;29 - 43;43.0;29.0;54.0;46.0;1.0;3.0;0.0;2.0;;;;;;;;117.0;119.0;67.0;67.0;50.0;50.0;4.0;4.0;0.0;2.0;;[];[];[];[];[];[];[];[];1.0;0.0;0.0;1.0;0.0;0.0;;;;;;;
2026-05-06;194150733;Rwandan Division 2;Rwanda;10:00;Full;0.014245014245014231;1.8;2.0;2.0;2.0;1.0;5.0;;1.0;1.0;2.0;131.0;147.0;;Intare FC;;0.0;2.0;2.6;0;1.0;1 - 1;2.875;Etoile de L'Est;;0.0;2.0;2.7;1;1.0;0.0;1 - 5;1-1;2.0;0.75;53 - 94;28 - 47;47.0;28.0;;;7.0;6.0;1.0;0.0;;;;;;;;59.0;72.0;94.0;53.0;;;9.0;8.0;1.0;1.0;;[ 9 51];[1 2];[False False];"[""Etoile de L'Est"" 'Intare FC']";[ 0 -1];[-1  0];['D' 'A'];['A' 'D'];0.53;0.0;0.47;0.2;0.0;0.8;;;;;;;
2026-05-06;194044306;Argentina Reserve League;Argentina;10:30;Schedule;0.19696969696969696;2.05;2.0, 2.5;1.75;2.0, 2.5;0.0;0.0;;0.0;0.0;0.0;0.0;0.0;;UAI Urquiza Reserves;;0.0;0.0;2.0;0;0.0;0 - 0;3.2;CS Dock Sud Reserves;;0.0;0.0;3.3;0;0.0;-0.25;0 - 0;0-0;2.25;0.75;-;nan;;;;;;;;;;;;;;;;0.0;0.0;0.0;0.0;;;0.0;0.0;0.0;0.0;;[];[];[];[];[];[];[];[];1.0;0.0;0.0;1.0;0.0;0.0;;;;;;;Youth
2026-05-06;194129420;Botswana Premier League;Botswana;10:30;Full;-0.044579533941236094;1.8;2.0;2.0;2.0;2.0;3.0;;0.0;2.0;2.0;163.0;150.0;;BDF XI;9.0;0.0;2.0;2.625;0;0.0;0 - 1;3.2;Township Rollers;6.0;0.0;2.0;2.35;0;1.0;+0.25;2 - 3;0-2;2.0;0.75;52 - 98;25 - 52;52.0;25.0;;;2.0;4.0;1.0;3.0;;;;;;;;100.0;63.0;98.0;52.0;;;5.0;7.0;3.0;4.0;;[81];[2];[False];['Township Rollers'];[0];[-1];['D'];['A'];0.9;0.0;0.1;1.0;0.0;0.0;;;;;;;
2026-05-06;194093469;India League Women;India;10:30;Schedule;-0.4848484848484848;2.0;2.5, 3.0;1.8;2.5, 3.0;6.0;2.0;;4.0;0.0;4.0;235.0;195.0;;Nita FA (W);;0.0;0.0;5.5;1;1.0;1 - 3;4.0;Sethu FC (W);;0.0;0.0;1.5;0;3.0;+1.0 (+0.25);6 - 2;4-0;2.75 ( 4.5);1.25;91 - 87;48 - 45;45.0;48.0;;;2.0;3.0;7.0;3.0;;;;;;;;121.0;114.0;94.0;101.0;;;7.0;6.0;12.0;5.0;;[17 63 72 81];[1 2 2 2];[False False False False];['Nita FA (W)' 'Sethu FC (W)' 'Sethu FC (W)' 'Sethu FC (W)'];[ 0  1  0 -1];[ 1  0 -1 -2];['D' 'H' 'D' 'A'];['H' 'D' 'A' 'A'];0.29;0.51;0.2;0.38;0.62;0.0;;;;;;;Women
2026-05-06;194104393;Egypt Second Division B;Egypt;10:30;Full;0.31165311653116534;2.025;2.0, 2.5;1.775;2.0, 2.5;3.0;3.0;;1.0;1.0;2.0;298.0;166.0;100.0;Al Olympi;;0.0;2.0;1.8;1;1.0;1 - 1;3.2;Belqas;;0.0;1.0;4.1;0;1.0;-0.5;3 - 3;1-1;2.25;0.75;84 - 82;38 - 38;38.0;38.0;51.0;49.0;3.0;2.0;0.0;4.0;;;;;;;;145.0;153.0;82.0;84.0;50.0;50.0;3.0;7.0;2.0;4.0;;[46 83];[1 2];[ True False];['Al Olympi' 'Belqas'];[0 1];[1 0];['D' 'H'];['H' 'D'];0.59;0.41;0.0;1.0;0.0;0.0;;;;;;;Youth
2026-05-06;194152436;Greece Amateur Cup;Greece;11:00;Full;0.16666666666666669;1.95;2.5, 3.0;1.85;2.5, 3.0;9.0;2.0;;2.0;0.0;2.0;221.0;105.0;;Ergotelis;;0.0;4.0;2.0;1;1.0;1 - 4;3.6;Hersonissos FC;;0.0;2.0;3.0;2;4.0;-0.25;9 - 2;2-0;2.75;1.25;67 - 38;26 - 19;19.0;26.0;;;0.0;1.0;2.0;2.0;;;;;;;;95.0;126.0;38.0;67.0;;;3.0;6.0;5.0;6.0;;[ 4 12 19 50 88];[1 1 1 2 2];[False False False False False];"['Hersonissos FC' 'Hersonissos FC' 'Ergotelis' 'Hersonissos FC'
 'Hersonissos FC']";[ 0 -1 -2 -1 -2];[-1 -2 -1 -2 -3];['D' 'A' 'A' 'A' 'A'];['A' 'A' 'A' 'A' 'A'];0.04;0.0;0.96;0.09;0.0;0.91;;;;;;;
2026-05-06;194135754;Panama Liga Prom;Panama;11:00;Full;-0.20032051282051289;2.0;3.0;1.8;3.0;3.0;10.0;;0.0;7.0;7.0;143.0;85.0;100.0;CD Universitario Reserves;;1.0;1.0;3.2;1;1.0;1 - 1;3.4;Aguilas de la U;;0.0;4.0;1.95;0;1.0;+0.5;3 - 10;0-7;3.0;1.25;37 - 48;14 - 26;26.0;14.0;63.0;37.0;7.0;3.0;2.0;3.0;;;;;;;;73.0;70.0;48.0;37.0;60.0;40.0;14.0;8.0;4.0;7.0;;[30 79];[1 2];[False False];['CD Universitario Reserves' 'Aguilas de la U'];[0 1];[1 0];['D' 'H'];['H' 'D'];0.46;0.54;0.0;0.67;0.33;0.0;;;;;;;Youth
2026-05-06;194054242;North Macedonia Cup;North Macedonia;11:00;Full;0.7735646958011996;1.9;3.0, 3.5;1.9;3.0, 3.5;4.0;2.0;;3.0;0.0;3.0;227.0;126.0;100.0;FK Sileks;;0.0;3.0;1.167;1;1.0;1 - 0;7.5;GFK Ohrid Lichnidos;;0.0;7.0;12.0;0;0.0;-2.25;4 - 2;3-0;3.25;1.25;76 - 50;46 - 16;16.0;46.0;42.0;58.0;0.0;2.0;2.0;4.0;;;;;;;;116.0;111.0;50.0;76.0;50.0;50.0;1.0;5.0;3.0;6.0;;[35];[1];[False];['FK Sileks'];[0];[1];['D'];['H'];0.39;0.61;0.0;0.78;0.22;0.0;;;;;;;
2026-05-06;194134355;Croatia First League Women;Croatia;11:00;Schedule;-0.7888888888888889;2.0;4.0;1.8;4.0;0.0;0.0;;0.0;0.0;0.0;0.0;0.0;;NK Medimurje Cakovec (W);;0.0;0.0;10.0;0;0.0;0 - 0;8.0;ZNK Hajduk Split (W);;0.0;0.0;1.125;0;0.0;+2.75;0 - 0;0-0;4.0;1.75;-;nan;;;;;;;;;;;;;;;;0.0;0.0;0.0;0.0;;;0.0;0.0;0.0;0.0;;[];[];[];[];[];[];[];[];1.0;0.0;0.0;1.0;0.0;0.0;;;;;;;Women
2026-05-06;194152447;Greece Amateur Cup;Greece;11:00;Full;0.06238859180035644;1.975;3.0;1.825;3.0;3.0;3.0;;3.0;1.0;4.0;274.0;129.0;;Rouvas;;0.0;8.0;2.2;2;2.0;2 - 2;3.75;Almyros Gaziou;;0.0;6.0;2.55;1;2.0;-0.25;3 - 3;3-1;3.0;1.25;52 - 77;35 - 22;22.0;35.0;;;0.0;4.0;1.0;3.0;;;;;;;;153.0;121.0;77.0;52.0;;;7.0;5.0;5.0;3.0;;[17 26 34 92];[1 1 1 2];[False False False  True];['Almyros Gaziou' 'Rouvas' 'Rouvas' 'Almyros Gaziou'];[ 0 -1  0  1];[-1  0  1  0];['D' 'A' 'D' 'H'];['A' 'D' 'H' 'D'];0.27;0.63;0.1;0.56;0.24;0.2;;;;;;;
2026-05-06;194054240;North Macedonia Cup;North Macedonia;11:00;Full;-0.6263736263736264;1.825;2.5, 3.0;1.975;2.5, 3.0;2.0;4.0;;2.0;1.0;3.0;199.0;99.0;100.0;KF Shkendija Haracine;;0.0;2.0;7.0;0;0.0;0 - 2;5.0;Shkendija Tetovo;;1.0;6.0;1.3;0;2.0;+1.5;2 - 4;2-1;2.75;1.25;36 - 63;26 - 24;24.0;26.0;45.0;55.0;0.0;3.0;1.0;2.0;;;;;;;;104.0;95.0;63.0;36.0;48.0;52.0;11.0;4.0;5.0;3.0;;[86 88];[2 2];[False False];['Shkendija Tetovo' 'Shkendija Tetovo'];[ 0 -1];[-1 -2];['D' 'A'];['A' 'A'];0.96;0.0;0.04;1.0;0.0;0.0;;;;;;;
2026-05-06;194096130;Panama First Division Women;Panama;11:00;Full;0.040916530278232444;1.825;2.5, 3.0;1.975;2.5, 3.0;2.0;6.0;;1.0;3.0;4.0;97.0;84.0;100.0;Rayadas de Chiriqui (W);;1.0;2.0;2.35;0;0.0;0 - 0;3.3;UMECIT (W);;1.0;6.0;2.6;0;0.0;0.0;2 - 6;1-3;2.75;1.25;40 - 44;18 - 25;25.0;18.0;53.0;47.0;3.0;2.0;1.0;5.0;;;;;;;;49.0;48.0;44.0;40.0;47.0;53.0;6.0;7.0;4.0;8.0;;[];[];[];[];[];[];[];[];1.0;0.0;0.0;1.0;0.0;0.0;;;;;;;Women
2026-05-06;194134353;Croatia First League Women;Croatia;11:00;Full;-0.29411764705882354;2.025;3.0;1.775;3.0;3.0;2.0;;0.0;0.0;0.0;243.0;82.0;;ZNK Dinamo Women;;0.0;2.0;3.4;0;3.0;3 - 2;4.333;ZNK Agram (W);;0.0;1.0;1.7;2;2.0;+0.75;3 - 2;0-0;3.0;1.25;43 - 39;11 - 19;19.0;11.0;;;3.0;1.0;4.0;5.0;;;;;;;;120.0;123.0;39.0;43.0;;;7.0;7.0;5.0;7.0;;[ 9 13 16 20 54];[1 1 1 1 2];[False False False False False];"['ZNK Agram (W)' 'ZNK Dinamo (W)' 'ZNK Dinamo (W)' 'ZNK Agram (W)'
 'ZNK Dinamo (W)']";[ 0 -1 -2 -3 -4];[-1 -2 -3 -4 -5];['D' 'A' 'A' 'A' 'A'];['A' 'A' 'A' 'A' 'A'];0.1;0.0;0.9;0.2;0.0;0.8;;;;;;;Women
2026-05-06;194044309;Argentina Reserve League;Argentina;11:00;Full;0.09661835748792269;1.8;2.0, 2.5;2.0;2.0, 2.5;12.0;4.0;;7.0;3.0;10.0;211.0;144.0;100.0;Arsenal de Sarandi Reserves;;0.0;3.0;2.25;1;4.0;4 - 0;3.1;Argentino Quilmes Reserves;;0.0;1.0;2.875;0;0.0;-0.25;12 - 4;7-3;2.25;1.0;81 - 63;46 - 32;32.0;46.0;41.0;59.0;0.0;1.0;1.0;2.0;;;;;;;;111.0;100.0;63.0;81.0;48.0;52.0;3.0;6.0;2.0;5.0;;[23 69 74 84];[1 2 2 2];[False False False False];"['Arsenal de Sarandi Reserves' 'Arsenal de Sarandi Reserves'
 'Arsenal de Sarandi Reserves' 'Arsenal de Sarandi Reserves']";[0 1 2 3];[1 2 3 4];['D' 'H' 'H' 'H'];['H' 'H' 'H' 'H'];0.26;0.74;0.0;0.51;0.49;0.0;;;;;;;Youth
2026-05-06;194093922;Nigeria National League;Nigeria;11:00;Schedule;0.13196480938416422;1.95;2.0;1.85;2.0;0.0;0.0;;0.0;0.0;0.0;0.0;0.0;;Sporting Lagos;;0.0;0.0;2.2;0;0.0;0 - 0;3.0;Doma United;;0.0;0.0;3.1;0;0.0;-0.25;0 - 0;0-0;2.0;0.75;-;nan;;;;;;;;;;;;;;;;0.0;0.0;0.0;0.0;;;0.0;0.0;0.0;0.0;;[];[];[];[];[];[];[];[];1.0;0.0;0.0;1.0;0.0;0.0;;;;;;;
2026-05-06;194043424;Argentina Nacional Reserve League;Argentina;11:00;Full;0.38383838383838387;1.9;2.0;1.9;2.0;7.0;3.0;;5.0;2.0;7.0;200.0;133.0;100.0;Temperley Reserves;;0.0;3.0;1.65;1;3.0;3 - 0;3.5;Almirante Brown Reserves;;0.0;1.0;4.5;0;0.0;-0.75;7 - 3;5-2;2.0;0.75;60 - 73;28 - 31;31.0;28.0;55.0;45.0;3.0;2.0;2.0;5.0;;;;;;;;115.0;85.0;73.0;60.0;55.0;45.0;9.0;4.0;2.0;10.0;;[37 79 86];[1 2 2];[False False False];['Temperley Reserves' 'Temperley Reserves' 'Temperley Reserves'];[0 1 2];[1 2 3];['D' 'H' 'H'];['H' 'H' 'H'];0.41;0.59;0.0;0.82;0.18;0.0;;;;;;;Youth
2026-05-06;194044280;Albania Championship;Albania;11:00;Schedule;-0.4666666666666666;2.0;2.5, 3.0;1.8;2.5, 3.0;0.0;0.0;;0.0;0.0;0.0;0.0;0.0;;FC Dinamo City;;0.0;0.0;5.0;0;0.0;0 - 0;4.0;FK Vora;;0.0;0.0;1.5;0;0.0;+0.75;0 - 0;0-0;2.75;1.0;-;nan;;;;;;;;;;;;;;;;0.0;0.0;0.0;0.0;;;0.0;0.0;0.0;0.0;;[];[];[];[];[];[];[];[];1.0;0.0;0.0;1.0;0.0;0.0;;;;;;;
2026-05-06;194044275;Albania Championship;Albania;11:00;Full;0.20032051282051289;1.8;2.5;2.0;2.5;6.0;3.0;;2.0;3.0;5.0;170.0;103.0;100.0;KS Flamurtari Vlore;;0.0;5.0;1.95;1;1.0;1 - 1;3.5;KF Teuta;;1.0;5.0;3.2;0;1.0;-0.5;6 - 3;2-3;2.5;1.0;56 - 47;23 - 29;29.0;23.0;55.0;45.0;3.0;0.0;3.0;1.0;;;;;;;;86.0;84.0;47.0;56.0;50.0;50.0;5.0;4.0;6.0;3.0;;[12 61];[1 2];[False False];['KS Flamurtari Vlore' 'KF Teuta'];[0 1];[1 0];['D' 'H'];['H' 'D'];0.46;0.54;0.0;0.27;0.73;0.0;;;;;;;
2026-05-06;194045329;India Super League;India;11:00;Full;0.4451612903225806;1.975;2.5, 3.0;1.825;2.5, 3.0;7.0;4.0;;5.0;1.0;6.0;190.0;109.0;100.0;Punjab FC;;0.0;1.0;1.55;0;1.0;1 - 0;3.8;Chennaiyin FC;;0.0;1.0;5.0;0;0.0;-1.0;7 - 4;5-1;2.75;1.0;59 - 50;29 - 16;16.0;29.0;58.0;42.0;0.0;4.0;0.0;2.0;;;;;;;;94.0;96.0;50.0;59.0;58.0;42.0;3.0;9.0;1.0;4.0;;[84];[2];[False];['Punjab FC'];[0];[1];['D'];['H'];0.93;0.07;0.0;1.0;0.0;0.0;;;;;;;
2026-05-06;194152465;Kazakhstan Premier League;Kazakhstan;11:00;Full;-0.3382352941176471;1.975;2.5, 3.0;1.825;2.5, 3.0;2.0;3.0;;1.0;2.0;3.0;78.0;43.0;100.0;Kaisar Kyzylorda;13.0;0.0;2.0;4.0;0;1.0;1 - 2;3.7;Kairat Almaty;1.0;1.0;5.0;1.7;1;2.0;+0.75;2 - 3;1-2;2.75;1.0;21 - 22;13 - 13;13.0;13.0;43.0;57.0;1.0;0.0;1.0;0.0;;;;;;;;33.0;45.0;22.0;21.0;46.0;54.0;2.0;0.0;2.0;2.0;;[ 2 71 88];[1 2 2];[False False False];['Kairat Almaty' 'Kaisar Kyzylorda' 'Kairat Almaty'];[ 0 -1  0];[-1  0 -1];['D' 'A' 'D'];['A' 'D' 'A'];0.21;0.0;0.79;0.04;0.0;0.96;;;;;;;
2026-05-06;194094278;UAE Reserve League;UAE;11:05;Full;-0.21795989537925015;1.9;3.5;1.9;3.5;8.0;6.0;;4.0;3.0;7.0;130.0;123.0;;Khor Fakkan U23;;0.0;3.0;3.1;0;3.0;3 - 2;4.0;Al Ittihad Kalba U23;;0.0;2.0;1.85;1;2.0;+0.5;8 - 6;4-3;3.5;1.5;66 - 57;37 - 26;26.0;37.0;;;5.0;4.0;1.0;0.0;;;;;;;;72.0;58.0;57.0;66.0;;;7.0;9.0;2.0;3.0;;[13 54 66 81 98];[1 2 2 2 2];[False False False False  True];"['Al Ittihad Kalba U23' 'Al Ittihad Kalba U23' 'Khor Fakkan U23'
 'Khor Fakkan U23' 'Khor Fakkan U23']";[ 0 -1 -2 -1  0];[-1 -2 -1  0  1];['D' 'A' 'A' 'A' 'D'];['A' 'A' 'A' 'D' 'H'];0.31;0.0;0.69;0.29;0.0;0.71;;;;;;;Youth
2026-05-06;194053587;UAE Pro League;UAE;11:05;Full;-0.06993006993006995;1.8;2.5, 3.0;2.0;2.5, 3.0;3.0;3.0;;2.0;1.0;3.0;157.0;79.0;100.0;Al Wahda Abu Dhabi;;0.0;2.0;2.6;1;2.0;2 - 3;3.6;Al Wasl SC;;0.0;2.0;2.2;1;3.0;+0.25;3 - 3;2-1;2.75;1.25;42 - 37;19 - 18;18.0;19.0;49.0;51.0;5.0;3.0;1.0;1.0;;;;;;;;70.0;87.0;37.0;42.0;48.0;52.0;7.0;9.0;4.0;3.0;;[ 5 35 55 67 98];[1 1 2 2 2];[False False False False  True];"['Al Wasl SC' 'Al Wahda Abu Dhabi' 'Al Wasl SC' 'Al Wahda Abu Dhabi'
 'Al Wasl SC']";[ 0 -1  0 -1  0];[-1  0 -1  0 -1];['D' 'A' 'D' 'A' 'D'];['A' 'D' 'A' 'D' 'A'];0.57;0.0;0.43;0.33;0.0;0.67;;;;;;;
2026-05-06;194053594;UAE Reserve League;UAE;11:05;Full;0.30115830115830117;2.025;3.0;1.775;3.0;1.0;3.0;;0.0;2.0;2.0;134.0;90.0;100.0;Al Dhafra SCC U23;;0.0;1.0;1.75;0;0.0;0 - 2;3.75;Baniyas SC U23;;0.0;2.0;3.7;0;2.0;-0.5;1 - 3;0-2;3.0;1.25;29 - 61;11 - 34;34.0;11.0;67.0;33.0;1.0;0.0;1.0;0.0;;;;;;;;84.0;50.0;61.0;29.0;67.0;33.0;4.0;0.0;4.0;1.0;;[48 65];[2 2];[False False];['Baniyas SC U23' 'Baniyas SC U23'];[ 0 -1];[-1 -2];['D' 'A'];['A' 'A'];0.53;0.0;0.47;1.0;0.0;0.0;;;;;;;Youth
2026-05-06;194053598;UAE Reserve League;UAE;11:05;Full;0.2425234340127957;1.925;3.0, 3.5;1.875;3.0, 3.5;1.0;3.0;;1.0;1.0;2.0;192.0;112.0;100.0;Al Jazira SC U23;;1.0;2.0;1.833;3;5.0;5 - 2;3.8;Ajman SCC U23;;0.0;4.0;3.3;0;2.0;-0.5;1 - 3;1-1;3.25;1.25;50 - 62;27 - 23;23.0;27.0;54.0;46.0;2.0;2.0;1.0;6.0;;;;;;;;105.0;87.0;62.0;50.0;55.0;45.0;6.0;2.0;4.0;11.0;;[ 3 21 48 56 61 66 84];[1 1 1 2 2 2 2];[False False  True False False False False];"['Al Jazira SC U23' 'Al Jazira SC U23' 'Al Jazira SC U23'
 'Al Jazira SC U23' 'Ajman SCC U23' 'Al Jazira SC U23' 'Ajman SCC U23']";[0 1 2 3 4 3 4];[1 2 3 4 3 4 3];['D' 'H' 'H' 'H' 'H' 'H' 'H'];['H' 'H' 'H' 'H' 'H' 'H' 'H'];0.03;0.97;0.0;0.06;0.94;0.0;;;;;;;Youth
2026-05-06;194053607;UAE Reserve League;UAE;11:05;Full;-0.10147991543340379;1.85;3.5;1.95;3.5;4.0;1.0;;1.0;0.0;1.0;172.0;125.0;100.0;Al Bataeh U23;;0.0;2.0;2.75;0;2.0;2 - 3;3.6;Dibba Al Fujairah U23;;0.0;2.0;2.15;1;3.0;+0.25;4 - 1;1-0;3.5;1.5;85 - 40;33 - 24;24.0;33.0;46.0;54.0;2.0;4.0;1.0;1.0;;;;;;;;70.0;102.0;40.0;85.0;43.0;57.0;3.0;10.0;3.0;4.0;;[31 55 69 85 94];[1 2 2 2 2];[False False False False  True];"['Dibba Al Fujairah U23' 'Dibba Al Fujairah U23' 'Al Bataeh U23'
 'Dibba Al Fujairah U23' 'Al Bataeh U23']";[ 0 -1 -2 -1 -2];[-1 -2 -1 -2 -1];['D' 'A' 'A' 'A' 'A'];['A' 'A' 'A' 'A' 'A'];0.33;0.0;0.67;0.69;0.0;0.31;;;;;;;Youth
2026-05-06;194150272;Uzbekistan 1st Division;Uzbekistan;11:30;Full;0.5324675324675325;1.8;3.0;2.0;3.0;4.0;5.0;;2.0;2.0;4.0;162.0;94.0;100.0;Gazalkent;;0.0;2.0;1.4;0;1.0;1 - 2;4.5;PFC Terdu;;0.0;2.0;5.5;1;2.0;-1.25;4 - 5;2-2;3.0;1.25;57 - 37;36 - 15;15.0;36.0;36.0;64.0;1.0;4.0;1.0;3.0;;;;;;;;69.0;93.0;37.0;57.0;41.0;59.0;4.0;5.0;3.0;7.0;;[ 4 52 87];[1 2 2];[False False False];['PFC Terdu' 'Gazalkent' 'PFC Terdu'];[ 0 -1  0];[-1  0 -1];['D' 'A' 'D'];['A' 'D' 'A'];0.43;0.0;0.57;0.09;0.0;0.91;;;;;;;
2026-05-06;194094403;Montenegro Cup;Montenegro;11:30;Full;-0.24605669053023682;2.0;2.0, 2.5;1.8;2.0, 2.5;5.0;4.0;;2.0;3.0;5.0;138.0;101.0;100.0;FK Jezero;;0.0;1.0;3.6;0;1.0;1 - 2;3.2;FK Mornar Bar;;0.0;1.0;1.909;2;2.0;+0.5;5 - 4;2-3;2.25;0.75;44 - 57;21 - 23;23.0;21.0;50.0;50.0;0.0;1.0;3.0;0.0;;;;;;;;73.0;65.0;57.0;44.0;51.0;49.0;3.0;4.0;3.0;1.0;;[32 43 63];[1 1 2];[False False False];['FK Mornar Bar' 'FK Mornar Bar' 'FK Jezero'];[ 0 -1 -2];[-1 -2 -1];['D' 'A' 'A'];['A' 'A' 'A'];0.36;0.0;0.64;0.71;0.0;0.29;;;;;;;
2026-05-06;194159053;Angola Girabola;Angola;11:30;Full;0.35681657337708295;1.8;2.0;2.0;2.0;1.0;4.0;;1.0;3.0;4.0;142.0;124.0;;EC Primeiro de Maio;13.0;0.0;1.0;1.727;3;4.0;4 - 1;3.25;RSD Guelson FC;16.0;0.0;3.0;4.5;1;1.0;-0.5;1 - 4;1-3;2.0;0.75;60 - 64;32 - 31;31.0;32.0;;;1.0;0.0;2.0;4.0;;;;;;;;65.0;77.0;64.0;60.0;;;2.0;4.0;4.0;6.0;;[15 32 42 50 82];[1 1 1 1 2];[False False False  True False];"['RSD Guelson FC' 'EC Primeiro de Maio' 'EC Primeiro de Maio'
 'EC Primeiro de Maio' 'EC Primeiro de Maio']";[ 0 -1  0  1  2];[-1  0  1  2  3];['D' 'A' 'D' 'H' 'H'];['A' 'D' 'H' 'H' 'H'];0.28;0.53;0.19;0.5;0.16;0.34;;;;;;;
2026-05-06;194150694;Angola Girabola;Angola;11:30;Full;0.6449243889919849;1.975;2.0, 2.5;1.825;2.0, 2.5;3.0;1.0;;3.0;0.0;3.0;176.0;175.0;;Primeiro de Agosto;3.0;0.0;3.0;1.333;0;2.0;2 - 0;4.0;Recreativo do Libolo;12.0;0.0;1.0;9.5;0;0.0;-1.25;3 - 1;3-0;2.25;0.75;100 - 75;47 - 43;43.0;47.0;;;3.0;3.0;0.0;0.0;;;;;;;;79.0;97.0;75.0;100.0;;;8.0;6.0;0.0;4.0;;[50 52];[2 2];[False False];['Primeiro de Agosto' 'Primeiro de Agosto'];[0 1];[1 2];['D' 'H'];['H' 'H'];0.56;0.44;0.0;1.0;0.0;0.0;;;;;;;
2026-05-06;193327109;Bulgaria First League;Bulgaria;11:30;Full;-0.17316017316017313;1.95;2.5, 3.0;1.85;2.5, 3.0;2.0;5.0;;1.0;1.0;2.0;213.0;113.0;100.0;Slavia Sofia;;0.0;7.0;3.3;1;2.0;2 - 1;3.5;Septemvri Sofia;;1.0;1.0;2.1;0;1.0;+0.5;2 - 5;1-1;2.75;1.0;41 - 72;20 - 34;34.0;20.0;54.0;46.0;2.0;1.0;0.0;1.0;;;;;;;;113.0;100.0;72.0;41.0;56.0;44.0;6.0;2.0;3.0;2.0;;[ 8 50 87];[1 2 2];[False False False];['Slavia Sofia' 'Slavia Sofia' 'Septemvri Sofia'];[0 1 2];[1 2 1];['D' 'H' 'H'];['H' 'H' 'H'];0.09;0.91;0.0;0.18;0.82;0.0;;;;;;;
2026-05-06;194102744;Iraq Stars League;Iraq;11:30;Full;0.13196480938416422;1.875;2.0;1.925;2.0;5.0;0.0;;2.0;0.0;2.0;195.0;64.0;;Al Gharraf;;0.0;3.0;2.2;0;0.0;0 - 0;3.0;Diyala FC;;0.0;6.0;3.1;0;0.0;-0.25;5 - 0;2-0;2.0;0.75;49 - 15;19 - 7;7.0;19.0;;;2.0;2.0;2.0;1.0;;;;;;;;69.0;126.0;15.0;49.0;;;2.0;7.0;4.0;1.0;;[];[];[];[];[];[];[];[];1.0;0.0;0.0;1.0;0.0;0.0;;;;;;;
2026-05-06;194102759;Iraq Stars League;Iraq;11:30;Full;0.40866873065015485;1.975;2.5;1.825;2.5;4.0;5.0;;2.0;2.0;4.0;348.0;211.0;;Erbil SC;;0.0;4.0;1.615;0;2.0;2 - 2;3.5;Al Kahrabaa;;0.0;3.0;4.75;1;2.0;-0.75;4 - 5;2-2;2.5;1.0;127 - 84;60 - 34;34.0;60.0;;;2.0;2.0;2.0;1.0;;;;;;;;142.0;206.0;84.0;127.0;;;4.0;8.0;6.0;6.0;;[ 53  66  72 100];[1 2 2 2];[ True False False  True];['Al Kahrabaa' 'Al Kahrabaa' 'Erbil SC' 'Erbil SC'];[ 0 -1 -2 -1];[-1 -2 -1  0];['D' 'A' 'A' 'A'];['A' 'A' 'A' 'D'];0.53;0.0;0.47;1.0;0.0;0.0;;;;;;;
2026-05-06;194093472;India League Women;India;11:30;Full;0.8300653594771241;1.95;3.0, 3.5;1.85;3.0, 3.5;9.0;2.0;;3.0;1.0;4.0;263.0;162.0;;East Bengal Club (W);;0.0;1.0;1.125;1;1.0;1 - 2;8.0;Kickstart Karnataka FC (W);;0.0;1.0;17.0;1;2.0;-2.25;9 - 2;3-1;3.25;1.25;118 - 44;49 - 22;22.0;49.0;;;1.0;2.0;1.0;2.0;;;;;;;;105.0;158.0;44.0;118.0;;;1.0;7.0;3.0;4.0;;[ 7 17 58];[1 1 2];[False False False];"['East Bengal Club (W)' 'Kickstart Karnataka FC (W)'
 'Kickstart Karnataka FC (W)']";[0 1 0];[ 1  0 -1];['D' 'H' 'D'];['H' 'D' 'A'];0.53;0.11;0.36;0.78;0.22;0.0;;;;;;;Women
2026-05-06;194044652;France Division 1 Women;France;12:00;Full;0.731898029134533;1.95;4.0, 4.5;1.85;4.0, 4.5;6.0;3.0;;3.0;0.0;3.0;146.0;74.0;100.0;OL Lyonnes (W);;0.0;0.0;1.167;2;3.0;3 - 1;8.0;Montpellier (W);;0.0;3.0;8.0;0;1.0;-2.25;6 - 3;3-0;4.25;1.75;38 - 36;24 - 15;15.0;24.0;32.0;68.0;2.0;3.0;1.0;4.0;;;;;;;;68.0;78.0;36.0;38.0;36.0;64.0;7.0;6.0;4.0;8.0;;[ 9 13 75 92];[1 1 2 2];[False False False  True];['OL Lyonnes (W)' 'OL Lyonnes (W)' 'Montpellier (W)' 'OL Lyonnes (W)'];[0 1 2 1];[1 2 1 2];['D' 'H' 'H' 'H'];['H' 'H' 'H' 'H'];0.1;0.9;0.0;0.2;0.8;0.0;;;;;;;Women
2026-05-06;194048558;Ethiopia Premier League;Ethiopia;12:00;Full;-0.14066496163682868;1.8;1.5, 2.0;2.0;1.5, 2.0;1.0;4.0;;0.0;2.0;2.0;244.0;193.0;100.0;Welwalo Adigrat;13.0;0.0;4.0;3.4;1;1.0;1 - 2;2.75;Negelle Arsi;3.0;0.0;3.0;2.3;1;2.0;+0.25;1 - 4;0-2;1.75;0.75;94 - 99;39 - 50;50.0;39.0;56.0;44.0;3.0;2.0;1.0;1.0;;;;;;;;117.0;127.0;99.0;94.0;51.0;49.0;6.0;9.0;2.0;1.0;;[39 49 56];[1 1 2];[False  True False];['Welwalo Adigrat' 'Negelle Arsi' 'Negelle Arsi'];[0 1 0];[ 1  0 -1];['D' 'H' 'D'];['H' 'D' 'A'];0.51;0.11;0.38;0.8;0.2;0.0;;;;;;;
2026-05-06;194094496;Armenia Premier League;Armenia;12:00;Full;0.1923076923076923;1.85;2.0, 2.5;1.95;2.0, 2.5;6.0;6.0;;2.0;4.0;6.0;131.0;66.0;100.0;Ararat Armenia;14.0;0.0;0.0;2.0;1;1.0;1 - 0;3.25;Pyunik Yerevan;7.0;0.0;1.0;3.25;0;0.0;-0.5;6 - 6;2-4;2.25;1.0;28 - 38;9 - 20;20.0;9.0;50.0;50.0;6.0;4.0;1.0;1.0;;;;;;;;75.0;56.0;38.0;28.0;50.0;50.0;9.0;7.0;1.0;1.0;;[10];[1];[False];['Ararat Armenia'];[0];[1];['D'];['H'];0.11;0.89;0.0;0.22;0.78;0.0;;;;;;;
2026-05-06;194187852;Ghana Premier League;Ghana;12:00;Schedule;0.478494623655914;1.825;2.0;1.975;2.0;0.0;0.0;;0.0;0.0;0.0;0.0;0.0;;Heart of Lions;11.0;0.0;0.0;1.55;0;0.0;0 - 0;2.25;Nations FC;13.0;0.0;0.0;6.0;0;0.0;-0.75;0 - 0;0-0;2.0;0.75;-;nan;;;;;;;;;;;;;;;;0.0;0.0;0.0;0.0;;;0.0;0.0;0.0;0.0;;[];[];[];[];[];[];[];[];1.0;0.0;0.0;1.0;0.0;0.0;;;;;;;
2026-05-06;194045648;Latvia Virsliga;Latvia;12:00;Full;0.08080808080808077;2.025;2.5;1.775;2.5;6.0;4.0;;3.0;2.0;5.0;147.0;107.0;100.0;FS Jelgava;;0.0;3.0;2.25;0;1.0;1 - 0;3.3;SK Super Nova;;0.0;1.0;2.75;0;0.0;-0.25;6 - 4;3-2;2.5;1.0;63 - 44;32 - 16;16.0;32.0;40.0;60.0;1.0;2.0;0.0;2.0;;;;;;;;67.0;80.0;44.0;63.0;41.0;59.0;5.0;6.0;2.0;3.0;;[82];[2];[False];['FS Jelgava'];[0];[1];['D'];['H'];0.91;0.09;0.0;1.0;0.0;0.0;;;;;;;
2026-05-06;194045067;Ghana Premier League;Ghana;12:00;Schedule;0.5328185328185329;2.0;2.0, 2.5;1.8;2.0, 2.5;0.0;0.0;;0.0;0.0;0.0;0.0;0.0;;Bibiani Gold Stars;;0.0;0.0;1.48;0;0.0;0 - 0;3.5;Samartex;;0.0;0.0;7.0;0;0.0;-1.0;0 - 0;0-0;2.25;0.75;-;nan;;;;;;;;;;;;;;;;0.0;0.0;0.0;0.0;;;0.0;0.0;0.0;0.0;;[];[];[];[];[];[];[];[];1.0;0.0;0.0;1.0;0.0;0.0;;;;;;;
2026-05-06;194044879;Czechia 3. Liga;Czech Republic;12:00;Full;0.43009349858664936;1.875;3.0;1.925;3.0;4.0;3.0;;3.0;1.0;4.0;157.0;72.0;100.0;Varnsdorf;;0.0;5.0;1.533;3;4.0;4 - 3;4.2;Slovan Velvary;;0.0;5.0;4.5;2;3.0;-0.75;4 - 3;3-1;3.0;1.25;43 - 29;25 - 9;9.0;25.0;39.0;61.0;3.0;3.0;2.0;7.0;;;;;;;;77.0;80.0;29.0;43.0;48.0;52.0;8.0;8.0;6.0;9.0;;[ 5 16 35 42 47 68 80];[1 1 1 1 1 2 2];[False False False False  True False False];"['Slovan Velvary' 'Varnsdorf' 'Varnsdorf' 'Slovan Velvary' 'Varnsdorf'
 'Varnsdorf' 'Slovan Velvary']";[ 0 -1  0  1  0  1  2];[-1  0  1  0  1  2  1];['D' 'A' 'D' 'H' 'D' 'H' 'H'];['A' 'D' 'H' 'D' 'H' 'H' 'H'];0.32;0.56;0.12;0.62;0.15;0.23;;;;;;;
2026-05-06;194150697;Angola Girabola;Angola;12:00;Full;0.3776578017729787;2.025;2.0, 2.5;1.775;2.0, 2.5;4.0;5.0;;2.0;3.0;5.0;137.0;82.0;;Wiliete SC;2.0;0.0;3.0;1.667;1;2.0;2 - 1;3.4;GD Interclube;5.0;0.0;2.0;4.5;0;1.0;-0.75;4 - 5;2-3;2.25;0.75;42 - 40;19 - 18;18.0;19.0;;;4.0;2.0;2.0;4.0;;;;;;;;66.0;71.0;40.0;42.0;;;6.0;5.0;4.0;6.0;;[47 49 73];[1 2 2];[ True False False];['Wiliete SC' 'Wiliete SC' 'GD Interclube'];[0 1 2];[1 2 1];['D' 'H' 'H'];['H' 'H' 'H'];0.52;0.48;0.0;1.0;0.0;0.0;;;;;;;
2026-05-06;194149148;Mexico U21 League;Mexico;12:00;Full;0.08080808080808077;1.9;2.5, 3.0;1.9;2.5, 3.0;4.0;3.0;;1.0;2.0;3.0;185.0;124.0;;Pachuca U21;;0.0;2.0;2.25;1;2.0;2 - 2;3.25;Club America U21;;0.0;4.0;2.75;1;2.0;-0.25;4 - 3;1-2;2.75;1.25;82 - 42;43 - 17;17.0;43.0;;;4.0;2.0;2.0;2.0;;;;;;;;78.0;107.0;42.0;82.0;;;4.0;3.0;4.0;3.0;;[39 45 63 72];[1 1 2 2];[False False False False];['Club America U21' 'Pachuca U21' 'Pachuca U21' 'Club America U21'];[ 0 -1  0  1];[-1  0  1  0];['D' 'A' 'D' 'H'];['A' 'D' 'H' 'D'];0.83;0.1;0.07;0.87;0.0;0.13;;;;;;;Youth
2026-05-06;194093449;Ghana Premier League;Ghana;12:00;Schedule;0.5128205128205128;1.825;2.0;1.975;2.0;0.0;0.0;;0.0;0.0;0.0;0.0;0.0;;Young Apostles;16.0;0.0;0.0;1.5;0;0.0;0 - 0;3.5;Vision FC;15.0;0.0;0.0;6.5;0;0.0;-1.0;0 - 0;0-0;2.0;0.75;-;nan;;;;;;;;;;;;;;;;0.0;0.0;0.0;0.0;;;0.0;0.0;0.0;0.0;;[];[];[];[];[];[];[];[];1.0;0.0;0.0;1.0;0.0;0.0;;;;;;;
2026-05-06;194093453;Ghana Premier League;Ghana;12:00;Schedule;0.4851612903225806;2.025;2.0;1.775;2.0;6.0;4.0;;1.0;2.0;3.0;254.0;183.0;;Hearts of Oak;3.0;0.0;1.0;1.55;0;0.0;0 - 0;3.2;Karela United FC;6.0;0.0;1.0;6.25;0;0.0;-0.75 ( 0.0);6 - 4;1-2;2.0 ( 0.5);0.75;124 - 59;55 - 33;33.0;55.0;;;0.0;2.0;0.0;1.0;;;;;;;;114.0;140.0;59.0;124.0;;;2.0;6.0;0.0;2.0;;[];[];[];[];[];[];[];[];1.0;0.0;0.0;1.0;0.0;0.0;;;;;;;
2026-05-06;194093456;Ghana Premier League;Ghana;12:00;Full;0.5;2.0;2.0, 2.5;1.8;2.0, 2.5;6.0;5.0;;3.0;5.0;8.0;124.0;113.0;;Bechem FC;8.0;0.0;1.0;1.5;1;1.0;1 - 2;3.4;Dreams FC;7.0;0.0;3.0;6.0;1;2.0;-0.75;6 - 5;3-5;2.25;0.75;71 - 42;36 - 24;24.0;36.0;;;3.0;1.0;1.0;1.0;;;;;;;;57.0;67.0;42.0;71.0;;;5.0;2.0;2.0;1.0;;[14 39 57];[1 1 2];[False False False];['Dreams FC' 'Bechem FC' 'Dreams FC'];[ 0 -1  0];[-1  0 -1];['D' 'A' 'D'];['A' 'D' 'A'];0.36;0.0;0.64;0.44;0.0;0.56;;;;;;;
2026-05-06;194044312;Argentina Reserve League;Argentina;12:00;Full;-0.4365372374283896;1.925;2.0;1.875;2.0;1.0;4.0;;0.0;2.0;2.0;321.0;182.0;100.0;Villa Dalmine Reserves;;0.0;3.0;5.0;0;1.0;1 - 1;3.6;Club Comunicaciones Reserves;;0.0;2.0;1.571;0;1.0;+0.75;1 - 4;0-2;2.0;0.75;90 - 92;42 - 38;38.0;42.0;51.0;49.0;1.0;3.0;1.0;1.0;;;;;;;;157.0;164.0;92.0;90.0;50.0;50.0;4.0;7.0;5.0;3.0;;[49 87];[2 2];[False False];['Club Comunicaciones Reserves' 'Villa Dalmine Reserves'];[ 0 -1];[-1  0];['D' 'A'];['A' 'D'];0.58;0.0;0.42;1.0;0.0;0.0;;;;;;;Youth
2026-05-06;194044644;France Division 1 Women;France;12:00;Full;0.8082239720034996;1.875;3.5;1.925;3.5;7.0;0.0;;5.0;0.0;5.0;174.0;121.0;100.0;PSG (W);;0.0;1.0;1.143;0;2.0;2 - 0;7.0;Strasbourg (W);;0.0;0.0;15.0;0;0.0;-2.25;7 - 0;5-0;3.5;1.5;90 - 31;45 - 14;14.0;45.0;40.0;60.0;1.0;3.0;0.0;3.0;;;;;;;;52.0;122.0;31.0;90.0;38.0;62.0;4.0;8.0;0.0;7.0;;[53 94];[2 2];[False  True];['PSG (W)' 'PSG (W)'];[0 1];[1 2];['D' 'H'];['H' 'H'];0.56;0.44;0.0;1.0;0.0;0.0;;;;;;;Women
2026-05-06;194044647;France Division 1 Women;France;12:00;Full;0.053830227743271286;1.9;2.5, 3.0;1.9;2.5, 3.0;0.0;6.0;;0.0;2.0;2.0;192.0;77.0;100.0;Marseille (W);;1.0;2.0;2.3;0;0.0;0 - 1;3.3;Dijon (W);;0.0;2.0;2.625;1;1.0;0.0;0 - 6;0-2;2.75;1.25;23 - 54;12 - 24;24.0;12.0;57.0;43.0;7.0;4.0;2.0;1.0;;;;;;;;113.0;79.0;54.0;23.0;59.0;41.0;13.0;6.0;5.0;1.0;;[47];[1];[ True];['Dijon (W)'];[0];[-1];['D'];['A'];0.52;0.0;0.48;1.0;0.0;0.0;;;;;;;Women
2026-05-06;194044650;France Division 1 Women;France;12:00;Full;0.6442716433385174;1.85;2.5, 3.0;1.95;2.5, 3.0;9.0;4.0;;2.0;1.0;3.0;180.0;54.0;100.0;Paris FC (W);;0.0;1.0;1.286;2;6.0;6 - 2;5.25;Lens (W);;0.0;3.0;7.5;2;2.0;-1.5;9 - 4;2-1;2.75;1.25;35 - 19;11 - 9;9.0;11.0;34.0;66.0;1.0;3.0;3.0;5.0;;;;;;;;76.0;104.0;19.0;35.0;34.0;66.0;6.0;4.0;3.0;10.0;;[15 21 29 47 70 76 85 94];[1 1 1 1 2 2 2 2];[False False False  True False False False  True];"['Paris FC (W)' 'Lens (W)' 'Lens (W)' 'Paris FC (W)' 'Paris FC (W)'
 'Paris FC (W)' 'Paris FC (W)' 'Paris FC (W)']";[ 0  1  0 -1  0  1  2  3];[ 1  0 -1  0  1  2  3  4];['D' 'H' 'D' 'A' 'D' 'H' 'H' 'H'];['H' 'D' 'A' 'D' 'H' 'H' 'H' 'H'];0.49;0.32;0.19;0.49;0.13;0.38;;;;;;;Women
2026-05-06;194044654;France Division 1 Women;France;12:00;Full;-0.284130284130284;1.85;2.0, 2.5;1.95;2.0, 2.5;2.0;3.0;;1.0;1.0;2.0;179.0;70.0;100.0;Le Havre (W);;0.0;0.0;3.9;1;3.0;3 - 3;3.2;Nantes (W);;0.0;0.0;1.85;2;3.0;+0.5;2 - 3;1-1;2.25;1.0;35 - 35;10 - 18;18.0;10.0;62.0;38.0;2.0;4.0;5.0;2.0;;;;;;;;97.0;82.0;35.0;35.0;60.0;40.0;5.0;11.0;9.0;5.0;;[14 43 44 52 69 77];[1 1 1 2 2 2];[False False False False False False];"['Nantes (W)' 'Nantes (W)' 'Le Havre (W)' 'Le Havre (W)' 'Nantes (W)'
 'Le Havre (W)']";[ 0 -1 -2 -1  0 -1];[-1 -2 -1  0 -1  0];['D' 'A' 'A' 'A' 'D' 'A'];['A' 'A' 'A' 'D' 'A' 'D'];0.49;0.0;0.51;0.31;0.0;0.69;;;;;;;Women
2026-05-06;194045061;Ghana Premier League;Ghana;12:00;Half;0.3492063492063492;1.8;2.0;2.0;2.0;4.0;0.0;;4.0;0.0;4.0;0.0;0.0;100.0;Basake Holy Stars FC;;0.0;0.0;1.75;0;0.0;0 - 0;3.1;Aduana Stars;;0.0;0.0;4.5;0;0.0;-0.5 (-0.75);4 - 0;4-0;2.0 ( 2);0.75;-;-;0.0;0.0;17.0;83.0;0.0;0.0;0.0;0.0;;;;;;;;0.0;0.0;0.0;0.0;17.0;83.0;0.0;0.0;0.0;0.0;;[];[];[];[];[];[];[];[];1.0;0.0;0.0;1.0;0.0;0.0;;;;;;;
2026-05-06;194044656;France Division 1 Women;France;12:00;Full;-0.016006402561024313;1.975;2.5;1.825;2.5;10.0;3.0;;5.0;1.0;6.0;142.0;92.0;100.0;St Etienne (W);;0.0;4.0;2.55;1;1.0;1 - 1;3.2;FC Fleury 91 (W);;1.0;1.0;2.45;0;1.0;0.0;10 - 3;5-1;2.5;1.0;45 - 47;22 - 21;21.0;22.0;49.0;51.0;5.0;1.0;2.0;8.0;;;;;;;;73.0;69.0;47.0;45.0;49.0;51.0;7.0;5.0;4.0;11.0;;[46 94];[1 2];[ True  True];['St Etienne (W)' 'FC Fleury 91 (W)'];[0 1];[1 0];['D' 'H'];['H' 'D'];0.49;0.51;0.0;1.0;0.0;0.0;;;;;;;Women
2026-05-06;194044754;Georgia Erovnuli Liga;Georgia;12:00;Full;0.3777089783281734;1.975;2.5;1.825;2.5;7.0;3.0;;5.0;1.0;6.0;191.0;122.0;100.0;Samgurali;7.0;0.0;1.0;1.7;0;3.0;3 - 1;3.2;Meshakhte Tkibuli;9.0;0.0;2.0;4.75;0;1.0;-0.75;7 - 3;5-1;2.5;1.0;74 - 48;43 - 17;17.0;43.0;41.0;59.0;0.0;3.0;0.0;1.0;;;;;;;;97.0;94.0;48.0;74.0;46.0;54.0;4.0;3.0;1.0;6.0;;[55 77 79 91];[2 2 2 2];[False False False  True];['Samgurali' 'Samgurali' 'Meshakhte Tkibuli' 'Samgurali'];[0 1 2 1];[1 2 1 2];['D' 'H' 'H' 'H'];['H' 'H' 'H' 'H'];0.6;0.4;0.0;1.0;0.0;0.0;;;;;;;
2026-05-06;194044796;Czechia 2. Liga;Czech Republic;12:00;Full;0.050167224080267636;1.85;2.5;1.95;2.5;5.0;5.0;;3.0;4.0;7.0;195.0;110.0;100.0;Ceske Budejovice;;0.0;2.0;2.3;1;3.0;3 - 1;3.3;Vysocina Jihlava;;0.0;2.0;2.6;0;1.0;0.0;5 - 5;3-4;2.5;1.0;49 - 61;19 - 28;28.0;19.0;49.0;51.0;5.0;2.0;0.0;2.0;;;;;;;;103.0;92.0;61.0;49.0;52.0;48.0;9.0;6.0;2.0;7.0;;[34 57 60 76];[1 2 2 2];[False False False False];"['Ceske Budejovice' 'Vysocina Jihlava' 'Ceske Budejovice'
 'Ceske Budejovice']";[0 1 0 1];[1 0 1 2];['D' 'H' 'D' 'H'];['H' 'D' 'H' 'H'];0.41;0.59;0.0;0.76;0.24;0.0;;;;;;;
2026-05-06;194044806;Czechia 2. Liga;Czech Republic;12:00;Full;0.12028869286287086;1.875;2.5, 3.0;1.925;2.5, 3.0;2.0;3.0;;2.0;1.0;3.0;168.0;93.0;100.0;Hanacka Slavia Kromeriz;;0.0;2.0;2.15;2;5.0;5 - 0;3.25;Slavia Prague B;;0.0;2.0;2.9;0;0.0;-0.25;2 - 3;2-1;2.75;1.25;46 - 47;19 - 25;25.0;19.0;60.0;40.0;1.0;3.0;2.0;3.0;;;;;;;;93.0;75.0;47.0;46.0;58.0;42.0;2.0;5.0;3.0;6.0;;[12 16 52 69 86];[1 1 2 2 2];[False False False False False];"['Hanacka Slavia Kromeriz' 'Hanacka Slavia Kromeriz'
 'Hanacka Slavia Kromeriz' 'Hanacka Slavia Kromeriz'
 'Hanacka Slavia Kromeriz']";[0 1 2 3 4];[1 2 3 4 5];['D' 'H' 'H' 'H' 'H'];['H' 'H' 'H' 'H' 'H'];0.13;0.87;0.0;0.27;0.73;0.0;;;;;;;Youth
2026-05-06;194044813;Czechia 2. Liga;Czech Republic;12:00;Full;-0.20512820512820518;1.95;2.5;1.85;2.5;4.0;8.0;;1.0;4.0;5.0;148.0;90.0;100.0;Banik Ostrava B;;0.0;2.0;3.25;0;1.0;1 - 1;3.3;FC Brno;;0.0;2.0;1.95;1;1.0;+0.5;4 - 8;1-4;2.5;1.0;36 - 54;18 - 26;26.0;18.0;49.0;51.0;3.0;0.0;2.0;0.0;;;;;;;;77.0;71.0;54.0;36.0;52.0;48.0;5.0;2.0;2.0;1.0;;[35 93];[1 2];[False  True];['FC Brno' 'Banik Ostrava B'];[ 0 -1];[-1  0];['D' 'A'];['A' 'D'];0.38;0.0;0.62;0.78;0.0;0.22;;;;;;;Youth
2026-05-06;194044815;Czechia 2. Liga;Czech Republic;12:00;Full;0.14297729184188396;1.825;2.5, 3.0;1.975;2.5, 3.0;4.0;10.0;;4.0;2.0;6.0;143.0;100.0;100.0;Sparta Prague B;;0.0;1.0;2.05;3;5.0;5 - 1;3.5;SK Prostejov;;0.0;2.0;2.9;1;1.0;-0.25;4 - 10;4-2;2.75;1.25;43 - 57;30 - 20;20.0;30.0;38.0;62.0;1.0;0.0;1.0;4.0;;;;;;;;73.0;70.0;57.0;43.0;48.0;52.0;1.0;1.0;1.0;6.0;;[22 41 44 45 65 81];[1 1 1 1 2 2];[False False False False False False];"['Sparta Prague B' 'Sparta Prague B' 'Sparta Prague B' 'SK Prostejov'
 'Sparta Prague B' 'Sparta Prague B']";[0 1 2 3 2 3];[1 2 3 2 3 4];['D' 'H' 'H' 'H' 'H' 'H'];['H' 'H' 'H' 'H' 'H' 'H'];0.24;0.76;0.0;0.49;0.51;0.0;;;;;;;Youth
2026-05-06;194156458;Nigeria League Women;Nigeria;12:00;Full;0.22971682124919107;1.825;2.0;1.975;2.0;2.0;2.0;;2.0;2.0;4.0;198.0;123.0;;Abia Angels FC (W);;0.0;0.0;1.909;0;0.0;0 - 1;3.4;Ahudiyannem Queens (W);;0.0;1.0;3.4;0;1.0;-0.5;2 - 2;2-2;2.0;0.75;28 - 95;19 - 51;51.0;19.0;;;4.0;0.0;5.0;1.0;;;;;;;;121.0;77.0;95.0;28.0;;;11.0;0.0;9.0;1.0;;[54];[2];[False];['Ahudiyannem Queens (W)'];[0];[-1];['D'];['A'];0.6;0.0;0.4;1.0;0.0;0.0;;;;;;;Women
2026-05-06;194044865;Czechia 3. Liga;Czech Republic;12:00;Full;0.27731092436974786;1.95;3.0;1.85;3.0;17.0;3.0;;9.0;1.0;10.0;144.0;56.0;100.0;Benatky Nad Jizerou;;0.0;1.0;1.75;4;4.0;4 - 0;3.8;SK Sparta Kolin;;0.0;2.0;3.4;0;0.0;-0.75;17 - 3;9-1;3.0;1.25;43 - 13;19 - 9;9.0;19.0;31.0;69.0;3.0;8.0;2.0;7.0;;;;;;;;52.0;92.0;13.0;43.0;30.0;70.0;4.0;14.0;2.0;8.0;;[ 3  6 22 45];[1 1 1 1];[False False False False];"['Benatky Nad Jizerou' 'Benatky Nad Jizerou' 'Benatky Nad Jizerou'
 'Benatky Nad Jizerou']";[0 1 2 3];[1 2 3 4];['D' 'H' 'H' 'H'];['H' 'H' 'H' 'H'];0.03;0.97;0.0;0.07;0.93;0.0;;;;;;;
2026-05-06;194044869;Czechia 3. Liga;Czech Republic;12:00;Full;0.4057502538142655;1.825;2.5, 3.0;1.975;2.5, 3.0;12.0;2.0;;8.0;1.0;9.0;124.0;60.0;100.0;SK Sokol Zapy;;0.0;0.0;1.571;2;4.0;4 - 0;3.9;Mlada Boleslav II;;0.0;0.0;4.333;0;0.0;-0.75;12 - 2;8-1;2.75;1.25;37 - 23;16 - 9;9.0;16.0;60.0;40.0;0.0;3.0;2.0;5.0;;;;;;;;60.0;64.0;23.0;37.0;52.0;48.0;4.0;9.0;3.0;8.0;;[26 43 62 84];[1 1 2 2];[False False False False];['SK Sokol Zapy' 'SK Sokol Zapy' 'SK Sokol Zapy' 'SK Sokol Zapy'];[0 1 2 3];[1 2 3 4];['D' 'H' 'H' 'H'];['H' 'H' 'H' 'H'];0.29;0.71;0.0;0.58;0.42;0.0;;;;;;;Youth
2026-05-06;194044877;Czechia 3. Liga;Czech Republic;12:00;Full;0.013729977116704872;1.9;3.0, 3.5;1.9;3.0, 3.5;3.0;4.0;;1.0;3.0;4.0;204.0;92.0;100.0;FK Neratovice-Byskovice;;0.0;0.0;2.3;0;2.0;2 - 9;3.8;Slovan Liberec B;;0.0;0.0;2.375;2;9.0;0.0;3 - 4;1-3;3.25;1.25;45 - 47;22 - 26;26.0;22.0;63.0;37.0;5.0;2.0;3.0;1.0;;;;;;;;105.0;99.0;47.0;45.0;60.0;40.0;5.0;4.0;13.0;5.0;;[15 30 49 57 62 64 71 81 84 85 86];[1 1 2 2 2 2 2 2 2 2 2];[False False False False False False False False False False False];"['Slovan Liberec B' 'Slovan Liberec B' 'FK Neratovice-Byskovice'
 'Slovan Liberec B' 'Slovan Liberec B' 'Slovan Liberec B'
 'Slovan Liberec B' 'Slovan Liberec B' 'Slovan Liberec B'
 'FK Neratovice-Byskovice' 'Slovan Liberec B']";[ 0 -1 -2 -1 -2 -3 -4 -5 -6 -7 -6];[-1 -2 -1 -2 -3 -4 -5 -6 -7 -6 -7];['D' 'A' 'A' 'A' 'A' 'A' 'A' 'A' 'A' 'A' 'A'];['A' 'A' 'A' 'A' 'A' 'A' 'A' 'A' 'A' 'A' 'A'];0.17;0.0;0.83;0.33;0.0;0.67;;;;;;;Youth
2026-05-06;194044751;Georgia Erovnuli Liga;Georgia;12:00;Full;0.016006402561024313;1.975;2.0, 2.5;1.825;2.0, 2.5;4.0;4.0;;1.0;2.0;3.0;261.0;143.0;100.0;Dila Gori;;0.0;3.0;2.45;0;0.0;0 - 1;3.1;FC Iberia 1999;;0.0;1.0;2.55;1;1.0;0.0;4 - 4;1-2;2.25;1.0;84 - 59;36 - 32;32.0;36.0;48.0;52.0;1.0;0.0;1.0;3.0;;;;;;;;115.0;146.0;59.0;84.0;46.0;54.0;3.0;4.0;3.0;4.0;;[46];[1];[ True];['FC Iberia 1999'];[0];[-1];['D'];['A'];0.51;0.0;0.49;1.0;0.0;0.0;;;;;;;
2026-05-06;194043429;Argentina Nacional Reserve League;Argentina;12:00;Full;0.31165311653116534;1.775;2.0;2.025;2.0;5.0;5.0;;4.0;0.0;4.0;201.0;130.0;100.0;Nueva Chicago Reserves;;0.0;2.0;1.8;0;2.0;2 - 0;3.25;CA San Telmo Reserves;;0.0;1.0;4.1;0;0.0;-0.5;5 - 5;4-0;2.0;0.75;62 - 68;27 - 35;35.0;27.0;42.0;58.0;2.0;2.0;1.0;0.0;;;;;;;;96.0;105.0;68.0;62.0;42.0;58.0;7.0;3.0;1.0;3.0;;[77 88];[2 2];[False False];['Nueva Chicago Reserves' 'Nueva Chicago Reserves'];[0 1];[1 2];['D' 'H'];['H' 'H'];0.86;0.14;0.0;1.0;0.0;0.0;;;;;;;Youth
2026-05-06;194048484;Tanzania Premier League;Tanzania;12:15;Schedule;0.7090909090909091;1.925;2.5;1.875;2.5;6.0;0.0;;4.0;0.0;4.0;170.0;117.0;100.0;Simba Sports Club;2.0;0.0;1.0;1.25;0;1.0;1 - 0;4.5;JKT Tanzania;4.0;0.0;4.0;11.0;0;0.0;-1.5 (-0.25);6 - 0;4-0;2.5 ( 1.5);1.0;68 - 39;36 - 17;17.0;36.0;43.0;57.0;0.0;2.0;0.0;0.0;;;;;;;;83.0;87.0;44.0;73.0;42.0;58.0;1.0;3.0;0.0;1.0;;[54];[2];[False];['Simba Sports Club'];[0];[1];['D'];['H'];0.6;0.4;0.0;1.0;0.0;0.0;;;;;;;
2026-05-06;194053583;Estonia Cup;Estonia;12:15;Schedule;0.45231572080887156;1.975;3.0;1.825;3.0;10.0;3.0;;5.0;2.0;7.0;213.0;145.0;100.0;Paide Linnameeskond;;0.0;0.0;1.533;1;1.0;1 - 0;3.8;Parnu JK Vaprus;;0.0;1.0;5.0;0;0.0;-1.25 (-0.25);10 - 3;5-2;3.0 ( 1.5);1.25;84 - 48;52 - 16;16.0;52.0;26.0;74.0;3.0;9.0;0.0;7.0;;;;;;;;95.0;118.0;59.0;86.0;42.0;58.0;7.0;14.0;3.0;9.0;;[36 97];[1 2];[False  True];['Paide Linnameeskond' 'Paide Linnameeskond'];[0 1];[1 2];['D' 'H'];['H' 'H'];0.37;0.63;0.0;0.8;0.2;0.0;;;;;;;
2026-05-06;193754980;Lithuania A Lyga;Lithuania;12:30;Schedule;0.06441223832528187;1.8;2.0, 2.5;2.0;2.0, 2.5;5.0;6.0;;2.0;4.0;6.0;76.0;72.0;100.0;Hegelmann Litauen;;0.0;3.0;2.3;2;3.0;3 - 1;3.3;FK Panevezys;;0.0;1.0;2.7;1;1.0;-0.25 ( 0.0);5 - 6;2-4;2.25 (4.75);1.0;36 - 32;13 - 21;21.0;13.0;67.0;33.0;3.0;1.0;2.0;4.0;;;;;;;;46.0;30.0;35.0;37.0;63.0;37.0;3.0;3.0;3.0;6.0;;[ 6  8 31 57];[1 1 1 2];[False False False False];"['Hegelmann Litauen' 'Hegelmann Litauen' 'FK Panevezys'
 'Hegelmann Litauen']";[0 1 2 1];[1 2 1 2];['D' 'H' 'H' 'H'];['H' 'H' 'H' 'H'];0.07;0.93;0.0;0.13;0.87;0.0;;;;;;;
2026-05-06;194044862;Czechia 3. Liga;Czech Republic;12:30;Schedule;0.7979675617470894;1.825;3.5;1.975;3.5;8.0;0.0;;4.0;0.0;4.0;194.0;84.0;100.0;SK Kladno;;0.0;0.0;1.143;1;2.0;2 - 1;9.0;SK Petrin Plzen;;1.0;0.0;13.0;1;1.0;-2.5 (-1.75);8 - 0;4-0;3.5 (4.75);1.5;62 - 13;39 - 7;7.0;39.0;26.0;74.0;1.0;9.0;1.0;3.0;;;;;;;;75.0;119.0;19.0;65.0;28.0;72.0;2.0;12.0;3.0;7.0;;[12 25 52 75];[1 1 2 2];[False False False False];['SK Kladno' 'SK Petrin Plzen' 'SK Kladno' 'SK Kladno'];[0 1 0 1];[1 0 1 2];['D' 'H' 'D' 'H'];['H' 'D' 'H' 'H'];0.43;0.57;0.0;0.71;0.29;0.0;;;;;;;
2026-05-06;194142329;Finland Kolmonen;Finland;12:30;Schedule;0.28054298642533937;1.9;4.0;1.9;4.0;7.0;1.0;;3.0;0.0;3.0;147.0;83.0;100.0;MP II;;0.0;1.0;1.7;0;1.0;1 - 3;4.5;KJP;;0.0;1.0;3.25;2;3.0;-0.75 ( 0.0);7 - 1;3-0;4.0 ( 5);1.75;37 - 36;18 - 22;22.0;18.0;51.0;49.0;5.0;8.0;3.0;1.0;;;;;;;;59.0;88.0;37.0;46.0;49.0;51.0;9.0;13.0;7.0;3.0;;[ 2 31 65 71];[1 1 2 2];[False False False False];['KJP' 'KJP' 'KJP' 'MP II'];[ 0 -1 -2 -3];[-1 -2 -3 -2];['D' 'A' 'A' 'A'];['A' 'A' 'A' 'A'];0.02;0.0;0.98;0.04;0.0;0.96;;;;;;;Youth
2026-05-06;194046751;Romania Liga II;Romania;12:30;Schedule;0.15447154471544722;2.0;2.5, 3.0;1.8;2.5, 3.0;2.0;3.0;;1.0;3.0;4.0;242.0;103.0;100.0;CS Corvinul Hunedoara;1.0;0.0;2.0;2.05;2;2.0;2 - 0;3.5;FC Voluntari;5.0;0.0;0.0;3.0;0;0.0;-0.25 ( 0.0);2 - 3;1-3;2.75 (2.75);1.0;39 - 53;26 - 30;30.0;26.0;48.0;52.0;3.0;5.0;3.0;2.0;;;;;;;;121.0;121.0;59.0;44.0;52.0;48.0;5.0;6.0;3.0;3.0;;[22 25];[1 1];[False False];['CS Corvinul Hunedoara' 'CS Corvinul Hunedoara'];[0 1];[1 2];['D' 'H'];['H' 'H'];0.24;0.76;0.0;0.49;0.51;0.0;;;;;;;Youth
2026-05-06;194048467;Slovenia 2. SNL;Slovenia;12:30;Schedule;0.016006402561024313;1.9;2.5;1.9;2.5;3.0;4.0;;3.0;4.0;7.0;211.0;92.0;100.0;NK Krka;;1.0;1.0;2.45;1;1.0;1 - 3;3.3;ND Gorica;;0.0;0.0;2.55;1;3.0;0.0 (+0.25);3 - 4;3-4;2.5 (4.75);1.0;53 - 37;34 - 21;21.0;34.0;42.0;58.0;4.0;1.0;4.0;1.0;;;;;;;;92.0;119.0;38.0;54.0;45.0;55.0;5.0;2.0;10.0;1.0;;[16 30 52 72];[1 1 2 2];[False False False False];['ND Gorica' 'NK Krka' 'ND Gorica' 'ND Gorica'];[ 0 -1  0 -1];[-1  0 -1 -2];['D' 'A' 'D' 'A'];['A' 'D' 'A' 'A'];0.42;0.0;0.58;0.69;0.0;0.31;;;;;;;
2026-05-06;194048578;Finland Kolmonen;Finland;12:30;Schedule;0.08403361344537807;1.825;3.5;1.975;3.5;4.0;4.0;;1.0;4.0;5.0;218.0;95.0;100.0;HaPK;;0.0;2.0;2.1;0;0.0;0 - 4;3.9;Kultsu FC;;0.0;0.0;2.55;1;4.0;-0.25 (+0.25);4 - 4;1-4;3.5 (4.75);1.5;28 - 59;11 - 45;45.0;11.0;63.0;37.0;4.0;1.0;4.0;0.0;;;;;;;;127.0;91.0;65.0;30.0;59.0;41.0;5.0;1.0;10.0;1.0;;[26 56 60 71];[1 2 2 2];[False False False False];['Kultsu FC' 'Kultsu FC' 'Kultsu FC' 'Kultsu FC'];[ 0 -1 -2 -3];[-1 -2 -3 -4];['D' 'A' 'A' 'A'];['A' 'A' 'A' 'A'];0.29;0.0;0.71;0.58;0.0;0.42;;;;;;;
2026-05-06;194156450;Niger Super League;Niger;12:45;Schedule;0.4373768646214467;1.95;2.0;1.85;2.0;0.0;0.0;;0.0;0.0;0.0;94.0;85.0;;AS Police Niger;;0.0;0.0;1.615;0;0.0;0 - 0;3.2;Renaissance CB;;0.0;0.0;5.5;0;0.0;-0.75 (-0.25);0 - 0;0-0;2.0 ( 1);0.75;48 - 29;38 - 25;25.0;38.0;;;2.0;3.0;1.0;4.0;;;;;;;;39.0;55.0;33.0;52.0;;;3.0;3.0;2.0;5.0;;[];[];[];[];[];[];[];[];1.0;0.0;0.0;1.0;0.0;0.0;;;;;;;
2026-05-06;194045660;Moldova Cup;Moldova;13:00;Half;0.4618395303326811;1.975;3.0;1.825;3.0;4.0;1.0;;4.0;1.0;5.0;148.0;63.0;100.0;Zimbru Chisinau;;0.0;0.0;1.533;1;1.0;1 - 0;3.8;FC Milsami;;0.0;0.0;5.25;0;0.0;-1.0 ( -0.5);4 - 1;4-1;3.0 (2.25);1.25;38 - 16;38 - 16;16.0;38.0;31.0;69.0;0.0;3.0;0.0;1.0;;;;;;;;49.0;99.0;16.0;47.0;31.0;69.0;0.0;3.0;0.0;1.0;;[40];[1];[False];['Zimbru Chisinau'];[0];[1];['D'];['H'];0.44;0.56;0.0;0.89;0.11;0.0;;;;;;;
2026-05-06;194046703;Portugal U23 Cup;Portugal;13:00;Half;0.27738264580369837;1.85;2.5, 3.0;1.95;2.5, 3.0;4.0;1.0;;4.0;1.0;5.0;103.0;60.0;100.0;Gil Vicente U23;;0.0;1.0;1.85;1;1.0;1 - 0;3.25;Sporting U23;;0.0;1.0;3.8;0;0.0;-0.5 ( 0.0);4 - 1;4-1;2.75 ( 2.5);1.25;34 - 23;34 - 23;23.0;34.0;47.0;53.0;3.0;4.0;1.0;1.0;;;;;;;;52.0;51.0;26.0;34.0;48.0;52.0;3.0;4.0;1.0;1.0;;[34];[1];[False];['Gil Vicente U23'];[0];[1];['D'];['H'];0.38;0.62;0.0;0.76;0.24;0.0;;;;;;;Youth
2026-05-06;194148782;Mali Cup;Mali;13:00;Half;0.7902313624678663;1.975;2.5, 3.0;1.825;2.5, 3.0;2.0;0.0;;2.0;0.0;2.0;87.0;97.0;;Djoliba AC;;0.0;0.0;1.167;2;2.0;2 - 0;5.75;AS Avenir de Tombouctou;;0.0;1.0;15.0;0;0.0;-2.0 (-1.25);2 - 0;2-0;2.75 ( 3.5);1.0;63 - 27;63 - 27;27.0;63.0;;;0.0;6.0;0.0;4.0;;;;;;;;33.0;54.0;30.0;67.0;;;0.0;6.0;0.0;4.0;;[ 9 40];[1 1];[False False];['Djoliba AC' 'Djoliba AC'];[0 1];[1 2];['D' 'H'];['H' 'H'];0.1;0.9;0.0;0.2;0.8;0.0;;;;;;;
2026-05-06;194122197;Angola Girabola;Angola;13:00;Half;0.7516639388979814;1.75;2.0;2.05;2.0;3.0;1.0;;3.0;1.0;4.0;151.0;46.0;100.0;Petro Luanda;;0.0;0.0;1.222;2;2.0;2 - 0;4.5;CD Lunda-Sul;;0.0;0.0;15.0;0;0.0;-1.5 (-0.75);3 - 1;3-1;2.0 (3.25);0.75;20 - 21;20 - 21;21.0;20.0;50.0;50.0;1.0;1.0;2.0;5.0;;;;;;;;77.0;74.0;24.0;22.0;50.0;50.0;2.0;1.0;3.0;5.0;;[37 44];[1 1];[False False];['Petro Luanda' 'Petro Luanda'];[0 1];[1 2];['D' 'H'];['H' 'H'];0.41;0.59;0.0;0.82;0.18;0.0;;;;;;;
2026-05-06;194045653;Moldova Cup;Moldova;13:00;Half;-0.044526901669758756;1.95;2.0, 2.5;1.85;2.0, 2.5;4.0;1.0;;4.0;1.0;5.0;128.0;75.0;100.0;CS Petrocub;;0.0;1.0;2.75;1;1.0;1 - 0;2.9;Sheriff Tiraspol;;0.0;0.0;2.45;0;0.0;0.0 ( 0.0);4 - 1;4-1;2.25 (2.25);1.0;30 - 34;30 - 34;34.0;30.0;50.0;50.0;0.0;7.0;2.0;1.0;;;;;;;;69.0;59.0;41.0;34.0;50.0;50.0;0.0;8.0;2.0;1.0;;[23];[1];[False];['CS Petrocub'];[0];[1];['D'];['H'];0.26;0.74;0.0;0.51;0.49;0.0;;;;;;;
2026-05-06;194043438;Argentina Nacional Reserve League;Argentina;13:00;Half;0.044579533941236094;1.95;2.0, 2.5;1.85;2.0, 2.5;2.0;3.0;;2.0;3.0;5.0;75.0;42.0;100.0;Ferrocarril Midland Reserves;;0.0;0.0;2.35;0;0.0;0 - 1;3.25;Club Atletico Mitre Reserves;;0.0;1.0;2.625;1;1.0;0.0 ( 0.0);2 - 3;2-3;2.25 (2.25);1.0;15 - 25;15 - 25;25.0;15.0;52.0;48.0;1.0;0.0;1.0;0.0;;;;;;;;38.0;37.0;26.0;16.0;51.0;49.0;1.0;0.0;1.0;0.0;;[38];[1];[False];['Club Atletico Mitre Reserves'];[0];[-1];['D'];['A'];0.42;0.0;0.58;0.84;0.0;0.16;;;;;;;Youth
2026-05-06;194044820;Czechia 2. Liga;Czech Republic;13:00;Half;0.4143150152061674;1.9;2.5, 3.0;1.9;2.5, 3.0;3.0;3.0;;3.0;3.0;6.0;131.0;61.0;100.0;FC Silon Taborsko;;0.0;0.0;1.571;1;1.0;1 - 0;3.9;MFK Chrudim;;0.0;0.0;4.5;0;0.0;-1.0 (-0.25);3 - 3;3-3;2.75 ( 2.5);1.25;17 - 37;17 - 37;37.0;17.0;63.0;37.0;2.0;2.0;2.0;1.0;;;;;;;;84.0;47.0;41.0;20.0;63.0;37.0;2.0;2.0;2.0;1.0;;[25];[1];[False];['FC Silon Taborsko'];[0];[1];['D'];['H'];0.28;0.72;0.0;0.56;0.44;0.0;;;;;;;
2026-05-06;194044818;Czechia 2. Liga;Czech Republic;13:00;Half;0.3884080628255044;1.95;2.5, 3.0;1.85;2.5, 3.0;1.0;1.0;;1.0;1.0;2.0;90.0;57.0;100.0;SK Artis Brno;;0.0;0.0;1.615;0;0.0;0 - 1;3.7;FK Pribram;;0.0;0.0;4.333;1;1.0;-0.75 ( -0.5);1 - 1;1-1;2.75 (2.25);1.25;35 - 17;35 - 17;17.0;35.0;49.0;51.0;2.0;2.0;3.0;2.0;;;;;;;;42.0;48.0;21.0;36.0;49.0;51.0;3.0;2.0;5.0;3.0;;[29];[1];[False];['FK Pribram'];[0];[-1];['D'];['A'];0.32;0.0;0.68;0.64;0.0;0.36;;;;;;;
2026-05-06;194044977;Germany Bundesliga Women;Germany;13:00;Half;0.7183306055646481;1.825;3.5, 4.0;1.975;3.5, 4.0;2.0;0.0;;2.0;0.0;2.0;104.0;46.0;100.0;Bayern Munich (W);;0.0;0.0;1.222;0;0.0;0 - 1;6.5;TSG 1899 Hoffenheim (W);;0.0;1.0;10.0;1;1.0;-2.0 (-1.25);2 - 0;2-0;3.75 ( 3);1.5;29 - 10;29 - 10;10.0;29.0;36.0;64.0;1.0;8.0;1.0;1.0;;;;;;;;40.0;64.0;12.0;34.0;33.0;67.0;1.0;9.0;1.0;1.0;;[41];[1];[False];['TSG 1899 Hoffenheim (W)'];[0];[-1];['D'];['A'];0.46;0.0;0.54;0.91;0.0;0.09;;;;;;;Women
2026-05-06;194054244;Morocco GNF 1;Morocco;13:00;Half;0.2175346077785103;1.95;2.0, 2.5;1.85;2.0, 2.5;0.0;1.0;;0.0;1.0;1.0;120.0;61.0;100.0;FUS Rabat;;0.0;2.0;2.05;0;0.0;0 - 1;2.875;IRT Tanger;;0.0;2.0;3.7;1;1.0;-0.25 (-0.25);0 - 1;0-1;2.25 (2.25);1.0;29 - 27;29 - 27;27.0;29.0;50.0;50.0;3.0;3.0;3.0;2.0;;;;;;;;57.0;63.0;27.0;34.0;49.0;51.0;3.0;6.0;3.0;2.0;;[16];[1];[False];['IRT Tanger'];[0];[-1];['D'];['A'];0.18;0.0;0.82;0.36;0.0;0.64;;;;;;;
2026-05-06;194044823;Czechia 2. Liga;Czech Republic;13:00;Half;-0.04262574595055413;1.825;2.5, 3.0;1.975;2.5, 3.0;2.0;3.0;;2.0;3.0;5.0;90.0;57.0;100.0;FK Usti nad Labem;;0.0;0.0;2.55;1;1.0;1 - 0;3.3;Opava;;0.0;0.0;2.3;0;0.0;+0.25 ( 0.0);2 - 3;2-3;2.75 (2.75);1.25;21 - 26;21 - 26;26.0;21.0;52.0;48.0;7.0;8.0;4.0;2.0;;;;;;;;55.0;35.0;30.0;27.0;51.0;49.0;7.0;10.0;4.0;2.0;;[5];[1];[False];['FK Usti nad Labem'];[0];[1];['D'];['H'];0.06;0.94;0.0;0.11;0.89;0.0;;;;;;;
2026-05-06;194054326;Poland IV Liga;Poland;13:00;Half;0.756898029134533;2.0;5.0;1.8;5.0;6.0;3.0;;6.0;3.0;9.0;72.0;36.0;100.0;Warmia Grajewo;;0.0;0.0;1.167;1;1.0;1 - 0;7.5;Hetman Tykocin;;0.0;0.0;10.0;0;0.0;-2.75 (-1.25);6 - 3;6-3;5.0 (3.25);2.0;23 - 9;23 - 9;9.0;23.0;37.0;63.0;2.0;9.0;1.0;5.0;;;;;;;;23.0;49.0;9.0;27.0;36.0;64.0;2.0;10.0;1.0;5.0;;[34];[1];[False];['Warmia Grajewo'];[0];[1];['D'];['H'];0.38;0.62;0.0;0.76;0.24;0.0;;;;;;;
2026-05-06;194044825;Czechia 2. Liga;Czech Republic;13:00;Schedule;0.12836438923395443;2.0;2.5, 3.0;1.8;2.5, 3.0;4.0;2.0;;4.0;2.0;6.0;107.0;84.0;100.0;FC Sellier & Bellot Vlasim;;0.0;0.0;2.1;0;0.0;0 - 1;3.4;Viktoria Zizkov;;0.0;0.0;2.875;1;1.0;-0.25 (-0.25);4 - 2;4-2;2.75 ( 2.5);1.0;42 - 27;41 - 26;26.0;41.0;41.0;59.0;4.0;3.0;1.0;2.0;;;;;;;;49.0;58.0;32.0;52.0;40.0;60.0;4.0;7.0;1.0;4.0;;[ 3 49];[1 2];[False False];['Viktoria Zizkov' 'FC Sellier & Bellot Vlasim'];[ 0 -1];[-1  0];['D' 'A'];['A' 'D'];0.49;0.0;0.51;0.07;0.0;0.93;;;;;;;
2026-05-06;194054302;Poland IV Liga;Poland;13:00;Schedule;0.5341614906832299;1.9;3.5;1.9;3.5;1.0;4.0;;1.0;4.0;5.0;98.0;39.0;100.0;Oskar Przysucha;;0.0;0.0;1.38;2;2.0;2 - 0;5.0;Ozarowianka Ozarow;;0.0;1.0;5.25;0;0.0;-1.5 (-0.75);1 - 4;1-4;3.5 ( 4);1.5;19 - 12;18 - 12;12.0;18.0;48.0;52.0;3.0;1.0;2.0;5.0;;;;;;;;42.0;56.0;18.0;21.0;49.0;51.0;4.0;1.0;4.0;6.0;;[10 16 47];[1 1 2];[False False False];['Oskar Przysucha' 'Oskar Przysucha' 'Ozarowianka Ozarow'];[0 1 2];[1 2 1];['D' 'H' 'H'];['H' 'H' 'H'];0.11;0.89;0.0;0.22;0.78;0.0;;;;;;;
2026-05-06;194043554;Bosnia & Herzegovina Cup;Bosnia;13:00;Half;0.2271062271062272;1.95;2.0;1.85;2.0;4.0;1.0;;4.0;1.0;5.0;127.0;66.0;100.0;Zrinjski Mostar;;0.0;1.0;1.95;1;1.0;1 - 0;3.25;Velez Mostar;;0.0;0.0;3.5;0;0.0;-0.5 (-0.25);4 - 1;4-1;2.0 ( 2);1.0;44 - 14;44 - 14;14.0;44.0;40.0;60.0;0.0;1.0;1.0;1.0;;;;;;;;55.0;72.0;17.0;49.0;40.0;60.0;0.0;1.0;1.0;1.0;;[38];[1];[False];['Zrinjski Mostar'];[0];[1];['D'];['H'];0.42;0.58;0.0;0.84;0.16;0.0;;;;;;;
2026-05-06;194046711;Qatar Reserve League;Qatar;13:00;Schedule;0.2923976608187135;1.95;2.5;1.85;2.5;0.0;2.0;;0.0;2.0;2.0;119.0;62.0;100.0;Qatar SC Doha U23;;0.0;1.0;1.8;3;3.0;3 - 0;3.4;Al-Sadd SC U23;;0.0;0.0;3.8;0;0.0;-0.5 (-0.25);0 - 2;0-2;2.5 ( 4.5);1.0;37 - 16;37 - 16;16.0;37.0;41.0;59.0;1.0;3.0;3.0;5.0;;;;;;;;50.0;69.0;18.0;44.0;45.0;55.0;1.0;3.0;4.0;5.0;;[16 23 38 52];[1 1 1 2];[False False False False];"['Qatar SC Doha U23' 'Qatar SC Doha U23' 'Qatar SC Doha U23'
 'Al-Sadd SC U23']";[0 1 2 3];[1 2 3 2];['D' 'H' 'H' 'H'];['H' 'H' 'H' 'H'];0.18;0.82;0.0;0.36;0.64;0.0;;;;;;;Youth
2026-05-06;194048580;Finland Kolmonen;Finland;13:00;Schedule;-0.14245014245014254;1.85;3.5, 4.0;1.95;3.5, 4.0;3.0;2.0;;3.0;2.0;5.0;114.0;65.0;100.0;LAUTP;;0.0;0.0;2.7;0;1.0;1 - 0;4.333;MiPK;;0.0;1.0;1.95;0;0.0;+0.25 (+0.25);3 - 2;3-2;3.75 (3.25);1.5;30 - 30;29 - 29;29.0;29.0;52.0;48.0;4.0;4.0;3.0;4.0;;;;;;;;60.0;54.0;32.0;33.0;54.0;46.0;4.0;5.0;3.0;5.0;;[46];[2];[False];['LAUTP'];[0];[1];['D'];['H'];0.51;0.49;0.0;1.0;0.0;0.0;;;;;;;
2026-05-06;194102781;Lithuania II Lyga;Lithuania;13:00;Half;-0.018912529550827395;1.85;3.5, 4.0;1.95;3.5, 4.0;2.0;1.0;;2.0;1.0;3.0;140.0;70.0;;Utenis Utena;11.0;0.0;0.0;2.35;1;1.0;1 - 1;4.0;FKS Ukmerge;5.0;0.0;1.0;2.25;1;1.0;0.0 (+0.25);2 - 1;2-1;3.75 ( 4);1.25;27 - 30;27 - 30;30.0;27.0;;;4.0;4.0;3.0;2.0;;;;;;;;71.0;69.0;32.0;38.0;;;4.0;4.0;3.0;3.0;;[ 6 20];[1 1];[False False];['Utenis Utena' 'FKS Ukmerge'];[0 1];[1 0];['D' 'H'];['H' 'D'];0.84;0.16;0.0;0.69;0.31;0.0;;;;;;;Youth
2026-05-06;192943396;Norway Division 1;Norway;13:00;Schedule;0.5186077321450079;2.0;3.0, 3.5;1.8;3.0, 3.5;3.0;1.0;;3.0;1.0;4.0;101.0;47.0;100.0;Egersunds;7.0;0.0;0.0;1.444;2;2.0;2 - 0;4.75;Raufoss;15.0;0.0;0.0;5.75;0;0.0;-1.25 ( -0.5);3 - 1;3-1;3.25 (3.75);1.25;27 - 12;27 - 11;11.0;27.0;47.0;53.0;1.0;2.0;0.0;4.0;;;;;;;;41.0;60.0;17.0;30.0;46.0;54.0;1.0;2.0;1.0;5.0;;[ 8 35 53];[1 1 2];[False False False];['Egersunds' 'Egersunds' 'Raufoss'];[0 1 2];[1 2 1];['D' 'H' 'H'];['H' 'H' 'H'];0.09;0.91;0.0;0.18;0.82;0.0;;;;;;;
2026-05-06;194054309;Poland IV Liga;Poland;13:00;Schedule;0.3025210084033614;2.0;3.5;1.8;3.5;0.0;0.0;;0.0;0.0;0.0;0.0;0.0;;Hutnik Warsaw;;0.0;0.0;1.7;0;0.0;0 - 0;4.2;Legionovia Legionowo;;0.0;0.0;3.5;0;0.0;-0.75;0 - 0;0-0;3.5;1.5;-;nan;;;;;;;;;;;;;;;;0.0;0.0;0.0;0.0;;;0.0;0.0;0.0;0.0;;[];[];[];[];[];[];[];[];1.0;0.0;0.0;1.0;0.0;0.0;;;;;;;
2026-05-06;193070337;Germany Regionalliga North;Germany;13:00;Schedule;0.06993006993006995;1.8;3.0, 3.5;2.0;3.0, 3.5;0.0;0.0;;0.0;0.0;0.0;0.0;0.0;;Hannover II;;0.0;0.0;2.2;0;0.0;0 - 0;3.5;BSV Kickers Emden;;0.0;0.0;2.6;0;0.0;-0.25;0 - 0;0-0;3.25;1.5;-;nan;;;;;;;;;;;;;;;;0.0;0.0;0.0;0.0;;;0.0;0.0;0.0;0.0;;[];[];[];[];[];[];[];[];1.0;0.0;0.0;1.0;0.0;0.0;;;;;;;Youth
2026-05-06;194046719;Qatar Reserve League;Qatar;13:00;Schedule;-0.06189555125725338;1.9;2.0, 2.5;1.9;2.0, 2.5;2.0;0.0;;2.0;0.0;2.0;102.0;47.0;100.0;Umm Salal U23;;0.0;1.0;2.75;1;1.0;1 - 1;3.1;Al Gharafa U23;;0.0;1.0;2.35;1;1.0;0.0 (-0.25);2 - 0;2-0;2.25 (3.25);1.0;25 - 11;25 - 11;11.0;25.0;36.0;64.0;0.0;3.0;1.0;4.0;;;;;;;;38.0;64.0;16.0;31.0;42.0;58.0;0.0;5.0;1.0;4.0;;[40 45];[1 1];[False False];['Umm Salal U23' 'Al Gharafa U23'];[0 1];[1 0];['D' 'H'];['H' 'D'];0.94;0.06;0.0;0.89;0.11;0.0;;;;;;;Youth
2026-05-06;194046716;Qatar Reserve League;Qatar;13:00;Half;-0.20032051282051289;1.85;2.0, 2.5;1.95;2.0, 2.5;0.0;6.0;;0.0;6.0;6.0;97.0;42.0;100.0;Al-Wakrah SC U23;;0.0;1.0;3.2;1;1.0;1 - 0;3.5;Al-Arabi Doha U23;;0.0;2.0;1.95;0;0.0;+0.5 (+0.25);0 - 6;0-6;2.25 ( 2);1.0;21 - 14;21 - 14;14.0;21.0;57.0;43.0;4.0;3.0;0.0;1.0;;;;;;;;51.0;46.0;17.0;25.0;56.0;44.0;4.0;3.0;0.0;2.0;;[10 50];[1 2];[False False];['Al-Wakrah SC U23' 'Al-Wakrah SC U23'];[0 1];[1 2];['D' 'H'];['H' 'H'];0.11;0.89;0.0;0.22;0.78;0.0;;;;;;;Youth-Women
2026-05-06;194054322;Poland IV Liga;Poland;13:00;Schedule;0.7006835467411187;1.825;3.5;1.975;3.5;6.0;1.0;;6.0;1.0;7.0;0.0;0.0;100.0;Rakow Czestochowa II;;0.0;0.0;1.222;0;0.0;0 - 0;6.0;LKS Belk;;0.0;0.0;8.5;0;0.0;-2.0 (-0.75);6 - 1;6-1;3.5 (1.75);1.5;-;nan;;;;;;;;;;;;;;;;0.0;0.0;0.0;0.0;38.0;62.0;0.0;0.0;0.0;0.0;;[];[];[];[];[];[];[];[];1.0;0.0;0.0;1.0;0.0;0.0;;;;;;;Youth
2026-05-06;193383520;Cyprus Division 1;Cyprus;13:00;Half;0.0777058279370953;1.95;2.5, 3.0;1.85;2.5, 3.0;5.0;2.0;;5.0;2.0;7.0;103.0;83.0;100.0;Aris Limassol;6.0;0.0;0.0;2.35;0;0.0;0 - 0;3.5;Apoel Nicosia;5.0;0.0;0.0;2.875;0;0.0;-0.25 (-0.25);5 - 2;5-2;2.75 ( 1.5);1.0;38 - 36;38 - 36;36.0;38.0;50.0;50.0;2.0;2.0;5.0;4.0;;;;;;;;48.0;55.0;38.0;45.0;50.0;50.0;2.0;4.0;5.0;4.0;;[];[];[];[];[];[];[];[];1.0;0.0;0.0;1.0;0.0;0.0;;;;;;;
2026-05-06;193383523;Cyprus Division 1;Cyprus;13:00;Half;0.3969728242174063;2.0;3.0;1.8;3.0;1.0;2.0;;1.0;2.0;3.0;124.0;63.0;100.0;Pafos FC;4.0;0.0;0.0;1.615;0;0.0;0 - 0;4.333;Omonia Nicosia;1.0;0.0;2.0;4.5;0;0.0;-0.75 (-0.25);1 - 2;1-2;3.0 ( 1.5);1.25;22 - 34;22 - 34;34.0;22.0;50.0;50.0;4.0;3.0;2.0;4.0;;;;;;;;82.0;42.0;41.0;22.0;50.0;50.0;5.0;3.0;2.0;4.0;;[];[];[];[];[];[];[];[];1.0;0.0;0.0;1.0;0.0;0.0;;;;;;;
2026-05-06;194048572;Finland Kolmonen;Finland;13:00;Schedule;0.29332450988501946;1.85;3.5;1.95;3.5;1.0;2.0;;1.0;2.0;3.0;95.0;61.0;100.0;FC Metso;;0.0;0.0;1.727;3;3.0;3 - 0;4.333;JJK/2;;0.0;0.0;3.5;0;0.0;-0.75 ( -0.5);1 - 2;1-2;3.5 ( 5);1.5;18 - 33;18 - 32;32.0;18.0;63.0;37.0;2.0;2.0;1.0;4.0;;;;;;;;57.0;38.0;39.0;22.0;61.0;39.0;2.0;2.0;1.0;5.0;;[ 1 15 18 50];[1 1 1 2];[False False False False];['FC Metso' 'FC Metso' 'FC Metso' 'FC Metso'];[0 1 2 3];[1 2 3 4];['D' 'H' 'H' 'H'];['H' 'H' 'H' 'H'];0.01;0.99;0.0;0.02;0.98;0.0;;;;;;;
2026-05-06;193383517;Cyprus Division 1;Cyprus;13:00;Half;0.24358974358974356;2.025;2.5;1.775;2.5;3.0;0.0;;3.0;0.0;3.0;82.0;46.0;100.0;AEK Larnaca;2.0;0.0;2.0;2.0;1;1.0;1 - 0;3.25;Apollon Limassol;3.0;0.0;1.0;3.9;0;0.0;-0.5 ( -0.5);3 - 0;3-0;2.5 ( 2.5);1.0;30 - 14;30 - 14;14.0;30.0;50.0;50.0;1.0;3.0;3.0;4.0;;;;;;;;34.0;48.0;15.0;31.0;50.0;50.0;1.0;3.0;3.0;4.0;;[11];[1];[False];['AEK Larnaca'];[0];[1];['D'];['H'];0.12;0.88;0.0;0.24;0.76;0.0;;;;;;;
2026-05-06;194094189;Sierra Leone Premier League;Sierra Leone;13:30;Schedule;0.07183908045977011;2.0;2.0;1.8;2.0;1.0;3.0;;1.0;3.0;4.0;60.0;41.0;;Bullom Stars;;0.0;0.0;2.4;2;2.0;2 - 1;2.8;Luawa FC;;0.0;0.0;2.9;1;1.0;0.0 ( 0.0);1 - 3;1-3;2.0 ( 4.5);0.75 ( 3.5);9 - 18;nan;;;;;;;;;;;;;;;;34.0;26.0;25.0;16.0;;;1.0;0.0;1.0;2.0;;[ 8 12 20];[1 1 1];[False False False];['Bullom Stars' 'Luawa FC' 'Bullom Stars'];[0 1 0];[1 0 1];['D' 'H' 'D'];['H' 'D' 'H'];0.18;0.82;0.0;0.36;0.64;0.0;;;;;;;
2026-05-06;193754985;Lithuania A Lyga;Lithuania;13:30;Schedule;0.5324675324675325;1.8;3.0;2.0;3.0;1.0;2.0;;1.0;2.0;3.0;46.0;33.0;100.0;FK Zalgiris Vilnius;;0.0;0.0;1.4;1;0.0;0 - 0;4.75;FA Siauliai;;0.0;0.0;5.5;0;0.0;-1.25 (-0.75);1 - 2;1-2;3.0 ( 2);1.25 (0.75);13 - 10;nan;;;;;;;;;;;;;;;;20.0;26.0;13.0;20.0;49.0;51.0;2.0;3.0;2.0;1.0;;[41];[1];[False];['FK Zalgiris Vilnius'];[0];[1];['D'];['H'];0.46;0.54;0.0;0.91;0.09;0.0;;;;;;;
2026-05-06;194104418;Gambia GFA League;Gambia;13:30;Schedule;0.2175346077785103;1.825;1.5, 2.0;1.975;1.5, 2.0;1.0;0.0;;1.0;0.0;1.0;86.0;48.0;;Real de Banjul;;0.0;0.0;2.05;1;1.0;1 - 0;2.75;Medina United FC;;0.0;0.0;3.7;0;0.0;-0.25 (-0.25);1 - 0;1-0;1.75 (2.25);0.75 ( 1.5);13 - 23;nan;;;;;;;;;;;;;;;;44.0;42.0;29.0;19.0;;;5.0;1.0;3.0;1.0;;[16];[1];[False];['Real de Banjul'];[0];[1];['D'];['H'];0.18;0.82;0.0;0.36;0.64;0.0;;;;;;;
2026-05-06;194104433;Gambia GFA League;Gambia;13:30;Schedule;0.26891807379612265;1.85;1.5, 2.0;1.95;1.5, 2.0;2.0;0.0;;2.0;0.0;2.0;66.0;44.0;;Bombada FC;;0.0;0.0;1.95;1;1.0;1 - 1;2.8;Team Rhino FC;;0.0;1.0;4.1;1;1.0;-0.5 (-0.25);2 - 0;2-0;1.75 ( 3.5);0.75 ( 2.5);20 - 8;nan;;;;;;;;;;;;;;;;24.0;42.0;12.0;32.0;;;1.0;2.0;1.0;2.0;;[ 6 15];[1 1];[False False];['Team Rhino FC' 'Bombada FC'];[ 0 -1];[-1  0];['D' 'A'];['A' 'D'];0.9;0.0;0.1;0.8;0.0;0.2;;;;;;;
2026-05-06;194104438;Gambia GFA League;Gambia;13:30;Schedule;0.10295126973232671;1.8;1.5, 2.0;2.0;1.5, 2.0;2.0;0.0;;2.0;0.0;2.0;69.0;41.0;;Gambian Dutch Lions;;0.0;1.0;2.35;2;2.0;2 - 1;2.7;Hart Academy FC;;0.0;1.0;3.1;1;1.0;-0.25 (-0.25);2 - 0;2-0;1.75 ( 4.5);0.75 ( 3.5);17 - 10;nan;;;;;;;;;;;;;;;;38.0;31.0;19.0;22.0;;;2.0;0.0;1.0;4.0;;[13 23 29];[1 1 1];[False False False];['Hart Academy FC' 'Gambian Dutch Lions' 'Gambian Dutch Lions'];[ 0 -1  0];[-1  0  1];['D' 'A' 'D'];['A' 'D' 'H'];0.21;0.68;0.11;0.42;0.36;0.22;;;;;;;
2026-05-06;194054330;Poland IV Liga;Poland;13:30;Schedule;0.5963413930405679;2.0;3.5;1.8;3.5;0.0;3.0;;0.0;3.0;3.0;73.0;24.0;100.0;Unia Solec Kujawski;;0.0;0.0;1.333;1;0.0;0 - 0;4.75;Notec Labiszyn;;0.0;0.0;6.5;0;0.0;-1.5 ( -1);0 - 3;0-3;3.5 ( 2);1.5 ( 0.5);12 - 10;nan;;;;;;;;;;;;;;;;32.0;41.0;12.0;12.0;40.0;60.0;2.0;2.0;0.0;3.0;;[36];[1];[False];['Unia Solec Kujawski'];[0];[1];['D'];['H'];0.4;0.6;0.0;0.8;0.2;0.0;;;;;;;
2026-05-06;194104444;Gambia GFA League;Gambia;13:30;Schedule;0.25609756097560976;2.025;1.5, 2.0;1.775;1.5, 2.0;0.0;5.0;;0.0;5.0;5.0;77.0;50.0;;Falcons FC;;0.0;0.0;2.0;0;0.0;0 - 0;2.7;Samger FC;;0.0;0.0;4.1;0;0.0;-0.25 (-0.25);0 - 5;0-5;1.75 (1.25);0.5 ( 0.5);10 - 27;nan;;;;;;;;;;;;;;;;45.0;32.0;34.0;16.0;;;1.0;0.0;1.0;0.0;;[];[];[];[];[];[];[];[];1.0;0.0;0.0;1.0;0.0;0.0;;;;;;;
2026-05-06;194104451;Gambia GFA League;Gambia;13:30;Schedule;0.09408602150537637;2.025;1.5, 2.0;1.775;1.5, 2.0;0.0;1.0;;0.0;1.0;1.0;52.0;41.0;;Gambia Ports Authority;;0.0;1.0;2.4;0;0.0;0 - 0;2.625;Steve Biko FC;;0.0;0.0;3.1;0;0.0;-0.25 ( 0.0);0 - 1;0-1;1.75 (1.25);0.5 ( 0.5);14 - 15;nan;;;;;;;;;;;;;;;;24.0;28.0;20.0;21.0;;;1.0;1.0;0.0;1.0;;[];[];[];[];[];[];[];[];1.0;0.0;0.0;1.0;0.0;0.0;;;;;;;
2026-05-06;194104453;Gambia GFA League;Gambia;13:30;Schedule;0.17940199335548174;1.85;1.5, 2.0;1.95;1.5, 2.0;0.0;0.0;;0.0;0.0;0.0;0.0;0.0;;Hawks FC;;0.0;0.0;2.15;0;0.0;0 - 0;2.4;Greater Tomorrow FC;;0.0;0.0;3.5;0;0.0;-0.25;0 - 0;0-0;1.75;0.75;-;nan;;;;;;;;;;;;;;;;0.0;0.0;0.0;0.0;;;0.0;0.0;0.0;0.0;;[];[];[];[];[];[];[];[];1.0;0.0;0.0;1.0;0.0;0.0;;;;;;;
2026-05-06;194104456;Gambia GFA League;Gambia;13:30;Schedule;-0.03678929765886285;1.925;1.5, 2.0;1.875;1.5, 2.0;3.0;5.0;;3.0;5.0;8.0;78.0;74.0;;BST Galaxy;;0.0;0.0;2.875;1;1.0;1 - 0;2.6;Brikama United;;0.0;0.0;2.6;0;0.0;0.0 ( 0.0);3 - 5;3-5;1.75 (2.25);0.75 ( 1.5);19 - 33;nan;;;;;;;;;;;;;;;;40.0;38.0;48.0;26.0;;;6.0;2.0;1.0;1.0;;[3];[1];[False];['BST Galaxy'];[0];[1];['D'];['H'];0.03;0.97;0.0;0.07;0.93;0.0;;;;;;;
2026-05-06;194093474;Mali Premiere Division;Mali;13:30;Schedule;0.13175230566534918;1.775;1.5;2.025;1.5;0.0;0.0;;0.0;0.0;0.0;0.0;0.0;;Derby Academie;8.0;0.0;0.0;2.3;0;0.0;0 - 0;2.625;Onze Créateurs;12.0;0.0;0.0;3.3;0;0.0;-0.25;0 - 0;0-0;1.5;0.5;-;nan;;;;;;;;;;;;;;;;0.0;0.0;0.0;0.0;;;0.0;0.0;0.0;0.0;;[];[];[];[];[];[];[];[];1.0;0.0;0.0;1.0;0.0;0.0;;;;;;;
2026-05-06;194044286;Argentina Liga Profesional Reserves;Argentina;13:30;Schedule;0.5817805383022776;1.925;2.5;1.875;2.5;4.0;0.0;;4.0;0.0;4.0;34.0;34.0;100.0;Velez Sarsfield Reserves;;0.0;0.0;1.38;1;1.0;1 - 0;4.2;Sarmiento Reserves;;0.0;1.0;7.0;0;0.0;-1.25 ( -1);4 - 0;4-0;2.5 (2.75);1.0 (1.75);20 - 7;nan;;;;;;;;;;;;;;;;10.0;24.0;11.0;23.0;39.0;61.0;2.0;1.0;0.0;2.0;;[17];[1];[False];['Velez Sarsfield Reserves'];[0];[1];['D'];['H'];0.19;0.81;0.0;0.38;0.62;0.0;;;;;;;Youth
2026-05-06;194053585;Estonia Esiliiga B;Estonia;13:30;Schedule;-0.46743295019157094;1.95;3.5, 4.0;1.85;3.5, 4.0;3.0;4.0;;3.0;4.0;7.0;122.0;88.0;100.0;JK Tabasalu;;0.0;0.0;4.5;0;0.0;0 - 0;5.0;JK Trans Narva II;;0.0;0.0;1.45;0;0.0;+1.25 (+1.25);3 - 4;3-4;3.75 ( 2.5);1.5 ( 0.5);27 - 33;nan;;;;;;;;;;;;;;;;66.0;56.0;51.0;37.0;63.0;37.0;4.0;2.0;3.0;1.0;;[];[];[];[];[];[];[];[];1.0;0.0;0.0;1.0;0.0;0.0;;;;;;;Youth
2026-05-06;194048574;Finland Kolmonen;Finland;13:30;Schedule;0.8940005380683347;1.875;4.5, 5.0;1.925;4.5, 5.0;2.0;2.0;;2.0;2.0;4.0;0.0;0.0;;JPS;;0.0;0.0;1.062;2;0.0;0 - 0;13.0;SaPa;;0.0;1.0;21.0;0;0.0;-3.5 (-2.75);2 - 2;2-2;4.75 ( 4);2.0 ( 1);-;nan;;;;;;;;;;;;;;;;0.0;0.0;0.0;0.0;;;0.0;0.0;0.0;2.0;;[32 37];[1 1];[False False];['JPS' 'JPS'];[0 1];[1 2];['D' 'H'];['H' 'H'];0.36;0.64;0.0;0.71;0.29;0.0;;;;;;;
2026-05-06;194048570;Finland Kolmonen;Finland;13:30;Schedule;0.1814882032667876;1.85;3.5;1.95;3.5;2.0;1.0;;2.0;1.0;3.0;0.0;0.0;;FC Lahti II;;0.0;0.0;1.9;0;0.0;0 - 0;4.333;Ponnistus;;0.0;0.0;2.9;0;0.0;-0.5 ( 0.0);2 - 1;2-1;3.5 ( 2.5);1.5 ( 0.5);-;nan;;;;;;;;;;;;;;;;0.0;0.0;0.0;0.0;;;0.0;0.0;0.0;0.0;;[];[];[];[];[];[];[];[];1.0;0.0;0.0;1.0;0.0;0.0;;;;;;;Youth
2026-05-06;194048561;Finland Kolmonen;Finland;13:30;Schedule;0.4317732366512854;1.95;4.5;1.85;4.5;1.0;1.0;;1.0;1.0;2.0;0.0;0.0;100.0;KUPS Akatemia II;;0.0;0.0;1.48;3;0.0;0 - 0;5.25;Yllatys;;0.0;0.0;4.1;0;0.0;-1.25 ( -3.5);1 - 1;1-1;4.5 ( 4);2.0 (0.75);-;nan;;;;;;;;;;;;;;;;0.0;0.0;0.0;0.0;36.0;64.0;0.0;0.0;0.0;3.0;;[33 36 39];[1 1 1];[False False False];['KUPS Akatemia II' 'KUPS Akatemia II' 'KUPS Akatemia II'];[0 1 2];[1 2 3];['D' 'H' 'H'];['H' 'H' 'H'];0.37;0.63;0.0;0.73;0.27;0.0;;;;;;;Youth
2026-05-06;194045163;Iceland Premier League Women;Iceland;13:30;Schedule;0.0;1.925;3.0, 3.5;1.875;3.0, 3.5;1.0;1.0;;1.0;1.0;2.0;62.0;23.0;100.0;Valur Reykjavik (W);;0.0;1.0;2.375;1;0.0;0 - 1;3.6;IBV Vestmannaeyjar (W);;0.0;0.0;2.375;1;1.0;-0.25 ( 0.0);1 - 1;1-1;3.25 (3.25);1.25 (1.75);6 - 7;nan;;;;;;;;;;;;;;;;35.0;27.0;11.0;12.0;47.0;53.0;0.0;3.0;3.0;2.0;;[ 8 41];[1 1];[False False];['IBV Vestmannaeyjar (W)' 'Valur Reykjavik (W)'];[ 0 -1];[-1  0];['D' 'A'];['A' 'D'];0.63;0.0;0.37;0.27;0.0;0.73;;;;;;;Women
2026-05-06;194045369;Israel Premier League;Israel;13:30;Schedule;-0.1399787910922588;1.775;2.5, 3.0;2.025;2.5, 3.0;1.0;2.0;;1.0;2.0;3.0;65.0;43.0;100.0;Hapoel Tel-Aviv;;1.0;0.0;2.875;0;0.0;0 - 0;3.6;Beitar Jerusalem;;0.0;1.0;2.05;0;0.0;+0.25 (+0.75);1 - 2;1-2;2.75 (2.25);1.25 ( 0.5);11 - 20;nan;;;;;;;;;;;;;;;;39.0;26.0;26.0;17.0;62.0;38.0;2.0;5.0;2.0;0.0;;[];[];[];[];[];[];[];[];1.0;0.0;0.0;1.0;0.0;0.0;;;;;;;
2026-05-06;194048475;Sweden Damallsvenskan;Sweden;13:30;Schedule;0.7333333333333334;1.925;3.5;1.875;3.5;2.0;1.0;;2.0;1.0;3.0;124.0;74.0;100.0;BK Hacken (W);;0.0;0.0;1.2;2;2.0;2 - 0;5.5;Djurgardens (W);;0.0;0.0;10.0;0;0.0;-2.25 ( -1);2 - 1;2-1;3.5 ( 4);1.5 ( 2.5);32 - 26;nan;;;;;;;;;;;;;;;;66.0;58.0;38.0;36.0;54.0;46.0;1.0;2.0;1.0;2.0;;[24 32];[1 1];[False False];['BK Hacken (W)' 'BK Hacken (W)'];[0 1];[1 2];['D' 'H'];['H' 'H'];0.27;0.73;0.0;0.53;0.47;0.0;;;;;;;Women
2026-05-06;194054257;Montenegro Cup;Montenegro;13:30;Schedule;0.24060150375939848;1.875;2.5, 3.0;1.925;2.5, 3.0;0.0;0.0;;0.0;0.0;0.0;97.0;8.0;100.0;FK Decic Tuzi;;0.0;1.0;1.9;0;0.0;0 - 0;3.4;Otrant-Olympic Ulcinj;;0.0;0.0;3.5;0;0.0;-0.5 ( -0.5);0 - 0;0-0;2.75 ( 1.5);1.25 ( 0.5);4 - 1;nan;;;;;;;;;;;;;;;;39.0;58.0;4.0;4.0;45.0;55.0;0.0;3.0;2.0;1.0;;[];[];[];[];[];[];[];[];1.0;0.0;0.0;1.0;0.0;0.0;;;;;;;
2026-05-06;194053591;UAE Pro League;UAE;13:45;Schedule;-0.34965034965034963;1.975;3.0;1.825;3.0;0.0;0.0;;0.0;0.0;0.0;55.0;20.0;100.0;Sharjah SCC;;0.0;0.0;3.9;0;0.0;0 - 2;3.9;Al Ain SCC;;0.0;0.0;1.65;2;2.0;+0.75 (+0.75);0 - 0;0-0;3.0 ( 4.5);1.25 (2.75);2 - 7;nan;;;;;;;;;;;;;;;;33.0;22.0;15.0;5.0;67.0;33.0;4.0;0.0;4.0;1.0;;[10 15];[1 1];[False False];['Al Ain SCC' 'Al Ain SCC'];[ 0 -1];[-1 -2];['D' 'A'];['A' 'A'];0.11;0.0;0.89;0.22;0.0;0.78;;;;;;;
2026-05-06;194088123;Netherlands Eerste Divisie;Netherlands;13:45;Schedule;0.24060150375939848;1.95;3.0, 3.5;1.85;3.0, 3.5;0.0;0.0;;0.0;0.0;0.0;24.0;11.0;100.0;Almere City;;0.0;0.0;1.9;0;0.0;0 - 0;4.0;De Graafschap;;0.0;0.0;3.5;0;0.0;-0.5 (-0.25);0 - 0;0-0;3.25 (3.25);1.25 (1.25);-;nan;;;;;;;;;;;;;;;;14.0;10.0;6.0;5.0;69.0;31.0;0.0;3.0;0.0;0.0;;[];[];[];[];[];[];[];[];1.0;0.0;0.0;1.0;0.0;0.0;;;;;;;
2026-05-06;194053589;UAE Pro League;UAE;13:45;Schedule;0.5137491616364857;1.925;3.0, 3.5;1.875;3.0, 3.5;0.0;0.0;;0.0;0.0;0.0;43.0;14.0;100.0;Shabab Al Ahli Dubai;;0.0;0.0;1.42;0;0.0;0 - 0;4.5;Al Nasr SC;;0.0;1.0;5.25;1;0.0;-1.25 ( -1);0 - 0;0-0;3.25 (2.75);1.25 (0.75);9 - 2;nan;;;;;;;;;;;;;;;;19.0;24.0;2.0;12.0;49.0;51.0;4.0;2.0;2.0;1.0;;[28];[1];[False];['Al Nasr SC'];[0];[-1];['D'];['A'];0.31;0.0;0.69;0.62;0.0;0.38;;;;;;;
2026-05-06;194048478;Sweden Damallsvenskan;Sweden;14:00;Schedule;0.9175579322638145;1.9;4.0;1.9;4.0;0.0;0.0;;0.0;0.0;0.0;21.0;16.0;100.0;Hammarby (W);;0.0;0.0;1.056;0;0.0;0 - 0;11.0;IK Uppsala (W);;0.0;0.0;34.0;0;0.0;-3.25 (-3.25);0 - 0;0-0;4.0 (4.25);1.75 (1.75);-;nan;;;;;;;;;;;;;;;;7.0;14.0;3.0;13.0;27.0;73.0;0.0;0.0;0.0;1.0;;[];[];[];[];[];[];[];[];1.0;0.0;0.0;1.0;0.0;0.0;;;;;;;Women
2026-05-06;194043442;Argentina Nacional Reserve League;Argentina;14:00;Schedule;0.2271062271062272;1.95;2.0, 2.5;1.85;2.0, 2.5;0.0;0.0;;0.0;0.0;0.0;30.0;15.0;100.0;Almagro Reserves;;0.0;0.0;1.95;0;0.0;0 - 0;3.2;Defensores de Belgrano Reserves;;0.0;0.0;3.5;0;0.0;-0.5;0 - 0;0-0;2.25;0.75;-;nan;;;;;;;;;;;;;;;;14.0;16.0;5.0;10.0;67.0;33.0;1.0;1.0;0.0;0.0;;[];[];[];[];[];[];[];[];1.0;0.0;0.0;1.0;0.0;0.0;;;;;;;Youth
2026-05-06;194045391;Israel Premier League;Israel;14:00;Schedule;-0.38109756097560976;1.975;3.0, 3.5;1.825;3.0, 3.5;0.0;0.0;;0.0;0.0;0.0;45.0;24.0;100.0;Maccabi Haifa;5.0;0.0;0.0;4.1;0;0.0;0 - 0;3.9;Hapoel Beer Sheva;1.0;0.0;0.0;1.6;0;0.0;+0.75;0 - 0;0-0;3.25;1.25;-;nan;;;;;;;;;;;;;;;;18.0;27.0;9.0;15.0;50.0;50.0;1.0;2.0;1.0;1.0;;[];[];[];[];[];[];[];[];1.0;0.0;0.0;1.0;0.0;0.0;;;;;;;
2026-05-06;193754987;Lithuania A Lyga;Lithuania;14:00;Schedule;0.20512820512820518;1.825;2.5;1.975;2.5;0.0;0.0;;0.0;0.0;0.0;21.0;10.0;100.0;FK Transinvest;;0.0;0.0;1.95;0;0.0;0 - 0;3.4;Suduva Marijampole;;0.0;0.0;3.25;0;0.0;-0.5 (-0.25);0 - 0;0-0;2.5 ( 2.5);1.0 ( 1);-;nan;;;;;;;;;;;;;;;;12.0;9.0;3.0;7.0;51.0;49.0;0.0;2.0;0.0;0.0;;[];[];[];[];[];[];[];[];1.0;0.0;0.0;1.0;0.0;0.0;;;;;;;
2026-05-06;194054318;Poland IV Liga;Poland;14:00;Schedule;0.36987057076172297;1.95;3.0, 3.5;1.85;3.0, 3.5;0.0;0.0;;0.0;0.0;0.0;0.0;0.0;100.0;Polonia Lidzbark;;0.0;0.0;1.571;0;0.0;0 - 0;4.75;Pisa Barczewo;;0.0;0.0;3.75;1;0.0;-1.0;0 - 0;0-0;3.25;1.25;-;nan;;;;;;;;;;;;;;;;0.0;0.0;0.0;0.0;41.0;59.0;0.0;0.0;1.0;0.0;;[2];[1];[False];['Pisa Barczewo'];[0];[-1];['D'];['A'];0.02;0.0;0.98;0.04;0.0;0.96;;;;;;;
2026-05-06;193070342;Germany Regionalliga North;Germany;14:00;Schedule;-0.10582010582010581;;;;;0.0;0.0;;0.0;0.0;0.0;0.0;0.0;;St Pauli II;;0.0;0.0;2.7;0;0.0;0 - 0;3.8;Bremer SV;;0.0;0.0;2.1;0;0.0;nan;0 - 0;0-0;;nan;-;nan;;;;;;;;;;;;;;;;0.0;0.0;0.0;0.0;;;0.0;0.0;0.0;0.0;;[];[];[];[];[];[];[];[];1.0;0.0;0.0;1.0;0.0;0.0;;;;;;;Youth
2026-05-06;194102776;Iraq Stars League;Iraq;14:00;Schedule;0.49275362318840576;1.95;2.0, 2.5;1.85;2.0, 2.5;0.0;0.0;;0.0;0.0;0.0;25.0;13.0;;Al Quwa Al Jawiya;;0.0;0.0;1.5;0;0.0;0 - 0;3.5;Mosul FC;;0.0;0.0;5.75;0;0.0;-1.0;0 - 0;0-0;2.25;1.0;-;nan;;;;;;;;;;;;;;;;10.0;15.0;4.0;9.0;;;0.0;1.0;0.0;0.0;;[];[];[];[];[];[];[];[];1.0;0.0;0.0;1.0;0.0;0.0;;;;;;;
2026-05-06;194093919;Nigeria National League;Nigeria;14:00;Schedule;-0.09961685823754785;2.0;2.0;1.8;2.0;0.0;0.0;;0.0;0.0;0.0;0.0;0.0;;Ranchers Bees;;0.0;0.0;2.9;0;0.0;0 - 0;3.1;Inter Lagos;;0.0;0.0;2.25;0;0.0;+0.25;0 - 0;0-0;2.0;0.75;-;nan;;;;;;;;;;;;;;;;0.0;0.0;0.0;0.0;;;0.0;0.0;0.0;0.0;;[];[];[];[];[];[];[];[];1.0;0.0;0.0;1.0;0.0;0.0;;;;;;;
2026-05-06;194043489;Belgium Super League Women;Belgium;14:00;Schedule;0.24642289348171692;2.0;2.5, 3.0;1.8;2.5, 3.0;0.0;0.0;;0.0;0.0;0.0;23.0;12.0;;Zulte-Waregem (W);;0.0;0.0;1.85;0;0.0;0 - 0;3.4;Genk (W);;0.0;0.0;3.4;0;0.0;-0.5 (-0.25);0 - 0;0-0;2.75 ( 2.5);1.0 ( 1);-;nan;;;;;;;;;;;;;;;;11.0;12.0;6.0;6.0;;;2.0;0.0;0.0;0.0;;[];[];[];[];[];[];[];[];1.0;0.0;0.0;1.0;0.0;0.0;;;;;;;Women
2026-05-06;194094408;Sweden 2.div Norrland;Sweden;14:00;Schedule;-0.4444444444444444;1.9;3.0, 3.5;1.9;3.0, 3.5;3.0;0.0;;3.0;0.0;3.0;22.0;17.0;100.0;IFK Umeå;;0.0;0.0;4.5;0;0.0;0 - 0;4.333;Umeå FC Academy;;0.0;0.0;1.5;0;0.0;+1.0 ( +1);3 - 0;3-0;3.25 (3.25);1.25 (1.25);4 -;nan;;;;;;;;;;;;;;;;16.0;6.0;10.0;7.0;57.0;43.0;1.0;1.0;0.0;0.0;;[];[];[];[];[];[];[];[];1.0;0.0;0.0;1.0;0.0;0.0;;;;;;;
2026-05-06;193327111;Bulgaria First League;Bulgaria;14:00;Schedule;-0.07211538461538458;2.05;2.0;1.75;2.0;0.0;0.0;;0.0;0.0;0.0;18.0;10.0;100.0;Spartak Varna;;0.0;0.0;3.2;0;0.0;0 - 0;2.75;Dobrudzha 1919 Dobrich;;0.0;0.0;2.6;0;0.0;+0.25;0 - 0;0-0;2.0;0.75;-;nan;;;;;;;;;;;;;;;;9.0;9.0;3.0;7.0;36.0;64.0;0.0;0.0;0.0;0.0;;[];[];[];[];[];[];[];[];1.0;0.0;0.0;1.0;0.0;0.0;;;;;;;
2026-05-06;194102767;Iraq Stars League;Iraq;14:00;Schedule;-0.08995502248875564;1.875;2.0;1.925;2.0;0.0;0.0;;0.0;0.0;0.0;16.0;15.0;;Al Karkh;;0.0;0.0;2.9;0;0.0;0 - 0;2.9;Zakho;;0.0;0.0;2.3;0;0.0;+0.25 (+0.25);0 - 0;0-0;2.0 ( 2);0.75 (0.75);- 2;nan;;;;;;;;;;;;;;;;8.0;8.0;11.0;4.0;;;2.0;1.0;0.0;0.0;;[];[];[];[];[];[];[];[];1.0;0.0;0.0;1.0;0.0;0.0;;;;;;;
2026-05-06;193070340;Germany Regionalliga North;Germany;14:00;Schedule;-0.29332450988501946;;;;;0.0;0.0;;0.0;0.0;0.0;0.0;0.0;;Vfb Lubeck;;0.0;0.0;3.5;0;0.0;0 - 0;4.1;VfB Oldenburg;;0.0;0.0;1.727;0;0.0;nan;0 - 0;0-0;;nan;-;nan;;;;;;;;;;;;;;;;0.0;0.0;0.0;0.0;;;0.0;0.0;0.0;0.0;;[];[];[];[];[];[];[];[];1.0;0.0;0.0;1.0;0.0;0.0;;;;;;;
2026-05-06;194048567;Finland Kolmonen;Finland;14:00;Schedule;0.8334233423342334;1.8;4.0, 4.5;2.0;4.0, 4.5;1.0;0.0;;1.0;0.0;1.0;0.0;0.0;100.0;TPV II;;0.0;0.0;1.111;0;0.0;0 - 0;9.5;Loiske;;0.0;0.0;15.0;0;0.0;-2.75 ( -2.5);1 - 0;1-0;4.25 (4.25);1.75 (1.75);-;nan;;;;;;;;;;;;;;;;0.0;0.0;0.0;0.0;40.0;60.0;0.0;0.0;0.0;0.0;;[];[];[];[];[];[];[];[];1.0;0.0;0.0;1.0;0.0;0.0;;;;;;;Youth
2026-05-06;194054313;Poland IV Liga;Poland;14:00;Schedule;0.6445444319460067;1.85;3.0, 3.5;1.95;3.0, 3.5;0.0;0.0;;0.0;0.0;0.0;0.0;0.0;100.0;Tecza Biskupiec;;0.0;0.0;1.27;1;0.0;0 - 0;5.25;Granica Ketrzyn;;0.0;0.0;7.0;1;0.0;-1.75;0 - 0;0-0;3.25;1.25;-;nan;;;;;;;;;;;;;;;;0.0;0.0;0.0;0.0;24.0;76.0;0.0;0.0;1.0;1.0;;[ 1 11];[1 1];[False False];['Granica Ketrzyn' 'Tecza Biskupiec'];[ 0 -1];[-1  0];['D' 'A'];['A' 'D'];0.89;0.0;0.11;0.78;0.0;0.22;;;;;;;
2026-05-06;194044931;Georgia First League;Georgia;14:00;Schedule;0.29914529914529914;1.95;2.0, 2.5;1.85;2.0, 2.5;0.0;0.0;;0.0;0.0;0.0;24.0;12.0;100.0;Sioni Bolnisi;9.0;0.0;0.0;1.8;0;0.0;0 - 0;3.3;FC Gori;10.0;0.0;0.0;3.9;0;0.0;-0.5 ( -0.5);0 - 0;0-0;2.25 ( 2);1.0 (0.75);1 -;nan;;;;;;;;;;;;;;;;13.0;11.0;5.0;7.0;47.0;53.0;1.0;1.0;0.0;0.0;;[];[];[];[];[];[];[];[];1.0;0.0;0.0;1.0;0.0;0.0;;;;;;;
2026-05-06;194044757;Georgia Erovnuli Liga;Georgia;14:00;Schedule;0.24060150375939848;1.85;2.5;1.95;2.5;0.0;0.0;;0.0;0.0;0.0;62.0;24.0;100.0;FC Gagra;8.0;0.0;0.0;1.9;0;0.0;0 - 0;3.4;Dinamo Batumi;10.0;0.0;0.0;3.5;0;0.0;-0.5 (-0.25);0 - 0;0-0;2.5 ( 2.5);1.0 ( 1);- 1;nan;;;;;;;;;;;;;;;;30.0;32.0;12.0;12.0;59.0;41.0;0.0;2.0;0.0;0.0;;[];[];[];[];[];[];[];[];1.0;0.0;0.0;1.0;0.0;0.0;;;;;;;
2026-05-06;194045161;Iceland Premier League Women;Iceland;14:00;Schedule;-0.1814882032667876;1.8;3.0;2.0;3.0;0.0;0.0;;0.0;0.0;0.0;21.0;14.0;100.0;Thor/KA Akureyri (W);;0.0;0.0;2.9;0;0.0;0 - 0;4.1;Stjarnan (W);;0.0;0.0;1.9;1;0.0;+0.5 (+0.25);0 - 0;0-0;3.0 ( 3);1.25 (1.25);-;nan;;;;;;;;;;;;;;;;11.0;10.0;10.0;4.0;49.0;51.0;0.0;1.0;3.0;0.0;;[9];[1];[False];['Stjarnan (W)'];[0];[-1];['D'];['A'];0.1;0.0;0.9;0.2;0.0;0.8;;;;;;;Women
2026-05-06;194152426;Finland Ykkonen Women;Finland;14:00;Schedule;0.5762745034084609;1.825;3.5, 4.0;1.975;3.5, 4.0;0.0;0.0;;0.0;0.0;0.0;35.0;22.0;;FC Honka (W);;0.0;0.0;1.333;1;0.0;0 - 0;5.25;FC Lahti (W);;0.0;0.0;5.75;0;0.0;-1.5 (-1.75);0 - 0;0-0;3.75 (3.75);1.5 ( 1.5);1 - 1;nan;;;;;;;;;;;;;;;;18.0;17.0;7.0;15.0;;;0.0;0.0;0.0;1.0;;[7];[1];[False];['FC Honka (W)'];[0];[1];['D'];['H'];0.08;0.92;0.0;0.16;0.84;0.0;;;;;;;Women
2026-05-06;194048564;Finland Kolmonen;Finland;14:15;Schedule;-0.09564801530368244;1.825;3.5, 4.0;1.975;3.5, 4.0;0.0;0.0;;0.0;0.0;0.0;0.0;0.0;100.0;LePa;;0.0;0.0;2.55;0;0.0;0 - 0;4.2;HooGee;;0.0;0.0;2.05;0;0.0;+0.25;0 - 0;0-0;3.75;1.5;-;nan;;;;;;;;;;;;;;;;0.0;0.0;0.0;0.0;50.0;50.0;0.0;0.0;0.0;0.0;;[];[];[];[];[];[];[];[];1.0;0.0;0.0;1.0;0.0;0.0;;;;;;;
2026-05-06;194094167;Tanzania Premier League;Tanzania;14:30;Schedule;0.1515151515151515;1.85;2.0;1.95;2.0;0.0;0.0;;0.0;0.0;0.0;0.0;0.0;;Mtibwa Sugar;7.0;0.0;0.0;2.2;0;0.0;0 - 0;2.5;Dodoma Jiji FC;9.0;0.0;0.0;3.3;0;0.0;-0.25;0 - 0;0-0;2.0;0.75;-;nan;;;;;;;;;;;;;;;;0.0;0.0;0.0;0.0;;;0.0;0.0;0.0;0.0;;[];[];[];[];[];[];[];[];1.0;0.0;0.0;1.0;0.0;0.0;;;;;;;
2026-05-06;193113749;South Africa Premier;South Africa;14:30;Schedule;0.1014492753623189;1.775;1.5, 2.0;2.025;1.5, 2.0;0.0;0.0;;0.0;0.0;0.0;0.0;0.0;;Richards Bay FC;;0.0;0.0;2.3;0;0.0;0 - 0;2.8;Polokwane City;;0.0;0.0;3.0;0;0.0;-0.25;0 - 0;0-0;1.75;0.75;-;nan;;;;;;;;;;;;;;;;0.0;0.0;0.0;0.0;;;0.0;0.0;0.0;0.0;;[];[];[];[];[];[];[];[];1.0;0.0;0.0;1.0;0.0;0.0;;;;;;;
2026-05-06;193113718;South Africa Premier;South Africa;14:30;Schedule;0.14204545454545453;2.05;2.0, 2.5;1.75;2.0, 2.5;0.0;0.0;;0.0;0.0;0.0;0.0;0.0;;Amazulu;;0.0;0.0;2.2;0;0.0;0 - 0;3.0;Golden Arrows;;0.0;0.0;3.2;0;0.0;-0.25;0 - 0;0-0;2.25;0.75;-;nan;;;;;;;;;;;;;;;;0.0;0.0;0.0;0.0;;;0.0;0.0;0.0;0.0;;[];[];[];[];[];[];[];[];1.0;0.0;0.0;1.0;0.0;0.0;;;;;;;
2026-05-06;193113721;South Africa Premier;South Africa;14:30;Schedule;0.5218295218295218;1.975;2.0, 2.5;1.825;2.0, 2.5;0.0;0.0;;0.0;0.0;0.0;0.0;0.0;;Mamelodi Sundowns;;0.0;0.0;1.48;0;0.0;0 - 0;3.5;Kaizer Chiefs;;0.0;0.0;6.5;0;0.0;-1.0;0 - 0;0-0;2.25;1.0;-;nan;;;;;;;;;;;;;;;;0.0;0.0;0.0;0.0;;;0.0;0.0;0.0;0.0;;[];[];[];[];[];[];[];[];1.0;0.0;0.0;1.0;0.0;0.0;;;;;;;
2026-05-06;193113732;South Africa Premier;South Africa;14:30;Schedule;0.1014492753623189;2.0;2.0;1.8;2.0;0.0;0.0;;0.0;0.0;0.0;0.0;0.0;;Marumo Gallants;;0.0;0.0;2.3;0;0.0;0 - 0;3.0;TS Galaxy;;0.0;0.0;3.0;0;0.0;-0.25;0 - 0;0-0;2.0;0.75;-;nan;;;;;;;;;;;;;;;;0.0;0.0;0.0;0.0;;;0.0;0.0;0.0;0.0;;[];[];[];[];[];[];[];[];1.0;0.0;0.0;1.0;0.0;0.0;;;;;;;
2026-05-06;194046724;Republic of Ireland Leinster Senior League;Ireland;14:45;Schedule;-0.10582010582010581;1.925;3.0;1.875;3.0;0.0;0.0;;0.0;0.0;0.0;0.0;0.0;;St Mochtas;;0.0;0.0;2.7;0;0.0;0 - 0;3.7;Malahide Utd;;0.0;0.0;2.1;0;0.0;+0.25;0 - 0;0-0;3.0;1.25;-;nan;;;;;;;;;;;;;;;;0.0;0.0;0.0;0.0;;;0.0;0.0;0.0;0.0;;[];[];[];[];[];[];[];[];1.0;0.0;0.0;1.0;0.0;0.0;;;;;;;
2026-05-06;194046749;Republic of Ireland Leinster Senior League;Ireland;14:45;Schedule;0.23751023751023742;1.825;2.5, 3.0;1.975;2.5, 3.0;0.0;0.0;;0.0;0.0;0.0;0.0;0.0;;Ballymun United;;0.0;0.0;1.85;0;0.0;0 - 0;3.7;Usher Celtic;;0.0;0.0;3.3;0;0.0;-0.5;0 - 0;0-0;2.75;1.25;-;nan;;;;;;;;;;;;;;;;0.0;0.0;0.0;0.0;;;0.0;0.0;0.0;0.0;;[];[];[];[];[];[];[];[];1.0;0.0;0.0;1.0;0.0;0.0;;;;;;;
2026-05-06;194046736;Republic of Ireland Leinster Senior League;Ireland;14:45;Schedule;-0.13066202090592338;1.9;3.0, 3.5;1.9;3.0, 3.5;0.0;0.0;;0.0;0.0;0.0;0.0;0.0;;Killester Donnycarney FC;;0.0;0.0;2.8;0;0.0;0 - 0;3.75;Lucan United;;0.0;0.0;2.05;0;0.0;+0.25;0 - 0;0-0;3.25;1.25;-;nan;;;;;;;;;;;;;;;;0.0;0.0;0.0;0.0;;;0.0;0.0;0.0;0.0;;[];[];[];[];[];[];[];[];1.0;0.0;0.0;1.0;0.0;0.0;;;;;;;
2026-05-06;194094534;Brazil Campeonato Capixaba U20;Brazil;15:00;Schedule;0.06441223832528187;1.9;2.5, 3.0;1.9;2.5, 3.0;0.0;0.0;;0.0;0.0;0.0;0.0;0.0;;Vilavelhense U20;;0.0;0.0;2.3;0;0.0;0 - 0;3.2;Vitoria ES U20;;0.0;0.0;2.7;0;0.0;-0.25;0 - 0;0-0;2.75;1.25;-;nan;;;;;;;;;;;;;;;;0.0;0.0;0.0;0.0;;;0.0;0.0;0.0;0.0;;[];[];[];[];[];[];[];[];1.0;0.0;0.0;1.0;0.0;0.0;;;;;;;Youth
2026-05-06;194094559;Brazil Campeonato Carioca B1 U20;Brazil;15:00;Schedule;0.6666666666666667;1.85;3.0, 3.5;1.95;3.0, 3.5;0.0;0.0;;0.0;0.0;0.0;0.0;0.0;;Artsul U20;;0.0;0.0;1.25;0;0.0;0 - 0;5.5;Macae Esporte RJ U20;;0.0;0.0;7.5;0;0.0;-1.75;0 - 0;0-0;3.25;1.25;-;nan;;;;;;;;;;;;;;;;0.0;0.0;0.0;0.0;;;0.0;0.0;0.0;0.0;;[];[];[];[];[];[];[];[];1.0;0.0;0.0;1.0;0.0;0.0;;;;;;;Youth
2026-05-06;194149446;Mexico Liga TDP;Mexico;15:00;Schedule;0.30115830115830117;2.0;3.0;1.8;3.0;0.0;0.0;;0.0;0.0;0.0;0.0;0.0;;CD Muxes;;0.0;0.0;1.75;0;0.0;0 - 0;3.7;CD Delfines Coatzacoalcos;;0.0;0.0;3.7;0;0.0;-0.5;0 - 0;0-0;3.0;1.25;-;nan;;;;;;;;;;;;;;;;0.0;0.0;0.0;0.0;;;0.0;0.0;0.0;0.0;;[];[];[];[];[];[];[];[];1.0;0.0;0.0;1.0;0.0;0.0;;;;;;;
2026-05-06;194048480;Switzerland 2. Liga Interregional;Switzerland;15:00;Schedule;0.0444444444444444;1.925;3.0;1.875;3.0;0.0;0.0;;0.0;0.0;0.0;0.0;0.0;;FC Champagne Sport;;0.0;0.0;2.25;0;0.0;0 - 0;3.7;Stade Lausanne-Ouchy II;;0.0;0.0;2.5;0;0.0;0.0;0 - 0;0-0;3.0;1.25;-;nan;;;;;;;;;;;;;;;;0.0;0.0;0.0;0.0;;;0.0;0.0;0.0;0.0;;[];[];[];[];[];[];[];[];1.0;0.0;0.0;1.0;0.0;0.0;;;;;;;Youth
2026-05-06;194054246;Morocco GNF 1;Morocco;15:00;Schedule;0.49231572080887154;2.025;2.0, 2.5;1.775;2.0, 2.5;0.0;0.0;;0.0;0.0;0.0;0.0;0.0;;WAC Casablanca;;0.0;0.0;1.533;0;0.0;0 - 0;3.4;CODM Meknes;;0.0;0.0;6.25;0;0.0;-1.0;0 - 0;0-0;2.25;0.75;-;nan;;;;;;;;;;;;;;;;0.0;0.0;0.0;0.0;;;0.0;0.0;0.0;0.0;;[];[];[];[];[];[];[];[];1.0;0.0;0.0;1.0;0.0;0.0;;;;;;;
2026-05-06;194048326;Brazil Campeonato Gaucho U20;Brazil;15:00;Schedule;-0.5157421289355323;1.8;2.5;2.0;2.5;0.0;0.0;;0.0;0.0;0.0;0.0;0.0;;Caxias U20;;0.0;0.0;5.75;0;0.0;0 - 0;4.0;Internacional U20;;0.0;0.0;1.45;0;0.0;+1.25;0 - 0;0-0;2.5;1.0;-;nan;;;;;;;;;;;;;;;;0.0;0.0;0.0;0.0;;;0.0;0.0;0.0;0.0;;[];[];[];[];[];[];[];[];1.0;0.0;0.0;1.0;0.0;0.0;;;;;;;Youth
2026-05-06;194048335;Brazil Catarinense 2;Brazil;15:00;Schedule;-0.13178294573643412;2.05;2.0, 2.5;1.75;2.0, 2.5;0.0;0.0;;0.0;0.0;0.0;0.0;0.0;;Guarani de Palhoca;;0.0;0.0;3.0;0;0.0;0 - 0;3.2;Caravaggio;;0.0;0.0;2.15;0;0.0;+0.25;0 - 0;0-0;2.25;0.75;-;nan;;;;;;;;;;;;;;;;0.0;0.0;0.0;0.0;;;0.0;0.0;0.0;0.0;;[];[];[];[];[];[];[];[];1.0;0.0;0.0;1.0;0.0;0.0;;;;;;;
2026-05-06;194048332;Brazil Catarinense 2;Brazil;15:00;Schedule;0.92296918767507;1.875;3.5;1.925;3.5;0.0;0.0;;0.0;0.0;0.0;0.0;0.0;;Tubarao;;0.0;0.0;1.05;0;0.0;0 - 0;8.0;SC Jaragua;;0.0;0.0;34.0;0;0.0;-2.5;0 - 0;0-0;3.5;1.5;-;nan;;;;;;;;;;;;;;;;0.0;0.0;0.0;0.0;;;0.0;0.0;0.0;0.0;;[];[];[];[];[];[];[];[];1.0;0.0;0.0;1.0;0.0;0.0;;;;;;;
2026-05-06;194043662;Brazil Serie A U20;Brazil;15:00;Schedule;0.5224071702944943;1.8;3.0;2.0;3.0;0.0;0.0;;0.0;0.0;0.0;0.0;0.0;;Cruzeiro U20;;0.0;0.0;1.42;0;0.0;0 - 0;4.333;Gremio U20;;0.0;0.0;5.5;0;0.0;-1.25;0 - 0;0-0;3.0;1.25;-;nan;;;;;;;;;;;;;;;;0.0;0.0;0.0;0.0;;;0.0;0.0;0.0;0.0;;[];[];[];[];[];[];[];[];1.0;0.0;0.0;1.0;0.0;0.0;;;;;;;Youth
2026-05-06;194188202;El Salvador Reserves League;El Salvador;15:00;Schedule;0.4143150152061674;1.825;3.0;1.975;3.0;0.0;0.0;;0.0;0.0;0.0;0.0;0.0;;CD Aguila Reserves;;0.0;0.0;1.571;0;0.0;0 - 0;4.0;Zacatecoluca FC Reserves;;0.0;0.0;4.5;0;0.0;-1.0;0 - 0;0-0;3.0;1.25;-;nan;;;;;;;;;;;;;;;;0.0;0.0;0.0;0.0;;;0.0;0.0;0.0;0.0;;[];[];[];[];[];[];[];[];1.0;0.0;0.0;1.0;0.0;0.0;;;;;;;Youth
2026-05-06;194150715;Brazil Campeonato Catarinense;Brazil;15:00;Schedule;-0.4765372374283896;1.95;2.0;1.85;2.0;0.0;0.0;;0.0;0.0;0.0;0.0;0.0;;Juventus SC;;0.0;0.0;6.25;0;0.0;0 - 0;3.2;Blumenau;;0.0;0.0;1.571;0;0.0;+0.75;0 - 0;0-0;2.0;0.75;-;nan;;;;;;;;;;;;;;;;0.0;0.0;0.0;0.0;;;0.0;0.0;0.0;0.0;;[];[];[];[];[];[];[];[];1.0;0.0;0.0;1.0;0.0;0.0;;;;;;;
2026-05-06;194044301;Argentina Liga Profesional Reserves;Argentina;15:00;Schedule;0.27738264580369837;1.8;2.0, 2.5;2.0;2.0, 2.5;0.0;0.0;;0.0;0.0;0.0;0.0;0.0;;Rosario Central Reserves;;0.0;0.0;1.85;0;0.0;0 - 0;3.2;Gimnasia LP Reserves;;0.0;0.0;3.8;0;0.0;-0.5;0 - 0;0-0;2.25;1.0;-;nan;;;;;;;;;;;;;;;;0.0;0.0;0.0;0.0;;;0.0;0.0;0.0;0.0;;[];[];[];[];[];[];[];[];1.0;0.0;0.0;1.0;0.0;0.0;;;;;;;Youth
2026-05-06;194089919;Uruguay Primera Division Amateur;Uruguay;15:00;Schedule;0.47049753899068975;2.0;2.5;1.8;2.5;0.0;0.0;;0.0;0.0;0.0;0.0;0.0;;Rampla Juniors;;0.0;0.0;1.533;0;0.0;0 - 0;3.6;Mar de Fondo;;0.0;0.0;5.5;0;0.0;-1.0;0 - 0;0-0;2.5;1.0;-;nan;;;;;;;;;;;;;;;;0.0;0.0;0.0;0.0;;;0.0;0.0;0.0;0.0;;[];[];[];[];[];[];[];[];1.0;0.0;0.0;1.0;0.0;0.0;;;;;;;
2026-05-06;194043745;Brazil Serie A U20;Brazil;15:00;Schedule;0.4666666666666666;1.9;3.0;1.9;3.0;0.0;0.0;;0.0;0.0;0.0;0.0;0.0;;Athletico Paranaense U20;;0.0;0.0;1.5;0;0.0;0 - 0;4.0;Criciuma U20;;0.0;0.0;5.0;0;0.0;-1.0;0 - 0;0-0;3.0;1.25;-;nan;;;;;;;;;;;;;;;;0.0;0.0;0.0;0.0;;;0.0;0.0;0.0;0.0;;[];[];[];[];[];[];[];[];1.0;0.0;0.0;1.0;0.0;0.0;;;;;;;Youth
2026-05-06;194089756;Italy Serie C Play-Offs;Italy;15:00;Schedule;0.12121212121212122;1.95;2.0, 2.5;1.85;2.0, 2.5;0.0;0.0;;0.0;0.0;0.0;0.0;0.0;;Juventus U23;;0.0;0.0;2.2;0;0.0;0 - 0;3.1;US Pianese;;0.0;0.0;3.0;0;0.0;-0.25;0 - 0;0-0;2.25;1.0;-;nan;;;;;;;;;;;;;;;;0.0;0.0;0.0;0.0;;;0.0;0.0;0.0;0.0;;[];[];[];[];[];[];[];[];1.0;0.0;0.0;1.0;0.0;0.0;;;;;;;Youth
2026-05-06;194043387;Brazil Campeonato Carioca A2;Brazil;15:00;Schedule;-0.1122019635343619;1.775;1.5, 2.0;2.025;1.5, 2.0;0.0;0.0;;0.0;0.0;0.0;0.0;0.0;;Audax RJ;;0.0;0.0;3.1;0;0.0;0 - 0;2.5;America RJ;;0.0;0.0;2.3;0;0.0;+0.25;0 - 0;0-0;1.75;0.75;-;nan;;;;;;;;;;;;;;;;0.0;0.0;0.0;0.0;;;0.0;0.0;0.0;0.0;;[];[];[];[];[];[];[];[];1.0;0.0;0.0;1.0;0.0;0.0;;;;;;;
2026-05-06;194094537;Brazil Campeonato Carioca B1 U20;Brazil;15:00;Full;-0.11904761904761901;1.975;3.0, 3.5;1.825;3.0, 3.5;13.0;3.0;;8.0;3.0;11.0;149.0;100.0;;Niteroiense U20;;0.0;3.0;2.8;0;1.0;1 - 1;3.5;Sao Cristovao U20;;1.0;2.0;2.1;1;1.0;0.0;13 - 3;8-3;3.25;1.25;65 - 35;-;0.0;0.0;;;0.0;0.0;0.0;0.0;;;;;;;;66.0;83.0;35.0;65.0;;;6.0;6.0;4.0;3.0;;[37 54];[1 2];[False False];['Sao Cristovao U20' 'Niteroiense U20'];[ 0 -1];[-1  0];['D' 'A'];['A' 'D'];0.81;0.0;0.19;0.82;0.0;0.18;;;;;;;Youth
2026-05-06;194089748;Italy Serie C Play-Offs;Italy;15:00;Schedule;0.23219814241486064;1.925;2.5;1.875;2.5;0.0;0.0;;0.0;0.0;0.0;0.0;0.0;;Cosenza;;0.0;0.0;1.9;0;0.0;0 - 0;3.3;SSD Casarano Calcio;;0.0;0.0;3.4;0;0.0;-0.5;0 - 0;0-0;2.5;1.0;-;nan;;;;;;;;;;;;;;;;0.0;0.0;0.0;0.0;;;0.0;0.0;0.0;0.0;;[];[];[];[];[];[];[];[];1.0;0.0;0.0;1.0;0.0;0.0;;;;;;;
2026-05-06;194089744;Italy Serie C Play-Offs;Italy;15:00;Schedule;0.3016512980187085;1.775;2.0, 2.5;2.025;2.0, 2.5;0.0;0.0;;0.0;0.0;0.0;0.0;0.0;;Cittadella;;0.0;0.0;1.833;0;0.0;0 - 0;3.25;Lumezzane;;0.0;0.0;4.1;0;0.0;-0.5;0 - 0;0-0;2.25;1.0;-;nan;;;;;;;;;;;;;;;;0.0;0.0;0.0;0.0;;;0.0;0.0;0.0;0.0;;[];[];[];[];[];[];[];[];1.0;0.0;0.0;1.0;0.0;0.0;;;;;;;
2026-05-06;194094546;Brazil Campeonato Carioca B1 U20;Brazil;15:00;Schedule;0.032051282051282104;1.85;2.5, 3.0;1.95;2.5, 3.0;0.0;0.0;;0.0;0.0;0.0;0.0;0.0;;Nova Cidade U20;;0.0;0.0;2.4;0;0.0;0 - 0;3.2;Campo Grande AC U20;;0.0;0.0;2.6;0;0.0;0.0;0 - 0;0-0;2.75;1.25;-;nan;;;;;;;;;;;;;;;;0.0;0.0;0.0;0.0;;;0.0;0.0;0.0;0.0;;[];[];[];[];[];[];[];[];1.0;0.0;0.0;1.0;0.0;0.0;;;;;;;Youth
2026-05-06;193330342;Saudi Arabia Pro League;Saudi Arabia;15:00;Schedule;0.6624015748031495;1.875;3.0, 3.5;1.925;3.0, 3.5;0.0;0.0;;0.0;0.0;0.0;0.0;0.0;;Al Ahli Jeddah;3.0;0.0;0.0;1.27;0;0.0;0 - 0;5.0;Al Fateh SC;12.0;0.0;0.0;8.0;0;0.0;-1.75;0 - 0;0-0;3.25;1.25;-;nan;;;;;;;;;;;;;;;;0.0;0.0;0.0;0.0;;;0.0;0.0;0.0;0.0;;[];[];[];[];[];[];[];[];1.0;0.0;0.0;1.0;0.0;0.0;;;;;;;
2026-05-06;194089738;Italy Serie C Play-Offs;Italy;15:00;Schedule;-0.007843137254901933;1.925;2.0, 2.5;1.875;2.0, 2.5;0.0;0.0;;0.0;0.0;0.0;0.0;0.0;;Casertana;;0.0;0.0;2.55;0;0.0;0 - 0;3.1;Crotone;;0.0;0.0;2.5;0;0.0;0.0;0 - 0;0-0;2.25;1.0;-;nan;;;;;;;;;;;;;;;;0.0;0.0;0.0;0.0;;;0.0;0.0;0.0;0.0;;[];[];[];[];[];[];[];[];1.0;0.0;0.0;1.0;0.0;0.0;;;;;;;
2026-05-06;194043810;Brazil Serie A U20;Brazil;15:00;Schedule;-0.2923976608187135;2.0;2.5;1.8;2.5;0.0;0.0;;0.0;0.0;0.0;0.0;0.0;;Juventude U20;;0.0;0.0;3.8;0;0.0;0 - 0;3.4;Botafogo U20;;0.0;0.0;1.8;0;0.0;+0.5;0 - 0;0-0;2.5;1.0;-;nan;;;;;;;;;;;;;;;;0.0;0.0;0.0;0.0;;;0.0;0.0;0.0;0.0;;[];[];[];[];[];[];[];[];1.0;0.0;0.0;1.0;0.0;0.0;;;;;;;Youth
2026-05-06;194043872;Brazil Serie A U20;Brazil;15:00;Schedule;0.3617847858999628;1.8;2.5;2.0;2.5;0.0;0.0;;0.0;0.0;0.0;0.0;0.0;;Vitoria U20;;0.0;0.0;1.667;0;0.0;0 - 0;3.5;Cuiaba U20;;0.0;0.0;4.2;0;0.0;-0.75;0 - 0;0-0;2.5;1.0;-;nan;;;;;;;;;;;;;;;;0.0;0.0;0.0;0.0;;;0.0;0.0;0.0;0.0;;[];[];[];[];[];[];[];[];1.0;0.0;0.0;1.0;0.0;0.0;;;;;;;Youth
2026-05-06;194044026;Brazil Campeonato Brasileiro Serie B U20;Brazil;15:00;Schedule;-0.09740259740259738;1.85;2.5;1.95;2.5;0.0;0.0;;0.0;0.0;0.0;0.0;0.0;;CRB U20;;0.0;0.0;2.8;0;0.0;0 - 0;3.4;Goias U20;;0.0;0.0;2.2;0;0.0;+0.25;0 - 0;0-0;2.5;1.0;-;nan;;;;;;;;;;;;;;;;0.0;0.0;0.0;0.0;;;0.0;0.0;0.0;0.0;;[];[];[];[];[];[];[];[];1.0;0.0;0.0;1.0;0.0;0.0;;;;;;;Youth
2026-05-06;194048328;Brazil Serie A U20;Brazil;15:00;Schedule;0.1172901921132457;1.95;2.5, 3.0;1.85;2.5, 3.0;0.0;0.0;;0.0;0.0;0.0;0.0;0.0;;Sao Paulo U20;;0.0;0.0;2.15;0;0.0;0 - 0;3.4;Bahia U20;;0.0;0.0;2.875;0;0.0;-0.25;0 - 0;0-0;2.75;1.0;-;nan;;;;;;;;;;;;;;;;0.0;0.0;0.0;0.0;;;0.0;0.0;0.0;0.0;;[];[];[];[];[];[];[];[];1.0;0.0;0.0;1.0;0.0;0.0;;;;;;;Youth
2026-05-06;194044289;Argentina Liga Profesional Reserves;Argentina;15:00;Schedule;0.09661835748792269;2.0;2.0, 2.5;1.8;2.0, 2.5;0.0;0.0;;0.0;0.0;0.0;0.0;0.0;;San Lorenzo Reserves;;0.0;0.0;2.25;0;0.0;0 - 0;3.1;Argentinos Jrs Reserves;;0.0;0.0;2.875;0;0.0;-0.25;0 - 0;0-0;2.25;0.75;-;nan;;;;;;;;;;;;;;;;0.0;0.0;0.0;0.0;;;0.0;0.0;0.0;0.0;;[];[];[];[];[];[];[];[];1.0;0.0;0.0;1.0;0.0;0.0;;;;;;;Youth
2026-05-06;194089732;Italy Serie C Play-Offs;Italy;15:00;Schedule;0.08730158730158727;1.975;2.0, 2.5;1.825;2.0, 2.5;0.0;0.0;;0.0;0.0;0.0;0.0;0.0;;Campobasso;;0.0;0.0;2.25;0;0.0;0 - 0;3.2;ASD Pineto Calcio;;0.0;0.0;2.8;0;0.0;-0.25;0 - 0;0-0;2.25;0.75;-;nan;;;;;;;;;;;;;;;;0.0;0.0;0.0;0.0;;;0.0;0.0;0.0;0.0;;[];[];[];[];[];[];[];[];1.0;0.0;0.0;1.0;0.0;0.0;;;;;;;
2026-05-06;194048330;Brazil Catarinense 2;Brazil;15:00;Schedule;0.38823529411764707;2.0;2.0;1.8;2.0;0.0;0.0;;0.0;0.0;0.0;0.0;0.0;;Metropolitano;;0.0;0.0;1.7;0;0.0;0 - 0;3.1;Nacao Araquari;;0.0;0.0;5.0;0;0.0;-0.75;0 - 0;0-0;2.0;0.75;-;nan;;;;;;;;;;;;;;;;0.0;0.0;0.0;0.0;;;0.0;0.0;0.0;0.0;;[];[];[];[];[];[];[];[];1.0;0.0;0.0;1.0;0.0;0.0;;;;;;;
2026-05-06;194054274;Norway Interkretsserie U19;Norway;15:15;Schedule;-0.19841269841269843;1.975;5.0;1.825;5.0;0.0;0.0;;0.0;0.0;0.0;0.0;0.0;;Ullern U19;;0.0;0.0;2.8;0;0.0;0 - 0;5.25;Skeid U19;;0.0;0.0;1.8;0;0.0;-0.75;0 - 0;0-0;5.0;2.0;-;nan;;;;;;;;;;;;;;;;0.0;0.0;0.0;0.0;;;0.0;0.0;0.0;0.0;;[];[];[];[];[];[];[];[];1.0;0.0;0.0;1.0;0.0;0.0;;;;;;;Youth
2026-05-06;194186703;Mali Cup;Mali;15:15;Schedule;0.6449243889919849;1.9;2.0;1.9;2.0;0.0;0.0;;0.0;0.0;0.0;0.0;0.0;;Real Bamako;;0.0;0.0;1.333;0;0.0;0 - 0;3.9;Mali Coura;;0.0;0.0;9.5;0;0.0;-1.25;0 - 0;0-0;2.0;0.75;-;nan;;;;;;;;;;;;;;;;0.0;0.0;0.0;0.0;;;0.0;0.0;0.0;0.0;;[];[];[];[];[];[];[];[];1.0;0.0;0.0;1.0;0.0;0.0;;;;;;;
2026-05-06;194093480;Mali Premiere Division;Mali;15:30;Schedule;-0.18207282913165262;1.775;1.5, 2.0;2.025;1.5, 2.0;0.0;0.0;;0.0;0.0;0.0;0.0;0.0;;AS Korofina;7.0;0.0;0.0;3.4;0;0.0;0 - 0;2.875;FC Binga;4.0;0.0;0.0;2.1;0;0.0;+0.25;0 - 0;0-0;1.75;0.75;-;nan;;;;;;;;;;;;;;;;0.0;0.0;0.0;0.0;;;0.0;0.0;0.0;0.0;;[];[];[];[];[];[];[];[];1.0;0.0;0.0;1.0;0.0;0.0;;;;;;;
2026-05-06;194043945;Brazil Serie A U20;Brazil;15:30;Schedule;0.2698412698412699;1.875;2.5, 3.0;1.925;2.5, 3.0;0.0;0.0;;0.0;0.0;0.0;0.0;0.0;;Corinthians U20;;0.0;0.0;1.8;0;0.0;0 - 0;3.6;Fluminense U20;;0.0;0.0;3.5;0;0.0;-0.5;0 - 0;0-0;2.75;1.25;-;nan;;;;;;;;;;;;;;;;0.0;0.0;0.0;0.0;;;0.0;0.0;0.0;0.0;;[];[];[];[];[];[];[];[];1.0;0.0;0.0;1.0;0.0;0.0;;;;;;;Youth
2026-05-06;194187573;Republic of Ireland U20 League;Republic of Ireland;15:30;Schedule;0.375;2.0;3.5;1.8;3.5;0.0;0.0;;0.0;0.0;0.0;0.0;0.0;;Finn Harps U20;;0.0;0.0;1.6;0;0.0;0 - 0;4.1;Derry City U20;;0.0;0.0;4.0;0;0.0;-0.75;0 - 0;0-0;3.5;1.5;-;nan;;;;;;;;;;;;;;;;0.0;0.0;0.0;0.0;;;0.0;0.0;0.0;0.0;;[];[];[];[];[];[];[];[];1.0;0.0;0.0;1.0;0.0;0.0;;;;;;;Youth
2026-05-06;192939318;England Super League Women;England;15:45;Schedule;-0.5792916760658695;1.95;3.0, 3.5;1.85;3.0, 3.5;0.0;0.0;;0.0;0.0;0.0;0.0;0.0;;Brighton (W);;0.0;0.0;6.5;0;0.0;0 - 0;5.5;Arsenal (W);;0.0;0.0;1.364;0;0.0;+1.5;0 - 0;0-0;3.25;1.25;-;nan;;;;;;;;;;;;;;;;0.0;0.0;0.0;0.0;;;0.0;0.0;0.0;0.0;;[];[];[];[];[];[];[];[];1.0;0.0;0.0;1.0;0.0;0.0;;;;;;;Women
2026-05-06;194089761;Italy Serie C Play-Offs;Italy;15:45;Schedule;0.14204545454545453;1.975;2.0, 2.5;1.825;2.0, 2.5;0.0;0.0;;0.0;0.0;0.0;0.0;0.0;;Lecco;;0.0;0.0;2.2;0;0.0;0 - 0;3.0;Giana Erminio;;0.0;0.0;3.2;0;0.0;-0.25;0 - 0;0-0;2.25;1.0;-;nan;;;;;;;;;;;;;;;;0.0;0.0;0.0;0.0;;;0.0;0.0;0.0;0.0;;[];[];[];[];[];[];[];[];1.0;0.0;0.0;1.0;0.0;0.0;;;;;;;
2026-05-06;194046784;San Marino Campionato;San Marino;15:45;Schedule;-0.6073304040295788;1.975;3.0;1.825;3.0;0.0;0.0;;0.0;0.0;0.0;0.0;0.0;;AC Juvenes Dogana;;0.0;0.0;7.0;0;0.0;0 - 0;4.333;Virtus Acquaviva;;0.0;0.0;1.333;0;0.0;+1.5;0 - 0;0-0;3.0;1.25;-;nan;;;;;;;;;;;;;;;;0.0;0.0;0.0;0.0;;;0.0;0.0;0.0;0.0;;[];[];[];[];[];[];[];[];1.0;0.0;0.0;1.0;0.0;0.0;;;;;;;
2026-05-06;194054296;Northern Ireland Championship Women;North Ireland;15:45;Schedule;0.19571295433364388;1.975;4.0, 4.5;1.825;4.0, 4.5;0.0;0.0;;0.0;0.0;0.0;0.0;0.0;;St. James Swifts (W);;0.0;0.0;1.85;0;0.0;0 - 0;4.333;Bangor (W);;0.0;0.0;2.9;0;0.0;-0.5;0 - 0;0-0;4.25;1.75;-;nan;;;;;;;;;;;;;;;;0.0;0.0;0.0;0.0;;;0.0;0.0;0.0;0.0;;[];[];[];[];[];[];[];[];1.0;0.0;0.0;1.0;0.0;0.0;;;;;;;Women
2026-05-06;194054290;Northern Ireland Championship Women;North Ireland;15:45;Schedule;0.9184762605815239;1.9;4.5;1.9;4.5;0.0;0.0;;0.0;0.0;0.0;0.0;0.0;;Sion Swifts (W);;0.0;0.0;1.045;0;0.0;0 - 0;17.0;Ballymena Utd (W);;0.0;0.0;26.0;0;0.0;-3.75;0 - 0;0-0;4.5;2.0;-;nan;;;;;;;;;;;;;;;;0.0;0.0;0.0;0.0;;;0.0;0.0;0.0;0.0;;[];[];[];[];[];[];[];[];1.0;0.0;0.0;1.0;0.0;0.0;;;;;;;Women
2026-05-06;194002856;Scotland League One Play-Offs;Scotland;15:45;Full;-0.05102040816326525;1.975;2.5, 3.0;1.825;2.5, 3.0;2.0;3.0;;0.0;2.0;2.0;159.0;119.0;100.0;Forfar;;0.0;1.0;2.8;0;1.0;1 - 3;3.0;Hamilton;;0.0;0.0;2.45;1;3.0;0.0;2 - 3;0-2;2.75;1.0;62 - 57;32 - 28;28.0;32.0;50.0;50.0;4.0;1.0;4.0;1.0;;;;;;;;76.0;83.0;57.0;62.0;50.0;50.0;7.0;2.0;8.0;7.0;;[44 71 76 93];[1 2 2 2];[False False False  True];['Hamilton' 'Hamilton' 'Hamilton' 'Forfar'];[ 0 -1 -2 -3];[-1 -2 -3 -2];['D' 'A' 'A' 'A'];['A' 'A' 'A' 'A'];0.47;0.0;0.53;0.98;0.0;0.02;;;;;;;
2026-05-06;194091433;Northern Ireland Premier;North Ireland;15:45;Schedule;-0.07407407407407407;1.975;3.0;1.825;3.0;0.0;0.0;;0.0;0.0;0.0;0.0;0.0;;Dungannon Swifts;6.0;0.0;0.0;2.7;0;0.0;0 - 0;3.3;Carrick Rangers;7.0;0.0;0.0;2.25;0;0.0;0.0;0 - 0;0-0;3.0;1.25;-;nan;;;;;;;;;;;;;;;;0.0;0.0;0.0;0.0;;;0.0;0.0;0.0;0.0;;[];[];[];[];[];[];[];[];1.0;0.0;0.0;1.0;0.0;0.0;;;;;;;
2026-05-06;194046819;San Marino Campionato;San Marino;15:45;Schedule;-0.5107025938050869;1.925;2.5;1.875;2.5;0.0;0.0;;0.0;0.0;0.0;0.0;0.0;;SS Cosmos;8.0;0.0;0.0;5.5;0;0.0;0 - 0;4.2;Tre Penne;3.0;0.0;0.0;1.444;0;0.0;+1.0;0 - 0;0-0;2.5;1.0;-;nan;;;;;;;;;;;;;;;;0.0;0.0;0.0;0.0;;;0.0;0.0;0.0;0.0;;[];[];[];[];[];[];[];[];1.0;0.0;0.0;1.0;0.0;0.0;;;;;;;
2026-05-06;194002848;Scotland League One Play-Offs;Scotland;15:45;Full;-0.007843137254901933;2.0;2.5;1.8;2.5;1.0;5.0;;1.0;2.0;3.0;160.0;102.0;100.0;Clyde;;0.0;4.0;2.55;1;2.0;2 - 0;3.4;Spartans FC;;0.0;2.0;2.5;0;0.0;0.0;1 - 5;1-2;2.5;1.0;46 - 56;30 - 26;26.0;30.0;48.0;52.0;3.0;5.0;0.0;2.0;;;;;;;;79.0;81.0;56.0;46.0;56.0;44.0;9.0;6.0;1.0;4.0;;[24 64];[1 2];[False False];['Clyde' 'Clyde'];[0 1];[1 2];['D' 'H'];['H' 'H'];0.27;0.73;0.0;0.53;0.47;0.0;;;;;;;
2026-05-06;194090767;Brazil Paulista Women;Brazil;16:00;Schedule;-0.6347478338147079;1.975;3.0;1.825;3.0;0.0;0.0;;0.0;0.0;0.0;0.0;0.0;;Taubate (W);;0.0;0.0;7.0;0;0.0;0 - 0;5.0;Bragantino (W);;0.0;0.0;1.286;0;0.0;+1.5;0 - 0;0-0;3.0;1.25;-;nan;;;;;;;;;;;;;;;;0.0;0.0;0.0;0.0;;;0.0;0.0;0.0;0.0;;[];[];[];[];[];[];[];[];1.0;0.0;0.0;1.0;0.0;0.0;;;;;;;Women
2026-05-06;194094656;Northern Ireland Championship Women;North Ireland;16:00;Schedule;0.24884792626728108;1.825;3.0, 3.5;1.975;3.0, 3.5;0.0;0.0;;0.0;0.0;0.0;0.0;0.0;;Greenisland (W);;0.0;0.0;1.75;0;0.0;0 - 0;4.5;Craigavon City (W);;0.0;0.0;3.1;0;0.0;-0.75;0 - 0;0-0;3.25;1.5;-;nan;;;;;;;;;;;;;;;;0.0;0.0;0.0;0.0;;;0.0;0.0;0.0;0.0;;[];[];[];[];[];[];[];[];1.0;0.0;0.0;1.0;0.0;0.0;;;;;;;Women
2026-05-06;193070547;UEFA Champions League;International (Europe);16:00;Schedule;0.38109756097560976;1.925;4.0;1.925;4.0;0.0;0.0;;0.0;0.0;0.0;0.0;0.0;;Bayern Munich;2.0;0.0;0.0;1.6;0;0.0;0 - 0;5.5;PSG;11.0;0.0;0.0;4.1;0;0.0;-1.0;0 - 0;0-0;4.0;1.75;-;nan;;;;;;;;;;;;;;;;0.0;0.0;0.0;0.0;;;0.0;0.0;0.0;0.0;;[];[];[];[];[];[];[];[];1.0;0.0;0.0;1.0;0.0;0.0;;;;;;;
2026-05-06;194093464;Iceland Premier League Women;Iceland;16:15;Schedule;0.5238095238095238;1.875;3.0, 3.5;1.925;3.0, 3.5;0.0;0.0;;0.0;0.0;0.0;0.0;0.0;;FH Hafnarfjordur (W);;0.0;0.0;1.4;0;0.0;0 - 0;5.0;Grindavik/Njardvik (W);;0.0;0.0;5.25;0;0.0;-1.25;0 - 0;0-0;3.25;1.5;-;nan;;;;;;;;;;;;;;;;0.0;0.0;0.0;0.0;;;0.0;0.0;0.0;0.0;;[];[];[];[];[];[];[];[];1.0;0.0;0.0;1.0;0.0;0.0;;;;;;;Women
2026-05-06;194093460;Iceland Premier League Women;Iceland;16:15;Schedule;-0.5078369905956113;1.925;3.5, 4.0;1.875;3.5, 4.0;0.0;0.0;;0.0;0.0;0.0;0.0;0.0;;Vikingur Reykjavik (W);;0.0;0.0;5.5;0;0.0;0 - 0;4.333;Breidablik (W);;0.0;0.0;1.45;0;0.0;+1.25;0 - 0;0-0;3.75;1.5;-;nan;;;;;;;;;;;;;;;;0.0;0.0;0.0;0.0;;;0.0;0.0;0.0;0.0;;[];[];[];[];[];[];[];[];1.0;0.0;0.0;1.0;0.0;0.0;;;;;;;Women
2026-05-06;194095183;Panama LPF;Panama;17:00;Schedule;0.2631578947368421;1.95;2.0, 2.5;1.85;2.0, 2.5;0.0;0.0;;0.0;0.0;0.0;0.0;0.0;;Union Cocle;;0.0;0.0;1.9;0;0.0;0 - 0;3.2;UMECIT;;0.0;0.0;3.8;0;0.0;-0.5;0 - 0;0-0;2.25;1.0;-;nan;;;;;;;;;;;;;;;;0.0;0.0;0.0;0.0;;;0.0;0.0;0.0;0.0;;[];[];[];[];[];[];[];[];1.0;0.0;0.0;1.0;0.0;0.0;;;;;;;
2026-05-06;194094697;Morocco GNF 1;Morocco;17:00;Schedule;0.047329276538201515;1.9;1.5, 2.0;1.9;1.5, 2.0;0.0;0.0;;0.0;0.0;0.0;0.0;0.0;;MAS Fes;;0.0;0.0;2.55;0;0.0;0 - 0;2.625;Raja Casablanca;;0.0;0.0;2.9;0;0.0;0.0;0 - 0;0-0;1.75;0.75;-;nan;;;;;;;;;;;;;;;;0.0;0.0;0.0;0.0;;;0.0;0.0;0.0;0.0;;[];[];[];[];[];[];[];[];1.0;0.0;0.0;1.0;0.0;0.0;;;;;;;
2026-05-06;194188205;El Salvador Reserves League;El Salvador;17:00;Schedule;-0.4027777777777778;2.0;3.0;1.8;3.0;0.0;0.0;;0.0;0.0;0.0;0.0;0.0;;CD Municipal Limeno Reserves;;0.0;0.0;4.5;0;0.0;0 - 0;3.75;Alianza FC Reserves;;0.0;0.0;1.6;0;0.0;+0.75;0 - 0;0-0;3.0;1.25;-;nan;;;;;;;;;;;;;;;;0.0;0.0;0.0;0.0;;;0.0;0.0;0.0;0.0;;[];[];[];[];[];[];[];[];1.0;0.0;0.0;1.0;0.0;0.0;;;;;;;Youth
2026-05-06;194083687;Brazil Campeonato Carioca A2;Brazil;17:00;Schedule;0.27738264580369837;2.025;2.0;1.775;2.0;0.0;0.0;;0.0;0.0;0.0;0.0;0.0;;Marica;;0.0;0.0;1.85;0;0.0;0 - 0;3.1;Cabofriense;;0.0;0.0;3.8;0;0.0;-0.5;0 - 0;0-0;2.0;0.75;-;nan;;;;;;;;;;;;;;;;0.0;0.0;0.0;0.0;;;0.0;0.0;0.0;0.0;;[];[];[];[];[];[];[];[];1.0;0.0;0.0;1.0;0.0;0.0;;;;;;;
2026-05-06;194075770;Jamaica Premier League;Jamaica;17:30;Schedule;-0.25482625482625476;1.9;2.5, 3.0;1.9;2.5, 3.0;0.0;0.0;;0.0;0.0;0.0;0.0;0.0;;Treasure Beach FC;11.0;0.0;0.0;3.5;0;0.0;0 - 0;3.5;Molynes United FC;12.0;0.0;0.0;1.85;0;0.0;+0.5;0 - 0;0-0;2.75;1.25;-;nan;;;;;;;;;;;;;;;;0.0;0.0;0.0;0.0;;;0.0;0.0;0.0;0.0;;[];[];[];[];[];[];[];[];1.0;0.0;0.0;1.0;0.0;0.0;;;;;;;
2026-05-06;194169289;Jamaica Premier League;Jamaica;17:30;Schedule;0.39421301638587586;1.9;2.5, 3.0;1.9;2.5, 3.0;0.0;0.0;;0.0;0.0;0.0;0.0;0.0;;Cavalier;5.0;0.0;0.0;1.6;0;0.0;0 - 0;3.9;Harbour View FC;13.0;0.0;0.0;4.333;0;0.0;-1.25;0 - 0;0-0;2.75;1.25;-;nan;;;;;;;;;;;;;;;;0.0;0.0;0.0;0.0;;;0.0;0.0;0.0;0.0;;[];[];[];[];[];[];[];[];1.0;0.0;0.0;1.0;0.0;0.0;;;;;;;
2026-05-06;194075765;Jamaica Premier League;Jamaica;17:30;Schedule;0.09740259740259738;1.85;2.5;1.95;2.5;0.0;0.0;;0.0;0.0;0.0;0.0;0.0;;Mount Pleasant FA;1.0;0.0;0.0;2.2;0;0.0;0 - 0;3.25;Montego Bay Utd;2.0;0.0;0.0;2.8;0;0.0;-0.25;0 - 0;0-0;2.5;1.0;-;nan;;;;;;;;;;;;;;;;0.0;0.0;0.0;0.0;;;0.0;0.0;0.0;0.0;;[];[];[];[];[];[];[];[];1.0;0.0;0.0;1.0;0.0;0.0;;;;;;;
2026-05-06;194075760;Jamaica Premier League;Jamaica;17:30;Schedule;0.707219494453537;1.925;3.0, 3.5;1.875;3.0, 3.5;0.0;0.0;;0.0;0.0;0.0;0.0;0.0;;Waterhouse;4.0;0.0;0.0;1.222;0;0.0;0 - 0;5.5;Dunbeholden FC;9.0;0.0;0.0;9.0;0;0.0;-1.5;0 - 0;0-0;3.25;1.25;-;nan;;;;;;;;;;;;;;;;0.0;0.0;0.0;0.0;;;0.0;0.0;0.0;0.0;;[];[];[];[];[];[];[];[];1.0;0.0;0.0;1.0;0.0;0.0;;;;;;;
2026-05-06;194075768;Jamaica Premier League;Jamaica;17:30;Schedule;0.4143150152061674;1.95;2.5, 3.0;1.85;2.5, 3.0;0.0;0.0;;0.0;0.0;0.0;0.0;0.0;;Portmore United;3.0;0.0;0.0;1.571;0;0.0;0 - 0;3.9;Tivoli Gardens;10.0;0.0;0.0;4.5;0;0.0;-1.0;0 - 0;0-0;2.75;1.0;-;nan;;;;;;;;;;;;;;;;0.0;0.0;0.0;0.0;;;0.0;0.0;0.0;0.0;;[];[];[];[];[];[];[];[];1.0;0.0;0.0;1.0;0.0;0.0;;;;;;;
2026-05-06;194152456;Guatemala Liga Nacional;Guatemala;18:00;Schedule;0.014492753623188415;1.75;1.5, 2.0;2.05;1.5, 2.0;0.0;0.0;;0.0;0.0;0.0;0.0;0.0;;Deportivo Mixco;;0.0;0.0;2.875;0;0.0;0 - 0;2.45;CSD Municipal;;0.0;0.0;3.0;0;0.0;0.0;0 - 0;0-0;1.75;0.75;-;nan;;;;;;;;;;;;;;;;0.0;0.0;0.0;0.0;;;0.0;0.0;0.0;0.0;;[];[];[];[];[];[];[];[];1.0;0.0;0.0;1.0;0.0;0.0;;;;;;;
2026-05-06;194152423;El Salvador Clausura;El Salvador;18:00;Schedule;0.1847745750184775;2.025;2.0, 2.5;1.775;2.0, 2.5;0.0;0.0;;0.0;0.0;0.0;0.0;0.0;;CD Aguila;6.0;0.0;0.0;2.05;0;0.0;0 - 0;3.0;Alianza FC San Salvador;3.0;0.0;0.0;3.3;0;0.0;-0.25;0 - 0;0-0;2.25;0.75;-;nan;;;;;;;;;;;;;;;;0.0;0.0;0.0;0.0;;;0.0;0.0;0.0;0.0;;[];[];[];[];[];[];[];[];1.0;0.0;0.0;1.0;0.0;0.0;;;;;;;
2026-05-06;194090772;Brazil Paulista Women;Brazil;18:00;Schedule;0.970296301742519;1.9;4.5, 5.0;1.9;4.5, 5.0;0.0;0.0;;0.0;0.0;0.0;0.0;0.0;;Palmeiras (W);;0.0;0.0;1.015;0;0.0;0 - 0;21.0;Mirassol (W);;0.0;0.0;67.0;0;0.0;-4.25;0 - 0;0-0;4.75;2.0;-;nan;;;;;;;;;;;;;;;;0.0;0.0;0.0;0.0;;;0.0;0.0;0.0;0.0;;[];[];[];[];[];[];[];[];1.0;0.0;0.0;1.0;0.0;0.0;;;;;;;Women
2026-05-06;193720865;Copa Sudamericana;International (South America);19:00;Schedule;0.33502742125362506;1.825;2.0, 2.5;2.025;2.0, 2.5;0.0;0.0;;0.0;0.0;0.0;0.0;0.0;;Montevideo City Torque;;0.0;0.0;1.833;0;0.0;0 - 0;3.4;Palestino;;0.0;0.0;4.75;0;0.0;-0.5;0 - 0;0-0;2.25;1.0;-;nan;;;;;;;;;;;;;;;;0.0;0.0;0.0;0.0;;;0.0;0.0;0.0;0.0;;[];[];[];[];[];[];[];[];1.0;0.0;0.0;1.0;0.0;0.0;;;;;;;
2026-05-06;193720861;Copa Sudamericana;International (South America);19:00;Schedule;-0.02747252747252743;1.975;2.0, 2.5;1.875;2.0, 2.5;0.0;0.0;;0.0;0.0;0.0;0.0;0.0;;Audax Italiano;;0.0;0.0;2.8;0;0.0;0 - 0;3.2;Vasco da Gama;;0.0;0.0;2.6;0;0.0;0.0;0 - 0;0-0;2.25;1.0;-;nan;;;;;;;;;;;;;;;;0.0;0.0;0.0;0.0;;;0.0;0.0;0.0;0.0;;[];[];[];[];[];[];[];[];1.0;0.0;0.0;1.0;0.0;0.0;;;;;;;
2026-05-06;194087213;Brazil Copa Norte;Brazil;19:00;Schedule;-0.14285714285714285;1.975;2.0, 2.5;1.825;2.0, 2.5;0.0;0.0;;0.0;0.0;0.0;0.0;0.0;;Aguia de Maraba;;0.0;0.0;3.0;0;0.0;0 - 0;3.3;Paysandu;;0.0;0.0;2.1;0;0.0;+0.25;0 - 0;0-0;2.25;0.75;-;nan;;;;;;;;;;;;;;;;0.0;0.0;0.0;0.0;;;0.0;0.0;0.0;0.0;;[];[];[];[];[];[];[];[];1.0;0.0;0.0;1.0;0.0;0.0;;;;;;;
2026-05-06;194088836;Argentina Liga Profesional Reserves;Argentina;19:00;Schedule;0.350140056022409;1.85;2.0, 2.5;1.95;2.0, 2.5;0.0;0.0;;0.0;0.0;0.0;0.0;0.0;;CA Talleres de Córdoba Reserves;;0.0;0.0;1.7;0;0.0;0 - 0;3.5;Atletico Tucuman Reserves;;0.0;0.0;4.2;0;0.0;-0.75;0 - 0;0-0;2.25;1.0;-;nan;;;;;;;;;;;;;;;;0.0;0.0;0.0;0.0;;;0.0;0.0;0.0;0.0;;[];[];[];[];[];[];[];[];1.0;0.0;0.0;1.0;0.0;0.0;;;;;;;Youth
2026-05-06;194090257;Argentina Liga Profesional Reserves;Argentina;19:00;Schedule;-0.20979020979020985;1.95;2.5;1.85;2.5;0.0;0.0;;0.0;0.0;0.0;0.0;0.0;;Central Cordoba SdE Reserves;;0.0;0.0;3.3;0;0.0;0 - 0;3.3;Lanus Reserves;;0.0;0.0;1.95;0;0.0;+0.5;0 - 0;0-0;2.5;1.0;-;nan;;;;;;;;;;;;;;;;0.0;0.0;0.0;0.0;;;0.0;0.0;0.0;0.0;;[];[];[];[];[];[];[];[];1.0;0.0;0.0;1.0;0.0;0.0;;;;;;;Youth
2026-05-06;193719218;Copa Libertadores;International (South America);19:00;Schedule;-0.10295126973232671;1.8;2.0;2.05;2.0;0.0;0.0;;0.0;0.0;0.0;0.0;0.0;;Cusco FC;;0.0;0.0;3.1;0;0.0;0 - 0;3.25;Estudiantes LP;;0.0;0.0;2.35;0;0.0;+0.25;0 - 0;0-0;2.0;0.75;-;nan;;;;;;;;;;;;;;;;0.0;0.0;0.0;0.0;;;0.0;0.0;0.0;0.0;;[];[];[];[];[];[];[];[];1.0;0.0;0.0;1.0;0.0;0.0;;;;;;;
2026-05-06;194149286;Mexico Segunda Division;Mexico;19:00;Schedule;-0.08695652173913049;1.85;2.0, 2.5;1.95;2.0, 2.5;0.0;0.0;;0.0;0.0;0.0;0.0;0.0;;Deportiva Venados;;0.0;0.0;2.875;0;0.0;0 - 0;3.0;Alacranes de Durango;;0.0;0.0;2.3;0;0.0;+0.25;0 - 0;0-0;2.25;1.0;-;nan;;;;;;;;;;;;;;;;0.0;0.0;0.0;0.0;;;0.0;0.0;0.0;0.0;;[];[];[];[];[];[];[];[];1.0;0.0;0.0;1.0;0.0;0.0;;;;;;;
2026-05-06;194092852;Brazil Copa Nordeste;Brazil;19:00;Schedule;0.425;2.0;2.5;1.8;2.5;0.0;0.0;;0.0;0.0;0.0;0.0;0.0;;ABC;;0.0;0.0;1.6;0;0.0;0 - 0;3.75;Juazeirense;;0.0;0.0;5.0;0;0.0;-0.75;0 - 0;0-0;2.5;1.0;-;nan;;;;;;;;;;;;;;;;0.0;0.0;0.0;0.0;;;0.0;0.0;0.0;0.0;;[];[];[];[];[];[];[];[];1.0;0.0;0.0;1.0;0.0;0.0;;;;;;;
2026-05-06;193719223;Copa Libertadores;International (South America);19:00;Schedule;-0.013227513227513199;2.05;2.0, 2.5;1.8;2.0, 2.5;0.0;0.0;;0.0;0.0;0.0;0.0;0.0;;Deportivo La Guaira;;0.0;0.0;2.8;0;0.0;0 - 0;3.1;Bolivar;;0.0;0.0;2.7;0;0.0;0.0;0 - 0;0-0;2.25;0.75;-;nan;;;;;;;;;;;;;;;;0.0;0.0;0.0;0.0;;;0.0;0.0;0.0;0.0;;[];[];[];[];[];[];[];[];1.0;0.0;0.0;1.0;0.0;0.0;;;;;;;
2026-05-06;194150706;Brazil Serie D;Brazil;19:30;Schedule;-0.017316017316017285;1.75;1.5, 2.0;2.05;1.5, 2.0;0.0;0.0;;0.0;0.0;0.0;0.0;0.0;;Moto Club;;0.0;0.0;2.75;0;0.0;0 - 0;2.75;Sampaio Correa;;0.0;0.0;2.625;0;0.0;0.0;0 - 0;0-0;1.75;0.75;-;nan;;;;;;;;;;;;;;;;0.0;0.0;0.0;0.0;;;0.0;0.0;0.0;0.0;;[];[];[];[];[];[];[];[];1.0;0.0;0.0;1.0;0.0;0.0;;;;;;;
2026-05-06;194093745;Saint Kitts & Nevis Premier League;Saint Kitts & Nevis;19:30;Schedule;0.11904761904761901;1.8;2.5;2.0;2.5;0.0;0.0;;0.0;0.0;0.0;0.0;0.0;;Cayon;;0.0;0.0;2.1;0;0.0;0 - 0;3.6;St. Peters FC;;0.0;0.0;2.8;0;0.0;-0.25;0 - 0;0-0;2.5;1.0;-;nan;;;;;;;;;;;;;;;;0.0;0.0;0.0;0.0;;;0.0;0.0;0.0;0.0;;[];[];[];[];[];[];[];[];1.0;0.0;0.0;1.0;0.0;0.0;;;;;;;
2026-05-06;194132220;Brazil Campeonato Paulista A4;Brazil;20:00;Schedule;0.1111111111111111;1.825;2.0;1.975;2.0;0.0;0.0;;0.0;0.0;0.0;0.0;0.0;;Penapolense;;0.0;0.0;2.25;0;0.0;0 - 0;3.0;Inter de Bebedouro;;0.0;0.0;3.0;0;0.0;-0.25;0 - 0;0-0;2.0;0.75;-;nan;;;;;;;;;;;;;;;;0.0;0.0;0.0;0.0;;;0.0;0.0;0.0;0.0;;[];[];[];[];[];[];[];[];1.0;0.0;0.0;1.0;0.0;0.0;;;;;;;
2026-05-06;194154308;USA USL Super League Women;USA;20:00;Schedule;-0.17530487804878053;1.975;2.5;1.825;2.5;0.0;0.0;;0.0;0.0;0.0;0.0;0.0;;DC Power (W);5.0;0.0;0.0;3.2;0;0.0;0 - 0;3.2;Sporting JAX (W);1.0;0.0;0.0;2.05;0;0.0;+0.25;0 - 0;0-0;2.5;1.0;-;nan;;;;;;;;;;;;;;;;0.0;0.0;0.0;0.0;;;0.0;0.0;0.0;0.0;;[];[];[];[];[];[];[];[];1.0;0.0;0.0;1.0;0.0;0.0;;;;;;;Women
2026-05-06;194150699;Brazil Paulista Women;Brazil;20:00;Schedule;0.3055555555555556;1.925;2.5, 3.0;1.875;2.5, 3.0;0.0;0.0;;0.0;0.0;0.0;0.0;0.0;;Ferroviaria (W);;0.0;0.0;1.8;0;0.0;0 - 0;3.25;Santos (W);;0.0;0.0;4.0;0;0.0;-0.5;0 - 0;0-0;2.75;1.25;-;nan;;;;;;;;;;;;;;;;0.0;0.0;0.0;0.0;;;0.0;0.0;0.0;0.0;;[];[];[];[];[];[];[];[];1.0;0.0;0.0;1.0;0.0;0.0;;;;;;;Women
2026-05-06;194152598;Brazil Recopa Gaucha;Brazil;20:00;Schedule;-0.40866873065015485;1.85;2.0, 2.5;1.95;2.0, 2.5;0.0;0.0;;0.0;0.0;0.0;0.0;0.0;;Brasil de Pelotas;;0.0;0.0;4.75;0;0.0;0 - 0;3.5;Internacional;;0.0;0.0;1.615;0;0.0;+0.75;0 - 0;0-0;2.25;1.0;-;nan;;;;;;;;;;;;;;;;0.0;0.0;0.0;0.0;;;0.0;0.0;0.0;0.0;;[];[];[];[];[];[];[];[];1.0;0.0;0.0;1.0;0.0;0.0;;;;;;;
2026-05-06;194187314;USA UPSL;USA;20:00;Schedule;0.5513196480938416;1.975;4.0;1.825;4.0;0.0;0.0;;0.0;0.0;0.0;0.0;0.0;;Inter Miami CF Academy;;0.0;0.0;1.364;0;0.0;0 - 0;5.0;Elevate Soccer Project;;0.0;0.0;5.5;0;0.0;-1.5;0 - 0;0-0;4.0;1.75;-;nan;;;;;;;;;;;;;;;;0.0;0.0;0.0;0.0;;;0.0;0.0;0.0;0.0;;[];[];[];[];[];[];[];[];1.0;0.0;0.0;1.0;0.0;0.0;;;;;;;
2026-05-06;194154292;Uruguay Primera Division Amateur;Uruguay;20:00;Schedule;-0.7457869180234218;2.025;3.0;1.775;3.0;0.0;0.0;;0.0;0.0;0.0;0.0;0.0;;Alto Peru;;0.0;0.0;9.0;0;0.0;0 - 0;7.0;CSyD Cooper;;0.0;0.0;1.167;0;0.0;+2.0;0 - 0;0-0;3.0;1.25;-;nan;;;;;;;;;;;;;;;;0.0;0.0;0.0;0.0;;;0.0;0.0;0.0;0.0;;[];[];[];[];[];[];[];[];1.0;0.0;0.0;1.0;0.0;0.0;;;;;;;
2026-05-06;194154305;USA USL League One;USA;20:30;Schedule;-0.050167224080267636;1.85;2.5;1.95;2.5;0.0;0.0;;0.0;0.0;0.0;0.0;0.0;;Fort Wayne FC;;0.0;0.0;2.6;0;0.0;0 - 0;3.4;Portland Hearts of Pine;;0.0;0.0;2.3;0;0.0;0.0;0 - 0;0-0;2.5;1.0;-;nan;;;;;;;;;;;;;;;;0.0;0.0;0.0;0.0;;;0.0;0.0;0.0;0.0;;[];[];[];[];[];[];[];[];1.0;0.0;0.0;1.0;0.0;0.0;;;;;;;
2026-05-06;194154300;USA USL League One;USA;20:30;Schedule;0.033375052148518936;1.9;2.5, 3.0;1.9;2.5, 3.0;0.0;0.0;;0.0;0.0;0.0;0.0;0.0;;Charlotte Independence;;0.0;0.0;2.35;0;0.0;0 - 0;3.4;AC Boise;;0.0;0.0;2.55;0;0.0;0.0;0 - 0;0-0;2.75;1.25;-;nan;;;;;;;;;;;;;;;;0.0;0.0;0.0;0.0;;;0.0;0.0;0.0;0.0;;[];[];[];[];[];[];[];[];1.0;0.0;0.0;1.0;0.0;0.0;;;;;;;
2026-05-06;194187427;Suriname Major League;Suriname;20:30;Schedule;0.4057502538142655;1.85;3.0;1.95;3.0;0.0;0.0;;0.0;0.0;0.0;0.0;0.0;;Robin Hood FC;;0.0;0.0;1.571;0;0.0;0 - 0;4.0;SV Leo Victor;;0.0;0.0;4.333;0;0.0;-1.0;0 - 0;0-0;3.0;1.25;-;nan;;;;;;;;;;;;;;;;0.0;0.0;0.0;0.0;;;0.0;0.0;0.0;0.0;;[];[];[];[];[];[];[];[];1.0;0.0;0.0;1.0;0.0;0.0;;;;;;;
2026-05-06;194085158;Brazil Copa Centro-Oeste;Brazil;20:30;Schedule;0.5;1.8;2.0, 2.5;2.0;2.0, 2.5;0.0;0.0;;0.0;0.0;0.0;0.0;0.0;;Gama;;0.0;0.0;1.5;0;0.0;0 - 0;3.6;Rio Branco ES;;0.0;0.0;6.0;0;0.0;-1.0;0 - 0;0-0;2.25;1.0;-;nan;;;;;;;;;;;;;;;;0.0;0.0;0.0;0.0;;;0.0;0.0;0.0;0.0;;[];[];[];[];[];[];[];[];1.0;0.0;0.0;1.0;0.0;0.0;;;;;;;
2026-05-06;193936431;Nicaragua Clausura;Nicaragua;21:00;Schedule;0.5107025938050869;2.0;3.0, 3.5;1.8;3.0, 3.5;0.0;0.0;;0.0;0.0;0.0;0.0;0.0;;Diriangen;;0.0;0.0;1.444;0;0.0;0 - 0;4.2;Matagalpa FC;;0.0;0.0;5.5;0;0.0;-1.25;0 - 0;0-0;3.25;1.25;-;nan;;;;;;;;;;;;;;;;0.0;0.0;0.0;0.0;;;0.0;0.0;0.0;0.0;;[];[];[];[];[];[];[];[];1.0;0.0;0.0;1.0;0.0;0.0;;;;;;;
2026-05-06;193720876;Copa Sudamericana;International (South America);21:00;Schedule;0.06666666666666671;2.0;2.0;1.85;2.0;0.0;0.0;;0.0;0.0;0.0;0.0;0.0;;Macara;;0.0;0.0;2.5;0;0.0;0 - 0;3.1;Tigre;;0.0;0.0;3.0;0;0.0;0.0;0 - 0;0-0;2.0;0.75;-;nan;;;;;;;;;;;;;;;;0.0;0.0;0.0;0.0;;;0.0;0.0;0.0;0.0;;[];[];[];[];[];[];[];[];1.0;0.0;0.0;1.0;0.0;0.0;;;;;;;
2026-05-06;193720871;Copa Sudamericana;International (South America);21:00;Schedule;-0.03612479474548436;1.85;1.5, 2.0;2.0;1.5, 2.0;0.0;0.0;;0.0;0.0;0.0;0.0;0.0;;Barracas Central;;0.0;0.0;2.9;0;0.0;0 - 0;3.0;Olimpia Asuncion;;0.0;0.0;2.625;0;0.0;0.0;0 - 0;0-0;1.75;0.75;-;nan;;;;;;;;;;;;;;;;0.0;0.0;0.0;0.0;;;0.0;0.0;0.0;0.0;;[];[];[];[];[];[];[];[];1.0;0.0;0.0;1.0;0.0;0.0;;;;;;;
2026-05-06;194156429;Colombia Cup;Colombia;21:00;Schedule;0.19047619047619047;1.825;2.0, 2.5;1.975;2.0, 2.5;0.0;0.0;;0.0;0.0;0.0;0.0;0.0;;Patriotas FC;;0.0;0.0;2.1;0;0.0;0 - 0;3.25;Boyaca Chico;;0.0;0.0;3.5;0;0.0;-0.25;0 - 0;0-0;2.25;1.0;-;nan;;;;;;;;;;;;;;;;0.0;0.0;0.0;0.0;;;0.0;0.0;0.0;0.0;;[];[];[];[];[];[];[];[];1.0;0.0;0.0;1.0;0.0;0.0;;;;;;;
2026-05-06;194152459;Honduras Liga Nacional;Honduras;21:00;Schedule;0.33182503770739064;1.975;2.5, 3.0;1.825;2.5, 3.0;0.0;0.0;;0.0;0.0;0.0;0.0;0.0;;Olancho FC;4.0;0.0;0.0;1.7;0;0.0;0 - 0;3.6;Genesis de Comayagua;6.0;0.0;0.0;3.9;0;0.0;-0.75;0 - 0;0-0;2.75;1.0;-;nan;;;;;;;;;;;;;;;;0.0;0.0;0.0;0.0;;;0.0;0.0;0.0;0.0;;[];[];[];[];[];[];[];[];1.0;0.0;0.0;1.0;0.0;0.0;;;;;;;
2026-05-06;194131167;Brazil Copa Norte;Brazil;21:00;Schedule;0.45231572080887156;1.825;2.0, 2.5;1.975;2.0, 2.5;0.0;0.0;;0.0;0.0;0.0;0.0;0.0;;Nacional AM;;0.0;0.0;1.533;0;0.0;0 - 0;3.7;Porto Velho;;0.0;0.0;5.0;0;0.0;-1.0;0 - 0;0-0;2.25;1.0;-;nan;;;;;;;;;;;;;;;;0.0;0.0;0.0;0.0;;;0.0;0.0;0.0;0.0;;[];[];[];[];[];[];[];[];1.0;0.0;0.0;1.0;0.0;0.0;;;;;;;
2026-05-06;194075277;USA MLS Next Pro League;USA;21:00;Schedule;-0.1399787910922588;1.875;3.0, 3.5;1.925;3.0, 3.5;0.0;0.0;;0.0;0.0;0.0;0.0;0.0;;Sporting Kansas City II;;0.0;0.0;2.875;0;0.0;0 - 0;3.7;Ventura County FC;;0.0;0.0;2.05;0;0.0;+0.25;0 - 0;0-0;3.25;1.25;-;nan;;;;;;;;;;;;;;;;0.0;0.0;0.0;0.0;;;0.0;0.0;0.0;0.0;;[];[];[];[];[];[];[];[];1.0;0.0;0.0;1.0;0.0;0.0;;;;;;;Youth
2026-05-06;193719229;Copa Libertadores;International (South America);21:30;Schedule;-0.03612479474548436;2.025;2.0;1.825;2.0;0.0;0.0;;0.0;0.0;0.0;0.0;0.0;;Independiente Santa Fe;;0.0;0.0;2.9;0;0.0;0 - 0;3.1;Corinthians;;0.0;0.0;2.625;0;0.0;0.0;0 - 0;0-0;2.0;0.75;-;nan;;;;;;;;;;;;;;;;0.0;0.0;0.0;0.0;;;0.0;0.0;0.0;0.0;;[];[];[];[];[];[];[];[];1.0;0.0;0.0;1.0;0.0;0.0;;;;;;;
2026-05-06;193719227;Copa Libertadores;International (South America);21:30;Schedule;0.10897435897435898;1.775;2.0;2.1;2.0;0.0;0.0;;0.0;0.0;0.0;0.0;0.0;;Independiente Rivadavia;;0.0;0.0;2.4;0;0.0;0 - 0;2.9;Fluminense;;0.0;0.0;3.25;0;0.0;-0.25;0 - 0;0-0;2.25;0.75;-;nan;;;;;;;;;;;;;;;;0.0;0.0;0.0;0.0;;;0.0;0.0;0.0;0.0;;[];[];[];[];[];[];[];[];1.0;0.0;0.0;1.0;0.0;0.0;;;;;;;
2026-05-06;193720881;Copa Sudamericana;International (South America);21:30;Schedule;0.12228260869565222;1.925;2.0, 2.5;1.925;2.0, 2.5;0.0;0.0;;0.0;0.0;0.0;0.0;0.0;;Botafogo;;0.0;0.0;2.3;0;0.0;0 - 0;3.25;Racing Club;;0.0;0.0;3.2;0;0.0;-0.25;0 - 0;0-0;2.25;1.0;-;nan;;;;;;;;;;;;;;;;0.0;0.0;0.0;0.0;;;0.0;0.0;0.0;0.0;;[];[];[];[];[];[];[];[];1.0;0.0;0.0;1.0;0.0;0.0;;;;;;;
2026-05-06;194129864;Brazil Copa Nordeste;Brazil;21:30;Schedule;0.16369047619047616;1.95;2.0, 2.5;1.85;2.0, 2.5;0.0;0.0;;0.0;0.0;0.0;0.0;0.0;;Vitoria;;0.0;0.0;2.1;0;0.0;0 - 0;3.1;Ceara;;0.0;0.0;3.2;0;0.0;-0.25;0 - 0;0-0;2.25;1.0;-;nan;;;;;;;;;;;;;;;;0.0;0.0;0.0;0.0;;;0.0;0.0;0.0;0.0;;[];[];[];[];[];[];[];[];1.0;0.0;0.0;1.0;0.0;0.0;;;;;;;
2026-05-06;194129877;Brazil Copa Nordeste;Brazil;21:30;Schedule;0.5328185328185329;2.0;2.5;1.8;2.5;0.0;0.0;;0.0;0.0;0.0;0.0;0.0;;Sport Recife;;0.0;0.0;1.48;0;0.0;0 - 0;3.8;ASA;;0.0;0.0;7.0;0;0.0;-1.0;0 - 0;0-0;2.5;1.0;-;nan;;;;;;;;;;;;;;;;0.0;0.0;0.0;0.0;;;0.0;0.0;0.0;0.0;;[];[];[];[];[];[];[];[];1.0;0.0;0.0;1.0;0.0;0.0;;;;;;;
2026-05-06;194131660;Brazil Copa Sul-Sudeste;Brazil;21:30;Schedule;-0.06441223832528187;1.8;2.0;2.0;2.0;0.0;0.0;;0.0;0.0;0.0;0.0;0.0;;Sao Bernardo;;0.0;0.0;2.7;0;0.0;0 - 0;3.25;Caxias;;0.0;0.0;2.3;0;0.0;0.0;0 - 0;0-0;2.0;0.75;-;nan;;;;;;;;;;;;;;;;0.0;0.0;0.0;0.0;;;0.0;0.0;0.0;0.0;;[];[];[];[];[];[];[];[];1.0;0.0;0.0;1.0;0.0;0.0;;;;;;;
2026-05-06;194131669;Brazil Copa Sul-Sudeste;Brazil;21:30;Schedule;0.13178294573643412;1.85;2.0, 2.5;1.95;2.0, 2.5;0.0;0.0;;0.0;0.0;0.0;0.0;0.0;;America MG;;0.0;0.0;2.15;0;0.0;0 - 0;3.1;Cianorte;;0.0;0.0;3.0;0;0.0;-0.25;0 - 0;0-0;2.25;1.0;-;nan;;;;;;;;;;;;;;;;0.0;0.0;0.0;0.0;;;0.0;0.0;0.0;0.0;;[];[];[];[];[];[];[];[];1.0;0.0;0.0;1.0;0.0;0.0;;;;;;;
2026-05-06;194122541;Aruba Division Di Honor;Aruba;21:30;Schedule;-0.018115942028985532;1.975;3.0;1.825;3.0;0.0;0.0;;0.0;0.0;0.0;0.0;0.0;;SV Caiquetio;;0.0;0.0;2.4;0;0.0;0 - 0;3.75;SV River Plate;;0.0;0.0;2.3;0;0.0;0.0;0 - 0;0-0;3.0;1.25;-;nan;;;;;;;;;;;;;;;;0.0;0.0;0.0;0.0;;;0.0;0.0;0.0;0.0;;[];[];[];[];[];[];[];[];1.0;0.0;0.0;1.0;0.0;0.0;;;;;;;
2026-05-06;194154260;Saint Kitts & Nevis Premier League;Saint Kitts & Nevis;21:30;Schedule;0.5963413930405679;1.8;3.5;2.0;3.5;0.0;0.0;;0.0;0.0;0.0;0.0;0.0;;Old Road Jets;;0.0;0.0;1.333;0;0.0;0 - 0;5.0;Newtown United FC;;0.0;0.0;6.5;0;0.0;-1.75;0 - 0;0-0;3.5;1.5;-;nan;;;;;;;;;;;;;;;;0.0;0.0;0.0;0.0;;;0.0;0.0;0.0;0.0;;[];[];[];[];[];[];[];[];1.0;0.0;0.0;1.0;0.0;0.0;;;;;;;
2026-05-06;194152186;Brazil Copa Sul-Sudeste;Brazil;21:30;Schedule;0.050682261208576995;1.75;2.0;2.05;2.0;0.0;0.0;;0.0;0.0;0.0;0.0;0.0;;Volta Redonda;;0.0;0.0;2.375;0;0.0;0 - 0;3.1;Novorizontino;;0.0;0.0;2.7;0;0.0;0.0;0 - 0;0-0;2.0;0.75;-;nan;;;;;;;;;;;;;;;;0.0;0.0;0.0;0.0;;;0.0;0.0;0.0;0.0;;[];[];[];[];[];[];[];[];1.0;0.0;0.0;1.0;0.0;0.0;;;;;;;
2026-05-06;194152184;Brazil Copa Sul-Sudeste;Brazil;21:30;Schedule;0.28528528528528535;2.05;2.0, 2.5;1.75;2.0, 2.5;0.0;0.0;;0.0;0.0;0.0;0.0;0.0;;Juventude;;0.0;0.0;1.8;0;0.0;0 - 0;3.5;Tombense;;0.0;0.0;3.7;0;0.0;-0.5;0 - 0;0-0;2.25;0.75;-;nan;;;;;;;;;;;;;;;;0.0;0.0;0.0;0.0;;;0.0;0.0;0.0;0.0;;[];[];[];[];[];[];[];[];1.0;0.0;0.0;1.0;0.0;0.0;;;;;;;
2026-05-06;194131674;Brazil Copa Sul-Sudeste;Brazil;21:30;Schedule;0.5403726708074534;1.85;2.5;1.95;2.5;0.0;0.0;;0.0;0.0;0.0;0.0;0.0;;Avai;;0.0;0.0;1.4;0;0.0;0 - 0;4.333;Sampaio Correa RJ;;0.0;0.0;5.75;0;0.0;-1.0;0 - 0;0-0;2.5;1.0;-;nan;;;;;;;;;;;;;;;;0.0;0.0;0.0;0.0;;;0.0;0.0;0.0;0.0;;[];[];[];[];[];[];[];[];1.0;0.0;0.0;1.0;0.0;0.0;;;;;;;
2026-05-06;194132532;Brazil Copa Sul-Sudeste;Brazil;21:30;Schedule;0.1923076923076923;1.9;2.0;1.9;2.0;0.0;0.0;;0.0;0.0;0.0;0.0;0.0;;Operario PR;;0.0;0.0;2.0;0;0.0;0 - 0;2.8;Chapecoense;;0.0;0.0;3.25;0;0.0;-0.25;0 - 0;0-0;2.0;0.75;-;nan;;;;;;;;;;;;;;;;0.0;0.0;0.0;0.0;;;0.0;0.0;0.0;0.0;;[];[];[];[];[];[];[];[];1.0;0.0;0.0;1.0;0.0;0.0;;;;;;;
2026-05-06;194149433;Mexico Liga TDP;Mexico;22:00;Schedule;0.2161421606157069;1.95;3.0;1.85;3.0;0.0;0.0;;0.0;0.0;0.0;0.0;0.0;;Halcones Negros FC;;0.0;0.0;1.909;0;0.0;0 - 0;3.5;Lechuzas UPGCH;;0.0;0.0;3.25;0;0.0;-0.5;0 - 0;0-0;3.0;1.25;-;nan;;;;;;;;;;;;;;;;0.0;0.0;0.0;0.0;;;0.0;0.0;0.0;0.0;;[];[];[];[];[];[];[];[];1.0;0.0;0.0;1.0;0.0;0.0;;;;;;;
2026-05-06;192948106;USA USL Championship;USA;22:00;Schedule;0.09090909090909088;1.875;2.5, 3.0;1.925;2.5, 3.0;0.0;0.0;;0.0;0.0;0.0;0.0;0.0;;New Mexico United;;0.0;0.0;2.2;0;0.0;0 - 0;3.4;El Paso Locomotive FC;;0.0;0.0;2.75;0;0.0;-0.25;0 - 0;0-0;2.75;1.25;-;nan;;;;;;;;;;;;;;;;0.0;0.0;0.0;0.0;;;0.0;0.0;0.0;0.0;;[];[];[];[];[];[];[];[];1.0;0.0;0.0;1.0;0.0;0.0;;;;;;;
2026-05-06;194190377;Panama Liga de Futbol Nacional;Panama;22:00;Schedule;0.3691950464396285;1.9;3.5;1.9;3.5;0.0;0.0;;0.0;0.0;0.0;0.0;0.0;;Olimpo FC;;0.0;0.0;1.615;0;0.0;0 - 0;4.0;Don Bosco Jr;;0.0;0.0;4.0;0;0.0;-0.75;0 - 0;0-0;3.5;1.5;-;nan;;;;;;;;;;;;;;;;0.0;0.0;0.0;0.0;;;0.0;0.0;0.0;0.0;;[];[];[];[];[];[];[];[];1.0;0.0;0.0;1.0;0.0;0.0;;;;;;;
2026-05-06;194133808;Panama Liga Prom;Panama;22:00;Schedule;0.08417508417508418;1.85;3.0;1.95;3.0;0.0;0.0;;0.0;0.0;0.0;0.0;0.0;;Udelas FC;;0.0;0.0;2.2;0;0.0;0 - 0;3.5;Rayados de Chiriqui;;0.0;0.0;2.7;0;0.0;-0.25;0 - 0;0-0;3.0;1.25;-;nan;;;;;;;;;;;;;;;;0.0;0.0;0.0;0.0;;;0.0;0.0;0.0;0.0;;[];[];[];[];[];[];[];[];1.0;0.0;0.0;1.0;0.0;0.0;;;;;;;
2026-05-06;194156433;El Salvador Clausura;El Salvador;22:15;Schedule;-0.17530487804878053;1.825;2.0, 2.5;1.975;2.0, 2.5;0.0;0.0;;0.0;0.0;0.0;0.0;0.0;;AD Isidro Metapan;7.0;0.0;0.0;3.2;0;0.0;0 - 0;3.25;CD Luis Angel Firpo;2.0;0.0;0.0;2.05;0;0.0;+0.25;0 - 0;0-0;2.25;1.0;-;nan;;;;;;;;;;;;;;;;0.0;0.0;0.0;0.0;;;0.0;0.0;0.0;0.0;;[];[];[];[];[];[];[];[];1.0;0.0;0.0;1.0;0.0;0.0;;;;;;;
2026-05-06;193936415;Nicaragua Clausura;Nicaragua;22:30;Schedule;0.5224071702944943;1.875;2.5, 3.0;1.925;2.5, 3.0;0.0;0.0;;0.0;0.0;0.0;0.0;0.0;;Real Esteli;;0.0;0.0;1.42;0;0.0;0 - 0;4.5;Jalapa;;0.0;0.0;5.5;0;0.0;-1.25;0 - 0;0-0;2.75;1.25;-;nan;;;;;;;;;;;;;;;;0.0;0.0;0.0;0.0;;;0.0;0.0;0.0;0.0;;[];[];[];[];[];[];[];[];1.0;0.0;0.0;1.0;0.0;0.0;;;;;;;
2026-05-06;194044973;CONCACAF Champions Cup;International (North & Central America);22:30;Schedule;0.5646376811594204;1.825;3.0;1.975;3.0;0.0;0.0;;0.0;0.0;0.0;0.0;0.0;;Toluca;;0.0;0.0;1.38;0;0.0;0 - 0;4.333;LAFC;;0.0;0.0;6.25;0;0.0;-1.25;0 - 0;0-0;3.0;1.25;-;nan;;;;;;;;;;;;;;;;0.0;0.0;0.0;0.0;;;0.0;0.0;0.0;0.0;;[];[];[];[];[];[];[];[];1.0;0.0;0.0;1.0;0.0;0.0;;;;;;;
2026-05-06;193719235;Copa Libertadores;International (South America);23:00;Schedule;0.15032679738562088;2.05;2.0, 2.5;1.8;2.0, 2.5;0.0;0.0;;0.0;0.0;0.0;0.0;0.0;;Deportes Tolima;;0.0;0.0;2.25;0;0.0;0 - 0;3.2;Nacional De Football;;0.0;0.0;3.4;0;0.0;-0.25;0 - 0;0-0;2.25;0.75;-;nan;;;;;;;;;;;;;;;;0.0;0.0;0.0;0.0;;;0.0;0.0;0.0;0.0;;[];[];[];[];[];[];[];[];1.0;0.0;0.0;1.0;0.0;0.0;;;;;;;
2026-05-06;193720885;Copa Sudamericana;International (South America);23:00;Schedule;-0.13194444444444442;2.1;2.0, 2.5;1.775;2.0, 2.5;0.0;0.0;;0.0;0.0;0.0;0.0;0.0;;Alianza Atletico;;0.0;0.0;3.2;0;0.0;0 - 0;3.3;America de Cali;;0.0;0.0;2.25;0;0.0;+0.25;0 - 0;0-0;2.25;0.75;-;nan;;;;;;;;;;;;;;;;0.0;0.0;0.0;0.0;;;0.0;0.0;0.0;0.0;;[];[];[];[];[];[];[];[];1.0;0.0;0.0;1.0;0.0;0.0;;;;;;;
2026-05-06;193719241;Copa Libertadores;International (South America);23:00;Schedule;-0.10416666666666669;1.925;2.0, 2.5;1.925;2.0, 2.5;0.0;0.0;;0.0;0.0;0.0;0.0;0.0;;Universidad Catolica;;0.0;0.0;3.2;0;0.0;0 - 0;3.1;Cruzeiro;;0.0;0.0;2.4;0;0.0;+0.25;0 - 0;0-0;2.25;1.0;-;nan;;;;;;;;;;;;;;;;0.0;0.0;0.0;0.0;;;0.0;0.0;0.0;0.0;;[];[];[];[];[];[];[];[];1.0;0.0;0.0;1.0;0.0;0.0;;;;;;;
2026-05-06;194156438;El Salvador Clausura;El Salvador;23:00;Schedule;-0.3226285391890487;1.85;2.5;1.95;2.5;0.0;0.0;;0.0;0.0;0.0;0.0;0.0;;CD Cacahuatique;;0.0;0.0;3.9;0;0.0;0 - 0;3.7;CD FAS;;0.0;0.0;1.727;0;0.0;+0.75;0 - 0;0-0;2.5;1.0;-;nan;;;;;;;;;;;;;;;;0.0;0.0;0.0;0.0;;;0.0;0.0;0.0;0.0;;[];[];[];[];[];[];[];[];1.0;0.0;0.0;1.0;0.0;0.0;;;;;;;
2026-05-06;194154296;USA NWSL Women;USA;23:00;Schedule;0.15447154471544722;1.925;2.5;1.875;2.5;0.0;0.0;;0.0;0.0;0.0;0.0;0.0;;Utah Royals (W);;0.0;0.0;2.05;0;0.0;0 - 0;3.3;Houston Dash (W);;0.0;0.0;3.0;0;0.0;-0.25;0 - 0;0-0;2.5;1.0;-;nan;;;;;;;;;;;;;;;;0.0;0.0;0.0;0.0;;;0.0;0.0;0.0;0.0;;[];[];[];[];[];[];[];[];1.0;0.0;0.0;1.0;0.0;0.0;;;;;;;Women
